timestamp,equity,realized_equity,unrealized_pnl,active_positions,gross_exposure_ratio
2024-01-09 21:15:00+00:00,0.999550067496625,0.999550067496625,0.0,3,1.500450112525318
2024-01-09 21:20:00+00:00,0.9516282427094913,0.999550067496625,-0.04792182478713372,3,1.5760093531690658
2024-01-09 21:25:00+00:00,0.9480622929444746,0.999550067496625,-0.05148777455215042,3,1.5819372022401883
2024-01-09 21:30:00+00:00,0.9383693913600719,0.999550067496625,-0.06118067613655305,3,1.5982778477846846
2024-01-09 21:35:00+00:00,0.9366695705612607,0.999550067496625,-0.06288049693536432,3,1.6011783219896016
2024-01-09 21:40:00+00:00,0.9495803533039193,0.999550067496625,-0.04996971419270571,3,1.579408215462507
2024-01-09 21:45:00+00:00,0.9434908607827178,0.9434908607827178,0.0,0,0.0
2024-01-11 08:50:00+00:00,0.9433493371536004,0.9433493371536004,0.0,1,0.5000750112516877
2024-01-11 08:55:00+00:00,0.9444728972450374,0.9433493371536004,0.0011235600914370294,1,0.49948011400582054
2024-01-11 09:00:00+00:00,0.9427650859060531,0.9433493371536004,-0.0005842512475472574,1,0.500384918198348
2024-01-11 09:05:00+00:00,0.9420609882487526,0.9433493371536004,-0.0012883489048477218,1,0.50075890656327
2024-01-11 09:10:00+00:00,0.9413419097902329,0.9433493371536004,-0.002007427363367435,1,0.5011414295752347
2024-01-11 09:15:00+00:00,0.9404280809158642,0.9433493371536004,-0.0029212562377362345,1,0.501628396646701
2024-01-11 09:20:00+00:00,0.9403314996904042,0.9403314996904042,0.0,0,0.0
2024-01-12 14:30:00+00:00,0.9401904499654506,0.9401904499654506,0.0,1,0.5000750112516877
2024-01-12 14:35:00+00:00,0.9366042597583489,0.9401904499654506,-0.0035861902071016743,1,0.5019897624280595
2024-01-12 14:40:00+00:00,0.9364665305282269,0.9401904499654506,-0.003723919437223695,1,0.5020635917228121
2024-01-12 14:45:00+00:00,0.9388898676151843,0.9401904499654506,-0.0013005823502663225,1,0.5007677322575019
2024-01-12 14:50:00+00:00,0.9374759637464631,0.9401904499654506,-0.0027144862189875255,1,0.5015229915509137
2024-01-12 14:55:00+00:00,0.9397371638916312,0.9401904499654506,-0.000453286073819418,1,0.5003162244836161
2024-01-12 15:00:00+00:00,0.9417265587136288,0.9417265587136288,0.0,0,0.0
2024-01-12 22:35:00+00:00,0.9413028453255721,0.9413028453255721,0.0,3,1.5004501125253178
2024-01-12 22:40:00+00:00,0.939543341809471,0.9413028453255721,-0.001759503516101128,3,1.5032600385087622
2024-01-12 22:45:00+00:00,0.9393262680918217,0.9413028453255721,-0.001976577233750299,3,1.5036074345693615
2024-01-12 22:50:00+00:00,0.9472967499991397,0.9413028453255721,0.005993904673567642,3,1.4909561974011196
2024-01-12 22:55:00+00:00,0.9468946689049237,0.9413028453255721,0.005591823579351596,3,1.491589304037967
2024-01-12 23:00:00+00:00,0.9469040593152983,0.9413028453255721,0.005601213989726226,3,1.4915745120054085
2024-01-12 23:05:00+00:00,0.9505386614207081,0.9505386614207081,0.0,0,0.0
2024-01-15 12:25:00+00:00,0.9503960806214949,0.9503960806214949,0.0,1,0.5000750112516877
2024-01-15 12:30:00+00:00,0.948104550348189,0.9503960806214949,-0.0022915302733059655,1,0.5012836722867879
2024-01-15 12:35:00+00:00,0.9447862954719082,0.9503960806214949,-0.0056097851495868056,1,0.5030442683051021
2024-01-15 12:40:00+00:00,0.9457683798747536,0.9503960806214949,-0.004627700746741317,1,0.5025219079255886
2024-01-15 12:45:00+00:00,0.9459171805418514,0.9503960806214949,-0.0044789000796436095,1,0.502442857035438
2024-01-15 12:50:00+00:00,0.9466016636105012,0.9503960806214949,-0.003794417010993693,1,0.5020795430441092
2024-01-15 12:55:00+00:00,0.9475304476143922,0.9475304476143922,0.0,0,0.0
2024-01-17 11:40:00+00:00,0.94738831804725,0.94738831804725,0.0,1,0.5000750112516877
2024-01-17 11:45:00+00:00,0.9475246620824964,0.94738831804725,0.0001363440352464528,1,0.5000030529716678
2024-01-17 11:50:00+00:00,0.9476307074432438,0.94738831804725,0.00024238939599381074,1,0.49994709973618195
2024-01-17 11:55:00+00:00,0.9484942196664717,0.94738831804725,0.001105901619221801,1,0.4994919462701531
2024-01-17 12:00:00+00:00,0.9476155581059942,0.94738831804725,0.00022724005874415814,1,0.4999550922888117
2024-01-17 12:05:00+00:00,0.9500243027286829,0.94738831804725,0.0026359846814329284,1,0.4986874782533837
2024-01-17 12:10:00+00:00,0.9481097007033358,0.9481097007033358,0.0,0,0.0
2024-01-19 16:50:00+00:00,0.9479674842482303,0.9479674842482303,0.0,1,0.5000750112516877
2024-01-19 16:55:00+00:00,0.9445318402731405,0.9479674842482303,-0.003435643975089741,1,0.5018939861408804
2024-01-19 17:00:00+00:00,0.9457481862767438,0.9479674842482303,-0.002219297971486507,1,0.5012484900636652
2024-01-19 17:05:00+00:00,0.9458975621017477,0.9479674842482303,-0.0020699221464826555,1,0.5011693330706302
2024-01-19 17:10:00+00:00,0.9445051660186756,0.9479674842482303,-0.003462318229554703,1,0.5019081603861704
2024-01-19 17:15:00+00:00,0.949989392736676,0.9479674842482303,0.0020219084884457446,1,0.49901067735718324
2024-01-19 17:20:00+00:00,0.9523225470959209,0.9523225470959209,0.0,0,0.0
2024-01-22 14:35:00+00:00,0.9521796987138565,0.9521796987138565,0.0,1,0.5000750112516877
2024-01-22 14:40:00+00:00,0.9507984492280178,0.9521796987138565,-0.0013812494858386833,1,0.5008014831477379
2024-01-22 14:45:00+00:00,0.9496150922155482,0.9521796987138565,-0.002564606498308367,1,0.5014255538389012
2024-01-22 14:50:00+00:00,0.9473483238842296,0.9521796987138565,-0.004831374829626879,1,0.5026253401659574
2024-01-22 14:55:00+00:00,0.9493112573069411,0.9521796987138565,-0.0028684414069154074,1,0.5015860392288628
2024-01-22 15:00:00+00:00,0.9498409694831311,0.9521796987138565,-0.0023387292307254157,1,0.5013063121577817
2024-01-22 15:05:00+00:00,0.9488425859636731,0.9488425859636731,0.0,0,0.0
2024-01-22 18:55:00+00:00,0.9487002595757785,0.9487002595757785,0.0,1,0.5000750112516877
2024-01-22 19:00:00+00:00,0.9463518566173654,0.9487002595757785,-0.002348402958413044,1,0.5013159636814211
2024-01-22 19:05:00+00:00,0.9494629418449828,0.9487002595757785,0.00076268226920423,1,0.4996733122200092
2024-01-22 19:10:00+00:00,0.9468237319781682,0.9487002595757785,-0.0018765275976103976,1,0.5010661192349325
2024-01-22 19:15:00+00:00,0.9427743829517456,0.9487002595757785,-0.0059258766240329235,1,0.5032182689313898
2024-01-22 19:20:00+00:00,0.9357566086905066,0.9487002595757785,-0.0129436508852719,1,0.5069921906784495
2024-01-22 19:25:00+00:00,0.9380120675662253,0.9380120675662253,0.0,0,0.0
2024-01-23 09:35:00+00:00,0.9378713657560904,0.9378713657560904,0.0,1,0.5000750112516877
2024-01-23 09:40:00+00:00,0.9385556279436069,0.9378713657560904,0.0006842621875164974,1,0.49971042719195424
2024-01-23 09:45:00+00:00,0.9405129360613866,0.9378713657560904,0.0026415703052961948,1,0.4986704762905047
2024-01-23 09:50:00+00:00,0.9430431148477849,0.9378713657560904,0.005171749091694452,1,0.49733254651757275
2024-01-23 09:55:00+00:00,0.9413881551384427,0.9378713657560904,0.0035167893823521775,1,0.4982068567817699
2024-01-23 10:00:00+00:00,0.9401787615046926,0.9378713657560904,0.0023073957486021736,1,0.49884772235494895
2024-01-23 10:05:00+00:00,0.9407541480303306,0.9407541480303306,0.0,0,0.0
2024-01-23 14:30:00+00:00,0.9406130349081261,0.9406130349081261,0.0,1,0.5000750112516877
2024-01-23 14:35:00+00:00,0.9370208331843761,0.9406130349081261,-0.003592201723749967,1,0.5019921194458757
2024-01-23 14:40:00+00:00,0.938291063132011,0.9406130349081261,-0.002321971776114996,1,0.501312537758858
2024-01-23 14:45:00+00:00,0.9384260116761948,0.9406130349081261,-0.0021870232319312977,1,0.5012404474754367
2024-01-23 14:50:00+00:00,0.9374470992207663,0.9406130349081261,-0.003165935687359814,1,0.501763858895245
2024-01-23 14:55:00+00:00,0.9390750499125075,0.9406130349081261,-0.0015379849956186395,1,0.5008940170000149
2024-01-23 15:00:00+00:00,0.940268427949454,0.940268427949454,0.0,0,0.0
2024-01-25 10:05:00+00:00,0.9401273876852616,0.9401273876852616,0.0,1,0.5000750112516877
2024-01-25 10:10:00+00:00,0.9405144621667503,0.9401273876852616,0.000387074481488662,1,0.49986920232107357
2024-01-25 10:15:00+00:00,0.9434497769847057,0.9401273876852616,0.0033223892994440787,1,0.4983139807158472
2024-01-25 10:20:00+00:00,0.94364331422545,0.9401273876852616,0.0035159265401883575,1,0.49821177863228644
2024-01-25 10:25:00+00:00,0.9449174343936835,0.9401273876852616,0.0047900467084218395,1,0.4975399932972913
2024-01-25 10:30:00+00:00,0.9443852069816364,0.9401273876852616,0.004257819296374864,1,0.4978203920382552
2024-01-25 10:35:00+00:00,0.9438893484427462,0.9438893484427462,0.0,0,0.0
2024-01-28 10:45:00+00:00,0.9437477650404797,0.9437477650404797,0.0,1,0.5000750112516877
2024-01-28 10:50:00+00:00,0.9441999743484804,0.9437477650404797,0.0004522093080005994,1,0.499835508412321
2024-01-28 10:55:00+00:00,0.9429861493638472,0.9437477650404797,-0.0007616156766326078,1,0.500478903682471
2024-01-28 11:00:00+00:00,0.9428528666204364,0.9437477650404797,-0.0008948984200433522,1,0.5005496519441177
2024-01-28 11:05:00+00:00,0.9425434602518044,0.9437477650404797,-0.0012043047886753605,1,0.5007139661181153
2024-01-28 11:10:00+00:00,0.9412963145813185,0.9437477650404797,-0.002451450459161293,1,0.5013773738520272
2024-01-28 11:15:00+00:00,0.9402883933468824,0.9402883933468824,0.0,0,0.0
2024-01-29 15:50:00+00:00,0.9401473500878804,0.9401473500878804,0.0,1,0.5000750112516877
2024-01-29 15:55:00+00:00,0.9420208019792435,0.9401473500878804,0.001873451891363166,1,0.4990804828148586
2024-01-29 16:00:00+00:00,0.9436242367830614,0.9401473500878804,0.003476886695181023,1,0.4982324301845238
2024-01-29 16:05:00+00:00,0.944174271591024,0.9401473500878804,0.004026921503143496,1,0.4979421816707664
2024-01-29 16:10:00+00:00,0.9436664616774101,0.9401473500878804,0.0035191115895296795,1,0.49821013649010953
2024-01-29 16:15:00+00:00,0.9427552929046237,0.9401473500878804,0.0026079428167432783,1,0.49869165435807805
2024-01-29 16:20:00+00:00,0.9452844186224578,0.9452844186224578,0.0,0,0.0
2024-01-30 14:20:00+00:00,0.9451426259596645,0.9451426259596645,0.0,1,0.5000750112516877
2024-01-30 14:25:00+00:00,0.9458721997327202,0.9451426259596645,0.0007295737730557381,1,0.499689291475937
2024-01-30 14:30:00+00:00,0.9474484393658651,0.9451426259596645,0.0023058134062006143,1,0.49885797440077284
2024-01-30 14:35:00+00:00,0.9476375881218425,0.9451426259596645,0.002494962162178016,1,0.4987584021946362
2024-01-30 14:40:00+00:00,0.9459712776525178,0.9451426259596645,0.0008286516928532949,1,0.4996369556633028
2024-01-30 14:45:00+00:00,0.9455299305552372,0.9451426259596645,0.0003873045955727254,1,0.49987017231033865
2024-01-30 14:50:00+00:00,0.9462122860434883,0.9462122860434883,0.0,0,0.0
2024-01-30 18:35:00+00:00,0.9460703542005817,0.9460703542005817,0.0,1,0.5000750112516877
2024-01-30 18:40:00+00:00,0.9452372458215393,0.9460703542005817,-0.0008331083790424038,1,0.5005157648126219
2024-01-30 18:45:00+00:00,0.9446904563126213,0.9460703542005817,-0.0013798978879604649,1,0.5008054647534004
2024-01-30 18:50:00+00:00,0.9443643709327574,0.9460703542005817,-0.0017059832678243232,1,0.5009783909514215
2024-01-30 18:55:00+00:00,0.9451716310804691,0.9460703542005817,-0.0008987231201125964,1,0.5005505111076121
2024-01-30 19:00:00+00:00,0.9453823935820884,0.9460703542005817,-0.0006879606184932856,1,0.5004389189321875
2024-01-30 19:05:00+00:00,0.9450018626807449,0.9450018626807449,0.0,0,0.0
2024-01-31 21:35:00+00:00,0.9448601124013428,0.9448601124013428,0.0,1,0.5000750112516877
2024-01-31 21:40:00+00:00,0.9451122053321324,0.9448601124013428,0.0002520929307895283,1,0.4999416245760213
2024-01-31 21:45:00+00:00,0.9454903447283166,0.9448601124013428,0.0006302323269737683,1,0.49974167792918495
2024-01-31 21:50:00+00:00,0.9446237752787278,0.9448601124013428,-0.00023633712261509753,1,0.5002001259188642
2024-01-31 21:55:00+00:00,0.944639531086902,0.9448601124013428,-0.00022058131444077167,1,0.5001917829933636
2024-01-31 22:00:00+00:00,0.9459315073571981,0.9448601124013428,0.0010713949558553116,1,0.49950860888488086
2024-01-31 22:05:00+00:00,0.9445450482320229,0.9445450482320229,0.0,0,0.0
2024-02-01 12:15:00+00:00,0.9444033664747881,0.9444033664747881,0.0,1,0.5000750112516877
2024-02-01 12:20:00+00:00,0.9441278125614715,0.9444033664747881,-0.0002755539133165945,1,0.5002209635522861
2024-02-01 12:25:00+00:00,0.9437716087223061,0.9444033664747881,-0.0006317577524819368,1,0.5004097598945384
2024-02-01 12:30:00+00:00,0.944827898723353,0.9444033664747881,0.0004245322485649912,1,0.4998503163953391
2024-02-01 12:35:00+00:00,0.9440449223599047,0.9444033664747881,-0.00035844411488334126,1,0.5002648845729015
2024-02-01 12:40:00+00:00,0.9445389031557284,0.9444033664747881,0.00013553668094029833,1,0.5000032529503411
2024-02-01 12:45:00+00:00,0.944444267188572,0.944444267188572,0.0,0,0.0
2024-02-04 14:15:00+00:00,0.9443026005484937,0.9443026005484937,0.0,1,0.5000750112516877
2024-02-04 14:20:00+00:00,0.9463903555355152,0.9443026005484937,0.0020877549870215576,1,0.49897183633816616
2024-02-04 14:25:00+00:00,0.9474186527679288,0.9443026005484937,0.0031160522194350728,1,0.4984302686195448
2024-02-04 14:30:00+00:00,0.9487429749611886,0.9443026005484937,0.004440374412694968,1,0.49773452458354567
2024-02-04 14:35:00+00:00,0.9493506051439785,0.9443026005484937,0.005048004595484834,1,0.49741595047771503
2024-02-04 14:40:00+00:00,0.9472940106791514,0.9443026005484937,0.002991410130657699,1,0.4984958505709667
2024-02-04 14:45:00+00:00,0.9464823928118945,0.9464823928118945,0.0,0,0.0
2024-02-04 20:55:00+00:00,0.9463404204529727,0.9463404204529727,0.0,1,0.5000750112516877
2024-02-04 21:00:00+00:00,0.9453233589103697,0.9463404204529727,-0.0010170615426030277,1,0.500613035682764
2024-02-04 21:05:00+00:00,0.9460389929393384,0.9463404204529727,-0.00030142751363441375,1,0.5002343454529176
2024-02-04 21:10:00+00:00,0.9456022306236641,0.9463404204529727,-0.0007381898293086237,1,0.5004653976903427
2024-02-04 21:15:00+00:00,0.945220832545188,0.9463404204529727,-0.0011195879077847853,1,0.5006673362579777
2024-02-04 21:20:00+00:00,0.945782677026384,0.9463404204529727,-0.000557743426588808,1,0.5003699136189037
2024-02-04 21:25:00+00:00,0.9456591594131949,0.9456591594131949,0.0,0,0.0
2024-02-05 00:25:00+00:00,0.9455173105392829,0.9455173105392829,0.0,1,0.5000750112516877
2024-02-05 00:30:00+00:00,0.9462740602585676,0.9455173105392829,0.0007567497192847029,1,0.4996750936799405
2024-02-05 00:35:00+00:00,0.9446833414608874,0.9455173105392829,-0.0008339690783955261,1,0.5005164788609474
2024-02-05 00:40:00+00:00,0.9439883672288911,0.9455173105392829,-0.0015289433103917278,1,0.5008849643927331
2024-02-05 00:45:00+00:00,0.9437258214079148,0.9455173105392829,-0.001791489131368107,1,0.5010243112784578
2024-02-05 00:50:00+00:00,0.9434787194587605,0.9455173105392829,-0.0020385910805223737,1,0.5011555321330857
2024-02-05 00:55:00+00:00,0.9439237377140899,0.9439237377140899,0.0,0,0.0
2024-02-06 16:25:00+00:00,0.9437821491534327,0.9437821491534327,0.0,1,0.5000750112516877
2024-02-06 16:30:00+00:00,0.9439863420572724,0.9437821491534327,0.00020419290383961157,1,0.4999668404401667
2024-02-06 16:35:00+00:00,0.9438762380404961,0.9437821491534327,9.408888706345008e-05,1,0.5000251620242566
2024-02-06 16:40:00+00:00,0.9426931203329548,0.9437821491534327,-0.0010890288204779457,1,0.5006527136745733
2024-02-06 16:45:00+00:00,0.9424288706926919,0.9437821491534327,-0.00135327846074088,1,0.5007930927563261
2024-02-06 16:50:00+00:00,0.9414019004998514,0.9437821491534327,-0.0023802486535813225,1,0.501339405206692
2024-02-06 16:55:00+00:00,0.9418108320230756,0.9418108320230756,0.0,0,0.0
2024-02-07 14:50:00+00:00,0.9416695603982721,0.9416695603982721,0.0,1,0.5000750112516877
2024-02-07 14:55:00+00:00,0.9394697442847163,0.9416695603982721,-0.0021998161135557913,1,0.501245962284896
2024-02-07 15:00:00+00:00,0.9389309471663541,0.9416695603982721,-0.0027386132319180763,1,0.5015335977930075
2024-02-07 15:05:00+00:00,0.938728490067333,0.9416695603982721,-0.0029410703309390588,1,0.5016417643591075
2024-02-07 15:10:00+00:00,0.9382963638936163,0.9416695603982721,-0.0033731965046558334,1,0.5018727921500599
2024-02-07 15:15:00+00:00,0.9387622329171699,0.9416695603982721,-0.0029073274811022374,1,0.5016237333581435
2024-02-07 15:20:00+00:00,0.93889852344425,0.93889852344425,0.0,0,0.0
2024-02-08 02:40:00+00:00,0.9387576886657333,0.9387576886657333,0.0,1,0.5000750112516877
2024-02-08 02:45:00+00:00,0.9389380610767434,0.9387576886657333,0.00018037241101009416,1,0.49997894555874745
2024-02-08 02:50:00+00:00,0.9388929679739909,0.9387576886657333,0.00013527930825759667,1,0.5000029585216039
2024-02-08 02:55:00+00:00,0.938051230055944,0.9387576886657333,-0.0007064586097892488,1,0.5004516242616384
2024-02-08 03:00:00+00:00,0.938682533494479,0.9387576886657333,-7.515517125417984e-05,1,0.5001150495199729
2024-02-08 03:05:00+00:00,0.938321788672459,0.9387576886657333,-0.00043589999327426395,1,0.5003073224872072
2024-02-08 03:10:00+00:00,0.9380757366541865,0.9380757366541865,0.0,0,0.0
2024-02-08 13:50:00+00:00,0.9379350252936884,0.9379350252936884,0.0,1,0.5000750112516877
2024-02-08 13:55:00+00:00,0.9403360102516772,0.9379350252936884,0.0024009849579887496,1,0.4987981564181054
2024-02-08 14:00:00+00:00,0.9393219578925266,0.9379350252936884,0.0013869325988381846,1,0.49933663786528737
2024-02-08 14:05:00+00:00,0.9425687443698069,0.9379350252936884,0.004633719076118384,1,0.4976166153702538
2024-02-08 14:10:00+00:00,0.9421822221701306,0.9379350252936884,0.004247196876442204,1,0.497820758331395
2024-02-08 14:15:00+00:00,0.9440830019285383,0.9379350252936884,0.0061479766348498995,1,0.49681846550457937
2024-02-08 14:20:00+00:00,0.94270087220908,0.94270087220908,0.0,0,0.0
2024-02-09 08:55:00+00:00,0.9425594670782487,0.9425594670782487,0.0,1,0.5000750112516877
2024-02-09 09:00:00+00:00,0.9428658419438608,0.9425594670782487,0.000306374865612185,1,0.49991251685688354
2024-02-09 09:05:00+00:00,0.9424135742851001,0.9425594670782487,-0.00014589279314857232,1,0.5001524266690438
2024-02-09 09:10:00+00:00,0.9419613066263394,0.9425594670782487,-0.0005981604519092773,1,0.5003925668589241
2024-02-09 09:15:00+00:00,0.9418737709504502,0.9425594670782487,-0.0006856961277984207,1,0.5004390722430858
2024-02-09 09:20:00+00:00,0.9411734855433368,0.9425594670782487,-0.0013859815349118293,1,0.5008114267397055
2024-02-09 09:25:00+00:00,0.940988312574561,0.940988312574561,0.0,0,0.0
2024-02-12 15:10:00+00:00,0.9408471643276748,0.9408471643276748,0.0,1,0.5000750112516877
2024-02-12 15:15:00+00:00,0.9407770446672806,0.9408471643276748,-7.011966039419983e-05,1,0.5001122837278386
2024-02-12 15:20:00+00:00,0.9372579142112486,0.9408471643276748,-0.00358925011642622,1,0.5019900596766108
2024-02-12 15:25:00+00:00,0.9391073202541446,0.9408471643276748,-0.0017398440735301984,1,0.501001478893758
2024-02-12 15:30:00+00:00,0.9400101108817195,0.9408471643276748,-0.0008370534459553262,1,0.5005203144527477
2024-02-12 15:35:00+00:00,0.9430427861937669,0.9408471643276748,0.0021956218660921577,1,0.498910720887067
2024-02-12 15:40:00+00:00,0.9454960653814648,0.9454960653814648,0.0,0,0.0
2024-02-12 17:30:00+00:00,0.9453542409716575,0.9453542409716575,0.0,1,0.5000750112516877
2024-02-12 17:35:00+00:00,0.9482285985060805,0.9453542409716575,0.002874357534423023,1,0.4985591379921884
2024-02-12 17:40:00+00:00,0.945457356937018,0.9453542409716575,0.00010311596536044976,1,0.5000204707510935
2024-02-12 17:45:00+00:00,0.9424111394603275,0.9453542409716575,-0.0029431015113300066,1,0.5016367197881935
2024-02-12 17:50:00+00:00,0.9442844128310427,0.9453542409716575,-0.0010698281406148894,1,0.5006415718262199
2024-02-12 17:55:00+00:00,0.9457280363460892,0.9453542409716575,0.0003737953744316173,1,0.4998773585239576
2024-02-12 18:00:00+00:00,0.9441254024270087,0.9441254024270087,0.0,0,0.0
2024-02-12 20:55:00+00:00,0.9439837836166447,0.9439837836166447,0.0,1,0.5000750112516877
2024-02-12 21:00:00+00:00,0.943573257061195,0.9439837836166447,-0.0004105265554496983,1,0.5002925821401156
2024-02-12 21:05:00+00:00,0.9427575586444972,0.9439837836166447,-0.0012262249721475367,1,0.500725448324423
2024-02-12 21:10:00+00:00,0.9423987941329955,0.9439837836166447,-0.0015849894836491693,1,0.5009160709376764
2024-02-12 21:15:00+00:00,0.9445852942652818,0.9439837836166447,0.000601510648637076,1,0.4997565641551561
2024-02-12 21:20:00+00:00,0.9447387954990586,0.9439837836166447,0.0007550118824138595,1,0.49967536366931675
2024-02-12 21:25:00+00:00,0.9438742929714897,0.9438742929714897,0.0,0,0.0
2024-02-12 22:40:00+00:00,0.943732711827544,0.943732711827544,0.0,1,0.5000750112516877
2024-02-12 22:45:00+00:00,0.9441408944048659,0.943732711827544,0.00040818257732185334,1,0.4998588126862441
2024-02-12 22:50:00+00:00,0.944181712662598,0.943732711827544,0.00044900083505396534,1,0.4998372031109132
2024-02-12 22:55:00+00:00,0.9435836364514787,0.943732711827544,-0.00014907537606529826,1,0.500154017359343
2024-02-12 23:00:00+00:00,0.9430760702901134,0.943732711827544,-0.0006566415374306663,1,0.5004232016411628
2024-02-12 23:05:00+00:00,0.9433351774913699,0.943732711827544,-0.000397534336174216,1,0.5002857496958576
2024-02-12 23:10:00+00:00,0.9435982295110301,0.9435982295110301,0.0,0,0.0
2024-02-13 00:10:00+00:00,0.9434566897766035,0.9434566897766035,0.0,1,0.5000750112516877
2024-02-13 00:15:00+00:00,0.9424519038355978,0.9434566897766035,-0.0010047859410056445,1,0.5006081613665201
2024-02-13 00:20:00+00:00,0.9463459705115284,0.9434566897766035,0.002889280734924906,1,0.49854823654027236
2024-02-13 00:25:00+00:00,0.9477760185520467,0.9434566897766035,0.004319328775443256,1,0.49779600403510993
2024-02-13 00:30:00+00:00,0.9506319453968137,0.9434566897766035,0.007175255620210274,1,0.49630050519560037
2024-02-13 00:35:00+00:00,0.9488933738723351,0.9434566897766035,0.005436684095731668,1,0.4972098317328869
2024-02-13 00:40:00+00:00,0.9488935881710794,0.9488935881710794,0.0,0,0.0
2024-02-13 14:30:00+00:00,0.9487512541328538,0.9487512541328538,0.0,1,0.5000750112516877
2024-02-13 14:35:00+00:00,0.9504475510707499,0.9487512541328538,0.001696296937896077,1,0.4991825099144504
2024-02-13 14:40:00+00:00,0.949964140350013,0.9487512541328538,0.0012128862171592496,1,0.49943653021547785
2024-02-13 14:45:00+00:00,0.9483530942005436,0.9487512541328538,-0.0003981599323102367,1,0.5002849645210423
2024-02-13 14:50:00+00:00,0.9467333292204395,0.9487512541328538,-0.0020179249124142973,1,0.5011409014999074
2024-02-13 14:55:00+00:00,0.9467730483377745,0.9487512541328538,-0.001978205795079202,1,0.5011198775868345
2024-02-13 15:00:00+00:00,0.9460562402366292,0.9460562402366292,0.0,0,0.0
2024-02-14 08:55:00+00:00,0.9459143318005937,0.9459143318005937,0.0,1,0.5000750112516877
2024-02-14 09:00:00+00:00,0.9512286514593885,0.9459143318005937,0.005314319658794794,1,0.4972811945819631
2024-02-14 09:05:00+00:00,0.9513058616316107,0.9459143318005937,0.005391529831016943,1,0.4972408340962087
2024-02-14 09:10:00+00:00,0.9529903616085037,0.9459143318005937,0.007076029807909969,1,0.496361914216965
2024-02-14 09:15:00+00:00,0.9531579641774734,0.9459143318005937,0.0072436323768796974,1,0.4962746343167931
2024-02-14 09:20:00+00:00,0.9554205988585656,0.9459143318005937,0.009506267057971824,1,0.49509935277032757
2024-02-14 09:25:00+00:00,0.955678865095632,0.955678865095632,0.0,0,0.0
2024-02-15 00:25:00+00:00,0.9555355132658677,0.9555355132658677,0.0,1,0.5000750112516877
2024-02-15 00:30:00+00:00,0.9548038829555705,0.9555355132658677,-0.0007316303102972374,1,0.5004581999275878
2024-02-15 00:35:00+00:00,0.9558119272110298,0.9555355132658677,0.0002764139451620718,1,0.499930393149735
2024-02-15 00:40:00+00:00,0.9562388636015773,0.9555355132658677,0.0007033503357096088,1,0.4997071869136148
2024-02-15 00:45:00+00:00,0.9557188769720644,0.9555355132658677,0.00018336370619667546,1,0.49997906713082874
2024-02-15 00:50:00+00:00,0.9557252627727777,0.9555355132658677,0.00018974950690993394,1,0.4999757264566749
2024-02-15 00:55:00+00:00,0.9552817783094875,0.9552817783094875,0.0,0,0.0
2024-02-15 14:35:00+00:00,0.955138486042741,0.955138486042741,0.0,1,0.5000750112516877
2024-02-15 14:40:00+00:00,0.9530582670615613,0.955138486042741,-0.002080218981179693,1,0.5011665138033908
2024-02-15 14:45:00+00:00,0.9534318020351383,0.955138486042741,-0.0017066840076026394,1,0.5009701670693175
2024-02-15 14:50:00+00:00,0.9548409242841287,0.955138486042741,-0.0002975617586122588,1,0.5002308520792033
2024-02-15 14:55:00+00:00,0.9542349474504808,0.955138486042741,-0.0009035385922602428,1,0.500548518403043
2024-02-15 15:00:00+00:00,0.9536371106041505,0.955138486042741,-0.0015013754385905607,1,0.5008623131834158
2024-02-15 15:05:00+00:00,0.9515158014192127,0.9515158014192127,0.0,0,0.0
2024-02-16 01:40:00+00:00,0.9513730740489997,0.9513730740489997,0.0,1,0.5000750112516877
2024-02-16 01:45:00+00:00,0.9538208400006976,0.9513730740489997,0.002447765951697777,1,0.4987916815795914
2024-02-16 01:50:00+00:00,0.9530093523754065,0.9513730740489997,0.001636278326406742,1,0.4992164027811106
2024-02-16 01:55:00+00:00,0.9560690598150287,0.9513730740489997,0.004695985766028963,1,0.49761876072179506
2024-02-16 02:00:00+00:00,0.9565080613172353,0.9513730740489997,0.005134987268235526,1,0.49739037228230587
2024-02-16 02:05:00+00:00,0.9569337597436175,0.9513730740489997,0.005560685694617735,1,0.49716910482609766
2024-02-16 02:10:00+00:00,0.9596245875240113,0.9596245875240113,0.0,0,0.0
2024-02-17 21:25:00+00:00,0.9593367217393072,0.9593367217393072,0.0,2,1.0002250450084391
2024-02-17 21:30:00+00:00,0.958054359317089,0.9593367217393072,-0.0012823624222181587,2,1.0015638531867084
2024-02-17 21:35:00+00:00,0.9613795329659838,0.9593367217393072,0.0020428112266766157,2,0.9980996919287427
2024-02-17 21:40:00+00:00,0.9598837819982061,0.9593367217393072,0.0005470602588989006,2,0.9996549933184935
2024-02-17 21:45:00+00:00,0.9596558836663367,0.9593367217393072,0.0003191619270295448,2,0.9998923906077717
2024-02-17 21:50:00+00:00,0.9583889369325088,0.9593367217393072,-0.0009477848067984049,2,1.0012142030261355
2024-02-17 21:55:00+00:00,0.9558557920651647,0.9558557920651647,0.0,0,0.0
2024-02-18 22:15:00+00:00,0.955712413696355,0.955712413696355,0.0,1,0.5000750112516877
2024-02-18 22:20:00+00:00,0.9563883600230627,0.955712413696355,0.0006759463267077436,1,0.49972157337951856
2024-02-18 22:25:00+00:00,0.9560051103466208,0.955712413696355,0.00029269665026584535,1,0.49992190508197076
2024-02-18 22:30:00+00:00,0.9558322363875575,0.955712413696355,0.00011982269120261625,1,0.5000123220774056
2024-02-18 22:35:00+00:00,0.9565603193050939,0.955712413696355,0.0008479056087389225,1,0.4996317392506721
2024-02-18 22:40:00+00:00,0.9569042378691563,0.955712413696355,0.0011918241728013862,1,0.4994521678541594
2024-02-18 22:45:00+00:00,0.954763204862282,0.954763204862282,0.0,0,0.0
2024-02-21 07:55:00+00:00,0.9546199903815527,0.9546199903815527,0.0,1,0.5000750112516877
2024-02-21 08:00:00+00:00,0.9569759514475031,0.9546199903815527,0.0023559610659505082,1,0.4988438860026345
2024-02-21 08:05:00+00:00,0.9552855161063974,0.9546199903815527,0.0006655257248447991,1,0.49972662034789117
2024-02-21 08:10:00+00:00,0.9551790319904223,0.9546199903815527,0.0005590416088696355,1,0.4997823302678275
2024-02-21 08:15:00+00:00,0.9549128217004844,0.9546199903815527,0.00029283131893177944,1,0.49992165942544575
2024-02-21 08:20:00+00:00,0.9540077067146955,0.9546199903815527,-0.0006122836668571642,1,0.5003959601910283
2024-02-21 08:25:00+00:00,0.9555016855170844,0.9555016855170844,0.0,0,0.0
2024-02-22 00:50:00+00:00,0.9553583602642568,0.9553583602642568,0.0,1,0.5000750112516877
2024-02-22 00:55:00+00:00,0.9560577027777052,0.9553583602642568,0.0006993425134483329,1,0.49970921354484915
2024-02-22 01:00:00+00:00,0.9574563878046017,0.9553583602642568,0.0020980275403448927,1,0.4989792212405625
2024-02-22 01:05:00+00:00,0.9594669975307656,0.9553583602642568,0.004108637266508837,1,0.49793358603063675
2024-02-22 01:10:00+00:00,0.9578809886163382,0.9553583602642568,0.0025226283520814147,1,0.4987580382492554
2024-02-22 01:15:00+00:00,0.9550336655258701,0.9553583602642568,-0.0003246947383867146,1,0.5002450280069219
2024-02-22 01:20:00+00:00,0.9542784155737752,0.9542784155737752,0.0,0,0.0
2024-02-22 20:30:00+00:00,0.9538490546973394,0.9538490546973394,0.0,3,1.5004501125253178
2024-02-22 20:35:00+00:00,0.9498017377529302,0.9538490546973394,-0.004047316944409219,3,1.5068438649509888
2024-02-22 20:40:00+00:00,0.9517640370893298,0.9538490546973394,-0.0020850176080096238,3,1.5037371298769322
2024-02-22 20:45:00+00:00,0.95102510713977,0.9538490546973394,-0.0028239475575694627,3,1.5049055074446633
2024-02-22 20:50:00+00:00,0.9464251356367585,0.9538490546973394,-0.00742391906058089,3,1.5122198973401864
2024-02-22 20:55:00+00:00,0.9516277653522932,0.9538490546973394,-0.0022212893450461206,3,1.5039524628865348
2024-02-22 21:00:00+00:00,0.9531243566161639,0.9531243566161639,0.0,0,0.0
2024-02-22 22:35:00+00:00,0.9529813879626715,0.9529813879626715,0.0,1,0.5000750112516877
2024-02-22 22:40:00+00:00,0.9534905632831424,0.9529813879626715,0.0005091753204709373,1,0.49980796523789517
2024-02-22 22:45:00+00:00,0.9524648064557211,0.9529813879626715,-0.0005165815069504413,1,0.5003462333495015
2024-02-22 22:50:00+00:00,0.953376693166019,0.9529813879626715,0.0003953052033474725,1,0.49986766167472735
2024-02-22 22:55:00+00:00,0.9534202045115864,0.9529813879626715,0.00043881654891488243,1,0.4998448491577887
2024-02-22 23:00:00+00:00,0.9530221219883093,0.9529813879626715,4.073402563772154e-05,1,0.5000536370696419
2024-02-22 23:05:00+00:00,0.9524477429723814,0.9524477429723814,0.0,0,0.0
2024-02-26 19:15:00+00:00,0.9523048758109356,0.9523048758109356,0.0,1,0.5000750112516877
2024-02-26 19:20:00+00:00,0.9547269089656534,0.9523048758109356,0.002422033154717821,1,0.4988063780480739
2024-02-26 19:25:00+00:00,0.9572629721484583,0.9523048758109356,0.004958096337522779,1,0.49748489740218943
2024-02-26 19:30:00+00:00,0.9560210171913858,0.9523048758109356,0.0037161413804502152,1,0.49813117381587385
2024-02-26 19:35:00+00:00,0.9566150340818861,0.9523048758109356,0.004310158270950443,1,0.49782185573034393
2024-02-26 19:40:00+00:00,0.9569677316106204,0.9523048758109356,0.004662855799684891,1,0.4976383798068971
2024-02-26 19:45:00+00:00,0.9582763164345931,0.9582763164345931,0.0,0,0.0
2024-02-27 01:45:00+00:00,0.9581325749871279,0.9581325749871279,0.0,1,0.5000750112516877
2024-02-27 01:50:00+00:00,0.9610071591801689,0.9581325749871279,0.0028745841930409542,1,0.4985791766900543
2024-02-27 01:55:00+00:00,0.9630632853738024,0.9581325749871279,0.004930710386674479,1,0.4975147173545551
2024-02-27 02:00:00+00:00,0.9637975541622422,0.9581325749871279,0.005664979175114302,1,0.4971356859623657
2024-02-27 02:05:00+00:00,0.9627516985002209,0.9581325749871279,0.0046191235130930075,1,0.49767573400670206
2024-02-27 02:10:00+00:00,0.9719777945062672,0.9581325749871279,0.013845219519139333,1,0.49295175355387927
2024-02-27 02:15:00+00:00,0.9692163761487141,0.9692163761487141,0.0,0,0.0
2024-02-28 08:55:00+00:00,0.9690709936922919,0.9690709936922919,0.0,1,0.5000750112516877
2024-02-28 09:00:00+00:00,0.9714856254672782,0.9690709936922919,0.002414631774986328,1,0.49883207262203566
2024-02-28 09:05:00+00:00,0.971161271945265,0.9690709936922919,0.002090278252973183,1,0.4989986751671763
2024-02-28 09:10:00+00:00,0.9746210428467379,0.9690709936922919,0.0055500491544460484,1,0.4972272983752549
2024-02-28 09:15:00+00:00,0.9728070657421463,0.9690709936922919,0.0037360720498544296,1,0.49815446982249617
2024-02-28 09:20:00+00:00,0.9751135796764615,0.9690709936922919,0.006042585984169673,1,0.49697614531750034
2024-02-28 09:25:00+00:00,0.9737428616924343,0.9737428616924343,0.0,0,0.0
2024-02-28 13:10:00+00:00,0.9735968002631804,0.9735968002631804,0.0,1,0.5000750112516877
2024-02-28 13:15:00+00:00,0.973493540323037,0.9735968002631804,-0.00010325994014332531,1,0.5001280549685592
2024-02-28 13:20:00+00:00,0.973685702840645,0.9734507254965393,0.00023497734410576115,2,1.0001043630495126
2024-02-28 13:25:00+00:00,0.976682603939258,0.9734507254965393,0.0032318784427187,2,0.9970355934694441
2024-02-28 13:30:00+00:00,0.9767901923917566,0.9734507254965393,0.003339466895217209,2,0.9969257750893837
2024-02-28 13:35:00+00:00,0.9791106164087606,0.9734507254965393,0.005659890912221318,2,0.9945631303862014
2024-02-28 13:40:00+00:00,0.9770001426811518,0.9771301602749578,-0.00013001759380604778,1,0.49837852374045166
2024-02-28 13:45:00+00:00,0.977035602024917,0.9771301602749578,-9.455825004074727e-05,1,0.4983604361954718
2024-02-28 13:50:00+00:00,0.9779178482274693,0.9779178482274693,0.0,0,0.0
2024-02-28 20:35:00+00:00,0.9777711605502352,0.9777711605502352,0.0,1,0.5000750112516877
2024-02-28 20:40:00+00:00,0.9773480821349888,0.9777711605502352,-0.0004230784152463125,1,0.5002914857576821
2024-02-28 20:45:00+00:00,0.9750498684108688,0.9777711605502352,-0.0027212921393663706,1,0.5014706836591213
2024-02-28 20:50:00+00:00,0.9765019253044962,0.9777711605502352,-0.0012692352457389375,1,0.5007249975070616
2024-02-28 20:55:00+00:00,0.9781117265403282,0.9777711605502352,0.00034056599009305873,1,0.4999008915302832
2024-02-28 21:00:00+00:00,0.9779774416131182,0.9777711605502352,0.00020628106288299872,1,0.4999695323311596
2024-02-28 21:05:00+00:00,0.975671678811042,0.975671678811042,0.0,0,0.0
2024-02-29 00:00:00+00:00,0.9755253280592203,0.9755253280592203,0.0,1,0.5000750112516877
2024-02-29 00:05:00+00:00,0.9740751499248138,0.9755253280592203,-0.001450178134406531,1,0.5008195101201132
2024-02-29 00:10:00+00:00,0.972596376728602,0.9755253280592203,-0.00292895133061827,1,0.5015809754981733
2024-02-29 00:15:00+00:00,0.9694672599653474,0.9755253280592203,-0.006058068093872833,1,0.5031999114884583
2024-02-29 00:20:00+00:00,0.9717806463153026,0.9753795390939283,-0.0035988927786257115,2,1.0020770229765008
2024-02-29 00:25:00+00:00,0.971559453726026,0.9753795390939283,-0.003820085367902251,2,1.0023051634269042
2024-02-29 00:30:00+00:00,0.9714025417960874,0.9689422747449629,0.0024602670511245585,1,0.5002696582837526
2024-02-29 00:35:00+00:00,0.9718521915289708,0.9689422747449629,0.002909916784008017,1,0.5000381970387426
2024-02-29 00:40:00+00:00,0.9773988201959944,0.9689422747449629,0.008456545451031618,1,0.49720053636124584
2024-02-29 00:45:00+00:00,0.9758421214372146,0.9689422747449629,0.006899846692251736,1,0.49799368869686983
2024-02-29 00:50:00+00:00,0.9738749664653062,0.9738749664653062,0.0,0,0.0
2024-02-29 07:25:00+00:00,0.9737288852203364,0.9737288852203364,0.0,1,0.5000750112516877
2024-02-29 07:30:00+00:00,0.9721693184979296,0.9737288852203364,-0.0015595667224067764,1,0.5008772381183619
2024-02-29 07:35:00+00:00,0.9734467525469361,0.9737288852203364,-0.0002821326734002154,1,0.5002199472735667
2024-02-29 07:40:00+00:00,0.9737523962764532,0.9737288852203364,2.3511056116720658e-05,1,0.5000629370409366
2024-02-29 07:45:00+00:00,0.9757116509528434,0.9737288852203364,0.0019827657325070455,1,0.4990587975014219
2024-02-29 07:50:00+00:00,0.9777257647601727,0.9737288852203364,0.003996879539836349,1,0.49803073702583106
2024-02-29 07:55:00+00:00,0.9787003771900983,0.9787003771900983,0.0,0,0.0
2024-02-29 11:35:00+00:00,0.9785535721335198,0.9785535721335198,0.0,1,0.5000750112516877
2024-02-29 11:40:00+00:00,0.9786007965184818,0.9785535721335198,4.7224384961914993e-05,1,0.5000508791081976
2024-02-29 11:45:00+00:00,0.9779757678939861,0.9785535721335198,-0.000577804239533648,1,0.5003704638294222
2024-02-29 11:50:00+00:00,0.9787410807208685,0.9785535721335198,0.00018750858734874497,1,0.4999792061804843
2024-02-29 11:55:00+00:00,0.9786160749959694,0.9785535721335198,6.250286244954543e-05,1,0.5000430721486612
2024-02-29 12:00:00+00:00,0.9781910555313125,0.9785535721335198,-0.0003625166022073635,1,0.5002603385381137
2024-02-29 12:05:00+00:00,0.9762469459411846,0.9762469459411846,0.0,0,0.0
2024-03-04 08:10:00+00:00,0.9761005088992933,0.9761005088992933,0.0,1,0.5000750112516877
2024-03-04 08:15:00+00:00,0.9766631581677347,0.9761005088992933,0.0005626492684413761,1,0.4997869213028722
2024-03-04 08:20:00+00:00,0.9756817230984187,0.9761005088992933,-0.0004187858008746667,1,0.5002896553401507
2024-03-04 08:25:00+00:00,0.9763144210709631,0.9761005088992933,0.0002139121716697696,1,0.4999654439551838
2024-03-04 08:30:00+00:00,0.9773395424288596,0.9761005088992933,0.0012390335295662644,1,0.4994410353616924
2024-03-04 08:35:00+00:00,0.9778215980269888,0.9761005088992933,0.0017210891276954723,1,0.4991948162686417
2024-03-04 08:40:00+00:00,0.9793390060105153,0.9793390060105153,0.0,0,0.0
2024-03-05 04:05:00+00:00,0.9791921051596136,0.9791921051596136,0.0,1,0.5000750112516877
2024-03-05 04:10:00+00:00,0.9782042773765749,0.9791921051596136,-0.0009878277830387724,1,0.5005800059661278
2024-03-05 04:15:00+00:00,0.977721484724997,0.9791921051596136,-0.0014706204346166562,1,0.5008271891897585
2024-03-05 04:20:00+00:00,0.9756856436251183,0.9791921051596136,-0.003506461534495321,1,0.5018722025937693
2024-03-05 04:25:00+00:00,0.9769115967810221,0.9791921051596136,-0.0022805083785915536,1,0.50124238940222
2024-03-05 04:30:00+00:00,0.9765858098697947,0.9791921051596136,-0.0026062952898189343,1,0.501409602777808
2024-03-05 04:35:00+00:00,0.9774725301428675,0.9774725301428675,0.0,0,0.0
2024-03-05 08:15:00+00:00,0.9773259092633461,0.9773259092633461,0.0,1,0.5000750112516877
2024-03-05 08:20:00+00:00,0.9778962532233311,0.9773259092633461,0.0005703439599850231,1,0.49978334967586446
2024-03-05 08:25:00+00:00,0.9792530250662853,0.9773259092633461,0.0019271158029392655,1,0.4990908912825175
2024-03-05 08:30:00+00:00,0.9783284210692992,0.9773259092633461,0.00100251180595309,1,0.49956257484296723
2024-03-05 08:35:00+00:00,0.9772590261443271,0.9773259092633461,-6.688311901892307e-05,1,0.5001092361353687
2024-03-05 08:40:00+00:00,0.979615369875915,0.9773259092633461,0.002289460612568967,1,0.4989062851610225
2024-03-05 08:45:00+00:00,0.9792710395566564,0.9792710395566564,0.0,0,0.0
2024-03-07 11:25:00+00:00,0.9791241489007229,0.9791241489007229,0.0,1,0.5000750112516877
2024-03-07 11:30:00+00:00,0.9843505954601544,0.9791241489007229,0.005226446559431513,1,0.4974198441455082
2024-03-07 11:35:00+00:00,0.9813763347536358,0.9791241489007229,0.0022521858529129368,1,0.498927376215207
2024-03-07 11:40:00+00:00,0.9794679940691065,0.9791241489007229,0.0003438451683836379,1,0.4998994584235306
2024-03-07 11:45:00+00:00,0.9804823373158382,0.9791241489007229,0.0013581884151153698,1,0.4993822949618359
2024-03-07 11:50:00+00:00,0.9720134308185487,0.9791241489007229,-0.007110718082174088,1,0.503733286242761
2024-03-07 11:55:00+00:00,0.9719903244232334,0.9719903244232334,0.0,0,0.0
2024-03-11 07:05:00+00:00,0.9718445258745699,0.9718445258745699,0.0,1,0.5000750112516877
2024-03-11 07:10:00+00:00,0.971257342292853,0.9718445258745699,-0.0005871835817169152,1,0.5003773367255325
2024-03-11 07:15:00+00:00,0.9747890970148851,0.9718445258745699,0.002944571140315232,1,0.4985644214732077
2024-03-11 07:20:00+00:00,0.9746086153245047,0.9718445258745699,0.0027640894499348294,1,0.4986567475086399
2024-03-11 07:25:00+00:00,0.9755481090552518,0.9718445258745699,0.003703583180681894,1,0.49817652015364783
2024-03-11 07:30:00+00:00,0.9769289176042577,0.9718445258745699,0.005084391729687771,1,0.49747238868047056
2024-03-11 07:35:00+00:00,0.9795558617372596,0.9795558617372596,0.0,0,0.0
2024-03-12 14:35:00+00:00,0.979408928357999,0.979408928357999,0.0,1,0.5000750112516877
2024-03-12 14:40:00+00:00,0.9785545641235518,0.979408928357999,-0.0008543642344471699,1,0.5005116207365528
2024-03-12 14:45:00+00:00,0.9791453479026908,0.979408928357999,-0.0002635804553081197,1,0.5002096286498465
2024-03-12 14:50:00+00:00,0.9816811736623796,0.979408928357999,0.002272245304380586,1,0.4989175141674608
2024-03-12 14:55:00+00:00,0.9818720422679476,0.979408928357999,0.0024631139099485833,1,0.4988205283219298
2024-03-12 15:00:00+00:00,0.9842169994220683,0.979408928357999,0.004808071064069291,1,0.4976320579264808
2024-03-12 15:05:00+00:00,0.9819068885130373,0.9819068885130373,0.0,0,0.0
2024-03-12 17:35:00+00:00,0.9816123385393883,0.9816123385393883,0.0,2,1.0002250450084391
2024-03-12 17:40:00+00:00,0.9835480737040163,0.9816123385393883,0.0019357351646279194,2,0.9982564876557996
2024-03-12 17:45:00+00:00,0.9836689358497024,0.9816123385393883,0.0020565973103140824,2,0.9981338331562561
2024-03-12 17:50:00+00:00,0.9873952943422374,0.9816123385393883,0.005782955802849087,2,0.9943669481941944
2024-03-12 17:55:00+00:00,0.9864849973471785,0.9816123385393883,0.004872658807790187,2,0.9952845184029265
2024-03-12 18:00:00+00:00,0.9903617034391979,0.9816123385393883,0.008749364899809604,2,0.9913885422738151
2024-03-12 18:05:00+00:00,0.9913703409891198,0.9913703409891198,0.0,0,0.0
2024-03-14 15:45:00+00:00,0.9912216354379715,0.9912216354379715,0.0,1,0.5000750112516877
2024-03-14 15:50:00+00:00,0.9920823806302185,0.9912216354379715,0.0008607451922469704,1,0.499641138853486
2024-03-14 15:55:00+00:00,0.9901116595482681,0.9912216354379715,-0.001109975889703437,1,0.5006356260067809
2024-03-14 16:00:00+00:00,0.9899382258155018,0.9912216354379715,-0.0012834096224696285,1,0.5007233356265428
2024-03-14 16:05:00+00:00,0.9928095176135195,0.9912216354379715,0.0015878821755480666,1,0.49927520002635595
2024-03-14 16:10:00+00:00,0.9906576546329022,0.9912216354379715,-0.0005639808050692494,1,0.5003597036538731
2024-03-14 16:15:00+00:00,0.9888272842210805,0.9888272842210805,0.0,0,0.0
2024-03-14 19:00:00+00:00,0.988530658284428,0.988530658284428,0.0,2,1.0002250450084391
2024-03-14 19:05:00+00:00,0.9893324410965006,0.988530658284428,0.0008017828120726046,2,0.9994144345240568
2024-03-14 19:10:00+00:00,0.9892439623455559,0.988530658284428,0.0007133040611279401,2,0.9995038229299593
2024-03-14 19:15:00+00:00,0.9872692564395916,0.988530658284428,-0.0012614018448363785,2,1.0015030000432947
2024-03-14 19:20:00+00:00,0.9859918052736087,0.988530658284428,-0.0025388530108192615,2,1.0028005475161013
2024-03-14 19:25:00+00:00,0.9837955960256269,0.988530658284428,-0.004735062258801083,2,1.0050391831079184
2024-03-14 19:30:00+00:00,0.9805440698451381,0.9805440698451381,0.0,0,0.0
2024-03-14 19:50:00+00:00,0.9803969882346614,0.9803969882346614,0.0,1,0.5000750112516877
2024-03-14 19:55:00+00:00,0.9840499292330497,0.9803969882346614,0.003652940998388322,1,0.4982186577714385
2024-03-14 20:00:00+00:00,0.9803969882346614,0.9803969882346614,0.0,1,0.5000750112516877
2024-03-14 20:05:00+00:00,0.9852929438783347,0.9803969882346614,0.004895955643673236,1,0.4975901207540856
2024-03-14 20:10:00+00:00,0.988641473126857,0.9803969882346614,0.008244484892195664,1,0.49590478272365585
2024-03-14 20:15:00+00:00,0.9883962525505764,0.9803969882346614,0.007999264315915041,1,0.49602781643233895
2024-03-14 20:20:00+00:00,0.9894752738215031,0.9894752738215031,0.0,0,0.0
2024-03-15 03:00:00+00:00,0.989030076734525,0.989030076734525,0.0,3,1.5004501125253178
2024-03-15 03:05:00+00:00,0.9999870971840151,0.989030076734525,0.010957020449490054,3,1.4840094378279378
2024-03-15 03:10:00+00:00,0.9902294499469615,0.989030076734525,0.0011993732124364535,3,1.498632756283634
2024-03-15 03:15:00+00:00,0.9892035395169156,0.989030076734525,0.00017346278239061512,3,1.5001869995855035
2024-03-15 03:20:00+00:00,0.98149225246787,0.989030076734525,-0.007537824266655099,3,1.511973513999614
2024-03-15 03:25:00+00:00,0.9620525915460748,0.989030076734525,-0.02697748518845018,3,1.542525120734182
2024-03-15 03:30:00+00:00,0.9532497009732024,0.9532497009732024,0.0,0,0.0
2024-03-15 09:20:00+00:00,0.9528208029489021,0.9528208029489021,0.0,3,1.5004501125253176
2024-03-15 09:25:00+00:00,0.9566306353127105,0.9528208029489021,0.0038098323638084365,3,1.4944744901816842
2024-03-15 09:30:00+00:00,0.9558270162911343,0.9528208029489021,0.003006213342232135,3,1.495730981269612
2024-03-15 09:35:00+00:00,0.957853285792385,0.9528208029489021,0.005032482843482933,3,1.4925668703202872
2024-03-15 09:40:00+00:00,0.9721600172567527,0.9528208029489021,0.019339214307850548,3,1.4706016042866765
2024-03-15 09:45:00+00:00,0.9683214832560515,0.9528208029489021,0.015500680307149298,3,1.4764312325218765
2024-03-15 09:50:00+00:00,0.970419247902731,0.970419247902731,0.0,0,0.0
2024-03-15 11:35:00+00:00,0.9699826247411989,0.9699826247411989,0.0,3,1.5004501125253178
2024-03-15 11:40:00+00:00,0.9737580753039778,0.9699826247411989,0.00377545056277894,3,1.494632573892853
2024-03-15 11:45:00+00:00,0.9701153770221542,0.9699826247411989,0.0001327522809553359,3,1.50024478831377
2024-03-15 11:50:00+00:00,0.9758191870343573,0.9699826247411989,0.005836562293158376,3,1.491475631734316
2024-03-15 11:55:00+00:00,0.9769857394553644,0.9699826247411989,0.007003114714165469,3,1.4896947618210639
2024-03-15 12:00:00+00:00,0.9789740792567323,0.9699826247411989,0.008991454515533438,3,1.4866691256478701
2024-03-15 12:05:00+00:00,0.9786895250812775,0.9786895250812775,0.0,0,0.0
2024-03-15 15:45:00+00:00,0.9785427216525153,0.9785427216525153,0.0,1,0.5000750112516877
2024-03-15 15:50:00+00:00,0.9821913521067097,0.9785427216525153,0.0036486304541943717,1,0.4982173397180085
2024-03-15 15:55:00+00:00,0.9830232069055215,0.9785427216525153,0.004480485253006147,1,0.49779573778431635
2024-03-15 16:00:00+00:00,0.9809394518154285,0.9785427216525153,0.0023967301629132295,1,0.4988531775687138
2024-03-15 16:05:00+00:00,0.9831714582558048,0.9785427216525153,0.004628736603289453,1,0.49772067570875256
2024-03-15 16:10:00+00:00,0.9775379069450396,0.9785427216525153,-0.0010048147074756862,1,0.5005890401426155
2024-03-15 16:15:00+00:00,0.9752826398678041,0.9752826398678041,0.0,0,0.0
2024-03-15 18:45:00+00:00,0.9751363474718239,0.9751363474718239,0.0,1,0.5000750112516877
2024-03-15 18:50:00+00:00,0.9775554224113406,0.9751363474718239,0.0024190749395167454,1,0.49883751729496306
2024-03-15 18:55:00+00:00,0.9826292878531249,0.9751363474718239,0.007492940381301039,1,0.49626173976486493
2024-03-15 19:00:00+00:00,0.9819770241914227,0.9751363474718239,0.0068406767195988765,1,0.49659137425891864
2024-03-15 19:05:00+00:00,0.9826419531669444,0.9751363474718239,0.007505605695120543,1,0.496255343426249
2024-03-15 19:10:00+00:00,0.9837044322706878,0.9751363474718239,0.008568084798863989,1,0.4957193481463514
2024-03-15 19:15:00+00:00,0.9821368102127462,0.9821368102127462,0.0,0,0.0
2024-03-15 23:00:00+00:00,0.9819894896912144,0.9819894896912144,0.0,1,0.5000750112516877
2024-03-15 23:05:00+00:00,0.9763273932369425,0.9819894896912144,-0.0056620964542718295,1,0.5029751377540187
2024-03-15 23:10:00+00:00,0.9779818497895383,0.9819894896912144,-0.00400763990167606,1,0.5021242523182318
2024-03-15 23:15:00+00:00,0.9811702927574047,0.9819894896912144,-0.000819196933809606,1,0.5004925329794817
2024-03-15 23:20:00+00:00,0.9841418894780863,0.9819894896912144,0.002152399786872027,1,0.49898130580215244
2024-03-15 23:25:00+00:00,0.9869528593490015,0.9819894896912144,0.004963369657787148,1,0.49756014226483325
2024-03-15 23:30:00+00:00,0.9861228747159616,0.9861228747159616,0.0,0,0.0
2024-03-16 05:35:00+00:00,0.9859749562847542,0.9859749562847542,0.0,1,0.5000750112516877
2024-03-16 05:40:00+00:00,0.9874700083592268,0.9859749562847542,0.0014950520744726197,1,0.4993178862994008
2024-03-16 05:45:00+00:00,0.9909627816631942,0.9859749562847542,0.004987825378440022,1,0.49755797743528296
2024-03-16 05:50:00+00:00,0.9897501571036567,0.9859749562847542,0.003775200818902435,1,0.4981675767557796
2024-03-16 05:55:00+00:00,0.9900170381498796,0.9859749562847542,0.004042081865125437,1,0.4980332846386183
2024-03-16 06:00:00+00:00,0.9915198634587082,0.9859749562847542,0.005544907173954072,1,0.49727842631214647
2024-03-16 06:05:00+00:00,0.99022409742093,0.99022409742093,0.0,0,0.0
2024-03-16 23:25:00+00:00,0.989927052471746,0.989927052471746,0.0,2,1.000225045008439
2024-03-16 23:30:00+00:00,0.9834763497228957,0.989927052471746,-0.0064507027488503385,2,1.0067856038354233
2024-03-16 23:35:00+00:00,0.9872011942310096,0.989927052471746,-0.002725858240736364,2,1.002986864683557
2024-03-16 23:40:00+00:00,0.9875921323519351,0.989927052471746,-0.0023349201198108026,2,1.00258983256134
2024-03-16 23:45:00+00:00,0.9884371607150715,0.989927052471746,-0.001489891756674422,2,1.0017327048866849
2024-03-16 23:50:00+00:00,0.9857384819010775,0.989927052471746,-0.00418857057066848,2,1.0044751714511928
2024-03-16 23:55:00+00:00,0.9843550933336652,0.9843550933336652,0.0,0,0.0
2024-03-17 22:40:00+00:00,0.9842074400696652,0.9842074400696652,0.0,1,0.5000750112516877
2024-03-17 22:45:00+00:00,0.9854397287520702,0.9842074400696652,0.0012322886824049511,1,0.4994496693269214
2024-03-17 22:50:00+00:00,0.9824542622377506,0.9842074400696652,-0.0017531778319146735,1,0.500967389103481
2024-03-17 22:55:00+00:00,0.9776770335100712,0.9842074400696652,-0.006530406559594033,1,0.5034152688437502
2024-03-17 23:00:00+00:00,0.9775034037935679,0.9842074400696652,-0.0067040362760972735,1,0.5035046883281975
2024-03-17 23:05:00+00:00,0.9801247302079988,0.9842074400696652,-0.0040827098616663966,1,0.5021580738630932
2024-03-17 23:10:00+00:00,0.9772930509097195,0.9772930509097195,0.0,0,0.0
2024-03-19 09:15:00+00:00,0.9769998849835402,0.9769998849835402,0.0,2,1.0002250450084391
2024-03-19 09:20:00+00:00,0.9734216859371276,0.9769998849835402,-0.0035781990464125316,2,1.0039017704748556
2024-03-19 09:25:00+00:00,0.9820900228190022,0.9769998849835402,0.005090137835461934,2,0.9950409139947057
2024-03-19 09:30:00+00:00,0.9769544571975548,0.9769998849835402,-4.542778598531986e-05,2,1.0002715548625547
2024-03-19 09:35:00+00:00,0.9824160355052464,0.9769998849835402,0.005416150521706145,2,0.9947107117692021
2024-03-19 09:40:00+00:00,0.9759602843964554,0.9769998849835402,-0.001039600587084774,2,1.0012904926097732
2024-03-19 09:45:00+00:00,0.9766842898714598,0.9766842898714598,0.0,0,0.0
2024-03-19 15:35:00+00:00,0.9765377872279791,0.9765377872279791,0.0,1,0.5000750112516877
2024-03-19 15:40:00+00:00,0.9800975611325923,0.9765377872279791,0.0035597739046131934,1,0.4982587084202168
2024-03-19 15:45:00+00:00,0.9826965469325487,0.9765377872279791,0.0061587597045695925,1,0.4969409391536706
2024-03-19 15:50:00+00:00,0.987103757536213,0.9765377872279791,0.0105659703082339,1,0.49472220241023096
2024-03-19 15:55:00+00:00,0.9824509522204032,0.9765377872279791,0.0059131649924241666,1,0.4970651652706375
2024-03-19 16:00:00+00:00,0.9822971181699386,0.9765377872279791,0.005759330941959516,1,0.49714300887447593
2024-03-19 16:05:00+00:00,0.984172048926424,0.984172048926424,0.0,0,0.0
2024-03-21 20:15:00+00:00,0.9838768194556171,0.9838768194556171,0.0,2,1.0002250450084391
2024-03-21 20:20:00+00:00,0.9877993998346828,0.9838768194556171,0.0039225803790657165,2,0.9962531220280679
2024-03-21 20:25:00+00:00,0.9840105529383043,0.9838768194556171,0.0001337334826872019,2,1.0000891078700207
2024-03-21 20:30:00+00:00,0.9859067364413178,0.9838768194556171,0.0020299169857006544,2,0.9981656475691695
2024-03-21 20:35:00+00:00,0.9829378471582131,0.9838768194556171,-0.0009389722974040508,2,1.0011805312694961
2024-03-21 20:40:00+00:00,0.9834583199653301,0.9838768194556171,-0.00041849949028707355,2,1.0006506793876602
2024-03-21 20:45:00+00:00,0.982350591350736,0.982350591350736,0.0,0,0.0
2024-03-27 13:05:00+00:00,0.9822032387620334,0.9822032387620334,0.0,1,0.5000750112516877
2024-03-27 13:10:00+00:00,0.9827789387286145,0.9822032387620334,0.0005756999665811384,1,0.4997820733834443
2024-03-27 13:15:00+00:00,0.9849805927524348,0.9822032387620334,0.002777353990401321,1,0.4986649476035109
2024-03-27 13:20:00+00:00,0.984305132502836,0.9822032387620334,0.002101893740802602,1,0.4990071467233285
2024-03-27 13:25:00+00:00,0.9859601833092886,0.9822032387620334,0.0037569445472551847,1,0.4981695041951708
2024-03-27 13:30:00+00:00,0.987944997273494,0.9822032387620334,0.00574175851146062,1,0.49716866529098414
2024-03-27 13:35:00+00:00,0.9849946578438925,0.9849946578438925,0.0,0,0.0
2024-03-29 04:30:00+00:00,0.984846908645216,0.984846908645216,0.0,1,0.5000750112516877
2024-03-29 04:35:00+00:00,0.9852855432671386,0.984846908645216,0.0004386346219225774,1,0.49985238521703995
2024-03-29 04:40:00+00:00,0.9909309333085489,0.984846908645216,0.0060840246633328664,1,0.4970046976710899
2024-03-29 04:45:00+00:00,0.989281992044655,0.984846908645216,0.004435083399438944,1,0.49783310813537535
2024-03-29 04:50:00+00:00,0.9878198766382466,0.984846908645216,0.002972967993030608,1,0.4985699726938231
2024-03-29 04:55:00+00:00,0.9877711394580329,0.984846908645216,0.002924230812816891,1,0.49859457241499094
2024-03-29 05:00:00+00:00,0.9880214105644342,0.9880214105644342,0.0,0,0.0
2024-03-31 05:15:00+00:00,0.9878732073528494,0.9878732073528494,0.0,1,0.5000750112516877
2024-03-31 05:20:00+00:00,0.9878773576453963,0.9878732073528494,4.1502925468486565e-06,1,0.5000729103253166
2024-03-31 05:25:00+00:00,0.9909236723747831,0.9878732073528494,0.003050465021933653,1,0.49853557751658434
2024-03-31 05:30:00+00:00,0.9908752522950699,0.9878732073528494,0.003002044942220418,1,0.49855993894083755
2024-03-31 05:35:00+00:00,0.9902153557801209,0.9878732073528494,0.002342148427271482,1,0.49889218784435113
2024-03-31 05:40:00+00:00,0.9907853292898882,0.9878732073528494,0.0029121219370386972,1,0.49860518790309755
2024-03-31 05:45:00+00:00,0.9912638202528775,0.9912638202528775,0.0,0,0.0
2024-03-31 18:40:00+00:00,0.9911151306798396,0.9911151306798396,0.0,1,0.5000750112516877
2024-03-31 18:45:00+00:00,0.9911241986186189,0.9911151306798396,9.067938779263187e-06,1,0.5000704359930134
2024-03-31 18:50:00+00:00,0.9928666379317357,0.9911151306798396,0.0017515072518960748,1,0.49919283334859704
2024-03-31 18:55:00+00:00,0.9921272521543523,0.9911151306798396,0.0010121214745126832,1,0.4995648582882892
2024-03-31 19:00:00+00:00,0.9905571036780407,0.9911151306798396,-0.0005580270017988432,1,0.500356726821812
2024-03-31 19:05:00+00:00,0.9893392097466149,0.9911151306798396,-0.0017759209332247037,1,0.5009726747344602
2024-03-31 19:10:00+00:00,0.990577217273047,0.990577217273047,0.0,0,0.0
2024-04-01 13:25:00+00:00,0.9904286306904561,0.9904286306904561,0.0,1,0.5000750112516877
2024-04-01 13:30:00+00:00,0.9906797487952235,0.9904286306904561,0.0002511181047674659,1,0.4999482519339367
2024-04-01 13:35:00+00:00,0.9896334233586921,0.9904286306904561,-0.0007952073317639537,1,0.5004768401572128
2024-04-01 13:40:00+00:00,0.9913996206955572,0.9904286306904561,0.0009709900051011028,1,0.499585231119045
2024-04-01 13:45:00+00:00,0.9907969372441151,0.9904286306904561,0.00036830655365900866,1,0.4998891195749559
2024-04-01 13:50:00+00:00,0.9903365540520414,0.9904286306904561,-9.207663841475217e-05,1,0.5001215057749918
2024-04-01 13:55:00+00:00,0.9892839422922871,0.9892839422922871,0.0,0,0.0
2024-04-03 14:05:00+00:00,0.9886905054668892,0.9886905054668892,0.0,4,2.0007502250590763
2024-04-03 14:10:00+00:00,0.9891607882421718,0.9886905054668892,0.000470282775282648,4,1.999798996118673
2024-04-03 14:15:00+00:00,0.9979329325632914,0.9886905054668892,0.009242427096402168,4,1.9822201340180674
2024-04-03 14:20:00+00:00,0.9912775493410231,0.9886905054668892,0.0025870438741339183,4,1.9955286515281798
2024-04-03 14:25:00+00:00,0.9931788012189979,0.9886905054668892,0.004488295752108767,4,1.9917085915433979
2024-04-03 14:30:00+00:00,0.9981297965747564,0.9886905054668892,0.009439291107867186,4,1.9818291750380543
2024-04-03 14:35:00+00:00,0.9962342596066942,0.9962342596066942,0.0,0,0.0
2024-04-04 02:35:00+00:00,0.9960848244677531,0.9960848244677531,0.0,1,0.5000750112516877
2024-04-04 02:40:00+00:00,0.9954744500206157,0.9960848244677531,-0.0006103744471373621,1,0.5003816318872185
2024-04-04 02:45:00+00:00,0.9947781073414871,0.9960848244677531,-0.0013067171262660733,1,0.5007318980255299
2024-04-04 02:50:00+00:00,0.995706564246992,0.9960848244677531,-0.0003782602207611619,1,0.500264985377545
2024-04-04 02:55:00+00:00,0.9973313638316254,0.9960848244677531,0.0012465393638722395,1,0.4994499800844946
2024-04-04 03:00:00+00:00,0.9962309704621383,0.9960848244677531,0.0001461459943850723,1,0.5000016507941699
2024-04-04 03:05:00+00:00,0.9941558469265946,0.9941558469265946,0.0,0,0.0
2024-04-04 20:30:00+00:00,0.9940067235495557,0.9940067235495557,0.0,1,0.5000750112516877
2024-04-04 20:35:00+00:00,0.9973372666109692,0.9940067235495557,0.0033305430614135475,1,0.49840504321312223
2024-04-04 20:40:00+00:00,0.9954791267686844,0.9940067235495557,0.0014724032191287865,1,0.4993353553045431
2024-04-04 20:45:00+00:00,0.9959864379695667,0.9940067235495557,0.001979714420010985,1,0.4990810160795443
2024-04-04 20:50:00+00:00,0.9953530494288202,0.9940067235495557,0.0013463258792645297,1,0.49939860409182824
2024-04-04 20:55:00+00:00,0.9961770549000757,0.9940067235495557,0.0021703313505200108,1,0.4989855177031337
2024-04-04 21:00:00+00:00,0.9961645153078896,0.9961645153078896,0.0,0,0.0
2024-04-05 08:25:00+00:00,0.9960150906305935,0.9960150906305935,0.0,1,0.5000750112516877
2024-04-05 08:30:00+00:00,0.9942656768353803,0.9960150906305935,-0.001749413795213172,1,0.5009548949122699
2024-04-05 08:35:00+00:00,0.9949239158643873,0.9960150906305935,-0.0010911747662061667,1,0.5006234644799067
2024-04-05 08:40:00+00:00,0.9936582414898202,0.9960150906305935,-0.0023568491407732666,1,0.5012611347208834
2024-04-05 08:45:00+00:00,0.9932488668811761,0.9960150906305935,-0.0027662237494173367,1,0.5014677330747271
2024-04-05 08:50:00+00:00,0.9935279189975,0.9960150906305935,-0.0024871716330934104,1,0.5013268858680137
2024-04-05 08:55:00+00:00,0.9920583348358532,0.9920583348358532,0.0,0,0.0
2024-04-09 16:15:00+00:00,0.9919095260856278,0.9919095260856278,0.0,1,0.5000750112516877
2024-04-09 16:20:00+00:00,0.98949781192516,0.9919095260856278,-0.0024117141604678674,1,0.501293849708324
2024-04-09 16:25:00+00:00,0.9912966200046578,0.9919095260856278,-0.000612906080969944,1,0.5003842012652034
2024-04-09 16:30:00+00:00,0.9926706699164137,0.9919095260856278,0.0007611438307859208,1,0.4996915718882819
2024-04-09 16:35:00+00:00,0.9923770451427397,0.9919095260856278,0.0004675190571119097,1,0.49983942075824583
2024-04-09 16:40:00+00:00,0.9921803450516378,0.9919095260856278,0.00027081896601003166,1,0.49993851409353496
2024-04-09 16:45:00+00:00,0.9910793938314404,0.9910793938314404,0.0,0,0.0
2024-04-10 13:55:00+00:00,0.9907820923125773,0.9907820923125773,0.0,2,1.0002250450084391
2024-04-10 14:00:00+00:00,0.9918809413560984,0.9907820923125773,0.0010988490435210408,2,0.9991169520023262
2024-04-10 14:05:00+00:00,0.9884768346686391,0.9907820923125773,-0.0023052576439381825,2,1.0025577010199853
2024-04-10 14:10:00+00:00,0.9923959520814212,0.9907820923125773,0.0016138597688438584,2,0.99859845336773
2024-04-10 14:15:00+00:00,0.9906877509229325,0.9907820923125773,-9.434138964485399e-05,2,1.0003202946172243
2024-04-10 14:20:00+00:00,0.9933268577154766,0.9907820923125773,0.002544765402899324,2,0.9976626074080859
2024-04-10 14:25:00+00:00,0.9981353000364941,0.9981353000364941,0.0,0,0.0
2024-04-11 12:35:00+00:00,0.9975365535912634,0.9975365535912634,0.0,4,2.0007502250590767
2024-04-11 12:40:00+00:00,0.998739461460935,0.9975365535912634,0.0012029078696716134,4,1.9983404692780742
2024-04-11 12:45:00+00:00,0.9973660417931617,0.9975365535912634,-0.00017051179810166064,4,2.0010922775294153
2024-04-11 12:50:00+00:00,0.995429411094176,0.9975365535912634,-0.002107142497087295,4,2.004985448348938
2024-04-11 12:55:00+00:00,0.9934793526363203,0.9975365535912634,-0.004057200954943072,4,2.008920949193576
2024-04-11 13:00:00+00:00,0.998343992221532,0.9975365535912634,0.0008074386302686473,4,1.9991320623478086
2024-04-11 13:05:00+00:00,1.0005073563167814,1.0005073563167814,0.0,0,0.0
2024-04-12 05:55:00+00:00,1.000357280213334,1.000357280213334,0.0,1,0.5000750112516877
2024-04-12 06:00:00+00:00,1.0009251322813337,1.000357280213334,0.0005678520679997488,1,0.4997913050881238
2024-04-12 06:05:00+00:00,0.9998454135604892,1.000357280213334,-0.0005118666528448174,1,0.5003310225497435
2024-04-12 06:10:00+00:00,1.0001493343856158,1.000357280213334,-0.0002079458277181897,1,0.5001789842370817
2024-04-12 06:15:00+00:00,1.0006851947878128,1.000357280213334,0.0003279145744787094,1,0.49991114164976275
2024-04-12 06:20:00+00:00,1.000621211456207,1.000357280213334,0.00026393124287301,1,0.4999431077723908
2024-04-12 06:25:00+00:00,1.0018627728151814,1.0018627728151814,0.0,0,0.0
2024-04-12 18:45:00+00:00,1.0015622365252492,1.0015622365252492,0.0,2,1.000225045008439
2024-04-12 18:50:00+00:00,0.9982376265363696,1.0015622365252492,-0.003324609988879635,2,1.0035562740538726
2024-04-12 18:55:00+00:00,0.999879472532037,1.0015622365252492,-0.0016827639932122562,2,1.0019083905886688
2024-04-12 19:00:00+00:00,0.9991519745753229,1.0015622365252492,-0.002410261949926351,2,1.002637895534378
2024-04-12 19:05:00+00:00,1.0011376916952734,1.0015622365252492,-0.0004245448299758574,2,1.0006492028192906
2024-04-12 19:10:00+00:00,1.0039108978327147,1.0015622365252492,0.0023486613074654027,2,0.9978850067968399
2024-04-12 19:15:00+00:00,1.0011349948436026,1.0011349948436026,0.0,0,0.0
2024-04-13 20:15:00+00:00,1.0008346768706868,1.0008346768706868,0.0,2,1.000225045008439
2024-04-13 20:20:00+00:00,0.9925718816701992,1.0008346768706868,-0.008262795200487717,2,1.0085515499738993
2024-04-13 20:25:00+00:00,1.0018565393891665,1.0008346768706868,0.0010218625184797818,2,0.999204846563498
2024-04-13 20:30:00+00:00,0.9944442563544978,1.0008346768706868,-0.006390420516188943,2,1.006652613580115
2024-04-13 20:35:00+00:00,1.0080105740586192,1.0008346768706868,0.007175897187932379,2,0.9931045719970535
2024-04-13 20:40:00+00:00,1.0085575097773571,1.0008346768706868,0.007722832906670311,2,0.9925660163295764
2024-04-13 20:45:00+00:00,1.0093588668309204,1.0093588668309204,0.0,0,0.0
2024-04-14 22:05:00+00:00,1.0089047234691633,1.0089047234691633,0.0,3,1.500450112525318
2024-04-14 22:10:00+00:00,1.029660010798075,1.0089047234691633,0.020755287328911687,3,1.4702049122829361
2024-04-14 22:15:00+00:00,1.024094602903926,1.0089047234691633,0.015189879434762778,3,1.4781946917443594
2024-04-14 22:20:00+00:00,1.0232454569069165,1.0089047234691633,0.014340733437753187,3,1.479421379922472
2024-04-14 22:25:00+00:00,1.0311942679042507,1.0089047234691633,0.022289544435087398,3,1.4680174754396447
2024-04-14 22:30:00+00:00,1.036035565192518,1.0089047234691633,0.027130841723354678,3,1.4611575670911758
2024-04-14 22:35:00+00:00,1.0332417769452986,1.0332417769452986,0.0,0,0.0
2024-04-17 16:15:00+00:00,1.0330867906787569,1.0330867906787569,0.0,1,0.5000750112516877
2024-04-17 16:20:00+00:00,1.0309274248122522,1.0330867906787569,-0.002159365866504688,1,0.5011224612311909
2024-04-17 16:25:00+00:00,1.028915960717426,1.0330867906787569,-0.004170829961330887,1,0.502102123202004
2024-04-17 16:30:00+00:00,1.0306119010326718,1.0330867906787569,-0.002474889646085218,1,0.5012758808189541
2024-04-17 16:35:00+00:00,1.0303259576074266,1.0330867906787569,-0.0027608330713301643,1,0.5014149984848693
2024-04-17 16:40:00+00:00,1.028442675048055,1.0330867906787569,-0.004644115630701768,1,0.5023331888172665
2024-04-17 16:45:00+00:00,1.0270650341356384,1.0270650341356384,0.0,0,0.0
2024-04-19 06:40:00+00:00,1.026910974380518,1.026910974380518,0.0,1,0.5000750112516877
2024-04-19 06:45:00+00:00,1.0328752373863146,1.026910974380518,0.0059642630057965655,1,0.4971873644364934
2024-04-19 06:50:00+00:00,1.0356221953205287,1.026910974380518,0.00871122094001056,1,0.49586858932554945
2024-04-19 06:55:00+00:00,1.0414247764978548,1.026910974380518,0.014513802117336702,1,0.4931057227145556
2024-04-19 07:00:00+00:00,1.0408531740739697,1.026910974380518,0.013942199693451566,1,0.4933765202039191
2024-04-19 07:05:00+00:00,1.0429027770510437,1.026910974380518,0.015991802670525586,1,0.4924068938812356
2024-04-19 07:10:00+00:00,1.0411441476345884,1.0411441476345884,0.0,0,0.0
2024-04-23 10:25:00+00:00,1.0409879760124432,1.0409879760124432,0.0,1,0.5000750112516877
2024-04-23 10:30:00+00:00,1.0390396699195779,1.0409879760124432,-0.001948306092865433,1,0.5010127032566396
2024-04-23 10:35:00+00:00,1.0391162409013934,1.0409879760124432,-0.0018717351110498213,1,0.5009757843508614
2024-04-23 10:40:00+00:00,1.0387844333135254,1.0409879760124432,-0.0022035426989177416,1,0.5011358055845793
2024-04-23 10:45:00+00:00,1.0399925532488394,1.0409879760124432,-0.0009954227636037036,1,0.5005536551113522
2024-04-23 10:50:00+00:00,1.0399500138144973,1.0409879760124432,-0.0010379621979458515,1,0.5005741303929172
2024-04-23 10:55:00+00:00,1.0384921355014858,1.0384921355014858,0.0,0,0.0
2024-04-25 09:10:00+00:00,1.0383363616811605,1.0383363616811605,0.0,1,0.5000750112516877
2024-04-25 09:15:00+00:00,1.037513575295931,1.0383363616811605,-0.0008227863852294737,1,0.50047158910922
2024-04-25 09:20:00+00:00,1.0374796459604576,1.0383363616811605,-0.0008567157207028315,1,0.5004879563396595
2024-04-25 09:25:00+00:00,1.037123387937987,1.0383363616811605,-0.0012129737431733187,1,0.500659876915041
2024-04-25 09:30:00+00:00,1.0380140329941634,1.0383363616811605,-0.00032232868699712947,1,0.5002302967455764
2024-04-25 09:35:00+00:00,1.0376662573055613,1.0383363616811605,-0.0006701043755992485,1,0.5003979498177328
2024-04-25 09:40:00+00:00,1.0375783421561828,1.0375783421561828,0.0,0,0.0
2024-04-28 18:50:00+00:00,1.0374227054048595,1.0374227054048595,0.0,1,0.5000750112516877
2024-04-28 18:55:00+00:00,1.0367762884055063,1.0374227054048595,-0.0006464169993532501,1,0.5003868017428862
2024-04-28 19:00:00+00:00,1.0368491459569922,1.0374227054048595,-0.0005735594478673782,1,0.5003516404493528
2024-04-28 19:05:00+00:00,1.0357314801139856,1.0374227054048595,-0.0016912252908739395,1,0.5008915737706428
2024-04-28 19:10:00+00:00,1.0354865547281396,1.0374227054048595,-0.0019361506767199615,1,0.5010100505016178
2024-04-28 19:15:00+00:00,1.035387344445265,1.0374227054048595,-0.002035360959594355,1,0.5010580570270017
2024-04-28 19:20:00+00:00,1.0340876891195467,1.0340876891195467,0.0,0,0.0
2024-04-29 12:40:00+00:00,1.033777486079784,1.033777486079784,0.0,2,1.000225045008439
2024-04-29 12:45:00+00:00,1.032403337780477,1.033777486079784,-0.0013741482993067235,2,1.0015563633936326
2024-04-29 12:50:00+00:00,1.0350781376299136,1.033777486079784,0.0013006515501298036,2,0.9989681889238852
2024-04-29 12:55:00+00:00,1.0349066495296355,1.033777486079784,0.0011291634498516072,2,0.9991337218799587
2024-04-29 13:00:00+00:00,1.0350829530484262,1.033777486079784,0.0013054669686422974,2,0.9989635415186736
2024-04-29 13:05:00+00:00,1.0360652048374814,1.033777486079784,0.0022877187576974163,2,0.9980164643257747
2024-04-29 13:10:00+00:00,1.0332479485107213,1.0332479485107213,0.0,0,0.0
2024-04-30 20:05:00+00:00,1.0330929613184447,1.0330929613184447,0.0,1,0.5000750112516877
2024-04-30 20:10:00+00:00,1.0383627291776016,1.0330929613184447,0.0052697678591568054,1,0.4975370934822886
2024-04-30 20:15:00+00:00,1.0340846735376088,1.0330929613184447,0.0009917122191641238,1,0.49959542721776107
2024-04-30 20:20:00+00:00,1.0336738806100052,1.0330929613184447,0.0005809192915605539,1,0.4997939717219939
2024-04-30 20:25:00+00:00,1.0335452484811598,1.0330929613184447,0.0004522871627150461,1,0.4998561746711741
2024-04-30 20:30:00+00:00,1.0330390188127998,1.0330929613184447,-5.3942505644884815e-05,1,0.5001011238172599
2024-04-30 20:35:00+00:00,1.0338301001810648,1.0338301001810648,0.0,0,0.0
2024-05-02 11:05:00+00:00,1.0336750256660376,1.0336750256660376,0.0,1,0.5000750112516877
2024-05-02 11:10:00+00:00,1.0342632745432032,1.0336750256660376,0.0005882488771656177,1,0.49979058796111187
2024-05-02 11:15:00+00:00,1.0329985394572971,1.0336750256660376,-0.0006764862087404775,1,0.500402498499274
2024-05-02 11:20:00+00:00,1.0340106735547734,1.0336750256660376,0.0003356478887357549,1,0.49991268302236774
2024-05-02 11:25:00+00:00,1.033970880248377,1.0336750256660376,0.00029585458233918877,1,0.49993192261503616
2024-05-02 11:30:00+00:00,1.0341525453427955,1.0336750256660376,0.0004775196767579909,1,0.4998441017414777
2024-05-02 11:35:00+00:00,1.0323780562718066,1.0323780562718066,0.0,0,0.0
2024-05-02 21:40:00+00:00,1.0322231995633657,1.0322231995633657,0.0,1,0.5000750112516877
2024-05-02 21:45:00+00:00,1.029838133401809,1.0322231995633657,-0.002385066161556748,1,0.5012331660615478
2024-05-02 21:50:00+00:00,1.028961296351142,1.0322231995633657,-0.0032619032122236024,1,0.5016602956460952
2024-05-02 21:55:00+00:00,1.0286065719656596,1.0322231995633657,-0.0036166275977060815,1,0.5018332977879675
2024-05-02 22:00:00+00:00,1.0284773447445426,1.0322231995633657,-0.0037458548188231446,1,0.5018963526747557
2024-05-02 22:05:00+00:00,1.0303004025887579,1.0322231995633657,-0.0019227969746077424,1,0.5010082756824263
2024-05-02 22:10:00+00:00,1.0298576033473583,1.0298576033473583,0.0,0,0.0
2024-05-03 08:40:00+00:00,1.0297031247068562,1.0297031247068562,0.0,1,0.5000750112516877
2024-05-03 08:45:00+00:00,1.029212101462752,1.0297031247068562,-0.0004910232441042204,1,0.5003135903103397
2024-05-03 08:50:00+00:00,1.0290393340250117,1.0297031247068562,-0.0006637906818446292,1,0.5003975889430514
2024-05-03 08:55:00+00:00,1.029739496799012,1.0297031247068562,3.637209215589359e-05,1,0.5000573477800518
2024-05-03 09:00:00+00:00,1.0288029154259986,1.0297031247068562,-0.000900209280857766,1,0.5005125801577472
2024-05-03 09:05:00+00:00,1.0285846828730631,1.0297031247068562,-0.0011184418337930131,1,0.5006187728125309
2024-05-03 09:10:00+00:00,1.0283847391173664,1.0283847391173664,0.0,0,0.0
2024-05-03 12:35:00+00:00,1.0279220353972627,1.0279220353972627,0.0,3,1.500450112525318
2024-05-03 12:40:00+00:00,1.0290278855293056,1.0279220353972627,0.0011058501320429812,3,1.4988376460621702
2024-05-03 12:45:00+00:00,1.037801404649832,1.0279220353972627,0.009879369252569402,3,1.486166550525613
2024-05-03 12:50:00+00:00,1.0371104475694408,1.0279220353972627,0.009188412172178181,3,1.4871566835467707
2024-05-03 12:55:00+00:00,1.0399950238452984,1.0279220353972627,0.012072988448035641,3,1.4830318398797493
2024-05-03 13:00:00+00:00,1.042675835167925,1.0279220353972627,0.014753799770662272,3,1.4792188345198187
2024-05-03 13:05:00+00:00,1.0509760053880455,1.0509760053880455,0.0,0,0.0
2024-05-04 01:30:00+00:00,1.0508183589872373,1.0508183589872373,0.0,1,0.5000750112516877
2024-05-04 01:35:00+00:00,1.0467498150903585,1.0508183589872373,-0.004068543896878924,1,0.5020187203459512
2024-05-04 01:40:00+00:00,1.047504811142767,1.0508183589872373,-0.0033135478444702633,1,0.501656887017775
2024-05-04 01:45:00+00:00,1.0460039153759306,1.0508183589872373,-0.004814443611306705,1,0.5023767071705119
2024-05-04 01:50:00+00:00,1.0455085784258837,1.0508183589872373,-0.0053097805613536156,1,0.5026147212347093
2024-05-04 01:55:00+00:00,1.0447221586604505,1.0508183589872373,-0.006096200326786898,1,0.5029930669488305
2024-05-04 02:00:00+00:00,1.044756362297056,1.044756362297056,0.0,0,0.0
2024-05-04 04:05:00+00:00,1.0445996488427114,1.0445996488427114,0.0,1,0.5000750112516877
2024-05-04 04:10:00+00:00,1.0439764525429271,1.0445996488427114,-0.0006231962997843548,1,0.5003735284221349
2024-05-04 04:15:00+00:00,1.0432135743138808,1.0445996488427114,-0.001386074528830645,1,0.5007394401401409
2024-05-04 04:20:00+00:00,1.0415552991023858,1.0445996488427114,-0.0030443497403256923,1,0.5015366746237232
2024-05-04 04:25:00+00:00,1.040659902119937,1.0445996488427114,-0.003939746722774449,1,0.501968203141475
2024-05-04 04:30:00+00:00,1.0406276678285686,1.0445996488427114,-0.003971981014142668,1,0.5019837520162723
2024-05-04 04:35:00+00:00,1.0413269538894452,1.0413269538894452,0.0,0,0.0
2024-05-09 02:25:00+00:00,1.0411707548463618,1.0411707548463618,0.0,1,0.5000750112516877
2024-05-09 02:30:00+00:00,1.041775270821882,1.0411707548463618,0.0006045159755201466,1,0.4997848303060203
2024-05-09 02:35:00+00:00,1.044307229038191,1.0411707548463618,0.003136474191829064,1,0.49857308507215325
2024-05-09 02:40:00+00:00,1.0447628062951047,1.0411707548463618,0.0035920514487428512,1,0.4983556782530173
2024-05-09 02:45:00+00:00,1.043886696185655,1.0411707548463618,0.0027159413392933048,1,0.498773936718629
2024-05-09 02:50:00+00:00,1.0444386455546082,1.0411707548463618,0.0032678907082464674,1,0.4985103521023436
2024-05-09 02:55:00+00:00,1.0449570512958009,1.0449570512958009,0.0,0,0.0
2024-05-10 16:10:00+00:00,1.0448003077381065,1.0448003077381065,0.0,1,0.5000750112516877
2024-05-10 16:15:00+00:00,1.0454870453057041,1.0448003077381065,0.0006867375675977303,1,0.4997465324834569
2024-05-10 16:20:00+00:00,1.0459591773834276,1.0448003077381065,0.0011588696453210395,1,0.4995209535375302
2024-05-10 16:25:00+00:00,1.0460736336446939,1.0448003077381065,0.0012733259065873278,1,0.4994662983976555
2024-05-10 16:30:00+00:00,1.0443245989022185,1.0448003077381065,-0.00047570883588796397,1,0.5003028045084101
2024-05-10 16:35:00+00:00,1.043094194093606,1.0448003077381065,-0.001706113644500477,1,0.5008929477379622
2024-05-10 16:40:00+00:00,1.043470387502433,1.043470387502433,0.0,0,0.0
2024-05-12 17:40:00+00:00,1.0433138669443076,1.0433138669443076,0.0,1,0.5000750112516877
2024-05-12 17:45:00+00:00,1.043636717481474,1.0433138669443076,0.0003228505371664893,1,0.49992031231928935
2024-05-12 17:50:00+00:00,1.0439857450892216,1.0433138669443076,0.0006718781449140798,1,0.49975317786223955
2024-05-12 17:55:00+00:00,1.0438461340461227,1.0433138669443076,0.0005322671018150667,1,0.4998200182328437
2024-05-12 18:00:00+00:00,1.042851405364042,1.0433138669443076,-0.00046246158026544437,1,0.5002967738908952
2024-05-12 18:05:00+00:00,1.0427030686307495,1.0433138669443076,-0.0006107983135581385,1,0.5003679469710831
2024-05-12 18:10:00+00:00,1.042659982045142,1.042659982045142,0.0,0,0.0
2024-05-13 06:45:00+00:00,1.0425035830478353,1.0425035830478353,0.0,1,0.5000750112516877
2024-05-13 06:50:00+00:00,1.0414519051062983,1.0425035830478353,-0.0010516779415370699,1,0.5005799965091622
2024-05-13 06:55:00+00:00,1.0424427717382907,1.0425035830478353,-6.0811309544707166e-05,1,0.5001041833243705
2024-05-13 07:00:00+00:00,1.0431403132301265,1.0425035830478353,0.0006367301822911358,1,0.49976976674235846
2024-05-13 07:05:00+00:00,1.0457569881084745,1.0425035830478353,0.0032534050606392575,1,0.49851925155722165
2024-05-13 07:10:00+00:00,1.0442581681849914,1.0425035830478353,0.0017545851371561316,1,0.49923477441281255
2024-05-13 07:15:00+00:00,1.0439497409138232,1.0439497409138232,0.0,0,0.0
2024-05-14 14:25:00+00:00,1.043323511988397,1.043323511988397,0.0,4,2.0007502250590767
2024-05-14 14:30:00+00:00,1.047234336213342,1.043323511988397,0.00391082422494505,4,1.9932785616713788
2024-05-14 14:35:00+00:00,1.0499571161123618,1.043323511988397,0.006633604123964823,4,1.9881095326533547
2024-05-14 14:40:00+00:00,1.0410401457350302,1.043323511988397,-0.0022833662533667974,4,2.0051385721982644
2024-05-14 14:45:00+00:00,1.0384752310027487,1.043323511988397,-0.004848280985648234,4,2.0100910345301113
2024-05-14 14:50:00+00:00,1.0319544804597298,1.043323511988397,-0.011369031528667198,4,2.022792468995603
2024-05-14 14:55:00+00:00,1.025839128766065,1.025839128766065,0.0,0,0.0
2024-05-15 12:35:00+00:00,1.0252237637632395,1.0252237637632395,0.0,4,2.0007502250590767
2024-05-15 12:40:00+00:00,1.0191220729458081,1.0252237637632395,-0.0061016908174313395,4,2.0127291229755246
2024-05-15 12:45:00+00:00,1.0207326456127128,1.0252237637632395,-0.004491118150526652,4,2.0095533192767983
2024-05-15 12:50:00+00:00,1.023827102104544,1.0252237637632395,-0.0013966616586955475,4,2.003479563950597
2024-05-15 12:55:00+00:00,1.0215625270187176,1.0252237637632395,-0.0036612367445218582,4,2.0079208289593335
2024-05-15 13:00:00+00:00,1.0259756447901727,1.0252237637632395,0.0007518810269332161,4,1.9992839854446247
2024-05-15 13:05:00+00:00,1.0260552757019965,1.0260552757019965,0.0,0,0.0
2024-05-16 00:10:00+00:00,1.0259013674106412,1.0259013674106412,0.0,1,0.5000750112516877
2024-05-16 00:15:00+00:00,1.0260609594115158,1.0259013674106412,0.000159592000874463,1,0.49999723032561216
2024-05-16 00:20:00+00:00,1.0251959707667762,1.0259013674106412,-0.0007053966438650672,1,0.5004190930123231
2024-05-16 00:25:00+00:00,1.026539735414139,1.0259013674106412,0.000638368003497852,1,0.49976403265483577
2024-05-16 00:30:00+00:00,1.0247395376442752,1.0259013674106412,-0.0011618297663659562,1,0.5006419865777533
2024-05-16 00:35:00+00:00,1.024554410923261,1.0259013674106412,-0.001346956487380281,1,0.5007324475707362
2024-05-16 00:40:00+00:00,1.0229897093441755,1.0229897093441755,0.0,0,0.0
2024-05-16 03:20:00+00:00,1.022836260887774,1.022836260887774,0.0,1,0.5000750112516877
2024-05-16 03:25:00+00:00,1.0229492679010312,1.022836260887774,0.00011300701325727874,1,0.5000197670815226
2024-05-16 03:30:00+00:00,1.0234295477073747,1.022836260887774,0.0005932868196007701,1,0.499785115465845
2024-05-16 03:35:00+00:00,1.0234672167117937,1.022836260887774,0.0006309558240198631,1,0.4997667207313429
2024-05-16 03:40:00+00:00,1.024440332659287,1.022836260887774,0.0016040717715131722,1,0.49929199228648785
2024-05-16 03:45:00+00:00,1.0240887552847089,1.022836260887774,0.001252494396934896,1,0.4994634029839397
2024-05-16 03:50:00+00:00,1.0243622222117237,1.0243622222117237,0.0,0,0.0
2024-05-17 06:55:00+00:00,1.0242085678783919,1.0242085678783919,0.0,1,0.5000750112516877
2024-05-17 07:00:00+00:00,1.0225916277073661,1.0242085678783919,-0.0016169401710257748,1,0.5008657388034397
2024-05-17 07:05:00+00:00,1.0261133723980473,1.0242085678783919,0.0019048045196553998,1,0.4991467072579752
2024-05-17 07:10:00+00:00,1.027093336138063,1.0242085678783919,0.0028847682596710796,1,0.4986704645866906
2024-05-17 07:15:00+00:00,1.0276935639288225,1.0242085678783919,0.0034849960504306676,1,0.4983792144691637
2024-05-17 07:20:00+00:00,1.0255100822206002,1.0242085678783919,0.0013015143422083406,1,0.49944034679484034
2024-05-17 07:25:00+00:00,1.026431325614598,1.026431325614598,0.0,0,0.0
2024-05-17 15:00:00+00:00,1.0262773609157558,1.0262773609157558,0.0,1,0.5000750112516877
2024-05-17 15:05:00+00:00,1.0245504488770005,1.0262773609157558,-0.0017269120387553047,1,0.5009179034276249
2024-05-17 15:10:00+00:00,1.0257493731228653,1.0262773609157558,-0.0005279877928904673,1,0.5003324167236176
2024-05-17 15:15:00+00:00,1.0269306209215154,1.0262773609157558,0.000653260005759642,1,0.4997568992019785
2024-05-17 15:20:00+00:00,1.0280972664376842,1.0262773609157558,0.001819905521928265,1,0.49918979415787257
2024-05-17 15:25:00+00:00,1.0280304033547416,1.0262773609157558,0.001753042438985777,1,0.4992222614550478
2024-05-17 15:30:00+00:00,1.0306162879741738,1.0306162879741738,0.0,0,0.0
2024-05-20 16:05:00+00:00,1.0304616955309778,1.0304616955309778,0.0,1,0.5000750112516877
2024-05-20 16:10:00+00:00,1.0289109539989119,1.0304616955309778,-0.0015507415320658163,1,0.5008287082417745
2024-05-20 16:15:00+00:00,1.027921700949059,1.0304616955309778,-0.002539994581918639,1,0.5013106966331321
2024-05-20 16:20:00+00:00,1.027796334779147,1.0304616955309778,-0.002665360751830867,1,0.501371844352623
2024-05-20 16:25:00+00:00,1.0292771751740495,1.0304616955309778,-0.0011845203569282182,1,0.5006505112677243
2024-05-20 16:30:00+00:00,1.0302892220729774,1.0304616955309778,-0.00017247345800040887,1,0.5001587252851866
2024-05-20 16:35:00+00:00,1.0289014823948264,1.0289014823948264,0.0,0,0.0
2024-05-20 19:25:00+00:00,1.0284385461751262,1.0284385461751262,0.0,3,1.500450112525318
2024-05-20 19:30:00+00:00,1.0388477075124778,1.0284385461751262,0.010409161337351524,3,1.4854157362765397
2024-05-20 19:35:00+00:00,1.051545589980808,1.0284385461751262,0.02310704380568184,3,1.467478678087563
2024-05-20 19:40:00+00:00,1.056542859509715,1.0284385461751262,0.028104313334588748,3,1.4605377514452391
2024-05-20 19:45:00+00:00,1.0542972721167887,1.0284385461751262,0.02585872594166245,3,1.4636486057064415
2024-05-20 19:50:00+00:00,1.0583638993229456,1.0284385461751262,0.02992535314781943,3,1.458024724124665
2024-05-20 19:55:00+00:00,1.0640163838174677,1.0640163838174677,0.0,0,0.0
2024-05-21 10:15:00+00:00,1.0638567813598951,1.0638567813598951,0.0,1,0.5000750112516877
2024-05-21 10:20:00+00:00,1.0632316214932442,1.0638567813598951,-0.000625159866650994,1,0.5003690457979049
2024-05-21 10:25:00+00:00,1.0619484737304148,1.0638567813598951,-0.0019083076294803716,1,0.5009736395588896
2024-05-21 10:30:00+00:00,1.062439466867693,1.0638567813598951,-0.0014173144922019622,1,0.5007421208449756
2024-05-21 10:35:00+00:00,1.0627449102728606,1.0638567813598951,-0.0011118710870345369,1,0.5005982026036148
2024-05-21 10:40:00+00:00,1.062871940474075,1.0638567813598951,-0.0009848408858200827,1,0.5005383731095969
2024-05-21 10:45:00+00:00,1.0629007423598766,1.0629007423598766,0.0,0,0.0
2024-05-22 16:10:00+00:00,1.0627413072485226,1.0627413072485226,0.0,1,0.5000750112516879
2024-05-22 16:15:00+00:00,1.0623139491097218,1.0627413072485226,-0.00042735813880070495,1,0.500276186362161
2024-05-22 16:20:00+00:00,1.0620697444589786,1.0627413072485226,-0.0006715627895438553,1,0.5003912162573284
2024-05-22 16:25:00+00:00,1.0614534184356743,1.0627413072485226,-0.001287888812848213,1,0.500681765162307
2024-05-22 16:30:00+00:00,1.060921401160841,1.0627413072485226,-0.0018199060876816378,1,0.5009328406406308
2024-05-22 16:35:00+00:00,1.059421286877704,1.0627413072485226,-0.003320020370818546,1,0.5016421491267309
2024-05-22 16:40:00+00:00,1.0579012829979235,1.0579012829979235,0.0,0,0.0
2024-05-23 18:40:00+00:00,1.0577425978054737,1.0577425978054737,0.0,1,0.5000750112516877
2024-05-23 18:45:00+00:00,1.0546851445616354,1.0577425978054737,-0.003057453243838293,1,0.5015246912563772
2024-05-23 18:50:00+00:00,1.0564848025316083,1.0577425978054737,-0.0012577952738655198,1,0.5006703742746327
2024-05-23 18:55:00+00:00,1.058881070983046,1.0577425978054737,0.0011384731775724265,1,0.4995373474831253
2024-05-23 19:00:00+00:00,1.0592053463270896,1.0577425978054737,0.0014627485216159735,1,0.4993844142999806
2024-05-23 19:05:00+00:00,1.058019144311,1.0577425978054737,0.0002765465055262392,1,0.49994430095442494
2024-05-23 19:10:00+00:00,1.0578155378587695,1.0578155378587695,0.0,0,0.0
2024-05-23 20:20:00+00:00,1.0576568655280907,1.0576568655280907,0.0,1,0.5000750112516877
2024-05-23 20:25:00+00:00,1.0584918979952491,1.0576568655280907,0.0008350324671584885,1,0.4996805076459439
2024-05-23 20:30:00+00:00,1.0596322111493257,1.0576568655280907,0.0019753456212350255,1,0.4991427812067992
2024-05-23 20:35:00+00:00,1.0606827358660733,1.0576568655280907,0.003025870337982559,1,0.4986484186503881
2024-05-23 20:40:00+00:00,1.0609790377092585,1.0576568655280907,0.003322172181167848,1,0.49850916005969387
2024-05-23 20:45:00+00:00,1.0609521011780598,1.0576568655280907,0.0032952356499692174,1,0.4985218167173581
2024-05-23 20:50:00+00:00,1.0616913132206698,1.0616913132206698,0.0,0,0.0
2024-05-30 13:50:00+00:00,1.0615320595236868,1.0615320595236868,0.0,1,0.5000750112516877
2024-05-30 13:55:00+00:00,1.0603317144306978,1.0615320595236868,-0.001200345092989015,1,0.5006411195531871
2024-05-30 14:00:00+00:00,1.0616735950597802,1.0615320595236868,0.00014153553609343232,1,0.5000083444483182
2024-05-30 14:05:00+00:00,1.061989149697628,1.0615320595236868,0.00045709017394103443,1,0.4998597742373154
2024-05-30 14:10:00+00:00,1.0627285375255258,1.0615320595236868,0.001196478001838972,1,0.4995119994108415
2024-05-30 14:15:00+00:00,1.0605552322991731,1.0615320595236868,-0.0009768272245136596,1,0.5005356066741729
2024-05-30 14:20:00+00:00,1.0621555050754827,1.0621555050754827,0.0,0,0.0
2024-05-30 18:20:00+00:00,1.0619961817497214,1.0619961817497214,0.0,1,0.5000750112516877
2024-05-30 18:25:00+00:00,1.0622080936665403,1.0619961817497214,0.0002119119168189341,1,0.49997524562683565
2024-05-30 18:30:00+00:00,1.0614487426312726,1.0619961817497214,-0.000547439118448805,1,0.5003329234921218
2024-05-30 18:35:00+00:00,1.061475231620875,1.0619961817497214,-0.000520950128846453,1,0.5003204377428425
2024-05-30 18:40:00+00:00,1.0613339570096625,1.0619961817497214,-0.0006622247400590364,1,0.5003870356075928
2024-05-30 18:45:00+00:00,1.0616783138744932,1.0619961817497214,-0.00031786787522834216,1,0.5002247343638621
2024-05-30 18:50:00+00:00,1.0612717599791097,1.0612717599791097,0.0,0,0.0
2024-05-31 12:35:00+00:00,1.0611125692151129,1.0611125692151129,0.0,1,0.5000750112516877
2024-05-31 12:40:00+00:00,1.0612080653598148,1.0611125692151129,9.549614470188135e-05,1,0.5000300104293277
2024-05-31 12:45:00+00:00,1.06109562635073,1.0611125692151129,-1.694286438271538e-05,1,0.5000829961145846
2024-05-31 12:50:00+00:00,1.0605342014355064,1.0611125692151129,-0.0005783677796064124,1,0.5003477297302648
2024-05-31 12:55:00+00:00,1.059881901156776,1.0611125692151129,-0.00123066805833686,1,0.5006556668345864
2024-05-31 13:00:00+00:00,1.0593443502777278,1.0611125692151129,-0.0017682189373851456,1,0.500909718214326
2024-05-31 13:05:00+00:00,1.0602155937202733,1.0602155937202733,0.0,0,0.0
2024-06-02 11:50:00+00:00,1.0600565613812152,1.0600565613812152,0.0,1,0.5000750112516877
2024-06-02 11:55:00+00:00,1.06181943713763,1.0600565613812152,0.0017628757564147853,1,0.49924476640695137
2024-06-02 12:00:00+00:00,1.061646575645614,1.0600565613812152,0.0015900142643988145,1,0.4993260554132761
2024-06-02 12:05:00+00:00,1.0604848218344076,1.0600565613812152,0.00042826045319255236,1,0.4998730636645659
2024-06-02 12:10:00+00:00,1.060374252771947,1.0600565613812152,0.0003176913907319777,1,0.49992518723872303
2024-06-02 12:15:00+00:00,1.0609161969090783,1.0600565613812152,0.0008596355278630746,1,0.49966981219117673
2024-06-02 12:20:00+00:00,1.0591811661022714,1.0591811661022714,0.0,0,0.0
2024-06-03 06:15:00+00:00,1.0590222889273562,1.0590222889273562,0.0,1,0.5000750112516877
2024-06-03 06:20:00+00:00,1.0617263840071252,1.0590222889273562,0.0027040950797690764,1,0.4988013776698062
2024-06-03 06:25:00+00:00,1.0658211565564897,1.0590222889273562,0.006798867629133514,1,0.4968850353488614
2024-06-03 06:30:00+00:00,1.0668427035866246,1.0590222889273562,0.007820414659268417,1,0.4964092469027553
2024-06-03 06:35:00+00:00,1.0646450898075108,1.0590222889273562,0.005622800880154616,1,0.4974339224603819
2024-06-03 06:40:00+00:00,1.0650056358181466,1.0590222889273562,0.005983346890790484,1,0.49726552164608934
2024-06-03 06:45:00+00:00,1.0738003179073552,1.0738003179073552,0.0,0,0.0
2024-06-03 12:40:00+00:00,1.073639247859669,1.073639247859669,0.0,1,0.5000750112516877
2024-06-03 12:45:00+00:00,1.0730767473885774,1.073639247859669,-0.0005625004710915595,1,0.5003371476087515
2024-06-03 12:50:00+00:00,1.0720756350590426,1.073639247859669,-0.0015636128006264872,1,0.5008043662181623
2024-06-03 12:55:00+00:00,1.0733522264154596,1.073639247859669,-0.0002870214442095224,1,0.5002087345984235
2024-06-03 13:00:00+00:00,1.0737900687794144,1.073639247859669,0.00015082091974533894,1,0.5000047724076795
2024-06-03 13:05:00+00:00,1.0733591518658558,1.073639247859669,-0.0002800959938130789,1,0.5002055071877537
2024-06-03 13:10:00+00:00,1.0723754922099664,1.0723754922099664,0.0,0,0.0
2024-06-04 19:45:00+00:00,1.0722146358861349,1.0722146358861349,0.0,1,0.5000750112516877
2024-06-04 19:50:00+00:00,1.0725425990314006,1.0722146358861349,0.00032796314526576363,1,0.4999220978161683
2024-06-04 19:55:00+00:00,1.0728785612777703,1.0722146358861349,0.0006639253916354802,1,0.4997655517194767
2024-06-04 20:00:00+00:00,1.0732705172318684,1.0722146358861349,0.0010558813457334632,1,0.4995830384756071
2024-06-04 20:05:00+00:00,1.0724066143126318,1.0722146358861349,0.00019197842649701496,1,0.4999854895977654
2024-06-04 20:10:00+00:00,1.0725345999302967,1.0722146358861349,0.0003199640441616916,1,0.49992582629952426
2024-06-04 20:15:00+00:00,1.0714938424850204,1.0714938424850204,0.0,0,0.0
2024-06-07 18:10:00+00:00,1.0708510908167335,1.0708510908167335,0.0,4,2.0007502250590767
2024-06-07 18:15:00+00:00,1.0213984914635772,1.0708510908167335,-0.049452599353156323,4,2.0976196644722953
2024-06-07 18:20:00+00:00,1.0550642929371594,1.0708510908167335,-0.01578679787957397,4,2.0306872057928196
2024-06-07 18:25:00+00:00,1.071581568427284,1.0708510908167335,0.0007304776105505416,4,1.9993863501224682
2024-06-07 18:30:00+00:00,1.064617921905381,1.0708510908167335,-0.006233168911352303,4,2.0124642999826885
2024-06-07 18:35:00+00:00,1.071172777855172,1.0708510908167335,0.000321687038438579,4,2.000149373891216
2024-06-07 18:40:00+00:00,1.0701920339932594,1.0701920339932594,0.0,0,0.0
2024-06-12 12:35:00+00:00,1.0697105198123127,1.0697105198123127,0.0,3,1.500450112525318
2024-06-12 12:40:00+00:00,1.0707074845234181,1.0697105198123127,0.0009969647111055277,3,1.4990530028248774
2024-06-12 12:45:00+00:00,1.0737551124245144,1.0697105198123127,0.004044592612201744,3,1.4947982563712698
2024-06-12 12:50:00+00:00,1.068112322251399,1.0697105198123127,-0.0015981975609135656,3,1.5026952094689203
2024-06-12 12:55:00+00:00,1.0723116927385847,1.0697105198123127,0.0026011729262721507,3,1.4968103777016166
2024-06-12 13:00:00+00:00,1.0744140469079781,1.0697105198123127,0.0047035270956655145,3,1.4938815016808606
2024-06-12 13:05:00+00:00,1.0807803238969493,1.0807803238969493,0.0,0,0.0
2024-06-14 21:20:00+00:00,1.0806182068483647,1.0806182068483647,0.0,1,0.5000750112516877
2024-06-14 21:25:00+00:00,1.0830243360414729,1.0806182068483647,0.002406129193108111,1,0.49896400659253626
2024-06-14 21:30:00+00:00,1.0881546821875108,1.0806182068483647,0.007536475339145958,1,0.4966115303222623
2024-06-14 21:35:00+00:00,1.0912442276566716,1.0806182068483647,0.010626020808306968,1,0.4952055170169411
2024-06-14 21:40:00+00:00,1.0943636922715585,1.0806182068483647,0.01374548542319384,1,0.4937939423289828
2024-06-14 21:45:00+00:00,1.091250526424193,1.0806182068483647,0.010632319575828126,1,0.49520265865916585
2024-06-14 21:50:00+00:00,1.0896617385320508,1.0896617385320508,0.0,0,0.0
2024-06-17 16:25:00+00:00,1.0893348645278804,1.0893348645278804,0.0,2,1.000225045008439
2024-06-17 16:30:00+00:00,1.091627581925795,1.0893348645278804,0.0022927173979146774,2,0.9981242980133189
2024-06-17 16:35:00+00:00,1.0942071625799614,1.0893348645278804,0.004872298052081114,2,0.995771231594399
2024-06-17 16:40:00+00:00,1.0970836234418084,1.0893348645278804,0.007748758913927916,2,0.9931604032912213
2024-06-17 16:45:00+00:00,1.0968207681945428,1.0893348645278804,0.007485903666662254,2,0.993398416128826
2024-06-17 16:50:00+00:00,1.097283463870143,1.0893348645278804,0.007948599342262538,2,0.9929795260549067
2024-06-17 16:55:00+00:00,1.0948379875265688,1.0948379875265688,0.0,0,0.0
2024-06-18 20:00:00+00:00,1.09467376182844,1.09467376182844,0.0,1,0.5000750112516877
2024-06-18 20:05:00+00:00,1.0964101238720507,1.09467376182844,0.0017363620436107875,1,0.4992830527960058
2024-06-18 20:10:00+00:00,1.0976691920837682,1.09467376182844,0.0029954302553284223,1,0.49871035619036336
2024-06-18 20:15:00+00:00,1.0977967447457397,1.09467376182844,0.0031229829172998275,1,0.4986524111893517
2024-06-18 20:20:00+00:00,1.099245084649415,1.09467376182844,0.004571322820975216,1,0.4979953983036222
2024-06-18 20:25:00+00:00,1.0988665412654999,1.09467376182844,0.004192779437060074,1,0.4981669504040538
2024-06-18 20:30:00+00:00,1.1003070103470114,1.1003070103470114,0.0,0,0.0
2024-06-19 01:05:00+00:00,1.1001419642954593,1.1001419642954593,0.0,1,0.5000750112516877
2024-06-19 01:10:00+00:00,1.1009271113865833,1.1001419642954593,0.0007851470911240939,1,0.4997183732541608
2024-06-19 01:15:00+00:00,1.101837381520118,1.1001419642954593,0.0016954172246585507,1,0.4993055367340164
2024-06-19 01:20:00+00:00,1.104252256238635,1.1001419642954593,0.004110291943175773,1,0.49821361203052367
2024-06-19 01:25:00+00:00,1.1018279972919371,1.1001419642954593,0.0016860329964778285,1,0.4993097893007511
2024-06-19 01:30:00+00:00,1.1023097210052164,1.1001419642954593,0.002167756709757103,1,0.49909158441586693
2024-06-19 01:35:00+00:00,1.1021071380409413,1.1021071380409413,0.0,0,0.0
2024-06-20 07:20:00+00:00,1.101941821970235,1.101941821970235,0.0,1,0.5000750112516879
2024-06-20 07:25:00+00:00,1.1014067251554494,1.101941821970235,-0.0005350968147857833,1,0.5003179628694355
2024-06-20 07:30:00+00:00,1.1012227856253667,1.101941821970235,-0.0007190363448684174,1,0.5004015320183701
2024-06-20 07:35:00+00:00,1.1009184493119573,1.101941821970235,-0.0010233726582778175,1,0.5005398622984868
2024-06-20 07:40:00+00:00,1.1018205890981352,1.101941821970235,-0.00012123287209988731,1,0.5001300343021547
2024-06-20 07:45:00+00:00,1.1012813118394837,1.101941821970235,-0.0006605101307512156,1,0.5003749388065426
2024-06-20 07:50:00+00:00,1.1007263784005117,1.1007263784005117,0.0,0,0.0
2024-06-20 11:00:00+00:00,1.100396185253335,1.100396185253335,0.0,2,1.0002250450084391
2024-06-20 11:05:00+00:00,1.0993698027306689,1.100396185253335,-0.0010263825226661141,2,1.0011588650045675
2024-06-20 11:10:00+00:00,1.1069828060474673,1.100396185253335,0.006586620794132197,2,0.9942736399420969
2024-06-20 11:15:00+00:00,1.1078177842418007,1.100396185253335,0.007421598988465698,2,0.99352424160208
2024-06-20 11:20:00+00:00,1.1074980238164838,1.100396185253335,0.007101838563148799,2,0.9938110951469401
2024-06-20 11:25:00+00:00,1.105064808593568,1.100396185253335,0.004668623340232908,2,0.9959993435343735
2024-06-20 11:30:00+00:00,1.1067163495962018,1.1067163495962018,0.0,0,0.0
2024-06-24 08:25:00+00:00,1.1065503421437624,1.1065503421437624,0.0,1,0.5000750112516877
2024-06-24 08:30:00+00:00,1.1068054923783246,1.1065503421437624,0.0002551502345623499,1,0.499959729698336
2024-06-24 08:35:00+00:00,1.107547988389629,1.1065503421437624,0.000997646245866725,1,0.499624558573468
2024-06-24 08:40:00+00:00,1.1083010788743408,1.1065503421437624,0.001750736730578394,1,0.49928506373026876
2024-06-24 08:45:00+00:00,1.1078702369557718,1.1065503421437624,0.001319894812009503,1,0.49947923171817454
2024-06-24 08:50:00+00:00,1.108558877727255,1.1065503421437624,0.00200853558349269,1,0.4991689534186805
2024-06-24 08:55:00+00:00,1.1060497259062048,1.1060497259062048,0.0,0,0.0
2024-06-25 09:55:00+00:00,1.1055520781841706,1.1055520781841706,0.0,3,1.5004501125253178
2024-06-25 10:00:00+00:00,1.1033054336707149,1.1055520781841706,-0.002246644513455594,3,1.5035054568661896
2024-06-25 10:05:00+00:00,1.1003287040208711,1.1055520781841706,-0.005223374163299427,3,1.5075729043987323
2024-06-25 10:10:00+00:00,1.100865440125475,1.1055520781841706,-0.0046866380586955345,3,1.50683787468609
2024-06-25 10:15:00+00:00,1.1008299096975103,1.1055520781841706,-0.004722168486660336,3,1.506886509442549
2024-06-25 10:20:00+00:00,1.1023472934864103,1.1055520781841706,-0.0032047846977602806,3,1.5048122764175749
2024-06-25 10:25:00+00:00,1.1033683022550693,1.1033683022550693,0.0,0,0.0
2024-06-26 01:45:00+00:00,1.1032027970097311,1.1032027970097311,0.0,1,0.5000750112516877
2024-06-26 01:50:00+00:00,1.1029563994433498,1.1032027970097311,-0.0002463975663812312,1,0.500186726697414
2024-06-26 01:55:00+00:00,1.1033165189634455,1.1032027970097311,0.00011372195371439555,1,0.5000234671060996
2024-06-26 02:00:00+00:00,1.1031838433507788,1.1032027970097311,-1.895365895237884e-05,1,0.5000836029757879
2024-06-26 02:05:00+00:00,1.1024920347990161,1.1032027970097311,-0.0007107622107150641,1,0.5003974030779338
2024-06-26 02:10:00+00:00,1.1036387311656364,1.1032027970097311,0.0004359341559052033,1,0.49987748304634005
2024-06-26 02:15:00+00:00,1.1039565442235844,1.1039565442235844,0.0,0,0.0
2024-06-26 19:55:00+00:00,1.1037909507419508,1.1037909507419508,0.0,1,0.5000750112516877
2024-06-26 20:00:00+00:00,1.1042578962850564,1.1037909507419508,0.0004669455431057677,1,0.49986354996306304
2024-06-26 20:05:00+00:00,1.1051739526456634,1.1037909507419508,0.0013830019037126102,1,0.49944922316565427
2024-06-26 20:10:00+00:00,1.1036158461632861,1.1037909507419508,-0.00017510457866464757,1,0.5001543553680761
2024-06-26 20:15:00+00:00,1.1014027188496076,1.1037909507419508,-0.0023882318923432234,1,0.5011593513118635
2024-06-26 20:20:00+00:00,1.1008352503076388,1.1037909507419508,-0.002955700434312034,1,0.5014176934809605
2024-06-26 20:25:00+00:00,1.099771435191003,1.099771435191003,0.0,0,0.0
2024-06-27 12:10:00+00:00,1.0996064694757244,1.0996064694757244,0.0,1,0.5000750112516877
2024-06-27 12:15:00+00:00,1.0988006449282426,1.0996064694757244,-0.0008058245474817708,1,0.5004417499512952
2024-06-27 12:20:00+00:00,1.0979756340820113,1.0996064694757244,-0.0016308353937131656,1,0.5008177782153123
2024-06-27 12:25:00+00:00,1.0977437996387873,1.0996064694757244,-0.0018626698369370424,1,0.5009235468024884
2024-06-27 12:30:00+00:00,1.0991875686196921,1.0996064694757244,-0.00041890085603220827,1,0.5002655900539542
2024-06-27 12:35:00+00:00,1.096602214863188,1.0996064694757244,-0.00300425461253635,1,0.5014450182048057
2024-06-27 12:40:00+00:00,1.0969185054748778,1.0969185054748778,0.0,0,0.0
2024-06-28 15:55:00+00:00,1.0967539676990565,1.0967539676990565,0.0,1,0.5000750112516877
2024-06-28 16:00:00+00:00,1.0962754688116492,1.0967539676990565,-0.00047849888740740076,1,0.5002932824283324
2024-06-28 16:05:00+00:00,1.0976420616340847,1.0967539676990565,0.0008880939350281329,1,0.49967040432191084
2024-06-28 16:10:00+00:00,1.0957778299687453,1.0967539676990565,-0.0009761377303111389,1,0.5005204866693485
2024-06-28 16:15:00+00:00,1.0967807636367513,1.0967539676990565,2.6795937694714092e-05,1,0.5000627936971058
2024-06-28 16:20:00+00:00,1.0939021143301084,1.0967539676990565,-0.002851853368948006,1,0.5013787299179948
2024-06-28 16:25:00+00:00,1.0904455042089245,1.0904455042089245,0.0,0,0.0
2024-06-30 22:30:00+00:00,1.089954877333422,1.089954877333422,0.0,3,1.5004501125253176
2024-06-30 22:35:00+00:00,1.0863704315147598,1.089954877333422,-0.003584445818662306,3,1.5054008015131002
2024-06-30 22:40:00+00:00,1.0876006803002176,1.089954877333422,-0.0023541970332042798,3,1.5036979545571958
2024-06-30 22:45:00+00:00,1.086137970324711,1.089954877333422,-0.003816907008711175,3,1.505722995627827
2024-06-30 22:50:00+00:00,1.0851217166126452,1.089954877333422,-0.004833160720776877,3,1.5071331568661683
2024-06-30 22:55:00+00:00,1.0865190252111772,1.089954877333422,-0.0034358521222447582,3,1.5051949210227489
2024-06-30 23:00:00+00:00,1.0879360805402702,1.0879360805402702,0.0,0,0.0
2024-07-03 10:40:00+00:00,1.0877728901281891,1.0877728901281891,0.0,1,0.5000750112516877
2024-07-03 10:45:00+00:00,1.0884722276558558,1.0877728901281891,0.0006993375276667584,1,0.4997537157577551
2024-07-03 10:50:00+00:00,1.088588783910467,1.0877728901281891,0.0008158937822778848,1,0.4997002066437557
2024-07-03 10:55:00+00:00,1.089161852162305,1.0877728901281891,0.0013889620341159632,1,0.49943728674503185
2024-07-03 11:00:00+00:00,1.0891812782047403,1.0877728901281891,0.0014083880765511912,1,0.4994283790543469
2024-07-03 11:05:00+00:00,1.088229402125416,1.0877728901281891,0.000456511997226952,1,0.49986522989336035
2024-07-03 11:10:00+00:00,1.0878719512889832,1.0878719512889832,0.0,0,0.0
2024-07-03 21:10:00+00:00,1.0875456141807154,1.0875456141807154,0.0,2,1.000225045008439
2024-07-03 21:15:00+00:00,1.0885476745229616,1.0875456141807154,0.0010020603422463128,2,0.9993042898827036
2024-07-03 21:20:00+00:00,1.0871052061635038,1.0875456141807154,-0.000440408017211641,2,1.0006302561382727
2024-07-03 21:25:00+00:00,1.0878336318327726,1.0875456141807154,0.0002880176520571473,2,0.9999602228329132
2024-07-03 21:30:00+00:00,1.088556932487711,1.0875456141807154,0.0010113183069954945,2,0.9992957909943005
2024-07-03 21:35:00+00:00,1.0903174649229035,1.0875456141807154,0.0027718507421881254,2,0.9976822309909108
2024-07-03 21:40:00+00:00,1.0921582900173856,1.0921582900173856,0.0,0,0.0
2024-07-04 13:50:00+00:00,1.091994466273883,1.091994466273883,0.0,1,0.5000750112516877
2024-07-04 13:55:00+00:00,1.0932421342269933,1.091994466273883,0.0012476679531103572,1,0.4995042981899092
2024-07-04 14:00:00+00:00,1.09420567977494,1.091994466273883,0.0022112135010570006,1,0.4990644401708939
2024-07-04 14:05:00+00:00,1.0933327239793644,1.091994466273883,0.001338257705481463,1,0.4994629109985365
2024-07-04 14:10:00+00:00,1.0929703649698803,1.091994466273883,0.000975898695997282,1,0.49962850092805716
2024-07-04 14:15:00+00:00,1.0937280247169836,1.091994466273883,0.0017335584431005585,1,0.4992823925765255
2024-07-04 14:20:00+00:00,1.0952524645403958,1.0952524645403958,0.0,0,0.0
2024-07-05 00:20:00+00:00,1.0950881766707148,1.0950881766707148,0.0,1,0.5000750112516877
2024-07-05 00:25:00+00:00,1.097608109418112,1.0950881766707148,0.00251993274739736,1,0.49892691897157854
2024-07-05 00:30:00+00:00,1.0944581934838653,1.0950881766707148,-0.0006299831868493704,1,0.5003628603912235
2024-07-05 00:35:00+00:00,1.0943193836291358,1.0950881766707148,-0.0007687930415788772,1,0.5004263293354841
2024-07-05 00:40:00+00:00,1.0915752195779447,1.0950881766707148,-0.003512957092770023,1,0.5016843754312565
2024-07-05 00:45:00+00:00,1.089493071757002,1.0950881766707148,-0.005595104913712747,1,0.5026431525508032
2024-07-05 00:50:00+00:00,1.0925107328649668,1.0925107328649668,0.0,0,0.0
2024-07-05 03:20:00+00:00,1.0923468562550371,1.0923468562550371,0.0,1,0.5000750112516877
2024-07-05 03:25:00+00:00,1.0854970775199881,1.0923468562550371,-0.006849778735049078,1,0.5032306191744904
2024-07-05 03:30:00+00:00,1.0894261384187727,1.0923468562550371,-0.002920717836264568,1,0.5014156969148322
2024-07-05 03:35:00+00:00,1.0900751868268315,1.0923468562550371,-0.0022716694282057686,1,0.5011171458939567
2024-07-05 03:40:00+00:00,1.0882091726536622,1.0923468562550371,-0.00413768360137484,1,0.5019764399710098
2024-07-05 03:45:00+00:00,1.0889161718124407,1.0923468562550371,-0.0034306844425964606,1,0.5016505223935389
2024-07-05 03:50:00+00:00,1.0888102459532303,1.0888102459532303,0.0,0,0.0
2024-07-05 04:25:00+00:00,1.0886469244163373,1.0886469244163373,0.0,1,0.5000750112516877
2024-07-05 04:30:00+00:00,1.0941439782655564,1.0886469244163373,0.005497053849219276,1,0.49756260034406935
2024-07-05 04:35:00+00:00,1.0967634971642695,1.0886469244163373,0.008116572747932302,1,0.4963742177636279
2024-07-05 04:40:00+00:00,1.0956614625023735,1.0886469244163373,0.0070145380860362795,1,0.4968734792709165
2024-07-05 04:45:00+00:00,1.0974019775636221,1.0886469244163373,0.008755053147284754,1,0.49608542184812415
2024-07-05 04:50:00+00:00,1.0948261901991112,1.0886469244163373,0.006179265782773916,1,0.4972525573923351
2024-07-05 04:55:00+00:00,1.0940681197970679,1.0940681197970679,0.0,0,0.0
2024-07-05 09:15:00+00:00,1.0939040095790984,1.0939040095790984,0.0,1,0.5000750112516877
2024-07-05 09:20:00+00:00,1.0947197306250356,1.0939040095790984,0.0008157210459372574,1,0.4997023846333729
2024-07-05 09:25:00+00:00,1.0965196368459622,1.0939040095790984,0.002615627266863913,1,0.49888213718819213
2024-07-05 09:30:00+00:00,1.1015469611182058,1.0939040095790984,0.007642951539107364,1,0.49660530073382164
2024-07-05 09:35:00+00:00,1.1009174372675368,1.0939040095790984,0.0070134276884383645,1,0.49688926833266045
2024-07-05 09:40:00+00:00,1.1011568336614532,1.0939040095790984,0.007252824082354731,1,0.4967812423954112
2024-07-05 09:45:00+00:00,1.1029433607272465,1.1029433607272465,0.0,0,0.0
2024-07-05 13:10:00+00:00,1.1027779192231375,1.1027779192231375,0.0,1,0.5000750112516877
2024-07-05 13:15:00+00:00,1.1041683612033435,1.1027779192231375,0.0013904419802059798,1,0.499445283654586
2024-07-05 13:20:00+00:00,1.1034446516464282,1.1027779192231375,0.0006667324232906941,1,0.4997728518061899
2024-07-05 13:25:00+00:00,1.1035036279777237,1.1027779192231375,0.0007257087545862766,1,0.49974614163638775
2024-07-05 13:30:00+00:00,1.1060556038048022,1.1027779192231375,0.0032776845816646196,1,0.49859308923220064
2024-07-05 13:35:00+00:00,1.1073140987387198,1.1027779192231375,0.004536179515582252,1,0.49802642357012716
2024-07-05 13:40:00+00:00,1.1088899584060836,1.1088899584060836,0.0,0,0.0
2024-07-06 00:35:00+00:00,1.1087236249123227,1.1087236249123227,0.0,1,0.5000750112516877
2024-07-06 00:40:00+00:00,1.1093051088968042,1.1087236249123227,0.0005814839844814388,1,0.4998128781309168
2024-07-06 00:45:00+00:00,1.10809772201236,1.1087236249123227,-0.0006259028999626564,1,0.5003574758696755
2024-07-06 00:50:00+00:00,1.102819947236546,1.1087236249123227,-0.0059036776757767,1,0.5027520408860702
2024-07-06 00:55:00+00:00,1.1001467361412216,1.1087236249123227,-0.008576888771101038,1,0.5039736618660202
2024-07-06 01:00:00+00:00,1.0993471956625596,1.1087236249123227,-0.009376429249763016,1,0.5043401951545311
2024-07-06 01:05:00+00:00,1.0980340465327383,1.0980340465327383,0.0,0,0.0
2024-07-08 01:30:00+00:00,1.0977046610245444,1.0977046610245444,0.0,2,1.0002250450084391
2024-07-08 01:35:00+00:00,1.0912742138844325,1.0977046610245444,-0.006430447140111959,2,1.006118975423278
2024-07-08 01:40:00+00:00,1.094968471726047,1.0977046610245444,-0.002736189298497476,2,1.00272448233007
2024-07-08 01:45:00+00:00,1.096128080950817,1.0977046610245444,-0.0015765800737275368,2,1.0016636860784094
2024-07-08 01:50:00+00:00,1.1002156156697387,1.0977046610245444,0.0025109546451942376,2,0.9979422927122225
2024-07-08 01:55:00+00:00,1.0986479032041774,1.0977046610245444,0.0009432421796329187,2,0.9993663035965403
2024-07-08 02:00:00+00:00,1.1047201079373394,1.1047201079373394,0.0,0,0.0
2024-07-09 14:15:00+00:00,1.1042230584536465,1.1042230584536465,0.0,3,1.5004501125253178
2024-07-09 14:20:00+00:00,1.096475004594395,1.1042230584536465,-0.0077480538592515965,3,1.511052787676373
2024-07-09 14:25:00+00:00,1.0908911022133927,1.1042230584536465,-0.013331956240253767,3,1.5187873555372775
2024-07-09 14:30:00+00:00,1.0945420174439213,1.1042230584536465,-0.009681041009725267,3,1.5137213427210545
2024-07-09 14:35:00+00:00,1.0953127503379954,1.1042230584536465,-0.008910308115651269,3,1.5126561904794351
2024-07-09 14:40:00+00:00,1.0941199753004098,1.1042230584536465,-0.010103083153236618,3,1.5143052404786892
2024-07-09 14:45:00+00:00,1.094345299373004,1.094345299373004,0.0,0,0.0
2024-07-11 12:35:00+00:00,1.0940170204059614,1.0940170204059614,0.0,2,1.0002250450084391
2024-07-11 12:40:00+00:00,1.0919692822295817,1.0940170204059614,-0.002047738176379662,2,1.0021007378900675
2024-07-11 12:45:00+00:00,1.0861182801608698,1.0940170204059614,-0.00789874024509158,2,1.0074991310462753
2024-07-11 12:50:00+00:00,1.0897201725611199,1.0940170204059614,-0.0042968478448416215,2,1.0041690068962879
2024-07-11 12:55:00+00:00,1.0810558461671158,1.0940170204059614,-0.012961174238845507,2,1.0122171091856744
2024-07-11 13:00:00+00:00,1.083130260627931,1.0940170204059614,-0.0108867597780304,2,1.0102785078141627
2024-07-11 13:05:00+00:00,1.0821868183123078,1.0821868183123078,0.0,0,0.0
2024-07-15 02:30:00+00:00,1.0816999072880251,1.0816999072880251,0.0,3,1.5004501125253178
2024-07-15 02:35:00+00:00,1.0915699183947727,1.0816999072880251,0.009870011106747668,3,1.4868829932540908
2024-07-15 02:40:00+00:00,1.0878108397677773,1.0816999072880251,0.0061109324797521,3,1.492021120101565
2024-07-15 02:45:00+00:00,1.0853385832484623,1.0816999072880251,0.003638675960437272,3,1.4954197451924434
2024-07-15 02:50:00+00:00,1.0895566458501178,1.0816999072880251,0.007856738562092708,3,1.4896304416945498
2024-07-15 02:55:00+00:00,1.0903355189282975,1.0816999072880251,0.008635611640272376,3,1.488566335254531
2024-07-15 03:00:00+00:00,1.0893218120152552,1.0893218120152552,0.0,0,0.0
2024-07-15 07:45:00+00:00,1.089158413743453,1.089158413743453,0.0,1,0.5000750112516877
2024-07-15 07:50:00+00:00,1.0881972645715174,1.089158413743453,-0.0009611491719355626,1,0.5005167020173409
2024-07-15 07:55:00+00:00,1.0874108697944793,1.089158413743453,-0.0017475439489736345,1,0.5008786661389255
2024-07-15 08:00:00+00:00,1.0869739838072359,1.089158413743453,-0.0021844299362170885,1,0.5010799836256411
2024-07-15 08:05:00+00:00,1.0883331846564375,1.089158413743453,-0.0008252290870153997,1,0.5004541933356236
2024-07-15 08:10:00+00:00,1.0878671729367113,1.089158413743453,-0.0012912408067416983,1,0.500668573845563
2024-07-15 08:15:00+00:00,1.0874513516500572,1.0874513516500572,0.0,0,0.0
2024-07-15 19:25:00+00:00,1.0872882339473098,1.0872882339473098,0.0,1,0.5000750112516877
2024-07-15 19:30:00+00:00,1.082973924051583,1.0872882339473098,-0.0043143098957268864,1,0.50206719086168
2024-07-15 19:35:00+00:00,1.0863167577433994,1.0872882339473098,-0.000971476203910435,1,0.5005222205671459
2024-07-15 19:40:00+00:00,1.0851621343862927,1.0872882339473098,-0.002126099561017101,1,0.501054781212514
2024-07-15 19:45:00+00:00,1.0852226525760444,1.0872882339473098,-0.002065581371265358,1,0.5010268395470379
2024-07-15 19:50:00+00:00,1.0854169478168265,1.0872882339473098,-0.0018712861304831985,1,0.5009371531545194
2024-07-15 19:55:00+00:00,1.0847649068442422,1.0847649068442422,0.0,0,0.0
2024-07-15 22:15:00+00:00,1.0846021921082156,1.0846021921082156,0.0,1,0.5000750112516877
2024-07-15 22:20:00+00:00,1.0841757455753076,1.0846021921082156,-0.00042644653290809876,1,0.5002717093014389
2024-07-15 22:25:00+00:00,1.0847858010321065,1.0846021921082156,0.00018360892389101958,1,0.4999903694407484
2024-07-15 22:30:00+00:00,1.0850929440706891,1.0846021921082156,0.0004907519624735469,1,0.49984884371968347
2024-07-15 22:35:00+00:00,1.0864078208804893,1.0846021921082156,0.0018056287722736236,1,0.49924387784924285
2024-07-15 22:40:00+00:00,1.086472972434128,1.0846021921082156,0.0018707803259122831,1,0.49921394013784853
2024-07-15 22:45:00+00:00,1.0868255472586985,1.0868255472586985,0.0,0,0.0
2024-07-18 16:10:00+00:00,1.0866625234266096,1.0866625234266096,0.0,1,0.5000750112516877
2024-07-18 16:15:00+00:00,1.086971133502205,1.0866625234266096,0.0003086100755952486,1,0.4999330312282363
2024-07-18 16:20:00+00:00,1.0866257460600879,1.0866625234266096,-3.677736652174889e-05,1,0.5000919365288993
2024-07-18 16:25:00+00:00,1.0862515763311278,1.0866625234266096,-0.00041094709548186465,1,0.5002641979722181
2024-07-18 16:30:00+00:00,1.0867392761915244,1.0866625234266096,7.675276491490174e-05,1,0.5000396926241023
2024-07-18 16:35:00+00:00,1.088007295828556,1.0866625234266096,0.001344772401946422,1,0.4994569206592693
2024-07-18 16:40:00+00:00,1.0882648131875634,1.0882648131875634,0.0,0,0.0
2024-07-19 06:05:00+00:00,1.0881015734655852,1.0881015734655852,0.0,1,0.5000750112516877
2024-07-19 06:10:00+00:00,1.0908641551046987,1.0881015734655852,0.002762581639113408,1,0.49880858587892374
2024-07-19 06:15:00+00:00,1.091802703248599,1.0881015734655852,0.0037011297830138435,1,0.4983797942382315
2024-07-19 06:20:00+00:00,1.09039322282048,1.0881015734655852,0.002291649354894822,1,0.4990240173964897
2024-07-19 06:25:00+00:00,1.0907348145477653,1.0881015734655852,0.002633241082180215,1,0.4988677351601608
2024-07-19 06:30:00+00:00,1.0929203383174841,1.0881015734655852,0.004818764851898997,1,0.49787014434323373
2024-07-19 06:35:00+00:00,1.090402437174413,1.090402437174413,0.0,0,0.0
2024-07-19 13:40:00+00:00,1.089911829676169,1.089911829676169,0.0,3,1.5004501125253178
2024-07-19 13:45:00+00:00,1.086465957367223,1.089911829676169,-0.003445872308945912,3,1.5052089910328734
2024-07-19 13:50:00+00:00,1.0948583646078736,1.089911829676169,0.004946534931704604,3,1.493671127101441
2024-07-19 13:55:00+00:00,1.101197299307311,1.089911829676169,0.01128546963114202,3,1.4850729551452555
2024-07-19 14:00:00+00:00,1.1008395077213848,1.089911829676169,0.010927678045215786,3,1.4855556291446084
2024-07-19 14:05:00+00:00,1.0991766672188767,1.089911829676169,0.009264837542707691,3,1.4878029858639978
2024-07-19 14:10:00+00:00,1.1048906812919166,1.1048906812919166,0.0,0,0.0
2024-07-21 16:50:00+00:00,1.1047249476897227,1.1047249476897227,0.0,1,0.5000750112516877
2024-07-21 16:55:00+00:00,1.1051405644823755,1.1047249476897227,0.0004156167926528261,1,0.4998869450645059
2024-07-21 17:00:00+00:00,1.1051218148526318,1.1047249476897227,0.00039686716290904717,1,0.4998954262065915
2024-07-21 17:05:00+00:00,1.1029812321235555,1.1047249476897227,-0.0017437155661672095,1,0.5008655855207459
2024-07-21 17:10:00+00:00,1.104831195591604,1.1047249476897227,0.00010624790188108689,1,0.5000269207189977
2024-07-21 17:15:00+00:00,1.1048561950979288,1.1047249476897227,0.0001312474082060846,1,0.5000156066437157
2024-07-21 17:20:00+00:00,1.1028092486447805,1.1028092486447805,0.0,0,0.0
2024-07-27 03:40:00+00:00,1.1026438272574837,1.1026438272574837,0.0,1,0.5000750112516877
2024-07-27 03:45:00+00:00,1.1007564248124302,1.1026438272574837,-0.001887402445053523,1,0.500932460527178
2024-07-27 03:50:00+00:00,1.1020492954872918,1.1026438272574837,-0.0005945317701918322,1,0.5003447909093544
2024-07-27 03:55:00+00:00,1.1028231304897638,1.1026438272574837,0.00017930323228009386,1,0.49999370622332834
2024-07-27 04:00:00+00:00,1.1017284370716327,1.1026438272574837,-0.0009153901858508638,1,0.5004905072505982
2024-07-27 04:05:00+00:00,1.1025211460985551,1.1026438272574837,-0.00012268115892848206,1,0.5001306562451182
2024-07-27 04:10:00+00:00,1.102129236417852,1.102129236417852,0.0,0,0.0
2024-07-27 20:30:00+00:00,1.1017986224448346,1.1017986224448346,0.0,2,1.000225045008439
2024-07-27 20:35:00+00:00,1.0985084993840135,1.1017986224448346,-0.003290123060821197,2,1.0032208010617043
2024-07-27 20:40:00+00:00,1.0947127419505558,1.1017986224448346,-0.007085880494278827,2,1.006699323478685
2024-07-27 20:45:00+00:00,1.0992657869059086,1.1017986224448346,-0.002532835538925953,2,1.0025296792207452
2024-07-27 20:50:00+00:00,1.0947212911990987,1.1017986224448346,-0.007077331245736026,2,1.0066914616395177
2024-07-27 20:55:00+00:00,1.1096732684477124,1.1017986224448346,0.007874646002877852,2,0.993127083494351
2024-07-27 21:00:00+00:00,1.1057779646960901,1.1057779646960901,0.0,0,0.0
2024-07-29 00:10:00+00:00,1.1056120980013857,1.1056120980013857,0.0,1,0.5000750112516877
2024-07-29 00:15:00+00:00,1.1045987879953647,1.1056120980013857,-0.001013310006021085,1,0.5005337579189569
2024-07-29 00:20:00+00:00,1.1069650559998938,1.1056120980013857,0.0013529579985080444,1,0.4994638081403882
2024-07-29 00:25:00+00:00,1.107258827367803,1.1056120980013857,0.0016467293664172021,1,0.49933129335476456
2024-07-29 00:30:00+00:00,1.1065988478563358,1.1056120980013857,0.0009867498549500041,1,0.4996290963243655
2024-07-29 00:35:00+00:00,1.1063002473700498,1.1056120980013857,0.0006881493686640742,1,0.4997639507560442
2024-07-29 00:40:00+00:00,1.1061963543611784,1.1061963543611784,0.0,0,0.0
2024-07-29 02:50:00+00:00,1.1060304249080242,1.1060304249080242,0.0,1,0.5000750112516877
2024-07-29 02:55:00+00:00,1.107100049405649,1.1060304249080242,0.001069624497624911,1,0.499591863876731
2024-07-29 03:00:00+00:00,1.1075558024524632,1.1060304249080242,0.0015253775444390729,1,0.4993862846060331
2024-07-29 03:05:00+00:00,1.1076674154435198,1.1060304249080242,0.0016369905354956173,1,0.4993359644502351
2024-07-29 03:10:00+00:00,1.1077790284345763,1.1060304249080242,0.001748603526552162,1,0.4992856544343349
2024-07-29 03:15:00+00:00,1.1080301576644536,1.1060304249080242,0.0019997327564293256,1,0.4991724939566895
2024-07-29 03:20:00+00:00,1.106729496135558,1.106729496135558,0.0,0,0.0
2024-07-30 05:00:00+00:00,1.1065634867111378,1.1065634867111378,0.0,1,0.5000750112516877
2024-07-30 05:05:00+00:00,1.1054880529385844,1.1065634867111378,-0.0010754337725532772,1,0.500561491005567
2024-07-30 05:10:00+00:00,1.1047340476958167,1.1065634867111378,-0.0018294390153210597,1,0.5009031352133589
2024-07-30 05:15:00+00:00,1.1031299090518407,1.1065634867111378,-0.00343357765929716,1,0.5016315336272639
2024-07-30 05:20:00+00:00,1.1014236342395214,1.1065634867111378,-0.00513985247161636,1,0.5024086381166589
2024-07-30 05:25:00+00:00,1.099636251293518,1.1065634867111378,-0.006927235417619716,1,0.503225268734864
2024-07-30 05:30:00+00:00,1.0998938065672264,1.0998938065672264,0.0,0,0.0
2024-08-01 05:10:00+00:00,1.0997288224962414,1.0997288224962414,0.0,1,0.5000750112516877
2024-08-01 05:15:00+00:00,1.1006996025549944,1.0997288224962414,0.0009707800587530568,1,0.49963396189755244
2024-08-01 05:20:00+00:00,1.101058791176733,1.0997288224962414,0.0013299686804917304,1,0.49947097075158825
2024-08-01 05:25:00+00:00,1.1017286294172726,1.0997288224962414,0.0019998069210312116,1,0.4991672981889303
2024-08-01 05:30:00+00:00,1.1028353186842512,1.0997288224962414,0.0031064961880099035,1,0.4986663865097582
2024-08-01 05:35:00+00:00,1.1025732080683879,1.0997288224962414,0.0028443855721464744,1,0.49878493260966517
2024-08-01 05:40:00+00:00,1.10234026939329,1.10234026939329,0.0,0,0.0
2024-08-02 06:40:00+00:00,1.102174918352881,1.102174918352881,0.0,1,0.5000750112516877
2024-08-02 06:45:00+00:00,1.1024751568771145,1.102174918352881,0.0003002385242333626,1,0.4999388251594682
2024-08-02 06:50:00+00:00,1.1038988685888016,1.102174918352881,0.0017239502359205666,1,0.49929404801478594
2024-08-02 06:55:00+00:00,1.1047027330246522,1.102174918352881,0.0025278146717711432,1,0.49893072427507545
2024-08-02 07:00:00+00:00,1.1038988685888016,1.102174918352881,0.0017239502359205666,1,0.49929404801478594
2024-08-02 07:05:00+00:00,1.103443668245609,1.102174918352881,0.001268749892727986,1,0.4995000203073015
2024-08-02 07:10:00+00:00,1.1027843764072678,1.1027843764072678,0.0,0,0.0
2024-08-02 15:35:00+00:00,1.1026189587508066,1.1026189587508066,0.0,1,0.5000750112516877
2024-08-02 15:40:00+00:00,1.1023855053433496,1.1026189587508066,-0.0002334534074570428,1,0.5001809126943274
2024-08-02 15:45:00+00:00,1.1055477378625402,1.1026189587508066,0.0029287791117336985,1,0.4987502297003406
2024-08-02 15:50:00+00:00,1.1042177608746033,1.1026189587508066,0.0015988021237966395,1,0.49935095027533327
2024-08-02 15:55:00+00:00,1.1045537922944277,1.1026189587508066,0.001934833543621115,1,0.49919903589145964
2024-08-02 16:00:00+00:00,1.1052859870723613,1.1026189587508066,0.0026670283215547235,1,0.49886834235919353
2024-08-02 16:05:00+00:00,1.1057006657617023,1.1057006657617023,0.0,0,0.0
2024-08-02 21:20:00+00:00,1.1055348106618381,1.1055348106618381,0.0,1,0.5000750112516877
2024-08-02 21:25:00+00:00,1.1053335156330806,1.1055348106618381,-0.0002012950287575905,1,0.5001660811526245
2024-08-02 21:30:00+00:00,1.1032503890969472,1.1055348106618381,-0.0022844215648910315,1,0.5011104807616523
2024-08-02 21:35:00+00:00,1.1049974083373568,1.1055348106618381,-0.0005374023244812794,1,0.50031821677546
2024-08-02 21:40:00+00:00,1.1075366804891151,1.1055348106618381,0.002001869827277098,1,0.49917112689820714
2024-08-02 21:45:00+00:00,1.1077324352877236,1.1055348106618381,0.002197624625885469,1,0.4990829150337674
2024-08-02 21:50:00+00:00,1.1076496836400986,1.1076496836400986,0.0,0,0.0
2024-08-03 16:30:00+00:00,1.1071513160450759,1.1071513160450759,0.0,3,1.5004501125253178
2024-08-03 16:35:00+00:00,1.111561070764891,1.1071513160450759,0.0044097547198152535,3,1.4944975678207766
2024-08-03 16:40:00+00:00,1.0995870310095182,1.1071513160450759,-0.007564285035557711,3,1.5107720170337369
2024-08-03 16:45:00+00:00,1.098792760368107,1.1071513160450759,-0.00835855567696904,3,1.5118640899907825
2024-08-03 16:50:00+00:00,1.0973880699596616,1.1071513160450759,-0.009763246085414127,3,1.513799322425158
2024-08-03 16:55:00+00:00,1.1005821515762522,1.1071513160450759,-0.006569164468823675,3,1.5094060124118707
2024-08-03 17:00:00+00:00,1.102631095924988,1.102631095924988,0.0,0,0.0
2024-08-04 17:50:00+00:00,1.1023003314054103,1.1023003314054103,0.0,2,1.0002250450084391
2024-08-04 17:55:00+00:00,1.1067993344930247,1.1023003314054103,0.00449900308761451,2,0.9961592532921263
2024-08-04 18:00:00+00:00,1.1047818898223865,1.1023003314054103,0.002481558416976253,2,0.9979783419241677
2024-08-04 18:05:00+00:00,1.104252943095549,1.1023003314054103,0.0019526116901387254,2,0.9984563821962956
2024-08-04 18:10:00+00:00,1.1115401792181547,1.1023003314054103,0.009239847812744409,2,0.9919105212807641
2024-08-04 18:15:00+00:00,1.1068733202998702,1.1023003314054103,0.004572988894459795,2,0.996092667852989
2024-08-04 18:20:00+00:00,1.1067790709118657,1.1067790709118657,0.0,0,0.0
2024-08-05 00:20:00+00:00,1.1064470620931213,1.1064470620931213,0.0,2,1.0002250450084391
2024-08-05 00:25:00+00:00,1.0952133424819042,1.1064470620931213,-0.011233719611217125,2,1.010484459560748
2024-08-05 00:30:00+00:00,1.0950962617152518,1.1064470620931213,-0.011350800377869584,2,1.0105924941686193
2024-08-05 00:35:00+00:00,1.0950767120526228,1.1064470620931213,-0.011370350040498543,2,1.0106105355917443
2024-08-05 00:40:00+00:00,1.080932566708608,1.1064470620931213,-0.025514495384513225,2,1.0238345078744255
2024-08-05 00:45:00+00:00,1.0793758491388947,1.1064470620931213,-0.02707121295422658,2,1.0253111215749808
2024-08-05 00:50:00+00:00,1.0820960775390056,1.0820960775390056,0.0,0,0.0
2024-08-05 05:25:00+00:00,1.0817714730629056,1.0817714730629056,0.0,2,1.0002250450084391
2024-08-05 05:30:00+00:00,1.0864820017155563,1.0817714730629056,0.004710528652650786,2,0.9958884902140002
2024-08-05 05:35:00+00:00,1.0937788697350064,1.0817714730629056,0.012007396672100885,2,0.989244673007199
2024-08-05 05:40:00+00:00,1.0850794705272604,1.0817714730629056,0.0033079974643548168,2,0.9971757366374454
2024-08-05 05:45:00+00:00,1.080835205076575,1.0817714730629056,-0.0009362679863304357,2,1.001091484854559
2024-08-05 05:50:00+00:00,1.080199615213858,1.0817714730629056,-0.001571857849047609,2,1.0016805274634104
2024-08-05 05:55:00+00:00,1.0774092431675375,1.0774092431675375,0.0,0,0.0
2024-08-08 12:35:00+00:00,1.0767629430573404,1.0767629430573404,0.0,4,2.0007502250590767
2024-08-08 12:40:00+00:00,1.0662661136749576,1.0767629430573404,-0.010496829382382784,4,2.0204465592854604
2024-08-08 12:45:00+00:00,1.0588839106662176,1.0767629430573404,-0.01787903239112278,4,2.034532472310214
2024-08-08 12:50:00+00:00,1.0498195613242987,1.0767629430573404,-0.026943381733041873,4,2.0520990273220434
2024-08-08 12:55:00+00:00,1.0460787086695287,1.0767629430573404,-0.03068423438781183,4,2.059437480949469
2024-08-08 13:00:00+00:00,1.050111366934951,1.0767629430573404,-0.02665157612238927,4,2.0515287887467437
2024-08-08 13:05:00+00:00,1.0488659017592459,1.0488659017592459,0.0,0,0.0
2024-08-08 21:45:00+00:00,1.048708571873982,1.048708571873982,0.0,1,0.5000750112516877
2024-08-08 21:50:00+00:00,1.0483331718612015,1.048708571873982,-0.0003754000127804476,1,0.5002540842512399
2024-08-08 21:55:00+00:00,1.0485100346847747,1.048708571873982,-0.00019853718920721604,1,0.5001697013203017
2024-08-08 22:00:00+00:00,1.0544713522087428,1.048708571873982,0.005762780334760863,1,0.4973420565491156
2024-08-08 22:05:00+00:00,1.0512886883590502,1.048708571873982,0.002580116485068251,1,0.498847706330986
2024-08-08 22:10:00+00:00,1.0512201973636468,1.048708571873982,0.0025116254896648256,1,0.498880208157004
2024-08-08 22:15:00+00:00,1.0501421404262516,1.0501421404262516,0.0,0,0.0
2024-08-12 14:10:00+00:00,1.049827121412322,1.049827121412322,0.0,2,1.000225045008439
2024-08-12 14:15:00+00:00,1.0617409436430116,1.049827121412322,0.011913822230689635,2,0.9890014942465869
2024-08-12 14:20:00+00:00,1.0597626789278798,1.049827121412322,0.009935557515557816,2,0.9908476686761866
2024-08-12 14:25:00+00:00,1.0632252593792806,1.049827121412322,0.013398137966958653,2,0.9876207986055139
2024-08-12 14:30:00+00:00,1.0613368611684617,1.049827121412322,0.01150973975613978,2,0.9893780364979214
2024-08-12 14:35:00+00:00,1.0663211326596327,1.049827121412322,0.016494011247310605,2,0.9847534177125772
2024-08-12 14:40:00+00:00,1.0777755378947647,1.0777755378947647,0.0,0,0.0
2024-08-12 23:20:00+00:00,1.0774522294833457,1.0774522294833457,0.0,2,1.0002250450084391
2024-08-12 23:25:00+00:00,1.070290661138158,1.0774522294833457,-0.0071615683451878714,2,1.0069177877188904
2024-08-12 23:30:00+00:00,1.0668131583503002,1.0774522294833457,-0.010639071133045474,2,1.0102000488969871
2024-08-12 23:35:00+00:00,1.072005153535799,1.0774522294833457,-0.005447075947546681,2,1.0053073916434614
2024-08-12 23:40:00+00:00,1.0754071718924463,1.0774522294833457,-0.002045057590899486,2,1.0021271318406317
2024-08-12 23:45:00+00:00,1.0726658426272606,1.0774522294833457,-0.004786386856085146,2,1.004688190769499
2024-08-12 23:50:00+00:00,1.0712627029347552,1.0712627029347552,0.0,0,0.0
2024-08-16 02:35:00+00:00,1.071102013529315,1.071102013529315,0.0,1,0.5000750112516877
2024-08-16 02:40:00+00:00,1.0704842957168021,1.071102013529315,-0.0006177178125128447,1,0.5003635771309619
2024-08-16 02:45:00+00:00,1.0687608630198913,1.071102013529315,-0.0023411505094236987,1,0.5011704395255431
2024-08-16 02:50:00+00:00,1.0680607828323767,1.071102013529315,-0.0030412306969382044,1,0.501498940956285
2024-08-16 02:55:00+00:00,1.0687052684167653,1.071102013529315,-0.0023967451125498306,1,0.5011965106721045
2024-08-16 03:00:00+00:00,1.0693826989511543,1.071102013529315,-0.001719314578160768,1,0.5008790136521961
2024-08-16 03:05:00+00:00,1.0677971404581845,1.0677971404581845,0.0,0,0.0
2024-08-16 13:20:00+00:00,1.0673167038176816,1.0673167038176816,0.0,3,1.5004501125253178
2024-08-16 13:25:00+00:00,1.0633765751250714,1.0673167038176816,-0.003940128692610257,3,1.5060097295777208
2024-08-16 13:30:00+00:00,1.066625684149753,1.0673167038176816,-0.0006910196679285482,3,1.501422187878376
2024-08-16 13:35:00+00:00,1.0737622651442311,1.0673167038176816,0.006445561326549404,3,1.4914432368586534
2024-08-16 13:40:00+00:00,1.0661844892706467,1.0673167038176816,-0.0011322145470349823,3,1.5020434872757453
2024-08-16 13:45:00+00:00,1.0647190227650851,1.0673167038176816,-0.0025976810525964126,3,1.504110881934275
2024-08-16 13:50:00+00:00,1.0625158707443332,1.0625158707443332,0.0,0,0.0
2024-08-17 15:15:00+00:00,1.0623564933637215,1.0623564933637215,0.0,1,0.5000750112516877
2024-08-17 15:20:00+00:00,1.0619713091384098,1.0623564933637215,-0.0003851842253116635,1,0.5002563918635266
2024-08-17 15:25:00+00:00,1.0620700743243872,1.0623564933637215,-0.0002864190393342942,1,0.5002098714721012
2024-08-17 15:30:00+00:00,1.0605095843859451,1.0623564933637215,-0.0018469089777764572,1,0.500945906754605
2024-08-17 15:35:00+00:00,1.0602231653466108,1.0623564933637215,-0.0021333280171107515,1,0.5010812371737665
2024-08-17 15:40:00+00:00,1.061852790915237,1.0623564933637215,-0.000503702448484483,1,0.5003122277564127
2024-08-17 15:45:00+00:00,1.0604983547842994,1.0604983547842994,0.0,0,0.0
2024-08-18 10:20:00+00:00,1.0603392800310818,1.0603392800310818,0.0,1,0.5000750112516877
2024-08-18 10:25:00+00:00,1.0560236407918693,1.0603392800310818,-0.00431563923921253,1,0.5021186618459956
2024-08-18 10:30:00+00:00,1.0569580294055825,1.0603392800310818,-0.0033812506254992554,1,0.501674771031688
2024-08-18 10:35:00+00:00,1.0553328476533264,1.0603392800310818,-0.00500643237775537,1,0.5024473355218968
2024-08-18 10:40:00+00:00,1.0555073638146424,1.0603392800310818,-0.004831916216439316,1,0.5023642615583559
2024-08-18 10:45:00+00:00,1.0559472899712934,1.0603392800310818,-0.004391990059788403,1,0.5021549677982173
2024-08-18 10:50:00+00:00,1.0534795118339983,1.0534795118339983,0.0,0,0.0
2024-08-19 17:35:00+00:00,1.0531634916837371,1.0531634916837371,0.0,2,1.000225045008439
2024-08-19 17:40:00+00:00,1.0479142395623384,1.0531634916837371,-0.005249252121398743,2,1.0052354105910075
2024-08-19 17:45:00+00:00,1.0435767592327727,1.0531634916837371,-0.009586732450964393,2,1.0094135304863059
2024-08-19 17:50:00+00:00,1.0445491036063328,1.0531634916837371,-0.008614388077404438,2,1.0084738929301822
2024-08-19 17:55:00+00:00,1.0426340509340728,1.0531634916837371,-0.010529440749664226,2,1.0103262021098318
2024-08-19 18:00:00+00:00,1.0423764121289143,1.0531634916837371,-0.010787079554822922,2,1.0105759192297734
2024-08-19 18:05:00+00:00,1.0418697865605717,1.0418697865605717,0.0,0,0.0
2024-08-20 00:25:00+00:00,1.0417135060925877,1.0417135060925877,0.0,1,0.5000750112516877
2024-08-20 00:30:00+00:00,1.046121425011522,1.0417135060925877,0.004407918918934319,1,0.4979679039405471
2024-08-20 00:35:00+00:00,1.0463834592795043,1.0417135060925877,0.004669953186916633,1,0.49784320333100424
2024-08-20 00:40:00+00:00,1.0467065152263317,1.0417135060925877,0.004993009133744061,1,0.49768954879166194
2024-08-20 00:45:00+00:00,1.0445779354877909,1.0417135060925877,0.002864429395203251,1,0.4987037114057198
2024-08-20 00:50:00+00:00,1.0455650508808747,1.0417135060925877,0.0038515447882870504,1,0.49823288645828884
2024-08-20 00:55:00+00:00,1.0472932634360508,1.0472932634360508,0.0,0,0.0
2024-08-20 05:20:00+00:00,1.0471361694465353,1.0471361694465353,0.0,1,0.5000750112516877
2024-08-20 05:25:00+00:00,1.0469435915140326,1.0471361694465353,-0.0001925779325027356,1,0.5001669965434874
2024-08-20 05:30:00+00:00,1.0453504467996915,1.0471361694465353,-0.0017857226468438864,1,0.5009292657033376
2024-08-20 05:35:00+00:00,1.0455430247321942,1.0471361694465353,-0.0015931447143410346,1,0.500836999847187
2024-08-20 05:40:00+00:00,1.0449477838499128,1.0471361694465353,-0.0021883855966224656,1,0.5011222951148318
2024-08-20 05:45:00+00:00,1.044679341883394,1.0471361694465353,-0.002456827563141383,1,0.5012510640575817
2024-08-20 05:50:00+00:00,1.044032049520235,1.044032049520235,0.0,0,0.0
2024-08-20 15:20:00+00:00,1.0438754447128071,1.0438754447128071,0.0,1,0.5000750112516877
2024-08-20 15:25:00+00:00,1.04268311515941,1.0438754447128071,-0.0011923295533971749,1,0.5006468572959575
2024-08-20 15:30:00+00:00,1.0417918993406843,1.0438754447128071,-0.0020835453721228464,1,0.5010751428288934
2024-08-20 15:35:00+00:00,1.0427114077250836,1.0438754447128071,-0.0011640369877233938,1,0.5006332729197012
2024-08-20 15:40:00+00:00,1.0429559363284076,1.0438754447128071,-0.0009195083843995688,1,0.5005158958084154
2024-08-20 15:45:00+00:00,1.0420687623047782,1.0438754447128071,-0.001806682408028961,1,0.500942014234797
2024-08-20 15:50:00+00:00,1.0414675600367613,1.0414675600367613,0.0,0,0.0
2024-08-21 14:00:00+00:00,1.0408428200848006,1.0408428200848006,0.0,4,2.0007502250590767
2024-08-21 14:05:00+00:00,1.0427908199808276,1.0408428200848006,0.0019479998960269312,4,1.9970126957715995
2024-08-21 14:10:00+00:00,1.0491480910055513,1.0408428200848006,0.008305270920750774,4,1.9849118769685397
2024-08-21 14:15:00+00:00,1.0331577328175192,1.0408428200848006,-0.007685087267281333,4,2.0156326961389577
2024-08-21 14:20:00+00:00,1.0289292271480894,1.0408428200848006,-0.011913592936711095,4,2.023916175758577
2024-08-21 14:25:00+00:00,1.0376109186170428,1.0408428200848006,-0.003231901467757797,4,2.006982067335374
2024-08-21 14:30:00+00:00,1.0352552651572418,1.0352552651572418,0.0,0,0.0
2024-08-23 14:05:00+00:00,1.0350999768674682,1.0350999768674682,0.0,1,0.5000750112516877
2024-08-23 14:10:00+00:00,1.0364466060982451,1.0350999768674682,0.0013466292307769607,1,0.49942527625929123
2024-08-23 14:15:00+00:00,1.039132299227042,1.0350999768674682,0.0040323223595738165,1,0.49813448486170425
2024-08-23 14:20:00+00:00,1.0341290924969642,1.0350999768674682,-0.0009708843705040509,1,0.5005445029389698
2024-08-23 14:25:00+00:00,1.0370644416067478,1.0350999768674682,0.001964464739279528,1,0.4991277415477176
2024-08-23 14:30:00+00:00,1.0367777995545038,1.0350999768674682,0.001677822687035568,1,0.49926573736536595
2024-08-23 14:35:00+00:00,1.035449884687368,1.035449884687368,0.0,0,0.0
2024-08-23 20:05:00+00:00,1.035294567204665,1.035294567204665,0.0,1,0.5000750112516877
2024-08-23 20:10:00+00:00,1.0328776753272662,1.035294567204665,-0.002416891877398809,1,0.5012451665001313
2024-08-23 20:15:00+00:00,1.0339799971183745,1.035294567204665,-0.0013145700862905443,1,0.5007107911048038
2024-08-23 20:20:00+00:00,1.0342641359651508,1.035294567204665,-0.001030431239514265,1,0.5005732330267407
2024-08-23 20:25:00+00:00,1.0354451950270525,1.035294567204665,0.00015062782238743904,1,0.5000022645623052
2024-08-23 20:30:00+00:00,1.0347981800627062,1.035294567204665,-0.0004963871419586738,1,0.5003148945549085
2024-08-23 20:35:00+00:00,1.0336774751728837,1.0336774751728837,0.0,0,0.0
2024-08-23 21:50:00+00:00,1.0335224235516078,1.0335224235516078,0.0,1,0.5000750112516877
2024-08-23 21:55:00+00:00,1.033904964377113,1.0335224235516078,0.00038254082550504855,1,0.499889985437701
2024-08-23 22:00:00+00:00,1.0340353760221714,1.0335224235516078,0.0005129524705636035,1,0.4998269397461697
2024-08-23 22:05:00+00:00,1.0353134101437456,1.0335224235516078,0.0017909865921376484,1,0.49920993249250256
2024-08-23 22:10:00+00:00,1.0347395989054877,1.0335224235516078,0.0012171753538799607,1,0.49948676762070016
2024-08-23 22:15:00+00:00,1.0337745527320543,1.0335224235516078,0.00025212918044649366,1,0.49995304703578064
2024-08-23 22:20:00+00:00,1.0335847246720962,1.0335847246720962,0.0,0,0.0
2024-08-27 01:05:00+00:00,1.0334296869633954,1.0334296869633954,0.0,1,0.5000750112516877
2024-08-27 01:10:00+00:00,1.0328345798113858,1.0334296869633954,-0.0005951071520095926,1,0.5003631485987076
2024-08-27 01:15:00+00:00,1.0326042421946988,1.0334296869633954,-0.0008254447686965104,1,0.5004747619839879
2024-08-27 01:20:00+00:00,1.0337551105713125,1.0334296869633954,0.00032542360791707614,1,0.49991758884794185
2024-08-27 01:25:00+00:00,1.0338723286467084,1.0334296869633954,0.0004426416833129267,1,0.49986090933733146
2024-08-27 01:30:00+00:00,1.0339920058425671,1.0334296869633954,0.0005623188791716129,1,0.4998030540042043
2024-08-27 01:35:00+00:00,1.03431485721048,1.03431485721048,0.0,0,0.0
2024-08-27 16:15:00+00:00,1.0341597099818984,1.0341597099818984,0.0,1,0.5000750112516879
2024-08-27 16:20:00+00:00,1.035077419611616,1.0341597099818984,0.0009177096297175699,1,0.4996316399205086
2024-08-27 16:25:00+00:00,1.0351014644054077,1.0341597099818984,0.0009417544235092509,1,0.49962003377351055
2024-08-27 16:30:00+00:00,1.0342679115539612,1.0341597099818984,0.00010820157206285198,1,0.5000226951140968
2024-08-27 16:35:00+00:00,1.0339092433799013,1.0341597099818984,-0.0002504666019971278,1,0.5001961554329725
2024-08-27 16:40:00+00:00,1.0321279249064976,1.0341597099818984,-0.002031785075400727,1,0.501059428899853
2024-08-27 16:45:00+00:00,1.0309087955526324,1.0309087955526324,0.0,0,0.0
2024-08-28 09:55:00+00:00,1.0305995461094144,1.0305995461094144,0.0,2,1.0002250450084391
2024-08-28 10:00:00+00:00,1.0381963140582644,1.0305995461094144,0.00759676794885001,2,0.9929061232778705
2024-08-28 10:05:00+00:00,1.0317715730877977,1.0305995461094144,0.0011720269783833345,2,0.9990888528824086
2024-08-28 10:10:00+00:00,1.031904045472012,1.0305995461094144,0.0013044993625977845,2,0.9989605932026794
2024-08-28 10:15:00+00:00,1.0330480909564606,1.0305995461094144,0.002448544847046061,2,0.9978542977980411
2024-08-28 10:20:00+00:00,1.0308781502997242,1.0305995461094144,0.00027860419030971103,2,0.9999547250984564
2024-08-28 10:25:00+00:00,1.0328784686020416,1.0328784686020416,0.0,0,0.0
2024-08-28 16:30:00+00:00,1.0325686283012265,1.0325686283012265,0.0,2,1.0002250450084391
2024-08-28 16:35:00+00:00,1.026511376988777,1.0325686283012265,-0.006057251312449418,2,1.0061271856007772
2024-08-28 16:40:00+00:00,1.030097394088539,1.0325686283012265,-0.0024712342126876593,2,1.0026246145693338
2024-08-28 16:45:00+00:00,1.0346911963868803,1.0325686283012265,0.0021225680856538586,2,0.9981731808711776
2024-08-28 16:50:00+00:00,1.0328360753875445,1.0325686283012265,0.0002674470863180576,2,0.9999660423648208
2024-08-28 16:55:00+00:00,1.0370891674039024,1.0325686283012265,0.004520539102675833,2,0.995865191902698
2024-08-28 17:00:00+00:00,1.0424465822385567,1.0424465822385567,0.0,0,0.0
2024-08-28 18:55:00+00:00,1.0421338717189332,1.0421338717189332,0.0,2,1.0002250450084391
2024-08-28 19:00:00+00:00,1.0433529241108377,1.0421338717189332,0.0012190523919043475,2,0.999056383182337
2024-08-28 19:05:00+00:00,1.0473057303026256,1.0421338717189332,0.005171858583692323,2,0.9952856826665981
2024-08-28 19:10:00+00:00,1.0403136070299335,1.0421338717189332,-0.0018202646889996618,2,1.0019751656626137
2024-08-28 19:15:00+00:00,1.0455222719314665,1.0421338717189332,0.003388400212533224,2,0.9969834471524444
2024-08-28 19:20:00+00:00,1.0419228373705611,1.0421338717189332,-0.0002110343483720708,2,1.0004276337540043
2024-08-28 19:25:00+00:00,1.0429433945901283,1.0429433945901283,0.0,0,0.0
2024-09-02 08:15:00+00:00,1.0427869530809397,1.0427869530809397,0.0,1,0.5000750112516877
2024-09-02 08:20:00+00:00,1.0440368542154916,1.0427869530809397,0.0012499011345519853,1,0.49947633092598775
2024-09-02 08:25:00+00:00,1.0460512579857404,1.0427869530809397,0.0032643049048007747,1,0.4985144784388499
2024-09-02 08:30:00+00:00,1.0469492452086226,1.0427869530809397,0.004162292127682843,1,0.49808689359258473
2024-09-02 08:35:00+00:00,1.048166786443251,1.0427869530809397,0.005379833362311142,1,0.4975083202784706
2024-09-02 08:40:00+00:00,1.0469816051085463,1.0427869530809397,0.004194652027606529,1,0.4980714988216057
2024-09-02 08:45:00+00:00,1.0472822471857797,1.0472822471857797,0.0,0,0.0
2024-09-02 20:55:00+00:00,1.0469680860754744,1.0469680860754744,0.0,2,1.0002250450084391
2024-09-02 21:00:00+00:00,1.044655548511948,1.0469680860754744,-0.002312537563526523,2,1.0024392274649023
2024-09-02 21:05:00+00:00,1.0483665857634257,1.0469680860754744,0.0013984996879512906,2,0.9988907651560279
2024-09-02 21:10:00+00:00,1.0468054993594391,1.0469680860754744,-0.0001625867160353952,2,1.000380396986876
2024-09-02 21:15:00+00:00,1.047695520373367,1.0469680860754744,0.0007274342978925749,2,0.9995305703359779
2024-09-02 21:20:00+00:00,1.0468135211550729,1.0469680860754744,-0.00015456492040150354,2,1.0003727310110948
2024-09-02 21:25:00+00:00,1.0470133780815956,1.0470133780815956,0.0,0,0.0
2024-09-04 01:10:00+00:00,1.0466992976259721,1.0466992976259721,0.0,2,1.000225045008439
2024-09-04 01:15:00+00:00,1.0509033851728304,1.0466992976259721,0.004204087546858235,2,0.99622369368052
2024-09-04 01:20:00+00:00,1.0469912867705877,1.0466992976259721,0.000291989144615607,2,0.9999460982215789
2024-09-04 01:25:00+00:00,1.052119728882239,1.0466992976259721,0.0054204312562668045,2,0.9950719707447098
2024-09-04 01:30:00+00:00,1.0536489899129473,1.0466992976259721,0.0069496922869751575,2,0.9936277281153539
2024-09-04 01:35:00+00:00,1.0561887001009185,1.0466992976259721,0.009489402474946236,2,0.991238451971892
2024-09-04 01:40:00+00:00,1.0585877256397602,1.0585877256397602,0.0,0,0.0
2024-09-05 13:40:00+00:00,1.0584289374809142,1.0584289374809142,0.0,1,0.5000750112516879
2024-09-05 13:45:00+00:00,1.0569461188795162,1.0584289374809142,-0.0014828186013979261,1,0.5007765801543339
2024-09-05 13:50:00+00:00,1.0550438797475603,1.0584289374809142,-0.003385057733353914,1,0.5016794779630624
2024-09-05 13:55:00+00:00,1.0568635338635435,1.0584289374809142,-0.0015654036173706712,1,0.5008157116415559
2024-09-05 14:00:00+00:00,1.0581190116906345,1.0584289374809142,-0.00030992579027968854,1,0.5002214845135317
2024-09-05 14:05:00+00:00,1.058592251669804,1.0584289374809142,0.0001633141888898648,1,0.49999786224108633
2024-09-05 14:10:00+00:00,1.0587062724401264,1.0587062724401264,0.0,0,0.0
2024-09-06 19:05:00+00:00,1.0585474664992605,1.0585474664992605,0.0,1,0.5000750112516877
2024-09-06 19:10:00+00:00,1.0590580743886393,1.0585474664992605,0.0005106078893788225,1,0.49983390809388994
2024-09-06 19:15:00+00:00,1.0599106708178812,1.0585474664992605,0.0013632043186207015,1,0.499431839677194
2024-09-06 19:20:00+00:00,1.058575965544249,1.0585474664992605,2.8499044988676192e-05,1,0.500061548202547
2024-09-06 19:25:00+00:00,1.0590984480357064,1.0585474664992605,0.0005509815364460158,1,0.49981485404104437
2024-09-06 19:30:00+00:00,1.0578991132257702,1.0585474664992605,-0.0006483532734903265,1,0.5003814915828292
2024-09-06 19:35:00+00:00,1.0569874575131224,1.0569874575131224,0.0,0,0.0
2024-09-07 05:10:00+00:00,1.0568289093944954,1.0568289093944954,0.0,1,0.5000750112516877
2024-09-07 05:15:00+00:00,1.056891811724576,1.0568289093944954,6.290233008062643e-05,1,0.5000452486183947
2024-09-07 05:20:00+00:00,1.0546063603983182,1.0568289093944954,-0.0022225489961770293,1,0.5011289032591767
2024-09-07 05:25:00+00:00,1.0547065381832614,1.0568289093944954,-0.00212237121123392,1,0.5010813052006816
2024-09-07 05:30:00+00:00,1.0543104864753472,1.0568289093944954,-0.002518422919148128,1,0.5012695363804663
2024-09-07 05:35:00+00:00,1.0550792927318864,1.0568289093944954,-0.001749616662608918,1,0.5009042755337825
2024-09-07 05:40:00+00:00,1.0551537162061502,1.0551537162061502,0.0,0,0.0
2024-09-08 22:20:00+00:00,1.0549954431487192,1.0549954431487192,0.0,1,0.5000750112516877
2024-09-08 22:25:00+00:00,1.0578094297776006,1.0549954431487192,0.0028139866288814075,1,0.49874471076892896
2024-09-08 22:30:00+00:00,1.0576076758711257,1.0549954431487192,0.002612232722406448,1,0.4988398535104455
2024-09-08 22:35:00+00:00,1.054322930127136,1.0549954431487192,-0.0006725130215831406,1,0.5003939903303223
2024-09-08 22:40:00+00:00,1.053602380461154,1.0549954431487192,-0.0013930626875650225,1,0.5007362055049255
2024-09-08 22:45:00+00:00,1.0529538857617704,1.0549954431487192,-0.0020415573869487632,1,0.5010445996135853
2024-09-08 22:50:00+00:00,1.0536650759679576,1.0536650759679576,0.0,0,0.0
2024-09-09 16:15:00+00:00,1.0531909978026086,1.0531909978026086,0.0,3,1.5004501125253176
2024-09-09 16:20:00+00:00,1.0524361793428825,1.0531909978026086,-0.0007548184597261918,3,1.5015262513592558
2024-09-09 16:25:00+00:00,1.0567787409308864,1.0531909978026086,0.003587743128277839,3,1.4953561137798523
2024-09-09 16:30:00+00:00,1.0540792579805476,1.0531909978026086,0.0008882601779389846,3,1.4991857008846847
2024-09-09 16:35:00+00:00,1.0569404600511483,1.0531909978026086,0.0037494622485396076,3,1.4951273140656405
2024-09-09 16:40:00+00:00,1.0513037538352379,1.0531909978026086,-0.0018872439673706602,3,1.5031436398839653
2024-09-09 16:45:00+00:00,1.0576060176110857,1.0576060176110857,0.0,0,0.0
2024-09-10 14:30:00+00:00,1.057447376708444,1.057447376708444,0.0,1,0.5000750112516877
2024-09-10 14:35:00+00:00,1.0552055810591643,1.057447376708444,-0.0022417956492797584,1,0.5011374260120535
2024-09-10 14:40:00+00:00,1.0553690453252575,1.057447376708444,-0.0020783313831864024,1,0.5010598057123888
2024-09-10 14:45:00+00:00,1.0542442554942821,1.057447376708444,-0.0032031212141619032,1,0.5015943943252635
2024-09-10 14:50:00+00:00,1.0551004968881041,1.057447376708444,-0.0023468798203397853,1,0.5011873374765585
2024-09-10 14:55:00+00:00,1.0532868219357356,1.057447376708444,-0.004160554772708426,1,0.5020503416474025
2024-09-10 15:00:00+00:00,1.054342487009787,1.054342487009787,0.0,0,0.0
2024-09-10 17:15:00+00:00,1.0541843356367355,1.0541843356367355,0.0,1,0.5000750112516877
2024-09-10 17:20:00+00:00,1.0519265019657391,1.0541843356367355,-0.0022578336709963833,1,0.5011483620954188
2024-09-10 17:25:00+00:00,1.053057355193751,1.0541843356367355,-0.0011269804429845187,1,0.5006101907981069
2024-09-10 17:30:00+00:00,1.0512681285110748,1.0541843356367355,-0.002916207125660719,1,0.5014622142607265
2024-09-10 17:35:00+00:00,1.0521704874224678,1.0541843356367355,-0.0020138482142676934,1,0.5010321519246563
2024-09-10 17:40:00+00:00,1.0522827981882634,1.0541843356367355,-0.0019015374484720345,1,0.5009786764665686
2024-09-10 17:45:00+00:00,1.0527133101393824,1.0527133101393824,0.0,0,0.0
2024-09-11 15:00:00+00:00,1.0525554031428614,1.0525554031428614,0.0,1,0.5000750112516877
2024-09-11 15:05:00+00:00,1.0519147725876083,1.0525554031428614,-0.0006406305552530335,1,0.5003795638071561
2024-09-11 15:10:00+00:00,1.0520333234376908,1.0525554031428614,-0.0005220797051706649,1,0.5003231773588073
2024-09-11 15:15:00+00:00,1.0527423487141452,1.0525554031428614,0.00018694557128373515,1,0.49998620812832395
2024-09-11 15:20:00+00:00,1.0538936598543684,1.0525554031428614,0.0013382567115070888,1,0.4994400053060623
2024-09-11 15:25:00+00:00,1.0532940661318364,1.0525554031428614,0.0007386629889748753,1,0.49972431440984627
2024-09-11 15:30:00+00:00,1.0532775082257981,1.0532775082257981,0.0,0,0.0
2024-09-12 02:00:00+00:00,1.0529615486720743,1.0529615486720743,0.0,2,1.0002250450084391
2024-09-12 02:05:00+00:00,1.0545372373762034,1.0529615486720743,0.001575688704129119,2,0.9987305095390913
2024-09-12 02:10:00+00:00,1.053525968488963,1.0529615486720743,0.0005644198168888962,2,0.9996891808212839
2024-09-12 02:15:00+00:00,1.0490606182799491,1.0529615486720743,-0.0039009303921251114,2,1.0039443803919708
2024-09-12 02:20:00+00:00,1.0483420603009947,1.0529615486720743,-0.004619488371079467,2,1.0046325071706959
2024-09-12 02:25:00+00:00,1.047480214699679,1.0529615486720743,-0.00548133397239536,2,1.005459098542154
2024-09-12 02:30:00+00:00,1.047791418080864,1.047791418080864,0.0,0,0.0
2024-09-16 10:50:00+00:00,1.0476342493681519,1.0476342493681519,0.0,1,0.5000750112516877
2024-09-16 10:55:00+00:00,1.0462783418407056,1.0476342493681519,-0.0013559075274463925,1,0.500723075390004
2024-09-16 11:00:00+00:00,1.0468809674084594,1.0476342493681519,-0.0007532819596924339,1,0.5004348396335156
2024-09-16 11:05:00+00:00,1.0467382403003072,1.0476342493681519,-0.0008960090678447163,1,0.5005030760031537
2024-09-16 11:10:00+00:00,1.046861144198994,1.0476342493681519,-0.0007731051691580318,1,0.5004443157944227
2024-09-16 11:15:00+00:00,1.0471624569828708,1.0476342493681519,-0.0004717923852810816,1,0.5003003168676451
2024-09-16 11:20:00+00:00,1.0472788485607838,1.0472788485607838,0.0,0,0.0
2024-09-17 19:55:00+00:00,1.046807643766719,1.046807643766719,0.0,3,1.5004501125253178
2024-09-17 20:00:00+00:00,1.0459831594931421,1.046807643766719,-0.0008244842735768774,3,1.5016328251816702
2024-09-17 20:05:00+00:00,1.0444193706617058,1.046807643766719,-0.0023882731050132696,3,1.5038811908352576
2024-09-17 20:10:00+00:00,1.0473221763997058,1.046807643766719,0.0005145326329866961,3,1.4997129653852497
2024-09-17 20:15:00+00:00,1.045610389895609,1.046807643766719,-0.0011972538711101065,3,1.5021681709178016
2024-09-17 20:20:00+00:00,1.0483365443484622,1.046807643766719,0.0015289005817430844,3,1.4982618466842732
2024-09-17 20:25:00+00:00,1.0474763129642541,1.0474763129642541,0.0,0,0.0
2024-09-18 16:10:00+00:00,1.0473191915173095,1.0473191915173095,0.0,1,0.5000750112516877
2024-09-18 16:15:00+00:00,1.0470375077463017,1.0473191915173095,-0.0002816837710078802,1,0.5002095460834526
2024-09-18 16:20:00+00:00,1.0478288630904768,1.0473191915173095,0.0005096715731674675,1,0.49983177113236654
2024-09-18 16:25:00+00:00,1.0477927723573166,1.0473191915173095,0.00047358084000710904,1,0.4998489876045096
2024-09-18 16:30:00+00:00,1.048754018225881,1.0473191915173095,0.001434826708571535,1,0.499390846070946
2024-09-18 16:35:00+00:00,1.0493746027838828,1.0473191915173095,0.0020554112665733147,1,0.4990955137399968
2024-09-18 16:40:00+00:00,1.0505149872071433,1.0505149872071433,0.0,0,0.0
2024-09-19 12:10:00+00:00,1.0503574099590622,1.0503574099590622,0.0,1,0.5000750112516877
2024-09-19 12:15:00+00:00,1.0512808289185698,1.0503574099590622,0.0009234189595076161,1,0.4996357577869016
2024-09-19 12:20:00+00:00,1.0507118536000855,1.0503574099590622,0.00035444364102315954,1,0.49990631761111876
2024-09-19 12:25:00+00:00,1.0523721422343517,1.0503574099590622,0.002014732275289397,1,0.4991176338898209
2024-09-19 12:30:00+00:00,1.0522508851992647,1.0503574099590622,0.0018934752402024809,1,0.4991751501393165
2024-09-19 12:35:00+00:00,1.0514207408821317,1.0503574099590622,0.001063330923069362,1,0.4995692715390851
2024-09-19 12:40:00+00:00,1.0509926671711645,1.0509926671711645,0.0,0,0.0
2024-09-19 16:20:00+00:00,1.0508350182710888,1.0508350182710888,0.0,1,0.5000750112516877
2024-09-19 16:25:00+00:00,1.050997845284435,1.0508350182710888,0.00016282701334625112,1,0.4999975365728418
2024-09-19 16:30:00+00:00,1.0526218304964927,1.0508350182710888,0.0017868122254038911,1,0.499226140253732
2024-09-19 16:35:00+00:00,1.0557176862107716,1.0508350182710888,0.004882667939682648,1,0.4977621768104661
2024-09-19 16:40:00+00:00,1.054950685279483,1.0508350182710888,0.004115667008394241,1,0.4981240743460582
2024-09-19 16:45:00+00:00,1.0547428665913965,1.0508350182710888,0.003907848320307693,1,0.4982222210080683
2024-09-19 16:50:00+00:00,1.0552065312948786,1.0552065312948786,0.0,0,0.0
2024-09-20 03:50:00+00:00,1.0550482503151843,1.0550482503151843,0.0,1,0.5000750112516877
2024-09-20 03:55:00+00:00,1.056604670749892,1.0550482503151843,0.0015564204347076388,1,0.4993383809982493
2024-09-20 04:00:00+00:00,1.0603286604041313,1.0550482503151843,0.005280410088947064,1,0.49758465025961834
2024-09-20 04:05:00+00:00,1.061713790002954,1.0550482503151843,0.006665539687769683,1,0.4969354929881539
2024-09-20 04:10:00+00:00,1.0637852085527726,1.0548886585951434,0.008896549957629177,2,0.9960428639775378
2024-09-20 04:15:00+00:00,1.0629617676283334,1.0548886585951434,0.008073109033189932,2,0.996814465065811
2024-09-20 04:20:00+00:00,1.066317615076066,1.0653715564570916,0.0009460586189745125,1,0.4988873789714694
2024-09-20 04:25:00+00:00,1.0653533630221113,1.0653715564570916,-1.819343498034269e-05,1,0.4993389222777211
2024-09-20 04:30:00+00:00,1.066699677210652,1.0653715564570916,0.0013281207535604097,1,0.49870869139801266
2024-09-20 04:35:00+00:00,1.0662593960841293,1.0653715564570916,0.0008878396270376521,1,0.4989146187973507
2024-09-20 04:40:00+00:00,1.0684030932325919,1.0684030932325919,0.0,0,0.0
2024-09-20 14:20:00+00:00,1.0682428327686069,1.0682428327686069,0.0,1,0.5000750112516879
2024-09-20 14:25:00+00:00,1.0698945448062211,1.0682428327686069,0.0016517120376143472,1,0.49930299131775674
2024-09-20 14:30:00+00:00,1.0702059503878352,1.0682428327686069,0.0019631176192282454,1,0.4991577055077156
2024-09-20 14:35:00+00:00,1.0722953135131232,1.0682428327686069,0.004052480744516301,1,0.49818509871698524
2024-09-20 14:40:00+00:00,1.0730864520177639,1.0682428327686069,0.004843619249156979,1,0.49781780919125124
2024-09-20 14:45:00+00:00,1.0712874535564132,1.0682428327686069,0.003044620787806345,1,0.49865378787259856
2024-09-20 14:50:00+00:00,1.0710009475863684,1.0710009475863684,0.0,0,0.0
2024-09-21 00:25:00+00:00,1.0708402974442304,1.0708402974442304,0.0,1,0.5000750112516879
2024-09-21 00:30:00+00:00,1.0681459554377237,1.0708402974442304,-0.0026943420065065867,1,0.5013364241722353
2024-09-21 00:35:00+00:00,1.068297253104243,1.0708402974442304,-0.0025430443399873854,1,0.5012654223692278
2024-09-21 00:40:00+00:00,1.0688630649256095,1.0708402974442304,-0.0019772325186209715,1,0.5010000732230876
2024-09-21 00:45:00+00:00,1.0683034708165657,1.0708402974442304,-0.0025368266276646076,1,0.5012625049171379
2024-09-21 00:50:00+00:00,1.0671200329044772,1.0708402974442304,-0.0037202645397532634,1,0.5018184058785441
2024-09-21 00:55:00+00:00,1.0672433249584095,1.0672433249584095,0.0,0,0.0
2024-09-22 20:10:00+00:00,1.0670832384596658,1.0670832384596658,0.0,1,0.5000750112516877
2024-09-22 20:15:00+00:00,1.0672731490620022,1.0670832384596658,0.00018991060233633896,1,0.4999860278956615
2024-09-22 20:20:00+00:00,1.0678067074209472,1.0670832384596658,0.0007234689612814323,1,0.49973619642083983
2024-09-22 20:25:00+00:00,1.070592062921881,1.0670832384596658,0.003508824462215154,1,0.49843603456468183
2024-09-22 20:30:00+00:00,1.070221285079224,1.0670832384596658,0.0031380466195583684,1,0.49860871757909664
2024-09-22 20:35:00+00:00,1.0705468461118008,1.0670832384596658,0.0034636076521349832,1,0.49845708706471387
2024-09-22 20:40:00+00:00,1.0696994640998396,1.0696994640998396,0.0,0,0.0
2024-09-26 15:35:00+00:00,1.0695390091802246,1.0695390091802246,0.0,1,0.5000750112516877
2024-09-26 15:40:00+00:00,1.0693967784605145,1.0695390091802246,-0.00014223071971009266,1,0.500141521671573
2024-09-26 15:45:00+00:00,1.0691212064410762,1.0695390091802246,-0.00041780273914838605,1,0.5002704359689433
2024-09-26 15:50:00+00:00,1.069654571639989,1.0695390091802246,0.00011556245976441689,1,0.5000209845594273
2024-09-26 15:55:00+00:00,1.0696190139600616,1.0695390091802246,8.000477983696795e-05,1,0.5000376069136431
2024-09-26 16:00:00+00:00,1.0697968023596993,1.0695390091802246,0.0002577931794746877,1,0.4999545061923699
2024-09-26 16:05:00+00:00,1.0693252177407184,1.0693252177407184,0.0,0,0.0
2024-09-27 16:30:00+00:00,1.0691648189580574,1.0691648189580574,0.0,1,0.5000750112516877
2024-09-27 16:35:00+00:00,1.0722223083120765,1.0691648189580574,0.00305748935401927,1,0.4986490252306358
2024-09-27 16:40:00+00:00,1.072638158548051,1.0691648189580574,0.003473339589993462,1,0.49845570438598935
2024-09-27 16:45:00+00:00,1.072452016061472,1.0691648189580574,0.003287197103414556,1,0.498542219943678
2024-09-27 16:50:00+00:00,1.0723371621867743,1.0691648189580574,0.003172343228716913,1,0.49859561686740683
2024-09-27 16:55:00+00:00,1.0727668740972809,1.0691648189580574,0.0036020551392234278,1,0.4983958973567959
2024-09-27 17:00:00+00:00,1.0722975579964675,1.0722975579964675,0.0,0,0.0
2024-10-01 16:55:00+00:00,1.0721367133627682,1.0721367133627682,0.0,1,0.5000750112516877
2024-10-01 17:00:00+00:00,1.0735338884044627,1.0721367133627682,0.0013971750416945138,1,0.4994241772796606
2024-10-01 17:05:00+00:00,1.0711659767157014,1.0721367133627682,-0.0009707366470668552,1,0.5005282007202263
2024-10-01 17:10:00+00:00,1.070100952182385,1.0721367133627682,-0.0020357611803831434,1,0.5010263544806697
2024-10-01 17:15:00+00:00,1.0691837881979598,1.0721367133627682,-0.002952925164808342,1,0.501456143383803
2024-10-01 17:20:00+00:00,1.0653694146178734,1.0721367133627682,-0.0067672987448946864,1,0.5032515216241116
2024-10-01 17:25:00+00:00,1.063327098072199,1.063327098072199,0.0,0,0.0
2024-10-02 13:50:00+00:00,1.063008123867637,1.063008123867637,0.0,2,1.000225045008439
2024-10-02 13:55:00+00:00,1.0648292368271894,1.063008123867637,0.0018211129595523598,2,0.9985144206858375
2024-10-02 14:00:00+00:00,1.0655869898938242,1.063008123867637,0.0025788660261872372,2,0.9978043638143388
2024-10-02 14:05:00+00:00,1.0667333512849528,1.063008123867637,0.003725227417315768,2,0.9967320767266625
2024-10-02 14:10:00+00:00,1.0664596867953178,1.063008123867637,0.003451562927680795,2,0.9969878483966634
2024-10-02 14:15:00+00:00,1.0633632067818708,1.063008123867637,0.00035508291423390966,2,0.9998910454666022
2024-10-02 14:20:00+00:00,1.069013888025035,1.069013888025035,0.0,0,0.0
2024-10-07 00:40:00+00:00,1.0688535359418312,1.0688535359418312,0.0,1,0.5000750112516879
2024-10-07 00:45:00+00:00,1.0696630476225166,1.0688535359418312,0.000809511680685469,1,0.49969655883741876
2024-10-07 00:50:00+00:00,1.0720645143534109,1.0688535359418312,0.0032109784115797,1,0.49857721886718
2024-10-07 00:55:00+00:00,1.0722565301857157,1.0688535359418312,0.0034029942438844074,1,0.49848793545695685
2024-10-07 01:00:00+00:00,1.0727344550546678,1.0688535359418312,0.003880919112836636,1,0.49826584901225945
2024-10-07 01:05:00+00:00,1.073877245316534,1.0688535359418312,0.005023709374702811,1,0.4977356083701795
2024-10-07 01:10:00+00:00,1.0748546081868537,1.0748546081868537,0.0,0,0.0
2024-10-07 23:10:00+00:00,1.0746933799956258,1.0746933799956258,0.0,1,0.5000750112516877
2024-10-07 23:15:00+00:00,1.0748085195818617,1.0746933799956258,0.00011513958623602561,1,0.5000214403794501
2024-10-07 23:20:00+00:00,1.0756809233698807,1.0746933799956258,0.0009875433742549775,1,0.4996159106454922
2024-10-07 23:25:00+00:00,1.075366503730544,1.0746933799956258,0.0006731237349181567,1,0.4997619901950105
2024-10-07 23:30:00+00:00,1.0752712921496181,1.0746933799956258,0.000577912153992318,1,0.49980624240328625
2024-10-07 23:35:00+00:00,1.075355432616483,1.0746933799956258,0.0006620526208570876,1,0.4997671353980095
2024-10-07 23:40:00+00:00,1.0741513054806942,1.0741513054806942,0.0,0,0.0
2024-10-08 08:20:00+00:00,1.0739901827848721,1.0739901827848721,0.0,1,0.5000750112516877
2024-10-08 08:25:00+00:00,1.0749649289124492,1.0739901827848721,0.0009747461275770332,1,0.49962155815047
2024-10-08 08:30:00+00:00,1.0765264154275,1.0739901827848721,0.0025362326426278474,1,0.4988968640654012
2024-10-08 08:35:00+00:00,1.0760248470317564,1.0739901827848721,0.0020346642468841735,1,0.49912941529360105
2024-10-08 08:40:00+00:00,1.0765453425367733,1.0739901827848721,0.002555159751901191,1,0.4988880927902034
2024-10-08 08:45:00+00:00,1.0761857274605797,1.0739901827848721,0.0021955446757076567,1,0.49905479977666767
2024-10-08 08:50:00+00:00,1.0776144819437183,1.0776144819437183,0.0,0,0.0
2024-10-11 01:55:00+00:00,1.0774528397714267,1.0774528397714267,0.0,1,0.5000750112516877
2024-10-11 02:00:00+00:00,1.0779572275878087,1.0774528397714267,0.0005043878163819523,1,0.49984102075883974
2024-10-11 02:05:00+00:00,1.0769977698748687,1.0774528397714267,-0.00045506989655788306,1,0.500286310745528
2024-10-11 02:10:00+00:00,1.077152448805226,1.0774528397714267,-0.0003003909662008117,1,0.500214469706217
2024-10-11 02:15:00+00:00,1.0764552727568046,1.0774528397714267,-0.0009975670146220462,1,0.5005384381572794
2024-10-11 02:20:00+00:00,1.0768924088643357,1.0774528397714267,-0.0005604309070910647,1,0.5003352577627249
2024-10-11 02:25:00+00:00,1.075751133466449,1.075751133466449,0.0,0,0.0
2024-10-11 17:35:00+00:00,1.075589770796429,1.075589770796429,0.0,1,0.5000750112516877
2024-10-11 17:40:00+00:00,1.074951048336328,1.075589770796429,-0.0006387224601009896,1,0.500372149565024
2024-10-11 17:45:00+00:00,1.0759846798443409,1.075589770796429,0.00039490904791188614,1,0.49989147318625127
2024-10-11 17:50:00+00:00,1.0759915478277828,1.075589770796429,0.0004017770313538579,1,0.49988828241178135
2024-10-11 17:55:00+00:00,1.0769221595841665,1.075589770796429,0.0013323887877375149,1,0.49945630883936415
2024-10-11 18:00:00+00:00,1.077537702600151,1.075589770796429,0.0019479318037218644,1,0.4991709946067822
2024-10-11 18:05:00+00:00,1.0770329407580337,1.0770329407580337,0.0,0,0.0
2024-10-11 19:10:00+00:00,1.0768713858169199,1.0768713858169199,0.0,1,0.5000750112516879
2024-10-11 19:15:00+00:00,1.0768739412249677,1.0768713858169199,2.555408047841459e-06,1,0.5000738245801013
2024-10-11 19:20:00+00:00,1.0766797302133286,1.0768713858169199,-0.00019165560359133793,1,0.5001640276745226
2024-10-11 19:25:00+00:00,1.0750800447753528,1.0768713858169199,-0.001791341041567175,1,0.5009082560838942
2024-10-11 19:30:00+00:00,1.0750076415473293,1.0768713858169199,-0.0018637442695905453,1,0.500941992936808
2024-10-11 19:35:00+00:00,1.0731294166321341,1.0768713858169199,-0.0037419691847857648,1,0.5018187573956132
2024-10-11 19:40:00+00:00,1.0740070609638268,1.0740070609638268,0.0,0,0.0
2024-10-13 22:05:00+00:00,1.0738459599046823,1.0738459599046823,0.0,1,0.5000750112516877
2024-10-13 22:10:00+00:00,1.074147149397183,1.0738459599046823,0.000301189492500777,1,0.49993479085550113
2024-10-13 22:15:00+00:00,1.0733844249269653,1.0738459599046823,-0.000461534977717124,1,0.5002900340373878
2024-10-13 22:20:00+00:00,1.0725545286994271,1.0738459599046823,-0.0012914312052553036,1,0.5006771367914324
2024-10-13 22:25:00+00:00,1.0722923421627897,1.0738459599046823,-0.0015536177418927239,1,0.500799557515061
2024-10-13 22:30:00+00:00,1.071473280089658,1.0738459599046823,-0.0023726798150244086,1,0.5011823817360881
2024-10-13 22:35:00+00:00,1.0710283241850629,1.0710283241850629,0.0,0,0.0
2024-10-14 03:40:00+00:00,1.0708676699364352,1.0708676699364352,0.0,1,0.5000750112516877
2024-10-14 03:45:00+00:00,1.0720889530980837,1.0708676699364352,0.0012212831616485384,1,0.4995053447244485
2024-10-14 03:50:00+00:00,1.07235726530784,1.0708676699364352,0.0014895953714046072,1,0.4993803645642315
2024-10-14 03:55:00+00:00,1.0714042943559474,1.0708676699364352,0.0005366244195122564,1,0.49982454327798337
2024-10-14 04:00:00+00:00,1.072320256727184,1.0708676699364352,0.0014525867907486305,1,0.4993975994885781
2024-10-14 04:05:00+00:00,1.0728938897273521,1.0708676699364352,0.002026219790916864,1,0.49913059177605934
2024-10-14 04:10:00+00:00,1.0728257569303643,1.0728257569303643,0.0,0,0.0
2024-10-14 07:35:00+00:00,1.0726648330668247,1.0726648330668247,0.0,1,0.5000750112516877
2024-10-14 07:40:00+00:00,1.0734509893660977,1.0726648330668247,0.0007861562992730773,1,0.4997087745775414
2024-10-14 07:45:00+00:00,1.0716286324459499,1.0726648330668247,-0.0010362006208747283,1,0.5005585537975418
2024-10-14 07:50:00+00:00,1.072332146977914,1.0726648330668247,-0.0003326860889107197,1,0.5002301572110104
2024-10-14 07:55:00+00:00,1.0729042822900534,1.0726648330668247,0.00023944922322877138,1,0.4999634052352175
2024-10-14 08:00:00+00:00,1.0733683475987887,1.0726648330668247,0.0007035145319639492,1,0.4997472486171042
2024-10-14 08:05:00+00:00,1.072058915071621,1.072058915071621,0.0,0,0.0
2024-10-14 16:05:00+00:00,1.0718981062343604,1.0718981062343604,0.0,1,0.5000750112516877
2024-10-14 16:10:00+00:00,1.0728504267203296,1.0718981062343604,0.0009523204859690597,1,0.4996311174283967
2024-10-14 16:15:00+00:00,1.072369731617888,1.0718981062343604,0.0004716253835275638,1,0.49985507957885106
2024-10-14 16:20:00+00:00,1.070183929359616,1.0718981062343604,-0.001714176874744355,1,0.5008760109643615
2024-10-14 16:25:00+00:00,1.0706736941809716,1.0718981062343604,-0.0012244120533888676,1,0.5006468921848823
2024-10-14 16:30:00+00:00,1.0701567202028741,1.0718981062343604,-0.00174138603148633,1,0.5008887459345144
2024-10-14 16:35:00+00:00,1.0712293931379162,1.0712293931379162,0.0,0,0.0
2024-10-14 23:00:00+00:00,1.0710687087289454,1.0710687087289454,0.0,1,0.5000750112516877
2024-10-14 23:05:00+00:00,1.0705462506239767,1.0710687087289454,-0.000522458104968843,1,0.5003190625876935
2024-10-14 23:10:00+00:00,1.0690699839724365,1.0710687087289454,-0.001998724756508943,1,0.50100994752348
2024-10-14 23:15:00+00:00,1.0684507743665477,1.0710687087289454,-0.0026179343623977877,1,0.5013003026615878
2024-10-14 23:20:00+00:00,1.0682443711645846,1.0710687087289454,-0.002824337564360855,1,0.5013971625097717
2024-10-14 23:25:00+00:00,1.0690393459971452,1.0710687087289454,-0.0020293627318002075,1,0.5010243061440962
2024-10-14 23:30:00+00:00,1.068489236796971,1.068489236796971,0.0,0,0.0
2024-10-15 11:35:00+00:00,1.0683289634114514,1.0683289634114514,0.0,1,0.5000750112516877
2024-10-15 11:40:00+00:00,1.065993052222155,1.0683289634114514,-0.002335911189296406,1,0.5011708259118633
2024-10-15 11:45:00+00:00,1.0677585664931348,1.0683289634114514,-0.0005703969183165173,1,0.5003421514594989
2024-10-15 11:50:00+00:00,1.0667535814465772,1.0683289634114514,-0.0015753819648743035,1,0.5008135221575915
2024-10-15 11:55:00+00:00,1.0640645674030849,1.0683289634114514,-0.004264396008366592,1,0.5020791357636711
2024-10-15 12:00:00+00:00,1.0642365918705137,1.0683289634114514,-0.004092371540937885,1,0.5019979790955049
2024-10-15 12:05:00+00:00,1.0666204698190727,1.0666204698190727,0.0,0,0.0
2024-10-15 13:45:00+00:00,1.0663005076770875,1.0663005076770875,0.0,2,1.0002250450084391
2024-10-15 13:50:00+00:00,1.0708530998716943,1.0663005076770875,0.0045525921946068856,2,0.9959727187712538
2024-10-15 13:55:00+00:00,1.0788720486211518,1.0663005076770875,0.0125715409440643,2,0.9885699371365902
2024-10-15 14:00:00+00:00,1.0863713028456463,1.0663005076770875,0.020070795168558767,2,0.981745808721323
2024-10-15 14:05:00+00:00,1.0884580958272387,1.0663005076770875,0.022157588150151338,2,0.9798636046464014
2024-10-15 14:10:00+00:00,1.0820179064345716,1.0663005076770875,0.01571739875748414,2,0.9856957698586191
2024-10-15 14:15:00+00:00,1.081165046933954,1.081165046933954,0.0,0,0.0
2024-10-16 11:30:00+00:00,1.0810028721769138,1.0810028721769138,0.0,1,0.5000750112516877
2024-10-16 11:35:00+00:00,1.081380469824751,1.0810028721769138,0.00037759764783703263,1,0.4999003944972153
2024-10-16 11:40:00+00:00,1.0793551733499889,1.0810028721769138,-0.0016476988269249386,1,0.5008384050165562
2024-10-16 11:45:00+00:00,1.0809685451180195,1.0810028721769138,-3.4327058894232046e-05,1,0.5000908915512953
2024-10-16 11:50:00+00:00,1.0803506580579227,1.0810028721769138,-0.000652214118991129,1,0.5003769095107949
2024-10-16 11:55:00+00:00,1.0772955498163326,1.0810028721769138,-0.0037073223605812024,1,0.501795931078654
2024-10-16 12:00:00+00:00,1.075039424466742,1.075039424466742,0.0,0,0.0
2024-10-16 14:10:00+00:00,1.074716936827789,1.074716936827789,0.0,2,1.0002250450084391
2024-10-16 14:15:00+00:00,1.073414662672116,1.074716936827789,-0.0013022741556729474,2,1.001438525009475
2024-10-16 14:20:00+00:00,1.0763368409536849,1.074716936827789,0.001619904125895951,2,0.9987196903503212
2024-10-16 14:25:00+00:00,1.0752740668741807,1.074716936827789,0.0005571300463917882,2,0.9997067999926845
2024-10-16 14:30:00+00:00,1.0699919775683344,1.074716936827789,-0.004724959259454543,2,1.0046419216645532
2024-10-16 14:35:00+00:00,1.07089625480953,1.074716936827789,-0.0038206820182589574,2,1.0037935903521296
2024-10-16 14:40:00+00:00,1.0641305666254028,1.0641305666254028,0.0,0,0.0
2024-10-20 14:05:00+00:00,1.063970947040409,1.063970947040409,0.0,1,0.5000750112516877
2024-10-20 14:10:00+00:00,1.0660194209104057,1.063970947040409,0.002048473869996622,1,0.4991140619730034
2024-10-20 14:15:00+00:00,1.066098819122421,1.063970947040409,0.0021278720820119682,1,0.4990768902180014
2024-10-20 14:20:00+00:00,1.0687705689567382,1.063970947040409,0.00479962191632916,1,0.4978292804526492
2024-10-20 14:25:00+00:00,1.0680401054061968,1.063970947040409,0.004069158365787713,1,0.49816976031096366
2024-10-20 14:30:00+00:00,1.068578028292601,1.063970947040409,0.004607081252191894,1,0.49791898132403845
2024-10-20 14:35:00+00:00,1.0712251355023505,1.0712251355023505,0.0,0,0.0
2024-10-20 22:05:00+00:00,1.0709037920642652,1.0709037920642652,0.0,2,1.0002250450084391
2024-10-20 22:10:00+00:00,1.0686521438201497,1.0709037920642652,-0.002251648244115549,2,1.0023325174720819
2024-10-20 22:15:00+00:00,1.0651726545376072,1.0709037920642652,-0.005731137526658004,2,1.0056067333818037
2024-10-20 22:20:00+00:00,1.0683009713350706,1.0709037920642652,-0.0026028207291946487,2,1.0026620047705874
2024-10-20 22:25:00+00:00,1.0689160453265638,1.0709037920642652,-0.0019877467377013023,2,1.0020850545750233
2024-10-20 22:30:00+00:00,1.0745583227182318,1.0709037920642652,0.0036545306539665923,2,0.9968233189126403
2024-10-20 22:35:00+00:00,1.075143198225803,1.075143198225803,0.0,0,0.0
2024-10-21 14:10:00+00:00,1.0749819267460692,1.0749819267460692,0.0,1,0.5000750112516877
2024-10-21 14:15:00+00:00,1.0741823166193678,1.0749819267460692,-0.0007996101267013213,1,0.5004472618807668
2024-10-21 14:20:00+00:00,1.0750448174301919,1.0749819267460692,6.289068412257851e-05,1,0.5000457566019649
2024-10-21 14:25:00+00:00,1.0749819267460692,1.0749819267460692,0.0,1,0.5000750112516877
2024-10-21 14:30:00+00:00,1.0748651297612701,1.0749819267460692,-0.00011679698479905734,1,0.50012935039794
2024-10-21 14:35:00+00:00,1.0736342692291567,1.0749819267460692,-0.0013476575169123883,1,0.500702720209243
2024-10-21 14:40:00+00:00,1.0732034662460403,1.0732034662460403,0.0,0,0.0
2024-10-22 14:10:00+00:00,1.0730424857261034,1.0730424857261034,0.0,1,0.5000750112516877
2024-10-22 14:15:00+00:00,1.0743284644187407,1.0730424857261034,0.0012859786926373298,1,0.4994764179624948
2024-10-22 14:20:00+00:00,1.0737484976014038,1.0730424857261034,0.0007060118753003276,1,0.49974620157486555
2024-10-22 14:25:00+00:00,1.0724322042745726,1.0730424857261034,-0.0006102814515307918,1,0.5003595854210614
2024-10-22 14:30:00+00:00,1.0715626529253326,1.0730424857261034,-0.0014798328007707235,1,0.5007656170715863
2024-10-22 14:35:00+00:00,1.074746487269201,1.0730424857261034,0.0017040015430976685,1,0.4992821465148115
2024-10-22 14:40:00+00:00,1.0746708663771252,1.0746708663771252,0.0,0,0.0
2024-10-23 08:10:00+00:00,1.0745096657471687,1.0745096657471687,0.0,1,0.5000750112516877
2024-10-23 08:15:00+00:00,1.0736914271479032,1.0745096657471687,-0.0008182385992653785,1,0.5004561083400952
2024-10-23 08:20:00+00:00,1.0716509832857555,1.0745096657471687,-0.0028586824614131386,1,0.5014089862923984
2024-10-23 08:25:00+00:00,1.072158002669683,1.0745096657471687,-0.002351663077485509,1,0.5011718719168187
2024-10-23 08:30:00+00:00,1.0719436530114375,1.0745096657471687,-0.0025660127357313117,1,0.5012720880234824
2024-10-23 08:35:00+00:00,1.0712408334589198,1.0745096657471687,-0.003268832288248822,1,0.5016009625525243
2024-10-23 08:40:00+00:00,1.0710322285776204,1.0710322285776204,0.0,0,0.0
2024-10-23 18:25:00+00:00,1.0708715737433336,1.0708715737433336,0.0,1,0.5000750112516877
2024-10-23 18:30:00+00:00,1.071244843359221,1.0708715737433336,0.00037326961588725344,1,0.4999007627514295
2024-10-23 18:35:00+00:00,1.071684272359981,1.0708715737433336,0.0008126986166474545,1,0.4996957855036331
2024-10-23 18:40:00+00:00,1.071845178518252,1.0708715737433336,0.0009736047749183276,1,0.49962077081796674
2024-10-23 18:45:00+00:00,1.0728522713768716,1.0708715737433336,0.001980697633537843,1,0.4991517738052997
2024-10-23 18:50:00+00:00,1.0730303299682575,1.0708715737433336,0.0021587562249238456,1,0.4990689445885951
2024-10-23 18:55:00+00:00,1.0735043151592323,1.0735043151592323,0.0,0,0.0
2024-10-24 00:50:00+00:00,1.0731822880185315,1.0731822880185315,0.0,2,1.0002250450084391
2024-10-24 00:55:00+00:00,1.0729268492721495,1.0731822880185315,-0.0002554387463819852,2,1.000463175158477
2024-10-24 01:00:00+00:00,1.0772037365551395,1.0731822880185315,0.00402144853660797,2,0.9964909755775335
2024-10-24 01:05:00+00:00,1.0765831208043872,1.0731822880185315,0.00340083278585571,2,0.9970654207671105
2024-10-24 01:10:00+00:00,1.0784596593284173,1.0731822880185315,0.005277371309885687,2,0.9953305096307841
2024-10-24 01:15:00+00:00,1.079676536241253,1.0731822880185315,0.006494248222721505,2,0.9942086970534474
2024-10-24 01:20:00+00:00,1.0777639016328475,1.0777639016328475,0.0,0,0.0
2024-10-25 16:00:00+00:00,1.0776022370476026,1.0776022370476026,0.0,1,0.5000750112516877
2024-10-25 16:05:00+00:00,1.0764665217800824,1.0776022370476026,-0.0011357152675202967,1,0.5006026104047433
2024-10-25 16:10:00+00:00,1.0778989746832892,1.0776022370476026,0.000296737635686637,1,0.49993734429032116
2024-10-25 16:15:00+00:00,1.0792033393984302,1.0776022370476026,0.0016011023508274646,1,0.4993331016903705
2024-10-25 16:20:00+00:00,1.0794659201839658,1.0776022370476026,0.001863683136363108,1,0.4992116385893738
2024-10-25 16:25:00+00:00,1.0796153564033764,1.0776022370476026,0.002013119355773705,1,0.49914253962786487
2024-10-25 16:30:00+00:00,1.0782859545035945,1.0782859545035945,0.0,0,0.0
2024-10-25 18:15:00+00:00,1.0778007986047307,1.0778007986047307,0.0,3,1.5004501125253178
2024-10-25 18:20:00+00:00,1.0836033660686186,1.0778007986047307,0.00580256746388794,3,1.4924153801898932
2024-10-25 18:25:00+00:00,1.0837165348026918,1.0778007986047307,0.005915736197961189,3,1.4922595324623156
2024-10-25 18:30:00+00:00,1.0880654120954183,1.0778007986047307,0.01026461349068754,3,1.4862951359072571
2024-10-25 18:35:00+00:00,1.0879594609625474,1.0778007986047307,0.010158662357816747,3,1.4864398790333389
2024-10-25 18:40:00+00:00,1.0876581494169533,1.0778007986047307,0.00985735081222263,3,1.4868516642046488
2024-10-25 18:45:00+00:00,1.0833833654718883,1.0833833654718883,0.0,0,0.0
2024-10-25 23:20:00+00:00,1.0828959160821467,1.0828959160821467,0.0,3,1.5004501125253176
2024-10-25 23:25:00+00:00,1.0622891003387556,1.0828959160821467,-0.0206068157433911,3,1.529556594923659
2024-10-25 23:30:00+00:00,1.0685590817155348,1.0828959160821467,-0.014336834366612008,3,1.5205816196237396
2024-10-25 23:35:00+00:00,1.0827189591824797,1.0828959160821467,-0.00017695689966696352,3,1.500695342367989
2024-10-25 23:40:00+00:00,1.0804183251610981,1.0828959160821467,-0.002477590921048529,3,1.503890910862133
2024-10-25 23:45:00+00:00,1.0795031442029075,1.0828959160821467,-0.0033927718792392124,3,1.5051658791956743
2024-10-25 23:50:00+00:00,1.0834101828478335,1.0834101828478335,0.0,0,0.0
2024-10-27 13:25:00+00:00,1.0832476713204064,1.0832476713204064,0.0,1,0.5000750112516877
2024-10-27 13:30:00+00:00,1.0829028972658452,1.0832476713204064,-0.00034477405456117475,1,0.500234224870609
2024-10-27 13:35:00+00:00,1.0824366933555898,1.0832476713204064,-0.0008109779648167283,1,0.5004496750240542
2024-10-27 13:40:00+00:00,1.0818121969548753,1.0832476713204064,-0.0014354743655311752,1,0.5007385689944411
2024-10-27 13:45:00+00:00,1.0814522441683523,1.0832476713204064,-0.0017954271520541696,1,0.5009052358483878
2024-10-27 13:50:00+00:00,1.0813308143126579,1.0832476713204064,-0.0019168570077486087,1,0.500961485841175
2024-10-27 13:55:00+00:00,1.0805047753594716,1.0805047753594716,0.0,0,0.0
2024-10-28 09:55:00+00:00,1.0803426996431678,1.0803426996431678,0.0,1,0.5000750112516877
2024-10-28 10:00:00+00:00,1.0819758676034614,1.0803426996431678,0.0016331679602936459,1,0.49932018250682053
2024-10-28 10:05:00+00:00,1.0813362456868973,1.0803426996431678,0.000993546043729565,1,0.4996155357176169
2024-10-28 10:10:00+00:00,1.0811997930113637,1.0803426996431678,0.0008570933681959089,1,0.499678589629602
2024-10-28 10:15:00+00:00,1.0808778499800265,1.0803426996431678,0.0005351503368586346,1,0.4998274205449942
2024-10-28 10:20:00+00:00,1.0809716611944558,1.0803426996431678,0.0006289615512880906,1,0.4997840434436236
2024-10-28 10:25:00+00:00,1.080332001113784,1.080332001113784,0.0,0,0.0
2024-10-29 13:40:00+00:00,1.080169951313617,1.080169951313617,0.0,1,0.5000750112516877
2024-10-29 13:45:00+00:00,1.0811326791467835,1.080169951313617,0.000962727833166617,1,0.4996297040832993
2024-10-29 13:50:00+00:00,1.0804901037298351,1.080169951313617,0.0003201524162181679,1,0.4999268375455243
2024-10-29 13:55:00+00:00,1.0821143285175518,1.080169951313617,0.0019443772039349377,1,0.49917646067665994
2024-10-29 14:00:00+00:00,1.083291248156368,1.080169951313617,0.0031212968427509974,1,0.4986341406119452
2024-10-29 14:05:00+00:00,1.0838089414251462,1.080169951313617,0.003638990111529258,1,0.4983959625269422
2024-10-29 14:10:00+00:00,1.081356628713688,1.081356628713688,0.0,0,0.0
2024-10-29 15:45:00+00:00,1.081194425219381,1.081194425219381,0.0,1,0.5000750112516877
2024-10-29 15:50:00+00:00,1.0823472750154342,1.081194425219381,0.0011528497960530332,1,0.49954236208441877
2024-10-29 15:55:00+00:00,1.082398962238259,1.081194425219381,0.001204537018878088,1,0.49951850770328915
2024-10-29 16:00:00+00:00,1.0826693837953578,1.081194425219381,0.0014749585759768515,1,0.4993937414776301
2024-10-29 16:05:00+00:00,1.0828858708590743,1.081194425219381,0.0016914456396931732,1,0.49929390428551207
2024-10-29 16:10:00+00:00,1.0834986266311155,1.081194425219381,0.0023042014117343954,1,0.4990115363947956
2024-10-29 16:15:00+00:00,1.08290269991919,1.08290269991919,0.0,0,0.0
2024-10-29 16:55:00+00:00,1.0827402645142021,1.0827402645142021,0.0,1,0.5000750112516877
2024-10-29 17:00:00+00:00,1.0829249230689502,1.0827402645142021,0.0001846585547480596,1,0.4999897392934234
2024-10-29 17:05:00+00:00,1.0845381489043868,1.0827402645142021,0.0017978843901845932,1,0.4992460159253739
2024-10-29 17:10:00+00:00,1.0832698895997983,1.0827402645142021,0.0005296250855961174,1,0.4998305179142642
2024-10-29 17:15:00+00:00,1.082389210338692,1.0827402645142021,-0.00035105417551013323,1,0.5002372019120263
2024-10-29 17:20:00+00:00,1.0831887210043045,1.0827402645142021,0.0004484564901023789,1,0.4998679726443009
2024-10-29 17:25:00+00:00,1.0823850536949167,1.0823850536949167,0.0,0,0.0
2024-10-30 20:05:00+00:00,1.0822226959368624,1.0822226959368624,0.0,1,0.5000750112516877
2024-10-30 20:10:00+00:00,1.0787901298711282,1.0822226959368624,-0.0034325660657341136,1,0.501666183126934
2024-10-30 20:15:00+00:00,1.0786862033446336,1.0822226959368624,-0.003536492592228754,1,0.501714516389852
2024-10-30 20:20:00+00:00,1.0795116341737712,1.0822226959368624,-0.002711061763091242,1,0.5013308886306468
2024-10-30 20:25:00+00:00,1.081006232205878,1.0822226959368624,-0.001216463730984461,1,0.5006377490933726
2024-10-30 20:30:00+00:00,1.0816387634390758,1.0822226959368624,-0.0005839324977866294,1,0.5003449812825994
2024-10-30 20:35:00+00:00,1.0806427504505067,1.0806427504505067,0.0,0,0.0
2024-10-31 14:10:00+00:00,1.0804806540379392,1.0804806540379392,0.0,1,0.5000750112516877
2024-10-31 14:15:00+00:00,1.0800064432285004,1.0804806540379392,-0.0004742108094387786,1,0.5002945849193752
2024-10-31 14:20:00+00:00,1.081354689647493,1.0804806540379392,0.0008740356095537473,1,0.4996708114350443
2024-10-31 14:25:00+00:00,1.0813453913963276,1.0804806540379392,0.000864737358388301,1,0.49967510799444315
2024-10-31 14:30:00+00:00,1.0808432858333923,1.0804806540379392,0.00036263179545312365,1,0.4999072319801057
2024-10-31 14:35:00+00:00,1.0807688998240688,1.0804806540379392,0.0002882457861294337,1,0.4999416390619759
2024-10-31 14:40:00+00:00,1.0809880317092853,1.0809880317092853,0.0,0,0.0
2024-11-01 15:55:00+00:00,1.0808258835045288,1.0808258835045288,0.0,1,0.5000750112516877
2024-11-01 16:00:00+00:00,1.079232896136338,1.0808258835045288,-0.0015929873681908714,1,0.5008131403236644
2024-11-01 16:05:00+00:00,1.0813254594247308,1.0808258835045288,0.0004995759202019557,1,0.49984397495106375
2024-11-01 16:10:00+00:00,1.0820512584031372,1.0808258835045288,0.0012253748986084732,1,0.49950869855489977
2024-11-01 16:15:00+00:00,1.0829467246751971,1.0808258835045288,0.0021208411706683224,1,0.4990956651323271
2024-11-01 16:20:00+00:00,1.084304063024425,1.0808258835045288,0.0034781795198961735,1,0.4984708941761731
2024-11-01 16:25:00+00:00,1.0824358159223753,1.0824358159223753,0.0,0,0.0
2024-11-03 15:55:00+00:00,1.0821111095324045,1.0821111095324045,0.0,2,1.000225045008439
2024-11-03 16:00:00+00:00,1.0803446479312784,1.0821111095324045,-0.0017664616011261527,2,1.001860503783447
2024-11-03 16:05:00+00:00,1.082363980294062,1.0821111095324045,0.0002528707616572558,2,0.9999913642193837
2024-11-03 16:10:00+00:00,1.0871496823572484,1.0821111095324045,0.005038572824843915,2,0.9955893386174107
2024-11-03 16:15:00+00:00,1.0868233354034054,1.0821111095324045,0.004712225871000895,2,0.9958882901924758
2024-11-03 16:20:00+00:00,1.085175375979976,1.0821111095324045,0.0030642664475715705,2,0.9974006572520615
2024-11-03 16:25:00+00:00,1.0863532605984416,1.0863532605984416,0.0,0,0.0
2024-11-04 17:25:00+00:00,1.0861903076093518,1.0861903076093518,0.0,1,0.5000750112516879
2024-11-04 17:30:00+00:00,1.0867879384352535,1.0861903076093518,0.0005976308259016867,1,0.49980001717840294
2024-11-04 17:35:00+00:00,1.0875299632862052,1.0861903076093518,0.0013396556768535402,1,0.4994590021758077
2024-11-04 17:40:00+00:00,1.0865833802330993,1.0861903076093518,0.000393072623747495,1,0.4998941086165848
2024-11-04 17:45:00+00:00,1.0868184216183197,1.0861903076093518,0.0006281140089678451,1,0.49978599874154445
2024-11-04 17:50:00+00:00,1.0869740462897626,1.0861903076093518,0.0007837386804107181,1,0.4997144431859068
2024-11-04 17:55:00+00:00,1.0873517687055823,1.0873517687055823,0.0,0,0.0
2024-11-05 14:25:00+00:00,1.0870255876403854,1.0870255876403854,0.0,2,1.0002250450084391
2024-11-05 14:30:00+00:00,1.0872855102725139,1.0870255876403854,0.00025992263212841287,2,0.9999859347435057
2024-11-05 14:35:00+00:00,1.0928822505655555,1.0870255876403854,0.005856662925170144,2,0.9948649241583694
2024-11-05 14:40:00+00:00,1.0933099355657847,1.0870255876403854,0.006284347925399267,2,0.9944757492396429
2024-11-05 14:45:00+00:00,1.0947253633782552,1.0870255876403854,0.007699775737869884,2,0.9931899394088032
2024-11-05 14:50:00+00:00,1.0980923088389363,1.0870255876403854,0.011066721198550832,2,0.9901446431881036
2024-11-05 14:55:00+00:00,1.0943522833469432,1.0943522833469432,0.0,0,0.0
2024-11-05 20:05:00+00:00,1.0940240022848655,1.0940240022848655,0.0,2,1.0002250450084391
2024-11-05 20:10:00+00:00,1.0953025338713067,1.0940240022848655,0.0012785315864413025,2,0.9990574960673506
2024-11-05 20:15:00+00:00,1.0958025982149606,1.0940240022848655,0.0017785959300950596,2,0.9986015808944378
2024-11-05 20:20:00+00:00,1.092944301506438,1.0940240022848655,-0.0010797007784274996,2,1.0012131500364903
2024-11-05 20:25:00+00:00,1.0930845564553342,1.0940240022848655,-0.0009394458295312097,2,1.0010846832144467
2024-11-05 20:30:00+00:00,1.0954091505962498,1.0940240022848655,0.00138514831138431,2,0.9989602572975242
2024-11-05 20:35:00+00:00,1.097118433941747,1.097118433941747,0.0,0,0.0
2024-11-06 02:20:00+00:00,1.0967893230967294,1.0967893230967294,0.0,2,1.000225045008439
2024-11-06 02:25:00+00:00,1.0993872574531156,1.0967893230967294,0.0025979343563861767,2,0.9978614383803567
2024-11-06 02:30:00+00:00,1.104772195033572,1.0967893230967294,0.00798287193684267,2,0.9929976107208821
2024-11-06 02:35:00+00:00,1.111988771550419,1.0967893230967294,0.015199448453689746,2,0.9865532621607594
2024-11-06 02:40:00+00:00,1.110414117294644,1.0967893230967294,0.013624794197914653,2,0.9879522720153847
2024-11-06 02:45:00+00:00,1.1123106342958673,1.0967893230967294,0.015521311199137921,2,0.9862677890818375
2024-11-06 02:50:00+00:00,1.1139668879835842,1.1139668879835842,0.0,0,0.0
2024-11-06 08:40:00+00:00,1.1137997929503867,1.1137997929503867,0.0,1,0.5000750112516877
2024-11-06 08:45:00+00:00,1.1163029521308825,1.1137997929503867,0.0025031591804958375,1,0.4989536603200596
2024-11-06 08:50:00+00:00,1.1148376882203483,1.1137997929503867,0.0010378952699617158,1,0.4996094497674571
2024-11-06 08:55:00+00:00,1.1169440050917412,1.1137997929503867,0.0031442121413545695,1,0.49866729348356525
2024-11-06 09:00:00+00:00,1.1161503204735352,1.1137997929503867,0.002350527523148479,1,0.49902189138420683
2024-11-06 09:05:00+00:00,1.1188671639743173,1.1137997929503867,0.005067371023930519,1,0.49781016185454635
2024-11-06 09:10:00+00:00,1.1173569103564636,1.1173569103564636,0.0,0,0.0
2024-11-06 22:50:00+00:00,1.1171893068199101,1.1171893068199101,0.0,1,0.5000750112516877
2024-11-06 22:55:00+00:00,1.1178245842030292,1.1171893068199101,0.0006352773831189935,1,0.4997908107170057
2024-11-06 23:00:00+00:00,1.117446686081238,1.1171893068199101,0.00025737926132794357,1,0.4999598299740414
2024-11-06 23:05:00+00:00,1.116572413669743,1.1171893068199101,-0.0006168931501670773,1,0.5003512968246019
2024-11-06 23:10:00+00:00,1.1166561640643022,1.1171893068199101,-0.0005331427556079274,1,0.5003137699475955
2024-11-06 23:15:00+00:00,1.1167766829247652,1.1171893068199101,-0.0004126238951448831,1,0.5002597777337985
2024-11-06 23:20:00+00:00,1.1157879169830225,1.1157879169830225,0.0,0,0.0
2024-11-08 00:10:00+00:00,1.1156205487954751,1.1156205487954751,0.0,1,0.5000750112516877
2024-11-08 00:15:00+00:00,1.1167010467749356,1.1156205487954751,0.001080497979460536,1,0.4995911485018527
2024-11-08 00:20:00+00:00,1.116347843568996,1.1156205487954751,0.0007272947735208411,1,0.4997492150008624
2024-11-08 00:25:00+00:00,1.116725733020512,1.1156205487954751,0.0011051842250368864,1,0.4995801045817432
2024-11-08 00:30:00+00:00,1.1163801255824422,1.1156205487954751,0.0007595767869669903,1,0.49973476390977906
2024-11-08 00:35:00+00:00,1.1143520555612403,1.1156205487954751,-0.001268493234234896,1,0.5006442584345838
2024-11-08 00:40:00+00:00,1.1125440015138441,1.1125440015138441,0.0,0,0.0
2024-11-08 18:40:00+00:00,1.112377119913617,1.112377119913617,0.0,1,0.5000750112516877
2024-11-08 18:45:00+00:00,1.11205219467953,1.112377119913617,-0.00032492523408697566,1,0.5002211257873808
2024-11-08 18:50:00+00:00,1.1127414869391248,1.112377119913617,0.0003643670255078323,1,0.4999112617676259
2024-11-08 18:55:00+00:00,1.110959093603006,1.112377119913617,-0.001418026310610905,1,0.5007133061513984
2024-11-08 19:00:00+00:00,1.11174041670925,1.112377119913617,-0.0006367032043670402,1,0.5003614084693317
2024-11-08 19:05:00+00:00,1.1115263041272505,1.112377119913617,-0.0008508157863665677,1,0.5004577927588465
2024-11-08 19:10:00+00:00,1.1125257726447577,1.1125257726447577,0.0,0,0.0
2024-11-09 00:25:00+00:00,1.112358893778861,1.112358893778861,0.0,1,0.5000750112516877
2024-11-09 00:30:00+00:00,1.1118233330835539,1.112358893778861,-0.0005355606953071446,1,0.5003158953137167
2024-11-09 00:35:00+00:00,1.1111769667271487,1.112358893778861,-0.0011819270517124702,1,0.5006069266903461
2024-11-09 00:40:00+00:00,1.113799367373136,1.112358893778861,0.001440473594274687,1,0.4994282656438466
2024-11-09 00:45:00+00:00,1.1160893510358287,1.112358893778861,0.0037304572569676715,1,0.49840354251755753
2024-11-09 00:50:00+00:00,1.1161262862561947,1.112358893778861,0.0037673924773335876,1,0.498387049182618
2024-11-09 00:55:00+00:00,1.1197267998676317,1.1197267998676317,0.0,0,0.0
2024-11-09 05:45:00+00:00,1.1195588408476516,1.1195588408476516,0.0,1,0.5000750112516877
2024-11-09 05:50:00+00:00,1.122377760894598,1.1195588408476516,0.0028189200469464046,1,0.4988190424296837
2024-11-09 05:55:00+00:00,1.1228768483783196,1.1195588408476516,0.0033180075306679774,1,0.4985973312588833
2024-11-09 06:00:00+00:00,1.1216494628627967,1.1195588408476516,0.0020906220151451754,1,0.4991429305416606
2024-11-09 06:05:00+00:00,1.1218990066046575,1.1195588408476516,0.0023401657570058998,1,0.49903190629270644
2024-11-09 06:10:00+00:00,1.12455156415703,1.1195588408476516,0.004992723309378488,1,0.497854805220508
2024-11-09 06:15:00+00:00,1.1239251840408908,1.1239251840408908,0.0,0,0.0
2024-11-10 04:35:00+00:00,1.1235880317739952,1.1235880317739952,0.0,2,1.000225045008439
2024-11-10 04:40:00+00:00,1.1233079373168429,1.1235880317739952,-0.00028009445715245456,2,1.0004744490068485
2024-11-10 04:45:00+00:00,1.1229642034713392,1.1235880317739952,-0.0006238283026559568,2,1.0007806893381272
2024-11-10 04:50:00+00:00,1.1231489484336294,1.1235880317739952,-0.00043908334036589806,2,1.000616072533766
2024-11-10 04:55:00+00:00,1.1364173274842273,1.1235880317739952,0.01282929571023202,2,0.9889332575912222
2024-11-10 05:00:00+00:00,1.1352379141877682,1.1235880317739952,0.011649882413772981,2,0.9899606730948246
2024-11-10 05:05:00+00:00,1.1336235806945043,1.1336235806945043,0.0,0,0.0
2024-11-10 21:20:00+00:00,1.1334535371574002,1.1334535371574002,0.0,1,0.5000750112516877
2024-11-10 21:25:00+00:00,1.1319334838548427,1.1334535371574002,-0.0015200533025575141,1,0.5007465530721408
2024-11-10 21:30:00+00:00,1.1343952110820523,1.1334535371574002,0.0009416739246522109,1,0.4996598934921402
2024-11-10 21:35:00+00:00,1.1353350775711486,1.1334535371574002,0.0018815404137484074,1,0.4992462591395019
2024-11-10 21:40:00+00:00,1.1350151614777446,1.1334535371574002,0.0015616243203444575,1,0.49938697700679674
2024-11-10 21:45:00+00:00,1.1351290299177696,1.1334535371574002,0.0016754927603695794,1,0.4993368818946625
2024-11-10 21:50:00+00:00,1.1376213389545862,1.1376213389545862,0.0,0,0.0
2024-11-11 10:20:00+00:00,1.137450695753743,1.137450695753743,0.0,1,0.5000750112516877
2024-11-11 10:25:00+00:00,1.1345606729816375,1.137450695753743,-0.002890022772105308,1,0.5013488330971781
2024-11-11 10:30:00+00:00,1.1348677379011738,1.137450695753743,-0.0025829578525690946,1,0.5012131814842604
2024-11-11 10:35:00+00:00,1.1350844896090817,1.137450695753743,-0.002366206144661168,1,0.501117471592964
2024-11-11 10:40:00+00:00,1.1360508409735044,1.137450695753743,-0.0013998547802385737,1,0.5006912093739291
2024-11-11 10:45:00+00:00,1.1354999303825717,1.137450695753743,-0.0019507653711711493,1,0.5009341297675376
2024-11-11 10:50:00+00:00,1.1353383185028914,1.1353383185028914,0.0,0,0.0
2024-11-11 16:25:00+00:00,1.135168017755116,1.135168017755116,0.0,1,0.5000750112516877
2024-11-11 16:30:00+00:00,1.1280750236308001,1.135168017755116,-0.007092994124315763,1,0.5032193314805933
2024-11-11 16:35:00+00:00,1.128228109834922,1.135168017755116,-0.006939907920193883,1,0.5031510510179584
2024-11-11 16:40:00+00:00,1.1287894259167026,1.135168017755116,-0.006378591838413493,1,0.5029008477736537
2024-11-11 16:45:00+00:00,1.1287639115493489,1.135168017755116,-0.0064041062057671495,1,0.5029122152499181
2024-11-11 16:50:00+00:00,1.1282791385696294,1.135168017755116,-0.006888879185486569,1,0.5031282949812451
2024-11-11 16:55:00+00:00,1.125302257412952,1.125302257412952,0.0,0,0.0
2024-11-12 00:25:00+00:00,1.124964692055029,1.124964692055029,0.0,2,1.0002250450084391
2024-11-12 00:30:00+00:00,1.1300583814432696,1.124964692055029,0.005093689388240738,2,0.9957165737813994
2024-11-12 00:35:00+00:00,1.1268171013333623,1.124964692055029,0.0018524092783334966,2,0.998580744303735
2024-11-12 00:40:00+00:00,1.1251016555043285,1.124964692055029,0.00013696344929954455,2,1.0001032833244439
2024-11-12 00:45:00+00:00,1.1284704240943781,1.124964692055029,0.003505732039349287,2,0.9971177229980642
2024-11-12 00:50:00+00:00,1.1345021033819933,1.124964692055029,0.009537411326964427,2,0.9918164597397656
2024-11-12 00:55:00+00:00,1.1375494316296784,1.1375494316296784,0.0,0,0.0
2024-11-12 03:00:00+00:00,1.1372081923950517,1.1372081923950517,0.0,2,1.0002250450084391
2024-11-12 03:05:00+00:00,1.1344031861012933,1.1372081923950517,-0.0028050062937582994,2,1.0026982728526466
2024-11-12 03:10:00+00:00,1.1384102251564767,1.1372081923950517,0.0012020327614250558,2,0.9991689202070893
2024-11-12 03:15:00+00:00,1.1380943041580591,1.1372081923950517,0.0008861117630075373,2,0.9994462772254895
2024-11-12 03:20:00+00:00,1.137205700981955,1.1372081923950517,-2.491413096618233e-06,2,1.0002272363215627
2024-11-12 03:25:00+00:00,1.1376307166023063,1.1372081923950517,0.00042252420725466343,2,0.9998535542530904
2024-11-12 03:30:00+00:00,1.1400901312833065,1.1400901312833065,0.0,0,0.0
2024-11-12 10:55:00+00:00,1.1395771676764652,1.1395771676764652,0.0,3,1.5004501125253178
2024-11-12 11:00:00+00:00,1.1410048436708056,1.1395771676764652,0.0014276759943403182,3,1.4985726826281176
2024-11-12 11:05:00+00:00,1.1448379786062666,1.1395771676764652,0.00526081092980143,3,1.493555176736059
2024-11-12 11:10:00+00:00,1.1404247408202945,1.1395771676764652,0.0008475731438292365,3,1.4993349655335773
2024-11-12 11:15:00+00:00,1.1353868982242874,1.1395771676764652,-0.004190269452177885,3,1.5059876876733704
2024-11-12 11:20:00+00:00,1.1499957929531635,1.1395771676764652,0.010418625276698209,3,1.4868564736923993
2024-11-12 11:25:00+00:00,1.1553971899388633,1.1553971899388633,0.0,0,0.0
2024-11-13 19:25:00+00:00,1.1552238803603725,1.1552238803603725,0.0,1,0.5000750112516877
2024-11-13 19:30:00+00:00,1.1557323341434962,1.1552238803603725,0.0005084537831236048,1,0.4998550078617982
2024-11-13 19:35:00+00:00,1.1506496982590795,1.1552238803603725,-0.00457418210129306,1,0.5020629613369589
2024-11-13 19:40:00+00:00,1.1504499938430146,1.1552238803603725,-0.004773886517357811,1,0.5021501134870378
2024-11-13 19:45:00+00:00,1.1524730312768645,1.1552238803603725,-0.0027508490835080356,1,0.5012686451581253
2024-11-13 19:50:00+00:00,1.152016564040145,1.1552238803603725,-0.0032073163202274834,1,0.5014672644492465
2024-11-13 19:55:00+00:00,1.1518521302134792,1.1518521302134792,0.0,0,0.0
2024-11-13 20:10:00+00:00,1.1516793523939473,1.1516793523939473,0.0,1,0.5000750112516877
2024-11-13 20:15:00+00:00,1.1536048009329396,1.1516793523939473,0.0019254485389923206,1,0.49924035045708764
2024-11-13 20:20:00+00:00,1.1523573272316205,1.1516793523939473,0.0006779748376733685,1,0.49978079845278767
2024-11-13 20:25:00+00:00,1.151435281452385,1.1516793523939473,-0.00024407094156242036,1,0.5001810126751407
2024-11-13 20:30:00+00:00,1.1505945926536698,1.1516793523939473,-0.0010847597402773386,1,0.5005464729140214
2024-11-13 20:35:00+00:00,1.1544454897316545,1.1516793523939473,0.002766137337707175,1,0.49887679429594456
2024-11-13 20:40:00+00:00,1.154435425873164,1.154435425873164,0.0,0,0.0
2024-11-14 07:35:00+00:00,1.154262260559283,1.154262260559283,0.0,1,0.5000750112516877
2024-11-14 07:40:00+00:00,1.1571074605579474,1.154262260559283,0.0028451999986644394,1,0.4988453817921565
2024-11-14 07:45:00+00:00,1.1555059171624726,1.154262260559283,0.0012436566031898016,1,0.49953678675573665
2024-11-14 07:50:00+00:00,1.1602568643300537,1.154262260559283,0.0059946037707708415,1,0.4974913147959477
2024-11-14 07:55:00+00:00,1.1636388945171454,1.154262260559283,0.00937663395786247,1,0.4960453931682129
2024-11-14 08:00:00+00:00,1.167763539798228,1.154262260559283,0.01350127923894508,1,0.49429331646740443
2024-11-14 08:05:00+00:00,1.1637967744861277,1.1637967744861277,0.0,0,0.0
2024-11-18 18:40:00+00:00,1.1636222049699547,1.1636222049699547,0.0,1,0.5000750112516877
2024-11-18 18:45:00+00:00,1.156369237441045,1.1636222049699547,-0.0072529675289097475,1,0.5032115767198716
2024-11-18 18:50:00+00:00,1.1575503822803586,1.1636222049699547,-0.0060718226895962206,1,0.5026981081348113
2024-11-18 18:55:00+00:00,1.1557786650213882,1.1636222049699547,-0.00784353994856651,1,0.5034687045657619
2024-11-18 19:00:00+00:00,1.1555572003640169,1.1636222049699547,-0.008065004605937813,1,0.5035651952666278
2024-11-18 19:05:00+00:00,1.1547636186751031,1.1636222049699547,-0.008858586294851641,1,0.5039112575357149
2024-11-18 19:10:00+00:00,1.1514608608735608,1.1514608608735608,0.0,0,0.0
2024-11-21 03:30:00+00:00,1.1512881417444298,1.1512881417444298,0.0,1,0.5000750112516877
2024-11-21 03:35:00+00:00,1.151110098335422,1.1512881417444298,-0.00017804340900779344,1,0.5001523583793791
2024-11-21 03:40:00+00:00,1.1508304017638389,1.1512881417444298,-0.0004577399805909658,1,0.500273914865629
2024-11-21 03:45:00+00:00,1.150589802562477,1.1512881417444298,-0.0006983391819528091,1,0.5003785268690648
2024-11-21 03:50:00+00:00,1.1516953558927348,1.1512881417444298,0.000407214148304973,1,0.4998981957259903
2024-11-21 03:55:00+00:00,1.1522788089560372,1.1512881417444298,0.0009906672116074319,1,0.4996450737112759
2024-11-21 04:00:00+00:00,1.1515611326358215,1.1515611326358215,0.0,0,0.0
2024-11-21 15:00:00+00:00,1.151388398465926,1.151388398465926,0.0,1,0.5000750112516877
2024-11-21 15:05:00+00:00,1.149696405696983,1.151388398465926,-0.0016919927689430844,1,0.5008109649336984
2024-11-21 15:10:00+00:00,1.1465639325977235,1.151388398465926,-0.0048244658682026235,1,0.5021792068876508
2024-11-21 15:15:00+00:00,1.1440716729786045,1.151388398465926,-0.007316725487321551,1,0.5032731601673688
2024-11-21 15:20:00+00:00,1.1429512993883584,1.151388398465926,-0.008437099077567668,1,0.503766491735943
2024-11-21 15:25:00+00:00,1.1371207837656492,1.151388398465926,-0.014267614700277003,1,0.5063495228810928
2024-11-21 15:30:00+00:00,1.1326723381391002,1.1326723381391002,0.0,0,0.0
2024-11-22 00:25:00+00:00,1.1325024372883794,1.1325024372883794,0.0,1,0.5000750112516877
2024-11-22 00:30:00+00:00,1.1355053945906375,1.1325024372883794,0.0030029573022580377,1,0.4987525129933184
2024-11-22 00:35:00+00:00,1.14110671913946,1.1325024372883794,0.008604281851080583,1,0.4963042978983068
2024-11-22 00:40:00+00:00,1.1381756889582142,1.1325024372883794,0.0056732516698347795,1,0.497582380790372
2024-11-22 00:45:00+00:00,1.1376362355506229,1.1325024372883794,0.005133798262243407,1,0.4978183283652528
2024-11-22 00:50:00+00:00,1.1329699635749584,1.1325024372883794,0.0004675262865790136,1,0.49986865254798146
2024-11-22 00:55:00+00:00,1.133654197286257,1.133654197286257,0.0,0,0.0
2024-11-22 03:15:00+00:00,1.133484149156664,1.133484149156664,0.0,1,0.5000750112516877
2024-11-22 03:20:00+00:00,1.1380262062679343,1.133484149156664,0.004542057111270184,1,0.4980791264042966
2024-11-22 03:25:00+00:00,1.134998168193754,1.133484149156664,0.0015140190370899775,1,0.49940794137596023
2024-11-22 03:30:00+00:00,1.134803508603271,1.133484149156664,0.0013193594466070703,1,0.49949360778835245
2024-11-22 03:35:00+00:00,1.134565591326014,1.133484149156664,0.0010814421693500019,1,0.4995983511016354
2024-11-22 03:40:00+00:00,1.13279202616828,1.133484149156664,-0.0006921229883839988,1,0.5003805513713286
2024-11-22 03:45:00+00:00,1.1334006164006192,1.1334006164006192,0.0,0,0.0
2024-11-24 12:55:00+00:00,1.1332306063081592,1.1332306063081592,0.0,1,0.5000750112516877
2024-11-24 13:00:00+00:00,1.1321619058676102,1.1332306063081592,-0.0010687004405489243,1,0.5005470553843002
2024-11-24 13:05:00+00:00,1.1347635782515697,1.1332306063081592,0.0015329719434104211,1,0.49939945118213497
2024-11-24 13:10:00+00:00,1.134614660977067,1.1332306063081592,0.0013840546689077872,1,0.4994649969640783
2024-11-24 13:15:00+00:00,1.1359636762872682,1.1332306063081592,0.0027330699791090133,1,0.49887185658302646
2024-11-24 13:20:00+00:00,1.138363872358665,1.1332306063081592,0.005133266050505946,1,0.49782000462305515
2024-11-24 13:25:00+00:00,1.1395779169351128,1.1395779169351128,0.0,0,0.0
2024-11-26 08:00:00+00:00,1.1394069802475726,1.1394069802475726,0.0,1,0.5000750112516877
2024-11-26 08:05:00+00:00,1.137436467126519,1.1394069802475726,-0.001970513121053602,1,0.50094134919641
2024-11-26 08:10:00+00:00,1.1339126215902204,1.1394069802475726,-0.005494358657352259,1,0.5024981181252517
2024-11-26 08:15:00+00:00,1.1325545652500346,1.1394069802475726,-0.00685241499753788,1,0.5031006681269823
2024-11-26 08:20:00+00:00,1.1274773872984911,1.1394069802475726,-0.011929592949081528,1,0.5053661961529957
2024-11-26 08:25:00+00:00,1.1294301480490847,1.1394069802475726,-0.009976832198487818,1,0.5044924287276893
2024-11-26 08:30:00+00:00,1.1271289269063514,1.1271289269063514,0.0,0,0.0
2024-11-26 11:10:00+00:00,1.1269598575673154,1.1269598575673154,0.0,1,0.5000750112516877
2024-11-26 11:15:00+00:00,1.1260962895877673,1.1269598575673154,-0.0008635679795482112,1,0.5004585031174208
2024-11-26 11:20:00+00:00,1.1225679975570415,1.1269598575673154,-0.004391860010273883,1,0.5020314713047386
2024-11-26 11:25:00+00:00,1.119779906651643,1.1269598575673154,-0.0071799509156724095,1,0.5032814574592088
2024-11-26 11:30:00+00:00,1.1149192525953286,1.1269598575673154,-0.012040604971986781,1,0.5054755868116013
2024-11-26 11:35:00+00:00,1.1153386998996806,1.1269598575673154,-0.01162115766763478,1,0.5052854917558816
2024-11-26 11:40:00+00:00,1.1139853087601215,1.1139853087601215,0.0,0,0.0
2024-11-27 15:35:00+00:00,1.1138182109638075,1.1138182109638075,0.0,1,0.5000750112516877
2024-11-27 15:40:00+00:00,1.1135360328845356,1.1138182109638075,-0.00028217807927197744,1,0.5002017338740364
2024-11-27 15:45:00+00:00,1.1154861579955289,1.1138182109638075,0.0016679470317213741,1,0.49932726675958744
2024-11-27 15:50:00+00:00,1.1151081678976222,1.1138182109638075,0.0012899569338146657,1,0.4994965245660348
2024-11-27 15:55:00+00:00,1.1169642336488583,1.1138182109638075,0.003146022685050774,1,0.4986665083809329
2024-11-27 16:00:00+00:00,1.115400861930159,1.1138182109638075,0.0015826509663513831,1,0.49936545092515533
2024-11-27 16:05:00+00:00,1.113557638027362,1.113557638027362,0.0,0,0.0
2024-11-30 07:15:00+00:00,1.113390604381658,1.113390604381658,0.0,1,0.5000750112516877
2024-11-30 07:20:00+00:00,1.1179878225513415,1.113390604381658,0.004597218169683688,1,0.4980186794370132
2024-11-30 07:25:00+00:00,1.116990234521754,1.113390604381658,0.003599630140095937,1,0.49846346172584866
2024-11-30 07:30:00+00:00,1.1159760200250062,1.113390604381658,0.0025854156433482932,1,0.49891647223853874
2024-11-30 07:35:00+00:00,1.1181873401572593,1.113390604381658,0.004796735775601288,1,0.49792981821398274
2024-11-30 07:40:00+00:00,1.119184928186847,1.113390604381658,0.005794323805189039,1,0.4974859873387495
2024-11-30 07:45:00+00:00,1.1197328326290141,1.1197328326290141,0.0,0,0.0
2024-12-03 21:15:00+00:00,1.1195648727041199,1.1195648727041199,0.0,1,0.5000750112516877
2024-12-03 21:20:00+00:00,1.128834665089061,1.1195648727041199,0.009269792384941094,1,0.495968482922462
2024-12-03 21:25:00+00:00,1.1333122410452334,1.1195648727041199,0.013747368341113637,1,0.4940089730241971
2024-12-03 21:30:00+00:00,1.1297543833935721,1.1195648727041199,0.010189510689452206,1,0.4955647214510223
2024-12-03 21:35:00+00:00,1.1320778822681266,1.1195648727041199,0.012513009564006644,1,0.4945476146860236
2024-12-03 21:40:00+00:00,1.1341351468966383,1.1195648727041199,0.014570274192518383,1,0.4936505299623975
2024-12-03 21:45:00+00:00,1.1364359045259578,1.1364359045259578,0.0,0,0.0
2024-12-04 00:55:00+00:00,1.1362654391402789,1.1362654391402789,0.0,1,0.5000750112516877
2024-12-04 01:00:00+00:00,1.1424669251702575,1.1362654391402789,0.0062014860299786,1,0.49736052724528507
2024-12-04 01:05:00+00:00,1.140629620393532,1.1362654391402789,0.004364181253253184,1,0.4981616662444171
2024-12-04 01:10:00+00:00,1.1410163396576103,1.1362654391402789,0.004750900517331446,1,0.49799282667020045
2024-12-04 01:15:00+00:00,1.1428676222390615,1.1362654391402789,0.006602183098782642,1,0.4971861493020062
2024-12-04 01:20:00+00:00,1.1435882557271433,1.1362654391402789,0.007322816586864293,1,0.49687284686364774
2024-12-04 01:25:00+00:00,1.1416923080025445,1.1416923080025445,0.0,0,0.0
2024-12-04 01:35:00+00:00,1.141521054156344,1.141521054156344,0.0,1,0.5000750112516877
2024-12-04 01:40:00+00:00,1.142228866789368,1.141521054156344,0.0007078126330240289,1,0.49976512641099163
2024-12-04 01:45:00+00:00,1.1424549407239961,1.141521054156344,0.0009338865676520948,1,0.4996662307219888
2024-12-04 01:50:00+00:00,1.1410464172569417,1.141521054156344,-0.00047463689940249477,1,0.5002830256227242
2024-12-04 01:55:00+00:00,1.1409310130232964,1.141521054156344,-0.0005900411330477472,1,0.5003336288393243
2024-12-04 02:00:00+00:00,1.1405877594052747,1.141521054156344,-0.000933294751069496,1,0.5004842014953088
2024-12-04 02:05:00+00:00,1.1389280868533422,1.1389280868533422,0.0,0,0.0
2024-12-05 02:30:00+00:00,1.1387572476403143,1.1387572476403143,0.0,1,0.5000750112516877
2024-12-05 02:35:00+00:00,1.1430451638306895,1.1387572476403143,0.00428791619037523,1,0.49819907510760564
2024-12-05 02:40:00+00:00,1.1441456582947345,1.1387572476403143,0.005388410654420209,1,0.497719883214359
2024-12-05 02:45:00+00:00,1.152749576211286,1.1387572476403143,0.013992328570971832,1,0.4940049904839824
2024-12-05 02:50:00+00:00,1.1515344469072364,1.1387572476403143,0.012777199266922114,1,0.4945262774866388
2024-12-05 02:55:00+00:00,1.1500739990455768,1.1387572476403143,0.011316751405262475,1,0.49515426302938575
2024-12-05 03:00:00+00:00,1.1511268867495987,1.1511268867495987,0.0,0,0.0
2024-12-05 20:10:00+00:00,1.1509542177165863,1.1509542177165863,0.0,1,0.5000750112516877
2024-12-05 20:15:00+00:00,1.1480398662738929,1.1509542177165863,-0.0029143514426933762,1,0.5013444744239263
2024-12-05 20:20:00+00:00,1.1463730249811295,1.1509542177165863,-0.00458119273545686,1,0.5020734358122861
2024-12-05 20:25:00+00:00,1.146034564844414,1.1509542177165863,-0.004919652872172518,1,0.5022217139261748
2024-12-05 20:30:00+00:00,1.1457829661587138,1.1509542177165863,-0.005171251557872673,1,0.5023319951285368
2024-12-05 20:35:00+00:00,1.1467459301760066,1.1509542177165863,-0.004208287540579839,1,0.5019101687907973
2024-12-05 20:40:00+00:00,1.1470315301776621,1.1470315301776621,0.0,0,0.0
2024-12-05 22:35:00+00:00,1.1463434660933278,1.1463434660933278,0.0,4,2.0007502250590763
2024-12-05 22:40:00+00:00,1.1462149997728757,1.1463434660933278,-0.00012846632045211681,4,2.0009744666015514
2024-12-05 22:45:00+00:00,1.1582018240683487,1.1463434660933278,0.011858357975020878,4,1.9802653562785952
2024-12-05 22:50:00+00:00,1.1791878557046198,1.1463434660933278,0.032844389611292026,4,1.9450225311307383
2024-12-05 22:55:00+00:00,1.1658830775610334,1.1463434660933278,0.019539611467705467,4,1.9672186619083691
2024-12-05 23:00:00+00:00,1.175489765586528,1.1463434660933278,0.029146299493200075,4,1.9511415708811624
2024-12-05 23:05:00+00:00,1.1647722889273353,1.1647722889273353,0.0,0,0.0
2024-12-06 16:00:00+00:00,1.1645975730839961,1.1645975730839961,0.0,1,0.5000750112516877
2024-12-06 16:05:00+00:00,1.1684819479086284,1.1645975730839961,0.0038843748246321424,1,0.4984126160494252
2024-12-06 16:10:00+00:00,1.1679735634735027,1.1645975730839961,0.0033759903895065235,1,0.49862956035723666
2024-12-06 16:15:00+00:00,1.1640891886488705,1.1645975730839961,-0.0005083844351256833,1,0.5002934054731913
2024-12-06 16:20:00+00:00,1.1651139010259206,1.1645975730839961,0.000516327941924515,1,0.49985339969839665
2024-12-06 16:25:00+00:00,1.164105075662468,1.1645975730839961,-0.0004924974215280198,1,0.5002865777663961
2024-12-06 16:30:00+00:00,1.1633028227820208,1.1633028227820208,0.0,0,0.0
2024-12-06 17:45:00+00:00,1.1631283273586035,1.1631283273586035,0.0,1,0.5000750112516877
2024-12-06 17:50:00+00:00,1.1646343959063905,1.1631283273586035,0.0015060685477871147,1,0.499428329985337
2024-12-06 17:55:00+00:00,1.163764710617676,1.1631283273586035,0.0006363832590725687,1,0.4998015544588003
2024-12-06 18:00:00+00:00,1.1642422868021163,1.1631283273586035,0.0011139594435126976,1,0.4995965341446771
2024-12-06 18:05:00+00:00,1.1651656777560702,1.1631283273586035,0.0020373503974665964,1,0.49920060511152503
2024-12-06 18:10:00+00:00,1.167280410509903,1.1631283273586035,0.004152083151299496,1,0.4982962158483647
2024-12-06 18:15:00+00:00,1.1677128468517175,1.1677128468517175,0.0,0,0.0
2024-12-09 21:10:00+00:00,1.167362559271201,1.167362559271201,0.0,2,1.0002250450084391
2024-12-09 21:15:00+00:00,1.17209071025404,1.167362559271201,0.004728150982839263,2,0.9961901908898598
2024-12-09 21:20:00+00:00,1.1792679939066195,1.167362559271201,0.011905434635418658,2,0.9901271588997794
2024-12-09 21:25:00+00:00,1.1805869898630537,1.167362559271201,0.013224430591852647,2,0.9890209517925032
2024-12-09 21:30:00+00:00,1.1763642295917909,1.167362559271201,0.00900167032059002,2,0.9925712113784523
2024-12-09 21:35:00+00:00,1.1826534108287798,1.167362559271201,0.015290851557578979,2,0.9872928600188581
2024-12-09 21:40:00+00:00,1.1850008770202476,1.1850008770202476,0.0,0,0.0
2024-12-09 22:30:00+00:00,1.1848231268886946,1.1848231268886946,0.0,1,0.5000750112516877
2024-12-09 22:35:00+00:00,1.186080393249589,1.1848231268886946,0.0012572663608942396,1,0.49954492282501034
2024-12-09 22:40:00+00:00,1.1751749741627018,1.1848231268886946,-0.009648152725992905,1,0.5041806127060129
2024-12-09 22:45:00+00:00,1.1770335418266324,1.1848231268886946,-0.007789585062062228,1,0.5033844979393071
2024-12-09 22:50:00+00:00,1.185643083211017,1.1848231268886946,0.0008199563223224159,1,0.4997291738973291
2024-12-09 22:55:00+00:00,1.1880756203005733,1.1848231268886946,0.003252493411878653,1,0.49870599849547126
2024-12-09 23:00:00+00:00,1.1876518832723235,1.1876518832723235,0.0,0,0.0
2024-12-12 03:00:00+00:00,1.1874737354898326,1.1874737354898326,0.0,1,0.5000750112516877
2024-12-12 03:05:00+00:00,1.1839622278658406,1.1874737354898326,-0.0035115076239920356,1,0.5015581812154319
2024-12-12 03:10:00+00:00,1.1868461338656666,1.1874737354898326,-0.0006276016241659708,1,0.5003394498173207
2024-12-12 03:15:00+00:00,1.1874278134197718,1.1874737354898326,-4.5922070060884494e-05,1,0.5000943509365451
2024-12-12 03:20:00+00:00,1.1869747156618373,1.1874737354898326,-0.0004990198279953492,1,0.5002852493829696
2024-12-12 03:25:00+00:00,1.190072924655281,1.1874737354898326,0.0025991891654483963,1,0.4989828180555999
2024-12-12 03:30:00+00:00,1.192683777261157,1.192683777261157,0.0,0,0.0
2024-12-13 09:00:00+00:00,1.1925048746945677,1.1925048746945677,0.0,1,0.5000750112516877
2024-12-13 09:05:00+00:00,1.191337212255291,1.1925048746945677,-0.0011676624392766494,1,0.5005651485540844
2024-12-13 09:10:00+00:00,1.1923797680046453,1.1925048746945677,-0.00012510668992247686,1,0.5001274800464873
2024-12-13 09:15:00+00:00,1.189685803948314,1.1925048746945677,-0.002819070746253622,1,0.5012599853267532
2024-12-13 09:20:00+00:00,1.1879259698434042,1.1925048746945677,-0.004578904851163488,1,0.5020025689893706
2024-12-13 09:25:00+00:00,1.1871002656899157,1.1925048746945677,-0.005404609004651941,1,0.5023517438807059
2024-12-13 09:30:00+00:00,1.1878638335207428,1.1878638335207428,0.0,0,0.0
2024-12-14 01:05:00+00:00,1.1876856539457146,1.1876856539457146,0.0,1,0.5000750112516877
2024-12-14 01:10:00+00:00,1.1867701842704836,1.1876856539457146,-0.0009154696752308676,1,0.5004607670738422
2024-12-14 01:15:00+00:00,1.1870660230713852,1.1876856539457146,-0.0006196308743293047,1,0.5003360429975467
2024-12-14 01:20:00+00:00,1.1890844822917097,1.1876856539457146,0.0013988283459951067,1,0.4994867274827208
2024-12-14 01:25:00+00:00,1.1905916295687438,1.1876856539457146,0.0029059756230290995,1,0.4988544367437771
2024-12-14 01:30:00+00:00,1.190995787300684,1.1876856539457146,0.0033101333549693515,1,0.4986851532921709
2024-12-14 01:35:00+00:00,1.189362290474764,1.189362290474764,0.0,0,0.0
2024-12-16 14:40:00+00:00,1.1891838861311927,1.1891838861311927,0.0,1,0.5000750112516877
2024-12-16 14:45:00+00:00,1.1900710310961344,1.1891838861311927,0.0008871449649416499,1,0.4997022275969874
2024-12-16 14:50:00+00:00,1.1926821435550898,1.1891838861311927,0.003498257423897058,1,0.49860824063717846
2024-12-16 14:55:00+00:00,1.1923677696860602,1.1891838861311927,0.0031838835548673493,1,0.4987397012533778
2024-12-16 15:00:00+00:00,1.190760844261991,1.1891838861311927,0.0015769581307981807,1,0.4994127478267503
2024-12-16 15:05:00+00:00,1.1926193818654094,1.1891838861311927,0.003435495734216643,1,0.4986344799354381
2024-12-16 15:10:00+00:00,1.192736692510152,1.192736692510152,0.0,0,0.0
2024-12-19 02:20:00+00:00,1.192021211497998,1.192021211497998,0.0,4,2.0007502250590767
2024-12-19 02:25:00+00:00,1.1720039337606043,1.192021211497998,-0.020017277737393768,4,2.034922100924419
2024-12-19 02:30:00+00:00,1.165675862212987,1.192021211497998,-0.026345349285010963,4,2.04596902491582
2024-12-19 02:35:00+00:00,1.1795335451417959,1.192021211497998,-0.012487666356202205,4,2.021932073914109
2024-12-19 02:40:00+00:00,1.1754177689339493,1.192021211497998,-0.01660344256404873,4,2.029011956610833
2024-12-19 02:45:00+00:00,1.1782170924117061,1.192021211497998,-0.01380411908629187,4,2.024191231429225
2024-12-19 02:50:00+00:00,1.1878278019789923,1.1878278019789923,0.0,0,0.0
2024-12-19 18:00:00+00:00,1.1872933596424695,1.1872933596424695,0.0,3,1.5004501125253178
2024-12-19 18:05:00+00:00,1.1799436157474408,1.1872933596424695,-0.007349743895028843,3,1.5097962574657626
2024-12-19 18:10:00+00:00,1.1750428274315938,1.1872933596424695,-0.012250532210875735,3,1.5160932125087296
2024-12-19 18:15:00+00:00,1.1722075614703458,1.1872933596424695,-0.015085798172123754,3,1.519760248638503
2024-12-19 18:20:00+00:00,1.1658551933805836,1.1872933596424695,-0.021438166261885955,3,1.5280409309756864
2024-12-19 18:25:00+00:00,1.1611508728235749,1.1872933596424695,-0.026142486818894528,3,1.5342316806291398
2024-12-19 18:30:00+00:00,1.185431394013109,1.185431394013109,0.0,1,0.5000750112516877
2024-12-19 18:35:00+00:00,1.1813451737736709,1.185431394013109,-0.004086220239437984,1,0.5018047484001339
2024-12-19 18:40:00+00:00,1.1810727590910417,1.185431394013109,-0.004358634922067209,1,0.5019204897718869
2024-12-19 18:45:00+00:00,1.1794988075914064,1.185431394013109,-0.005932586421702579,1,0.5025902645122169
2024-12-19 18:50:00+00:00,1.181980808033139,1.185431394013109,-0.0034505859799698574,1,0.5015348926736456
2024-12-19 18:55:00+00:00,1.177864319495631,1.185431394013109,-0.007567074517477799,1,0.5032876944205696
2024-12-19 19:00:00+00:00,1.1815305519652002,1.1815305519652002,0.0,0,0.0
2025-01-02 00:25:00+00:00,1.1813533223824053,1.1813533223824053,0.0,1,0.5000750112516877
2025-01-02 00:30:00+00:00,1.1817551298400026,1.1813533223824053,0.00040180745759721653,1,0.49990498121432614
2025-01-02 00:35:00+00:00,1.1825832026004421,1.1813533223824053,0.0012298802180368048,1,0.4995549359094027
2025-01-02 00:40:00+00:00,1.1830583835937745,1.1813533223824053,0.0017050612113692243,1,0.49935428730747283
2025-01-02 00:45:00+00:00,1.1828452509423533,1.1813533223824053,0.0014919285599480387,1,0.49944426416891574
2025-01-02 00:50:00+00:00,1.183865492486861,1.1813533223824053,0.0025121701044558036,1,0.4990138488973287
2025-01-02 00:55:00+00:00,1.1837808533182084,1.1837808533182084,0.0,0,0.0
2025-01-02 04:35:00+00:00,1.1836032861902106,1.1836032861902106,0.0,1,0.5000750112516877
2025-01-02 04:40:00+00:00,1.187561536925782,1.1836032861902106,0.003958250735571368,1,0.4984082157050318
2025-01-02 04:45:00+00:00,1.1902883318769533,1.1836032861902106,0.006685045686742693,1,0.49726642764426526
2025-01-02 04:50:00+00:00,1.1910506616482486,1.1836032861902106,0.0074473754580379565,1,0.4969481531877159
2025-01-02 04:55:00+00:00,1.1911679431515247,1.1836032861902106,0.007564656961314151,1,0.4968992240448597
2025-01-02 05:00:00+00:00,1.1909920208966105,1.1836032861902106,0.00738873470639986,1,0.4969726213728227
2025-01-02 05:05:00+00:00,1.189084551595289,1.189084551595289,0.0,0,0.0
2025-01-03 09:15:00+00:00,1.1889061889125498,1.1889061889125498,0.0,1,0.5000750112516877
2025-01-03 09:20:00+00:00,1.189888671426852,1.1889061889125498,0.0009824825143020684,1,0.49966210291312435
2025-01-03 09:25:00+00:00,1.1906465865093134,1.1889061889125498,0.0017403975967635924,1,0.4993440392255254
2025-01-03 09:30:00+00:00,1.1881763447590683,1.1889061889125498,-0.0007298441534816044,1,0.5003821852034955
2025-01-03 09:35:00+00:00,1.1869973657419057,1.1889061889125498,-0.0019088231706440337,1,0.5008791872305793
2025-01-03 09:40:00+00:00,1.1866605145941451,1.1889061889125498,-0.0022456743184047184,1,0.5010213692000921
2025-01-03 09:45:00+00:00,1.1862575844795653,1.1862575844795653,0.0,0,0.0
2025-01-03 16:25:00+00:00,1.1860796458418934,1.1860796458418934,0.0,1,0.5000750112516877
2025-01-03 16:30:00+00:00,1.184226629197352,1.1860796458418934,-0.0018530166445414212,1,0.5008575027921767
2025-01-03 16:35:00+00:00,1.1858443995881918,1.1860796458418934,-0.00023524625370152793,1,0.5001742154752837
2025-01-03 16:40:00+00:00,1.1852804117748306,1.1860796458418934,-0.0007992340670629357,1,0.5004122116146641
2025-01-03 16:45:00+00:00,1.184685660989831,1.1860796458418934,-0.0013939848520622396,1,0.5006634348424631
2025-01-03 16:50:00+00:00,1.1839618263630571,1.1860796458418934,-0.002117819478836182,1,0.5009695237065034
2025-01-03 16:55:00+00:00,1.182347075991239,1.182347075991239,0.0,0,0.0
2025-01-06 01:55:00+00:00,1.1819923984712506,1.1819923984712506,0.0,2,1.000225045008439
2025-01-06 02:00:00+00:00,1.18125291924379,1.1819923984712506,-0.0007394792274607127,2,1.0008511985031903
2025-01-06 02:05:00+00:00,1.1834846684687284,1.1819923984712506,0.0014922699974776671,2,0.9989638492657656
2025-01-06 02:10:00+00:00,1.1888733962890166,1.1819923984712506,0.0068809978177658835,2,0.9944359118900924
2025-01-06 02:15:00+00:00,1.1860893897420928,1.1819923984712506,0.004096991270842168,2,0.996770066561015
2025-01-06 02:20:00+00:00,1.1858670115507184,1.1819923984712506,0.003874613079467896,2,0.9969569845901521
2025-01-06 02:25:00+00:00,1.1840450360444403,1.1840450360444403,0.0,0,0.0
2025-01-06 15:55:00+00:00,1.1838674292890337,1.1838674292890337,0.0,1,0.5000750112516877
2025-01-06 16:00:00+00:00,1.1846145797118257,1.1838674292890337,0.0007471504227919767,1,0.49975960802899966
2025-01-06 16:05:00+00:00,1.1849689972200732,1.1838674292890337,0.0011015679310395338,1,0.4996101327638949
2025-01-06 16:10:00+00:00,1.188562663035682,1.1838674292890337,0.004695233746648354,1,0.49809954193761086
2025-01-06 16:15:00+00:00,1.1871737295574147,1.1838674292890337,0.003306300268381036,1,0.49868229331770136
2025-01-06 16:20:00+00:00,1.1868624168812514,1.1838674292890337,0.002994987592217778,1,0.4988130971219839
2025-01-06 16:25:00+00:00,1.1872244187645278,1.1872244187645278,0.0,0,0.0
2025-01-08 13:05:00+00:00,1.186868278151448,1.186868278151448,0.0,2,1.000225045008439
2025-01-08 13:10:00+00:00,1.1828840039762762,1.186868278151448,-0.003984274175171601,2,1.0035940742647234
2025-01-08 13:15:00+00:00,1.1847354926260647,1.186868278151448,-0.002132785525383192,2,1.002025670980563
2025-01-08 13:20:00+00:00,1.1838215030853871,1.186868278151448,-0.003046775066060841,2,1.00279930195481
2025-01-08 13:25:00+00:00,1.1880498346445774,1.186868278151448,0.0011815564931294802,2,0.9992302867398398
2025-01-08 13:30:00+00:00,1.186395649033332,1.186868278151448,-0.0004726291181157478,2,1.000623508608103
2025-01-08 13:35:00+00:00,1.1832084693306948,1.1832084693306948,0.0,0,0.0
2025-01-08 17:45:00+00:00,1.1828535334120862,1.1828535334120862,0.0,2,1.0002250450084391
2025-01-08 17:50:00+00:00,1.1834381050192508,1.1828535334120862,0.0005845716071646123,2,0.999730973405026
2025-01-08 17:55:00+00:00,1.1857952527570497,1.1828535334120862,0.002941719344963416,2,0.9977436879972881
2025-01-08 18:00:00+00:00,1.1891596748621025,1.1828535334120862,0.006306141450016257,2,0.9949208283006167
2025-01-08 18:05:00+00:00,1.1962088432755618,1.1828535334120862,0.013355309863475506,2,0.9890578349644825
2025-01-08 18:10:00+00:00,1.1961718094328415,1.1828535334120862,0.01331827602075537,2,0.9890884564956142
2025-01-08 18:15:00+00:00,1.195437149844381,1.195437149844381,0.0,0,0.0
2025-01-09 20:45:00+00:00,1.1952578342719042,1.1952578342719042,0.0,1,0.5000750112516877
2025-01-09 20:50:00+00:00,1.196817863177144,1.1952578342719042,0.0015600289052398288,1,0.4994231731597414
2025-01-09 20:55:00+00:00,1.1967203613705666,1.1952578342719042,0.0014625270986623148,1,0.4994638632517642
2025-01-09 21:00:00+00:00,1.1988654011152713,1.1952578342719042,0.003607566843367096,1,0.4985702101054459
2025-01-09 21:05:00+00:00,1.2013354468819009,1.1952578342719042,0.006077612609996704,1,0.4975451082156824
2025-01-09 21:10:00+00:00,1.2020179595279434,1.1952578342719042,0.00676012525603917,1,0.49726259926842237
2025-01-09 21:15:00+00:00,1.2020336475686217,1.2020336475686217,0.0,0,0.0
2025-01-10 13:45:00+00:00,1.2018533425214863,1.2018533425214863,0.0,1,0.5000750112516879
2025-01-10 13:50:00+00:00,1.2014593797862707,1.2018533425214863,-0.0003939627352156423,1,0.5002389875979216
2025-01-10 13:55:00+00:00,1.2032441016715785,1.2018533425214863,0.001390759150092228,1,0.4994970039324211
2025-01-10 14:00:00+00:00,1.2018835484734522,1.2018533425214863,3.0205951965900524e-05,1,0.5000624432772044
2025-01-10 14:05:00+00:00,1.203043585564911,1.2018533425214863,0.0011902430434246696,1,0.49958025710439447
2025-01-10 14:10:00+00:00,1.2042948831920965,1.2018533425214863,0.002441540670610208,1,0.49906117859710525
2025-01-10 14:15:00+00:00,1.2054892702993272,1.2054892702993272,0.0,0,0.0
2025-01-13 00:30:00+00:00,1.2053084469087822,1.2053084469087822,0.0,1,0.5000750112516877
2025-01-13 00:35:00+00:00,1.2082972099257894,1.2053084469087822,0.0029887630170072114,1,0.49883805921117924
2025-01-13 00:40:00+00:00,1.2083130335334609,1.2053084469087822,0.003004586624678681,1,0.4988315266177854
2025-01-13 00:45:00+00:00,1.2072680424828302,1.2053084469087822,0.001959595574047974,1,0.49926330685443937
2025-01-13 00:50:00+00:00,1.2073034873640145,1.2053084469087822,0.0019950404552321944,1,0.49924864912440187
2025-01-13 00:55:00+00:00,1.2067123173814045,1.2053084469087822,0.0014038704726221456,1,0.4994932317071515
2025-01-13 01:00:00+00:00,1.2054187778993943,1.2054187778993943,0.0,0,0.0
2025-01-13 09:40:00+00:00,1.205057179387947,1.205057179387947,0.0,2,1.0002250450084391
2025-01-13 09:45:00+00:00,1.2032206589935084,1.205057179387947,-0.0018365203944386338,2,1.0017517256554642
2025-01-13 09:50:00+00:00,1.2054146155176433,1.205057179387947,0.0003574361296963864,2,0.9999284528116043
2025-01-13 09:55:00+00:00,1.2019222297979129,1.205057179387947,-0.0031349495900341307,2,1.0028339118860559
2025-01-13 10:00:00+00:00,1.2019972445907632,1.205057179387947,-0.0030599347971837065,2,1.0027713265694072
2025-01-13 10:05:00+00:00,1.199465188812694,1.205057179387947,-0.005591990575253079,2,1.0048881641026712
2025-01-13 10:10:00+00:00,1.2010895965395385,1.2010895965395385,0.0,0,0.0
2025-01-13 12:10:00+00:00,1.2009094331000576,1.2009094331000576,0.0,1,0.5000750112516877
2025-01-13 12:15:00+00:00,1.1993619792247687,1.2009094331000576,-0.0015474538752889356,1,0.5007202234791062
2025-01-13 12:20:00+00:00,1.1989073048831012,1.2009094331000576,-0.0020021282169564057,1,0.500910116923781
2025-01-13 12:25:00+00:00,1.1980974771930066,1.2009094331000576,-0.0028119559070509006,1,0.5012486961217638
2025-01-13 12:30:00+00:00,1.1987531449131794,1.2009094331000576,-0.0021562881868781012,1,0.500974534096646
2025-01-13 12:35:00+00:00,1.1962729256502638,1.2009094331000576,-0.004636507449793827,1,0.5020131989891256
2025-01-13 12:40:00+00:00,1.1941296618343127,1.1941296618343127,0.0,0,0.0
2025-01-13 14:40:00+00:00,1.1937714498036798,1.1937714498036798,0.0,2,1.0002250450084391
2025-01-13 14:45:00+00:00,1.205039662635719,1.1935906667368243,0.01144899589889468,3,1.4909470457024168
2025-01-13 14:50:00+00:00,1.210372837544625,1.1935906667368243,0.016782170807800634,3,1.4843775977372937
2025-01-13 14:55:00+00:00,1.2206115383301914,1.1935906667368243,0.027020871593367052,3,1.4719263816060575
2025-01-13 15:00:00+00:00,1.2124596377449077,1.1935906667368243,0.018868971008083463,3,1.4818227914808029
2025-01-13 15:05:00+00:00,1.21533160304428,1.1935906667368243,0.021740936307455598,3,1.4783210775236477
2025-01-13 15:10:00+00:00,1.2237811232969171,1.2161237384155024,0.007657384881414758,1,0.4924166678007177
2025-01-13 15:15:00+00:00,1.2236432887171869,1.2236432887171869,0.0,0,0.0
2025-01-14 13:35:00+00:00,1.2230927318290565,1.2230927318290565,0.0,3,1.5004501125253176
2025-01-14 13:40:00+00:00,1.2185062211856303,1.2230927318290565,-0.004586510643426278,3,1.5060978722916414
2025-01-14 13:45:00+00:00,1.21573720073386,1.2230927318290565,-0.007355531095196453,3,1.5095282319188914
2025-01-14 13:50:00+00:00,1.222347514155746,1.2230927318290565,-0.0007452176733104261,3,1.501364878521751
2025-01-14 13:55:00+00:00,1.2192086098686001,1.2230927318290565,-0.0038841219604563494,3,1.5052302060921248
2025-01-14 14:00:00+00:00,1.2186970752561552,1.2230927318290565,-0.004395656572901389,3,1.5058620098157465
2025-01-14 14:05:00+00:00,1.2159618184881849,1.2159618184881849,0.0,0,0.0
2025-01-15 13:35:00+00:00,1.2152324055355226,1.2152324055355226,0.0,4,2.0007502250590767
2025-01-15 13:40:00+00:00,1.2116833721196367,1.2152324055355226,-0.003549033415885928,4,2.0066104436351178
2025-01-15 13:45:00+00:00,1.215240163392055,1.2152324055355226,7.757856532596803e-06,4,2.00073745265929
2025-01-15 13:50:00+00:00,1.2272157435039024,1.2152324055355226,0.011983337968379715,4,1.9812135899856538
2025-01-15 13:55:00+00:00,1.2234452750273017,1.2152324055355226,0.008212869491779129,4,1.98731938281426
2025-01-15 14:00:00+00:00,1.2307310695854374,1.2152324055355226,0.015498664049914868,4,1.975554667432968
2025-01-15 14:05:00+00:00,1.2383965439908717,1.2383965439908717,0.0,0,0.0
2025-01-16 11:15:00+00:00,1.2382107845092731,1.2382107845092731,0.0,1,0.5000750112516877
2025-01-16 11:20:00+00:00,1.2296594907861271,1.2382107845092731,-0.008551293723145963,1,0.5035526311430976
2025-01-16 11:25:00+00:00,1.2341013288684681,1.2382107845092731,-0.004109455640805084,1,0.5017402197947318
2025-01-16 11:30:00+00:00,1.237032337671101,1.2382107845092731,-0.0011784468381720447,1,0.5005514028527092
2025-01-16 11:35:00+00:00,1.2415648255102245,1.2382107845092731,0.003354041000951336,1,0.4987240772876878
2025-01-16 11:40:00+00:00,1.2446771338264224,1.2382107845092731,0.006466349317149379,1,0.4974770204799044
2025-01-16 11:45:00+00:00,1.2506857743916258,1.2506857743916258,0.0,0,0.0
2025-01-17 01:40:00+00:00,1.250498171525467,1.250498171525467,0.0,1,0.5000750112516877
2025-01-17 01:45:00+00:00,1.2499156986424604,1.250498171525467,-0.0005824728830065122,1,0.5003080510749652
2025-01-17 01:50:00+00:00,1.2482847745700423,1.250498171525467,-0.002213396955424788,1,0.5009617195813393
2025-01-17 01:55:00+00:00,1.2481974036375914,1.250498171525467,-0.0023007678878757512,1,0.500996785743498
2025-01-17 02:00:00+00:00,1.249507967624356,1.250498171525467,-0.0009902039011110985,1,0.5004713082260328
2025-01-17 02:05:00+00:00,1.2484886400790947,1.250498171525467,-0.002009531446372495,1,0.5008799176227955
2025-01-17 02:10:00+00:00,1.2482719135687854,1.2482719135687854,0.0,0,0.0
2025-01-18 08:15:00+00:00,1.24808467278175,1.24808467278175,0.0,1,0.5000750112516877
2025-01-18 08:20:00+00:00,1.2488028959771291,1.24808467278175,0.000718223195379014,1,0.4997874034365014
2025-01-18 08:25:00+00:00,1.250186140649711,1.24808467278175,0.002101467867960839,1,0.4992344231716044
2025-01-18 08:30:00+00:00,1.2559319262127435,1.24808467278175,0.007847253430993368,1,0.4969504666279737
2025-01-18 08:35:00+00:00,1.2556659176218623,1.24808467278175,0.007581244840112215,1,0.4970557439087458
2025-01-18 08:40:00+00:00,1.2547348875537783,1.24808467278175,0.006650214772028252,1,0.49742456591862483
2025-01-18 08:45:00+00:00,1.2546806510621835,1.2546806510621835,0.0,0,0.0
2025-01-19 09:30:00+00:00,1.2544924489645242,1.2544924489645242,0.0,1,0.5000750112516877
2025-01-19 09:35:00+00:00,1.2554843308427723,1.2544924489645242,0.0009918818782481372,1,0.49967993237317054
2025-01-19 09:40:00+00:00,1.256415460707859,1.2544924489645242,0.0019230117433348833,1,0.49930961942926977
2025-01-19 09:45:00+00:00,1.2560274899307395,1.2544924489645242,0.001535040966215371,1,0.4994638497646933
2025-01-19 09:50:00+00:00,1.2575300496225914,1.2544924489645242,0.0030376006580673334,1,0.4988670654187297
2025-01-19 09:55:00+00:00,1.2608990795801827,1.2544924489645242,0.006406630615658492,1,0.49753412917072254
2025-01-19 10:00:00+00:00,1.2602934329564444,1.2602934329564444,0.0,0,0.0
2025-01-19 14:00:00+00:00,1.260104388941501,1.260104388941501,0.0,1,0.5000750112516877
2025-01-19 14:05:00+00:00,1.26921531928026,1.260104388941501,0.009110930338759158,1,0.49648527472514475
2025-01-19 14:10:00+00:00,1.2677227961764228,1.260104388941501,0.007618407234921971,1,0.4970697997849427
2025-01-19 14:15:00+00:00,1.2770895326657108,1.260104388941501,0.01698514372420991,1,0.4934240711870031
2025-01-19 14:20:00+00:00,1.27764922882965,1.260104388941501,0.017544839888149026,1,0.4932079183074748
2025-01-19 14:25:00+00:00,1.2714829542537447,1.260104388941501,0.011378565312243849,1,0.49559981466528286
2025-01-19 14:30:00+00:00,1.2743078067642046,1.2743078067642046,0.0,0,0.0
2025-01-21 16:10:00+00:00,1.27411666059319,1.27411666059319,0.0,1,0.5000750112516877
2025-01-21 16:15:00+00:00,1.2799817532427917,1.27411666059319,0.005865092649601831,1,0.49778358306115994
2025-01-21 16:20:00+00:00,1.2808313184621976,1.27411666059319,0.006714657869007648,1,0.4974534071723725
2025-01-21 16:25:00+00:00,1.2798671438020583,1.27411666059319,0.005750483208868377,1,0.4978281585456836
2025-01-21 16:30:00+00:00,1.2759880083926805,1.27411666059319,0.0018713477994904536,1,0.4993416075944976
2025-01-21 16:35:00+00:00,1.276947331859561,1.27411666059319,0.0028306712663710766,1,0.4989664706485926
2025-01-21 16:40:00+00:00,1.2743524194289289,1.2743524194289289,0.0,0,0.0
2025-01-23 14:35:00+00:00,1.2741612665660145,1.2741612665660145,0.0,1,0.5000750112516877
2025-01-23 14:40:00+00:00,1.2779147259061787,1.2741612665660145,0.0037534593401643075,1,0.49860620336982037
2025-01-23 14:45:00+00:00,1.2793361289292693,1.2741612665660145,0.005174862363254873,1,0.49805222826603374
2025-01-23 14:50:00+00:00,1.2853340699926679,1.2741612665660145,0.011172803426653428,1,0.4957280948120353
2025-01-23 14:55:00+00:00,1.2805425761311169,1.2741612665660145,0.00638130956510235,1,0.4975829945768417
2025-01-23 15:00:00+00:00,1.2810423024847755,1.2741612665660145,0.00688103591876104,1,0.49738889065455894
2025-01-23 15:05:00+00:00,1.2839248341427105,1.2839248341427105,0.0,0,0.0
2025-01-23 20:25:00+00:00,1.283732245417589,1.283732245417589,0.0,1,0.5000750112516877
2025-01-23 20:30:00+00:00,1.2840394653266929,1.283732245417589,0.0003072199091039232,1,0.4999553630604519
2025-01-23 20:35:00+00:00,1.2833819755849163,1.283732245417589,-0.00035026983267272743,1,0.5002114953178872
2025-01-23 20:40:00+00:00,1.2818850123335497,1.283732245417589,-0.0018472330840393512,1,0.5007956336916084
2025-01-23 20:45:00+00:00,1.2823722591957591,1.283732245417589,-0.0013599862218298692,1,0.5006053526719009
2025-01-23 20:50:00+00:00,1.2838359565970954,1.283732245417589,0.00010371117950634093,1,0.5000346140584233
2025-01-23 20:55:00+00:00,1.2776085513135236,1.2776085513135236,0.0,0,0.0
2025-01-27 07:35:00+00:00,1.2774169100308266,1.2774169100308266,0.0,1,0.5000750112516877
2025-01-27 07:40:00+00:00,1.2778304512844314,1.2774169100308266,0.0004135412536048292,1,0.4999131731558421
2025-01-27 07:45:00+00:00,1.2811053638382308,1.2774169100308266,0.0036884538074042376,1,0.49863523617049316
2025-01-27 07:50:00+00:00,1.2805289123938122,1.2774169100308266,0.0031120023629855782,1,0.498859705137454
2025-01-27 07:55:00+00:00,1.2814813104324172,1.2774169100308266,0.004064400401590523,1,0.49848895216521466
2025-01-27 08:00:00+00:00,1.2796287291599553,1.2774169100308266,0.0022118191291286334,1,0.4992106390703818
2025-01-27 08:05:00+00:00,1.2762812250782842,1.2762812250782842,0.0,0,0.0
2025-01-28 15:05:00+00:00,1.2760897828945226,1.2760897828945226,0.0,1,0.5000750112516877
2025-01-28 15:10:00+00:00,1.2723210781251815,1.2760897828945226,-0.0037687047693410864,1,0.5015562687049633
2025-01-28 15:15:00+00:00,1.2718934236832704,1.2760897828945226,-0.004196359211252141,1,0.5017249092232536
2025-01-28 15:20:00+00:00,1.2687929289794153,1.2760897828945226,-0.0072968539151072355,1,0.5029509528023979
2025-01-28 15:25:00+00:00,1.2735505846456758,1.2760897828945226,-0.002539198248846813,1,0.5010720580970751
2025-01-28 15:30:00+00:00,1.2758224988683282,1.2760897828945226,-0.00026728402619438267,1,0.5001797766579453
2025-01-28 15:35:00+00:00,1.276219081542194,1.276219081542194,0.0,0,0.0
2025-01-29 19:35:00+00:00,1.2756448690959812,1.2756448690959812,0.0,3,1.5004501125253176
2025-01-29 19:40:00+00:00,1.28937916252675,1.2756448690959812,0.013734293430768601,3,1.4844675197220738
2025-01-29 19:45:00+00:00,1.3084763368462418,1.2756448690959812,0.03283146775026064,3,1.462801759174898
2025-01-29 19:50:00+00:00,1.3085258188808353,1.2756448690959812,0.03288094978485415,3,1.4627464431802066
2025-01-29 19:55:00+00:00,1.3077224344789373,1.2756448690959812,0.03207756538295613,3,1.4636450648184067
2025-01-29 20:00:00+00:00,1.3006862578981289,1.2756448690959812,0.02504138880214766,3,1.4715627813816103
2025-01-29 20:05:00+00:00,1.2819215638341628,1.2819215638341628,0.0,0,0.0
2025-01-31 11:10:00+00:00,1.2817292755995877,1.2817292755995877,0.0,1,0.5000750112516877
2025-01-31 11:15:00+00:00,1.2812146098968524,1.2817292755995877,-0.0005146657027352863,1,0.5002758920839059
2025-01-31 11:20:00+00:00,1.2835684771863436,1.2817292755995877,0.0018392015867559576,1,0.49935846299537096
2025-01-31 11:25:00+00:00,1.2853766046174628,1.2817292755995877,0.0036473290178750174,1,0.49865602004467463
2025-01-31 11:30:00+00:00,1.2871556000276723,1.2817292755995877,0.005426324428084655,1,0.4979668207195008
2025-01-31 11:35:00+00:00,1.2858194113352879,1.2817292755995877,0.004090135735700059,1,0.4984842943469498
2025-01-31 11:40:00+00:00,1.2864214562041796,1.2864214562041796,0.0,0,0.0
2025-01-31 15:25:00+00:00,1.286228492985749,1.286228492985749,0.0,1,0.5000750112516877
2025-01-31 15:30:00+00:00,1.2868816819345663,1.286228492985749,0.0006531889488172882,1,0.4998211856859696
2025-01-31 15:35:00+00:00,1.2889153021792854,1.286228492985749,0.002686809193536298,1,0.49903257957645114
2025-01-31 15:40:00+00:00,1.2892494918740292,1.286228492985749,0.003020998888280047,1,0.49890322405101795
2025-01-31 15:45:00+00:00,1.2885165531116933,1.286228492985749,0.0022880601259443385,1,0.49918701203238164
2025-01-31 15:50:00+00:00,1.2896710266026263,1.286228492985749,0.0034425336168772496,1,0.49874015530650206
2025-01-31 15:55:00+00:00,1.2911547082731656,1.2911547082731656,0.0,0,0.0
2025-02-02 04:10:00+00:00,1.2909610350669245,1.2909610350669245,0.0,1,0.5000750112516879
2025-02-02 04:15:00+00:00,1.2890832828924856,1.2909610350669245,-0.0018777521744388003,1,0.5008034490122438
2025-02-02 04:20:00+00:00,1.2888370203122312,1.2909610350669245,-0.0021240147546931504,1,0.5008991392722304
2025-02-02 04:25:00+00:00,1.2920384338555368,1.2909610350669245,0.001077398788612396,1,0.499658011108952
2025-02-02 04:30:00+00:00,1.2925309590160454,1.2909610350669245,0.0015699239491209524,1,0.49946761401215195
2025-02-02 04:35:00+00:00,1.2923154792583231,1.2909610350669245,0.0013544441913985305,1,0.4995508948844969
2025-02-02 04:40:00+00:00,1.28984387718473,1.28984387718473,0.0,0,0.0
2025-02-03 02:00:00+00:00,1.289456953043062,1.289456953043062,0.0,2,1.000225045008439
2025-02-03 02:05:00+00:00,1.2811023035394733,1.289456953043062,-0.008354649503588692,2,1.0067479664431043
2025-02-03 02:10:00+00:00,1.2766353023235815,1.289456953043062,-0.012821650719480415,2,1.010270620392915
2025-02-03 02:15:00+00:00,1.3070715568874147,1.2890647433310167,0.018006813556397952,4,1.9869706689169504
2025-02-03 02:20:00+00:00,1.3354630798221387,1.2890647433310167,0.046398336491121996,4,1.9447283005807978
2025-02-03 02:25:00+00:00,1.3132180922172072,1.2890647433310167,0.02415334888619039,4,1.9776706253917054
2025-02-03 02:30:00+00:00,1.2979172244703914,1.3003598258642441,-0.002442601393852877,2,1.007279726448217
2025-02-03 02:35:00+00:00,1.300168504521413,1.3003598258642441,-0.00019132134283113777,2,1.0055355919409854
2025-02-03 02:40:00+00:00,1.3165963662623212,1.3003598258642441,0.01623654039807713,2,0.9929889982367479
2025-02-03 02:45:00+00:00,1.3212939040051497,1.3212939040051497,0.0,0,0.0
2025-02-03 05:20:00+00:00,1.3210957099195488,1.3210957099195488,0.0,1,0.5000750112516877
2025-02-03 05:25:00+00:00,1.3160295032366676,1.3210957099195488,-0.005066206682881356,1,0.5020001074275062
2025-02-03 05:30:00+00:00,1.3193616391757437,1.3210957099195488,-0.0017340707438050656,1,0.5007322726279253
2025-02-03 05:35:00+00:00,1.325379884698361,1.3210957099195488,0.004284174778812299,1,0.4984585624316528
2025-02-03 05:40:00+00:00,1.3183075961746074,1.3210957099195488,-0.002788113744941438,1,0.5011326293799747
2025-02-03 05:45:00+00:00,1.3195996488856778,1.3210957099195488,-0.0014960610338710083,1,0.5006419580063175
2025-02-03 05:50:00+00:00,1.3248756781285596,1.3248756781285596,0.0,0,0.0
2025-02-03 07:50:00+00:00,1.3246769467768402,1.3246769467768402,0.0,1,0.5000750112516877
2025-02-03 07:55:00+00:00,1.3249065516323593,1.3246769467768402,0.00022960485551909882,1,0.4999883487994826
2025-02-03 08:00:00+00:00,1.3251090213685899,1.3246769467768402,0.00043207459174970795,1,0.49991195319167425
2025-02-03 08:05:00+00:00,1.3239185549813377,1.3246769467768402,-0.0007583917955025982,1,0.5003614735754026
2025-02-03 08:10:00+00:00,1.3252481758264802,1.3246769467768402,0.0005712290496400174,1,0.49985946115425195
2025-02-03 08:15:00+00:00,1.325686512368835,1.3246769467768402,0.0010095655919947274,1,0.4996941832655344
2025-02-03 08:20:00+00:00,1.32437802421544,1.32437802421544,0.0,0,0.0
2025-02-03 09:05:00+00:00,1.3241793675118076,1.3241793675118076,0.0,1,0.5000750112516877
2025-02-03 09:10:00+00:00,1.3231782250251256,1.3241793675118076,-0.0010011424866820814,1,0.5004533777716496
2025-02-03 09:15:00+00:00,1.3240792532631394,1.3241793675118076,-0.00010011424866820813,1,0.5001128221560621
2025-02-03 09:20:00+00:00,1.3141345712287644,1.3241793675118076,-0.010044796283043132,1,0.5038974140133523
2025-02-03 09:25:00+00:00,1.3169377701914742,1.3241793675118076,-0.007241597320333452,1,0.5028248312837454
2025-02-03 09:30:00+00:00,1.3163037132832422,1.3241793675118076,-0.007875654228565388,1,0.5030670394874364
2025-02-03 09:35:00+00:00,1.3128012863735592,1.3128012863735592,0.0,0,0.0
2025-02-04 14:35:00+00:00,1.312604366180603,1.312604366180603,0.0,1,0.5000750112516877
2025-02-04 14:40:00+00:00,1.3141435302607032,1.312604366180603,0.0015391640801000713,1,0.49948930849019296
2025-02-04 14:45:00+00:00,1.3131537394578072,1.312604366180603,0.0005493732772041258,1,0.49986579900218175
2025-02-04 14:50:00+00:00,1.3114957742269617,1.312604366180603,-0.0011085919536412913,1,0.5004977187773887
2025-02-04 14:55:00+00:00,1.312393018277067,1.312604366180603,-0.00021134790353613767,1,0.5001555433817486
2025-02-04 15:00:00+00:00,1.3121888903329684,1.312604366180603,-0.00041547584763471286,1,0.5002333490418576
2025-02-04 15:05:00+00:00,1.3101850112007734,1.3101850112007734,0.0,0,0.0
2025-02-07 01:55:00+00:00,1.3099884834490931,1.3099884834490931,0.0,1,0.5000750112516877
2025-02-07 02:00:00+00:00,1.3075942728035994,1.3099884834490931,-0.0023942106454937014,1,0.5009906507129384
2025-02-07 02:05:00+00:00,1.3085999619574051,1.3099884834490931,-0.0013885214916879282,1,0.5006056278807304
2025-02-07 02:10:00+00:00,1.307312009381098,1.3099884834490931,-0.0026764740679951628,1,0.501098820250659
2025-02-07 02:15:00+00:00,1.3066945162406611,1.3099884834490931,-0.003293967208431954,1,0.5013356201150038
2025-02-07 02:20:00+00:00,1.3062634108233964,1.3099884834490931,-0.0037250726256967868,1,0.5015010756425096
2025-02-07 02:25:00+00:00,1.3071838684918766,1.3071838684918766,0.0,0,0.0
2025-02-09 07:15:00+00:00,1.3069877909116028,1.3069877909116028,0.0,1,0.5000750112516877
2025-02-09 07:20:00+00:00,1.3121361495859036,1.3069877909116028,0.005148358674300842,1,0.4981128935836461
2025-02-09 07:25:00+00:00,1.3086935097451087,1.3069877909116028,0.0017057188335057904,1,0.49942322581949455
2025-02-09 07:30:00+00:00,1.3113456945167181,1.3069877909116028,0.004357903605115324,1,0.49841314687566984
2025-02-09 07:35:00+00:00,1.3129994097272513,1.3069877909116028,0.006011618815648421,1,0.49778539838164026
2025-02-09 07:40:00+00:00,1.3152563669642678,1.3069877909116028,0.00826857605266505,1,0.496931207225013
2025-02-09 07:45:00+00:00,1.311430436500497,1.311430436500497,0.0,0,0.0
2025-02-11 04:40:00+00:00,1.3112337219350219,1.3112337219350219,0.0,1,0.5000750112516877
2025-02-11 04:45:00+00:00,1.3133113342358054,1.3112337219350219,0.002077612300783417,1,0.49928391018706814
2025-02-11 04:50:00+00:00,1.321954201407064,1.3112337219350219,0.01072047947204224,1,0.49601961819276125
2025-02-11 04:55:00+00:00,1.3247485899516178,1.3112337219350219,0.013514868016596035,1,0.494973327938546
2025-02-11 05:00:00+00:00,1.3173834543453407,1.3112337219350219,0.0061497324103187805,1,0.4977405903250083
2025-02-11 05:05:00+00:00,1.3154304987826042,1.3112337219350219,0.004196776847582424,1,0.4984795615253679
2025-02-11 05:10:00+00:00,1.316875097934748,1.316875097934748,0.0,0,0.0
2025-02-12 13:45:00+00:00,1.3166775666700579,1.3166775666700579,0.0,1,0.5000750112516877
2025-02-12 13:50:00+00:00,1.3185582002088043,1.3166775666700579,0.001880633538746501,1,0.49936176413229627
2025-02-12 13:55:00+00:00,1.3169344838201598,1.3166775666700579,0.0002569171501019754,1,0.4999774529841305
2025-02-12 14:00:00+00:00,1.3190000977069798,1.3166775666700579,0.002322531036921881,1,0.49919446565018233
2025-02-12 14:05:00+00:00,1.3161637323698538,1.3166775666700579,-0.0005138343002039508,1,0.5002702420479302
2025-02-12 14:10:00+00:00,1.3166775666700579,1.3166775666700579,0.0,1,0.5000750112516877
2025-02-12 14:15:00+00:00,1.3154112600609433,1.3154112600609433,0.0,0,0.0
2025-02-12 20:50:00+00:00,1.3152139483719343,1.3152139483719343,0.0,1,0.5000750112516877
2025-02-12 20:55:00+00:00,1.316543251788831,1.3152139483719343,0.0013293034168966845,1,0.4995700894268572
2025-02-12 21:00:00+00:00,1.3139127288300425,1.3152139483719343,-0.0013012195418918415,1,0.5005702552376653
2025-02-12 21:05:00+00:00,1.3124430060381214,1.3152139483719343,-0.0027709423338128144,1,0.5011308125416365
2025-02-12 21:10:00+00:00,1.3119000511213608,1.3152139483719343,-0.0033138972505734545,1,0.5013382151089106
2025-02-12 21:15:00+00:00,1.3119843027463753,1.3152139483719343,-0.0032296456255588523,1,0.5013060206998644
2025-02-12 21:20:00+00:00,1.3120959136824197,1.3120959136824197,0.0,0,0.0
2025-02-12 22:20:00+00:00,1.3118990992953674,1.3118990992953674,0.0,1,0.5000750112516877
2025-02-12 22:25:00+00:00,1.31707396879278,1.3118990992953674,0.0051748694974125325,1,0.4981101839272843
2025-02-12 22:30:00+00:00,1.3268107667844002,1.3118990992953674,0.014911667489032839,1,0.4944548034013762
2025-02-12 22:35:00+00:00,1.3259604019933928,1.3118990992953674,0.0140613026980254,1,0.49477190710592495
2025-02-12 22:40:00+00:00,1.3281577833764233,1.3118990992953674,0.016258684081055883,1,0.4939533277239202
2025-02-12 22:45:00+00:00,1.3254928224929243,1.3118990992953674,0.013593723197556898,1,0.4949464423408539
2025-02-12 22:50:00+00:00,1.3226625422146325,1.3226625422146325,0.0,0,0.0
2025-02-13 13:10:00+00:00,1.3224641428333004,1.3224641428333004,0.0,1,0.5000750112516877
2025-02-13 13:15:00+00:00,1.3218598477236922,1.3224641428333004,-0.0006042951096081364,1,0.5003036231459494
2025-02-13 13:20:00+00:00,1.3285628750164227,1.3224641428333004,0.006098732183122185,1,0.49777943034810557
2025-02-13 13:25:00+00:00,1.3342618427424193,1.3224641428333004,0.01179769990911905,1,0.4956532892734361
2025-02-13 13:30:00+00:00,1.3336668444806512,1.3224641428333004,0.011202701647350927,1,0.49587441859578363
2025-02-13 13:35:00+00:00,1.3364001177456484,1.3224641428333004,0.01393597491234793,1,0.4948602310982322
2025-02-13 13:40:00+00:00,1.3391953033688364,1.3391953033688364,0.0,0,0.0
2025-02-13 14:45:00+00:00,1.3389944240733311,1.3389944240733311,0.0,1,0.5000750112516877
2025-02-13 14:50:00+00:00,1.3433584123941196,1.3389944240733311,0.004363988320788381,1,0.49845048462611563
2025-02-13 14:55:00+00:00,1.3427515001110961,1.3389944240733311,0.0037570760377649247,1,0.4986757800151534
2025-02-13 15:00:00+00:00,1.3423179913375076,1.3389944240733311,0.003323567264176487,1,0.4988368300250674
2025-02-13 15:05:00+00:00,1.3446107710733743,1.3389944240733311,0.005616347000043257,1,0.4979862322164001
2025-02-13 15:10:00+00:00,1.3468842837526374,1.3389944240733311,0.007889859679306119,1,0.4971456418058505
2025-02-13 15:15:00+00:00,1.3486004765892223,1.3486004765892223,0.0,0,0.0
2025-02-14 17:00:00+00:00,1.348398186517734,1.348398186517734,0.0,1,0.5000750112516877
2025-02-14 17:05:00+00:00,1.3470216378907984,1.348398186517734,-0.0013765486269355907,1,0.5005860480091827
2025-02-14 17:10:00+00:00,1.346909745829803,1.348398186517734,-0.0014884406879308802,1,0.5006276332785675
2025-02-14 17:15:00+00:00,1.3455090229921587,1.348398186517734,-0.002889163525575329,1,0.5011488044837443
2025-02-14 17:20:00+00:00,1.3460090838079646,1.348398186517734,-0.0023891027097693437,1,0.5009626208368247
2025-02-14 17:25:00+00:00,1.3477019692493188,1.348398186517734,-0.0006962172684150012,1,0.5003333479361183
2025-02-14 17:30:00+00:00,1.3461127701748767,1.3461127701748767,0.0,0,0.0
2025-02-17 14:15:00+00:00,1.3459108532593504,1.3459108532593504,0.0,1,0.5000750112516877
2025-02-17 14:20:00+00:00,1.3440056271439744,1.3459108532593504,-0.001905226115376073,1,0.5007839040954687
2025-02-17 14:25:00+00:00,1.3436446620957665,1.3459108532593504,-0.0022661911635839978,1,0.5009184377941339
2025-02-17 14:30:00+00:00,1.3424852710468864,1.3459108532593504,-0.0034255822124640714,1,0.5013510387064289
2025-02-17 14:35:00+00:00,1.3441084185153185,1.3459108532593504,-0.0018024347440319982,1,0.5007456063930364
2025-02-17 14:40:00+00:00,1.3459443202174624,1.3459108532593504,3.346695811199997e-05,1,0.5000625768669937
2025-02-17 14:45:00+00:00,1.3437559002882882,1.3437559002882882,0.0,0,0.0
2025-02-19 10:05:00+00:00,1.343554336903245,1.343554336903245,0.0,1,0.5000750112516877
2025-02-19 10:10:00+00:00,1.3429738973456,1.343554336903245,-0.0005804395576448682,1,0.5002911459948082
2025-02-19 10:15:00+00:00,1.3428860997654524,1.343554336903245,-0.0006682371377927162,1,0.5003238549133049
2025-02-19 10:20:00+00:00,1.3429920143065832,1.343554336903245,-0.0005623225966618629,1,0.5002843970677292
2025-02-19 10:25:00+00:00,1.3420896502883957,1.343554336903245,-0.001464686614849238,1,0.5006207670253379
2025-02-19 10:30:00+00:00,1.3425112180343444,1.343554336903245,-0.0010431188689006496,1,0.5004635649360779
2025-02-19 10:35:00+00:00,1.3415877634347513,1.3415877634347513,0.0,0,0.0
2025-02-19 19:15:00+00:00,1.3413865252702362,1.3413865252702362,0.0,1,0.5000750112516877
2025-02-19 19:20:00+00:00,1.340784734619624,1.3413865252702362,-0.0006017906506121236,1,0.5002994622456509
2025-02-19 19:25:00+00:00,1.3416171767391118,1.3413865252702362,0.00023065146887563337,1,0.4999890381157641
2025-02-19 19:30:00+00:00,1.3409147381748086,1.3413865252702362,-0.0004717870954276079,1,0.5002509575145915
2025-02-19 19:35:00+00:00,1.3410125903131196,1.3413865252702362,-0.000373934957116679,1,0.5002144547805839
2025-02-19 19:40:00+00:00,1.3420449303722994,1.3413865252702362,0.0006584051020632935,1,0.4998296752488677
2025-02-19 19:45:00+00:00,1.3413719051123567,1.3413719051123567,0.0,0,0.0
2025-02-21 09:20:00+00:00,1.3407683782931328,1.3407683782931328,0.0,3,1.5004501125253178
2025-02-21 09:25:00+00:00,1.3332830299545027,1.3407683782931328,-0.007485348338630151,3,1.5088739741545865
2025-02-21 09:30:00+00:00,1.3233021167663839,1.3407683782931328,-0.0174662615267488,3,1.5202545500314308
2025-02-21 09:35:00+00:00,1.3194465133390965,1.3407683782931328,-0.021321864954036297,3,1.524696942045198
2025-02-21 09:40:00+00:00,1.3170993245574625,1.3407683782931328,-0.023669053735670215,3,1.5274140883461897
2025-02-21 09:45:00+00:00,1.3129862783364683,1.3407683782931328,-0.027782099956664377,3,1.5321988487413443
2025-02-21 09:50:00+00:00,1.3167277761729366,1.3167277761729366,0.0,0,0.0
2025-02-21 16:15:00+00:00,1.3165302670065107,1.3165302670065107,0.0,1,0.5000750112516877
2025-02-21 16:20:00+00:00,1.3170580740518758,1.3165302670065107,0.0005278070453650954,1,0.49987460770126746
2025-02-21 16:25:00+00:00,1.317812084116683,1.3165302670065107,0.0012818171101723118,1,0.4995885953859373
2025-02-21 16:30:00+00:00,1.3138158307732044,1.3165302670065107,-0.0027144362333061836,1,0.5011082015193935
2025-02-21 16:35:00+00:00,1.3175104800907602,1.3165302670065107,0.0009802130842494837,1,0.4997029610277674
2025-02-21 16:40:00+00:00,1.3183021906588077,1.3165302670065107,0.0017719236522971268,1,0.49940286282726865
2025-02-21 16:45:00+00:00,1.3166343618660077,1.3166343618660077,0.0,0,0.0
2025-02-22 10:10:00+00:00,1.3164368667117279,1.3164368667117279,0.0,1,0.5000750112516877
2025-02-22 10:15:00+00:00,1.3159107280543245,1.3164368667117279,-0.0005261386574032824,1,0.5002749555103762
2025-02-22 10:20:00+00:00,1.31539179677579,1.3164368667117279,-0.0010450699359379927,1,0.5004723174848982
2025-02-22 10:25:00+00:00,1.3182074794537655,1.3164368667117279,0.0017706127420375123,1,0.49940331184116415
2025-02-22 10:30:00+00:00,1.3174074603993577,1.3164368667117279,0.0009705936876298035,1,0.4997065833629348
2025-02-22 10:35:00+00:00,1.3160861076067925,1.3164368667117279,-0.0003507591049355216,1,0.5002082896613096
2025-02-22 10:40:00+00:00,1.3143174038591712,1.3143174038591712,0.0,0,0.0
2025-02-23 23:15:00+00:00,1.3141202562485923,1.3141202562485923,0.0,1,0.5000750112516877
2025-02-23 23:20:00+00:00,1.311436993073418,1.3141202562485923,-0.002683263175174299,1,0.5010981887810725
2025-02-23 23:25:00+00:00,1.31128650808085,1.3141202562485923,-0.0028337481677423574,1,0.5011556954790746
2025-02-23 23:30:00+00:00,1.3089343118893253,1.3141202562485923,-0.0051859443592669,1,0.5020562880508785
2025-02-23 23:35:00+00:00,1.308862542123639,1.3141202562485923,-0.005257714124953173,1,0.5020838176508137
2025-02-23 23:40:00+00:00,1.3097122035432154,1.3141202562485923,-0.00440805270537696,1,0.5017580962838619
2025-02-23 23:45:00+00:00,1.308607515669765,1.308607515669765,0.0,0,0.0
2025-02-24 15:15:00+00:00,1.3084112245424144,1.3084112245424144,0.0,1,0.5000750112516877
2025-02-24 15:20:00+00:00,1.3059318105516124,1.3084112245424144,-0.002479413990802054,1,0.5010244428907136
2025-02-24 15:25:00+00:00,1.307257431001468,1.3084112245424144,-0.0011537935409465503,1,0.5005163805675454
2025-02-24 15:30:00+00:00,1.3048415032581342,1.3084112245424144,-0.0035697212842802544,1,0.5014430919012873
2025-02-24 15:35:00+00:00,1.3043757074207305,1.3084112245424144,-0.004035517121683899,1,0.5016221584873741
2025-02-24 15:40:00+00:00,1.3035303742343312,1.3084112245424144,-0.004880850308083166,1,0.5019474580476945
2025-02-24 15:45:00+00:00,1.3030311432956916,1.3030311432956916,0.0,0,0.0
2025-02-24 19:50:00+00:00,1.3028356886241972,1.3028356886241972,0.0,1,0.5000750112516877
2025-02-24 19:55:00+00:00,1.3044437251895344,1.3028356886241972,0.001608036565337199,1,0.4994585500828571
2025-02-24 20:00:00+00:00,1.3034875953398743,1.3028356886241972,0.0006519067156772311,1,0.4998249112435689
2025-02-24 20:05:00+00:00,1.3074424960816498,1.3028356886241972,0.0046068074574525195,1,0.4983129840129953
2025-02-24 20:10:00+00:00,1.3083986259313096,1.3028356886241972,0.005562937307112488,1,0.4979488351144524
2025-02-24 20:15:00+00:00,1.3110931736894424,1.3028356886241972,0.008257485065245216,1,0.4969254548206272
2025-02-24 20:20:00+00:00,1.3089419988709163,1.3089419988709163,0.0,0,0.0
2025-02-25 00:20:00+00:00,1.3087456575710856,1.3087456575710856,0.0,1,0.5000750112516877
2025-02-25 00:25:00+00:00,1.3098835396296769,1.3087456575710856,0.001137882058591247,1,0.49964060134726684
2025-02-25 00:30:00+00:00,1.3071503426498672,1.3087456575710856,-0.0015953149212184258,1,0.5006853290561118
2025-02-25 00:35:00+00:00,1.306709297568923,1.3087456575710856,-0.0020363600021627115,1,0.5008543221151588
2025-02-25 00:40:00+00:00,1.3069451391227074,1.3087456575710856,-0.001800518448378302,1,0.5007639416867755
2025-02-25 00:45:00+00:00,1.306925188779789,1.3087456575710856,-0.0018204687912966415,1,0.5007715858981225
2025-02-25 00:50:00+00:00,1.3086975188186483,1.3086975188186483,0.0,0,0.0
2025-02-25 07:40:00+00:00,1.3085012141908254,1.3085012141908254,0.0,1,0.5000750112516877
2025-02-25 07:45:00+00:00,1.3080207028397026,1.3085012141908254,-0.0004805113511228516,1,0.5002587176095441
2025-02-25 07:50:00+00:00,1.3113539051431817,1.3085012141908254,0.0028526909523562335,1,0.49898715887674755
2025-02-25 07:55:00+00:00,1.3120801952888443,1.3085012141908254,0.003578981098018872,1,0.4987109490401799
2025-02-25 08:00:00+00:00,1.3077666393666951,1.3085012141908254,-0.0007345748241303614,1,0.5003559042660715
2025-02-25 08:05:00+00:00,1.3131406341327019,1.3085012141908254,0.0046394199418763795,1,0.49830821040848067
2025-02-25 08:10:00+00:00,1.313270193524606,1.313270193524606,0.0,0,0.0
2025-02-25 11:40:00+00:00,1.3130732029955774,1.3130732029955774,0.0,1,0.5000750112516877
2025-02-25 11:45:00+00:00,1.3164682723132386,1.3130732029955774,0.0033950693176612924,1,0.4987853566789677
2025-02-25 11:50:00+00:00,1.3241191327474047,1.3130732029955774,0.011045929751827275,1,0.4959033371867801
2025-02-25 11:55:00+00:00,1.3279923808422012,1.3130732029955774,0.014919177846623805,1,0.4944569759849607
2025-02-25 12:00:00+00:00,1.3314830859152895,1.3130732029955774,0.018409882919712028,1,0.4931606745202612
2025-02-25 12:05:00+00:00,1.3270360232879306,1.3130732029955774,0.013962820292353184,1,0.4948133172266049
2025-02-25 12:10:00+00:00,1.33343789988337,1.33343789988337,0.0,0,0.0
2025-02-25 15:40:00+00:00,1.3330378985157578,1.3330378985157578,0.0,2,1.000225045008439
2025-02-25 15:45:00+00:00,1.3319554215079736,1.3330378985157578,-0.0010824770077841883,2,1.001037925527072
2025-02-25 15:50:00+00:00,1.3338680586326146,1.3330378985157578,0.000830160116856689,2,0.999602534457359
2025-02-25 15:55:00+00:00,1.342644452063091,1.3330378985157578,0.009606553547333118,2,0.9930684851019852
2025-02-25 16:00:00+00:00,1.335791859707894,1.3330378985157578,0.0027539611921361517,2,0.9981629116473641
2025-02-25 16:05:00+00:00,1.3325120838809896,1.3330378985157578,-0.0005258146347682694,2,1.0006197378394377
2025-02-25 16:10:00+00:00,1.3316004154073493,1.3316004154073493,0.0,0,0.0
2025-02-26 18:45:00+00:00,1.3312009652437364,1.3312009652437364,0.0,2,1.000225045008439
2025-02-26 18:50:00+00:00,1.3270623609423318,1.3312009652437364,-0.004138604301404736,2,1.003344367653311
2025-02-26 18:55:00+00:00,1.3156224130253478,1.3312009652437364,-0.015578552218388556,2,1.0120689129294576
2025-02-26 19:00:00+00:00,1.3178361903936475,1.3312009652437364,-0.013364774850088926,2,1.010368781099011
2025-02-26 19:05:00+00:00,1.3197094359178643,1.3312009652437364,-0.011491529325872104,2,1.008934625408758
2025-02-26 19:10:00+00:00,1.319338878438578,1.3312009652437364,-0.011862086805158538,2,1.0092180008763243
2025-02-26 19:15:00+00:00,1.3274990549200387,1.3274990549200387,0.0,0,0.0
2025-02-26 20:25:00+00:00,1.3272999300618007,1.3272999300618007,0.0,1,0.5000750112516877
2025-02-26 20:30:00+00:00,1.331408368131887,1.3272999300618007,0.004108438070086158,1,0.49853188799716897
2025-02-26 20:35:00+00:00,1.3302940662955103,1.3272999300618007,0.002994136233709655,1,0.49894947611724116
2025-02-26 20:40:00+00:00,1.3344712983052436,1.3272999300618007,0.007171368243442807,1,0.49738763831261884
2025-02-26 20:45:00+00:00,1.336407927699262,1.3272999300618007,0.009107997637461262,1,0.4966668587507706
2025-02-26 20:50:00+00:00,1.3378893971902666,1.3272999300618007,0.010589467128465771,1,0.4961168904200718
2025-02-26 20:55:00+00:00,1.3384622043292311,1.3384622043292311,0.0,0,0.0
2025-02-28 01:40:00+00:00,1.3382614349985817,1.3382614349985817,0.0,1,0.5000750112516877
2025-02-28 01:45:00+00:00,1.3391933374802896,1.3382614349985817,0.0009319024817079027,1,0.49972702479522707
2025-02-28 01:50:00+00:00,1.337161351336653,1.3382614349985817,-0.0011000836619289012,1,0.5004864233442277
2025-02-28 01:55:00+00:00,1.3337432922777641,1.3382614349985817,-0.004518142720817645,1,0.5017690480914839
2025-02-28 02:00:00+00:00,1.332060668006084,1.3382614349985817,-0.006200766992497698,1,0.5024028696578547
2025-02-28 02:05:00+00:00,1.336636496059248,1.3382614349985817,-0.0016249389393337612,1,0.5006829486832679
2025-02-28 02:10:00+00:00,1.3384254644598128,1.3384254644598128,0.0,0,0.0
2025-02-28 08:30:00+00:00,1.3382247006401438,1.3382247006401438,0.0,1,0.5000750112516877
2025-02-28 08:35:00+00:00,1.3404251632454571,1.3382247006401438,0.0022004626053133787,1,0.49925408040654706
2025-02-28 08:40:00+00:00,1.3412414638893637,1.3382247006401438,0.003016763249220053,1,0.4989502265232
2025-02-28 08:45:00+00:00,1.3389226968429044,1.3382247006401438,0.0006979962027607665,1,0.4998143162468363
2025-02-28 08:50:00+00:00,1.3399046237044154,1.3382247006401438,0.0016799230642716224,1,0.49944803562192613
2025-02-28 08:55:00+00:00,1.3424718300772809,1.3382247006401438,0.004247129437137107,1,0.49849294207639533
2025-02-28 09:00:00+00:00,1.343903667545425,1.343903667545425,0.0,0,0.0
2025-02-28 16:40:00+00:00,1.3437020819952932,1.3437020819952932,0.0,1,0.5000750112516877
2025-02-28 16:45:00+00:00,1.343241107375296,1.3437020819952932,-0.0004609746199973666,1,0.5002466274172563
2025-02-28 16:50:00+00:00,1.3406402901561028,1.3437020819952932,-0.0030617918391905117,1,0.501217096566948
2025-02-28 16:55:00+00:00,1.3424318231887256,1.3437020819952932,-0.0012702588065675658,1,0.5005482007843063
2025-02-28 17:00:00+00:00,1.3406815477813003,1.3437020819952932,-0.0030205342139928413,1,0.5012016723022171
2025-02-28 17:05:00+00:00,1.3390360032686075,1.3437020819952932,-0.004666078726685671,1,0.5018176002231962
2025-02-28 17:10:00+00:00,1.3387526958839495,1.3387526958839495,0.0,0,0.0
2025-03-02 15:25:00+00:00,1.3385518829795668,1.3385518829795668,0.0,1,0.5000750112516877
2025-03-02 15:30:00+00:00,1.380075481939871,1.338344840600919,0.04173064133895198,2,0.9851038061992522
2025-03-02 15:35:00+00:00,1.4079214189816898,1.338344840600919,0.06957657838077064,2,0.9656203760892674
2025-03-02 15:40:00+00:00,1.4345251375927208,1.338344840600919,0.0961802969918017,2,0.9477126433508465
2025-03-02 15:45:00+00:00,1.4293598879566063,1.338344840600919,0.09101504735568726,2,0.9511373738385666
2025-03-02 15:50:00+00:00,1.3941026440753872,1.338344840600919,0.055757803474468036,2,0.9751919027475263
2025-03-02 15:55:00+00:00,1.4139344290568894,1.4047444451869848,0.009189983869904552,1,0.48809990617428534
2025-03-02 16:00:00+00:00,1.4126343682524,1.4126343682524,0.0,0,0.0
2025-03-03 15:05:00+00:00,1.4124224730971622,1.4124224730971622,0.0,1,0.5000750112516877
2025-03-03 15:10:00+00:00,1.4088247102636502,1.4124224730971622,-0.0035977628335120693,1,0.5013520695516609
2025-03-03 15:15:00+00:00,1.4138975950075727,1.4124224730971622,0.0014751219104106148,1,0.499553282090714
2025-03-03 15:20:00+00:00,1.4111243031781278,1.4124224730971622,-0.0012981699190343986,1,0.5005350574257956
2025-03-03 15:25:00+00:00,1.418209429593895,1.4124224730971622,0.005786956496732831,1,0.49803447176941584
2025-03-03 15:30:00+00:00,1.4190292027574831,1.4124224730971622,0.006606729660320886,1,0.49774675725747697
2025-03-03 15:35:00+00:00,1.4151020987567577,1.4151020987567577,0.0,0,0.0
2025-03-04 14:40:00+00:00,1.4146775999669279,1.4146775999669279,0.0,2,1.0002250450084391
2025-03-04 14:45:00+00:00,1.4025724495929777,1.4146775999669279,-0.012105150373950192,2,1.0088576647216894
2025-03-04 14:50:00+00:00,1.4030320849081102,1.4146775999669279,-0.01164551505881766,2,1.008527161509656
2025-03-04 14:55:00+00:00,1.3947243532616518,1.4146775999669279,-0.019953246705276144,2,1.0145344940670842
2025-03-04 15:00:00+00:00,1.3824154091302574,1.4146775999669279,-0.03226219083667044,2,1.023567848530849
2025-03-04 15:05:00+00:00,1.3780645872085129,1.4146775999669279,-0.036613012758415095,2,1.0267994542735102
2025-03-04 15:10:00+00:00,1.3727921672671033,1.3727921672671033,0.0,0,0.0
2025-03-04 21:25:00+00:00,1.3725862484420133,1.3725862484420133,0.0,1,0.5000750112516877
2025-03-04 21:30:00+00:00,1.3778586304274834,1.3725862484420133,0.0052723819854700585,1,0.4981614720666923
2025-03-04 21:35:00+00:00,1.371612309318587,1.3725862484420133,-0.0009739391234262299,1,0.5004300989209927
2025-03-04 21:40:00+00:00,1.3676666072288095,1.3725862484420133,-0.004919641213203652,1,0.501873833875596
2025-03-04 21:45:00+00:00,1.368412669570152,1.3725862484420133,-0.004173578871861275,1,0.5016002108846036
2025-03-04 21:50:00+00:00,1.3677789848199742,1.3725862484420133,-0.004807263622039035,1,0.5018325996022629
2025-03-04 21:55:00+00:00,1.3662401428996824,1.3662401428996824,0.0,0,0.0
2025-03-06 01:50:00+00:00,1.3660352068782475,1.3660352068782475,0.0,1,0.5000750112516877
2025-03-06 01:55:00+00:00,1.3619047179221677,1.3660352068782475,-0.004130488956079876,1,0.5015916770536375
2025-03-06 02:00:00+00:00,1.3600712600248914,1.3660352068782475,-0.0059639468533561266,1,0.5022678528162848
2025-03-06 02:05:00+00:00,1.363467324084619,1.3660352068782475,-0.0025678827936285306,1,0.5010168262803529
2025-03-06 02:10:00+00:00,1.36304914091162,1.3660352068782475,-0.002986065966627388,1,0.5011705381311228
2025-03-06 02:15:00+00:00,1.3643230369831043,1.3660352068782475,-0.0017121698951432357,1,0.5007025850420357
2025-03-06 02:20:00+00:00,1.363001209604603,1.363001209604603,0.0,0,0.0
2025-03-10 09:20:00+00:00,1.3623879510582624,1.3623879510582624,0.0,3,1.5004501125253178
2025-03-10 09:25:00+00:00,1.3768860809765906,1.3623879510582624,0.01449812991832821,3,1.4846508964769336
2025-03-10 09:30:00+00:00,1.3664509402719223,1.3623879510582624,0.004062989213659803,3,1.4959886917430891
2025-03-10 09:35:00+00:00,1.3587015803763416,1.3623879510582624,-0.0036863706819208744,3,1.5045210692272053
2025-03-10 09:40:00+00:00,1.3464251700071797,1.3623879510582624,-0.015962781051082724,3,1.5182389634454077
2025-03-10 09:45:00+00:00,1.3514401441069939,1.3623879510582624,-0.010947806951268414,3,1.5126050261140294
2025-03-10 09:50:00+00:00,1.3518633616867402,1.3518633616867402,0.0,0,0.0
2025-03-10 19:35:00+00:00,1.3516605821824872,1.3516605821824872,0.0,1,0.5000750112516877
2025-03-10 19:40:00+00:00,1.3503575366431677,1.3516605821824872,-0.001303045539319379,1,0.5005575653124119
2025-03-10 19:45:00+00:00,1.3456526145390801,1.3516605821824872,-0.0060079676434069765,1,0.5023077082006738
2025-03-10 19:50:00+00:00,1.3472305677917897,1.3516605821824872,-0.004430014390697466,1,0.5017193767739935
2025-03-10 19:55:00+00:00,1.3474867511408002,1.3516605821824872,-0.004173831041686903,1,0.5016239901959091
2025-03-10 20:00:00+00:00,1.3484195649298887,1.3516605821824872,-0.0032410172525985806,1,0.5012769752258195
2025-03-10 20:05:00+00:00,1.3477163342322196,1.3477163342322196,0.0,0,0.0
2025-03-11 13:30:00+00:00,1.3475141767820848,1.3475141767820848,0.0,1,0.5000750112516877
2025-03-11 13:35:00+00:00,1.3406382521133289,1.3475141767820848,-0.00687592466875597,1,0.5026398180522349
2025-03-11 13:40:00+00:00,1.3447834624419663,1.3475141767820848,-0.002730714340118525,1,0.5010904624692988
2025-03-11 13:45:00+00:00,1.3442990940885777,1.3475141767820848,-0.00321508269350709,1,0.5012710118450087
2025-03-11 13:50:00+00:00,1.3470824571627602,1.3475141767820848,-0.0004317196193245631,1,0.5002352777538186
2025-03-11 13:55:00+00:00,1.3417544052754853,1.3475141767820848,-0.005759771506599528,1,0.5022216915902393
2025-03-11 14:00:00+00:00,1.3412117860117367,1.3412117860117367,0.0,0,0.0
2025-03-11 14:10:00+00:00,1.341010604243835,1.341010604243835,0.0,1,0.5000750112516877
2025-03-11 14:15:00+00:00,1.337532228308214,1.341010604243835,-0.003478375935620987,1,0.5013755024460894
2025-03-11 14:20:00+00:00,1.337257532587323,1.341010604243835,-0.0037530716565120355,1,0.5014784936065243
2025-03-11 14:25:00+00:00,1.3352668160076122,1.341010604243835,-0.005743788236222823,1,0.5022261356055787
2025-03-11 14:30:00+00:00,1.331411147154141,1.341010604243835,-0.009599457089694103,1,0.503680545592
2025-03-11 14:35:00+00:00,1.3312365664399601,1.341010604243835,-0.009774037803874834,1,0.5037465991482087
2025-03-11 14:40:00+00:00,1.3270622254801336,1.3270622254801336,0.0,0,0.0
2025-03-13 13:05:00+00:00,1.3268631661463117,1.3268631661463117,0.0,1,0.5000750112516877
2025-03-13 13:10:00+00:00,1.3278403679256554,1.3268631661463117,0.0009772017793436584,1,0.4997069894603606
2025-03-13 13:15:00+00:00,1.3286732103512324,1.3268631661463117,0.0018100442049207672,1,0.4993937618149639
2025-03-13 13:20:00+00:00,1.323975979070978,1.3268631661463117,-0.0028871870753337907,1,0.5011655220555139
2025-03-13 13:25:00+00:00,1.3302722678083405,1.3268631661463117,0.0034091016620286926,1,0.49879346416298087
2025-03-13 13:30:00+00:00,1.3287065240482556,1.3268631661463117,0.0018433579019439873,1,0.4993812408766113
2025-03-13 13:35:00+00:00,1.3250206310926842,1.3250206310926842,0.0,0,0.0
2025-03-16 16:10:00+00:00,1.3246231547163205,1.3246231547163205,0.0,2,1.000225045008439
2025-03-16 16:15:00+00:00,1.3174410349645849,1.3246231547163205,-0.007182119751735766,2,1.0056778401326845
2025-03-16 16:20:00+00:00,1.3185376697188869,1.3246231547163205,-0.006085484997433746,2,1.0048414125535194
2025-03-16 16:25:00+00:00,1.3190220231233343,1.3246231547163205,-0.005601131592986174,2,1.004472428298088
2025-03-16 16:30:00+00:00,1.3185316543633148,1.3246231547163205,-0.006091500353005732,2,1.0048459968032566
2025-03-16 16:35:00+00:00,1.3106338339598658,1.3246231547163205,-0.01398932075645468,2,1.010901153484127
2025-03-16 16:40:00+00:00,1.3161811106298211,1.3161811106298211,0.0,0,0.0
2025-03-19 10:35:00+00:00,1.3159836834632266,1.3159836834632266,0.0,1,0.5000750112516877
2025-03-19 10:40:00+00:00,1.3103668938686743,1.3159836834632266,-0.005616789594552315,1,0.5022185453510586
2025-03-19 10:45:00+00:00,1.311522120097341,1.3159836834632266,-0.004461563365885507,1,0.5017761768791724
2025-03-19 10:50:00+00:00,1.31343753829832,1.3159836834632266,-0.0025461451649063977,1,0.5010444243641214
2025-03-19 10:55:00+00:00,1.3151604187945216,1.3159836834632266,-0.0008232646687050659,1,0.5003880484162666
2025-03-19 11:00:00+00:00,1.3128134505655922,1.3159836834632266,-0.0031702328976344328,1,0.5012826118070234
2025-03-19 11:05:00+00:00,1.3159057624582182,1.3159057624582182,0.0,0,0.0
2025-03-20 14:20:00+00:00,1.3157083765938495,1.3157083765938495,0.0,1,0.5000750112516877
2025-03-20 14:25:00+00:00,1.315849404916646,1.3157083765938495,0.00014102832279656817,1,0.5000214148903976
2025-03-20 14:30:00+00:00,1.3155378307151189,1.3157083765938495,-0.0001705458787306249,1,0.5001398408067441
2025-03-20 14:35:00+00:00,1.3127894182848057,1.3157083765938495,-0.002918958309043814,1,0.5011869170066453
2025-03-20 14:40:00+00:00,1.3142390582540164,1.3157083765938495,-0.0014693183398332107,1,0.5006340947614264
2025-03-20 14:45:00+00:00,1.3145243946280465,1.3157083765938495,-0.0011839819658031436,1,0.5005254249505817
2025-03-20 14:50:00+00:00,1.314540191112091,1.314540191112091,0.0,0,0.0
2025-03-21 18:35:00+00:00,1.3143430100834244,1.3143430100834244,0.0,1,0.5000750112516877
2025-03-21 18:40:00+00:00,1.3207516498606868,1.3143430100834244,0.006408639777262538,1,0.4976485137272965
2025-03-21 18:45:00+00:00,1.318239463068,1.3143430100834244,0.0038964529845757095,1,0.49859688923767326
2025-03-21 18:50:00+00:00,1.3113694012267747,1.3143430100834244,-0.0029736088566497646,1,0.5012089613660156
2025-03-21 18:55:00+00:00,1.310036404153104,1.3143430100834244,-0.004306605930320372,1,0.5017189548873257
2025-03-21 19:00:00+00:00,1.3094211747344868,1.3143430100834244,-0.0049218353489376195,1,0.5019546867258513
2025-03-21 19:05:00+00:00,1.3106082598977087,1.3106082598977087,0.0,0,0.0
2025-03-24 06:10:00+00:00,1.310411668658724,1.310411668658724,0.0,1,0.5000750112516877
2025-03-24 06:15:00+00:00,1.3101485044961823,1.310411668658724,-0.0002631641625416375,1,0.5001754592704372
2025-03-24 06:20:00+00:00,1.3091275543716236,1.310411668658724,-0.0012841142871002312,1,0.500565531418669
2025-03-24 06:25:00+00:00,1.3091085304562593,1.310411668658724,-0.0013031382024646413,1,0.5005728056179294
2025-03-24 06:30:00+00:00,1.3102816719037336,1.310411668658724,-0.0001299967549904755,1,0.500124625109615
2025-03-24 06:35:00+00:00,1.3097204664004822,1.310411668658724,-0.0006912022582416661,1,0.500338924801132
2025-03-24 06:40:00+00:00,1.3094414381949184,1.3094414381949184,0.0,0,0.0
2025-03-24 11:50:00+00:00,1.3092450219791891,1.3092450219791891,0.0,1,0.5000750112516877
2025-03-24 11:55:00+00:00,1.3101113562408266,1.3092450219791891,0.0008663342616374584,1,0.4997443278227011
2025-03-24 12:00:00+00:00,1.3081051084770348,1.3092450219791891,-0.0011399135021544703,1,0.5005107883568467
2025-03-24 12:05:00+00:00,1.3057796849326395,1.3092450219791891,-0.003465337046549616,1,0.5014021328806582
2025-03-24 12:10:00+00:00,1.3065092295740184,1.3092450219791891,-0.0027357924051707723,1,0.501122153810523
2025-03-24 12:15:00+00:00,1.308469880797724,1.3092450219791891,-0.0007751411814651212,1,0.5003712570734155
2025-03-24 12:20:00+00:00,1.3081366749617362,1.3081366749617362,0.0,0,0.0
2025-03-24 14:05:00+00:00,1.307940454460492,1.307940454460492,0.0,1,0.5000750112516877
2025-03-24 14:10:00+00:00,1.3087857199118935,1.307940454460492,0.0008452654514014004,1,0.49975204308074167
2025-03-24 14:15:00+00:00,1.3097899368629433,1.307940454460492,0.0018494824024512947,1,0.49936888280529673
2025-03-24 14:20:00+00:00,1.311783515484702,1.307940454460492,0.0038430610242100073,1,0.4986099686114678
2025-03-24 14:25:00+00:00,1.3119008721993957,1.307940454460492,0.003960417738903634,1,0.49856536522025907
2025-03-24 14:30:00+00:00,1.3095158569406524,1.307940454460492,0.001575402480160408,1,0.4994734000464346
2025-03-24 14:35:00+00:00,1.3064109725486452,1.3064109725486452,0.0,0,0.0
2025-03-24 15:55:00+00:00,1.306215010902763,1.306215010902763,0.0,1,0.5000750112516877
2025-03-24 16:00:00+00:00,1.3059147579450525,1.306215010902763,-0.00030025295771043454,1,0.5001899873634836
2025-03-24 16:05:00+00:00,1.3052003629767068,1.306215010902763,-0.0010146479260561686,1,0.5004637638811169
2025-03-24 16:10:00+00:00,1.3076334472891886,1.306215010902763,0.0014184363864255189,1,0.4995325621476425
2025-03-24 16:15:00+00:00,1.308782691368701,1.306215010902763,0.002567680465938089,1,0.49909392184214496
2025-03-24 16:20:00+00:00,1.3102218348556582,1.306215010902763,0.004006823952895217,1,0.4985457186692997
2025-03-24 16:25:00+00:00,1.310295065516689,1.310295065516689,0.0,0,0.0
2025-03-27 14:40:00+00:00,1.3100985212568614,1.3100985212568614,0.0,1,0.5000750112516877
2025-03-27 14:45:00+00:00,1.3103028949765703,1.3100985212568614,0.00020437371970881893,1,0.49999701234733157
2025-03-27 14:50:00+00:00,1.3096086731350198,1.3100985212568614,-0.0004898481218415103,1,0.5002620601083932
2025-03-27 14:55:00+00:00,1.310332091222243,1.3100985212568614,0.000233569965381445,1,0.49998587163292346
2025-03-27 15:00:00+00:00,1.3118048796150643,1.3100985212568614,0.0017063583582029422,1,0.49942452794549047
2025-03-27 15:05:00+00:00,1.311658898386701,1.3100985212568614,0.0015603771298396663,1,0.4994801114559244
2025-03-27 15:10:00+00:00,1.309885756860549,1.309885756860549,0.0,0,0.0
2025-03-29 17:30:00+00:00,1.3092963966828295,1.3092963966828295,0.0,3,1.500450112525318
2025-03-29 17:35:00+00:00,1.3194636982471042,1.3092963966828295,0.010167301564274797,3,1.4888881962736913
2025-03-29 17:40:00+00:00,1.3140058490054098,1.3092963966828295,0.004709452322580254,3,1.4950724361072891
2025-03-29 17:45:00+00:00,1.305781326955771,1.3092963966828295,-0.0035150697270583983,3,1.5044892166682722
2025-03-29 17:50:00+00:00,1.3092423380388412,1.3092963966828295,-5.405864398840915e-05,3,1.5005120661423823
2025-03-29 17:55:00+00:00,1.3055965150904933,1.3092963966828295,-0.003699881592336089,3,1.5047021825081843
2025-03-29 18:00:00+00:00,1.3083776847115836,1.3083776847115836,0.0,0,0.0
2025-03-29 20:00:00+00:00,1.3081814280588768,1.3081814280588768,0.0,1,0.5000750112516877
2025-03-29 20:05:00+00:00,1.3065855542635023,1.3081814280588768,-0.0015958737953745542,1,0.5006858067740889
2025-03-29 20:10:00+00:00,1.307273567247633,1.3081814280588768,-0.0009078608112437588,1,0.5004222977851053
2025-03-29 20:15:00+00:00,1.3065373142726608,1.3081814280588768,-0.0016441137862159545,1,0.5007042931031584
2025-03-29 20:20:00+00:00,1.3064447883885881,1.3081814280588768,-0.00173663967028874,1,0.5007397543088596
2025-03-29 20:25:00+00:00,1.3071470361241149,1.3081814280588768,-0.0010343919347620644,1,0.5004707383918789
2025-03-29 20:30:00+00:00,1.3071271322248115,1.3071271322248115,0.0,0,0.0
2025-03-31 01:05:00+00:00,1.30653901324198,1.30653901324198,0.0,3,1.500450112525318
2025-03-31 01:10:00+00:00,1.3071941899862296,1.30653901324198,0.0006551767442495115,3,1.4996980742840498
2025-03-31 01:15:00+00:00,1.307796221129053,1.30653901324198,0.0012572078870729004,3,1.4990077030083384
2025-03-31 01:20:00+00:00,1.3061732507025945,1.30653901324198,-0.00036576253938563544,3,1.500870277647428
2025-03-31 01:25:00+00:00,1.3139983384101466,1.30653901324198,0.0074593251681664904,3,1.4919323351729656
2025-03-31 01:30:00+00:00,1.3226338064651866,1.30653901324198,0.016094793223206578,3,1.4821915180566247
2025-03-31 01:35:00+00:00,1.317801252563963,1.317801252563963,0.0,0,0.0
2025-03-31 12:55:00+00:00,1.3176035823760786,1.3176035823760786,0.0,1,0.5000750112516877
2025-03-31 13:00:00+00:00,1.3177833162061272,1.3176035823760786,0.00017973383004870307,1,0.50000680550346
2025-03-31 13:05:00+00:00,1.3179091298871612,1.3176035823760786,0.0003055475110827367,1,0.4999590725488003
2025-03-31 13:10:00+00:00,1.3164820432765745,1.3176035823760786,-0.0011215390995040124,1,0.5005010358075622
2025-03-31 13:15:00+00:00,1.3146164061206689,1.3176035823760786,-0.002987176255409571,1,0.5012113215796129
2025-03-31 13:20:00+00:00,1.3150909034319975,1.3176035823760786,-0.0025126789440810065,1,0.5010304797656544
2025-03-31 13:25:00+00:00,1.3138507770298304,1.3138507770298304,0.0,0,0.0
2025-04-01 14:55:00+00:00,1.313653699413276,1.313653699413276,0.0,1,0.5000750112516877
2025-04-01 15:00:00+00:00,1.310513225377272,1.313653699413276,-0.0031404740360038833,1,0.5012733757996214
2025-04-01 15:05:00+00:00,1.3094835617589102,1.313653699413276,-0.004170137654365788,1,0.5016675334454196
2025-04-01 15:10:00+00:00,1.3118517880811427,1.313653699413276,-0.0018019113321333336,1,0.5007618958813982
2025-04-01 15:15:00+00:00,1.3171545557157065,1.313653699413276,0.0035008563024306228,1,0.4987458652169787
2025-04-01 15:20:00+00:00,1.3215821092746627,1.313653699413276,0.007928409861386813,1,0.49707497090397373
2025-04-01 15:25:00+00:00,1.3203038848588284,1.3203038848588284,0.0,0,0.0
2025-04-02 20:00:00+00:00,1.3201058392760996,1.3201058392760996,0.0,1,0.5000750112516877
2025-04-02 20:05:00+00:00,1.318786359306153,1.3201058392760996,-0.0013194799699466264,1,0.5005753492754784
2025-04-02 20:10:00+00:00,1.318020969715291,1.3201058392760996,-0.0020848695608087146,1,0.5008660390069631
2025-04-02 20:15:00+00:00,1.326230793576777,1.3197078804995404,0.006522913077236594,3,1.4979905513039293
2025-04-02 20:20:00+00:00,1.332718884368741,1.3197078804995404,0.013011003869200576,3,1.4906978665402046
2025-04-02 20:25:00+00:00,1.3168257198046855,1.3197078804995404,-0.0028821606948548047,3,1.5086895461921817
2025-04-02 20:30:00+00:00,1.2928889745816297,1.3117822123048022,-0.01889323772317263,2,1.026019465922173
2025-04-02 20:35:00+00:00,1.2925446242794616,1.3117822123048022,-0.0192375880253406,2,1.026292810537503
2025-04-02 20:40:00+00:00,1.2850151273951886,1.3117822123048022,-0.02676708490961344,2,1.0323063339229888
2025-04-02 20:45:00+00:00,1.280970575746845,1.280970575746845,0.0,0,0.0
2025-04-03 05:05:00+00:00,1.280778430160483,1.280778430160483,0.0,1,0.5000750112516877
2025-04-03 05:10:00+00:00,1.2805252905960773,1.280778430160483,-0.0002531395644055405,1,0.5001738681594334
2025-04-03 05:15:00+00:00,1.2807678826786328,1.280778430160483,-1.0547481850221967e-05,1,0.5000791295093175
2025-04-03 05:20:00+00:00,1.2815167538899992,1.280778430160483,0.0007383237295162488,1,0.499786901676667
2025-04-03 05:25:00+00:00,1.2816327761903517,1.280778430160483,0.0008543460298686904,1,0.4997416574951075
2025-04-03 05:30:00+00:00,1.2813268992166948,1.280778430160483,0.0005484690562119689,1,0.4998609552839062
2025-04-03 05:35:00+00:00,1.280596832055971,1.280596832055971,0.0,0,0.0
2025-04-06 23:35:00+00:00,1.2804047425311627,1.2804047425311627,0.0,1,0.5000750112516877
2025-04-06 23:40:00+00:00,1.2837293979837507,1.2804047425311627,0.003324655452588139,1,0.4987798963189985
2025-04-06 23:45:00+00:00,1.28522898033824,1.2804047425311627,0.004824237807077213,1,0.4981979287920158
2025-04-06 23:50:00+00:00,1.2861589538914113,1.2804047425311627,0.005754211360248697,1,0.49783770045739234
2025-04-06 23:55:00+00:00,1.2854033503794595,1.2804047425311627,0.004998607848296866,1,0.49813034627532693
2025-04-07 00:00:00+00:00,1.285682342445411,1.2804047425311627,0.005277599914248226,1,0.4980222523785436
2025-04-07 00:05:00+00:00,1.284397533995626,1.284397533995626,0.0,0,0.0
2025-04-07 07:00:00+00:00,1.2842048743655265,1.2842048743655265,0.0,1,0.5000750112516877
2025-04-07 07:05:00+00:00,1.2864528675785325,1.2842048743655265,0.0022479932130059104,1,0.4992011625008947
2025-04-07 07:10:00+00:00,1.2881719212120075,1.2842048743655265,0.003967046846481002,1,0.4985349831205642
2025-04-07 07:15:00+00:00,1.2869156897106218,1.2842048743655265,0.0027108153450952706,1,0.4990216314343164
2025-04-07 07:20:00+00:00,1.2943869612714942,1.2842048743655265,0.010182086905967629,1,0.4961412515828901
2025-04-07 07:25:00+00:00,1.2892298003710692,1.2842048743655265,0.005024926005542498,1,0.4981259096035275
2025-04-07 07:30:00+00:00,1.286061855606109,1.286061855606109,0.0,0,0.0
2025-04-07 12:30:00+00:00,1.285676065985819,1.285676065985819,0.0,2,1.000225045008439
2025-04-07 12:35:00+00:00,1.2830143045211428,1.285676065985819,-0.002661761464676213,2,1.00230012746966
2025-04-07 12:40:00+00:00,1.2794999001785416,1.285676065985819,-0.00617616580727748,2,1.0050531467704646
2025-04-07 12:45:00+00:00,1.2768091838955473,1.285676065985819,-0.00886688209027179,2,1.0071711710621125
2025-04-07 12:50:00+00:00,1.2805113967332122,1.285676065985819,-0.005164669252606803,2,1.0042592391193397
2025-04-07 12:55:00+00:00,1.2863275236078084,1.285676065985819,0.0006514576219893349,2,0.9997184833300821
2025-04-07 13:00:00+00:00,1.2891319994791839,1.2891319994791839,0.0,0,0.0
2025-04-07 13:50:00+00:00,1.288938629679262,1.288938629679262,0.0,1,0.5000750112516877
2025-04-07 13:55:00+00:00,1.3019031308715736,1.288938629679262,0.01296450119231152,1,0.4950952067440532
2025-04-07 14:00:00+00:00,1.3051869025551524,1.288938629679262,0.016248272875890434,1,0.4938495770052021
2025-04-07 14:05:00+00:00,1.3027475293044937,1.288938629679262,0.013808899625231776,1,0.49477430218862944
2025-04-07 14:10:00+00:00,1.305169844000952,1.288938629679262,0.01623121432169006,1,0.49385603161324787
2025-04-07 14:15:00+00:00,1.32131576555164,1.288938629679262,0.03237713587237813,1,0.4878213191307001
2025-04-07 14:20:00+00:00,1.3277027330345264,1.3277027330345264,0.0,0,0.0
2025-04-09 01:35:00+00:00,1.3271053564201143,1.3271053564201143,0.0,3,1.5004501125253178
2025-04-09 01:40:00+00:00,1.3372880662321869,1.3271053564201143,0.010182709812072687,3,1.48902501387295
2025-04-09 01:45:00+00:00,1.3332172231661703,1.3271053564201143,0.006111866746056079,3,1.4935716001662585
2025-04-09 01:50:00+00:00,1.3501614217329583,1.3271053564201143,0.023056065312843908,3,1.4748276386224233
2025-04-09 01:55:00+00:00,1.3498679130460385,1.3271053564201143,0.022762556625924267,3,1.4751483179418303
2025-04-09 02:00:00+00:00,1.3501228239512744,1.3271053564201143,0.02301746753116014,3,1.474869801508797
2025-04-09 02:05:00+00:00,1.3537479940967332,1.3537479940967332,0.0,0,0.0
2025-04-09 17:25:00+00:00,1.3535449318976187,1.3535449318976187,0.0,1,0.5000750112516877
2025-04-09 17:30:00+00:00,1.351820367325272,1.3535449318976187,-0.0017245645723466252,1,0.5007129744520994
2025-04-09 17:35:00+00:00,1.3566186456252025,1.3535449318976187,0.003073713727583785,1,0.49894198287126357
2025-04-09 17:40:00+00:00,1.3549410079799944,1.3535449318976187,0.0013960760823757679,1,0.4995597543080345
2025-04-09 17:45:00+00:00,1.354530397367531,1.3535449318976187,0.0009854654699122712,1,0.49971119021311067
2025-04-09 17:50:00+00:00,1.3565130600391404,1.3535449318976187,0.0029681281415216915,1,0.49898081853250736
2025-04-09 17:55:00+00:00,1.3583630509023432,1.3583630509023432,0.0,0,0.0
2025-04-10 15:55:00+00:00,1.3581592964447078,1.3581592964447078,0.0,1,0.5000750112516877
2025-04-10 16:00:00+00:00,1.3527555535597786,1.3581592964447078,-0.005403742884929284,1,0.5020726203369886
2025-04-10 16:05:00+00:00,1.3520209329674153,1.3581592964447078,-0.006138363477292519,1,0.5023454215020947
2025-04-10 16:10:00+00:00,1.3565368215167892,1.3581592964447078,-0.0016224749279186424,1,0.500673121936901
2025-04-10 16:15:00+00:00,1.3544681659836928,1.3581592964447078,-0.0036911304610150776,1,0.5014377912366149
2025-04-10 16:20:00+00:00,1.3512142023782558,1.3581592964447078,-0.006945094066452039,1,0.5026453424303508
2025-04-10 16:25:00+00:00,1.3508752416766272,1.3508752416766272,0.0,0,0.0
2025-04-11 13:40:00+00:00,1.3506726103903757,1.3506726103903757,0.0,1,0.5000750112516877
2025-04-11 13:45:00+00:00,1.3478498225294264,1.3506726103903757,-0.002822787860949305,1,0.5011223131452149
2025-04-11 13:50:00+00:00,1.3489341366703775,1.3506726103903757,-0.0017384737199981095,1,0.5007194958424883
2025-04-11 13:55:00+00:00,1.3481225242894261,1.3506726103903757,-0.002550086100949556,1,0.5010209448093941
2025-04-11 14:00:00+00:00,1.3478790405751406,1.3506726103903757,-0.002793569815235065,1,0.5011114502901566
2025-04-11 14:05:00+00:00,1.345746934850381,1.3506726103903757,-0.0049256755399946185,1,0.5019053756294888
2025-04-11 14:10:00+00:00,1.345803207913653,1.345803207913653,0.0,0,0.0
2025-04-16 11:50:00+00:00,1.345601337432466,1.345601337432466,0.0,1,0.5000750112516877
2025-04-16 11:55:00+00:00,1.3450112555554792,1.345601337432466,-0.0005900818769867828,1,0.5002944036174057
2025-04-16 12:00:00+00:00,1.3458905932545182,1.345601337432466,0.0002892558220522771,1,0.4999675362390884
2025-04-16 12:05:00+00:00,1.3460641467477499,1.345601337432466,0.0004628093152837629,1,0.49990307340302936
2025-04-16 12:10:00+00:00,1.346700509556265,1.345601337432466,0.0010991721237988623,1,0.499666851821825
2025-04-16 12:15:00+00:00,1.3458674527887542,1.345601337432466,0.00026611535628811884,1,0.4999761325400328
2025-04-16 12:20:00+00:00,1.3463482260476107,1.3463482260476107,0.0,0,0.0
2025-04-16 19:50:00+00:00,1.3461462738137036,1.3461462738137036,0.0,1,0.5000750112516877
2025-04-16 19:55:00+00:00,1.3490432858516317,1.3461462738137036,0.0028970120379281077,1,0.4990011218200758
2025-04-16 20:00:00+00:00,1.3458921499507275,1.3461462738137036,-0.00025412386297604884,1,0.5001694326313219
2025-04-16 20:05:00+00:00,1.3460954490411083,1.3461462738137036,-5.082477259514998e-05,1,0.5000938926755463
2025-04-16 20:10:00+00:00,1.3475185426737748,1.3461462738137036,0.001372268860071217,1,0.4995657511978121
2025-04-16 20:15:00+00:00,1.3488399867612506,1.3461462738137036,0.0026937129475470595,1,0.4990763319822602
2025-04-16 20:20:00+00:00,1.3499086538422242,1.3499086538422242,0.0,0,0.0
2025-04-21 00:30:00+00:00,1.3495037116190163,1.3495037116190163,0.0,2,1.0002250450084391
2025-04-21 00:35:00+00:00,1.3575509250015185,1.3495037116190163,0.00804721338250232,2,0.994295967712354
2025-04-21 00:40:00+00:00,1.3498581234403948,1.3495037116190163,0.00035441182137842156,2,0.9999624310538062
2025-04-21 00:45:00+00:00,1.355135763341436,1.3495037116190163,0.005632051722419745,2,0.9960680303830876
2025-04-21 00:50:00+00:00,1.3583830691649692,1.3495037116190163,0.008879357545952912,2,0.9936868629575494
2025-04-21 00:55:00+00:00,1.3563110244356924,1.3495037116190163,0.006807312816676028,2,0.9952049245155902
2025-04-21 01:00:00+00:00,1.352585290043732,1.352585290043732,0.0,0,0.0
2025-04-22 01:20:00+00:00,1.3523824022502255,1.3523824022502255,0.0,1,0.5000750112516877
2025-04-22 01:25:00+00:00,1.3534174510919206,1.3523824022502255,0.0010350488416950253,1,0.49969257044546117
2025-04-22 01:30:00+00:00,1.352514080061447,1.3523824022502255,0.0001316778112215747,1,0.5000263250428719
2025-04-22 01:35:00+00:00,1.3526273842245913,1.3523824022502255,0.00024498197436572733,1,0.49998443984598046
2025-04-22 01:40:00+00:00,1.3515808518528478,1.3523824022502255,-0.0008015503973777618,1,0.5003715790252234
2025-04-22 01:45:00+00:00,1.3530553371110612,1.3523824022502255,0.0006729348608357325,1,0.4998263016099797
2025-04-22 01:50:00+00:00,1.3524160751757157,1.3524160751757157,0.0,0,0.0
2025-04-22 07:35:00+00:00,1.3522132127644393,1.3522132127644393,0.0,1,0.5000750112516877
2025-04-22 07:40:00+00:00,1.3503834733686133,1.3522132127644393,-0.0018297393958259258,1,0.5007526017043262
2025-04-22 07:45:00+00:00,1.3509236023893492,1.3522132127644393,-0.0012896103750901235,1,0.5005523897812307
2025-04-22 07:50:00+00:00,1.3530841184722924,1.3522132127644393,0.0008709057078530101,1,0.49975314051526565
2025-04-22 07:55:00+00:00,1.352627730385004,1.3522132127644393,0.0004145176205646906,1,0.4999217614704572
2025-04-22 08:00:00+00:00,1.3537205495664926,1.3522132127644393,0.0015073368020533386,1,0.49951818918934393
2025-04-22 08:05:00+00:00,1.356034102205311,1.356034102205311,0.0,0,0.0
2025-04-22 23:30:00+00:00,1.3558306970899803,1.3558306970899803,0.0,1,0.5000750112516877
2025-04-22 23:35:00+00:00,1.3563988346062414,1.3558306970899803,0.0005681375162611472,1,0.4998655511964384
2025-04-22 23:40:00+00:00,1.3565821749016678,1.3558306970899803,0.0007514778116874172,1,0.4997979950251092
2025-04-22 23:45:00+00:00,1.3551502364678254,1.3558306970899803,-0.0006804606221548303,1,0.5003261135605855
2025-04-22 23:50:00+00:00,1.355990123433829,1.3558306970899803,0.0001594263438487537,1,0.5000162164792804
2025-04-22 23:55:00+00:00,1.3543697720481656,1.3558306970899803,-0.0014609250418146798,1,0.500614429748616
2025-04-23 00:00:00+00:00,1.3544830456249344,1.3544830456249344,0.0,0,0.0
2025-04-23 01:10:00+00:00,1.3542798731680907,1.3542798731680907,0.0,1,0.5000750112516877
2025-04-23 01:15:00+00:00,1.3537042922036921,1.3542798731680907,-0.0005755809643984991,1,0.5002876379375197
2025-04-23 01:20:00+00:00,1.3516192406306724,1.3542798731680907,-0.002660632537418301,1,0.5010593978348983
2025-04-23 01:25:00+00:00,1.350349913073423,1.3542798731680907,-0.0039299600946679355,1,0.5015303931638372
2025-04-23 01:30:00+00:00,1.3561476524565361,1.3542798731680907,0.0018677792884454567,1,0.49938627374807365
2025-04-23 01:35:00+00:00,1.3516230524251387,1.3542798731680907,-0.0026568207429520556,1,0.5010579847667825
2025-04-23 01:40:00+00:00,1.3517629414702543,1.3517629414702543,0.0,0,0.0
2025-04-23 04:55:00+00:00,1.3515601770290337,1.3515601770290337,0.0,1,0.5000750112516877
2025-04-23 05:00:00+00:00,1.3539115690183092,1.3513570598261007,0.002554509192208631,2,0.999281522372051
2025-04-23 05:05:00+00:00,1.3463364016375337,1.3513570598261007,-0.0050206581885670655,2,1.0049039840267144
2025-04-23 05:10:00+00:00,1.348514341142251,1.3513570598261007,-0.002842718683849506,2,1.0032809978867183
2025-04-23 05:15:00+00:00,1.351241590573468,1.3513570598261007,-0.00011546925263256611,2,1.0012560472413818
2025-04-23 05:20:00+00:00,1.3442835925402217,1.3513570598261007,-0.007073467285878991,2,1.0064385382322276
2025-04-23 05:25:00+00:00,1.345921697921954,1.3527549749645476,-0.006833277042593664,1,0.5030436348236075
2025-04-23 05:30:00+00:00,1.346080188942224,1.346080188942224,0.0,0,0.0
2025-04-23 13:50:00+00:00,1.3458782769138826,1.3458782769138826,0.0,1,0.5000750112516877
2025-04-23 13:55:00+00:00,1.3426680122177932,1.3458782769138826,-0.003210264696089504,1,0.5012706702972668
2025-04-23 14:00:00+00:00,1.3394950261648917,1.3458782769138826,-0.00638325074899103,1,0.5024580766067442
2025-04-23 14:05:00+00:00,1.343728302857703,1.3458782769138826,-0.002149974056179667,1,0.5008751345340867
2025-04-23 14:10:00+00:00,1.3421023804971108,1.3458782769138826,-0.003775896416771736,1,0.501481931819404
2025-04-23 14:15:00+00:00,1.341461474593068,1.3458782769138826,-0.0044168023208146535,1,0.5017215232925557
2025-04-23 14:20:00+00:00,1.337323081223452,1.337323081223452,0.0,0,0.0
2025-04-26 08:30:00+00:00,1.3371224827612684,1.3371224827612684,0.0,1,0.5000750112516877
2025-04-26 08:35:00+00:00,1.3349968673323593,1.3371224827612684,-0.0021256154289090836,1,0.5008712432021436
2025-04-26 08:40:00+00:00,1.3350480869812487,1.3371224827612684,-0.002074395780019682,1,0.5008520270784206
2025-04-26 08:45:00+00:00,1.3314151504564524,1.3371224827612684,-0.005707332304815953,1,0.5022186658928187
2025-04-26 08:50:00+00:00,1.3303066109126325,1.3371224827612684,-0.006815871848635981,1,0.5026371628364704
2025-04-26 08:55:00+00:00,1.3288688021973807,1.3371224827612684,-0.008253680563887707,1,0.5031810059097225
2025-04-26 09:00:00+00:00,1.3287999114037699,1.3287999114037699,0.0,0,0.0
2025-04-28 03:35:00+00:00,1.3286005914170593,1.3286005914170593,0.0,1,0.5000750112516877
2025-04-28 03:40:00+00:00,1.328466468554055,1.3286005914170593,-0.00013412286300419738,1,0.5001254991592214
2025-04-28 03:45:00+00:00,1.327929977102038,1.3286005914170593,-0.0006706143150211344,1,0.500327552776401
2025-04-28 03:50:00+00:00,1.3276617313760297,1.3286005914170593,-0.0009388600410295291,1,0.5004286408204899
2025-04-28 03:55:00+00:00,1.3278405618600353,1.3286005914170593,-0.0007600295570239818,1,0.5003612442529962
2025-04-28 04:00:00+00:00,1.3273040704080186,1.3286005914170593,-0.001296521009040845,1,0.5005634884383695
2025-04-28 04:05:00+00:00,1.3291613009873726,1.3291613009873726,0.0,0,0.0
2025-04-28 19:05:00+00:00,1.3289619267922246,1.3289619267922246,0.0,1,0.5000750112516877
2025-04-28 19:10:00+00:00,1.3263364266400397,1.3289619267922246,-0.0026255001521849294,1,0.5010649162198195
2025-04-28 19:15:00+00:00,1.3259407526734428,1.3289619267922246,-0.003021174118781767,1,0.5012144389964017
2025-04-28 19:20:00+00:00,1.329978845865254,1.3289619267922246,0.0010169190730294317,1,0.49969264741299346
2025-04-28 19:25:00+00:00,1.32864760635147,1.3289619267922246,-0.00031432044075460397,1,0.5001933148539338
2025-04-28 19:30:00+00:00,1.3282223492845668,1.3289619267922246,-0.0007395775076577485,1,0.5003534617917367
2025-04-28 19:35:00+00:00,1.329794263220259,1.329794263220259,0.0,0,0.0
2025-05-01 15:15:00+00:00,1.329594794080776,1.329594794080776,0.0,1,0.5000750112516877
2025-05-01 15:20:00+00:00,1.3276604547831845,1.329594794080776,-0.001934339297591419,1,0.5008035971958745
2025-05-01 15:25:00+00:00,1.3266826178220859,1.329594794080776,-0.002912176258690009,1,0.5011727165775645
2025-05-01 15:30:00+00:00,1.3269457448588906,1.329594794080776,-0.002649049221885274,1,0.5010733364089696
2025-05-01 15:35:00+00:00,1.3254487653657179,1.329594794080776,-0.004146028715058031,1,0.5016392553103862
2025-05-01 15:40:00+00:00,1.3271377564803428,1.329594794080776,-0.0024570376004332,1,0.501000840616185
2025-05-01 15:45:00+00:00,1.325430640535384,1.325430640535384,0.0,0,0.0
2025-05-02 16:05:00+00:00,1.3252318259393037,1.3252318259393037,0.0,1,0.5000750112516877
2025-05-02 16:10:00+00:00,1.3213413236711762,1.3252318259393037,-0.0038905022681275793,1,0.5015474112520927
2025-05-02 16:15:00+00:00,1.3224868407473886,1.3252318259393037,-0.002744985191914959,1,0.5011129788581986
2025-05-02 16:20:00+00:00,1.3244515975901805,1.3252318259393037,-0.0007802283491231513,1,0.5003696031425326
2025-05-02 16:25:00+00:00,1.3222102143326995,1.3252318259393037,-0.003021611606604105,1,0.5012178192876501
2025-05-02 16:30:00+00:00,1.3211569060613833,1.3252318259393037,-0.004074919877920319,1,0.5016174212367938
2025-05-02 16:35:00+00:00,1.3203906526659408,1.3203906526659408,0.0,0,0.0
2025-05-05 02:15:00+00:00,1.3199945651789309,1.3199945651789309,0.0,2,1.0002250450084391
2025-05-05 02:20:00+00:00,1.3253100219114875,1.3199945651789309,0.005315456732556656,2,0.9962134153809096
2025-05-05 02:25:00+00:00,1.324410922986366,1.3199945651789309,0.0044163578074353045,2,0.9968897118349895
2025-05-05 02:30:00+00:00,1.3258313057614868,1.3199945651789309,0.0058367405825558594,2,0.9958217290763745
2025-05-05 02:35:00+00:00,1.3272123620603868,1.3199945651789309,0.00721779688145603,2,0.9947855076615983
2025-05-05 02:40:00+00:00,1.326142307435048,1.3199945651789309,0.006147742256117052,2,0.9955881928845381
2025-05-05 02:45:00+00:00,1.3252957705396011,1.3252957705396011,0.0,0,0.0
2025-05-05 14:00:00+00:00,1.3250969761740201,1.3250969761740201,0.0,1,0.5000750112516877
2025-05-05 14:05:00+00:00,1.3254051118516539,1.3250969761740201,0.0003081356776337593,1,0.4999587517389683
2025-05-05 14:10:00+00:00,1.3249942642814756,1.3250969761740201,-0.00010271189254456191,1,0.5001137764389829
2025-05-05 14:15:00+00:00,1.3235654433653243,1.3250969761740201,-0.0015315328086957468,1,0.5006536613595309
2025-05-05 14:20:00+00:00,1.3241099570970334,1.3250969761740201,-0.0009870190769867779,1,0.5004477775566191
2025-05-05 14:25:00+00:00,1.3222569219945508,1.3250969761740201,-0.002840054179469378,1,0.5011491142509832
2025-05-05 14:30:00+00:00,1.3228045476152015,1.3228045476152015,0.0,0,0.0
2025-05-05 16:20:00+00:00,1.3226061269330591,1.3226061269330591,0.0,1,0.5000750112516877
2025-05-05 16:25:00+00:00,1.3230168791042065,1.3226061269330591,0.00041075217114741814,1,0.4999197548072294
2025-05-05 16:30:00+00:00,1.323062518234334,1.3226061269330591,0.00045639130127500695,1,0.49990251004182445
2025-05-05 16:35:00+00:00,1.3238383834465013,1.3226061269330591,0.0012322565134422544,1,0.49960953095021754
2025-05-05 16:40:00+00:00,1.3234732704054815,1.3226061269330591,0.0008671434724224251,1,0.499747360673905
2025-05-05 16:45:00+00:00,1.3236558269259915,1.3226061269330591,0.0010496999929323397,1,0.49967843630743236
2025-05-05 16:50:00+00:00,1.323822519284869,1.323822519284869,0.0,0,0.0
2025-05-06 00:25:00+00:00,1.3236239459069763,1.3236239459069763,0.0,1,0.5000750112516877
2025-05-06 00:30:00+00:00,1.3234693040667287,1.3236239459069763,-0.00015464184024753796,1,0.5001334429204572
2025-05-06 00:35:00+00:00,1.3232262954606255,1.3236239459069763,-0.0003976504463508539,1,0.5002252917079598
2025-05-06 00:40:00+00:00,1.322729232402687,1.3236239459069763,-0.0008947135042894581,1,0.5004132693431883
2025-05-06 00:45:00+00:00,1.3229611951630582,1.3236239459069763,-0.0006627507439181143,1,0.5003255288684807
2025-05-06 00:50:00+00:00,1.322994332700254,1.3236239459069763,-0.0006296132067221976,1,0.5003129970265725
2025-05-06 00:55:00+00:00,1.3226742550193096,1.3226742550193096,0.0,0,0.0
2025-05-06 10:10:00+00:00,1.3224758538810566,1.3224758538810566,0.0,1,0.5000750112516877
2025-05-06 10:15:00+00:00,1.3220546906357848,1.3224758538810566,-0.0004211632452717502,1,0.5002343187418468
2025-05-06 10:20:00+00:00,1.3227751014500655,1.3224758538810566,0.0002992475690088925,1,0.4999618807344327
2025-05-06 10:25:00+00:00,1.322963516586108,1.3224758538810566,0.00048766270505143063,1,0.49989067666523984
2025-05-06 10:30:00+00:00,1.3227529349634721,1.3224758538810566,0.00027708108241559224,1,0.4999702590173558
2025-05-06 10:35:00+00:00,1.3231075987489642,1.3224758538810566,0.0006317448679076619,1,0.4998362401780232
2025-05-06 10:40:00+00:00,1.322055787876871,1.322055787876871,0.0,0,0.0
2025-05-06 19:00:00+00:00,1.3218574795086895,1.3218574795086895,0.0,1,0.5000750112516877
2025-05-06 19:05:00+00:00,1.3212810790287985,1.3218574795086895,-0.0005764004798908698,1,0.5002931657996048
2025-05-06 19:10:00+00:00,1.320516239930482,1.3218574795086895,-0.0013412395782075811,1,0.5005829341207004
2025-05-06 19:15:00+00:00,1.3206160015520014,1.3218574795086895,-0.0012414779566879879,1,0.5005451192182957
2025-05-06 19:20:00+00:00,1.3204608168074154,1.3218574795086895,-0.0013966627012740138,1,0.5006039448687739
2025-05-06 19:25:00+00:00,1.3209522351652712,1.3218574795086895,-0.0009052443434183748,1,0.5004177110580618
2025-05-06 19:30:00+00:00,1.3212083964062342,1.3212083964062342,0.0,0,0.0
2025-05-06 22:05:00+00:00,1.3204158497136884,1.3204158497136884,0.0,4,2.0007502250590767
2025-05-06 22:10:00+00:00,1.322152139186426,1.3204158497136884,0.0017362894727374263,4,1.9981227804175812
2025-05-06 22:15:00+00:00,1.3193518333860808,1.3204158497136884,-0.0010640163276075666,4,2.002363768052733
2025-05-06 22:20:00+00:00,1.327546232749108,1.3204158497136884,0.007130383035419709,4,1.9900039963320133
2025-05-06 22:25:00+00:00,1.3283125988588915,1.3204158497136884,0.007896749145203118,4,1.9888558692853884
2025-05-06 22:30:00+00:00,1.3320035029571915,1.3204158497136884,0.011587653243503044,4,1.9833448655511068
2025-05-06 22:35:00+00:00,1.3306768710119066,1.3306768710119066,0.0,0,0.0
2025-05-08 01:00:00+00:00,1.330078156236149,1.330078156236149,0.0,3,1.5004501125253178
2025-05-08 01:05:00+00:00,1.3344621821425608,1.330078156236149,0.00438402590641177,3,1.495520776757984
2025-05-08 01:10:00+00:00,1.334195480958683,1.330078156236149,0.00411732472253388,3,1.495819726325246
2025-05-08 01:15:00+00:00,1.3302017075549588,1.330078156236149,0.0001235513188098604,3,1.5003107482551037
2025-05-08 01:20:00+00:00,1.3285446221013084,1.330078156236149,-0.0015335341348405908,3,1.5021820765308198
2025-05-08 01:25:00+00:00,1.3313137739480518,1.330078156236149,0.001235617711902947,3,1.4990575161508621
2025-05-08 01:30:00+00:00,1.3314483083492148,1.3314483083492148,0.0,0,0.0
2025-05-08 02:30:00+00:00,1.3312485911029623,1.3312485911029623,0.0,1,0.5000750112516877
2025-05-08 02:35:00+00:00,1.3321721543154128,1.3312485911029623,0.0009235632124505386,1,0.4997283211618509
2025-05-08 02:40:00+00:00,1.331985242712893,1.3312485911029623,0.0007366516099307128,1,0.49979844582865474
2025-05-08 02:45:00+00:00,1.333480535533051,1.3312485911029623,0.0022319444300887277,1,0.4992379989322364
2025-05-08 02:50:00+00:00,1.3338653535382388,1.3312485911029623,0.002616762435276526,1,0.49909396957398566
2025-05-08 02:55:00+00:00,1.333480535533051,1.3312485911029623,0.0022319444300887277,1,0.4992379989322364
2025-05-08 03:00:00+00:00,1.332797047080277,1.332797047080277,0.0,0,0.0
2025-05-08 07:35:00+00:00,1.332597127523215,1.332597127523215,0.0,1,0.5000750112516877
2025-05-08 07:40:00+00:00,1.3287835750411412,1.332597127523215,-0.003813552482073704,1,0.5015102053165473
2025-05-08 07:45:00+00:00,1.330368829950281,1.332597127523215,-0.002228297572933924,1,0.5009126105014378
2025-05-08 07:50:00+00:00,1.3289073693507487,1.332597127523215,-0.0036897581724662305,1,0.5014634871546497
2025-05-08 07:55:00+00:00,1.3287457490020946,1.332597127523215,-0.003851378521120366,1,0.5015244820467817
2025-05-08 08:00:00+00:00,1.3291171319309167,1.332597127523215,-0.0034799955922980943,1,0.5013843456911936
2025-05-08 08:05:00+00:00,1.3293298600725463,1.3293298600725463,0.0,0,0.0
2025-05-09 13:50:00+00:00,1.3291304605935355,1.3291304605935355,0.0,1,0.5000750112516877
2025-05-09 13:55:00+00:00,1.3290496717053795,1.3291304605935355,-8.078888815590859e-05,1,0.5001054092909888
2025-05-09 14:00:00+00:00,1.3286521390811206,1.3291304605935355,-0.00047832151241492926,1,0.5002550407934068
2025-05-09 14:05:00+00:00,1.3271261267492875,1.3291304605935355,-0.002004333844247856,1,0.5008302652170132
2025-05-09 14:10:00+00:00,1.3275589243644084,1.3291304605935355,-0.0015715362291271809,1,0.5006669894931353
2025-05-09 14:15:00+00:00,1.328119958309935,1.3291304605935355,-0.0010105022836003413,1,0.5004554941573768
2025-05-09 14:20:00+00:00,1.3265452241873184,1.3265452241873184,0.0,0,0.0
2025-05-09 16:15:00+00:00,1.3263462424036903,1.3263462424036903,0.0,1,0.5000750112516877
2025-05-09 16:20:00+00:00,1.3278017989355315,1.3263462424036903,0.001455556531841285,1,0.49952682141671273
2025-05-09 16:25:00+00:00,1.3287961890414428,1.3263462424036903,0.0024499466377525133,1,0.4991530059791381
2025-05-09 16:30:00+00:00,1.3266402360002205,1.3263462424036903,0.000293993596530225,1,0.49996419081438814
2025-05-09 16:35:00+00:00,1.3274040428931668,1.3263462424036903,0.0010578004894766463,1,0.4996765044108286
2025-05-09 16:40:00+00:00,1.3280756165009273,1.3263462424036903,0.0017293740972370857,1,0.4994238308818435
2025-05-09 16:45:00+00:00,1.329683830648912,1.329683830648912,0.0,0,0.0
2025-05-10 07:55:00+00:00,1.3294843780743146,1.3294843780743146,0.0,1,0.5000750112516877
2025-05-10 08:00:00+00:00,1.3305807807285726,1.3294843780743146,0.001096402654257985,1,0.4996629479049106
2025-05-10 08:05:00+00:00,1.3344251292757807,1.3294843780743146,0.004940751201466057,1,0.498223467722973
2025-05-10 08:10:00+00:00,1.3336173997254286,1.3294843780743146,0.0041330216511140366,1,0.4985252257966466
2025-05-10 08:15:00+00:00,1.331963080783814,1.3294843780743146,0.002478702709499561,1,0.4991444019103139
2025-05-10 08:20:00+00:00,1.3334231005208765,1.3294843780743146,0.00393872244656186,1,0.4985978681970847
2025-05-10 08:25:00+00:00,1.3345226769138556,1.3345226769138556,0.0,0,0.0
2025-05-10 23:15:00+00:00,1.3343224985123185,1.3343224985123185,0.0,1,0.5000750112516877
2025-05-10 23:20:00+00:00,1.3361657618782217,1.3343224985123185,0.001843263365903222,1,0.4993851492789127
2025-05-10 23:25:00+00:00,1.3371814376104538,1.3343224985123185,0.0028589390981353406,1,0.499005833979662
2025-05-10 23:30:00+00:00,1.3355638799628249,1.3343224985123185,0.0012413814505062848,1,0.4996102009553455
2025-05-10 23:35:00+00:00,1.3294322079497185,1.3343224985123185,-0.0048902905626000215,1,0.5019145274703355
2025-05-10 23:40:00+00:00,1.333156352301237,1.3343224985123185,-0.001166146211081538,1,0.5005124397488186
2025-05-10 23:45:00+00:00,1.3328057034208507,1.3328057034208507,0.0,0,0.0
2025-05-12 07:05:00+00:00,1.3322060308141979,1.3322060308141979,0.0,3,1.500450112525318
2025-05-12 07:10:00+00:00,1.3256516516312025,1.3322060308141979,-0.006554379182995429,3,1.507868742427493
2025-05-12 07:15:00+00:00,1.335079990132126,1.3322060308141979,0.00287395931792821,3,1.4972201692905671
2025-05-12 07:20:00+00:00,1.3306392001025644,1.3322060308141979,-0.0015668307116334854,3,1.5022168959760065
2025-05-12 07:25:00+00:00,1.338067230577475,1.3322060308141979,0.005861199763277198,3,1.4938776192728325
2025-05-12 07:30:00+00:00,1.3417325191173382,1.3322060308141979,0.00952648830314034,3,1.4897967071388096
2025-05-12 07:35:00+00:00,1.3414398240000138,1.3414398240000138,0.0,0,0.0
2025-05-12 18:55:00+00:00,1.3412386080264138,1.3412386080264138,0.0,1,0.5000750112516877
2025-05-12 19:00:00+00:00,1.3424311794799706,1.3412386080264138,0.0011925714535567537,1,0.4996307611536776
2025-05-12 19:05:00+00:00,1.3447012322967244,1.3412386080264138,0.003462624270310555,1,0.49878731118170383
2025-05-12 19:10:00+00:00,1.344459146244588,1.3412386080264138,0.003220538218174173,1,0.49887712384083666
2025-05-12 19:15:00+00:00,1.3439485166482787,1.3412386080264138,0.0027099086218648444,1,0.4990666708519009
2025-05-12 19:20:00+00:00,1.3444578233699862,1.3412386080264138,0.003219215343572486,1,0.4988776147092485
2025-05-12 19:25:00+00:00,1.3438068300317614,1.3438068300317614,0.0,0,0.0
2025-05-17 20:55:00+00:00,1.3436052590072567,1.3436052590072567,0.0,1,0.5000750112516877
2025-05-17 21:00:00+00:00,1.342203708287574,1.3436052590072567,-0.001401550719682642,1,0.5005971976289026
2025-05-17 21:05:00+00:00,1.3413627778557644,1.3436052590072567,-0.0022424811514922868,1,0.5009110332478078
2025-05-17 21:10:00+00:00,1.3416030436934243,1.3436052590072567,-0.0020022153138323775,1,0.5008213257821292
2025-05-17 21:15:00+00:00,1.3420435310624674,1.3436052590072567,-0.0015617279447892232,1,0.5006569455194564
2025-05-17 21:20:00+00:00,1.3408021575678912,1.3436052590072567,-0.0028031014393653584,1,0.5011204756969218
2025-05-17 21:25:00+00:00,1.3410811182187063,1.3410811182187063,0.0,0,0.0
2025-05-18 22:25:00+00:00,1.3408799560509734,1.3408799560509734,0.0,1,0.5000750112516877
2025-05-18 22:30:00+00:00,1.3431457049154962,1.3408799560509734,0.002265748864522853,1,0.49923143606489073
2025-05-18 22:35:00+00:00,1.343899245827453,1.3408799560509734,0.0030192897764795687,1,0.4989515108303333
2025-05-18 22:40:00+00:00,1.3428676124360837,1.3408799560509734,0.001987656385110277,1,0.49933482116895483
2025-05-18 22:45:00+00:00,1.3443298406342856,1.3408799560509734,0.003449884583312084,1,0.4987916944497615
2025-05-18 22:50:00+00:00,1.3455319178033591,1.3408799560509734,0.004651961752385786,1,0.49834608175184764
2025-05-18 22:55:00+00:00,1.3465200174830683,1.3465200174830683,0.0,0,0.0
2025-05-19 07:10:00+00:00,1.3463180394804457,1.3463180394804457,0.0,1,0.5000750112516877
2025-05-19 07:15:00+00:00,1.3477621376634341,1.3463180394804457,0.0014440981829882964,1,0.4995391916178476
2025-05-19 07:20:00+00:00,1.3519816120418526,1.3463180394804457,0.0056635725614070315,1,0.4979801520560121
2025-05-19 07:25:00+00:00,1.3518377663244068,1.3463180394804457,0.0055197268439611214,1,0.4980331408938969
2025-05-19 07:30:00+00:00,1.3492062358464223,1.3463180394804457,0.0028881963659765928,1,0.4990045189934699
2025-05-19 07:35:00+00:00,1.3511354607627581,1.3463180394804457,0.004817421282312442,1,0.49829201312017807
2025-05-19 07:40:00+00:00,1.3515709167237204,1.3515709167237204,0.0,0,0.0
2025-05-20 20:50:00+00:00,1.351368181086212,1.351368181086212,0.0,1,0.5000750112516877
2025-05-20 20:55:00+00:00,1.3494278774004658,1.351368181086212,-0.0019403036857461714,1,0.5007940547839367
2025-05-20 21:00:00+00:00,1.3492721740182763,1.351368181086212,-0.002096007067935666,1,0.5008518454429391
2025-05-20 21:05:00+00:00,1.3509483492945593,1.351368181086212,-0.0004198317916526497,1,0.5002304186645945
2025-05-20 21:10:00+00:00,1.3500134986233567,1.351368181086212,-0.0013546824628552238,1,0.5005768157510839
2025-05-20 21:15:00+00:00,1.3465836115687286,1.351368181086212,-0.004784569517483201,1,0.5018518364222411
2025-05-20 21:20:00+00:00,1.3471984762822315,1.3471984762822315,0.0,0,0.0
2025-05-21 04:40:00+00:00,1.3469963965107892,1.3469963965107892,0.0,1,0.5000750112516877
2025-05-21 04:45:00+00:00,1.3469406230009715,1.3469963965107892,-5.577350981777393e-05,1,0.500095718132209
2025-05-21 04:50:00+00:00,1.3459504865345429,1.3469963965107892,-0.00104590997624639,1,0.5004636090852428
2025-05-21 04:55:00+00:00,1.3452542576647946,1.3469963965107892,-0.0017421388459945776,1,0.5007226212466378
2025-05-21 05:00:00+00:00,1.3454829917219124,1.3469963965107892,-0.0015134047888766475,1,0.5006374976758806
2025-05-21 05:05:00+00:00,1.3466348086999478,1.3469963965107892,-0.0003615878108413199,1,0.5002092874692686
2025-05-21 05:10:00+00:00,1.3462315682919717,1.3462315682919717,0.0,0,0.0
2025-05-21 23:25:00+00:00,1.346029633556728,1.346029633556728,0.0,1,0.5000750112516877
2025-05-21 23:30:00+00:00,1.3439078219950573,1.346029633556728,-0.002121811561670547,1,0.5008645482446351
2025-05-21 23:35:00+00:00,1.34417787073927,1.346029633556728,-0.0018517628174579536,1,0.5007639232862732
2025-05-21 23:40:00+00:00,1.3437920868189661,1.346029633556728,-0.002237546737761669,1,0.5009076856073696
2025-05-21 23:45:00+00:00,1.3431748325464803,1.346029633556728,-0.0028548010102477034,1,0.5011378770921787
2025-05-21 23:50:00+00:00,1.343059097370389,1.346029633556728,-0.002970536186338825,1,0.5011810615511239
2025-05-21 23:55:00+00:00,1.3437830440438743,1.3437830440438743,0.0,0,0.0
2025-05-22 08:20:00+00:00,1.3435814765872678,1.3435814765872678,0.0,1,0.5000750112516877
2025-05-22 08:25:00+00:00,1.3394194255037504,1.3435814765872678,-0.00416205108351747,1,0.5016289216271754
2025-05-22 08:30:00+00:00,1.340129407695815,1.3435814765872678,-0.0034520688914527406,1,0.5013631654999428
2025-05-22 08:35:00+00:00,1.33791667167673,1.3435814765872678,-0.005664804910537918,1,0.5021923534145787
2025-05-22 08:40:00+00:00,1.3388900748234476,1.3435814765872678,-0.004691401763820229,1,0.501827248297838
2025-05-22 08:45:00+00:00,1.3389678467243453,1.3435814765872678,-0.004613629862922544,1,0.5017981004291137
2025-05-22 08:50:00+00:00,1.3377301568461035,1.3377301568461035,0.0,0,0.0
2025-05-23 13:35:00+00:00,1.3375294973225766,1.3375294973225766,0.0,1,0.5000750112516877
2025-05-23 13:40:00+00:00,1.3360621516295097,1.3375294973225766,-0.0014673456930670006,1,0.5006242244099796
2025-05-23 13:45:00+00:00,1.3351792986375144,1.3375294973225766,-0.0023501986850623254,1,0.500955249310408
2025-05-23 13:50:00+00:00,1.3360786592685565,1.3375294973225766,-0.001450838054020052,1,0.5006180390526
2025-05-23 13:55:00+00:00,1.3365323136453298,1.3375294973225766,-0.0009971836772468047,1,0.5004481160644394
2025-05-23 14:00:00+00:00,1.338773072797451,1.3375294973225766,0.0012435754748742454,1,0.4996104956200052
2025-05-23 14:05:00+00:00,1.3406945619825221,1.3406945619825221,0.0,0,0.0
2025-05-24 00:10:00+00:00,1.3404934577982248,1.3404934577982248,0.0,1,0.5000750112516877
2025-05-24 00:15:00+00:00,1.3407578464591539,1.3404934577982248,0.0002643886609291219,1,0.49997639973661206
2025-05-24 00:20:00+00:00,1.3416425315938016,1.3404934577982248,0.0011490737955767627,1,0.49964671304428854
2025-05-24 00:25:00+00:00,1.3409103783789207,1.3404934577982248,0.00041692058069590004,1,0.49991952616674523
2025-05-24 00:30:00+00:00,1.340168056369389,1.3404934577982248,-0.00032540142883592246,1,0.5001964326826889
2025-05-24 00:35:00+00:00,1.3416221940044994,1.3404934577982248,0.0011287362062745456,1,0.4996542871658941
2025-05-24 00:40:00+00:00,1.3420007111153158,1.3420007111153158,0.0,0,0.0
2025-05-27 13:10:00+00:00,1.3417994110086486,1.3417994110086486,0.0,1,0.5000750112516877
2025-05-27 13:15:00+00:00,1.3431394434138664,1.3417994110086486,0.0013400324052176816,1,0.4995760930467293
2025-05-27 13:20:00+00:00,1.3447762451603031,1.3417994110086486,0.0029768341516546106,1,0.49896803127844647
2025-05-27 13:25:00+00:00,1.3434045248582818,1.3417994110086486,0.0016051138496331262,1,0.4994775163709107
2025-05-27 13:30:00+00:00,1.3435331045933891,1.3417994110086486,0.0017336935847404665,1,0.49942971502792366
2025-05-27 13:35:00+00:00,1.341569064374191,1.3417994110086486,-0.00023034663445762213,1,0.5001608738426471
2025-05-27 13:40:00+00:00,1.341938755792621,1.341938755792621,0.0,0,0.0
2025-05-29 02:30:00+00:00,1.3417374649792522,1.3417374649792522,0.0,1,0.5000750112516877
2025-05-29 02:35:00+00:00,1.3474879118768779,1.3417374649792522,0.005750446897625625,1,0.4979409254675511
2025-05-29 02:40:00+00:00,1.346600783859947,1.3417374649792522,0.0048633188806948046,1,0.4982689642976582
2025-05-29 02:45:00+00:00,1.3482528459520826,1.3417374649792522,0.006515380972830445,1,0.4976584176408681
2025-05-29 02:50:00+00:00,1.3471188861728653,1.3417374649792522,0.005381421193613134,1,0.4980773299099974
2025-05-29 02:55:00+00:00,1.3479498049766019,1.3417374649792522,0.006212339997349786,1,0.49777029932354
2025-05-29 03:00:00+00:00,1.3475725548871478,1.3475725548871478,0.0,0,0.0
2025-05-29 20:55:00+00:00,1.3473704190039146,1.3473704190039146,0.0,1,0.5000750112516877
2025-05-29 21:00:00+00:00,1.3452176521055188,1.3473704190039146,-0.002152766898395908,1,0.5008752869016933
2025-05-29 21:05:00+00:00,1.345912093040485,1.3473704190039146,-0.0014583259634294403,1,0.5006168537511657
2025-05-29 21:10:00+00:00,1.3464577252036731,1.3473704190039146,-0.0009126938002415815,1,0.5004139861440158
2025-05-29 21:15:00+00:00,1.344800987544539,1.3473704190039146,-0.0025694314593756843,1,0.5010304749060563
2025-05-29 21:20:00+00:00,1.3443942435683442,1.3473704190039146,-0.0029761754355704588,1,0.5011820607437174
2025-05-29 21:25:00+00:00,1.3436563961067085,1.3436563961067085,0.0,0,0.0
2025-05-31 00:25:00+00:00,1.3434548476472925,1.3434548476472925,0.0,1,0.5000750112516877
2025-05-31 00:30:00+00:00,1.342445864713033,1.3434548476472925,-0.0010089829342594511,1,0.500450867861973
2025-05-31 00:35:00+00:00,1.3435783965780181,1.3434548476472925,0.00012354893072565623,1,0.5000290267873051
2025-05-31 00:40:00+00:00,1.3454934050042655,1.3434548476472925,0.002038557356973029,1,0.49931734749099305
2025-05-31 00:45:00+00:00,1.344772702908366,1.3434548476472925,0.0013178552610735171,1,0.4995849459171638
2025-05-31 00:50:00+00:00,1.3438460859279238,1.3434548476472925,0.0003912382806312447,1,0.4999294227876237
2025-05-31 00:55:00+00:00,1.3422031332767086,1.3422031332767086,0.0,0,0.0
2025-06-01 16:10:00+00:00,1.342001802806717,1.342001802806717,0.0,1,0.5000750112516877
2025-06-01 16:15:00+00:00,1.341353368363775,1.342001802806717,-0.0006484344429419731,1,0.5003167565434193
2025-06-01 16:20:00+00:00,1.3410693591835496,1.342001802806717,-0.0009324436231675487,1,0.5004227126976674
2025-06-01 16:25:00+00:00,1.3419686152171175,1.342001802806717,-3.318758959949792e-05,1,0.500087378369707
2025-06-01 16:30:00+00:00,1.3416807766996306,1.342001802806717,-0.0003210261070864739,1,0.5001946650001065
2025-06-01 16:35:00+00:00,1.3413514536951443,1.342001802806717,-0.000650349111572785,1,0.5003174707043475
2025-06-01 16:40:00+00:00,1.341774305198772,1.341774305198772,0.0,0,0.0
2025-06-02 04:15:00+00:00,1.3415730390529923,1.3415730390529923,0.0,1,0.5000750112516877
2025-06-02 04:20:00+00:00,1.3415424538169496,1.3415730390529923,-3.058523604280991e-05,1,0.5000864122418053
2025-06-02 04:25:00+00:00,1.3415118685809067,1.3415730390529923,-6.117047208561982e-05,1,0.500097813751787
2025-06-02 04:30:00+00:00,1.341287576849926,1.3415730390529923,-0.00028546220306635,1,0.5001814407131054
2025-06-02 04:35:00+00:00,1.3416851849184825,1.3415730390529923,0.00011214586549032783,1,0.5000332120684089
2025-06-02 04:40:00+00:00,1.3415628439743115,1.3415730390529923,-1.019507868091181e-05,1,0.5000788115239664
2025-06-02 04:45:00+00:00,1.3412086516483175,1.3412086516483175,0.0,0,0.0
2025-06-05 20:50:00+00:00,1.3408063192300177,1.3408063192300177,0.0,2,1.0002250450084391
2025-06-05 20:55:00+00:00,1.3292528005531348,1.3408063192300177,-0.011553518676882861,2,1.0089187402436737
2025-06-05 21:00:00+00:00,1.3238240564660497,1.3408063192300177,-0.016982262763967998,2,1.013056119088464
2025-06-05 21:05:00+00:00,1.3326815016480107,1.3408063192300177,-0.00812481758200705,2,1.0063230106675998
2025-06-05 21:10:00+00:00,1.33502484776104,1.3408063192300177,-0.005781471468977669,2,1.004556629225745
2025-06-05 21:15:00+00:00,1.330727085659056,1.3408063192300177,-0.010079233570961618,2,1.0078009799697183
2025-06-05 21:20:00+00:00,1.3339052455118343,1.3339052455118343,0.0,0,0.0
2025-06-09 21:05:00+00:00,1.3337051597250076,1.3337051597250076,0.0,1,0.5000750112516877
2025-06-09 21:10:00+00:00,1.3374096135117524,1.3337051597250076,0.003704453786744775,1,0.49868986735084236
2025-06-09 21:15:00+00:00,1.3365423415271485,1.3337051597250076,0.0028371818021408093,1,0.4990134633474084
2025-06-09 21:20:00+00:00,1.3379801198615064,1.3337051597250076,0.004274960136498888,1,0.49847722911230774
2025-06-09 21:25:00+00:00,1.3368774820285736,1.3337051597250076,0.0031723223035660096,1,0.49888836615295923
2025-06-09 21:30:00+00:00,1.3418073732212925,1.3337051597250076,0.008102213496284951,1,0.4970554164974934
2025-06-09 21:35:00+00:00,1.3397576188655318,1.3397576188655318,0.0,0,0.0
2025-06-09 23:45:00+00:00,1.339556655222702,1.339556655222702,0.0,1,0.5000750112516877
2025-06-09 23:50:00+00:00,1.3383124523820022,1.339556655222702,-0.001244202840699858,1,0.5005399211824404
2025-06-09 23:55:00+00:00,1.3376074041056056,1.339556655222702,-0.0019492511170963278,1,0.5008037540586746
2025-06-10 00:00:00+00:00,1.337773297817699,1.339556655222702,-0.0017833574050030233,1,0.5007416507158088
2025-06-10 00:05:00+00:00,1.3370682495413024,1.339556655222702,-0.0024884056813996415,1,0.5010056963528795
2025-06-10 00:10:00+00:00,1.3365705684050226,1.339556655222702,-0.0029860868176794808,1,0.5011922492294262
2025-06-10 00:15:00+00:00,1.3354986627737029,1.3354986627737029,0.0,0,0.0
2025-06-11 02:10:00+00:00,1.3352983379742869,1.3352983379742869,0.0,1,0.5000750112516877
2025-06-11 02:15:00+00:00,1.3332834033593597,1.3352983379742869,-0.0020149346149271603,1,0.50083075339
2025-06-11 02:20:00+00:00,1.3299386118985808,1.3352983379742869,-0.005359726075706098,1,0.5020903411726594
2025-06-11 02:25:00+00:00,1.329374430206401,1.3352983379742869,-0.0059239077678857775,1,0.502303426494502
2025-06-11 02:30:00+00:00,1.3306639883599545,1.3352983379742869,-0.0046343496143323205,1,0.5018166398339625
2025-06-11 02:35:00+00:00,1.3301401053600734,1.3352983379742869,-0.005158232614213457,1,0.5020142830789163
2025-06-11 02:40:00+00:00,1.3283278328687158,1.3283278328687158,0.0,0,0.0
2025-06-11 12:35:00+00:00,1.3277301750015704,1.3277301750015704,0.0,3,1.500450112525318
2025-06-11 12:40:00+00:00,1.3207318897318616,1.3277301750015704,-0.006998285269708698,3,1.5084006875073082
2025-06-11 12:45:00+00:00,1.3325040445434277,1.3277301750015704,0.004773869541857257,3,1.4950745542892336
2025-06-11 12:50:00+00:00,1.32891628262531,1.3277301750015704,0.0011861076237395423,3,1.4991109045249529
2025-06-11 12:55:00+00:00,1.3265133505812496,1.3277301750015704,-0.001216824420320837,3,1.5018264909368837
2025-06-11 13:00:00+00:00,1.3306778862793514,1.3277301750015704,0.0029477112777809293,3,1.4971263226254157
2025-06-11 13:05:00+00:00,1.3279726602446538,1.3279726602446538,0.0,0,0.0
2025-06-13 02:50:00+00:00,1.3277734643456172,1.3277734643456172,0.0,1,0.5000750112516877
2025-06-13 02:55:00+00:00,1.3265025827118304,1.3277734643456172,-0.0012708816337866388,1,0.500554117855473
2025-06-13 03:00:00+00:00,1.32739104683787,1.3277734643456172,-0.00038241750774723783,1,0.5002190814109261
2025-06-13 03:05:00+00:00,1.3274134666247563,1.3277734643456172,-0.0003599977208608925,1,0.5002106327960192
2025-06-13 03:10:00+00:00,1.3292352344506075,1.3277734643456172,0.0014617701049903056,1,0.4995250749554214
2025-06-13 03:15:00+00:00,1.3295510331630354,1.3277734643456172,0.0017775688174181908,1,0.4994064263503197
2025-06-13 03:20:00+00:00,1.3309737487038915,1.3309737487038915,0.0,0,0.0
2025-06-13 15:10:00+00:00,1.330774102641586,1.330774102641586,0.0,1,0.5000750112516877
2025-06-13 15:15:00+00:00,1.3316284916366308,1.330774102641586,0.000854388995044822,1,0.49975415705774867
2025-06-13 15:20:00+00:00,1.331443963835926,1.330774102641586,0.0006698611943398389,1,0.49982341910557027
2025-06-13 15:25:00+00:00,1.3317220194260293,1.330774102641586,0.0009479167844432604,1,0.49971905896605195
2025-06-13 15:30:00+00:00,1.3325713528648904,1.330774102641586,0.0017972502233042952,1,0.49940055586608395
2025-06-13 15:35:00+00:00,1.3324310611807928,1.330774102641586,0.0016569585392067114,1,0.4994531377572323
2025-06-13 15:40:00+00:00,1.3319135470234371,1.3319135470234371,0.0,0,0.0
2025-06-16 01:40:00+00:00,1.3317137599913835,1.3317137599913835,0.0,1,0.5000750112516877
2025-06-16 01:45:00+00:00,1.3304618804015838,1.3317137599913835,-0.0012518795897997642,1,0.5005455498737834
2025-06-16 01:50:00+00:00,1.330332375616432,1.3317137599913835,-0.0013813843749514844,1,0.5005942768273501
2025-06-16 01:55:00+00:00,1.3386638501278576,1.3317137599913835,0.00695009013647412,1,0.49747871614529077
2025-06-16 02:00:00+00:00,1.3412539458308914,1.3317137599913835,0.009540185839507932,1,0.4965180349193053
2025-06-16 02:05:00+00:00,1.3407359266902847,1.3317137599913835,0.009022166698901199,1,0.496709874222351
2025-06-16 02:10:00+00:00,1.343126235361265,1.343126235361265,0.0,0,0.0
2025-06-17 00:20:00+00:00,1.3429247664259607,1.3429247664259607,0.0,1,0.5000750112516877
2025-06-17 00:25:00+00:00,1.3436411959420889,1.3429247664259607,0.0007164295161280818,1,0.49980837124435484
2025-06-17 00:30:00+00:00,1.3449845012848292,1.3429247664259607,0.0020597348588685333,1,0.4993091868635702
2025-06-17 00:35:00+00:00,1.3430143201154767,1.3429247664259607,8.955368951601022e-05,1,0.5000416656934003
2025-06-17 00:40:00+00:00,1.3432829811840248,1.3429247664259607,0.00035821475806418996,1,0.4999416556954285
2025-06-17 00:45:00+00:00,1.3424769979783806,1.3429247664259607,-0.00044776844758005106,1,0.5002418057753921
2025-06-17 00:50:00+00:00,1.3471114282769416,1.3471114282769416,0.0,0,0.0
2025-06-17 02:55:00+00:00,1.3467073251584658,1.3467073251584658,0.0,2,1.000225045008439
2025-06-17 03:00:00+00:00,1.3520483437209139,1.3467073251584658,0.005341018562448004,2,0.9962738397450877
2025-06-17 03:05:00+00:00,1.3481409419303136,1.3467073251584658,0.0014336167718478287,2,0.999161402954743
2025-06-17 03:10:00+00:00,1.3536079127303735,1.3467073251584658,0.006900587571907811,2,0.9951259757360278
2025-06-17 03:15:00+00:00,1.3546792091044702,1.3467073251584658,0.007971883946004297,2,0.9943390183202717
2025-06-17 03:20:00+00:00,1.3530502902889685,1.3467073251584658,0.006342965130502589,2,0.9955360895212123
2025-06-17 03:25:00+00:00,1.3516573617833771,1.3516573617833771,0.0,0,0.0
2025-06-18 17:40:00+00:00,1.3514546131791096,1.3514546131791096,0.0,1,0.5000750112516877
2025-06-18 17:45:00+00:00,1.3518768807439836,1.3514546131791096,0.00042226756487396313,1,0.4999188095588684
2025-06-18 17:50:00+00:00,1.3515285100029624,1.3514546131791096,7.389682385282724e-05,1,0.5000476689094833
2025-06-18 17:55:00+00:00,1.3523097049979795,1.3514546131791096,0.0008550918188698016,1,0.49975880406234185
2025-06-18 18:00:00+00:00,1.3522885916197358,1.3514546131791096,0.0008339784406260509,1,0.499766606832199
2025-06-18 18:05:00+00:00,1.3513173762205255,1.3514546131791096,-0.0001372369585841543,1,0.5001257978210132
2025-06-18 18:10:00+00:00,1.35084015369909,1.35084015369909,0.0,0,0.0
2025-06-20 17:45:00+00:00,1.3504349320468838,1.3504349320468838,0.0,2,1.000225045008439
2025-06-20 17:50:00+00:00,1.3525502610485225,1.3504349320468838,0.0021153290016387664,2,0.9986607371177794
2025-06-20 17:55:00+00:00,1.3497069129509345,1.3504349320468838,-0.0007280190959493037,2,1.0007645569024848
2025-06-20 18:00:00+00:00,1.354131258939049,1.3504349320468838,0.0036963268921653626,2,0.9974947640938852
2025-06-20 18:05:00+00:00,1.3516965108251335,1.3504349320468838,0.0012615787782496817,2,0.9992915050605653
2025-06-20 18:10:00+00:00,1.3545546551592347,1.3504349320468838,0.0041197231123507785,2,0.9971829748935279
2025-06-20 18:15:00+00:00,1.3560087567035541,1.3560087567035541,0.0,0,0.0
2025-06-21 23:50:00+00:00,1.3558053553900486,1.3558053553900486,0.0,1,0.5000750112516877
2025-06-21 23:55:00+00:00,1.3540361648105876,1.3558053553900486,-0.0017691905794610951,1,0.5007284118195036
2025-06-22 00:00:00+00:00,1.3618206033602165,1.3558053553900486,0.006015247970167783,1,0.4978661482127962
2025-06-22 00:05:00+00:00,1.3630337626147042,1.3558053553900486,0.007228407224655473,1,0.497423025715198
2025-06-22 00:10:00+00:00,1.3571196112490769,1.3558053553900486,0.0013142558590282679,1,0.49959073078882843
2025-06-22 00:15:00+00:00,1.3600008644784851,1.3558053553900486,0.004195509088436474,1,0.49853231425096856
2025-06-22 00:20:00+00:00,1.363841327346605,1.363841327346605,0.0,0,0.0
2025-06-22 02:05:00+00:00,1.363636751147503,1.363636751147503,0.0,1,0.5000750112516877
2025-06-22 02:10:00+00:00,1.3592922512476293,1.363636751147503,-0.00434449989987369,1,0.5016733252524614
2025-06-22 02:15:00+00:00,1.3607740241905786,1.363636751147503,-0.0028627269569244515,1,0.5011270435434168
2025-06-22 02:20:00+00:00,1.3587735643893541,1.363636751147503,-0.004863186758148681,1,0.5018648298326029
2025-06-22 02:25:00+00:00,1.3595913916224145,1.363636751147503,-0.0040453595250884156,1,0.501562945952136
2025-06-22 02:30:00+00:00,1.3593174559798729,1.363636751147503,-0.004319295167630089,1,0.5016640231267652
2025-06-22 02:35:00+00:00,1.35804433179013,1.35804433179013,0.0,0,0.0
2025-06-22 13:50:00+00:00,1.3578406251403616,1.3578406251403616,0.0,1,0.5000750112516877
2025-06-22 13:55:00+00:00,1.3571138918316379,1.3578406251403616,-0.0007267333087238076,1,0.500342800985272
2025-06-22 14:00:00+00:00,1.3572680473819732,1.3578406251403616,-0.000572577758388507,1,0.5002859731390767
2025-06-22 14:05:00+00:00,1.358765558442374,1.3578406251403616,0.0009249333020122559,1,0.49973460224695765
2025-06-22 14:10:00+00:00,1.3588316251068033,1.3578406251403616,0.0009909999664417136,1,0.4997103050509987
2025-06-22 14:15:00+00:00,1.3559357029826462,1.3578406251403616,-0.001904922157715475,1,0.5007775548659297
2025-06-22 14:20:00+00:00,1.3540472963899268,1.3540472963899268,0.0,0,0.0
2025-06-22 20:40:00+00:00,1.3538441892954682,1.3538441892954682,0.0,1,0.5000750112516877
2025-06-22 20:45:00+00:00,1.354748000507171,1.3538441892954682,0.000903811211702827,1,0.49974138949938224
2025-06-22 20:50:00+00:00,1.355803586370158,1.3538441892954682,0.0019593970746899247,1,0.49935230663280167
2025-06-22 20:55:00+00:00,1.357819044352079,1.3538441892954682,0.0039748550566108196,1,0.4986111006551864
2025-06-22 21:00:00+00:00,1.357025987615638,1.3538441892954682,0.0031817983201697635,1,0.498902492932009
2025-06-22 21:05:00+00:00,1.3563423180152578,1.3538441892954682,0.0024981287197895588,1,0.4991539666665089
2025-06-22 21:10:00+00:00,1.355315389052341,1.355315389052341,0.0,0,0.0
2025-06-23 13:40:00+00:00,1.3545023827681908,1.3545023827681908,0.0,4,2.000750225059077
2025-06-23 13:45:00+00:00,1.3694399908268209,1.3545023827681908,0.014937608058630135,4,1.9789263971547202
2025-06-23 13:50:00+00:00,1.370101564201071,1.3545023827681908,0.01559918143288009,4,1.977970843896359
2025-06-23 13:55:00+00:00,1.3656400561334145,1.3545023827681908,0.01113767336522384,4,1.984432819610969
2025-06-23 14:00:00+00:00,1.3809728020832224,1.3545023827681908,0.02647041931503152,4,1.9623999423293481
2025-06-23 14:05:00+00:00,1.3866977835835061,1.3545023827681908,0.03219540081531535,4,1.954298174590915
2025-06-23 14:10:00+00:00,1.37998423217675,1.37998423217675,0.0,0,0.0
2025-06-23 16:00:00+00:00,1.3797772345419235,1.3797772345419235,0.0,1,0.5000750112516877
2025-06-23 16:05:00+00:00,1.3819501238035332,1.3797772345419235,0.002172889261609704,1,0.4992887255506108
2025-06-23 16:10:00+00:00,1.380952368530345,1.3797772345419235,0.0011751339884215465,1,0.49964946786882103
2025-06-23 16:15:00+00:00,1.3811630057546846,1.3797772345419235,0.0013857712127612531,1,0.4995732677558611
2025-06-23 16:20:00+00:00,1.3820498993308519,1.3797772345419235,0.0022726647889285043,1,0.4992526799665113
2025-06-23 16:25:00+00:00,1.3792894430750315,1.3797772345419235,-0.0004877914668918962,1,0.5002518648660753
2025-06-23 16:30:00+00:00,1.3766213157663412,1.3766213157663412,0.0,0,0.0
2025-06-23 22:05:00+00:00,1.3760019290915393,1.3760019290915393,0.0,3,1.5004501125253173
2025-06-23 22:10:00+00:00,1.3941957702945433,1.3760019290915393,0.018193841203003953,3,1.4808696836774033
2025-06-23 22:15:00+00:00,1.405690386274049,1.3760019290915393,0.029688457182509845,3,1.468760311303674
2025-06-23 22:20:00+00:00,1.401009336573372,1.3760019290915393,0.02500740748183264,3,1.4736677304308086
2025-06-23 22:25:00+00:00,1.4206470274614578,1.3760019290915393,0.04464509836991842,3,1.4532971311175797
2025-06-23 22:30:00+00:00,1.4212455044619414,1.3760019290915393,0.045243575370402245,3,1.452685157390935
2025-06-23 22:35:00+00:00,1.4066135538385969,1.4066135538385969,0.0,0,0.0
2025-06-24 16:45:00+00:00,1.4064025618055211,1.4064025618055211,0.0,1,0.5000750112516877
2025-06-24 16:50:00+00:00,1.4054001080057836,1.4064025618055211,-0.0010024537997375535,1,0.5004317083177598
2025-06-24 16:55:00+00:00,1.408572646451544,1.4064025618055211,0.0021700846460227722,1,0.49930458233095665
2025-06-24 17:00:00+00:00,1.4087606065389948,1.4064025618055211,0.0023580447334737146,1,0.49923796396263775
2025-06-24 17:05:00+00:00,1.405986771309039,1.4064025618055211,-0.00041579049648207336,1,0.5002228977335876
2025-06-24 17:10:00+00:00,1.4047707265008347,1.4064025618055211,-0.0016318353046864437,1,0.5006559174757124
2025-06-24 17:15:00+00:00,1.4031500338118779,1.4031500338118779,0.0,0,0.0
2025-06-25 03:40:00+00:00,1.402939561306806,1.402939561306806,0.0,1,0.5000750112516877
2025-06-25 03:45:00+00:00,1.3998917256688372,1.402939561306806,-0.0030478356379689325,1,0.5011637714843568
2025-06-25 03:50:00+00:00,1.4040095461584334,1.402939561306806,0.0010699848516273788,1,0.4996939079406877
2025-06-25 03:55:00+00:00,1.4031232960793076,1.402939561306806,0.00018373477250160502,1,0.5000095279340899
2025-06-25 04:00:00+00:00,1.4019236160941497,1.402939561306806,-0.001015945212656259,1,0.5004374053278113
2025-06-25 04:05:00+00:00,1.403685308324607,1.402939561306806,0.0007457470178009713,1,0.49980933243742215
2025-06-25 04:10:00+00:00,1.4035612992418889,1.4035612992418889,0.0,0,0.0
2025-06-26 02:55:00+00:00,1.4033507650470025,1.4033507650470025,0.0,1,0.5000750112516877
2025-06-26 03:00:00+00:00,1.400814394403295,1.4033507650470025,-0.0025363706437075,1,0.500980467094559
2025-06-26 03:05:00+00:00,1.4073096355981876,1.4033507650470025,0.003958870551185016,1,0.49866826167408945
2025-06-26 03:10:00+00:00,1.4054550548509634,1.4033507650470025,0.00210428980396083,1,0.49932628382439614
2025-06-26 03:15:00+00:00,1.4029018498888242,1.4033507650470025,-0.00044891515817828545,1,0.5002350304667134
2025-06-26 03:20:00+00:00,1.4035527768681826,1.4033507650470025,0.00020201182118016612,1,0.5000030360004436
2025-06-26 03:25:00+00:00,1.401672839428821,1.401672839428821,0.0,0,0.0
2025-06-27 01:15:00+00:00,1.4014625885029066,1.4014625885029066,0.0,1,0.5000750112516877
2025-06-27 01:20:00+00:00,1.400655587879568,1.4014625885029066,-0.0008070006233388178,1,0.5003631340773762
2025-06-27 01:25:00+00:00,1.4017243184348003,1.4014625885029066,0.00026172993189372114,1,0.4999816372573043
2025-06-27 01:30:00+00:00,1.4018878996422337,1.4014625885029066,0.0004253111393271023,1,0.4999232962159572
2025-06-27 01:35:00+00:00,1.4021278187464696,1.4014625885029066,0.0006652302435630912,1,0.4998377539794997
2025-06-27 01:40:00+00:00,1.40242226491985,1.4014625885029066,0.000959676416943333,1,0.49973281032761135
2025-06-27 01:45:00+00:00,1.4024628385120004,1.4024628385120004,0.0,0,0.0
2025-07-02 15:15:00+00:00,1.4022524690862235,1.4022524690862235,0.0,1,0.5000750112516877
2025-07-02 15:20:00+00:00,1.4039501819246334,1.4022524690862235,0.0016977128384098683,1,0.49947030050218943
2025-07-02 15:25:00+00:00,1.403128072225105,1.4022524690862235,0.00087560313888141,1,0.4997629461892065
2025-07-02 15:30:00+00:00,1.4015429771537538,1.4022524690862235,-0.0007094919324697643,1,0.5003281602395506
2025-07-02 15:35:00+00:00,1.40188083045493,1.4022524690862235,-0.0003716386312936045,1,0.5002075811454251
2025-07-02 15:40:00+00:00,1.4019878173336355,1.4022524690862235,-0.00026465175258793476,1,0.5001694098809176
2025-07-02 15:45:00+00:00,1.4024193691800935,1.4024193691800935,0.0,0,0.0
2025-07-02 20:00:00+00:00,1.4022090062747166,1.4022090062747166,0.0,1,0.5000750112516877
2025-07-02 20:05:00+00:00,1.4006927403837939,1.4022090062747166,-0.0015162658909225776,1,0.5006163481634903
2025-07-02 20:10:00+00:00,1.3993811569221963,1.4022090062747166,-0.002827849352520129,1,0.5010855556553939
2025-07-02 20:15:00+00:00,1.399838999198319,1.4022090062747166,-0.002370007076397778,1,0.500921666699975
2025-07-02 20:20:00+00:00,1.397687140500544,1.4022090062747166,-0.004521865774172625,1,0.5016928783782952
2025-07-02 20:25:00+00:00,1.3979941641445317,1.4022090062747166,-0.004214842130184774,1,0.5015826979643615
2025-07-02 20:30:00+00:00,1.4007193781860567,1.4007193781860567,0.0,0,0.0
2025-07-02 22:35:00+00:00,1.400509270279329,1.400509270279329,0.0,1,0.5000750112516877
2025-07-02 22:40:00+00:00,1.3977590020443147,1.400509270279329,-0.0027502682350141294,1,0.5010589723040282
2025-07-02 22:45:00+00:00,1.3962700544896236,1.400509270279329,-0.004239215789705323,1,0.5015932890926532
2025-07-02 22:50:00+00:00,1.3948400221259454,1.400509270279329,-0.005669248153383589,1,0.5021075377702278
2025-07-02 22:55:00+00:00,1.395081038816453,1.400509270279329,-0.005428231462876008,1,0.5020207927757326
2025-07-02 23:00:00+00:00,1.3947570052658818,1.400509270279329,-0.005752265013447267,1,0.5021374235431921
2025-07-02 23:05:00+00:00,1.3941880502866202,1.3941880502866202,0.0,0,0.0
2025-07-04 14:25:00+00:00,1.3937698252407653,1.3937698252407653,0.0,2,1.0002250450084391
2025-07-04 14:30:00+00:00,1.3947932502351206,1.3937698252407653,0.001023424994355284,2,0.9994911331466853
2025-07-04 14:35:00+00:00,1.3927595430882411,1.3937698252407653,-0.0010102821525242315,2,1.0009505898567903
2025-07-04 14:40:00+00:00,1.3940841097848902,1.3937698252407653,0.00031428454412485684,2,0.999999552679758
2025-07-04 14:45:00+00:00,1.3949136963078888,1.3937698252407653,0.0011438710671233725,2,0.9994048304728548
2025-07-04 14:50:00+00:00,1.3928617937544536,1.3937698252407653,-0.0009080314863117256,2,1.0008771095839324
2025-07-04 14:55:00+00:00,1.3930388577974602,1.3930388577974602,0.0,0,0.0
2025-07-08 13:45:00+00:00,1.3928299019687906,1.3928299019687906,0.0,1,0.5000750112516877
2025-07-08 13:50:00+00:00,1.3927027210453276,1.3928299019687906,-0.00012718092346319118,1,0.5001206778543091
2025-07-08 13:55:00+00:00,1.392503321808541,1.3928299019687906,-0.0003265801602496954,1,0.5001922925355121
2025-07-08 14:00:00+00:00,1.392786443160773,1.3928299019687906,-4.3458808017536726e-05,1,0.5000906149819043
2025-07-08 14:05:00+00:00,1.3917217023643422,1.3928299019687906,-0.0011081996044483078,1,0.5004732107830467
2025-07-08 14:10:00+00:00,1.3908410224018684,1.3928299019687906,-0.0019888795669222347,1,0.5007901102139611
2025-07-08 14:15:00+00:00,1.3899488685471577,1.3899488685471577,0.0,0,0.0
2025-07-08 16:25:00+00:00,1.3897403762168756,1.3897403762168756,0.0,1,0.5000750112516877
2025-07-08 16:30:00+00:00,1.3898352719856046,1.3897403762168756,9.489576872903361e-05,1,0.5000408669156132
2025-07-08 16:35:00+00:00,1.3888125064781927,1.3897403762168756,-0.000927869738683027,1,0.5004091128441256
2025-07-08 16:40:00+00:00,1.3888230504524959,1.3897403762168756,-0.0009173257643798353,1,0.5004053137274381
2025-07-08 16:45:00+00:00,1.3890655618614698,1.3897403762168756,-0.0006748143554058097,1,0.5003179499621689
2025-07-08 16:50:00+00:00,1.3886016269921282,1.3897403762168756,-0.0011387492247474003,1,0.5004851072938564
2025-07-08 16:55:00+00:00,1.3888359815825813,1.3888359815825813,0.0,0,0.0
2025-07-09 05:40:00+00:00,1.388419362036916,1.388419362036916,0.0,2,1.0002250450084391
2025-07-09 05:45:00+00:00,1.3899836980251912,1.388419362036916,0.0015643359882751475,2,0.9990993569615189
2025-07-09 05:50:00+00:00,1.3867118803152914,1.388419362036916,-0.0017074817216248196,2,1.0014566389726263
2025-07-09 05:55:00+00:00,1.3861700938927575,1.388419362036916,-0.002249268144158497,2,1.001848059630266
2025-07-09 06:00:00+00:00,1.3863943443080013,1.388419362036916,-0.0020250177289148135,2,1.0016860098900129
2025-07-09 06:05:00+00:00,1.3841097911494085,1.388419362036916,-0.004309570887507711,2,1.003339350508254
2025-07-09 06:10:00+00:00,1.3821775283927233,1.3821775283927233,0.0,0,0.0
2025-07-09 12:15:00+00:00,1.3819702017634645,1.3819702017634645,0.0,1,0.5000750112516877
2025-07-09 12:20:00+00:00,1.3831846453477163,1.3819702017634645,0.001214443584251821,1,0.49963594269269096
2025-07-09 12:25:00+00:00,1.3841332665165313,1.3819702017634645,0.002163064753066744,1,0.49929351523761506
2025-07-09 12:30:00+00:00,1.3846075771009385,1.3819702017634645,0.0026373753374740526,1,0.49912247746278293
2025-07-09 12:35:00+00:00,1.3841019932911856,1.3819702017634645,0.002131791527721137,1,0.49930479657287175
2025-07-09 12:40:00+00:00,1.384049871248943,1.3819702017634645,0.0020796694854786106,1,0.49932359993121844
2025-07-09 12:45:00+00:00,1.384017153461197,1.384017153461197,0.0,0,0.0
2025-07-09 18:10:00+00:00,1.3836019794555445,1.3836019794555445,0.0,2,1.0002250450084391
2025-07-09 18:15:00+00:00,1.3875056953394258,1.3836019794555445,0.0039037158838812524,2,0.997410934472698
2025-07-09 18:20:00+00:00,1.3844769213356272,1.3836019794555445,0.0008749418800826579,2,0.9995929371214104
2025-07-09 18:25:00+00:00,1.3889727143010084,1.3836019794555445,0.005370734845463963,2,0.9963574791108354
2025-07-09 18:30:00+00:00,1.388688335084731,1.3836019794555445,0.00508635562918641,2,0.9965615157919849
2025-07-09 18:35:00+00:00,1.3852114880506907,1.3836019794555445,0.001609508595146275,2,0.999062860879222
2025-07-09 18:40:00+00:00,1.3852469835531391,1.3852469835531391,0.0,0,0.0
2025-07-09 21:05:00+00:00,1.3850391965056061,1.3850391965056061,0.0,1,0.5000750112516877
2025-07-09 21:10:00+00:00,1.3851277731076055,1.3850391965056061,8.857660199937403e-05,1,0.5000430322919835
2025-07-09 21:15:00+00:00,1.3847547533329885,1.3850391965056061,-0.0002844431726177515,1,0.5001777319120826
2025-07-09 21:20:00+00:00,1.385093465268803,1.3850391965056061,5.426876319677142e-05,1,0.5000554180234712
2025-07-09 21:25:00+00:00,1.3859099918323046,1.3850391965056061,0.0008707953266983444,1,0.4997608039904926
2025-07-09 21:30:00+00:00,1.3859773599521352,1.3850391965056061,0.0009381634465290102,1,0.49973651214655435
2025-07-09 21:35:00+00:00,1.384339247915978,1.384339247915978,0.0,0,0.0
2025-07-10 21:20:00+00:00,1.383508831234339,1.383508831234339,0.0,4,2.0007502250590763
2025-07-10 21:25:00+00:00,1.3882946425948233,1.383508831234339,0.004785811360484072,4,1.9938531206096333
2025-07-10 21:30:00+00:00,1.384464489325649,1.383508831234339,0.000955658091309946,4,1.9993691617266403
2025-07-10 21:35:00+00:00,1.3880071113970645,1.383508831234339,0.004498280162725282,4,1.9942661552196268
2025-07-10 21:40:00+00:00,1.3915333961571925,1.383508831234339,0.00802456492285332,4,1.9892124853830202
2025-07-10 21:45:00+00:00,1.4072697809977865,1.383508831234339,0.02376094976344752,4,1.9669686955835213
2025-07-10 21:50:00+00:00,1.4157646408018154,1.4157646408018154,0.0,0,0.0
2025-07-11 05:10:00+00:00,1.4155522761056951,1.4155522761056951,0.0,1,0.5000750112516877
2025-07-11 05:15:00+00:00,1.4146106317592626,1.4155522761056951,-0.0009416443464324644,1,0.500407889286509
2025-07-11 05:20:00+00:00,1.4158693121419312,1.4155522761056951,0.0003170360362361621,1,0.4999630363695229
2025-07-11 05:25:00+00:00,1.4147170990848643,1.4155522761056951,-0.0008351770208307353,1,0.5003702301038239
2025-07-11 05:30:00+00:00,1.4158953374881895,1.4155522761056951,0.0003430613824943381,1,0.4999538466287325
2025-07-11 05:35:00+00:00,1.4213109754504607,1.4155522761056951,0.005758699344765541,1,0.49804886659413594
2025-07-11 05:40:00+00:00,1.4185173695936424,1.4185173695936424,0.0,0,0.0
2025-07-11 16:25:00+00:00,1.4183045919882034,1.4183045919882034,0.0,1,0.5000750112516877
2025-07-11 16:30:00+00:00,1.4188449760996673,1.4183045919882034,0.0005403841114639447,1,0.499884551691149
2025-07-11 16:35:00+00:00,1.419151778725101,1.4183045919882034,0.0008471867368975756,1,0.4997764829875954
2025-07-11 16:40:00+00:00,1.4194658429511364,1.4183045919882034,0.0011612509629331143,1,0.49966590483236917
2025-07-11 16:45:00+00:00,1.4188897559700462,1.4183045919882034,0.0005851639818427691,1,0.49986877543697916
2025-07-11 16:50:00+00:00,1.4184310648653544,1.4183045919882034,0.00012647287715111255,1,0.5000304226022771
2025-07-11 16:55:00+00:00,1.4192972400826929,1.4192972400826929,0.0,0,0.0
2025-07-11 22:35:00+00:00,1.4190843454966804,1.4190843454966804,0.0,1,0.5000750112516877
2025-07-11 22:40:00+00:00,1.4152243723076727,1.4190843454966804,-0.003859973189007667,1,0.501438947722607
2025-07-11 22:45:00+00:00,1.4162963200301493,1.4190843454966804,-0.0027880254665310676,1,0.5010594252100011
2025-07-11 22:50:00+00:00,1.4171639727830956,1.4190843454966804,-0.001920372713584704,1,0.5007526536591979
2025-07-11 22:55:00+00:00,1.4174163371572213,1.4190843454966804,-0.0016680083394590955,1,0.5006634969825605
2025-07-11 23:00:00+00:00,1.4182719725590187,1.4190843454966804,-0.000812372937661634,1,0.5003614495468821
2025-07-11 23:05:00+00:00,1.4192680234985797,1.4192680234985797,0.0,0,0.0
2025-07-13 14:20:00+00:00,1.419055133295055,1.419055133295055,0.0,1,0.5000750112516877
2025-07-13 14:25:00+00:00,1.415662050403404,1.419055133295055,-0.003393082891650881,1,0.5012735995480517
2025-07-13 14:30:00+00:00,1.4161252779360827,1.419055133295055,-0.0029298553589722936,1,0.5011096283681474
2025-07-13 14:35:00+00:00,1.4152482024554272,1.419055133295055,-0.003806930839627799,1,0.5014201823525295
2025-07-13 14:40:00+00:00,1.413957279026795,1.419055133295055,-0.005097854268259986,1,0.5018779720400889
2025-07-13 14:45:00+00:00,1.412078503399332,1.419055133295055,-0.006976629895723051,1,0.5025457225224873
2025-07-13 14:50:00+00:00,1.4107980736027306,1.4107980736027306,0.0,0,0.0
2025-07-14 03:45:00+00:00,1.4103748659236064,1.4103748659236064,0.0,2,1.0002250450084391
2025-07-14 03:50:00+00:00,1.4075069659412205,1.4103748659236064,-0.0028678999823860065,2,1.0022630778270143
2025-07-14 03:55:00+00:00,1.4095598077962461,1.4103748659236064,-0.0008150581273601932,2,1.0008034110682644
2025-07-14 04:00:00+00:00,1.4071819120592333,1.4103748659236064,-0.0031929538643732363,2,1.0024945969372503
2025-07-14 04:05:00+00:00,1.4071908789801266,1.4103748659236064,-0.0031839869434796765,2,1.0024882088275198
2025-07-14 04:10:00+00:00,1.4077313649725027,1.4103748659236064,-0.0026435009511036616,2,1.0021033123565912
2025-07-14 04:15:00+00:00,1.4074696771684794,1.4074696771684794,0.0,0,0.0
2025-07-15 12:35:00+00:00,1.4070474679333964,1.4070474679333964,0.0,2,1.0002250450084391
2025-07-15 12:40:00+00:00,1.4000910260945891,1.4070474679333964,-0.006956441838807216,2,1.0051947271374135
2025-07-15 12:45:00+00:00,1.391482806146219,1.4070474679333964,-0.01556466178717732,2,1.0114132281953645
2025-07-15 12:50:00+00:00,1.3979145410023073,1.4070474679333964,-0.009132926931089096,2,1.0067597665402415
2025-07-15 12:55:00+00:00,1.4022208128889073,1.4070474679333964,-0.0048266550444890505,2,1.0036679701274638
2025-07-15 13:00:00+00:00,1.4024841289684518,1.4070474679333964,-0.004563338964944761,2,1.0034795316919767
2025-07-15 13:05:00+00:00,1.4074532888732563,1.4074532888732563,0.0,0,0.0
2025-07-15 23:05:00+00:00,1.4070310845542933,1.4070310845542933,0.0,2,1.0002250450084391
2025-07-15 23:10:00+00:00,1.4083427246504732,1.4070310845542933,0.0013116400961798876,2,0.9992934995463343
2025-07-15 23:15:00+00:00,1.4038905884553743,1.4070310845542933,-0.003140496098919034,2,1.0024625433418
2025-07-15 23:20:00+00:00,1.4076344925765352,1.4070310845542933,0.000603408022241999,2,0.9997962804254538
2025-07-15 23:25:00+00:00,1.4053958940595603,1.4070310845542933,-0.001635190494733001,2,1.0013888156534971
2025-07-15 23:30:00+00:00,1.405777741913913,1.4070310845542933,-0.001253342640380328,2,1.0011168109409248
2025-07-15 23:35:00+00:00,1.4023824293919833,1.4023824293919833,0.0,0,0.0
2025-07-16 14:35:00+00:00,1.4021720720275745,1.4021720720275745,0.0,1,0.5000750112516877
2025-07-16 14:40:00+00:00,1.4012471976768825,1.4021720720275745,-0.0009248743506920504,1,0.5004050790313739
2025-07-16 14:45:00+00:00,1.4015331073122252,1.4021720720275745,-0.0006389647153492793,1,0.500302997508702
2025-07-16 14:50:00+00:00,1.4078859327702575,1.4021720720275745,0.0057138607426829606,1,0.49804547255918485
2025-07-16 14:55:00+00:00,1.404630461695105,1.4021720720275745,0.00245838966753043,1,0.4991997780325763
2025-07-16 15:00:00+00:00,1.4050766540048063,1.4021720720275745,0.0029045819772318643,1,0.499041253512702
2025-07-16 15:05:00+00:00,1.4061182342860652,1.4061182342860652,0.0,0,0.0
2025-07-16 20:20:00+00:00,1.4059073165509224,1.4059073165509224,0.0,1,0.5000750112516877
2025-07-16 20:25:00+00:00,1.4065307108184515,1.4059073165509224,0.0006233942675290682,1,0.49985337094696414
2025-07-16 20:30:00+00:00,1.4050349760577463,1.4059073165509224,-0.0008723404931761572,1,0.5003854915524446
2025-07-16 20:35:00+00:00,1.4027491970768058,1.4059073165509224,-0.0031581194741164905,1,0.5012008694128217
2025-07-16 20:40:00+00:00,1.4020496787568062,1.4059073165509224,-0.0038576377941161935,1,0.5014509313011172
2025-07-16 20:45:00+00:00,1.4027162785676295,1.4059073165509224,-0.0031910379832929725,1,0.5012126314388786
2025-07-16 20:50:00+00:00,1.3979831806343705,1.3979831806343705,0.0,0,0.0
2025-07-17 01:55:00+00:00,1.3977734831572755,1.3977734831572755,0.0,1,0.5000750112516877
2025-07-17 02:00:00+00:00,1.3997262477360197,1.3977734831572755,0.0019527645787442579,1,0.4993773542846437
2025-07-17 02:05:00+00:00,1.399814563721993,1.3977734831572755,0.0020410805647176075,1,0.49934584796619313
2025-07-17 02:10:00+00:00,1.4022579726672562,1.3977734831572755,0.004484489509980804,1,0.4984757469323728
2025-07-17 02:15:00+00:00,1.4023266628785689,1.3977734831572755,0.004553179721293495,1,0.49845133007908354
2025-07-17 02:20:00+00:00,1.4029546876677128,1.3977734831572755,0.00518120451043735,1,0.4982282011396936
2025-07-17 02:25:00+00:00,1.404540748572076,1.404540748572076,0.0,0,0.0
2025-07-17 06:25:00+00:00,1.4041194179496712,1.4041194179496712,0.0,2,1.0002250450084391
2025-07-17 06:30:00+00:00,1.4054620166065797,1.4041194179496712,0.0013425986569083706,2,0.9992695579257808
2025-07-17 06:35:00+00:00,1.4110728642324284,1.4041194179496712,0.0069534462827572155,2,0.995296163377002
2025-07-17 06:40:00+00:00,1.4113477997296977,1.4041194179496712,0.007228381780026541,2,0.9951022761964922
2025-07-17 06:45:00+00:00,1.4108038118529629,1.4041194179496712,0.006684393903291626,2,0.9954859748864263
2025-07-17 06:50:00+00:00,1.4106037801432623,1.4041194179496712,0.006484362193591114,2,0.995627140509504
2025-07-17 06:55:00+00:00,1.4096983706380068,1.4096983706380068,0.0,0,0.0
2025-07-18 05:10:00+00:00,1.409486915882411,1.409486915882411,0.0,1,0.5000750112516877
2025-07-18 05:15:00+00:00,1.4132500026203312,1.409486915882411,0.0037630867379201626,1,0.49874345233478184
2025-07-18 05:20:00+00:00,1.4120980372923966,1.409486915882411,0.0026111214099854285,1,0.4991503186779471
2025-07-18 05:25:00+00:00,1.4097557077922624,1.409486915882411,0.00026879190985140667,1,0.4999796641524703
2025-07-18 05:30:00+00:00,1.4082581528659475,1.409486915882411,-0.0012287630164636851,1,0.5005113472161082
2025-07-18 05:35:00+00:00,1.4094485170381466,1.409486915882411,-3.839884426447548e-05,1,0.5000886352345758
2025-07-18 05:40:00+00:00,1.408776276151377,1.408776276151377,0.0,0,0.0
2025-07-22 01:25:00+00:00,1.408564959709954,1.408564959709954,0.0,1,0.5000750112516877
2025-07-22 01:30:00+00:00,1.4119002652196817,1.408564959709954,0.00333530550972766,1,0.4988936934338564
2025-07-22 01:35:00+00:00,1.414348521391716,1.408564959709954,0.005783561681761918,1,0.4980301017903084
2025-07-22 01:40:00+00:00,1.4181450925570442,1.408564959709954,0.009580132847090146,1,0.49669680611143446
2025-07-22 01:45:00+00:00,1.4154839445439638,1.408564959709954,0.006918984834009628,1,0.49763060951046395
2025-07-22 01:50:00+00:00,1.4173999711133818,1.408564959709954,0.008835011403427689,1,0.49695791761755476
2025-07-22 01:55:00+00:00,1.4184660057182377,1.4184660057182377,0.0,0,0.0
2025-07-22 05:05:00+00:00,1.4182532358173798,1.4182532358173798,0.0,1,0.5000750112516877
2025-07-22 05:10:00+00:00,1.4191205780883922,1.4182532358173798,0.0008673422710124695,1,0.49976937394177023
2025-07-22 05:15:00+00:00,1.4231320360918247,1.4182532358173798,0.004878800274444924,1,0.49836064741174657
2025-07-22 05:20:00+00:00,1.4269627977887962,1.4182532358173798,0.008709561971416363,1,0.49702277029095465
2025-07-22 05:25:00+00:00,1.4263122910855368,1.4182532358173798,0.00805905526815705,1,0.4972494504126696
2025-07-22 05:30:00+00:00,1.4247221635886809,1.4182532358173798,0.006468927771300987,1,0.4978044288106374
2025-07-22 05:35:00+00:00,1.4205340749456827,1.4205340749456827,0.0,0,0.0
2025-07-22 14:10:00+00:00,1.4203209948344409,1.4203209948344409,0.0,1,0.5000750112516877
2025-07-22 14:15:00+00:00,1.4215024295905805,1.4203209948344409,0.0011814347561396748,1,0.49965939043622437
2025-07-22 14:20:00+00:00,1.420489256142538,1.4203209948344409,0.00016826130809714733,1,0.5000157758332036
2025-07-22 14:25:00+00:00,1.420521706537671,1.4203209948344409,0.00020071170323015508,1,0.5000043534737818
2025-07-22 14:30:00+00:00,1.4217115543592154,1.4203209948344409,0.0013905595247745612,1,0.49958589370328943
2025-07-22 14:35:00+00:00,1.42229566147161,1.4203209948344409,0.0019746666371691737,1,0.49938072421450524
2025-07-22 14:40:00+00:00,1.4225483046238516,1.4225483046238516,0.0,0,0.0
2025-07-22 18:55:00+00:00,1.422334922378158,1.422334922378158,0.0,1,0.5000750112516877
2025-07-22 19:00:00+00:00,1.4207581200200765,1.422334922378158,-0.0015768023580816318,1,0.5006300103369283
2025-07-22 19:05:00+00:00,1.4199528308789142,1.422334922378158,-0.002382091499243954,1,0.5009139295645937
2025-07-22 19:10:00+00:00,1.4208914460368252,1.422334922378158,-0.0014434763413328816,1,0.500583034893921
2025-07-22 19:15:00+00:00,1.4213305330519843,1.422334922378158,-0.0010043893261737187,1,0.5004283914063439
2025-07-22 19:20:00+00:00,1.4205999064802013,1.422334922378158,-0.0017350158979568165,1,0.500685765969279
2025-07-22 19:25:00+00:00,1.4190651152685092,1.4190651152685092,0.0,0,0.0
2025-07-29 20:20:00+00:00,1.4188522555012189,1.4188522555012189,0.0,1,0.5000750112516877
2025-07-29 20:25:00+00:00,1.419021124764987,1.4188522555012189,0.0001688692637681884,1,0.5000155002990281
2025-07-29 20:30:00+00:00,1.4180217805861874,1.4188522555012189,-0.0008304749150314579,1,0.5003678838705462
2025-07-29 20:35:00+00:00,1.4159549414185673,1.4188522555012189,-0.0028973140826516123,1,0.5010982601772717
2025-07-29 20:40:00+00:00,1.4152897171402232,1.4188522555012189,-0.0035625383609956614,1,0.5013337898532587
2025-07-29 20:45:00+00:00,1.4159796687036188,1.4188522555012189,-0.0028725867975999473,1,0.5010895094869954
2025-07-29 20:50:00+00:00,1.4156926270811734,1.4156926270811734,0.0,0,0.0
2025-07-31 13:40:00+00:00,1.4154802731871112,1.4154802731871112,0.0,1,0.5000750112516877
2025-07-31 13:45:00+00:00,1.4150042388505497,1.4154802731871112,-0.00047603433656150806,1,0.5002432459959212
2025-07-31 13:50:00+00:00,1.4153128239229942,1.4154802731871112,-0.00016744926411710787,1,0.500134176399648
2025-07-31 13:55:00+00:00,1.416891033237298,1.4154802731871112,0.0014107600501867947,1,0.4995771000987329
2025-07-31 14:00:00+00:00,1.41634024476497,1.4154802731871112,0.0008599715778587403,1,0.4997713763743598
2025-07-31 14:05:00+00:00,1.4155849289771845,1.4154802731871112,0.00010465579007313347,1,0.5000380401422
2025-07-31 14:10:00+00:00,1.415073558540056,1.415073558540056,0.0,0,0.0
2025-08-01 00:20:00+00:00,1.4144368709514024,1.4144368709514024,0.0,3,1.5004501125253178
2025-08-01 00:25:00+00:00,1.415330600591068,1.4144368709514024,0.0008937296396656268,3,1.4995026330192267
2025-08-01 00:30:00+00:00,1.4109862574809506,1.4144368709514024,-0.0034506134704517764,3,1.5041195128065536
2025-08-01 00:35:00+00:00,1.4047140110612464,1.4144368709514024,-0.009722859890155897,3,1.5108356188286476
2025-08-01 00:40:00+00:00,1.4118484296987075,1.4144368709514024,-0.002588441252694781,3,1.5032009934890058
2025-08-01 00:45:00+00:00,1.4037119041140458,1.4144368709514024,-0.010724966837356574,3,1.511914201168278
2025-08-01 00:50:00+00:00,1.3959987126201336,1.3959987126201336,0.0,0,0.0
2025-08-01 09:05:00+00:00,1.3957893128132406,1.3957893128132406,0.0,1,0.5000750112516877
2025-08-01 09:10:00+00:00,1.394960582816683,1.3957893128132406,-0.0008287299965576775,1,0.500372100049363
2025-08-01 09:15:00+00:00,1.3951025468131648,1.3957893128132406,-0.0006867660000756899,1,0.500321182772197
2025-08-01 09:20:00+00:00,1.3960835544298809,1.3957893128132406,0.00029424161664023686,1,0.49996961435098997
2025-08-01 09:25:00+00:00,1.3968425157956887,1.3957893128132406,0.0010532029824481316,1,0.49969796051952414
2025-08-01 09:30:00+00:00,1.3970032869882858,1.3957893128132406,0.0012139741750452448,1,0.4996404538280229
2025-08-01 09:35:00+00:00,1.3959396764675178,1.3959396764675178,0.0,0,0.0
2025-08-01 14:10:00+00:00,1.3957302855160476,1.3957302855160476,0.0,1,0.5000750112516877
2025-08-01 14:15:00+00:00,1.3966674286162362,1.3957302855160476,0.0009371431001886376,1,0.4997394683466488
2025-08-01 14:20:00+00:00,1.397578438672775,1.3957302855160476,0.0018481531567273622,1,0.49941371369222987
2025-08-01 14:25:00+00:00,1.3990619447088064,1.3957302855160476,0.003331659192758892,1,0.498884156540353
2025-08-01 14:30:00+00:00,1.4009271147311664,1.3957302855160476,0.005196829215118753,1,0.4982199508414092
2025-08-01 14:35:00+00:00,1.4012431422357696,1.3957302855160476,0.0055128567197219105,1,0.4981075854687896
2025-08-01 14:40:00+00:00,1.4000765525924725,1.4000765525924725,0.0,0,0.0
2025-08-03 00:45:00+00:00,1.3998665411095836,1.3998665411095836,0.0,1,0.5000750112516877
2025-08-03 00:50:00+00:00,1.4007918182874677,1.3998665411095836,0.0009252771778840244,1,0.49974469236411245
2025-08-03 00:55:00+00:00,1.402201764463291,1.3998665411095836,0.0023352233537072995,1,0.49924218756363076
2025-08-03 01:00:00+00:00,1.4029067375512023,1.3998665411095836,0.0030401964416187817,1,0.4989913139330737
2025-08-03 01:05:00+00:00,1.4012764872854069,1.3998665411095836,0.0014099461758232752,1,0.49957184227958507
2025-08-03 01:10:00+00:00,1.4019373995553241,1.3998665411095836,0.0020708584457404355,1,0.4993363302229323
2025-08-03 01:15:00+00:00,1.4034016991562253,1.4034016991562253,0.0,0,0.0
2025-08-06 15:00:00+00:00,1.4031911889013517,1.4031911889013517,0.0,1,0.5000750112516877
2025-08-06 15:05:00+00:00,1.4018522954192494,1.4031911889013517,-0.0013388934821024,1,0.5005526273138899
2025-08-06 15:10:00+00:00,1.401738943490405,1.4031911889013517,-0.001452245410946629,1,0.5005931046125036
2025-08-06 15:15:00+00:00,1.4022337916958976,1.4031911889013517,-0.000957397205454134,1,0.5004164453414417
2025-08-06 15:20:00+00:00,1.4023660356128826,1.4031911889013517,-0.0008251532884690834,1,0.5003692557852379
2025-08-06 15:25:00+00:00,1.4015299127829126,1.4031911889013517,-0.0016612761184391961,1,0.5006677654027362
2025-08-06 15:30:00+00:00,1.4014717572711095,1.4014717572711095,0.0,0,0.0
2025-08-07 10:05:00+00:00,1.401261536507519,1.401261536507519,0.0,1,0.5000750112516877
2025-08-07 10:10:00+00:00,1.4005590257670921,1.401261536507519,-0.0007025107404267843,1,0.5003258454257283
2025-08-07 10:15:00+00:00,1.405844582766494,1.401261536507519,0.004583046258975187,1,0.49844476923374437
2025-08-07 10:20:00+00:00,1.4050807417233315,1.401261536507519,0.003819205215812682,1,0.4987157376992458
2025-08-07 10:25:00+00:00,1.4046662975563602,1.401261536507519,0.0034047610488413117,1,0.49886288284597985
2025-08-07 10:30:00+00:00,1.406344517658491,1.401261536507519,0.005082981150972084,1,0.4982675794137931
2025-08-07 10:35:00+00:00,1.4066156468466742,1.4066156468466742,0.0,0,0.0
2025-08-08 00:40:00+00:00,1.406193693801472,1.406193693801472,0.0,2,1.0002250450084391
2025-08-08 00:45:00+00:00,1.4051878829312556,1.406193693801472,-0.0010058108702164317,2,1.0009409899971147
2025-08-08 00:50:00+00:00,1.4014114325121765,1.406193693801472,-0.004782261289295499,2,1.003638273559567
2025-08-08 00:55:00+00:00,1.40053836811895,1.406193693801472,-0.005655325682522101,2,1.004263919282862
2025-08-08 01:00:00+00:00,1.3994497676793873,1.406193693801472,-0.006743926122084664,2,1.0050451135559377
2025-08-08 01:05:00+00:00,1.396253071488487,1.406193693801472,-0.009940622312984966,2,1.007346146192351
2025-08-08 01:10:00+00:00,1.3964031909275445,1.3964031909275445,0.0,0,0.0
2025-08-08 03:25:00+00:00,1.3961937304489054,1.3961937304489054,0.0,1,0.5000750112516877
2025-08-08 03:30:00+00:00,1.3958245723558345,1.3961937304489054,-0.00036915809307092745,1,0.5002072676549653
2025-08-08 03:35:00+00:00,1.3937933196906114,1.3961937304489054,-0.0024004107582939168,1,0.5009362475770484
2025-08-08 03:40:00+00:00,1.3932351667843414,1.3961937304489054,-0.002958563664563975,1,0.5011369308709437
2025-08-08 03:45:00+00:00,1.3919086704786177,1.3961937304489054,-0.004285059970287815,1,0.5016145170097193
2025-08-08 03:50:00+00:00,1.3917143767454223,1.3961937304489054,-0.004479353703483037,1,0.5016845461469929
2025-08-08 03:55:00+00:00,1.3923138847195415,1.3923138847195415,0.0,0,0.0
2025-08-10 03:10:00+00:00,1.3921050376368336,1.3921050376368336,0.0,1,0.5000750112516877
2025-08-10 03:15:00+00:00,1.3921327963858767,1.3921050376368336,2.7758749043184636e-05,1,0.500065039892076
2025-08-10 03:20:00+00:00,1.3923560476015855,1.3921050376368336,0.00025100996475185285,1,0.4999848591593664
2025-08-10 03:25:00+00:00,1.3939725517745878,1.3921050376368336,0.0018675141377542677,1,0.4994050574909331
2025-08-10 03:30:00+00:00,1.3948744158126494,1.3921050376368336,0.0027693781758158114,1,0.4990821642923259
2025-08-10 03:35:00+00:00,1.3948336636066072,1.3921050376368336,0.0027286259697736595,1,0.4990967457436644
2025-08-10 03:40:00+00:00,1.3946348569224893,1.3946348569224893,0.0,0,0.0
2025-08-11 01:35:00+00:00,1.394425661693951,1.394425661693951,0.0,1,0.5000750112516877
2025-08-11 01:40:00+00:00,1.3943592746913516,1.394425661693951,-6.638700259939275e-05,1,0.5000988203815687
2025-08-11 01:45:00+00:00,1.3943825683764741,1.394425661693951,-4.309331747687214e-05,1,0.5000904660427263
2025-08-11 01:50:00+00:00,1.3937169513240961,1.394425661693951,-0.0007087103698548067,1,0.5003293012966231
2025-08-11 01:55:00+00:00,1.3941577843150412,1.394425661693951,-0.0002678773789097611,1,0.5001710970640538
2025-08-11 02:00:00+00:00,1.396210540316469,1.394425661693951,0.001784878622518154,1,0.4994357285851665
2025-08-11 02:05:00+00:00,1.3996316659142858,1.3996316659142858,0.0,0,0.0
2025-08-12 12:35:00+00:00,1.399001926135038,1.399001926135038,0.0,3,1.500450112525318
2025-08-12 12:40:00+00:00,1.4045982423253776,1.399001926135038,0.0055963161903396,3,1.4944718954063638
2025-08-12 12:45:00+00:00,1.4121392432045246,1.399001926135038,0.01313731706948652,3,1.486491227826058
2025-08-12 12:50:00+00:00,1.4123502936172951,1.399001926135038,0.013348367482257142,3,1.4862690983808133
2025-08-12 12:55:00+00:00,1.4105985318840748,1.399001926135038,0.011596605749036875,3,1.4881148321406052
2025-08-12 13:00:00+00:00,1.41193673873371,1.399001926135038,0.01293481259867222,3,1.4867044251395094
2025-08-12 13:05:00+00:00,1.4005243027185403,1.4005243027185403,0.0,0,0.0
2025-08-12 20:20:00+00:00,1.4001041769395215,1.4001041769395215,0.0,2,1.0002250450084391
2025-08-12 20:25:00+00:00,1.400866524343974,1.4001041769395215,0.0007623474044524687,2,0.9996807255078446
2025-08-12 20:30:00+00:00,1.4007541292250354,1.4001041769395215,0.0006499522855139444,2,0.9997609388955476
2025-08-12 20:35:00+00:00,1.4008129218988925,1.4001041769395215,0.0007087449593710467,2,0.9997189785324636
2025-08-12 20:40:00+00:00,1.3994736620749142,1.4001041769395215,-0.0006305148646072014,2,1.000675683541997
2025-08-12 20:45:00+00:00,1.3995262244810287,1.4001041769395215,-0.0005779524584926883,2,1.0006381008795595
2025-08-12 20:50:00+00:00,1.3983414756054318,1.3983414756054318,0.0,0,0.0
2025-08-13 07:05:00+00:00,1.398131724384091,1.398131724384091,0.0,1,0.5000750112516877
2025-08-13 07:10:00+00:00,1.398189422620022,1.398131724384091,5.769823593098372e-05,1,0.5000543749591256
2025-08-13 07:15:00+00:00,1.4020304766120062,1.398131724384091,0.0038987522279152857,1,0.49868440769722466
2025-08-13 07:20:00+00:00,1.3992609612873137,1.398131724384091,0.0011292369032227885,1,0.4996714388140165
2025-08-13 07:25:00+00:00,1.3977360793377063,1.398131724384091,-0.00039564504638464246,1,0.5002165631540442
2025-08-13 07:30:00+00:00,1.3983790025380813,1.398131724384091,0.0002472781539902851,1,0.49998658198793694
2025-08-13 07:35:00+00:00,1.398944056199244,1.398944056199244,0.0,0,0.0
2025-08-13 13:50:00+00:00,1.398734214590814,1.398734214590814,0.0,1,0.5000750112516877
2025-08-13 13:55:00+00:00,1.4040354733577658,1.398734214590814,0.0053012587669519756,1,0.4981868630618193
2025-08-13 14:00:00+00:00,1.4029606596116868,1.398734214590814,0.00422644502087285,1,0.4985685260007381
2025-08-13 14:05:00+00:00,1.4033865401121495,1.398734214590814,0.004652325521335444,1,0.49841722726208043
2025-08-13 14:10:00+00:00,1.4048912793566601,1.398734214590814,0.0061570647658462825,1,0.4978833866916237
2025-08-13 14:15:00+00:00,1.4045942609343567,1.398734214590814,0.005860046343542678,1,0.4979886701475791
2025-08-13 14:20:00+00:00,1.4035528833148472,1.4035528833148472,0.0,0,0.0
2025-08-14 17:25:00+00:00,1.40334235038235,1.40334235038235,0.0,1,0.5000750112516877
2025-08-14 17:30:00+00:00,1.4057003633763494,1.40334235038235,0.0023580129939994757,1,0.49923615298201096
2025-08-14 17:35:00+00:00,1.4053575316999167,1.40334235038235,0.0020151813175669484,1,0.499357939761106
2025-08-14 17:40:00+00:00,1.4024392815761375,1.40334235038235,-0.0009030688062124657,1,0.5003970231557755
2025-08-14 17:45:00+00:00,1.401377339554017,1.40334235038235,-0.0019650108283329483,1,0.5007762162621819
2025-08-14 17:50:00+00:00,1.3989440708261665,1.40334235038235,-0.0043982795561833855,1,0.5016472468716919
2025-08-14 17:55:00+00:00,1.3973204024469108,1.3973204024469108,0.0,0,0.0
2025-08-17 08:55:00+00:00,1.3971108043865437,1.3971108043865437,0.0,1,0.5000750112516877
2025-08-17 09:00:00+00:00,1.3981588656910593,1.3971108043865437,0.0010480613045155596,1,0.49970015451579813
2025-08-17 09:05:00+00:00,1.399640660760772,1.3971108043865437,0.0025298563742284248,1,0.4991711235680306
2025-08-17 09:10:00+00:00,1.3994646975962437,1.3971108043865437,0.002353893209700035,1,0.49923388737385943
2025-08-17 09:15:00+00:00,1.3997579695371245,1.3971108043865437,0.0026471651505807882,1,0.4991292897974999
2025-08-17 09:20:00+00:00,1.4013169414333846,1.3971108043865437,0.004206137046840999,1,0.49857400604092256
2025-08-17 09:25:00+00:00,1.4011196916652653,1.4011196916652653,0.0,0,0.0
2025-08-18 09:40:00+00:00,1.4009095237115154,1.4009095237115154,0.0,1,0.5000750112516877
2025-08-18 09:45:00+00:00,1.4039004013160736,1.4009095237115154,0.002990877604558288,1,0.49900964853055046
2025-08-18 09:50:00+00:00,1.4073515399320673,1.4009095237115154,0.006442016220551774,1,0.49778596601844666
2025-08-18 09:55:00+00:00,1.404354110569339,1.4009095237115154,0.003444586857823547,1,0.49884843185926864
2025-08-18 10:00:00+00:00,1.4032321219827442,1.4009095237115154,0.0023225982712286844,1,0.49924729833204856
2025-08-18 10:05:00+00:00,1.4032075528896069,1.4009095237115154,0.0022980291780914904,1,0.49925603977115074
2025-08-18 10:10:00+00:00,1.4021997083786721,1.4021997083786721,0.0,0,0.0
2025-08-22 12:45:00+00:00,1.4019893784224153,1.4019893784224153,0.0,1,0.5000750112516877
2025-08-22 12:50:00+00:00,1.4043248725764141,1.4019893784224153,0.002335494153998887,1,0.4992433502249935
2025-08-22 12:55:00+00:00,1.4026377450797705,1.4019893784224153,0.0006483666573551243,1,0.4998438525190717
2025-08-22 13:00:00+00:00,1.4023491657004852,1.4019893784224153,0.00035978727806990725,1,0.4999467118013585
2025-08-22 13:05:00+00:00,1.4035253452918144,1.4019893784224153,0.0015359668693991106,1,0.49952774742629724
2025-08-22 13:10:00+00:00,1.4017757547260614,1.4019893784224153,-0.00021362369635399283,1,0.5001512202116427
2025-08-22 13:15:00+00:00,1.4012412414411268,1.4012412414411268,0.0,0,0.0
2025-08-23 04:40:00+00:00,1.4010310552549106,1.4010310552549106,0.0,1,0.5000750112516877
2025-08-23 04:45:00+00:00,1.402921744334918,1.4010310552549106,0.001890689080007438,1,0.4994010703374664
2025-08-23 04:50:00+00:00,1.4008935505945463,1.4010310552549106,-0.00013750466036412215,1,0.5001240960979629
2025-08-23 04:55:00+00:00,1.400652917438909,1.4010310552549106,-0.0003781378160015498,1,0.500210017769175
2025-08-23 05:00:00+00:00,1.4040217816178315,1.4010310552549106,0.002990726362920882,1,0.49900979450137134
2025-08-23 05:05:00+00:00,1.4054312043865642,1.4010310552549106,0.00440014913165362,1,0.49850936746944285
2025-08-23 05:10:00+00:00,1.4063898078134436,1.4063898078134436,0.0,0,0.0
2025-08-24 19:45:00+00:00,1.4061788493422716,1.4061788493422716,0.0,1,0.5000750112516877
2025-08-24 19:50:00+00:00,1.403792295366437,1.4061788493422716,-0.002386553975834524,1,0.5009251769138428
2025-08-24 19:55:00+00:00,1.400913917767204,1.4061788493422716,-0.005264931575067505,1,0.5019543991878412
2025-08-24 20:00:00+00:00,1.4045421248250607,1.4061788493422716,-0.0016367245172108312,1,0.5006577527849558
2025-08-24 20:05:00+00:00,1.4011557982377278,1.4061788493422716,-0.005023051104543768,1,0.5018677471778294
2025-08-24 20:10:00+00:00,1.399946395885109,1.4061788493422716,-0.006232453457162608,1,0.502301306659767
2025-08-24 20:15:00+00:00,1.4000337566609162,1.4000337566609162,0.0,0,0.0
2025-08-25 01:25:00+00:00,1.399823751597417,1.399823751597417,0.0,1,0.5000750112516877
2025-08-25 01:30:00+00:00,1.4000259128060222,1.399823751597417,0.00020216120860519883,1,0.5000028013248977
2025-08-25 01:35:00+00:00,1.3977347524418293,1.399823751597417,-0.0020889991555875986,1,0.5008224036123702
2025-08-25 01:40:00+00:00,1.3969261076074084,1.399823751597417,-0.002897643990008549,1,0.5011123169065937
2025-08-25 01:45:00+00:00,1.394230624826005,1.399823751597417,-0.005593126771411977,1,0.5020811233563441
2025-08-25 01:50:00+00:00,1.3978021395113644,1.399823751597417,-0.002021612086052532,1,0.5007982593124131
2025-08-25 01:55:00+00:00,1.3979627633303084,1.3979627633303084,0.0,0,0.0
2025-08-27 02:25:00+00:00,1.3977530689158089,1.3977530689158089,0.0,1,0.5000750112516877
2025-08-27 02:30:00+00:00,1.394803039470003,1.3977530689158089,-0.002950029445805785,1,0.5011326774357712
2025-08-27 02:35:00+00:00,1.396980442156193,1.3977530689158089,-0.0007726267596157916,1,0.5003515873037561
2025-08-27 02:40:00+00:00,1.3987364120644108,1.3977530689158089,0.0009833431486019025,1,0.4997234472744724
2025-08-27 02:45:00+00:00,1.3986310538699176,1.3977530689158089,0.0008779849541088082,1,0.4997610911977966
2025-08-27 02:50:00+00:00,1.3971560391470148,1.3977530689158089,-0.0005970297687939678,1,0.5002887022496736
2025-08-27 02:55:00+00:00,1.3961385985747352,1.3961385985747352,0.0,0,0.0
2025-08-27 03:50:00+00:00,1.395929177784949,1.395929177784949,0.0,1,0.5000750112516877
2025-08-27 03:55:00+00:00,1.3985306782791878,1.395929177784949,0.0026015004942386882,1,0.4991447882618507
2025-08-27 04:00:00+00:00,1.398218498219879,1.395929177784949,0.0022893204349300335,1,0.49925623225275884
2025-08-27 04:05:00+00:00,1.400854685387374,1.395929177784949,0.004925507602425101,1,0.4983167109116194
2025-08-27 04:10:00+00:00,1.4071329732468034,1.395929177784949,0.011203795461854425,1,0.49609334196515203
2025-08-27 04:15:00+00:00,1.4074104666328555,1.395929177784949,0.011481288847906546,1,0.495995529262658
2025-08-27 04:20:00+00:00,1.4080335260012256,1.4080335260012256,0.0,0,0.0
2025-08-28 17:05:00+00:00,1.4078223209723253,1.4078223209723253,0.0,1,0.5000750112516877
2025-08-28 17:10:00+00:00,1.4093272149468699,1.4078223209723253,0.0015048939745446732,1,0.49954102605416123
2025-08-28 17:15:00+00:00,1.4082649368471913,1.4078223209723253,0.00044261587486609877,1,0.4999178383129797
2025-08-28 17:20:00+00:00,1.4056816696502457,1.4078223209723253,-0.002140651322079618,1,0.5008365536813058
2025-08-28 17:25:00+00:00,1.4096732600854016,1.4078223209723253,0.001850939113076271,1,0.49941839923810544
2025-08-28 17:30:00+00:00,1.4108964894123042,1.4078223209723253,0.0030741684399789096,1,0.4989854098324849
2025-08-28 17:35:00+00:00,1.4091482001634146,1.4091482001634146,0.0,0,0.0
2025-08-29 12:35:00+00:00,1.40893682793339,1.40893682793339,0.0,1,0.5000750112516877
2025-08-29 12:40:00+00:00,1.4070460217326057,1.40893682793339,-0.0018908062007842584,1,0.5007470183627044
2025-08-29 12:45:00+00:00,1.4040605382576834,1.40893682793339,-0.0048762896757067395,1,0.5018117672874862
2025-08-29 12:50:00+00:00,1.4061172046515187,1.40893682793339,-0.002819623281871249,1,0.5010777890711632
2025-08-29 12:55:00+00:00,1.4071787098870467,1.40893682793339,-0.0017581180463432265,1,0.5006998010496214
2025-08-29 13:00:00+00:00,1.4069465056167751,1.40893682793339,-0.001990322316614935,1,0.5007824371921213
2025-08-29 13:05:00+00:00,1.4045789508770843,1.4045789508770843,0.0,0,0.0
2025-09-01 00:45:00+00:00,1.4043682640344528,1.4043682640344528,0.0,1,0.5000750112516877
2025-09-01 00:50:00+00:00,1.404278498937662,1.4043682640344528,-8.97650967908898e-05,1,0.5001069773337873
2025-09-01 00:55:00+00:00,1.4058371474364855,1.4043682640344528,0.0014688834020326856,1,0.49955250984735483
2025-09-01 01:00:00+00:00,1.4051679894422262,1.4043682640344528,0.000799725407773396,1,0.49979040279540676
2025-09-01 01:05:00+00:00,1.4058779497532088,1.4043682640344528,0.0015096857187559024,1,0.49953801150506966
2025-09-01 01:10:00+00:00,1.404335622181074,1.4043682640344528,-3.264185337860462e-05,1,0.5000866348087191
2025-09-01 01:15:00+00:00,1.4047206491626003,1.4047206491626003,0.0,0,0.0
2025-09-03 01:55:00+00:00,1.404509941065226,1.404509941065226,0.0,1,0.5000750112516877
2025-09-03 02:00:00+00:00,1.409361188960443,1.404509941065226,0.00485124789521688,1,0.49835367263048247
2025-09-03 02:05:00+00:00,1.4088258788478671,1.404509941065226,0.004315937782641263,1,0.49854303156021523
2025-09-03 02:10:00+00:00,1.407286862274212,1.404509941065226,0.0027769212089861304,1,0.4990882409335277
2025-09-03 02:15:00+00:00,1.4085916806736154,1.404509941065226,0.00408173960838947,1,0.49862592134962636
2025-09-03 02:20:00+00:00,1.4096288440167306,1.404509941065226,0.005118902951504689,1,0.498259047097765
2025-09-03 02:25:00+00:00,1.4079794899918092,1.4079794899918092,0.0,0,0.0
2025-09-03 13:45:00+00:00,1.4077682930683104,1.4077682930683104,0.0,1,0.5000750112516877
2025-09-03 13:50:00+00:00,1.4102299962328897,1.4077682930683104,0.0024617031645791654,1,0.49920207829676994
2025-09-03 13:55:00+00:00,1.4083068404272927,1.4077682930683104,0.0005385473589823552,1,0.4998837787241791
2025-09-03 14:00:00+00:00,1.4076264862193475,1.4077682930683104,-0.00014180684896282985,1,0.5001253897166321
2025-09-03 14:05:00+00:00,1.408861321140091,1.4077682930683104,0.0010930280717807148,1,0.49968704118175084
2025-09-03 14:10:00+00:00,1.4118822850236135,1.4077682930683104,0.00411399195530312,1,0.4986178752034774
2025-09-03 14:15:00+00:00,1.4074121026250856,1.4074121026250856,0.0,0,0.0
2025-09-04 23:00:00+00:00,1.4072009908096919,1.4072009908096919,0.0,1,0.5000750112516877
2025-09-04 23:05:00+00:00,1.4081164945465425,1.4072009908096919,0.0009155037368506321,1,0.49974988151755023
2025-09-04 23:10:00+00:00,1.407390405375937,1.4072009908096919,0.00018941456624501762,1,0.5000077083263698
2025-09-04 23:15:00+00:00,1.406670630024206,1.4072009908096919,-0.0005303607854859244,1,0.5002635558691045
2025-09-04 23:20:00+00:00,1.4053983955209273,1.4072009908096919,-0.001802595288764613,1,0.5007164186007954
2025-09-04 23:25:00+00:00,1.4054968910953747,1.4072009908096919,-0.0017040997143172225,1,0.5006813289811756
2025-09-04 23:30:00+00:00,1.4044567748617154,1.4044567748617154,0.0,0,0.0
2025-09-07 08:10:00+00:00,1.404246106345486,1.404246106345486,0.0,1,0.5000750112516877
2025-09-07 08:15:00+00:00,1.4048102358341032,1.404246106345486,0.000564129488617218,1,0.4998741961855873
2025-09-07 08:20:00+00:00,1.4053018343884698,1.404246106345486,0.0010557280429837623,1,0.49969933166453095
2025-09-07 08:25:00+00:00,1.4053824243154152,1.404246106345486,0.0011363179699291459,1,0.4996706770208292
2025-09-07 08:30:00+00:00,1.4045684660532674,1.404246106345486,0.00032235970778137884,1,0.4999602400330595
2025-09-07 08:35:00+00:00,1.403778684769203,1.404246106345486,-0.0004674215762829603,1,0.5002415231474411
2025-09-07 08:40:00+00:00,1.4038339630118934,1.4038339630118934,0.0,0,0.0
2025-09-09 06:15:00+00:00,1.4036233879174416,1.4036233879174416,0.0,1,0.5000750112516877
2025-09-09 06:20:00+00:00,1.4069224171365737,1.4036233879174416,0.0032990292191320907,1,0.4989024078061937
2025-09-09 06:25:00+00:00,1.4061461749673663,1.4036233879174416,0.002522787049924595,1,0.4991778194910901
2025-09-09 06:30:00+00:00,1.4066636697468378,1.4036233879174416,0.003040281829396259,1,0.4989941779276017
2025-09-09 06:35:00+00:00,1.4086689620172907,1.4036233879174416,0.00504557409984919,1,0.49828384129424086
2025-09-09 06:40:00+00:00,1.4105125371691587,1.4036233879174416,0.00688914925171711,1,0.4976325718555225
2025-09-09 06:45:00+00:00,1.4093316593631975,1.4093316593631975,0.0,0,0.0
2025-09-09 14:15:00+00:00,1.409120259614293,1.409120259614293,0.0,1,0.5000750112516877
2025-09-09 14:20:00+00:00,1.4065627826746667,1.409120259614293,-0.0025574769396263406,1,0.5009842705646119
2025-09-09 14:25:00+00:00,1.4042319176157667,1.409120259614293,-0.004888341998526283,1,0.501815847397946
2025-09-09 14:30:00+00:00,1.4043937832448572,1.409120259614293,-0.0047264763694359205,1,0.50175800981792
2025-09-09 14:35:00+00:00,1.3957501586514365,1.409120259614293,-0.01337010096285665,1,0.5048653050933138
2025-09-09 14:40:00+00:00,1.399602560623785,1.409120259614293,-0.009517698990508111,1,0.5034756648112577
2025-09-09 14:45:00+00:00,1.3983875939745207,1.3983875939745207,0.0,0,0.0
2025-09-10 12:35:00+00:00,1.3979681091600493,1.3979681091600493,0.0,2,1.000225045008439
2025-09-10 12:40:00+00:00,1.3923897437261112,1.3979681091600493,-0.005578365433938139,2,1.0042322713201632
2025-09-10 12:45:00+00:00,1.397943458919832,1.3979681091600493,-2.465024021721128e-05,2,1.0002426821936008
2025-09-10 12:50:00+00:00,1.3919574894774267,1.3979681091600493,-0.006010619682622608,2,1.004544122557881
2025-09-10 12:55:00+00:00,1.395107720837061,1.3979681091600493,-0.0028603883229883875,2,1.0022758056747092
2025-09-10 13:00:00+00:00,1.395259162846197,1.3979681091600493,-0.00270894631385232,2,1.0021670182424087
2025-09-10 13:05:00+00:00,1.3957492499500554,1.3957492499500554,0.0,0,0.0
2025-09-11 22:25:00+00:00,1.3955398875625629,1.3955398875625629,0.0,1,0.5000750112516877
2025-09-11 22:30:00+00:00,1.395661892979175,1.3955398875625629,0.00012200541661224776,1,0.5000312958931242
2025-09-11 22:35:00+00:00,1.396110460157665,1.3955398875625629,0.0005705725951022168,1,0.49987063695247697
2025-09-11 22:40:00+00:00,1.3964649435571754,1.3955398875625629,0.0009250559946125626,1,0.4997437480939203
2025-09-11 22:45:00+00:00,1.3962773829913386,1.3955398875625629,0.0007374954287757171,1,0.4998108781794661
2025-09-11 22:50:00+00:00,1.397034302168033,1.3955398875625629,0.001494414605469977,1,0.4995400785020156
2025-09-11 22:55:00+00:00,1.3966501260492747,1.3966501260492747,0.0,0,0.0
2025-09-12 17:30:00+00:00,1.3964406285303674,1.3964406285303674,0.0,1,0.5000750112516877
2025-09-12 17:35:00+00:00,1.3957322258681808,1.3964406285303674,-0.0007084026621866526,1,0.5003288238832929
2025-09-12 17:40:00+00:00,1.3967148489157302,1.3964406285303674,0.00027422038536265524,1,0.4999768303220569
2025-09-12 17:45:00+00:00,1.398230678268151,1.3964406285303674,0.0017900497377836204,1,0.4994348027677257
2025-09-12 17:50:00+00:00,1.3975832134693782,1.3964406285303674,0.001142584939010805,1,0.49966617822426934
2025-09-12 17:55:00+00:00,1.3972328207547482,1.3964406285303674,0.0007921922243808145,1,0.4997914826016044
2025-09-12 18:00:00+00:00,1.3971528161955955,1.3971528161955955,0.0,0,0.0
2025-09-16 16:00:00+00:00,1.396943243273166,1.396943243273166,0.0,1,0.5000750112516877
2025-09-16 16:05:00+00:00,1.3966255383725186,1.396943243273166,-0.00031770490064760156,1,0.5001887685025763
2025-09-16 16:10:00+00:00,1.3965646499570243,1.396943243273166,-0.00037859331614168443,1,0.5002105760870394
2025-09-16 16:15:00+00:00,1.3959738514700517,1.396943243273166,-0.0009693918031144825,1,0.500422273212461
2025-09-16 16:20:00+00:00,1.396068499799087,1.396943243273166,-0.0008747434740790614,1,0.5003883464159046
2025-09-16 16:25:00+00:00,1.3957049778729191,1.396943243273166,-0.0012382654002470505,1,0.5005186763483794
2025-09-16 16:30:00+00:00,1.3963840141033448,1.3963840141033448,0.0,0,0.0
2025-09-17 18:05:00+00:00,1.3957557355482066,1.3957557355482066,0.0,3,1.5004501125253176
2025-09-17 18:10:00+00:00,1.3888272351009963,1.3957557355482066,-0.006928500447210494,3,1.5079354706842771
2025-09-17 18:15:00+00:00,1.376823329597481,1.3957557355482066,-0.01893240595072559,3,1.5210824841800354
2025-09-17 18:20:00+00:00,1.3827809997303868,1.3957557355482066,-0.01297473581781985,3,1.5145289462825284
2025-09-17 18:25:00+00:00,1.3873029271278634,1.3957557355482066,-0.008452808420343265,3,1.5095923244369702
2025-09-17 18:30:00+00:00,1.3951302649418953,1.3957557355482066,-0.0006254706063114589,3,1.5011228005639934
2025-09-17 18:35:00+00:00,1.3823613015974583,1.3823613015974583,0.0,0,0.0
2025-09-17 21:15:00+00:00,1.3821539474022186,1.3821539474022186,0.0,1,0.5000750112516877
2025-09-17 21:20:00+00:00,1.3821736561057887,1.3821539474022186,1.9708703570008645e-05,1,0.5000678805773937
2025-09-17 21:25:00+00:00,1.3823092280970124,1.3821539474022186,0.00015528069479382614,1,0.5000188356915325
2025-09-17 21:30:00+00:00,1.3822124762794872,1.3821539474022186,5.852887726842681e-05,1,0.5000538359045824
2025-09-17 21:35:00+00:00,1.3820655568528746,1.3821539474022186,-8.839054934408587e-05,1,0.5001069937468297
2025-09-17 21:40:00+00:00,1.3826992215343217,1.3821539474022186,0.0005452741321029587,1,0.4998778042499769
2025-09-17 21:45:00+00:00,1.3829666679250863,1.3829666679250863,0.0,0,0.0
2025-09-20 14:50:00+00:00,1.3827592229248975,1.3827592229248975,0.0,1,0.5000750112516877
2025-09-20 14:55:00+00:00,1.384414864119481,1.3827592229248975,0.001655641194583419,1,0.4994769645169493
2025-09-20 15:00:00+00:00,1.3836759829252039,1.3827592229248975,0.000916760000306402,1,0.4997436845732416
2025-09-20 15:05:00+00:00,1.388116111583405,1.3827592229248975,0.005356888658507529,1,0.4981451682552532
2025-09-20 15:10:00+00:00,1.3888481512851423,1.3827592229248975,0.006088928360244753,1,0.4978826038848762
2025-09-20 15:15:00+00:00,1.391680529196537,1.3827592229248975,0.008921306271639626,1,0.4968693025846666
2025-09-20 15:20:00+00:00,1.3901868835989033,1.3901868835989033,0.0,0,0.0
2025-09-20 21:40:00+00:00,1.3899783555663634,1.3899783555663634,0.0,1,0.5000750112516877
2025-09-20 21:45:00+00:00,1.3940471102113157,1.3899783555663634,0.004068754644952225,1,0.4986154604876204
2025-09-20 21:50:00+00:00,1.3913055605411584,1.3899783555663634,0.0013272049747949871,1,0.499597975824297
2025-09-20 21:55:00+00:00,1.3917010408114256,1.3899783555663634,0.0017226852450621935,1,0.4994560048573221
2025-09-20 22:00:00+00:00,1.3927668266245186,1.3899783555663634,0.0027884710581552335,1,0.4990738065495615
2025-09-20 22:05:00+00:00,1.391627307201715,1.3899783555663634,0.001648951635351455,1,0.49948246790093964
2025-09-20 22:10:00+00:00,1.390721661404636,1.390721661404636,0.0,0,0.0
2025-09-21 00:45:00+00:00,1.3905130531554253,1.3905130531554253,0.0,1,0.5000750112516877
2025-09-21 00:50:00+00:00,1.3883498219730601,1.3905130531554253,-0.002163231182365245,1,0.5008541937320254
2025-09-21 00:55:00+00:00,1.3881466093468378,1.3905130531554253,-0.0023664438085874567,1,0.5009275144428044
2025-09-21 01:00:00+00:00,1.39135867989035,1.3905130531554253,0.0008456267349245509,1,0.4997710804212742
2025-09-21 01:05:00+00:00,1.3891954487079845,1.3905130531554253,-0.0013176044474406943,1,0.50054931532423
2025-09-21 01:10:00+00:00,1.388546479353275,1.3905130531554253,-0.001966573802150314,1,0.5007832586390534
2025-09-21 01:15:00+00:00,1.387616794043276,1.387616794043276,0.0,0,0.0
2025-09-22 06:10:00+00:00,1.3874086515241695,1.3874086515241695,0.0,1,0.5000750112516877
2025-09-22 06:15:00+00:00,1.3900300938302965,1.3874086515241695,0.0026214423061271005,1,0.49913192534545403
2025-09-22 06:20:00+00:00,1.394742448452025,1.3874086515241695,0.0073337969278555225,1,0.4974455303856789
2025-09-22 06:25:00+00:00,1.3947112408055236,1.3874086515241695,0.007302589281354033,1,0.4974566610798411
2025-09-22 06:30:00+00:00,1.3919025526203874,1.3874086515241695,0.0044939010962178425,1,0.49846046744829836
2025-09-22 06:35:00+00:00,1.394367956694007,1.3874086515241695,0.006959305169837497,1,0.49757913159925954
2025-09-22 06:40:00+00:00,1.3948463823979338,1.3948463823979338,0.0,0,0.0
2025-09-24 04:30:00+00:00,1.394009662853927,1.394009662853927,0.0,4,2.0007502250590767
2025-09-24 04:35:00+00:00,1.4013079352406554,1.394009662853927,0.007298272386728451,4,1.9903299457235557
2025-09-24 04:40:00+00:00,1.4086122716317822,1.394009662853927,0.014602608777855257,4,1.9800091216432314
2025-09-24 04:45:00+00:00,1.4057584518435589,1.394009662853927,0.011748788989631985,4,1.9840287234495002
2025-09-24 04:50:00+00:00,1.398288071354584,1.394009662853927,0.004278408500657111,4,1.994628434459596
2025-09-24 04:55:00+00:00,1.3971830890451187,1.394009662853927,0.0031734261911917205,4,1.996205914999774
2025-09-24 05:00:00+00:00,1.3980270311248932,1.3980270311248932,0.0,0,0.0
2025-09-25 12:35:00+00:00,1.3973980133229933,1.3973980133229933,0.0,3,1.500450112525318
2025-09-25 12:40:00+00:00,1.3934814417140802,1.3973980133229933,-0.0039165716089130725,3,1.504667334323463
2025-09-25 12:45:00+00:00,1.3990179446070818,1.3973980133229933,0.0016199312840886463,3,1.4987127323245395
2025-09-25 12:50:00+00:00,1.4017019936893804,1.3973980133229933,0.004303980366387203,3,1.4958429222280032
2025-09-25 12:55:00+00:00,1.3992520011503549,1.3973980133229933,0.0018539878273615416,3,1.4984620387245313
2025-09-25 13:00:00+00:00,1.3941924383058875,1.3973980133229933,-0.0032055750171059326,3,1.5038999988272184
2025-09-25 13:05:00+00:00,1.3876243733027567,1.3876243733027567,0.0,0,0.0
2025-09-25 21:10:00+00:00,1.3874162296467614,1.3874162296467614,0.0,1,0.5000750112516877
2025-09-25 21:15:00+00:00,1.386368361486908,1.3874162296467614,-0.001047868159853323,1,0.5004529863241042
2025-09-25 21:20:00+00:00,1.3864082501238089,1.3874162296467614,-0.001007979522952523,1,0.5004385876883087
2025-09-25 21:25:00+00:00,1.3865272828815445,1.3874162296467614,-0.0008889467652169107,1,0.500395625255542
2025-09-25 21:30:00+00:00,1.3853882406944893,1.3874162296467614,-0.0020279889522719957,1,0.5008070418611127
2025-09-25 21:35:00+00:00,1.3845322178835398,1.3874162296467614,-0.0028840117632216076,1,0.5011166787523167
2025-09-25 21:40:00+00:00,1.3837858942058674,1.3837858942058674,0.0,0,0.0
2025-09-26 00:55:00+00:00,1.3835783263217365,1.3835783263217365,0.0,1,0.5000750112516877
2025-09-26 01:00:00+00:00,1.3845715608138316,1.3835783263217365,0.0009932344920950947,1,0.49971627807828783
2025-09-26 01:05:00+00:00,1.3845933104742425,1.3835783263217365,0.0010149841525059653,1,0.49970842836583595
2025-09-26 01:10:00+00:00,1.383962570322328,1.3835783263217365,0.00038424400059148476,1,0.49993617019699477
2025-09-26 01:15:00+00:00,1.3857460424760173,1.3835783263217365,0.0021677161542807267,1,0.4992927462139284
2025-09-26 01:20:00+00:00,1.387007522779846,1.3835783263217365,0.0034291964581095345,1,0.49883864055491145
2025-09-26 01:25:00+00:00,1.3862344637250332,1.3862344637250332,0.0,0,0.0
2025-09-28 22:10:00+00:00,1.3858186245761912,1.3858186245761912,0.0,2,1.000225045008439
2025-09-28 22:15:00+00:00,1.3835314054185135,1.3858186245761912,-0.002287219157677607,2,1.0018785917772168
2025-09-28 22:20:00+00:00,1.3872190293991755,1.3858186245761912,0.0014004048229844038,2,0.9992153126248613
2025-09-28 22:25:00+00:00,1.3877592864797945,1.3858186245761912,0.0019406619036033924,2,0.9988263163825246
2025-09-28 22:30:00+00:00,1.388464222517681,1.3858186245761912,0.002645597941489929,2,0.9983192030881461
2025-09-28 22:35:00+00:00,1.3905433863800702,1.3858186245761912,0.004724761803879037,2,0.9968264994224277
2025-09-28 22:40:00+00:00,1.3893456284578296,1.3893456284578296,0.0,0,0.0
2025-09-29 13:45:00+00:00,1.388928856029569,1.388928856029569,0.0,2,1.000225045008439
2025-09-29 13:50:00+00:00,1.3874095737882992,1.388928856029569,-0.001519282241269761,2,1.0013203410024007
2025-09-29 13:55:00+00:00,1.3928766346468733,1.388928856029569,0.003947778617304306,2,0.9973901442376484
2025-09-29 14:00:00+00:00,1.3922091106238363,1.388928856029569,0.0032802545942674215,2,0.9978683639795954
2025-09-29 14:05:00+00:00,1.3962793698624714,1.388928856029569,0.007350513832902342,2,0.9949595027480286
2025-09-29 14:10:00+00:00,1.3962219795186905,1.388928856029569,0.007293123489121697,2,0.9950003995887519
2025-09-29 14:15:00+00:00,1.4001033132756386,1.4001033132756386,0.0,0,0.0
2025-10-01 08:30:00+00:00,1.3998932977786473,1.3998932977786473,0.0,1,0.5000750112516877
2025-10-01 08:35:00+00:00,1.40053045634675,1.3998932977786473,0.0006371585681026135,1,0.4998475066824946
2025-10-01 08:40:00+00:00,1.4015765648267582,1.3998932977786473,0.001683267048110808,1,0.49947443058478164
2025-10-01 08:45:00+00:00,1.403249486415788,1.3998932977786473,0.003356188637140795,1,0.49887896871846166
2025-10-01 08:50:00+00:00,1.4066768761536623,1.3998932977786473,0.006783578375015015,1,0.4976634424758591
2025-10-01 08:55:00+00:00,1.406039109029143,1.3998932977786473,0.006145811250495773,1,0.49788917828978346
2025-10-01 09:00:00+00:00,1.405925245445963,1.405925245445963,0.0,0,0.0
2025-10-01 23:20:00+00:00,1.4057143566591461,1.4057143566591461,0.0,1,0.5000750112516877
2025-10-01 23:25:00+00:00,1.4056080086642548,1.4057143566591461,-0.00010634799489126645,1,0.5001128468178015
2025-10-01 23:30:00+00:00,1.4056709856891625,1.4057143566591461,-4.337096998352807e-05,1,0.5000904407074589
2025-10-01 23:35:00+00:00,1.404195184463967,1.4057143566591461,-0.0015191721951790238,1,0.5006160329422638
2025-10-01 23:40:00+00:00,1.4047649483025189,1.4057143566591461,-0.0009494083566272369,1,0.5004129862240819
2025-10-01 23:45:00+00:00,1.4053828360940661,1.4057143566591461,-0.00033152056508005824,1,0.5001929756568695
2025-10-01 23:50:00+00:00,1.4056424926254274,1.4056424926254274,0.0,0,0.0
2025-10-02 12:40:00+00:00,1.4054316462515335,1.4054316462515335,0.0,1,0.5000750112516877
2025-10-02 12:45:00+00:00,1.405789208265636,1.4054316462515335,0.0003575620141025914,1,0.49994781734012966
2025-10-02 12:50:00+00:00,1.4048092234862437,1.4054316462515335,-0.0006224227652898782,1,0.5002965773306627
2025-10-02 12:55:00+00:00,1.4049681399369558,1.4054316462515335,-0.0004635063145776154,1,0.5002399886051871
2025-10-02 13:00:00+00:00,1.404822466523803,1.4054316462515335,-0.0006091797277305491,1,0.5002918611145413
2025-10-02 13:05:00+00:00,1.404531119697497,1.4054316462515335,-0.0009005265540364943,1,0.5003956384135404
2025-10-02 13:10:00+00:00,1.4028966467859723,1.4028966467859723,0.0,0,0.0
2025-10-02 15:10:00+00:00,1.402475809357111,1.402475809357111,0.0,2,1.000225045008439
2025-10-02 15:15:00+00:00,1.4063278075462446,1.402475809357111,0.003851998189133718,2,0.9974853814382355
2025-10-02 15:20:00+00:00,1.4064727399871466,1.402475809357111,0.00399693063003552,2,0.997382593814284
2025-10-02 15:25:00+00:00,1.4113198140359218,1.402475809357111,0.008844004678810791,2,0.9939571566886246
2025-10-02 15:30:00+00:00,1.410185729537944,1.402475809357111,0.007709920180833142,2,0.994756506291619
2025-10-02 15:35:00+00:00,1.4097973225058056,1.402475809357111,0.007321513148694666,2,0.9950305672620445
2025-10-02 15:40:00+00:00,1.4083667126326604,1.4083667126326604,0.0,0,0.0
2025-10-03 21:00:00+00:00,1.4081554576257655,1.4081554576257655,0.0,1,0.5000750112516877
2025-10-03 21:05:00+00:00,1.4072977869558039,1.4081554576257655,-0.0008576706699615765,1,0.5003797794918617
2025-10-03 21:10:00+00:00,1.4053620719020714,1.4081554576257655,-0.0027933857236941734,1,0.5010689916821658
2025-10-03 21:15:00+00:00,1.4078516992634875,1.4081554576257655,-0.00030375836227806,1,0.5001829075354465
2025-10-03 21:20:00+00:00,1.4065235009343109,1.4081554576257655,-0.0016319566914546153,1,0.5006552367227157
2025-10-03 21:25:00+00:00,1.4071429297515055,1.4081554576257655,-0.0010125278742601999,1,0.5004348466866018
2025-10-03 21:30:00+00:00,1.4073605100795912,1.4073605100795912,0.0,0,0.0
2025-10-03 22:50:00+00:00,1.4071494060030791,1.4071494060030791,0.0,1,0.5000750112516877
2025-10-03 22:55:00+00:00,1.4054840862880662,1.4071494060030791,-0.0016653197150128972,1,0.5006675364772293
2025-10-03 23:00:00+00:00,1.402342419307971,1.4071494060030791,-0.004806986695108092,1,0.5017891816943313
2025-10-03 23:05:00+00:00,1.3966023811413308,1.4071494060030791,-0.01054702486174835,1,0.5038515360862655
2025-10-03 23:10:00+00:00,1.3982322685219817,1.4071494060030791,-0.008917137481097405,1,0.503264207872723
2025-10-03 23:15:00+00:00,1.3983208493578867,1.4071494060030791,-0.008828556645192404,1,0.5032323270892569
2025-10-03 23:20:00+00:00,1.3992731069262596,1.3992731069262596,0.0,0,0.0
2025-10-05 02:30:00+00:00,1.3990632159602208,1.3990632159602208,0.0,1,0.5000750112516877
2025-10-05 02:35:00+00:00,1.4060146783216332,1.3986413166317486,0.007373361689884563,3,1.4978276406643318
2025-10-05 02:40:00+00:00,1.4001624705337676,1.3986413166317486,0.0015211539020190687,3,1.5040880559861582
2025-10-05 02:45:00+00:00,1.3960424538598282,1.3986413166317486,-0.002598862771920465,3,1.5085269380936492
2025-10-05 02:50:00+00:00,1.3996087729608688,1.3986413166317486,0.0009674563291201723,3,1.5046830864847625
2025-10-05 02:55:00+00:00,1.4006918017776886,1.3986413166317486,0.0020504851459399926,3,1.5035196505734676
2025-10-05 03:00:00+00:00,1.4079032442785124,1.4052123664534404,0.0026908778250720458,2,0.9988833399041306
2025-10-05 03:05:00+00:00,1.4127128523872887,1.4127128523872887,0.0,0,0.0
2025-10-06 00:20:00+00:00,1.4122890703176116,1.4122890703176116,0.0,2,1.000225045008439
2025-10-06 00:25:00+00:00,1.4066324705327695,1.4122890703176116,-0.005656599784842054,2,1.004247327227081
2025-10-06 00:30:00+00:00,1.4030047128219072,1.4122890703176116,-0.00928435749570446,2,1.0068440155715082
2025-10-06 00:35:00+00:00,1.4039342090791171,1.4122890703176116,-0.008354861238494498,2,1.006177418990261
2025-10-06 00:40:00+00:00,1.4003187937359998,1.4122890703176116,-0.011970276581611872,2,1.0087752197873283
2025-10-06 00:45:00+00:00,1.4029039726903723,1.4122890703176116,-0.009385097627239353,2,1.0069163153158516
2025-10-06 00:50:00+00:00,1.4014036857727743,1.4014036857727743,0.0,0,0.0
2025-10-06 05:30:00+00:00,1.4011934752199084,1.4011934752199084,0.0,1,0.5000750112516877
2025-10-06 05:35:00+00:00,1.4001559021129766,1.4011934752199084,-0.00103757310693192,1,0.5004455874013439
2025-10-06 05:40:00+00:00,1.3982624777426997,1.4011934752199084,-0.002930997477208723,1,0.5011232540671282
2025-10-06 05:45:00+00:00,1.3978111041312096,1.4011934752199084,-0.003382371088698852,1,0.5012850740815218
2025-10-06 05:50:00+00:00,1.4000445242088426,1.4011934752199084,-0.0011489510110658176,1,0.5004853994071009
2025-10-06 05:55:00+00:00,1.3995814266074436,1.4011934752199084,-0.0016120486124647899,1,0.5006510014818315
2025-10-06 06:00:00+00:00,1.3982457130233297,1.3982457130233297,0.0,0,0.0
2025-10-06 13:40:00+00:00,1.398035976166376,1.398035976166376,0.0,1,0.5000750112516877
2025-10-06 13:45:00+00:00,1.3959182890015491,1.398035976166376,-0.002117687164826943,1,0.5008336533879233
2025-10-06 13:50:00+00:00,1.396277039436191,1.398035976166376,-0.0017589367301850576,1,0.5007049724129008
2025-10-06 13:55:00+00:00,1.3988200804918804,1.398035976166376,0.000784104325504245,1,0.499794695730866
2025-10-06 14:00:00+00:00,1.4007939647398677,1.398035976166376,0.0027579885734916386,1,0.49909042593676106
2025-10-06 14:05:00+00:00,1.4017854480086036,1.398035976166376,0.00374947184222757,1,0.4987374191284756
2025-10-06 14:10:00+00:00,1.403439094210908,1.403439094210908,0.0,0,0.0
2025-10-07 04:40:00+00:00,1.4032285783467764,1.4032285783467764,0.0,1,0.5000750112516877
2025-10-07 04:45:00+00:00,1.4019356401059058,1.4032285783467764,-0.0012929382408705264,1,0.5005362065354472
2025-10-07 04:50:00+00:00,1.4057804301379682,1.4032285783467764,0.002551851791191865,1,0.49916724693385073
2025-10-07 04:55:00+00:00,1.4062908004962065,1.4032285783467764,0.0030622221494301448,1,0.49898608940473327
2025-10-07 05:00:00+00:00,1.4080147181507006,1.4032285783467764,0.004786139803924128,1,0.4983751505290363
2025-10-07 05:05:00+00:00,1.406857878672027,1.4032285783467764,0.0036293003252505073,1,0.49878495741718204
2025-10-07 05:10:00+00:00,1.4058477825799887,1.4058477825799887,0.0,0,0.0
2025-10-07 10:35:00+00:00,1.4056369054126017,1.4056369054126017,0.0,1,0.5000750112516877
2025-10-07 10:40:00+00:00,1.4056042899092978,1.4056369054126017,-3.2615503303955626e-05,1,0.5000866149429248
2025-10-07 10:45:00+00:00,1.4054357764755605,1.4056369054126017,-0.00020112893704111174,1,0.5001465759273118
2025-10-07 10:50:00+00:00,1.4036038723733206,1.4056369054126017,-0.0020330330392809414,1,0.5007993388486717
2025-10-07 10:55:00+00:00,1.404598645224092,1.4056369054126017,-0.0010382601885096704,1,0.5004446598891947
2025-10-07 11:00:00+00:00,1.405261827124606,1.4056369054126017,-0.00037507828799556776,1,0.5002084862208851
2025-10-07 11:05:00+00:00,1.4039692024309707,1.4039692024309707,0.0,0,0.0
2025-10-08 00:20:00+00:00,1.403758607050606,1.403758607050606,0.0,1,0.5000750112516877
2025-10-08 00:25:00+00:00,1.4021253840846646,1.403758607050606,-0.0016332229659415589,1,0.5006575083680943
2025-10-08 00:30:00+00:00,1.4016972576761169,1.403758607050606,-0.0020613493744892864,1,0.5008104263393582
2025-10-08 00:35:00+00:00,1.3993029210949792,1.403758607050606,-0.004455685955626736,1,0.5016673592492539
2025-10-08 00:40:00+00:00,1.4012638457563524,1.403758607050606,-0.0024947612942536218,1,0.5009653273660101
2025-10-08 00:45:00+00:00,1.4050641283211158,1.403758607050606,0.0013055212705097698,1,0.4996103644424211
2025-10-08 00:50:00+00:00,1.398632486238767,1.398632486238767,0.0,0,0.0
2025-10-08 14:05:00+00:00,1.398422691365831,1.398422691365831,0.0,1,0.5000750112516877
2025-10-08 14:10:00+00:00,1.397208654502571,1.398422691365831,-0.0012140368632600944,1,0.5005095272390446
2025-10-08 14:15:00+00:00,1.395616297084221,1.398422691365831,-0.002806394281610081,1,0.5010805939859141
2025-10-08 14:20:00+00:00,1.3978210996634748,1.398422691365831,-0.0006015917023562354,1,0.5002902326254366
2025-10-08 14:25:00+00:00,1.3948906658556057,1.398422691365831,-0.0035320255102254043,1,0.5013412593813817
2025-10-08 14:30:00+00:00,1.394462729490012,1.398422691365831,-0.003959961875819041,1,0.5014951122968628
2025-10-08 14:35:00+00:00,1.3925101792731371,1.3925101792731371,0.0,0,0.0
2025-10-08 15:25:00+00:00,1.392301302746246,1.392301302746246,0.0,1,0.5000750112516877
2025-10-08 15:30:00+00:00,1.3913316317017816,1.392301302746246,-0.0009696710444644429,1,0.500423532227868
2025-10-08 15:35:00+00:00,1.3892984504795174,1.392301302746246,-0.0030028522667285974,1,0.5011558815143395
2025-10-08 15:40:00+00:00,1.3890169330795117,1.392301302746246,-0.0032843696667344035,1,0.5012574527028554
2025-10-08 15:45:00+00:00,1.3891107722128468,1.392301302746246,-0.0031905305333991348,1,0.5012235910656985
2025-10-08 15:50:00+00:00,1.3864832764794595,1.392301302746246,-0.00581802626678658,1,0.5021734495092437
2025-10-08 15:55:00+00:00,1.3878696652192681,1.3878696652192681,0.0,0,0.0
2025-10-10 11:10:00+00:00,1.3876614847694853,1.3876614847694853,0.0,1,0.5000750112516877
2025-10-10 11:15:00+00:00,1.384096499022671,1.3876614847694853,-0.003564985746814263,1,0.501363043039001
2025-10-10 11:20:00+00:00,1.3830444466539626,1.3876614847694853,-0.004617038115522523,1,0.5017444191967146
2025-10-10 11:25:00+00:00,1.3826683243045281,1.3876614847694853,-0.004993160464957095,1,0.5018809069475705
2025-10-10 11:30:00+00:00,1.3831425655277283,1.3876614847694853,-0.00451891924175695,1,0.5017088259046298
2025-10-10 11:35:00+00:00,1.3847124675079767,1.3876614847694853,-0.002949017261508536,1,0.5011400192405913
2025-10-10 11:40:00+00:00,1.3848695073105435,1.3848695073105435,0.0,0,0.0
2025-10-10 15:40:00+00:00,1.384661776884447,1.384661776884447,0.0,1,0.5000750112516877
2025-10-10 15:45:00+00:00,1.38665640042636,1.384661776884447,0.0019946235419129937,1,0.4993556828082043
2025-10-10 15:50:00+00:00,1.3850225870270416,1.384661776884447,0.00036081014259481186,1,0.49994473746568036
2025-10-10 15:55:00+00:00,1.3843230453013022,1.384661776884447,-0.0003387315831446098,1,0.5001973751759374
2025-10-10 16:00:00+00:00,1.383432930746624,1.384661776884447,-0.0012288461378228888,1,0.5005192071592311
2025-10-10 16:05:00+00:00,1.3822941418907693,1.384661776884447,-0.00236763499367767,1,0.5009315547761244
2025-10-10 16:10:00+00:00,1.3840275816521272,1.3840275816521272,0.0,0,0.0
2025-10-10 21:05:00+00:00,1.3838199775148794,1.3838199775148794,0.0,1,0.5000750112516877
2025-10-10 21:10:00+00:00,1.3800622672177505,1.3838199775148794,-0.0037577102971289066,1,0.5014366433053673
2025-10-10 21:15:00+00:00,1.3665549684587512,1.3838199775148794,-0.017265009056128055,1,0.5063929419586694
2025-10-10 21:20:00+00:00,1.3142280252130791,1.3838199775148794,-0.06959195230180033,1,0.5265553446966448
2025-10-10 21:25:00+00:00,1.3443028441741143,1.3836183018369015,-0.03931545766278731,2,1.0148502301133344
2025-10-10 21:30:00+00:00,1.2851214867467633,1.3836183018369015,-0.0984968150901381,2,1.0615852779846504
2025-10-10 21:35:00+00:00,1.3414788501283874,1.3613614525230335,-0.019882602394646114,1,0.5011277366480341
2025-10-10 21:40:00+00:00,1.3387931827025312,1.3613614525230335,-0.022568269820502352,1,0.5021330169675767
2025-10-10 21:45:00+00:00,1.368087997435259,1.3613614525230335,0.006726544912225572,1,0.49138086233218237
2025-10-10 21:50:00+00:00,1.3705880196473466,1.3613614525230335,0.009226567124313039,1,0.490484558663381
2025-10-10 21:55:00+00:00,1.377088136186425,1.377088136186425,0.0,0,0.0
2025-10-12 14:50:00+00:00,1.376881572965997,1.376881572965997,0.0,1,0.5000750112516877
2025-10-12 14:55:00+00:00,1.3864735237962982,1.376881572965997,0.009591950830301281,1,0.4966153743837188
2025-10-12 15:00:00+00:00,1.3828171168835814,1.376881572965997,0.005935543917584451,1,0.49792851107091163
2025-10-12 15:05:00+00:00,1.3884205779553644,1.376881572965997,0.011539004989367585,1,0.4959189448972198
2025-10-12 15:10:00+00:00,1.389911455152567,1.376881572965997,0.013029882186570115,1,0.4953870014817834
2025-10-12 15:15:00+00:00,1.392702698861749,1.376881572965997,0.015821125895752092,1,0.4943941507803188
2025-10-12 15:20:00+00:00,1.400212692295071,1.400212692295071,0.0,0,0.0
2025-10-16 09:45:00+00:00,1.3997926599921682,1.3997926599921682,0.0,2,1.000225045008439
2025-10-16 09:50:00+00:00,1.4070350019626088,1.3997926599921682,0.0072423419704405745,2,0.9950766501119038
2025-10-16 09:55:00+00:00,1.4003919388778412,1.3997926599921682,0.0005992788856729886,2,0.9997970121600955
2025-10-16 10:00:00+00:00,1.4009670397857836,1.3997926599921682,0.0011743797936155465,2,0.9993865926761801
2025-10-16 10:05:00+00:00,1.4010651091784228,1.3997926599921682,0.001272449186254652,2,0.999316639298915
2025-10-16 10:10:00+00:00,1.4023945608775377,1.3997926599921682,0.0026019008853694217,2,0.9983693001968306
2025-10-16 10:15:00+00:00,1.4070422115450616,1.4070422115450616,0.0,0,0.0
2025-10-18 07:05:00+00:00,1.40683115521333,1.40683115521333,0.0,1,0.5000750112516877
2025-10-18 07:10:00+00:00,1.4076647110258567,1.40683115521333,0.0008335558125267234,1,0.4997788892923438
2025-10-18 07:15:00+00:00,1.4053275211290954,1.40683115521333,-0.0015036340842345818,1,0.5006100678988299
2025-10-18 07:20:00+00:00,1.4030406320141244,1.40683115521333,-0.0037905231992054486,1,0.5014260383625501
2025-10-18 07:25:00+00:00,1.402246598244433,1.40683115521333,-0.004584556968896822,1,0.5017099750167455
2025-10-18 07:30:00+00:00,1.4024406155456246,1.40683115521333,-0.004390539667705312,1,0.5016405671471682
2025-10-18 07:35:00+00:00,1.4026373548376936,1.4026373548376936,0.0,0,0.0
2025-10-19 08:20:00+00:00,1.402426959234468,1.402426959234468,0.0,1,0.5000750112516877
2025-10-19 08:25:00+00:00,1.393944165493224,1.402426959234468,-0.008482793741243907,1,0.5031181985475701
2025-10-19 08:30:00+00:00,1.3927246857783706,1.402426959234468,-0.009702273456097496,1,0.5035587324474625
2025-10-19 08:35:00+00:00,1.3909552796328069,1.402426959234468,-0.011471679601661136,1,0.5041992993505767
2025-10-19 08:40:00+00:00,1.3907160259259397,1.402426959234468,-0.011710933308528407,1,0.5042860399569411
2025-10-19 08:45:00+00:00,1.3905303364818038,1.402426959234468,-0.011896622752664244,1,0.5043533815977441
2025-10-19 08:50:00+00:00,1.389862859169936,1.389862859169936,0.0,0,0.0
2025-10-20 03:55:00+00:00,1.3894459315840995,1.3894459315840995,0.0,2,1.000225045008439
2025-10-20 04:00:00+00:00,1.3878051923757073,1.3894459315840995,-0.0016407392083922349,2,1.0014075657668113
2025-10-20 04:05:00+00:00,1.3906545247642401,1.3894459315840995,0.0012085931801405787,2,0.9993557671637435
2025-10-20 04:10:00+00:00,1.3895277176774838,1.3894459315840995,8.178609338436397e-05,2,1.000166172847851
2025-10-20 04:15:00+00:00,1.390652999547371,1.3894459315840995,0.0012070679632715303,2,0.9993568632202542
2025-10-20 04:20:00+00:00,1.3866418867849803,1.3894459315840995,-0.002804044799119106,2,1.0022476839191294
2025-10-20 04:25:00+00:00,1.3845182593929524,1.3845182593929524,0.0,0,0.0
2025-10-22 11:15:00+00:00,1.3843105816540435,1.3843105816540435,0.0,1,0.5000750112516877
2025-10-22 11:20:00+00:00,1.384658193093701,1.3843105816540435,0.00034761143965734054,1,0.49994946994809025
2025-10-22 11:25:00+00:00,1.3854149721654552,1.3843105816540435,0.0011043905114115874,1,0.4996763739419168
2025-10-22 11:30:00+00:00,1.383962970214386,1.3843105816540435,-0.0003476114396574174,1,0.5002006156199686
2025-10-22 11:35:00+00:00,1.3851741788244423,1.3843105816540435,0.0008635971703988375,1,0.4997632357570921
2025-10-22 11:40:00+00:00,1.386278569335854,1.3843105816540435,0.001967987681810425,1,0.49936509516130484
2025-10-22 11:45:00+00:00,1.384416116306076,1.384416116306076,0.0,0,0.0
2025-10-22 13:40:00+00:00,1.3842084538886301,1.3842084538886301,0.0,1,0.5000750112516877
2025-10-22 13:45:00+00:00,1.3818423334404168,1.3842084538886301,-0.002366120448213279,1,0.5009312867334333
2025-10-22 13:50:00+00:00,1.380687053577848,1.3842084538886301,-0.0035214003107820907,1,0.5013504373487695
2025-10-22 13:55:00+00:00,1.3833207595774246,1.3842084538886301,-0.0008876943112055317,1,0.5003959156692573
2025-10-22 14:00:00+00:00,1.386368935798564,1.3842084538886301,0.002160481909933949,1,0.4992957071375221
2025-10-22 14:05:00+00:00,1.3832537035323336,1.3842084538886301,-0.0009547503562965608,1,0.5004201733820679
2025-10-22 14:10:00+00:00,1.3833072403762423,1.3833072403762423,0.0,0,0.0
2025-10-22 15:00:00+00:00,1.3830997442901858,1.3830997442901858,0.0,1,0.5000750112516877
2025-10-22 15:05:00+00:00,1.381640078389598,1.3830997442901858,-0.0014596659005878608,1,0.5006033271662862
2025-10-22 15:10:00+00:00,1.3802737736536235,1.3830997442901858,-0.0028259706365623095,1,0.5010988641458387
2025-10-22 15:15:00+00:00,1.3783670514070991,1.3830997442901858,-0.004732692883086697,1,0.5017920440582572
2025-10-22 15:20:00+00:00,1.3755177404793835,1.3830997442901858,-0.0075820038108023015,1,0.5028314792560015
2025-10-22 15:25:00+00:00,1.3751622498910485,1.3830997442901858,-0.007937494399137374,1,0.5029614652692216
2025-10-22 15:30:00+00:00,1.3740714135551897,1.3740714135551897,0.0,0,0.0
2025-10-23 06:20:00+00:00,1.3738653028431564,1.3738653028431564,0.0,1,0.5000750112516877
2025-10-23 06:25:00+00:00,1.3746474473180854,1.3738653028431564,0.0007821444749289632,1,0.4997904794556526
2025-10-23 06:30:00+00:00,1.3740129717200231,1.3738653028431564,0.00014766887686669148,1,0.5000212668425879
2025-10-23 06:35:00+00:00,1.373526790714407,1.3738653028431564,-0.00033851212874931027,1,0.500198257086962
2025-10-23 06:40:00+00:00,1.374090560451936,1.3738653028431564,0.00022525760877956702,1,0.499993032883968
2025-10-23 06:45:00+00:00,1.374915879301881,1.3738653028431564,0.0010505764587245337,1,0.4996929027588509
2025-10-23 06:50:00+00:00,1.3750620464613557,1.3750620464613557,0.0,0,0.0
2025-10-23 15:10:00+00:00,1.3748557871543865,1.3748557871543865,0.0,1,0.5000750112516877
2025-10-23 15:15:00+00:00,1.3828263267160013,1.3748557871543865,0.007970539561614854,1,0.497192604702181
2025-10-23 15:20:00+00:00,1.3754500549003332,1.3748557871543865,0.0005942677459467649,1,0.49985895218892346
2025-10-23 15:25:00+00:00,1.3828630855456476,1.3748557871543865,0.008007298391261065,1,0.4971793884854429
2025-10-23 15:30:00+00:00,1.38463976231188,1.3748557871543865,0.00978397515749353,1,0.4965414412790902
2025-10-23 15:35:00+00:00,1.3954346052846436,1.3748557871543865,0.020578818130257054,1,0.4927002817809824
2025-10-23 15:40:00+00:00,1.3874661064507212,1.3874661064507212,0.0,0,0.0
2025-10-23 16:55:00+00:00,1.3872579865347536,1.3872579865347536,0.0,1,0.5000750112516877
2025-10-23 17:00:00+00:00,1.3857679272860577,1.3872579865347536,-0.0014900592486960492,1,0.5006127213407188
2025-10-23 17:05:00+00:00,1.3810891765964983,1.3872579865347536,-0.006168809938255335,1,0.50230865970217
2025-10-23 17:10:00+00:00,1.3800074253981567,1.3872579865347536,-0.007250561136596905,1,0.5027024061303194
2025-10-23 17:15:00+00:00,1.3802230686108978,1.3872579865347536,-0.007034917923855698,1,0.5026238649405828
2025-10-23 17:20:00+00:00,1.3809265604032837,1.3872579865347536,-0.006331426131470066,1,0.5023678109448223
2025-10-23 17:25:00+00:00,1.3804179540433321,1.3804179540433321,0.0,0,0.0
2025-10-24 04:35:00+00:00,1.3802108913502256,1.3802108913502256,0.0,1,0.5000750112516877
2025-10-24 04:40:00+00:00,1.3796448455645294,1.3802108913502256,-0.0005660457856961813,1,0.5002801838753242
2025-10-24 04:45:00+00:00,1.382143134063127,1.3802108913502256,0.0019322427129014243,1,0.4993759039938493
2025-10-24 04:50:00+00:00,1.3820784930320444,1.3802108913502256,0.0018676016818188893,1,0.49939926024567916
2025-10-24 04:55:00+00:00,1.3842011647284054,1.3802108913502256,0.003990273378179761,1,0.49863343176502256
2025-10-24 05:00:00+00:00,1.3840806179407108,1.3802108913502256,0.003869726590485163,1,0.4986768603468965
2025-10-24 05:05:00+00:00,1.3813071316081358,1.3813071316081358,0.0,0,0.0
2025-10-26 22:05:00+00:00,1.3806856366324816,1.3806856366324816,0.0,3,1.500450112525318
2025-10-26 22:10:00+00:00,1.3776330570483,1.3806856366324816,-0.0030525795841816654,3,1.5037748319468969
2025-10-26 22:15:00+00:00,1.374732453584465,1.3806856366324816,-0.005953183048016627,3,1.5069477071307191
2025-10-26 22:20:00+00:00,1.3705222723057504,1.3806856366324816,-0.01016336432673105,3,1.5115769810599122
2025-10-26 22:25:00+00:00,1.3709838541940247,1.3806856366324816,-0.009701782438456815,3,1.5110680643756966
2025-10-26 22:30:00+00:00,1.3705037701185643,1.3806856366324816,-0.01018186651391729,3,1.511597387775209
2025-10-26 22:35:00+00:00,1.3736600471374127,1.3736600471374127,0.0,0,0.0
2025-10-29 17:40:00+00:00,1.3732479800306225,1.3732479800306225,0.0,2,1.000225045008439
2025-10-29 17:45:00+00:00,1.37208423385409,1.3732479800306225,-0.001163746176532586,2,1.0010733953087199
2025-10-29 17:50:00+00:00,1.3714166170242874,1.3732479800306225,-0.0018313630063352074,2,1.0015607260281227
2025-10-29 17:55:00+00:00,1.369496800378046,1.3732479800306225,-0.0037511796525764307,2,1.0029647548316363
2025-10-29 18:00:00+00:00,1.374957633940418,1.3732479800306225,0.0017096539097953961,2,0.9989813422086856
2025-10-29 18:05:00+00:00,1.368413396262931,1.3732479800306225,-0.0048345837676916255,2,1.0037588249172313
2025-10-29 18:10:00+00:00,1.3651057228034935,1.3651057228034935,0.0,0,0.0
2025-10-30 04:40:00+00:00,1.3642868436406559,1.3642868436406559,0.0,4,2.0007502250590763
2025-10-30 04:45:00+00:00,1.3514444754811918,1.3642868436406559,-0.012842368159464067,4,2.019762749399886
2025-10-30 04:50:00+00:00,1.3501352275862848,1.3642868436406559,-0.014151616054371,4,2.0217213458973577
2025-10-30 04:55:00+00:00,1.3526955720926654,1.3642868436406559,-0.0115912715479905,4,2.0178946880386404
2025-10-30 05:00:00+00:00,1.3418674157867863,1.3642868436406559,-0.022419427853869595,4,2.0341780248525643
2025-10-30 05:05:00+00:00,1.3408375358928617,1.3642868436406559,-0.023449307747794253,4,2.0357404505696097
2025-10-30 05:10:00+00:00,1.3433322665348089,1.3433322665348089,0.0,0,0.0
2025-10-31 18:40:00+00:00,1.3429292970798243,1.3429292970798243,0.0,2,1.0002250450084391
2025-10-31 18:45:00+00:00,1.3414376199770035,1.3429292970798243,-0.0014916771028207418,2,1.0013372941172218
2025-10-31 18:50:00+00:00,1.3380491168826605,1.3429292970798243,-0.004880180197163824,2,1.003873101268683
2025-10-31 18:55:00+00:00,1.338046836324685,1.3429292970798243,-0.0048824607551393295,2,1.0038748122632053
2025-10-31 19:00:00+00:00,1.3388708412897241,1.3429292970798243,-0.004058455790100142,2,1.003256979830029
2025-10-31 19:05:00+00:00,1.3338905730301984,1.3429292970798243,-0.009038724049625971,2,1.0070027810177866
2025-10-31 19:10:00+00:00,1.3358274446226013,1.3358274446226013,0.0,0,0.0
2025-11-03 08:55:00+00:00,1.335627070505908,1.335627070505908,0.0,1,0.5000750112516877
2025-11-03 09:00:00+00:00,1.3347485192357313,1.335627070505908,-0.0008785512701764667,1,0.5004041680403915
2025-11-03 09:05:00+00:00,1.3365056217760845,1.335627070505908,0.0008785512701765408,1,0.49974628720506914
2025-11-03 09:10:00+00:00,1.337807179213383,1.335627070505908,0.002180108707475147,1,0.4992600822369836
2025-11-03 09:15:00+00:00,1.3386076370373217,1.335627070505908,0.0029805665314137867,1,0.4989615357264532
2025-11-03 09:20:00+00:00,1.336870057858528,1.335627070505908,0.0012429873526201803,1,0.49961005438419465
2025-11-03 09:25:00+00:00,1.3341706934622215,1.3341706934622215,0.0,0,0.0
2025-11-03 15:40:00+00:00,1.3339705678582021,1.3339705678582021,0.0,1,0.5000750112516877
2025-11-03 15:45:00+00:00,1.3273564071965622,1.3339705678582021,-0.006614160661639914,1,0.5025668638161966
2025-11-03 15:50:00+00:00,1.3209784665585522,1.3339705678582021,-0.012992101299649892,1,0.5049933542588465
2025-11-03 15:55:00+00:00,1.3193642963970806,1.3339705678582021,-0.014606271461121529,1,0.5056111860483015
2025-11-03 16:00:00+00:00,1.323301296790914,1.3339705678582021,-0.010669271067288225,1,0.5041069243632068
2025-11-03 16:05:00+00:00,1.3200335864640322,1.3339705678582021,-0.013936981394169785,1,0.5053548285222266
2025-11-03 16:10:00+00:00,1.3225893611356963,1.3225893611356963,0.0,0,0.0
2025-11-04 08:25:00+00:00,1.322390972731526,1.322390972731526,0.0,1,0.5000750112516877
2025-11-04 08:30:00+00:00,1.3212761754917208,1.322390972731526,-0.001114797239805082,1,0.5004969383647165
2025-11-04 08:35:00+00:00,1.323036781934119,1.322390972731526,0.0006458092025932214,1,0.4998309114287175
2025-11-04 08:40:00+00:00,1.3231907874652578,1.322390972731526,0.0007998147337317571,1,0.4997727363524373
2025-11-04 08:45:00+00:00,1.3227712333022383,1.322390972731526,0.0003802605707124267,1,0.4999312533558475
2025-11-04 08:50:00+00:00,1.3212685702803066,1.322390972731526,-0.001122402451219357,1,0.5004998192211253
2025-11-04 08:55:00+00:00,1.3196942723777754,1.3196942723777754,0.0,0,0.0
2025-11-04 14:45:00+00:00,1.3189026339552603,1.3189026339552603,0.0,4,2.0007502250590767
2025-11-04 14:50:00+00:00,1.3278399128552705,1.3189026339552603,0.0089372789000102,4,1.9872837954108213
2025-11-04 14:55:00+00:00,1.3410409296818577,1.3189026339552603,0.02213829572659732,4,1.967721255415382
2025-11-04 15:00:00+00:00,1.3391601165568234,1.3189026339552603,0.020257482601563157,4,1.9704848651718536
2025-11-04 15:05:00+00:00,1.3465032493615623,1.3189026339552603,0.02760061540630193,4,1.95973885912876
2025-11-04 15:10:00+00:00,1.3325960266766985,1.3189026339552603,0.01369339272143811,4,1.9801910623264936
2025-11-04 15:15:00+00:00,1.3229627322213857,1.3229627322213857,0.0,0,0.0
2025-11-04 17:25:00+00:00,1.3225658731683807,1.3225658731683807,0.0,2,1.000225045008439
2025-11-04 17:30:00+00:00,1.3194048970144872,1.3225658731683807,-0.0031609761538934937,2,1.0026213431599411
2025-11-04 17:35:00+00:00,1.3293131450188498,1.3225658731683807,0.00674727185046912,2,0.995148144719287
2025-11-04 17:40:00+00:00,1.3277418841062898,1.3225658731683807,0.005176010937909148,2,0.9963258114033929
2025-11-04 17:45:00+00:00,1.3235625457268174,1.3225658731683807,0.0009966725584366824,2,0.9994718529074389
2025-11-04 17:50:00+00:00,1.3233841588700581,1.3225658731683807,0.0008182857016773891,2,0.9996065776894038
2025-11-04 17:55:00+00:00,1.3217760479563807,1.3217760479563807,0.0,0,0.0
2025-11-04 20:30:00+00:00,1.3215777815491871,1.3215777815491871,0.0,1,0.5000750112516877
2025-11-04 20:35:00+00:00,1.3182458767038903,1.3215777815491871,-0.003331904845296875,1,0.5013389654065588
2025-11-04 20:40:00+00:00,1.3265647974781565,1.3215777815491871,0.004987015928969324,1,0.4981950563097712
2025-11-04 20:45:00+00:00,1.3299472952386748,1.3215777815491871,0.008369513689487674,1,0.4969279807885817
2025-11-04 20:50:00+00:00,1.3274176494776033,1.3215777815491871,0.005839867928416286,1,0.4978749711805313
2025-11-04 20:55:00+00:00,1.3244977155133952,1.3215777815491871,0.002919933964208143,1,0.49897256615653746
2025-11-04 21:00:00+00:00,1.3264677169014059,1.3264677169014059,0.0,0,0.0
2025-11-04 22:00:00+00:00,1.3262687467438707,1.3262687467438707,0.0,1,0.5000750112516877
2025-11-04 22:05:00+00:00,1.3283118738780233,1.3262687467438707,0.0020431271341524956,1,0.4993058268118791
2025-11-04 22:10:00+00:00,1.330765081563543,1.3262687467438707,0.004496334819672358,1,0.4983853781851985
2025-11-04 22:15:00+00:00,1.3302220555431032,1.3262687467438707,0.003953308799232402,1,0.4985888301031948
2025-11-04 22:20:00+00:00,1.332773153424756,1.3262687467438707,0.006504406680885326,1,0.49763446746089257
2025-11-04 22:25:00+00:00,1.3316705658777725,1.3262687467438707,0.0054018191339017425,1,0.49804649546603996
2025-11-04 22:30:00+00:00,1.3315833757414972,1.3315833757414972,0.0,0,0.0
2025-11-05 01:50:00+00:00,1.3311839306894009,1.3311839306894009,0.0,2,1.000225045008439
2025-11-05 01:55:00+00:00,1.3455154800530886,1.3311839306894009,0.01433154936368776,2,0.9895713031378737
2025-11-05 02:00:00+00:00,1.3499900399162235,1.3311839306894009,0.018806109226822645,2,0.9862913559502592
2025-11-05 02:05:00+00:00,1.3602152478310652,1.3311839306894009,0.029031317141664247,2,0.978877063105591
2025-11-05 02:10:00+00:00,1.362874815837907,1.3311839306894009,0.031690885148505946,2,0.9769668435539396
2025-11-05 02:15:00+00:00,1.3629981715978605,1.3311839306894009,0.031814240908459634,2,0.9768784248825523
2025-11-05 02:20:00+00:00,1.3659198868327238,1.3659198868327238,0.0,0,0.0
2025-11-06 13:20:00+00:00,1.3657149988496988,1.3657149988496988,0.0,1,0.5000750112516877
2025-11-06 13:25:00+00:00,1.3686532851756577,1.3657149988496988,0.002938286325958857,1,0.49900142776386824
2025-11-06 13:30:00+00:00,1.3673757693817625,1.3657149988496988,0.001660770532063761,1,0.49946763626296486
2025-11-06 13:35:00+00:00,1.3668647630642046,1.3657149988496988,0.0011497642145056925,1,0.4996543636733445
2025-11-06 13:40:00+00:00,1.3672906016621695,1.3657149988496988,0.0015756028124707243,1,0.49949874780541187
2025-11-06 13:45:00+00:00,1.3669925146435942,1.3657149988496988,0.0012775157938952476,1,0.4996076687328643
2025-11-06 13:50:00+00:00,1.3671708813987378,1.3671708813987378,0.0,0,0.0
2025-11-07 14:45:00+00:00,1.3665557467815286,1.3665557467815286,0.0,3,1.5004501125253178
2025-11-07 14:50:00+00:00,1.3603171085527415,1.3665557467815286,-0.006238638228787172,3,1.5073314237824758
2025-11-07 14:55:00+00:00,1.3673919948594717,1.3665557467815286,0.0008362480779431983,3,1.4995324908576717
2025-11-07 15:00:00+00:00,1.3716566870067834,1.3665557467815286,0.005100940225254949,3,1.4948702131179301
2025-11-07 15:05:00+00:00,1.3665097607045404,1.3665557467815286,-4.598607698806434e-05,3,1.5005006059915011
2025-11-07 15:10:00+00:00,1.374004856961947,1.3665557467815286,0.00744911018041834,3,1.492315484651341
2025-11-07 15:15:00+00:00,1.3829778015089624,1.3829778015089624,0.0,0,0.0
2025-11-09 14:30:00+00:00,1.382770354838736,1.382770354838736,0.0,1,0.5000750112516877
2025-11-09 14:35:00+00:00,1.3829407667420701,1.382770354838736,0.00017041190333414022,1,0.5000133898601382
2025-11-09 14:40:00+00:00,1.379021292965383,1.382770354838736,-0.0037490618733530805,1,0.5014345349719262
2025-11-09 14:45:00+00:00,1.3779988215453776,1.382770354838736,-0.004771533293358536,1,0.5018065980484661
2025-11-09 14:50:00+00:00,1.3752722310920298,1.382770354838736,-0.007498123746706161,1,0.5028014709534323
2025-11-09 14:55:00+00:00,1.3768485411978713,1.382770354838736,-0.0059218136408646736,1,0.5022258295403206
2025-11-09 15:00:00+00:00,1.3730624445576263,1.3730624445576263,0.0,0,0.0
2025-11-11 01:20:00+00:00,1.3724446591346562,1.3724446591346562,0.0,3,1.5004501125253178
2025-11-11 01:25:00+00:00,1.3659776085138782,1.3724446591346562,-0.006467050620778074,3,1.50755380644473
2025-11-11 01:30:00+00:00,1.3614938081235193,1.3724446591346562,-0.010950851011136837,3,1.5125186254585898
2025-11-11 01:35:00+00:00,1.3564182619465328,1.3724446591346562,-0.016026397188123473,3,1.518178279521379
2025-11-11 01:40:00+00:00,1.3503806377379164,1.3724446591346562,-0.02206402139673972,3,1.5249661359799762
2025-11-11 01:45:00+00:00,1.34833011091501,1.3724446591346562,-0.024114548219646013,3,1.5272852890868727
2025-11-11 01:50:00+00:00,1.3545109127200612,1.3545109127200612,0.0,0,0.0
2025-11-12 17:40:00+00:00,1.3543077360831532,1.3543077360831532,0.0,1,0.5000750112516877
2025-11-12 17:45:00+00:00,1.3509839371843184,1.3543077360831532,-0.003323798898834746,1,0.5013053358513994
2025-11-12 17:50:00+00:00,1.3500469087713491,1.3543077360831532,-0.004260827311804164,1,0.5016532773489977
2025-11-12 17:55:00+00:00,1.3522549170232936,1.3543077360831532,-0.0020528190598595895,1,0.5008341606557932
2025-11-12 18:00:00+00:00,1.350457472583321,1.3543077360831532,-0.003850263499832216,1,0.5015007655624232
2025-11-12 18:05:00+00:00,1.3539344962540878,1.3543077360831532,-0.00037323982906535254,1,0.5002128671909787
2025-11-12 18:10:00+00:00,1.352505521441723,1.352505521441723,0.0,0,0.0
2025-11-14 04:45:00+00:00,1.351694200698845,1.351694200698845,0.0,4,2.0007502250590767
2025-11-14 04:50:00+00:00,1.3441546714119412,1.351694200698845,-0.007539529286903898,4,2.011972679764953
2025-11-14 04:55:00+00:00,1.3575227166620474,1.351694200698845,0.005828515963202344,4,1.9921600154942518
2025-11-14 05:00:00+00:00,1.3626437721674876,1.351694200698845,0.010949571468642406,4,1.984673126973977
2025-11-14 05:05:00+00:00,1.375367246408625,1.351694200698845,0.02367304570977991,4,1.9663129853652035
2025-11-14 05:10:00+00:00,1.3635221382475184,1.351694200698845,0.011827937548673466,4,1.9833946222062266
2025-11-14 05:15:00+00:00,1.357144711285827,1.357144711285827,0.0,0,0.0
2025-11-14 07:00:00+00:00,1.356534087768436,1.356534087768436,0.0,3,1.5004501125253178
2025-11-14 07:05:00+00:00,1.3489073420172737,1.356534087768436,-0.007626745751162336,3,1.5089336837566967
2025-11-14 07:10:00+00:00,1.3460851152514999,1.356534087768436,-0.010448972516936012,3,1.5120973418209789
2025-11-14 07:15:00+00:00,1.352793604891917,1.356534087768436,-0.003740482876519081,3,1.5045988665796515
2025-11-14 07:20:00+00:00,1.3508662529912445,1.356534087768436,-0.005667834777191509,3,1.5067455568821375
2025-11-14 07:25:00+00:00,1.3528109868562246,1.356534087768436,-0.0037231009122113486,3,1.5045795343269937
2025-11-14 07:30:00+00:00,1.358402339216188,1.358402339216188,0.0,0,0.0
2025-11-14 12:50:00+00:00,1.3579948490784757,1.3579948490784757,0.0,2,1.000225045008439
2025-11-14 12:55:00+00:00,1.358910733793578,1.3579948490784757,0.0009158847151021917,2,0.9995509088730739
2025-11-14 13:00:00+00:00,1.3647314976846638,1.3579948490784757,0.006736648606188237,2,0.9952876894430679
2025-11-14 13:05:00+00:00,1.3670114189506144,1.3579948490784757,0.009016569872138695,2,0.9936277343487337
2025-11-14 13:10:00+00:00,1.3629799560145026,1.3579948490784757,0.004985106936026966,2,0.9965667162212426
2025-11-14 13:15:00+00:00,1.358932422487223,1.3579948490784757,0.0009375734087472402,2,0.9995349559433429
2025-11-14 13:20:00+00:00,1.354444184097718,1.354444184097718,0.0,0,0.0
2025-11-14 13:55:00+00:00,1.3542410174701034,1.3542410174701034,0.0,1,0.5000750112516877
2025-11-14 14:00:00+00:00,1.3541997873494338,1.3542410174701034,-4.1230120669577036e-05,1,0.5000902365923282
2025-11-14 14:05:00+00:00,1.3568254950341816,1.3542410174701034,0.002584477564078121,1,0.49912246971140395
2025-11-14 14:10:00+00:00,1.3584399797593487,1.3542410174701034,0.004198962289245294,1,0.49852927044213663
2025-11-14 14:15:00+00:00,1.3571141058788687,1.3542410174701034,0.0028730884087653104,1,0.4990163237676239
2025-11-14 14:20:00+00:00,1.358804540826322,1.3542410174701034,0.00456352335621857,1,0.49839551731040266
2025-11-14 14:25:00+00:00,1.3625920158782536,1.3625920158782536,0.0,0,0.0
2025-11-17 00:30:00+00:00,1.3619789414414707,1.3619789414414707,0.0,3,1.5004501125253178
2025-11-17 00:35:00+00:00,1.3625841042178795,1.3619789414414707,0.0006051627764087806,3,1.499783719490827
2025-11-17 00:40:00+00:00,1.3716963248504166,1.3619789414414707,0.009717383408945833,3,1.4898206103787734
2025-11-17 00:45:00+00:00,1.3650296668878366,1.3619789414414707,0.0030507254463657558,3,1.4970967338769843
2025-11-17 00:50:00+00:00,1.3653032399140386,1.3619789414414707,0.0033242984725679065,3,1.4967967526918304
2025-11-17 00:55:00+00:00,1.3691783201319414,1.3619789414414707,0.007199378690470749,3,1.4925604838280213
2025-11-17 01:00:00+00:00,1.3720963810185267,1.3720963810185267,0.0,0,0.0
2025-11-18 02:25:00+00:00,1.3718905665613739,1.3718905665613739,0.0,1,0.5000750112516877
2025-11-18 02:30:00+00:00,1.3749421982893628,1.3718905665613739,0.0030516317279889764,1,0.49896511385192166
2025-11-18 02:35:00+00:00,1.3787179460206036,1.3718905665613739,0.006827379459229755,1,0.4975986513335854
2025-11-18 02:40:00+00:00,1.3753559788626495,1.3718905665613739,0.0034654123012757207,1,0.49881499848249533
2025-11-18 02:45:00+00:00,1.378304165447317,1.3718905665613739,0.006413598885943163,1,0.49774803538129936
2025-11-18 02:50:00+00:00,1.3764421528675272,1.3718905665613739,0.004551586306153272,1,0.49842137505018025
2025-11-18 02:55:00+00:00,1.373236429254046,1.373236429254046,0.0,0,0.0
2025-11-18 03:40:00+00:00,1.3726185655497058,1.3726185655497058,0.0,3,1.500450112525318
2025-11-18 03:45:00+00:00,1.3740821224686353,1.3726185655497058,0.0014635569189294212,3,1.498851959032316
2025-11-18 03:50:00+00:00,1.3766660424219956,1.3726185655497058,0.004047476872289874,3,1.496038703409868
2025-11-18 03:55:00+00:00,1.3775305212717524,1.3726185655497058,0.0049119557220466,3,1.4950998539270113
2025-11-18 04:00:00+00:00,1.3785918383714877,1.3726185655497058,0.005973272821781788,3,1.4939488424407843
2025-11-18 04:05:00+00:00,1.3720964883958164,1.3726185655497058,-0.0005220771538894632,3,1.5010210277130802
2025-11-18 04:10:00+00:00,1.3653713877358826,1.3653713877358826,0.0,0,0.0
2025-11-18 07:10:00+00:00,1.3651665820277223,1.3651665820277223,0.0,1,0.5000750112516877
2025-11-18 07:15:00+00:00,1.3644675693959554,1.3651665820277223,-0.00069901263176697,1,0.5003311981758304
2025-11-18 07:20:00+00:00,1.3610723651845151,1.3651665820277223,-0.0040942168432071225,1,0.5015792777303155
2025-11-18 07:25:00+00:00,1.3648170757118387,1.3651665820277223,-0.00034950631588352287,1,0.5002030719112137
2025-11-18 07:30:00+00:00,1.3662151009753731,1.3651665820277223,0.0010485189476507203,1,0.49969122240015934
2025-11-18 07:35:00+00:00,1.3664647483438614,1.3651665820277223,0.0012981663161390157,1,0.49959993091321825
2025-11-18 07:40:00+00:00,1.368506768952095,1.368506768952095,0.0,0,0.0
2025-11-18 15:10:00+00:00,1.3680962477128118,1.3680962477128118,0.0,2,1.0002250450084391
2025-11-18 15:15:00+00:00,1.3708684855567714,1.3680962477128118,0.002772237843959617,2,0.9982023406050167
2025-11-18 15:20:00+00:00,1.3773652439330044,1.3680962477128118,0.00926899622019266,2,0.9934940183600156
2025-11-18 15:25:00+00:00,1.3824403455389547,1.3680962477128118,0.01434409782614294,2,0.9898467846082293
2025-11-18 15:30:00+00:00,1.3830606079477836,1.3680962477128118,0.014964360234971741,2,0.9894028671490344
2025-11-18 15:35:00+00:00,1.3788835570002314,1.3680962477128118,0.010787309287419555,2,0.9924000645285772
2025-11-18 15:40:00+00:00,1.384139140348084,1.384139140348084,0.0,0,0.0
2025-11-19 21:25:00+00:00,1.3837239297491104,1.3837239297491104,0.0,2,1.0002250450084391
2025-11-19 21:30:00+00:00,1.3769520303378502,1.3837239297491104,-0.006771899411260248,2,1.0051441876104936
2025-11-19 21:35:00+00:00,1.383398488593364,1.3837239297491104,-0.00032544115574640285,2,1.0004603455363332
2025-11-19 21:40:00+00:00,1.3797437437894562,1.3837239297491104,-0.003980185959654277,2,1.0031104226001526
2025-11-19 21:45:00+00:00,1.381515254129165,1.3837239297491104,-0.0022086756199452455,2,1.0018241389487816
2025-11-19 21:50:00+00:00,1.3812956589826246,1.3837239297491104,-0.002428270766485824,2,1.0019834066024296
2025-11-19 21:55:00+00:00,1.3831492669269108,1.3831492669269108,0.0,0,0.0
2025-11-21 07:40:00+00:00,1.382319564073234,1.382319564073234,0.0,4,2.0007502250590767
2025-11-21 07:45:00+00:00,1.3987771030289264,1.382319564073234,0.016457538955692505,4,1.977210073666679
2025-11-21 07:50:00+00:00,1.3809438180506932,1.382319564073234,-0.0013757460225407158,4,2.002743444571879
2025-11-21 07:55:00+00:00,1.3791954136393632,1.382319564073234,-0.0031241504338707722,4,2.005282320092072
2025-11-21 08:00:00+00:00,1.3856308225143124,1.382319564073234,0.003311258441078457,4,1.9959690084726882
2025-11-21 08:05:00+00:00,1.3762246644449474,1.382319564073234,-0.006094899628286534,4,2.0096109671443267
2025-11-21 08:10:00+00:00,1.399497280086095,1.399497280086095,0.0,0,0.0
2025-11-21 12:35:00+00:00,1.3988676007713994,1.3988676007713994,0.0,3,1.5004501125253178
2025-11-21 12:40:00+00:00,1.4308357611662654,1.3988676007713994,0.031968160394866135,3,1.4669266074777456
2025-11-21 12:45:00+00:00,1.4345150378836733,1.3988676007713994,0.03564743711227393,3,1.4631642008312447
2025-11-21 12:50:00+00:00,1.4363666955168937,1.3988676007713994,0.037499094745494226,3,1.4612779978375523
2025-11-21 12:55:00+00:00,1.446906549762613,1.3988676007713994,0.04803894899121374,3,1.450633456134281
2025-11-21 13:00:00+00:00,1.436126531272728,1.3988676007713994,0.03725893050132873,3,1.4615223681755583
2025-11-21 13:05:00+00:00,1.4316936938090743,1.4316936938090743,0.0,0,0.0
2025-11-21 14:35:00+00:00,1.4310495282813527,1.4310495282813527,0.0,3,1.500450112525318
2025-11-21 14:40:00+00:00,1.427335282507203,1.4310495282813527,-0.0037142457741496317,3,1.5043546194467612
2025-11-21 14:45:00+00:00,1.4290148974208177,1.4310495282813527,-0.0020346308605349896,3,1.502586452817604
2025-11-21 14:50:00+00:00,1.4228979108666582,1.4310495282813527,-0.008151617414694546,3,1.5090460175257632
2025-11-21 14:55:00+00:00,1.441410002054719,1.4310495282813527,0.010360473773366137,3,1.4896652740568022
2025-11-21 15:00:00+00:00,1.4321586012439578,1.4310495282813527,0.0011090729626050968,3,1.499288154170919
2025-11-21 15:05:00+00:00,1.422181580947083,1.422181580947083,0.0,0,0.0
2025-11-24 05:10:00+00:00,1.421968253709941,1.421968253709941,0.0,1,0.5000750112516877
2025-11-24 05:15:00+00:00,1.4235303234647463,1.421968253709941,0.0015620697548053236,1,0.49952626842736286
2025-11-24 05:20:00+00:00,1.4224138520552103,1.421968253709941,0.000445598345269331,1,0.49991835318961786
2025-11-24 05:25:00+00:00,1.4237333182664802,1.421968253709941,0.0017650645565391405,1,0.49945504635612287
2025-11-24 05:30:00+00:00,1.4230327386458623,1.421968253709941,0.0010644849359212848,1,0.4997009353068049
2025-11-24 05:35:00+00:00,1.4193936854928293,1.421968253709941,-0.002574568217111743,1,0.500982072656356
2025-11-24 05:40:00+00:00,1.4214702386410991,1.4214702386410991,0.0,0,0.0
2025-11-24 14:35:00+00:00,1.4210438295525871,1.4210438295525871,0.0,2,1.000225045008439
2025-11-24 14:40:00+00:00,1.4145377906372762,1.4210438295525871,-0.006506038915310848,2,1.0048254898392284
2025-11-24 14:45:00+00:00,1.4022962188945798,1.4210438295525871,-0.018747610658007334,2,1.0135972765395116
2025-11-24 14:50:00+00:00,1.4009938330587726,1.4210438295525871,-0.020049996493814625,2,1.0145395324617206
2025-11-24 14:55:00+00:00,1.4060612330114388,1.4210438295525871,-0.014982596541148387,2,1.010883164262333
2025-11-24 15:00:00+00:00,1.4172640280612268,1.4210438295525871,-0.003779801491360329,2,1.002892615794096
2025-11-24 15:05:00+00:00,1.4183841077585326,1.4183841077585326,0.0,0,0.0
2025-11-26 17:30:00+00:00,1.418171350142369,1.418171350142369,0.0,1,0.5000750112516877
2025-11-26 17:35:00+00:00,1.4208377955559517,1.418171350142369,0.002666445413582762,1,0.49913653486517123
2025-11-26 17:40:00+00:00,1.4215244132524865,1.418171350142369,0.0033530631101174302,1,0.4988954444029671
2025-11-26 17:45:00+00:00,1.4249919126453598,1.418171350142369,0.006820562502990848,1,0.49768145881103265
2025-11-26 17:50:00+00:00,1.4270037505114304,1.418171350142369,0.008832400369061369,1,0.49697981075739694
2025-11-26 17:55:00+00:00,1.42613227420429,1.418171350142369,0.007960924061920996,1,0.497283503576104
2025-11-26 18:00:00+00:00,1.4273343651749253,1.4273343651749253,0.0,0,0.0
2025-11-28 08:55:00+00:00,1.427120265020149,1.427120265020149,0.0,1,0.5000750112516877
2025-11-28 09:00:00+00:00,1.4279085048181859,1.427120265020149,0.0007882397980366967,1,0.49979895783191874
2025-11-28 09:05:00+00:00,1.4263809987006888,1.427120265020149,-0.0007392663194604138,1,0.5003341906808577
2025-11-28 09:10:00+00:00,1.4280134479865634,1.427120265020149,0.0008931829664143099,1,0.4997622281454718
2025-11-28 09:15:00+00:00,1.4272998344415952,1.427120265020149,0.00017956942144615939,1,0.5000120965239737
2025-11-28 09:20:00+00:00,1.4268567410640007,1.427120265020149,-0.0002635239561483926,1,0.500167369329092
2025-11-28 09:25:00+00:00,1.4261085967857026,1.4261085967857026,0.0,0,0.0
2025-12-01 01:05:00+00:00,1.4258946804961847,1.4258946804961847,0.0,1,0.5000750112516877
2025-12-01 01:10:00+00:00,1.427541790502593,1.4258946804961847,0.0016471100064084322,1,0.4994980203989734
2025-12-01 01:15:00+00:00,1.426582391375149,1.4258946804961847,0.0006877108789643332,1,0.4998339406849857
2025-12-01 01:20:00+00:00,1.4281700695772026,1.4258946804961847,0.002275389081017782,1,0.4992782817552988
2025-12-01 01:25:00+00:00,1.4272785925118785,1.4258946804961847,0.001383912015693664,1,0.4995901305700533
2025-12-01 01:30:00+00:00,1.42552959941229,1.4258946804961847,-0.00036508108389473985,1,0.5002030814981503
2025-12-01 01:35:00+00:00,1.4252222902873573,1.4252222902873573,0.0,0,0.0
2025-12-01 12:55:00+00:00,1.4245810364544222,1.4245810364544222,0.0,3,1.500450112525318
2025-12-01 13:00:00+00:00,1.423924795849245,1.4245810364544222,-0.0006562406051773891,3,1.5011416211588864
2025-12-01 13:05:00+00:00,1.433166066544802,1.4245810364544222,0.00858503009037984,3,1.4914620338470395
2025-12-01 13:10:00+00:00,1.4346348264242943,1.4245810364544222,0.010053789969872075,3,1.4899350950353278
2025-12-01 13:15:00+00:00,1.4328903387128817,1.4245810364544222,0.00830930225845943,3,1.4917490324971618
2025-12-01 13:20:00+00:00,1.4300393073210909,1.4245810364544222,0.005458270866668566,3,1.494723092929312
2025-12-01 13:25:00+00:00,1.4283130810575304,1.4283130810575304,0.0,0,0.0
2025-12-01 15:50:00+00:00,1.4280988340953717,1.4280988340953717,0.0,1,0.5000750112516877
2025-12-01 15:55:00+00:00,1.4333842014615246,1.4280988340953717,0.005285367366152817,1,0.4982310672885806
2025-12-01 16:00:00+00:00,1.4323501078464078,1.4280988340953717,0.004251273751035979,1,0.4985907681485265
2025-12-01 16:05:00+00:00,1.4304542695520268,1.4280988340953717,0.002355435456655003,1,0.4992515704486076
2025-12-01 16:10:00+00:00,1.4275817872878134,1.4280988340953717,-0.0005170468075584192,1,0.5002561302533518
2025-12-01 16:15:00+00:00,1.4276966865783818,1.4280988340953717,-0.0004021475169899521,1,0.5002158702492424
2025-12-01 16:20:00+00:00,1.4268504935180961,1.4268504935180961,0.0,0,0.0
2025-12-02 03:45:00+00:00,1.4266364659440685,1.4266364659440685,0.0,1,0.5000750112516877
2025-12-02 03:50:00+00:00,1.4252585729171459,1.4266364659440685,-0.00137789302692253,1,0.5005584672954088
2025-12-02 03:55:00+00:00,1.4255531909020567,1.4266364659440685,-0.001083275042011704,1,0.5004550172607795
2025-12-02 04:00:00+00:00,1.426662727157208,1.4266364659440685,2.626121313964791e-05,1,0.500065806149314
2025-12-02 04:05:00+00:00,1.426882664817253,1.4266364659440685,0.0002461988731844566,1,0.49998872671875894
2025-12-02 04:10:00+00:00,1.4272396531833704,1.4266364659440685,0.0006031872393019662,1,0.49986366702172047
2025-12-02 04:15:00+00:00,1.427350608121946,1.427350608121946,0.0,0,0.0
2025-12-03 02:15:00+00:00,1.4271365055307277,1.4271365055307277,0.0,1,0.5000750112516877
2025-12-03 02:20:00+00:00,1.424859569269673,1.4271365055307277,-0.002276936261054557,1,0.5008741348642343
2025-12-03 02:25:00+00:00,1.4261914949095074,1.4271365055307277,-0.0009450106212203563,1,0.5004063666122592
2025-12-03 02:30:00+00:00,1.426381435009554,1.4271365055307277,-0.0007550705211735629,1,0.5003397313960363
2025-12-03 02:35:00+00:00,1.4254270446303066,1.4271365055307277,-0.0017094609004210614,1,0.5006747323543795
2025-12-03 02:40:00+00:00,1.4245500372547821,1.4271365055307277,-0.002586468275945648,1,0.5009829668294983
2025-12-03 02:45:00+00:00,1.4234941013806404,1.4234941013806404,0.0,0,0.0
2025-12-03 14:10:00+00:00,1.4232805772654333,1.4232805772654333,0.0,1,0.5000750112516877
2025-12-03 14:15:00+00:00,1.4235191943536358,1.4232805772654333,0.00023861708820246022,1,0.4999911862891997
2025-12-03 14:20:00+00:00,1.4246725102799476,1.4232805772654333,0.001391933014514325,1,0.49958642814723936
2025-12-03 14:25:00+00:00,1.4241475526859022,1.4232805772654333,0.0008669754204689125,1,0.4997705816001897
2025-12-03 14:30:00+00:00,1.4262314752562038,1.4232805772654333,0.002950897990770451,1,0.49904034726373164
2025-12-03 14:35:00+00:00,1.4220477223097205,1.4232805772654333,-0.0012328549557128166,1,0.5005085550394085
2025-12-03 14:40:00+00:00,1.424689649350003,1.424689649350003,0.0,0,0.0
2025-12-03 22:00:00+00:00,1.4244759459026004,1.4244759459026004,0.0,1,0.5000750112516877
2025-12-03 22:05:00+00:00,1.4171296603267152,1.4244759459026004,-0.007346285575885171,1,0.5026673596760175
2025-12-03 22:10:00+00:00,1.4188927688649278,1.4244759459026004,-0.0055831770376726705,1,0.5020427479131184
2025-12-03 22:15:00+00:00,1.4203130507429322,1.4244759459026004,-0.004162895159668232,1,0.5015407161839361
2025-12-03 22:20:00+00:00,1.4187948183905825,1.4244759459026004,-0.00568112751201791,1,0.5020774078404471
2025-12-03 22:25:00+00:00,1.4177663384099588,1.4244759459026004,-0.006709607492641705,1,0.5024416262230519
2025-12-03 22:30:00+00:00,1.4151038731039278,1.4151038731039278,0.0,0,0.0
2025-12-04 15:40:00+00:00,1.4148916075229623,1.4148916075229623,0.0,1,0.5000750112516877
2025-12-04 15:45:00+00:00,1.4112084873646198,1.4148916075229623,-0.0036831201583423963,1,0.5013801595491332
2025-12-04 15:50:00+00:00,1.408654857388169,1.4148916075229623,-0.006236750134793203,1,0.502289068781446
2025-12-04 15:55:00+00:00,1.4103736467953956,1.4148916075229623,-0.004517960727566751,1,0.5016769408302828
2025-12-04 16:00:00+00:00,1.4102754302578397,1.4148916075229623,-0.004616177265122627,1,0.5017118793756498
2025-12-04 16:05:00+00:00,1.4073780423999438,1.4148916075229623,-0.0075135651230184885,1,0.5027447602816119
2025-12-04 16:10:00+00:00,1.4078041843130908,1.4078041843130908,0.0,0,0.0
2025-12-05 07:10:00+00:00,1.407593013685444,1.407593013685444,0.0,1,0.5000750112516877
2025-12-05 07:15:00+00:00,1.404639648343584,1.407593013685444,-0.0029533653418600428,1,0.5011264582959902
2025-12-05 07:20:00+00:00,1.4047397624229692,1.407593013685444,-0.002853251262474906,1,0.5010907436281422
2025-12-05 07:25:00+00:00,1.4054405609786647,1.407593013685444,-0.0021524527067794193,1,0.5008408834212029
2025-12-05 07:30:00+00:00,1.405590732097742,1.407593013685444,-0.002002281587701793,1,0.5007873743632492
2025-12-05 07:35:00+00:00,1.404639648343584,1.407593013685444,-0.0029533653418600428,1,0.5011264582959902
2025-12-05 07:40:00+00:00,1.403227108763316,1.403227108763316,0.0,0,0.0
2025-12-05 15:05:00+00:00,1.4023853619147748,1.4023853619147748,0.0,4,2.0007502250590767
2025-12-05 15:10:00+00:00,1.3922189045846596,1.4023853619147748,-0.010166457330115194,4,2.0153603856626274
2025-12-05 15:15:00+00:00,1.3940049294889314,1.4023853619147748,-0.008380432425843387,4,2.012778268653044
2025-12-05 15:20:00+00:00,1.3898117384473094,1.4023853619147748,-0.012573623467465427,4,2.0188510075509876
2025-12-05 15:25:00+00:00,1.3949968251201714,1.4023853619147748,-0.007388536794603316,4,2.0113471069934756
2025-12-05 15:30:00+00:00,1.3953933061285073,1.4023853619147748,-0.006992055786267436,4,2.0107756115408373
2025-12-05 15:35:00+00:00,1.3978900774230103,1.3978900774230103,0.0,0,0.0
2025-12-07 15:10:00+00:00,1.3974707418523102,1.3974707418523102,0.0,2,1.000225045008439
2025-12-07 15:15:00+00:00,1.397501055569302,1.3974707418523102,3.031371699162565e-05,2,1.0002033487536695
2025-12-07 15:20:00+00:00,1.394127977774319,1.3974707418523102,-0.003342764077991261,2,1.0026233301039718
2025-12-07 15:25:00+00:00,1.3952984845220535,1.3974707418523102,-0.0021722573302568097,2,1.0017822359679562
2025-12-07 15:30:00+00:00,1.3944726085108516,1.3974707418523102,-0.002998133341458519,2,1.0023755412161803
2025-12-07 15:35:00+00:00,1.3993973262894792,1.3974707418523102,0.0019265844371690155,2,0.9988480107886514
2025-12-07 15:40:00+00:00,1.3987238519900411,1.3987238519900411,0.0,0,0.0
2025-12-08 01:30:00+00:00,1.3985140434122427,1.3985140434122427,0.0,1,0.5000750112516877
2025-12-08 01:35:00+00:00,1.400824109906648,1.3985140434122427,0.0023100664944053113,1,0.49925034916883787
2025-12-08 01:40:00+00:00,1.4046306487447462,1.3985140434122427,0.006116605332503494,1,0.497897384355103
2025-12-08 01:45:00+00:00,1.4013018992693935,1.3985140434122427,0.002787855857150712,1,0.4990801242470675
2025-12-08 01:50:00+00:00,1.400335051926857,1.3985140434122427,0.0018210085146141766,1,0.49942470913136155
2025-12-08 01:55:00+00:00,1.3999068444791136,1.3985140434122427,0.0013928010668708447,1,0.49957747456777646
2025-12-08 02:00:00+00:00,1.3969474933421202,1.3969474933421202,0.0,0,0.0
2025-12-09 15:05:00+00:00,1.3967379512181188,1.3967379512181188,0.0,1,0.5000750112516877
2025-12-09 15:10:00+00:00,1.394110831649339,1.3967379512181188,-0.0026271195687799322,1,0.5010173730912861
2025-12-09 15:15:00+00:00,1.3923683090250383,1.3967379512181188,-0.004369642193080605,1,0.5016443868649554
2025-12-09 15:20:00+00:00,1.3953843845367424,1.3967379512181188,-0.001353566681376462,1,0.5005600997197259
2025-12-09 15:25:00+00:00,1.39457535617546,1.3967379512181188,-0.0021625950426589205,1,0.5008504872670222
2025-12-09 15:30:00+00:00,1.399385074235392,1.3967379512181188,0.002647123017273064,1,0.49912905284680004
2025-12-09 15:35:00+00:00,1.3972840949260845,1.3972840949260845,0.0,0,0.0
2025-12-10 18:40:00+00:00,1.3970745023118456,1.3970745023118456,0.0,1,0.5000750112516877
2025-12-10 18:45:00+00:00,1.390185723848122,1.3970745023118456,-0.0068887784637236965,1,0.5025530297701208
2025-12-10 18:50:00+00:00,1.3925329660067205,1.3970745023118456,-0.004541536305125097,1,0.5017059305005139
2025-12-10 18:55:00+00:00,1.3895005167540393,1.3970745023118456,-0.007573985557806387,1,0.5028008547237637
2025-12-10 19:00:00+00:00,1.3877181625866934,1.3970745023118456,-0.009356339725152209,1,0.5034466408948487
2025-12-10 19:05:00+00:00,1.3838434796142023,1.3970745023118456,-0.013231022697643284,1,0.5048562628324228
2025-12-10 19:10:00+00:00,1.38807957588419,1.38807957588419,0.0,0,0.0
2025-12-11 18:45:00+00:00,1.3876631832432151,1.3876631832432151,0.0,2,1.000225045008439
2025-12-11 18:50:00+00:00,1.3821100061015579,1.3876631832432151,-0.005553177141657222,2,1.0042438472976438
2025-12-11 18:55:00+00:00,1.3765803541237793,1.3876631832432151,-0.011082829119435787,2,1.0082778428139578
2025-12-11 19:00:00+00:00,1.3781069901187744,1.3876631832432151,-0.009556193124440848,2,1.0071608952483244
2025-12-11 19:05:00+00:00,1.3790311199388547,1.3876631832432151,-0.008632063304360296,2,1.0064859667398516
2025-12-11 19:10:00+00:00,1.3764587365389434,1.3876631832432151,-0.011204446704271866,2,1.0083669296226152
2025-12-11 19:15:00+00:00,1.3778839968605154,1.3778839968605154,0.0,0,0.0
2025-12-15 15:10:00+00:00,1.3776773142609864,1.3776773142609864,0.0,1,0.5000750112516877
2025-12-15 15:15:00+00:00,1.3750661941744509,1.3776773142609864,-0.0026111200865355424,1,0.5010246061964153
2025-12-15 15:20:00+00:00,1.3697602352464389,1.3776773142609864,-0.007917079014547591,1,0.5029653954776308
2025-12-15 15:25:00+00:00,1.3656263388875995,1.3776773142609864,-0.012050975373386836,1,0.504487925292544
2025-12-15 15:30:00+00:00,1.3675518702512406,1.3776773142609864,-0.010125444009745743,1,0.5037775995317006
2025-12-15 15:35:00+00:00,1.3689977157757607,1.3776773142609864,-0.008679598485225665,1,0.5032455426997259
2025-12-15 15:40:00+00:00,1.3650689425849398,1.3650689425849398,0.0,0,0.0
2025-12-15 19:05:00+00:00,1.364864182243552,1.364864182243552,0.0,1,0.5000750112516877
2025-12-15 19:10:00+00:00,1.3606620196594044,1.364864182243552,-0.004202162584147847,1,0.5016194039599337
2025-12-15 19:15:00+00:00,1.3580411426115842,1.364864182243552,-0.006823039631967931,1,0.5025874768270425
2025-12-15 19:20:00+00:00,1.361427306537044,1.364864182243552,-0.003436875706508145,1,0.5013374331594533
2025-12-15 19:25:00+00:00,1.36296018537328,1.364864182243552,-0.0019039968702721942,1,0.5007735945753552
2025-12-15 19:30:00+00:00,1.36102622245057,1.364864182243552,-0.0038379597929820036,1,0.5014851734917681
2025-12-15 19:35:00+00:00,1.3622805783548024,1.3622805783548024,0.0,0,0.0
2025-12-17 14:55:00+00:00,1.3616676440438842,1.3616676440438842,0.0,3,1.5004501125253178
2025-12-17 15:00:00+00:00,1.379199969156744,1.3616676440438842,0.017532325112859765,3,1.4813764612951013
2025-12-17 15:05:00+00:00,1.380977091400107,1.3616676440438842,0.019309447356222767,3,1.4794701392593803
2025-12-17 15:10:00+00:00,1.3853446510419418,1.3616676440438842,0.023677006998057543,3,1.4748058313078038
2025-12-17 15:15:00+00:00,1.3933974937648095,1.3616676440438842,0.03172984972092522,3,1.4662825065139569
2025-12-17 15:20:00+00:00,1.3855516392666254,1.3616676440438842,0.023883995222741285,3,1.4745855093565143
2025-12-17 15:25:00+00:00,1.3802627942447707,1.3802627942447707,0.0,0,0.0
2025-12-17 20:20:00+00:00,1.380055754825634,1.380055754825634,0.0,1,0.5000750112516877
2025-12-17 20:25:00+00:00,1.3810641455349615,1.380055754825634,0.001008390709327346,1,0.4997098790476961
2025-12-17 20:30:00+00:00,1.3820165145382148,1.380055754825634,0.0019607597125808826,1,0.49936552122387984
2025-12-17 20:35:00+00:00,1.379663602883118,1.380055754825634,-0.00039215194251613055,1,0.5002171512535377
2025-12-17 20:40:00+00:00,1.3786552121737905,1.380055754825634,-0.0014005426518434766,1,0.500583025420999
2025-12-17 20:45:00+00:00,1.3802238199438552,1.380055754825634,0.00016806511822127542,1,0.5000141188336096
2025-12-17 20:50:00+00:00,1.3796806502882761,1.3796806502882761,0.0,0,0.0
2025-12-19 03:05:00+00:00,1.3792667771360043,1.3792667771360043,0.0,2,1.000225045008439
2025-12-19 03:10:00+00:00,1.377146833329614,1.3792667771360043,-0.0021199438063903195,2,1.001764765274894
2025-12-19 03:15:00+00:00,1.3810393798888563,1.3792667771360043,0.001772602752851906,2,0.9989412281281439
2025-12-19 03:20:00+00:00,1.3776559244969553,1.3792667771360043,-0.001610852639048942,2,1.0013945787974967
2025-12-19 03:25:00+00:00,1.383655334377002,1.3792667771360043,0.004388557240997602,2,0.9970526184981365
2025-12-19 03:30:00+00:00,1.3932773996559156,1.3792667771360043,0.014010622519911186,2,0.9901669075951461
2025-12-19 03:35:00+00:00,1.3929043491851119,1.3929043491851119,0.0,0,0.0
2025-12-19 14:45:00+00:00,1.3920687945988843,1.3920687945988843,0.0,4,2.0007502250590767
2025-12-19 14:50:00+00:00,1.3760147134057477,1.3920687945988843,-0.016054081193136623,4,2.0240931488282454
2025-12-19 14:55:00+00:00,1.3699316284354845,1.3920687945988843,-0.022137166163399728,4,2.033080991985142
2025-12-19 15:00:00+00:00,1.379161045796611,1.3920687945988843,-0.012907748802273234,4,2.019475508375238
2025-12-19 15:05:00+00:00,1.377383706678004,1.3920687945988843,-0.014685087920880368,4,2.0220813855920965
2025-12-19 15:10:00+00:00,1.3820766759617251,1.3920687945988843,-0.009992118637159222,4,2.0152152210754535
2025-12-19 15:15:00+00:00,1.3910735899789874,1.3910735899789874,0.0,0,0.0
2025-12-22 00:15:00+00:00,1.3904477007562694,1.3904477007562694,0.0,3,1.5004501125253176
2025-12-22 00:20:00+00:00,1.381543572229693,1.3904477007562694,-0.008904128526576526,3,1.5101206006070502
2025-12-22 00:25:00+00:00,1.3766809774767725,1.3904477007562694,-0.013766723279496827,3,1.5154545193790288
2025-12-22 00:30:00+00:00,1.380656968750204,1.3904477007562694,-0.00979073200606542,3,1.5110903405274292
2025-12-22 00:35:00+00:00,1.3766273500992365,1.3904477007562694,-0.013820350657032895,3,1.5155135548555818
2025-12-22 00:40:00+00:00,1.3824498428146246,1.3904477007562694,-0.007997857941644895,3,1.5091306349405613
2025-12-22 00:45:00+00:00,1.3799540288468992,1.3799540288468992,0.0,0,0.0
2025-12-26 02:15:00+00:00,1.379333142676158,1.379333142676158,0.0,3,1.5004501125253178
2025-12-26 02:20:00+00:00,1.3915621680263583,1.379333142676158,0.012229025350200418,3,1.4872641817172048
2025-12-26 02:25:00+00:00,1.3994843117897058,1.379333142676158,0.02015116911354791,3,1.4788451372431919
2025-12-26 02:30:00+00:00,1.3968419805123486,1.379333142676158,0.017508837836190682,3,1.481642589506956
2025-12-26 02:35:00+00:00,1.399310613476462,1.379333142676158,0.019977470800303987,3,1.4790287082841131
2025-12-26 02:40:00+00:00,1.3974684436046123,1.379333142676158,0.01813530092845449,3,1.48097839247088
2025-12-26 02:45:00+00:00,1.3992935495570102,1.3992935495570102,0.0,0,0.0
2025-12-26 09:50:00+00:00,1.3990836555245767,1.3990836555245767,0.0,1,0.5000750112516877
2025-12-26 09:55:00+00:00,1.3972224428226265,1.3990836555245767,-0.0018612127019500577,1,0.5007411513982697
2025-12-26 10:00:00+00:00,1.3968276401282735,1.3990836555245767,-0.0022560153963031024,1,0.5008826820711073
2025-12-26 10:05:00+00:00,1.3966020385886433,1.3990836555245767,-0.002481616935933436,1,0.5009635926677749
2025-12-26 10:10:00+00:00,1.396771239743366,1.3990836555245767,-0.0023124157812106473,1,0.5009029072699506
2025-12-26 10:15:00+00:00,1.397166042437719,1.3990836555245767,-0.00191761308685768,1,0.5007613651687308
2025-12-26 10:20:00+00:00,1.3956025391675035,1.3956025391675035,0.0,0,0.0
2025-12-26 13:50:00+00:00,1.3953931987866284,1.3953931987866284,0.0,1,0.5000750112516877
2025-12-26 13:55:00+00:00,1.3949463557419897,1.3953931987866284,-0.00044684304463867794,1,0.5002352002364868
2025-12-26 14:00:00+00:00,1.3950022111225695,1.3953931987866284,-0.0003909876640587851,1,0.5002151710012169
2025-12-26 14:05:00+00:00,1.3943319465556117,1.3953931987866284,-0.0010612522310167246,1,0.500455627734497
2025-12-26 14:10:00+00:00,1.3929914174216957,1.3953931987866284,-0.002401781364932526,1,0.5009372354033024
2025-12-26 14:15:00+00:00,1.3936616819886538,1.3953931987866284,-0.0017315167979745866,1,0.500696315757236
2025-12-26 14:20:00+00:00,1.3942343169358962,1.3942343169358962,0.0,0,0.0
2025-12-29 03:40:00+00:00,1.3940251817883558,1.3940251817883558,0.0,1,0.5000750112516877
2025-12-29 03:45:00+00:00,1.3954100578398803,1.3940251817883558,0.0013848760515245322,1,0.49957871132668913
2025-12-29 03:50:00+00:00,1.3959805715621032,1.3940251817883558,0.0019553897737474156,1,0.49937454193067565
2025-12-29 03:55:00+00:00,1.39591385826394,1.3940251817883558,0.001888676475584239,1,0.4993984079611715
2025-12-29 04:00:00+00:00,1.3967765302229462,1.3940251817883558,0.0027513484345904064,1,0.4990899713619027
2025-12-29 04:05:00+00:00,1.396288833008788,1.3940251817883558,0.0022636512204321025,1,0.49926429402559047
2025-12-29 04:10:00+00:00,1.3966640143348144,1.3966640143348144,0.0,0,0.0
2025-12-29 12:25:00+00:00,1.3962450465554543,1.3962450465554543,0.0,2,1.000225045008439
2025-12-29 12:30:00+00:00,1.3961543826088112,1.3962450465554543,-9.066394664315476e-05,2,1.000289997961523
2025-12-29 12:35:00+00:00,1.3975826639458941,1.3962450465554543,0.0013376173904397508,2,0.9992677360427
2025-12-29 12:40:00+00:00,1.3983197075834597,1.3962450465554543,0.002074661028005342,2,0.998741029651393
2025-12-29 12:45:00+00:00,1.3959657745932978,1.3962450465554543,-0.0002792719621565675,2,1.0004251464837053
2025-12-29 12:50:00+00:00,1.3958993367804466,1.3962450465554543,-0.00034570977500763417,2,1.000472761707026
2025-12-29 12:55:00+00:00,1.396660689889213,1.396660689889213,0.0,0,0.0
2025-12-29 14:35:00+00:00,1.3964511907857298,1.3964511907857298,0.0,1,0.5000750112516877
2025-12-29 14:40:00+00:00,1.3951552735730683,1.3964511907857298,-0.0012959172126614975,1,0.5005395156885618
2025-12-29 14:45:00+00:00,1.3963385023324548,1.3964511907857298,-0.00011268845327487911,1,0.5001153687147565
2025-12-29 14:50:00+00:00,1.3961694696525424,1.3964511907857298,-0.0002817211331872753,1,0.5001759171244422
2025-12-29 14:55:00+00:00,1.3944227986267814,1.3964511907857298,-0.002028392158948367,1,0.5008024435862048
2025-12-29 15:00:00+00:00,1.3932959140940322,1.3964511907857298,-0.0031552766916974682,1,0.5012074878570819
2025-12-29 15:05:00+00:00,1.3929173823106367,1.3929173823106367,0.0,0,0.0
2025-12-29 19:10:00+00:00,1.39270844470329,1.39270844470329,0.0,1,0.5000750112516877
2025-12-29 19:15:00+00:00,1.3916156537139515,1.39270844470329,-0.0010927909893385752,1,0.5004677040651314
2025-12-29 19:20:00+00:00,1.3918645540477488,1.39270844470329,-0.0008438906555412999,1,0.5003782078722481
2025-12-29 19:25:00+00:00,1.3917507710380128,1.39270844470329,-0.0009576736652771508,1,0.5004191164455952
2025-12-29 19:30:00+00:00,1.3918266263778367,1.39270844470329,-0.0008818183254532502,1,0.5003918433201837
2025-12-29 19:35:00+00:00,1.392175086845153,1.39270844470329,-0.0005333578581370184,1,0.5002665955857484
2025-12-29 19:40:00+00:00,1.3906149759971926,1.3906149759971926,0.0,0,0.0
2025-12-30 08:05:00+00:00,1.3901978227932303,1.3901978227932303,0.0,2,1.0002250450084391
2025-12-30 08:10:00+00:00,1.3926862988783055,1.3901978227932303,0.0024884760850751855,2,0.998437825513136
2025-12-30 08:15:00+00:00,1.3927690074909223,1.3901978227932303,0.002571184697691928,2,0.998378533981742
2025-12-30 08:20:00+00:00,1.3936713376393426,1.3901978227932303,0.0034735148461121634,2,0.9977321354899187
2025-12-30 08:25:00+00:00,1.3895614549948496,1.3901978227932303,-0.0006363677983806192,2,1.000683111118066
2025-12-30 08:30:00+00:00,1.3888981630502484,1.3901978227932303,-0.0012996597429820271,2,1.0011610043606098
2025-12-30 08:35:00+00:00,1.388161889318649,1.388161889318649,0.0,0,0.0
2025-12-30 14:55:00+00:00,1.387953665035251,1.387953665035251,0.0,1,0.5000750112516877
2025-12-30 15:00:00+00:00,1.3866040788186245,1.387953665035251,-0.0013495862166266704,1,0.5005617358710468
2025-12-30 15:05:00+00:00,1.3838245738724764,1.387953665035251,-0.004129091162774645,1,0.5015671478625484
2025-12-30 15:10:00+00:00,1.3841860701805015,1.387953665035251,-0.003767594854749564,1,0.5014361577622396
2025-12-30 15:15:00+00:00,1.3845154334833687,1.387953665035251,-0.0034382315518823674,1,0.5013168707791527
2025-12-30 15:20:00+00:00,1.3855758226535753,1.387953665035251,-0.0023778423816757308,1,0.5009332100859414
2025-12-30 15:25:00+00:00,1.3852872658572832,1.3852872658572832,0.0,0,0.0
2025-12-30 16:20:00+00:00,1.3850794727674047,1.3850794727674047,0.0,1,0.5000750112516877
2025-12-30 16:25:00+00:00,1.3876637587678529,1.3850794727674047,0.002584286000448189,1,0.4991437072217409
2025-12-30 16:30:00+00:00,1.3860691993207679,1.3850794727674047,0.0009897265533631101,1,0.4997179313039104
2025-12-30 16:35:00+00:00,1.3837048525544002,1.3850794727674047,-0.001374620213004405,1,0.5005718030474352
2025-12-30 16:40:00+00:00,1.3836498677458802,1.3850794727674047,-0.001429605021524535,1,0.5005916952509346
2025-12-30 16:45:00+00:00,1.3830450348521581,1.3850794727674047,-0.002034437915246504,1,0.5008106138804673
2025-12-30 16:50:00+00:00,1.3817925304003964,1.3817925304003964,0.0,0,0.0
2025-12-31 14:10:00+00:00,1.3815852615208364,1.3815852615208364,0.0,1,0.5000750112516877
2025-12-31 14:15:00+00:00,1.3811294133832586,1.3815852615208364,-0.00045584813757773487,1,0.5002400633172794
2025-12-31 14:20:00+00:00,1.3801054730943276,1.3815852615208364,-0.0014797884265088206,1,0.5006112059327923
2025-12-31 14:25:00+00:00,1.3801008917060102,1.3815852615208364,-0.0014843698148262303,1,0.5006128677637093
2025-12-31 14:30:00+00:00,1.37968398536913,1.3815852615208364,-0.0019012761517063666,1,0.5007641405762575
2025-12-31 14:35:00+00:00,1.3777781278291061,1.3815852615208364,-0.0038071336917301427,1,0.5014568392726685
2025-12-31 14:40:00+00:00,1.3769706970799713,1.3769706970799713,0.0,0,0.0
2026-01-02 14:40:00+00:00,1.3761447005341791,1.3761447005341791,0.0,4,2.0007502250590763
2026-01-02 14:45:00+00:00,1.384304784737645,1.3761447005341791,0.008160084203465916,4,1.9889563697704238
2026-01-02 14:50:00+00:00,1.39876820700448,1.3761447005341791,0.022623506470300862,4,1.9683903348103449
2026-01-02 14:55:00+00:00,1.3994450865507828,1.3761447005341791,0.02330038601660359,4,1.9674382694741788
2026-01-02 15:00:00+00:00,1.3957131253507926,1.3761447005341791,0.01956842481661348,4,1.9726989517388154
2026-01-02 15:05:00+00:00,1.3914876128469875,1.3761447005341791,0.015342912312808439,4,1.978689421226187
2026-01-02 15:10:00+00:00,1.394295898385787,1.394295898385787,0.0,0,0.0
2026-01-02 22:05:00+00:00,1.394086754001029,1.394086754001029,0.0,1,0.5000750112516877
2026-01-02 22:10:00+00:00,1.394717086685652,1.394086754001029,0.0006303326846229611,1,0.49984900582925174
2026-01-02 22:15:00+00:00,1.392405866842035,1.394086754001029,-0.0016808871589942534,1,0.5006786927535858
2026-01-02 22:20:00+00:00,1.393508949040125,1.394086754001029,-0.0005778049609042262,1,0.5002823625015843
2026-01-02 22:25:00+00:00,1.3936665322112805,1.394086754001029,-0.00042022178974864075,1,0.5002257951095044
2026-01-02 22:30:00+00:00,1.3928260886317834,1.394086754001029,-0.0012606653692457674,1,0.5005276357780775
2026-01-02 22:35:00+00:00,1.3925118887995884,1.3925118887995884,0.0,0,0.0
2026-01-05 00:50:00+00:00,1.3923030120162685,1.3923030120162685,0.0,1,0.5000750112516877
2026-01-05 00:55:00+00:00,1.3917891320661615,1.3923030120162685,-0.0005138799501069667,1,0.5002596502288942
2026-01-05 01:00:00+00:00,1.3923030120162685,1.3923030120162685,0.0,1,0.5000750112516877
2026-01-05 01:05:00+00:00,1.3912752521160547,1.3923030120162685,-0.0010277599002138562,1,0.5004444256022138
2026-01-05 01:10:00+00:00,1.396105723647059,1.3923030120162685,0.0038027116307906878,1,0.49871290734412205
2026-01-05 01:15:00+00:00,1.396670991592177,1.3923030120162685,0.004367979575908367,1,0.4985110656634147
2026-01-05 01:20:00+00:00,1.3955885188936752,1.3955885188936752,0.0,0,0.0
2026-01-05 14:45:00+00:00,1.395379180615841,1.395379180615841,0.0,1,0.5000750112516877
2026-01-05 14:50:00+00:00,1.392797694277231,1.395379180615841,-0.002581486338610069,1,0.5010018772388521
2026-01-05 14:55:00+00:00,1.3952029699442636,1.395379180615841,-0.00017621067157750476,1,0.5001381694841959
2026-01-05 15:00:00+00:00,1.3948109012000038,1.395379180615841,-0.0005682794158373346,1,0.5002787538056243
2026-01-05 15:05:00+00:00,1.3940664111125889,1.395379180615841,-0.0013127695032522516,1,0.5005459236980939
2026-01-05 15:10:00+00:00,1.3932294104225957,1.395379180615841,-0.002149770193245341,1,0.5008466331723374
2026-01-05 15:15:00+00:00,1.3936456200288618,1.3936456200288618,0.0,0,0.0
2026-01-06 06:45:00+00:00,1.3934365731858576,1.3934365731858576,0.0,1,0.5000750112516877
2026-01-06 06:50:00+00:00,1.3942027370442307,1.3934365731858576,0.0007661638583730304,1,0.49980020229462824
2026-01-06 06:55:00+00:00,1.3927498156657472,1.3934365731858576,-0.0006867575201103515,1,0.5003215955776976
2026-01-06 07:00:00+00:00,1.3918870765311087,1.3934365731858576,-0.001549496654748957,1,0.5006317119856216
2026-01-06 07:05:00+00:00,1.390992145637715,1.3934365731858576,-0.002444427548142625,1,0.500953806389011
2026-01-06 07:10:00+00:00,1.3912131957145004,1.3934365731858576,-0.002223377471357175,1,0.5008742097623334
2026-01-06 07:15:00+00:00,1.3902272544268712,1.3902272544268712,0.0,0,0.0
2026-01-06 21:15:00+00:00,1.3898102175306564,1.3898102175306564,0.0,2,1.000225045008439
2026-01-06 21:20:00+00:00,1.4040636389763685,1.3898102175306564,0.01425342144571209,2,0.9900712110145216
2026-01-06 21:25:00+00:00,1.4020733634046771,1.3898102175306564,0.012263145874020874,2,0.9914766400005856
2026-01-06 21:30:00+00:00,1.401937124151967,1.3898102175306564,0.012126906621310546,2,0.9915729909953529
2026-01-06 21:35:00+00:00,1.407668710199398,1.3898102175306564,0.0178584926687418,2,0.9875356163780017
2026-01-06 21:40:00+00:00,1.4011239589136784,1.3898102175306564,0.01131374138302208,2,0.9921484666214555
2026-01-06 21:45:00+00:00,1.4026173926997687,1.4026173926997687,0.0,0,0.0
2026-01-08 14:50:00+00:00,1.4019863095449938,1.4019863095449938,0.0,3,1.5004501125253178
2026-01-08 14:55:00+00:00,1.403786030215012,1.4019863095449938,0.0017997206700182827,3,1.498526463889614
2026-01-08 15:00:00+00:00,1.4036241125188396,1.4019863095449938,0.001637802973845692,3,1.4986993292248008
2026-01-08 15:05:00+00:00,1.400543341192597,1.4019863095449938,-0.0014429683523969378,3,1.501996014007296
2026-01-08 15:10:00+00:00,1.4100333352113468,1.4019863095449938,0.008047025666353014,3,1.4918870805280895
2026-01-08 15:15:00+00:00,1.409402357035208,1.4019863095449938,0.007416047490214193,3,1.492554986456001
2026-01-08 15:20:00+00:00,1.4112323852678066,1.4112323852678066,0.0,0,0.0
2026-01-09 01:30:00+00:00,1.4110207004100164,1.4110207004100164,0.0,1,0.5000750112516877
2026-01-09 01:35:00+00:00,1.4041808199120467,1.4110207004100164,-0.006839880497969616,1,0.5025109178446838
2026-01-09 01:40:00+00:00,1.4012195698739711,1.4110207004100164,-0.009801130536045272,1,0.5035728930744009
2026-01-09 01:45:00+00:00,1.4019413324117254,1.4110207004100164,-0.009079367998291071,1,0.5033136382533562
2026-01-09 01:50:00+00:00,1.4033668696358255,1.4110207004100164,-0.007653830774190883,1,0.5028023732789211
2026-01-09 01:55:00+00:00,1.4032139728988557,1.4110207004100164,-0.007806727511160691,1,0.5028571595365409
2026-01-09 02:00:00+00:00,1.4031911604808516,1.4031911604808516,0.0,0,0.0
2026-01-09 03:50:00+00:00,1.4029806818067794,1.4029806818067794,0.0,1,0.5000750112516877
2026-01-09 03:55:00+00:00,1.4026818974018223,1.4029806818067794,-0.00029878440495713224,1,0.5001815319210908
2026-01-09 04:00:00+00:00,1.40218392339356,1.4029806818067794,-0.000796758413219253,1,0.5003591672499189
2026-01-09 04:05:00+00:00,1.4026818974018223,1.4029806818067794,-0.00029878440495713224,1,0.5001815319210908
2026-01-09 04:10:00+00:00,1.4012875701786884,1.4029806818067794,-0.0016931116280908835,1,0.5006792289972002
2026-01-09 04:15:00+00:00,1.4003414195629906,1.4029806818067794,-0.0026392622437887807,1,0.5010175164706441
2026-01-09 04:20:00+00:00,1.4004297252938755,1.4004297252938755,0.0,0,0.0
2026-01-09 15:25:00+00:00,1.3997996264417734,1.3997996264417734,0.0,3,1.5004501125253178
2026-01-09 15:30:00+00:00,1.4147734451749745,1.3997996264417734,0.01497381873320107,3,1.4845695006296185
2026-01-09 15:35:00+00:00,1.4181769720868582,1.3997996264417734,0.018377345645084888,3,1.4810066362287677
2026-01-09 15:40:00+00:00,1.413127999764827,1.3997996264417734,0.013328373323053632,3,1.4862981324812714
2026-01-09 15:45:00+00:00,1.4027624749829275,1.3997996264417734,0.0029628485411542396,3,1.497280932777318
2026-01-09 15:50:00+00:00,1.403872565373227,1.3997996264417734,0.004072938931453631,3,1.496096981173696
2026-01-09 15:55:00+00:00,1.3959427511861517,1.3959427511861517,0.0,0,0.0
2026-01-11 16:30:00+00:00,1.3957333597734738,1.3957333597734738,0.0,1,0.5000750112516877
2026-01-11 16:35:00+00:00,1.3990188679960787,1.3957333597734738,0.003285508222604819,1,0.4989006163961416
2026-01-11 16:40:00+00:00,1.3989690875684635,1.3957333597734738,0.003235727794989679,1,0.4989183691015032
2026-01-11 16:45:00+00:00,1.3992179897065395,1.3957333597734738,0.003484629933065689,1,0.49882961820656885
2026-01-11 16:50:00+00:00,1.3949368729316303,1.3957333597734738,-0.0007964868418435572,1,0.5003605461559015
2026-01-11 16:55:00+00:00,1.3953848967801672,1.3957333597734738,-0.0003484629933066774,1,0.5001998926630465
2026-01-11 17:00:00+00:00,1.3943790185256455,1.3943790185256455,0.0,0,0.0
2026-01-12 03:15:00+00:00,1.3941698616728666,1.3941698616728666,0.0,1,0.5000750112516877
2026-01-12 03:20:00+00:00,1.3925714697174914,1.3941698616728666,-0.0015983919553752672,1,0.5006489967830954
2026-01-12 03:25:00+00:00,1.39295895867637,1.3941698616728666,-0.0012109029964965249,1,0.5005097278137415
2026-01-12 03:30:00+00:00,1.3919418001593131,1.3941698616728666,-0.0022280615135535625,1,0.5008754742353644
2026-01-12 03:35:00+00:00,1.3907793332826766,1.3941698616728666,-0.0033905283901900993,1,0.5012941252277859
2026-01-12 03:40:00+00:00,1.3893746858067404,1.3941698616728666,-0.004795175866126189,1,0.5018009298607594
2026-01-12 03:45:00+00:00,1.3882936787964841,1.3882936787964841,0.0,0,0.0
2026-01-12 14:35:00+00:00,1.3880854347446647,1.3880854347446647,0.0,1,0.5000750112516877
2026-01-12 14:40:00+00:00,1.3904285768195974,1.3880854347446647,0.002343142074932765,1,0.49923228777849327
2026-01-12 14:45:00+00:00,1.38915474704823,1.3880854347446647,0.0010693123035652376,1,0.4996900747546033
2026-01-12 14:50:00+00:00,1.3894504164960637,1.3880854347446647,0.0013649817513990779,1,0.49958374272091816
2026-01-12 14:55:00+00:00,1.3891133839648542,1.3880854347446647,0.0010279492201895127,1,0.4997049538296037
2026-01-12 15:00:00+00:00,1.389855621516541,1.3880854347446647,0.001770186771876227,1,0.49943809173561765
2026-01-12 15:05:00+00:00,1.389175531921028,1.389175531921028,0.0,0,0.0
2026-01-13 22:10:00+00:00,1.388342214121819,1.388342214121819,0.0,4,2.0007502250590767
2026-01-13 22:15:00+00:00,1.4076999188918975,1.388342214121819,0.01935770477007868,4,1.9732373072449951
2026-01-13 22:20:00+00:00,1.4056336715372828,1.388342214121819,0.01729145741546383,4,1.9761379181571277
2026-01-13 22:25:00+00:00,1.4063616591283956,1.388342214121819,0.018019445006576623,4,1.9751149921740365
2026-01-13 22:30:00+00:00,1.398360155865721,1.388342214121819,0.010017941743902133,4,1.9864167222667777
2026-01-13 22:35:00+00:00,1.3980438639874515,1.388342214121819,0.009701649865632586,4,1.9868661269616488
2026-01-13 22:40:00+00:00,1.400250546426518,1.400250546426518,0.0,0,0.0
2026-01-14 14:50:00+00:00,1.400040508844554,1.400040508844554,0.0,1,0.5000750112516877
2026-01-14 14:55:00+00:00,1.4030550101841013,1.400040508844554,0.0030145013395473067,1,0.4990005866707909
2026-01-14 15:00:00+00:00,1.4016609605382049,1.400040508844554,0.0016204516936509771,1,0.4994968775790312
2026-01-14 15:05:00+00:00,1.398436827672959,1.400040508844554,-0.0016036811715950342,1,0.50064848075997
2026-01-14 15:10:00+00:00,1.400218695641398,1.400040508844554,0.00017818679684391859,1,0.5000113735037317
2026-01-14 15:15:00+00:00,1.4039690036361476,1.400040508844554,0.003928494791593675,1,0.498675733865919
2026-01-14 15:20:00+00:00,1.4026500152832375,1.4026500152832375,0.0,0,0.0
2026-01-15 16:00:00+00:00,1.402229251838278,1.402229251838278,0.0,2,1.000225045008439
2026-01-15 16:05:00+00:00,1.4002889875444908,1.402229251838278,-0.0019402642937871046,2,1.00161097388301
2026-01-15 16:10:00+00:00,1.3987122343226817,1.402229251838278,-0.003517017515596217,2,1.002740079135195
2026-01-15 16:15:00+00:00,1.3994277331668215,1.402229251838278,-0.002801518671456479,2,1.0022273985940067
2026-01-15 16:20:00+00:00,1.400718544453295,1.402229251838278,-0.0015107073849828369,2,1.0013038108805141
2026-01-15 16:25:00+00:00,1.403315118897721,1.402229251838278,0.001085867059443118,2,0.9994510838262508
2026-01-15 16:30:00+00:00,1.3992237718583023,1.3992237718583023,0.0,0,0.0
2026-01-19 00:20:00+00:00,1.3990138882925236,1.3990138882925236,0.0,1,0.5000750112516877
2026-01-19 00:25:00+00:00,1.3976573435066217,1.3990138882925236,-0.0013565447859018147,1,0.5005603763894484
2026-01-19 00:30:00+00:00,1.3983356158995728,1.3990138882925236,-0.0006782723929509073,1,0.5003175761057042
2026-01-19 00:35:00+00:00,1.3983877906990305,1.3990138882925236,-0.0006260975934931631,1,0.5002989089166939
2026-01-19 00:40:00+00:00,1.3989095386936081,1.3990138882925236,-0.00010434959891556603,1,0.5001123136114246
2026-01-19 00:45:00+00:00,1.399639985886017,1.3990138882925236,0.0006260975934932408,1,0.499851313897891
2026-01-19 00:50:00+00:00,1.399169228322949,1.399169228322949,0.0,0,0.0
2026-01-20 14:40:00+00:00,1.3989593529387006,1.3989593529387006,0.0,1,0.5000750112516877
2026-01-20 14:45:00+00:00,1.397386611657767,1.3989593529387006,-0.0015727412809336107,1,0.5006378394677288
2026-01-20 14:50:00+00:00,1.392659186013225,1.3989593529387006,-0.0063001669254756695,1,0.5023372704445948
2026-01-20 14:55:00+00:00,1.3927956794057195,1.3989593529387006,-0.006163673532981161,1,0.502288041602753
2026-01-20 15:00:00+00:00,1.3933186484713442,1.3989593529387006,-0.005640704467356268,1,0.502099512504919
2026-01-20 15:05:00+00:00,1.39165005508894,1.3989593529387006,-0.007309297849760621,1,0.5027015316122445
2026-01-20 15:10:00+00:00,1.3887057109539311,1.3887057109539311,0.0,0,0.0
2026-01-20 22:40:00+00:00,1.3882891304865235,1.3882891304865235,0.0,2,1.0002250450084391
2026-01-20 22:45:00+00:00,1.3884118314702711,1.3882891304865235,0.00012270098374772044,2,1.0001366500565885
2026-01-20 22:50:00+00:00,1.3890240004203382,1.3882891304865235,0.0007348699338148381,2,0.9996958710615507
2026-01-20 22:55:00+00:00,1.3875799266517101,1.3882891304865235,-0.0007092038348132228,2,1.0007362684875132
2026-01-20 23:00:00+00:00,1.3872260075972838,1.3882891304865235,-0.0010631228892397507,2,1.0009915835060708
2026-01-20 23:05:00+00:00,1.3848438833452887,1.3882891304865235,-0.0034452471412346293,2,1.0027134283694445
2026-01-20 23:10:00+00:00,1.3861979187248226,1.3861979187248226,0.0,0,0.0
2026-01-21 14:10:00+00:00,1.3859899890370138,1.3859899890370138,0.0,1,0.5000750112516877
2026-01-21 14:15:00+00:00,1.3899412755683263,1.3859899890370138,0.003951286531312421,1,0.49865341187095363
2026-01-21 14:20:00+00:00,1.3890211129514454,1.3859899890370138,0.0030311239144315285,1,0.4989837468270644
2026-01-21 14:25:00+00:00,1.3905366749086607,1.3859899890370138,0.004546685871647062,1,0.4984398986872737
2026-01-21 14:30:00+00:00,1.3894541306535069,1.3859899890370138,0.0034641416164930437,1,0.4988282405813739
2026-01-21 14:35:00+00:00,1.3927558906317268,1.3859899890370138,0.006765901594713115,1,0.4976456850942021
2026-01-21 14:40:00+00:00,1.3909782717739445,1.3909782717739445,0.0,0,0.0
2026-01-26 21:45:00+00:00,1.3907696250331785,1.3907696250331785,0.0,1,0.5000750112516877
2026-01-26 21:50:00+00:00,1.3897458920213714,1.3907696250331785,-0.001023733011807018,1,0.500443383124803
2026-01-26 21:55:00+00:00,1.3901392709101676,1.3907696250331785,-0.0006303541230108064,1,0.500301768636184
2026-01-26 22:00:00+00:00,1.38913686566944,1.3907696250331785,-0.0016327593637384568,1,0.5006627878613016
2026-01-26 22:05:00+00:00,1.390487624504463,1.3907696250331785,-0.0002820005287153445,1,0.5001764299303477
2026-01-26 22:10:00+00:00,1.3889069996922518,1.3907696250331785,-0.0018626253409265443,1,0.5007456482263217
2026-01-26 22:15:00+00:00,1.387368921887542,1.387368921887542,0.0,0,0.0
2026-01-27 20:50:00+00:00,1.3871608165492588,1.3871608165492588,0.0,1,0.5000750112516877
2026-01-27 20:55:00+00:00,1.3874798001063002,1.3871608165492588,0.0003189835570413437,1,0.4999600433034233
2026-01-27 21:00:00+00:00,1.3870141306799626,1.3871608165492588,-0.00014668586929629326,1,0.500127897474053
2026-01-27 21:05:00+00:00,1.3871600404335482,1.3871608165492588,-7.76115710591737e-07,1,0.5000752910435369
2026-01-27 21:10:00+00:00,1.3875884563057788,1.3871608165492588,0.0004276397565200281,1,0.4999208935411508
2026-01-27 21:15:00+00:00,1.3870048172914358,1.3871608165492588,-0.00015599925782316306,1,0.500131255707106
2026-01-27 21:20:00+00:00,1.3860353424410907,1.3860353424410907,0.0,0,0.0
2026-01-28 19:50:00+00:00,1.3858274371397246,1.3858274371397246,0.0,1,0.5000750112516877
2026-01-28 19:55:00+00:00,1.3864863375601082,1.3858274371397246,0.0006589004203836363,1,0.49983736041719273
2026-01-28 20:00:00+00:00,1.3858580836709051,1.3858274371397246,3.0646531180619934e-05,1,0.5000639527135838
2026-01-28 20:05:00+00:00,1.386808126137505,1.3858274371397246,0.0009806889977802995,1,0.49972138045564873
2026-01-28 20:10:00+00:00,1.3872218543084436,1.3858274371397246,0.0013944171687189765,1,0.49957234242537785
2026-01-28 20:15:00+00:00,1.3872141926756483,1.3858274371397246,0.0013867555359238215,1,0.4995751015810025
2026-01-28 20:20:00+00:00,1.3870216106398725,1.3870216106398725,0.0,0,0.0
2026-01-30 01:55:00+00:00,1.3866055353646667,1.3866055353646667,0.0,2,1.000225045008439
2026-01-30 02:00:00+00:00,1.3866636734772286,1.3866055353646667,5.813811256203253e-05,2,1.000183108959081
2026-01-30 02:05:00+00:00,1.3838422487611273,1.3866055353646667,-0.0027632866035393294,2,1.0022223163519544
2026-01-30 02:10:00+00:00,1.380977066556006,1.3866055353646667,-0.005628468808660659,2,1.0043016771291382
2026-01-30 02:15:00+00:00,1.3801505007691688,1.3866055353646667,-0.006455034595497939,2,1.0049031487842335
2026-01-30 02:20:00+00:00,1.3761278837090474,1.3866055353646667,-0.010477651655619306,2,1.0078406232718327
2026-01-30 02:25:00+00:00,1.370063691608177,1.370063691608177,0.0,0,0.0
2026-01-30 11:55:00+00:00,1.3692418383333151,1.3692418383333151,0.0,4,2.0007502250590767
2026-01-30 12:00:00+00:00,1.3659475150871228,1.3692418383333151,-0.003294323246192475,4,2.0055755334281296
2026-01-30 12:05:00+00:00,1.3653068095704668,1.3692418383333151,-0.003935028762848435,4,2.0065167015958485
2026-01-30 12:10:00+00:00,1.3587159175928103,1.3692418383333151,-0.010525920740504876,4,2.0162499612569347
2026-01-30 12:15:00+00:00,1.356701976841313,1.3692418383333151,-0.012539861492002044,4,2.0192429604796778
2026-01-30 12:20:00+00:00,1.357321053405662,1.3692418383333151,-0.011920784927653257,4,2.0183219801475576
2026-01-30 12:25:00+00:00,1.3513545364866022,1.3513545364866022,0.0,0,0.0
2026-01-30 13:05:00+00:00,1.3511518333061292,1.3511518333061292,0.0,1,0.5000750112516877
2026-01-30 13:10:00+00:00,1.3513042187973885,1.3511518333061292,0.0001523854912592121,1,0.5000186181943761
2026-01-30 13:15:00+00:00,1.3524912215714073,1.3511518333061292,0.00133938826527818,1,0.4995797809750349
2026-01-30 13:20:00+00:00,1.353533859143181,1.3511518333061292,0.002382025837051618,1,0.49919495081639176
2026-01-30 13:25:00+00:00,1.3532371084496762,1.3511518333061292,0.002085275143546876,1,0.49930441902925987
2026-01-30 13:30:00+00:00,1.3546647198941044,1.3511518333061292,0.0035128865879752603,1,0.49877822779360453
2026-01-30 13:35:00+00:00,1.3560259730712918,1.3560259730712918,0.0,0,0.0
2026-01-30 18:30:00+00:00,1.3556191957899548,1.3556191957899548,0.0,2,1.0002250450084391
2026-01-30 18:35:00+00:00,1.352503333312929,1.3556191957899548,-0.0031158624770258846,2,1.002529337803555
2026-01-30 18:40:00+00:00,1.3554478762682272,1.3556191957899548,-0.00017131952172768925,2,1.000351466746472
2026-01-30 18:45:00+00:00,1.374866133273551,1.3556191957899548,0.01924693748359613,2,0.9862227589349816
2026-01-30 18:50:00+00:00,1.3798761616130648,1.3556191957899548,0.024256965823110023,2,0.9826419999445792
2026-01-30 18:55:00+00:00,1.3849872380719963,1.3556191957899548,0.02936804228204153,2,0.9790157149829463
2026-01-30 19:00:00+00:00,1.3861781975621514,1.3861781975621514,0.0,0,0.0
2026-01-30 21:00:00+00:00,1.385970270832517,1.385970270832517,0.0,1,0.5000750112516877
2026-01-30 21:05:00+00:00,1.382285813795015,1.385970270832517,-0.003684457037502148,1,0.5014079518607119
2026-01-30 21:10:00+00:00,1.382334187410387,1.385970270832517,-0.003636083422130164,1,0.50139040551365
2026-01-30 21:15:00+00:00,1.3832774729101414,1.385970270832517,-0.0026927979223757047,1,0.5010484970328866
2026-01-30 21:20:00+00:00,1.3844868132944417,1.385970270832517,-0.001483457538075256,1,0.5006108343725156
2026-01-30 21:25:00+00:00,1.3842852565637251,1.385970270832517,-0.0016850142687919335,1,0.5006837250449107
2026-01-30 21:30:00+00:00,1.3838918976418313,1.3838918976418313,0.0,0,0.0
2026-01-31 16:15:00+00:00,1.383684313857185,1.383684313857185,0.0,1,0.5000750112516877
2026-01-31 16:20:00+00:00,1.3882053397279521,1.3834760518169198,0.004729287911032386,2,0.998521407486208
2026-01-31 16:25:00+00:00,1.388863847378085,1.3834760518169198,0.005387795561165262,2,0.9980479744805952
2026-01-31 16:30:00+00:00,1.380422626333531,1.3834760518169198,-0.0030534254833886926,2,1.0041509920673444
2026-01-31 16:35:00+00:00,1.3794796840877448,1.3834760518169198,-0.003996367729175054,2,1.0048373786828855
2026-01-31 16:40:00+00:00,1.37596349212965,1.3834760518169198,-0.007512559687269832,2,1.0074051801764041
2026-01-31 16:45:00+00:00,1.374143777236991,1.3786669987134312,-0.004523221476440062,1,0.5051922603615463
2026-01-31 16:50:00+00:00,1.3702049344361573,1.3702049344361573,0.0,0,0.0
2026-02-01 14:45:00+00:00,1.369999403695992,1.369999403695992,0.0,1,0.5000750112516877
2026-02-01 14:50:00+00:00,1.3731849559161269,1.369999403695992,0.0031855522201349666,1,0.49891492348968336
2026-02-01 14:55:00+00:00,1.377759082180936,1.369999403695992,0.007759678484943969,1,0.4972585382152514
2026-02-01 15:00:00+00:00,1.3771873163978348,1.369999403695992,0.007187912701842806,1,0.4974649846543967
2026-02-01 15:05:00+00:00,1.3735207548681068,1.369999403695992,0.0035213511721149254,1,0.49879294855203415
2026-02-01 15:10:00+00:00,1.3721684834128358,1.369999403695992,0.0021690797168439756,1,0.4992845087901324
2026-02-01 15:15:00+00:00,1.367887987012156,1.367887987012156,0.0,0,0.0
2026-02-01 18:05:00+00:00,1.3676828038141042,1.3676828038141042,0.0,1,0.5000750112516877
2026-02-01 18:10:00+00:00,1.371986215100649,1.3676828038141042,0.004303411286544822,1,0.4985064616381032
2026-02-01 18:15:00+00:00,1.3729106732696144,1.3676828038141042,0.005227869455510167,1,0.4981707891288016
2026-02-01 18:20:00+00:00,1.3746308675840184,1.3676828038141042,0.006948063769914181,1,0.49754738499954054
2026-02-01 18:25:00+00:00,1.371977438599045,1.3676828038141042,0.004294634784940765,1,0.49850965057010527
2026-02-01 18:30:00+00:00,1.3738556099423227,1.3676828038141042,0.006172806128218566,1,0.497828147700901
2026-02-01 18:35:00+00:00,1.372527034538946,1.372527034538946,0.0,0,0.0
2026-02-02 03:50:00+00:00,1.371909490014346,1.371909490014346,0.0,3,1.5004501125253178
2026-02-02 03:55:00+00:00,1.3725359631152307,1.371909490014346,0.0006264731008846159,3,1.4997652549623997
2026-02-02 04:00:00+00:00,1.3802474619224328,1.371909490014346,0.008337971908086736,3,1.491386005375795
2026-02-02 04:05:00+00:00,1.3634749597492537,1.371909490014346,-0.008434530265092357,3,1.5097319785360315
2026-02-02 04:10:00+00:00,1.371270418278638,1.371909490014346,-0.0006390717357081687,3,1.5011493876245054
2026-02-02 04:15:00+00:00,1.358755949176209,1.371909490014346,-0.013153540838137133,3,1.5149753345437789
2026-02-02 04:20:00+00:00,1.3738835759879897,1.3738835759879897,0.0,0,0.0
2026-02-02 06:20:00+00:00,1.373471441827574,1.373471441827574,0.0,2,1.000225045008439
2026-02-02 06:25:00+00:00,1.3693672096531269,1.373471441827574,-0.004104232174447092,2,1.003222893783021
2026-02-02 06:30:00+00:00,1.3648456097614112,1.373471441827574,-0.008625832066162676,2,1.0065464730182496
2026-02-02 06:35:00+00:00,1.3562809584212396,1.373471441827574,-0.017190483406334313,2,1.0129026188784078
2026-02-02 06:40:00+00:00,1.3454854600209036,1.373471441827574,-0.027985981806670397,2,1.0210296398880798
2026-02-02 06:45:00+00:00,1.3827688714796786,1.373471441827574,0.009297429652104741,2,0.9934997547708246
2026-02-02 06:50:00+00:00,1.3748788986302245,1.3748788986302245,0.0,0,0.0
2026-02-03 15:30:00+00:00,1.3744664658954107,1.3744664658954107,0.0,2,1.000225045008439
2026-02-03 15:35:00+00:00,1.3768352796199697,1.3744664658954107,0.0023688137245589354,2,0.9985041806106892
2026-02-03 15:40:00+00:00,1.373779182088219,1.3744664658954107,-0.0006872838071915581,2,1.0007254445529543
2026-02-03 15:45:00+00:00,1.3659840238412684,1.3744664658954107,-0.008482442054142185,2,1.006436209148944
2026-02-03 15:50:00+00:00,1.3770796698636354,1.3744664658954107,0.0026132039682248017,2,0.9983269761356389
2026-02-03 15:55:00+00:00,1.3771216397311536,1.3744664658954107,0.002655173835742937,2,0.9982965506091499
2026-02-03 16:00:00+00:00,1.3802711528928926,1.3802711528928926,0.0,0,0.0
2026-02-04 01:05:00+00:00,1.3800641122199586,1.3800641122199586,0.0,1,0.5000750112516877
2026-02-04 01:10:00+00:00,1.3795770231863707,1.3800641122199586,-0.0004870890335879658,1,0.5002515733789618
2026-02-04 01:15:00+00:00,1.3807599536965127,1.3800641122199586,0.0006958414765540836,1,0.499822995734229
2026-02-04 01:20:00+00:00,1.3794378548910597,1.3800641122199586,-0.0006262573288988132,1,0.5003020426033975
2026-02-04 01:25:00+00:00,1.3802728646629248,1.3800641122199586,0.00020875244296619444,1,0.49999937991607457
2026-02-04 01:30:00+00:00,1.3811774585824452,1.3800641122199586,0.0011133463624866257,1,0.49967190831130315
2026-02-04 01:35:00+00:00,1.3822229325673088,1.3822229325673088,0.0,0,0.0
2026-02-04 14:40:00+00:00,1.3820155991274237,1.3820155991274237,0.0,1,0.5000750112516877
2026-02-04 14:45:00+00:00,1.3775976348274843,1.3820155991274237,-0.004417964299939326,1,0.5016787549654887
2026-02-04 14:50:00+00:00,1.3804814969553796,1.3820155991274237,-0.001534102172043998,1,0.5006307348616298
2026-02-04 14:55:00+00:00,1.3757729593316113,1.3820155991274237,-0.006242639795812487,1,0.5023441270567024
2026-02-04 15:00:00+00:00,1.3690991462165685,1.3820155991274237,-0.012916452910855126,1,0.5047928546252501
2026-02-04 15:05:00+00:00,1.3688179462257661,1.3820155991274237,-0.013197652901657565,1,0.5048965555932782
2026-02-04 15:10:00+00:00,1.3721287371152529,1.3721287371152529,0.0,0,0.0
2026-02-04 22:25:00+00:00,1.371717129367015,1.371717129367015,0.0,2,1.000225045008439
2026-02-04 22:30:00+00:00,1.378137721479381,1.371717129367015,0.00642059211236621,2,0.9955651065026716
2026-02-04 22:35:00+00:00,1.3740060700243568,1.371717129367015,0.002288940657341896,2,0.9985587817931892
2026-02-04 22:40:00+00:00,1.3701080787822302,1.371717129367015,-0.0016090505847848355,2,1.0013997061308066
2026-02-04 22:45:00+00:00,1.3572388286395327,1.371717129367015,-0.01447830072748223,2,1.0108949128984608
2026-02-04 22:50:00+00:00,1.3605921108268848,1.371717129367015,-0.011125018540130118,2,1.0084034859103628
2026-02-04 22:55:00+00:00,1.356354752236711,1.356354752236711,0.0,0,0.0
2026-02-05 01:30:00+00:00,1.355947876329022,1.355947876329022,0.0,2,1.000225045008439
2026-02-05 01:35:00+00:00,1.3579783008518156,1.355947876329022,0.002030424522793506,2,0.9987295266644245
2026-02-05 01:40:00+00:00,1.3557180205298849,1.355947876329022,-0.00022985579913724894,2,1.0003946285970287
2026-02-05 01:45:00+00:00,1.349332418441446,1.355947876329022,-0.006615457887576016,2,1.0051289119673275
2026-02-05 01:50:00+00:00,1.3508683049125174,1.355947876329022,-0.005079571416504703,2,1.0039861181864982
2026-02-05 01:55:00+00:00,1.3474188237067914,1.355947876329022,-0.008529052622230656,2,1.0065563889772584
2026-02-05 02:00:00+00:00,1.3462266654942419,1.3462266654942419,0.0,0,0.0
2026-02-05 07:05:00+00:00,1.3460247314944178,1.3460247314944178,0.0,1,0.5000750112516877
2026-02-05 07:10:00+00:00,1.340947130099474,1.3460247314944178,-0.005077601394943822,1,0.5019685844714759
2026-02-05 07:15:00+00:00,1.3407999532474466,1.3460247314944178,-0.005224778246971168,1,0.5020236845301388
2026-02-05 07:20:00+00:00,1.343964255566035,1.3460247314944178,-0.002060475928382983,1,0.5008416927454867
2026-02-05 07:25:00+00:00,1.3443321976961031,1.3460247314944178,-0.0016925337983146572,1,0.500704612967459
2026-02-05 07:30:00+00:00,1.3456567893643494,1.3460247314944178,-0.0003679421300684005,1,0.500211746462544
2026-02-05 07:35:00+00:00,1.3445717942523612,1.3445717942523612,0.0,0,0.0
2026-02-05 15:40:00+00:00,1.3443701084832234,1.3443701084832234,0.0,1,0.5000750112516877
2026-02-05 15:45:00+00:00,1.3457115240056583,1.3443701084832234,0.0013414155224349279,1,0.49957653266210256
2026-02-05 15:50:00+00:00,1.3419239978246658,1.3443701084832234,-0.0024461106585577084,1,0.5009865672094648
2026-02-05 15:55:00+00:00,1.3405825823022308,1.3443701084832234,-0.0037875261809925615,1,0.5014878650531471
2026-02-05 16:00:00+00:00,1.3392411667797959,1.3443701084832234,-0.00512894170342749,1,0.501990167120304
2026-02-05 16:05:00+00:00,1.3353747338033661,1.3443701084832234,-0.008995374679857334,1,0.5034436253046365
2026-02-05 16:10:00+00:00,1.3353308616251027,1.3353308616251027,0.0,0,0.0
2026-02-05 21:00:00+00:00,1.3351305619958589,1.3351305619958589,0.0,1,0.5000750112516877
2026-02-05 21:05:00+00:00,1.346212042114624,1.3351305619958589,0.01108148011876516,1,0.49595859339052223
2026-02-05 21:10:00+00:00,1.3412126900713632,1.3351305619958589,0.0060821280755042504,1,0.4978072722955121
2026-02-05 21:15:00+00:00,1.3373961725715755,1.3351305619958589,0.002265610575716574,1,0.49922786120192736
2026-02-05 21:20:00+00:00,1.3313962354160107,1.3351305619958589,-0.0037343265798482177,1,0.5014776315661815
2026-02-05 21:25:00+00:00,1.3413091750643351,1.3351305619958589,0.006178613068476307,1,0.4977714633022824
2026-02-05 21:30:00+00:00,1.3387181917203368,1.3387181917203368,0.0,0,0.0
2026-02-05 22:30:00+00:00,1.3379151415141886,1.3379151415141886,0.0,4,2.0007502250590763
2026-02-05 22:35:00+00:00,1.3281154862898477,1.3379151415141886,-0.009799655224340894,4,2.015512994259497
2026-02-05 22:40:00+00:00,1.3271122371153992,1.3379151415141886,-0.01080290439878931,4,2.0170366496753918
2026-02-05 22:45:00+00:00,1.3371082203150746,1.3379151415141886,-0.0008069211991138857,4,2.0019576424888728
2026-02-05 22:50:00+00:00,1.3364270785106913,1.3379151415141886,-0.0014880630034971485,4,2.0029779877533698
2026-02-05 22:55:00+00:00,1.3456701558713458,1.3379151415141886,0.007755014357157279,4,1.9892200245469223
2026-02-05 23:00:00+00:00,1.329321747039534,1.329321747039534,0.0,0,0.0
2026-02-06 00:25:00+00:00,1.3287236419780977,1.3287236419780977,0.0,3,1.5004501125253178
2026-02-06 00:30:00+00:00,1.3383378273883915,1.3287236419780977,0.009614185410293867,3,1.4896713649733155
2026-02-06 00:35:00+00:00,1.3840256447481258,1.3287236419780977,0.05530200277002807,3,1.4404960960704674
2026-02-06 00:40:00+00:00,1.4274897846967634,1.3287236419780977,0.09876614271866568,3,1.3966359405819482
2026-02-06 00:45:00+00:00,1.420547051013594,1.3287236419780977,0.09182340903549639,3,1.403461811911507
2026-02-06 00:50:00+00:00,1.4227307583977222,1.3287236419780977,0.09400711641962446,3,1.4013076798637367
2026-02-06 00:55:00+00:00,1.4513628572266377,1.4513628572266377,0.0,0,0.0
2026-02-06 05:55:00+00:00,1.450927481025134,1.450927481025134,0.0,2,1.000225045008439
2026-02-06 06:00:00+00:00,1.4405121194100803,1.450927481025134,-0.010415361615053773,2,1.007456990786488
2026-02-06 06:05:00+00:00,1.4444374197230587,1.450927481025134,-0.006490061302075328,2,1.0047191973817695
2026-02-06 06:10:00+00:00,1.4420429597945172,1.450927481025134,-0.008884521230616862,2,1.0063874970958846
2026-02-06 06:15:00+00:00,1.4339170417622862,1.450927481025134,-0.017010439262847843,2,1.0120906319857614
2026-02-06 06:20:00+00:00,1.4267032428744653,1.450927481025134,-0.02422423815066886,2,1.0172080369624845
2026-02-06 06:25:00+00:00,1.427959953936105,1.427959953936105,0.0,0,0.0
2026-02-13 14:35:00+00:00,1.4277457599430146,1.4277457599430146,0.0,1,0.5000750112516877
2026-02-13 14:40:00+00:00,1.4231015602891968,1.4277457599430146,-0.004644199653817703,1,0.5017069736210257
2026-02-13 14:45:00+00:00,1.4242407036005105,1.4277457599430146,-0.0035050563425040064,1,0.5013056958441758
2026-02-13 14:50:00+00:00,1.429848793748517,1.4277457599430146,0.0021030338055023565,1,0.4993394966584333
2026-02-13 14:55:00+00:00,1.4263437374060128,1.4277457599430146,-0.0014020225370016501,1,0.5005665592688868
2026-02-13 15:00:00+00:00,1.4261684845888878,1.4277457599430146,-0.0015772753541268465,1,0.500628070724664
2026-02-13 15:05:00+00:00,1.4259542905957974,1.4259542905957974,0.0,0,0.0
2026-02-15 03:50:00+00:00,1.425740397452208,1.425740397452208,0.0,1,0.5000750112516877
2026-02-15 03:55:00+00:00,1.4259863220149915,1.425740397452208,0.0002459245627834683,1,0.49998876867936964
2026-02-15 04:00:00+00:00,1.4263118404196717,1.425740397452208,0.0005714429674636469,1,0.4998746593088054
2026-02-15 04:05:00+00:00,1.4269516524564567,1.425740397452208,0.00121125500424876,1,0.4996505271012713
2026-02-15 04:10:00+00:00,1.4295353910164887,1.425740397452208,0.0037949935642806547,1,0.4987474600337999
2026-02-15 04:15:00+00:00,1.4312109434318017,1.425740397452208,0.005470545979593637,1,0.4981635646163382
2026-02-15 04:20:00+00:00,1.4297704887759064,1.4297704887759064,0.0,0,0.0
2026-02-17 18:25:00+00:00,1.4295560232025901,1.4295560232025901,0.0,1,0.5000750112516877
2026-02-17 18:30:00+00:00,1.4305061516008586,1.4295560232025901,0.0009501283982683623,1,0.49974286624907943
2026-02-17 18:35:00+00:00,1.4308732466638256,1.4295560232025901,0.001317223461235547,1,0.4996146556340716
2026-02-17 18:40:00+00:00,1.4323848145701616,1.4295560232025901,0.0028287913675715923,1,0.4990874219805801
2026-02-17 18:45:00+00:00,1.4345693900919376,1.4295560232025901,0.005013366889347503,1,0.49832740704312545
2026-02-17 18:50:00+00:00,1.433187385149002,1.4295560232025901,0.0036313619464117893,1,0.4988079380238403
2026-02-17 18:55:00+00:00,1.4340094232828873,1.4340094232828873,0.0,0,0.0
2026-02-18 14:55:00+00:00,1.433794321869395,1.433794321869395,0.0,1,0.5000750112516877
2026-02-18 15:00:00+00:00,1.4332090596772136,1.433794321869395,-0.0005852621921814305,1,0.5002792208157874
2026-02-18 15:05:00+00:00,1.435620339909001,1.433794321869395,0.0018260180396061014,1,0.49943894754715723
2026-02-18 15:10:00+00:00,1.4353277088129104,1.433794321869395,0.0015333869435153861,1,0.4995407719359388
2026-02-18 15:15:00+00:00,1.4345668679630745,1.433794321869395,0.0007725460936795902,1,0.4998057097606824
2026-02-18 15:20:00+00:00,1.4349765514976014,1.433794321869395,0.001182229628206496,1,0.49966301602151453
2026-02-18 15:25:00+00:00,1.4349604392294506,1.4349604392294506,0.0,0,0.0
2026-02-20 05:35:00+00:00,1.434314803886784,1.434314803886784,0.0,3,1.500450112525318
2026-02-20 05:40:00+00:00,1.4306923194095627,1.434314803886784,-0.0036224844772212023,3,1.5042492223462969
2026-02-20 05:45:00+00:00,1.4324950453096168,1.434314803886784,-0.0018197585771671202,3,1.50235619727641
2026-02-20 05:50:00+00:00,1.4339856323502211,1.434314803886784,-0.0003291715365627971,3,1.5007945409895462
2026-02-20 05:55:00+00:00,1.428844327809475,1.434314803886784,-0.005470476077309044,3,1.5061947386444903
2026-02-20 06:00:00+00:00,1.427680270072807,1.434314803886784,-0.006634533813976833,3,1.5074228130776812
2026-02-20 06:05:00+00:00,1.4271318634029062,1.4271318634029062,0.0,0,0.0
2026-02-20 15:05:00+00:00,1.4267037559543523,1.4267037559543523,0.0,2,1.0002250450084391
2026-02-20 15:10:00+00:00,1.4249931183792892,1.4267037559543523,-0.00171063757506304,2,1.0014257683827783
2026-02-20 15:15:00+00:00,1.412027293078122,1.4267037559543523,-0.014676462876230301,2,1.0106212787164586
2026-02-20 15:20:00+00:00,1.416090815182871,1.4267037559543523,-0.010612940771481182,2,1.0077212656229735
2026-02-20 15:25:00+00:00,1.421325903339471,1.4267037559543523,-0.005377852614881436,2,1.0040095836994811
2026-02-20 15:30:00+00:00,1.4232186047382196,1.4267037559543523,-0.0034851512161327295,2,1.0026743774724836
2026-02-20 15:35:00+00:00,1.4148139625581422,1.4148139625581422,0.0,0,0.0
2026-02-23 09:35:00+00:00,1.4146017404637585,1.4146017404637585,0.0,1,0.5000750112516877
2026-02-23 09:40:00+00:00,1.4157081921615673,1.4146017404637585,0.0011064516978088407,1,0.4996841758745283
2026-02-23 09:45:00+00:00,1.4156732515816366,1.4146017404637585,0.0010715111178779607,1,0.4996965087026493
2026-02-23 09:50:00+00:00,1.4163371226003219,1.4146017404637585,0.0017353821365632652,1,0.4994622890207865
2026-02-23 09:55:00+00:00,1.4171756965186613,1.4146017404637585,0.002573956054902655,1,0.4991667462381973
2026-02-23 10:00:00+00:00,1.4166282940997452,1.4146017404637585,0.002026553635986636,1,0.4993596303458149
2026-02-23 10:05:00+00:00,1.4153678546074373,1.4153678546074373,0.0,0,0.0
2026-02-23 18:00:00+00:00,1.414943276096832,1.414943276096832,0.0,2,1.000225045008439
2026-02-23 18:05:00+00:00,1.4153846958987357,1.414943276096832,0.0004414198019038526,2,0.9999131021546649
2026-02-23 18:10:00+00:00,1.416641013527906,1.414943276096832,0.00169773743107395,2,0.9990263507152534
2026-02-23 18:15:00+00:00,1.414899160349977,1.414943276096832,-4.4115746854990186e-05,2,1.0002562314534664
2026-02-23 18:20:00+00:00,1.4112124862434952,1.414943276096832,-0.0037307898533366956,2,1.002869316856475
2026-02-23 18:25:00+00:00,1.4158539169516515,1.414943276096832,0.00091064085481972,2,0.9995817259632372
2026-02-23 18:30:00+00:00,1.4150919500812946,1.4150919500812946,0.0,0,0.0
2026-02-24 01:25:00+00:00,1.414243085929556,1.414243085929556,0.0,4,2.0007502250590767
2026-02-24 01:30:00+00:00,1.4241333478078257,1.414243085929556,0.009890261878269713,4,1.9868554983403317
2026-02-24 01:35:00+00:00,1.4296580853948941,1.414243085929556,0.015414999465338149,4,1.9791775399781948
2026-02-24 01:40:00+00:00,1.4140824778903034,1.414243085929556,-0.00016060803925255844,4,2.00097746539032
2026-02-24 01:45:00+00:00,1.4197155077254615,1.414243085929556,0.005472421795905474,4,1.9930381524077625
2026-02-24 01:50:00+00:00,1.4177183211833018,1.414243085929556,0.0034752352537456206,4,1.995845810964843
2026-02-24 01:55:00+00:00,1.4177978372681752,1.4177978372681752,0.0,0,0.0
2026-02-24 14:40:00+00:00,1.4171599239379735,1.4171599239379735,0.0,3,1.5004501125253178
2026-02-24 14:45:00+00:00,1.42225214414558,1.4171599239379735,0.005092220207606375,3,1.4950779129368286
2026-02-24 14:50:00+00:00,1.4325300066698812,1.4171599239379735,0.015370082731907625,3,1.4843512927747806
2026-02-24 14:55:00+00:00,1.4322107778334345,1.4171599239379735,0.015050853895461035,3,1.4846821433335142
2026-02-24 15:00:00+00:00,1.424904345208096,1.4171599239379735,0.0077444212701224735,3,1.492295096502469
2026-02-24 15:05:00+00:00,1.421017082323379,1.4171599239379735,0.003857158385405567,3,1.4963773439390688
2026-02-24 15:10:00+00:00,1.4261094492061255,1.4261094492061255,0.0,0,0.0
2026-02-24 16:05:00+00:00,1.4258955327887446,1.4258955327887446,0.0,1,0.5000750112516877
2026-02-24 16:10:00+00:00,1.42543838781849,1.4258955327887446,-0.00045714497025452336,1,0.5002353877211987
2026-02-24 16:15:00+00:00,1.4247983848601338,1.4258955327887446,-0.001097147928610856,1,0.5004600876727272
2026-02-24 16:20:00+00:00,1.4261698197708974,1.4258955327887446,0.00027428698215279317,1,0.4999788347208253
2026-02-24 16:25:00+00:00,1.4240669529077263,1.4258955327887446,-0.0018285798810181726,1,0.5007171349262156
2026-02-24 16:30:00+00:00,1.4238840949196245,1.4258955327887446,-0.002011437869120061,1,0.5007814380027282
2026-02-24 16:35:00+00:00,1.4195558737699525,1.4195558737699525,0.0,0,0.0
2026-02-25 01:15:00+00:00,1.419342940388887,1.419342940388887,0.0,1,0.5000750112516877
2026-02-25 01:20:00+00:00,1.4223358977203726,1.419342940388887,0.002992957331485496,1,0.4990227259415741
2026-02-25 01:25:00+00:00,1.4241576507724123,1.419342940388887,0.00481471038352525,1,0.4983843863774618
2026-02-25 01:30:00+00:00,1.4231228344219964,1.419342940388887,0.0037798940331092113,1,0.4987467839859753
2026-02-25 01:35:00+00:00,1.4237344152148677,1.419342940388887,0.004391474825980586,1,0.49853254181388723
2026-02-25 01:40:00+00:00,1.4252574137556995,1.419342940388887,0.005914473366812351,1,0.4979998209689284
2026-02-25 01:45:00+00:00,1.421404221602198,1.421404221602198,0.0,0,0.0
2026-02-26 15:40:00+00:00,1.4209778323173123,1.4209778323173123,0.0,2,1.000225045008439
2026-02-26 15:45:00+00:00,1.4222492500294108,1.4209778323173123,0.0012714177120984023,2,0.9993308952394854
2026-02-26 15:50:00+00:00,1.4233268260451446,1.4209778323173123,0.0023489937278322777,2,0.998574319177834
2026-02-26 15:55:00+00:00,1.4225594182997991,1.4209778323173123,0.001581585982486906,2,0.9991130057570955
2026-02-26 16:00:00+00:00,1.423602699112218,1.4209778323173123,0.0026248667949055043,2,0.9983808103004598
2026-02-26 16:05:00+00:00,1.4217096950878003,1.4209778323173123,0.0007318627704879463,2,0.9997101526397081
2026-02-26 16:10:00+00:00,1.4174982522162083,1.4174982522162083,0.0,0,0.0
2026-02-27 22:40:00+00:00,1.4172856274783758,1.4172856274783758,0.0,1,0.5000750112516877
2026-02-27 22:45:00+00:00,1.4228163373511835,1.4172856274783758,0.005530709872807751,1,0.4981311413864998
2026-02-27 22:50:00+00:00,1.4220203912094345,1.4172856274783758,0.004734763731058729,1,0.498409959863733
2026-02-27 22:55:00+00:00,1.4221170949462825,1.4172856274783758,0.004831467467906716,1,0.4983760680655313
2026-02-27 23:00:00+00:00,1.4226935979928763,1.4172856274783758,0.005407970514500582,1,0.49817411641410436
2026-02-27 23:05:00+00:00,1.423790813468652,1.4172856274783758,0.0065051859902762075,1,0.49779020864830775
2026-02-27 23:10:00+00:00,1.4246493685851362,1.4246493685851362,0.0,0,0.0
2026-02-28 13:50:00+00:00,1.4237947712724177,1.4237947712724177,0.0,4,2.000750225059077
2026-02-28 13:55:00+00:00,1.4334835085993054,1.4237947712724177,0.009688737326887712,4,1.9872274023192116
2026-02-28 14:00:00+00:00,1.4417865327303165,1.4237947712724177,0.017991761457898783,4,1.9757832691547708
2026-02-28 14:05:00+00:00,1.4285207999976914,1.4237947712724177,0.004726028725273746,4,1.9941310683511437
2026-02-28 14:10:00+00:00,1.434320426602942,1.4237947712724177,0.010525655330524101,4,1.9860678661657316
2026-02-28 14:15:00+00:00,1.4327266636480065,1.4237947712724177,0.00893189237558884,4,1.988277165030194
2026-02-28 14:20:00+00:00,1.4363737379778838,1.4363737379778838,0.0,0,0.0
2026-03-01 01:50:00+00:00,1.4357274667461735,1.4357274667461735,0.0,3,1.5004501125253178
2026-03-01 01:55:00+00:00,1.4426478680501327,1.4357274667461735,0.00692040130395927,3,1.4932524330740735
2026-03-01 02:00:00+00:00,1.4452355789129891,1.4357274667461735,0.009508112166815751,3,1.4905787474836876
2026-03-01 02:05:00+00:00,1.4689941134316749,1.4357274667461735,0.033266646685501305,3,1.466471117438676
2026-03-01 02:10:00+00:00,1.4621131534693554,1.4357274667461735,0.026385686723181947,3,1.4733725867408636
2026-03-01 02:15:00+00:00,1.4695182643368645,1.4357274667461735,0.033790797590691125,3,1.4659480533963336
2026-03-01 02:20:00+00:00,1.4654900826765618,1.4654900826765618,0.0,0,0.0
2026-03-01 13:55:00+00:00,1.4646109864483337,1.4646109864483337,0.0,4,2.0007502250590767
2026-03-01 14:00:00+00:00,1.4505499433129125,1.4646109864483337,-0.014061043135421095,4,2.0201446866889237
2026-03-01 14:05:00+00:00,1.4564069550201864,1.4646109864483337,-0.00820403142814732,4,2.0120205761581826
2026-03-01 14:10:00+00:00,1.4606613701466489,1.4646109864483337,-0.003949616301684684,4,2.0061602371713976
2026-03-01 14:15:00+00:00,1.4602833262896922,1.4646109864483337,-0.004327660158641461,4,2.006679599777325
2026-03-01 14:20:00+00:00,1.4590974264562824,1.4646109864483337,-0.005513559992051312,4,2.0083105539274273
2026-03-01 14:25:00+00:00,1.4502601481095174,1.4502601481095174,0.0,0,0.0
2026-03-01 18:05:00+00:00,1.450042609087301,1.450042609087301,0.0,1,0.5000750112516877
2026-03-01 18:10:00+00:00,1.4515413932877943,1.450042609087301,0.00149878420049328,1,0.4995586604749263
2026-03-01 18:15:00+00:00,1.449812308100396,1.450042609087301,-0.00023030098690509008,1,0.5001544475814625
2026-03-01 18:20:00+00:00,1.449439439835883,1.450042609087301,-0.0006031692514180547,1,0.500283112302273
2026-03-01 18:25:00+00:00,1.448488991318497,1.450042609087301,-0.0015536177688040196,1,0.5006113808256866
2026-03-01 18:30:00+00:00,1.4484963024609385,1.450042609087301,-0.0015463066263625982,1,0.5006088540390411
2026-03-01 18:35:00+00:00,1.4490574001087344,1.4490574001087344,0.0,0,0.0
2026-03-01 22:15:00+00:00,1.4488400414987181,1.4488400414987181,0.0,1,0.5000750112516877
2026-03-01 22:20:00+00:00,1.4506850613016238,1.4488400414987181,0.0018450198029055518,1,0.49943900256633617
2026-03-01 22:25:00+00:00,1.4517779711211791,1.4488400414987181,0.0029379296224610442,1,0.4990630209761539
2026-03-01 22:30:00+00:00,1.4498036824148854,1.4488400414987181,0.0009636409161673191,1,0.49974262642756295
2026-03-01 22:35:00+00:00,1.4461018910905845,1.4488400414987181,-0.0027381504081335968,1,0.5010218882349711
2026-03-01 22:40:00+00:00,1.446654221859607,1.4488400414987181,-0.002185819639111065,1,0.5008305987059016
2026-03-01 22:45:00+00:00,1.448234876178537,1.448234876178537,0.0,0,0.0
2026-03-02 14:35:00+00:00,1.4473661307449879,1.4473661307449879,0.0,4,2.0007502250590767
2026-03-02 14:40:00+00:00,1.4440978584257858,1.4473661307449879,-0.003268272319202079,4,2.0052783091775077
2026-03-02 14:45:00+00:00,1.4626558130226022,1.4473661307449879,0.015289682277614262,4,1.9798356428411301
2026-03-02 14:50:00+00:00,1.4811024366935948,1.4473661307449879,0.033736305948606785,4,1.9551774678701688
2026-03-02 14:55:00+00:00,1.481158182102046,1.4473661307449879,0.033792051357058144,4,1.9551038820993454
2026-03-02 15:00:00+00:00,1.48808647200906,1.4473661307449879,0.04072034126407224,4,1.9460012346737392
2026-03-02 15:05:00+00:00,1.4995967709241869,1.4995967709241869,0.0,0,0.0
2026-03-04 14:35:00+00:00,1.4989220535949919,1.4989220535949919,0.0,3,1.5004501125253178
2026-03-04 14:40:00+00:00,1.476715933444809,1.4989220535949919,-0.022206120150182848,3,1.523013135462551
2026-03-04 14:45:00+00:00,1.459362003091023,1.4989220535949919,-0.039560050503968935,3,1.541123970077086
2026-03-04 14:50:00+00:00,1.4697849929086124,1.4989220535949919,-0.02913706068637942,3,1.530195079439845
2026-03-04 14:55:00+00:00,1.4722481206438787,1.4989220535949919,-0.026673932951113158,3,1.5276350042136067
2026-03-04 15:00:00+00:00,1.4702674301377903,1.4989220535949919,-0.02865462345720155,3,1.5296929782172413
2026-03-04 15:05:00+00:00,1.4734706385362335,1.4734706385362335,0.0,0,0.0
2026-03-09 05:45:00+00:00,1.473249617940453,1.473249617940453,0.0,1,0.5000750112516877
2026-03-09 05:50:00+00:00,1.4746444615938867,1.473249617940453,0.0013948436534335818,1,0.4996019979431569
2026-03-09 05:55:00+00:00,1.473800522576683,1.473249617940453,0.0005509046362300619,1,0.4998880838907993
2026-03-09 06:00:00+00:00,1.4742810989614794,1.473249617940453,0.0010314810210264153,1,0.4997251336852189
2026-03-09 06:05:00+00:00,1.4740818355824177,1.473249617940453,0.0008322176419645684,1,0.49979268551059014
2026-03-09 06:10:00+00:00,1.4735426523214266,1.473249617940453,0.00029303438097345804,1,0.4999755644042337
2026-03-09 06:15:00+00:00,1.472583185085593,1.472583185085593,0.0,0,0.0
2026-03-10 02:35:00+00:00,1.47236229760783,1.47236229760783,0.0,1,0.5000750112516877
2026-03-10 02:40:00+00:00,1.4727568979362526,1.47236229760783,0.000394600328422545,1,0.49994102460124173
2026-03-10 02:45:00+00:00,1.4757116651954814,1.47236229760783,0.003349367587651195,1,0.49894000969712676
2026-03-10 02:50:00+00:00,1.4782634139859476,1.47236229760783,0.005901116378117564,1,0.49807874941413904
2026-03-10 02:55:00+00:00,1.4761988650676405,1.47236229760783,0.0038365674598103494,1,0.4987753411591053
2026-03-10 03:00:00+00:00,1.4752044722400155,1.47236229760783,0.002842174632185392,1,0.4991115512446752
2026-03-10 03:05:00+00:00,1.4727064778003687,1.4727064778003687,0.0,0,0.0
2026-03-11 13:35:00+00:00,1.4724855718286987,1.4724855718286987,0.0,1,0.5000750112516877
2026-03-11 13:40:00+00:00,1.4779080655214862,1.4724855718286987,0.005422493692787609,1,0.4982402194553008
2026-03-11 13:45:00+00:00,1.4717364115158793,1.4724855718286987,-0.0007491603128192751,1,0.5003295652254367
2026-03-11 13:50:00+00:00,1.4697957295626711,1.4724855718286987,-0.002689842266027469,1,0.5009901880169987
2026-03-11 13:55:00+00:00,1.4654898414789905,1.4724855718286987,-0.006995730349708127,1,0.5024621925437897
2026-03-11 14:00:00+00:00,1.4674126862818935,1.4724855718286987,-0.005072885546805144,1,0.5018037841596861
2026-03-11 14:05:00+00:00,1.4700849660897304,1.4700849660897304,0.0,0,0.0
2026-03-12 09:45:00+00:00,1.4698644533448169,1.4698644533448169,0.0,1,0.5000750112516877
2026-03-12 09:50:00+00:00,1.4672493547903809,1.4698644533448169,-0.002615098554435938,1,0.5009663017707562
2026-03-12 09:55:00+00:00,1.467859425530911,1.4698644533448169,-0.0020050278139058676,1,0.5007580904956258
2026-03-12 10:00:00+00:00,1.4678237488794181,1.4698644533448169,-0.0020407044653988067,1,0.5007702618287919
2026-03-12 10:05:00+00:00,1.4679450494944941,1.4698644533448169,-0.001919403850322764,1,0.5007288817098342
2026-03-12 10:10:00+00:00,1.4672493547903809,1.4698644533448169,-0.002615098554435938,1,0.5009663017707562
2026-03-12 10:15:00+00:00,1.467535450496668,1.467535450496668,0.0,0,0.0
2026-03-13 00:15:00+00:00,1.4673153201790936,1.4673153201790936,0.0,1,0.5000750112516877
2026-03-13 00:20:00+00:00,1.4688812280910324,1.4673153201790936,0.0015659079119387327,1,0.49954190387601544
2026-03-13 00:25:00+00:00,1.4714917627708568,1.4673153201790936,0.004176442591763168,1,0.49865567977535297
2026-03-13 00:30:00+00:00,1.4710737056157248,1.4673153201790936,0.003758385436631151,1,0.49879739026482844
2026-03-13 00:35:00+00:00,1.4757900096695469,1.4673153201790936,0.008474689490453376,1,0.4972033422374477
2026-03-13 00:40:00+00:00,1.4737523681282372,1.4673153201790936,0.006437047949143537,1,0.49789078621143623
2026-03-13 00:45:00+00:00,1.4711353767879056,1.4711353767879056,0.0,0,0.0
2026-03-13 12:50:00+00:00,1.4706940692754151,1.4706940692754151,0.0,2,1.0002250450084391
2026-03-13 12:55:00+00:00,1.4673275188707346,1.4706940692754151,-0.0033665504046804517,2,1.0025199028276641
2026-03-13 13:00:00+00:00,1.4684959568534166,1.4706940692754151,-0.0021981124219985515,2,1.0017222279499147
2026-03-13 13:05:00+00:00,1.4689863610102514,1.4706940692754151,-0.001707708265163844,2,1.001387814535591
2026-03-13 13:10:00+00:00,1.4699461095026627,1.4706940692754151,-0.0007479597727524651,2,1.0007339943451048
2026-03-13 13:15:00+00:00,1.4732895694416814,1.4706940692754151,0.0025955001662662782,2,0.9984629445195263
2026-03-13 13:20:00+00:00,1.4945542246800718,1.4945542246800718,0.0,0,0.0
2026-03-15 17:55:00+00:00,1.4943300415463698,1.4943300415463698,0.0,1,0.5000750112516877
2026-03-15 18:00:00+00:00,1.4920875038982795,1.4943300415463698,-0.0022425376480903173,1,0.5008266005764902
2026-03-15 18:05:00+00:00,1.4916743119221747,1.4943300415463698,-0.002655729624195225,1,0.5009653289377176
2026-03-15 18:10:00+00:00,1.4917449430292011,1.4943300415463698,-0.002585098517168764,1,0.5009416092422495
2026-03-15 18:15:00+00:00,1.4913635350512582,1.4943300415463698,-0.0029665064951116854,1,0.5010697222889736
2026-03-15 18:20:00+00:00,1.4920980985643333,1.4943300415463698,-0.00223194298203646,1,0.5008230444493234
2026-03-15 18:25:00+00:00,1.491280614131609,1.491280614131609,0.0,0,0.0
2026-03-15 22:35:00+00:00,1.4910569220394894,1.4910569220394894,0.0,1,0.5000750112516877
2026-03-15 22:40:00+00:00,1.4949089818467693,1.4910569220394894,0.0038520598072799977,1,0.4987864252074137
2026-03-15 22:45:00+00:00,1.497645607069567,1.4910569220394894,0.006588685030077699,1,0.49787500029783005
2026-03-15 22:50:00+00:00,1.4990104555984054,1.4910569220394894,0.00795353355891597,1,0.4974216852731322
2026-03-15 22:55:00+00:00,1.5005866131634344,1.4910569220394894,0.009529691123944993,1,0.49689921296438627
2026-03-15 23:00:00+00:00,1.5018787159585023,1.4910569220394894,0.010821793919012902,1,0.4964717184835629
2026-03-15 23:05:00+00:00,1.503861644457423,1.503861644457423,0.0,0,0.0
2026-03-16 03:25:00+00:00,1.5036360652107545,1.5036360652107545,0.0,1,0.5000750112516877
2026-03-16 03:30:00+00:00,1.5015126600676154,1.5036360652107545,-0.002123405143139079,1,0.50078220598876
2026-03-16 03:35:00+00:00,1.5160774748772339,1.5034086194726624,0.012668855404571433,2,0.9960462493242012
2026-03-16 03:40:00+00:00,1.5190475924211535,1.5034086194726624,0.01563897294849105,2,0.994098730066455
2026-03-16 03:45:00+00:00,1.5146661702539144,1.5034086194726624,0.011257550781252009,2,0.9969743248990822
2026-03-16 03:50:00+00:00,1.511648689165466,1.5034086194726624,0.008240069692803508,2,0.9989644375440463
2026-03-16 03:55:00+00:00,1.5143243907538575,1.5141340847282503,0.0001903060256073089,1,0.5006539318370493
2026-03-16 04:00:00+00:00,1.512468649833882,1.5141340847282503,-0.0016654348943684304,1,0.5012682149748576
2026-03-16 04:05:00+00:00,1.5137142756021118,1.5137142756021118,0.0,0,0.0
2026-03-16 13:35:00+00:00,1.5134872184607715,1.5134872184607715,0.0,1,0.5000750112516877
2026-03-16 13:40:00+00:00,1.512131986594054,1.5134872184607715,-0.0013552318667177053,1,0.5005231980482147
2026-03-16 13:45:00+00:00,1.5053558272604652,1.5134872184607715,-0.008131391200306232,1,0.5027762367509009
2026-03-16 13:50:00+00:00,1.5059138639114666,1.5134872184607715,-0.007573354549304859,1,0.5025899262492957
2026-03-16 13:55:00+00:00,1.5019278878328852,1.5134872184607715,-0.011559330627886348,1,0.5039237528861099
2026-03-16 14:00:00+00:00,1.5029642416133164,1.5134872184607715,-0.010522976847455142,1,0.5035762773628121
2026-03-16 14:05:00+00:00,1.505128770119125,1.505128770119125,0.0,0,0.0
2026-03-18 17:40:00+00:00,1.504903000803607,1.504903000803607,0.0,1,0.5000750112516877
2026-03-18 17:45:00+00:00,1.5023185878273306,1.504903000803607,-0.0025844129762763626,1,0.5009352817420233
2026-03-18 17:50:00+00:00,1.5029021649510061,1.504903000803607,-0.0020008358526010118,1,0.500740768501119
2026-03-18 17:55:00+00:00,1.5019017470247056,1.504903000803607,-0.0030012537789015177,1,0.5010743123179703
2026-03-18 18:00:00+00:00,1.5015682743826053,1.504903000803607,-0.0033347264210016585,1,0.5011855923560931
2026-03-18 18:05:00+00:00,1.5085711998667088,1.504903000803607,0.003668199063101799,1,0.49885904299780875
2026-03-18 18:10:00+00:00,1.5070115399827904,1.5070115399827904,0.0,0,0.0
2026-03-19 03:20:00+00:00,1.506785488251793,1.506785488251793,0.0,1,0.5000750112516877
2026-03-19 03:25:00+00:00,1.5082870629389582,1.506785488251793,0.0015015746871651237,1,0.49957716173946276
2026-03-19 03:30:00+00:00,1.50822605087492,1.506785488251793,0.0014405626231268568,1,0.49959737106668295
2026-03-19 03:35:00+00:00,1.505399158574478,1.506785488251793,-0.0013863296773150824,1,0.5005355328515791
2026-03-19 03:40:00+00:00,1.5034399934070255,1.506785488251793,-0.00334549484476746,1,0.5011877915285702
2026-03-19 03:45:00+00:00,1.5020299368159178,1.506785488251793,-0.004755551435875267,1,0.5016582902393519
2026-03-19 03:50:00+00:00,1.5033630822770108,1.5033630822770108,0.0,0,0.0
2026-03-19 13:45:00+00:00,1.5031375778146692,1.5031375778146692,0.0,1,0.5000750112516877
2026-03-19 13:50:00+00:00,1.5038938603678054,1.5031375778146692,0.0007562825531361786,1,0.49982353206406976
2026-03-19 13:55:00+00:00,1.504882304076788,1.5031375778146692,0.0017447262621188152,1,0.49949523567535425
2026-03-19 14:00:00+00:00,1.5030496379829092,1.5031375778146692,-8.793983176001689e-05,1,0.500104269442
2026-03-19 14:05:00+00:00,1.502145616512416,1.5031375778146692,-0.0009919613022531006,1,0.5004052422585439
2026-03-19 14:10:00+00:00,1.5000245077703644,1.5031375778146692,-0.0031130700443047312,1,0.5011128399867308
2026-03-19 14:15:00+00:00,1.4991728717058914,1.4991728717058914,0.0,0,0.0
2026-03-20 08:10:00+00:00,1.4987231535757692,1.4987231535757692,0.0,2,1.000225045008439
2026-03-20 08:15:00+00:00,1.5001080005143304,1.4987231535757692,0.0013848469385612098,2,0.9993016724306131
2026-03-20 08:20:00+00:00,1.4979993152615845,1.4987231535757692,-0.0007238383141847172,2,1.0007083571188038
2026-03-20 08:25:00+00:00,1.4969674051772461,1.4987231535757692,-0.0017557483985231538,2,1.0013981791160105
2026-03-20 08:30:00+00:00,1.495187660528765,1.4987231535757692,-0.003535493047004076,2,1.002590158622884
2026-03-20 08:35:00+00:00,1.4954646044093378,1.4987231535757692,-0.003258549166431481,2,1.0024044897622941
2026-03-20 08:40:00+00:00,1.4941873255310059,1.4941873255310059,0.0,0,0.0
2026-03-20 21:20:00+00:00,1.4939631974321763,1.4939631974321763,0.0,1,0.5000750112516877
2026-03-20 21:25:00+00:00,1.4930645439525532,1.4939631974321763,-0.0008986534796231405,1,0.5003759990092191
2026-03-20 21:30:00+00:00,1.4936696514252712,1.4939631974321763,-0.00029354600690519424,1,0.5001732893565992
2026-03-20 21:35:00+00:00,1.4939854518225915,1.4939631974321763,2.225439041507216e-05,1,0.5000675621399687
2026-03-20 21:40:00+00:00,1.4940946043089136,1.4939631974321763,0.00013140687673725643,1,0.5000310292339671
2026-03-20 21:45:00+00:00,1.492670323322341,1.4939631974321763,-0.0012928741098351586,1,0.5005081504552487
2026-03-20 21:50:00+00:00,1.4938863722032376,1.4938863722032376,0.0,0,0.0
2026-03-22 00:10:00+00:00,1.4932142241680344,1.4932142241680344,0.0,3,1.500450112525318
2026-03-22 00:15:00+00:00,1.4892585606399977,1.4932142241680344,-0.003955663528036734,3,1.504435502263957
2026-03-22 00:20:00+00:00,1.4965504772740705,1.4932142241680344,0.0033362531060360952,3,1.4971051659803254
2026-03-22 00:25:00+00:00,1.495982332988788,1.4932142241680344,0.0027681088207535433,3,1.4976737366952078
2026-03-22 00:30:00+00:00,1.4998850631799447,1.4932142241680344,0.006670839011910411,3,1.4937767604186984
2026-03-22 00:35:00+00:00,1.5058203260115852,1.4932142241680344,0.012606101843550899,3,1.4878889678768323
2026-03-22 00:40:00+00:00,1.5015035315636822,1.5015035315636822,0.0,0,0.0
2026-03-23 11:10:00+00:00,1.5006028321274512,1.5006028321274512,0.0,4,2.0007502250590767
2026-03-23 11:15:00+00:00,1.5007709571282675,1.5006028321274512,0.0001681250008162628,4,2.000526089502866
2026-03-23 11:20:00+00:00,1.4960083851309165,1.5006028321274512,-0.004594446996534612,4,2.0068948034944003
2026-03-23 11:25:00+00:00,1.4823180937992808,1.5006028321274512,-0.018284738328170368,4,2.0254299442625765
2026-03-23 11:30:00+00:00,1.4924107991698083,1.5006028321274512,-0.008192032957642916,4,2.01173259787011
2026-03-23 11:35:00+00:00,1.5017155952547747,1.5006028321274512,0.0011127631273234715,4,1.999267679972334
2026-03-23 11:40:00+00:00,1.481195826621004,1.481195826621004,0.0,0,0.0
2026-03-24 20:25:00+00:00,1.4807515011999237,1.4807515011999237,0.0,2,1.000225045008439
2026-03-24 20:30:00+00:00,1.4797072138435443,1.4807515011999237,-0.0010442873563792977,2,1.0009309430119522
2026-03-24 20:35:00+00:00,1.4811390067719676,1.4807515011999237,0.00038750557204384275,2,0.999963359389151
2026-03-24 20:40:00+00:00,1.4851399989141387,1.4807515011999237,0.004388497714214952,2,0.9972694412761783
2026-03-24 20:45:00+00:00,1.4838812241133061,1.4807515011999237,0.003129722913382418,2,0.9981154238399573
2026-03-24 20:50:00+00:00,1.4846833553324839,1.4807515011999237,0.003931854132560036,2,0.9975761711171937
2026-03-24 20:55:00+00:00,1.4839246904681158,1.4839246904681158,0.0,0,0.0
2026-03-26 20:15:00+00:00,1.483479546449281,1.483479546449281,0.0,2,1.000225045008439
2026-03-26 20:20:00+00:00,1.4843727671695324,1.483479546449281,0.0008932207202514779,2,0.9996231599867813
2026-03-26 20:25:00+00:00,1.4860051220977053,1.483479546449281,0.002525575648424373,2,0.9985250885419017
2026-03-26 20:30:00+00:00,1.4831580426274593,1.483479546449281,-0.0003215038218215484,2,1.0004418635573795
2026-03-26 20:35:00+00:00,1.483674291862588,1.483479546449281,0.00019474541330709533,2,1.0000937565977288
2026-03-26 20:40:00+00:00,1.4852916351645191,1.483479546449281,0.0018120887152381806,2,0.9990047482843161
2026-03-26 20:45:00+00:00,1.4843634964303707,1.4843634964303707,0.0,0,0.0
2026-03-28 13:45:00+00:00,1.4841408419059061,1.4841408419059061,0.0,1,0.5000750112516877
2026-03-28 13:50:00+00:00,1.483013156512311,1.4841408419059061,-0.0011276853935951183,1,0.5004552690285079
2026-03-28 13:55:00+00:00,1.4834891276199973,1.4841408419059061,-0.0006517142859088601,1,0.5002947001073665
2026-03-28 14:00:00+00:00,1.4835586926280437,1.4841408419059061,-0.0005821492778624153,1,0.500271240971566
2026-03-28 14:05:00+00:00,1.481365564216474,1.4841408419059061,-0.002775277689432166,1,0.501011881295986
2026-03-28 14:10:00+00:00,1.4826909606855696,1.4841408419059061,-0.001449881220336569,1,0.5005640203485249
2026-03-28 14:15:00+00:00,1.4821094971722337,1.4821094971722337,0.0,0,0.0
2026-03-29 22:55:00+00:00,1.4812204315387048,1.4812204315387048,0.0,4,2.0007502250590767
2026-03-29 23:00:00+00:00,1.50141412419884,1.4812204315387048,0.020193692660135217,4,1.9738405706983264
2026-03-29 23:05:00+00:00,1.5109136973061061,1.4812204315387048,0.029693265767401403,4,1.9614304357999082
2026-03-29 23:10:00+00:00,1.5114379889880056,1.4812204315387048,0.030217557449300776,4,1.9607500495256402
2026-03-29 23:15:00+00:00,1.5137383296587397,1.4812204315387048,0.032517898120034944,4,1.9577704109740524
2026-03-29 23:20:00+00:00,1.5148704954895806,1.4812204315387048,0.033650063950875914,4,1.9563072358904159
2026-03-29 23:25:00+00:00,1.5147173449774232,1.5147173449774232,0.0,0,0.0
2026-03-30 00:20:00+00:00,1.5138087190368303,1.5138087190368303,0.0,4,2.0007502250590767
2026-03-30 00:25:00+00:00,1.4974690514008764,1.5138087190368303,-0.01633966763595394,4,2.022581456675812
2026-03-30 00:30:00+00:00,1.495961491158996,1.5138087190368303,-0.017847227877834423,4,2.024619719965388
2026-03-30 00:35:00+00:00,1.4934232593707817,1.5138087190368303,-0.020385459666048614,4,2.028060776678558
2026-03-30 00:40:00+00:00,1.4834131864882956,1.5138087190368303,-0.030395532548534707,4,2.041746131756682
2026-03-30 00:45:00+00:00,1.4841421786716515,1.5138087190368303,-0.029666540365178785,4,2.0407432514451878
2026-03-30 00:50:00+00:00,1.4844388554472556,1.4844388554472556,0.0,0,0.0
2026-03-31 13:50:00+00:00,1.4842161896189385,1.4842161896189385,0.0,1,0.5000750112516877
2026-03-31 13:55:00+00:00,1.4860250892170677,1.4842161896189385,0.0018088995981292216,1,0.4994662829782209
2026-03-31 14:00:00+00:00,1.4853088135372714,1.4842161896189385,0.0010926239183329297,1,0.49970714571876
2026-03-31 14:05:00+00:00,1.485138849816642,1.4842161896189385,0.0009226601977034325,1,0.4997643336953064
2026-03-31 14:10:00+00:00,1.484240470150457,1.4842161896189385,2.428053151842898e-05,1,0.5000668305779247
2026-03-31 14:15:00+00:00,1.4868384870229379,1.4842161896189385,0.002622297403999229,1,0.4991930422851486
2026-03-31 14:20:00+00:00,1.488764648234009,1.488764648234009,0.0,0,0.0
2026-03-31 16:40:00+00:00,1.4883180523367434,1.4883180523367434,0.0,2,1.000225045008439
2026-03-31 16:45:00+00:00,1.4965249174855746,1.4883180523367434,0.008206865148831101,2,0.9947398626590132
2026-03-31 16:50:00+00:00,1.4980030767624355,1.4883180523367434,0.009685024425692147,2,0.9937582999513913
2026-03-31 16:55:00+00:00,1.4952844775504326,1.4883180523367434,0.006966425213689074,2,0.9955650668721547
2026-03-31 17:00:00+00:00,1.4954430791529159,1.4883180523367434,0.007125026816172364,2,0.9954594806300681
2026-03-31 17:05:00+00:00,1.4978939477796256,1.4883180523367434,0.009575895442882242,2,0.993830700158758
2026-03-31 17:10:00+00:00,1.4937876494572315,1.4937876494572315,0.0,0,0.0
2026-04-01 12:45:00+00:00,1.4928915785087247,1.4928915785087247,0.0,4,2.0007502250590767
2026-04-01 12:50:00+00:00,1.4793922227948484,1.4928915785087247,-0.013499355713876303,4,2.0190069378946123
2026-04-01 12:55:00+00:00,1.4778008781419663,1.4928915785087247,-0.015090700366758362,4,2.021181071055766
2026-04-01 13:00:00+00:00,1.4780804176586653,1.4928915785087247,-0.014811160850059308,4,2.02079881852538
2026-04-01 13:05:00+00:00,1.4718698819838978,1.4928915785087247,-0.02102169652482686,4,2.029325552652899
2026-04-01 13:10:00+00:00,1.4726721765925053,1.4928915785087247,-0.02021940191621938,4,2.0282199997838486
2026-04-01 13:15:00+00:00,1.4792332887016426,1.4792332887016426,0.0,0,0.0
2026-04-02 14:35:00+00:00,1.4790114037083373,1.4790114037083373,0.0,1,0.5000750112516877
2026-04-02 14:40:00+00:00,1.4804880176123743,1.4790114037083373,0.001476613904036996,1,0.4995762448274471
2026-04-02 14:45:00+00:00,1.4814510266802245,1.4790114037083373,0.0024396229718873395,1,0.49925149804528074
2026-04-02 14:50:00+00:00,1.4784207581467224,1.4790114037083373,-0.0005906455616148641,1,0.5002747967892235
2026-04-02 14:55:00+00:00,1.4786647204439112,1.4790114037083373,-0.00034668326442604803,1,0.5001922573284769
2026-04-02 15:00:00+00:00,1.4795250085445242,1.4790114037083373,0.0005136048361868169,1,0.4999014143589338
2026-04-02 15:05:00+00:00,1.4792132427048863,1.4792132427048863,0.0,0,0.0
2026-04-05 15:30:00+00:00,1.4783259144330827,1.4783259144330827,0.0,4,2.0007502250590767
2026-04-05 15:35:00+00:00,1.475217249165306,1.4783259144330827,-0.003108665267776808,4,2.0049663245777456
2026-04-05 15:40:00+00:00,1.473324683819225,1.4783259144330827,-0.005001230613857518,4,2.007541812403089
2026-04-05 15:45:00+00:00,1.4756022019733184,1.4783259144330827,-0.0027237124597642875,4,2.004443272080545
2026-04-05 15:50:00+00:00,1.4724561794403859,1.4783259144330827,-0.005869734992696822,4,2.008725928357859
2026-04-05 15:55:00+00:00,1.472182778017164,1.4783259144330827,-0.00614313641591888,4,2.0090989720694665
2026-04-05 16:00:00+00:00,1.4676090590666997,1.4676090590666997,0.0,0,0.0
2026-04-06 07:25:00+00:00,1.4673889177078396,1.4673889177078396,0.0,1,0.5000750112516877
2026-04-06 07:30:00+00:00,1.4670852811551842,1.4673889177078396,-0.00030363655265536297,1,0.5001785097015979
2026-04-06 07:35:00+00:00,1.4663444079667052,1.4673889177078396,-0.001044509741134429,1,0.5004312258065443
2026-04-06 07:40:00+00:00,1.466162226035112,1.4673889177078396,-0.0012266916727277609,1,0.5004934082347423
2026-04-06 07:45:00+00:00,1.465154152680296,1.4673889177078396,-0.0022347650275435886,1,0.5008377638564218
2026-04-06 07:50:00+00:00,1.4660650623382623,1.4673889177078396,-0.0013238553695774184,1,0.5005265785155452
2026-04-06 07:55:00+00:00,1.4674481219774225,1.4674481219774225,0.0,0,0.0
2026-04-07 09:10:00+00:00,1.467228004759126,1.467228004759126,0.0,1,0.5000750112516877
2026-04-07 09:15:00+00:00,1.4655920728732377,1.467228004759126,-0.0016359318858883115,1,0.5006332079500628
2026-04-07 09:20:00+00:00,1.4657263914912368,1.467228004759126,-0.0015016132678890607,1,0.5005873301102377
2026-04-07 09:25:00+00:00,1.4651133475424198,1.467228004759126,-0.0021146572167060726,1,0.5007967896951178
2026-04-07 09:30:00+00:00,1.4652201136233935,1.467228004759126,-0.0020078911357323094,1,0.5007602981740809
2026-04-07 09:35:00+00:00,1.4666872862200007,1.467228004759126,-0.0005407185391252707,1,0.5002593721799358
2026-04-07 09:40:00+00:00,1.466463724934576,1.466463724934576,0.0,0,0.0
2026-04-07 21:10:00+00:00,1.4658039152397075,1.4658039152397075,0.0,3,1.5004501125253178
2026-04-07 21:15:00+00:00,1.4685951655597218,1.4658039152397075,0.002791250320014256,3,1.497598317861296
2026-04-07 21:20:00+00:00,1.4641975847791522,1.4658039152397075,-0.0016063304605552799,3,1.5020962146261192
2026-04-07 21:25:00+00:00,1.4619838137864771,1.4658039152397075,-0.003820101453230501,3,1.5043707247792335
2026-04-07 21:30:00+00:00,1.4584246482463488,1.4658039152397075,-0.007379266993358678,3,1.5080420179445337
2026-04-07 21:35:00+00:00,1.4608003309261504,1.4658039152397075,-0.0050035843135572714,3,1.505589506655621
2026-04-07 21:40:00+00:00,1.4670378370681687,1.4670378370681687,0.0,0,0.0
2026-04-08 13:10:00+00:00,1.4668177813926084,1.4668177813926084,0.0,1,0.5000750112516877
2026-04-08 13:15:00+00:00,1.4666722996554933,1.4668177813926084,-0.00014548173711516013,1,0.5001246145484446
2026-04-08 13:20:00+00:00,1.466403562557767,1.4668177813926084,-0.00041421883484145974,1,0.5002162687429972
2026-04-08 13:25:00+00:00,1.465088165184685,1.4668177813926084,-0.0017296162079233784,1,0.5006653769820186
2026-04-08 13:30:00+00:00,1.4652528424287805,1.4668177813926084,-0.0015649389638279544,1,0.5006091080623428
2026-04-08 13:35:00+00:00,1.4615622536393273,1.4668177813926084,-0.005255527753281138,1,0.5018731954164822
2026-04-08 13:40:00+00:00,1.457881955258079,1.457881955258079,0.0,0,0.0
2026-04-08 23:15:00+00:00,1.4576632729647903,1.4576632729647903,0.0,1,0.5000750112516877
2026-04-08 23:20:00+00:00,1.4551117595850387,1.4576632729647903,-0.0025515133797515722,1,0.5009518841610593
2026-04-08 23:25:00+00:00,1.4546718434850816,1.4576632729647903,-0.002991429479708673,1,0.5011033800466319
2026-04-08 23:30:00+00:00,1.4542319273851243,1.4576632729647903,-0.0034313455796659356,1,0.5012549675894952
2026-04-08 23:35:00+00:00,1.454759826705073,1.4576632729647903,-0.0029034462597173176,1,0.501073073539595
2026-04-08 23:40:00+00:00,1.454759826705073,1.4576632729647903,-0.0029034462597173176,1,0.501073073539595
2026-04-08 23:45:00+00:00,1.4543651779718014,1.4543651779718014,0.0,0,0.0
2026-04-09 15:15:00+00:00,1.453710811806455,1.453710811806455,0.0,3,1.500450112525318
2026-04-09 15:20:00+00:00,1.4546831535695652,1.453710811806455,0.0009723417631102467,3,1.4994471791344337
2026-04-09 15:25:00+00:00,1.4560992344689279,1.453710811806455,0.0023884226624729605,3,1.4979889416326815
2026-04-09 15:30:00+00:00,1.4517327869403207,1.453710811806455,-0.0019780248661342703,3,1.5024945160544443
2026-04-09 15:35:00+00:00,1.4804492843787338,1.453710811806455,0.026738472572278696,3,1.4733504039414695
2026-04-09 15:40:00+00:00,1.471890086552621,1.453710811806455,0.018179274746165895,3,1.4819180936689371
2026-04-09 15:45:00+00:00,1.4777369275604102,1.4777369275604102,0.0,0,0.0
2026-04-09 22:20:00+00:00,1.4775152670212761,1.4775152670212761,0.0,1,0.5000750112516877
2026-04-09 22:25:00+00:00,1.4754385785178536,1.4775152670212761,-0.002076688503422478,1,0.5007788697801522
2026-04-09 22:30:00+00:00,1.4731023039515032,1.4775152670212761,-0.0044129630697729095,1,0.5015730827371849
2026-04-09 22:35:00+00:00,1.472063959699792,1.4775152670212761,-0.005451307321484067,1,0.5019268754673456
2026-04-09 22:40:00+00:00,1.4693815703828712,1.4775152670212761,-0.008133696638404856,1,0.5028431543398771
2026-04-09 22:45:00+00:00,1.4691219843199435,1.4775152670212761,-0.008393282701332728,1,0.5029320040583474
2026-04-09 22:50:00+00:00,1.4697656106572354,1.4697656106572354,0.0,0,0.0
2026-04-12 01:55:00+00:00,1.4695451458156368,1.4695451458156368,0.0,1,0.5000750112516877
2026-04-12 02:00:00+00:00,1.4688033519642594,1.4695451458156368,-0.000741793851377343,1,0.5003275655286629
2026-04-12 02:05:00+00:00,1.4673568539540738,1.4695451458156368,-0.002188291861562925,1,0.5008207808130213
2026-04-12 02:10:00+00:00,1.4689393475036787,1.4695451458156368,-0.0006057983119581117,1,0.5002812448161869
2026-04-12 02:15:00+00:00,1.4713254510589424,1.4695451458156368,0.0017803052433055578,1,0.49946991999608775
2026-04-12 02:20:00+00:00,1.47303157691711,1.4695451458156368,0.0034864311014732347,1,0.4988914133576451
2026-04-12 02:25:00+00:00,1.4713522508344694,1.4713522508344694,0.0,0,0.0
2026-04-13 12:55:00+00:00,1.4711315479968443,1.4711315479968443,0.0,1,0.5000750112516877
2026-04-13 13:00:00+00:00,1.469567170561014,1.4711315479968443,-0.0015643774358302127,1,0.5006073489899662
2026-04-13 13:05:00+00:00,1.4711415975306932,1.4711315479968443,1.0049533848947097e-05,1,0.5000715951829959
2026-04-13 13:10:00+00:00,1.4702739877750617,1.4711315479968443,-0.0008575602217826997,1,0.5003666877970954
2026-04-13 13:15:00+00:00,1.4721666499832928,1.4711315479968443,0.0010351019864485752,1,0.4997234011690074
2026-04-13 13:20:00+00:00,1.4715301795061886,1.4711315479968443,0.00039863150934434517,1,0.4999395429756735
2026-04-13 13:25:00+00:00,1.471433420919368,1.471433420919368,0.0,0,0.0
2026-04-13 13:50:00+00:00,1.47121270590623,1.47121270590623,0.0,1,0.5000750112516877
2026-04-13 13:55:00+00:00,1.4705623024892571,1.47121270590623,-0.0006504034169729559,1,0.5002961854892637
2026-04-13 14:00:00+00:00,1.4717526634599436,1.47121270590623,0.0005399575537134899,1,0.4998915434133392
2026-04-13 14:05:00+00:00,1.4709181836042047,1.47121270590623,-0.0002945223020254879,1,0.5001751413915834
2026-04-13 14:10:00+00:00,1.4708322812661139,1.47121270590623,-0.000380424640116211,1,0.5002043535693739
2026-04-13 14:15:00+00:00,1.47121270590623,1.47121270590623,0.0,1,0.5000750112516877
2026-04-13 14:20:00+00:00,1.4705992944903916,1.4705992944903916,0.0,0,0.0
2026-04-13 22:15:00+00:00,1.4697171334247496,1.4697171334247496,0.0,4,2.0007502250590767
2026-04-13 22:20:00+00:00,1.490154638729416,1.4697171334247496,0.020437505304666356,4,1.9733098894890568
2026-04-13 22:25:00+00:00,1.4952417057770335,1.4697171334247496,0.02552457235228399,4,1.9665963530255048
2026-04-13 22:30:00+00:00,1.4935999366049963,1.4697171334247496,0.023882803180246687,4,1.9687580411637469
2026-04-13 22:35:00+00:00,1.503167717544004,1.4697171334247496,0.03345058411925429,4,1.9562267411365342
2026-04-13 22:40:00+00:00,1.4968115905918076,1.4697171334247496,0.027094457167057905,4,1.9645337489069838
2026-04-13 22:45:00+00:00,1.501301328099917,1.501301328099917,0.0,0,0.0
2026-04-15 00:05:00+00:00,1.501076132900702,1.501076132900702,0.0,1,0.5000750112516877
2026-04-15 00:10:00+00:00,1.5017894770750038,1.501076132900702,0.0007133441743016338,1,0.499837477561756
2026-04-15 00:15:00+00:00,1.5010448989043697,1.501076132900702,-3.123399633234224e-05,1,0.5000854168971676
2026-04-15 00:20:00+00:00,1.499521485921963,1.501076132900702,-0.0015546469787391293,1,0.5005934700485001
2026-04-15 00:25:00+00:00,1.5013501860298122,1.501076132900702,0.00027405312911018035,1,0.4999837286695836
2026-04-15 00:30:00+00:00,1.501436835180928,1.501076132900702,0.00036070228022597395,1,0.4999548741985557
2026-04-15 00:35:00+00:00,1.5005063561935619,1.5005063561935619,0.0,0,0.0
2026-04-16 14:00:00+00:00,1.5002812802401329,1.5002812802401329,0.0,1,0.5000750112516877
2026-04-16 14:05:00+00:00,1.4987761700173756,1.5002812802401329,-0.0015051102227573296,1,0.5005771996548911
2026-04-16 14:10:00+00:00,1.5010781032992397,1.5002812802401329,0.0007968230591068949,1,0.4998095545113804
2026-04-16 14:15:00+00:00,1.498864705912832,1.5002812802401329,-0.0014165743273009523,1,0.5005476312419173
2026-04-16 14:20:00+00:00,1.4955888777809483,1.5002812802401329,-0.0046924024591844925,1,0.5016439940433062
2026-04-16 14:25:00+00:00,1.495146198303667,1.5002812802401329,-0.005135081936466046,1,0.5017925196532541
2026-04-16 14:30:00+00:00,1.4966033043639078,1.4966033043639078,0.0,0,0.0
2026-04-16 18:30:00+00:00,1.4963788138682532,1.4963788138682532,0.0,1,0.5000750112516877
2026-04-16 18:35:00+00:00,1.4970197269696652,1.4963788138682532,0.0006409131014119121,1,0.49986091612613537
2026-04-16 18:40:00+00:00,1.497791196443587,1.4963788138682532,0.0014123825753337873,1,0.49960345204241424
2026-04-16 18:45:00+00:00,1.49925105406347,1.4963788138682532,0.002872240195216864,1,0.49911697587525916
2026-04-16 18:50:00+00:00,1.5027286010766872,1.4963788138682532,0.006349787208433922,1,0.49796194179428316
2026-04-16 18:55:00+00:00,1.503215220283315,1.4963788138682532,0.0068364064150615595,1,0.497800742092619
2026-04-16 19:00:00+00:00,1.5030619423544838,1.5030619423544838,0.0,0,0.0
2026-04-17 09:30:00+00:00,1.5028364830631307,1.5028364830631307,0.0,1,0.5000750112516877
2026-04-17 09:35:00+00:00,1.4951849594138658,1.5028364830631307,-0.007651523649264829,1,0.5026341165656542
2026-04-17 09:40:00+00:00,1.4943441326392215,1.5028364830631307,-0.008492350423909252,1,0.5029169351037854
2026-04-17 09:45:00+00:00,1.4952690420913304,1.5028364830631307,-0.007567440971800319,1,0.5026058522057857
2026-04-17 09:50:00+00:00,1.4955212901237238,1.5028364830631307,-0.007315192939406958,1,0.5025210781954619
2026-04-17 09:55:00+00:00,1.4960257861885105,1.5028364830631307,-0.006810696874620321,1,0.5023516159383521
2026-04-17 10:00:00+00:00,1.4964729883168728,1.4964729883168728,0.0,0,0.0
2026-04-17 12:50:00+00:00,1.4962485173686253,1.4962485173686253,0.0,1,0.5000750112516877
2026-04-17 12:55:00+00:00,1.4970596804536196,1.4962485173686253,0.0008111630849943393,1,0.49980405185430915
2026-04-17 13:00:00+00:00,1.497188483319237,1.4962485173686253,0.0009399659506116793,1,0.49976105379839086
2026-04-17 13:05:00+00:00,1.4966398421053864,1.4962485173686253,0.0003913247367610241,1,0.4999442572007575
2026-04-17 13:10:00+00:00,1.5008510075514843,1.4962485173686253,0.004602490182859049,1,0.49854148772510276
2026-04-17 13:15:00+00:00,1.5038921316992266,1.4962485173686253,0.007643614330601438,1,0.4975333525503684
2026-04-17 13:20:00+00:00,1.5025939757948412,1.5025939757948412,0.0,0,0.0
2026-04-20 07:25:00+00:00,1.5021432314104672,1.5021432314104672,0.0,2,1.000225045008439
2026-04-20 07:30:00+00:00,1.4976547956570012,1.5021432314104672,-0.004488435753466123,2,1.0032226956463208
2026-04-20 07:35:00+00:00,1.493801235233936,1.5021432314104672,-0.008341996176531093,2,1.0058107101587457
2026-04-20 07:40:00+00:00,1.4897726225071681,1.5021432314104672,-0.012370608903299047,2,1.0085306029574506
2026-04-20 07:45:00+00:00,1.4892202076915333,1.5021432314104672,-0.012923023718934029,2,1.0089047096504817
2026-04-20 07:50:00+00:00,1.4877675441310763,1.5021432314104672,-0.014375687279390871,2,1.0098898091799509
2026-04-20 07:55:00+00:00,1.4835155464470378,1.4835155464470378,0.0,0,0.0
2026-04-22 05:20:00+00:00,1.4832930191150706,1.4832930191150706,0.0,1,0.5000750112516877
2026-04-22 05:25:00+00:00,1.4831812506280877,1.4832930191150706,-0.00011176848698296236,1,0.5001126955383263
2026-04-22 05:30:00+00:00,1.4826161988327844,1.4832930191150706,-0.0006768202822863249,1,0.5003032975138682
2026-04-22 05:35:00+00:00,1.4847460094458504,1.4832930191150706,0.0014529903307799105,1,0.49958563182154236
2026-04-22 05:40:00+00:00,1.4832185067904153,1.4832930191150706,-7.451232465528079e-05,1,0.5001001334783993
2026-04-22 05:45:00+00:00,1.4855532262962838,1.4832930191150706,0.0022602071812132855,1,0.49931416801055106
2026-04-22 05:50:00+00:00,1.4867464331327689,1.4867464331327689,0.0,0,0.0
2026-04-22 09:10:00+00:00,1.486523421167799,1.486523421167799,0.0,1,0.5000750112516877
2026-04-22 09:15:00+00:00,1.4837580828579475,1.486523421167799,-0.0027653383098513004,1,0.5010070207230364
2026-04-22 09:20:00+00:00,1.4840094772497523,1.486523421167799,-0.002513943918046607,1,0.5009221490579996
2026-04-22 09:25:00+00:00,1.48442846790276,1.486523421167799,-0.002094953265038839,1,0.5007807601646457
2026-04-22 09:30:00+00:00,1.4847636604251664,1.486523421167799,-0.0017597607426326084,1,0.5006677065045607
2026-04-22 09:35:00+00:00,1.48442846790276,1.486523421167799,-0.002094953265038839,1,0.5007807601646457
2026-04-22 09:40:00+00:00,1.4842054559377902,1.4842054559377902,0.0,0,0.0
2026-04-22 13:45:00+00:00,1.4839828251193996,1.4839828251193996,0.0,1,0.5000750112516877
2026-04-22 13:50:00+00:00,1.4846895136342149,1.4839828251193996,0.0007066885148151805,1,0.49983698352686556
2026-04-22 13:55:00+00:00,1.4843133729731035,1.4839828251193996,0.00033054785370388806,1,0.4999636474893785
2026-04-22 14:00:00+00:00,1.4839372323119921,1.4839828251193996,-4.5592807407486816e-05,1,0.5000903756641311
2026-04-22 14:05:00+00:00,1.4849516722768072,1.4839828251193996,0.0009688471574077148,1,0.4997487405304333
2026-04-22 14:10:00+00:00,1.484427354991622,1.4839828251193996,0.0004445298722224815,1,0.4999252576917672
2026-04-22 14:15:00+00:00,1.4857776760287877,1.4857776760287877,0.0,0,0.0
2026-04-23 00:20:00+00:00,1.4853319761559767,1.4853319761559767,0.0,2,1.0002250450084391
2026-04-23 00:25:00+00:00,1.4821377013759311,1.4853319761559767,-0.003194274780045425,2,1.0023807108636928
2026-04-23 00:30:00+00:00,1.4846362699686284,1.4853319761559767,-0.0006957061873483711,2,1.0006937542583942
2026-04-23 00:35:00+00:00,1.4848820479282017,1.4853319761559767,-0.000449928227774957,2,1.0005281192374695
2026-04-23 00:40:00+00:00,1.4859594265135432,1.4853319761559767,0.000627450357566439,2,0.9998026972976338
2026-04-23 00:45:00+00:00,1.4849370530861348,1.4853319761559767,-0.0003949230698419607,2,1.0004910575942834
2026-04-23 00:50:00+00:00,1.484331161827571,1.484331161827571,0.0,0,0.0
2026-04-26 21:55:00+00:00,1.4841085121532969,1.4841085121532969,0.0,1,0.5000750112516877
2026-04-26 22:00:00+00:00,1.4826350612778567,1.4841085121532969,-0.001473450875440176,1,0.500571988547287
2026-04-26 22:05:00+00:00,1.4826123782624554,1.4841085121532969,-0.0014961338908413928,1,0.500579646976619
2026-04-26 22:10:00+00:00,1.4837380229017427,1.4841085121532969,-0.00037048925155403167,1,0.5001998799372507
2026-04-26 22:15:00+00:00,1.4840735425045533,1.4841085121532969,-3.496964874370736e-05,1,0.5000867946620027
2026-04-26 22:20:00+00:00,1.4858078480571077,1.4841085121532969,0.0016993359038107914,1,0.4995030695821577
2026-04-26 22:25:00+00:00,1.4848527260105013,1.4848527260105013,0.0,0,0.0
2026-04-27 01:00:00+00:00,1.4846299981015998,1.4846299981015998,0.0,1,0.5000750112516877
2026-04-27 01:05:00+00:00,1.4863479232554446,1.4846299981015998,0.0017179251538448144,1,0.4994970231324882
2026-04-27 01:10:00+00:00,1.4833625234853816,1.4846299981015998,-0.0012674746162181793,1,0.5005023055731577
2026-04-27 01:15:00+00:00,1.4834495070374751,1.4846299981015998,-0.0011804910641247022,1,0.5004729581176741
2026-04-27 01:20:00+00:00,1.4822596963070545,1.4846299981015998,-0.0023703017945453987,1,0.5008746880556448
2026-04-27 01:25:00+00:00,1.4822907618613737,1.4846299981015998,-0.0023392362402261586,1,0.5008641908237729
2026-04-27 01:30:00+00:00,1.4818505750722384,1.4818505750722384,0.0,0,0.0
2026-04-29 09:50:00+00:00,1.4809616647570185,1.4809616647570185,0.0,4,2.0007502250590767
2026-04-29 09:55:00+00:00,1.4820396502709843,1.4809616647570185,0.0010779855139657643,4,1.999294947017573
2026-04-29 10:00:00+00:00,1.4795311742045236,1.4809616647570185,-0.0014304905524948409,4,2.002684658307087
2026-04-29 10:05:00+00:00,1.4806067439082464,1.4809616647570185,-0.0003549208487721943,4,2.0012298311198897
2026-04-29 10:10:00+00:00,1.4825046194053813,1.4809616647570185,0.0015429546483627012,4,1.9986678930247888
2026-04-29 10:15:00+00:00,1.4828086472034079,1.4809616647570185,0.0018469824463894688,4,1.9982580959820961
2026-04-29 10:20:00+00:00,1.4823296718523988,1.4823296718523988,0.0,0,0.0
2026-05-01 03:20:00+00:00,1.4816627235523152,1.4816627235523152,0.0,3,1.500450112525318
2026-05-01 03:25:00+00:00,1.4834101123745242,1.4816627235523152,0.001747388822208934,3,1.4986826513673837
2026-05-01 03:30:00+00:00,1.480529823219608,1.4816627235523152,-0.001132900332707139,3,1.5015982558487626
2026-05-01 03:35:00+00:00,1.4812853217329853,1.4816627235523152,-0.00037740181932995824,3,1.5008323971493351
2026-05-01 03:40:00+00:00,1.4780820683715687,1.4816627235523152,-0.003580655180746373,3,1.504084954313761
2026-05-01 03:45:00+00:00,1.4787860826265231,1.4816627235523152,-0.002876640925792011,3,1.5033688958784406
2026-05-01 03:50:00+00:00,1.4778326540395892,1.4778326540395892,0.0,0,0.0
2026-05-01 17:40:00+00:00,1.4776109791414833,1.4776109791414833,0.0,1,0.5000750112516877
2026-05-01 17:45:00+00:00,1.4769368283664361,1.4776109791414833,-0.0006741507750472294,1,0.5003032714927096
2026-05-01 17:50:00+00:00,1.4770799441734292,1.4776109791414833,-0.0005310349680540434,1,0.5002547965900996
2026-05-01 17:55:00+00:00,1.4776957187640452,1.4776109791414833,8.473962256183901e-05,1,0.5000463340570745
2026-05-01 18:00:00+00:00,1.4778990938581933,1.4776109791414833,0.0002881147167099901,1,0.4999775222074091
2026-05-01 18:05:00+00:00,1.4778793212795958,1.4776109791414833,0.00026834213811240815,1,0.4999842114172197
2026-05-01 18:10:00+00:00,1.4772734934258762,1.4772734934258762,0.0,0,0.0
2026-05-02 21:40:00+00:00,1.4768303446165019,1.4768303446165019,0.0,2,1.0002250450084391
2026-05-02 21:45:00+00:00,1.4746009121310029,1.4768303446165019,-0.002229432485498968,2,1.0017372739714125
2026-05-02 21:50:00+00:00,1.47387825711269,1.4768303446165019,-0.0029520875038117227,2,1.002228434258616
2026-05-02 21:55:00+00:00,1.472775234142288,1.4768303446165019,-0.004055110474213876,2,1.0029790450503715
2026-05-02 22:00:00+00:00,1.4729529833554862,1.4768303446165019,-0.0038773612610157786,2,1.0028580101374267
2026-05-02 22:05:00+00:00,1.4726700467865201,1.4768303446165019,-0.004160297829981804,2,1.0030506841210987
2026-05-02 22:10:00+00:00,1.4729632139029478,1.4729632139029478,0.0,0,0.0
2026-05-03 22:05:00+00:00,1.4725213580804493,1.4725213580804493,0.0,2,1.000225045008439
2026-05-03 22:10:00+00:00,1.4694682331093167,1.4725213580804493,-0.0030531249711324947,2,1.002303219951497
2026-05-03 22:15:00+00:00,1.4768277673757089,1.4725213580804493,0.004306409295259566,2,0.9973084026440894
2026-05-03 22:20:00+00:00,1.4764731441394519,1.4725213580804493,0.0039517860590025725,2,0.9975479388217
2026-05-03 22:25:00+00:00,1.4712682836540725,1.4725213580804493,-0.0012530744263767012,2,1.0010769334358907
2026-05-03 22:30:00+00:00,1.4722003502486585,1.4725213580804493,-0.0003210078317908831,2,1.0004431403736158
2026-05-03 22:35:00+00:00,1.4732393560518013,1.4732393560518013,0.0,0,0.0
2026-05-04 14:15:00+00:00,1.4727974173928713,1.4727974173928713,0.0,2,1.0002250450084391
2026-05-04 14:20:00+00:00,1.4741085130249776,1.4727974173928713,0.0013110956321062185,2,0.9993354288939899
2026-05-04 14:25:00+00:00,1.4782234721460397,1.4727974173928713,0.005426054753168298,2,0.9965535596329385
2026-05-04 14:30:00+00:00,1.4774343752240633,1.4727974173928713,0.004636957831192039,2,0.9970858183644788
2026-05-04 14:35:00+00:00,1.4790890602581586,1.4727974173928713,0.006291642865287321,2,0.9959703595150513
2026-05-04 14:40:00+00:00,1.4823622548057258,1.4727974173928713,0.009564837412854474,2,0.9937711637788307
2026-05-04 14:45:00+00:00,1.481381851778299,1.481381851778299,0.0,0,0.0
2026-05-04 16:20:00+00:00,1.4809374705538574,1.4809374705538574,0.0,2,1.000225045008439
2026-05-04 16:25:00+00:00,1.4823619680995648,1.4809374705538574,0.0014244975457074274,2,0.99926386403346
2026-05-04 16:30:00+00:00,1.481857114432795,1.4809374705538574,0.0009196438789375464,2,0.9996043030818097
2026-05-04 16:35:00+00:00,1.4818500580440908,1.4809374705538574,0.0009125874902333684,2,0.9996090630752211
2026-05-04 16:40:00+00:00,1.4814116375952096,1.4809374705538574,0.00047416704135212794,2,0.999904895133656
2026-05-04 16:45:00+00:00,1.483118441860482,1.4809374705538574,0.002180971306624502,2,0.9987541833012686
2026-05-04 16:50:00+00:00,1.4822403989168116,1.4822403989168116,0.0,0,0.0
2026-05-05 13:05:00+00:00,1.4820180628569741,1.4820180628569741,0.0,1,0.5000750112516877
2026-05-05 13:10:00+00:00,1.4840070668928602,1.4820180628569741,0.001989004035886018,1,0.4994047642981419
2026-05-05 13:15:00+00:00,1.483488196274803,1.4820180628569741,0.0014701334178288676,1,0.4995794380564925
2026-05-05 13:20:00+00:00,1.4828828472204028,1.4820180628569741,0.0008647843634286391,1,0.4997833786044544
2026-05-05 13:25:00+00:00,1.4830558040930883,1.4820180628569741,0.001037741236114301,1,0.4997250928879324
2026-05-05 13:30:00+00:00,1.4817586275479455,1.4820180628569741,-0.00025943530902865756,1,0.5001625674249197
2026-05-05 13:35:00+00:00,1.4816227699244509,1.4816227699244509,0.0,0,0.0
2026-05-08 17:35:00+00:00,1.4814005265089623,1.4814005265089623,0.0,1,0.5000750112516877
2026-05-08 17:40:00+00:00,1.4811140963967728,1.4814005265089623,-0.00028643011218944985,1,0.500171719899539
2026-05-08 17:45:00+00:00,1.4812286684416487,1.4814005265089623,-0.00017185806731360412,1,0.5001330319521889
2026-05-08 17:50:00+00:00,1.482431674912844,1.4814005265089623,0.0010311484038819537,1,0.49972716955456287
2026-05-08 17:55:00+00:00,1.482053587164754,1.4814005265089623,0.0006530606557917779,1,0.4998546553093511
2026-05-08 18:00:00+00:00,1.4808505806935586,1.4814005265089623,-0.0005499458154036976,1,0.5002607248972177
2026-05-08 18:05:00+00:00,1.4816594856819518,1.4816594856819518,0.0,0,0.0
2026-05-10 20:55:00+00:00,1.4814372367590996,1.4814372367590996,0.0,1,0.5000750112516877
2026-05-10 21:00:00+00:00,1.483166494514272,1.4814372367590996,0.0017292577551725023,1,0.4994919623528801
2026-05-10 21:05:00+00:00,1.4860747916479715,1.4814372367590996,0.00463755488887186,1,0.4985144401914242
2026-05-10 21:10:00+00:00,1.4883542677797896,1.4814372367590996,0.006917031020690174,1,0.49775094470356696
2026-05-10 21:15:00+00:00,1.4842669312675636,1.4814372367590996,0.0028296945084641248,1,0.49912163859118486
2026-05-10 21:20:00+00:00,1.4873324336517333,1.4814372367590996,0.005895196892633785,1,0.4980929119000474
2026-05-10 21:25:00+00:00,1.4874245952298215,1.4874245952298215,0.0,0,0.0
2026-05-11 22:55:00+00:00,1.487201481540537,1.487201481540537,0.0,1,0.5000750112516877
2026-05-11 23:00:00+00:00,1.4876120351401156,1.487201481540537,0.0004105535995785462,1,0.49993699973317424
2026-05-11 23:05:00+00:00,1.4863470862116843,1.487201481540537,-0.00085439532885263,1,0.5003624688432914
2026-05-11 23:10:00+00:00,1.4858810523959465,1.487201481540537,-0.0013204291445904884,1,0.500519403229278
2026-05-11 23:15:00+00:00,1.4863581822549161,1.487201481540537,-0.0008432992856207841,1,0.5003587335097411
2026-05-11 23:20:00+00:00,1.486524622903394,1.487201481540537,-0.000676858637143013,1,0.5003027101981903
2026-05-11 23:25:00+00:00,1.486035204176545,1.486035204176545,0.0,0,0.0
2026-05-12 14:40:00+00:00,1.4858122988959186,1.4858122988959186,0.0,1,0.5000750112516877
2026-05-12 14:45:00+00:00,1.485570866624824,1.4858122988959186,-0.0002414322710946027,1,0.5001562825315685
2026-05-12 14:50:00+00:00,1.4833425120145864,1.4858122988959186,-0.0024697868813322215,1,0.5009076434269727
2026-05-12 14:55:00+00:00,1.4826736793716895,1.4858122988959186,-0.0031386195242291753,1,0.5011336023737468
2026-05-12 15:00:00+00:00,1.4826932549612375,1.4858122988959186,-0.003119043934681,1,0.5011269860452002
2026-05-12 15:05:00+00:00,1.4829477376253641,1.4858122988959186,-0.0028645612705543904,1,0.5010409896697118
2026-05-12 15:10:00+00:00,1.483958094486275,1.483958094486275,0.0,0,0.0
2026-05-14 17:00:00+00:00,1.483735500772102,1.483735500772102,0.0,1,0.5000750112516877
2026-05-14 17:05:00+00:00,1.484848842874682,1.483735500772102,0.001113342102579927,1,0.49970005418643065
2026-05-14 17:10:00+00:00,1.4842069485679827,1.483735500772102,0.0004714477958806773,1,0.49991616597606287
2026-05-14 17:15:00+00:00,1.4821987622836061,1.483735500772102,-0.0015367384884958483,1,0.5005934872729074
2026-05-14 17:20:00+00:00,1.4795096965863326,1.483735500772102,-0.004225804185769415,1,0.5015033351623873
2026-05-14 17:25:00+00:00,1.4797046221173218,1.483735500772102,-0.004030878654780293,1,0.5014372707584257
2026-05-14 17:30:00+00:00,1.4797195655618425,1.4797195655618425,0.0,0,0.0
2026-05-17 23:55:00+00:00,1.479497607627008,1.479497607627008,0.0,1,0.5000750112516877
2026-05-18 00:00:00+00:00,1.4802841346817008,1.479497607627008,0.0007865270546927261,1,0.4998093037996453
2026-05-18 00:05:00+00:00,1.4791214425138943,1.479497607627008,-0.0003761651131137911,1,0.500202188620473
2026-05-18 00:10:00+00:00,1.4769670423206056,1.479497607627008,-0.0025305653064025017,1,0.5009318160671047
2026-05-18 00:15:00+00:00,1.4774457979191142,1.479497607627008,-0.002051809707893936,1,0.5007694927441435
2026-05-18 00:20:00+00:00,1.4768758507780324,1.479497607627008,-0.0026217568489755893,1,0.5009627467272594
2026-05-18 00:25:00+00:00,1.477315031526853,1.477315031526853,0.0,0,0.0
2026-05-18 19:05:00+00:00,1.4764288419255234,1.4764288419255234,0.0,4,2.0007502250590767
2026-05-18 19:10:00+00:00,1.4729051007949665,1.4764288419255234,-0.0035237411305568188,4,2.005536769593552
2026-05-18 19:15:00+00:00,1.472798728554143,1.4764288419255234,-0.0036301133713803092,4,2.005681618605233
2026-05-18 19:20:00+00:00,1.4734308063922466,1.4764288419255234,-0.0029980355332768485,4,2.0048212138302604
2026-05-18 19:25:00+00:00,1.4725702422200675,1.4764288419255234,-0.0038585997054557805,4,2.0059928233459092
2026-05-18 19:30:00+00:00,1.4731562016164519,1.4764288419255234,-0.0032726403090714224,4,2.005194924017495
2026-05-18 19:35:00+00:00,1.474368334180061,1.474368334180061,0.0,0,0.0
2026-05-20 14:20:00+00:00,1.474147178929934,1.474147178929934,0.0,1,0.5000750112516877
2026-05-20 14:25:00+00:00,1.4728990197006764,1.474147178929934,-0.0012481592292576606,1,0.5004987831683408
2026-05-20 14:30:00+00:00,1.47371113245625,1.474147178929934,-0.00043604647368411504,1,0.5002229750828834
2026-05-20 14:35:00+00:00,1.473316024843632,1.474147178929934,-0.0008311540863019337,1,0.500357122748509
2026-05-20 14:40:00+00:00,1.472651482401205,1.474147178929934,-0.0014956965287290798,1,0.5005829117749084
2026-05-20 14:45:00+00:00,1.47355118527813,1.474147178929934,-0.0005959936518041467,1,0.5002772719774159
2026-05-20 14:50:00+00:00,1.4734766482746129,1.4734766482746129,0.0,0,0.0
2026-05-21 13:55:00+00:00,1.4732556267773718,1.4732556267773718,0.0,1,0.5000750112516877
2026-05-21 14:00:00+00:00,1.473716555015427,1.4732556267773718,0.0004609282380552587,1,0.4999186048565453
2026-05-21 14:05:00+00:00,1.4744834937019835,1.4732556267773718,0.0012278669246117006,1,0.49965857690788973
2026-05-21 14:10:00+00:00,1.4743620458052344,1.4732556267773718,0.0011064190278626258,1,0.4996997353760087
2026-05-21 14:15:00+00:00,1.4733885500659396,1.4732556267773718,0.0001329232885678527,1,0.5000298964616867
2026-05-21 14:20:00+00:00,1.4717083614471371,1.4732556267773718,-0.0015472653302346549,1,0.5006007599310427
2026-05-21 14:25:00+00:00,1.4716604271098293,1.4716604271098293,0.0,0,0.0
2026-05-21 17:15:00+00:00,1.471218962094056,1.471218962094056,0.0,2,1.0002250450084391
2026-05-21 17:20:00+00:00,1.474892276247384,1.471218962094056,0.003673314153327973,2,0.997733920149008
2026-05-21 17:25:00+00:00,1.4798316395167161,1.471218962094056,0.008612677422660291,2,0.9944036965302183
2026-05-21 17:30:00+00:00,1.4819200396641778,1.471218962094056,0.010701077570121887,2,0.9930023302142997
2026-05-21 17:35:00+00:00,1.4804638595885882,1.471218962094056,0.00924489749453224,2,0.9939790445048289
2026-05-21 17:40:00+00:00,1.4798981382134755,1.471218962094056,0.00867917611941968,2,0.9943590133536101
2026-05-21 17:45:00+00:00,1.4788603266705855,1.4788603266705855,0.0,0,0.0
2026-05-22 15:30:00+00:00,1.478638497621585,1.478638497621585,0.0,1,0.5000750112516877
2026-05-22 15:35:00+00:00,1.4787048616711038,1.478638497621585,6.636404951882481e-05,1,0.5000525679611637
2026-05-22 15:40:00+00:00,1.4766841244531441,1.478638497621585,-0.0019543731684408252,1,0.5007368543419017
2026-05-22 15:45:00+00:00,1.4767697244590452,1.478638497621585,-0.0018687731625396812,1,0.500707829452661
2026-05-22 15:50:00+00:00,1.4767389469288337,1.478638497621585,-0.0018995506927512932,1,0.5007182649804706
2026-05-22 15:55:00+00:00,1.477414128997852,1.478638497621585,-0.0012243686237329314,1,0.5004894354414069
2026-05-22 16:00:00+00:00,1.477228848265978,1.477228848265978,0.0,0,0.0
2026-05-23 20:35:00+00:00,1.477007263938738,1.477007263938738,0.0,1,0.5000750112516877
2026-05-23 20:40:00+00:00,1.4814679346723942,1.477007263938738,0.004460670733656212,1,0.4985692952553328
2026-05-23 20:45:00+00:00,1.4823649121098241,1.477007263938738,0.005357648171086222,1,0.49826761150311627
2026-05-23 20:50:00+00:00,1.4823765360075016,1.477007263938738,0.005369272068763678,1,0.49826370439072515
2026-05-23 20:55:00+00:00,1.4828695830006462,1.477007263938738,0.005862319061908194,1,0.49809803410922554
2026-05-23 21:00:00+00:00,1.4866512243783212,1.477007263938738,0.009643960439583215,1,0.49683100650716394
2026-05-23 21:05:00+00:00,1.483901442306273,1.483901442306273,0.0,0,0.0
2026-05-24 14:25:00+00:00,1.483678857089927,1.483678857089927,0.0,1,0.5000750112516877
2026-05-24 14:30:00+00:00,1.4832378524548648,1.483678857089927,-0.0004410046350622285,1,0.500223696371526
2026-05-24 14:35:00+00:00,1.484447788248497,1.483678857089927,0.0007689311585700098,1,0.49981597670643957
2026-05-24 14:40:00+00:00,1.4845043273042744,1.483678857089927,0.0008254702143473159,1,0.49979694063974334
2026-05-24 14:45:00+00:00,1.4843234023257872,1.483678857089927,0.0006445452358601674,1,0.4998578611578673
2026-05-24 14:50:00+00:00,1.4840293992357458,1.483678857089927,0.0003505421458187367,1,0.499956888681067
2026-05-24 14:55:00+00:00,1.483885968697488,1.483885968697488,0.0,0,0.0
2026-05-24 22:05:00+00:00,1.4829958374208436,1.4829958374208436,0.0,4,2.0007502250590767
2026-05-24 22:10:00+00:00,1.4946062214626583,1.4829958374208436,0.0116103840418147,4,1.9852080185895022
2026-05-24 22:15:00+00:00,1.4976624951626791,1.4829958374208436,0.014666657741835565,4,1.9811568127431367
2026-05-24 22:20:00+00:00,1.4941302081886587,1.4829958374208436,0.011134370767815054,4,1.985840483794556
2026-05-24 22:25:00+00:00,1.4969986635625343,1.4829958374208436,0.01400282614169058,4,1.9820353402456337
2026-05-24 22:30:00+00:00,1.4935723943096235,1.4829958374208436,0.010576556888779986,4,1.986582148134116
2026-05-24 22:35:00+00:00,1.491994581546778,1.491994581546778,0.0,0,0.0
2026-05-25 12:15:00+00:00,1.491770782359546,1.491770782359546,0.0,1,0.5000750112516877
2026-05-25 12:20:00+00:00,1.4951304242851475,1.491770782359546,0.0033596419256015034,1,0.498951314652075
2026-05-25 12:25:00+00:00,1.4938313627405817,1.491770782359546,0.0020605803810356065,1,0.4993852113298673
2026-05-25 12:30:00+00:00,1.4946824720284007,1.491770782359546,0.002911689668854625,1,0.4991008489990604
2026-05-25 12:35:00+00:00,1.4957799550574307,1.491770782359546,0.004009172697884535,1,0.49873464893754804
2026-05-25 12:40:00+00:00,1.4962727025398521,1.491770782359546,0.004501920180305985,1,0.498570407324209
2026-05-25 12:45:00+00:00,1.496261680674575,1.496261680674575,0.0,0,0.0
2026-05-26 13:50:00+00:00,1.4960372414224739,1.4960372414224739,0.0,1,0.5000750112516877
2026-05-26 13:55:00+00:00,1.4942542176660576,1.4960372414224739,-0.0017830237564161915,1,0.5006717274024673
2026-05-26 14:00:00+00:00,1.4947756771368705,1.4960372414224739,-0.001261564285603325,1,0.5004970657338199
2026-05-26 14:05:00+00:00,1.4942416407214925,1.4960372414224739,-0.0017956007009813121,1,0.5006759415271372
2026-05-26 14:10:00+00:00,1.4948995116679726,1.4960372414224739,-0.0011377297545011168,1,0.5004556055427039
2026-05-26 14:15:00+00:00,1.496494848713187,1.4960372414224739,0.00045760729071330473,1,0.4999220952752318
2026-05-26 14:20:00+00:00,1.497374278210989,1.497374278210989,0.0,0,0.0
2026-05-27 22:05:00+00:00,1.4971496720692572,1.4971496720692572,0.0,1,0.5000750112516877
2026-05-27 22:10:00+00:00,1.4958222518291244,1.4971496720692572,-0.0013274202401327099,1,0.5005187870350125
2026-05-27 22:15:00+00:00,1.4947345046879048,1.4971496720692572,-0.0024151673813524862,1,0.5008830242142684
2026-05-27 22:20:00+00:00,1.494826686649025,1.4971496720692572,-0.002322985420232159,1,0.5008521360986922
2026-05-27 22:25:00+00:00,1.4946533845621188,1.4971496720692572,-0.002496287507138374,1,0.5009102089076215
2026-05-27 22:30:00+00:00,1.4961467323322681,1.4971496720692572,-0.0010029397369891585,1,0.500410235791782
2026-05-27 22:35:00+00:00,1.496287166756573,1.496287166756573,0.0,0,0.0
2026-05-28 03:25:00+00:00,1.4960627236815593,1.4960627236815593,0.0,1,0.5000750112516877
2026-05-28 03:30:00+00:00,1.493313543438866,1.4960627236815593,-0.002749180242693334,1,0.5009956460017295
2026-05-28 03:35:00+00:00,1.4921222320003655,1.4960627236815593,-0.003940491681193915,1,0.5013956412775326
2026-05-28 03:40:00+00:00,1.4910225599032882,1.4960627236815593,-0.005040163778271099,1,0.5017654350091209
2026-05-28 03:45:00+00:00,1.4899228878062107,1.4960627236815593,-0.006139835875348532,1,0.502135774610367
2026-05-28 03:50:00+00:00,1.490014527147634,1.4960627236815593,-0.006048196533925385,1,0.5021048920982492
2026-05-28 03:55:00+00:00,1.487040903829927,1.487040903829927,0.0,0,0.0
2026-05-28 14:15:00+00:00,1.4865948250171983,1.4865948250171983,0.0,2,1.0002250450084391
2026-05-28 14:20:00+00:00,1.4924261874845894,1.4865948250171983,0.005831362467391076,2,0.996316861920177
2026-05-28 14:25:00+00:00,1.4830234526998105,1.4865948250171983,-0.0035713723173877747,2,1.0026337567725032
2026-05-28 14:30:00+00:00,1.4830008014022888,1.4865948250171983,-0.0035940236149093635,2,1.0026490709621574
2026-05-28 14:35:00+00:00,1.4812580295967892,1.4865948250171983,-0.005336795420409197,2,1.00382873614997
2026-05-28 14:40:00+00:00,1.4805458868797545,1.4865948250171983,-0.006048938137443693,2,1.0043115778706722
2026-05-28 14:45:00+00:00,1.479241953681668,1.479241953681668,0.0,0,0.0
2026-05-29 13:40:00+00:00,1.4787982143785074,1.4787982143785074,0.0,2,1.000225045008439
2026-05-29 13:45:00+00:00,1.4804607176378812,1.4787982143785074,0.0016625032593737508,2,0.9991018288517233
2026-05-29 13:50:00+00:00,1.4792397599211902,1.4787982143785074,0.0004415455426827948,2,0.9999264829211634
2026-05-29 13:55:00+00:00,1.477196135905302,1.4787982143785074,-0.001602078473205456,2,1.0013098291979041
2026-05-29 14:00:00+00:00,1.4779740617533486,1.4787982143785074,-0.0008241526251588109,2,1.0007827936983014
2026-05-29 14:05:00+00:00,1.4782264213449223,1.4787982143785074,-0.0005717930335850913,2,1.0006119422418362
2026-05-29 14:10:00+00:00,1.4736478583695163,1.4736478583695163,0.0,0,0.0
2026-05-30 02:00:00+00:00,1.473426811190761,1.473426811190761,0.0,1,0.5000750112516877
2026-05-30 02:05:00+00:00,1.4770218438976628,1.473426811190761,0.0035950327069018072,1,0.4988578416960839
2026-05-30 02:10:00+00:00,1.4743621958762558,1.473426811190761,0.0009353846854949097,1,0.4997577469400879
2026-05-30 02:15:00+00:00,1.4728295173554449,1.473426811190761,-0.0005972938353159281,1,0.5002778125385281
2026-05-30 02:20:00+00:00,1.474587589776375,1.473426811190761,0.0011607785856141218,1,0.49968135788834317
2026-05-30 02:25:00+00:00,1.4750721866616314,1.473426811190761,0.0016453754708704437,1,0.49951720047839193
2026-05-30 02:30:00+00:00,1.4746595546677745,1.4746595546677745,0.0,0,0.0
2026-05-30 15:50:00+00:00,1.4744383557345744,1.4744383557345744,0.0,1,0.5000750112516877
2026-05-30 15:55:00+00:00,1.4760244461226832,1.4744383557345744,0.0015860903881088236,1,0.49953764605373097
2026-05-30 16:00:00+00:00,1.476918617885107,1.4744383557345744,0.0024802621505327295,1,0.4992352106642926
2026-05-30 16:05:00+00:00,1.4786324470964194,1.4744383557345744,0.004194091361845039,1,0.4986565652483664
2026-05-30 16:10:00+00:00,1.4810914194430849,1.4744383557345744,0.006653063708510412,1,0.49782867394582275
2026-05-30 16:15:00+00:00,1.4859454947248139,1.4744383557345744,0.011507138990239578,1,0.49620243807827913
2026-05-30 16:20:00+00:00,1.482413731290259,1.482413731290259,0.0,0,0.0
2026-05-31 16:40:00+00:00,1.4821913692305655,1.4821913692305655,0.0,1,0.5000750112516877
2026-05-31 16:45:00+00:00,1.4815011156306588,1.4821913692305655,-0.0006902535999066516,1,0.5003080037031263
2026-05-31 16:50:00+00:00,1.481699825000329,1.4821913692305655,-0.0004915442302365475,1,0.500240907867398
2026-05-31 16:55:00+00:00,1.4822645779457069,1.4821913692305655,7.320871514148739e-05,1,0.5000503126590122
2026-05-31 17:00:00+00:00,1.4830384986486325,1.4821913692305655,0.0008471294180670523,1,0.4997893623938479
2026-05-31 17:05:00+00:00,1.4833522502849539,1.4821913692305655,0.0011608810543883475,1,0.49968364931710774
2026-05-31 17:10:00+00:00,1.4858386106854997,1.4858386106854997,0.0,0,0.0
2026-06-01 09:35:00+00:00,1.485615734893897,1.485615734893897,0.0,1,0.5000750112516877
2026-06-01 09:40:00+00:00,1.485836863767399,1.485615734893897,0.00022112887350211725,1,0.5000005878566293
2026-06-01 09:45:00+00:00,1.499073006338457,1.485615734893897,0.013457271444559896,1,0.49558580682962106
2026-06-01 09:50:00+00:00,1.5069178163746049,1.485615734893897,0.021302081480707922,1,0.49300585424763965
2026-06-01 09:55:00+00:00,1.4953348753816347,1.485615734893897,0.00971914048773773,1,0.4968247029971426
2026-06-01 10:00:00+00:00,1.4923233107234626,1.485615734893897,0.006707575829565543,1,0.4978273139636145
2026-06-01 10:05:00+00:00,1.485045370872505,1.485045370872505,0.0,0,0.0
2026-06-01 15:35:00+00:00,1.4845998906747644,1.4845998906747644,0.0,2,1.000225045008439
2026-06-01 15:40:00+00:00,1.4828091249743776,1.4845998906747644,-0.0017907657003868658,2,1.0014330013617558
2026-06-01 15:45:00+00:00,1.4835262436410914,1.4845998906747644,-0.0010736470336728584,2,1.0009489207451723
2026-06-01 15:50:00+00:00,1.4807526551842216,1.4845998906747644,-0.0038472354905427497,2,1.0028237918539797
2026-06-01 15:55:00+00:00,1.4796526932891283,1.4845998906747644,-0.004947197385635992,2,1.0035692829841183
2026-06-01 16:00:00+00:00,1.4786837038059608,1.4845998906747644,-0.0059161868688035035,2,1.0042269274001205
2026-06-01 16:05:00+00:00,1.479705541106287,1.479705541106287,0.0,0,0.0
2026-06-02 02:25:00+00:00,1.479483585275121,1.479483585275121,0.0,1,0.5000750112516877
2026-06-02 02:30:00+00:00,1.4820662247187306,1.479483585275121,0.0025826394436096467,1,0.49920358362768447
2026-06-02 02:35:00+00:00,1.4817861415621734,1.479483585275121,0.002302556287052477,1,0.4992979417213023
2026-06-02 02:40:00+00:00,1.4814001093463942,1.479483585275121,0.0019165240712733444,1,0.49942805180402783
2026-06-02 02:45:00+00:00,1.4799231165208042,1.479483585275121,0.0004395312456833187,1,0.4999264909737241
2026-06-02 02:50:00+00:00,1.4804664988245368,1.479483585275121,0.000982913549415949,1,0.4997430006964514
2026-06-02 02:55:00+00:00,1.4806305752091502,1.4806305752091502,0.0,0,0.0
2026-06-02 22:25:00+00:00,1.4799643913878728,1.4799643913878728,0.0,3,1.5004501125253178
2026-06-02 22:30:00+00:00,1.477416212994959,1.4799643913878728,-0.0025481783929138537,3,1.5030380187109629
2026-06-02 22:35:00+00:00,1.4681772174364307,1.4799643913878728,-0.011787173951442175,3,1.512496387506126
2026-06-02 22:40:00+00:00,1.4651666216497496,1.4799643913878728,-0.014797769738123145,3,1.5156042355722175
2026-06-02 22:45:00+00:00,1.465335731845921,1.4799643913878728,-0.014628659541951777,3,1.5154293240321346
2026-06-02 22:50:00+00:00,1.455614937160313,1.4799643913878728,-0.024349454227559776,3,1.5255495673350814
2026-06-02 22:55:00+00:00,1.4428722545220285,1.4428722545220285,0.0,0,0.0
2026-06-03 01:55:00+00:00,1.4426558236838503,1.4426558236838503,0.0,1,0.5000750112516877
2026-06-03 02:00:00+00:00,1.4417273289144534,1.4426558236838503,-0.0009284947693968871,1,0.5003970673180057
2026-06-03 02:05:00+00:00,1.4414343468062445,1.4426558236838503,-0.0012214768776056648,1,0.5004987766938431
2026-06-03 02:10:00+00:00,1.4414612753088374,1.4426558236838503,-0.001194548375012953,1,0.5004894266801891
2026-06-03 02:15:00+00:00,1.4407492857002857,1.4426558236838503,-0.0019065379835644888,1,0.500736758589025
2026-06-03 02:20:00+00:00,1.4418598171472095,1.4426558236838503,-0.0007960065366407229,1,0.500351087311949
2026-06-03 02:25:00+00:00,1.4389397646487223,1.4389397646487223,0.0,0,0.0
2026-06-03 03:55:00+00:00,1.438723923684025,1.438723923684025,0.0,1,0.5000750112516877
2026-06-03 04:00:00+00:00,1.4363222111376206,1.438723923684025,-0.0024017125464043947,1,0.5009111999698969
2026-06-03 04:05:00+00:00,1.4424677697122437,1.438723923684025,0.0037438460282187163,1,0.4987770939713179
2026-06-03 04:10:00+00:00,1.441282610906665,1.438723923684025,0.0025586872226399287,1,0.4991872356468421
2026-06-03 04:15:00+00:00,1.4412198210361709,1.438723923684025,0.0024958973521458107,1,0.499208983822534
2026-06-03 04:20:00+00:00,1.441180577367112,1.438723923684025,0.0024566536830869074,1,0.49922257739467896
2026-06-03 04:25:00+00:00,1.4423343404525701,1.4423343404525701,0.0,0,0.0
2026-06-03 10:10:00+00:00,1.4421179903015022,1.4421179903015022,0.0,1,0.5000750112516877
2026-06-03 10:15:00+00:00,1.4391563259713445,1.4421179903015022,-0.0029616643301576618,1,0.5011041241399126
2026-06-03 10:20:00+00:00,1.4386798677457724,1.4421179903015022,-0.0034381225557299313,1,0.5012700784895683
2026-06-03 10:25:00+00:00,1.4390724693236439,1.4421179903015022,-0.0030455209778583706,1,0.5011333241370601
2026-06-03 10:30:00+00:00,1.439777627497491,1.4421179903015022,-0.002340362804011354,1,0.5008878846657463
2026-06-03 10:35:00+00:00,1.4394498242382971,1.4421179903015022,-0.002668166063205062,1,0.5010019509418466
2026-06-03 10:40:00+00:00,1.4394126223800445,1.4394126223800445,0.0,0,0.0
2026-06-04 00:35:00+00:00,1.4391967104866876,1.4391967104866876,0.0,1,0.5000750112516877
2026-06-04 00:40:00+00:00,1.4327250059344252,1.4391967104866876,-0.006471704552262454,1,0.5023338799902001
2026-06-04 00:45:00+00:00,1.4390088351846764,1.4391967104866876,-0.0001878753020113127,1,0.500140300457334
2026-06-04 00:50:00+00:00,1.4349954989459663,1.4391967104866876,-0.004201211540721303,1,0.5015390722261229
2026-06-04 00:55:00+00:00,1.4343399340623522,1.4391967104866876,-0.004856776424335362,1,0.501768300595008
2026-06-04 01:00:00+00:00,1.4362746499383838,1.4391967104866876,-0.0029220605483037407,1,0.5010923998560426
2026-06-04 01:05:00+00:00,1.437581727195374,1.437581727195374,0.0,0,0.0
2026-06-04 05:35:00+00:00,1.4373660899362946,1.4373660899362946,0.0,1,0.5000750112516877
2026-06-04 05:40:00+00:00,1.4362609021222061,1.4373660899362946,-0.001105187814088475,1,0.500459813767546
2026-06-04 05:45:00+00:00,1.438017781230924,1.4373660899362946,0.000651691294629602,1,0.4998483836426637
2026-06-04 05:50:00+00:00,1.4359540921312637,1.4373660899362946,-0.0014119978050309108,1,0.5005667434192462
2026-06-04 05:55:00+00:00,1.435297921858664,1.4373660899362946,-0.0020681680776306593,1,0.500795585815993
2026-06-04 06:00:00+00:00,1.4344010065201789,1.4373660899362946,-0.0029650834161157745,1,0.5011087278455386
2026-06-04 06:05:00+00:00,1.436385667188844,1.436385667188844,0.0,0,0.0
2026-06-04 15:10:00+00:00,1.4361702093387656,1.4361702093387656,0.0,1,0.5000750112516877
2026-06-04 15:15:00+00:00,1.4344366755930458,1.4361702093387656,-0.001733533745719939,1,0.5006793578374564
2026-06-04 15:20:00+00:00,1.4305617178084953,1.4361702093387656,-0.005608491530270343,1,0.5020355463549209
2026-06-04 15:25:00+00:00,1.427808458329999,1.4361702093387656,-0.0083617510087666,1,0.503003627275355
2026-06-04 15:30:00+00:00,1.4299498823688295,1.4361702093387656,-0.006220326969936214,1,0.5022503532813867
2026-06-04 15:35:00+00:00,1.4295419920757189,1.4361702093387656,-0.0066282172630466605,1,0.5023936600502333
2026-06-04 15:40:00+00:00,1.428612726212697,1.428612726212697,0.0,0,0.0
2026-06-04 17:55:00+00:00,1.4281841745386197,1.4281841745386197,0.0,2,1.000225045008439
2026-06-04 18:00:00+00:00,1.4254506617522709,1.4281841745386197,-0.00273351278634891,2,1.002143124688865
2026-06-04 18:05:00+00:00,1.4203686348698699,1.4281841745386197,-0.007815539668749764,2,1.0057287560345958
2026-06-04 18:10:00+00:00,1.4198214269335327,1.4281841745386197,-0.00836274760508702,2,1.006116370101171
2026-06-04 18:15:00+00:00,1.4155601135743527,1.4281841745386197,-0.012624060964266964,2,1.0091451197019041
2026-06-04 18:20:00+00:00,1.4214303955563168,1.4281841745386197,-0.006753778982302954,2,1.0049775104880498
2026-06-04 18:25:00+00:00,1.426103435912895,1.426103435912895,0.0,0,0.0
2026-06-05 14:10:00+00:00,1.4256756369694485,1.4256756369694485,0.0,2,1.0002250450084391
2026-06-05 14:15:00+00:00,1.4196088234652147,1.4256756369694485,-0.0060668135042338065,2,1.0044995879036558
2026-06-05 14:20:00+00:00,1.4195532446495513,1.4256756369694485,-0.006122392319897115,2,1.0045389164019987
2026-06-05 14:25:00+00:00,1.4142246440572415,1.4256756369694485,-0.011450992912207168,2,1.008323878492308
2026-06-05 14:30:00+00:00,1.4126537355278854,1.4256756369694485,-0.013021901441563155,2,1.0094451614657929
2026-06-05 14:35:00+00:00,1.4227943898590174,1.4256756369694485,-0.0028812471104311646,2,1.0022505629197074
2026-06-05 14:40:00+00:00,1.4226085065950125,1.4226085065950125,0.0,0,0.0
2026-06-05 16:20:00+00:00,1.4223951153190233,1.4223951153190233,0.0,1,0.5000750112516877
2026-06-05 16:25:00+00:00,1.4224073893432725,1.4223951153190233,1.2274024249262595e-05,1,0.5000706960794941
2026-06-05 16:30:00+00:00,1.418467427559236,1.4223951153190233,-0.003927687759787326,1,0.5014597018427495
2026-06-05 16:35:00+00:00,1.4144538216297031,1.4223951153190233,-0.00794129368932028,1,0.5028826267922674
2026-06-05 16:40:00+00:00,1.4138032983444881,1.4223951153190233,-0.008591816974535068,1,0.5031140146089753
2026-06-05 16:45:00+00:00,1.4129072945742867,1.4223951153190233,-0.009487820744736607,1,0.5034330674269923
2026-06-05 16:50:00+00:00,1.4171984701978038,1.4171984701978038,0.0,0,0.0
2026-06-05 19:25:00+00:00,1.416985890427274,1.416985890427274,0.0,1,0.5000750112516877
2026-06-05 19:30:00+00:00,1.4201619395040739,1.416985890427274,0.0031760490767998788,1,0.4989566438784773
2026-06-05 19:35:00+00:00,1.413809841350474,1.416985890427274,-0.0031760490767999577,1,0.5011984033312757
2026-06-05 19:40:00+00:00,1.416191878158074,1.416985890427274,-0.0007940122691999697,1,0.5003553868848051
2026-06-05 19:45:00+00:00,1.416191878158074,1.416985890427274,-0.0007940122691999697,1,0.5003553868848051
2026-06-05 19:50:00+00:00,1.4293497957619596,1.416985890427274,0.012363905334685591,1,0.4957493520479785
2026-06-05 19:55:00+00:00,1.4275491914530298,1.4275491914530298,0.0,0,0.0
2026-06-07 22:15:00+00:00,1.4266928546380278,1.4266928546380278,0.0,4,2.0007502250590767
2026-06-07 22:20:00+00:00,1.4012938309035905,1.4266928546380278,-0.025399023734437257,4,2.037014641081081
2026-06-07 22:25:00+00:00,1.3915825128355823,1.4266928546380278,-0.035110341802445474,4,2.051230181235016
2026-06-07 22:30:00+00:00,1.3921164681714056,1.4266928546380278,-0.0345763864666222,4,2.0504434185428755
2026-06-07 22:35:00+00:00,1.3928626716705412,1.4266928546380278,-0.033830182967486425,4,2.049344926864682
2026-06-07 22:40:00+00:00,1.3934066322927356,1.4266928546380278,-0.03328622234529212,4,2.0485448998548534
2026-06-07 22:45:00+00:00,1.3990189298868319,1.3990189298868319,0.0,0,0.0
2026-06-11 17:30:00+00:00,1.3985992556857918,1.3985992556857918,0.0,2,1.000225045008439
2026-06-11 17:35:00+00:00,1.409127260842299,1.3985992556857918,0.010528005156507004,2,0.9927520688450072
2026-06-11 17:40:00+00:00,1.409054780866384,1.3985992556857918,0.01045552518059225,2,0.9928031347418173
2026-06-11 17:45:00+00:00,1.4119942193912003,1.3985992556857918,0.013394963705408533,2,0.9907363530640022
2026-06-11 17:50:00+00:00,1.4212120044103767,1.3985992556857918,0.022612748724584873,2,0.984310573739815
2026-06-11 17:55:00+00:00,1.4165239736339108,1.3985992556857918,0.017924717948119027,2,0.9875681806347094
2026-06-11 18:00:00+00:00,1.419825751532516,1.419825751532516,0.0,0,0.0
2026-06-13 21:45:00+00:00,1.419612777669786,1.419612777669786,0.0,1,0.5000750112516877
2026-06-13 21:50:00+00:00,1.4203306901416677,1.419612777669786,0.0007179124718815819,1,0.499822246110481
2026-06-13 21:55:00+00:00,1.4211511615381036,1.419612777669786,0.0015383838683175404,1,0.49953368436748374
2026-06-13 22:00:00+00:00,1.4195102187452315,1.419612777669786,-0.00010255892455453423,1,0.500111141428613
2026-06-13 22:05:00+00:00,1.4174590402541416,1.419612777669786,-0.0021537374156444305,1,0.5008348429165015
2026-06-13 22:10:00+00:00,1.4182795116505775,1.419612777669786,-0.0013332660192084719,1,0.5005451111255703
2026-06-13 22:15:00+00:00,1.4170409485423026,1.4170409485423026,0.0,0,0.0
2026-06-14 21:20:00+00:00,1.41640337576094,1.41640337576094,0.0,3,1.5004501125253178
2026-06-14 21:25:00+00:00,1.4228507380022368,1.41640337576094,0.006447362241296914,3,1.49365112430957
2026-06-14 21:30:00+00:00,1.4258891610024058,1.41640337576094,0.009485785241465927,3,1.490468307542003
2026-06-14 21:35:00+00:00,1.434657872377579,1.41640337576094,0.018254496616638857,3,1.481358479579313
2026-06-14 21:40:00+00:00,1.4385743659628671,1.41640337576094,0.022170990201927185,3,1.4773255069919686
2026-06-14 21:45:00+00:00,1.4476887150845634,1.41640337576094,0.03128533932362351,3,1.468024570750074
2026-06-14 21:50:00+00:00,1.4532617596912416,1.4532617596912416,0.0,0,0.0
2026-06-15 13:20:00+00:00,1.4530437704272878,1.4530437704272878,0.0,1,0.5000750112516877
2026-06-15 13:25:00+00:00,1.4527490310222668,1.4530437704272878,-0.0002947394050210595,1,0.5001764684257315
2026-06-15 13:30:00+00:00,1.4522577986805647,1.4530437704272878,-0.0007859717467231749,1,0.5003456552313195
2026-06-15 13:35:00+00:00,1.4538297421740112,1.4530437704272878,0.000785971746723417,1,0.4998046599040132
2026-06-15 13:40:00+00:00,1.4502928693137567,1.4530437704272878,-0.002750901113531153,1,0.5010235485674317
2026-06-15 13:45:00+00:00,1.4499981299087354,1.4530437704272878,-0.0030456405185523734,1,0.5011253910316117
2026-06-15 13:50:00+00:00,1.449878387113122,1.449878387113122,0.0,0,0.0
2026-06-16 08:55:00+00:00,1.4494434562192517,1.4494434562192517,0.0,2,1.0002250450084391
2026-06-16 09:00:00+00:00,1.4464790066847857,1.4494434562192517,-0.002964449534466003,2,1.002274930734629
2026-06-16 09:05:00+00:00,1.445145294423124,1.4494434562192517,-0.004298161796127756,2,1.0031999217163907
2026-06-16 09:10:00+00:00,1.4441718378315351,1.4494434562192517,-0.005271618387716585,2,1.0038761373514655
2026-06-16 09:15:00+00:00,1.444048114856544,1.4494434562192517,-0.005395341362707704,2,1.0039621473264504
2026-06-16 09:20:00+00:00,1.438863085020082,1.4494434562192517,-0.010580371199169679,2,1.0075799854256837
2026-06-16 09:25:00+00:00,1.4385713465113144,1.4385713465113144,0.0,0,0.0
2026-06-16 17:50:00+00:00,1.4383555608093377,1.4383555608093377,0.0,1,0.5000750112516877
2026-06-16 17:55:00+00:00,1.4382113583900047,1.4383555608093377,-0.00014420241933306083,1,0.5001251513274491
2026-06-16 18:00:00+00:00,1.4377747455092464,1.4383555608093377,-0.0005808153000911822,1,0.5002770256622451
2026-06-16 18:05:00+00:00,1.4409712324711275,1.4383555608093377,0.0026156716617897896,1,0.4991672679142603
2026-06-16 18:10:00+00:00,1.4412916822918675,1.4383555608093377,0.002936121482529818,1,0.49905628547851344
2026-06-16 18:15:00+00:00,1.4414719353160337,1.4383555608093377,0.0031163745066959646,1,0.49899387954296753
2026-06-16 18:20:00+00:00,1.4402747720380409,1.4402747720380409,0.0,0,0.0
2026-06-17 17:55:00+00:00,1.439842722012612,1.439842722012612,0.0,2,1.0002250450084391
2026-06-17 18:00:00+00:00,1.4399018809978261,1.439842722012612,5.915898521416217e-05,2,1.0001839503342607
2026-06-17 18:05:00+00:00,1.4139625169818812,1.439842722012612,-0.025880205030730734,2,1.0185324816843024
2026-06-17 18:10:00+00:00,1.422763932991616,1.439842722012612,-0.017078789020995914,2,1.012231697778513
2026-06-17 18:15:00+00:00,1.4199110366506595,1.439842722012612,-0.019931685361952525,2,1.0142654816088046
2026-06-17 18:20:00+00:00,1.4242597128224597,1.439842722012612,-0.015583009190152233,2,1.0111686362146377
2026-06-17 18:25:00+00:00,1.4212230603985558,1.4212230603985558,0.0,0,0.0
2026-06-19 03:25:00+00:00,1.421009876939496,1.421009876939496,0.0,1,0.5000750112516877
2026-06-19 03:30:00+00:00,1.4209612312621016,1.421009876939496,-4.8645677394498214e-05,1,0.5000921309922797
2026-06-19 03:35:00+00:00,1.4198129670166273,1.421009876939496,-0.0011969099228688908,1,0.5004965771600507
2026-06-19 03:40:00+00:00,1.418657915002214,1.421009876939496,-0.002351961937282003,1,0.5009040746783335
2026-06-19 03:45:00+00:00,1.4193796810993695,1.421009876939496,-0.0016301958401266322,1,0.5006493608876234
2026-06-19 03:50:00+00:00,1.419021060640438,1.421009876939496,-0.0019888162990580644,1,0.5007758869192273
2026-06-19 03:55:00+00:00,1.4199222025821587,1.4199222025821587,0.0,0,0.0
2026-06-19 12:55:00+00:00,1.4192833334309531,1.4192833334309531,0.0,3,1.5004501125253178
2026-06-19 13:00:00+00:00,1.4217816128375609,1.4192833334309531,0.0024982794066077695,3,1.49781360099435
2026-06-19 13:05:00+00:00,1.4224967267636752,1.4192833334309531,0.0032133933327221156,3,1.4970606239613333
2026-06-19 13:10:00+00:00,1.4226425327850678,1.4192833334309531,0.0033591993541147044,3,1.4969071908617788
2026-06-19 13:15:00+00:00,1.4200888365493387,1.4192833334309531,0.0008055031183856268,3,1.4995990268653827
2026-06-19 13:20:00+00:00,1.4166349803276483,1.4192833334309531,-0.0026483531033048664,3,1.5032551552971272
2026-06-19 13:25:00+00:00,1.4165928118687061,1.4165928118687061,0.0,0,0.0
2026-06-20 05:10:00+00:00,1.4163803229469258,1.4163803229469258,0.0,1,0.5000750112516877
2026-06-20 05:15:00+00:00,1.422903101000609,1.4161668554616529,0.006736245538956152,2,0.9978576117929806
2026-06-20 05:20:00+00:00,1.4193329343679313,1.4161668554616529,0.0031660789062783333,2,1.0003676063569926
2026-06-20 05:25:00+00:00,1.4154962055482485,1.4161668554616529,-0.0006706499134044492,2,1.003079121379458
2026-06-20 05:30:00+00:00,1.4125101698919993,1.4161668554616529,-0.0036566855696536548,2,1.005199622942082
2026-06-20 05:35:00+00:00,1.415342202598245,1.4161668554616529,-0.0008246528634079297,2,1.0031882661103195
2026-06-20 05:40:00+00:00,1.4168099469216808,1.4186290522685758,-0.0018191053468950699,1,0.502225641335277
2026-06-20 05:45:00+00:00,1.41592974851741,1.41592974851741,0.0,0,0.0
2026-06-20 14:50:00+00:00,1.4150803817997013,1.4150803817997013,0.0,4,2.0007502250590767
2026-06-20 14:55:00+00:00,1.4098976681072655,1.4150803817997013,-0.005182713692435764,4,2.008104883358837
2026-06-20 15:00:00+00:00,1.412067032614404,1.4150803817997013,-0.0030133491852973432,4,2.005019823400667
2026-06-20 15:05:00+00:00,1.4149047318276908,1.4150803817997013,-0.0001756499720103697,4,2.0009986034220337
2026-06-20 15:10:00+00:00,1.4084663753627045,1.4150803817997013,-0.006614006436996904,4,2.010145532677944
2026-06-20 15:15:00+00:00,1.4147578299690657,1.4150803817997013,-0.00032255183063552073,4,2.0012063777900013
2026-06-20 15:20:00+00:00,1.4253482105751556,1.4253482105751556,0.0,0,0.0
2026-06-20 22:15:00+00:00,1.4251344083435693,1.4251344083435693,0.0,1,0.5000750112516877
2026-06-20 22:20:00+00:00,1.4216361443961527,1.4251344083435693,-0.0034982639474165174,1,0.5013055612695397
2026-06-20 22:25:00+00:00,1.427855280302671,1.4251344083435693,0.002720871959101727,1,0.49912208549350184
2026-06-20 22:30:00+00:00,1.4307705002588513,1.4251344083435693,0.0056360919152820925,1,0.4981051155015026
2026-06-20 22:35:00+00:00,1.4327139802296385,1.4251344083435693,0.007579571886069108,1,0.49742943471058254
2026-06-20 22:40:00+00:00,1.4304789782632334,1.4251344083435693,0.005344569919664055,1,0.4982066259742219
2026-06-20 22:45:00+00:00,1.429973654036029,1.429973654036029,0.0,0,0.0
2026-06-24 11:50:00+00:00,1.4297591579879236,1.4297591579879236,0.0,1,0.5000750112516877
2026-06-24 11:55:00+00:00,1.4281596624102817,1.4297591579879236,-0.0015994955776418864,1,0.5006350801221643
2026-06-24 12:00:00+00:00,1.428356523404453,1.4297591579879236,-0.0014026345834704575,1,0.5005660808786456
2026-06-24 12:05:00+00:00,1.4288363720777457,1.4297591579879236,-0.0009227859101779869,1,0.5003979748767977
2026-06-24 12:10:00+00:00,1.4278643709190249,1.4297591579879236,-0.001894787068898712,1,0.5007386146611553
2026-06-24 12:15:00+00:00,1.4272245726879682,1.4297591579879236,-0.002534585299955498,1,0.5009630864688951
2026-06-24 12:20:00+00:00,1.4268255194578272,1.4268255194578272,0.0,0,0.0
2026-06-24 20:05:00+00:00,1.4259696167483362,1.4259696167483362,0.0,4,2.0007502250590767
2026-06-24 20:10:00+00:00,1.447157545552747,1.4259696167483362,0.02118792880441088,4,1.9714571094240623
2026-06-24 20:15:00+00:00,1.447538942891399,1.4259696167483362,0.021569326143062617,4,1.9709376702072499
2026-06-24 20:20:00+00:00,1.4512849349272643,1.4259696167483362,0.025315318178928098,4,1.9658503736756743
2026-06-24 20:25:00+00:00,1.4478221492085215,1.4259696167483362,0.02185253246018519,4,1.9705521380483708
2026-06-24 20:30:00+00:00,1.451591562543836,1.4259696167483362,0.02562194579549977,4,1.9654351163607582
2026-06-24 20:35:00+00:00,1.4464860923340974,1.4464860923340974,0.0,0,0.0
2026-06-25 11:15:00+00:00,1.4462691194202473,1.4462691194202473,0.0,1,0.5000750112516877
2026-06-25 11:20:00+00:00,1.4451916623682293,1.4462691194202473,-0.0010774570520180288,1,0.500447840241393
2026-06-25 11:25:00+00:00,1.4450505668018936,1.4462691194202473,-0.001218552618353707,1,0.5004967042556099
2026-06-25 11:30:00+00:00,1.4444990114062177,1.4462691194202473,-0.0017701080140295098,1,0.5006878097223291
2026-06-25 11:35:00+00:00,1.4449351249748916,1.4462691194202473,-0.0013339944453556471,1,0.5005366910016921
2026-06-25 11:40:00+00:00,1.4456662565459037,1.4462691194202473,-0.000602862874343439,1,0.5002835494653353
2026-06-25 11:45:00+00:00,1.4451157850207148,1.4451157850207148,0.0,0,0.0
2026-06-25 12:35:00+00:00,1.4448990176529617,1.4448990176529617,0.0,1,0.5000750112516877
2026-06-25 12:40:00+00:00,1.4437381973203176,1.4448990176529617,-0.001160820332644026,1,0.5004770905497112
2026-06-25 12:45:00+00:00,1.4435271390780187,1.4448990176529617,-0.001371878574942947,1,0.5005502653534144
2026-06-25 12:50:00+00:00,1.444476901168364,1.4448990176529617,-0.000422116484597762,1,0.5002211471335519
2026-06-25 12:55:00+00:00,1.4431050225934208,1.4448990176529617,-0.0017939950595408695,1,0.5006966791729685
2026-06-25 13:00:00+00:00,1.442682906108823,1.4448990176529617,-0.0022161115441386315,1,0.5008431786713456
2026-06-25 13:05:00+00:00,1.442255080498771,1.442255080498771,0.0,0,0.0
2026-06-25 14:05:00+00:00,1.4416061630598969,1.4416061630598969,0.0,3,1.5004501125253178
2026-06-25 14:10:00+00:00,1.4633188890421254,1.4416061630598969,0.021712725982228537,3,1.4781864334412653
2026-06-25 14:15:00+00:00,1.4584639209769736,1.4416061630598969,0.01685775791707672,3,1.4831070542570963
2026-06-25 14:20:00+00:00,1.4544781640835769,1.4416061630598969,0.012872001023680097,3,1.487171263889886
2026-06-25 14:25:00+00:00,1.455135708154583,1.4416061630598969,0.013529545094686284,3,1.4864992436503568
2026-06-25 14:30:00+00:00,1.4574182578733021,1.4416061630598969,0.015812094813405248,3,1.4841711484641325
2026-06-25 14:35:00+00:00,1.4845743643200586,1.4845743643200586,0.0,0,0.0
2026-06-25 16:10:00+00:00,1.4843516781654107,1.4843516781654107,0.0,1,0.5000750112516877
2026-06-25 16:15:00+00:00,1.4804717421774178,1.4843516781654107,-0.0038799359879929354,1,0.5013855793480417
2026-06-25 16:20:00+00:00,1.4808043081192457,1.4843516781654107,-0.0035473700461649106,1,0.5012729758348695
2026-06-25 16:25:00+00:00,1.480360886863475,1.4843516781654107,-0.0039907913019356376,1,0.5014231250953647
2026-06-25 16:30:00+00:00,1.4809151634331885,1.4843516781654107,-0.0034365147322222085,1,0.5012354525692029
2026-06-25 16:35:00+00:00,1.4757049636778836,1.4843516781654107,-0.008646714487527078,1,0.5030051402077248
2026-06-25 16:40:00+00:00,1.475593132837178,1.475593132837178,0.0,0,0.0
2026-06-25 20:05:00+00:00,1.4753717938672526,1.4753717938672526,0.0,1,0.5000750112516877
2026-06-25 20:10:00+00:00,1.4739444869596179,1.4753717938672526,-0.0014273069076346666,1,0.5005592632192549
2026-06-25 20:15:00+00:00,1.473514441241993,1.4753717938672526,-0.0018573526252595605,1,0.5007053516195719
2026-06-25 20:20:00+00:00,1.4738542762200013,1.4753717938672526,-0.0015175176472512948,1,0.5005899011337933
2026-06-25 20:25:00+00:00,1.4741854608531146,1.4753717938672526,-0.0011863330141379292,1,0.5004774406007398
2026-06-25 20:30:00+00:00,1.4740903070592724,1.4753717938672526,-0.001281486807980191,1,0.5005097468488562
2026-06-25 20:35:00+00:00,1.4728185690664122,1.4728185690664122,0.0,0,0.0
2026-06-25 23:30:00+00:00,1.4725976462810522,1.4725976462810522,0.0,1,0.5000750112516877
2026-06-25 23:35:00+00:00,1.471950822140048,1.4725976462810522,-0.0006468241410041662,1,0.5002947608416369
2026-06-25 23:40:00+00:00,1.4700103497170356,1.4725976462810522,-0.0025872965640166647,1,0.5009551699244557
2026-06-25 23:45:00+00:00,1.4682854853410245,1.4725976462810522,-0.004312160940027584,1,0.5015436656463081
2026-06-25 23:50:00+00:00,1.4668840330355157,1.4725976462810522,-0.005713613245536502,1,0.5020228374899601
2026-06-25 23:55:00+00:00,1.4659137968240095,1.4725976462810522,-0.006683849457042751,1,0.5023551085532322
2026-06-26 00:00:00+00:00,1.4656928740386495,1.4656928740386495,0.0,0,0.0
2026-06-26 02:30:00+00:00,1.4650334111746544,1.4650334111746544,0.0,3,1.5004501125253178
2026-06-26 02:35:00+00:00,1.4674608877654842,1.4650334111746544,0.0024274765908299765,3,1.4979680650961633
2026-06-26 02:40:00+00:00,1.4633720281751113,1.4650334111746544,-0.0016613829995430496,3,1.5021535906980699
2026-06-26 02:45:00+00:00,1.4639357884040913,1.4650334111746544,-0.0010976227705630837,3,1.501575112831101
2026-06-26 02:50:00+00:00,1.4574106552828971,1.4650334111746544,-0.007622755891757245,3,1.5082979794899791
2026-06-26 02:55:00+00:00,1.4515391897343655,1.4650334111746544,-0.013494221440288988,3,1.5143990339335152
2026-06-26 03:00:00+00:00,1.4528470467417074,1.4528470467417074,0.0,0,0.0
2026-06-26 19:10:00+00:00,1.4521933636329458,1.4521933636329458,0.0,3,1.500450112525318
2026-06-26 19:15:00+00:00,1.44962782043727,1.4521933636329458,-0.002565543195675912,3,1.5031056007288206
2026-06-26 19:20:00+00:00,1.4493015970927021,1.4521933636329458,-0.0028917665402436663,3,1.5034439348183517
2026-06-26 19:25:00+00:00,1.4474600838968374,1.4521933636329458,-0.0047332797361084415,3,1.5053566727763872
2026-06-26 19:30:00+00:00,1.4484789582794222,1.4521933636329458,-0.003714405353523695,3,1.5042977900485588
2026-06-26 19:35:00+00:00,1.455226043298737,1.4521933636329458,0.003032679665791126,3,1.497323186253799
2026-06-26 19:40:00+00:00,1.4507265483142362,1.4507265483142362,0.0,0,0.0
2026-06-28 22:05:00+00:00,1.4502913629910892,1.4502913629910892,0.0,2,1.0002250450084391
2026-06-28 22:10:00+00:00,1.4472169439101847,1.4502913629910892,-0.0030744190809045466,2,1.0023498895084377
2026-06-28 22:15:00+00:00,1.4452810043374038,1.4502913629910892,-0.005010358653685301,2,1.0036925272453543
2026-06-28 22:20:00+00:00,1.4368248592130788,1.4502913629910892,-0.013466503778010477,2,1.0095995587225488
2026-06-28 22:25:00+00:00,1.4434498258849797,1.4502913629910892,-0.0068415371061095655,2,1.0049658241038883
2026-06-28 22:30:00+00:00,1.441695798455564,1.4502913629910892,-0.008595564535525041,2,1.0061885075735855
2026-06-28 22:35:00+00:00,1.4373265094822267,1.4373265094822267,0.0,0,0.0
2026-06-29 12:05:00+00:00,1.4371109105058044,1.4371109105058044,0.0,1,0.5000750112516877
2026-06-29 12:10:00+00:00,1.4386610042501253,1.4371109105058044,0.0015500937443209098,1,0.4995362024952521
2026-06-29 12:15:00+00:00,1.441082057661701,1.4371109105058044,0.003971147155896439,1,0.4986969693503894
2026-06-29 12:20:00+00:00,1.441689703941181,1.4371109105058044,0.004578793435376578,1,0.49848677754754495
2026-06-29 12:25:00+00:00,1.438090293332731,1.4371109105058044,0.0009793828269267562,1,0.499734445099155
2026-06-29 12:30:00+00:00,1.4382368433177823,1.4371109105058044,0.0011259328119778652,1,0.4996835243653418
2026-06-29 12:35:00+00:00,1.43720985783876,1.43720985783876,0.0,0,0.0
2026-06-29 16:50:00+00:00,1.4369942763600843,1.4369942763600843,0.0,1,0.5000750112516877
2026-06-29 16:55:00+00:00,1.436349706702083,1.4369942763600843,-0.00064456965800134,1,0.5002994226032363
2026-06-29 17:00:00+00:00,1.4357567026167217,1.4369942763600843,-0.0012375737433624866,1,0.5005060590068602
2026-06-29 17:05:00+00:00,1.437406800941205,1.4369942763600843,0.00041252458112090866,1,0.49993149360977135
2026-06-29 17:10:00+00:00,1.437303669795925,1.4369942763600843,0.0003093934358406815,1,0.4999673652968623
2026-06-29 17:15:00+00:00,1.440606896675593,1.436778152907065,0.003828743768528035,2,0.99889598078728
2026-06-29 17:20:00+00:00,1.447653203829182,1.442312132777761,0.005341071051421056,1,0.4976409461594451
2026-06-29 17:25:00+00:00,1.4448266269956254,1.442312132777761,0.002514494217864241,1,0.4986145026703522
2026-06-29 17:30:00+00:00,1.4469086638746018,1.442312132777761,0.004596531096840668,1,0.4978970186930483
2026-06-29 17:35:00+00:00,1.4459857909967684,1.442312132777761,0.0036736582190073576,1,0.49821479197779767
2026-06-29 17:40:00+00:00,1.445464167196254,1.442312132777761,0.003152034418493003,1,0.4983945824555983
2026-06-29 17:45:00+00:00,1.4484357447463785,1.4484357447463785,0.0,0,0.0
2026-07-01 01:40:00+00:00,1.4482184793846666,1.4482184793846666,0.0,1,0.5000750112516877
2026-07-01 01:45:00+00:00,1.4491026213909894,1.4482184793846666,0.0008841420063228673,1,0.49976990013172057
2026-07-01 01:50:00+00:00,1.4478357910535717,1.4482184793846666,-0.00038268833109494,1,0.5002071898265377
2026-07-01 01:55:00+00:00,1.4481524986379262,1.4482184793846666,-6.598074674046809e-05,1,0.5000977956771537
2026-07-01 02:00:00+00:00,1.4473871219757362,1.4482184793846666,-0.0008313574089304285,1,0.5003622468221256
2026-07-01 02:05:00+00:00,1.447743418008135,1.4482184793846666,-0.0004750613765315471,1,0.5002391054691155
2026-07-01 02:10:00+00:00,1.4466947952374927,1.4466947952374927,0.0,0,0.0
2026-07-01 13:50:00+00:00,1.446477791018207,1.446477791018207,0.0,1,0.5000750112516877
2026-07-01 13:55:00+00:00,1.4455961414704452,1.446477791018207,-0.0008816495477617115,1,0.5003800002419521
2026-07-01 14:00:00+00:00,1.4461882941517776,1.446477791018207,-0.00028949686642921275,1,0.5001751158848966
2026-07-01 14:05:00+00:00,1.4447408098196317,1.446477791018207,-0.001736981198575196,1,0.5006762408193152
2026-07-01 14:10:00+00:00,1.4459251151822965,1.446477791018207,-0.000552675835910359,1,0.500266154881437
2026-07-01 14:15:00+00:00,1.4491095807130179,1.446477791018207,0.0026317896948108203,1,0.49916680370219585
2026-07-01 14:20:00+00:00,1.4496294776082792,1.4496294776082792,0.0,0,0.0
2026-07-02 09:40:00+00:00,1.449412033186638,1.449412033186638,0.0,1,0.5000750112516877
2026-07-02 09:45:00+00:00,1.4463972820145066,1.449412033186638,-0.00301475117213139,1,0.5011173263507765
2026-07-02 09:50:00+00:00,1.445237086228147,1.449412033186638,-0.004174946958491086,1,0.5015196092814072
2026-07-02 09:55:00+00:00,1.4457468692251838,1.449412033186638,-0.0036651639614542664,1,0.5013427690786479
2026-07-02 10:00:00+00:00,1.4464807809536766,1.449412033186638,-0.0029312522329615277,1,0.5010883990634589
2026-07-02 10:05:00+00:00,1.4463445458423994,1.449412033186638,-0.0030674873442387215,1,0.5011355979373389
2026-07-02 10:10:00+00:00,1.446127101420758,1.446127101420758,0.0,0,0.0
2026-07-04 00:10:00+00:00,1.445910182355545,1.445910182355545,0.0,1,0.5000750112516877
2026-07-04 00:15:00+00:00,1.4446425268922836,1.445910182355545,-0.0012676554632613521,1,0.5005138207206415
2026-07-04 00:20:00+00:00,1.444808023163099,1.445910182355545,-0.00110215919244572,1,0.5004564891101487
2026-07-04 00:25:00+00:00,1.4438552703262508,1.445910182355545,-0.0020549120292940324,1,0.5007867239678371
2026-07-04 00:30:00+00:00,1.443904689351564,1.445910182355545,-0.002005493003980972,1,0.5007695840610478
2026-07-04 00:35:00+00:00,1.444019617317408,1.445910182355545,-0.0018905650381367874,1,0.5007297283492814
2026-07-04 00:40:00+00:00,1.4428591396526143,1.4428591396526143,0.0,0,0.0
2026-07-04 15:10:00+00:00,1.4426427107816664,1.4426427107816664,0.0,1,0.5000750112516877
2026-07-04 15:15:00+00:00,1.4407995924920465,1.4426427107816664,-0.001843118289619838,1,0.500714723675416
2026-07-04 15:20:00+00:00,1.4414327863027037,1.4426427107816664,-0.0012099244789627263,1,0.5004947692890936
2026-07-04 15:25:00+00:00,1.4453448754513498,1.4426427107816664,0.002702164669683339,1,0.4991400890400088
2026-07-04 15:30:00+00:00,1.4443083734810385,1.4426427107816664,0.0016656626993720122,1,0.49949829487419944
2026-07-04 15:35:00+00:00,1.444655218498341,1.4426427107816664,0.0020125077166746504,1,0.49937837110795413
2026-07-04 15:40:00+00:00,1.4429909133342345,1.4429909133342345,0.0,0,0.0
2026-07-05 12:25:00+00:00,1.4427744646972342,1.4427744646972342,0.0,1,0.5000750112516877
2026-07-05 12:30:00+00:00,1.4459737261405883,1.4427744646972342,0.003199261443353993,1,0.4989685798737453
2026-07-05 12:35:00+00:00,1.4473377523373672,1.4427744646972342,0.004563287640132903,1,0.4984983328887425
2026-07-05 12:40:00+00:00,1.445316513518504,1.4427744646972342,0.002542048821269743,1,0.4991954702784762
2026-07-05 12:45:00+00:00,1.4449817070883855,1.4427744646972342,0.0022072423911512367,1,0.4993111353090544
2026-07-05 12:50:00+00:00,1.4443368947044537,1.4427744646972342,0.0015624300072194293,1,0.4995340486782709
2026-07-05 12:55:00+00:00,1.4454348713116223,1.4454348713116223,0.0,0,0.0
2026-07-06 15:45:00+00:00,1.4452180560809256,1.4452180560809256,0.0,1,0.5000750112516877
2026-07-06 15:50:00+00:00,1.4440466425037026,1.4452180560809256,-0.0011714135772229425,1,0.5004806731192258
2026-07-06 15:55:00+00:00,1.4486346790144928,1.4452180560809256,0.0034166229335671626,1,0.4988955781090898
2026-07-06 16:00:00+00:00,1.4496393288532916,1.4452180560809256,0.004421272772366124,1,0.4985498263402542
2026-07-06 16:05:00+00:00,1.4487282294043404,1.4452180560809256,0.0035101733234149555,1,0.4988633623526228
2026-07-06 16:10:00+00:00,1.451904875250907,1.4452180560809256,0.006686819169981467,1,0.4977718912410958
2026-07-06 16:15:00+00:00,1.4543115383441994,1.4543115383441994,0.0,0,0.0
2026-07-06 21:10:00+00:00,1.453657196313065,1.453657196313065,0.0,3,1.500450112525318
2026-07-06 21:15:00+00:00,1.4475081708730393,1.453657196313065,-0.006149025440025539,3,1.506824035725933
2026-07-06 21:20:00+00:00,1.4451213828179923,1.453657196313065,-0.008535813495072545,3,1.5093127329746827
2026-07-06 21:25:00+00:00,1.4442237555192856,1.453657196313065,-0.009433440793779297,3,1.5102508149763296
2026-07-06 21:30:00+00:00,1.4414230637218688,1.453657196313065,-0.012234132591196167,3,1.5131852394183978
2026-07-06 21:35:00+00:00,1.442480402304304,1.453657196313065,-0.011176794008760841,3,1.512076074168421
2026-07-06 21:40:00+00:00,1.4388058361275233,1.4388058361275233,0.0,0,0.0
2026-07-09 01:10:00+00:00,1.4379427468452117,1.4379427468452117,0.0,4,2.0007502250590767
2026-07-09 01:15:00+00:00,1.4275105009163975,1.4379427468452117,-0.010432245928814199,4,2.015371706565901
2026-07-09 01:20:00+00:00,1.431547120690256,1.4379427468452117,-0.006395626154955734,4,2.0096888413882072
2026-07-09 01:25:00+00:00,1.4269140593614313,1.4379427468452117,-0.011028687483780405,4,2.0162141199029993
2026-07-09 01:30:00+00:00,1.4246075811678953,1.4379427468452117,-0.013335165677316348,4,2.019478425079056
2026-07-09 01:35:00+00:00,1.4185281126218612,1.4379427468452117,-0.019414634223350602,4,2.0281334213779805
2026-07-09 01:40:00+00:00,1.4157088769649255,1.4157088769649255,0.0,0,0.0
2026-07-10 01:50:00+00:00,1.4152841961552858,1.4152841961552858,0.0,2,1.000225045008439
2026-07-10 01:55:00+00:00,1.4161366340123493,1.4152841961552858,0.0008524378570635556,2,0.9996229634906884
2026-07-10 02:00:00+00:00,1.4147042148815998,1.4152841961552858,-0.0005799812736859257,2,1.0006351037256422
2026-07-10 02:05:00+00:00,1.4151923444259769,1.4152841961552858,-9.185172930885398e-05,2,1.0002899636751093
2026-07-10 02:10:00+00:00,1.4142268334230594,1.4152841961552858,-0.001057362732226447,2,1.000972874607932
2026-07-10 02:15:00+00:00,1.4156123904158355,1.4152841961552858,0.00032819426054981823,2,0.9999931537638777
2026-07-10 02:20:00+00:00,1.416408016153241,1.416408016153241,0.0,0,0.0
2026-07-14 12:35:00+00:00,1.4159831256175754,1.4159831256175754,0.0,2,1.000225045008439
2026-07-14 12:40:00+00:00,1.4146635517592143,1.4159831256175754,-0.0013195738583610787,2,1.001158037747405
2026-07-14 12:45:00+00:00,1.4159394522144717,1.4159831256175754,-4.3673403103779455e-05,2,1.0002558960674421
2026-07-14 12:50:00+00:00,1.421858418554189,1.4159831256175754,0.0058752929366134,2,0.9960919927542365
2026-07-14 12:55:00+00:00,1.4238596166770983,1.4159831256175754,0.007876491059522747,2,0.9946920110405921
2026-07-14 13:00:00+00:00,1.4277946877648666,1.4159831256175754,0.011811562147291113,2,0.9919505918383625
2026-07-14 13:05:00+00:00,1.4240518853022917,1.4240518853022917,0.0,0,0.0
2026-07-15 12:50:00+00:00,1.4238382775194962,1.4238382775194962,0.0,1,0.5000750112516877
2026-07-15 12:55:00+00:00,1.4326185272176675,1.4238382775194962,0.008780249698171295,1,0.49701014549490247
2026-07-15 13:00:00+00:00,1.4316919306537752,1.4238382775194962,0.007853653134279085,1,0.4973318123864836
2026-07-15 13:05:00+00:00,1.4353983169093438,1.4238382775194962,0.01156003938984761,1,0.496047636578158
2026-07-15 13:10:00+00:00,1.4335189698462885,1.4238382775194962,0.009680692326792195,1,0.49669795630782204
2026-07-15 13:15:00+00:00,1.4359176593382994,1.4238382775194962,0.01207938181880326,1,0.4958682261622593
2026-07-15 13:20:00+00:00,1.4363989989784232,1.4363989989784232,0.0,0,0.0
2026-07-16 14:10:00+00:00,1.4361835391285764,1.4361835391285764,0.0,1,0.5000750112516877
2026-07-16 14:15:00+00:00,1.4364504203100668,1.4361835391285764,0.00026688118149038057,1,0.49998210125079273
2026-07-16 14:20:00+00:00,1.4369419264859784,1.4361835391285764,0.0007583873574019658,1,0.4998110823069646
2026-07-16 14:25:00+00:00,1.4362168992762627,1.4361835391285764,3.336014768631751e-05,1,0.5000633956132434
2026-07-16 14:30:00+00:00,1.4378259703996654,1.4361835391285764,0.001642431271088981,1,0.49950377463941426
2026-07-16 14:35:00+00:00,1.4378226343848968,1.4361835391285764,0.001639095256320429,1,0.49950493358066983
2026-07-16 14:40:00+00:00,1.4368087550004245,1.4368087550004245,0.0,0,0.0
2026-07-17 17:10:00+00:00,1.4365932336871745,1.4365932336871745,0.0,1,0.5000750112516877
2026-07-17 17:15:00+00:00,1.434689419250974,1.4365932336871745,-0.0019038144362004419,1,0.5007386043700514
2026-07-17 17:20:00+00:00,1.434023084198304,1.4365932336871745,-0.0025701494888704848,1,0.5009712782286478
2026-07-17 17:25:00+00:00,1.4336423213110638,1.4365932336871745,-0.0029509123761105893,1,0.5011043318275039
2026-07-17 17:30:00+00:00,1.434499037807354,1.4365932336871745,-0.0020941958798203746,1,0.5008050605584933
2026-07-17 17:35:00+00:00,1.434403847085544,1.4365932336871745,-0.0021893866016304605,1,0.5008382952680192
2026-07-17 17:40:00+00:00,1.433997944328674,1.433997944328674,0.0,0,0.0
2026-07-20 11:35:00+00:00,1.4333527420437475,1.4333527420437475,0.0,3,1.5004501125253178
2026-07-20 11:40:00+00:00,1.4367887634916037,1.4333527420437475,0.003436021447856047,3,1.4968618475701088
2026-07-20 11:45:00+00:00,1.4355453742543298,1.4333527420437475,0.0021926322105823145,3,1.498158345712441
2026-07-20 11:50:00+00:00,1.4382462006840255,1.4333527420437475,0.0048934586402780466,3,1.4953450126029604
2026-07-20 11:55:00+00:00,1.4374699553669867,1.4333527420437475,0.004117213323239257,3,1.496152510915573
2026-07-20 12:00:00+00:00,1.4390773390596883,1.4333527420437475,0.005724597015940709,3,1.4944813768614356
2026-07-20 12:05:00+00:00,1.4328190007764863,1.4328190007764863,0.0,0,0.0
2026-07-21 13:50:00+00:00,1.4326040779263698,1.4326040779263698,0.0,1,0.5000750112516877
2026-07-21 13:55:00+00:00,1.433465357694468,1.4326040779263698,0.0008612797680982105,1,0.49977454742295924
2026-07-21 14:00:00+00:00,1.4339148145522271,1.4326040779263698,0.0013107366258573348,1,0.4996178943949041
2026-07-21 14:05:00+00:00,1.4346750202901115,1.4326040779263698,0.00207094236374172,1,0.49935315681691805
2026-07-21 14:10:00+00:00,1.4343384652746123,1.4326040779263698,0.0017343873482425507,1,0.49947032568152067
2026-07-21 14:15:00+00:00,1.4356696317576405,1.4326040779263698,0.003065553831270704,1,0.4990072120639397
2026-07-21 14:20:00+00:00,1.434497731387415,1.434497731387415,0.0,0,0.0
2026-07-22 13:35:00+00:00,1.4342825567277069,1.4342825567277069,0.0,1,0.5000750112516877
2026-07-22 13:40:00+00:00,1.4348993148835196,1.4342825567277069,0.0006167581558126699,1,0.4998600656185632
2026-07-22 13:45:00+00:00,1.4365080876634402,1.4342825567277069,0.0022255309357333583,1,0.49930026280628353
2026-07-22 13:50:00+00:00,1.437310616348112,1.4342825567277069,0.0030280596204051878,1,0.49902147631531313
2026-07-22 13:55:00+00:00,1.43736634750677,1.4342825567277069,0.003083790779063031,1,0.49900212770240143
2026-07-22 14:00:00+00:00,1.437470379002931,1.4342825567277069,0.0031878222752241793,1,0.4989660143057772
2026-07-22 14:05:00+00:00,1.438020578922123,1.438020578922123,0.0,0,0.0
2026-07-22 16:35:00+00:00,1.4378048758352846,1.4378048758352846,0.0,1,0.5000750112516877
2026-07-22 16:40:00+00:00,1.4393337783924405,1.4378048758352846,0.0015289025571557755,1,0.4995438169068108
2026-07-22 16:45:00+00:00,1.4393713743569605,1.4378048758352846,0.0015664985216758268,1,0.4995307689666119
2026-07-22 16:50:00+00:00,1.43870717898377,1.4378048758352846,0.000902303148485381,1,0.4997613829722696
2026-07-22 16:55:00+00:00,1.4389828827235849,1.4378048758352846,0.0011780068883002078,1,0.4996656305599548
2026-07-22 17:00:00+00:00,1.439546822191388,1.4378048758352846,0.0017419463561035309,1,0.4994698875904079
2026-07-22 17:05:00+00:00,1.4395441629034977,1.4395441629034977,0.0,0,0.0
2026-07-24 15:15:00+00:00,1.4393282312790623,1.4393282312790623,0.0,1,0.5000750112516877
2026-07-24 15:20:00+00:00,1.4374821635755548,1.4393282312790623,-0.0018460677035074611,1,0.5007172260568485
2026-07-24 15:25:00+00:00,1.4384537781563482,1.4393282312790623,-0.0008744531227141278,1,0.5003790127857104
2026-07-24 15:30:00+00:00,1.4396197156533004,1.4393282312790623,0.00029148437423809587,1,0.4999737594765544
2026-07-24 15:35:00+00:00,1.440397007317935,1.4393282312790623,0.0010687760388726987,1,0.49970395508665166
2026-07-24 15:40:00+00:00,1.4408828146083317,1.4393282312790623,0.0015545833292693653,1,0.4995354751645095
2026-07-24 15:45:00+00:00,1.4390151381965475,1.4390151381965475,0.0,0,0.0
2026-07-24 19:05:00+00:00,1.438799285925818,1.438799285925818,0.0,1,0.5000750112516877
2026-07-24 19:10:00+00:00,1.4386337911647946,1.438799285925818,-0.00016549476102344077,1,0.5001325379099584
2026-07-24 19:15:00+00:00,1.4385701393336319,1.438799285925818,-0.00022914659218620427,1,0.5001546670720977
2026-07-24 19:20:00+00:00,1.4388629377569808,1.438799285925818,6.365183116276351e-05,1,0.5000528891375171
2026-07-24 19:25:00+00:00,1.4388120162920506,1.438799285925818,1.2730366232584656e-05,1,0.5000705866722674
2026-07-24 19:30:00+00:00,1.4391430058140973,1.438799285925818,0.00034371988827914667,1,0.49995557508286764
2026-07-24 19:35:00+00:00,1.4391944912342516,1.4391944912342516,0.0,0,0.0
2026-07-26 22:05:00+00:00,1.438546950853967,1.438546950853967,0.0,3,1.500450112525318
2026-07-26 22:10:00+00:00,1.4381284196098512,1.438546950853967,-0.00041853124411589426,3,1.5008867809366824
2026-07-26 22:15:00+00:00,1.439090007402769,1.438546950853967,0.0005430565488020774,3,1.4998839010614302
2026-07-26 22:20:00+00:00,1.440110592585247,1.438546950853967,0.0015636417312800215,3,1.4988209554149348
2026-07-26 22:25:00+00:00,1.4401179558967412,1.438546950853967,0.0015710050427742133,3,1.4988132919554775
2026-07-26 22:30:00+00:00,1.4412725029682334,1.438546950853967,0.002725552114266323,3,1.4976126512068495
2026-07-26 22:35:00+00:00,1.4439656503802256,1.4439656503802256,0.0,0,0.0
2026-07-27 14:50:00+00:00,1.4437490555326686,1.4437490555326686,0.0,1,0.5000750112516877
2026-07-27 14:55:00+00:00,1.442983229146893,1.4437490555326686,-0.0007658263857757384,1,0.5003404132541144
2026-07-27 15:00:00+00:00,1.4439405121291127,1.4437490555326686,0.0001914565964439747,1,0.5000087047391848
2026-07-27 15:05:00+00:00,1.4448977951113324,1.4437490555326686,0.001148739578663688,1,0.49967743575557366
2026-07-27 15:10:00+00:00,1.442696044252227,1.4437490555326686,-0.0010530112804417004,1,0.5004400116480033
2026-07-27 15:15:00+00:00,1.4446106102166663,1.4437490555326686,0.0008615546839977258,1,0.49977677035185836
2026-07-27 15:20:00+00:00,1.4435324606851117,1.4435324606851117,0.0,0,0.0
2026-07-28 11:20:00+00:00,1.4433159308160088,1.4433159308160088,0.0,1,0.5000750112516877
2026-07-28 11:25:00+00:00,1.441980287867446,1.4433159308160088,-0.0013356429485628148,1,0.5005382087503988
2026-07-28 11:30:00+00:00,1.4419280433303423,1.4433159308160088,-0.0013878874856664675,1,0.5005563444591394
2026-07-28 11:35:00+00:00,1.4425243125038079,1.4433159308160088,-0.0007916183122008765,1,0.5003494388872912
2026-07-28 11:40:00+00:00,1.4422551395626435,1.4433159308160088,-0.0010607912533653061,1,0.5004428207906596
2026-07-28 11:45:00+00:00,1.4413431316649428,1.4433159308160088,-0.001972799151065981,1,0.5007594753019151
2026-07-28 11:50:00+00:00,1.4422623526024412,1.4422623526024412,0.0,0,0.0
2026-07-28 14:25:00+00:00,1.4420460132495507,1.4420460132495507,0.0,1,0.5000750112516877
2026-07-28 14:30:00+00:00,1.44170820305805,1.4420460132495507,-0.00033781019150086494,1,0.5001921850563158
2026-07-28 14:35:00+00:00,1.4414160428924274,1.4420460132495507,-0.0006299703571232065,1,0.5002935688534157
2026-07-28 14:40:00+00:00,1.4421453020558364,1.4420460132495507,9.928880628569231e-05,1,0.5000405820919841
2026-07-28 14:45:00+00:00,1.443636916651416,1.4420460132495507,0.0015909034018653874,1,0.4995239232132678
2026-07-28 14:50:00+00:00,1.4452004300377543,1.4420460132495507,0.0031544167882036926,1,0.4989835052030685
2026-07-28 14:55:00+00:00,1.4446360092375405,1.4446360092375405,0.0,0,0.0
2026-07-29 02:30:00+00:00,1.444419313836155,1.444419313836155,0.0,1,0.5000750112516877
2026-07-29 02:35:00+00:00,1.4435372430028348,1.444419313836155,-0.0008820708333200923,1,0.5003805811869529
2026-07-29 02:40:00+00:00,1.446379471243533,1.444419313836155,0.0019601574073779293,1,0.4993973013166132
2026-07-29 02:45:00+00:00,1.4455954082805815,1.444419313836155,0.0011760944444266293,1,0.499668164744594
2026-07-29 02:50:00+00:00,1.4433412272620971,1.444419313836155,-0.001078086574057837,1,0.5004485363374188
2026-07-29 02:55:00+00:00,1.4442232980954173,1.444419313836155,-0.00019601574073774484,1,0.5001428834248373
2026-07-29 03:00:00+00:00,1.4438105869532938,1.4438105869532938,0.0,0,0.0
2026-07-29 08:00:00+00:00,1.443594015365251,1.443594015365251,0.0,1,0.5000750112516877
2026-07-29 08:05:00+00:00,1.4420782667486576,1.443594015365251,-0.0015157486165933974,1,0.5006006332126972
2026-07-29 08:10:00+00:00,1.4410127404934285,1.443594015365251,-0.0025812748718222534,1,0.500970791715175
2026-07-29 08:15:00+00:00,1.439849666059904,1.443594015365251,-0.003744349305346791,1,0.5013754633510554
2026-07-29 08:20:00+00:00,1.4403749254814957,1.443594015365251,-0.00321908988375516,1,0.501192627492682
2026-07-29 08:25:00+00:00,1.4399284549731428,1.443594015365251,-0.003665560392108082,1,0.5013480294686666
2026-07-29 08:30:00+00:00,1.4389577609298145,1.4389577609298145,0.0,0,0.0
2026-07-29 20:15:00+00:00,1.4385261059780852,1.4385261059780852,0.0,2,1.0002250450084391
2026-07-29 20:20:00+00:00,1.4394893174568835,1.4385261059780852,0.0009632114787982461,2,0.9995557602606817
2026-07-29 20:25:00+00:00,1.4387664618005247,1.4385261059780852,0.0002403558224394626,2,1.0000579505426586
2026-07-29 20:30:00+00:00,1.4355850785693307,1.4385261059780852,-0.0029410274087545447,2,1.0022741672208433
2026-07-29 20:35:00+00:00,1.4378645895011846,1.4385261059780852,-0.0006615164769005854,2,1.0006852172337746
2026-07-29 20:40:00+00:00,1.4411280984205548,1.4385261059780852,0.0026019924424695593,2,0.9984191139390685
2026-07-29 20:45:00+00:00,1.4387189205421098,1.4387189205421098,0.0,0,0.0
2026-07-30 10:05:00+00:00,1.4385031127040284,1.4385031127040284,0.0,1,0.5000750112516877
2026-07-30 10:10:00+00:00,1.4374406528293406,1.4385031127040284,-0.0010624598746876725,1,0.5004446332132924
2026-07-30 10:15:00+00:00,1.4372306316913213,1.4385031127040284,-0.0012724810127072506,1,0.5005177627090501
2026-07-30 10:20:00+00:00,1.4371194440300166,1.4385031127040284,-0.0013836686740117707,1,0.5005564869777309
2026-07-30 10:25:00+00:00,1.4366994017539774,1.4385031127040284,-0.0018037109500510069,1,0.5007028327518154
2026-07-30 10:30:00+00:00,1.438527821073207,1.4385031127040284,2.4708369178764505e-05,1,0.5000664218884415
2026-07-30 10:35:00+00:00,1.4424012483342143,1.4424012483342143,0.0,0,0.0
2026-07-30 13:45:00+00:00,1.441968560413742,1.441968560413742,0.0,2,1.0002250450084391
2026-07-30 13:50:00+00:00,1.4450648068097678,1.441968560413742,0.0030962463960258093,2,0.9980819278442621
2026-07-30 13:55:00+00:00,1.4418711927268602,1.441968560413742,-9.736768688189907e-05,2,1.0002925889052068
2026-07-30 14:00:00+00:00,1.4417889915083673,1.441968560413742,-0.00017956890537480238,2,1.000349618935358
2026-07-30 14:05:00+00:00,1.4388039912342705,1.441968560413742,-0.003164569179471567,2,1.002424984242173
2026-07-30 14:10:00+00:00,1.4357174235023002,1.441968560413742,-0.006251136911441803,2,1.0045800410517052
2026-07-30 14:15:00+00:00,1.433966225579896,1.433966225579896,0.0,0,0.0
2026-07-31 14:15:00+00:00,1.4337511306460589,1.4337511306460589,0.0,1,0.5000750112516877
2026-07-31 14:20:00+00:00,1.4351175563987213,1.4337511306460589,0.001366425752662519,1,0.4995988722966659
2026-07-31 14:25:00+00:00,1.4341415380039626,1.4337511306460589,0.0003904073579036451,1,0.4999388789671657
2026-07-31 14:30:00+00:00,1.4319942975354927,1.4337511306460589,-0.0017568331105660845,1,0.5006885251036952
2026-07-31 14:35:00+00:00,1.4318966956960169,1.4337511306460589,-0.0018544349500420356,1,0.5007226533485619
2026-07-31 14:40:00+00:00,1.4296518533880713,1.4337511306460589,-0.004099277257987637,1,0.5015088890982795
2026-07-31 14:45:00+00:00,1.4285583418989511,1.4285583418989511,0.0,0,0.0
