timestamp,equity,realized_equity,unrealized_pnl,active_positions,gross_exposure_ratio
2024-01-09 21:15:00+00:00,0.999775016874578,0.999775016874578,0.0,3,0.7501125140640822
2024-01-09 21:20:00+00:00,0.9758115023071382,0.999775016874578,-0.023963514567439788,3,0.7685334202693216
2024-01-09 21:25:00+00:00,0.9740282829211342,0.999775016874578,-0.025746733953443873,3,0.7699404263263799
2024-01-09 21:30:00+00:00,0.9691814318000931,0.999775016874578,-0.030593585074484914,3,0.7737908783635633
2024-01-09 21:35:00+00:00,0.9683314777753426,0.999775016874578,-0.0314435390992355,3,0.7744700741621873
2024-01-09 21:40:00+00:00,0.9747874639066283,0.999775016874578,-0.024987552967949758,3,0.7693407836829594
2024-01-09 21:45:00+00:00,0.9717423066120573,0.9717423066120573,0.0,0,0.0
2024-01-11 08:50:00+00:00,0.9716694259390614,0.9716694259390614,0.0,1,0.2500187514063555
2024-01-11 08:55:00+00:00,0.972248027661798,0.9716694259390614,0.0005786017227366195,1,0.24986996089594624
2024-01-11 09:00:00+00:00,0.9713685530432383,0.9716694259390614,-0.0003008728958230432,1,0.2500961925233342
2024-01-11 09:05:00+00:00,0.9710059626303235,0.9716694259390614,-0.0006634633087379532,1,0.2501895827652127
2024-01-11 09:10:00+00:00,0.9706356575277719,0.9716694259390614,-0.001033768411289397,1,0.25028503204979713
2024-01-11 09:15:00+00:00,0.9701650614599462,0.9716694259390614,-0.001504364479115189,1,0.25040643732050544
2024-01-11 09:20:00+00:00,0.9701153248558597,0.9701153248558597,0.0,0,0.0
2024-01-12 14:30:00+00:00,0.9700425662064955,0.9700425662064955,0.0,1,0.2500187514063555
2024-01-12 14:35:00+00:00,0.9681926770562848,0.9700425662064955,-0.0018498891502107392,1,0.25049645278391813
2024-01-12 14:40:00+00:00,0.9681216312405986,0.9700425662064955,-0.0019209349658969959,1,0.25051483552038456
2024-01-12 14:45:00+00:00,0.9693716778710277,0.9700425662064955,-0.0006708883354677682,1,0.2501917858242117
2024-01-12 14:50:00+00:00,0.9686423341175903,0.9700425662064955,-0.001400232088905269,1,0.2503801688937154
2024-01-12 14:55:00+00:00,0.9698087445346166,0.9700425662064955,-0.00023382167187887586,1,0.25007903112932595
2024-01-12 15:00:00+00:00,0.9708349477430831,0.9708349477430831,0.0,0,0.0
2024-01-12 22:35:00+00:00,0.9706165262622711,0.9706165262622711,0.0,3,0.7501125140640822
2024-01-12 22:40:00+00:00,0.9697094519773731,0.9706165262622711,-0.0009070742848979816,3,0.7508141755472205
2024-01-12 22:45:00+00:00,0.9695975657424344,0.9706165262622711,-0.0010189605198367832,3,0.7509008153802901
2024-01-12 22:50:00+00:00,0.9737063651073173,0.9706165262622711,0.0030898388450461833,3,0.7477322001756596
2024-01-12 22:55:00+00:00,0.9734990475236188,0.9706165262622711,0.0028825212613476686,3,0.747891438167097
2024-01-12 23:00:00+00:00,0.9735039050796447,0.9706165262622711,0.002887378817373545,3,0.7478877063643347
2024-01-12 23:05:00+00:00,0.9753775484991872,0.9753775484991872,0.0,0,0.0
2024-01-15 12:25:00+00:00,0.9753043951830498,0.9753043951830498,0.0,1,0.2500187514063555
2024-01-15 12:30:00+00:00,0.9741286896220849,0.9753043951830498,-0.0011757055609648618,1,0.25032050664619754
2024-01-15 12:35:00+00:00,0.9724262068941942,0.9753043951830498,-0.002878188288855602,1,0.2507587572157324
2024-01-15 12:40:00+00:00,0.9729300807060363,0.9753043951830498,-0.00237431447701348,1,0.2506288909762598
2024-01-15 12:45:00+00:00,0.9730064252229821,0.9753043951830498,-0.0022979699600677523,1,0.25060922600682256
2024-01-15 12:50:00+00:00,0.9733576100009326,0.9753043951830498,-0.0019467851821171665,1,0.2505188068797892
2024-01-15 12:55:00+00:00,0.9738341372068048,0.9738341372068048,0.0,0,0.0
2024-01-17 11:40:00+00:00,0.9737610996465142,0.9737610996465142,0.0,1,0.2500187514063555
2024-01-17 11:45:00+00:00,0.9738311641369282,0.9737610996465142,7.006449041390508e-05,1,0.2500007632405868
2024-01-17 11:50:00+00:00,0.9738856587405835,0.9737610996465142,0.00012455909406922466,1,0.249986774234399
2024-01-17 11:55:00+00:00,0.9743294005132052,0.9737610996465142,0.0005683008666908577,1,0.24987292200508895
2024-01-17 12:00:00+00:00,0.9738778737972041,0.9737610996465142,0.00011677415068987784,1,0.24998877256800464
2024-01-17 12:05:00+00:00,0.9751156797945172,0.9737610996465142,0.0013545801480029397,1,0.2496714383189945
2024-01-17 12:10:00+00:00,0.9741318038588453,0.9741318038588453,0.0,0,0.0
2024-01-19 16:50:00+00:00,0.974058743973556,0.974058743973556,0.0,1,0.2500187514063555
2024-01-19 16:55:00+00:00,0.9722937741286171,0.974058743973556,-0.0017649698449389403,1,0.2504726014346527
2024-01-19 17:00:00+00:00,0.9729186392289991,0.974058743973556,-0.0011401047445568136,1,0.2503117333199638
2024-01-19 17:05:00+00:00,0.9729953770483443,0.974058743973556,-0.0010633669252116682,1,0.2502919918319521
2024-01-19 17:10:00+00:00,0.9722800709465911,0.974058743973556,-0.0017786730269648535,1,0.250476131561159
2024-01-19 17:15:00+00:00,0.975097445171121,0.974058743973556,0.0010387011975650357,1,0.249752424407156
2024-01-19 17:20:00+00:00,0.9762960405778373,0.9762960405778373,0.0,0,0.0
2024-01-22 14:35:00+00:00,0.976222818374794,0.976222818374794,0.0,1,0.2500187514063555
2024-01-22 14:40:00+00:00,0.9755148080435324,0.976222818374794,-0.0007080103312615646,1,0.25020021032173556
2024-01-22 14:45:00+00:00,0.9749082347930159,0.976222818374794,-0.0013145835817780225,1,0.25035588113201135
2024-01-22 14:50:00+00:00,0.9737463191408443,0.976222818374794,-0.002476499233949697,1,0.2506546164506282
2024-01-22 14:55:00+00:00,0.9747524930124779,0.976222818374794,-0.0014703253623160112,1,0.2503958819229559
2024-01-22 15:00:00+00:00,0.9750240165114422,0.976222818374794,-0.0011988018633517106,1,0.25032615198314456
2024-01-22 15:05:00+00:00,0.9745122582421472,0.9745122582421472,0.0,0,0.0
2024-01-22 18:55:00+00:00,0.974439169822779,0.974439169822779,0.0,1,0.2500187514063555
2024-01-22 19:00:00+00:00,0.9732332018866217,0.974439169822779,-0.001205967936157354,1,0.25032855854923725
2024-01-22 19:05:00+00:00,0.9748308276338208,0.974439169822779,0.00039165781104175416,1,0.24991830136505663
2024-01-22 19:10:00+00:00,0.9734755225466907,0.974439169822779,-0.0009636472760883398,1,0.2502662459587952
2024-01-22 19:15:00+00:00,0.9713960731614474,0.974439169822779,-0.0030430966613316447,1,0.2508019862254945
2024-01-22 19:20:00+00:00,0.9677922577634445,0.974439169822779,-0.006646912059334577,1,0.25173590985689237
2024-01-22 19:25:00+00:00,0.968950496419078,0.968950496419078,0.0,0,0.0
2024-01-23 09:35:00+00:00,0.9688778251318466,0.9688778251318466,0.0,1,0.2500187514063555
2024-01-23 09:40:00+00:00,0.9692312407270186,0.9688778251318466,0.00035341559517202277,1,0.24992758582881366
2024-01-23 09:45:00+00:00,0.9702421737085571,0.9688778251318466,0.0013643485767105734,1,0.2496671765759929
2024-01-23 09:50:00+00:00,0.9715489895139607,0.9688778251318466,0.002671164382114123,1,0.24933135304474388
2024-01-23 09:55:00+00:00,0.9706942169116842,0.9688778251318466,0.001816391779837578,1,0.2495509089108015
2024-01-23 10:00:00+00:00,0.970069575394636,0.9688778251318466,0.0011917502627893954,1,0.24971159826987083
2024-01-23 10:05:00+00:00,0.9703667576372357,0.9703667576372357,0.0,0,0.0
2024-01-23 14:30:00+00:00,0.9702939801304129,0.9702939801304129,0.0,1,0.2500187514063555
2024-01-23 14:35:00+00:00,0.9684413424637323,0.9702939801304129,-0.0018526376666806686,1,0.25049703969901915
2024-01-23 14:40:00+00:00,0.9690964492832562,0.9702939801304129,-0.0011975308471566996,1,0.2503277043154267
2024-01-23 14:45:00+00:00,0.9691660474782477,0.9702939801304129,-0.0011279326521651753,1,0.2503097276679554
2024-01-23 14:50:00+00:00,0.9686611843812454,0.9702939801304129,-0.0016327957491675648,1,0.2504401882937737
2024-01-23 14:55:00+00:00,0.9695007816541596,0.9702939801304129,-0.0007931984762532564,1,0.2502233046118845
2024-01-23 15:00:00+00:00,0.9701162529644759,0.9701162529644759,0.0,0,0.0
2024-01-25 10:05:00+00:00,0.9700434942455035,0.9700434942455035,0.0,1,0.2500187514063555
2024-01-25 10:10:00+00:00,0.9702431751208993,0.9700434942455035,0.00019968087539579403,1,0.2499672963027007
2024-01-25 10:15:00+00:00,0.9717574217593172,0.9700434942455035,0.0017139275138137598,1,0.2495777833134863
2024-01-25 10:20:00+00:00,0.9718572621970152,0.9700434942455035,0.0018137679515116299,1,0.24955214379203086
2024-01-25 10:25:00+00:00,0.9725145450785263,0.9700434942455035,0.0024710508330227695,1,0.24938348168513594
2024-01-25 10:30:00+00:00,0.972239983874857,0.9700434942455035,0.002196489629353519,1,0.2494539077425316
2024-01-25 10:35:00+00:00,0.9719841843534386,0.9719841843534386,0.0,0,0.0
2024-01-28 10:45:00+00:00,0.971911285539612,0.971911285539612,0.0,1,0.2500187514063555
2024-01-28 10:50:00+00:00,0.9721441201913216,0.971911285539612,0.0002328346517095255,1,0.24995887033759678
2024-01-28 10:55:00+00:00,0.9715191429683118,0.971911285539612,-0.0003921425713002634,1,0.25011966861087936
2024-01-28 11:00:00+00:00,0.9714505180183342,0.971911285539612,-0.00046076752127782906,1,0.25013733749820655
2024-01-28 11:05:00+00:00,0.9712912100987434,0.971911285539612,-0.0006200754408685669,1,0.2501783641835451
2024-01-28 11:10:00+00:00,0.9706490766382393,0.971911285539612,-0.0012622089013727676,1,0.2503438698257004
2024-01-28 11:15:00+00:00,0.9701301156495586,0.9701301156495586,0.0,0,0.0
2024-01-29 15:50:00+00:00,0.9700573558908849,0.9700573558908849,0.0,1,0.2500187514063555
2024-01-29 15:55:00+00:00,0.9710238104982649,0.9700573558908849,0.0009664546073799831,1,0.24976990913120667
2024-01-29 16:00:00+00:00,0.9718509718259335,0.9700573558908849,0.001793615935048573,1,0.24955732508731723
2024-01-29 16:05:00+00:00,0.9721347173957159,0.9700573558908849,0.0020773615048309407,1,0.2494844845806126
2024-01-29 16:10:00+00:00,0.9718727543141188,0.9700573558908849,0.0018153984232338975,1,0.24955173178360424
2024-01-29 16:15:00+00:00,0.9714027111480147,0.9700573558908849,0.0013453552571297304,1,0.24967248508681017
2024-01-29 16:20:00+00:00,0.9727074071553754,0.9727074071553754,0.0,0,0.0
2024-01-30 14:20:00+00:00,0.9726344540998387,0.9726344540998387,0.0,1,0.2500187514063555
2024-01-30 14:25:00+00:00,0.9730098235649103,0.9726344540998387,0.0003753694650715738,1,0.24992229872653626
2024-01-30 14:30:00+00:00,0.9738208069771018,0.9726344540998387,0.0011863528772631236,1,0.2497141671717863
2024-01-30 14:35:00+00:00,0.9739181249865648,0.9726344540998387,0.0012836708867261183,1,0.24968921467828567
2024-01-30 14:40:00+00:00,0.9730607996651052,0.9726344540998387,0.0004263455652664089,1,0.24990920595356134
2024-01-30 14:45:00+00:00,0.9728337243096915,0.9726344540998387,0.0001992702098527728,1,0.24996753886323025
2024-01-30 14:50:00+00:00,0.9731847997239579,0.9731847997239579,0.0,0,0.0
2024-01-30 18:35:00+00:00,0.9731118108639786,0.9731118108639786,0.0,1,0.2500187514063555
2024-01-30 18:40:00+00:00,0.9726833824748288,0.9731118108639786,-0.00042842838914980533,1,0.2501288747341024
2024-01-30 18:45:00+00:00,0.9724021943912579,0.9731118108639786,-0.0007096164727206879,1,0.2502012041255188
2024-01-30 18:50:00+00:00,0.9722345040432374,0.9731118108639786,-0.0008773068207411397,1,0.25024435865955397
2024-01-30 18:55:00+00:00,0.9726496399048002,0.9731118108639786,-0.0004621709591783242,1,0.25013755205296995
2024-01-30 19:00:00+00:00,0.9727580251297403,0.9731118108639786,-0.0003537857342382824,1,0.25010968159171976
2024-01-30 19:05:00+00:00,0.9725623360151119,0.9725623360151119,0.0,0,0.0
2024-01-31 21:35:00+00:00,0.9724893938399107,0.9724893938399107,0.0,1,0.2500187514063555
2024-01-31 21:40:00+00:00,0.9726191163829786,0.9724893938399107,0.00012972254306782712,1,0.24998540529203306
2024-01-31 21:45:00+00:00,0.9728137001975803,0.9724893938399107,0.0003243063576695408,1,0.2499354027954126
2024-01-31 21:50:00+00:00,0.9723677789557846,0.9724893938399107,-0.00012161488412604406,1,0.2500500214691236
2024-01-31 21:55:00+00:00,0.9723758866147264,0.9724893938399107,-0.00011350722518431498,1,0.2500479365549249
2024-01-31 22:00:00+00:00,0.973040714647949,0.9724893938399107,0.0005513208080381708,1,0.24987709182523515
2024-01-31 22:05:00+00:00,0.9723272674163504,0.9723272674163504,0.0,0,0.0
2024-02-01 12:15:00+00:00,0.9722543428712942,0.9722543428712942,0.0,1,0.2500187514063555
2024-02-01 12:20:00+00:00,0.9721125134349626,0.9722543428712942,-0.0001418294363315485,1,0.2500552286845452
2024-02-01 12:25:00+00:00,0.9719291729440951,0.9722543428712942,-0.0003251699271991541,1,0.25010239801503475
2024-02-01 12:30:00+00:00,0.9724728524500327,0.9722543428712942,0.00021850957873843955,1,0.24996257349670084
2024-02-01 12:35:00+00:00,0.9720698492955784,0.9722543428712942,-0.00018449357571581813,1,0.25006620360691123
2024-02-01 12:40:00+00:00,0.9723241045046117,0.9722543428712942,6.97616333175617e-05,1,0.2500008132349399
2024-02-01 12:45:00+00:00,0.9722753947413683,0.9722753947413683,0.0,0,0.0
2024-02-04 14:15:00+00:00,0.9722024740867626,0.9722024740867626,0.0,1,0.2500187514063555
2024-02-04 14:20:00+00:00,0.9732771128318165,0.9722024740867626,0.001074638745053842,1,0.24974269453240977
2024-02-04 14:25:00+00:00,0.9738064125122161,0.9722024740867626,0.0016039384254534503,1,0.24960695017223747
2024-02-04 14:30:00+00:00,0.9744880863430337,0.9722024740867626,0.002285612256271161,1,0.24943234513775098
2024-02-04 14:35:00+00:00,0.9748008543359973,0.9722024740867626,0.002598380249234598,1,0.24935231396664365
2024-02-04 14:40:00+00:00,0.973742254975198,0.9722024740867626,0.0015397808884353274,1,0.2496233961743123
2024-02-04 14:45:00+00:00,0.9733244875591198,0.9733244875591198,0.0,0,0.0
2024-02-04 20:55:00+00:00,0.9732514882225529,0.9732514882225529,0.0,1,0.2500187514063555
2024-02-04 21:00:00+00:00,0.9727285355969741,0.9732514882225529,-0.0005229526255788048,1,0.2501531650250653
2024-02-04 21:05:00+00:00,0.9730965002468269,0.9732514882225529,-0.00015498797572600147,1,0.25005857263699827
2024-02-04 21:10:00+00:00,0.97287192583302,0.9732514882225529,-0.0003795623895329904,1,0.25011629529902213
2024-02-04 21:15:00+00:00,0.9726758185984279,0.9732514882225529,-0.0005756696241250557,1,0.25016672280432206
2024-02-04 21:20:00+00:00,0.9729647077504613,0.9732514882225529,-0.0002867804720916288,1,0.25009244420835425
2024-02-04 21:25:00+00:00,0.9729011974736327,0.9729011974736327,0.0,0,0.0
2024-02-05 00:25:00+00:00,0.9728282298838221,0.9728282298838221,0.0,1,0.2500187514063555
2024-02-05 00:30:00+00:00,0.9732175047619593,0.9728282298838221,0.00038927487813726657,1,0.24991874702037856
2024-02-05 00:35:00+00:00,0.9723992330793443,0.9728282298838221,-0.00042899680447787566,1,0.25012905306205835
2024-02-05 00:40:00+00:00,0.9720417357422794,0.9728282298838221,-0.000786494141542736,1,0.2502210454808036
2024-02-05 00:45:00+00:00,0.9719066811927215,0.9728282298838221,-0.0009215486911005907,1,0.2502558157846211
2024-02-05 00:50:00+00:00,0.9717795710284317,0.9728282298838221,-0.0010486588553903506,1,0.25028854960493097
2024-02-05 00:55:00+00:00,0.9720084900788094,0.9720084900788094,0.0,0,0.0
2024-02-06 16:25:00+00:00,0.9719355894420535,0.9719355894420535,0.0,1,0.2500187514063555
2024-02-06 16:30:00+00:00,0.9720407235901928,0.9719355894420535,0.00010513414813923569,1,0.24999170983514346
2024-02-06 16:35:00+00:00,0.971984033608353,0.9719355894420535,4.844416629950305e-05,1,0.25000629034778626
2024-02-06 16:40:00+00:00,0.9713748739853109,0.9719355894420535,-0.0005607154567425993,1,0.2501630719793325
2024-02-06 16:45:00+00:00,0.9712388180288954,0.9719355894420535,-0.0006967714131580332,1,0.25019811606466574
2024-02-06 16:50:00+00:00,0.9707100551073716,0.9719355894420535,-0.0012255343346818583,1,0.2503344034000179
2024-02-06 16:55:00+00:00,0.9709206043798146,0.9709206043798146,0.0,0,0.0
2024-02-07 14:50:00+00:00,0.9708477853344861,0.9708477853344861,0.0,1,0.2500187514063555
2024-02-07 14:55:00+00:00,0.969713880988796,0.9708477853344861,-0.0011339043456901506,1,0.25031110294868325
2024-02-07 15:00:00+00:00,0.9694361557779515,0.9708477853344861,-0.001411629556534612,1,0.2503828123680491
2024-02-07 15:05:00+00:00,0.9693317984259978,0.9708477853344861,-0.0015159869084882898,1,0.25040976834670975
2024-02-07 15:10:00+00:00,0.9691090571962903,0.9708477853344861,-0.001738728138195843,1,0.2504673228389706
2024-02-07 15:15:00+00:00,0.9693491913179901,0.9708477853344861,-0.0014985940164960146,1,0.2504052752805436
2024-02-07 15:20:00+00:00,0.9694194428358239,0.9694194428358239,0.0,0,0.0
2024-02-08 02:40:00+00:00,0.9693467363776113,0.9693467363776113,0.0,1,0.2500187514063555
2024-02-08 02:45:00+00:00,0.9694398542800353,0.9693467363776113,9.311790242406445e-05,1,0.24999473627886215
2024-02-08 02:50:00+00:00,0.9694165748044293,0.9693467363776113,6.983842681806179e-05,1,0.2500007396282128
2024-02-08 02:55:00+00:00,0.9689820245931171,0.9693467363776113,-0.0003647117844941045,1,0.25011285509730957
2024-02-08 03:00:00+00:00,0.9693079372516012,0.9693467363776113,-3.8799126010013404e-05,1,0.25002875907127586
2024-02-08 03:05:00+00:00,0.9691217014467531,0.9693467363776113,-0.0002250349308580885,1,0.2500768070172782
2024-02-08 03:10:00+00:00,0.9689946762121264,0.9689946762121264,0.0,0,0.0
2024-02-08 13:50:00+00:00,0.9689220016114105,0.9689220016114105,0.0,1,0.2500187514063555
2024-02-08 13:55:00+00:00,0.9701620622755177,0.9689220016114105,0.0012400606641072062,1,0.2496991775630112
2024-02-08 14:00:00+00:00,0.9696383245329119,0.9689220016114105,0.0007163229215013147,1,0.24983404938096493
2024-02-08 14:05:00+00:00,0.9713152247491477,0.9689220016114105,0.0023932231377371744,1,0.24940273031918642
2024-02-08 14:10:00+00:00,0.9711155937710244,0.9689220016114105,0.002193592159613876,1,0.24945399971627938
2024-02-08 14:15:00+00:00,0.9720973084634426,0.9689220016114105,0.003175306852032047,1,0.2492020777590105
2024-02-08 14:20:00+00:00,0.9713834661329894,0.9713834661329894,0.0,0,0.0
2024-02-09 08:55:00+00:00,0.9713106123730294,0.9713106123730294,0.0,1,0.2500187514063555
2024-02-09 09:00:00+00:00,0.9714684606829588,0.9713106123730294,0.0001578483099294233,1,0.24997812730072844
2024-02-09 09:05:00+00:00,0.9712354465111583,0.9713106123730294,-7.516586187110903e-05,1,0.2500381008596738
2024-02-09 09:10:00+00:00,0.9710024323393578,0.9713106123730294,-0.0003081800336716144,1,0.2500981032026649
2024-02-09 09:15:00+00:00,0.9709573328222352,0.9713106123730294,-0.00035327955079427983,1,0.2501097198858151
2024-02-09 09:20:00+00:00,0.9705965366852537,0.9713106123730294,-0.0007140756877757379,1,0.25020269221504315
2024-02-09 09:25:00+00:00,0.9705011331667324,0.9705011331667324,0.0,0,0.0
2024-02-12 15:10:00+00:00,0.9704283455817448,0.9704283455817448,0.0,1,0.2500187514063555
2024-02-12 15:15:00+00:00,0.9703921861475837,0.9704283455817448,-3.615943416111516e-05,1,0.25002806778040465
2024-02-12 15:20:00+00:00,0.9685774345456237,0.9704283455817448,-0.0018509110361211107,1,0.25049652680118734
2024-02-12 15:25:00+00:00,0.9695311396216226,0.9704283455817448,-0.0008972059601222136,1,0.25025011923430546
2024-02-12 15:30:00+00:00,0.9699966923364468,0.9704283455817448,-0.00043165324529808826,1,0.250130010966602
2024-02-12 15:35:00+00:00,0.9715605878639141,0.9704283455817448,0.001132242282169287,1,0.24972738326605265
2024-02-12 15:40:00+00:00,0.9728256993428872,0.9728256993428872,0.0,0,0.0
2024-02-12 17:30:00+00:00,0.9727527374154364,0.9727527374154364,0.0,1,0.2500187514063555
2024-02-12 17:35:00+00:00,0.9742314579416073,0.9727527374154364,0.0014787205261707855,1,0.24963926472829923
2024-02-12 17:40:00+00:00,0.9728057856854336,0.9727527374154364,5.304826999714926e-05,1,0.25000511758301264
2024-02-12 17:45:00+00:00,0.9712386513759342,0.9727527374154364,-0.0015140860395022274,1,0.25040851132847336
2024-02-12 17:50:00+00:00,0.9722023616142159,0.9727527374154364,-0.0005503758012205383,1,0.25016029011893065
2024-02-12 17:55:00+00:00,0.9729450373941761,0.9727527374154364,0.00019229997873965933,1,0.24996933587029527
2024-02-12 18:00:00+00:00,0.9721205583084324,0.9721205583084324,0.0,0,0.0
2024-02-12 20:55:00+00:00,0.9720476492665592,0.9720476492665592,0.0,1,0.2500187514063555
2024-02-12 21:00:00+00:00,0.9718362995331137,0.9720476492665592,-0.00021134973344552697,1,0.2500731241402115
2024-02-12 21:05:00+00:00,0.9714163568018762,0.9720476492665592,-0.0006312924646829228,1,0.2501812306076651
2024-02-12 21:10:00+00:00,0.9712316555130825,0.9720476492665592,-0.0008159937534765914,1,0.250228808129941
2024-02-12 21:15:00+00:00,0.9723573225716511,0.9720476492665592,0.0003096733050918776,1,0.24993912621992898
2024-02-12 21:20:00+00:00,0.972436348993722,0.9720476492665592,0.00038869972716278284,1,0.24991881456158638
2024-02-12 21:25:00+00:00,0.9719912806386078,0.9719912806386078,0.0,0,0.0
2024-02-12 22:40:00+00:00,0.9719183812925599,0.9719183812925599,0.0,1,0.2500187514063555
2024-02-12 22:45:00+00:00,0.9721285522385322,0.9719183812925599,0.00021017094597226195,1,0.24996469818739295
2024-02-12 22:50:00+00:00,0.9721495693331293,0.9719183812925599,0.00023118804056945037,1,0.24995929415094273
2024-02-12 22:55:00+00:00,0.971841623207944,0.9719183812925599,-7.67580846159183e-05,1,0.25003849841041226
2024-02-12 23:00:00+00:00,0.9715802802055611,0.9719183812925599,-0.00033810108699878344,1,0.25010575565432425
2024-02-12 23:05:00+00:00,0.9717136930669175,0.9719183812925599,-0.00020468822564249375,1,0.25007141701657365
2024-02-12 23:10:00+00:00,0.9718491370933985,0.9718491370933985,0.0,0,0.0
2024-02-13 00:10:00+00:00,0.9717762484081165,0.9717762484081165,0.0,1,0.2500187514063555
2024-02-13 00:15:00+00:00,0.9712588140175095,0.9717762484081165,-0.0005174343906070774,1,0.25015194793276757
2024-02-13 00:20:00+00:00,0.9732641406599452,0.9717762484081165,0.00148789225182863,1,0.2496365314647298
2024-02-13 00:25:00+00:00,0.974000572178527,0.9717762484081165,0.002224323770410458,1,0.24944778392678035
2024-02-13 00:30:00+00:00,0.9754712881850243,0.9717762484081165,0.0036950397769077202,1,0.2490716920283822
2024-02-13 00:35:00+00:00,0.9745759763971273,0.9717762484081165,0.0027997279890108477,1,0.24930050622789574
2024-02-13 00:40:00+00:00,0.9745760867545036,0.9745760867545036,0.0,0,0.0
2024-02-13 14:30:00+00:00,0.974502993547997,0.974502993547997,0.0,1,0.2500187514063555
2024-02-13 14:35:00+00:00,0.9753740977752343,0.974502993547997,0.0008711042272373063,1,0.24979546026941074
2024-02-13 14:40:00+00:00,0.9751258504826064,0.974502993547997,0.0006228569346094151,1,0.24985905313456958
2024-02-13 14:45:00+00:00,0.974298525337035,0.974502993547997,-0.00020446821096202196,1,0.2500712208348495
2024-02-13 14:50:00+00:00,0.973466722785384,0.974502993547997,-0.0010362707626129417,1,0.25028490033176104
2024-02-13 14:55:00+00:00,0.9734871198575238,0.974502993547997,-0.0010158736904731724,1,0.2502796562159803
2024-02-13 15:00:00+00:00,0.9731190153393372,0.9731190153393372,0.0,0,0.0
2024-02-14 08:55:00+00:00,0.9730460314131868,0.9730460314131868,0.0,1,0.2500187514063555
2024-02-14 09:00:00+00:00,0.9757792016485374,0.9730460314131868,0.002733170235350584,1,0.2493184456317818
2024-02-14 09:05:00+00:00,0.975818911067265,0.9730460314131868,0.0027728796540782722,1,0.2493083000090214
2024-02-14 09:10:00+00:00,0.976685254361213,0.9730460314131868,0.0036392229480262483,1,0.2490871575551204
2024-02-14 09:15:00+00:00,0.9767714528555242,0.9730460314131868,0.003725421442337417,1,0.24906517601801592
2024-02-14 09:20:00+00:00,0.9779351325287254,0.9730460314131868,0.004889101115538603,1,0.2487688045379516
2024-02-14 09:25:00+00:00,0.9780679596142731,0.9780679596142731,0.0,0,0.0
2024-02-15 00:25:00+00:00,0.977994604517302,0.977994604517302,0.0,1,0.2500187514063555
2024-02-15 00:30:00+00:00,0.9776202192552021,0.977994604517302,-0.0003743852620999262,1,0.25011449751914194
2024-02-15 00:35:00+00:00,0.9781360493233073,0.977994604517302,0.00014144480600528181,1,0.249982597076071
2024-02-15 00:40:00+00:00,0.9783545185286225,0.977994604517302,0.00035991401132046195,1,0.24992677528724955
2024-02-15 00:45:00+00:00,0.9780884342400976,0.977994604517302,9.38297227956104e-05,1,0.24999476667315865
2024-02-15 00:50:00+00:00,0.9780917019418865,0.977994604517302,9.709742458448227e-05,1,0.2499939314668639
2024-02-15 00:55:00+00:00,0.9778647648608371,0.9778647648608371,0.0,0,0.0
2024-02-15 14:35:00+00:00,0.9777914250034725,0.9777914250034725,0.0,1,0.2500187514063555
2024-02-15 14:40:00+00:00,0.9767267271880854,0.9777914250034725,-0.0010646978153870477,1,0.25029128865860667
2024-02-15 14:45:00+00:00,0.9769179098827615,0.9777914250034725,-0.0008735151207110234,1,0.25024230668935865
2024-02-15 14:50:00+00:00,0.9776391269246628,0.9777914250034725,-0.00015229807880972942,1,0.25005769969970515
2024-02-15 14:55:00+00:00,0.9773289758219196,0.9777914250034725,-0.00046244918155290593,1,0.250137054423887
2024-02-15 15:00:00+00:00,0.9770229909280193,0.9777914250034725,-0.0007684340754532602,1,0.25021539256000985
2024-02-15 15:05:00+00:00,0.9759372623218496,0.9759372623218496,0.0,0,0.0
2024-02-16 01:40:00+00:00,0.9758640670271755,0.9758640670271755,0.0,1,0.2500187514063555
2024-02-16 01:45:00+00:00,0.977119361998705,0.9758640670271755,0.0012552949715293768,1,0.24969755494496668
2024-02-16 01:50:00+00:00,0.9767032044266218,0.9758640670271755,0.000839137399446307,1,0.24980394706874595
2024-02-16 01:55:00+00:00,0.9782723231410335,0.9758640670271755,0.002408256113858028,1,0.2494032692216809
2024-02-16 02:00:00+00:00,0.9784974575652752,0.9758640670271755,0.0026333905380996566,1,0.24934588607675182
2024-02-16 02:05:00+00:00,0.9787157697342368,0.9758640670271755,0.0028517027070612804,1,0.24929026702687604
2024-02-16 02:10:00+00:00,0.9800957148142135,0.9800957148142135,0.0,0,0.0
2024-02-17 21:25:00+00:00,0.9799487059700298,0.9799487059700298,0.0,2,0.5000562556255274
2024-02-17 21:30:00+00:00,0.9792938355831754,0.9799487059700298,-0.0006548703868543845,2,0.5003906517196021
2024-02-17 21:35:00+00:00,0.9809919519033842,0.9799487059700298,0.0010432459333543297,2,0.4995244656815655
2024-02-17 21:40:00+00:00,0.9802280812150687,0.9799487059700298,0.0002793752450388028,2,0.4999137343678468
2024-02-17 21:45:00+00:00,0.9801116821224424,0.9799487059700298,0.00016297615241256684,2,0.4999731046479212
2024-02-17 21:50:00+00:00,0.9794646794053987,0.9799487059700298,-0.00048402656463107435,2,0.5003033707248484
2024-02-17 21:55:00+00:00,0.9781710592027596,0.9781710592027596,0.0,0,0.0
2024-02-18 22:15:00+00:00,0.9780976963733193,0.9780976963733193,0.0,1,0.2500187514063555
2024-02-18 22:20:00+00:00,0.9784435598078712,0.9780976963733193,0.0003458634345518785,1,0.2499303739591364
2024-02-18 22:25:00+00:00,0.9782474613246814,0.9780976963733193,0.00014976495136209984,1,0.24998047474566956
2024-02-18 22:30:00+00:00,0.9781590064002832,0.9780976963733193,6.131002696387794e-05,1,0.2500030804813935
2024-02-18 22:35:00+00:00,0.9785315467167964,0.9780976963733193,0.00043385034347710944,1,0.24990790089618306
2024-02-18 22:40:00+00:00,0.9787075205346469,0.9780976963733193,0.0006098241613276257,1,0.24986296689239848
2024-02-18 22:45:00+00:00,0.9776120119121603,0.9776120119121603,0.0,0,0.0
2024-02-21 07:55:00+00:00,0.9775386910112669,0.9775386910112669,0.0,1,0.2500187514063555
2024-02-21 08:00:00+00:00,0.9787448622513928,0.9775386910112669,0.0012061712401258788,1,0.2497106369640024
2024-02-21 08:05:00+00:00,0.9778794173502855,0.9775386910112669,0.00034072633901862146,1,0.249931636397755
2024-02-21 08:10:00+00:00,0.9778249011360426,0.9775386910112669,0.0002862101247756442,1,0.24994557071934992
2024-02-21 08:15:00+00:00,0.9776886106004351,0.9775386910112669,0.0001499195891682282,1,0.24998041332192983
2024-02-21 08:20:00+00:00,0.9772252227793697,0.9775386910112669,-0.0003134682318971057,1,0.25009895086715284
2024-02-21 08:25:00+00:00,0.9779900886724622,0.9779900886724622,0.0,0,0.0
2024-02-22 00:50:00+00:00,0.9779167394158117,0.9779167394158117,0.0,1,0.2500187514063555
2024-02-22 00:55:00+00:00,0.9782746404311142,0.9779167394158117,0.00035790101530256725,1,0.2499272822408729
2024-02-22 01:00:00+00:00,0.9789904424617193,0.9779167394158117,0.0010737030459076475,1,0.24974454454663989
2024-02-22 01:05:00+00:00,0.9800194078807142,0.9779167394158117,0.0021026684649025217,1,0.24948232678048682
2024-02-22 01:10:00+00:00,0.9792077395067245,0.9779167394158117,0.0012910000909127951,1,0.24968912346554886
2024-02-22 01:15:00+00:00,0.9777505710872784,0.9779167394158117,-0.000166168328533329,1,0.2500612419957263
2024-02-22 01:20:00+00:00,0.9773640584422382,0.9773640584422382,0.0,0,0.0
2024-02-22 20:30:00+00:00,0.9771441680216948,0.9771441680216948,0.0,3,0.7501125140640823
2024-02-22 20:35:00+00:00,0.9750713638997492,0.9771441680216948,-0.00207280412194559,3,0.7517071012590713
2024-02-22 20:40:00+00:00,0.9760763531400392,0.9771441680216948,-0.0010678148816555878,3,0.7509331274339861
2024-02-22 20:45:00+00:00,0.9756979185803647,0.9771441680216948,-0.0014462494413301484,3,0.75122438463769
2024-02-22 20:50:00+00:00,0.9733420962212793,0.9771441680216948,-0.003802071800415493,3,0.7530426058046263
2024-02-22 20:55:00+00:00,0.976006516868892,0.9771441680216948,-0.0011376511528028044,3,0.750986859011178
2024-02-22 21:00:00+00:00,0.9767730243742418,0.9767730243742418,0.0,0,0.0
2024-02-22 22:35:00+00:00,0.9766997663974137,0.9766997663974137,0.0,1,0.2500187514063555
2024-02-22 22:40:00+00:00,0.9769606708188886,0.9766997663974137,0.0002609044214748833,1,0.24995198208836558
2024-02-22 22:45:00+00:00,0.9764350670025356,0.9766997663974137,-0.00026469939487811677,1,0.25008652837836515
2024-02-22 22:50:00+00:00,0.9769023231028133,0.9766997663974137,0.00020255670539960955,1,0.24996691103974428
2024-02-22 22:55:00+00:00,0.9769246185715575,0.9766997663974137,0.00022485217414377223,1,0.2499612062705674
2024-02-22 23:00:00+00:00,0.9767206387511318,0.9766997663974137,2.087235371801452e-05,1,0.25001340854821524
2024-02-22 23:05:00+00:00,0.9764263235735632,0.9764263235735632,0.0,0,0.0
2024-02-26 19:15:00+00:00,0.9763530915992952,0.9763530915992952,0.0,1,0.2500187514063555
2024-02-26 19:20:00+00:00,0.97759459642005,0.9763530915992952,0.0012415048207547583,1,0.2497012379030211
2024-02-26 19:25:00+00:00,0.978894551650249,0.9763530915992952,0.0025414600509538394,1,0.24936963892777705
2024-02-26 19:30:00+00:00,0.9782579406016503,0.9763530915992952,0.0019048490023550867,1,0.24953191869136257
2024-02-26 19:35:00+00:00,0.9785624264554996,0.9763530915992952,0.0022093348562044757,1,0.24945427526538247
2024-02-26 19:40:00+00:00,0.9787432149312227,0.9763530915992952,0.002390123331927518,1,0.24940819733860878
2024-02-26 19:45:00+00:00,0.9794139796415092,0.9794139796415092,0.0,0,0.0
2024-02-27 01:45:00+00:00,0.9793405235930361,0.9793405235930361,0.0,1,0.2500187514063555
2024-02-27 01:50:00+00:00,0.9808095194849497,0.9793405235930361,0.0014689958919134897,1,0.24964428876970596
2024-02-27 01:55:00+00:00,0.9818602596020822,0.9793405235930361,0.002519736009046089,1,0.24937713133395265
2024-02-27 02:00:00+00:00,0.9822354922483862,0.9793405235930361,0.002894968655350085,1,0.24928186452506965
2024-02-27 02:05:00+00:00,0.9817010296729769,0.9793405235930361,0.002360506079940711,1,0.24941757980221596
2024-02-27 02:10:00+00:00,0.9864158323091605,0.9793405235930361,0.007075308716124419,1,0.24822543078732318
2024-02-27 02:15:00+00:00,0.9850046674412397,0.9850046674412397,0.0,0,0.0
2024-02-28 08:55:00+00:00,0.9849307920911816,0.9849307920911816,0.0,1,0.2500187514063555
2024-02-28 09:00:00+00:00,0.9861577748511946,0.9849307920911816,0.0012269827600129813,1,0.24970767674317407
2024-02-28 09:05:00+00:00,0.9859929562714913,0.9849307920911816,0.0010621641803097166,1,0.24974941787769236
2024-02-28 09:10:00+00:00,0.9877510211216591,0.9849307920911816,0.002820229030477529,1,0.24930489728137645
2024-02-28 09:15:00+00:00,0.9868292579536893,0.9849307920911816,0.0018984658625076285,1,0.24953776438584901
2024-02-28 09:20:00+00:00,0.9880013011871345,0.9849307920911816,0.0030705090959528367,1,0.24924174347182182
2024-02-28 09:25:00+00:00,0.9873047778693086,0.9873047778693086,0.0,0,0.0
2024-02-28 13:10:00+00:00,0.9872307300109684,0.9872307300109684,0.0,1,0.2500187514063555
2024-02-28 13:15:00+00:00,0.9871783809585252,0.9872307300109684,-5.2349052443275034e-05,1,0.2500320096431459
2024-02-28 13:20:00+00:00,0.9872758037809451,0.9871566787718419,0.00011912500910324318,2,0.5000260882843212
2024-02-28 13:25:00+00:00,0.9887951542649092,0.9871566787718419,0.0016384754930672922,2,0.4992577644551109
2024-02-28 13:30:00+00:00,0.9888496843120376,0.9871566787718419,0.0016930055401956888,2,0.4992302329203823
2024-02-28 13:35:00+00:00,0.9900260339696477,0.9871566787718419,0.002869355197805896,2,0.4986370471925184
2024-02-28 13:40:00+00:00,0.9889561078322081,0.9890220190374831,-6.591120527503895e-05,1,0.24959395245162666
2024-02-28 13:45:00+00:00,0.9889740836154649,0.9890220190374831,-4.793542201820267e-05,1,0.24958941578391633
2024-02-28 13:50:00+00:00,0.9894213300907865,0.9894213300907865,0.0,0,0.0
2024-02-28 20:35:00+00:00,0.9893471234910297,0.9893471234910297,0.0,1,0.2500187514063555
2024-02-28 20:40:00+00:00,0.9891330958970429,0.9893471234910297,-0.00021402759398677994,1,0.25007285020462344
2024-02-28 20:45:00+00:00,0.9879704718157495,0.9893471234910297,-0.0013766516752801838,1,0.25036713098124547
2024-02-28 20:50:00+00:00,0.9887050407090694,0.9893471234910297,-0.0006420827819603398,1,0.2501811180666186
2024-02-28 20:55:00+00:00,0.9895194095657304,0.9893471234910297,0.00017228607470061238,1,0.2499752204267052
2024-02-28 21:00:00+00:00,0.9894514772892451,0.9893471234910297,0.00010435379821535028,1,0.2499923828507131
2024-02-28 21:05:00+00:00,0.9882850342681676,0.9882850342681676,0.0,0,0.0
2024-02-29 00:00:00+00:00,0.9882109128905975,0.9882109128905975,0.0,1,0.2500187514063555
2024-02-29 00:05:00+00:00,0.987476449967064,0.9882109128905975,-0.0007344629235335585,1,0.25020470976830145
2024-02-29 00:10:00+00:00,0.9867275046760241,0.9882109128905975,-0.0014834082145734168,1,0.250394619990008
2024-02-29 00:15:00+00:00,0.9851427198889067,0.9882109128905975,-0.003068193001690851,1,0.2507974261789234
2024-02-29 00:20:00+00:00,0.9863142243791859,0.9881369337753354,-0.0018227093961494414,2,0.5005182904579751
2024-02-29 00:25:00+00:00,0.9862038201026938,0.9881369337753354,-0.0019331136726415763,2,0.500574322850674
2024-02-29 00:30:00+00:00,0.9861251288295861,0.9848766915463802,0.0012484372832058668,1,0.2500666940373921
2024-02-29 00:35:00+00:00,0.986353298975042,0.9848766915463802,0.0014766074286616936,1,0.25000884686030916
2024-02-29 00:40:00+00:00,0.9891678788072783,0.9848766915463802,0.00429118726089802,1,0.24929747129572638
2024-02-29 00:45:00+00:00,0.9883779479872509,0.9848766915463802,0.003501256440870667,1,0.24949671466849932
2024-02-29 00:50:00+00:00,0.9873797353714084,0.9873797353714084,0.0,0,0.0
2024-02-29 07:25:00+00:00,0.9873056818912556,0.9873056818912556,0.0,1,0.2500187514063555
2024-02-29 07:30:00+00:00,0.9865150852383541,0.9873056818912556,-0.000790596652901497,1,0.2502191173115324
2024-02-29 07:35:00+00:00,0.987162659381183,0.9873056818912556,-0.00014302251007262989,1,0.2500549747268504
2024-02-29 07:40:00+00:00,0.9873176004337616,0.9873056818912556,1.191854250607076e-05,1,0.2500157332700287
2024-02-29 07:45:00+00:00,0.988310812309266,0.9873056818912556,0.0010051304180104144,1,0.24976447770117935
2024-02-29 07:50:00+00:00,0.9893318341172844,0.9873056818912556,0.002026152226028905,1,0.24950671284432646
2024-02-29 07:55:00+00:00,0.9898258978299201,0.9898258978299201,0.0,0,0.0
2024-02-29 11:35:00+00:00,0.9897516608875829,0.9897516608875829,0.0,1,0.2500187514063555
2024-02-29 11:40:00+00:00,0.9897755414951386,0.9897516608875829,2.388060755560226e-05,1,0.2500127191299114
2024-02-29 11:45:00+00:00,0.9894594746304323,0.9897516608875829,-0.00029218625715071077,1,0.2500925816591995
2024-02-29 11:50:00+00:00,0.9898464809469949,0.9897516608875829,9.482005941193237e-05,1,0.24999480143702307
2024-02-29 11:55:00+00:00,0.9897832675740535,0.9897516608875829,3.160668647062581e-05,1,0.25001076757338275
2024-02-29 12:00:00+00:00,0.9895683421060533,0.9897516608875829,-0.0001833187815296297,1,0.2500650676948999
2024-02-29 12:05:00+00:00,0.9885852373349828,0.9885852373349828,0.0,0,0.0
2024-03-04 08:10:00+00:00,0.9885110934421827,0.9885110934421827,0.0,1,0.2500187514063555
2024-03-04 08:15:00+00:00,0.9887959735961699,0.9885110934421827,0.0002848801539871773,1,0.24994671897266615
2024-03-04 08:20:00+00:00,0.9882990541307812,0.9885110934421827,-0.00021203931140141338,1,0.2500723928660575
2024-03-04 08:25:00+00:00,0.9886194012918913,0.9885110934421827,0.00010830784970862337,1,0.24999136069025557
2024-03-04 08:30:00+00:00,0.9891384399660232,0.9885110934421827,0.0006273465238405275,1,0.249860180686371
2024-03-04 08:35:00+00:00,0.9893825139935357,0.9885110934421827,0.0008714205513529939,1,0.2497985418563406
2024-03-04 08:40:00+00:00,0.9901508068613215,0.9901508068613215,0.0,0,0.0
2024-03-05 04:05:00+00:00,0.9900765455508069,0.9900765455508069,0.0,1,0.2500187514063555
2024-03-05 04:10:00+00:00,0.9895771789012541,0.9900765455508069,-0.000499366649552897,1,0.250144917438553
2024-03-05 04:15:00+00:00,0.9893331175851149,0.9900765455508069,-0.0007434279656919919,1,0.25020662637833313
2024-03-05 04:20:00+00:00,0.9883039592980893,0.9900765455508069,-0.0017725862527176064,1,0.25046717600032276
2024-03-05 04:25:00+00:00,0.9889237030737597,0.9900765455508069,-0.0011528424770473127,1,0.2503102119465202
2024-03-05 04:30:00+00:00,0.9887590112913243,0.9900765455508069,-0.001317534259482651,1,0.2503519046486817
2024-03-05 04:35:00+00:00,0.9892072660776928,0.9892072660776928,0.0,0,0.0
2024-03-05 08:15:00+00:00,0.989133075532737,0.989133075532737,0.0,1,0.2500187514063555
2024-03-05 08:20:00+00:00,0.9894216710543412,0.989133075532737,0.00028859552160419684,1,0.24994582568208257
2024-03-05 08:25:00+00:00,0.9901082011224873,0.989133075532737,0.000975125589750354,1,0.24977251601295367
2024-03-05 08:30:00+00:00,0.9896403491042165,0.989133075532737,0.0005072735714795591,1,0.24989059585461634
2024-03-05 08:35:00+00:00,0.9890992325012087,0.989133075532737,-3.384303152835799e-05,1,0.2500273060510347
2024-03-05 08:40:00+00:00,0.990291548535053,0.989133075532737,0.0011584730023159275,1,0.24972627190978147
2024-03-05 08:45:00+00:00,0.9901173165012935,0.9901173165012935,0.0,0,0.0
2024-03-07 11:25:00+00:00,0.990043057702556,0.990043057702556,0.0,1,0.2500187514063555
2024-03-07 11:30:00+00:00,0.9926852246988375,0.990043057702556,0.0026421669962815014,1,0.2493532924300543
2024-03-07 11:35:00+00:00,0.991181623085822,0.990043057702556,0.0011385653832660493,1,0.2497315561145053
2024-03-07 11:40:00+00:00,0.9902168844786271,0.990043057702556,0.00017382677607114417,1,0.24997486207847638
2024-03-07 11:45:00+00:00,0.990729673468037,0.990043057702556,0.0006866157654810195,1,0.24984547829162118
2024-03-07 11:50:00+00:00,0.9864483199734044,0.990043057702556,-0.0035947377291514924,1,0.25092985016386565
2024-03-07 11:55:00+00:00,0.9864366388140525,0.9864366388140525,0.0,0,0.0
2024-03-11 07:05:00+00:00,0.9863626560661415,0.9863626560661415,0.0,1,0.2500187514063555
2024-03-11 07:10:00+00:00,0.9860647007346112,0.9863626560661415,-0.0002979553315303482,1,0.2500942985990585
2024-03-11 07:15:00+00:00,0.9878568236444685,0.9863626560661415,0.0014941675783269712,1,0.2496405894061711
2024-03-11 07:20:00+00:00,0.9877652415846717,0.9863626560661415,0.0014025855185302515,1,0.24966373518861432
2024-03-11 07:25:00+00:00,0.9882419701151203,0.9863626560661415,0.0018793140489788086,1,0.24954329725015184
2024-03-11 07:30:00+00:00,0.9889426356000033,0.9863626560661415,0.002579979533861751,1,0.24936649591802906
2024-03-11 07:35:00+00:00,0.9902756292912976,0.9902756292912976,0.0,0,0.0
2024-03-12 14:35:00+00:00,0.9902013586191007,0.9902013586191007,0.0,1,0.2500187514063555
2024-03-12 14:40:00+00:00,0.9897695016352578,0.9902013586191007,-0.0004318569838429906,1,0.25012783977865644
2024-03-12 14:45:00+00:00,0.990068126145362,0.9902013586191007,-0.0001332324737387698,1,0.25005239617872144
2024-03-12 14:50:00+00:00,0.9913499144271937,0.9902013586191007,0.0011485558080929666,1,0.24972908528051954
2024-03-12 14:55:00+00:00,0.9914463931150735,0.9902013586191007,0.00124503449597279,1,0.2497047838814317
2024-03-12 15:00:00+00:00,0.9926317027090255,0.9902013586191007,0.0024303440899247027,1,0.24940660936697423
2024-03-12 15:05:00+00:00,0.9914640069075241,0.9914640069075241,0.0,0,0.0
2024-03-12 17:35:00+00:00,0.991315292883473,0.991315292883473,0.0,2,0.5000562556255274
2024-03-12 17:40:00+00:00,0.9922926137780719,0.991315292883473,0.0009773208945989408,2,0.4995637442228304
2024-03-12 17:45:00+00:00,0.9923536421521194,0.991315292883473,0.0010383492686464283,2,0.4995330217447258
2024-03-12 17:50:00+00:00,0.9942350121384239,0.991315292883473,0.0029197192549508992,2,0.4985877659221038
2024-03-12 17:55:00+00:00,0.993775427362096,0.991315292883473,0.002460134478622993,2,0.4988183445222302
2024-03-12 18:00:00+00:00,0.9957327294559384,0.991315292883473,0.004417436572465379,2,0.4978378221779322
2024-03-12 18:05:00+00:00,0.9962419619316532,0.9962419619316532,0.0,0,0.0
2024-03-14 15:45:00+00:00,0.9961672437845083,0.9961672437845083,0.0,1,0.2500187514063555
2024-03-14 15:50:00+00:00,0.996599731243328,0.9961672437845083,0.00043248745881977667,1,0.24991025250648308
2024-03-14 15:55:00+00:00,0.9956095286137318,0.9961672437845083,-0.0005577151707764882,1,0.2501588055607508
2024-03-14 16:00:00+00:00,0.995522385618298,0.9961672437845083,-0.0006448581662103291,1,0.25018070319757507
2024-03-14 16:05:00+00:00,0.9969650863204802,0.9961672437845083,0.0007978425359719678,1,0.2498186685775788
2024-03-14 16:10:00+00:00,0.9958838676734308,0.9961672437845083,-0.0002833761110774186,1,0.25008989357841965
2024-03-14 16:15:00+00:00,0.9949641852224128,0.9949641852224128,0.0,0,0.0
2024-03-14 19:00:00+00:00,0.9948149461913031,0.9948149461913031,0.0,2,0.5000562556255274
2024-03-14 19:05:00+00:00,0.9952183447934262,0.9948149461913031,0.0004033986021231258,2,0.49985356443162243
2024-03-14 19:10:00+00:00,0.9951738192204886,0.9948149461913031,0.0003588730291856156,2,0.4998759286316359
2024-03-14 19:15:00+00:00,0.9941803006711679,0.9948149461913031,-0.0006346455201351225,2,0.5003754718303084
2024-03-14 19:20:00+00:00,0.9935376021038628,0.9948149461913031,-0.001277344087440339,2,0.5006991541933905
2024-03-14 19:25:00+00:00,0.992432628885234,0.9948149461913031,-0.0023823173060690287,2,0.5012566319907451
2024-03-14 19:30:00+00:00,0.9907967006432393,0.9907967006432393,0.0,0,0.0
2024-03-14 19:50:00+00:00,0.990722390890691,0.990722390890691,0.0,1,0.2500187514063555
2024-03-14 19:55:00+00:00,0.99256795908092,0.990722390890691,0.0018455681902289137,1,0.2495538697321741
2024-03-14 20:00:00+00:00,0.990722390890691,0.990722390890691,0.0,1,0.2500187514063555
2024-03-14 20:05:00+00:00,0.9931959649234284,0.990722390890691,0.002473574032737363,1,0.24939607480172
2024-03-14 20:10:00+00:00,0.9948877357644714,0.990722390890691,0.004165344873780433,1,0.24897198573915263
2024-03-14 20:15:00+00:00,0.9947638434554053,0.990722390890691,0.004041452564714177,1,0.2490029938165058
2024-03-14 20:20:00+00:00,0.9953089952481884,0.9953089952481884,0.0,0,0.0
2024-03-15 03:00:00+00:00,0.995085067519677,0.995085067519677,0.0,3,0.7501125140640821
2024-03-15 03:05:00+00:00,1.0005964768347435,0.995085067519677,0.005511409315066523,3,0.7459808014375908
2024-03-15 03:10:00+00:00,0.9956884100960235,0.995085067519677,0.0006033425763465861,3,0.7496579794805757
2024-03-15 03:15:00+00:00,0.9951723125749259,0.995085067519677,8.724505524890095e-05,3,0.7500467529824026
2024-03-15 03:20:00+00:00,0.9912934854584622,0.995085067519677,-0.003791582061214815,3,0.7529816070158054
2024-03-15 03:25:00+00:00,0.9815155283788852,0.995085067519677,-0.013569539140791722,3,0.7604828860299764
2024-03-15 03:30:00+00:00,0.9770877543480594,0.9770877543480594,0.0,0,0.0
2024-03-15 09:20:00+00:00,0.9768679260912747,0.9768679260912747,0.0,3,0.7501125140640822
2024-03-15 09:25:00+00:00,0.9788205849679703,0.9768679260912747,0.0019526588766956114,3,0.7486161071825742
2024-03-15 09:30:00+00:00,0.9784087253025557,0.9768679260912747,0.001540799211281029,3,0.7489312359947512
2024-03-15 09:35:00+00:00,0.9794472663281785,0.9768679260912747,0.0025793402369037282,3,0.7481371189037241
2024-03-15 09:40:00+00:00,0.9867800096809446,0.9768679260912747,0.009912083589669876,3,0.7425777263017473
2024-03-15 09:45:00+00:00,0.9848125569905366,0.9768679260912747,0.007944630899261841,3,0.7440612436828762
2024-03-15 09:50:00+00:00,0.9858877678602372,0.9858877678602372,0.0,0,0.0
2024-03-15 11:35:00+00:00,0.9856659597489088,0.9856659597489088,0.0,3,0.7501125140640822
2024-03-15 11:40:00+00:00,0.9875838575964523,0.9856659597489088,0.0019178978475434673,3,0.7486557879693077
2024-03-15 11:45:00+00:00,0.9857332865800079,0.9856659597489088,6.732683109914202e-05,3,0.7500612804299671
2024-03-15 11:50:00+00:00,0.9886308971544456,0.9856659597489088,0.0029649374055368293,3,0.7478629013342847
2024-03-15 11:55:00+00:00,0.9892234976828658,0.9856659597489088,0.0035575379339569673,3,0.7474148893819255
2024-03-15 12:00:00+00:00,0.9902335630014247,0.9856659597489088,0.0045676032525159395,3,0.7466525057518947
2024-03-15 12:05:00+00:00,0.9900889360909111,0.9900889360909111,0.0,0,0.0
2024-03-15 15:45:00+00:00,0.9900146794207043,0.9900146794207043,0.0,1,0.2500187514063555
2024-03-15 15:50:00+00:00,0.9918602435919782,0.9900146794207043,0.0018455641712739274,1,0.24955353904128358
2024-03-15 15:55:00+00:00,0.9922810155587923,0.9900146794207043,0.002266336138088056,1,0.24944771706968344
2024-03-15 16:00:00+00:00,0.9912270026122183,0.9900146794207043,0.001212323191514023,1,0.2497129652142476
2024-03-15 16:05:00+00:00,0.992356004622185,0.9900146794207043,0.002341325201480683,1,0.24942886713016438
2024-03-15 16:10:00+00:00,0.9895064202132654,0.9900146794207043,-0.0005082592074388873,1,0.2501471733446459
2024-03-15 16:15:00+00:00,0.9883656524192524,0.9883656524192524,0.0,0,0.0
2024-03-15 18:45:00+00:00,0.988291524995321,0.988291524995321,0.0,1,0.2500187514063555
2024-03-15 18:50:00+00:00,0.9895172879091214,0.988291524995321,0.0012257629138003594,1,0.24970904108903888
2024-03-15 18:55:00+00:00,0.9920882525314059,0.988291524995321,0.003796727536084815,1,0.2490619281846512
2024-03-15 19:00:00+00:00,0.9917577457771612,0.988291524995321,0.003466220781840214,1,0.24914492894752974
2024-03-15 19:05:00+00:00,0.9920946701382845,0.988291524995321,0.0038031451429633733,1,0.24906031706668874
2024-03-15 19:10:00+00:00,0.9926330360486504,0.988291524995321,0.004341511053329395,1,0.24892523634756683
2024-03-15 19:15:00+00:00,0.9918387105194612,0.9918387105194612,0.0,0,0.0
2024-03-15 23:00:00+00:00,0.9917643226161722,0.9917643226161722,0.0,1,0.2500187514063555
2024-03-15 23:05:00+00:00,0.9889053082774136,0.9917643226161722,-0.0028590143387586175,1,0.2507415781413787
2024-03-15 23:10:00+00:00,0.9897407082118593,0.9917643226161722,-0.002023614404312822,1,0.2505299373588948
2024-03-15 23:15:00+00:00,0.9913506779884369,0.9917643226161722,-0.000413644627735322,1,0.25012307262754246
2024-03-15 23:20:00+00:00,0.9928511535988492,0.9917643226161722,0.0010868309826769834,1,0.24974506675151703
2024-03-15 23:25:00+00:00,0.9942705224195095,0.9917643226161722,0.0025061998033373044,1,0.2493885436998246
2024-03-15 23:30:00+00:00,0.9938514306597744,0.9938514306597744,0.0,0,0.0
2024-03-16 05:35:00+00:00,0.993776891802475,0.993776891802475,0.0,1,0.2500187514063555
2024-03-16 05:40:00+00:00,0.9945302764369981,0.993776891802475,0.0007533846345230846,1,0.2498293551756776
2024-03-16 05:45:00+00:00,0.9962903500718978,0.993776891802475,0.002513458269422857,1,0.24938799984062193
2024-03-16 05:50:00+00:00,0.9956792859315914,0.993776891802475,0.0019023941291164363,1,0.24954105320416836
2024-03-16 05:55:00+00:00,0.9958137722701631,0.993776891802475,0.0020368804676881417,1,0.24950735226178006
2024-03-16 06:00:00+00:00,0.9965710739825087,0.993776891802475,0.002794182180033706,1,0.24931774978379967
2024-03-16 06:05:00+00:00,0.9959181133000901,0.9959181133000901,0.0,0,0.0
2024-03-16 23:25:00+00:00,0.9957687311851345,0.9957687311851345,0.0,2,0.5000562556255274
2024-03-16 23:30:00+00:00,0.9925247229111217,0.9957687311851345,-0.0032440082740128355,2,0.5016906598809329
2024-03-16 23:35:00+00:00,0.9943979348803188,0.9957687311851345,-0.0013707963048156867,2,0.5007455926035793
2024-03-16 23:40:00+00:00,0.9945945333781745,0.9957687311851345,-0.00117419780696006,2,0.5006466117344814
2024-03-16 23:45:00+00:00,0.9950195121648847,0.9957687311851345,-0.0007492190202498707,2,0.50043278257131
2024-03-16 23:50:00+00:00,0.99366236806843,0.9957687311851345,-0.002106363116704524,2,0.5011162736829431
2024-03-16 23:55:00+00:00,0.992966683010143,0.992966683010143,0.0,0,0.0
2024-03-17 22:40:00+00:00,0.9928922105089173,0.9928922105089173,0.0,1,0.2500187514063555
2024-03-17 22:45:00+00:00,0.9935137451633145,0.9928922105089173,0.0006215346543972293,1,0.24986234157407616
2024-03-17 22:50:00+00:00,0.9920079527912132,0.9928922105089173,-0.0008842577177040802,1,0.2502416135415629
2024-03-17 22:55:00+00:00,0.9895984417337556,0.9928922105089173,-0.003293768775161777,1,0.2508509111206982
2024-03-17 23:00:00+00:00,0.9895108673793199,0.9928922105089173,-0.003381343129597394,1,0.25087311209627633
2024-03-17 23:05:00+00:00,0.9908329968692021,0.9928922105089173,-0.002059213639715229,1,0.2505383566523528
2024-03-17 23:10:00+00:00,0.9894047708056591,0.9894047708056591,0.0,0,0.0
2024-03-19 09:15:00+00:00,0.9892563656554401,0.9892563656554401,0.0,2,0.5000562556255275
2024-03-19 09:20:00+00:00,0.9874450303678146,0.9892563656554401,-0.0018113352876253951,2,0.5009735416655159
2024-03-19 09:25:00+00:00,0.9918330489914791,0.9892563656554401,0.0025766833360389902,2,0.4987571593489287
2024-03-19 09:30:00+00:00,0.9892333707206381,0.9892563656554401,-2.2994934801908817e-05,2,0.500067879536867
2024-03-19 09:35:00+00:00,0.9919980962263715,0.9892563656554401,0.0027417305709314024,2,0.49867417684085086
2024-03-19 09:40:00+00:00,0.9887301013698314,0.9892563656554401,-0.0005262642856086186,2,0.5003224169852011
2024-03-19 09:45:00+00:00,0.9890965802879307,0.9890965802879307,0.0,0,0.0
2024-03-19 15:35:00+00:00,0.9890223980444091,0.9890223980444091,0.0,1,0.2500187514063555
2024-03-19 15:40:00+00:00,0.9908249048688582,0.9890223980444091,0.0018025068244491335,1,0.24956391775871936
2024-03-19 15:45:00+00:00,0.9921409125049041,0.9890223980444091,0.0031185144604950073,1,0.24923288814658212
2024-03-19 15:50:00+00:00,0.9943725225460909,0.9890223980444091,0.005350124501681795,1,0.24867354986724413
2024-03-19 15:55:00+00:00,0.9920165545662953,0.9890223980444091,0.0029941565218863046,1,0.24926413166571568
2024-03-19 16:00:00+00:00,0.9919386600333208,0.9890223980444091,0.0029162619889116555,1,0.24928370577236736
2024-03-19 16:05:00+00:00,0.9928880392845014,0.9928880392845014,0.0,0,0.0
2024-03-21 20:15:00+00:00,0.992739111663604,0.992739111663604,0.0,2,0.5000562556255275
2024-03-21 20:20:00+00:00,0.9947178436887025,0.992739111663604,0.00197873202509852,2,0.49906152397007847
2024-03-21 20:25:00+00:00,0.992806563628347,0.992739111663604,6.745196474301813e-05,2,0.5000222814575881
2024-03-21 20:30:00+00:00,0.993763103551688,0.992739111663604,0.0010239918880839609,2,0.4995409884079017
2024-03-21 20:35:00+00:00,0.9922654664366597,0.992739111663604,-0.0004736452269442702,2,0.5002949510822293
2024-03-21 20:40:00+00:00,0.9925280056631118,0.992739111663604,-0.00021110600049211443,2,0.5001626152199609
2024-03-21 20:45:00+00:00,0.9919692236974396,0.9919692236974396,0.0,0,0.0
2024-03-27 13:05:00+00:00,0.9918948260056623,0.9918948260056623,0.0,1,0.2500187514063555
2024-03-27 13:10:00+00:00,0.9921854944563968,0.9918948260056623,0.000290668450734529,1,0.24994550647027053
2024-03-27 13:15:00+00:00,0.9932971001560769,0.9918948260056623,0.0014022741504146601,1,0.2496657907139695
2024-03-27 13:20:00+00:00,0.992956063165143,0.9918948260056623,0.001061237159480691,1,0.24975153999650354
2024-03-27 13:25:00+00:00,0.9937916912383135,0.9918948260056623,0.0018968652326511687,1,0.24954153683389046
2024-03-27 13:30:00+00:00,0.9947938153193655,0.9918948260056623,0.002898989313703277,1,0.24929015651825823
2024-03-27 13:35:00+00:00,0.9933042015605945,0.9933042015605945,0.0,0,0.0
2024-03-29 04:30:00+00:00,0.9932297037454775,0.9932297037454775,0.0,1,0.2500187514063555
2024-03-29 04:35:00+00:00,0.9934508712459487,0.9932297037454775,0.00022116750047120092,1,0.24996309085592472
2024-03-29 04:40:00+00:00,0.9962973788909018,0.9932297037454775,0.0030676751454242874,1,0.24924892472023782
2024-03-29 04:45:00+00:00,0.9954659529169083,0.9932297037454775,0.002236249171430805,1,0.24945710062961485
2024-03-29 04:50:00+00:00,0.9947287279153377,0.9932297037454775,0.0014990241698602637,1,0.24964198119679107
2024-03-29 04:55:00+00:00,0.9947041537486186,0.9932297037454775,0.0014744500031411924,1,0.24964814860208728
2024-03-29 05:00:00+00:00,0.994830344961707,0.994830344961707,0.0,0,0.0
2024-03-31 05:15:00+00:00,0.9947557326858348,0.9947557326858348,0.0,1,0.2500187514063555
2024-03-31 05:20:00+00:00,0.994757822132947,0.9947557326858348,2.0894471121403835e-06,1,0.2500182262524472
2024-03-31 05:25:00+00:00,0.996291476313258,0.9947557326858348,0.0015357436274231265,1,0.24963335745956647
2024-03-31 05:30:00+00:00,0.996267099430283,0.9947557326858348,0.0015113667444481553,1,0.24963946554357822
2024-03-31 05:35:00+00:00,0.9959348773394526,0.9947557326858348,0.0011791446536178344,1,0.2497227398088778
2024-03-31 05:40:00+00:00,0.9962218280761866,0.9947557326858348,0.0014660953903517804,1,0.2496508099212284
2024-03-31 05:45:00+00:00,0.9964627223142476,0.9964627223142476,0.0,0,0.0
2024-03-31 18:40:00+00:00,0.9963879876100741,0.9963879876100741,0.0,1,0.2500187514063555
2024-03-31 18:45:00+00:00,0.9963925453588677,0.9963879876100741,4.5577487935847524e-06,1,0.25001760775803344
2024-03-31 18:50:00+00:00,0.9972683343193549,0.9963879876100741,0.0008803467092808197,1,0.24979804532607136
2024-03-31 18:55:00+00:00,0.9968967024946486,0.9963879876100741,0.0005087148845744887,1,0.24989116721438767
2024-03-31 19:00:00+00:00,0.996107510761239,0.9963879876100741,-0.00028047684883499545,1,0.25008914990329134
2024-03-31 19:05:00+00:00,0.9954953700386567,0.9963879876100741,-0.0008926175714173153,1,0.2502429323894177
2024-03-31 19:10:00+00:00,0.9961176203038381,0.9961176203038381,0.0,0,0.0
2024-04-01 13:25:00+00:00,0.9960429114823153,0.9960429114823153,0.0,1,0.2500187514063555
2024-04-01 13:30:00+00:00,0.9961691727997443,0.9960429114823153,0.00012626131742904173,1,0.24998706231398396
2024-04-01 13:35:00+00:00,0.9956430839771232,0.9960429114823153,-0.00039982750519212214,1,0.25011915322226197
2024-04-01 13:40:00+00:00,0.9965311219097077,0.9960429114823153,0.0004882104273924127,1,0.2498962647536092
2024-04-01 13:45:00+00:00,0.9962280947478779,0.9960429114823153,0.00018518326556262403,1,0.249972276819781
2024-04-01 13:50:00+00:00,0.9959966156659246,0.9960429114823153,-4.629581639065601e-05,1,0.25003037275328305
2024-04-01 13:55:00+00:00,0.9954673661016571,0.9954673661016571,0.0,0,0.0
2024-04-03 14:05:00+00:00,0.9951687594871703,0.9951687594871703,0.0,4,1.0001875281286918
2024-04-03 14:10:00+00:00,0.9954054043132919,0.9951687594871703,0.0002366448261216543,4,0.9999497464141689
2024-04-03 14:15:00+00:00,0.999819410597078,0.9951687594871703,0.004650651109907691,4,0.9955351647233548
2024-04-03 14:20:00+00:00,0.996470460783132,0.9951687594871703,0.0013017012959615902,4,0.9988809711831438
2024-04-03 14:25:00+00:00,0.9974271073680568,0.9951687594871703,0.0022583478808865737,4,0.9979229301766682
2024-04-03 14:30:00+00:00,0.9999183786124359,0.9951687594871703,0.004749619125265572,4,0.9954366305413864
2024-04-03 14:35:00+00:00,0.9989645273898895,0.9989645273898895,0.0,0,0.0
2024-04-04 02:35:00+00:00,0.9988896050503353,0.9988896050503353,0.0,1,0.2500187514063555
2024-04-04 02:40:00+00:00,0.9985835814342853,0.9988896050503353,-0.00030602361604998494,1,0.25009537157497047
2024-04-04 02:45:00+00:00,0.9982344559004818,0.9988896050503353,-0.0006551491498535748,1,0.2501828406856456
2024-04-04 02:50:00+00:00,0.9986999566122199,0.9988896050503353,-0.00018964843811547348,1,0.25006622879472407
2024-04-04 02:55:00+00:00,0.9995145828577614,0.9988896050503353,0.0006249778074261069,1,0.2498624193490256
2024-04-04 03:00:00+00:00,0.9989628783105163,0.9988896050503353,7.327326018101745e-05,1,0.2500004126978612
2024-04-04 03:05:00+00:00,0.9979224730132832,0.9979224730132832,0.0,0,0.0
2024-04-04 20:30:00+00:00,0.9978476288278072,0.9978476288278072,0.0,1,0.2500187514063555
2024-04-04 20:35:00+00:00,0.9995192096863807,0.9978476288278072,0.0016715808585735976,1,0.2496006238155246
2024-04-04 20:40:00+00:00,0.9985866197346395,0.9978476288278072,0.000738990906832241,1,0.249833728314542
2024-04-04 20:45:00+00:00,0.9988412363773604,0.9978476288278072,0.00099360754955319,1,0.24977004269281836
2024-04-04 20:50:00+00:00,0.9985233422257975,0.9978476288278072,0.0006757133979903275,1,0.24984956054928698
2024-04-04 20:55:00+00:00,0.9989369059443,0.9978476288278072,0.0010892771164927352,1,0.2497461218709159
2024-04-04 21:00:00+00:00,0.9989306123934026,0.9989306123934026,0.0,0,0.0
2024-04-05 08:25:00+00:00,0.9988556925974731,0.9988556925974731,0.0,1,0.2500187514063555
2024-04-05 08:30:00+00:00,0.9979785568598878,0.9988556925974731,-0.0008771357375852916,1,0.2502384959894606
2024-04-05 08:35:00+00:00,0.9983085902561004,0.9988556925974731,-0.0005471023413726295,1,0.2501557690035359
2024-04-05 08:40:00+00:00,0.9976739958398929,0.9988556925974731,-0.001181696757580167,1,0.25031488656583956
2024-04-05 08:45:00+00:00,0.99746874017066,0.9988556925974731,-0.001386952426813044,1,0.25036639549789114
2024-04-05 08:50:00+00:00,0.9976086536574214,0.9988556925974731,-0.001247038940051784,1,0.25033128189374027
2024-04-05 08:55:00+00:00,0.9968718212447029,0.9968718212447029,0.0,0,0.0
2024-04-09 16:15:00+00:00,0.9967970558581095,0.9967970558581095,0.0,1,0.2500187514063555
2024-04-09 16:20:00+00:00,0.99558534793578,0.9967970558581095,-0.0012117079223295062,1,0.2503230444561057
2024-04-09 16:25:00+00:00,0.9964891159014891,0.9967970558581095,-0.00030793995662037164,1,0.2500960134278204
2024-04-09 16:30:00+00:00,0.997179474315866,0.9967970558581095,0.00038241845775645664,1,0.24992286918275816
2024-04-09 16:35:00+00:00,0.9970319495924618,0.9967970558581095,0.00023489373435225955,1,0.24995984874210292
2024-04-09 16:40:00+00:00,0.9969331223505697,0.9967970558581095,0.00013606649246019253,1,0.24998462757819642
2024-04-09 16:45:00+00:00,0.9963799758220637,0.9963799758220637,0.0,0,0.0
2024-04-10 13:55:00+00:00,0.9962305244303278,0.9962305244303278,0.0,2,0.5000562556255274
2024-04-10 14:00:00+00:00,0.9967828962839363,0.9962305244303278,0.0005523718536085916,2,0.4997791471379538
2024-04-10 14:05:00+00:00,0.9950716751125984,0.9962305244303278,-0.0011588493177293587,2,0.5006386155350206
2024-04-10 14:10:00+00:00,0.997041781288568,0.9962305244303278,0.0008112568582402818,2,0.49964937792541947
2024-04-10 14:15:00+00:00,0.9961830733408544,0.9962305244303278,-4.745108947336774e-05,2,0.5000800747555271
2024-04-10 14:20:00+00:00,0.9975097289868653,0.9962305244303278,0.0012792045565375573,2,0.4994149844457756
2024-04-10 14:25:00+00:00,0.9999268967981437,0.9999268967981437,0.0,0,0.0
2024-04-11 12:35:00+00:00,0.9996269524749497,0.9996269524749497,0.0,4,1.0001875281286918
2024-04-11 12:40:00+00:00,1.0002295482910868,0.9996269524749497,0.0006025958161370617,4,0.9995849576279177
2024-04-11 12:45:00+00:00,0.9995414513344703,0.9996269524749497,-8.550114047939813e-05,4,1.000273084534816
2024-04-11 12:50:00+00:00,0.998571306603129,0.9996269524749497,-0.0010556458718207562,4,1.0012448825991576
2024-04-11 12:55:00+00:00,0.9975943574669414,0.9996269524749497,-0.00203259500800838,4,1.0022254067128376
2024-04-11 13:00:00+00:00,1.0000312021174325,0.9996269524749497,0.0004042496424826571,4,0.9997832152934467
2024-04-11 13:05:00+00:00,1.0011149562532387,1.0011149562532387,0.0,0,0.0
2024-04-12 05:55:00+00:00,1.0010398726315197,1.0010398726315197,0.0,1,0.2500187514063555
2024-04-12 06:00:00+00:00,1.0013239710914783,1.0010398726315197,0.0002840984599586919,1,0.24994781538136657
2024-04-12 06:05:00+00:00,1.000783783878881,1.0010398726315197,-0.0002560887526388075,1,0.25008272825251876
2024-04-12 06:10:00+00:00,1.0009358365757601,1.0010398726315197,-0.00010403605575950688,1,0.2500447380518644
2024-04-12 06:15:00+00:00,1.001203929488679,1.0010398726315197,0.0001640568571592352,1,0.24997778343831367
2024-04-12 06:20:00+00:00,1.001171918394599,1.0010398726315197,0.00013204576307933565,1,0.24998577613387027
2024-04-12 06:25:00+00:00,1.0017930760691167,1.0017930760691167,0.0,0,0.0
2024-04-12 18:45:00+00:00,1.0016428127427923,1.0016428127427923,0.0,2,0.5000562556255275
2024-04-12 18:50:00+00:00,0.9999805396621079,1.0016428127427923,-0.0016622730806844265,2,0.5008875018544141
2024-04-12 18:55:00+00:00,1.0008014384479944,1.0016428127427923,-0.0008413742947979062,2,0.5004766531821984
2024-04-12 19:00:00+00:00,1.00043768548726,1.0016428127427923,-0.001205127255532329,2,0.5006586234008479
2024-04-12 19:05:00+00:00,1.001430521673632,1.0016428127427923,-0.00021229106916048995,2,0.5001622614590322
2024-04-12 19:10:00+00:00,1.0028170697367793,1.0016428127427923,0.001174256993987059,2,0.49947071059116804
2024-04-12 19:15:00+00:00,1.0014291757998428,1.0014291757998428,0.0,0,0.0
2024-04-13 20:15:00+00:00,1.0012789670565119,1.0012789670565119,0.0,2,0.5000562556255275
2024-04-13 20:20:00+00:00,0.9971462287862035,1.0012789670565119,-0.0041327382703083395,2,0.502128771737278
2024-04-13 20:25:00+00:00,1.0017900658990018,1.0012789670565119,0.0005110988424897961,2,0.4998011341363753
2024-04-13 20:30:00+00:00,0.9980827398600532,1.0012789670565119,-0.0031962271964586517,2,0.5016576192601834
2024-04-13 20:35:00+00:00,1.0048680785429367,1.0012789670565119,0.0035891114864248603,2,0.49827019266935657
2024-04-13 20:40:00+00:00,1.0051416364744434,1.0012789670565119,0.003862669417931609,2,0.49813458415579803
2024-04-13 20:45:00+00:00,1.0055424612344406,1.0055424612344406,0.0,0,0.0
2024-04-14 22:05:00+00:00,1.0053162311487678,1.0053162311487678,0.0,3,0.7501125140640821
2024-04-14 22:10:00+00:00,1.0156555611887799,1.0053162311487678,0.010339330040012171,3,0.7424764008516717
2024-04-14 22:15:00+00:00,1.0128831891559733,1.0053162311487678,0.007566958007205628,3,0.7445086399398289
2024-04-14 22:20:00+00:00,1.0124602163153824,1.0053162311487678,0.007143985166614529,3,0.7448196713553898
2024-04-14 22:25:00+00:00,1.0164199997384598,1.0053162311487678,0.01110376858969206,3,0.7419179923363093
2024-04-14 22:30:00+00:00,1.0188317034720082,1.0053162311487678,0.013515472323240461,3,0.7401617784434684
2024-04-14 22:35:00+00:00,1.0174400152313714,1.0174400152313714,0.0,0,0.0
2024-04-17 16:15:00+00:00,1.017363707230229,1.017363707230229,0.0,1,0.2500187514063555
2024-04-17 16:20:00+00:00,1.016300536301058,1.017363707230229,-0.0010631709291710858,1,0.25028030068115004
2024-04-17 16:25:00+00:00,1.0153101852985424,1.017363707230229,-0.002053521931686575,1,0.25052442838742
2024-04-17 16:30:00+00:00,1.0161451871241929,1.017363707230229,-0.0012185201060362356,1,0.25031856375535344
2024-04-17 16:35:00+00:00,1.0160044019326588,1.017363707230229,-0.0013593052975703227,1,0.25035324977332324
2024-04-17 16:40:00+00:00,1.0150771615332448,1.017363707230229,-0.0022865456969843423,1,0.25058193942974677
2024-04-17 16:45:00+00:00,1.01439887547175,1.01439887547175,0.0,0,0.0
2024-04-19 06:40:00+00:00,1.0143227955560896,1.0143227955560896,0.0,1,0.25001875140635543
2024-04-19 06:45:00+00:00,1.0172681502731789,1.0143227955560896,0.002945354717089312,1,0.24929485780109736
2024-04-19 06:50:00+00:00,1.0186246909725611,1.0143227955560896,0.004301895416471586,1,0.24896286249040936
2024-04-19 06:55:00+00:00,1.0214902017364764,1.0143227955560896,0.007167406180386773,1,0.2482644654220198
2024-04-19 07:00:00+00:00,1.0212079251343458,1.0143227955560896,0.006885129578256126,1,0.24833308930164733
2024-04-19 07:05:00+00:00,1.0222200883791286,1.0143227955560896,0.007897292823038958,1,0.24808719937215765
2024-04-19 07:10:00+00:00,1.0213516177160584,1.0213516177160584,0.0,0,0.0
2024-04-23 10:25:00+00:00,1.0212750163447297,1.0212750163447297,0.0,1,0.2500187514063555
2024-04-23 10:30:00+00:00,1.0203193823029522,1.0212750163447297,-0.0009556340417775477,1,0.2502529196815747
2024-04-23 10:35:00+00:00,1.0203569399727164,1.0212750163447297,-0.0009180763720133942,1,0.2502437082809886
2024-04-23 10:40:00+00:00,1.0201941900704048,1.0212750163447297,-0.0010808262743248584,1,0.2502836292484605
2024-04-23 10:45:00+00:00,1.0207867666377954,1.0212750163447297,-0.0004882497069343642,1,0.2501383371867475
2024-04-23 10:50:00+00:00,1.020765901265704,1.0212750163447297,-0.0005091150790256299,1,0.2501434502390872
2024-04-23 10:55:00+00:00,1.0200508195083842,1.0200508195083842,0.0,0,0.0
2024-04-25 09:10:00+00:00,1.019974315696921,1.019974315696921,0.0,1,0.2500187514063555
2024-04-25 09:15:00+00:00,1.0195702279345575,1.019974315696921,-0.00040408776236344686,1,0.25011784170444057
2024-04-25 09:20:00+00:00,1.0195535645216767,1.019974315696921,-0.00042075117524440267,1,0.2501219295885991
2024-04-25 09:25:00+00:00,1.0193785986864263,1.019974315696921,-0.0005957170104945517,1,0.25016486044116093
2024-04-25 09:30:00+00:00,1.0198160132745517,1.019974315696921,-0.00015830242236919325,1,0.2500575609302992
2024-04-25 09:35:00+00:00,1.019645213292522,1.019974315696921,-0.0003291024043990892,1,0.2500994478791678
2024-04-25 09:40:00+00:00,1.0196020363068208,1.0196020363068208,0.0,0,0.0
2024-04-28 18:50:00+00:00,1.0195255661540978,1.0195255661540978,0.0,1,0.25001875140635543
2024-04-28 18:55:00+00:00,1.0192079573230026,1.0195255661540978,-0.0003176088310952372,1,0.25009666304628675
2024-04-28 19:00:00+00:00,1.0192437549610398,1.0195255661540978,-0.0002818111930581173,1,0.2500878792104531
2024-04-28 19:05:00+00:00,1.018694603960513,1.0195255661540978,-0.0008309621935849447,1,0.25022269489373455
2024-04-28 19:10:00+00:00,1.0185742629645584,1.0195255661540978,-0.0009513031895394687,1,0.2502522578322544
2024-04-28 19:15:00+00:00,1.018525517244678,1.0195255661540978,-0.0010000489094198093,1,0.250264234681389
2024-04-28 19:20:00+00:00,1.017886948009585,1.017886948009585,0.0,0,0.0
2024-04-29 12:40:00+00:00,1.0177342706929975,1.0177342706929975,0.0,2,0.5000562556255275
2024-04-29 12:45:00+00:00,1.017057954127658,1.0177342706929975,-0.0006763165653393098,2,0.500388779773152
2024-04-29 12:50:00+00:00,1.0183744479147505,1.0177342706929975,0.0006401772217530058,2,0.49974190698382487
2024-04-29 12:55:00+00:00,1.0182900441047975,1.0177342706929975,0.0005557734117999945,2,0.499783329485387
2024-04-29 13:00:00+00:00,1.0183768145115129,1.0177342706929975,0.0006425438185152818,2,0.49974074563808113
2024-04-29 13:05:00+00:00,1.0188602693673472,1.0177342706929975,0.0011259986743496482,2,0.499503615879074
2024-04-29 13:10:00+00:00,1.0174736591773772,1.0174736591773772,0.0,0,0.0
2024-04-30 20:05:00+00:00,1.0173973486529388,1.0173973486529388,0.0,1,0.2500187514063555
2024-04-30 20:10:00+00:00,1.0199920065926908,1.0173973486529388,0.0025946579397519956,1,0.2493827531492805
2024-04-30 20:15:00+00:00,1.0178856346746716,1.0173973486529388,0.0004882860217328406,1,0.24989881586809454
2024-04-30 20:20:00+00:00,1.0176833739376359,1.0173973486529388,0.0002860252846970512,1,0.24994848231639885
2024-04-30 20:25:00+00:00,1.017620039767453,1.0173973486529388,0.00022269111451415414,1,0.24996403849561832
2024-04-30 20:30:00+00:00,1.017370789162217,1.0173973486529388,-2.6559490721857346e-05,1,0.2500252783980669
2024-04-30 20:35:00+00:00,1.0177602912442854,1.0177602912442854,0.0,0,0.0
2024-05-02 11:05:00+00:00,1.017683959222442,1.017683959222442,0.0,1,0.2500187514063555
2024-05-02 11:10:00+00:00,1.0179735118038784,1.017683959222442,0.00028955258143642136,1,0.24994763602463113
2024-05-02 11:15:00+00:00,1.0173509737537902,1.017683959222442,-0.00033298546865189306,1,0.25010058413985314
2024-05-02 11:20:00+00:00,1.0178491745189087,1.017683959222442,0.00016521529646670283,1,0.24997816884936186
2024-05-02 11:25:00+00:00,1.0178295871383998,1.017683959222442,0.00014562791595773472,1,0.24998297949504758
2024-05-02 11:30:00+00:00,1.0179190077885492,1.017683959222442,0.00023504856610722193,1,0.2499610193583553
2024-05-02 11:35:00+00:00,1.0170455545425163,1.0170455545425163,0.0,0,0.0
2024-05-02 21:40:00+00:00,1.0169692761259257,1.0169692761259257,0.0,1,0.2500187514063555
2024-05-02 21:45:00+00:00,1.0157944541107906,1.0169692761259257,-0.0011748220151351343,1,0.2503079118089941
2024-05-02 21:50:00+00:00,1.0153625468172263,1.0169692761259257,-0.001606729308699356,1,0.25041438590840426
2024-05-02 21:55:00+00:00,1.0151878187429753,1.0169692761259257,-0.0017814573829503825,1,0.2504574857393978
2024-05-02 22:00:00+00:00,1.0151241647501552,1.0169692761259257,-0.0018451113757704258,1,0.250473190831989
2024-05-02 22:05:00+00:00,1.016022155977724,1.0169692761259257,-0.0009471201482016667,1,0.2502518150216438
2024-05-02 22:10:00+00:00,1.015804044503306,1.015804044503306,0.0,0,0.0
2024-05-03 08:40:00+00:00,1.0157278591999683,1.0157278591999683,0.0,1,0.2500187514063555
2024-05-03 08:45:00+00:00,1.015485697858592,1.0157278591999683,-0.00024216134137622507,1,0.2500783730005714
2024-05-03 08:50:00+00:00,1.015400492942182,1.0157278591999683,-0.0003273662577863956,1,0.2500993577322271
2024-05-03 08:55:00+00:00,1.0157457970771073,1.0157278591999683,1.7937877138992164e-05,1,0.2500143361228681
2024-05-03 09:00:00+00:00,1.0152838967407787,1.0157278591999683,-0.00044396245918976006,1,0.25012807938848364
2024-05-03 09:05:00+00:00,1.0151762694779447,1.0157278591999683,-0.0005515897220236567,1,0.2501545975423766
2024-05-03 09:10:00+00:00,1.0150776618281832,1.0150776618281832,0.0,0,0.0
2024-05-03 12:35:00+00:00,1.014849286483279,1.014849286483279,0.0,3,0.7501125140640822
2024-05-03 12:40:00+00:00,1.0153950734732582,1.014849286483279,0.0005457869899792772,3,0.7497093196209613
2024-05-03 12:45:00+00:00,1.019725564588608,1.014849286483279,0.004876278105329125,3,0.7465255124669028
2024-05-03 12:50:00+00:00,1.0193844761361153,1.014849286483279,0.004535189652836172,3,0.746775301665929
2024-05-03 12:55:00+00:00,1.0208082194946302,1.014849286483279,0.0059589330113512095,3,0.7457337579599268
2024-05-03 13:00:00+00:00,1.022131409218045,1.014849286483279,0.007282122734765835,3,0.7447683759786697
2024-05-03 13:05:00+00:00,1.026228131554069,1.026228131554069,0.0,0,0.0
2024-05-04 01:30:00+00:00,1.0261511644442023,1.0261511644442023,0.0,1,0.2500187514063555
2024-05-04 01:35:00+00:00,1.02416479454611,1.0261511644442023,-0.0019863698980920907,1,0.2505036633310739
2024-05-04 01:40:00+00:00,1.0245334034316709,1.0261511644442023,-0.0016177610125314903,1,0.25041353657106774
2024-05-04 01:45:00+00:00,1.0238006267314599,1.0261511644442023,-0.0023505377127422964,1,0.2505927679567747
2024-05-04 01:50:00+00:00,1.0235587902337044,1.0261511644442023,-0.0025923742104978493,1,0.2506519755742987
2024-05-04 01:55:00+00:00,1.0231748394668172,1.0261511644442023,-0.0029763249773851514,1,0.250746033808074
2024-05-04 02:00:00+00:00,1.0231915385797874,1.0231915385797874,0.0,0,0.0
2024-05-04 04:05:00+00:00,1.0231147992143939,1.0231147992143939,0.0,1,0.2500187514063555
2024-05-04 04:10:00+00:00,1.0228096327641931,1.0231147992143939,-0.00030516645020070305,1,0.2500933472376874
2024-05-04 04:15:00+00:00,1.0224360669372234,1.0231147992143939,-0.0006787322771704924,1,0.25018472344310655
2024-05-04 04:20:00+00:00,1.0216240435668618,1.0231147992143939,-0.0014907556475320825,1,0.25038357921947807
2024-05-04 04:25:00+00:00,1.02118558602347,1.0231147992143939,-0.0019292131909238832,1,0.2504910842318409
2024-05-04 04:30:00+00:00,1.0211698015519077,1.0231147992143939,-0.0019449976624860193,1,0.25049495613383965
2024-05-04 04:35:00+00:00,1.0215122275979969,1.0215122275979969,0.0,0,0.0
2024-05-09 02:25:00+00:00,1.021435614180927,1.021435614180927,0.0,1,0.25001875140635543
2024-05-09 02:30:00+00:00,1.0217321207000687,1.021435614180927,0.0002965065191415959,1,0.24994619599951473
2024-05-09 02:35:00+00:00,1.0229740103237197,1.021435614180927,0.001538396142792578,1,0.24964276151911713
2024-05-09 02:40:00+00:00,1.0231974645120583,1.021435614180927,0.0017618503311311983,1,0.24958824250144496
2024-05-09 02:45:00+00:00,1.0227677449190995,1.021435614180927,0.0013321307381723348,1,0.24969310791053498
2024-05-09 02:50:00+00:00,1.0230384682626634,1.021435614180927,0.0016028540817363932,1,0.24962703243523715
2024-05-09 02:55:00+00:00,1.023292738932172,1.023292738932172,0.0,0,0.0
2024-05-10 16:10:00+00:00,1.023215991976752,1.023215991976752,0.0,1,0.2500187514063555
2024-05-10 16:15:00+00:00,1.023552241952578,1.023215991976752,0.00033624997582593134,1,0.24993661705534664
2024-05-10 16:20:00+00:00,1.0237834138109583,1.023215991976752,0.0005674218342061953,1,0.24988018098550752
2024-05-10 16:25:00+00:00,1.023839455473596,1.023215991976752,0.0006234634968438504,1,0.24986650335203897
2024-05-10 16:30:00+00:00,1.0229830688164143,1.023215991976752,-0.00023292316033773146,1,0.2500756782113989
2024-05-10 16:35:00+00:00,1.0223806209430595,1.023215991976752,-0.0008353710336924825,1,0.2502230377734153
2024-05-10 16:40:00+00:00,1.0225648179792963,1.0225648179792963,0.0,0,0.0
2024-05-12 17:40:00+00:00,1.0224881256179479,1.0224881256179479,0.0,1,0.2500187514063555
2024-05-12 17:45:00+00:00,1.0226463167869193,1.0224881256179479,0.00015819116897143352,1,0.24998007649216422
2024-05-12 17:50:00+00:00,1.0228173342668885,1.0224881256179479,0.00032920864894056773,1,0.24993827923150785
2024-05-12 17:55:00+00:00,1.0227489272749009,1.0224881256179479,0.0002608016569529254,1,0.24995499645839397
2024-05-12 18:00:00+00:00,1.0222615274569888,1.0224881256179479,-0.00022659816095904747,1,0.25007417146057087
2024-05-12 18:05:00+00:00,1.022188845028002,1.0224881256179479,-0.0002992805899459139,1,0.25009195290897646
2024-05-12 18:10:00+00:00,1.0221677333476435,1.0221677333476435,0.0,0,0.0
2024-05-13 06:45:00+00:00,1.0220910707676425,1.0220910707676425,0.0,1,0.2500187514063555
2024-05-13 06:50:00+00:00,1.0215755665398865,1.0220910707676425,-0.0005155042277560627,1,0.2501449150770517
2024-05-13 06:55:00+00:00,1.0220612627000512,1.0220910707676425,-2.980806759135983e-05,1,0.25002604311783405
2024-05-13 07:00:00+00:00,1.0224031787694812,1.0220910707676425,0.0003121080018386971,1,0.24994242843069966
2024-05-13 07:05:00+00:00,1.023685802383779,1.0220910707676425,0.0015947316161364885,1,0.24962926392243587
2024-05-13 07:10:00+00:00,1.0229511211884394,1.0220910707676425,0.0008600504207970544,1,0.24980854709854422
2024-05-13 07:15:00+00:00,1.0227999384394602,1.0227999384394602,0.0,0,0.0
2024-05-14 14:25:00+00:00,1.0224931329757003,1.0224931329757003,0.0,4,1.0001875281286918
2024-05-14 14:30:00+00:00,1.0244092606011763,1.0224931329757003,0.001916127625475925,4,0.9983167065469158
2024-05-14 14:35:00+00:00,1.025743231934187,1.0224931329757003,0.0032500989584867907,4,0.9970184032032144
2024-05-14 14:40:00+00:00,1.0213744004397065,1.0224931329757003,-0.0011187325359937595,4,1.001283054244611
2024-05-14 14:45:00+00:00,1.0201177415558096,1.0224931329757003,-0.0023753914198906406,4,1.0025165111233167
2024-05-14 14:50:00+00:00,1.0169233171540368,1.0224931329757003,-0.005569815821663423,4,1.0056656799468568
2024-05-14 14:55:00+00:00,1.0139271303352986,1.0139271303352986,0.0,0,0.0
2024-05-15 12:35:00+00:00,1.0136229864145274,1.0136229864145274,0.0,4,1.000187528128692
2024-05-15 12:40:00+00:00,1.0106072683038188,1.0136229864145274,-0.003015718110708603,4,1.0031721530540056
2024-05-15 12:45:00+00:00,1.0114031979470566,1.0136229864145274,-0.0022197884674707816,4,1.0023827008795343
2024-05-15 12:50:00+00:00,1.012932623092986,1.0136229864145274,-0.0006903633215414326,4,1.000869205042182
2024-05-15 12:55:00+00:00,1.0118133247333643,1.0136229864145274,-0.0018096616811631872,4,1.0019763966871376
2024-05-15 13:00:00+00:00,1.0139946350532785,1.0136229864145274,0.00037164863875108125,4,0.9998209400615813
2024-05-15 13:05:00+00:00,1.0140339932760507,1.0140339932760507,0.0,0,0.0
2024-05-16 00:10:00+00:00,1.013957940726555,1.013957940726555,0.0,1,0.25001875140635543
2024-05-16 00:15:00+00:00,1.0140368018355879,1.013957940726555,7.886110903280831e-05,1,0.24999930757948527
2024-05-16 00:20:00+00:00,1.0136093746246302,1.013957940726555,-0.0003485661019249835,1,0.25010472936173705
2024-05-16 00:25:00+00:00,1.0142733851626864,1.013957940726555,0.00031544443613123324,1,0.24994099424027644
2024-05-16 00:30:00+00:00,1.0133838318527963,1.013957940726555,-0.0005741088737587782,1,0.2501603936738525
2024-05-16 00:35:00+00:00,1.0132923529663183,1.013957940726555,-0.0006655877602368098,1,0.2501829778709869
2024-05-16 00:40:00+00:00,1.0125191682129726,1.0125191682129726,0.0,0,0.0
2024-05-16 03:20:00+00:00,1.0124432292753567,1.0124432292753567,0.0,1,0.2500187514063555
2024-05-16 03:25:00+00:00,1.0124991544552584,1.0124432292753567,5.592517990178339e-05,1,0.2500049416726982
2024-05-16 03:30:00+00:00,1.012736836469841,1.0124432292753567,0.00029360719448439087,1,0.24994626732013936
2024-05-16 03:35:00+00:00,1.012755478196475,1.0124432292753567,0.00031224892111831866,1,0.24994166657485695
2024-05-16 03:40:00+00:00,1.013237056134518,1.0124432292753567,0.0007938268591614908,1,0.24982287266410186
2024-05-16 03:45:00+00:00,1.0130630666859348,1.0124432292753567,0.0006198374105781273,1,0.24986577872324833
2024-05-16 03:50:00+00:00,1.01319840065017,1.01319840065017,0.0,0,0.0
2024-05-17 06:55:00+00:00,1.013122410770121,1.013122410770121,0.0,1,0.2500187514063555
2024-05-17 07:00:00+00:00,1.0123227516457867,1.013122410770121,-0.0007996591243344944,1,0.25021624748701926
2024-05-17 07:05:00+00:00,1.0140644334506819,1.013122410770121,0.0009420226805607291,1,0.24978649463191285
2024-05-17 07:10:00+00:00,1.014549075344218,1.013122410770121,0.0014266645740968152,1,0.24966717364224356
2024-05-17 07:15:00+00:00,1.0148459185040088,1.013122410770121,0.0017235077338876603,1,0.24959414581469977
2024-05-17 07:20:00+00:00,1.0137660757849738,1.013122410770121,0.0006436650148526224,1,0.24986000835193556
2024-05-17 07:25:00+00:00,1.0142216774818973,1.0142216774818973,0.0,0,0.0
2024-05-17 15:00:00+00:00,1.0141456108560862,1.0141456108560862,0.0,1,0.25001875140635543
2024-05-17 15:05:00+00:00,1.0132924258542735,1.0141456108560862,-0.0008531850018126428,1,0.2502292654133974
2024-05-17 15:10:00+00:00,1.0138847572306988,1.0141456108560862,-0.0002608536253873069,1,0.2500830765648649
2024-05-17 15:15:00+00:00,1.0144683555163179,1.0141456108560862,0.00032274466023173135,1,0.24993921002240257
2024-05-17 15:20:00+00:00,1.015044739509532,1.0141456108560862,0.0008991286534456883,1,0.2497972842980221
2024-05-17 15:25:00+00:00,1.0150117056443082,1.0141456108560862,0.0008660947882219548,1,0.24980541402675022
2024-05-17 15:30:00+00:00,1.016289268093469,1.016289268093469,0.0,0,0.0
2024-05-20 16:05:00+00:00,1.016213046398362,1.016213046398362,0.0,1,0.25001875140635543
2024-05-20 16:10:00+00:00,1.0154484543794822,1.016213046398362,-0.0007645920188798754,1,0.2502070055132687
2024-05-20 16:15:00+00:00,1.014960703860824,1.016213046398362,-0.0012523425375381592,1,0.25032724523905
2024-05-20 16:20:00+00:00,1.0148988921591506,1.016213046398362,-0.0013141542392114461,1,0.25034249124347757
2024-05-20 16:25:00+00:00,1.015629019471643,1.016213046398362,-0.0005840269267190934,1,0.2501625220944773
2024-05-20 16:30:00+00:00,1.0161280084815145,1.016213046398362,-8.50379168474667e-05,1,0.2500396750238672
2024-05-20 16:35:00+00:00,1.0154437844117667,1.0154437844117667,0.0,0,0.0
2024-05-20 19:25:00+00:00,1.0152153266954596,1.0152153266954596,0.0,3,0.7501125140640822
2024-05-20 19:30:00+00:00,1.0203525761371814,1.0152153266954596,0.005137249441721799,3,0.7463358635373664
2024-05-20 19:35:00+00:00,1.0266190708785494,1.0152153266954596,0.011403744183089825,3,0.7417802207514314
2024-05-20 19:40:00+00:00,1.0290853127219297,1.0152153266954596,0.01386998602647009,3,0.7400025164188622
2024-05-20 19:45:00+00:00,1.0279770597757447,1.0152153266954596,0.012761733080285127,3,0.7408003065652535
2024-05-20 19:50:00+00:00,1.0299839024634,1.0152153266954596,0.01476857576794057,3,0.7393569153873063
2024-05-20 19:55:00+00:00,1.0327735531144828,1.0327735531144828,0.0,0,0.0
2024-05-21 10:15:00+00:00,1.0326960950979993,1.0326960950979993,0.0,1,0.25001875140635543
2024-05-21 10:20:00+00:00,1.0323926934838112,1.0326960950979993,-0.00030340161418815364,1,0.25009222741333687
2024-05-21 10:25:00+00:00,1.0317699582072013,1.0326960950979993,-0.0009261368907981116,1,0.25024317312674654
2024-05-21 10:30:00+00:00,1.0320082462329563,1.0326960950979993,-0.0006878488650430306,1,0.2501853926275105
2024-05-21 10:35:00+00:00,1.032156483551304,1.0326960950979993,-0.0005396115466953722,1,0.2501494612427991
2024-05-21 10:40:00+00:00,1.0322181336509906,1.0326960950979993,-0.0004779614470087466,1,0.2501345208549882
2024-05-21 10:45:00+00:00,1.032232111737413,1.032232111737413,0.0,0,0.0
2024-05-22 16:10:00+00:00,1.0321546943290325,1.0321546943290325,0.0,1,0.2500187514063555
2024-05-22 16:15:00+00:00,1.0319471806937033,1.0321546943290325,-0.00020751363532920718,1,0.2500690275260789
2024-05-22 16:20:00+00:00,1.0318286014735152,1.0321546943290325,-0.00032609285551727236,1,0.2500977658167552
2024-05-22 16:25:00+00:00,1.0315293301082786,1.0321546943290325,-0.0006253642207539228,1,0.2501703251688104
2024-05-22 16:30:00+00:00,1.0312709968071545,1.0321546943290325,-0.0008836975218779865,1,0.25023299281499095
2024-05-22 16:35:00+00:00,1.0305425815974276,1.0321546943290325,-0.0016121127316048732,1,0.25040986422350603
2024-05-22 16:40:00+00:00,1.0298045085337135,1.0298045085337135,0.0,0,0.0
2024-05-23 18:40:00+00:00,1.0297272731955736,1.0297272731955736,0.0,1,0.2500187514063555
2024-05-23 18:45:00+00:00,1.0282391479868522,1.0297272731955736,-0.001488125208721333,1,0.2503805925279946
2024-05-23 18:50:00+00:00,1.0291150784356955,1.0297272731955736,-0.000612194759878012,1,0.2501674812935075
2024-05-23 18:55:00+00:00,1.0302813914436328,1.0297272731955736,0.0005541182480592044,1,0.2498842833341746
2024-05-23 19:00:00+00:00,1.0304392229051638,1.0297272731955736,0.0007119497095902994,1,0.2498460087802023
2024-05-23 19:05:00+00:00,1.029861874052377,1.0297272731955736,0.00013460085680353772,1,0.2499860744629671
2024-05-23 19:10:00+00:00,1.02976277461567,1.02976277461567,0.0,0,0.0
2024-05-23 20:20:00+00:00,1.0296855424075737,1.0296855424075737,0.0,1,0.2500187514063555
2024-05-23 20:25:00+00:00,1.0300919863098896,1.0296855424075737,0.0004064439023158393,1,0.2499201013844892
2024-05-23 20:30:00+00:00,1.0306470226066005,1.0296855424075737,0.0009614801990266638,1,0.24978551143807357
2024-05-23 20:35:00+00:00,1.031158355257901,1.0296855424075737,0.0014728128503271177,1,0.24966164735146767
2024-05-23 20:40:00+00:00,1.0313025772877549,1.0296855424075737,0.0016170348801811344,1,0.24962673353436812
2024-05-23 20:45:00+00:00,1.0312894661941319,1.0296855424075737,0.0016039237865580576,1,0.24962990711422273
2024-05-23 20:50:00+00:00,1.0316492704401385,1.0316492704401385,0.0,0,0.0
2024-05-30 13:50:00+00:00,1.0315718967448555,1.0315718967448555,0.0,1,0.2500187514063555
2024-05-30 13:55:00+00:00,1.0309887069212043,1.0315718967448555,-0.0005831898236512804,1,0.25016017719556477
2024-05-30 14:00:00+00:00,1.0316406620397836,1.0315718967448555,6.876529492795921e-05,1,0.2500020860946722
2024-05-30 14:05:00+00:00,1.0317939748284752,1.0315718967448555,0.00022207808361977827,1,0.24996493864282335
2024-05-30 14:10:00+00:00,1.0321532077353122,1.0315718967448555,0.0005813109904565522,1,0.24987794028749877
2024-05-30 14:15:00+00:00,1.031097303479861,1.0315718967448555,-0.00047459326499458963,1,0.25013382998830824
2024-05-30 14:20:00+00:00,1.0318747988881904,1.0318747988881904,0.0,0,0.0
2024-05-30 18:20:00+00:00,1.031797408278274,1.031797408278274,0.0,1,0.25001875140635543
2024-05-30 18:25:00+00:00,1.031900343566706,1.031797408278274,0.00010293528843218154,1,0.24999381125351036
2024-05-30 18:30:00+00:00,1.0315314921164909,1.031797408278274,-0.0002659161617830831,1,0.2500832031727396
2024-05-30 18:35:00+00:00,1.0315443590275448,1.031797408278274,-0.00025304925072906764,1,0.2500800837738469
2024-05-30 18:40:00+00:00,1.0314757355019235,1.031797408278274,-0.0003216727763505029,1,0.2500967214672463
2024-05-30 18:45:00+00:00,1.0316430053456256,1.031797408278274,-0.00015440293264824367,1,0.2500561709674189
2024-05-30 18:50:00+00:00,1.0314455235658715,1.0314455235658715,0.0,0,0.0
2024-05-31 12:35:00+00:00,1.031368165151604,1.031368165151604,0.0,1,0.2500187514063555
2024-05-31 12:40:00+00:00,1.0314145713006626,1.031368165151604,4.640614905860357e-05,1,0.2500075023821822
2024-05-31 12:45:00+00:00,1.0313599318025775,1.031368165151604,-8.233349026586467e-06,1,0.2500207473067003
2024-05-31 12:50:00+00:00,1.031087108555289,1.031368165151604,-0.0002810565963149294,1,0.2500869022140827
2024-05-31 12:55:00+00:00,1.0307701246177674,1.031368165151604,-0.0005980405338365187,1,0.2501638093043186
2024-05-31 13:00:00+00:00,1.0305089029077437,1.031368165151604,-0.0008592622438602394,1,0.2502272228448209
2024-05-31 13:05:00+00:00,1.0309322818115447,1.0309322818115447,0.0,0,0.0
2024-06-02 11:50:00+00:00,1.0308549618904088,1.0308549618904088,0.0,1,0.2500187514063555
2024-06-02 11:55:00+00:00,1.0317120543237193,1.0308549618904088,0.0008570924333105266,1,0.24981104889951933
2024-06-02 12:00:00+00:00,1.0316280108077323,1.0308549618904088,0.0007730489173233475,1,0.24983140022641426
2024-06-02 12:05:00+00:00,1.031063177808395,1.0308549618904088,0.000208215917986173,1,0.24996826188742177
2024-06-02 12:10:00+00:00,1.031009420244115,1.0308549618904088,0.00015445835370612982,1,0.24998129541033876
2024-06-02 12:15:00+00:00,1.0312729080239667,1.0308549618904088,0.00041794613355780006,1,0.24991742578279436
2024-06-02 12:20:00+00:00,1.0304293535246414,1.0304293535246414,0.0,0,0.0
2024-06-03 06:15:00+00:00,1.0303520713231271,1.0303520713231271,0.0,1,0.25001875140635543
2024-06-03 06:20:00+00:00,1.0316674170987556,1.0303520713231271,0.0013153457756284199,1,0.24969998481254843
2024-06-03 06:25:00+00:00,1.0336592264161357,1.0303520713231271,0.0033071550930085184,1,0.24921882550628102
2024-06-03 06:30:00+00:00,1.034156134820262,1.0303520713231271,0.003804063497134771,1,0.24909907673267628
2024-06-03 06:35:00+00:00,1.033087155396259,1.0303520713231271,0.0027350840731320478,1,0.24935683019149574
2024-06-03 06:40:00+00:00,1.0332625348330096,1.0303520713231271,0.0029104635098825,1,0.24931450594286134
2024-06-03 06:45:00+00:00,1.0375405086441314,1.0375405086441314,0.0,0,0.0
2024-06-03 12:40:00+00:00,1.0374626931059832,1.0374626931059832,0.0,1,0.25001875140635543
2024-06-03 12:45:00+00:00,1.0371909400550872,1.0374626931059832,-0.00027175305089602943,1,0.25008425849463783
2024-06-03 12:50:00+00:00,1.036707286540428,1.0374626931059832,-0.0007554065655549794,1,0.25020092993329
2024-06-03 12:55:00+00:00,1.0373240284165381,1.0374626931059832,-0.00013866468944490206,1,0.25005217275934594
2024-06-03 13:00:00+00:00,1.0375355571251015,1.0374626931059832,7.286401911842963e-05,1,0.2500011930962259
2024-06-03 13:05:00+00:00,1.0373273742133344,1.0374626931059832,-0.00013531889264866028,1,0.2500513662408067
2024-06-03 13:10:00+00:00,1.0368521523668308,1.0368521523668308,0.0,0,0.0
2024-06-04 19:45:00+00:00,1.0367743884554033,1.0367743884554033,0.0,1,0.2500187514063555
2024-06-04 19:50:00+00:00,1.0369329380005654,1.0367743884554033,0.00015854954516212612,1,0.2499805229367363
2024-06-04 19:55:00+00:00,1.0370953546078046,1.0367743884554033,0.0003209661524013338,1,0.2499413741851477
2024-06-04 20:00:00+00:00,1.0372848406495836,1.0367743884554033,0.0005104521941803997,1,0.24989571613654313
2024-06-04 20:05:00+00:00,1.0368671979452542,1.0367743884554033,9.280948985099225e-05,1,0.24999637234680266
2024-06-04 20:10:00+00:00,1.0369290709384882,1.0367743884554033,0.00015468248308498706,1,0.2499814551993446
2024-06-04 20:15:00+00:00,1.036425930198577,1.036425930198577,0.0,0,0.0
2024-06-07 18:10:00+00:00,1.0361150373971437,1.0361150373971437,0.0,4,1.0001875281286918
2024-06-07 18:15:00+00:00,1.0121945022105958,1.0361150373971437,-0.02392053518654781,4,1.0238243102960494
2024-06-07 18:20:00+00:00,1.0284787625073244,1.0361150373971437,-0.007636274889819389,4,1.0076137455525107
2024-06-07 18:25:00+00:00,1.0364682625921031,1.0361150373971437,0.00035322519495940217,4,0.9998466672964116
2024-06-07 18:30:00+00:00,1.0330999608465024,1.0361150373971437,-0.0030150765506413344,4,1.0031065505627201
2024-06-07 18:35:00+00:00,1.0362705130219756,1.0361150373971437,0.0001554756248318703,4,1.0000374661719627
2024-06-07 18:40:00+00:00,1.0357960975469391,1.0357960975469391,0.0,0,0.0
2024-06-12 12:35:00+00:00,1.0355630609036133,1.0355630609036133,0.0,3,0.7501125140640822
2024-06-12 12:40:00+00:00,1.036045566880831,1.0355630609036133,0.0004825059772178282,3,0.7497631725069233
2024-06-12 12:45:00+00:00,1.0375205002818209,1.0355630609036133,0.0019574393782076324,3,0.7486973133304904
2024-06-12 12:50:00+00:00,1.0347895695516562,1.0355630609036133,-0.0007734913519570842,3,0.7506732131276365
2024-06-12 12:55:00+00:00,1.0368219336003446,1.0355630609036133,0.0012588726967311984,3,0.7492017538526805
2024-06-12 13:00:00+00:00,1.037839445626659,1.0355630609036133,0.002276384723045759,3,0.7484672261780065
2024-06-12 13:05:00+00:00,1.0409205930582537,1.0409205930582537,0.0,0,0.0
2024-06-14 21:20:00+00:00,1.0408425240137744,1.0408425240137744,0.0,1,0.25001875140635543
2024-06-14 21:25:00+00:00,1.0420012189730026,1.0408425240137744,0.0011586949592282182,1,0.24974073304928232
2024-06-14 21:30:00+00:00,1.0444717871517757,1.0408425240137744,0.0036292631380013493,1,0.24915000238943602
2024-06-14 21:35:00+00:00,1.0459595878782193,1.0408425240137744,0.0051170638644448836,1,0.24879560480195334
2024-06-14 21:40:00+00:00,1.0474617964608313,1.0408425240137744,0.0066192724470568514,1,0.24843879666430818
2024-06-14 21:45:00+00:00,1.0459626211110968,1.0408425240137744,0.005120097097322412,1,0.24879488330866759
2024-06-14 21:50:00+00:00,1.04519752481985,1.04519752481985,0.0,0,0.0
2024-06-17 16:25:00+00:00,1.045040751070363,1.045040751070363,0.0,2,0.5000562556255275
2024-06-17 16:30:00+00:00,1.046140363627777,1.045040751070363,0.0010996125574140383,2,0.4995306396018875
2024-06-17 16:35:00+00:00,1.0473775308776945,1.045040751070363,0.002336779807331439,2,0.49894059166842847
2024-06-17 16:40:00+00:00,1.048757107158181,1.045040751070363,0.0037163560878180515,2,0.4982842656221595
2024-06-17 16:45:00+00:00,1.0486310379727062,1.045040751070363,0.0035902869023431497,2,0.49834417066905123
2024-06-17 16:50:00+00:00,1.048852956609106,1.045040751070363,0.003812205538743137,2,0.4982387299033883
2024-06-17 16:55:00+00:00,1.0476800662455312,1.0476800662455312,0.0,0,0.0
2024-06-18 20:00:00+00:00,1.0476014902405628,1.0476014902405628,0.0,1,0.2500187514063555
2024-06-18 20:05:00+00:00,1.0484322761292522,1.0476014902405628,0.0008307858886894121,1,0.24982063460348197
2024-06-18 20:10:00+00:00,1.049034694332899,1.0476014902405628,0.00143320409233617,1,0.24967717271538165
2024-06-18 20:15:00+00:00,1.0490957236280396,1.0476014902405628,0.0014942333874768598,1,0.2496626481858079
2024-06-18 20:20:00+00:00,1.0497887014309275,1.0476014902405628,0.0021872111903647293,1,0.24949784295103336
2024-06-18 20:25:00+00:00,1.0496075822324455,1.0476014902405628,0.0020060919918826804,1,0.24954089604068633
2024-06-18 20:30:00+00:00,1.0502967941340857,1.0502967941340857,0.0,0,0.0
2024-06-19 01:05:00+00:00,1.0502180218745256,1.0502180218745256,0.0,1,0.2500187514063555
2024-06-19 01:10:00+00:00,1.0505927525019672,1.0502180218745256,0.0003747306274415479,1,0.24992957347954842
2024-06-19 01:15:00+00:00,1.0510272011576862,1.0502180218745256,0.0008091792831607045,1,0.2498262635299077
2024-06-19 01:20:00+00:00,1.0521797591034427,1.0502180218745256,0.001961737228917221,1,0.24955260378441382
2024-06-19 01:25:00+00:00,1.0510227223055655,1.0502180218745256,0.00080470043103991,1,0.24982732814522618
2024-06-19 01:30:00+00:00,1.051252636714434,1.0502180218745256,0.0010346148399084057,1,0.24977268961166757
2024-06-19 01:35:00+00:00,1.0511559490463906,1.0511559490463906,0.0,0,0.0
2024-06-20 07:20:00+00:00,1.051077112350212,1.051077112350212,0.0,1,0.2500187514063555
2024-06-20 07:25:00+00:00,1.050821932894076,1.051077112350212,-0.0002551794561360313,1,0.2500794654502963
2024-06-20 07:30:00+00:00,1.0507342149560293,1.051077112350212,-0.0003428973941828021,1,0.2501003427137802
2024-06-20 07:35:00+00:00,1.0505890816403518,1.051077112350212,-0.0004880307098601632,1,0.25013489275111106
2024-06-20 07:40:00+00:00,1.0510192982546813,1.051077112350212,-5.781409553081162e-05,1,0.2500325043488584
2024-06-20 07:45:00+00:00,1.0507621252090442,1.051077112350212,-0.0003149871411679205,1,0.2500936995700307
2024-06-20 07:50:00+00:00,1.0504974859713665,1.0504974859713665,0.0,0,0.0
2024-06-20 11:00:00+00:00,1.0503399172575192,1.0503399172575192,0.0,2,0.5000562556255274
2024-06-20 11:05:00+00:00,1.0498501088250785,1.0503399172575192,-0.0004898084324407198,2,0.5002895572832032
2024-06-20 11:10:00+00:00,1.0534831158778,1.0503399172575192,0.0031431986202808374,2,0.4985642752519879
2024-06-20 11:15:00+00:00,1.053881591113942,1.0503399172575192,0.0035416738564228254,2,0.49837576686642715
2024-06-20 11:20:00+00:00,1.0537290132839603,1.0503399172575192,0.0033890960264411764,2,0.4984479306695163
2024-06-20 11:25:00+00:00,1.0525678492293533,1.0503399172575192,0.0022279319718340644,2,0.4989978047898502
2024-06-20 11:30:00+00:00,1.0533559672217063,1.0533559672217063,0.0,0,0.0
2024-06-24 08:25:00+00:00,1.0532769655241647,1.0532769655241647,0.0,1,0.2500187514063555
2024-06-24 08:30:00+00:00,1.05339838960099,1.0532769655241647,0.00012142407682525472,1,0.24998993201914338
2024-06-24 08:35:00+00:00,1.0537517378660766,1.0532769655241647,0.00047477234191194194,1,0.24990610439106564
2024-06-24 08:40:00+00:00,1.054110127961343,1.0532769655241647,0.0008331624371781582,1,0.24982113805767733
2024-06-24 08:45:00+00:00,1.0539050935340393,1.0532769655241647,0.0006281280098746424,1,0.24986974009431637
2024-06-24 08:50:00+00:00,1.054232812495713,1.0532769655241647,0.0009558469715483536,1,0.24979206555145753
2024-06-24 08:55:00+00:00,1.0530387260234508,1.0530387260234508,0.0,0,0.0
2024-06-25 09:55:00+00:00,1.0528018100796799,1.0528018100796799,0.0,3,0.7501125140640822
2024-06-25 10:00:00+00:00,1.0517322281338288,1.0528018100796799,-0.0010695819458510715,3,0.7508753572868514
2024-06-25 10:05:00+00:00,1.0503150993890509,1.0528018100796799,-0.002486710690629014,3,0.7518884694978208
2024-06-25 10:10:00+00:00,1.0505706597287634,1.0528018100796799,-0.0022311503509165748,3,0.7517055661672248
2024-06-25 10:15:00+00:00,1.050553770494702,1.0528018100796799,-0.0022480395849777835,3,0.7517176509663173
2024-06-25 10:20:00+00:00,1.0512761930355061,1.0528018100796799,-0.0015256170441736777,3,0.7512010809355528
2024-06-25 10:25:00+00:00,1.0517623002528809,1.0517623002528809,0.0,0,0.0
2024-06-26 01:45:00+00:00,1.0516834180803618,1.0516834180803618,0.0,1,0.2500187514063555
2024-06-26 01:50:00+00:00,1.0515659814680067,1.0516834180803618,-0.00011743661235517651,1,0.25004667295926597
2024-06-26 01:55:00+00:00,1.0517376195937564,1.0516834180803618,5.420151339468787e-05,1,0.2500058666388519
2024-06-26 02:00:00+00:00,1.051674384494796,1.0516834180803618,-9.033585565771581e-06,1,0.2500208989967287
2024-06-26 02:05:00+00:00,1.051344658621645,1.0516834180803618,-0.000338759458716843,1,0.250099311302866
2024-06-26 02:10:00+00:00,1.0518911905483748,1.0516834180803618,0.0002077724680129799,1,0.24996936700852426
2024-06-26 02:15:00+00:00,1.0520426648077832,1.0520426648077832,0.0,0,0.0
2024-06-26 19:55:00+00:00,1.0519637616079227,1.0519637616079227,0.0,1,0.25001875140635543
2024-06-26 20:00:00+00:00,1.052186255254099,1.0519637616079227,0.00022249364617635584,1,0.24996588283547735
2024-06-26 20:05:00+00:00,1.0526227445252436,1.0519637616079227,0.0006589829173209625,1,0.24986222991083998
2024-06-26 20:10:00+00:00,1.0518803264906065,1.0519637616079227,-8.343511731612614e-05,1,0.25003858288654335
2024-06-26 20:15:00+00:00,1.0508257993134165,1.0519637616079227,-0.0011379622945062403,1,0.2502895021932184
2024-06-26 20:20:00+00:00,1.0505554077295216,1.0519637616079227,-0.001408353878401115,1,0.2503539216178697
2024-06-26 20:25:00+00:00,1.0500485132797246,1.0500485132797246,0.0,0,0.0
2024-06-27 12:10:00+00:00,1.0499697596412285,1.0499697596412285,0.0,1,0.2500187514063555
2024-06-27 12:15:00+00:00,1.0495850638576447,1.0499697596412285,-0.0003846957835836971,1,0.2501103887236106
2024-06-27 12:20:00+00:00,1.0491912086506425,1.0499697596412285,-0.0007785509905860814,1,0.25020427750013857
2024-06-27 12:25:00+00:00,1.0490805322843337,1.0499697596412285,-0.0008892273568948616,1,0.2502306736626985
2024-06-27 12:30:00+00:00,1.0497697788965878,1.0499697596412285,-0.00019998074464073999,1,0.25006637988365166
2024-06-27 12:35:00+00:00,1.0485355465909234,1.0499697596412285,-0.0014342130503051623,1,0.25036073328503744
2024-06-27 12:40:00+00:00,1.0486865418231788,1.0486865418231788,0.0,0,0.0
2024-06-28 15:55:00+00:00,1.048607890332542,1.048607890332542,0.0,1,0.2500187514063555
2024-06-28 16:00:00+00:00,1.048379160786547,1.048607890332542,-0.00022872954599497276,1,0.25007329910974224
2024-06-28 16:05:00+00:00,1.0490324123699086,1.048607890332542,0.000424522037366668,1,0.24991757391319577
2024-06-28 16:10:00+00:00,1.0481412820587122,1.048607890332542,-0.00046660827382976423,1,0.2501300539759763
2024-06-28 16:15:00+00:00,1.0486206991871176,1.048607890332542,1.2808854575670506e-05,1,0.25001569743857627
2024-06-28 16:20:00+00:00,1.047244662238412,1.048607890332542,-0.0013632280941299887,1,0.25034420790975553
2024-06-28 16:25:00+00:00,1.04559235147133,1.04559235147133,0.0,0,0.0
2024-06-30 22:30:00+00:00,1.0453571108361785,1.0453571108361785,0.0,3,0.7501125140640823
2024-06-30 22:35:00+00:00,1.043638477272877,1.0453571108361785,-0.0017186335633014548,3,0.7513477775877995
2024-06-30 22:40:00+00:00,1.044228334858754,1.0453571108361785,-0.0011287759774244927,3,0.750923360655748
2024-06-30 22:45:00+00:00,1.0435270040551248,1.0453571108361785,-0.0018301067810537696,3,0.7514280391949196
2024-06-30 22:50:00+00:00,1.0430397366872848,1.0453571108361785,-0.0023173741488938006,3,0.7517790769837028
2024-06-30 22:55:00+00:00,1.0437097155109385,1.0453571108361785,-0.0016473953252401333,3,0.7512964944665913
2024-06-30 23:00:00+00:00,1.0443890847754451,1.0443890847754451,0.0,0,0.0
2024-07-03 10:40:00+00:00,1.044310755594087,1.044310755594087,0.0,1,0.2500187514063555
2024-07-03 10:45:00+00:00,1.0446464281090138,1.044310755594087,0.0003356725149267504,1,0.24993841377172119
2024-07-03 10:50:00+00:00,1.0447023735281682,1.044310755594087,0.0003916179340812088,1,0.24992502918518672
2024-07-03 10:55:00+00:00,1.0449774385056776,1.044310755594087,0.0006666829115906486,1,0.24985924248013577
2024-07-03 11:00:00+00:00,1.0449867627422034,1.044310755594087,0.0006760071481164109,1,0.24985701302923927
2024-07-03 11:05:00+00:00,1.044529875152442,1.044310755594087,0.00021911955835498138,1,0.24996630293198263
2024-07-03 11:10:00+00:00,1.0443583036058264,1.0443583036058264,0.0,0,0.0
2024-07-03 21:10:00+00:00,1.044201655734801,1.044201655734801,0.0,2,0.5000562556255274
2024-07-03 21:15:00+00:00,1.0446826516007164,1.044201655734801,0.0004809958659153175,2,0.49982601825027045
2024-07-03 21:20:00+00:00,1.043990238899401,1.044201655734801,-0.0002114168354002045,2,0.5001575212381234
2024-07-03 21:25:00+00:00,1.044339902816798,1.044201655734801,0.00013824708199674038,2,0.4999900594397951
2024-07-03 21:30:00+00:00,1.0446870953692673,1.044201655734801,0.0004854396344662903,2,0.49982389214844464
2024-07-03 21:35:00+00:00,1.0455321750623778,1.044201655734801,0.00133051932757679,2,0.49941989595257347
2024-07-03 21:40:00+00:00,1.0464158054195758,1.0464158054195758,0.0,0,0.0
2024-07-04 13:50:00+00:00,1.0463373242341694,1.0463373242341694,0.0,1,0.2500187514063555
2024-07-04 13:55:00+00:00,1.0469350303899452,1.0463373242341694,0.0005977061557759109,1,0.24987601308694007
2024-07-04 14:00:00+00:00,1.0473966252429208,1.0463373242341694,0.0010593010087513817,1,0.24976589101976593
2024-07-04 14:05:00+00:00,1.0469784281966352,1.0463373242341694,0.0006411039624659382,1,0.24986565559473167
2024-07-04 14:10:00+00:00,1.0468048369698753,1.0463373242341694,0.000467512735705945,1,0.24990709071630163
2024-07-04 14:15:00+00:00,1.04716780044401,1.0463373242341694,0.000830476209840471,1,0.2498204693115766
2024-07-04 14:20:00+00:00,1.0478980965650988,1.0478980965650988,0.0,0,0.0
2024-07-05 00:20:00+00:00,1.0478195042078564,1.0478195042078564,0.0,1,0.2500187514063555
2024-07-05 00:25:00+00:00,1.049024994638128,1.0478195042078564,0.0012054904302716406,1,0.24973144155792543
2024-07-05 00:30:00+00:00,1.0475181316002884,1.0478195042078564,-0.00030137260756792474,1,0.2500906821928299
2024-07-05 00:35:00+00:00,1.0474517274664177,1.0478195042078564,-0.000367776741438816,1,0.2501065369140592
2024-07-05 00:40:00+00:00,1.046138968819893,1.0478195042078564,-0.0016805353879634193,1,0.2504203857703509
2024-07-05 00:45:00+00:00,1.0451429068118296,1.0478195042078564,-0.0026765973960268465,1,0.250659046178114
2024-07-05 00:50:00+00:00,1.04658650152332,1.04658650152332,0.0,0,0.0
2024-07-05 03:20:00+00:00,1.0465080075357058,1.0465080075357058,0.0,1,0.25001875140635543
2024-07-05 03:25:00+00:00,1.0432270850939993,1.0465080075357058,-0.0032809224417065354,1,0.2508050539708279
2024-07-05 03:30:00+00:00,1.0451090355301051,1.0465080075357058,-0.00139897200560075,1,0.25035342388760073
2024-07-05 03:35:00+00:00,1.0454199181980164,1.0465080075357058,-0.0010880893376894688,1,0.25027897481791683
2024-07-05 03:40:00+00:00,1.0445261305277713,1.0465080075357058,-0.0019818770079344126,1,0.25049313534035467
2024-07-05 03:45:00+00:00,1.0448647705767462,1.0465080075357058,-0.001643236958959603,1,0.25041195066458777
2024-07-05 03:50:00+00:00,1.0448140339701955,1.0448140339701955,0.0,0,0.0
2024-07-05 04:25:00+00:00,1.0447356729176478,1.0447356729176478,0.0,1,0.25001875140635543
2024-07-05 04:30:00+00:00,1.0473731384579017,1.0447356729176478,0.0026374655402539664,1,0.24938916122780413
2024-07-05 04:35:00+00:00,1.048629973667617,1.0447356729176478,0.003894300749969235,1,0.24909025590693465
2024-07-05 04:40:00+00:00,1.048101221626134,1.0447356729176478,0.003365548708486323,1,0.24921591837026044
2024-07-05 04:45:00+00:00,1.0489363141360952,1.0447356729176478,0.0042006412184474266,1,0.2490175094258952
2024-07-05 04:50:00+00:00,1.0477004611502483,1.0447356729176478,0.0029647882326005117,1,0.24931124703885216
2024-07-05 04:55:00+00:00,1.0473367418530908,1.0473367418530908,0.0,0,0.0
2024-07-05 09:15:00+00:00,1.0472581915974517,1.0472581915974517,0.0,1,0.2500187514063555
2024-07-05 09:20:00+00:00,1.0476486310075093,1.0472581915974517,0.00039043941005766075,1,0.2499255740080244
2024-07-05 09:25:00+00:00,1.0485101440536149,1.0472581915974517,0.0012519524561630945,1,0.24972022154311554
2024-07-05 09:30:00+00:00,1.0509164391134265,1.0472581915974517,0.003658247515974839,1,0.24914843437425063
2024-07-05 09:35:00+00:00,1.0506151217426212,1.0472581915974517,0.0033569301451694565,1,0.24921989037143957
2024-07-05 09:40:00+00:00,1.05072970722166,1.0472581915974517,0.0034715156242081167,1,0.24919271213489794
2024-07-05 09:45:00+00:00,1.0515848164248542,1.0515848164248542,0.0,0,0.0
2024-07-05 13:10:00+00:00,1.0515059475636224,1.0515059475636224,0.0,1,0.2500187514063555
2024-07-05 13:15:00+00:00,1.0521687955966983,1.0515059475636224,0.0006628480330758817,1,0.24986124394339387
2024-07-05 13:20:00+00:00,1.0518237905816394,1.0515059475636224,0.00031784301801696433,1,0.24994320004954132
2024-07-05 13:25:00+00:00,1.051851905631209,1.0515059475636224,0.00034595806758668267,1,0.2499365192939888
2024-07-05 13:30:00+00:00,1.0530684771829293,1.0515059475636224,0.001562529619306868,1,0.24964777676138308
2024-07-05 13:35:00+00:00,1.0536684237491711,1.0515059475636224,0.0021624761855488393,1,0.24950563021597844
2024-07-05 13:40:00+00:00,1.054419663639642,1.054419663639642,0.0,0,0.0
2024-07-06 00:35:00+00:00,1.054340582164869,1.054340582164869,0.0,1,0.25001875140635543
2024-07-06 00:40:00+00:00,1.0546170424856975,1.054340582164869,0.0002764603208284376,1,0.2499532107774424
2024-07-06 00:45:00+00:00,1.0540430033473107,1.054340582164869,-0.0002975788175583861,1,0.25008933703158576
2024-07-06 00:50:00+00:00,1.0515337419631248,1.054340582164869,-0.0028068402017442148,1,0.2506861219857599
2024-07-06 00:55:00+00:00,1.0502627924326497,1.054340582164869,-0.004077789732219367,1,0.2509894835932833
2024-07-06 01:00:00+00:00,1.0498826594915105,1.054340582164869,-0.004457922673358469,1,0.25108035981619337
2024-07-06 01:05:00+00:00,1.0492583368284372,1.0492583368284372,0.0,0,0.0
2024-07-08 01:30:00+00:00,1.049100953979991,1.049100953979991,0.0,2,0.5000562556255274
2024-07-08 01:35:00+00:00,1.0460284503430737,1.049100953979991,-0.003072503636917201,2,0.5015250729063276
2024-07-08 01:40:00+00:00,1.0477935964754936,1.049100953979991,-0.00130735750449722,2,0.5006801879540527
2024-07-08 01:45:00+00:00,1.0483476165976815,1.049100953979991,-0.0007533373823093445,2,0.5004155935633032
2024-07-08 01:50:00+00:00,1.0503006515054207,1.049100953979991,0.001199697525429891,2,0.4994850703638694
2024-07-08 01:55:00+00:00,1.0495516185706526,1.049100953979991,0.00045066459066164826,2,0.499841537603315
2024-07-08 02:00:00+00:00,1.0524529111761938,1.0524529111761938,0.0,0,0.0
2024-07-09 14:15:00+00:00,1.0522161270308779,1.0522161270308779,0.0,3,0.7501125140640823
2024-07-09 14:20:00+00:00,1.0485251253902348,1.0522161270308779,-0.0036910016406430626,3,0.7527530483279102
2024-07-09 14:25:00+00:00,1.0458650469067856,1.0522161270308779,-0.006351080124092347,3,0.7546676186571607
2024-07-09 14:30:00+00:00,1.0476042539610277,1.0522161270308779,-0.004611873069850141,3,0.7534147378665245
2024-07-09 14:35:00+00:00,1.047971375279879,1.0522161270308779,-0.004244751750999019,3,0.7531508045008506
2024-07-09 14:40:00+00:00,1.0474031453426782,1.0522161270308779,-0.004812981688199675,3,0.7535593986856658
2024-07-09 14:45:00+00:00,1.0475105193250298,1.0475105193250298,0.0,0,0.0
2024-07-11 12:35:00+00:00,1.0473533986393777,1.0473533986393777,0.0,2,0.5000562556255274
2024-07-11 12:40:00+00:00,1.0463733181714727,1.0473533986393777,-0.0009800804679050475,2,0.5005246308798283
2024-07-11 12:45:00+00:00,1.0435728814558027,1.0473533986393777,-0.0037805171835750026,2,0.5018677929898456
2024-07-11 12:50:00+00:00,1.0452968096893156,1.0473533986393777,-0.0020565889500620623,2,0.501040100749894
2024-07-11 12:55:00+00:00,1.0411498690250098,1.0473533986393777,-0.0062035296143678875,2,0.5030357630748515
2024-07-11 13:00:00+00:00,1.0421427385467326,1.0473533986393777,-0.005210660092645144,2,0.5025565111844722
2024-07-11 13:05:00+00:00,1.0416911483244902,1.0416911483244902,0.0,0,0.0
2024-07-15 02:30:00+00:00,1.0414567853942158,1.0414567853942158,0.0,3,0.7501125140640822
2024-07-15 02:35:00+00:00,1.0462075901407861,1.0414567853942158,0.004750804746570235,3,0.7467062702881239
2024-07-15 02:40:00+00:00,1.0443982122824103,1.0414567853942158,0.0029414268881944486,3,0.7479999088411976
2024-07-15 02:45:00+00:00,1.0432082651701386,1.0414567853942158,0.001751479775922754,3,0.7488531232579371
2024-07-15 02:50:00+00:00,1.0452385547667367,1.0414567853942158,0.0037817693725208656,3,0.7473985378921401
2024-07-15 02:55:00+00:00,1.0456134196764395,1.0414567853942158,0.004156634282223735,3,0.747130586582271
2024-07-15 03:00:00+00:00,1.0451255283969851,1.0451255283969851,0.0,0,0.0
2024-07-15 07:45:00+00:00,1.0450471439823554,1.0450471439823554,0.0,1,0.25001875140635543
2024-07-15 07:50:00+00:00,1.0445860674092493,1.0450471439823554,-0.0004610765731061171,1,0.2501291087935611
2024-07-15 07:55:00+00:00,1.0442088229403443,1.0450471439823554,-0.0008383210420110666,1,0.250219473690631
2024-07-15 08:00:00+00:00,1.0439992426798417,1.0450471439823554,-0.001047901302513855,1,0.2502697046298263
2024-07-15 08:05:00+00:00,1.0446512701569612,1.0450471439823554,-0.00039587382539414944,1,0.25011349678442274
2024-07-15 08:10:00+00:00,1.0444277178790917,1.0450471439823554,-0.0006194261032637652,1,0.2501670317883057
2024-07-15 08:15:00+00:00,1.0442282426472824,1.0442282426472824,0.0,0,0.0
2024-07-15 19:25:00+00:00,1.0441499255290838,1.0441499255290838,0.0,1,0.2500187514063555
2024-07-15 19:30:00+00:00,1.0420785113762507,1.0441499255290838,-0.002071414152833027,1,0.2505157315997699
2024-07-15 19:35:00+00:00,1.0436834941399262,1.0441499255290838,-0.00046643138915767105,1,0.250130486998792
2024-07-15 19:40:00+00:00,1.0431291289642879,1.0441499255290838,-0.0010207965647958874,1,0.2502634174553456
2024-07-15 19:45:00+00:00,1.0431581853459075,1.0441499255290838,-0.0009917401831762553,1,0.25025644655729273
2024-07-15 19:50:00+00:00,1.043251471623739,1.0441499255290838,-0.0008984539053446864,1,0.25023406893019357
2024-07-15 19:55:00+00:00,1.0429384095277185,1.0429384095277185,0.0,0,0.0
2024-07-15 22:15:00+00:00,1.042860189147004,1.042860189147004,0.0,1,0.2500187514063555
2024-07-15 22:20:00+00:00,1.0426551873692116,1.042860189147004,-0.00020500177779241325,1,0.2500679088738871
2024-07-15 22:25:00+00:00,1.0429484538013312,1.042860189147004,8.826465432730472e-05,1,0.24999759233699997
2024-07-15 22:30:00+00:00,1.043096103891289,1.042860189147004,0.00023591474428489177,1,0.24996220521700202
2024-07-15 22:35:00+00:00,1.0437281927061488,1.042860189147004,0.0008680035591448833,1,0.24981082642397956
2024-07-15 22:40:00+00:00,1.0437595124222003,1.042860189147004,0.0008993232751964646,1,0.24980333044041528
2024-07-15 22:45:00+00:00,1.043929002522985,1.043929002522985,0.0,0,0.0
2024-07-18 16:10:00+00:00,1.0438507078477959,1.0438507078477959,0.0,1,0.2500187514063555
2024-07-18 16:15:00+00:00,1.0439989225310067,1.0438507078477959,0.00014821468321079363,1,0.24998325668577986
2024-07-18 16:20:00+00:00,1.0438330449580868,1.0438507078477959,-1.7662889709075275e-05,1,0.2500229820193377
2024-07-18 16:25:00+00:00,1.0436533442540903,1.0438507078477959,-0.00019736359370561683,1,0.2500660320475214
2024-07-18 16:30:00+00:00,1.0438875695306669,1.0438507078477959,3.686168287108842e-05,1,0.2500099227621651
2024-07-18 16:35:00+00:00,1.0444965552497663,1.0438507078477959,0.0006458474019704873,1,0.24986415639095969
2024-07-18 16:40:00+00:00,1.0446202318786417,1.0446202318786417,0.0,0,0.0
2024-07-19 06:05:00+00:00,1.044541885361251,1.044541885361251,0.0,1,0.25001875140635543
2024-07-19 06:10:00+00:00,1.0458677798666431,1.044541885361251,0.0013258945053922955,1,0.2497017911795312
2024-07-19 06:15:00+00:00,1.0463182338222567,1.044541885361251,0.0017763484610057462,1,0.2495942912278676
2024-07-19 06:20:00+00:00,1.0456417570337913,1.044541885361251,0.0010998716725403202,1,0.24975576598096863
2024-07-19 06:25:00+00:00,1.0458057031731134,1.044541885361251,0.0012638178118625663,1,0.24971661292081435
2024-07-19 06:30:00+00:00,1.0468546401227576,1.044541885361251,0.002312754761506657,1,0.24946639959396513
2024-07-19 06:35:00+00:00,1.0456461794411067,1.0456461794411067,0.0,0,0.0
2024-07-19 13:40:00+00:00,1.0454109266955707,1.0454109266955707,0.0,3,0.7501125140640822
2024-07-19 13:45:00+00:00,1.043758616151155,1.0454109266955707,-0.0016523105444156878,3,0.7512999713911954
2024-07-19 13:50:00+00:00,1.0477829738945819,1.0454109266955707,0.002372047199011233,3,0.7484143548724747
2024-07-19 13:55:00+00:00,1.0508226938974619,1.0454109266955707,0.005411767201891292,3,0.7462494129672798
2024-07-19 14:00:00+00:00,1.0506510158464457,1.0454109266955707,0.0052400891508750545,3,0.7463713513110856
2024-07-19 14:05:00+00:00,1.0498536769263729,1.0454109266955707,0.004442750230802166,3,0.7469382026164694
2024-07-19 14:10:00+00:00,1.0525935630949745,1.0525935630949745,0.0,0,0.0
2024-07-21 16:50:00+00:00,1.0525146185777423,1.0525146185777423,0.0,1,0.2500187514063555
2024-07-21 16:55:00+00:00,1.0527125909057147,1.0525146185777423,0.00019797232797230942,1,0.24997173307041057
2024-07-21 17:00:00+00:00,1.0527036598232498,1.0525146185777423,0.000189041245507373,1,0.2499738538174424
2024-07-21 17:05:00+00:00,1.0516840279085053,1.0525146185777423,-0.0008305906692370716,1,0.25021620923260524
2024-07-21 17:10:00+00:00,1.0525652280450435,1.0525146185777423,5.060946730115059e-05,1,0.25000672999857304
2024-07-21 17:15:00+00:00,1.0525771361549967,1.0525146185777423,6.251757725437967e-05,1,0.25000390160003805
2024-07-21 17:20:00+00:00,1.0516021063637848,1.0516021063637848,0.0,0,0.0
2024-07-27 03:40:00+00:00,1.0515232362058076,1.0515232362058076,0.0,1,0.2500187514063555
2024-07-27 03:45:00+00:00,1.0506233542048118,1.0515232362058076,-0.0008998820009958738,1,0.2502328979636365
2024-07-27 03:50:00+00:00,1.051239773375494,1.0515232362058076,-0.0002834628303136871,1,0.2500861680173895
2024-07-27 03:55:00+00:00,1.051608724995902,1.0515232362058076,8.54887900946124e-05,1,0.24999842654592913
2024-07-27 04:00:00+00:00,1.0510867934353245,1.0515232362058076,-0.00043644277048295353,1,0.25012256669279803
2024-07-27 04:05:00+00:00,1.0514647438757427,1.0515232362058076,-5.849233006473326e-05,1,0.2500326597940735
2024-07-27 04:10:00+00:00,1.051277887877646,1.051277887877646,0.0,0,0.0
2024-07-27 20:30:00+00:00,1.0511202021079027,1.0511202021079027,0.0,2,0.5000562556255274
2024-07-27 20:35:00+00:00,1.0495509652421742,1.0511202021079027,-0.0015692368657284545,2,0.5008039150887195
2024-07-27 20:40:00+00:00,1.0477405790156742,1.0511202021079027,-0.0033796230922284723,2,0.5016692519175227
2024-07-27 20:45:00+00:00,1.0499121838462697,1.0511202021079027,-0.0012080182616330186,2,0.5006316152583934
2024-07-27 20:50:00+00:00,1.0477446666037742,1.0511202021079027,-0.003375535504128581,2,0.5016672947448167
2024-07-27 20:55:00+00:00,1.0548760931913954,1.0511202021079027,0.003755891083492659,2,0.49827580307392333
2024-07-27 21:00:00+00:00,1.0530181978817237,1.0530181978817237,0.0,0,0.0
2024-07-29 00:10:00+00:00,1.0529392215168825,1.0529392215168825,0.0,1,0.2500187514063555
2024-07-29 00:15:00+00:00,1.052456740444505,1.0529392215168825,-0.00048248107237744745,1,0.25013336829335653
2024-07-29 00:20:00+00:00,1.0535834238065303,1.0529392215168825,0.0006442022896477971,1,0.2498658801211098
2024-07-29 00:25:00+00:00,1.0537233011627,1.0529392215168825,0.0007840796458175643,1,0.24983271147174063
2024-07-29 00:30:00+00:00,1.0534090561433598,1.0529392215168825,0.0004698346264772424,1,0.24990723967594625
2024-07-29 00:35:00+00:00,1.0532668794333897,1.0529392215168825,0.00032765791650733706,1,0.2499409737559108
2024-07-29 00:40:00+00:00,1.053217411442316,1.053217411442316,0.0,0,0.0
2024-07-29 02:50:00+00:00,1.053138420136458,1.053138420136458,0.0,1,0.25001875140635543
2024-07-29 02:55:00+00:00,1.0536476186798098,1.053138420136458,0.0005091985433519036,1,0.24989792430840568
2024-07-29 03:00:00+00:00,1.0538645815374121,1.053138420136458,0.0007261614009540522,1,0.2498464769320381
2024-07-29 03:05:00+00:00,1.0539177152984576,1.053138420136458,0.0007792951619994834,1,0.24983388080350674
2024-07-29 03:10:00+00:00,1.053970849059503,1.053138420136458,0.0008324289230449148,1,0.24982128594499098
2024-07-29 03:15:00+00:00,1.0540904000218552,1.053138420136458,0.0009519798853971059,1,0.24979295215583003
2024-07-29 03:20:00+00:00,1.0534712154787018,1.0534712154787018,0.0,0,0.0
2024-07-30 05:00:00+00:00,1.0533922051375408,1.0533922051375408,0.0,1,0.2500187514063555
2024-07-30 05:05:00+00:00,1.05288036438174,1.0533922051375408,-0.0005118407558009904,1,0.2501402939775852
2024-07-30 05:10:00+00:00,1.0525215039635665,1.0533922051375408,-0.000870701173974302,1,0.2502255800740315
2024-07-30 05:15:00+00:00,1.0517580319982098,1.0533922051375408,-0.0016341731393310784,1,0.2504072190152989
2024-07-30 05:20:00+00:00,1.0509459494582796,1.0533922051375408,-0.0024462556792611578,1,0.2506007126298274
2024-07-30 05:25:00+00:00,1.0500952644032473,1.0533922051375408,-0.003296940734293532,1,0.25080372495474806
2024-07-30 05:30:00+00:00,1.0502178449742874,1.0502178449742874,0.0,0,0.0
2024-08-01 05:10:00+00:00,1.0501390786359144,1.0501390786359144,0.0,1,0.2500187514063555
2024-08-01 05:15:00+00:00,1.0506025463521431,1.0501390786359144,0.00046346771622871795,1,0.2499084569661497
2024-08-01 05:20:00+00:00,1.0507740294071477,1.0501390786359144,0.000634950771233364,1,0.24986767268287594
2024-08-01 05:25:00+00:00,1.0510938221313455,1.0501390786359144,0.0009547434954311182,1,0.24979165105468848
2024-08-01 05:30:00+00:00,1.0516221753278463,1.0501390786359144,0.0014830966919319557,1,0.24966615140244616
2024-08-01 05:35:00+00:00,1.0514970390444645,1.0501390786359144,0.0013579604085501523,1,0.249695863606202
2024-08-01 05:40:00+00:00,1.0513858299659555,1.0513858299659555,0.0,0,0.0
2024-08-02 06:40:00+00:00,1.0513069760287082,1.0513069760287082,0.0,1,0.2500187514063555
2024-08-02 06:45:00+00:00,1.0514501561967349,1.0513069760287082,0.000143180168026786,1,0.24998470535421954
2024-08-02 06:50:00+00:00,1.0521291073160877,1.0513069760287082,0.0008221312873795948,1,0.249823387323627
2024-08-02 06:55:00+00:00,1.0525124606691918,1.0513069760287082,0.0012054846404835513,1,0.24973239492515842
2024-08-02 07:00:00+00:00,1.0521291073160877,1.0513069760287082,0.0008221312873795948,1,0.249823387323627
2024-08-02 07:05:00+00:00,1.0519120277064986,1.0513069760287082,0.0006050516777905666,1,0.2498749425506403
2024-08-02 07:10:00+00:00,1.0515976192992718,1.0515976192992718,0.0,0,0.0
2024-08-02 15:35:00+00:00,1.0515187494778244,1.0515187494778244,0.0,1,0.25001875140635543
2024-08-02 15:40:00+00:00,1.051407440752043,1.0515187494778244,-0.00011130872578143243,1,0.25004521999271107
2024-08-02 15:45:00+00:00,1.0529151680376279,1.0515187494778244,0.001396418559803372,1,0.24968716645501182
2024-08-02 15:50:00+00:00,1.0522810455998426,1.0515187494778244,0.0007622961220182577,1,0.2498376321840471
2024-08-02 15:55:00+00:00,1.052441262705134,1.0515187494778244,0.0009225132273096869,1,0.24979959845842278
2024-08-02 16:00:00+00:00,1.0527903673450851,1.0515187494778244,0.0012716178672606175,1,0.24971676506481977
2024-08-02 16:05:00+00:00,1.052988082842246,1.052988082842246,0.0,0,0.0
2024-08-02 21:20:00+00:00,1.0529091087360327,1.0529091087360327,0.0,1,0.2500187514063555
2024-08-02 21:25:00+00:00,1.0528132594374926,1.0529091087360327,-9.584929854008577e-05,1,0.25004151339356395
2024-08-02 21:30:00+00:00,1.0518213511003072,1.0529091087360327,-0.0010877576357254863,1,0.2502773122405051
2024-08-02 21:35:00+00:00,1.0526532174894716,1.0529091087360327,-0.0002558912465611491,1,0.2500795288864392
2024-08-02 21:40:00+00:00,1.0538623256132569,1.0529091087360327,0.0009532168772242325,1,0.2497926098244137
2024-08-02 21:45:00+00:00,1.0539555368577087,1.0529091087360327,0.0010464281216760933,1,0.24977051830422867
2024-08-02 21:50:00+00:00,1.0539161335628195,1.0539161335628195,0.0,0,0.0
2024-08-03 16:30:00+00:00,1.0536790202171582,1.0536790202171582,0.0,3,0.7501125140640821
2024-08-03 16:35:00+00:00,1.0557770458476479,1.0536790202171582,0.002098025630489773,3,0.7486219007888201
2024-08-03 16:40:00+00:00,1.0500799694576954,1.0536790202171582,-0.003599050759462848,3,0.7526834544609541
2024-08-03 16:45:00+00:00,1.049702124921884,1.0536790202171582,-0.0039768952952741465,3,0.7529543859220911
2024-08-03 16:50:00+00:00,1.0490337871705904,1.0536790202171582,-0.004645233046567896,3,0.753434091959464
2024-08-03 16:55:00+00:00,1.0505534622732056,1.0536790202171582,-0.0031255579439525677,3,0.7523442140311816
2024-08-03 17:00:00+00:00,1.0515282847194947,1.0515282847194947,0.0,0,0.0
2024-08-04 17:50:00+00:00,1.0513705613916335,1.0513705613916335,0.0,2,0.5000562556255274
2024-08-04 17:55:00+00:00,1.053515932396212,1.0513705613916335,0.002145371004578401,2,0.4990379452625915
2024-08-04 18:00:00+00:00,1.052553913396163,1.0513705613916335,0.0011833520045295058,2,0.49949405870151165
2024-08-04 18:05:00+00:00,1.0523016706844277,1.0513705613916335,0.0009311092927940905,2,0.49961379027599506
2024-08-04 18:10:00+00:00,1.0557765377797217,1.0513705613916335,0.004405976388088232,2,0.4979694162460169
2024-08-04 18:15:00+00:00,1.0535511212695778,1.0513705613916335,0.0021805598779444033,2,0.49902127726926293
2024-08-04 18:20:00+00:00,1.0535061649591633,1.0535061649591633,0.0,0,0.0
2024-08-05 00:20:00+00:00,1.0533481449603914,1.0533481449603914,0.0,2,0.5000562556255275
2024-08-05 00:25:00+00:00,1.0480014257759862,1.0533481449603914,-0.005346719184405232,2,0.502607454802814
2024-08-05 00:30:00+00:00,1.047945694587283,1.0533481449603914,-0.00540245037310847,2,0.5026341841563025
2024-08-05 00:35:00+00:00,1.0479364130890685,1.0533481449603914,-0.005411731871322975,2,0.502638635951492
2024-08-05 00:40:00+00:00,1.0412044292840061,1.0533481449603914,-0.012143715676385392,2,0.5058884830150038
2024-08-05 00:45:00+00:00,1.0404635007601446,1.0533481449603914,-0.012884644200246893,2,0.5062487332368376
2024-08-05 00:50:00+00:00,1.0417581853760922,1.0417581853760922,0.0,0,0.0
2024-08-05 05:25:00+00:00,1.0416019275081756,1.0416019275081756,0.0,2,0.5000562556255274
2024-08-05 05:30:00+00:00,1.0438694586251862,1.0416019275081756,0.002267531117010631,2,0.4989700152814713
2024-08-05 05:35:00+00:00,1.047382016155555,1.0416019275081756,0.005780088647379347,2,0.49729664218782366
2024-08-05 05:40:00+00:00,1.0431943210287709,1.0416019275081756,0.0015923935205952124,2,0.4992929401766799
2024-08-05 05:45:00+00:00,1.0411512047750515,1.0416019275081756,-0.0004507227331240979,2,0.5002727340017878
2024-08-05 05:50:00+00:00,1.0408452084288218,1.0416019275081756,-0.000756719079353812,2,0.5004198083481779
2024-08-05 05:55:00+00:00,1.0395019917230113,1.0395019917230113,0.0,0,0.0
2024-08-08 12:35:00+00:00,1.0391901762069327,1.0391901762069327,0.0,4,1.0001875281286918
2024-08-08 12:40:00+00:00,1.0341257048805148,1.0391901762069327,-0.00506447132641793,4,1.0050857924628462
2024-08-08 12:45:00+00:00,1.030564071294813,1.0391901762069327,-0.008626104912119657,4,1.0085593730141744
2024-08-08 12:50:00+00:00,1.0261907935237653,1.0391901762069327,-0.012999382683167391,4,1.012857511639682
2024-08-08 12:55:00+00:00,1.0243858315188012,1.0391901762069327,-0.014804344688131518,4,1.014642160810631
2024-08-08 13:00:00+00:00,1.026331508433101,1.0391901762069327,-0.012858667773831541,4,1.012718644079104
2024-08-08 13:05:00+00:00,1.0257305416973872,1.0257305416973872,0.0,0,0.0
2024-08-08 21:45:00+00:00,1.0256536119067599,1.0256536119067599,0.0,1,0.2500187514063555
2024-08-08 21:50:00+00:00,1.0254700520933382,1.0256536119067599,-0.00018355981342163996,1,0.2500635049272081
2024-08-08 21:55:00+00:00,1.0255565329292227,1.0256536119067599,-9.707897753708209e-05,1,0.2500424181316625
2024-08-08 22:00:00+00:00,1.0284714458093316,1.0256536119067599,0.002817833902571713,1,0.2493337432645523
2024-08-08 22:05:00+00:00,1.0269152146890757,1.0256536119067599,0.0012616027823158695,1,0.24971159425463202
2024-08-08 22:10:00+00:00,1.0268817245614537,1.0256536119067599,0.0012281126546938759,1,0.24971973820437837
2024-08-08 22:15:00+00:00,1.0263545857134275,1.0263545857134275,0.0,0,0.0
2024-08-12 14:10:00+00:00,1.026200638298815,1.026200638298815,0.0,2,0.5000562556255275
2024-08-12 14:15:00+00:00,1.0320228413079355,1.026200638298815,0.005822203009120613,2,0.4972351658979564
2024-08-12 14:20:00+00:00,1.0310561060709895,1.026200638298815,0.004855467772174495,2,0.4977013818032712
2024-08-12 14:25:00+00:00,1.032748235968668,1.026200638298815,0.006547597669853073,2,0.4968859116248349
2024-08-12 14:30:00+00:00,1.0318253792820147,1.026200638298815,0.00562474098319978,2,0.49733032256417997
2024-08-12 14:35:00+00:00,1.034261147190271,1.026200638298815,0.008060508891455933,2,0.4961590697884226
2024-08-12 14:40:00+00:00,1.0398587876900884,1.0398587876900884,0.0,0,0.0
2024-08-12 23:20:00+00:00,1.0397028147211407,1.0397028147211407,0.0,2,0.5000562556255274
2024-08-12 23:25:00+00:00,1.0362478638315524,1.0397028147211407,-0.0034549508895881736,2,0.5017234916850831
2024-08-12 23:30:00+00:00,1.0345702161033312,1.0397028147211407,-0.0051325986178094645,2,0.5025370810025787
2024-08-12 23:35:00+00:00,1.0370750104032804,1.0397028147211407,-0.002627804317860246,2,0.5013233288598876
2024-08-12 23:40:00+00:00,1.0387162471501752,1.0397028147211407,-0.0009865675709654419,2,0.5005312065919845
2024-08-12 23:45:00+00:00,1.0373937589236681,1.0397028147211407,-0.002309055797472558,2,0.5011692927786644
2024-08-12 23:50:00+00:00,1.0367168408895655,1.0367168408895655,0.0,0,0.0
2024-08-16 02:35:00+00:00,1.0366390871264988,1.0366390871264988,0.0,1,0.2500187514063555
2024-08-16 02:40:00+00:00,1.0363401882395147,1.0366390871264988,-0.0002988988869840886,1,0.25009086124766877
2024-08-16 02:45:00+00:00,1.035506260344829,1.0366390871264988,-0.001132826781669704,1,0.25029226779960106
2024-08-16 02:50:00+00:00,1.0351675082729137,1.0366390871264988,-0.0014715788535849795,1,0.2503741743737776
2024-08-16 02:55:00+00:00,1.0354793594450005,1.0366390871264988,-0.00115972768149826,1,0.25029877018630975
2024-08-16 03:00:00+00:00,1.0358071518910597,1.0366390871264988,-0.0008319352354390547,1,0.25021956041644555
2024-08-16 03:05:00+00:00,1.035039938028683,1.035039938028683,0.0,0,0.0
2024-08-16 13:20:00+00:00,1.034807071508489,1.034807071508489,0.0,3,0.7501125140640822
2024-08-16 13:25:00+00:00,1.0328972858879797,1.034807071508489,-0.0019097856205092549,3,0.7514994419926342
2024-08-16 13:30:00+00:00,1.0344721787142463,1.034807071508489,-0.00033489279424267764,3,0.750355350247597
2024-08-16 13:35:00+00:00,1.0379313095254528,1.034807071508489,0.0031242380169639247,3,0.7478546285836732
2024-08-16 13:40:00+00:00,1.034258332915458,1.034807071508489,-0.0005487385930309724,3,0.7505104955668486
2024-08-16 13:45:00+00:00,1.0335479924901443,1.034807071508489,-0.0012590790183445522,3,0.7510263090060861
2024-08-16 13:50:00+00:00,1.0324801124118275,1.0324801124118275,0.0,0,0.0
2024-08-17 15:15:00+00:00,1.0324026764033967,1.0324026764033967,0.0,1,0.25001875140635543
2024-08-17 15:20:00+00:00,1.0322155285860326,1.0324026764033967,-0.00018714781736410595,1,0.2500640815358972
2024-08-17 15:25:00+00:00,1.0322635152058695,1.0324026764033967,-0.00013916119752714617,1,0.2500524568588271
2024-08-17 15:30:00+00:00,1.0315053266124456,1.0324026764033967,-0.0008973497909509792,1,0.25023625321513926
2024-08-17 15:35:00+00:00,1.0313661654149184,1.0324026764033967,-0.0010365109884781253,1,0.25027001734065535
2024-08-17 15:40:00+00:00,1.0321579446422282,1.0324026764033967,-0.00024473176116844624,1,0.2500780325751673
2024-08-17 15:45:00+00:00,1.0314998705337701,1.0314998705337701,0.0,0,0.0
2024-08-18 10:20:00+00:00,1.03142250804348,1.03142250804348,0.0,1,0.2500187514063555
2024-08-18 10:25:00+00:00,1.0293236922855697,1.03142250804348,-0.002098815757910164,1,0.2505285456519922
2024-08-18 10:30:00+00:00,1.0297781115355975,1.03142250804348,-0.0016443965078824219,1,0.2504179927158301
2024-08-18 10:35:00+00:00,1.0289877403108412,1.03142250804348,-0.002434767732638822,1,0.2506103401732877
2024-08-18 10:40:00+00:00,1.0290726123886673,1.03142250804348,-0.00234989565481265,1,0.2505896712525146
2024-08-18 10:45:00+00:00,1.029286560751521,1.03142250804348,-0.002135947291959162,1,0.25053758347447797
2024-08-18 10:50:00+00:00,1.028086411398322,1.028086411398322,0.0,0,0.0
2024-08-19 17:35:00+00:00,1.0279322042195982,1.0279322042195982,0.0,2,0.5000562556255274
2024-08-19 17:40:00+00:00,1.0253706829700224,1.0279322042195982,-0.0025615212495756576,2,0.5013054670044386
2024-08-19 17:45:00+00:00,1.023254103826226,1.0279322042195982,-0.004678100393372342,2,0.5023424065995648
2024-08-19 17:50:00+00:00,1.0237285789606487,1.0279322042195982,-0.004203625258949526,2,0.5021095822105655
2024-08-19 17:55:00+00:00,1.022794076217901,1.0279322042195982,-0.005138128001697061,2,0.5025683478532751
2024-08-19 18:00:00+00:00,1.0226683509218517,1.0279322042195982,-0.00526385329774657,2,0.5026301328437482
2024-08-19 18:05:00+00:00,1.0224211445516693,1.0224211445516693,0.0,0,0.0
2024-08-20 00:25:00+00:00,1.022344462965828,1.022344462965828,0.0,1,0.25001875140635543
2024-08-20 00:30:00+00:00,1.0245072809898852,1.022344462965828,0.0021628180240572566,1,0.2494909415294247
2024-08-20 00:35:00+00:00,1.0246358524196542,1.022344462965828,0.0022913894538261633,1,0.24945963537613025
2024-08-20 00:40:00+00:00,1.024794365141287,1.022344462965828,0.0024499021754590213,1,0.24942104956117453
2024-08-20 00:45:00+00:00,1.0237499424309728,1.022344462965828,0.0014054794651447017,1,0.24967550721513396
2024-08-20 00:50:00+00:00,1.0242342868581842,1.022344462965828,0.0018898238923562081,1,0.2495574395600257
2024-08-20 00:55:00+00:00,1.0250822628152012,1.0250822628152012,0.0,0,0.0
2024-08-20 05:20:00+00:00,1.02500538164549,1.02500538164549,0.0,1,0.2500187514063555
2024-08-20 05:25:00+00:00,1.0249111347761029,1.02500538164549,-9.424686938713958e-05,1,0.2500417421650746
2024-08-20 05:30:00+00:00,1.0241314561293546,1.02500538164549,-0.0008739255161354598,1,0.2502321007425746
2024-08-20 05:35:00+00:00,1.0242257029987418,1.02500538164549,-0.0007796786467482634,1,0.2502090749660821
2024-08-20 05:40:00+00:00,1.0239343944933632,1.02500538164549,-0.0010709871521268164,1,0.25028025924512626
2024-08-20 05:45:00+00:00,1.023803020069369,1.02500538164549,-0.0012023615761209876,1,0.250312375212994
2024-08-20 05:50:00+00:00,1.0234862377775815,1.0234862377775815,0.0,0,0.0
2024-08-20 15:20:00+00:00,1.023409476309748,1.023409476309748,0.0,1,0.2500187514063555
2024-08-20 15:25:00+00:00,1.0228250436338746,1.023409476309748,-0.0005844326758734461,1,0.25016160978552054
2024-08-20 15:30:00+00:00,1.0223882049727557,1.023409476309748,-0.0010212713369924054,1,0.2502684970345621
2024-08-20 15:35:00+00:00,1.0228389115278784,1.023409476309748,-0.0005705647818696941,1,0.2501582180347285
2024-08-20 15:40:00+00:00,1.0229587697546254,1.023409476309748,-0.0004507065551227681,1,0.2501289074492911
2024-08-20 15:45:00+00:00,1.0225239122212213,1.023409476309748,-0.0008855640885268934,1,0.25023528191978167
2024-08-20 15:50:00+00:00,1.022229226704757,1.022229226704757,0.0,0,0.0
2024-08-21 14:00:00+00:00,1.021922592435257,1.021922592435257,0.0,4,1.0001875281286918
2024-08-21 14:05:00+00:00,1.0228786587425203,1.021922592435257,0.0009560663072631541,4,0.9992526708135883
2024-08-21 14:10:00+00:00,1.0259989901268318,1.021922592435257,0.004076397691574844,4,0.9962136819845531
2024-08-21 14:15:00+00:00,1.0181505344392905,1.021922592435257,-0.003772057995966586,4,1.003893036533715
2024-08-21 14:20:00+00:00,1.0160751115147921,1.021922592435257,-0.005847480920464904,4,1.0059435764969076
2024-08-21 14:25:00+00:00,1.0203364729779725,1.021922592435257,-0.0015861194572844974,4,1.0017423259246268
2024-08-21 14:30:00+00:00,1.0191802674258572,1.0191802674258572,0.0,0,0.0
2024-08-23 14:05:00+00:00,1.0191038289058003,1.0191038289058003,0.0,1,0.2500187514063555
2024-08-23 14:10:00+00:00,1.0197666885819296,1.0191038289058003,0.0006628596761293847,1,0.24985623644049212
2024-08-23 14:15:00+00:00,1.0210886840034237,1.0191038289058003,0.0019848550976234356,1,0.24953274955264315
2024-08-23 14:20:00+00:00,1.0186259244576545,1.0191038289058003,-0.0004779044481457482,1,0.2501360516542169
2024-08-23 14:25:00+00:00,1.020070809594386,1.0191038289058003,0.0009669806885857648,1,0.24978174501217154
2024-08-23 14:30:00+00:00,1.0199297139954098,1.0191038289058003,0.0008258850896094469,1,0.2498162994568967
2024-08-23 14:35:00+00:00,1.0192760662068132,1.0192760662068132,0.0,0,0.0
2024-08-23 20:05:00+00:00,1.0191996205018476,1.0191996205018476,0.0,1,0.2500187514063555
2024-08-23 20:10:00+00:00,1.0180100505952432,1.0191996205018476,-0.0011895699066044381,1,0.2503109044971682
2024-08-23 20:15:00+00:00,1.0185526023090203,1.0191996205018476,-0.0006470181928273303,1,0.2501775715599157
2024-08-23 20:20:00+00:00,1.0186924525954908,1.0191996205018476,-0.0005071679063568703,1,0.250143226154723
2024-08-23 20:25:00+00:00,1.019273758003109,1.0191996205018476,7.41375012614555e-05,1,0.2500005661392943
2024-08-23 20:30:00+00:00,1.0189553037363268,1.0191996205018476,-0.0002443167655207391,1,0.2500786988568856
2024-08-23 20:35:00+00:00,1.0184037040460039,1.0184037040460039,0.0,0,0.0
2024-08-23 21:50:00+00:00,1.0183273237682005,1.0183273237682005,0.0,1,0.2500187514063555
2024-08-23 21:55:00+00:00,1.0185157679410688,1.0183273237682005,0.00018844417286833094,1,0.24997249333329138
2024-08-23 22:00:00+00:00,1.0185800102727285,1.0183273237682005,0.0002526865045279969,1,0.24995672744778355
2024-08-23 22:05:00+00:00,1.0192095851229932,1.0183273237682005,0.0008822613547928253,1,0.24980232694807025
2024-08-23 22:10:00+00:00,1.0189269188636907,1.0183273237682005,0.0005995950954902723,1,0.2498716260194916
2024-08-23 22:15:00+00:00,1.018451525609409,1.0183273237682005,0.00012420184120866495,1,0.24998826120777407
2024-08-23 22:20:00+00:00,1.0183580140431632,1.0183580140431632,0.0,0,0.0
2024-08-27 01:05:00+00:00,1.01828163719211,1.01828163719211,0.0,1,0.2500187514063555
2024-08-27 01:10:00+00:00,1.0179884671582478,1.01828163719211,-0.00029317003386231095,1,0.25009075419241905
2024-08-27 01:15:00+00:00,1.0178749950101549,1.01828163719211,-0.0004066421819550282,1,0.2501186341730016
2024-08-27 01:20:00+00:00,1.0184419519351449,1.01828163719211,0.00016031474303489262,1,0.24997939551394605
2024-08-27 01:25:00+00:00,1.0184996975478753,1.01828163719211,0.0002180603557653585,1,0.24996522249710695
2024-08-27 01:30:00+00:00,1.0185586546070267,1.01828163719211,0.0002770174149167362,1,0.24995075380220963
2024-08-27 01:35:00+00:00,1.0187177021771052,1.0187177021771052,0.0,0,0.0
2024-08-27 16:15:00+00:00,1.018641298349442,1.018641298349442,0.0,1,0.2500187514063555
2024-08-27 16:20:00+00:00,1.0190932337725553,1.018641298349442,0.0004519354231133499,1,0.24990787604533984
2024-08-27 16:25:00+00:00,1.0191050748753443,1.018641298349442,0.00046377652590232353,1,0.24990497233607475
2024-08-27 16:30:00+00:00,1.0186945833119925,1.018641298349442,5.328496255052256e-05,1,0.25000567364976006
2024-08-27 16:35:00+00:00,1.0185179535287232,1.018641298349442,-0.00012334482071869646,1,0.2500490292408911
2024-08-27 16:40:00+00:00,1.0176407251637718,1.018641298349442,-0.0010005731856700785,1,0.25026457692452314
2024-08-27 16:45:00+00:00,1.0170403525376954,1.0170403525376954,0.0,0,0.0
2024-08-28 09:55:00+00:00,1.0168878022056669,1.0168878022056669,0.0,2,0.5000562556255272
2024-08-28 10:00:00+00:00,1.0206352879859215,1.0168878022056669,0.0037474857802545485,2,0.4982201896680372
2024-08-28 10:05:00+00:00,1.0174659871274352,1.0168878022056669,0.0005781849217682214,2,0.4997720938051849
2024-08-28 10:10:00+00:00,1.0175313098839176,1.0168878022056669,0.0006435076782507647,2,0.49974000978923055
2024-08-28 10:15:00+00:00,1.0180956828622658,1.0168878022056669,0.0012078806565990223,2,0.49946298302006525
2024-08-28 10:20:00+00:00,1.0170252548288297,1.0168878022056669,0.00013745262316288835,2,0.49998867220639553
2024-08-28 10:25:00+00:00,1.018012017445368,1.018012017445368,0.0,0,0.0
2024-08-28 16:30:00+00:00,1.0178593213690688,1.0178593213690688,0.0,2,0.5000562556255274
2024-08-28 16:35:00+00:00,1.01487413549363,1.0178593213690688,-0.0029851858754387428,2,0.5015271383872524
2024-08-28 16:40:00+00:00,1.0166413948925395,1.0178593213690688,-0.0012179264765292323,2,0.5006553181430877
2024-08-28 16:45:00+00:00,1.0189053354854196,1.0178593213690688,0.0010460141163508613,2,0.4995428949784319
2024-08-28 16:50:00+00:00,1.0179910645942214,1.0178593213690688,0.00013174322515265968,2,0.4999915408886646
2024-08-28 16:55:00+00:00,1.0200870731287695,1.0178593213690688,0.002227751759700771,2,0.4989641908079601
2024-08-28 17:00:00+00:00,1.0227273129306285,1.0227273129306285,0.0,0,0.0
2024-08-28 18:55:00+00:00,1.02257390958653,1.02257390958653,0.0,2,0.5000562556255274
2024-08-28 19:00:00+00:00,1.0231719266404,1.02257390958653,0.0005980170538699862,2,0.499763985909195
2024-08-28 19:05:00+00:00,1.0251109929911975,1.02257390958653,0.002537083404667324,2,0.49881864873591075
2024-08-28 19:10:00+00:00,1.0216809319610447,1.02257390958653,-0.0008929776254853969,2,0.5004933187376875
2024-08-28 19:15:00+00:00,1.024236193969593,1.02257390958653,0.001662284383062876,2,0.4992446892023983
2024-08-28 19:20:00+00:00,1.0224704205641622,1.02257390958653,-0.00010348902236793428,2,0.5001068686623281
2024-08-28 19:25:00+00:00,1.0229710571622208,1.0229710571622208,0.0,0,0.0
2024-09-02 08:15:00+00:00,1.0228943343329338,1.0228943343329338,0.0,1,0.25001875140635543
2024-09-02 08:20:00+00:00,1.0235073171139712,1.0228943343329338,0.0006129827810374082,1,0.24986901413825194
2024-09-02 08:25:00+00:00,1.0244952311105946,1.0228943343329338,0.0016008967776607835,1,0.24962806709536325
2024-09-02 08:30:00+00:00,1.0249356265066798,1.0228943343329338,0.002041292173745941,1,0.2495208066502784
2024-09-02 08:35:00+00:00,1.0255327391833537,1.0228943343329338,0.002638404850419916,1,0.24937552407562025
2024-09-02 08:40:00+00:00,1.0249514966110431,1.0228943343329338,0.002057162278109374,1,0.24951694312965772
2024-09-02 08:45:00+00:00,1.0250989390058893,1.0250989390058893,0.0,0,0.0
2024-09-02 20:55:00+00:00,1.0249451799312201,1.0249451799312201,0.0,2,0.5000562556255272
2024-09-02 21:00:00+00:00,1.023813366448833,1.0249451799312201,-0.0011318134823872627,2,0.5006090618601559
2024-09-02 21:05:00+00:00,1.025629657393264,1.0249451799312201,0.0006844774620437537,2,0.49972253162070507
2024-09-02 21:10:00+00:00,1.0248656221769274,1.0249451799312201,-7.95577542926893e-05,2,0.5000950737416361
2024-09-02 21:15:00+00:00,1.0253012366952605,1.0249451799312201,0.00035605676404036385,2,0.4998826008928069
2024-09-02 21:20:00+00:00,1.0248695753170862,1.0249451799312201,-7.560461413391576e-05,2,0.5000931447684606
2024-09-02 21:25:00+00:00,1.0249673940400115,1.0249673940400115,0.0,0,0.0
2024-09-04 01:10:00+00:00,1.024813654696347,1.024813654696347,0.0,2,0.5000562556255274
2024-09-04 01:15:00+00:00,1.0268714947974118,1.024813654696347,0.002057840101064785,2,0.4990541479413351
2024-09-04 01:20:00+00:00,1.0249566052926573,1.024813654696347,0.00014295059631017288,2,0.49998651282904094
2024-09-04 01:25:00+00:00,1.0274669196601245,1.024813654696347,0.002653264963777339,2,0.4987649422824099
2024-09-04 01:30:00+00:00,1.028215467462409,1.024813654696347,0.0034018127660621037,2,0.4984018380370288
2024-09-04 01:35:00+00:00,1.0294586221846211,1.024813654696347,0.004644967488274062,2,0.4977999774229518
2024-09-04 01:40:00+00:00,1.0306329242938157,1.0306329242938157,0.0,0,0.0
2024-09-05 13:40:00+00:00,1.0305556268244938,1.0305556268244938,0.0,1,0.25001875140635543
2024-09-05 13:45:00+00:00,1.0298337963921447,1.0305556268244938,-0.0007218304323491063,1,0.2501939943863929
2024-09-05 13:50:00+00:00,1.0289077936472664,1.0305556268244938,-0.0016478331772274723,1,0.2504191655115261
2024-09-05 13:55:00+00:00,1.0297935943217573,1.0305556268244938,-0.0007620325027365191,1,0.25020376169959846
2024-09-05 14:00:00+00:00,1.030404756133377,1.0305556268244938,-0.00015087069111678256,1,0.2500553588672511
2024-09-05 14:05:00+00:00,1.0306351275479564,1.0305556268244938,7.950072346272065e-05,1,0.24999946555912908
2024-09-05 14:10:00+00:00,1.0306906324235097,1.0306906324235097,0.0,0,0.0
2024-09-06 19:05:00+00:00,1.0306133306260779,1.0306133306260779,0.0,1,0.2500187514063555
2024-09-06 19:10:00+00:00,1.030861878680493,1.0306133306260779,0.00024854805441518483,1,0.24995847012569652
2024-09-06 19:15:00+00:00,1.0312768961294934,1.0306133306260779,0.0006635655034154388,1,0.24985787917188293
2024-09-06 19:20:00+00:00,1.0306272030756267,1.0306133306260779,1.3872449548798676e-05,1,0.2500153861036497
2024-09-06 19:25:00+00:00,1.0308815313173538,1.0306133306260779,0.00026820069127593527,1,0.2499537049389176
2024-09-06 19:30:00+00:00,1.0302977323988436,1.0306133306260779,-0.0003155982272341686,1,0.25009533652562527
2024-09-06 19:35:00+00:00,1.0298539667258324,1.0298539667258324,0.0,0,0.0
2024-09-07 05:10:00+00:00,1.029776727678328,1.029776727678328,0.0,1,0.25001875140635543
2024-09-07 05:15:00+00:00,1.0298073714734315,1.029776727678328,3.06437951034185e-05,1,0.2500113116427624
2024-09-07 05:20:00+00:00,1.028693980251343,1.029776727678328,-0.001082747426984967,1,0.25028190756842134
2024-09-07 05:25:00+00:00,1.0287427833324336,1.029776727678328,-0.0010339443458943914,1,0.2502700343106659
2024-09-07 05:30:00+00:00,1.02854984091882,1.029776727678328,-0.001226886759508095,1,0.2503169816753477
2024-09-07 05:35:00+00:00,1.0289243761923053,1.029776727678328,-0.0008523514860227359,1,0.2502258646395781
2024-09-07 05:40:00+00:00,1.0289606326822207,1.0289606326822207,0.0,0,0.0
2024-09-08 22:20:00+00:00,1.0288834606347697,1.0288834606347697,0.0,1,0.25001875140635543
2024-09-08 22:25:00+00:00,1.0302555268169482,1.0288834606347697,0.0013720661821786254,1,0.24968578325934146
2024-09-08 22:30:00+00:00,1.0301571540281953,1.0288834606347697,0.001273693393425624,1,0.24970962650181677
2024-09-08 22:35:00+00:00,1.0285555513389264,1.0288834606347697,-0.0003279092958433097,1,0.25009845879076903
2024-09-08 22:40:00+00:00,1.0282042199505228,1.0288834606347697,-0.0006792406842468293,1,0.25018391597627715
2024-09-08 22:45:00+00:00,1.0278880217009596,1.0288834606347697,-0.0009954389338100197,1,0.25026087739097447
2024-09-08 22:50:00+00:00,1.0282347895288488,1.0282347895288488,0.0,0,0.0
2024-09-09 16:15:00+00:00,1.0280034540522331,1.0280034540522331,0.0,3,0.7501125140640822
2024-09-09 16:20:00+00:00,1.02763511409912,1.0280034540522331,-0.0003683399531131334,3,0.7503813803226103
2024-09-09 16:25:00+00:00,1.0297541449052716,1.0280034540522331,0.0017506908530383798,3,0.7488372435311896
2024-09-09 16:30:00+00:00,1.0284368767284564,1.0280034540522331,0.00043342267622316615,3,0.7497963879306548
2024-09-09 16:35:00+00:00,1.0298330469898598,1.0280034540522331,0.0018295929376267038,3,0.7487798703290919
2024-09-09 16:40:00+00:00,1.0270824681252078,1.0280034540522331,-0.0009209859270252928,3,0.7507851407426387
2024-09-09 16:45:00+00:00,1.0301578141123142,1.0301578141123142,0.0,0,0.0
2024-09-10 14:30:00+00:00,1.0300805522762557,1.0300805522762557,0.0,1,0.2500187514063555
2024-09-10 14:35:00+00:00,1.0289887452766298,1.0300805522762557,-0.0010918069996259092,1,0.25028403343599503
2024-09-10 14:40:00+00:00,1.029068356203686,1.0300805522762557,-0.0010121960725698338,1,0.25026467092833543
2024-09-10 14:45:00+00:00,1.0285205572056098,1.0300805522762557,-0.0015599950706460602,1,0.2503979640696616
2024-09-10 14:50:00+00:00,1.0289375668235223,1.0300805522762557,-0.0011429854527333924,1,0.2502964823445408
2024-09-10 14:55:00+00:00,1.0280542646328528,1.0300805522762557,-0.0020262876434029393,1,0.250511536587082
2024-09-10 15:00:00+00:00,1.028568398254925,1.028568398254925,0.0,0,0.0
2024-09-10 17:15:00+00:00,1.0284912556250558,1.0284912556250558,0.0,1,0.2500187514063555
2024-09-10 17:20:00+00:00,1.0273899358968293,1.0284912556250558,-0.0011013197282266165,1,0.25028676121814136
2024-09-10 17:25:00+00:00,1.0279415402890113,1.0284912556250558,-0.0005497153360445257,1,0.25015245467308805
2024-09-10 17:30:00+00:00,1.0270687963534355,1.0284912556250558,-0.0014224592716202476,1,0.2503650198279837
2024-09-10 17:35:00+00:00,1.0275089464334988,1.0284912556250558,-0.0009823091915571428,1,0.25025777192137927
2024-09-10 17:40:00+00:00,1.0275637290614894,1.0284912556250558,-0.0009275265635664752,1,0.25024442989885237
2024-09-10 17:45:00+00:00,1.027773722964537,1.027773722964537,0.0,0,0.0
2024-09-11 15:00:00+00:00,1.0276966399353147,1.0276966399353147,0.0,1,0.25001875140635543
2024-09-11 15:05:00+00:00,1.027383913172731,1.0276966399353147,-0.00031272676258366656,1,0.2500948549482837
2024-09-11 15:10:00+00:00,1.0274417843174084,1.0276966399353147,-0.00025485561790628317,1,0.2500807682372362
2024-09-11 15:15:00+00:00,1.0277878982788444,1.0276966399353147,9.125834352971993e-05,1,0.2499965519845264
2024-09-11 15:20:00+00:00,1.0283499161261922,1.0276966399353147,0.0006532761908775565,1,0.24985992288407388
2024-09-11 15:25:00+00:00,1.02805722168292,1.0276966399353147,0.00036058174760529186,1,0.24993105959658574
2024-09-11 15:30:00+00:00,1.028049138864659,1.028049138864659,0.0,0,0.0
2024-09-12 02:00:00+00:00,1.0278949372766057,1.0278949372766057,0.0,2,0.5000562556255274
2024-09-12 02:05:00+00:00,1.028663976084962,1.0278949372766057,0.0007690388083563841,2,0.49968240889240756
2024-09-12 02:10:00+00:00,1.0281704195933,1.0278949372766057,0.0002754823166940911,2,0.4999222733078571
2024-09-12 02:15:00+00:00,1.0259911236530768,1.0278949372766057,-0.0019038136235289401,2,0.5009841524562535
2024-09-12 02:20:00+00:00,1.0256404422783412,1.0278949372766057,-0.0022544949982645267,2,0.5011554462197032
2024-09-12 02:25:00+00:00,1.025219833885919,1.0278949372766057,-0.0026751033906866955,2,0.501361051085724
2024-09-12 02:30:00+00:00,1.025371722914029,1.025371722914029,0.0,0,0.0
2024-09-16 10:50:00+00:00,1.0252948200348104,1.0252948200348104,0.0,1,0.25001875140635543
2024-09-16 10:55:00+00:00,1.0246313725138925,1.0252948200348104,-0.0006634475209179993,1,0.25018063823244063
2024-09-16 11:00:00+00:00,1.024926238078745,1.0252948200348104,-0.000368581956065552,1,0.25010866265754866
2024-09-16 11:05:00+00:00,1.0248564014975956,1.0252948200348104,-0.00043841853721483006,1,0.2501257057612365
2024-09-16 11:10:00+00:00,1.0249165385535852,1.0252948200348104,-0.00037828148122517555,1,0.2501110296163935
2024-09-16 11:15:00+00:00,1.0250639713360115,1.0252948200348104,-0.00023084869879896612,1,0.2500750566761254
2024-09-16 11:20:00+00:00,1.0251209219039956,1.0251209219039956,0.0,0,0.0
2024-09-17 19:55:00+00:00,1.0248902869950505,1.0248902869950505,0.0,3,0.7501125140640821
2024-09-17 20:00:00+00:00,1.0244867809469271,1.0248902869950505,-0.00040350604812333305,3,0.7504079546122931
2024-09-17 20:05:00+00:00,1.0237213996671617,1.0248902869950505,-0.0011688873278886906,3,0.7509689941693777
2024-09-17 20:10:00+00:00,1.0251422299406248,1.0248902869950505,0.00025194294557429986,3,0.7499281634922436
2024-09-17 20:15:00+00:00,1.024304323557877,1.0248902869950505,-0.0005859634371733812,3,0.7505416233599221
2024-09-17 20:20:00+00:00,1.0256386335520766,1.0248902869950505,0.0007483465570262378,3,0.7495652022732441
2024-09-17 20:25:00+00:00,1.0252175596534325,1.0252175596534325,0.0,0,0.0
2024-09-18 16:10:00+00:00,1.0251406683364586,1.0251406683364586,0.0,1,0.2500187514063555
2024-09-18 16:15:00+00:00,1.0250028193251097,1.0251406683364586,-0.00013784901134873218,1,0.2500523755457727
2024-09-18 16:20:00+00:00,1.0253900888913676,1.0251406683364586,0.00024942055490915355,1,0.2499579357066632
2024-09-18 16:25:00+00:00,1.0253724269867888,1.0251406683364586,0.00023175865033011006,1,0.2499622411990804
2024-09-18 16:30:00+00:00,1.0258428367380161,1.0251406683364586,0.0007021684015576757,1,0.2498476186940653
2024-09-18 16:35:00+00:00,1.0261465353411439,1.0251406683364586,0.0010058670046853727,1,0.2497736737259941
2024-09-18 16:40:00+00:00,1.026704611032695,1.026704611032695,0.0,0,0.0
2024-09-19 12:10:00+00:00,1.0266276081868675,1.0266276081868675,0.0,1,0.2500187514063555
2024-09-19 12:15:00+00:00,1.0270788528217307,1.0266276081868675,0.00045124463486332836,1,0.24990890626654233
2024-09-19 12:20:00+00:00,1.0268008131982291,1.0266276081868675,0.0001732050113616983,1,0.24997657720847666
2024-09-19 12:25:00+00:00,1.0276121419356603,1.0266276081868675,0.0009845337487927423,1,0.2497792136580695
2024-09-19 12:30:00+00:00,1.027552887589668,1.0266276081868675,0.0009252794028005599,1,0.24979361730008787
2024-09-19 12:35:00+00:00,1.0271472232209524,1.0266276081868675,0.0005196150340850379,1,0.249892271483033
2024-09-19 12:40:00+00:00,1.0269380376032964,1.0269380376032964,0.0,0,0.0
2024-09-19 16:20:00+00:00,1.0268610172504762,1.0268610172504762,0.0,1,0.2500187514063555
2024-09-19 16:25:00+00:00,1.026940567402812,1.0268610172504762,7.955015233582623e-05,1,0.24999938414169331
2024-09-19 16:30:00+00:00,1.0277339755011083,1.0268610172504762,0.0008729582506321197,1,0.24980638523275833
2024-09-19 16:35:00+00:00,1.0292464751080188,1.0268610172504762,0.002385457857542605,1,0.24943928943150373
2024-09-19 16:40:00+00:00,1.028871752022016,1.0268610172504762,0.0020107347715398846,1,0.2495301371587568
2024-09-19 16:45:00+00:00,1.0287702209065348,1.0268610172504762,0.001909203656058689,1,0.2495547637203126
2024-09-19 16:50:00+00:00,1.0289967471876273,1.0289967471876273,0.0,0,0.0
2024-09-20 03:50:00+00:00,1.0289195724315883,1.0289195724315883,0.0,1,0.2500187514063555
2024-09-20 03:55:00+00:00,1.0296784530474072,1.0289195724315883,0.0007588806158189699,1,0.24983448574218428
2024-09-20 04:00:00+00:00,1.0314941986512893,1.0289195724315883,0.0025746262197010863,1,0.24939470055504737
2024-09-20 04:05:00+00:00,1.0321695611558566,1.0289195724315883,0.0032499887242682032,1,0.24923151822926357
2024-09-20 04:10:00+00:00,1.0331798644758081,1.0288420781296799,0.004337786346128294,2,0.49900655657174575
2024-09-20 04:15:00+00:00,1.0327804469532509,1.0288420781296799,0.003938368823570991,2,0.49919954237347514
2024-09-20 04:20:00+00:00,1.034412722838011,1.0339533371491858,0.00045938568882513715,1,0.24972076811441266
2024-09-20 04:25:00+00:00,1.033944502809016,1.0339533371491858,-8.834340169745061e-06,1,0.24983385374422112
2024-09-20 04:30:00+00:00,1.0345982439815748,1.0339533371491858,0.0006449068323891525,1,0.24967598891365356
2024-09-20 04:35:00+00:00,1.034384452949468,1.0339533371491858,0.0004311158002820677,1,0.24972759302198094
2024-09-20 04:40:00+00:00,1.0354253861130454,1.0354253861130454,0.0,0,0.0
2024-09-20 14:20:00+00:00,1.035347729209087,1.035347729209087,0.0,1,0.2500187514063555
2024-09-20 14:25:00+00:00,1.036148094064415,1.035347729209087,0.0008003648553281022,1,0.24982562628944896
2024-09-20 14:30:00+00:00,1.0362989908779037,1.035347729209087,0.0009512616688167042,1,0.24978924886240644
2024-09-20 14:35:00+00:00,1.0373114269305672,1.035347729209087,0.001963697721480198,1,0.24954544971535148
2024-09-20 14:40:00+00:00,1.0376947864026733,1.035347729209087,0.002347057193586359,1,0.24945325920507533
2024-09-20 14:45:00+00:00,1.0368230514328574,1.035347729209087,0.0014753222237704122,1,0.2496629932856237
2024-09-20 14:50:00+00:00,1.0366842201450521,1.0366842201450521,0.0,0,0.0
2024-09-21 00:25:00+00:00,1.0366064688285412,1.0366064688285412,0.0,1,0.2500187514063555
2024-09-21 00:30:00+00:00,1.0353024635201826,1.0366064688285412,-0.001304005308358556,1,0.25033366013159364
2024-09-21 00:35:00+00:00,1.035375688433652,1.0366064688285412,-0.001230780394889198,1,0.2503159557748018
2024-09-21 00:40:00+00:00,1.0356495295484074,1.0366064688285412,-0.0009569392801338862,1,0.25024976851896413
2024-09-21 00:45:00+00:00,1.0353786976766715,1.0366064688285412,-0.001227771151869875,1,0.25031522825206615
2024-09-21 00:50:00+00:00,1.034805938422,1.0366064688285412,-0.0018005304065412066,1,0.25045377632010796
2024-09-21 00:55:00+00:00,1.03486560920337,1.03486560920337,0.0,0,0.0
2024-09-22 20:10:00+00:00,1.0347879942826796,1.0347879942826796,0.0,1,0.2500187514063555
2024-09-22 20:15:00+00:00,1.0348800688577016,1.0347879942826796,9.207457502188323e-05,1,0.24999650692510977
2024-09-22 20:20:00+00:00,1.0351387545684774,1.0347879942826796,0.00035076028579771875,1,0.24993403170253697
2024-09-22 20:25:00+00:00,1.0364891816687987,1.0347879942826796,0.0017011873861190365,1,0.2496083961863416
2024-09-22 20:30:00+00:00,1.0363094170223273,1.0347879942826796,0.0015214227396476805,1,0.2496516948038777
2024-09-22 20:35:00+00:00,1.0364672591509363,1.0347879942826796,0.0016792648682566397,1,0.24961367570142098
2024-09-22 20:40:00+00:00,1.0360564219587383,1.0360564219587383,0.0,0,0.0
2024-09-26 15:35:00+00:00,1.0359787177270914,1.0359787177270914,0.0,1,0.2500187514063555
2024-09-26 15:40:00+00:00,1.0359098390113861,1.0359787177270914,-6.887871570519041e-05,1,0.2500353754115059
2024-09-26 15:45:00+00:00,1.0357763864997074,1.0359787177270914,-0.00020233122738399145,1,0.2500675907132758
2024-09-26 15:50:00+00:00,1.036034681683602,1.0359787177270914,5.596395651045104e-05,1,0.2500052460297712
2024-09-26 15:55:00+00:00,1.0360174620046756,1.0359787177270914,3.874427758418938e-05,1,0.25000940137485406
2024-09-26 16:00:00+00:00,1.0361035603993072,1.0359787177270914,0.00012484267221572772,1,0.24998862603064728
2024-09-26 16:05:00+00:00,1.035875183977055,1.035875183977055,0.0,0,0.0
2024-09-27 16:30:00+00:00,1.0357974933382568,1.0357974933382568,0.0,1,0.2500187514063555
2024-09-27 16:35:00+00:00,1.0372784166787696,1.0357974933382568,0.0014809233405129283,1,0.24966179940719108
2024-09-27 16:40:00+00:00,1.0374798375994354,1.0357974933382568,0.00168234426117858,1,0.24961332896210944
2024-09-27 16:45:00+00:00,1.0373896777587563,1.0357974933382568,0.001592184420499678,1,0.2496350229296253
2024-09-27 16:50:00+00:00,1.037334047218763,1.0357974933382568,0.0015365538805063032,1,0.24964841045041866
2024-09-27 16:55:00+00:00,1.0375421821701174,1.0357974933382568,0.001744688831860737,1,0.2495983300193213
2024-09-27 17:00:00+00:00,1.0373148645616819,1.0373148645616819,0.0,0,0.0
2024-10-01 16:55:00+00:00,1.0372370659468397,1.0372370659468397,0.0,1,0.2500187514063555
2024-10-01 17:00:00+00:00,1.037912862710684,1.0372370659468397,0.0006757967638442953,1,0.24985596137920474
2024-10-01 17:05:00+00:00,1.0367675323057026,1.0372370659468397,-0.00046953364113719884,1,0.2501319804678784
2024-10-01 17:10:00+00:00,1.0362523927479868,1.0372370659468397,-0.0009846731988529002,1,0.25025632553930166
2024-10-01 17:15:00+00:00,1.035808771559451,1.0372370659468397,-0.0014282943873887093,1,0.25036350652832456
2024-10-01 17:20:00+00:00,1.033963804934232,1.0372370659468397,-0.0032732610126078444,1,0.2508102458740476
2024-10-01 17:25:00+00:00,1.0329759609840288,1.0329759609840288,0.0,0,0.0
2024-10-02 13:50:00+00:00,1.032821020400371,1.032821020400371,0.0,2,0.5000562556255275
2024-10-02 13:55:00+00:00,1.0337056224981191,1.032821020400371,0.0008846020977482981,2,0.49962832836742715
2024-10-02 14:00:00+00:00,1.0340736927105212,1.032821020400371,0.001252672310150236,2,0.4994504896831626
2024-10-02 14:05:00+00:00,1.0346305231723567,1.032821020400371,0.0018095027719858606,2,0.49918168913977484
2024-10-02 14:10:00+00:00,1.0344975852736085,1.032821020400371,0.0016765648732374695,2,0.49924583637974185
2024-10-02 14:15:00+00:00,1.0329934769162405,1.032821020400371,0.00017245651586953592,2,0.4999727720784276
2024-10-02 14:20:00+00:00,1.0357382741593117,1.0357382741593117,0.0,0,0.0
2024-10-07 00:40:00+00:00,1.0356605937887498,1.0356605937887498,0.0,1,0.2500187514063555
2024-10-07 00:45:00+00:00,1.0360527506355677,1.0356605937887498,0.0003921568468179415,1,0.24992411668323283
2024-10-07 00:50:00+00:00,1.0372161083034006,1.0356605937887498,0.001555514514650759,1,0.24964379791919492
2024-10-07 00:55:00+00:00,1.0373091277435549,1.0356605937887498,0.0016485339548050688,1,0.2496214114138617
2024-10-07 01:00:00+00:00,1.037540651900767,1.0356605937887498,0.0018800581120173294,1,0.2495657091271187
2024-10-07 01:05:00+00:00,1.0380942609917294,1.0356605937887498,0.002433667202979682,1,0.24943261731594418
2024-10-07 01:10:00+00:00,1.0385677310485135,1.0385677310485135,0.0,0,0.0
2024-10-07 23:10:00+00:00,1.038489838468685,1.038489838468685,0.0,1,0.2500187514063555
2024-10-07 23:15:00+00:00,1.0385454647170724,1.038489838468685,5.5626248387552075e-05,1,0.2500053599799425
2024-10-07 23:20:00+00:00,1.0389669405221627,1.038489838468685,0.00047710205347777063,1,0.24990394076604389
2024-10-07 23:25:00+00:00,1.0388150380746428,1.038489838468685,0.0003251996059579258,1,0.24994048338321428
2024-10-07 23:30:00+00:00,1.0387690394461686,1.038489838468685,0.0002792009774836549,1,0.24995155121350113
2024-10-07 23:35:00+00:00,1.0388096893969134,1.038489838468685,0.0003198509282283956,1,0.24994177028986408
2024-10-07 23:40:00+00:00,1.038227951374959,1.038227951374959,0.0,0,0.0
2024-10-08 08:20:00+00:00,1.038150084278606,1.038150084278606,0.0,1,0.25001875140635543
2024-10-08 08:25:00+00:00,1.038621157892715,1.038150084278606,0.0004710736141088117,1,0.24990535371950404
2024-10-08 08:30:00+00:00,1.0393757903813359,1.038150084278606,0.0012257061027298333,1,0.24972391145315312
2024-10-08 08:35:00+00:00,1.0391333932789302,1.038150084278606,0.0009833090003242549,1,0.2497821641788659
2024-10-08 08:40:00+00:00,1.039384937441804,1.038150084278606,0.0012348531631979672,1,0.24972171376908428
2024-10-08 08:45:00+00:00,1.0392111432929094,1.038150084278606,0.0010610590143034222,1,0.24976347638199034
2024-10-08 08:50:00+00:00,1.0399016292758794,1.0399016292758794,0.0,0,0.0
2024-10-11 01:55:00+00:00,1.0398236366536837,1.0398236366536837,0.0,1,0.2500187514063555
2024-10-11 02:00:00+00:00,1.0400670046302798,1.0398236366536837,0.00024336797659605395,1,0.24996024887010543
2024-10-11 02:05:00+00:00,1.0396040646570215,1.0398236366536837,-0.00021957199666219047,1,0.25007155719878704
2024-10-11 02:10:00+00:00,1.0396786975031775,1.0398236366536837,-0.00014493915050609653,1,0.25005360592970627
2024-10-11 02:15:00+00:00,1.0393423088777494,1.0398236366536837,-0.00048132777593439983,1,0.2501345370994119
2024-10-11 02:20:00+00:00,1.0395532277907993,1.0398236366536837,-0.0002704088628845076,1,0.25008378635065676
2024-10-11 02:25:00+00:00,1.0390025604762814,1.0390025604762814,0.0,0,0.0
2024-10-11 17:35:00+00:00,1.0389246352842456,1.0389246352842456,0.0,1,0.2500187514063555
2024-10-11 17:40:00+00:00,1.038616183705236,1.0389246352842456,-0.00030845157900980983,1,0.25009300278031177
2024-10-11 17:45:00+00:00,1.0391153445938484,1.0389246352842456,0.00019070930960283166,1,0.24997286535172591
2024-10-11 17:50:00+00:00,1.0391186612774936,1.0389246352842456,0.00019402599324811083,1,0.24997206748239187
2024-10-11 17:55:00+00:00,1.0395680719114273,1.0389246352842456,0.0006434366271817377,1,0.24986400326962088
2024-10-11 18:00:00+00:00,1.0398653296831344,1.0389246352842456,0.0009406943988887375,1,0.2497925766966584
2024-10-11 18:05:00+00:00,1.0396215703088354,1.0396215703088354,0.0,0,0.0
2024-10-11 19:10:00+00:00,1.0395435986910622,1.0395435986910622,0.0,1,0.2500187514063555
2024-10-11 19:15:00+00:00,1.0395448320132878,1.0395435986910622,1.2333222257840014e-06,1,0.25001845478260876
2024-10-11 19:20:00+00:00,1.0394510995241268,1.0395435986910622,-9.249916693535829e-05,1,0.25004100019346426
2024-10-11 19:25:00+00:00,1.038679039810773,1.0395435986910622,-0.0008645588802892145,1,0.2502268579758368
2024-10-11 19:30:00+00:00,1.0386440956810419,1.0395435986910622,-0.0008995030100203384,1,0.2502352766053016
2024-10-11 19:35:00+00:00,1.0377376038450752,1.0395435986910622,-0.0018059948459869014,1,0.25045386388061386
2024-10-11 19:40:00+00:00,1.038161183265796,1.038161183265796,0.0,0,0.0
2024-10-13 22:05:00+00:00,1.038083321177051,1.038083321177051,0.0,1,0.2500187514063555
2024-10-13 22:10:00+00:00,1.0382288896985659,1.038083321177051,0.00014556852151475873,1,0.24998369665074782
2024-10-13 22:15:00+00:00,1.0378602557448018,1.038083321177051,-0.00022306543224928584,1,0.25007248748550887
2024-10-13 22:20:00+00:00,1.0374591568689733,1.038083321177051,-0.0006241643080777544,1,0.25016916964686625
2024-10-13 22:25:00+00:00,1.0373324389473668,1.038083321177051,-0.0007508822296841528,1,0.25019972968339593
2024-10-13 22:30:00+00:00,1.0369365763492908,1.038083321177051,-0.0011467448277602957,1,0.2502952463401418
2024-10-13 22:35:00+00:00,1.0367215237834349,1.0367215237834349,0.0,0,0.0
2024-10-14 03:40:00+00:00,1.036643769669151,1.036643769669151,0.0,1,0.2500187514063555
2024-10-14 03:45:00+00:00,1.0372348513948741,1.036643769669151,0.0005910817257231328,1,0.24987627497987824
2024-10-14 03:50:00+00:00,1.0373647102588588,1.036643769669151,0.0007209405897077364,1,0.24984499509452576
2024-10-14 03:55:00+00:00,1.0369034873971203,1.036643769669151,0.0002597177279692649,1,0.24995612812187992
2024-10-14 04:00:00+00:00,1.0373467986914127,1.036643769669151,0.0007030290222616001,1,0.24984930909586683
2024-10-14 04:05:00+00:00,1.037624427986828,1.036643769669151,0.0009806583176770014,1,0.2497824588119169
2024-10-14 04:10:00+00:00,1.0375914527911596,1.0375914527911596,0.0,0,0.0
2024-10-14 07:35:00+00:00,1.0375136334322004,1.0375136334322004,0.0,1,0.25001875140635543
2024-10-14 07:40:00+00:00,1.0378938019038344,1.0375136334322004,0.0003801684716340291,1,0.24992717243514698
2024-10-14 07:45:00+00:00,1.0370125488429038,1.0375136334322004,-0.0005010845892965905,1,0.2501395604973396
2024-10-14 07:50:00+00:00,1.0373527535129374,1.0375136334322004,-0.00016087991926292303,1,0.2500575260627144
2024-10-14 07:55:00+00:00,1.0376294259855552,1.0375136334322004,0.00011579255335486047,1,0.2499908509739979
2024-10-14 08:00:00+00:00,1.037853838102234,1.0375136334322004,0.00034020467003363874,1,0.24993679617942297
2024-10-14 08:05:00+00:00,1.037220624372316,1.037220624372316,0.0,0,0.0
2024-10-14 16:05:00+00:00,1.0371428328254881,1.0371428328254881,0.0,1,0.2500187514063555
2024-10-14 16:10:00+00:00,1.0376035194702111,1.0371428328254881,0.0004606866447229655,1,0.2499077453259578
2024-10-14 16:15:00+00:00,1.0373709824019224,1.0371428328254881,0.00022814957643424482,1,0.24996376464346964
2024-10-14 16:20:00+00:00,1.0363135968649868,1.0371428328254881,-0.000829235960501361,1,0.25021881106020255
2024-10-14 16:25:00+00:00,1.03655052142513,1.0371428328254881,-0.0005923114003581355,1,0.2501616184964783
2024-10-14 16:30:00+00:00,1.0363004343894233,1.0371428328254881,-0.0008423984360648751,1,0.250221989191637
2024-10-14 16:35:00+00:00,1.036819341734808,1.036819341734808,0.0,0,0.0
2024-10-14 23:00:00+00:00,1.0367415802841777,1.0367415802841777,0.0,1,0.2500187514063555
2024-10-14 23:05:00+00:00,1.0364887424363984,1.0367415802841777,-0.00025283784777928986,1,0.25007974020480733
2024-10-14 23:10:00+00:00,1.0357743194436764,1.0367415802841777,-0.0009672608405013512,1,0.25025223213964526
2024-10-14 23:15:00+00:00,1.0354746597722344,1.0367415802841777,-0.001266920511943398,1,0.25032465351756394
2024-10-14 23:20:00+00:00,1.0353747732150869,1.0367415802841777,-0.0013668070690908043,1,0.2503488032925593
2024-10-14 23:25:00+00:00,1.03575949253285,1.0367415802841777,-0.0009820877513278573,1,0.2502558145036562
2024-10-14 23:30:00+00:00,1.0354932732419768,1.0354932732419768,0.0,0,0.0
2024-10-15 11:35:00+00:00,1.0354156112464836,1.0354156112464836,0.0,1,0.2500187514063555
2024-10-15 11:40:00+00:00,1.0342837232310937,1.0354156112464836,-0.0011318880153898575,1,0.25029236417041945
2024-10-15 11:45:00+00:00,1.0351392199869116,1.0354156112464836,-0.00027639125957191926,1,0.25008550860797973
2024-10-15 11:50:00+00:00,1.034652244910523,1.0354156112464836,-0.0007633663359605936,1,0.2502032152193142
2024-10-15 11:55:00+00:00,1.0333492575439696,1.0354156112464836,-0.0020663537025139927,1,0.25051870548179983
2024-10-15 12:00:00+00:00,1.0334326136381262,1.0354156112464836,-0.001982997608357423,1,0.2504984987837272
2024-10-15 12:05:00+00:00,1.034587744403581,1.034587744403581,0.0,0,0.0
2024-10-15 13:45:00+00:00,1.0344325620614765,1.0344325620614765,0.0,2,0.5000562556255274
2024-10-15 13:50:00+00:00,1.0366405519951856,1.0344325620614765,0.002207989933708984,2,0.49899116206287986
2024-10-15 13:55:00+00:00,1.0405297703225123,1.0344325620614765,0.006097208261035755,2,0.49712606831158096
2024-10-15 14:00:00+00:00,1.0441669468918853,1.0344325620614765,0.00973438483040871,2,0.49539441486950486
2024-10-15 14:05:00+00:00,1.0451790751838657,1.0344325620614765,0.01074651312238923,2,0.4949146858786711
2024-10-15 14:10:00+00:00,1.0420555376720062,1.0344325620614765,0.0076229756105296465,2,0.4963981812689127
2024-10-15 14:15:00+00:00,1.0416419050791066,1.0416419050791066,0.0,0,0.0
2024-10-16 11:30:00+00:00,1.0415637819362256,1.0415637819362256,0.0,1,0.2500187514063555
2024-10-16 11:35:00+00:00,1.0417456790176942,1.0415637819362256,0.00018189708146862773,1,0.24997509614374272
2024-10-16 11:40:00+00:00,1.04077004921709,1.0415637819362256,-0.0007937327191356881,1,0.2502094256706062
2024-10-16 11:45:00+00:00,1.0415472458379103,1.0415637819362256,-1.6536098315308767e-05,1,0.250022720822693
2024-10-16 11:50:00+00:00,1.0412495960682344,1.0415637819362256,-0.0003141858679912135,1,0.2500941918758849
2024-10-16 11:55:00+00:00,1.0397778833181701,1.0415637819362256,-0.0017858986180553417,1,0.2504481778730925
2024-10-16 12:00:00+00:00,1.0386910581780544,1.0386910581780544,0.0,0,0.0
2024-10-16 14:10:00+00:00,1.0385352603619649,1.0385352603619649,0.0,2,0.5000562556255275
2024-10-16 14:15:00+00:00,1.0379061252751027,1.0385352603619649,-0.0006291350868622371,2,0.5003593687184726
2024-10-16 14:20:00+00:00,1.0393178544406376,1.0385352603619649,0.0007825940786728036,2,0.499679719166557
2024-10-16 14:25:00+00:00,1.038804409265718,1.0385352603619649,0.0002691489037531181,2,0.4999266936099872
2024-10-16 14:30:00+00:00,1.0362525678653003,1.0385352603619649,-0.0022826924966644867,2,0.5011577965992478
2024-10-16 14:35:00+00:00,1.0366894403599214,1.0385352603619649,-0.0018458200020434264,2,0.5009466031132573
2024-10-16 14:40:00+00:00,1.0334208510852323,1.0334208510852323,0.0,0,0.0
2024-10-20 14:05:00+00:00,1.0333433445214009,1.0333433445214009,0.0,1,0.2500187514063555
2024-10-20 14:10:00+00:00,1.0343380230301062,1.0333433445214009,0.0009946785087054904,1,0.2497783190977097
2024-10-20 14:15:00+00:00,1.0343765764606763,1.0333433445214009,0.0010332319392754577,1,0.2497690093247485
2024-10-20 14:20:00+00:00,1.0356738993993562,1.0333433445214009,0.0023305548779552405,1,0.2494561395446408
2024-10-20 14:25:00+00:00,1.0353192078381124,1.0333433445214009,0.001975863316711415,1,0.24954160109787682
2024-10-20 14:30:00+00:00,1.035580407330224,1.0333433445214009,0.0022370628088230456,1,0.2494786604135938
2024-10-20 14:35:00+00:00,1.0368657645370414,1.0368657645370414,0.0,0,0.0
2024-10-20 22:05:00+00:00,1.0367102405047308,1.0367102405047308,0.0,2,0.5000562556255274
2024-10-20 22:10:00+00:00,1.0356204692586288,1.0367102405047308,-0.001089771246101906,2,0.5005824589451704
2024-10-20 22:15:00+00:00,1.0339364559295632,1.0367102405047308,-0.0027737845751677303,2,0.501397777457566
2024-10-20 22:20:00+00:00,1.0354504807383669,1.0367102405047308,-0.001259759766363959,2,0.5006646388978075
2024-10-20 22:25:00+00:00,1.0357481782846765,1.0367102405047308,-0.0009620622200543897,2,0.5005207365114469
2024-10-20 22:30:00+00:00,1.0384789402013612,1.0367102405047308,0.0017686996966304184,2,0.49920457793290945
2024-10-20 22:35:00+00:00,1.0387620051936328,1.0387620051936328,0.0,0,0.0
2024-10-21 14:10:00+00:00,1.0386840980432432,1.0386840980432432,0.0,1,0.2500187514063555
2024-10-21 14:15:00+00:00,1.038297821768624,1.0386840980432432,-0.00038627627461907386,1,0.2501117654817522
2024-10-21 14:20:00+00:00,1.0387144793232694,1.0386840980432432,3.0381280026220588e-05,1,0.25001143862709857
2024-10-21 14:25:00+00:00,1.0386840980432432,1.0386840980432432,0.0,1,0.2500187514063555
2024-10-21 14:30:00+00:00,1.0386276756660517,1.0386840980432432,-5.642237719154428e-05,1,0.25003233341714465
2024-10-21 14:35:00+00:00,1.0380330706141099,1.0386840980432432,-0.0006510274291332942,1,0.2501755566850803
2024-10-21 14:40:00+00:00,1.0378249579778938,1.0378249579778938,0.0,0,0.0
2024-10-22 14:10:00+00:00,1.0377471211060454,1.0377471211060454,0.0,1,0.2500187514063555
2024-10-22 14:15:00+00:00,1.03836891409527,1.0377471211060454,0.0006217929892246691,1,0.24986903592018395
2024-10-22 14:20:00+00:00,1.0380884900858618,1.0377471211060454,0.0003413689798163005,1,0.24993653428621818
2024-10-22 14:25:00+00:00,1.0374520394455262,1.0377471211060454,-0.000295081660519175,1,0.25008986404146616
2024-10-22 14:30:00+00:00,1.037031596295244,1.0377471211060454,-0.0007155248108013886,1,0.25019125783763096
2024-10-22 14:35:00+00:00,1.038571035389534,1.0377471211060454,0.0008239142834887992,1,0.24982040770774996
2024-10-22 14:40:00+00:00,1.0385344713773925,1.0385344713773925,0.0,0,0.0
2024-10-23 08:10:00+00:00,1.0384565812920392,1.0384565812920392,0.0,1,0.2500187514063555
2024-10-23 08:15:00+00:00,1.0380612188523681,1.0384565812920392,-0.00039536243967110845,1,0.25011397510003014
2024-10-23 08:20:00+00:00,1.0370753024410977,1.0384565812920392,-0.0013812788509415528,1,0.25035175096081747
2024-10-23 08:25:00+00:00,1.037320287731171,1.0384565812920392,-0.001136293560868289,1,0.25029262506011457
2024-10-23 08:30:00+00:00,1.0372167167142294,1.0384565812920392,-0.0012398645778098195,1,0.2503176179678577
2024-10-23 08:35:00+00:00,1.0368771232836806,1.0384565812920392,-0.0015794580083585033,1,0.2503996008920669
2024-10-23 08:40:00+00:00,1.0367763280695808,1.0367763280695808,0.0,0,0.0
2024-10-23 18:25:00+00:00,1.0366985698449755,1.0366985698449755,0.0,1,0.2500187514063555
2024-10-23 18:30:00+00:00,1.036879235324227,1.0366985698449755,0.00018066547925148772,1,0.24997518822560513
2024-10-23 18:35:00+00:00,1.0370919224748558,1.0366985698449755,0.00039335262988022743,1,0.24992392323225265
2024-10-23 18:40:00+00:00,1.0371698023422793,1.0366985698449755,0.0004712324973037354,1,0.24990515673715868
2024-10-23 18:45:00+00:00,1.0376572433399098,1.0366985698449755,0.00095867349493426,1,0.24978776342670397
2024-10-23 18:50:00+00:00,1.0377434251221347,1.0366985698449755,0.0010448552771592393,1,0.24976701922914132
2024-10-23 18:55:00+00:00,1.037972837745185,1.037972837745185,0.0,0,0.0
2024-10-24 00:50:00+00:00,1.0378171476581202,1.0378171476581202,0.0,2,0.5000562556255274
2024-10-24 00:55:00+00:00,1.0376936401471315,1.0378171476581202,-0.00012350751098872572,2,0.5001157729060591
2024-10-24 01:00:00+00:00,1.0397613794458491,1.0378171476581202,0.0019442317877289197,2,0.4991212090974884
2024-10-24 01:05:00+00:00,1.0394613259354097,1.0378171476581202,0.0016441782772894935,2,0.4992652866761224
2024-10-24 01:10:00+00:00,1.0403685829227747,1.0378171476581202,0.0025514352646545495,2,0.498829900672238
2024-10-24 01:15:00+00:00,1.0409569140924337,1.0378171476581202,0.0031397664343135174,2,0.4985479704838216
2024-10-24 01:20:00+00:00,1.0400322136838394,1.0400322136838394,0.0,0,0.0
2024-10-25 16:00:00+00:00,1.039954211267813,1.039954211267813,0.0,1,0.2500187514063555
2024-10-25 16:05:00+00:00,1.0394062338944736,1.039954211267813,-0.0005479773733394397,1,0.2501505618710358
2024-10-25 16:10:00+00:00,1.0400973858070879,1.039954211267813,0.00014317453927475087,1,0.24998433509108428
2024-10-25 16:15:00+00:00,1.040726735760303,1.039954211267813,0.0007725244924898012,1,0.24983316416005297
2024-10-25 16:20:00+00:00,1.040853429777071,1.039954211267813,0.0008992185092580993,1,0.24980275414632405
2024-10-25 16:25:00+00:00,1.0409255320630368,1.039954211267813,0.0009713207952238303,1,0.2497854509396491
2024-10-25 16:30:00+00:00,1.0402841017838214,1.0402841017838214,0.0,0,0.0
2024-10-25 18:15:00+00:00,1.0400500554152754,1.0400500554152754,0.0,3,0.7501125140640822
2024-10-25 18:20:00+00:00,1.0428493179488112,1.0400500554152754,0.00279926253353569,3,0.7480990286828135
2024-10-25 18:25:00+00:00,1.0429039069192507,1.0400500554152754,0.0028538515039753603,3,0.7480598707551352
2024-10-25 18:30:00+00:00,1.0450019153747374,1.0400500554152754,0.004951859959462084,3,0.7465580209393943
2024-10-25 18:35:00+00:00,1.0449507630360646,1.0400500554152754,0.004900707620789179,3,0.7465945663825643
2024-10-25 18:40:00+00:00,1.0448053760499716,1.0400500554152754,0.004755320634696188,3,0.7466984566728785
2024-10-25 18:45:00+00:00,1.0427431482615654,1.0427431482615654,0.0,0,0.0
2024-10-25 23:20:00+00:00,1.0425085486490573,1.0425085486490573,0.0,3,0.7501125140640821
2024-10-25 23:25:00+00:00,1.032590834927449,1.0425085486490573,-0.009917713721608261,3,0.7573171113952274
2024-10-25 23:30:00+00:00,1.0356086026621762,1.0425085486490573,-0.0068999459868811465,3,0.755110286212576
2024-10-25 23:35:00+00:00,1.0424235918973115,1.0425085486490573,-8.495675174571821e-05,3,0.7501736476791827
2024-10-25 23:40:00+00:00,1.0413163305133093,1.0425085486490573,-0.0011922181357479293,3,0.7509713287363516
2024-10-25 23:45:00+00:00,1.0408758836741865,1.0425085486490573,-0.0016326649748709117,3,0.7512891024048569
2024-10-25 23:50:00+00:00,1.0427563107947224,1.0427563107947224,0.0,0,0.0
2024-10-27 13:25:00+00:00,1.0426781040714128,1.0426781040714128,0.0,1,0.2500187514063555
2024-10-27 13:30:00+00:00,1.0425121856930906,1.0426781040714128,-0.00016591837832229575,1,0.25005854250554144
2024-10-27 13:35:00+00:00,1.0422878306532208,1.0426781040714128,-0.00039027341819200756,1,0.2501123682268285
2024-10-27 13:40:00+00:00,1.0419872992509767,1.0426781040714128,-0.0006908048204361015,1,0.2501845059782155
2024-10-27 13:45:00+00:00,1.041814076289961,1.0426781040714128,-0.0008640277814518351,1,0.25022610428439324
2024-10-27 13:50:00+00:00,1.0417556396284136,1.0426781040714128,-0.0009224644429992801,1,0.2502401405685372
2024-10-27 13:55:00+00:00,1.0413581182902196,1.0413581182902196,0.0,0,0.0
2024-10-28 09:55:00+00:00,1.0412800164313478,1.0412800164313478,0.0,1,0.2500187514063555
2024-10-28 10:00:00+00:00,1.0420670155972782,1.0412800164313478,0.0007869991659303215,1,0.24982993001015097
2024-10-28 10:05:00+00:00,1.0417587913808564,1.0412800164313478,0.00047877494950852953,1,0.24990384696199547
2024-10-28 10:10:00+00:00,1.041693036881353,1.0412800164313478,0.00041302045000522086,1,0.2499196215729405
2024-10-28 10:15:00+00:00,1.0415378973590874,1.0412800164313478,0.00025788092773957575,1,0.24995684768904625
2024-10-28 10:20:00+00:00,1.041583103577496,1.0412800164313478,0.000303087146148133,1,0.24994599919907887
2024-10-28 10:25:00+00:00,1.0412748609703626,1.0412748609703626,0.0,0,0.0
2024-10-29 13:40:00+00:00,1.0411967653557899,1.0411967653557899,0.0,1,0.2500187514063555
2024-10-29 13:45:00+00:00,1.0416607265684539,1.0411967653557899,0.00046396121266395994,1,0.24990739172835996
2024-10-29 13:50:00+00:00,1.0413510543439635,1.0411967653557899,0.00015428898817363977,1,0.24998170804809697
2024-10-29 13:55:00+00:00,1.0421338065156436,1.0411967653557899,0.0009370411598536244,1,0.24979394547516098
2024-10-29 14:00:00+00:00,1.0427009918031376,1.0411967653557899,0.001504226447347672,1,0.2496580681221208
2024-10-29 14:05:00+00:00,1.0429504803797587,1.0411967653557899,0.0017537150239688507,1,0.2495983463642526
2024-10-29 14:10:00+00:00,1.0417686531382038,1.0417686531382038,0.0,0,0.0
2024-10-29 15:45:00+00:00,1.0416905204892184,1.0416905204892184,0.0,1,0.2500187514063555
2024-10-29 15:50:00+00:00,1.0422458427332468,1.0416905204892184,0.0005553222440285295,1,0.24988553813901726
2024-10-29 15:55:00+00:00,1.0422707402217706,1.0416905204892184,0.0005802197325522571,1,0.24987956893919425
2024-10-29 16:00:00+00:00,1.0424010009950613,1.0416905204892184,0.0007104805058428535,1,0.24984834342631726
2024-10-29 16:05:00+00:00,1.042505281780327,1.0416905204892184,0.0008147612911087986,1,0.24982335134051664
2024-10-29 16:10:00+00:00,1.0428004433109415,1.0416905204892184,0.0011099228217230715,1,0.2497526395919382
2024-10-29 16:15:00+00:00,1.0425133882582571,1.0425133882582571,0.0,0,0.0
2024-10-29 16:55:00+00:00,1.0424351997541377,1.0424351997541377,0.0,1,0.2500187514063555
2024-10-29 17:00:00+00:00,1.0425240854017566,1.0424351997541377,8.888564761895883e-05,1,0.2499974347970351
2024-10-29 17:05:00+00:00,1.0433006138617245,1.0424351997541377,0.0008654141075868769,1,0.249811361751108
2024-10-29 17:10:00+00:00,1.0426901355126932,1.0424351997541377,0.00025493575855549183,1,0.24995762229630447
2024-10-29 17:15:00+00:00,1.0422662193471257,1.0424351997541377,-0.00016898040701190812,1,0.25005928641515557
2024-10-29 17:20:00+00:00,1.0426510648983551,1.0424351997541377,0.00021586514421744664,1,0.24996698880269416
2024-10-29 17:25:00+00:00,1.0422642185409654,1.0422642185409654,0.0,0,0.0
2024-10-30 20:05:00+00:00,1.0421860487245749,1.0421860487245749,0.0,1,0.2500187514063555
2024-10-30 20:10:00+00:00,1.0405333832632957,1.0421860487245749,-0.001652665461279089,1,0.2504158528946571
2024-10-30 20:15:00+00:00,1.0404833461256096,1.0421860487245749,-0.0017027025989653714,1,0.25042789546367733
2024-10-30 20:20:00+00:00,1.0408807633918373,1.0421860487245749,-0.0013052853327375246,1,0.25033227993008056
2024-10-30 20:25:00+00:00,1.0416003622280596,1.0421860487245749,-0.0005856864965151824,1,0.25015933565717224
2024-10-30 20:30:00+00:00,1.0419049048070712,1.0421860487245749,-0.0002811439175035948,1,0.25008621557788924
2024-10-30 20:35:00+00:00,1.041425357950967,1.041425357950967,0.0,0,0.0
2024-10-31 14:10:00+00:00,1.0413472510491206,1.0413472510491206,0.0,1,0.2500187514063555
2024-10-31 14:15:00+00:00,1.041118750389787,1.0413472510491206,-0.0002285006593335844,1,0.2500736245411643
2024-10-31 14:20:00+00:00,1.041768409127108,1.0413472510491206,0.0004211580779873523,1,0.2499176757585622
2024-10-31 14:25:00+00:00,1.041763928722023,1.0413472510491206,0.0004166776729023897,1,0.2499187506013307
2024-10-31 14:30:00+00:00,1.0415219868474346,1.0413472510491206,0.00017473579831388857,1,0.2499768058433504
2024-10-31 14:35:00+00:00,1.0414861436067548,1.0413472510491206,0.0001388925576341299,1,0.2499854089139445
2024-10-31 14:40:00+00:00,1.0415917333133924,1.0415917333133924,0.0,0,0.0
2024-11-01 15:55:00+00:00,1.0415136139333938,1.0415136139333938,0.0,1,0.2500187514063555
2024-11-01 16:00:00+00:00,1.0407461482328917,1.0415136139333938,-0.0007674657005020829,1,0.250203119915922
2024-11-01 16:05:00+00:00,1.0417542984430188,1.0415136139333938,0.00024068450962495445,1,0.24996098765086225
2024-11-01 16:10:00+00:00,1.0421039721645493,1.0415136139333938,0.0005903582311555018,1,0.24987711426478565
2024-11-01 16:15:00+00:00,1.042535387795009,1.0415136139333938,0.0010217738616152003,1,0.24977371164263007
2024-11-01 16:20:00+00:00,1.0431893230664429,1.0415136139333938,0.0016757091330489888,1,0.249617138107694
2024-11-01 16:25:00+00:00,1.0422892433799893,1.0422892433799893,0.0,0,0.0
2024-11-03 15:55:00+00:00,1.0421329058563593,1.0421329058563593,0.0,2,0.5000562556255274
2024-11-03 16:00:00+00:00,1.041282400343324,1.0421329058563593,-0.0008505055130351618,2,0.5004646948751459
2024-11-03 16:05:00+00:00,1.0422546530827985,1.0421329058563593,0.00012174722643919336,2,0.4999978433536263
2024-11-03 16:10:00+00:00,1.0445588689119973,1.0421329058563593,0.0024259630556380373,2,0.4988948869004197
2024-11-03 16:15:00+00:00,1.0444017278669906,1.0421329058563593,0.002268822010631254,2,0.4989699507975622
2024-11-03 16:20:00+00:00,1.0436082551269141,1.0421329058563593,0.0014753492705548996,2,0.4993493259626494
2024-11-03 16:25:00+00:00,1.0441753824020221,1.0441753824020221,0.0,0,0.0
2024-11-04 17:25:00+00:00,1.044097069248342,1.044097069248342,0.0,1,0.2500187514063555
2024-11-04 17:30:00+00:00,1.0443842830943368,1.044097069248342,0.0002872138459948878,1,0.2499499942943186
2024-11-04 17:35:00+00:00,1.0447408908896998,1.044097069248342,0.0006438216413577134,1,0.24986467733468437
2024-11-04 17:40:00+00:00,1.0442859749993991,1.044097069248342,0.00018890575105707724,1,0.24997352435060305
2024-11-04 17:45:00+00:00,1.0443989329280923,1.044097069248342,0.00030186367975034714,1,0.2499464882338008
2024-11-04 17:50:00+00:00,1.0444737241846334,1.044097069248342,0.0003766549362913063,1,0.24992859040498025
2024-11-04 17:55:00+00:00,1.0446552528191417,1.0446552528191417,0.0,0,0.0
2024-11-05 14:25:00+00:00,1.0444985604074046,1.0444985604074046,0.0,2,0.5000562556255274
2024-11-05 14:30:00+00:00,1.0446234128584422,1.0444985604074046,0.00012485245103748612,2,0.4999964893514778
2024-11-05 14:35:00+00:00,1.0473119833854307,1.0444985604074046,0.002813422978026181,2,0.4987129407564137
2024-11-05 14:40:00+00:00,1.0475174386767183,1.0444985604074046,0.003018878269313749,2,0.49861512547551357
2024-11-05 14:45:00+00:00,1.0481973581832527,1.0444985604074046,0.0036987977758481177,2,0.49829169578222426
2024-11-05 14:50:00+00:00,1.0498147980374433,1.0444985604074046,0.005316237630038615,2,0.49752398242051793
2024-11-05 14:55:00+00:00,1.0480181474262547,1.0480181474262547,0.0,0,0.0
2024-11-05 20:05:00+00:00,1.047860950599243,1.047860950599243,0.0,2,0.5000562556255272
2024-11-05 20:10:00+00:00,1.0484731871582667,1.047860950599243,0.000612236559023779,2,0.49976425700790666
2024-11-05 20:15:00+00:00,1.0487126462118237,1.047860950599243,0.0008516956125808534,2,0.49965014273988767
2024-11-05 20:20:00+00:00,1.0473439333380923,1.047860950599243,-0.0005170172611505515,2,0.5003031064521518
2024-11-05 20:25:00+00:00,1.0474110987944238,1.047860950599243,-0.00044985180481901853,2,0.5002710244105469
2024-11-05 20:30:00+00:00,1.0485242325375839,1.047860950599243,0.0006632819383409205,2,0.4997399269492619
2024-11-05 20:35:00+00:00,1.0493427439843734,1.0493427439843734,0.0,0,0.0
2024-11-06 02:20:00+00:00,1.0491853484753288,1.0491853484753288,0.0,2,0.5000562556255274
2024-11-06 02:25:00+00:00,1.0504278498281792,1.0491853484753288,0.0012425013528503369,2,0.49946476276457785
2024-11-06 02:30:00+00:00,1.053003144888367,1.0491853484753288,0.0038177964130381254,2,0.49824323826816064
2024-11-06 02:35:00+00:00,1.0564544593018212,1.0491853484753288,0.007269110826492453,2,0.49661553529005265
2024-11-06 02:40:00+00:00,1.0557013839322287,1.0491853484753288,0.006516035456899833,2,0.4969697916484094
2024-11-06 02:45:00+00:00,1.056608377073565,1.0491853484753288,0.007423028598236242,2,0.49654319253916807
2024-11-06 02:50:00+00:00,1.0574004751706434,1.0574004751706434,0.0,0,0.0
2024-11-06 08:40:00+00:00,1.0573211701350056,1.0573211701350056,0.0,1,0.2500187514063555
2024-11-06 08:45:00+00:00,1.0585091954414287,1.0573211701350056,0.001188025306423229,1,0.24973814108664333
2024-11-06 08:50:00+00:00,1.0578137659937665,1.0573211701350056,0.0004925958587608639,1,0.2499023242945948
2024-11-06 08:55:00+00:00,1.058813445824781,1.0573211701350056,0.0014922756897755394,1,0.24966637875167966
2024-11-06 09:00:00+00:00,1.058436754873964,1.0573211701350056,0.0011155847389583736,1,0.24975523343776834
2024-11-06 09:05:00+00:00,1.059726196974838,1.0573211701350056,0.002405026839832353,1,0.2494513389848166
2024-11-06 09:10:00+00:00,1.0590094149455096,1.0590094149455096,0.0,0,0.0
2024-11-06 22:50:00+00:00,1.0589299892393886,1.0589299892393886,0.0,1,0.2500187514063555
2024-11-06 22:55:00+00:00,1.0592310410893344,1.0589299892393886,0.000301051849945749,1,0.2499476917369234
2024-11-06 23:00:00+00:00,1.0590519587991738,1.0589299892393886,0.00012196955978509031,1,0.2499899570900864
2024-11-06 23:05:00+00:00,1.058637649500856,1.0589299892393886,-0.00029233973853256607,1,0.2500877933646203
2024-11-06 23:10:00+00:00,1.0586773380084051,1.0589299892393886,-0.00025265123098342233,1,0.2500784178817243
2024-11-06 23:15:00+00:00,1.0587344507387808,1.0589299892393886,-0.0001955385006078833,1,0.2500649275667135
2024-11-06 23:20:00+00:00,1.0582658840562027,1.0582658840562027,0.0,0,0.0
2024-11-08 00:10:00+00:00,1.0581865141148985,1.0581865141148985,0.0,1,0.2500187514063555
2024-11-08 00:15:00+00:00,1.0586989117363688,1.0581865141148985,0.0005123976214702743,1,0.24989774531848347
2024-11-08 00:20:00+00:00,1.0585314144471007,1.0581865141148985,0.0003449003322022888,1,0.2499372880229925
2024-11-08 00:25:00+00:00,1.0587106185361563,1.0581865141148985,0.0005241044212577837,1,0.24989498204887928
2024-11-08 00:30:00+00:00,1.0585467233391306,1.0581865141148985,0.00036020922423218117,1,0.2499336733852328
2024-11-08 00:35:00+00:00,1.0575849647104307,1.0581865141148985,-0.0006015494044677532,1,0.2501609609082232
2024-11-08 00:40:00+00:00,1.056727542844785,1.056727542844785,0.0,0,0.0
2024-11-08 18:40:00+00:00,1.0566482882790718,1.0566482882790718,0.0,1,0.2500187514063555
2024-11-08 18:45:00+00:00,1.0564939764299415,1.0566482882790718,-0.00015431184913036617,1,0.25005526922539417
2024-11-08 18:50:00+00:00,1.0568213316243393,1.0566482882790718,0.00017304334526752806,1,0.24997781347311326
2024-11-08 18:55:00+00:00,1.0559748463941385,1.0566482882790718,-0.0006734418849331557,1,0.25017819942710207
2024-11-08 19:00:00+00:00,1.0563459084128568,1.0566482882790718,-0.00030237986621503126,1,0.2500903194751096
2024-11-08 19:05:00+00:00,1.056244223148112,1.0566482882790718,-0.00040406513095990514,1,0.2501143958201335
2024-11-08 19:10:00+00:00,1.056718885682456,1.056718885682456,0.0,0,0.0
2024-11-09 00:25:00+00:00,1.0566396317660298,1.0566396317660298,0.0,1,0.2500187514063555
2024-11-09 00:30:00+00:00,1.0563852839050294,1.0566396317660298,-0.0002543478610005188,1,0.25007894888884513
2024-11-09 00:35:00+00:00,1.0560783123486492,1.0566396317660298,-0.0005613194173805271,1,0.25015163963844267
2024-11-09 00:40:00+00:00,1.0573237398059623,1.0566396317660298,0.0006841080399325715,1,0.24985698464416933
2024-11-09 00:45:00+00:00,1.0584112961771373,1.0566396317660298,0.0017716644111073774,1,0.24960024744142614
2024-11-09 00:50:00+00:00,1.0584288374089303,1.0566396317660298,0.001789205642900472,1,0.24959611084230748
2024-11-09 00:55:00+00:00,1.0601387891354046,1.0601387891354046,0.0,0,0.0
2024-11-09 05:45:00+00:00,1.0600592787262195,1.0600592787262195,0.0,1,0.25001875140635543
2024-11-09 05:50:00+00:00,1.0613937321328866,1.0600592787262195,0.0013344534066669468,1,0.24970441152997952
2024-11-09 05:55:00+00:00,1.0616299960147226,1.0600592787262195,0.0015707172885030213,1,0.2496488402539218
2024-11-09 06:00:00+00:00,1.0610489618756886,1.0600592787262195,0.000989683149469063,1,0.24978554883587203
2024-11-09 06:05:00+00:00,1.0611670938166067,1.0600592787262195,0.0011078150903870707,1,0.24975774204477458
2024-11-09 06:10:00+00:00,1.0624227925959948,1.0600592787262195,0.0023635138697753457,1,0.249462548366689
2024-11-09 06:15:00+00:00,1.0621262694360862,1.0621262694360862,0.0,0,0.0
2024-11-10 04:35:00+00:00,1.061966956470131,1.061966956470131,0.0,2,0.5000562556255274
2024-11-10 04:40:00+00:00,1.0618346089711075,1.061966956470131,-0.00013234749902366023,2,0.500118582841314
2024-11-10 04:45:00+00:00,1.0616721815864347,1.061966956470131,-0.0002947748836964156,2,0.5001950969996825
2024-11-10 04:50:00+00:00,1.0617594390010396,1.061966956470131,-0.0002075174690913273,2,0.5001539900131476
2024-11-10 04:55:00+00:00,1.068028995438356,1.061966956470131,0.0060620389682248775,2,0.4972179801471895
2024-11-10 05:00:00+00:00,1.0674716865664282,1.061966956470131,0.005504730096297154,2,0.4974775692258557
2024-11-10 05:05:00+00:00,1.0667088746079632,1.0667088746079632,0.0,0,0.0
2024-11-10 21:20:00+00:00,1.0666288714423675,1.0666288714423675,0.0,1,0.2500187514063555
2024-11-10 21:25:00+00:00,1.0659137070900515,1.0666288714423675,-0.000715164352316081,1,0.25018649903660645
2024-11-10 21:30:00+00:00,1.0670719161838143,1.0666288714423675,0.00044304474144672907,1,0.2499149444450873
2024-11-10 21:35:00+00:00,1.067514110551477,1.0666288714423675,0.0008852391091094631,1,0.24981142264641876
2024-11-10 21:40:00+00:00,1.0673635943917148,1.0666288714423675,0.0007347229493473155,1,0.24984665024477326
2024-11-10 21:45:00+00:00,1.0674171679401048,1.0666288714423675,0.0007882964977372265,1,0.24983411046931434
2024-11-10 21:50:00+00:00,1.0685897653582923,1.0685897653582923,0.0,0,0.0
2024-11-11 10:20:00+00:00,1.0685096211258904,1.0685096211258904,0.0,1,0.2500187514063555
2024-11-11 10:25:00+00:00,1.0671522939335392,1.0685096211258904,-0.001357327192351222,1,0.25033675404928724
2024-11-11 10:30:00+00:00,1.0672965099477265,1.0685096211258904,-0.0012131111781638932,1,0.2503029278645887
2024-11-11 10:35:00+00:00,1.0673983094871529,1.0685096211258904,-0.0011113116387375381,1,0.25027905606101997
2024-11-11 10:40:00+00:00,1.0678521657670952,1.0685096211258904,-0.0006574553587951538,1,0.25017268298338546
2024-11-11 10:45:00+00:00,1.0675934252710533,1.0685096211258904,-0.000916195854837106,1,0.2502333144958686
2024-11-11 10:50:00+00:00,1.0675175226861275,1.0675175226861275,0.0,0,0.0
2024-11-11 16:25:00+00:00,1.067437458871926,1.067437458871926,0.0,1,0.2500187514063555
2024-11-11 16:30:00+00:00,1.0641028160643082,1.067437458871926,-0.003334642807617674,1,0.25080225016094987
2024-11-11 16:35:00+00:00,1.0641747867723863,1.067437458871926,-0.0032626720995396156,1,0.25078528827108365
2024-11-11 16:40:00+00:00,1.0644386793686726,1.067437458871926,-0.0029987795032533214,1,0.2507231142989094
2024-11-11 16:45:00+00:00,1.0644266842506596,1.067437458871926,-0.003010774621266336,1,0.2507259397197572
2024-11-11 16:50:00+00:00,1.0641987770084125,1.067437458871926,-0.003238681863513586,1,0.2507796348176241
2024-11-11 16:55:00+00:00,1.0627992502127794,1.0627992502127794,0.0,0,0.0
2024-11-12 00:25:00+00:00,1.0626398363034932,1.0626398363034932,0.0,2,0.5000562556255275
2024-11-12 00:30:00+00:00,1.0650453010329872,1.0626398363034932,0.002405464729494011,2,0.4989268504401298
2024-11-12 00:35:00+00:00,1.0635145914018838,1.0626398363034932,0.000874755098390453,2,0.4996449526094457
2024-11-12 00:40:00+00:00,1.0627044646191988,1.0626398363034932,6.4628315705585e-05,2,0.5000258447308384
2024-11-12 00:45:00+00:00,1.0642953621002806,1.0626398363034932,0.0016555257967874356,2,0.49927841137240647
2024-11-12 00:50:00+00:00,1.067143829023789,1.0626398363034932,0.004503992720295698,2,0.4979457156272443
2024-11-12 00:55:00+00:00,1.068582911702337,1.068582911702337,0.0,0,0.0
2024-11-12 03:00:00+00:00,1.0684226302763606,1.0684226302763606,0.0,2,0.5000562556255274
2024-11-12 03:05:00+00:00,1.0671051156422502,1.0684226302763606,-0.0013175146341104324,2,0.5006736563154947
2024-11-12 03:10:00+00:00,1.068987253182722,1.0684226302763606,0.0005646229063613605,2,0.49979213347107243
2024-11-12 03:15:00+00:00,1.068838844381012,1.0684226302763606,0.00041621410465122614,2,0.4998615298557777
2024-11-12 03:20:00+00:00,1.0684214575371411,1.0684226302763606,-1.172739219477712e-06,2,0.5000568045059143
2024-11-12 03:25:00+00:00,1.0686210882205338,1.0684226302763606,0.00019845794417326515,2,0.4999633881558917
2024-11-12 03:30:00+00:00,1.0697762245631068,1.0697762245631068,0.0,0,0.0
2024-11-12 10:55:00+00:00,1.0695355429646027,1.0695355429646027,0.0,3,0.7501125140640822
2024-11-12 11:00:00+00:00,1.0702053711028336,1.0695355429646027,0.0006698281382308758,3,0.749643028036142
2024-11-12 11:05:00+00:00,1.0720037764934764,1.0695355429646027,0.0024682335288736825,3,0.748385418602071
2024-11-12 11:10:00+00:00,1.0699331512471661,1.0695355429646027,0.000397608282563506,3,0.7498337574444759
2024-11-12 11:15:00+00:00,1.0675693964339206,1.0695355429646027,-0.0019661465306822275,3,0.7514939990729957
2024-11-12 11:20:00+00:00,1.074423883747478,1.0695355429646027,0.0048883407828751975,3,0.7466997031151529
2024-11-12 11:25:00+00:00,1.076958257874865,1.076958257874865,0.0,0,0.0
2024-11-13 19:25:00+00:00,1.0768774860055246,1.0768774860055246,0.0,1,0.25001875140635543
2024-11-13 19:30:00+00:00,1.0771144536497472,1.0768774860055246,0.0002369676442227009,1,0.24996374670900737
2024-11-13 19:35:00+00:00,1.0747456636201544,1.0768774860055246,-0.00213182238537019,1,0.2505146785722442
2024-11-13 19:40:00+00:00,1.0746525902935582,1.0768774860055246,-0.002224895711966385,1,0.2505363751044133
2024-11-13 19:45:00+00:00,1.0755954378655217,1.0768774860055246,-0.0012820481400029385,1,0.2503167594342088
2024-11-13 19:50:00+00:00,1.0753826988333017,1.0768774860055246,-0.0014947871722228207,1,0.25036627868461914
2024-11-13 19:55:00+00:00,1.0753060635562544,1.0753060635562544,0.0,0,0.0
2024-11-13 20:10:00+00:00,1.0752254156014875,1.0752254156014875,0.0,1,0.2500187514063555
2024-11-13 20:15:00+00:00,1.076124162252527,1.0752254156014875,0.0008987466510394203,1,0.24980994323773933
2024-11-13 20:20:00+00:00,1.0755418756898818,1.0752254156014875,0.00031646008839416966,1,0.24994518759823364
2024-11-13 20:25:00+00:00,1.0751114899696657,1.0752254156014875,-0.00011392563182190465,1,0.25004524497887054
2024-11-13 20:30:00+00:00,1.074719079460057,1.0752254156014875,-0.0005063361414306475,1,0.2501365436111203
2024-11-13 20:35:00+00:00,1.0765165727621357,1.0752254156014875,0.0012911571606481333,1,0.24971888282156784
2024-11-13 20:40:00+00:00,1.0765118752285836,1.0765118752285836,0.0,0,0.0
2024-11-14 07:35:00+00:00,1.0764311368379416,1.0764311368379416,0.0,1,0.25001875140635543
2024-11-14 07:40:00+00:00,1.0777577123731847,1.0764311368379416,0.0013265755352431182,1,0.24971101177697494
2024-11-14 07:45:00+00:00,1.0770109921819628,1.0764311368379416,0.0005798553440213628,1,0.24988414302244769
2024-11-14 07:50:00+00:00,1.079226123028548,1.0764311368379416,0.0027949861906065012,1,0.24937125136659322
2024-11-14 07:55:00+00:00,1.0808029958345917,1.0764311368379416,0.004371858996650178,1,0.2490074230404278
2024-11-14 08:00:00+00:00,1.0827261131985761,1.0764311368379416,0.006294976360634645,1,0.2485651408296521
2024-11-14 08:05:00+00:00,1.08087660742761,1.08087660742761,0.0,0,0.0
2024-11-18 18:40:00+00:00,1.080795541682053,1.080795541682053,0.0,1,0.25001875140635543
2024-11-18 18:45:00+00:00,1.077427443785454,1.080795541682053,-0.0033680978965988833,1,0.25080032387843154
2024-11-18 18:50:00+00:00,1.077975938099404,1.080795541682053,-0.0028196035826489473,1,0.2506727119840263
2024-11-18 18:55:00+00:00,1.077153196628479,1.080795541682053,-0.003642345053573851,1,0.25086417856131915
2024-11-18 19:00:00+00:00,1.0770503539446135,1.080795541682053,-0.0037451877374394715,1,0.2508881324510463
2024-11-18 19:05:00+00:00,1.0766818343274283,1.080795541682053,-0.004113707354624609,1,0.2509740048003137
2024-11-18 19:10:00+00:00,1.0751481156722695,1.0751481156722695,0.0,0,0.0
2024-11-21 03:30:00+00:00,1.0750674795635942,1.0750674795635942,0.0,1,0.2500187514063555
2024-11-21 03:35:00+00:00,1.0749843577475573,1.0750674795635942,-8.312181603696559e-05,1,0.25003808379245984
2024-11-21 03:40:00+00:00,1.0748537778676344,1.0750674795635942,-0.00021370169595989364,1,0.25006845996420535
2024-11-21 03:45:00+00:00,1.074741451089206,1.0750674795635942,-0.00032602847438820696,1,0.2500945959101725
2024-11-21 03:50:00+00:00,1.0752575926360841,1.0750674795635942,0.00019011307248994515,1,0.24997454634020622
2024-11-21 03:55:00+00:00,1.0755299850737727,1.0750674795635942,0.00046250551017859977,1,0.24991123692346964
2024-11-21 04:00:00+00:00,1.075194928811957,1.075194928811957,0.0,0,0.0
2024-11-21 15:00:00+00:00,1.0751142891922962,1.0751142891922962,0.0,1,0.2500187514063555
2024-11-21 15:05:00+00:00,1.0743243953719872,1.0751142891922962,-0.0007898938203089868,1,0.25020257695062126
2024-11-21 15:10:00+00:00,1.0728620243803342,1.0751142891922962,-0.002252264811962132,1,0.25054361706785416
2024-11-21 15:15:00+00:00,1.0716985321315005,1.0751142891922962,-0.0034157570607956677,1,0.25081562038568406
2024-11-21 15:20:00+00:00,1.0711754943315663,1.0751142891922962,-0.003938794860730006,1,0.25093808962715747
2024-11-21 15:25:00+00:00,1.0684535629237446,1.0751142891922962,-0.006660726268551542,1,0.25157736520381974
2024-11-21 15:30:00+00:00,1.0663768402716813,1.0663768402716813,0.0,0,0.0
2024-11-22 00:25:00+00:00,1.066296862008661,1.066296862008661,0.0,1,0.2500187514063555
2024-11-22 00:30:00+00:00,1.0677104588678876,1.066296862008661,0.00141359685922666,1,0.2496877387064232
2024-11-22 00:35:00+00:00,1.0703471979196788,1.066296862008661,0.004050335911017667,1,0.2490726472550883
2024-11-22 00:40:00+00:00,1.0689674596678587,1.066296862008661,0.002670597659197664,1,0.2493941304356958
2024-11-22 00:45:00+00:00,1.068713520112309,1.066296862008661,0.0024166581036479135,1,0.2494533895668359
2024-11-22 00:50:00+00:00,1.066516942956804,1.066296862008661,0.00022008094814303416,1,0.24996715882339052
2024-11-22 00:55:00+00:00,1.0668390356567374,1.0668390356567374,0.0,0,0.0
2024-11-22 03:15:00+00:00,1.066759022729063,1.066759022729063,0.0,1,0.2500187514063555
2024-11-22 03:20:00+00:00,1.068896201703077,1.066759022729063,0.002137178974013777,1,0.24951885738693294
2024-11-22 03:25:00+00:00,1.067471415720401,1.066759022729063,0.0007123929913378863,1,0.24985189765872165
2024-11-22 03:30:00+00:00,1.0673798223358004,1.066759022729063,0.0006207996067373432,1,0.24987333780633975
2024-11-22 03:35:00+00:00,1.067267874865733,1.066759022729063,0.0005088521366699272,1,0.2498995474287443
2024-11-22 03:40:00+00:00,1.0664333573615943,1.066759022729063,-0.00032566536746875225,1,0.2500951016517682
2024-11-22 03:45:00+00:00,1.0667197179723225,1.0667197179723225,0.0,0,0.0
2024-11-24 12:55:00+00:00,1.0666397139934745,1.0666397139934745,0.0,1,0.2500187514063555
2024-11-24 13:00:00+00:00,1.0661368009828218,1.0666397139934745,-0.0005029130106526658,1,0.2501366890695836
2024-11-24 13:05:00+00:00,1.0673611056071157,1.0666397139934745,0.0007213916136411562,1,0.24984977257663224
2024-11-24 13:10:00+00:00,1.0672910275646477,1.0666397139934745,0.0006513135711732018,1,0.24986617764565378
2024-11-24 13:15:00+00:00,1.067925852184652,1.0666397139934745,0.0012861381911774452,1,0.24971764560950974
2024-11-24 13:20:00+00:00,1.0690553453397245,1.0666397139934745,0.002415631346249905,1,0.24945381046510276
2024-11-24 13:25:00+00:00,1.0696266549320497,1.0696266549320497,0.0,0,0.0
2024-11-26 08:00:00+00:00,1.0695464329329298,1.0695464329329298,0.0,1,0.25001875140635543
2024-11-26 08:05:00+00:00,1.0686216548520062,1.0695464329329298,-0.0009247780809235749,1,0.25023511597287035
2024-11-26 08:10:00+00:00,1.0669678850406248,1.0695464329329298,-0.002578547892304969,1,0.2506229732704944
2024-11-26 08:15:00+00:00,1.066330537984853,1.0695464329329298,-0.0032158949480766363,1,0.2507727709255672
2024-11-26 08:20:00+00:00,1.063947776443014,1.0695464329329298,-0.00559865648991582,1,0.25133438844809214
2024-11-26 08:25:00+00:00,1.0648642231898753,1.0695464329329298,-0.004682209743054595,1,0.25111808426803656
2024-11-26 08:30:00+00:00,1.0637842411032703,1.0637842411032703,0.0,0,0.0
2024-11-26 11:10:00+00:00,1.0637044572851875,1.0637044572851875,0.0,1,0.2500187514063555
2024-11-26 11:15:00+00:00,1.0632969395710046,1.0637044572851875,-0.00040751771418297793,1,0.25011457324716424
2024-11-26 11:20:00+00:00,1.0616319386244855,1.0637044572851875,-0.0020725186607020605,1,0.2505068381989274
2024-11-26 11:25:00+00:00,1.0603162385758376,1.0637044572851875,-0.0033882187093499682,1,0.25081768117879877
2024-11-26 11:30:00+00:00,1.0580224960131503,1.0637044572851875,-0.005681961272037088,1,0.2513614420089912
2024-11-26 11:35:00+00:00,1.0582204331886107,1.0637044572851875,-0.005484024096576779,1,0.25131442555354344
2024-11-26 11:40:00+00:00,1.057581767933934,1.057581767933934,0.0,0,0.0
2024-11-27 15:35:00+00:00,1.057502449301339,1.057502449301339,0.0,1,0.2500187514063555
2024-11-27 15:40:00+00:00,1.0573685039119332,1.057502449301339,-0.00013394538940590325,1,0.2500504232964222
2024-11-27 15:45:00+00:00,1.0582941968929618,1.057502449301339,0.0007917475916228151,1,0.24983170347122774
2024-11-27 15:50:00+00:00,1.0581147710814802,1.057502449301339,0.0006123217801412301,1,0.24987406773770832
2024-11-27 15:55:00+00:00,1.0589958155993737,1.057502449301339,0.0014933662980346864,1,0.24966618195166349
2024-11-27 16:00:00+00:00,1.0582537082245285,1.057502449301339,0.0007512589231895637,1,0.24984126200424053
2024-11-27 16:05:00+00:00,1.0573787595252555,1.0573787595252555,0.0,0,0.0
2024-11-30 07:15:00+00:00,1.0572994561182911,1.0572994561182911,0.0,1,0.2500187514063555
2024-11-30 07:20:00+00:00,1.0594821005901742,1.0572994561182911,0.0021826444718830358,1,0.24950368650311622
2024-11-30 07:25:00+00:00,1.0590084706866913,1.0572994561182911,0.0017090145684002932,1,0.2496152742856771
2024-11-30 07:30:00+00:00,1.058526946951484,1.0572994561182911,0.0012274908331927922,1,0.2497288242331631
2024-11-30 07:35:00+00:00,1.0595768265708707,1.0572994561182911,0.0022773704525796074,1,0.24948138091771768
2024-11-30 07:40:00+00:00,1.0600504564743536,1.0572994561182911,0.00275100035606235,1,0.24936991278745732
2024-11-30 07:45:00+00:00,1.0603105878315517,1.0603105878315517,0.0,0,0.0
2024-12-03 21:15:00+00:00,1.0602310645374644,1.0602310645374644,0.0,1,0.2500187514063555
2024-12-03 21:20:00+00:00,1.0646199949708413,1.0602310645374644,0.004388930433376778,1,0.24898804100062774
2024-12-03 21:25:00+00:00,1.0667399744229944,1.0602310645374644,0.00650890988553003,1,0.2484932160728953
2024-12-03 21:30:00+00:00,1.0650554502096619,1.0602310645374644,0.004824385672197444,1,0.24888624052926633
2024-12-03 21:35:00+00:00,1.0661555476551035,1.0602310645374644,0.005924483117639149,1,0.24862943080012878
2024-12-03 21:40:00+00:00,1.067129592268255,1.0602310645374644,0.006898527730790657,1,0.2484024891432799
2024-12-03 21:45:00+00:00,1.0682189225099494,1.0682189225099494,0.0,0,0.0
2024-12-04 00:55:00+00:00,1.0681388060907613,1.0681388060907613,0.0,1,0.25001875140635543
2024-12-04 01:00:00+00:00,1.0710534204119568,1.0681388060907613,0.002914614321195503,1,0.24933838549786874
2024-12-04 01:05:00+00:00,1.0701899120868943,1.0681388060907613,0.0020511059961330854,1,0.24953957013734568
2024-12-04 01:10:00+00:00,1.0703716648958044,1.0681388060907613,0.0022328588050430777,1,0.249497197455693
2024-12-04 01:15:00+00:00,1.071241742599502,1.0681388060907613,0.0031029365087408244,1,0.24929455230100134
2024-12-04 01:20:00+00:00,1.0715804305646999,1.0681388060907613,0.0034416244739385944,1,0.2492157592750693
2024-12-04 01:25:00+00:00,1.0706893608495316,1.0706893608495316,0.0,0,0.0
2024-12-04 01:35:00+00:00,1.070609059147468,1.070609059147468,0.0,1,0.25001875140635543
2024-12-04 01:40:00+00:00,1.070940955688393,1.070609059147468,0.0003318965409251196,1,0.2499412678081072
2024-12-04 01:45:00+00:00,1.0710469627775514,1.070609059147468,0.00043790363008347244,1,0.2499165298207157
2024-12-04 01:50:00+00:00,1.0703864997613293,1.070609059147468,-0.0002225593861387949,1,0.25007073638547145
2024-12-04 01:55:00+00:00,1.070332386194874,1.070609059147468,-0.00027667295259399164,1,0.25008337939206127
2024-12-04 02:00:00+00:00,1.0701714330228533,1.070609059147468,-0.00043762612461456393,1,0.2501209917894218
2024-12-04 02:05:00+00:00,1.0693932050662522,1.0693932050662522,0.0,0,0.0
2024-12-05 02:30:00+00:00,1.0693130005758722,1.0693130005758722,0.0,1,0.2500187514063555
2024-12-05 02:35:00+00:00,1.07132606377574,1.0693130005758722,0.002013063199867905,1,0.24954895648140127
2024-12-05 02:40:00+00:00,1.071842716809258,1.0693130005758722,0.00252971623338567,1,0.2494286681001347
2024-12-05 02:45:00+00:00,1.0758820286249533,1.0693130005758722,0.006569028049081056,1,0.24849220839598135
2024-12-05 02:50:00+00:00,1.0753115575671106,1.0693130005758722,0.005998556991238499,1,0.24862403773603794
2024-12-05 02:55:00+00:00,1.0746259159372131,1.0693130005758722,0.005312915361340988,1,0.2487826668812474
2024-12-05 03:00:00+00:00,1.0751202188565,1.0751202188565,0.0,0,0.0
2024-12-05 20:10:00+00:00,1.0750395848400858,1.0750395848400858,0.0,1,0.2500187514063555
2024-12-05 20:15:00+00:00,1.0736786235955176,1.0750395848400858,-0.0013609612445681812,1,0.2503356673098685
2024-12-05 20:20:00+00:00,1.0729002320923293,1.0750395848400858,-0.0021393527477564602,1,0.25051728639293924
2024-12-05 20:25:00+00:00,1.0727421759560125,1.0750395848400858,-0.00229740888407321,1,0.25055419721387584
2024-12-05 20:30:00+00:00,1.0726246828989274,1.0750395848400858,-0.0024149019411582357,1,0.25058164239490277
2024-12-05 20:35:00+00:00,1.0730743735876518,1.0750395848400858,-0.0019652112524340083,1,0.25047663175060464
2024-12-05 20:40:00+00:00,1.0732077447823567,1.0732077447823567,0.0,0,0.0
2024-12-05 22:35:00+00:00,1.0728858186778722,1.0728858186778722,0.0,4,1.0001875281286918
2024-12-05 22:40:00+00:00,1.0728256142513433,1.0728858186778722,-6.0204426529052646e-05,4,1.0002436562782742
2024-12-05 22:45:00+00:00,1.0784339343051401,1.0728858186778722,0.005548115627267948,4,0.9950419592825255
2024-12-05 22:50:00+00:00,1.0882527143648344,1.0728858186778722,0.01536689568696218,4,0.9860641749688288
2024-12-05 22:55:00+00:00,1.0820278067684572,1.0728858186778722,0.009141988090584908,4,0.9917370036474289
2024-12-05 23:00:00+00:00,1.086522620104738,1.0728858186778722,0.013636801426865665,4,0.9876343070007195
2024-12-05 23:05:00+00:00,1.0815083545501591,1.0815083545501591,0.0,0,0.0
2024-12-06 16:00:00+00:00,1.081427241423568,1.081427241423568,0.0,1,0.2500187514063555
2024-12-06 16:05:00+00:00,1.0832305912563978,1.081427241423568,0.001803349832829879,1,0.24960252306384714
2024-12-06 16:10:00+00:00,1.0829945700103834,1.081427241423568,0.0015673285868153626,1,0.24965691991876515
2024-12-06 16:15:00+00:00,1.0811912201775533,1.081427241423568,-0.00023602124601454638,1,0.25007332985291764
2024-12-06 16:20:00+00:00,1.0816669505015515,1.081427241423568,0.0002397090779835204,1,0.24996334455089925
2024-12-06 16:25:00+00:00,1.0811985958414914,1.081427241423568,-0.00022864558207659838,1,0.2500716239157772
2024-12-06 16:30:00+00:00,1.080826143989351,1.080826143989351,0.0,0,0.0
2024-12-06 17:45:00+00:00,1.0807450820285518,1.0807450820285518,0.0,1,0.2500187514063555
2024-12-06 17:50:00+00:00,1.0814447271378087,1.0807450820285518,0.0006996451092569062,1,0.2498570007479497
2024-12-06 17:55:00+00:00,1.0810407142794725,1.0807450820285518,0.0002956322509206461,1,0.24995037876758774
2024-12-06 18:00:00+00:00,1.0812625726020781,1.0807450820285518,0.0005174905735262522,1,0.249899092823569
2024-12-06 18:05:00+00:00,1.0816915344616262,1.0807450820285518,0.0009464524330745164,1,0.2497999913920224
2024-12-06 18:10:00+00:00,1.0826739349179526,1.0807450820285518,0.0019288528894007022,1,0.2495733270034016
2024-12-06 18:15:00+00:00,1.082874823497732,1.082874823497732,0.0,0,0.0
2024-12-09 21:10:00+00:00,1.0827123983653781,1.0827123983653781,0.0,2,0.5000562556255274
2024-12-09 21:15:00+00:00,1.0849047529531555,1.0827123983653781,0.002192354587777311,2,0.4990457515944747
2024-12-09 21:20:00+00:00,1.08823275024746,1.0827123983653781,0.005520351882081962,2,0.49751958643296584
2024-12-09 21:25:00+00:00,1.0888443557906304,1.0827123983653781,0.006131957425252201,2,0.49724012891887764
2024-12-09 21:30:00+00:00,1.0868863274198886,1.0827123983653781,0.00417392905451042,2,0.4981359082243416
2024-12-09 21:35:00+00:00,1.0898025466415153,1.0827123983653781,0.007090148276137239,2,0.49680293876577036
2024-12-09 21:40:00+00:00,1.0908910401595366,1.0908910401595366,0.0,0,0.0
2024-12-09 22:30:00+00:00,1.0908092233315247,1.0908092233315247,0.0,1,0.25001875140635543
2024-12-09 22:35:00+00:00,1.0913879320206028,1.0908092233315247,0.0005787086890780746,1,0.24988617890887196
2024-12-09 22:40:00+00:00,1.0863682631740343,1.0908092233315247,-0.004440960157490513,1,0.251040801986494
2024-12-09 22:45:00+00:00,1.0872237455839757,1.0908092233315247,-0.0035854777475489825,1,0.2508432704377679
2024-12-09 22:50:00+00:00,1.091186642041793,1.0908092233315247,0.000377418710268349,1,0.2499322751326704
2024-12-09 22:55:00+00:00,1.0923063175489225,1.0908092233315247,0.0014970942173976633,1,0.24967608047151058
2024-12-09 23:00:00+00:00,1.09211127510783,1.09211127510783,0.0,0,0.0
2024-12-12 03:00:00+00:00,1.0920293667621968,1.0920293667621968,0.0,1,0.2500187514063555
2024-12-12 03:05:00+00:00,1.0904148544952594,1.0920293667621968,-0.0016145122669373433,1,0.25038893926599975
2024-12-12 03:10:00+00:00,1.0917408096438688,1.0920293667621968,-0.00028855711832794764,1,0.2500848336575606
2024-12-12 03:15:00+00:00,1.0920082528267094,1.0920293667621968,-2.111393548739232e-05,1,0.2500235855088214
2024-12-12 03:20:00+00:00,1.0917999286632336,1.0920293667621968,-0.00022943809896318245,1,0.25007129200974065
2024-12-12 03:25:00+00:00,1.0932244155107842,1.0920293667621968,0.0011950487485874785,1,0.24974544558574596
2024-12-12 03:30:00+00:00,1.0944248268470866,1.0944248268470866,0.0,0,0.0
2024-12-13 09:00:00+00:00,1.0943427449850731,1.0943427449850731,0.0,1,0.2500187514063555
2024-12-13 09:05:00+00:00,1.0938070125523507,1.0943427449850731,-0.0005357324327223466,1,0.2501412073353997
2024-12-13 09:10:00+00:00,1.094285345081567,1.0943427449850731,-5.7399903505955935e-05,1,0.2500318659493492
2024-12-13 09:15:00+00:00,1.093049333826072,1.0943427449850731,-0.0012934111590010924,1,0.2503145999403796
2024-12-13 09:20:00+00:00,1.0922419085167547,1.0943427449850731,-0.0021008364683183702,1,0.25049964168040767
2024-12-13 09:25:00+00:00,1.0918630691536153,1.0943427449850731,-0.002479675831457728,1,0.2505865565394242
2024-12-13 09:30:00+00:00,1.0922133998980135,1.0922133998980135,0.0,0,0.0
2024-12-14 01:05:00+00:00,1.0921314838930212,1.0921314838930212,0.0,1,0.2500187514063555
2024-12-14 01:10:00+00:00,1.0917106072663105,1.0921314838930212,-0.0004208766267105883,1,0.2501151387163311
2024-12-14 01:15:00+00:00,1.0918466157436446,1.0921314838930212,-0.0002848681493766393,1,0.2500839825276463
2024-12-14 01:20:00+00:00,1.0927745790949033,1.0921314838930212,0.0006430952018821402,1,0.24987161597468835
2024-12-14 01:25:00+00:00,1.0934674726762819,1.0921314838930212,0.0013359887832606265,1,0.2497132807308847
2024-12-14 01:30:00+00:00,1.093653279533112,1.0921314838930212,0.0015217956400908306,1,0.24967085554854432
2024-12-14 01:35:00+00:00,1.092902298203597,1.092902298203597,0.0,0,0.0
2024-12-16 14:40:00+00:00,1.0928203305312316,1.0928203305312316,0.0,1,0.2500187514063555
2024-12-16 14:45:00+00:00,1.0932279282744883,1.0928203305312316,0.00040759774325678895,1,0.24992553472554316
2024-12-16 14:50:00+00:00,1.09442760091844,1.0928203305312316,0.0016072703872084008,1,0.24965157523586692
2024-12-16 14:55:00+00:00,1.0942831622025377,1.0928203305312316,0.0014628316713060428,1,0.24968452772403044
2024-12-16 15:00:00+00:00,1.0935448621475115,1.0928203305312316,0.0007245316162799382,1,0.24985310068974842
2024-12-16 15:05:00+00:00,1.0943987651316323,1.0928203305312316,0.0015784346004005453,1,0.24965815318517484
2024-12-16 15:10:00+00:00,1.0944526633736857,1.0944526633736857,0.0,0,0.0
2024-12-19 02:20:00+00:00,1.0941243645106042,1.0941243645106042,0.0,4,1.0001875281286918
2024-12-19 02:25:00+00:00,1.084939213528786,1.0941243645106042,-0.009185150981818178,4,1.0086551669986272
2024-12-19 02:30:00+00:00,1.0820357512866425,1.0941243645106042,-0.012088613223961717,4,1.0113617246971516
2024-12-19 02:35:00+00:00,1.0883942720088027,1.0941243645106042,-0.005730092501801607,4,1.0054532367075764
2024-12-19 02:40:00+00:00,1.0865057291984586,1.0941243645106042,-0.007618635312145662,4,1.0072008956754883
2024-12-19 02:45:00+00:00,1.0877901590242485,1.0941243645106042,-0.0063342054863557455,4,1.0060116232223082
2024-12-19 02:50:00+00:00,1.092200022165476,1.092200022165476,0.0,0,0.0
2024-12-19 18:00:00+00:00,1.0919542955909034,1.0919542955909034,0.0,3,0.7501125140640822
2024-12-19 18:05:00+00:00,1.0885750997974657,1.0919542955909034,-0.0033791957934377844,3,0.7524410415608087
2024-12-19 18:10:00+00:00,1.0863217938850531,1.0919542955909034,-0.005632501705850374,3,0.7540017944217333
2024-12-19 18:15:00+00:00,1.0850181848269622,1.0919542955909034,-0.0069361107639412615,3,0.7549076995786886
2024-12-19 18:20:00+00:00,1.0820974664927991,1.0919542955909034,-0.009856829098104175,3,0.7569452912254989
2024-12-19 18:25:00+00:00,1.079934565265691,1.0919542955909034,-0.012019730325212393,3,0.7584613070582198
2024-12-19 18:30:00+00:00,1.0910982304152417,1.0910982304152417,0.0,1,0.2500187514063555
2024-12-19 18:35:00+00:00,1.0892178460738546,1.0910982304152417,-0.0018803843413869646,1,0.2504503742877582
2024-12-19 18:40:00+00:00,1.0890924871177623,1.0910982304152417,-0.002005743297479441,1,0.25047920214016284
2024-12-19 18:45:00+00:00,1.0883681909270058,1.0910982304152417,-0.002730039488235901,1,0.2506458930940939
2024-12-19 18:50:00+00:00,1.0895103503047372,1.0910982304152417,-0.00158788011050455,1,0.25038313509715776
2024-12-19 18:55:00+00:00,1.087616037190451,1.0910982304152417,-0.003482193224790699,1,0.25081923022649755
2024-12-19 19:00:00+00:00,1.0893031528434756,1.0893031528434756,0.0,0,0.0
2025-01-02 00:25:00+00:00,1.0892214551070123,1.0892214551070123,0.0,1,0.2500187514063555
2025-01-02 00:30:00+00:00,1.0894066767797268,1.0892214551070123,0.00018522167271454543,1,0.24997624304622465
2025-01-02 00:35:00+00:00,1.089788394487843,1.0892214551070123,0.000566939380830658,1,0.24988868443478987
2025-01-02 00:40:00+00:00,1.0900074392486185,1.0892214551070123,0.0007859841416061478,1,0.24983846752329772
2025-01-02 00:45:00+00:00,1.0899091912309176,1.0892214551070123,0.0006877361239053643,1,0.2498609887887179
2025-01-02 00:50:00+00:00,1.0903794932172886,1.0892214551070123,0.0011580381102762331,1,0.24975321886083965
2025-01-02 00:55:00+00:00,1.0903404769967118,1.0903404769967118,0.0,0,0.0
2025-01-02 04:35:00+00:00,1.090258701460937,1.090258701460937,0.0,1,0.2500187514063555
2025-01-02 04:40:00+00:00,1.0920816068504768,1.090258701460937,0.0018229053895397573,1,0.24960141947203324
2025-01-02 04:45:00+00:00,1.0933373861188265,1.090258701460937,0.0030786846578893397,1,0.24931473368601406
2025-01-02 04:50:00+00:00,1.093688464193849,1.090258701460937,0.003429762732911829,1,0.24923470272688555
2025-01-02 04:55:00+00:00,1.093742476205391,1.090258701460937,0.00348377474445375,1,0.24922239483180678
2025-01-02 05:00:00+00:00,1.093661458188078,1.090258701460937,0.003402756727140868,1,0.249240857130307
2025-01-02 05:05:00+00:00,1.09278300548206,1.09278300548206,0.0,0,0.0
2025-01-03 09:15:00+00:00,1.092701046756649,1.092701046756649,0.0,1,0.25001875140635543
2025-01-03 09:20:00+00:00,1.0931525033807268,1.092701046756649,0.0004514566240778159,1,0.24991549717502268
2025-01-03 09:25:00+00:00,1.0935007699193011,1.092701046756649,0.0007997231626520981,1,0.24983590216463814
2025-01-03 09:30:00+00:00,1.0923656789787626,1.092701046756649,-0.0003353677778864087,1,0.25009550979844214
2025-01-03 09:35:00+00:00,1.0918239310298692,1.092701046756649,-0.0008771157267797635,1,0.25021960373484536
2025-01-03 09:40:00+00:00,1.091669145901614,1.092701046756649,-0.0010319008550350034,1,0.25025508176736233
2025-01-03 09:45:00+00:00,1.0914839970906993,1.0914839970906993,0.0,0,0.0
2025-01-03 16:25:00+00:00,1.0914021357909176,1.0914021357909176,0.0,1,0.25001875140635543
2025-01-03 16:30:00+00:00,1.090549648927895,1.0914021357909176,-0.0008524868630226687,1,0.2502141920277823
2025-01-03 16:35:00+00:00,1.0912939099196355,1.0914021357909176,-0.00010822587128216568,1,0.2500435462823846
2025-01-03 16:40:00+00:00,1.0910344453307923,1.0914021357909176,-0.0003676904601253305,1,0.2501030104415656
2025-01-03 16:45:00+00:00,1.0907608281280121,1.0914021357909176,-0.0006413076629053959,1,0.25016574874712183
2025-01-03 16:50:00+00:00,1.090427825447144,1.0914021357909176,-0.0009743103437736026,1,0.2502421461601831
2025-01-03 16:55:00+00:00,1.0896849538258389,1.0896849538258389,0.0,0,0.0
2025-01-06 01:55:00+00:00,1.0895215072122428,1.0895215072122428,0.0,2,0.5000562556255274
2025-01-06 02:00:00+00:00,1.0891807312085369,1.0895215072122428,-0.0003407760037060656,2,0.500212710075682
2025-01-06 02:05:00+00:00,1.0902092045643508,1.0895215072122428,0.0006876973521079842,2,0.4997408231732431
2025-01-06 02:10:00+00:00,1.0926925246710908,1.0895215072122428,0.003171017458847897,2,0.4986050815017985
2025-01-06 02:15:00+00:00,1.0914095586368706,1.0895215072122428,0.0018880514246277576,2,0.49919119821572516
2025-01-06 02:20:00+00:00,1.0913070958939974,1.0895215072122428,0.0017855886817545958,2,0.4992380672405668
2025-01-06 02:25:00+00:00,1.0904674731589186,1.0904674731589186,0.0,0,0.0
2025-01-06 15:55:00+00:00,1.0903856880984317,1.0903856880984317,0.0,1,0.25001875140635543
2025-01-06 16:00:00+00:00,1.090729738877249,1.0903856880984317,0.00034405077881725313,1,0.24993988755670116
2025-01-06 16:05:00+00:00,1.0908929424518161,1.0903856880984317,0.0005072543533844489,1,0.2499024951770379
2025-01-06 16:10:00+00:00,1.0925477678858284,1.0903856880984317,0.002162079787396679,1,0.2495239808299331
2025-01-06 16:15:00+00:00,1.091908186309822,1.0903856880984317,0.001522498211390163,1,0.24967013866894516
2025-01-06 16:20:00+00:00,1.0917648318186481,1.0903856880984317,0.0013791437202163377,1,0.2497029216773798
2025-01-06 16:25:00+00:00,1.0919315278761959,1.0919315278761959,0.0,0,0.0
2025-01-08 13:05:00+00:00,1.0917677442891294,1.0917677442891294,0.0,2,0.5000562556255274
2025-01-08 13:10:00+00:00,1.0899354276899136,1.0917677442891294,-0.0018323165992157257,2,0.5008969121951247
2025-01-08 13:15:00+00:00,1.0907869198655298,1.0917677442891294,-0.0009808244235996648,2,0.5005059010876785
2025-01-08 13:20:00+00:00,1.0903665737068213,1.0917677442891294,-0.0014011705823080028,2,0.5006988506314433
2025-01-08 13:25:00+00:00,1.0923111461433788,1.0917677442891294,0.0005434018542494301,2,0.4998074881406442
2025-01-08 13:30:00+00:00,1.0915504006983567,1.0917677442891294,-0.0002173435907725265,2,0.500155824112806
2025-01-08 13:35:00+00:00,1.0900846606183865,1.0900846606183865,0.0,0,0.0
2025-01-08 17:45:00+00:00,1.08992115405102,1.08992115405102,0.0,2,0.5000562556255274
2025-01-08 17:50:00+00:00,1.0901904313928212,1.08992115405102,0.00026927734180124936,2,0.49993274159037493
2025-01-08 17:55:00+00:00,1.0912763005222987,1.08992115405102,0.0013551464712787072,2,0.49943528596832193
2025-01-08 18:00:00+00:00,1.092826186433983,1.08992115405102,0.0029050323829630104,2,0.49872696865022564
2025-01-08 18:05:00+00:00,1.0960735393746117,1.08992115405102,0.006152385323591657,2,0.49724938304119687
2025-01-08 18:10:00+00:00,1.0960564830123798,1.08992115405102,0.006135328961359665,2,0.4972571210234343
2025-01-08 18:15:00+00:00,1.0957180501336103,1.0957180501336103,0.0,0,0.0
2025-01-09 20:45:00+00:00,1.0956358712798504,1.0956358712798504,0.0,1,0.25001875140635543
2025-01-09 20:50:00+00:00,1.0963508197112355,1.0956358712798504,0.000714948431385111,1,0.24985571005962492
2025-01-09 20:55:00+00:00,1.096306135434274,1.0956358712798504,0.0006702641544235301,1,0.24986589391374
2025-01-09 21:00:00+00:00,1.0972891895274284,1.0956358712798504,0.0016533182475780652,1,0.24964204071979998
2025-01-09 21:05:00+00:00,1.098421191210455,1.0956358712798504,0.002785319930604435,1,0.2493847667228029
2025-01-09 21:10:00+00:00,1.0987339811491859,1.0956358712798504,0.0030981098693354404,1,0.24931377133425392
2025-01-09 21:15:00+00:00,1.098741170849349,1.098741170849349,0.0,0,0.0
2025-01-10 13:45:00+00:00,1.0986587652615354,1.0986587652615354,0.0,1,0.2500187514063555
2025-01-10 13:50:00+00:00,1.0984787107855907,1.0986587652615354,-0.00018005447594474913,1,0.250059732624124
2025-01-10 13:55:00+00:00,1.0992943898715588,1.0986587652615354,0.0006356246100234664,1,0.2498741877000131
2025-01-10 14:00:00+00:00,1.0986725704171134,1.0986587652615354,1.3805155578117073e-05,1,0.2500156098445713
2025-01-10 14:05:00+00:00,1.0992027471366572,1.0986587652615354,0.0005439818751217844,1,0.24989502021157822
2025-01-10 14:10:00+00:00,1.0997746330496496,1.0986587652615354,0.0011158677881142336,1,0.24976507409580934
2025-01-10 14:15:00+00:00,1.1003205089039987,1.1003205089039987,0.0,0,0.0
2025-01-13 00:30:00+00:00,1.1002379848658308,1.1002379848658308,0.0,1,0.2500187514063555
2025-01-13 00:35:00+00:00,1.1016019942041513,1.1002379848658308,0.0013640093383204708,1,0.24970917688355349
2025-01-13 00:40:00+00:00,1.1016092157698985,1.1002379848658308,0.001371230904067566,1,0.24970753992263056
2025-01-13 00:45:00+00:00,1.101132303567957,1.1002379848658308,0.0008943187021262753,1,0.24981569093438458
2025-01-13 00:50:00+00:00,1.1011484798752307,1.1002379848658308,0.0009104950093998272,1,0.2498120210429465
2025-01-13 00:55:00+00:00,1.1008786821789174,1.1002379848658308,0.000640697313086553,1,0.24987324369070943
2025-01-13 01:00:00+00:00,1.1002883376374104,1.1002883376374104,0.0,0,0.0
2025-01-13 09:40:00+00:00,1.1001233005758866,1.1001233005758866,0.0,2,0.5000562556255275
2025-01-13 09:45:00+00:00,1.0992850817110686,1.1001233005758866,-0.0008382188648180287,2,0.5004375548843903
2025-01-13 09:50:00+00:00,1.1002864351997395,1.1001233005758866,0.00016313462385295844,2,0.49998211448685936
2025-01-13 09:55:00+00:00,1.0986924722652345,1.1001233005758866,-0.0014308283106521228,2,0.50070747938971
2025-01-13 10:00:00+00:00,1.0987267198974708,1.1001233005758866,-0.0013965806784158512,2,0.5006918721915764
2025-01-13 10:05:00+00:00,1.097571061566673,1.1001233005758866,-0.002552239009213683,2,0.5012190624150824
2025-01-13 10:10:00+00:00,1.098312466453937,1.098312466453937,0.0,0,0.0
2025-01-13 12:10:00+00:00,1.098230093018953,1.098230093018953,0.0,1,0.25001875140635543
2025-01-13 12:15:00+00:00,1.0975225738266343,1.098230093018953,-0.0007075191923187827,1,0.25017992628264324
2025-01-13 12:20:00+00:00,1.097314689877315,1.098230093018953,-0.0009154031416381624,1,0.25022732234103545
2025-01-13 12:25:00+00:00,1.0969444244740207,1.098230093018953,-0.0012856685449323703,1,0.2503117847060876
2025-01-13 12:30:00+00:00,1.0972442056198202,1.098230093018953,-0.000985887399132765,1,0.2502433963261427
2025-01-13 12:35:00+00:00,1.09611021205937,1.098230093018953,-0.0021198809595831336,1,0.2505022885404994
2025-01-13 12:40:00+00:00,1.0951302795985691,1.0951302795985691,0.0,0,0.0
2025-01-13 14:40:00+00:00,1.0949660162167372,1.0949660162167372,0.0,2,0.5000562556255274
2025-01-13 14:45:00+00:00,1.100133678769823,1.0948835000021133,0.005250178767709706,3,0.7477260906806246
2025-01-13 14:50:00+00:00,1.102574587938019,1.0948835000021133,0.007691087935905708,3,0.7460707546244445
2025-01-13 14:55:00+00:00,1.1072627803469393,1.0948835000021133,0.012379280344825879,3,0.7429118628867021
2025-01-13 15:00:00+00:00,1.103527853723557,1.0948835000021133,0.008644353721443713,3,0.7454262727279756
2025-01-13 15:05:00+00:00,1.104845719212646,1.0948835000021133,0.00996221921053257,3,0.7445371245488177
2025-01-13 15:10:00+00:00,1.1087116198508975,1.1052165003946182,0.003495119456279391,1,0.24808439257009116
2025-01-13 15:15:00+00:00,1.108648706946711,1.108648706946711,0.0,0,0.0
2025-01-14 13:35:00+00:00,1.108399279695627,1.108399279695627,0.0,3,0.7501125140640823
2025-01-14 13:40:00+00:00,1.1063214086551267,1.108399279695627,-0.002077871040500347,3,0.7515213605872507
2025-01-14 13:45:00+00:00,1.105066966997796,1.108399279695627,-0.0033323126978309957,3,0.7523744669864546
2025-01-14 13:50:00+00:00,1.1080617462551356,1.108399279695627,-0.0003375334404913346,3,0.7503410104077954
2025-01-14 13:55:00+00:00,1.106639706881892,1.108399279695627,-0.001759572813734915,3,0.7513052035896628
2025-01-14 14:00:00+00:00,1.1064079834753473,1.108399279695627,-0.0019912962202796375,3,0.7514625551306231
2025-01-14 14:05:00+00:00,1.1051688044889496,1.1051688044889496,0.0,0,0.0
2025-01-15 13:35:00+00:00,1.1048372911451851,1.1048372911451851,0.0,4,1.0001875281286918
2025-01-15 13:40:00+00:00,1.1032243121260297,1.1048372911451851,-0.001612979019155538,4,1.001649861291912
2025-01-15 13:45:00+00:00,1.1048411580300863,1.1048372911451851,3.8668849011289146e-06,4,1.0001840275258922
2025-01-15 13:50:00+00:00,1.1102839902217598,1.1048372911451851,0.005446699076574637,4,0.9952809271744874
2025-01-15 13:55:00+00:00,1.108570259562064,1.1048372911451851,0.0037329684168786468,4,0.9968195246834836
2025-01-15 14:00:00+00:00,1.1118817309377813,1.1048372911451851,0.0070444397925962755,4,0.9938507383180835
2025-01-15 14:05:00+00:00,1.1153657067826626,1.1153657067826626,0.0,0,0.0
2025-01-16 11:15:00+00:00,1.1152820543546538,1.1152820543546538,0.0,1,0.2500187514063555
2025-01-16 11:20:00+00:00,1.1114311796838128,1.1152820543546538,-0.0038508746708409525,1,0.2508850136586885
2025-01-16 11:25:00+00:00,1.1134314573396913,1.1152820543546538,-0.0018505970149624172,1,0.2504342991726659
2025-01-16 11:30:00+00:00,1.1147513684459514,1.1152820543546538,-0.0005306859087024572,1,0.25013777474379056
2025-01-16 11:35:00+00:00,1.116792468094807,1.1152820543546538,0.001510413740153207,1,0.24968061180727286
2025-01-16 11:40:00+00:00,1.118194023187021,1.1152820543546538,0.0029119688323674246,1,0.24936765973844652
2025-01-16 11:45:00+00:00,1.1208998736124485,1.1208998736124485,0.0,0,0.0
2025-01-17 01:40:00+00:00,1.1208158061219275,1.1208158061219275,0.0,1,0.2500187514063555
2025-01-17 01:45:00+00:00,1.120554791807096,1.1208158061219275,-0.00026101431483150386,1,0.250076989052181
2025-01-17 01:50:00+00:00,1.119823951725568,1.1208158061219275,-0.0009918543963597334,1,0.25024019889135757
2025-01-17 01:55:00+00:00,1.1197847995783432,1.1208158061219275,-0.0010310065435844527,1,0.2502489482877704
2025-01-17 02:00:00+00:00,1.120372081786714,1.1208158061219275,-0.00044372433521356903,1,0.25011777154980797
2025-01-17 02:05:00+00:00,1.1199153067357588,1.1208158061219275,-0.0009004993861687008,1,0.2502197860121136
2025-01-17 02:10:00+00:00,1.1198181885294962,1.1198181885294962,0.0,0,0.0
2025-01-18 08:15:00+00:00,1.1197342021653565,1.1197342021653565,0.0,1,0.2500187514063555
2025-01-18 08:20:00+00:00,1.1200563592966941,1.1197342021653565,0.00032215713133758436,1,0.24994683955739794
2025-01-18 08:25:00+00:00,1.120676810068159,1.1197342021653565,0.0009426079028025709,1,0.24980845915366748
2025-01-18 08:30:00+00:00,1.12325406711886,1.1197342021653565,0.003519864953503432,1,0.24923528463195846
2025-01-18 08:35:00+00:00,1.123134749662809,1.1197342021653565,0.003400547497452459,1,0.24926176241668496
2025-01-18 08:40:00+00:00,1.1227171385666306,1.1197342021653565,0.0029829364012740837,1,0.24935447898282834
2025-01-18 08:45:00+00:00,1.1226928109305163,1.1226928109305163,0.0,0,0.0
2025-01-19 09:30:00+00:00,1.1226086089696965,1.1226086089696965,0.0,1,0.2500187514063555
2025-01-19 09:35:00+00:00,1.1230523787261915,1.1226086089696965,0.00044376975649489434,1,0.24991995747427137
2025-01-19 09:40:00+00:00,1.123468967921494,1.1226086089696965,0.0008603589517975408,1,0.2498272856186643
2025-01-19 09:45:00+00:00,1.1232953890901178,1.1226086089696965,0.0006867801204214226,1,0.24986589053835392
2025-01-19 09:50:00+00:00,1.123967637029308,1.1226086089696965,0.0013590280596113944,1,0.2497164451055368
2025-01-19 09:55:00+00:00,1.125474947160374,1.1226086089696965,0.0028663381906774378,1,0.24938200840523436
2025-01-19 10:00:00+00:00,1.1252039797592828,1.1252039797592828,0.0,0,0.0
2025-01-19 14:00:00+00:00,1.1251195894608008,1.1251195894608008,0.0,1,0.2500187514063555
2025-01-19 14:05:00+00:00,1.1291867593786955,1.1251195894608008,0.0040671699178947045,1,0.24911821946495277
2025-01-19 14:10:00+00:00,1.1285204887736109,1.1251195894608008,0.003400899312810024,1,0.2492652971196978
2025-01-19 14:15:00+00:00,1.1327018519782017,1.1251195894608008,0.007582262517400935,1,0.24834513552577311
2025-01-19 14:20:00+00:00,1.1329517034551086,1.1251195894608008,0.007832113994307768,1,0.24829036761403905
2025-01-19 14:25:00+00:00,1.130199044228431,1.1251195894608008,0.005079454767630366,1,0.2488950918657522
2025-01-19 14:30:00+00:00,1.1314600740822274,1.1314600740822274,0.0,0,0.0
2025-01-21 16:10:00+00:00,1.1313752145766711,1.1313752145766711,0.0,1,0.2500187514063555
2025-01-21 16:15:00+00:00,1.1339790274579045,1.1313752145766711,0.002603812881233313,1,0.2494446649111924
2025-01-21 16:20:00+00:00,1.1343561926612344,1.1313752145766711,0.0029809780845633654,1,0.24936172637004506
2025-01-21 16:25:00+00:00,1.133928146498997,1.1313752145766711,0.002552931922325874,1,0.24945585784593366
2025-01-21 16:30:00+00:00,1.1322060010274038,1.1313752145766711,0.0008307864507326499,1,0.2498352934570874
2025-01-21 16:35:00+00:00,1.1326318934982589,1.1313752145766711,0.0012566789215877766,1,0.24974135034013298
2025-01-21 16:40:00+00:00,1.1314798799127597,1.1314798799127597,0.0,0,0.0
2025-01-23 14:35:00+00:00,1.1313950189217663,1.1313950189217663,0.0,1,0.25001875140635543
2025-01-23 14:40:00+00:00,1.1330613412274004,1.1313950189217663,0.0016663223056341487,1,0.2496510644973273
2025-01-23 14:45:00+00:00,1.133692363265478,1.1313950189217663,0.0022973443437116783,1,0.24951210676184993
2025-01-23 14:50:00+00:00,1.1363551077036214,1.1313950189217663,0.004960088781855108,1,0.24892744183622456
2025-01-23 14:55:00+00:00,1.1342279571538936,1.1313950189217663,0.002832938232127252,1,0.24939428462686866
2025-01-23 15:00:00+00:00,1.1344498072112272,1.1313950189217663,0.0030547882894608265,1,0.2493455137284195
2025-01-23 15:05:00+00:00,1.1357294871978774,1.1357294871978774,0.0,0,0.0
2025-01-23 20:25:00+00:00,1.1356443074863376,1.1356443074863376,0.0,1,0.25001875140635543
2025-01-23 20:30:00+00:00,1.1357801872125275,1.1356443074863376,0.00013587972618995007,1,0.24998884026697663
2025-01-23 20:35:00+00:00,1.1354893872889618,1.1356443074863376,-0.00015492019737584794,1,0.25005286264926896
2025-01-23 20:40:00+00:00,1.1348272981772718,1.1356443074863376,-0.0008170093090658975,1,0.2501987502904747
2025-01-23 20:45:00+00:00,1.135042801692057,1.1356443074863376,-0.0006015057942805294,1,0.2501512466104354
2025-01-23 20:50:00+00:00,1.1356901777123762,1.1356443074863376,4.587022603861063e-05,1,0.2500086532150829
2025-01-23 20:55:00+00:00,1.1329358701309644,1.1329358701309644,0.0,0,0.0
2025-01-27 07:35:00+00:00,1.1328508999407045,1.1328508999407045,0.0,1,0.2500187514063555
2025-01-27 07:40:00+00:00,1.1330342564623503,1.1328508999407045,0.00018335652164591055,1,0.24997829140407168
2025-01-27 07:45:00+00:00,1.1344862919468996,1.1328508999407045,0.0016353920061951434,1,0.24965834276118168
2025-01-27 07:50:00+00:00,1.1342307040682418,1.1328508999407045,0.0013798041275372933,1,0.2497146008451735
2025-01-27 07:55:00+00:00,1.1346529796938505,1.1328508999407045,0.0018020797531460055,1,0.24962166636107777
2025-01-27 08:00:00+00:00,1.1338315795185985,1.1328508999407045,0.0009806795778939366,1,0.24980250387186817
2025-01-27 08:05:00+00:00,1.1323473582969905,1.1323473582969905,0.0,0,0.0
2025-01-28 15:05:00+00:00,1.1322624322451182,1.1322624322451182,0.0,1,0.2500187514063555
2025-01-28 15:10:00+00:00,1.130590589548575,1.1322624322451182,-0.0016718426965431894,1,0.25038846262401604
2025-01-28 15:15:00+00:00,1.1304008769021587,1.1322624322451182,-0.001861555342959442,1,0.2504304847586827
2025-01-28 15:20:00+00:00,1.129025460215641,1.1322624322451182,-0.0032369720294772504,1,0.2507355675754015
2025-01-28 15:25:00+00:00,1.1311360134070219,1.1322624322451182,-0.001126418838096467,1,0.25026772750482945
2025-01-28 15:30:00+00:00,1.1321438618411082,1.1322624322451182,-0.00011857040401014614,1,0.25004493608602696
2025-01-28 15:35:00+00:00,1.1323197906780582,1.1323197906780582,0.0,0,0.0
2025-01-29 19:35:00+00:00,1.1320650378325745,1.1320650378325745,0.0,3,0.7501125140640822
2025-01-29 19:40:00+00:00,1.1381584842501349,1.1320650378325745,0.006093446417560312,3,0.7460965791351234
2025-01-29 19:45:00+00:00,1.1466313644029746,1.1320650378325745,0.014566326570400115,3,0.7405833975724098
2025-01-29 19:50:00+00:00,1.1466533122696667,1.1320650378325745,0.014588274437092269,3,0.7405692222105019
2025-01-29 19:55:00+00:00,1.1462968697098148,1.1320650378325745,0.014231831877240218,3,0.7407995032103786
2025-01-29 20:00:00+00:00,1.1431751044258869,1.1320650378325745,0.011110066593312309,3,0.7428224672886897
2025-01-29 20:05:00+00:00,1.134849900078975,1.134849900078975,0.0,0,0.0
2025-01-31 11:10:00+00:00,1.134764786336469,1.134764786336469,0.0,1,0.2500187514063555
2025-01-31 11:15:00+00:00,1.1345369766413202,1.134764786336469,-0.00022780969514870166,1,0.25006895399711454
2025-01-31 11:20:00+00:00,1.1355788836244154,1.134764786336469,0.0008140972879465134,1,0.24983951279035901
2025-01-31 11:25:00+00:00,1.1363792263647303,1.134764786336469,0.001614440028261385,1,0.2496635528329201
2025-01-31 11:30:00+00:00,1.1371666742166406,1.134764786336469,0.002401887880171667,1,0.24949066961989946
2025-01-31 11:35:00+00:00,1.136575228668481,1.134764786336469,0.0018104423320119505,1,0.24962049837397757
2025-01-31 11:40:00+00:00,1.1368417155498083,1.1368417155498083,0.0,0,0.0
2025-01-31 15:25:00+00:00,1.136756452421142,1.136756452421142,0.0,1,0.2500187514063555
2025-01-31 15:30:00+00:00,1.137045071847369,1.136756452421142,0.0002886194262270457,1,0.24995528842642306
2025-01-31 15:35:00+00:00,1.1379436515144887,1.136756452421142,0.0011871990933467447,1,0.2497579106919719
2025-01-31 15:40:00+00:00,1.138091317267442,1.136756452421142,0.0013348648463001257,1,0.24972550495318907
2025-01-31 15:45:00+00:00,1.1377674594228966,1.136756452421142,0.001011007001754648,1,0.24979658763629128
2025-01-31 15:50:00+00:00,1.1382775774785538,1.136756452421142,0.0015211250574117654,1,0.2496846415239229
2025-01-31 15:55:00+00:00,1.1389331601445343,1.1389331601445343,0.0,0,0.0
2025-02-02 04:10:00+00:00,1.1388477401575234,1.1388477401575234,0.0,1,0.2500187514063555
2025-02-02 04:15:00+00:00,1.1380195534947253,1.1388477401575234,-0.0008281866627981925,1,0.2502007010000407
2025-02-02 04:20:00+00:00,1.1379109388504238,1.1388477401575234,-0.0009368013070996306,1,0.25022458288676425
2025-02-02 04:25:00+00:00,1.139322929226342,1.1388477401575234,0.0004751890688186216,1,0.24991447352813473
2025-02-02 04:30:00+00:00,1.139540158514945,1.1388477401575234,0.0006924183574214344,1,0.24986683260658366
2025-02-02 04:35:00+00:00,1.139445120701181,1.1388477401575234,0.0005973805436577354,1,0.24988767327461725
2025-02-02 04:40:00+00:00,1.1383550152543824,1.1383550152543824,0.0,0,0.0
2025-02-03 02:00:00+00:00,1.1381842684053411,1.1381842684053411,0.0,2,0.5000562556255275
2025-02-03 02:05:00+00:00,1.1344973725443228,1.1381842684053411,-0.0036868958610183685,2,0.50168134122181
2025-02-03 02:10:00+00:00,1.1325260256134417,1.1381842684053411,-0.00565824279189936,2,0.5025545997164765
2025-02-03 02:15:00+00:00,1.145958793721265,1.1380123552462942,0.007946438474970799,4,0.9967199808738306
2025-02-03 02:20:00+00:00,1.1584207892429934,1.1380123552462942,0.020408433996699334,4,0.9859975214243727
2025-02-03 02:25:00+00:00,1.1486435760039035,1.1380123552462942,0.010631220757609455,4,0.9943902972354024
2025-02-03 02:30:00+00:00,1.1419263611372235,1.1429968805013133,-0.001070519364089876,2,0.5018220815208417
2025-02-03 02:35:00+00:00,1.1429130818735875,1.1429968805013133,-8.379862772568301e-05,2,0.501388839254518
2025-02-03 02:40:00+00:00,1.1501136540753953,1.1429968805013133,0.007116773574082124,2,0.4982497698891211
2025-02-03 02:45:00+00:00,1.1521727314581633,1.1521727314581633,0.0,0,0.0
2025-02-03 05:20:00+00:00,1.152086318503304,1.152086318503304,0.0,1,0.2500187514063555
2025-02-03 05:25:00+00:00,1.1498774438637354,1.152086318503304,-0.002208874639568557,1,0.2504990287457756
2025-02-03 05:30:00+00:00,1.151330260740767,1.152086318503304,-0.0007560577625369051,1,0.2501829341992745
2025-02-03 05:35:00+00:00,1.1539542259166302,1.152086318503304,0.0018679074133263775,1,0.24961404568342999
2025-02-03 05:40:00+00:00,1.1508706962184407,1.152086318503304,-0.0012156222848632417,1,0.2502828369955028
2025-02-03 05:45:00+00:00,1.1514340333748407,1.152086318503304,-0.0006522851284631997,1,0.2501603865401558
2025-02-03 05:50:00+00:00,1.1537343910036761,1.1537343910036761,0.0,0,0.0
2025-02-03 07:50:00+00:00,1.1536478609243508,1.1536478609243508,0.0,1,0.2500187514063555
2025-02-03 07:55:00+00:00,1.1537478337076568,1.1536478609243508,9.997278330597809e-05,1,0.24999708716593264
2025-02-03 08:00:00+00:00,1.153835991525663,1.1536478609243508,0.00018813060131221584,1,0.2499779863596878
2025-02-03 08:05:00+00:00,1.1533176477916127,1.1536478609243508,-0.00033021313273798005,1,0.25009033573986783
2025-02-03 08:10:00+00:00,1.1538965810913029,1.1536478609243508,0.00024872016695217926,1,0.24996486035007717
2025-02-03 08:15:00+00:00,1.154087438223069,1.1536478609243508,0.00043957729871816655,1,0.24992352242826235
2025-02-03 08:20:00+00:00,1.1535177063577646,1.1535177063577646,0.0,0,0.0
2025-02-03 09:05:00+00:00,1.1534311925297878,1.1534311925297878,0.0,1,0.2500187514063555
2025-02-03 09:10:00+00:00,1.1529952008552584,1.1534311925297878,-0.0004359916745292367,1,0.250113293078349
2025-02-03 09:15:00+00:00,1.1533875933623348,1.1534311925297878,-4.359916745292367e-05,1,0.25002820235716483
2025-02-03 09:20:00+00:00,1.149056742728678,1.1534311925297878,-0.004374449801109827,1,0.2509705707871513
2025-02-03 09:25:00+00:00,1.1502775194173598,1.1534311925297878,-0.0031536731124280283,1,0.25070421852242364
2025-02-03 09:30:00+00:00,1.1500013913568246,1.1534311925297878,-0.0034298011729631903,1,0.25076441537970473
2025-02-03 09:35:00+00:00,1.1484761050029013,1.1484761050029013,0.0,0,0.0
2025-02-04 14:35:00+00:00,1.1483899692950261,1.1483899692950261,0.0,1,0.2500187514063555
2025-02-04 14:40:00+00:00,1.1490632216699368,1.1483899692950261,0.0006732523749107236,1,0.24987226188777886
2025-02-04 14:45:00+00:00,1.148630273021167,1.1483899692950261,0.0002403037261408267,1,0.24996644524746414
2025-02-04 14:50:00+00:00,1.1479050553243548,1.1483899692950261,-0.00048491397067126994,1,0.2501243677941607
2025-02-04 14:55:00+00:00,1.1482975227002623,1.1483899692950261,-9.244659476386426e-05,1,0.25003887979794187
2025-02-04 15:00:00+00:00,1.148208234218984,1.1483899692950261,-0.00018173507604200972,1,0.2500583236506964
2025-02-04 15:05:00+00:00,1.1473317088360004,1.1473317088360004,0.0,0,0.0
2025-02-07 01:55:00+00:00,1.1472456589578377,1.1472456589578377,0.0,1,0.2500187514063555
2025-02-07 02:00:00+00:00,1.1461973513647405,1.1472456589578377,-0.0010483075930971277,1,0.25024741757383867
2025-02-07 02:05:00+00:00,1.146637693394885,1.1472456589578377,-0.0006079655629527334,1,0.2501513153294003
2025-02-07 02:10:00+00:00,1.1460737620349468,1.1472456589578377,-0.0011718969228909765,1,0.25027440354249536
2025-02-07 02:15:00+00:00,1.145803392028438,1.1472456589578377,-0.001442266929399655,1,0.25033345965333037
2025-02-07 02:20:00+00:00,1.1456146320781828,1.1472456589578377,-0.0016310268796549253,1,0.2503747064479053
2025-02-07 02:25:00+00:00,1.1460176554148338,1.1460176554148338,0.0,0,0.0
2025-02-09 07:15:00+00:00,1.1459317040906778,1.1459317040906778,0.0,1,0.25001875140635543
2025-02-09 07:20:00+00:00,1.1481885059375228,1.1459317040906778,0.002256801846844983,1,0.24952733142000136
2025-02-09 07:25:00+00:00,1.1466794121773094,1.1459317040906778,0.000747708086631494,1,0.24985572323976343
2025-02-09 07:30:00+00:00,1.1478420070681081,1.1459317040906778,0.0019103029774304285,1,0.24960265619265534
2025-02-09 07:35:00+00:00,1.1485669191764887,1.1459317040906778,0.002635215085810982,1,0.24944512075894484
2025-02-09 07:40:00+00:00,1.1495562646325803,1.1459317040906778,0.0036245605419025755,1,0.24923044018665813
2025-02-09 07:45:00+00:00,1.1478791540265072,1.1478791540265072,0.0,0,0.0
2025-02-11 04:40:00+00:00,1.147793063089955,1.147793063089955,0.0,1,0.2500187514063555
2025-02-11 04:45:00+00:00,1.1487023175131565,1.147793063089955,0.0009092544232015123,1,0.24982084925874629
2025-02-11 04:50:00+00:00,1.152484815913675,1.147793063089955,0.00469175282371972,1,0.2490009278596186
2025-02-11 04:55:00+00:00,1.153707763112881,1.147793063089955,0.005914700022925798,1,0.24873698321344237
2025-02-11 05:00:00+00:00,1.1504844561826315,1.147793063089955,0.002691393092676418,1,0.24943386845816917
2025-02-11 05:05:00+00:00,1.1496297570248222,1.147793063089955,0.0018366939348670205,1,0.2496193115680031
2025-02-11 05:10:00+00:00,1.1502619770825995,1.1502619770825995,0.0,0,0.0
2025-02-12 13:45:00+00:00,1.1501757074343182,1.1501757074343182,0.0,1,0.2500187514063555
2025-02-12 13:50:00+00:00,1.1509970538383314,1.1501757074343182,0.000821346404013171,1,0.2498403391317813
2025-02-12 13:55:00+00:00,1.1502879132272161,1.1501757074343182,0.00011220579289797174,1,0.24999436311893777
2025-02-12 14:00:00+00:00,1.1511900478021158,1.1501757074343182,0.0010143403677976748,1,0.24979845406036819
2025-02-12 14:05:00+00:00,1.1499512958485223,1.1501757074343182,-0.00022441158579594348,1,0.2500675422592241
2025-02-12 14:10:00+00:00,1.1501757074343182,1.1501757074343182,0.0,1,0.2500187514063555
2025-02-12 14:15:00+00:00,1.1496226616875813,1.1496226616875813,0.0,0,0.0
2025-02-12 20:50:00+00:00,1.1495364399879549,1.1495364399879549,0.0,1,0.25001875140635543
2025-02-12 20:55:00+00:00,1.1501173219443144,1.1495364399879549,0.0005808819563595499,1,0.24989247613106616
2025-02-12 21:00:00+00:00,1.1489678301856028,1.1495364399879549,-0.000568609802351961,1,0.2501424825579914
2025-02-12 21:05:00+00:00,1.1483255874592053,1.1495364399879549,-0.0012108525287494874,1,0.25028238381225265
2025-02-12 21:10:00+00:00,1.1480883258150585,1.1495364399879549,-0.0014481141728963558,1,0.250334106670633
2025-02-12 21:15:00+00:00,1.1481251422770813,1.1495364399879549,-0.001411297710873557,1,0.2503260793086392
2025-02-12 21:20:00+00:00,1.1481739142715384,1.1481739142715384,0.0,0,0.0
2025-02-12 22:20:00+00:00,1.148087801227968,1.148087801227968,0.0,1,0.2500187514063555
2025-02-12 22:25:00+00:00,1.150351984091709,1.148087801227968,0.002264182863740957,1,0.24952665144010458
2025-02-12 22:30:00+00:00,1.1546121671110794,1.148087801227968,0.006524365883111231,1,0.248605970683721
2025-02-12 22:35:00+00:00,1.1542401033539758,1.148087801227968,0.006152302126007713,1,0.2486861076250924
2025-02-12 22:40:00+00:00,1.1552015330625025,1.148087801227968,0.007113731834534409,1,0.2484791357633647
2025-02-12 22:45:00+00:00,1.154035521288104,1.148087801227968,0.005947720060135967,1,0.24873019354507758
2025-02-12 22:50:00+00:00,1.1527971766092873,1.1527971766092873,0.0,0,0.0
2025-02-13 13:10:00+00:00,1.1527107168210415,1.1527107168210415,0.0,1,0.2500187514063555
2025-02-13 13:15:00+00:00,1.1524473731207547,1.1527107168210415,-0.0002633437002867868,1,0.2500758827467291
2025-02-13 13:20:00+00:00,1.1553684624731666,1.1527107168210415,0.0026577456521251408,1,0.24944362211117152
2025-02-13 13:25:00+00:00,1.1578519961389482,1.1527107168210415,0.005141279317906741,1,0.24890857822361642
2025-02-13 13:30:00+00:00,1.1575927038802043,1.1527107168210415,0.00488198705916278,1,0.24896433191595743
2025-02-13 13:35:00+00:00,1.1587838276938092,1.1527107168210415,0.006073110872767719,1,0.24870841934849133
2025-02-13 13:40:00+00:00,1.160001932082369,1.160001932082369,0.0,0,0.0
2025-02-13 14:45:00+00:00,1.1599149319374626,1.1599149319374626,0.0,1,0.2500187514063555
2025-02-13 14:50:00+00:00,1.1618049605505278,1.1599149319374626,0.0018900286130652565,1,0.24961201997551624
2025-02-13 14:55:00+00:00,1.1615421088891082,1.1599149319374626,0.0016271769516456255,1,0.24966850603285223
2025-02-13 15:00:00+00:00,1.16135435770238,1.1599149319374626,0.0014394257649172075,1,0.24970886887127916
2025-02-13 15:05:00+00:00,1.162347352867743,1.1599149319374626,0.002432420930280422,1,0.24949554219322057
2025-02-13 15:10:00+00:00,1.1633320035359183,1.1599149319374626,0.003417071598455717,1,0.24928436778077373
2025-02-13 15:15:00+00:00,1.164075280861211,1.164075280861211,0.0,0,0.0
2025-02-14 17:00:00+00:00,1.1639879752151463,1.1639879752151463,0.0,1,0.2500187514063555
2025-02-14 17:05:00+00:00,1.1633938755327957,1.1639879752151463,-0.0005940996823506417,1,0.2501464261895188
2025-02-14 17:10:00+00:00,1.1633455844396994,1.1639879752151463,-0.0006423907754468905,1,0.2501568099005299
2025-02-14 17:15:00+00:00,1.1627410514964946,1.1639879752151463,-0.0012469237186516597,1,0.25028687156159984
2025-02-14 17:20:00+00:00,1.1629568709495914,1.1639879752151463,-0.0010311042655548972,1,0.2502404237722733
2025-02-14 17:25:00+00:00,1.1636874973025475,1.1639879752151463,-0.0003004779125988241,1,0.2500833092130753
2025-02-14 17:30:00+00:00,1.1630016205766234,1.1630016205766234,0.0,0,0.0
2025-02-17 14:15:00+00:00,1.16291439545508,1.16291439545508,0.0,1,0.2500187514063555
2025-02-17 14:20:00+00:00,1.1620913659478793,1.16291439545508,-0.0008230295072007304,1,0.2501958225177935
2025-02-17 14:25:00+00:00,1.1619354343850345,1.16291439545508,-0.0009789610700454978,1,0.25022939876004235
2025-02-17 14:30:00+00:00,1.1614345945970892,1.16291439545508,-0.0014798008579907478,1,0.25033730396589354
2025-02-17 14:35:00+00:00,1.1621357703002126,1.16291439545508,-0.0007786251548674107,1,0.2501862627195846
2025-02-17 14:40:00+00:00,1.1629288526860722,1.16291439545508,1.445723099223309e-05,1,0.25001564323784364
2025-02-17 14:45:00+00:00,1.1619834876392043,1.1619834876392043,0.0,0,0.0
2025-02-19 10:05:00+00:00,1.1618963388776313,1.1618963388776313,0.0,1,0.2500187514063555
2025-02-19 10:10:00+00:00,1.1616453776794662,1.1618963388776313,-0.0002509611981652481,1,0.25007276531337247
2025-02-19 10:15:00+00:00,1.1616074171620967,1.1618963388776313,-0.0002889217155347316,1,0.2500809375163139
2025-02-19 10:20:00+00:00,1.1616532108020978,1.1618963388776313,-0.00024312807553339977,1,0.2500710790522583
2025-02-19 10:25:00+00:00,1.1612630610402443,1.1618963388776313,-0.0006332778373869259,1,0.2501550954781759
2025-02-19 10:30:00+00:00,1.1614453317784077,1.1618963388776313,-0.0004510070992236755,1,0.2501158375357996
2025-02-19 10:35:00+00:00,1.1610460632073518,1.1610460632073518,0.0,0,0.0
2025-02-19 19:15:00+00:00,1.1609589847526112,1.1609589847526112,0.0,1,0.2500187514063555
2025-02-19 19:20:00+00:00,1.160698581861048,1.1609589847526112,-0.00026040289156311274,1,0.25007484314871536
2025-02-19 19:25:00+00:00,1.1610587907389245,1.1609589847526112,9.980598631334774e-05,1,0.2499972594989
2025-02-19 19:30:00+00:00,1.1607548361442428,1.1609589847526112,-0.00020414860836828744,1,0.2500627236376797
2025-02-19 19:35:00+00:00,1.1607971780778303,1.1609589847526112,-0.00016180667478078316,1,0.25005360219989803
2025-02-19 19:40:00+00:00,1.1612438854771785,1.1609589847526112,0.0002849007245672454,1,0.2499574115583512
2025-02-19 19:45:00+00:00,1.1609526584140697,1.1609526584140697,0.0,0,0.0
2025-02-21 09:20:00+00:00,1.1606914636565129,1.1606914636565129,0.0,3,0.7501125140640822
2025-02-21 09:25:00+00:00,1.157451912725827,1.1606914636565129,-0.003239550930685864,3,0.7522119772610738
2025-02-21 09:30:00+00:00,1.1531322939290187,1.1606914636565129,-0.007559169727494153,3,0.7550297536890412
2025-02-21 09:35:00+00:00,1.1514636384610955,1.1606914636565129,-0.009227825195417318,3,0.7561239128833531
2025-02-21 09:40:00+00:00,1.1504477628281018,1.1606914636565129,-0.010243700828411157,3,0.7567915901855661
2025-02-21 09:45:00+00:00,1.148667689828509,1.1606914636565129,-0.012023773828003688,3,0.7579643787021555
2025-02-21 09:50:00+00:00,1.1502869847941126,1.1502869847941126,0.0,0,0.0
2025-02-21 16:15:00+00:00,1.150200713270253,1.150200713270253,0.0,1,0.2500187514063555
2025-02-21 16:20:00+00:00,1.1504312581048621,1.150200713270253,0.0002305448346091416,1,0.2499686479940168
2025-02-21 16:25:00+00:00,1.1507606078685895,1.150200713270253,0.0005598945983364594,1,0.2498971065156301
2025-02-21 16:30:00+00:00,1.1490150541208346,1.150200713270253,-0.0011856591494184333,1,0.2502767436920683
2025-02-21 16:35:00+00:00,1.1506288679630985,1.150200713270253,0.0004281546928455578,1,0.2499257181923501
2025-02-21 16:40:00+00:00,1.1509746852150122,1.150200713270253,0.0007739719447592702,1,0.2498506265103539
2025-02-21 16:45:00+00:00,1.1502461816518843,1.1502461816518843,0.0,0,0.0
2025-02-22 10:10:00+00:00,1.1501599131882605,1.1501599131882605,0.0,1,0.25001875140635543
2025-02-22 10:15:00+00:00,1.149930088948811,1.1501599131882605,-0.00022982423944938933,1,0.2500687199826561
2025-02-22 10:20:00+00:00,1.1497034129866144,1.1501599131882605,-0.0004565002016460324,1,0.25011802362660207
2025-02-22 10:25:00+00:00,1.1509333399666815,1.1501599131882605,0.0007734267784209963,1,0.2498507388979589
2025-02-22 10:30:00+00:00,1.1505838811916282,1.1501599131882605,0.00042396800336782494,1,0.2499266243110858
2025-02-22 10:35:00+00:00,1.1500066970286276,1.1501599131882605,-0.0001532161596329262,1,0.25005206157144033
2025-02-22 10:40:00+00:00,1.1492341041239083,1.1492341041239083,0.0,0,0.0
2025-02-23 23:15:00+00:00,1.149147911566099,1.149147911566099,0.0,1,0.2500187514063555
2025-02-23 23:20:00+00:00,1.147974794044336,1.149147911566099,-0.0011731175217628506,1,0.25027424602136417
2025-02-23 23:25:00+00:00,1.1479090022937626,1.149147911566099,-0.001238909272336282,1,0.25028859034720913
2025-02-23 23:30:00+00:00,1.1468806266232614,1.149147911566099,-0.002267284942837571,1,0.2505130171017833
2025-02-23 23:35:00+00:00,1.1468492490191418,1.149147911566099,-0.002298662546957194,1,0.2505198710961371
2025-02-23 23:40:00+00:00,1.147220719364687,1.149147911566099,-0.0019271922014119768,1,0.2504387527014715
2025-02-23 23:45:00+00:00,1.146737751941881,1.146737751941881,0.0,0,0.0
2025-02-24 15:15:00+00:00,1.1466517466104855,1.1466517466104855,0.0,1,0.2500187514063555
2025-02-24 15:20:00+00:00,1.1455653866469748,1.1466517466104855,-0.0010863599635106724,1,0.25025584862037814
2025-02-24 15:25:00+00:00,1.14614620977247,1.1466517466104855,-0.000505536838015533,1,0.25012902851406904
2025-02-24 15:30:00+00:00,1.1450876664292329,1.1466517466104855,-0.0015640801812526238,1,0.2503602530969951
2025-02-24 15:35:00+00:00,1.144883577095704,1.1466517466104855,-0.0017681695147816147,1,0.2504048828377119
2025-02-24 15:40:00+00:00,1.14451319274967,1.1466517466104855,-0.002138553860815735,1,0.2504859182066016
2025-02-24 15:45:00+00:00,1.1442944537628383,1.1442944537628383,0.0,0,0.0
2025-02-24 19:50:00+00:00,1.144208631678806,1.144208631678806,0.0,1,0.2500187514063555
2025-02-24 19:55:00+00:00,1.1449147035684268,1.144208631678806,0.000706071889620846,1,0.24986456418900566
2025-02-24 20:00:00+00:00,1.1444948770394632,1.144208631678806,0.0002862453606570946,1,0.24995622014553195
2025-02-24 20:05:00+00:00,1.1462314322274496,1.144208631678806,0.0020228005486435064,1,0.2495775332951638
2025-02-24 20:10:00+00:00,1.1466512587564133,1.144208631678806,0.002442627077607258,1,0.2494861547973769
2025-02-24 20:15:00+00:00,1.1478344062471293,1.144208631678806,0.003625774568323325,1,0.2492289932099472
2025-02-24 20:20:00+00:00,1.1468898480811258,1.1468898480811258,0.0,0,0.0
2025-02-25 00:20:00+00:00,1.1468038313425197,1.1468038313425197,0.0,1,0.2500187514063555
2025-02-25 00:25:00+00:00,1.1473023352420193,1.1468038313425197,0.0004985038994996185,1,0.249910118033359
2025-02-25 00:30:00+00:00,1.1461049270025199,1.1468038313425197,-0.0006989043399997847,1,0.25017121492546474
2025-02-25 00:35:00+00:00,1.1459117060170532,1.1468038313425197,-0.0008921253254664612,1,0.2502133982179728
2025-02-25 00:40:00+00:00,1.1460150277394918,1.1468038313425197,-0.0007888036030279056,1,0.25019083963134403
2025-02-25 00:45:00+00:00,1.146006287533364,1.1468038313425197,-0.0007975438091556476,1,0.2501927477530825
2025-02-25 00:50:00+00:00,1.146782741849434,1.146782741849434,0.0,0,0.0
2025-02-25 07:40:00+00:00,1.1466967331437954,1.1466967331437954,0.0,1,0.2500187514063555
2025-02-25 07:45:00+00:00,1.1464862023997515,1.1466967331437954,-0.000210530744043842,1,0.2500646626730138
2025-02-25 07:50:00+00:00,1.1479466081932053,1.1466967331437954,0.0012498750494099045,1,0.24974653299738325
2025-02-25 07:55:00+00:00,1.1482648242028808,1.1466967331437954,0.0015680910590853392,1,0.2496773213107709
2025-02-25 08:00:00+00:00,1.1463748872937054,1.1466967331437954,-0.0003218458500900223,1,0.2500889444108226
2025-02-25 08:05:00+00:00,1.148729443775943,1.1466967331437954,0.0020327106321476906,1,0.2495763358515235
2025-02-25 08:10:00+00:00,1.1487862087932765,1.1487862087932765,0.0,0,0.0
2025-02-25 11:40:00+00:00,1.148700049827617,1.148700049827617,0.0,1,0.2500187514063555
2025-02-25 11:45:00+00:00,1.150184972286551,1.148700049827617,0.0014849224589339682,1,0.2496959698815892
2025-02-25 11:50:00+00:00,1.1535312764193597,1.148700049827617,0.004831226591742775,1,0.24897162137622914
2025-02-25 11:55:00+00:00,1.1552253428865942,1.148700049827617,0.006525293058977233,1,0.2486065199025958
2025-02-25 12:00:00+00:00,1.1567520941471883,1.148700049827617,0.00805204431957125,1,0.2482783940063267
2025-02-25 12:05:00+00:00,1.1548070548699931,1.148700049827617,0.006107005042376188,1,0.2486965688226172
2025-02-25 12:10:00+00:00,1.1576070832188812,1.1576070832188812,0.0,0,0.0
2025-02-25 15:40:00+00:00,1.157433448667938,1.157433448667938,0.0,2,0.5000562556255274
2025-02-25 15:45:00+00:00,1.1569635616383505,1.157433448667938,-0.00046988702958767215,2,0.5002593475433488
2025-02-25 15:50:00+00:00,1.1577938028520256,1.157433448667938,0.00036035418408763436,2,0.49990061706229627
2025-02-25 15:55:00+00:00,1.1616034965270958,1.157433448667938,0.004170047859157801,2,0.49826110045901484
2025-02-25 16:00:00+00:00,1.1586289039295887,1.157433448667938,0.0011954552616507644,2,0.49954030536752725
2025-02-25 16:05:00+00:00,1.1572051704756492,1.157433448667938,-0.00022827819228884554,2,0.5001549001364485
2025-02-25 16:10:00+00:00,1.156809444576394,1.156809444576394,0.0,0,0.0
2025-02-26 18:45:00+00:00,1.1566359296667605,1.1566359296667605,0.0,2,0.5000562556255275
2025-02-26 18:50:00+00:00,1.154838153521522,1.1566359296667605,-0.0017977761452386259,2,0.5008347103422335
2025-02-26 18:55:00+00:00,1.1498688195331104,1.1566359296667605,-0.006767110133650224,2,0.5029991441510313
2025-02-26 19:00:00+00:00,1.150830448854683,1.1566359296667605,-0.005805480812077627,2,0.5025788400773749
2025-02-26 19:05:00+00:00,1.15164418184642,1.1566359296667605,-0.004991747820340556,2,0.5022237260677124
2025-02-26 19:10:00+00:00,1.1514831905700056,1.1566359296667605,-0.005152739096754956,2,0.5022939430186565
2025-02-26 19:15:00+00:00,1.1550278652201105,1.1550278652201105,0.0,0,0.0
2025-02-26 20:25:00+00:00,1.1549412381302189,1.1549412381302189,0.0,1,0.2500187514063555
2025-02-26 20:30:00+00:00,1.1567285691403213,1.1549412381302189,0.0017873310101024819,1,0.2496324323688411
2025-02-26 20:35:00+00:00,1.1562438043239132,1.1549412381302189,0.00130256619369426,1,0.2497370928390588
2025-02-26 20:40:00+00:00,1.1580610633844184,1.1549412381302189,0.00311982525419951,1,0.24934519900111238
2025-02-26 20:45:00+00:00,1.158903572803316,1.1549412381302189,0.003962334673097133,1,0.24916392794142692
2025-02-26 20:50:00+00:00,1.1595480698887346,1.1549412381302189,0.0046068317585156735,1,0.24902543827504756
2025-02-26 20:55:00+00:00,1.1597972633644094,1.1597972633644094,0.0,0,0.0
2025-02-28 01:40:00+00:00,1.1597102785696571,1.1597102785696571,0.0,1,0.25001875140635543
2025-02-28 01:45:00+00:00,1.160114032199947,1.1597102785696571,0.0004037536302898362,1,0.2499317375648545
2025-02-28 01:50:00+00:00,1.1592336592013812,1.1597102785696571,-0.00047661936827586424,1,0.2501215467128983
2025-02-28 01:55:00+00:00,1.1577527598791237,1.1597102785696571,-0.0019575186905334456,1,0.2504414810217121
2025-02-28 02:00:00+00:00,1.1570237504908671,1.1597102785696571,-0.0026865280787899677,1,0.2505992774289131
2025-02-28 02:05:00+00:00,1.1590062617775214,1.1597102785696571,-0.0007040167921357283,1,0.2501706206456717
2025-02-28 02:10:00+00:00,1.1597813455447392,1.1597813455447392,0.0,0,0.0
2025-02-28 08:30:00+00:00,1.1596943619438234,1.1596943619438234,0.0,1,0.2500187514063555
2025-02-28 08:35:00+00:00,1.1606477416982355,1.1596943619438234,0.0009533797544121143,1,0.24981338089879265
2025-02-28 08:40:00+00:00,1.1610014148329368,1.1596943619438234,0.0013070528891134252,1,0.2497372808351889
2025-02-28 08:45:00+00:00,1.159996778102481,1.1596943619438234,0.00030241615865763695,1,0.2499535704404942
2025-02-28 08:50:00+00:00,1.1604222110036435,1.1596943619438234,0.0007278490598200525,1,0.2498619326972486
2025-02-28 08:55:00+00:00,1.1615344873837907,1.1596943619438234,0.0018401254399674656,1,0.24962266685619464
2025-02-28 09:00:00+00:00,1.1621548500522776,1.1621548500522776,0.0,0,0.0
2025-02-28 16:40:00+00:00,1.1620676884385237,1.1620676884385237,0.0,1,0.2500187514063555
2025-02-28 16:45:00+00:00,1.1618683721097873,1.1620676884385237,-0.00019931632873635167,1,0.25006164165179273
2025-02-28 16:50:00+00:00,1.1607438300691717,1.1620676884385237,-0.001323858369352007,1,0.2503039042609044
2025-02-28 16:55:00+00:00,1.1615184535980643,1.1620676884385237,-0.0005492348404593578,1,0.2501369751062159
2025-02-28 17:00:00+00:00,1.1607616690521223,1.1620676884385237,-0.0013060193864014337,1,0.2503000575047617
2025-02-28 17:05:00+00:00,1.1600501680782855,1.1620676884385237,-0.0020175203602382525,1,0.2504535756366207
2025-02-28 17:10:00+00:00,1.1599276715559947,1.1599276715559947,0.0,0,0.0
2025-03-02 15:25:00+00:00,1.159840676980628,1.159840676980628,0.0,1,0.2500187514063555
2025-03-02 15:30:00+00:00,1.1778305508664229,1.1597523330635193,0.018078217802903637,2,0.4962187821965955
2025-03-02 15:35:00+00:00,1.1898368063739775,1.1597523330635193,0.03008447331045806,2,0.4912116001571895
2025-03-02 15:40:00+00:00,1.2013304122967,1.1597523330635193,0.04157807923318059,2,0.4865119833830807
2025-03-02 15:45:00+00:00,1.1990949872479204,1.1597523330635193,0.03934265418440117,2,0.4874189683056697
2025-03-02 15:50:00+00:00,1.18387661130402,1.1597523330635193,0.024124278240500677,2,0.49368459179298
2025-03-02 15:55:00+00:00,1.1924387624755257,1.1885174436685442,0.003921318806981585,1,0.24695584625623654
2025-03-02 16:00:00+00:00,1.1918840332230014,1.1918840332230014,0.0,0,0.0
2025-03-03 15:05:00+00:00,1.1917946419205097,1.1917946419205097,0.0,1,0.2500187514063555
2025-03-03 15:10:00+00:00,1.1902768691078989,1.1917946419205097,-0.0015177728126107742,1,0.25033756098198967
2025-03-03 15:15:00+00:00,1.1924169452891622,1.1917946419205097,0.0006223033686526037,1,0.2498882706111595
2025-03-03 15:20:00+00:00,1.191246988531324,1.1917946419205097,-0.0005476533891857856,1,0.2501336928231111
2025-03-03 15:25:00+00:00,1.1942359604967896,1.1917946419205097,0.002441318576279888,1,0.2495076502149521
2025-03-03 15:30:00+00:00,1.1945817946937,1.1917946419205097,0.002787152773190328,1,0.24943541717220996
2025-03-03 15:35:00+00:00,1.1929250841320487,1.1929250841320487,0.0,0,0.0
2025-03-04 14:40:00+00:00,1.1927461520796325,1.1927461520796325,0.0,2,0.5000562556255274
2025-03-04 14:45:00+00:00,1.1876436127453966,1.1927461520796325,-0.005102539334235865,2,0.5022046751398308
2025-03-04 14:50:00+00:00,1.1878373209768245,1.1927461520796325,-0.004908831102807992,2,0.5021227774104715
2025-03-04 14:55:00+00:00,1.1843354728115032,1.1927461520796325,-0.008410679268129407,2,0.5036074561752363
2025-03-04 15:00:00+00:00,1.1791470580525267,1.1927461520796325,-0.013599094027105709,2,0.5058234006077024
2025-03-04 15:05:00+00:00,1.1773131116398694,1.1927461520796325,-0.015433040439763217,2,0.5066113413872716
2025-03-04 15:10:00+00:00,1.1750907158930952,1.1750907158930952,0.0,0,0.0
2025-03-04 21:25:00+00:00,1.1750025840894032,1.1750025840894032,0.0,1,0.2500187514063555
2025-03-04 21:30:00+00:00,1.1772591263648817,1.1750025840894032,0.0022565422754784736,1,0.2495395214139299
2025-03-04 21:35:00+00:00,1.1745857450189772,1.1750025840894032,-0.0004168390704259256,1,0.25010747850385967
2025-03-04 21:40:00+00:00,1.1728970123746878,1.1750025840894032,-0.0021055717147153,1,0.2504675822973506
2025-03-04 21:45:00+00:00,1.1732163217908154,1.1750025840894032,-0.001786262298587813,1,0.2503994135752004
2025-03-04 21:50:00+00:00,1.1729451091905063,1.1750025840894032,-0.0020574748988969015,1,0.25045731183108594
2025-03-04 21:55:00+00:00,1.1722864957103019,1.1722864957103019,0.0,0,0.0
2025-03-06 01:50:00+00:00,1.1721985742231236,1.1721985742231236,0.0,1,0.2500187514063555
2025-03-06 01:55:00+00:00,1.1704265151714783,1.1721985742231236,-0.001772059051645256,1,0.25039728691094953
2025-03-06 02:00:00+00:00,1.1696399265382134,1.1721985742231236,-0.0025586476849102104,1,0.2505656803243545
2025-03-06 02:05:00+00:00,1.1710969032111929,1.1721985742231236,-0.0011016710119308082,1,0.2502539483487334
2025-03-06 02:10:00+00:00,1.1709174946024692,1.1721985742231236,-0.0012810796206543778,1,0.2502922923933888
2025-03-06 02:15:00+00:00,1.1714640204710365,1.1721985742231236,-0.0007345537520871673,1,0.2501755229407162
2025-03-06 02:20:00+00:00,1.1708969311516622,1.1708969311516622,0.0,0,0.0
2025-03-10 09:20:00+00:00,1.1706334991005447,1.1706334991005447,0.0,3,0.7501125140640822
2025-03-10 09:25:00+00:00,1.1768614794177528,1.1706334991005447,0.006227980317208127,3,0.7461428999208835
2025-03-10 09:30:00+00:00,1.1723789342836741,1.1706334991005447,0.0017454351831293095,3,0.7489957482001911
2025-03-10 09:35:00+00:00,1.169050090858344,1.1706334991005447,-0.001583408242200557,3,0.7511284964814607
2025-03-10 09:40:00+00:00,1.163776524143675,1.1706334991005447,-0.006856974956869669,3,0.7545321793667112
2025-03-10 09:45:00+00:00,1.1659307779057797,1.1706334991005447,-0.004702721194765033,3,0.7531380539033201
2025-03-10 09:50:00+00:00,1.1661125728788682,1.1661125728788682,0.0,0,0.0
2025-03-10 19:35:00+00:00,1.1660251144359022,1.1660251144359022,0.0,1,0.2500187514063555
2025-03-10 19:40:00+00:00,1.1654631131902518,1.1660251144359022,-0.0005620012456503567,1,0.2501393136516433
2025-03-10 19:45:00+00:00,1.1634338885749969,1.1660251144359022,-0.002591225860905369,1,0.2505755987362445
2025-03-10 19:50:00+00:00,1.164114457033152,1.1660251144359022,-0.0019106574027500341,1,0.2504291063979242
2025-03-10 19:55:00+00:00,1.1642249484602853,1.1660251144359022,-0.0018001659756169356,1,0.25040533928195735
2025-03-10 20:00:00+00:00,1.164627269404265,1.1660251144359022,-0.0013978450316372685,1,0.25031883665993904
2025-03-10 20:05:00+00:00,1.1643239672431784,1.1643239672431784,0.0,0,0.0
2025-03-11 13:30:00+00:00,1.1642366429456352,1.1642366429456352,0.0,1,0.2500187514063555
2025-03-11 13:35:00+00:00,1.16126650609805,1.1642366429456352,-0.0029701368475852207,1,0.25065821694009793
2025-03-11 13:40:00+00:00,1.1630570786437355,1.1642366429456352,-0.0011795643018996025,1,0.25027231866404187
2025-03-11 13:45:00+00:00,1.1628478500143498,1.1642366429456352,-0.001388792931285364,1,0.25031734960614377
2025-03-11 13:50:00+00:00,1.164050156558574,1.1642366429456352,-0.0001864863870612102,1,0.2500588056028045
2025-03-11 13:55:00+00:00,1.1617486416353304,1.1642366429456352,-0.002488001310304909,1,0.25055419165462134
2025-03-11 14:00:00+00:00,1.1615142508374217,1.1615142508374217,0.0,0,0.0
2025-03-11 14:10:00+00:00,1.161427137268609,1.161427137268609,0.0,1,0.2500187514063555
2025-03-11 14:15:00+00:00,1.1599209682723581,1.161427137268609,-0.001506168996250668,1,0.25034340325949894
2025-03-11 14:20:00+00:00,1.1598020224810273,1.161427137268609,-0.0016251147875815755,1,0.25036907772257794
2025-03-11 14:25:00+00:00,1.158940023764334,1.161427137268609,-0.002487113504274994,1,0.2505552977333388
2025-03-11 14:30:00+00:00,1.1572704834402312,1.161427137268609,-0.004156653828377725,1,0.25091676221287845
2025-03-11 14:35:00+00:00,1.157194888374054,1.161427137268609,-0.004232248894554887,1,0.25093315363444024
2025-03-11 14:40:00+00:00,1.1553873600764126,1.1553873600764126,0.0,0,0.0
2025-03-13 13:05:00+00:00,1.155300706024407,1.155300706024407,0.0,1,0.2500187514063555
2025-03-13 13:10:00+00:00,1.1557260992585823,1.155300706024407,0.00042539323417534224,1,0.24992672589500511
2025-03-13 13:15:00+00:00,1.1560886503104364,1.155300706024407,0.0007879442860293825,1,0.24984834851682103
2025-03-13 13:20:00+00:00,1.1540438623779796,1.155300706024407,-0.0012568436464272584,1,0.2502910412988256
2025-03-13 13:25:00+00:00,1.156784748329996,1.155300706024407,0.0014840423055890858,1,0.2496980016689361
2025-03-13 13:30:00+00:00,1.1561031523525105,1.155300706024407,0.0008024463281036032,1,0.24984521444417798
2025-03-13 13:35:00+00:00,1.1544986178967427,1.1544986178967427,0.0,0,0.0
2025-03-16 16:10:00+00:00,1.1543254495981128,1.1543254495981128,0.0,2,0.5000562556255275
2025-03-16 16:15:00+00:00,1.1511964161389552,1.1543254495981128,-0.003129033459157605,2,0.501415443973734
2025-03-16 16:20:00+00:00,1.1516741700954611,1.1543254495981128,-0.002651279502651623,2,0.5012074396453989
2025-03-16 16:25:00+00:00,1.1518851735183329,1.1543254495981128,-0.002440276079779867,2,0.5011156279893717
2025-03-16 16:30:00+00:00,1.151671531266071,1.1543254495981128,-0.0026539183320416645,2,0.5012085880639249
2025-03-16 16:35:00+00:00,1.1482306923366776,1.1543254495981128,-0.0060947572614352356,2,0.5027105319094138
2025-03-16 16:40:00+00:00,1.1506475131115401,1.1506475131115401,0.0,0,0.0
2025-03-19 10:35:00+00:00,1.1505612145480568,1.1505612145480568,0.0,1,0.2500187514063555
2025-03-19 10:40:00+00:00,1.1481060262284382,1.1505612145480568,-0.002455188319618771,1,0.25055340857574165
2025-03-19 10:45:00+00:00,1.148610994038856,1.1505612145480568,-0.0019502205092007173,1,0.2504432569171054
2025-03-19 10:50:00+00:00,1.14944825388544,1.1505612145480568,-0.0011129606626167831,1,0.2502608336699904
2025-03-19 10:55:00+00:00,1.1502013524302876,1.1505612145480568,-0.00035986211776918093,1,0.2500969744732759
2025-03-19 11:00:00+00:00,1.1491754551832603,1.1505612145480568,-0.0013857593647966467,1,0.2503202422053221
2025-03-19 11:05:00+00:00,1.150527154033927,1.150527154033927,0.0,0,0.0
2025-03-20 14:20:00+00:00,1.1504408644973745,1.1504408644973745,0.0,1,0.2500187514063555
2025-03-20 14:25:00+00:00,1.1505025166762366,1.1504408644973745,6.165217886203513e-05,1,0.25000535360795245
2025-03-20 14:30:00+00:00,1.1503663083740996,1.1504408644973745,-7.45561232749717e-05,1,0.2500349553135068
2025-03-20 14:35:00+00:00,1.149164807772091,1.1504408644973745,-0.0012760567252833562,1,0.2502963774761945
2025-03-20 14:40:00+00:00,1.1497985348199284,1.1504408644973745,-0.000642329677445969,1,0.25015842323501325
2025-03-20 14:45:00+00:00,1.149923272949254,1.1504408644973745,-0.000517591548120543,1,0.25013128725604544
2025-03-20 14:50:00+00:00,1.1499301785667952,1.1499301785667952,0.0,0,0.0
2025-03-21 18:35:00+00:00,1.1498439338034028,1.1498439338034028,0.0,1,0.2500187514063555
2025-03-21 18:40:00+00:00,1.1526470007363367,1.1498439338034028,0.0028030669329338824,1,0.249410742801611
2025-03-21 18:45:00+00:00,1.1515481984986267,1.1498439338034028,0.0017042646952238382,1,0.24964872943791216
2025-03-21 18:50:00+00:00,1.1485433107465215,1.1498439338034028,-0.0013006230568812982,1,0.2503018753858251
2025-03-21 18:55:00+00:00,1.1479602728244713,1.1498439338034028,-0.0018836609789315453,1,0.2504290012879708
2025-03-21 19:00:00+00:00,1.1476911783989097,1.1498439338034028,-0.0021527554044932173,1,0.2504877183448881
2025-03-21 19:05:00+00:00,1.1482103960930308,1.1482103960930308,0.0,0,0.0
2025-03-24 06:10:00+00:00,1.1481242803133238,1.1481242803133238,0.0,1,0.2500187514063555
2025-03-24 06:15:00+00:00,1.1480090026073322,1.1481242803133238,-0.00011527770599164703,1,0.25004385712247057
2025-03-24 06:20:00+00:00,1.1475617806636058,1.1481242803133238,-0.0005624996497180454,1,0.2501413029434132
2025-03-24 06:25:00+00:00,1.1475534473354618,1.1481242803133238,-0.0005708329778619999,1,0.2501431194248717
2025-03-24 06:30:00+00:00,1.14806733590434,1.1481242803133238,-5.694440898383793e-05,1,0.2500311523950331
2025-03-24 06:35:00+00:00,1.1478215027240928,1.1481242803133238,-0.00030277758923097424,1,0.2500847024925076
2025-03-24 06:40:00+00:00,1.147699275855762,1.147699275855762,0.0,0,0.0
2025-03-24 11:50:00+00:00,1.1476131984100728,1.1476131984100728,0.0,1,0.2500187514063555
2025-03-24 11:55:00+00:00,1.1479928607514833,1.1476131984100728,0.000379662341410621,1,0.24993606560943046
2025-03-24 12:00:00+00:00,1.1471136426976904,1.1476131984100728,-0.0004995557123823608,1,0.2501276318963251
2025-03-24 12:05:00+00:00,1.1460945490444305,1.1476131984100728,-0.0015186493656423883,1,0.25035004241418596
2025-03-24 12:10:00+00:00,1.1464142647003552,1.1476131984100728,-0.0011989337097176851,1,0.2502802239982034
2025-03-24 12:15:00+00:00,1.1472735005256527,1.1476131984100728,-0.000339697884420041,1,0.2500927798231882
2025-03-24 12:20:00+00:00,1.1471274763944777,1.1471274763944777,0.0,0,0.0
2025-03-24 14:05:00+00:00,1.147041441833748,1.147041441833748,0.0,1,0.2500187514063555
2025-03-24 14:10:00+00:00,1.1474120557163447,1.147041441833748,0.00037061388259674384,1,0.2499379953957148
2025-03-24 14:15:00+00:00,1.1478523632464597,1.147041441833748,0.0008109214127117135,1,0.24984212106121126
2025-03-24 14:20:00+00:00,1.148726464881688,1.147041441833748,0.0016850230479399078,1,0.2496520084336668
2025-03-24 14:25:00+00:00,1.1487779209392013,1.147041441833748,0.0017364791054533112,1,0.24964082602158338
2025-03-24 14:30:00+00:00,1.1477321905551783,1.147041441833748,0.0006907487214303777,1,0.24986828064820416
2025-03-24 14:35:00+00:00,1.1463708273791158,1.1463708273791158,0.0,0,0.0
2025-03-24 15:55:00+00:00,1.1462848495670623,1.1462848495670623,0.0,1,0.2500187514063555
2025-03-24 16:00:00+00:00,1.1461531141335786,1.1462848495670623,-0.0001317354334838614,1,0.2500474878187854
2025-03-24 16:05:00+00:00,1.14583967465391,1.1462848495670623,-0.0004451749131524547,1,0.2501158872259695
2025-03-24 16:10:00+00:00,1.1469071859252449,1.1462848495670623,0.0006223363581825388,1,0.24988308588682867
2025-03-24 16:15:00+00:00,1.1474114146534073,1.1462848495670623,0.0011265650863450003,1,0.24977327502999308
2025-03-24 16:20:00+00:00,1.148042836213899,1.1462848495670623,0.0017579866468367073,1,0.24963590016373052
2025-03-24 16:25:00+00:00,1.1480749660318657,1.1480749660318657,0.0,0,0.0
2025-03-27 14:40:00+00:00,1.1479888604094133,1.1479888604094133,0.0,1,0.2500187514063555
2025-03-27 14:45:00+00:00,1.1480783961015972,1.1479888604094133,8.953569218395252e-05,1,0.24999925308460136
2025-03-27 14:50:00+00:00,1.1477742589884645,1.1479888604094133,-0.00021460142094872374,1,0.2500654978627213
2025-03-27 14:55:00+00:00,1.1480911869147663,1.1479888604094133,0.00010232650535306127,1,0.24999646785832746
2025-03-27 15:00:00+00:00,1.1487364123790758,1.1479888604094133,0.0007475519696624704,1,0.2498560491466793
2025-03-27 15:05:00+00:00,1.1486724583132302,1.1479888604094133,0.0006835979038168628,1,0.24986996025780886
2025-03-27 15:10:00+00:00,1.1478956487796448,1.1478956487796448,0.0,0,0.0
2025-03-29 17:30:00+00:00,1.147637391628924,1.147637391628924,0.0,3,0.7501125140640822
2025-03-29 17:35:00+00:00,1.152092701874696,1.147637391628924,0.004455310245772166,3,0.7472117197408881
2025-03-29 17:40:00+00:00,1.1497010586295742,1.147637391628924,0.0020636670006502333,3,0.7487660923743484
2025-03-29 17:45:00+00:00,1.146097056595984,1.147637391628924,-0.0015403350329400406,3,0.7511206525785387
2025-03-29 17:50:00+00:00,1.1476136598030895,1.147637391628924,-2.3731825834431005e-05,3,0.7501280258518586
2025-03-29 17:55:00+00:00,1.146016104254129,1.147637391628924,-0.001621287374794907,3,0.7511737102760843
2025-03-29 18:00:00+00:00,1.147234851002507,1.147234851002507,0.0,0,0.0
2025-03-29 20:00:00+00:00,1.1471488083886818,1.1471488083886818,0.0,1,0.2500187514063555
2025-03-29 20:05:00+00:00,1.1464491472521274,1.1471488083886818,-0.0006996611365543581,1,0.25017133419137316
2025-03-29 20:10:00+00:00,1.1467507851058452,1.1471488083886818,-0.0003980232828366534,1,0.2501055298812412
2025-03-29 20:15:00+00:00,1.1464279979313496,1.1471488083886818,-0.0007208104573322861,1,0.25017594935587173
2025-03-29 20:20:00+00:00,1.1463874328406771,1.1471488083886818,-0.0007613755480046772,1,0.25018480186923586
2025-03-29 20:25:00+00:00,1.1466953114775753,1.1471488083886818,-0.0004534969111065754,1,0.25011762922537734
2025-03-29 20:30:00+00:00,1.1466865852331511,1.1466865852331511,0.0,0,0.0
2025-03-31 01:05:00+00:00,1.146428600101326,1.146428600101326,0.0,3,0.7501125140640822
2025-03-31 01:10:00+00:00,1.1467159561232683,1.146428600101326,0.0002873560219423482,3,0.7499245430614118
2025-03-31 01:15:00+00:00,1.1469800388180282,1.146428600101326,0.0005514387167022245,3,0.7497518791200215
2025-03-31 01:20:00+00:00,1.146268142374425,1.146428600101326,-0.00016045772690100442,3,0.750217516850496
2025-03-31 01:25:00+00:00,1.149700731121064,1.146428600101326,0.003272131019738206,3,0.7479776398667165
2025-03-31 01:30:00+00:00,1.1534888372879215,1.146428600101326,0.0070602371865954895,3,0.7455212496367837
2025-03-31 01:35:00+00:00,1.1513689770276456,1.1513689770276456,0.0,0,0.0
2025-03-31 12:55:00+00:00,1.1512826243543686,1.1512826243543686,0.0,1,0.2500187514063555
2025-03-31 13:00:00+00:00,1.1513611414887384,1.1512826243543686,7.851713436977158e-05,1,0.25000170136428634
2025-03-31 13:05:00+00:00,1.1514161034827972,1.1512826243543686,0.0001334791284285861,1,0.24998976771841885
2025-03-31 13:10:00+00:00,1.1507926774359012,1.1512826243543686,-0.0004899469184674206,1,0.2501251962240993
2025-03-31 13:15:00+00:00,1.149977669581143,1.1512826243543686,-0.0013049547732256585,1,0.2503024640137163
2025-03-31 13:20:00+00:00,1.1501849548158791,1.1512826243543686,-0.0010976695384894667,1,0.2502573547425588
2025-03-31 13:25:00+00:00,1.1496432027632573,1.1496432027632573,0.0,0,0.0
2025-04-01 14:55:00+00:00,1.14955697952305,1.14955697952305,0.0,1,0.2500187514063555
2025-04-01 15:00:00+00:00,1.1481829937203745,1.14955697952305,-0.0013739858026755134,1,0.25031793909395733
2025-04-01 15:05:00+00:00,1.1477325065719564,1.14955697952305,-0.001824472951093704,1,0.2504161893516913
2025-04-01 15:10:00+00:00,1.1487686270133182,1.14955697952305,-0.0007883525097318337,1,0.2501903289594992
2025-04-01 15:15:00+00:00,1.151088635827672,1.14955697952305,0.001531656304621912,1,0.24968607259696918
2025-04-01 15:20:00+00:00,1.1530257305658702,1.14955697952305,0.003468751042820132,1,0.2492665975023487
2025-04-01 15:25:00+00:00,1.1524664958198239,1.1524664958198239,0.0,0,0.0
2025-04-02 20:00:00+00:00,1.1523800608326373,1.1523800608326373,0.0,1,0.2500187514063555
2025-04-02 20:05:00+00:00,1.1518041871740397,1.1523800608326373,-0.0005758736585977056,1,0.2501437546097591
2025-04-02 20:10:00+00:00,1.151470140645118,1.1523800608326373,-0.0009099201875193846,1,0.25021632240809727
2025-04-02 20:15:00+00:00,1.1550536425889018,1.1522067832927694,0.002846859296132402,3,0.749496293154157
2025-04-02 20:20:00+00:00,1.1578800277113024,1.1522067832927694,0.005673244418532939,3,0.7476667727189074
2025-04-02 20:25:00+00:00,1.1509553078033872,1.1522067832927694,-0.001251475489382101,3,0.7521651081020722
2025-04-02 20:30:00+00:00,1.140521204565428,1.1487477057439681,-0.008226501178540088,2,0.5064279359713543
2025-04-02 20:35:00+00:00,1.1403712106446555,1.1487477057439681,-0.00837649509931251,2,0.5064945468354274
2025-04-02 20:40:00+00:00,1.1370927062810317,1.1487477057439681,-0.011654999462936383,2,0.5079548891388993
2025-04-02 20:45:00+00:00,1.135331622440903,1.135331622440903,0.0,0,0.0
2025-04-03 05:05:00+00:00,1.1352464725692197,1.1352464725692197,0.0,1,0.2500187514063555
2025-04-03 05:10:00+00:00,1.135134293039962,1.1352464725692197,-0.00011217952925771316,1,0.25004345948363793
2025-04-03 05:15:00+00:00,1.1352417984221674,1.1352464725692197,-4.674147052400776e-06,1,0.2500197808120834
2025-04-03 05:20:00+00:00,1.135573662862888,1.1352464725692197,0.00032719029366836945,1,0.24994671406402316
2025-04-03 05:25:00+00:00,1.1356250784804645,1.1352464725692197,0.000378605911244778,1,0.24993539768425285
2025-04-03 05:30:00+00:00,1.1354895282159447,1.1352464725692197,0.00024305564672502943,1,0.24996523398694617
2025-04-03 05:35:00+00:00,1.135165996844589,1.135165996844589,0.0,0,0.0
2025-04-06 23:35:00+00:00,1.1350808593948258,1.1350808593948258,0.0,1,0.25001875140635543
2025-04-06 23:40:00+00:00,1.1365544050598353,1.1350808593948258,0.0014735456650095248,1,0.24969460146186906
2025-04-06 23:45:00+00:00,1.1372190462863607,1.1350808593948258,0.002138186891534808,1,0.24954866886716418
2025-04-06 23:50:00+00:00,1.1376312268919577,1.1350808593948258,0.0025503674971318674,1,0.24945825369656394
2025-04-06 23:55:00+00:00,1.1372963301499102,1.1350808593948258,0.0022154707550842566,1,0.24953171103061586
2025-04-07 00:00:00+00:00,1.137419984331589,1.1350808593948258,0.0023391249367633368,1,0.24950458328540698
2025-04-07 00:05:00+00:00,1.1368505346702493,1.1368505346702493,0.0,0,0.0
2025-04-07 07:00:00+00:00,1.136765270880149,1.136765270880149,0.0,1,0.2500187514063555
2025-04-07 07:05:00+00:00,1.137760146772736,1.136765270880149,0.0009948758925869927,1,0.24980013096234147
2025-04-07 07:10:00+00:00,1.1385209342200084,1.136765270880149,0.0017556633398593913,1,0.2496332084242914
2025-04-07 07:15:00+00:00,1.1379649741623863,1.136765270880149,0.001199703282237215,1,0.24975516832296238
2025-04-07 07:20:00+00:00,1.1412714734524547,1.136765270880149,0.004506202572305649,1,0.24903157599111111
2025-04-07 07:25:00+00:00,1.1389891111106376,1.136765270880149,0.0022238402304885162,1,0.2495305976985366
2025-04-07 07:30:00+00:00,1.1375870998156428,1.1375870998156428,0.0,0,0.0
2025-04-07 12:30:00+00:00,1.137416468149598,1.137416468149598,0.0,2,0.5000562556255274
2025-04-07 12:35:00+00:00,1.1362392176818032,1.137416468149598,-0.0011772504677946027,2,0.5005743608376145
2025-04-07 12:40:00+00:00,1.1346847890544045,1.137416468149598,-0.0027316790951935474,2,0.5012601082135676
2025-04-07 12:45:00+00:00,1.1334947054370526,1.137416468149598,-0.003921762712545379,2,0.5017863933739266
2025-04-07 12:50:00+00:00,1.13513214494381,1.137416468149598,-0.002284323205787923,2,0.5010625614675501
2025-04-07 12:55:00+00:00,1.137704625253592,1.137416468149598,0.0002881571039939927,2,0.49992960169509876
2025-04-07 13:00:00+00:00,1.138945090712928,1.138945090712928,0.0,0,0.0
2025-04-07 13:50:00+00:00,1.1388596698311244,1.1388596698311244,0.0,1,0.2500187514063555
2025-04-07 13:55:00+00:00,1.1445867229926667,1.1388596698311244,0.005727053161542258,1,0.2487677577927455
2025-04-07 14:00:00+00:00,1.1460373252737153,1.1388596698311244,0.0071776554425907945,1,0.24845287880150557
2025-04-07 14:05:00+00:00,1.1449597350077934,1.1388596698311244,0.006100065176669008,1,0.24868671270461218
2025-04-07 14:10:00+00:00,1.14602978967745,1.1388596698311244,0.007170119846325625,1,0.24845451247682748
2025-04-07 14:15:00+00:00,1.1531622315424497,1.1388596698311244,0.014302561711325339,1,0.24691779256191362
2025-04-07 14:20:00+00:00,1.1559836669199424,1.1559836669199424,0.0,0,0.0
2025-04-09 01:35:00+00:00,1.155723590101622,1.155723590101622,0.0,3,0.7501125140640822
2025-04-09 01:40:00+00:00,1.1601567394926455,1.155723590101622,0.004433149391023409,3,0.7472462109847444
2025-04-09 01:45:00+00:00,1.1583844122533988,1.155723590101622,0.00266082215177674,3,0.7483894970995635
2025-04-09 01:50:00+00:00,1.1657613791757853,1.155723590101622,0.010037789074163198,3,0.7436536697992387
2025-04-09 01:55:00+00:00,1.165633565441303,1.155723590101622,0.009909975339680997,3,0.7437352127090489
2025-04-09 02:00:00+00:00,1.165744572391139,1.155723590101622,0.010020982289517047,3,0.7436643912105803
2025-04-09 02:05:00+00:00,1.167322934345859,1.167322934345859,0.0,0,0.0
2025-04-09 17:25:00+00:00,1.167235385125783,1.167235385125783,0.0,1,0.2500187514063555
2025-04-09 17:30:00+00:00,1.1664918480029807,1.167235385125783,-0.0007435371228024603,1,0.250178116620425
2025-04-09 17:35:00+00:00,1.1685606009500977,1.167235385125783,0.001325215824314591,1,0.24973521557135497
2025-04-09 17:40:00+00:00,1.1678372961299563,1.167235385125783,0.0006019110041733894,1,0.24988989010160026
2025-04-09 17:45:00+00:00,1.1676602634816702,1.167235385125783,0.00042487835588708316,1,0.24992777669448019
2025-04-09 17:50:00+00:00,1.1685150782691098,1.167235385125783,0.0012796931433266615,1,0.2497449446854771
2025-04-09 17:55:00+00:00,1.1693126922904653,1.1693126922904653,0.0,0,0.0
2025-04-10 15:55:00+00:00,1.1692249938385435,1.1692249938385435,0.0,1,0.2500187514063555
2025-04-10 16:00:00+00:00,1.1668991557141095,1.1692249938385435,-0.0023258381244339273,1,0.25051708336674533
2025-04-10 16:05:00+00:00,1.1665829658773432,1.1692249938385435,-0.002642027961200191,1,0.25058498334301266
2025-04-10 16:10:00+00:00,1.1685266604567286,1.1692249938385435,-0.0006983333818149918,1,0.2501681672871352
2025-04-10 16:15:00+00:00,1.1676362853949143,1.1692249938385435,-0.0015887084436291778,1,0.2503589317402431
2025-04-10 16:20:00+00:00,1.1662357390013853,1.1692249938385435,-0.002989254837158189,1,0.2506595907641526
2025-04-10 16:25:00+00:00,1.166089846100979,1.166089846100979,0.0,0,0.0
2025-04-11 13:40:00+00:00,1.1660023893625213,1.1660023893625213,0.0,1,0.2500187514063555
2025-04-11 13:45:00+00:00,1.164784059141936,1.1660023893625213,-0.001218330220585254,1,0.2502802637426213
2025-04-11 13:50:00+00:00,1.1652520548793432,1.1660023893625213,-0.000750334483178154,1,0.2501797446351044
2025-04-11 13:55:00+00:00,1.1649017586687092,1.1660023893625213,-0.0011006306938121904,1,0.2502549758860412
2025-04-11 14:00:00+00:00,1.164796669805519,1.1660023893625213,-0.0012057195570024338,1,0.2502775540849709
2025-04-11 14:05:00+00:00,1.1638764416601832,1.1660023893625213,-0.002125947702338092,1,0.2504754380193568
2025-04-11 14:10:00+00:00,1.163900729412918,1.163900729412918,0.0,0,0.0
2025-04-16 11:50:00+00:00,1.163813436858212,1.163813436858212,0.0,1,0.2500187514063555
2025-04-16 11:55:00+00:00,1.163558274467827,1.163813436858212,-0.0002551623903850604,1,0.2500735792423563
2025-04-16 12:00:00+00:00,1.1639385164613418,1.163813436858212,0.0001250796031299024,1,0.24999188379628962
2025-04-16 12:05:00+00:00,1.1640135642232199,1.163813436858212,0.00020012736500789555,1,0.24997576600183838
2025-04-16 12:10:00+00:00,1.1642887393501058,1.163813436858212,0.00047530249189371964,1,0.24991668519928217
2025-04-16 12:15:00+00:00,1.1639285100930916,1.163813436858212,0.00011507323487952056,1,0.24999403299259088
2025-04-16 12:20:00+00:00,1.1641364054017722,1.1641364054017722,0.0,0,0.0
2025-04-16 19:50:00+00:00,1.1640490951713671,1.1640490951713671,0.0,1,0.2500187514063555
2025-04-16 19:55:00+00:00,1.1653015635576998,1.1640490951713671,0.0012524683863326263,1,0.24975003076620564
2025-04-16 20:00:00+00:00,1.1639392295234432,1.1640490951713671,-0.00010986564792387095,1,0.25004235098219213
2025-04-16 20:05:00+00:00,1.1640271220417824,1.1640490951713671,-2.197312958474834e-05,1,0.25002347096513483
2025-04-16 20:10:00+00:00,1.1646423696701562,1.1640490951713671,0.0005932744987891422,1,0.2498913906359668
2025-04-16 20:15:00+00:00,1.1652136710393606,1.1640490951713671,0.0011645758679934392,1,0.2497688695077214
2025-04-16 20:20:00+00:00,1.165675689048575,1.165675689048575,0.0,0,0.0
2025-04-21 00:30:00+00:00,1.1655008442521435,1.1655008442521435,0.0,2,0.5000562556255274
2025-04-21 00:35:00+00:00,1.1689754341247334,1.1655008442521435,0.003474589872589968,2,0.49856991951374874
2025-04-21 00:40:00+00:00,1.165653842344163,1.1655008442521435,0.00015299809201942024,2,0.49999062065720845
2025-04-21 00:45:00+00:00,1.167932609737273,1.1655008442521435,0.0024317654851294937,2,0.4990150829303606
2025-04-21 00:50:00+00:00,1.169334704500109,1.1655008442521435,0.003833860247965516,2,0.4984167371943962
2025-04-21 00:55:00+00:00,1.1684400334348173,1.1655008442521435,0.002939189182673882,2,0.4987983734106033
2025-04-21 01:00:00+00:00,1.1668313501269385,1.1668313501269385,0.0,0,0.0
2025-04-22 01:20:00+00:00,1.166743837775679,1.166743837775679,0.0,1,0.2500187514063555
2025-04-22 01:25:00+00:00,1.1671902892661292,1.166743837775679,0.00044645149045029236,1,0.2499231189758663
2025-04-22 01:30:00+00:00,1.1668006348587836,1.166743837775679,5.679708310463085e-05,1,0.2500065810874706
2025-04-22 01:35:00+00:00,1.1668495067675015,1.166743837775679,0.00010566899182257202,1,0.24999610990096457
2025-04-22 01:40:00+00:00,1.1663981020430594,1.166743837775679,-0.0003457357326194337,1,0.2500928602513842
2025-04-22 01:45:00+00:00,1.1670340972875914,1.166743837775679,0.0002902595119125737,1,0.24995656785840187
2025-04-22 01:50:00+00:00,1.166758362044648,1.166758362044648,0.0,0,0.0
2025-04-22 07:35:00+00:00,1.1666708551674947,1.1666708551674947,0.0,1,0.2500187514063555
2025-04-22 07:40:00+00:00,1.165881577451994,1.1666708551674947,-0.0007892777155007729,1,0.2501880089302402
2025-04-22 07:45:00+00:00,1.1661145678989038,1.1666708551674947,-0.0005562872685909327,1,0.25013802120380507
2025-04-22 07:50:00+00:00,1.167046529686543,1.1666708551674947,0.000375674519048396,1,0.24993826989015328
2025-04-22 07:55:00+00:00,1.1668496617895419,1.1666708551674947,0.00017880662204708896,1,0.24998043883717766
2025-04-22 08:00:00+00:00,1.1673210610658478,1.1666708551674947,0.0006502058983530155,1,0.24987948923394607
2025-04-22 08:05:00+00:00,1.1683190368134448,1.1683190368134448,0.0,0,0.0
2025-04-22 23:30:00+00:00,1.1682314128856839,1.1682314128856839,0.0,1,0.2500187514063555
2025-04-22 23:35:00+00:00,1.1684761581596768,1.1682314128856839,0.0002447452739928618,1,0.24996638327938173
2025-04-22 23:40:00+00:00,1.1685551384585546,1.1682314128856839,0.00032372557287072923,1,0.24994948855271365
2025-04-22 23:45:00+00:00,1.1679382804720622,1.1682314128856839,-0.0002931324136216458,1,0.2500815018113005
2025-04-22 23:50:00+00:00,1.1683000914064472,1.1682314128856839,6.867852076328685e-05,1,0.2500040540540776
2025-04-22 23:55:00+00:00,1.1676020678954164,1.1682314128856839,-0.0006293449902674887,1,0.25015351311412987
2025-04-23 00:00:00+00:00,1.1676508644838988,1.1676508644838988,0.0,0,0.0
2025-04-23 01:10:00+00:00,1.1675632906690625,1.1675632906690625,0.0,1,0.2500187514063555
2025-04-23 01:15:00+00:00,1.167315196898959,1.1675632906690625,-0.0002480937701033751,1,0.25007188880643194
2025-04-23 01:20:00+00:00,1.1664164731092468,1.1675632906690625,-0.0011468175598156331,1,0.25026456917471374
2025-04-23 01:25:00+00:00,1.1658693524109394,1.1675632906690625,-0.0016939382581230608,1,0.2503820136598658
2025-04-23 01:30:00+00:00,1.1683683631680735,1.1675632906690625,0.0008050724990109507,1,0.24984647421421333
2025-04-23 01:35:00+00:00,1.166418116114347,1.1675632906690625,-0.0011451745547155978,1,0.2502642166545
2025-04-23 01:40:00+00:00,1.1664784127585126,1.1664784127585126,0.0,0,0.0
2025-04-23 04:55:00+00:00,1.1663909268775556,1.1663909268775556,0.0,1,0.2500187514063555
2025-04-23 05:00:00+00:00,1.1674055477314536,1.166303364894327,0.0011021828371265954,2,0.4998202053709304
2025-04-23 05:05:00+00:00,1.164139127935547,1.166303364894327,-0.0021642369587799378,2,0.5012226344913336
2025-04-23 05:10:00+00:00,1.165078210958362,1.166303364894327,-0.0012251539359650297,2,0.5008186361483261
2025-04-23 05:15:00+00:00,1.1662541416914927,1.166303364894327,-4.922320283443668e-05,2,0.5003136621423027
2025-04-23 05:20:00+00:00,1.1632543654076695,1.166303364894327,-0.003048999486657491,2,0.5016038606601834
2025-04-23 05:25:00+00:00,1.163960753453724,1.1669065171859903,-0.002945763732266385,1,0.2507586931626511
2025-04-23 05:30:00+00:00,1.164029077494516,1.164029077494516,0.0,0,0.0
2025-04-23 13:50:00+00:00,1.1639417753137038,1.1639417753137038,0.0,1,0.2500187514063555
2025-04-23 13:55:00+00:00,1.162553729681876,1.1639417753137038,-0.0013880456318277592,1,0.25031726443582175
2025-04-23 14:00:00+00:00,1.1611818024897211,1.1639417753137038,-0.0027599728239827495,1,0.25061301232044153
2025-04-23 14:05:00+00:00,1.1630121753025713,1.1639417753137038,-0.000929600011132538,1,0.2502185923358197
2025-04-23 14:10:00+00:00,1.1623091633568399,1.1639417753137038,-0.001632611956863999,1,0.2503699347367934
2025-04-23 14:15:00+00:00,1.1620320501824641,1.1639417753137038,-0.001909725131239633,1,0.25042964118583005
2025-04-23 14:20:00+00:00,1.1602427027661972,1.1602427027661972,0.0,0,0.0
2025-04-26 08:30:00+00:00,1.1601556845634897,1.1601556845634897,0.0,1,0.2500187514063555
2025-04-26 08:35:00+00:00,1.1592336075332994,1.1601556845634897,-0.0009220770301903301,1,0.25021762119954516
2025-04-26 08:40:00+00:00,1.1592558262569184,1.1601556845634897,-0.0008998583065712748,1,0.25021282543657025
2025-04-26 08:45:00+00:00,1.1576798839316536,1.1601556845634897,-0.0024758006318362667,1,0.25055343857790807
2025-04-26 08:50:00+00:00,1.1571990072704699,1.1601556845634897,-0.0029566772930198523,1,0.2506575566252227
2025-04-26 08:55:00+00:00,1.1565752959574496,1.1601556845634897,-0.0035803886060401485,1,0.2507927297992544
2025-04-26 09:00:00+00:00,1.1565454116154767,1.1565454116154767,0.0,0,0.0
2025-04-28 03:35:00+00:00,1.1564586707096056,1.1564586707096056,0.0,1,0.2500187514063555
2025-04-28 03:40:00+00:00,1.1564003025608462,1.1564586707096056,-5.836814875926833e-05,1,0.2500313708527897
2025-04-28 03:45:00+00:00,1.1561668299658092,1.1564586707096056,-0.0002918407437964059,1,0.25008186138017785
2025-04-28 03:50:00+00:00,1.1560500936682907,1.1564586707096056,-0.00040857704131494254,1,0.2501071142915646
2025-04-28 03:55:00+00:00,1.1561279178666364,1.1564586707096056,-0.00033075284296927286,1,0.25009027845067755
2025-04-28 04:00:00+00:00,1.1558944452715993,1.1564586707096056,-0.0005642254380063783,1,0.2501407927744917
2025-04-28 04:05:00+00:00,1.1567026826467037,1.1567026826467037,0.0,0,0.0
2025-04-28 19:05:00+00:00,1.1566159299455052,1.1566159299455052,0.0,1,0.2500187514063555
2025-04-28 19:10:00+00:00,1.1554735091320698,1.1566159299455052,-0.0011424208134353771,1,0.2502659458449111
2025-04-28 19:15:00+00:00,1.155301341488355,1.1566159299455052,-0.001314588457150266,1,0.2503032414808208
2025-04-28 19:20:00+00:00,1.1570584168802867,1.1566159299455052,0.0004424869347813332,1,0.24992313822958437
2025-04-28 19:25:00+00:00,1.1564791612565728,1.1566159299455052,-0.00013676868893243484,1,0.250048319372631
2025-04-28 19:30:00+00:00,1.1562941212656643,1.1566159299455052,-0.00032180867984096085,1,0.2500883342251607
2025-04-28 19:35:00+00:00,1.156978100352685,1.156978100352685,0.0,0,0.0
2025-05-01 15:15:00+00:00,1.1568913269951584,1.1568913269951584,0.0,1,0.2500187514063555
2025-05-01 15:20:00+00:00,1.156049847877725,1.1568913269951584,-0.0008414791174332883,1,0.2502007379864856
2025-05-01 15:25:00+00:00,1.1556244678091696,1.1568913269951584,-0.001266859185988713,1,0.2502928357310748
2025-05-01 15:30:00+00:00,1.1557389337185264,1.1568913269951584,-0.0011523932766319704,1,0.2502680463982838
2025-05-01 15:35:00+00:00,1.1550877155044834,1.1568913269951584,-0.0018036114906750055,1,0.25040914313753565
2025-05-01 15:40:00+00:00,1.1558224628956246,1.1568913269951584,-0.0010688640995338199,1,0.2502499599839419
2025-05-01 15:45:00+00:00,1.1550798308142163,1.1550798308142163,0.0,0,0.0
2025-05-02 16:05:00+00:00,1.1549931998269052,1.1549931998269052,0.0,1,0.2500187514063555
2025-05-02 16:10:00+00:00,1.1532979618551031,1.1549931998269052,-0.0016952379718021013,1,0.25038625511750817
2025-05-02 16:15:00+00:00,1.1537971066726893,1.1549931998269052,-0.001196093154215871,1,0.2502779353783496
2025-05-02 16:20:00+00:00,1.1546532250285493,1.1549931998269052,-0.0003399747983559482,1,0.2500923666466303
2025-05-02 16:25:00+00:00,1.1536765701532723,1.1549931998269052,-0.0013166296736329926,1,0.25030408450194097
2025-05-02 16:30:00+00:00,1.1532176041754916,1.1549931998269052,-0.001775595651413505,1,0.25040370235244025
2025-05-02 16:35:00+00:00,1.1528837187893763,1.1528837187893763,0.0,0,0.0
2025-05-05 02:15:00+00:00,1.1527107927165288,1.1527107927165288,0.0,2,0.5000562556255274
2025-05-05 02:20:00+00:00,1.1550314836780673,1.1527107927165288,0.002320690961538533,2,0.4990515418587688
2025-05-05 02:25:00+00:00,1.1546389497540397,1.1527107927165288,0.0019281570375108852,2,0.49922120065995473
2025-05-05 02:30:00+00:00,1.155259075186022,1.1527107927165288,0.0025482824694933104,2,0.4989532263420173
2025-05-05 02:35:00+00:00,1.1558620318906812,1.1527107927165288,0.003151239174152388,2,0.498692946840802
2025-05-05 02:40:00+00:00,1.1553948519398285,1.1527107927165288,0.002684059223299645,2,0.4988945916257035
2025-05-05 02:45:00+00:00,1.155025272035151,1.155025272035151,0.0,0,0.0
2025-05-05 14:00:00+00:00,1.1549386451397483,1.1549386451397483,0.0,1,0.2500187514063555
2025-05-05 14:05:00+00:00,1.1550729187497584,1.1549386451397483,0.00013427361000999802,1,0.24998968750936978
2025-05-05 14:10:00+00:00,1.154893887269745,1.1549386451397483,-4.475787000332199e-05,1,0.2500284408738444
2025-05-05 14:15:00+00:00,1.154271262379493,1.1549386451397483,-0.0006673827602552157,1,0.25016330859136693
2025-05-05 14:20:00+00:00,1.1545085404026614,1.1549386451397483,-0.0004301047370868643,1,0.2501118942854051
2025-05-05 14:25:00+00:00,1.1537010593780808,1.1549386451397483,-0.001237585761667594,1,0.25028694882576086
2025-05-05 14:30:00+00:00,1.153939693442086,1.153939693442086,0.0,0,0.0
2025-05-05 16:20:00+00:00,1.1538531479650778,1.1538531479650778,0.0,1,0.2500187514063555
2025-05-05 16:25:00+00:00,1.1540323064187243,1.1538531479650778,0.00017915845364647277,1,0.2499799370918554
2025-05-05 16:30:00+00:00,1.154052212913574,1.1538531479650778,0.00019906494849612357,1,0.24997562513415145
2025-05-05 16:35:00+00:00,1.1543906233260173,1.1538531479650778,0.0005374753609394184,1,0.24990234460614552
2025-05-05 16:40:00+00:00,1.1542313713672203,1.1538531479650778,0.00037822340214259636,1,0.2499368242077867
2025-05-05 16:45:00+00:00,1.1543109973466188,1.1538531479650778,0.00045784938154100737,1,0.24991958321774066
2025-05-05 16:50:00+00:00,1.1543837038284075,1.1543837038284075,0.0,0,0.0
2025-05-06 00:25:00+00:00,1.1542971250506204,1.1542971250506204,0.0,1,0.2500187514063555
2025-05-06 00:30:00+00:00,1.1542297005969224,1.1542971250506204,-6.742445369800343e-05,1,0.250033356278955
2025-05-06 00:35:00+00:00,1.1541237478839683,1.1542971250506204,-0.00017337716665202712,1,0.25005631024075964
2025-05-06 00:40:00+00:00,1.1539070264256535,1.1542971250506204,-0.000390098624967077,1,0.250103274655548
2025-05-06 00:45:00+00:00,1.1540081631062005,1.1542971250506204,-0.00028896194442005585,1,0.2500813557334803
2025-05-06 00:50:00+00:00,1.1540226112034213,1.1542971250506204,-0.00027451384719904827,1,0.25007822477252195
2025-05-06 00:55:00+00:00,1.1538830560691573,1.1538830560691573,0.0,0,0.0
2025-05-06 10:10:00+00:00,1.153796514839952,1.153796514839952,0.0,1,0.2500187514063555
2025-05-06 10:15:00+00:00,1.1536128062923963,1.153796514839952,-0.00018370854755582903,1,0.2500585659623591
2025-05-06 10:20:00+00:00,1.153927044597426,1.153796514839952,0.0001305297574738861,1,0.24999046982032475
2025-05-06 10:25:00+00:00,1.1540092300002798,1.153796514839952,0.0002127151603277717,1,0.24997266617808542
2025-05-06 10:30:00+00:00,1.153917375726502,1.153796514839952,0.00012086088654987319,1,0.24999256453320085
2025-05-06 10:35:00+00:00,1.1540720776612858,1.153796514839952,0.00027556282133375955,1,0.24995905333908788
2025-05-06 10:40:00+00:00,1.1536132849015068,1.1536132849015068,0.0,0,0.0
2025-05-06 19:00:00+00:00,1.1535267639051392,1.1535267639051392,0.0,1,0.2500187514063555
2025-05-06 19:05:00+00:00,1.153275283121528,1.1535267639051392,-0.00025148078361109235,1,0.25007326996965196
2025-05-06 19:10:00+00:00,1.1529415874663518,1.1535267639051392,-0.000585176438787341,1,0.25014564862662103
2025-05-06 19:15:00+00:00,1.1529851129865922,1.1535267639051392,-0.0005416509185469509,1,0.25013620555630756
2025-05-06 19:20:00+00:00,1.1529174066217738,1.1535267639051392,-0.0006093572833653318,1,0.25015089508488125
2025-05-06 19:25:00+00:00,1.1531318101103654,1.1535267639051392,-0.0003949537947738404,1,0.2501043841620966
2025-05-06 19:30:00+00:00,1.1532435720395373,1.1532435720395373,0.0,0,0.0
2025-05-06 22:05:00+00:00,1.1528976378879499,1.1528976378879499,0.0,4,1.0001875281286918
2025-05-06 22:10:00+00:00,1.153655534566018,1.1528976378879499,0.0007578966780680583,4,0.999530452613253
2025-05-06 22:15:00+00:00,1.1524331790398163,1.1528976378879499,-0.0004644588481335192,4,1.0005906282438928
2025-05-06 22:20:00+00:00,1.1560100033955147,1.1528976378879499,0.003112365507564866,4,0.9974946888327509
2025-05-06 22:25:00+00:00,1.1563444989162568,1.1528976378879499,0.003446861028306826,4,0.9972061437618908
2025-05-06 22:30:00+00:00,1.1579555534298913,1.1528976378879499,0.005057915541941354,4,0.9958187386458887
2025-05-06 22:35:00+00:00,1.1573764262765684,1.1573764262765684,0.0,0,0.0
2025-05-08 01:00:00+00:00,1.1571160361108952,1.1571160361108952,0.0,3,0.7501125140640821
2025-05-08 01:05:00+00:00,1.1590227491177887,1.1571160361108952,0.0019067130068934528,3,0.7488785009368262
2025-05-08 01:10:00+00:00,1.158906746051499,1.1571160361108952,0.0017907099406038853,3,0.7489534614137439
2025-05-08 01:15:00+00:00,1.1571697546767215,1.1571160361108952,5.371856582627953e-05,3,0.7500776920612593
2025-05-08 01:20:00+00:00,1.1564490359749737,1.1571160361108952,-0.0006670001359214922,3,0.75054515323215
2025-05-08 01:25:00+00:00,1.1576533672884886,1.1571160361108952,0.0005373311775933306,3,0.7497643452150132
2025-05-08 01:30:00+00:00,1.1577118894775398,1.1577118894775398,0.0,0,0.0
2025-05-08 02:30:00+00:00,1.157625061085829,1.157625061085829,0.0,1,0.2500187514063555
2025-05-08 02:35:00+00:00,1.158026586291514,1.157625061085829,0.00040152520568512466,1,0.2499320618331005
2025-05-08 02:40:00+00:00,1.1579453252379825,1.157625061085829,0.0003202641521535792,1,0.24994960129909527
2025-05-08 02:45:00+00:00,1.1585954136662346,1.157625061085829,0.0009703525804056858,1,0.24980935446095479
2025-05-08 02:50:00+00:00,1.1587627158352702,1.157625061085829,0.0011376547494411865,1,0.24977328698460646
2025-05-08 02:55:00+00:00,1.1585954136662346,1.157625061085829,0.0009703525804056858,1,0.24980935446095479
2025-05-08 03:00:00+00:00,1.1582982625477365,1.1582982625477365,0.0,0,0.0
2025-05-08 07:35:00+00:00,1.1582113901780453,1.1582113901780453,0.0,1,0.2500187514063555
2025-05-08 07:40:00+00:00,1.1565542619514344,1.1582113901780453,-0.0016571282266108294,1,0.2503769820089028
2025-05-08 07:45:00+00:00,1.1572431132701608,1.1582113901780453,-0.000968276907884401,1,0.2502279446007231
2025-05-08 07:50:00+00:00,1.1566080551129836,1.1582113901780453,-0.0016033350650616817,1,0.2503653371224766
2025-05-08 07:55:00+00:00,1.1565378251520724,1.1582113901780453,-0.0016735650259730402,1,0.25038054038471086
2025-05-08 08:00:00+00:00,1.1566992046367197,1.1582113901780453,-0.0015121855413256617,1,0.2503456079818778
2025-05-08 08:05:00+00:00,1.1567916428055256,1.1567916428055256,0.0,0,0.0
2025-05-09 13:50:00+00:00,1.1567048834323153,1.1567048834323153,0.0,1,0.2500187514063555
2025-05-09 13:55:00+00:00,1.156669731919716,1.1567048834323153,-3.5151512599440565e-05,1,0.2500263495452603
2025-05-09 14:00:00+00:00,1.156496764159306,1.1567048834323153,-0.00020811927300929398,1,0.25006374394104636
2025-05-09 14:05:00+00:00,1.155832791143539,1.1567048834323153,-0.0008720922887761123,1,0.2502073941121358
2025-05-09 14:10:00+00:00,1.1560211028181788,1.1567048834323153,-0.0006837806141363668,1,0.25016663622867014
2025-05-09 14:15:00+00:00,1.1562652105445637,1.1567048834323153,-0.0004396728877514948,1,0.25011382169422747
2025-05-09 14:20:00+00:00,1.155580038516387,1.155580038516387,0.0,0,0.0
2025-05-09 16:15:00+00:00,1.1554933700134984,1.1554933700134984,0.0,1,0.25001875140635543
2025-05-09 16:20:00+00:00,1.1561273521961104,1.1554933700134984,0.0006339821826121239,1,0.2498816493531868
2025-05-09 16:25:00+00:00,1.1565604687367068,1.1554933700134984,0.0010670987232084626,1,0.24978807199302974
2025-05-09 16:30:00+00:00,1.1556214218602834,1.1554933700134984,0.00012805184678498215,1,0.2499910473830111
2025-05-09 16:35:00+00:00,1.1559541055798719,1.1554933700134984,0.00046073556637352435,1,0.24991909993189193
2025-05-09 16:40:00+00:00,1.1562466161710574,1.1554933700134984,0.0007532461575589222,1,0.24985587467990225
2025-05-09 16:45:00+00:00,1.1569470899028176,1.1569470899028176,0.0,0,0.0
2025-05-10 07:55:00+00:00,1.1568603188710749,1.1568603188710749,0.0,1,0.2500187514063555
2025-05-10 08:00:00+00:00,1.1573373043885968,1.1568603188710749,0.0004769855175220329,1,0.2499157085656231
2025-05-10 08:05:00+00:00,1.1590097725956043,1.1568603188710749,0.002149453724529534,1,0.24955507650980213
2025-05-10 08:10:00+00:00,1.158658373138392,1.1568603188710749,0.001798054267317128,1,0.24963076190634623
2025-05-10 08:15:00+00:00,1.1579386684081563,1.1568603188710749,0.001078349537081397,1,0.24978591730883687
2025-05-10 08:20:00+00:00,1.1585738440593374,1.1568603188710749,0.0017135251882625343,1,0.24964897486576684
2025-05-10 08:25:00+00:00,1.159052210298988,1.159052210298988,0.0,0,0.0
2025-05-10 23:15:00+00:00,1.1589652813832156,1.1589652813832156,0.0,1,0.25001875140635543
2025-05-10 23:20:00+00:00,1.1597657318046928,1.1589652813832156,0.0008004504214772478,1,0.24984619275123035
2025-05-10 23:25:00+00:00,1.1602067963226497,1.1589652813832156,0.0012415149394339818,1,0.249751211157502
2025-05-10 23:30:00+00:00,1.1595043602384962,1.1589652813832156,0.0005390788552806099,1,0.24990251223819993
2025-05-10 23:35:00+00:00,1.156841637407868,1.1589652813832156,-0.0021236439753476426,1,0.2504777172647574
2025-05-10 23:40:00+00:00,1.1584588739737096,1.1589652813832156,-0.0005064074095059739,1,0.25012804432220437
2025-05-10 23:45:00+00:00,1.1583066021663881,1.1583066021663881,0.0,0,0.0
2025-05-12 07:05:00+00:00,1.158046002726836,1.158046002726836,0.0,3,0.7501125140640822
2025-05-12 07:10:00+00:00,1.155197636652556,1.158046002726836,-0.0028483660742800103,3,0.7519620634131825
2025-05-12 07:15:00+00:00,1.1592949491170805,1.158046002726836,0.001248946390244465,3,0.7493043933028979
2025-05-12 07:20:00+00:00,1.157365179754878,1.158046002726836,-0.0006808229719579057,3,0.7505537696332502
2025-05-12 07:25:00+00:00,1.1605931625295736,1.158046002726836,0.002547159802737492,3,0.7484662382587086
2025-05-12 07:30:00+00:00,1.1621860050814021,1.158046002726836,0.004140002354566071,3,0.7474404223671964
2025-05-12 07:35:00+00:00,1.1620587765835926,1.1620587765835926,0.0,0,0.0
2025-05-12 18:55:00+00:00,1.1619716221753489,1.1619716221753489,0.0,1,0.2500187514063555
2025-05-12 19:00:00+00:00,1.1624881709237587,1.1619716221753489,0.0005165487484098518,1,0.2499076561914981
2025-05-12 19:05:00+00:00,1.1634714184581696,1.1619716221753489,0.0014997962828206958,1,0.24969645969549276
2025-05-12 19:10:00+00:00,1.1633665616406887,1.1619716221753489,0.0013949394653397975,1,0.24971896539314922
2025-05-12 19:15:00+00:00,1.1631453882442537,1.1619716221753489,0.0011737660689047644,1,0.2497664497337041
2025-05-12 19:20:00+00:00,1.163365988652615,1.1619716221753489,0.001394366477266197,1,0.24971908838624884
2025-05-12 19:25:00+00:00,1.163084018299325,1.163084018299325,0.0,0,0.0
2025-05-17 20:55:00+00:00,1.1629967869979525,1.1629967869979525,0.0,1,0.2500187514063555
2025-05-17 21:00:00+00:00,1.1623902559078925,1.1629967869979525,-0.0006065310900601203,1,0.25014921029918874
2025-05-17 21:05:00+00:00,1.1620263372538562,1.1629967869979525,-0.0009704497440962182,1,0.2502275510054205
2025-05-17 21:10:00+00:00,1.1621303140121524,1.1629967869979525,-0.0008664729858001856,1,0.25020516293992023
2025-05-17 21:15:00+00:00,1.1623209380690285,1.1629967869979525,-0.0006758489289241312,1,0.2501641285563444
2025-05-17 21:20:00+00:00,1.1617837248178322,1.1629967869979525,-0.0012130621801202729,1,0.2502798054090697
2025-05-17 21:25:00+00:00,1.1619044470330517,1.1619044470330517,0.0,0,0.0
2025-05-18 22:25:00+00:00,1.1618173041995243,1.1618173041995243,0.0,1,0.25001875140635543
2025-05-18 22:30:00+00:00,1.1627988196521637,1.1618173041995243,0.0009815154526394067,1,0.24980771123000892
2025-05-18 22:35:00+00:00,1.1631252512619783,1.1618173041995243,0.0013079470624538787,1,0.24973760258673733
2025-05-18 22:40:00+00:00,1.16267835084378,1.1618173041995243,0.0008610466442555035,1,0.24983359460289115
2025-05-18 22:45:00+00:00,1.1633117836104436,1.1618173041995243,0.0014944794109193373,1,0.24969755817029893
2025-05-18 22:50:00+00:00,1.1638325197499095,1.1618173041995243,0.0020152155503852347,1,0.2495858354436444
2025-05-18 22:55:00+00:00,1.164260561497858,1.164260561497858,0.0,0,0.0
2025-05-19 07:10:00+00:00,1.1641732419557458,1.1641732419557458,0.0,1,0.2500187514063555
2025-05-19 07:15:00+00:00,1.1647975574280574,1.1641732419557458,0.0006243154723116221,1,0.24988474479389686
2025-05-19 07:20:00+00:00,1.1666217291987178,1.1641732419557458,0.0024484872429720588,1,0.2494940160032675
2025-05-19 07:25:00+00:00,1.166559541524718,1.1641732419557458,0.0023862995689723503,1,0.24950731618382394
2025-05-19 07:30:00+00:00,1.1654218729003691,1.1641732419557458,0.0012486309446232441,1,0.24975088175588706
2025-05-19 07:35:00+00:00,1.1662559193516604,1.1641732419557458,0.0020826773959145175,1,0.24957227272747487
2025-05-19 07:40:00+00:00,1.166444176560998,1.166444176560998,0.0,0,0.0
2025-05-20 20:50:00+00:00,1.166356693247756,1.166356693247756,0.0,1,0.2500187514063555
2025-05-20 20:55:00+00:00,1.1655194245898581,1.166356693247756,-0.0008372686578979944,1,0.2501983561903023
2025-05-20 21:00:00+00:00,1.1654522363642243,1.166356693247756,-0.0009044568835317784,1,0.250212780104972
2025-05-20 21:05:00+00:00,1.1661755298539418,1.166356693247756,-0.00018116339381417265,1,0.2500575913960161
2025-05-20 21:10:00+00:00,1.1657721284830314,1.166356693247756,-0.000584564764724733,1,0.25014412080661963
2025-05-20 21:15:00+00:00,1.164292083399333,1.166356693247756,-0.0020646098484229086,1,0.2504621033657168
2025-05-20 21:20:00+00:00,1.1645574062749455,1.1645574062749455,0.0,0,0.0
2025-05-21 04:40:00+00:00,1.164470064469475,1.164470064469475,0.0,1,0.25001875140635543
2025-05-21 04:45:00+00:00,1.1644459583503413,1.164470064469475,-2.4106119133789015e-05,1,0.2500239272427812
2025-05-21 04:50:00+00:00,1.1640180070218984,1.164470064469475,-0.00045205744757664644,1,0.2501158485628644
2025-05-21 04:55:00+00:00,1.1637170868156326,1.164470064469475,-0.0007529776538424633,1,0.25018052486055964
2025-05-21 05:00:00+00:00,1.1638159489896083,1.164470064469475,-0.0006541154798667714,1,0.2501592728828774
2025-05-21 05:05:00+00:00,1.164313780978012,1.164470064469475,-0.00015628349146298574,1,0.25005231091929725
2025-05-21 05:10:00+00:00,1.164139494630497,1.164139494630497,0.0,0,0.0
2025-05-21 23:25:00+00:00,1.1640521841683997,1.1640521841683997,0.0,1,0.2500187514063555
2025-05-21 23:30:00+00:00,1.1631347771274112,1.1640521841683997,-0.0009174070409885762,1,0.2502159503616527
2025-05-21 23:35:00+00:00,1.1632515380235369,1.1640521841683997,-0.0008006461448627668,1,0.2501908350382388
2025-05-21 23:40:00+00:00,1.1630847367433572,1.1640521841683997,-0.0009674474250424991,1,0.2502267156153414
2025-05-21 23:45:00+00:00,1.1628178546950696,1.1640521841683997,-0.0012343294733301096,1,0.2502841459498775
2025-05-21 23:50:00+00:00,1.1627678143110156,1.1640521841683997,-0.0012843698573840325,1,0.2502949170725658
2025-05-21 23:55:00+00:00,1.1630808269213497,1.1630808269213497,0.0,0,0.0
2025-05-22 08:20:00+00:00,1.1629935958593307,1.1629935958593307,0.0,1,0.25001875140635543
2025-05-22 08:25:00+00:00,1.16119241156944,1.1629935958593307,-0.0018011842898906037,1,0.25040656813915907
2025-05-22 08:30:00+00:00,1.161499666032393,1.1629935958593307,-0.0014939298269376104,1,0.25034032745234397
2025-05-22 08:35:00+00:00,1.160542074384603,1.1629935958593307,-0.002451521474727526,1,0.25054688937884756
2025-05-22 08:40:00+00:00,1.1609633278532454,1.1629935958593307,-0.0020302680060852733,1,0.2504559788878129
2025-05-22 08:45:00+00:00,1.1609969847025443,1.1629935958593307,-0.001996611156786477,1,0.2504487182667704
2025-05-22 08:50:00+00:00,1.1604613575514806,1.1604613575514806,0.0,0,0.0
2025-05-23 13:35:00+00:00,1.1603743229496641,1.1603743229496641,0.0,1,0.2500187514063555
2025-05-23 13:40:00+00:00,1.1597378724793435,1.1603743229496641,-0.0006364504703207289,1,0.2501559587492367
2025-05-23 13:45:00+00:00,1.159354941446367,1.1603743229496641,-0.0010193815032970394,1,0.25023858441999935
2025-05-23 13:50:00+00:00,1.1597450325471346,1.1603743229496641,-0.0006292904025296445,1,0.2501544143290644
2025-05-23 13:55:00+00:00,1.159941801817542,1.1603743229496641,-0.0004325211321221382,1,0.2501119788365943
2025-05-23 14:00:00+00:00,1.1609137147232609,1.1603743229496641,0.0005393917735968014,1,0.24990258596180678
2025-05-23 14:05:00+00:00,1.161747146614146,1.161747146614146,0.0,0,0.0
2025-05-24 00:10:00+00:00,1.16166001557815,1.16166001557815,0.0,1,0.2500187514063555
2025-05-24 00:15:00+00:00,1.1617745654469798,1.16166001557815,0.00011454986882968592,1,0.2499940997949066
2025-05-24 00:20:00+00:00,1.1621578669311408,1.16166001557815,0.0004978513529906424,1,0.24991164704712637
2025-05-24 00:25:00+00:00,1.1618406519097662,1.16166001557815,0.00018063633161603327,1,0.24997987992254653
2025-05-24 00:30:00+00:00,1.1615190311242058,1.16166001557815,-0.00014098445394426356,1,0.250049098526117
2025-05-24 00:35:00+00:00,1.1621490554027691,1.16166001557815,0.000489039824619138,1,0.24991354190179937
2025-05-24 00:40:00+00:00,1.1623130529253614,1.1623130529253614,0.0,0,0.0
2025-05-27 13:10:00+00:00,1.162225879446392,1.162225879446392,0.0,1,0.2500187514063555
2025-05-27 13:15:00+00:00,1.1628061835934118,1.162225879446392,0.0005803041470198005,1,0.24989397831835428
2025-05-27 13:20:00+00:00,1.1635150043932732,1.162225879446392,0.0012891249468812076,1,0.24974174130471602
2025-05-27 13:25:00+00:00,1.162920977728907,1.162225879446392,0.0006950982825148246,1,0.24986931080976527
2025-05-27 13:30:00+00:00,1.1629766594819861,1.162225879446392,0.000750780035594054,1,0.24985734740434937
2025-05-27 13:35:00+00:00,1.1621261273010652,1.162225879446392,-9.975214532673784e-05,1,0.2500402119916042
2025-05-27 13:40:00+00:00,1.162286223028898,1.162286223028898,0.0,0,0.0
2025-05-29 02:30:00+00:00,1.1621990515621707,1.1621990515621707,0.0,1,0.2500187514063555
2025-05-29 02:35:00+00:00,1.1646893534394058,1.1621990515621707,0.002490301877235001,1,0.24948416923289218
2025-05-29 02:40:00+00:00,1.1643051717218382,1.1621990515621707,0.002106120159667489,1,0.2495664906542598
2025-05-29 02:45:00+00:00,1.1650206175650217,1.1621990515621707,0.002821566002851069,1,0.24941323044096875
2025-05-29 02:50:00+00:00,1.1645295423117124,1.1621990515621707,0.0023304907495416516,1,0.2495184065321432
2025-05-29 02:55:00+00:00,1.164889381936982,1.1621990515621707,0.0026903303748114092,1,0.24944132916213993
2025-05-29 03:00:00+00:00,1.1647260091378449,1.1647260091378449,0.0,0,0.0
2025-05-29 20:55:00+00:00,1.1646386546871594,1.1646386546871594,0.0,1,0.2500187514063555
2025-05-29 21:00:00+00:00,1.1637083212557315,1.1646386546871594,-0.0009303334314280031,1,0.2502186303611319
2025-05-29 21:05:00+00:00,1.1640084288142567,1.1646386546871594,-0.000630225872902821,1,0.2501541183692972
2025-05-29 21:10:00+00:00,1.1642442276102407,1.1646386546871594,-0.000394427076918784,1,0.25010345370760245
2025-05-29 21:15:00+00:00,1.1635282567206164,1.1646386546871594,-0.001110397966543067,1,0.25025735353015927
2025-05-29 21:20:00+00:00,1.1633524794363372,1.1646386546871594,-0.0012861752508221583,1,0.2502951662814552
2025-05-29 21:25:00+00:00,1.163033613440504,1.163033613440504,0.0,0,0.0
2025-05-31 00:25:00+00:00,1.162946385919496,1.162946385919496,0.0,1,0.2500187514063555
2025-05-31 00:30:00+00:00,1.1625097113830103,1.162946385919496,-0.00043667453648558313,1,0.25011266616793904
2025-05-31 00:35:00+00:00,1.1629998562709023,1.162946385919496,5.347035140640188e-05,1,0.25000725648619376
2025-05-31 00:40:00+00:00,1.1638286467177015,1.162946385919496,0.000882260798205502,1,0.2498292202895504
2025-05-31 00:45:00+00:00,1.1635167363344976,1.162946385919496,0.0005703504150015555,1,0.24989619339393526
2025-05-31 00:50:00+00:00,1.1631157086989496,1.162946385919496,0.00016932277945360598,1,0.24998235445153227
2025-05-31 00:55:00+00:00,1.1624046604115335,1.1624046604115335,0.0,0,0.0
2025-06-01 16:10:00+00:00,1.1623174800620026,1.1623174800620026,0.0,1,0.2500187514063555
2025-06-01 16:15:00+00:00,1.162036694240632,1.1623174800620026,-0.00028078582137079335,1,0.25007916406012076
2025-06-01 16:20:00+00:00,1.1619137122617833,1.1623174800620026,-0.00040376780021922446,1,0.2501056335217859
2025-06-01 16:25:00+00:00,1.1623031091341371,1.1623174800620026,-1.4370927865480033e-05,1,0.25002184268384864
2025-06-01 16:30:00+00:00,1.1621784689713044,1.1623174800620026,-0.00013901109069835486,1,0.25004865677825483
2025-06-01 16:35:00+00:00,1.1620358651486395,1.1623174800620026,-0.0002816149133630636,1,0.25007934248717156
2025-06-01 16:40:00+00:00,1.1622189687885778,1.1622189687885778,0.0,0,0.0
2025-06-02 04:15:00+00:00,1.1621318023659186,1.1621318023659186,0.0,1,0.2500187514063555
2025-06-02 04:20:00+00:00,1.1621185561957705,1.1621318023659186,-1.3246170148027928e-05,1,0.25002160119384376
2025-06-02 04:25:00+00:00,1.1621053100256227,1.1621318023659186,-2.6492340296055857e-05,1,0.25002445104629817
2025-06-02 04:30:00+00:00,1.162008171444537,1.1621318023659186,-0.00012363092138164777,1,0.25004535194958627
2025-06-02 04:35:00+00:00,1.1621803716564614,1.1621318023659186,4.8569290542779826e-05,1,0.25000830274135105
2025-06-02 04:40:00+00:00,1.1621273869758693,1.1621318023659186,-4.41539004933189e-06,1,0.2500197013282999
2025-06-02 04:45:00+00:00,1.16197398970247,1.16197398970247,0.0,0,0.0
2025-06-05 20:50:00+00:00,1.1617997001401181,1.1617997001401181,0.0,2,0.5000562556255275
2025-06-05 20:55:00+00:00,1.1567946871835237,1.1617997001401181,-0.0050050129565944535,2,0.5022198098552978
2025-06-05 21:00:00+00:00,1.1544429529116114,1.1617997001401181,-0.007356747228506733,2,0.5032428898922032
2025-06-05 21:05:00+00:00,1.1582800021170998,1.1617997001401181,-0.0035196980230182496,2,0.5015757906352886
2025-06-05 21:10:00+00:00,1.1592951397074167,1.1617997001401181,-0.002504560432701357,2,0.501136585447561
2025-06-05 21:15:00+00:00,1.1574333286871183,1.1617997001401181,-0.004366371452999734,2,0.5019426980713605
2025-06-05 21:20:00+00:00,1.1588101124897914,1.1588101124897914,0.0,0,0.0
2025-06-09 21:05:00+00:00,1.1587232017313547,1.1587232017313547,0.0,1,0.2500187514063555
2025-06-09 21:10:00+00:00,1.1603322959769073,1.1587232017313547,0.0016090942455525643,1,0.24967203716288996
2025-06-09 21:15:00+00:00,1.1599555812329554,1.1587232017313547,0.0012323795016006675,1,0.2497531222829355
2025-06-09 21:20:00+00:00,1.1605801053807459,1.1587232017313547,0.0018569036493910765,1,0.24961872668617438
2025-06-09 21:25:00+00:00,1.1601011553670488,1.1587232017313547,0.0013779536356942031,1,0.24972178226198538
2025-06-09 21:30:00+00:00,1.1622425397670348,1.1587232017313547,0.003519338035680201,1,0.24926168007971652
2025-06-09 21:35:00+00:00,1.1613521931387538,1.1613521931387538,0.0,0,0.0
2025-06-09 23:45:00+00:00,1.1612650917242684,1.1612650917242684,0.0,1,0.2500187514063555
2025-06-09 23:50:00+00:00,1.1607258308619268,1.1612650917242684,-0.0005392608623415765,1,0.2501349074562168
2025-06-09 23:55:00+00:00,1.1604202497066,1.1612650917242684,-0.0008448420176684193,1,0.2502007771392281
2025-06-10 00:00:00+00:00,1.1604921511549122,1.1612650917242684,-0.0007729405693562134,1,0.25018527526941603
2025-06-10 00:05:00+00:00,1.1601865699995852,1.1612650917242684,-0.0010785217246831206,1,0.25025117148597253
2025-06-10 00:10:00+00:00,1.1599708656546488,1.1612650917242684,-0.0012942260696197062,1,0.25029770736597884
2025-06-10 00:15:00+00:00,1.1595062816365242,1.1595062816365242,0.0,0,0.0
2025-06-11 02:10:00+00:00,1.1594193186654016,1.1594193186654016,0.0,1,0.25001875140635543
2025-06-11 02:15:00+00:00,1.1585446156768406,1.1594193186654016,-0.0008747029885610597,1,0.2502075159529186
2025-06-11 02:20:00+00:00,1.1570926087158293,1.1594193186654016,-0.0023267099495723545,1,0.2505214951902972
2025-06-11 02:25:00+00:00,1.156847691879032,1.1594193186654016,-0.0025716267863694835,1,0.2505745332285649
2025-06-11 02:30:00+00:00,1.1574075017917111,1.1594193186654016,-0.002011816873690373,1,0.25045333640951095
2025-06-11 02:35:00+00:00,1.1571800790146853,1.1594193186654016,-0.0022392396507162804,1,0.2505025584746973
2025-06-11 02:40:00+00:00,1.1563933536527138,1.1563933536527138,0.0,0,0.0
2025-06-11 12:35:00+00:00,1.156133184661792,1.156133184661792,0.0,3,0.7501125140640822
2025-06-11 12:40:00+00:00,1.1530866840287124,1.156133184661792,-0.00304650063307945,3,0.7520943409992376
2025-06-11 12:45:00+00:00,1.158211413693795,1.156133184661792,0.0020782290320032638,3,0.7487665546083511
2025-06-11 12:50:00+00:00,1.1566496552636731,1.156133184661792,0.0005164706018812647,3,0.7497775716207467
2025-06-11 12:55:00+00:00,1.15560360324477,1.156133184661792,-0.0005295814170219687,3,0.7504562700432159
2025-06-11 13:00:00+00:00,1.1574165118050486,1.156133184661792,0.0012833271432565905,3,0.7492807998626893
2025-06-11 13:05:00+00:00,1.156238866976674,1.156238866976674,0.0,0,0.0
2025-06-13 02:50:00+00:00,1.1561521490616509,1.1561521490616509,0.0,1,0.2500187514063555
2025-06-13 02:55:00+00:00,1.1555988836276923,1.1561521490616509,-0.000553265433958637,1,0.25013845274473023
2025-06-13 03:00:00+00:00,1.1559856674769364,1.1561521490616509,-0.00016648158471434534,1,0.2500547583561936
2025-06-13 03:05:00+00:00,1.155995427703846,1.1561521490616509,-0.00015672135780479788,1,0.2500526471097969
2025-06-13 03:10:00+00:00,1.1567885158561537,1.1561521490616509,0.0006363667945027519,1,0.24988121232361285
2025-06-13 03:15:00+00:00,1.1569259956237654,1.1561521490616509,0.000773846562114474,1,0.24985151845284606
2025-06-13 03:20:00+00:00,1.1575453604097417,1.1575453604097417,0.0,0,0.0
2025-06-13 15:10:00+00:00,1.157458544507711,1.157458544507711,0.0,1,0.25001875140635543
2025-06-13 15:15:00+00:00,1.1578300747569599,1.157458544507711,0.0003715302492488535,1,0.24993852415103357
2025-06-13 15:20:00+00:00,1.1577498330167375,1.157458544507711,0.00029128850902645224,1,0.24995584697981277
2025-06-13 15:25:00+00:00,1.1578707452280315,1.157458544507711,0.00041220072032049123,1,0.24992974500400178
2025-06-13 15:30:00+00:00,1.1582400770734387,1.157458544507711,0.0007815325657275964,1,0.24985004907932118
2025-06-13 15:35:00+00:00,1.1581790713668312,1.157458544507711,0.0007205268591201719,1,0.24986320963382164
2025-06-13 15:40:00+00:00,1.157954030823253,1.157954030823253,0.0,0,0.0
2025-06-16 01:40:00+00:00,1.1578671842709412,1.1578671842709412,0.0,1,0.2500187514063555
2025-06-16 01:45:00+00:00,1.1573229976680068,1.1578671842709412,-0.0005441866029344055,1,0.2501363131028498
2025-06-16 01:50:00+00:00,1.1572667025021859,1.1578671842709412,-0.0006004817687552149,1,0.25014848096803893
2025-06-16 01:55:00+00:00,1.1608883581699907,1.1578671842709412,0.003021173899049442,1,0.24936808580125583
2025-06-16 02:00:00+00:00,1.1620142614864066,1.1578671842709412,0.004147077215465374,1,0.24912646711883726
2025-06-16 02:05:00+00:00,1.1617890808231233,1.1578671842709412,0.0039218965521822,1,0.24917475339044476
2025-06-16 02:10:00+00:00,1.1628281375872276,1.1628281375872276,0.0,0,0.0
2025-06-17 00:20:00+00:00,1.1627409254769085,1.1627409254769085,0.0,1,0.2500187514063555
2025-06-17 00:25:00+00:00,1.163051054330779,1.1627409254769085,0.0003101288538704102,1,0.24995208362893412
2025-06-17 00:30:00+00:00,1.163632545931786,1.1627409254769085,0.0008916204548775584,1,0.24982717732772025
2025-06-17 00:35:00+00:00,1.1627796915836424,1.1627409254769085,3.8766106733801276e-05,1,0.25001041598936063
2025-06-17 00:40:00+00:00,1.1628959899038438,1.1627409254769085,0.00015506442693526967,1,0.24998541307279298
2025-06-17 00:45:00+00:00,1.1625470949432395,1.1627409254769085,-0.0001938305336690064,1,0.2500604368298735
2025-06-17 00:50:00+00:00,1.164553252596546,1.164553252596546,0.0,0,0.0
2025-06-17 02:55:00+00:00,1.1643785761592684,1.1643785761592684,0.0,2,0.5000562556255275
2025-06-17 03:00:00+00:00,1.16668724274957,1.1643785761592684,0.0023086665903015737,2,0.49906673321683703
2025-06-17 03:05:00+00:00,1.1649982282068811,1.1643785761592684,0.0006196520476127827,2,0.4997902802143916
2025-06-17 03:10:00+00:00,1.1673613750990108,1.1643785761592684,0.0029827989397424003,2,0.49877853023482327
2025-06-17 03:15:00+00:00,1.1678244617738573,1.1643785761592684,0.0034458856145890083,2,0.4985807456373843
2025-06-17 03:20:00+00:00,1.1671203307316258,1.1643785761592684,0.0027417545723573892,2,0.4988815425396559
2025-06-17 03:25:00+00:00,1.166518233534607,1.166518233534607,0.0,0,0.0
2025-06-18 17:40:00+00:00,1.1664307446670918,1.1664307446670918,0.0,1,0.2500187514063555
2025-06-18 17:45:00+00:00,1.1666129590461878,1.1664307446670918,0.00018221437909597945,1,0.24997970074161135
2025-06-18 17:50:00+00:00,1.1664626321834335,1.1664307446670918,3.188751634174622e-05,1,0.25001191665931666
2025-06-18 17:55:00+00:00,1.1667997287847611,1.1664307446670918,0.00036898411766936973,1,0.24993968646820663
2025-06-18 18:00:00+00:00,1.1667906180658063,1.1664307446670918,0.0003598733987145481,1,0.24994163808677797
2025-06-18 18:05:00+00:00,1.1663715249938855,1.1664307446670918,-5.921967320624351e-05,1,0.250031445499478
2025-06-18 18:10:00+00:00,1.166165596779958,1.166165596779958,0.0,0,0.0
2025-06-20 17:45:00+00:00,1.1659906785001226,1.1659906785001226,0.0,2,0.5000562556255274
2025-06-20 17:50:00+00:00,1.1669037769748942,1.1659906785001226,0.0009130984747715391,2,0.49966496320423154
2025-06-20 17:55:00+00:00,1.1656763899994134,1.1659906785001226,-0.00031428850070929404,2,0.5001910802923037
2025-06-20 18:00:00+00:00,1.1675862572972737,1.1659906785001226,0.0015955787971511435,2,0.49937289784029115
2025-06-20 18:05:00+00:00,1.166535280124925,1.1659906785001226,0.0005446016248023739,2,0.4998228023781664
2025-06-20 18:10:00+00:00,1.1677690532707732,1.1659906785001226,0.0017783747706505433,2,0.49929472882669695
2025-06-20 18:15:00+00:00,1.1683967424788035,1.1683967424788035,0.0,0,0.0
2025-06-21 23:50:00+00:00,1.1683091127231175,1.1683091127231175,0.0,1,0.2500187514063555
2025-06-21 23:55:00+00:00,1.1675469065427933,1.1683091127231175,-0.0007622061803242603,1,0.2501819704054818
2025-06-22 00:00:00+00:00,1.1709006137362201,1.1683091127231175,0.002591501013102511,1,0.249465396288113
2025-06-22 00:05:00+00:00,1.1714232694027282,1.1683091127231175,0.0031141566796106103,1,0.24935409194033942
2025-06-22 00:10:00+00:00,1.1688753230285014,1.1683091127231175,0.0005662103053837473,1,0.24989764080474
2025-06-22 00:15:00+00:00,1.170116630236458,1.1683091127231175,0.001807517513340459,1,0.24963253924582993
2025-06-22 00:20:00+00:00,1.1717711860357989,1.1717711860357989,0.0,0,0.0
2025-06-22 02:05:00+00:00,1.171683303196846,1.171683303196846,0.0,1,0.2500187514063555
2025-06-22 02:10:00+00:00,1.1698169717921836,1.171683303196846,-0.0018663314046626057,1,0.2504176324781434
2025-06-22 02:15:00+00:00,1.170453519022415,1.171683303196846,-0.0012297841744311358,1,0.2502814436865644
2025-06-22 02:20:00+00:00,1.1695941517679933,1.171683303196846,-0.0020891514288528565,1,0.25046533967883533
2025-06-22 02:25:00+00:00,1.1699454779698175,1.171683303196846,-0.0017378252270285513,1,0.25039012674102334
2025-06-22 02:30:00+00:00,1.1698277993636914,1.171683303196846,-0.001855503833154614,1,0.25041531468844486
2025-06-22 02:35:00+00:00,1.1692808844800195,1.1692808844800195,0.0,0,0.0
2025-06-22 13:50:00+00:00,1.1691931884136835,1.1691931884136835,0.0,1,0.2500187514063555
2025-06-22 13:55:00+00:00,1.1688803284627547,1.1691931884136835,-0.0003128599509286802,1,0.25008567087825656
2025-06-22 14:00:00+00:00,1.16894669269477,1.1691931884136835,-0.00024649571891352827,1,0.2500714728454552
2025-06-22 14:05:00+00:00,1.1695913738057746,1.1691931884136835,0.0003981853920911066,1,0.24993363294807297
2025-06-22 14:10:00+00:00,1.1696198156194955,1.1691931884136835,0.0004266272058119045,1,0.24992755527587904
2025-06-22 14:15:00+00:00,1.1683731161180673,1.1691931884136835,-0.0008200722956161032,1,0.25019423768602456
2025-06-22 14:20:00+00:00,1.1675601538018512,1.1675601538018512,0.0,0,0.0
2025-06-22 20:40:00+00:00,1.167472586790316,1.167472586790316,0.0,1,0.2500187514063555
2025-06-22 20:45:00+00:00,1.1678622533699683,1.167472586790316,0.0003896665796523651,1,0.24993533065067275
2025-06-22 20:50:00+00:00,1.168317355638488,1.167472586790316,0.0008447688481721504,1,0.249837971713554
2025-06-22 20:55:00+00:00,1.1691862944257914,1.167472586790316,0.0017137076354754423,1,0.24965229223270644
2025-06-22 21:00:00+00:00,1.168844378213691,1.167472586790316,0.0013717914233750976,1,0.2497253217717053
2025-06-22 21:05:00+00:00,1.1685496228584322,1.167472586790316,0.0010770360681161865,1,0.24978831257200684
2025-06-22 21:10:00+00:00,1.16810687564381,1.16810687564381,0.0,0,0.0
2025-06-23 13:40:00+00:00,1.1677564830027527,1.1677564830027527,0.0,4,1.0001875281286918
2025-06-23 13:45:00+00:00,1.174194602059984,1.1677564830027527,0.006438119057231429,4,0.9947034913477756
2025-06-23 13:50:00+00:00,1.174479633997778,1.1677564830027527,0.006723150995025343,4,0.9944620888956067
2025-06-23 13:55:00+00:00,1.17255673304858,1.1677564830027527,0.004800250045827311,4,0.9960929286160074
2025-06-23 14:00:00+00:00,1.1791649577420806,1.1677564830027527,0.011408474739327944,4,0.9905106681827378
2025-06-23 14:05:00+00:00,1.181632501558119,1.1677564830027527,0.013876018555366455,4,0.9884422344939457
2025-06-23 14:10:00+00:00,1.1787390432108893,1.1787390432108893,0.0,0,0.0
2025-06-23 16:00:00+00:00,1.1786506377826484,1.1786506377826484,0.0,1,0.2500187514063555
2025-06-23 16:05:00+00:00,1.1795786445487813,1.1786506377826484,0.0009280067661327408,1,0.24982205481979264
2025-06-23 16:10:00+00:00,1.179152518992904,1.1786506377826484,0.0005018812102554498,1,0.24991233623824002
2025-06-23 16:15:00+00:00,1.179242478832478,1.1786506377826484,0.000591841049829538,1,0.2498932713944279
2025-06-23 16:20:00+00:00,1.179621257104369,1.1786506377826484,0.0009706193217204634,1,0.2498130302653995
2025-06-23 16:25:00+00:00,1.1784423097331085,1.1786506377826484,-0.00020832804953996965,1,0.2500629503615345
2025-06-23 16:30:00+00:00,1.1773027946003705,1.1773027946003705,0.0,0,0.0
2025-06-23 22:05:00+00:00,1.1770379213380733,1.1770379213380733,0.0,3,0.7501125140640822
2025-06-23 22:10:00+00:00,1.184818403985331,1.1770379213380733,0.007780482647257706,3,0.7451866643477584
2025-06-23 22:15:00+00:00,1.18973407029919,1.1770379213380733,0.012696148961116926,3,0.7421077502652608
2025-06-23 22:20:00+00:00,1.1877322744337988,1.1770379213380733,0.010694353095725518,3,0.7433584936003814
2025-06-23 22:25:00+00:00,1.1961301706929464,1.1770379213380733,0.019092249354873105,3,0.7381394566882069
2025-06-23 22:30:00+00:00,1.1963860280166914,1.1770379213380733,0.019348106678618148,3,0.737981599289745
2025-06-23 22:35:00+00:00,1.1901287802229081,1.1901287802229081,0.0,0,0.0
2025-06-24 16:45:00+00:00,1.1900395205643914,1.1900395205643914,0.0,1,0.2500187514063555
2025-06-24 16:50:00+00:00,1.1896154349601202,1.1900395205643914,-0.0004240856042712252,1,0.25010788050652794
2025-06-24 16:55:00+00:00,1.1909575695145467,1.1900395205643914,0.0009180489501553229,1,0.24982602459717007
2025-06-24 17:00:00+00:00,1.1910370855653476,1.1900395205643914,0.0009975650009562415,1,0.24980934570521615
2025-06-24 17:05:00+00:00,1.1898636214217106,1.1900395205643914,-0.00017589914268068707,1,0.25005571201531496
2025-06-24 17:10:00+00:00,1.1893491766688022,1.1900395205643914,-0.0006903438955892508,1,0.25016387188249656
2025-06-24 17:15:00+00:00,1.188663546629279,1.188663546629279,0.0,0,0.0
2025-06-25 03:40:00+00:00,1.1885743968632818,1.1885743968632818,0.0,1,0.2500187514063555
2025-06-25 03:45:00+00:00,1.1872834261788678,1.1885743968632818,-0.0012909706844139886,1,0.25029060467365677
2025-06-25 03:50:00+00:00,1.1890276099758952,1.1885743968632818,0.0004532131126134163,1,0.2499234535549129
2025-06-25 03:55:00+00:00,1.1886522213371649,1.1885743968632818,7.78244738830839e-05,1,0.2500023819608273
2025-06-25 04:00:00+00:00,1.1881440733018105,1.1885743968632818,-0.0004303235614713076,1,0.25010930352200994
2025-06-25 04:05:00+00:00,1.1888902726690427,1.1885743968632818,0.0003158758057608959,1,0.24995232401909245
2025-06-25 04:10:00+00:00,1.1888377461848727,1.1888377461848727,0.0,0,0.0
2025-06-26 02:55:00+00:00,1.1887485833539089,1.1887485833539089,0.0,1,0.2500187514063555
2025-06-26 03:00:00+00:00,1.187674411117476,1.1887485833539089,-0.0010741722364329164,1,0.25024487668011264
2025-06-26 03:05:00+00:00,1.1904251951078988,1.1887485833539089,0.0016766117539898596,1,0.2496666214455243
2025-06-26 03:10:00+00:00,1.1896397660721885,1.1887485833539089,0.0008911827182795051,1,0.2498314574062273
2025-06-26 03:15:00+00:00,1.1885584643740092,1.1887485833539089,-0.0001901189798996172,1,0.2500587438100932
2025-06-26 03:20:00+00:00,1.1888341368948636,1.1887485833539089,8.555354095480134e-05,1,0.25000075899780655
2025-06-26 03:25:00+00:00,1.1880379691073981,1.1880379691073981,0.0,0,0.0
2025-06-27 01:15:00+00:00,1.187948866259715,1.187948866259715,0.0,1,0.2500187514063555
2025-06-27 01:20:00+00:00,1.1876068651326865,1.187948866259715,-0.00034200112702852304,1,0.25009075056472146
2025-06-27 01:25:00+00:00,1.1880597855441568,1.187948866259715,0.00011091928444170454,1,0.24999540923002694
2025-06-27 01:30:00+00:00,1.1881291100969327,1.187948866259715,0.00018024383721768745,1,0.24998082258300885
2025-06-27 01:35:00+00:00,1.188230786107671,1.187948866259715,0.0002819198479559496,1,0.2499594319128642
2025-06-27 01:40:00+00:00,1.1883555703026678,1.187948866259715,0.00040670404295278475,1,0.24993318472955262
2025-06-27 01:45:00+00:00,1.1883727651025748,1.1883727651025748,0.0,0,0.0
2025-07-02 15:15:00+00:00,1.1882836371451921,1.1882836371451921,0.0,1,0.2500187514063555
2025-07-02 15:20:00+00:00,1.189002913137657,1.1882836371451921,0.0007192759924647418,1,0.24986750494298218
2025-07-02 15:25:00+00:00,1.1886546070185862,1.1882836371451921,0.00037096987339393646,1,0.24994072249534324
2025-07-02 15:30:00+00:00,1.1879830441931174,1.1882836371451921,-0.00030059295207480417,1,0.25008201314643386
2025-07-02 15:35:00+00:00,1.1881261836941053,1.1882836371451921,-0.00015745345108676763,1,0.250051884516109
2025-07-02 15:40:00+00:00,1.1881715112027516,1.1882836371451921,-0.00011212594244060444,1,0.25004234529651775
2025-07-02 15:45:00+00:00,1.188354348297246,1.188354348297246,0.0,0,0.0
2025-07-02 20:00:00+00:00,1.1882652217211238,1.1882652217211238,0.0,1,0.2500187514063555
2025-07-02 20:05:00+00:00,1.1876228100416182,1.1882652217211238,-0.0006424116795057095,1,0.2501539921281072
2025-07-02 20:10:00+00:00,1.1870671182335908,1.1882652217211238,-0.0011981034875329455,1,0.2502710946255446
2025-07-02 20:15:00+00:00,1.1872610968934771,1.1882652217211238,-0.0010041248276466404,1,0.25023020450316896
2025-07-02 20:20:00+00:00,1.1863493971920116,1.1882652217211238,-0.0019158245291121894,1,0.2504225043461016
2025-07-02 20:25:00+00:00,1.1864794769992295,1.1882652217211238,-0.0017857447218943474,1,0.2503950492474506
2025-07-02 20:30:00+00:00,1.1876340959482605,1.1876340959482605,0.0,0,0.0
2025-07-02 22:35:00+00:00,1.1875450233910645,1.1875450233910645,0.0,1,0.25001875140635543
2025-07-02 22:40:00+00:00,1.1863790823825464,1.1875450233910645,-0.0011659410085181107,1,0.25026446301699656
2025-07-02 22:45:00+00:00,1.185747862128665,1.1875450233910645,-0.0017971612623993857,1,0.25039768864019063
2025-07-02 22:50:00+00:00,1.1851416182157648,1.1875450233910645,-0.0024034051752997608,1,0.2505257763490426
2025-07-02 22:55:00+00:00,1.1852437941561411,1.1875450233910645,-0.0023012292349232897,1,0.2505041793519411
2025-07-02 23:00:00+00:00,1.185106424280746,1.1875450233910645,-0.0024385991103183045,1,0.25053321617698776
2025-07-02 23:05:00+00:00,1.1848652231012118,1.1848652231012118,0.0,0,0.0
2025-07-04 14:25:00+00:00,1.1846874999826136,1.1846874999826136,0.0,2,0.5000562556255274
2025-07-04 14:30:00+00:00,1.1851224028902732,1.1846874999826136,0.0004349029076596814,2,0.49987275059766306
2025-07-04 14:35:00+00:00,1.1842581748234335,1.1846874999826136,-0.0004293251591799603,2,0.500237539349051
2025-07-04 14:40:00+00:00,1.1848210478041592,1.1846874999826136,0.0001335478215455922,2,0.499999891482003
2025-07-04 14:45:00+00:00,1.1851735702687796,1.1846874999826136,0.00048607028616604606,2,0.4998511696420322
2025-07-04 14:50:00+00:00,1.1843016193398457,1.1846874999826136,-0.00038588064276783897,2,0.5002191888058842
2025-07-04 14:55:00+00:00,1.1843768603179892,1.1843768603179892,0.0,0,0.0
2025-07-08 13:45:00+00:00,1.1842880320534652,1.1842880320534652,0.0,1,0.2500187514063555
2025-07-08 13:50:00+00:00,1.1842339667479713,1.1842880320534652,-5.406530549400425e-05,1,0.2500301658232305
2025-07-08 13:55:00+00:00,1.1841492010428751,1.1842880320534652,-0.00013883101059012872,1,0.2500480638915505
2025-07-08 14:00:00+00:00,1.1842695574767135,1.1842880320534652,-1.8474576751704683e-05,1,0.25002265169289334
2025-07-08 14:05:00+00:00,1.1838169303462962,1.1842880320534652,-0.00047110170716894604,1,0.2501182467401292
2025-07-08 14:10:00+00:00,1.1834425484821216,1.1842880320534652,-0.0008454835713435807,1,0.25019737160816674
2025-07-08 14:15:00+00:00,1.1830632890036625,1.1830632890036625,0.0,0,0.0
2025-07-08 16:25:00+00:00,1.1829745592569874,1.1829745592569874,0.0,1,0.25001875140635543
2025-07-08 16:30:00+00:00,1.183014944807422,1.1829745592569874,4.038555043483329e-05,1,0.2500102163113942
2025-07-08 16:35:00+00:00,1.1825796783194027,1.1829745592569874,-0.0003948809375846718,1,0.2501022363848132
2025-07-08 16:40:00+00:00,1.1825841656027842,1.1829745592569874,-0.00039039365420303826,1,0.2501012873786945
2025-07-08 16:45:00+00:00,1.182687373120562,1.1829745592569874,-0.0002871861364252039,1,0.2500794622255306
2025-07-08 16:50:00+00:00,1.1824899326517697,1.1829745592569874,-0.00048462660521757266,1,0.2501212180197186
2025-07-08 16:55:00+00:00,1.1825896688071236,1.1825896688071236,0.0,0,0.0
2025-07-09 05:40:00+00:00,1.1824122870088694,1.1824122870088694,0.0,2,0.5000562556255274
2025-07-09 05:45:00+00:00,1.1830783674037912,1.1824122870088694,0.0006660803949218411,2,0.4997747208790497
2025-07-09 05:50:00+00:00,1.1816853393783637,1.1824122870088694,-0.0007269476305056618,2,0.5003638795741647
2025-07-09 05:55:00+00:00,1.181454670272489,1.1824122870088694,-0.0009576167363803171,2,0.5004615714210189
2025-07-09 06:00:00+00:00,1.1815501575993996,1.1824122870088694,-0.0008621294094696974,2,0.5004211264704858
2025-07-09 06:05:00+00:00,1.180577473373712,1.1824122870088694,-0.001834813635157356,2,0.5008334261686392
2025-07-09 06:10:00+00:00,1.179754775405415,1.179754775405415,0.0,0,0.0
2025-07-09 12:15:00+00:00,1.1796662937972595,1.1796662937972595,0.0,1,0.2500187514063555
2025-07-09 12:20:00+00:00,1.180184586704122,1.1796662937972595,0.0005182929068625629,1,0.24990895252667478
2025-07-09 12:25:00+00:00,1.180589433524075,1.1796662937972595,0.0009231397268153781,1,0.2498232539410063
2025-07-09 12:30:00+00:00,1.1807918569340512,1.1796662937972595,0.0011255631367917203,1,0.2497804266851634
2025-07-09 12:35:00+00:00,1.1805760869256148,1.1796662937972595,0.0009097931283553693,1,0.24982607823220895
2025-07-09 12:40:00+00:00,1.1805538425948483,1.1796662937972595,0.0008875487975887533,1,0.24983078552612284
2025-07-09 12:45:00+00:00,1.180539879494761,1.180539879494761,0.0,0,0.0
2025-07-09 18:10:00+00:00,1.1803628051533737,1.1803628051533737,0.0,2,0.5000562556255274
2025-07-09 18:15:00+00:00,1.1820277265563703,1.1803628051533737,0.0016649214029965736,2,0.49935191143461843
2025-07-09 18:20:00+00:00,1.180735935102092,1.1803628051533737,0.00037312994871841956,2,0.4998982304825036
2025-07-09 18:25:00+00:00,1.1826534074036892,1.1803628051533737,0.0022906022503156034,2,0.49908773012410024
2025-07-09 18:30:00+00:00,1.1825321095479797,1.1803628051533737,0.0021693043946060826,2,0.49913892388956854
2025-07-09 18:35:00+00:00,1.1810492035487488,1.1803628051533737,0.0006863983953751509,2,0.49976563453164974
2025-07-09 18:40:00+00:00,1.1810643382566006,1.1810643382566006,0.0,0,0.0
2025-07-09 21:05:00+00:00,1.1809757584312315,1.1809757584312315,0.0,1,0.25001875140635543
2025-07-09 21:10:00+00:00,1.1810135187249073,1.1809757584312315,3.776029367596016e-05,1,0.25001075761007124
2025-07-09 21:15:00+00:00,1.1808545000233706,1.1809757584312315,-0.00012125840786084828,1,0.2500444250822658
2025-07-09 21:20:00+00:00,1.180998893259047,1.1809757584312315,2.3134827815541053e-05,1,0.250013853738121
2025-07-09 21:25:00+00:00,1.1813469793465248,1.1809757584312315,0.00037122091529335853,1,0.2499401866905182
2025-07-09 21:30:00+00:00,1.1813756984431236,1.1809757584312315,0.0003999400118920426,1,0.2499341106756019
2025-07-09 21:35:00+00:00,1.1806773696501556,1.1806773696501556,0.0,0,0.0
2025-07-10 21:20:00+00:00,1.1803232062851294,1.1803232062851294,0.0,4,1.0001875281286918
2025-07-10 21:25:00+00:00,1.1823643488624969,1.1803232062851294,0.002041142577367426,4,0.998460881557371
2025-07-10 21:30:00+00:00,1.180730839244549,1.1803232062851294,0.000407632959419658,4,0.9998422255512419
2025-07-10 21:35:00+00:00,1.182241791166731,1.1803232062851294,0.00191858488160137,4,0.9985643875117962
2025-07-10 21:40:00+00:00,1.1837456642531392,1.1803232062851294,0.0034224579680098054,4,0.99729577538271
2025-07-10 21:45:00+00:00,1.1904572014499424,1.1803232062851294,0.010133995164812998,4,0.9916732400370097
2025-07-10 21:50:00+00:00,1.19408028440488,1.19408028440488,0.0,0,0.0
2025-07-11 05:10:00+00:00,1.1939907283835496,1.1939907283835496,0.0,1,0.2500187514063555
2025-07-11 05:15:00+00:00,1.1935936288528113,1.1939907283835496,-0.00039709953073821763,1,0.25010193074516834
2025-07-11 05:20:00+00:00,1.1941244252104817,1.1939907283835496,0.00013369682693200753,1,0.24999075875079058
2025-07-11 05:25:00+00:00,1.1936385270409602,1.1939907283835496,-0.0003522013425893953,1,0.2500925232710557
2025-07-11 05:30:00+00:00,1.1941354003231401,1.1939907283835496,0.00014467193959059822,1,0.2499884611246251
2025-07-11 05:35:00+00:00,1.1964192214936422,1.1939907283835496,0.0024284931100925877,1,0.24951126305755889
2025-07-11 05:40:00+00:00,1.195241133844082,1.195241133844082,0.0,0,0.0
2025-07-11 16:25:00+00:00,1.1951514907590437,1.1951514907590437,0.0,1,0.2500187514063555
2025-07-11 16:30:00+00:00,1.1953791542801053,1.1951514907590437,0.00022766352106161298,1,0.24997113459032452
2025-07-11 16:35:00+00:00,1.1955084100529814,1.1951514907590437,0.000356919293937585,1,0.2499441082541428
2025-07-11 16:40:00+00:00,1.195640725134091,1.1951514907590437,0.0004892343750472776,1,0.24991644829387102
2025-07-11 16:45:00+00:00,1.1953980200142134,1.1951514907590437,0.0002465292551697225,1,0.24996718955370834
2025-07-11 16:50:00+00:00,1.1952047737107816,1.1951514907590437,5.328295173781443e-05,1,0.25000760541919265
2025-07-11 16:55:00+00:00,1.195569692840808,1.195569692840808,0.0,0,0.0
2025-07-11 22:35:00+00:00,1.1954800251138449,1.1954800251138449,0.0,1,0.2500187514063555
2025-07-11 22:40:00+00:00,1.193854267369228,1.1954800251138449,-0.001625757744616897,1,0.25035922003180505
2025-07-11 22:45:00+00:00,1.194305754264682,1.1954800251138449,-0.0011742708491628898,1,0.25026457600401164
2025-07-11 22:50:00+00:00,1.1946711954513611,1.1954800251138449,-0.0008088296624837248,1,0.25018802189942885
2025-07-11 22:55:00+00:00,1.1947774872092596,1.1954800251138449,-0.0007025379045853803,1,0.25016576426155274
2025-07-11 23:00:00+00:00,1.1951378668836579,1.1954800251138449,-0.00034215823018711585,1,0.25009032973707795
2025-07-11 23:05:00+00:00,1.1955573872921508,1.1955573872921508,0.0,0,0.0
2025-07-13 14:20:00+00:00,1.195467720488104,1.195467720488104,0.0,1,0.2500187514063555
2025-07-13 14:25:00+00:00,1.1940385946113692,1.195467720488104,-0.0014291258767346853,1,0.2503179948888662
2025-07-13 14:30:00+00:00,1.1942337005002928,1.195467720488104,-0.0012340199878111068,1,0.2502770996144439
2025-07-13 14:35:00+00:00,1.1938642868121279,1.195467720488104,-0.0016034336759761009,1,0.25035454207373603
2025-07-13 14:40:00+00:00,1.1933205653247214,1.195467720488104,-0.0021471551633824104,1,0.25046861296797074
2025-07-13 14:45:00+00:00,1.1925292475315745,1.195467720488104,-0.0029384729565293797,1,0.25063481456887626
2025-07-13 14:50:00+00:00,1.1919899458363028,1.1919899458363028,0.0,0,0.0
2025-07-14 03:45:00+00:00,1.1918111540493708,1.1918111540493708,0.0,2,0.5000562556255275
2025-07-14 03:50:00+00:00,1.190599529663404,1.1918111540493708,-0.001211624385966821,2,0.5005651423994391
2025-07-14 03:55:00+00:00,1.191466786749062,1.1918111540493708,-0.00034436730030872737,2,0.5002007859008716
2025-07-14 04:00:00+00:00,1.1904622063055394,1.1918111540493708,-0.0013489477438312874,2,0.5006228840781082
2025-07-14 04:05:00+00:00,1.1904659870047354,1.1918111540493708,-0.001345167044635306,2,0.5006212941926718
2025-07-14 04:10:00+00:00,1.1906943196306379,1.1918111540493708,-0.001116834418732895,2,0.5005252929161047
2025-07-14 04:15:00+00:00,1.190583777976681,1.190583777976681,0.0,0,0.0
2025-07-15 12:35:00+00:00,1.1904051971070182,1.1904051971070182,0.0,2,0.5000562556255274
2025-07-15 12:40:00+00:00,1.1874628293148837,1.1904051971070182,-0.0029423677921344453,2,0.5012953255016404
2025-07-15 12:45:00+00:00,1.1838218264189546,1.1904051971070182,-0.006583370688063656,2,0.5028371265490061
2025-07-15 12:50:00+00:00,1.1865422294953527,1.1904051971070182,-0.0038629676116655486,2,0.5016842643651015
2025-07-15 12:55:00+00:00,1.1883636432424964,1.1904051971070182,-0.0020415538645218133,2,0.5009153291818044
2025-07-15 13:00:00+00:00,1.1884750257766292,1.1904051971070182,-0.001930171330388922,2,0.5008683839641598
2025-07-15 13:05:00+00:00,1.1905768053142878,1.1905768053142878,0.0,0,0.0
2025-07-15 23:05:00+00:00,1.190398225490485,1.190398225490485,0.0,2,0.5000562556255275
2025-07-15 23:10:00+00:00,1.190953012457963,1.190398225490485,0.000554786967477974,2,0.4998233121838258
2025-07-15 23:15:00+00:00,1.1890699201238744,1.190398225490485,-0.0013283053666105918,2,0.5006148665168747
2025-07-15 23:20:00+00:00,1.1906534994580917,1.190398225490485,0.0002552739676067755,2,0.49994904446421295
2025-07-15 23:25:00+00:00,1.189706621473606,1.190398225490485,-0.0006916040168789209,2,0.5003469499099954
2025-07-15 23:30:00+00:00,1.1898681161219749,1.190398225490485,-0.0005301093685102787,2,0.5002790404050316
2025-07-15 23:35:00+00:00,1.1884320133703843,1.1884320133703843,0.0,0,0.0
2025-07-16 14:35:00+00:00,1.1883428809693815,1.1883428809693815,0.0,1,0.2500187514063555
2025-07-16 14:40:00+00:00,1.1879509941831272,1.1883428809693815,-0.00039188678625420593,1,0.25010122875219865
2025-07-16 14:45:00+00:00,1.1880721395128357,1.1883428809693815,-0.00027074145654563324,1,0.25007572643225523
2025-07-16 14:50:00+00:00,1.190763952028254,1.1883428809693815,0.0024210710588725834,1,0.24951041122510098
2025-07-16 14:55:00+00:00,1.1893845472513451,1.1883428809693815,0.001041666281963772,1,0.24979978429113567
2025-07-16 15:00:00+00:00,1.1895736073871024,1.1883428809693815,0.0012307264177210209,1,0.24976008335893868
2025-07-16 15:05:00+00:00,1.1900149446873993,1.1900149446873993,0.0,0,0.0
2025-07-16 20:20:00+00:00,1.1899256935665479,1.1899256935665479,0.0,1,0.25001875140635543
2025-07-16 20:25:00+00:00,1.1901894866376792,1.1899256935665479,0.0002637930711312865,1,0.24996333736093296
2025-07-16 20:30:00+00:00,1.189556557387803,1.1899256935665479,-0.00036913617874484135,1,0.2500963357514927
2025-07-16 20:35:00+00:00,1.188589316126988,1.1899256935665479,-0.0013363774395597347,1,0.2502998572637891
2025-07-16 20:40:00+00:00,1.1882933107006362,1.1899256935665479,-0.0016323828659117108,1,0.2503622072873885
2025-07-16 20:45:00+00:00,1.1885753864598656,1.1899256935665479,-0.0013503071066821915,1,0.25030279068621414
2025-07-16 20:50:00+00:00,1.186572547318068,1.186572547318068,0.0,0,0.0
2025-07-17 01:55:00+00:00,1.1864835543770191,1.1864835543770191,0.0,1,0.2500187514063555
2025-07-17 02:00:00+00:00,1.1873122828168927,1.1864835543770191,0.0008287284398735134,1,0.24984424158885357
2025-07-17 02:05:00+00:00,1.1873497629975904,1.1864835543770191,0.0008662086205713068,1,0.2498363549428013
2025-07-17 02:10:00+00:00,1.188386714663563,1.1864835543770191,0.0019031602865438118,1,0.24961835500954574
2025-07-17 02:15:00+00:00,1.1884158659152169,1.1864835543770191,0.0019323115381976877,1,0.24961223199512542
2025-07-17 02:20:00+00:00,1.1886823916446234,1.1864835543770191,0.0021988372676042334,1,0.24955626407411563
2025-07-17 02:25:00+00:00,1.1893554957110963,1.1893554957110963,0.0,0,0.0
2025-07-17 06:25:00+00:00,1.1891770990768644,1.1891770990768644,0.0,2,0.5000562556255274
2025-07-17 06:30:00+00:00,1.1897455482157029,1.1891770990768644,0.0005684491388385188,2,0.49981733348935514
2025-07-17 06:35:00+00:00,1.1921212425773147,1.1891770990768644,0.002944143500450307,2,0.49882128277018556
2025-07-17 06:40:00+00:00,1.1922376175522509,1.1891770990768644,0.00306051847538654,2,0.4987725925481816
2025-07-17 06:45:00+00:00,1.1920072916907491,1.1891770990768644,0.002830192613884795,2,0.4988689679880577
2025-07-17 06:50:00+00:00,1.1919225932194508,1.1891770990768644,0.0027454941425864854,2,0.49890441780603
2025-07-17 06:55:00+00:00,1.1915392469253703,1.1915392469253703,0.0,0,0.0
2025-07-18 05:10:00+00:00,1.1914498814818508,1.1914498814818508,0.0,1,0.2500187514063555
2025-07-18 05:15:00+00:00,1.1930402449351998,1.1914498814818508,0.0015903634533488583,1,0.24968546785906812
2025-07-18 05:20:00+00:00,1.192553398980093,1.1914498814818508,0.001103517498242069,1,0.24978739902641048
2025-07-18 05:25:00+00:00,1.1915634788713758,1.1914498814818508,0.00011359738952490428,1,0.24999491593472878
2025-07-18 05:30:00+00:00,1.1909305791297369,1.1914498814818508,-0.0005193023521138954,1,0.2501277714684424
2025-07-18 05:35:00+00:00,1.1914336532833474,1.1914498814818508,-1.622819850355303e-05,1,0.2500221568447668
2025-07-18 05:40:00+00:00,1.191149549457785,1.191149549457785,0.0,0,0.0
2025-07-22 01:25:00+00:00,1.1910602132415757,1.1910602132415757,0.0,1,0.2500187514063555
2025-07-22 01:30:00+00:00,1.1924702482210365,1.1910602132415757,0.0014100349794608823,1,0.24972311704102854
2025-07-22 01:35:00+00:00,1.1935052738974494,1.1910602132415757,0.0024450606558737106,1,0.24950655340801897
2025-07-22 01:40:00+00:00,1.1951103137144954,1.1910602132415757,0.004050100472919581,1,0.24917146471516927
2025-07-22 01:45:00+00:00,1.193985285805351,1.1910602132415757,0.002925072563775286,1,0.24940624554144877
2025-07-22 01:50:00+00:00,1.194795305899935,1.1910602132415757,0.0037350926583592154,1,0.2492371587785483
2025-07-22 01:55:00+00:00,1.195245983080115,1.195245983080115,0.0,0,0.0
2025-07-22 05:05:00+00:00,1.195156339631384,1.195156339631384,0.0,1,0.2500187514063555
2025-07-22 05:10:00+00:00,1.1955217651548735,1.195156339631384,0.0003654255234894804,1,0.24994233018528048
2025-07-22 05:15:00+00:00,1.1972118582010123,1.195156339631384,0.002055518569628236,1,0.2495894888804703
2025-07-22 05:20:00+00:00,1.1988258209297573,1.195156339631384,0.003669481298373314,1,0.24925346998138856
2025-07-22 05:25:00+00:00,1.1985517517871402,1.195156339631384,0.0033954121557562204,1,0.24931046600572399
2025-07-22 05:30:00+00:00,1.1978818049940763,1.195156339631384,0.002725465362692228,1,0.24944989941766954
2025-07-22 05:35:00+00:00,1.1961172945626852,1.1961172945626852,0.0,0,0.0
2025-07-22 14:10:00+00:00,1.196027585765593,1.196027585765593,0.0,1,0.2500187514063555
2025-07-22 14:15:00+00:00,1.1965249812765983,1.196027585765593,0.0004973955110053055,1,0.24991481859545503
2025-07-22 14:20:00+00:00,1.1960984254111076,1.196027585765593,7.083964551446396e-05,1,0.2500039438960826
2025-07-22 14:25:00+00:00,1.1961120873427424,1.196027585765593,8.45015771493906e-05,1,0.25000108836370727
2025-07-22 14:30:00+00:00,1.1966130248360234,1.196027585765593,0.0005854390704303662,1,0.2498964305370556
2025-07-22 14:35:00+00:00,1.1968589396054523,1.196027585765593,0.000831353839859245,1,0.24984508511859144
2025-07-22 14:40:00+00:00,1.1969653048271949,1.1969653048271949,0.0,0,0.0
2025-07-22 18:55:00+00:00,1.1968755324293328,1.1968755324293328,0.0,1,0.2500187514063555
2025-07-22 19:00:00+00:00,1.1962121532987056,1.1968755324293328,-0.0006633791306272998,1,0.2501574034184514
2025-07-22 19:05:00+00:00,1.1958733587708879,1.1968755324293328,-0.0010021736584448502,1,0.2502282737650058
2025-07-22 19:10:00+00:00,1.1962682451079467,1.1968755324293328,-0.0006072873213859746,1,0.2501456737905772
2025-07-22 19:15:00+00:00,1.1964529741330483,1.1968755324293328,-0.00042255829628456634,1,0.2501070519914328
2025-07-22 19:20:00+00:00,1.1961455910184058,1.1968755324293328,-0.0007299414109270063,1,0.25017132400414804
2025-07-22 19:25:00+00:00,1.1954998864667299,1.1954998864667299,0.0,0,0.0
2025-07-29 20:20:00+00:00,1.1954102239752449,1.1954102239752449,0.0,1,0.2500187514063555
2025-07-29 20:25:00+00:00,1.1954813564354436,1.1954102239752449,7.113246019876616e-05,1,0.2500038750146931
2025-07-29 20:30:00+00:00,1.1950604046977673,1.1954102239752449,-0.0003498192774775228,1,0.25009193714544364
2025-07-29 20:35:00+00:00,1.1941897941938344,1.1954102239752449,-0.0012204297814103714,1,0.250274263831274
2025-07-29 20:40:00+00:00,1.1939095831095514,1.1954102239752449,-0.001500640865693401,1,0.25033300330688285
2025-07-29 20:45:00+00:00,1.1942002100183635,1.1954102239752449,-0.0012100139568813107,1,0.2502720809369868
2025-07-29 20:50:00+00:00,1.1940793000532912,1.1940793000532912,0.0,0,0.0
2025-07-31 13:40:00+00:00,1.1939897441057872,1.1939897441057872,0.0,1,0.2500187514063555
2025-07-31 13:45:00+00:00,1.1937889862800666,1.1939897441057872,-0.00020075782572049307,1,0.2500607967104239
2025-07-31 13:50:00+00:00,1.1939191257751318,1.1939897441057872,-7.061833065544749e-05,1,0.25003353959968927
2025-07-31 13:55:00+00:00,1.1945847035415593,1.1939897441057872,0.0005949594357722131,1,0.2498942302946853
2025-07-31 14:00:00+00:00,1.1943524196753676,1.1939897441057872,0.0003626755695805464,1,0.24994283102341128
2025-07-31 14:05:00+00:00,1.1940338805624469,1.1939897441057872,4.413645665962983e-05,1,0.25000950967380065
2025-07-31 14:10:00+00:00,1.193818220453058,1.193818220453058,0.0,0,0.0
2025-08-01 00:20:00+00:00,1.1935496314986347,1.1935496314986347,0.0,3,0.7501125140640823
2025-08-01 00:25:00+00:00,1.193926711505607,1.1935496314986347,0.00037708000697214553,3,0.7498756046882324
2025-08-01 00:30:00+00:00,1.192094064602452,1.1935496314986347,-0.0014555668961826916,3,0.7510284140557899
2025-08-01 00:35:00+00:00,1.1894480686924187,1.1935496314986347,-0.004101562806215902,3,0.7526991201288133
2025-08-01 00:40:00+00:00,1.192457718738407,1.1935496314986347,-0.0010919127602277625,3,0.7507993790261203
2025-08-01 00:45:00+00:00,1.189025270546497,1.1935496314986347,-0.004524360952137814,3,0.7529667677560846
2025-08-01 00:50:00+00:00,1.1857714042680811,1.1857714042680811,0.0,0,0.0
2025-08-01 09:05:00+00:00,1.185682471412761,1.185682471412761,0.0,1,0.2500187514063555
2025-08-01 09:10:00+00:00,1.1853305067859696,1.185682471412761,-0.00035196462679141393,1,0.25009299041060434
2025-08-01 09:15:00+00:00,1.185390799408714,1.185682471412761,-0.00029167200404679625,1,0.2500802699117365
2025-08-01 09:20:00+00:00,1.1858074368915266,1.185682471412761,0.00012496547876564713,1,0.24999240335691858
2025-08-01 09:25:00+00:00,1.1861297705285077,1.185682471412761,0.0004472991157466346,1,0.2499244673160284
2025-08-01 09:30:00+00:00,1.186198050635462,1.185682471412761,0.0005155792227010054,1,0.24991008112701918
2025-08-01 09:35:00+00:00,1.18574633140055,1.18574633140055,0.0,0,0.0
2025-08-01 14:10:00+00:00,1.185657400425695,1.185657400425695,0.0,1,0.2500187514063555
2025-08-01 14:15:00+00:00,1.1860554169058404,1.185657400425695,0.00039801648014547,1,0.24993485011305444
2025-08-01 14:20:00+00:00,1.1864423343531414,1.185657400425695,0.0007849339274464015,1,0.24985334243973797
2025-08-01 14:25:00+00:00,1.1870723980548503,1.185657400425695,0.0014149976291553236,1,0.24972072751070762
2025-08-01 14:30:00+00:00,1.1878645592594979,1.185657400425695,0.0022071588338028183,1,0.24955419415403127
2025-08-01 14:35:00+00:00,1.1879987801218037,1.185657400425695,0.002341379696108678,1,0.2495259993615013
2025-08-01 14:40:00+00:00,1.1875033148043876,1.1875033148043876,0.0,0,0.0
2025-08-03 00:45:00+00:00,1.1874142520557773,1.1874142520557773,0.0,1,0.2500187514063555
2025-08-03 00:50:00+00:00,1.1878066483550425,1.1874142520557773,0.00039239629926505614,1,0.24993615679136943
2025-08-03 00:55:00+00:00,1.1884045855729701,1.1874142520557773,0.0009903335171927608,1,0.2498104032121039
2025-08-03 01:00:00+00:00,1.188703554181934,1.1874142520557773,0.0012893021261565472,1,0.24974757386454263
2025-08-03 01:05:00+00:00,1.188012189273705,1.1874142520557773,0.0005979372179277046,1,0.24989291472050712
2025-08-03 01:10:00+00:00,1.1882924723446087,1.1874142520557773,0.0008782202888313162,1,0.2498339723682117
2025-08-03 01:15:00+00:00,1.1889134600422875,1.1889134600422875,0.0,0,0.0
2025-08-06 15:00:00+00:00,1.1888242915327842,1.1888242915327842,0.0,1,0.2500187514063555
2025-08-06 15:05:00+00:00,1.1882571593697722,1.1888242915327842,-0.0005671321630120209,1,0.25013808052140485
2025-08-06 15:10:00+00:00,1.1882091454497357,1.1888242915327842,-0.0006151460830484885,1,0.2501481882619842
2025-08-06 15:15:00+00:00,1.188418754606024,1.1888242915327842,-0.0004055369267600484,1,0.250104067996728
2025-08-06 15:20:00+00:00,1.1884747708460668,1.1888242915327842,-0.00034952068671745344,1,0.2500922798714331
2025-08-06 15:25:00+00:00,1.1881206036509586,1.1888242915327842,-0.0007036878818255221,1,0.25016682994741707
2025-08-06 15:30:00+00:00,1.1880959699802143,1.1880959699802143,0.0,0,0.0
2025-08-07 10:05:00+00:00,1.1880068627824658,1.1880068627824658,0.0,1,0.2500187514063555
2025-08-07 10:10:00+00:00,1.1877090864715132,1.1880068627824658,-0.00029777631095259335,1,0.25008143482126804
2025-08-07 10:15:00+00:00,1.1899494987158235,1.1880068627824658,0.0019426359333575864,1,0.24961058668086136
2025-08-07 10:20:00+00:00,1.1896257260602638,1.1880068627824658,0.0016188632777979998,1,0.24967852156217324
2025-08-07 10:25:00+00:00,1.1894500537921622,1.1880068627824658,0.0014431910096963318,1,0.2497153970846378
2025-08-07 10:30:00+00:00,1.1901614083127712,1.1880068627824658,0.0021545455303053564,1,0.24956614323105028
2025-08-07 10:35:00+00:00,1.1902763330317865,1.1902763330317865,0.0,0,0.0
2025-08-08 00:40:00+00:00,1.1900977982771361,1.1900977982771361,0.0,2,0.5000562556255274
2025-08-08 00:45:00+00:00,1.18967220312871,1.1900977982771361,-0.00042559514842632046,2,0.5002351465130968
2025-08-08 00:50:00+00:00,1.188074276889278,1.1900977982771361,-0.002023521387858172,2,0.5009079486114574
2025-08-08 00:55:00+00:00,1.1877048862415631,1.1900977982771361,-0.002392912035572965,2,0.5010637370684441
2025-08-08 01:00:00+00:00,1.1872442836792936,1.1900977982771361,-0.0028535145978425443,2,0.5012581294477771
2025-08-08 01:05:00+00:00,1.1858917179073498,1.1900977982771361,-0.004206080369786347,2,0.5018298381278884
2025-08-08 01:10:00+00:00,1.1859552481871405,1.1859552481871405,0.0,0,0.0
2025-08-08 03:25:00+00:00,1.1858663015435265,1.1858663015435265,0.0,1,0.2500187514063555
2025-08-08 03:30:00+00:00,1.1857095398787247,1.1858663015435265,-0.00015676166480163098,1,0.2500518061759967
2025-08-08 03:35:00+00:00,1.1848469756944096,1.1858663015435265,-0.001019325849116903,1,0.25023384295935797
2025-08-08 03:40:00+00:00,1.1846099580576759,1.1858663015435265,-0.0012563434858505287,1,0.25028390993176997
2025-08-08 03:45:00+00:00,1.1840466661425275,1.1858663015435265,-0.0018196354009990057,1,0.2504029786365665
2025-08-08 03:50:00+00:00,1.183964160003158,1.1858663015435265,-0.0019021415403682835,1,0.25042042830586553
2025-08-08 03:55:00+00:00,1.1842187389216454,1.1842187389216454,0.0,0,0.0
2025-08-10 03:10:00+00:00,1.1841299225162263,1.1841299225162263,0.0,1,0.2500187514063555
2025-08-10 03:15:00+00:00,1.1841417274803032,1.1841299225162263,1.1804964076970383e-05,1,0.2500162589155409
2025-08-10 03:20:00+00:00,1.1842366695318158,1.1841299225162263,0.00010674701558947754,1,0.24999621473252945
2025-08-10 03:25:00+00:00,1.1849241203122123,1.1841299225162263,0.000794197795985918,1,0.24985117583090868
2025-08-10 03:30:00+00:00,1.1853076560599891,1.1841299225162263,0.0011777335437627764,1,0.24977033027400597
2025-08-10 03:35:00+00:00,1.1852903253680462,1.1841299225162263,0.0011604028518199774,1,0.24977398228445252
2025-08-10 03:40:00+00:00,1.1852057788432506,1.1852057788432506,0.0,0,0.0
2025-08-11 01:35:00+00:00,1.1851168884098373,1.1851168884098373,0.0,1,0.2500187514063555
2025-08-11 01:40:00+00:00,1.1850886794995514,1.1851168884098373,-2.8208910285846658e-05,1,0.25002470265426646
2025-08-11 01:45:00+00:00,1.1850985773628095,1.1851168884098373,-1.8311047027686014e-05,1,0.2500226144648405
2025-08-11 01:50:00+00:00,1.1848157459202069,1.1851168884098373,-0.00030114248963043733,1,0.2500822982232442
2025-08-11 01:55:00+00:00,1.1850030629823682,1.1851168884098373,-0.00011382542746917638,1,0.2500427669487141
2025-08-11 02:00:00+00:00,1.185875312181996,1.1851168884098373,0.0007584237721586895,1,0.24985885250079254
2025-08-11 02:05:00+00:00,1.1873290037373714,1.1873290037373714,0.0,0,0.0
2025-08-12 12:35:00+00:00,1.1870618747472064,1.1870618747472064,0.0,3,0.7501125140640822
2025-08-12 12:40:00+00:00,1.1894357841598693,1.1870618747472064,0.002373909412662879,3,0.7486154183978788
2025-08-12 12:45:00+00:00,1.1926346558027525,1.1870618747472064,0.005572781055546095,3,0.74660749030214
2025-08-12 12:50:00+00:00,1.1927241890932085,1.1870618747472064,0.005662314346002239,3,0.7465514453037262
2025-08-12 12:55:00+00:00,1.1919810799954493,1.1870618747472064,0.004919205248243073,3,0.7470168630693779
2025-08-12 13:00:00+00:00,1.192548698949219,1.1870618747472064,0.00548682420201273,3,0.7466613044824308
2025-08-12 13:05:00+00:00,1.1877075778872674,1.1877075778872674,0.0,0,0.0
2025-08-12 20:20:00+00:00,1.1875294284314395,1.1875294284314395,0.0,2,0.5000562556255274
2025-08-12 20:25:00+00:00,1.1878526894355115,1.1875294284314395,0.0003232610040718741,2,0.4999201708325866
2025-08-12 20:30:00+00:00,1.187805032055957,1.1875294284314395,0.000275603624517404,2,0.49994022874165867
2025-08-12 20:35:00+00:00,1.1878299364976173,1.1875294284314395,0.0003005080661778068,2,0.4999297468268005
2025-08-12 20:40:00+00:00,1.1872620447373246,1.1875294284314395,-0.0002673836941149804,2,0.5001688734671295
2025-08-12 20:45:00+00:00,1.1872843353798719,1.1875294284314395,-0.00024509305156766826,2,0.5001594830580762
2025-08-12 20:50:00+00:00,1.186781944487756,1.186781944487756,0.0,0,0.0
2025-08-13 07:05:00+00:00,1.1866929358419196,1.1866929358419196,0.0,1,0.25001875140635543
2025-08-13 07:10:00+00:00,1.1867174202850352,1.1866929358419196,2.4484443115741404e-05,1,0.25001359300066256
2025-08-13 07:15:00+00:00,1.1883473846410293,1.1866929358419196,0.0016544487991096604,1,0.24967066865852822
2025-08-13 07:20:00+00:00,1.1871721313714714,1.1866929358419196,0.00047919552955183296,1,0.2499178327065207
2025-08-13 07:25:00+00:00,1.186525042517697,1.1866929358419196,-0.00016789332422254675,1,0.25005412906614977
2025-08-13 07:30:00+00:00,1.1867978691695587,1.1866929358419196,0.00010493332763904231,1,0.24999664545197287
2025-08-13 07:35:00+00:00,1.1870376516169914,1.1870376516169914,0.0,0,0.0
2025-08-13 13:50:00+00:00,1.1869486237931202,1.1869486237931202,0.0,1,0.2500187514063555
2025-08-13 13:55:00+00:00,1.189197746525888,1.1869486237931202,0.0022491227327679545,1,0.2495458924062026
2025-08-13 14:00:00+00:00,1.1887417438789567,1.1869486237931202,0.0017931200858366195,1,0.24964161848636593
2025-08-13 14:05:00+00:00,1.1889224287987354,1.1869486237931202,0.001973805005615351,1,0.24960367953028517
2025-08-13 14:10:00+00:00,1.1895608325044393,1.1869486237931202,0.002612208711319246,1,0.2494697242842689
2025-08-13 14:15:00+00:00,1.1894348188697497,1.1869486237931202,0.002486195076629611,1,0.24949615413666884
2025-08-13 14:20:00+00:00,1.1889930019012902,1.1889930019012902,0.0,0,0.0
2025-08-14 17:25:00+00:00,1.1889038274261476,1.1889038274261476,0.0,1,0.2500187514063555
2025-08-14 17:30:00+00:00,1.189902600248172,1.1889038274261476,0.0009987728220243925,1,0.24980889226843186
2025-08-14 17:35:00+00:00,1.189757388596743,1.1889038274261476,0.0008535611705953229,1,0.24983938181372542
2025-08-14 17:40:00+00:00,1.188521318685798,1.1889038274261476,-0.00038250874034972526,1,0.2500992163977365
2025-08-14 17:45:00+00:00,1.1880715167411273,1.1889038274261476,-0.0008323106850203491,1,0.2501939035544532
2025-08-14 17:50:00+00:00,1.1870408681907405,1.1889038274261476,-0.0018629592354071857,1,0.25041113447794033
2025-08-14 17:55:00+00:00,1.1863531383719024,1.1863531383719024,0.0,0,0.0
2025-08-17 08:55:00+00:00,1.1862641618865244,1.1862641618865244,0.0,1,0.2500187514063555
2025-08-17 09:00:00+00:00,1.186709074454766,1.1862641618865244,0.00044491256824163647,1,0.24992501614537938
2025-08-17 09:05:00+00:00,1.1873381113701003,1.1862641618865244,0.0010739494835759703,1,0.2497926089904877
2025-08-17 09:10:00+00:00,1.1872634132364044,1.1862641618865244,0.0009992513498800234,1,0.24980832499882635
2025-08-17 09:15:00+00:00,1.1873879101258977,1.1862641618865244,0.0011237482393733121,1,0.24978213275013772
2025-08-17 09:20:00+00:00,1.1880497093805722,1.1862641618865244,0.0017855474940478913,1,0.24964299241957763
2025-08-17 09:25:00+00:00,1.1879659748694888,1.1879659748694888,0.0,0,0.0
2025-08-18 09:40:00+00:00,1.1878768774213737,1.1878768774213737,0.0,1,0.2500187514063555
2025-08-18 09:45:00+00:00,1.1891448136477898,1.1878768774213737,0.0012679362264159985,1,0.2497521666905554
2025-08-18 09:50:00+00:00,1.1906078703997385,1.1878768774213737,0.0027309929783647506,1,0.24944526329870417
2025-08-18 09:55:00+00:00,1.1893371566569448,1.1878768774213737,0.0014602792355710434,1,0.249711776055305
2025-08-18 10:00:00+00:00,1.1888615069772652,1.1878768774213737,0.0009846295558914866,1,0.24981168283636895
2025-08-18 10:05:00+00:00,1.1888510912908488,1.1878768774213737,0.0009742138694751118,1,0.2498138714705643
2025-08-18 10:10:00+00:00,1.1884238312237496,1.1884238312237496,0.0,0,0.0
2025-08-22 12:45:00+00:00,1.188334699436408,1.188334699436408,0.0,1,0.2500187514063555
2025-08-22 12:50:00+00:00,1.1893244147008282,1.188334699436408,0.0009897152644202634,1,0.24981069431814676
2025-08-22 12:55:00+00:00,1.188609458581759,1.188334699436408,0.00027475914535122185,1,0.24996095703330704
2025-08-22 13:00:00+00:00,1.1884871669390304,1.188334699436408,0.00015246750262264827,1,0.24998667724039378
2025-08-22 13:05:00+00:00,1.1889855980283335,1.188334699436408,0.0006508985919254967,1,0.24988188107460776
2025-08-22 13:10:00+00:00,1.1882441718567258,1.188334699436408,-9.052757968219123e-05,1,0.2500377993368869
2025-08-22 13:15:00+00:00,1.1880176604967083,1.1880176604967083,0.0,0,0.0
2025-08-23 04:40:00+00:00,1.187928559172171,1.187928559172171,0.0,1,0.2500187514063555
2025-08-23 04:45:00+00:00,1.1887300528590279,1.187928559172171,0.0008014936868568763,1,0.24985017785143773
2025-08-23 04:50:00+00:00,1.1878702687222178,1.187928559172171,-5.829044995320399e-05,1,0.25003102017500806
2025-08-23 04:55:00+00:00,1.1877682604347997,1.187928559172171,-0.00016029873737140164,1,0.2500524934177432
2025-08-23 05:00:00+00:00,1.1891963764586537,1.187928559172171,0.0012678172864827061,1,0.24975220325564404
2025-08-23 05:05:00+00:00,1.1897938535706745,1.187928559172171,0.001865294398503253,1,0.24962678554174833
2025-08-23 05:10:00+00:00,1.1902002210707396,1.1902002210707396,0.0,0,0.0
2025-08-24 19:45:00+00:00,1.1901109560541594,1.1901109560541594,0.0,1,0.2500187514063555
2025-08-24 19:50:00+00:00,1.18910110904949,1.1901109560541594,-0.0010098470046692382,1,0.25023108043817405
2025-08-24 19:55:00+00:00,1.1878831516823722,1.1901109560541594,-0.002227804371787258,1,0.25048764674056656
2025-08-24 20:00:00+00:00,1.1894183920610923,1.1901109560541594,-0.0006925639930670756,1,0.250164330107653
2025-08-24 20:05:00+00:00,1.1879855010409535,1.1901109560541594,-0.00212545501320593,1,0.25046606630044005
2025-08-24 20:10:00+00:00,1.1874737542480467,1.1901109560541594,-0.0026372018061126355,1,0.2505740057017975
2025-08-24 20:15:00+00:00,1.18751072010705,1.18751072010705,0.0,0,0.0
2025-08-25 01:25:00+00:00,1.187421656803042,1.187421656803042,0.0,1,0.2500187514063555
2025-08-25 01:30:00+00:00,1.1875073935223412,1.187421656803042,8.573671929919583e-05,1,0.2500007003292626
2025-08-25 01:35:00+00:00,1.1865357107036167,1.187421656803042,-0.0008859460994252542,1,0.2502054319551105
2025-08-25 01:40:00+00:00,1.1861927638264198,1.187421656803042,-0.0012288929766221036,1,0.2502777702580942
2025-08-25 01:45:00+00:00,1.185049607569097,1.187421656803042,-0.002372049233945044,1,0.25051920031917513
2025-08-25 01:50:00+00:00,1.18656428961005,1.187421656803042,-0.000857367192992189,1,0.25019940565068566
2025-08-25 01:55:00+00:00,1.1866324102914236,1.1866324102914236,0.0,0,0.0
2025-08-27 02:25:00+00:00,1.1865434128606518,1.1865434128606518,0.0,1,0.2500187514063555
2025-08-27 02:30:00+00:00,1.18529137645327,1.1865434128606518,-0.0012520364073817876,1,0.2502828489822828
2025-08-27 02:35:00+00:00,1.1862154985634803,1.1865434128606518,-0.00032791429717141666,1,0.25008786593339244
2025-08-27 02:40:00+00:00,1.186960758329779,1.1865434128606518,0.00041734546912725154,1,0.24993084269297636
2025-08-27 02:45:00+00:00,1.186916042743801,1.1865434128606518,0.00037262988314931765,1,0.2499402585266853
2025-08-27 02:50:00+00:00,1.1862900245401102,1.1865434128606518,-0.00025338832054152676,1,0.25007215473118516
2025-08-27 02:55:00+00:00,1.185858207616841,1.185858207616841,0.0,0,0.0
2025-08-27 03:50:00+00:00,1.1857692682512697,1.1857692682512697,0.0,1,0.2500187514063555
2025-08-27 03:55:00+00:00,1.1868741050906644,1.1857692682512697,0.001104836839394594,1,0.24978601406217682
2025-08-27 04:00:00+00:00,1.1867415246699369,1.1857692682512697,0.0009722564186672375,1,0.24981391966263639
2025-08-27 04:05:00+00:00,1.18786109266719,1.1857692682512697,0.0020918244159203684,1,0.24957846816797158
2025-08-27 04:10:00+00:00,1.1905274322395958,1.1857692682512697,0.004758163988325971,1,0.24901950503274603
2025-08-27 04:15:00+00:00,1.1906452815024644,1.1857692682512697,0.004876013251194724,1,0.248994857250939
2025-08-27 04:20:00+00:00,1.1909098899254995,1.1909098899254995,0.0,0,0.0
2025-08-28 17:05:00+00:00,1.190820571683755,1.190820571683755,0.0,1,0.2500187514063555
2025-08-28 17:10:00+00:00,1.191456988745025,1.190820571683755,0.0006364170612699546,1,0.24988520382508692
2025-08-28 17:15:00+00:00,1.1910077531723637,1.190820571683755,0.00018718148860881795,1,0.24997945789047057
2025-08-28 17:20:00+00:00,1.1899152939388469,1.190820571683755,-0.0009052777449080761,1,0.2502089636110484
2025-08-28 17:25:00+00:00,1.1916033306361191,1.190820571683755,0.0007827589523640877,1,0.2498545151954532
2025-08-28 17:30:00+00:00,1.192120632204638,1.190820571683755,0.0013000605208829882,1,0.24974609484845098
2025-08-28 17:35:00+00:00,1.191381283702452,1.191381283702452,0.0,0,0.0
2025-08-29 12:35:00+00:00,1.1912919301061744,1.1912919301061744,0.0,1,0.25001875140635543
2025-08-29 12:40:00+00:00,1.190492627691261,1.1912919301061744,-0.0007993024149133749,1,0.25018661518570556
2025-08-29 12:45:00+00:00,1.1892305712466609,1.1912919301061744,-0.0020613588595134267,1,0.2504521226807886
2025-08-29 12:50:00+00:00,1.1900999879084966,1.1912919301061744,-0.001191942197677834,1,0.25026915717313114
2025-08-29 12:55:00+00:00,1.190548719088799,1.1912919301061744,-0.0007432110173755808,1,0.25017482791764506
2025-08-29 13:00:00+00:00,1.1904505591431078,1.1912919301061744,-0.0008413709630666791,1,0.25019545636570034
2025-08-29 13:05:00+00:00,1.189449720336841,1.189449720336841,0.0,0,0.0
2025-09-01 00:45:00+00:00,1.1893605116078159,1.1893605116078159,0.0,1,0.25001875140635543
2025-09-01 00:50:00+00:00,1.1893225033957437,1.1893605116078159,-3.800821207211618e-05,1,0.25002674147271536
2025-09-01 00:55:00+00:00,1.189982464168996,1.1893605116078159,0.000621952561180059,1,0.2498880773775673
2025-09-01 01:00:00+00:00,1.1896991302244584,1.1893605116078159,0.0003386186166424956,1,0.2499475897138022
2025-09-01 01:05:00+00:00,1.1899997406290288,1.1893605116078159,0.000639229021212875,1,0.2498844494932627
2025-09-01 01:10:00+00:00,1.1893466904397896,1.1893605116078159,-1.3821168026266083e-05,1,0.2500216568259448
2025-09-01 01:15:00+00:00,1.189509718027243,1.189509718027243,0.0,0,0.0
2025-09-03 01:55:00+00:00,1.1894205047983908,1.1894205047983908,0.0,1,0.2500187514063555
2025-09-03 02:00:00+00:00,1.1914745098133237,1.1894205047983908,0.0020540050149329453,1,0.24958773944178028
2025-09-03 02:05:00+00:00,1.1912478609840897,1.1894205047983908,0.0018273561856989816,1,0.24963522642646951
2025-09-03 02:10:00+00:00,1.190596245600042,1.1894205047983908,0.0011757408016512367,1,0.2497718522175728
2025-09-03 02:15:00+00:00,1.1911487021212999,1.1894205047983908,0.001728197322909139,1,0.24965600766488305
2025-09-03 02:20:00+00:00,1.1915878342279407,1.1894205047983908,0.0021673294295499273,1,0.24956400272371776
2025-09-03 02:25:00+00:00,1.1908895022705224,1.1908895022705224,0.0,0,0.0
2025-09-03 13:45:00+00:00,1.190800185557852,1.190800185557852,0.0,1,0.2500187514063555
2025-09-03 13:50:00+00:00,1.1918412577031645,1.190800185557852,0.001041072145312467,1,0.24980036027732497
2025-09-03 13:55:00+00:00,1.1910279411469236,1.190800185557852,0.0002277555890715895,1,0.24997094130380604
2025-09-03 14:00:00+00:00,1.1907402144116173,1.190800185557852,-5.997114623483543e-05,1,0.2500313434990056
2025-09-03 14:05:00+00:00,1.1912624350670329,1.190800185557852,0.0004622495091807824,1,0.24992173580196678
2025-09-03 14:10:00+00:00,1.1925400226317657,1.190800185557852,0.0017398370739137563,1,0.24965399057266
2025-09-03 14:15:00+00:00,1.1906495500327394,1.1906495500327394,0.0,0,0.0
2025-09-04 23:00:00+00:00,1.190560251316487,1.190560251316487,0.0,1,0.2500187514063555
2025-09-04 23:05:00+00:00,1.1909475025381802,1.190560251316487,0.00038725122169312075,1,0.24993745473566095
2025-09-04 23:10:00+00:00,1.1906403722589063,1.190560251316487,8.012094241929143e-05,1,0.25000192706673796
2025-09-04 23:15:00+00:00,1.190335912677713,1.190560251316487,-0.00022433863877396312,1,0.2500658716064276
2025-09-04 23:20:00+00:00,1.1897977670144637,1.190560251316487,-0.0007624843020233907,1,0.25017897642815656
2025-09-04 23:25:00+00:00,1.1898394299045216,1.190560251316487,-0.0007208214119653672,1,0.2501702162720147
2025-09-04 23:30:00+00:00,1.189399468530281,1.189399468530281,0.0,0,0.0
2025-09-07 08:10:00+00:00,1.1893102635701411,1.1893102635701411,0.0,1,0.2500187514063555
2025-09-07 08:15:00+00:00,1.189549137178056,1.1893102635701411,0.00023887360791493328,1,0.24996854508924907
2025-09-07 08:20:00+00:00,1.1897572984649534,1.1893102635701411,0.00044703489481227946,1,0.24992481030897348
2025-09-07 08:25:00+00:00,1.1897914232660842,1.1893102635701411,0.0004811596959430125,1,0.2499176421328691
2025-09-07 08:30:00+00:00,1.189446762774664,1.1893102635701411,0.00013649920452286617,1,0.2499900596130354
2025-09-07 08:35:00+00:00,1.189112339723583,1.1893102635701411,-0.00019792384655813945,1,0.25006036620702393
2025-09-07 08:40:00+00:00,1.1891357466071746,1.1891357466071746,0.0,0,0.0
2025-09-09 06:15:00+00:00,1.1890465614261791,1.1890465614261791,0.0,1,0.25001875140635543
2025-09-09 06:20:00+00:00,1.1904438041475174,1.1890465614261791,0.0013972427213382239,1,0.2497253004434595
2025-09-09 06:25:00+00:00,1.1901150411542614,1.1890465614261791,0.0010684797280821946,1,0.2497942857385163
2025-09-09 06:30:00+00:00,1.1903342164830988,1.1890465614261791,0.0012876550569195474,1,0.24974829130774187
2025-09-09 06:35:00+00:00,1.1911835208823436,1.1890465614261791,0.002136959456164389,1,0.2495702227576041
2025-09-09 06:40:00+00:00,1.1919643329913268,1.1890465614261791,0.002917771565147508,1,0.24940673845981332
2025-09-09 06:45:00+00:00,1.1914641940687611,1.1914641940687611,0.0,0,0.0
2025-09-09 14:15:00+00:00,1.1913748342542059,1.1913748342542059,0.0,1,0.2500187514063555
2025-09-09 14:20:00+00:00,1.19029377495192,1.1913748342542059,-0.001081059302285944,1,0.25024582568217
2025-09-09 14:25:00+00:00,1.1893085057143935,1.1913748342542059,-0.002066328539812368,1,0.25045313901817945
2025-09-09 14:30:00+00:00,1.1893769271892218,1.1913748342542059,-0.0019979070649841064,1,0.2504387311607919
2025-09-09 14:35:00+00:00,1.1857232204333945,1.1913748342542059,-0.005651613820811309,1,0.2512104371274074
2025-09-09 14:40:00+00:00,1.1873516515343063,1.1913748342542059,-0.004023182719899571,1,0.25086590660170904
2025-09-09 14:45:00+00:00,1.1868380785758161,1.1868380785758161,0.0,0,0.0
2025-09-10 12:35:00+00:00,1.1866600595399939,1.1866600595399939,0.0,2,0.5000562556255275
2025-09-10 12:40:00+00:00,1.1842927099621678,1.1866600595399939,-0.0023673495778259736,2,0.5010558463142872
2025-09-10 12:45:00+00:00,1.1866495890365094,1.1866600595399939,-1.047050348449841e-05,2,0.5000606679143912
2025-09-10 12:50:00+00:00,1.1841092668434956,1.1866600595399939,-0.002550792696498334,2,0.5011334702715103
2025-09-10 12:55:00+00:00,1.1854461898453041,1.1866600595399939,-0.001213869694689746,2,0.5005683017559579
2025-09-10 13:00:00+00:00,1.18551043879991,1.1866600595399939,-0.0011496207400839005,2,0.5005411733654823
2025-09-10 13:05:00+00:00,1.1857184221333787,1.1857184221333787,0.0,0,0.0
2025-09-11 22:25:00+00:00,1.1856294932517188,1.1856294932517188,0.0,1,0.25001875140635543
2025-09-11 22:30:00+00:00,1.1856813163388824,1.1856294932517188,5.182308716353474e-05,1,0.25000782372843044
2025-09-11 22:35:00+00:00,1.1858718499777574,1.1856294932517188,0.00024235672603849028,1,0.24996765505387838
2025-09-11 22:40:00+00:00,1.1860224205394663,1.1856294932517188,0.0003929272877475235,1,0.24993592060301245
2025-09-11 22:45:00+00:00,1.1859427522114387,1.1856294932517188,0.0003132589597199547,1,0.24995271060140936
2025-09-11 22:50:00+00:00,1.1862642616128962,1.1856294932517188,0.000634768361177462,1,0.24988496671922508
2025-09-11 22:55:00+00:00,1.186101078755599,1.186101078755599,0.0,0,0.0
2025-09-12 17:30:00+00:00,1.1860121211746923,1.1860121211746923,0.0,1,0.2500187514063555
2025-09-12 17:35:00+00:00,1.1857113167190376,1.1860121211746923,-0.0003008044556548025,1,0.2500821789484223
2025-09-12 17:40:00+00:00,1.1861285616091395,1.1860121211746923,0.00011644043444705432,1,0.24999420744630263
2025-09-12 17:45:00+00:00,1.1867722184551104,1.1860121211746923,0.0007600972804181103,1,0.24985862078479032
2025-09-12 17:50:00+00:00,1.1864972896515549,1.1860121211746923,0.0004851684768626166,1,0.24991651668751974
2025-09-12 17:55:00+00:00,1.1863485046519837,1.1860121211746923,0.0003363834772914098,1,0.24994785977825773
2025-09-12 18:00:00+00:00,1.1863145328317881,1.1863145328317881,0.0,0,0.0
2025-09-16 16:00:00+00:00,1.1862255592418258,1.1862255592418258,0.0,1,0.25001875140635543
2025-09-16 16:05:00+00:00,1.1860906785271248,1.1862255592418258,-0.0001348807147010628,1,0.2500471832189385
2025-09-16 16:10:00+00:00,1.1860648285229791,1.1862255592418258,-0.00016073071884678628,1,0.2500526329385216
2025-09-16 16:15:00+00:00,1.1858140067005747,1.1862255592418258,-0.00041155254125105177,1,0.2501055237432652
2025-09-16 16:20:00+00:00,1.1858541893802865,1.1862255592418258,-0.00037136986153935524,1,0.25009704891537765
2025-09-16 16:25:00+00:00,1.1856998571773174,1.1862255592418258,-0.0005257020645085244,1,0.2501296018656724
2025-09-16 16:30:00+00:00,1.1859881400835017,1.1859881400835017,0.0,0,0.0
2025-09-17 18:05:00+00:00,1.1857213127650326,1.1857213127650326,0.0,3,0.7501125140640822
2025-09-17 18:10:00+00:00,1.1827787177477989,1.1857213127650326,-0.0029425950172337362,3,0.7519786935219377
2025-09-17 18:15:00+00:00,1.1776806155178863,1.1857213127650326,-0.008040697247146327,3,0.7552339600210004
2025-09-17 18:20:00+00:00,1.1802108660448298,1.1857213127650326,-0.005510446720202729,3,0.7536148162050205
2025-09-17 18:25:00+00:00,1.1821313165661433,1.1857213127650326,-0.003589996198889221,3,0.7523905190847525
2025-09-17 18:30:00+00:00,1.185455506787954,1.1857213127650326,-0.0002658059770785445,3,0.7502807062809793
2025-09-17 18:35:00+00:00,1.1800325373657894,1.1800325373657894,0.0,0,0.0
2025-09-17 21:15:00+00:00,1.179944034925487,1.179944034925487,0.0,1,0.25001875140635543
2025-09-17 21:20:00+00:00,1.1799524469489773,1.179944034925487,8.412023490180092e-06,1,0.2500169689924834
2025-09-17 21:25:00+00:00,1.1800103114741975,1.179944034925487,6.627654871043241e-05,1,0.2500047088341889
2025-09-17 21:30:00+00:00,1.179969016086155,1.179944034925487,2.498116066777182e-05,1,0.2500134582516084
2025-09-17 21:35:00+00:00,1.1799063082746828,1.179944034925487,-3.7726650804360683e-05,1,0.2500267455750981
2025-09-17 21:40:00+00:00,1.1801767675753818,1.179944034925487,0.00023273264989472054,1,0.24996944732908769
2025-09-17 21:45:00+00:00,1.1802909184282517,1.1802909184282517,0.0,0,0.0
2025-09-20 14:50:00+00:00,1.1802023966093695,1.1802023966093695,0.0,1,0.2500187514063555
2025-09-20 14:55:00+00:00,1.180908898910352,1.1802023966093695,0.0007065023009825588,1,0.2498691727019183
2025-09-20 15:00:00+00:00,1.1805936003628061,1.1802023966093695,0.00039120375343657253,1,0.2499359047147
2025-09-20 15:05:00+00:00,1.1824883110790776,1.1802023966093695,0.00228591446970804,1,0.24953543036530723
2025-09-20 15:10:00+00:00,1.1828006901956276,1.1802023966093695,0.0025982935862581486,1,0.2494695277513406
2025-09-20 15:15:00+00:00,1.184009334627887,1.1802023966093695,0.0038069380185176095,1,0.24921486763429868
2025-09-20 15:20:00+00:00,1.1833719597817953,1.1833719597817953,0.0,0,0.0
2025-09-20 21:40:00+00:00,1.1832832068848116,1.1832832068848116,0.0,1,0.2500187514063555
2025-09-20 21:45:00+00:00,1.18501493454491,1.1832832068848116,0.001731727660098388,1,0.2496533852200467
2025-09-20 21:50:00+00:00,1.1838480867475785,1.1832832068848116,0.0005648798627668663,1,0.24989945353396414
2025-09-20 21:55:00+00:00,1.1840164095349686,1.1832832068848116,0.0007332026501569988,1,0.24986392719138362
2025-09-20 22:00:00+00:00,1.1844700251823421,1.1832832068848116,0.0011868182975304322,1,0.2497682369799992
2025-09-20 22:05:00+00:00,1.1839850273203705,1.1832832068848116,0.0007018204355588797,1,0.24987054998069472
2025-09-20 22:10:00+00:00,1.1835995698490043,1.1835995698490043,0.0,0,0.0
2025-09-21 00:45:00+00:00,1.1835107998812655,1.1835107998812655,0.0,1,0.2500187514063555
2025-09-21 00:50:00+00:00,1.1825902707890728,1.1835107998812655,-0.0009205290921928406,1,0.2502133661769554
2025-09-21 00:55:00+00:00,1.1825037968440484,1.1835107998812655,-0.0010070030372170257,1,0.2502316637392371
2025-09-21 01:00:00+00:00,1.18387064307185,1.1835107998812655,0.00035984319058445495,1,0.2499427570012754
2025-09-21 01:05:00+00:00,1.1829501139796572,1.1835107998812655,-0.0005606859016083856,1,0.25013725343564197
2025-09-21 01:10:00+00:00,1.1826739552519991,1.1835107998812655,-0.0008368446292662575,1,0.2501956614062766
2025-09-21 01:15:00+00:00,1.1822783422535297,1.1822783422535297,0.0,0,0.0
2025-09-22 06:10:00+00:00,1.1821896713778606,1.1821896713778606,0.0,1,0.2500187514063555
2025-09-22 06:15:00+00:00,1.1833064330361605,1.1821896713778606,0.0011167616582999358,1,0.24978279278428478
2025-09-22 06:20:00+00:00,1.1853139450647712,1.1821896713778606,0.00312427368691051,1,0.24935974708981518
2025-09-22 06:25:00+00:00,1.1853006502831247,1.1821896713778606,0.0031109789052640928,1,0.24936254400331404
2025-09-22 06:30:00+00:00,1.1841041199349462,1.1821896713778606,0.0019144485570855854,1,0.24961452340831378
2025-09-22 06:35:00+00:00,1.185154407685014,1.1821896713778606,0.002964736307153433,1,0.24939331419331634
2025-09-22 06:40:00+00:00,1.1853582220055663,1.1853582220055663,0.0,0,0.0
2025-09-24 04:30:00+00:00,1.1850026545428045,1.1850026545428045,0.0,4,1.0001875281286918
2025-09-24 04:35:00+00:00,1.1881042235243018,1.1850026545428045,0.0031015689814973702,4,0.997576519303454
2025-09-24 04:40:00+00:00,1.191208175551383,1.1850026545428045,0.006205521008578466,4,0.9949771166777733
2025-09-24 04:45:00+00:00,1.189995431342299,1.1850026545428045,0.004992776799494325,4,0.9959911144668749
2025-09-24 04:50:00+00:00,1.186820778086858,1.1850026545428045,0.0018181235440534703,4,0.9986553132172789
2025-09-24 04:55:00+00:00,1.1863512008944372,1.1850026545428045,0.0013485463516326353,4,0.9990505973100696
2025-09-24 05:00:00+00:00,1.1867098285540065,1.1867098285540065,0.0,0,0.0
2025-09-25 12:35:00+00:00,1.1864428388678097,1.1864428388678097,0.0,3,0.7501125140640822
2025-09-25 12:40:00+00:00,1.184780440723208,1.1864428388678097,-0.001662398144601459,3,0.7511650176409148
2025-09-25 12:45:00+00:00,1.1871304586966958,1.1864428388678097,0.0006876198288860973,3,0.7496780274962518
2025-09-25 12:50:00+00:00,1.188269651234837,1.1864428388678097,0.001826812367027204,3,0.7489593121659017
2025-09-25 12:55:00+00:00,1.1872297295640812,1.1864428388678097,0.0007868906962715786,3,0.7496153427552988
2025-09-25 13:00:00+00:00,1.1850821596163226,1.1864428388678097,-0.0013606792514871424,3,0.7509737729446464
2025-09-25 13:05:00+00:00,1.1822943084287085,1.1822943084287085,0.0,0,0.0
2025-09-25 21:10:00+00:00,1.1822056363555764,1.1822056363555764,0.0,1,0.2500187514063555
2025-09-25 21:15:00+00:00,1.1817592300423068,1.1822056363555764,-0.00044640631326960085,1,0.2501131953051009
2025-09-25 21:20:00+00:00,1.1817762231527214,1.1822056363555764,-0.0004294132028550919,1,0.2501095988533694
2025-09-25 21:25:00+00:00,1.1818269327520534,1.1822056363555764,-0.0003787036035229524,1,0.25009886719952445
2025-09-25 21:30:00+00:00,1.1813416850435507,1.1822056363555764,-0.0008639513120256883,1,0.2502015977674407
2025-09-25 21:35:00+00:00,1.1809770074994175,1.1822056363555764,-0.0012286288561588995,1,0.25027885829294855
2025-09-25 21:40:00+00:00,1.1806590633016454,1.1806590633016454,0.0,0,0.0
2025-09-26 00:55:00+00:00,1.1805705138718978,1.1805705138718978,0.0,1,0.2500187514063555
2025-09-26 01:00:00+00:00,1.180994232349585,1.1805705138718978,0.00042371847768720653,1,0.24992904938932833
2025-09-26 01:05:00+00:00,1.1810035108563957,1.1805705138718978,0.0004329969844978877,1,0.2499270858317558
2025-09-26 01:10:00+00:00,1.1807344341588863,1.1805705138718978,0.0001639202869884608,1,0.2499840415306227
2025-09-26 01:15:00+00:00,1.1814952717173612,1.1805705138718978,0.0009247578454634012,1,0.2498230614129965
2025-09-26 01:20:00+00:00,1.18203342511238,1.1805705138718978,0.0014629112404821896,1,0.24970932255773476
2025-09-26 01:25:00+00:00,1.181703634505555,1.181703634505555,0.0,0,0.0
2025-09-28 22:10:00+00:00,1.181526385607462,1.181526385607462,0.0,2,0.5000562556255274
2025-09-28 22:15:00+00:00,1.1805514328969187,1.181526385607462,-0.0009749527105434723,2,0.5004692246739406
2025-09-28 22:20:00+00:00,1.1821232915446351,1.181526385607462,0.000596905937173069,2,0.4998037552729513
2025-09-28 22:25:00+00:00,1.1823535692691802,1.181526385607462,0.0008271836617181881,2,0.49970641241843233
2025-09-28 22:30:00+00:00,1.1826540410570696,1.181526385607462,0.0011276554496075716,2,0.4995794541754072
2025-09-28 22:35:00+00:00,1.1835402924266518,1.181526385607462,0.0020139068191897323,2,0.49920536215816774
2025-09-28 22:40:00+00:00,1.1830297448547484,1.1830297448547484,0.0,0,0.0
2025-09-29 13:45:00+00:00,1.1828522970475626,1.1828522970475626,0.0,2,0.5000562556255275
2025-09-29 13:50:00+00:00,1.182205377629906,1.1828522970475626,-0.0006469194176565605,2,0.5003298934449842
2025-09-29 13:55:00+00:00,1.1845330495524495,1.1828522970475626,0.001680752504886995,2,0.49934671796885793
2025-09-29 14:00:00+00:00,1.1842488613585687,1.1828522970475626,0.0013965643110061823,2,0.49946654788512834
2025-09-29 14:05:00+00:00,1.1859818642035629,1.1828522970475626,0.0031295671560003413,2,0.4987367079317614
2025-09-29 14:10:00+00:00,1.1859574621011042,1.1828522970475626,0.003105165053541579,2,0.49874696987170086
2025-09-29 14:15:00+00:00,1.1876100156978198,1.1876100156978198,0.0,0,0.0
2025-10-01 08:30:00+00:00,1.1875209449466424,1.1875209449466424,0.0,1,0.2500187514063555
2025-10-01 08:35:00+00:00,1.1877911735397366,1.1875209449466424,0.0002702285930943206,1,0.24996187085618404
2025-10-01 08:40:00+00:00,1.188234843980548,1.1875209449466424,0.0007138990339054155,1,0.24986853855408014
2025-10-01 08:45:00+00:00,1.1889443553486627,1.1875209449466424,0.0014234104020204293,1,0.2497194276492335
2025-10-01 08:50:00+00:00,1.190397963215241,1.1875209449466424,0.0028770182685986323,1,0.2494144925471203
2025-10-01 08:55:00+00:00,1.190127476524159,1.1875209449466424,0.0026065315775165945,1,0.2494711783241717
2025-10-01 09:00:00+00:00,1.190079185255034,1.190079185255034,0.0,0,0.0
2025-10-01 23:20:00+00:00,1.18998992931614,1.18998992931614,0.0,1,0.2500187514063555
2025-10-01 23:25:00+00:00,1.189944918909106,1.18998992931614,-4.5010407033966785e-05,1,0.2500282085212085
2025-10-01 23:30:00+00:00,1.1899715731166234,1.18998992931614,-1.8356199516619838e-05,1,0.25002260813216926
2025-10-01 23:35:00+00:00,1.1893469594234813,1.18998992931614,-0.000642969892658579,1,0.25015391341982907
2025-10-01 23:40:00+00:00,1.189588104565077,1.18998992931614,-0.0004018247510630855,1,0.25010320393421737
2025-10-01 23:45:00+00:00,1.1898496175444921,1.18998992931614,-0.0001403117716477936,1,0.2500482346061126
2025-10-01 23:50:00+00:00,1.1899595137976144,1.1899595137976144,0.0,0,0.0
2025-10-02 12:40:00+00:00,1.1898702668340797,1.1898702668340797,0.0,1,0.25001875140635543
2025-10-02 12:45:00+00:00,1.1900216155314498,1.1898702668340797,0.00015134869737016323,1,0.24998695365423937
2025-10-02 12:50:00+00:00,1.1896068079905093,1.1898702668340797,-0.00026345884357036124,1,0.25007412234965704
2025-10-02 12:55:00+00:00,1.1896740740782294,1.1898702668340797,-0.00019619275585028867,1,0.25005998275611874
2025-10-02 13:00:00+00:00,1.1896124134978194,1.1898702668340797,-0.0002578533362603662,1,0.2500729439891213
2025-10-02 13:05:00+00:00,1.1894890923369992,1.1898702668340797,-0.00038117449708055426,1,0.25009887048642265
2025-10-02 13:10:00+00:00,1.1887972533376385,1.1887972533376385,0.0,0,0.0
2025-10-02 15:10:00+00:00,1.1886189404366225,1.1886189404366225,0.0,2,0.5000562556255274
2025-10-02 15:15:00+00:00,1.1902511064295564,1.1886189404366225,0.0016321659929340307,2,0.499370539132111
2025-10-02 15:20:00+00:00,1.1903125284488452,1.1886189404366225,0.0016935880122227382,2,0.49934477081819867
2025-10-02 15:25:00+00:00,1.1923663057489524,1.1886189404366225,0.003747365312329964,2,0.49848468029879284
2025-10-02 15:30:00+00:00,1.1918857597648629,1.1886189404366225,0.0032668193282403514,2,0.4986856599726292
2025-10-02 15:35:00+00:00,1.1917211876848883,1.1886189404366225,0.003102247248265854,2,0.498754526530649
2025-10-02 15:40:00+00:00,1.191115017198819,1.191115017198819,0.0,0,0.0
2025-10-03 21:00:00+00:00,1.191025683572529,1.191025683572529,0.0,1,0.2500187514063555
2025-10-03 21:05:00+00:00,1.1906629994769597,1.191025683572529,-0.0003626840955693129,1,0.25009490882853874
2025-10-03 21:10:00+00:00,1.1898444416223763,1.191025683572529,-0.0011812419501527776,1,0.2502669625398069
2025-10-03 21:15:00+00:00,1.1908972329553482,1.191025683572529,-0.000128450617180799,1,0.2500457185215995
2025-10-03 21:20:00+00:00,1.1903355763351264,1.191025683572529,-0.0006901072374026988,1,0.2501637019171712
2025-10-03 21:25:00+00:00,1.190597514848593,1.191025683572529,-0.0004281687239359967,1,0.25010866441928775
2025-10-03 21:30:00+00:00,1.1906895232700878,1.1906895232700878,0.0,0,0.0
2025-10-03 22:50:00+00:00,1.1906002215558427,1.1906002215558427,0.0,1,0.25001875140635543
2025-10-03 22:55:00+00:00,1.1898957543197082,1.1906002215558427,-0.0007044672361344168,1,0.250166772792385
2025-10-03 23:00:00+00:00,1.1885667593919653,1.1906002215558427,-0.002033462163877334,1,0.25044649656011087
2025-10-03 23:05:00+00:00,1.1861385957269914,1.1906002215558427,-0.0044616258288513065,1,0.25095918966794667
2025-10-03 23:10:00+00:00,1.186828074298527,1.1906002215558427,-0.003772147257315484,1,0.25081339687170845
2025-10-03 23:15:00+00:00,1.1868655459600237,1.1906002215558427,-0.003734675595818948,1,0.25080547820329785
2025-10-03 23:20:00+00:00,1.1872683720667658,1.1872683720667658,0.0,0,0.0
2025-10-05 02:30:00+00:00,1.1871793269388609,1.1871793269388609,0.0,1,0.2500187514063555
2025-10-05 02:35:00+00:00,1.1901288970662016,1.1870007875188673,0.0031281095473344356,3,0.7494553700814306
2025-10-05 02:40:00+00:00,1.1876504313979497,1.1870007875188673,0.0006496438790824912,3,0.7510193819788098
2025-10-05 02:45:00+00:00,1.1859059328447001,1.1870007875188673,-0.0010948546741670452,3,0.7521241510747714
2025-10-05 02:50:00+00:00,1.1874159683710845,1.1870007875188673,0.00041518085221715906,3,0.7511676756536664
2025-10-05 02:55:00+00:00,1.1878738247945348,1.1870007875188673,0.0008730372756675066,3,0.7508781441072955
2025-10-05 03:00:00+00:00,1.1909272251588523,1.1897885205160759,0.0011387046427763327,2,0.4997210471020021
2025-10-05 03:05:00+00:00,1.1929625501567886,1.1929625501567886,0.0,0,0.0
2025-10-06 00:20:00+00:00,1.1927836124846796,1.1927836124846796,0.0,2,0.5000562556255274
2025-10-06 00:25:00+00:00,1.19039515567832,1.1927836124846796,-0.0023884568063593575,2,0.5010595886461753
2025-10-06 00:30:00+00:00,1.1888633606922343,1.1927836124846796,-0.003920251792445354,2,0.5017051805543754
2025-10-06 00:35:00+00:00,1.1892558257647616,1.1927836124846796,-0.0035277867199179583,2,0.5015396133519217
2025-10-06 00:40:00+00:00,1.1877292428094528,1.1927836124846796,-0.005054369675226753,2,0.5021842399196268
2025-10-06 00:45:00+00:00,1.1888208188564156,1.1927836124846796,-0.0039627936282639175,2,0.5017231340248076
2025-10-06 00:50:00+00:00,1.188187346785669,1.188187346785669,0.0,0,0.0
2025-10-06 05:30:00+00:00,1.18809823273466,1.18809823273466,0.0,1,0.2500187514063555
2025-10-06 05:35:00+00:00,1.187658376878158,1.18809823273466,-0.00043985585650211224,1,0.25011134723541073
2025-10-06 05:40:00+00:00,1.186855702066575,1.18809823273466,-0.0012425306680850245,1,0.250280498445762
2025-10-06 05:45:00+00:00,1.18666435234369,1.18809823273466,-0.001433880390970112,1,0.25032085619639854
2025-10-06 05:50:00+00:00,1.1876111607127708,1.18809823273466,-0.0004870720218893288,1,0.25012129097720676
2025-10-06 05:55:00+00:00,1.1874148408672134,1.18809823273466,-0.0006833918674467601,1,0.2501626444886547
2025-10-06 06:00:00+00:00,1.1868485950396597,1.1868485950396597,0.0,0,0.0
2025-10-06 13:40:00+00:00,1.1867595813950318,1.1867595813950318,0.0,1,0.25001875140635543
2025-10-06 13:45:00+00:00,1.1858608216087874,1.1867595813950318,-0.0008987597862445374,1,0.25020823974721
2025-10-06 13:50:00+00:00,1.1860130775554205,1.1867595813950318,-0.0007465038396112562,1,0.2501761189442281
2025-10-06 13:55:00+00:00,1.1870923602150996,1.1867595813950318,0.00033277882006769506,1,0.2499486633930919
2025-10-06 14:00:00+00:00,1.1879300891366598,1.1867595813950318,0.0011705077416280165,1,0.24977239946464652
2025-10-06 14:05:00+00:00,1.1883508808879037,1.1867595813950318,0.001591299492871861,1,0.2496839557506951
2025-10-06 14:10:00+00:00,1.1890526987635524,1.1890526987635524,0.0,0,0.0
2025-10-07 04:40:00+00:00,1.188963519811145,1.188963519811145,0.0,1,0.2500187514063555
2025-10-07 04:45:00+00:00,1.1884158039498072,1.188963519811145,-0.000547715861337786,1,0.25013397979302116
2025-10-07 04:50:00+00:00,1.1900445379585223,1.188963519811145,0.0010810181473772248,1,0.24979163821955114
2025-10-07 04:55:00+00:00,1.1902607415879976,1.188963519811145,0.00129722177685263,1,0.24974626508666634
2025-10-07 05:00:00+00:00,1.1909910294031147,1.188963519811145,0.002027509591969656,1,0.24959312652410703
2025-10-07 05:05:00+00:00,1.1905009678429703,1.188963519811145,0.0015374480318253246,1,0.24969586982317998
2025-10-07 05:10:00+00:00,1.1900730698710515,1.1900730698710515,0.0,0,0.0
2025-10-07 10:35:00+00:00,1.1899838143908112,1.1899838143908112,0.0,1,0.2500187514063555
2025-10-07 10:40:00+00:00,1.189970009613145,1.1899838143908112,-1.3804777666290286e-05,1,0.2500216518603566
2025-10-07 10:45:00+00:00,1.1898986849285358,1.1899838143908112,-8.512946227547879e-05,1,0.2500366386114895
2025-10-07 10:50:00+00:00,1.1891233165829453,1.1899838143908112,-0.0008604978078658683,1,0.25019967510410007
2025-10-07 10:55:00+00:00,1.1895443623017674,1.1899838143908112,-0.0004394520890437503,1,0.25011111556366444
2025-10-07 11:00:00+00:00,1.189825059447649,1.1899838143908112,-0.00015875494316237133,1,0.25005211069086025
2025-10-07 11:05:00+00:00,1.189277945508143,1.189277945508143,0.0,0,0.0
2025-10-08 00:20:00+00:00,1.18918874966223,1.18918874966223,0.0,1,0.2500187514063555
2025-10-08 00:25:00+00:00,1.1884970122472893,1.18918874966223,-0.000691737414940622,1,0.2501642690837264
2025-10-08 00:30:00+00:00,1.1883156830220136,1.18918874966223,-0.0008730666402162937,1,0.25020244252008905
2025-10-08 00:35:00+00:00,1.1873015825399162,1.18918874966223,-0.0018871671223136361,1,0.2504161459475188
2025-10-08 00:40:00+00:00,1.1881321151643272,1.18918874966223,-0.0010566344979027632,1,0.2502410991019415
2025-10-08 00:45:00+00:00,1.1897416918677002,1.18918874966223,0.000552942205470272,1,0.24990255314184437
2025-10-08 00:50:00+00:00,1.1870176256742626,1.1870176256742626,0.0,0,0.0
2025-10-08 14:05:00+00:00,1.186928599352337,1.186928599352337,0.0,1,0.2500187514063555
2025-10-08 14:10:00+00:00,1.1864134235756099,1.186928599352337,-0.0005151757767272441,1,0.2501273169383131
2025-10-08 14:15:00+00:00,1.1857377077100941,1.186928599352337,-0.0011908916422430128,1,0.2502698568907453
2025-10-08 14:20:00+00:00,1.1866733142931158,1.186928599352337,-0.0002552850592211716,1,0.2500725371037251
2025-10-08 14:25:00+00:00,1.185429786556188,1.186928599352337,-0.001498812796148992,1,0.250334865703579
2025-10-08 14:30:00+00:00,1.1852481920295257,1.186928599352337,-0.0016804073228114857,1,0.25037322006830215
2025-10-08 14:35:00+00:00,1.184419628577279,1.184419628577279,0.0,0,0.0
2025-10-08 15:25:00+00:00,1.1843307971051358,1.1843307971051358,0.0,1,0.2500187514063555
2025-10-08 15:30:00+00:00,1.1839184132549416,1.1843307971051358,-0.0004123838501942624,1,0.25010583823106514
2025-10-08 15:35:00+00:00,1.183053737440018,1.1843307971051358,-0.0012770596651177158,1,0.25028863674870266
2025-10-08 15:40:00+00:00,1.1829340130964132,1.1843307971051358,-0.0013967840087225015,1,0.25031396837533165
2025-10-08 15:45:00+00:00,1.1829739212109482,1.1843307971051358,-0.001356875894187573,1,0.2503055239300734
2025-10-08 15:50:00+00:00,1.1818564940039702,1.1843307971051358,-0.0024743031011655414,1,0.2505421839678321
2025-10-08 15:55:00+00:00,1.1824461004789206,1.1824461004789206,0.0,0,0.0
2025-10-10 11:10:00+00:00,1.1823574170213846,1.1823574170213846,0.0,1,0.2500187514063555
2025-10-10 11:15:00+00:00,1.1808387573085082,1.1823574170213846,-0.0015186597128763783,1,0.2503402969204018
2025-10-10 11:20:00+00:00,1.180390590145534,1.1823574170213846,-0.0019668268758506325,1,0.2504353453743504
2025-10-10 11:25:00+00:00,1.1802303645794965,1.1823574170213846,-0.002127052441888065,1,0.25046934394460646
2025-10-10 11:30:00+00:00,1.1804323881192829,1.1823574170213846,-0.0019250289021017226,1,0.25042647770001597
2025-10-10 11:35:00+00:00,1.1811011556992652,1.1823574170213846,-0.0012562613221194937,1,0.25028468026916356
2025-10-10 11:40:00+00:00,1.1811680535884612,1.1811680535884612,0.0,0,0.0
2025-10-10 15:40:00+00:00,1.1810794659844421,1.1810794659844421,0.0,1,0.2500187514063555
2025-10-10 15:45:00+00:00,1.1819300824483783,1.1810794659844421,0.000850616463936189,1,0.24983881684897585
2025-10-10 15:50:00+00:00,1.1812333351438085,1.1810794659844421,0.0001538691593662633,1,0.24998618360289093
2025-10-10 15:55:00+00:00,1.1809350123291917,1.1810794659844421,-0.0001444536552504721,1,0.25004933405666624
2025-10-10 16:00:00+00:00,1.18055541884747,1.1810794659844421,-0.0005240471369720471,1,0.25012973443076253
2025-10-10 16:05:00+00:00,1.1800697770562336,1.1810794659844421,-0.0010096889282085542,1,0.25023267194736726
2025-10-10 16:10:00+00:00,1.1808090104851334,1.1808090104851334,0.0,0,0.0
2025-10-10 21:05:00+00:00,1.180720449809347,1.180720449809347,0.0,1,0.2500187514063555
2025-10-10 21:10:00+00:00,1.179117469407632,1.180720449809347,-0.0016029804017149447,1,0.25035864558056947
2025-10-10 21:15:00+00:00,1.1733554671565998,1.180720449809347,-0.007364982652747303,1,0.25158808296743096
2025-10-10 21:20:00+00:00,1.1510336121246802,1.180720449809347,-0.02968683768466687,1,0.25646710010177093
2025-10-10 21:25:00+00:00,1.1638617947055685,1.1806331536275305,-0.01677135892196209,2,0.5036590495621713
2025-10-10 21:30:00+00:00,1.1382181041446506,1.1806331536275305,-0.04241504948287986,2,0.5150063271780763
2025-10-10 21:35:00+00:00,1.1625324603617166,1.1711387300469496,-0.008606269685233025,1,0.2503046432194305
2025-10-10 21:40:00+00:00,1.161369957702709,1.1711387300469496,-0.009768772344240494,1,0.25055519198847237
2025-10-10 21:45:00+00:00,1.174050343849579,1.1711387300469496,0.00291161380262947,1,0.24784905881270108
2025-10-10 21:50:00+00:00,1.175132489181927,1.1711387300469496,0.003993759134977476,1,0.24762082182275308
2025-10-10 21:55:00+00:00,1.1779460924925187,1.1779460924925187,0.0,0,0.0
2025-10-12 14:50:00+00:00,1.1778577465355817,1.1778577465355817,0.0,1,0.2500187514063555
2025-10-12 14:55:00+00:00,1.1819601713198165,1.1778577465355817,0.004102424784234789,1,0.24915096994706354
2025-10-12 15:00:00+00:00,1.1803963461287417,1.1778577465355817,0.0025385995931598905,1,0.24948105277429508
2025-10-12 15:05:00+00:00,1.1827929157093278,1.1778577465355817,0.004935169173746024,1,0.2489755554094813
2025-10-12 15:10:00+00:00,1.1834305557131457,1.1778577465355817,0.005572809177563897,1,0.24884140577701197
2025-10-12 15:15:00+00:00,1.1846243553451468,1.1778577465355817,0.0067666088095651306,1,0.2485906370187108
2025-10-12 15:20:00+00:00,1.1878363383645942,1.1878363383645942,0.0,0,0.0
2025-10-16 09:45:00+00:00,1.187658169595419,1.187658169595419,0.0,2,0.5000562556255274
2025-10-16 09:50:00+00:00,1.190730254075049,1.187658169595419,0.003072084479630123,2,0.4987661103079025
2025-10-16 09:55:00+00:00,1.1879123961728926,1.187658169595419,0.0002542265774735915,2,0.49994923797774327
2025-10-16 10:00:00+00:00,1.188156353660404,1.187658169595419,0.000498184064985156,2,0.4998465862016495
2025-10-16 10:05:00+00:00,1.1881979601410475,1.187658169595419,0.0005397905456285195,2,0.49982908334605547
2025-10-16 10:10:00+00:00,1.1887619010978858,1.187658169595419,0.0011037315024668114,2,0.4995919676618655
2025-10-16 10:15:00+00:00,1.1907333682854115,1.1907333682854115,0.0,0,0.0
2025-10-18 07:05:00+00:00,1.1906440632827902,1.1906440632827902,0.0,1,0.2500187514063555
2025-10-18 07:10:00+00:00,1.1909967686643912,1.1906440632827902,0.0003527053816011409,1,0.2499447100978966
2025-10-18 07:15:00+00:00,1.1900078253422726,1.1906440632827902,-0.0006362379405175557,1,0.2501524239857268
2025-10-18 07:20:00+00:00,1.1890401659655954,1.1906440632827902,-0.0016038973171947904,1,0.250356001918245
2025-10-18 07:25:00+00:00,1.188704183683984,1.1906440632827902,-0.0019398795988062089,1,0.250426763998411
2025-10-18 07:30:00+00:00,1.1887862789021153,1.1906440632827902,-0.0018577843806749316,1,0.2504094700237234
2025-10-18 07:35:00+00:00,1.1888695258857513,1.1888695258857513,0.0,0,0.0
2025-10-19 08:20:00+00:00,1.1887803606713099,1.1887803606713099,0.0,1,0.2500187514063555
2025-10-19 08:25:00+00:00,1.1851853705127502,1.1887803606713099,-0.0035949901585596382,1,0.25077712640247307
2025-10-19 08:30:00+00:00,1.1846685575726752,1.1887803606713099,-0.004111803098634601,1,0.2508865281952118
2025-10-19 08:35:00+00:00,1.1839186869670906,1.1887803606713099,-0.004861673704219249,1,0.2510454347442018
2025-10-19 08:40:00+00:00,1.1838172917489793,1.1887803606713099,-0.004963068922330569,1,0.25106693705438865
2025-10-19 08:45:00+00:00,1.1837385969528331,1.1887803606713099,-0.005041763718476685,1,0.25108362795344474
2025-10-19 08:50:00+00:00,1.1834557214709551,1.1834557214709551,0.0,0,0.0
2025-10-20 03:55:00+00:00,1.1832782097696728,1.1832782097696728,0.0,2,0.5000562556255275
2025-10-20 04:00:00+00:00,1.182579655031568,1.1832782097696728,-0.0006985547381049082,2,0.5003516409428717
2025-10-20 04:05:00+00:00,1.1837928116002463,1.1832782097696728,0.0005146018305734455,2,0.49983887817398953
2025-10-20 04:10:00+00:00,1.183313053031222,1.1832782097696728,3.484326154913674e-05,2,0.5000415312118489
2025-10-20 04:15:00+00:00,1.1837921378858547,1.1832782097696728,0.0005139281161819057,2,0.49983916264001604
2025-10-20 04:20:00+00:00,1.1820843539086228,1.1832782097696728,-0.0011938558610499615,2,0.50056129157297
2025-10-20 04:25:00+00:00,1.181180191121314,1.181180191121314,0.0,0,0.0
2025-10-22 11:15:00+00:00,1.18109160260698,1.18109160260698,0.0,1,0.25001875140635543
2025-10-22 11:20:00+00:00,1.1812398822500778,1.18109160260698,0.00014827964309782314,1,0.24998736684866876
2025-10-22 11:25:00+00:00,1.1815626993897388,1.18109160260698,0.00047109678275881345,1,0.24991906729354643
2025-10-22 11:30:00+00:00,1.1809433229638822,1.18109160260698,-0.00014827964309785594,1,0.2500501438453535
2025-10-22 11:35:00+00:00,1.1814599848453011,1.18109160260698,0.00036838223832121075,1,0.24994079492162746
2025-10-22 11:40:00+00:00,1.18193108162806,1.18109160260698,0.0008394790210800242,1,0.2498411729502638
2025-10-22 11:45:00+00:00,1.1811366202293956,1.1811366202293956,0.0,0,0.0
2025-10-22 13:40:00+00:00,1.1810480349828785,1.1810480349828785,0.0,1,0.25001875140635543
2025-10-22 13:45:00+00:00,1.180038688343403,1.1810480349828785,-0.0010093466394754183,1,0.25023260506135053
2025-10-22 13:50:00+00:00,1.179545865652226,1.1810480349828785,-0.0015021693306524417,1,0.2503371540317955
2025-10-22 13:55:00+00:00,1.1806693597254234,1.1810480349828785,-0.00037867525745501946,1,0.2500989397455188
2025-10-22 14:00:00+00:00,1.1819696597281808,1.1810480349828785,0.0009216247453023581,1,0.2498238026898726
2025-10-22 14:05:00+00:00,1.1806407547599322,1.1810480349828785,-0.00040728022294621053,1,0.2501049992276364
2025-10-22 14:10:00+00:00,1.1806635926647093,1.1806635926647093,0.0,0,0.0
2025-10-22 15:00:00+00:00,1.1805750428952595,1.1805750428952595,0.0,1,0.2500187514063555
2025-10-22 15:05:00+00:00,1.1799521247408626,1.1805750428952595,-0.0006229181543969566,1,0.25015074084552436
2025-10-22 15:10:00+00:00,1.1793690488300432,1.1805750428952595,-0.001205994065216177,1,0.2502744144922131
2025-10-22 15:15:00+00:00,1.1785553476246686,1.1805750428952595,-0.002019695270590809,1,0.2504472095952663
2025-10-22 15:20:00+00:00,1.177339392998558,1.1805750428952595,-0.0032356498967013956,1,0.2507058711544691
2025-10-22 15:25:00+00:00,1.1771876859941661,1.1805750428952595,-0.0033873569010932835,1,0.2507381802222149
2025-10-22 15:30:00+00:00,1.1767221673047124,1.1767221673047124,0.0,0,0.0
2025-10-23 06:20:00+00:00,1.1766339131421646,1.1766339131421646,0.0,1,0.25001875140635543
2025-10-23 06:25:00+00:00,1.1769688181305824,1.1766339131421646,0.00033490498841778324,1,0.2499476088868986
2025-10-23 06:30:00+00:00,1.176697143203978,1.1766339131421646,6.323006181332169e-05,1,0.25000531659757974
2025-10-23 06:35:00+00:00,1.1764889662631774,1.1766339131421646,-0.00014494687898724016,1,0.2500495544472201
2025-10-23 06:40:00+00:00,1.1767303657788288,1.1766339131421646,9.645263666433255e-05,1,0.24999825820885674
2025-10-23 06:45:00+00:00,1.1770837575226074,1.1766339131421646,0.00044984438044274526,1,0.24992320210529112
2025-10-23 06:50:00+00:00,1.1771463445668429,1.1771463445668429,0.0,0,0.0
2025-10-23 15:10:00+00:00,1.1770580585910004,1.1770580585910004,0.0,1,0.25001875140635543
2025-10-23 15:15:00+00:00,1.180469719735065,1.1770580585910004,0.0034116611440646047,1,0.24929617526128325
2025-10-23 15:20:00+00:00,1.1773124253327178,1.1770580585910004,0.0002543667417173786,1,0.24996473307290798
2025-10-23 15:25:00+00:00,1.180485453760326,1.1770580585910004,0.003427395169325482,1,0.249292852533073
2025-10-23 15:30:00+00:00,1.1812459316479345,1.1770580585910004,0.004187873056934084,1,0.2491323595342732
2025-10-23 15:35:00+00:00,1.1858664903995424,1.1770580585910004,0.008808431808541942,1,0.24816165101567178
2025-10-23 15:40:00+00:00,1.1824557027561136,1.1824557027561136,0.0,0,0.0
2025-10-23 16:55:00+00:00,1.1823670185784068,1.1823670185784068,0.0,1,0.2500187514063555
2025-10-23 17:00:00+00:00,1.1817320736785373,1.1823670185784068,-0.0006349448998694196,1,0.25015308653579227
2025-10-23 17:05:00+00:00,1.1797383617568833,1.1823670185784068,-0.0026286568215234756,1,0.2505758355172887
2025-10-23 17:10:00+00:00,1.1792774053171204,1.1823670185784068,-0.0030896132612863083,1,0.2506737807034763
2025-10-23 17:15:00+00:00,1.1793692953263542,1.1823670185784068,-0.002997723252052578,1,0.2506542495726297
2025-10-23 17:20:00+00:00,1.1796690676515595,1.1823670185784068,-0.002697950926847294,1,0.2505905544149983
2025-10-23 17:25:00+00:00,1.179452340018363,1.179452340018363,0.0,0,0.0
2025-10-24 04:35:00+00:00,1.1793638810928615,1.1793638810928615,0.0,1,0.2500187514063555
2025-10-24 04:40:00+00:00,1.1791220615683684,1.1793638810928615,-0.0002418195244930641,1,0.25007002634857733
2025-10-24 04:45:00+00:00,1.1801893514449893,1.1793638810928615,0.0008254703521276703,1,0.24984387856369744
2025-10-24 04:50:00+00:00,1.1801617362523773,1.1793638810928615,0.0007978551595158308,1,0.24984972478512416
2025-10-24 04:55:00+00:00,1.1810685594692265,1.1793638810928615,0.001704678376364903,1,0.2496578904251778
2025-10-24 05:00:00+00:00,1.181017060866788,1.1793638810928615,0.0016531797739265477,1,0.24966877683221683
2025-10-24 05:05:00+00:00,1.17983220415894,1.17983220415894,0.0,0,0.0
2025-10-26 22:05:00+00:00,1.1795667618221748,1.1795667618221748,0.0,3,0.7501125140640822
2025-10-26 22:10:00+00:00,1.1782629463750356,1.1795667618221748,-0.001303815447139092,3,0.7509425565312056
2025-10-26 22:15:00+00:00,1.177024065116806,1.1795667618221748,-0.002542696705368858,3,0.7517329640401643
2025-10-26 22:20:00+00:00,1.175225868928888,1.1795667618221748,-0.0043408928932868185,3,0.7528831798293227
2025-10-26 22:25:00+00:00,1.1754229985673557,1.1795667618221748,-0.004143763254819234,3,0.7527569141451996
2025-10-26 22:30:00+00:00,1.175217917565178,1.1795667618221748,-0.004348844256996666,3,0.7528882737339547
2025-10-26 22:35:00+00:00,1.1765659961637112,1.1765659961637112,0.0,0,0.0
2025-10-29 17:40:00+00:00,1.1763895178824704,1.1763895178824704,0.0,2,0.5000562556255274
2025-10-29 17:45:00+00:00,1.1758911124648646,1.1763895178824704,-0.0004984054176058281,2,0.5002682061575703
2025-10-29 17:50:00+00:00,1.1756051702612533,1.1763895178824704,-0.0007843476212171483,2,0.5003898862903937
2025-10-29 17:55:00+00:00,1.1747829437522876,1.1763895178824704,-0.0016065741301828245,2,0.5007401074367888
2025-10-29 18:00:00+00:00,1.1771217101471578,1.1763895178824704,0.0007321922646875628,2,0.49974521105033914
2025-10-29 18:05:00+00:00,1.1743189556045979,1.1763895178824704,-0.0020705622778725906,2,0.5009379561335289
2025-10-29 18:10:00+00:00,1.1729023428842118,1.1729023428842118,0.0,0,0.0
2025-10-30 04:40:00+00:00,1.1725505117648214,1.1725505117648214,0.0,4,1.0001875281286918
2025-10-30 04:45:00+00:00,1.1670326788133911,1.1725505117648214,-0.0055178329514303385,4,1.004916502561464
2025-10-30 04:50:00+00:00,1.1664700423267658,1.1725505117648214,-0.0060804694380556055,4,1.005401215130014
2025-10-30 04:55:00+00:00,1.1675700673735685,1.1725505117648214,-0.004980444391252902,4,1.004453977315656
2025-10-30 05:00:00+00:00,1.162917707892185,1.1725505117648214,-0.00963280387263639,4,1.0084723880366069
2025-10-30 05:05:00+00:00,1.162475217082205,1.1725505117648214,-0.010075294682616472,4,1.0088562583826302
2025-10-30 05:10:00+00:00,1.1635470642008665,1.1635470642008665,0.0,0,0.0
2025-10-31 18:40:00+00:00,1.1633725386861886,1.1633725386861886,0.0,2,0.5000562556255274
2025-10-31 18:45:00+00:00,1.162726498544305,1.1633725386861886,-0.0006460401418836024,2,0.5003340994819618
2025-10-31 18:50:00+00:00,1.1612589425370907,1.1633725386861886,-0.002113596149097909,2,0.5009664031710122
2025-10-31 18:55:00+00:00,1.161257960721886,1.1633725386861886,-0.002114577964302599,2,0.5009668267258538
2025-10-31 19:00:00+00:00,1.161614835630809,1.1633725386861886,-0.0017577030553797921,2,0.5008129181451632
2025-10-31 19:05:00+00:00,1.1594578778845872,1.1633725386861886,-0.003914660801601367,2,0.50174458830223
2025-10-31 19:10:00+00:00,1.160296739615839,1.160296739615839,0.0,0,0.0
2025-11-03 08:55:00+00:00,1.1602097173603678,1.1602097173603678,0.0,1,0.2500187514063555
2025-11-03 09:00:00+00:00,1.159828163523278,1.1602097173603678,-0.0003815538370897539,1,0.25010100118864537
2025-11-03 09:05:00+00:00,1.1605912711974575,1.1602097173603678,0.0003815538370897861,1,0.24993655570463783
2025-11-03 09:10:00+00:00,1.1611565361412943,1.1602097173603678,0.0009468187809265181,1,0.24981488358832468
2025-11-03 09:15:00+00:00,1.161504174081754,1.1602097173603678,0.0012944567213861067,1,0.24974011404933832
2025-11-03 09:20:00+00:00,1.1607495453817318,1.1602097173603678,0.0005398280213640839,1,0.24990247556682352
2025-11-03 09:25:00+00:00,1.1595772144340943,1.1595772144340943,0.0,0,0.0
2025-11-03 15:40:00+00:00,1.1594902461430119,1.1594902461430119,0.0,1,0.25001875140635543
2025-11-03 15:45:00+00:00,1.1566159400165819,1.1594902461430119,-0.002874306126430123,1,0.2506400729738927
2025-11-03 15:50:00+00:00,1.1538442876803812,1.1594902461430119,-0.005645958462630625,1,0.2512421361389322
2025-11-03 15:55:00+00:00,1.153142820113812,1.1594902461430119,-0.0063474260291998775,1,0.25139496908103004
2025-11-03 16:00:00+00:00,1.1548537166176394,1.1594902461430119,-0.0046365295253724135,1,0.2510225316307353
2025-11-03 16:05:00+00:00,1.1534336725194627,1.1594902461430119,-0.006056573623549172,1,0.25133157676531415
2025-11-03 16:10:00+00:00,1.1545443317810593,1.1545443317810593,0.0,0,0.0
2025-11-04 08:25:00+00:00,1.1544577409561758,1.1544577409561758,0.0,1,0.25001875140635543
2025-11-04 08:30:00+00:00,1.1539711640668846,1.1544577409561758,-0.00048657688929121614,1,0.25012417288490874
2025-11-04 08:35:00+00:00,1.154739618073963,1.1544577409561758,0.0002818771177872609,1,0.24995772070823433
2025-11-04 08:40:00+00:00,1.154806837052984,1.1544577409561758,0.0003490960968081745,1,0.2499431711729828
2025-11-04 08:45:00+00:00,1.1546237137438817,1.1544577409561758,0.00016597278770595644,1,0.24998281215735535
2025-11-04 08:50:00+00:00,1.1539678446111306,1.1544577409561758,-0.0004898963450453468,1,0.25012489238166835
2025-11-04 08:55:00+00:00,1.1532807089160642,1.1532807089160642,0.0,0,0.0
2025-11-04 14:45:00+00:00,1.152934763624667,1.152934763624667,0.0,4,1.000187528128692
2025-11-04 14:50:00+00:00,1.1568404571059403,1.152934763624667,0.003905693481273411,4,0.9968107220318203
2025-11-04 14:55:00+00:00,1.1626092207736245,1.152934763624667,0.009674457148957464,4,0.9918646357854126
2025-11-04 15:00:00+00:00,1.1617873571959303,1.152934763624667,0.008852593571263341,4,0.9925662938066554
2025-11-04 15:05:00+00:00,1.1649962599960524,1.152934763624667,0.012061496371385453,4,0.9898323375967755
2025-11-04 15:10:00+00:00,1.1589188122955176,1.152934763624667,0.005984048670850649,4,0.9950230845241871
2025-11-04 15:15:00+00:00,1.154709004365343,1.154709004365343,0.0,0,0.0
2025-11-04 17:25:00+00:00,1.1545358045099263,1.1545358045099263,0.0,2,0.5000562556255274
2025-11-04 17:30:00+00:00,1.1531562543408356,1.1545358045099263,-0.0013795501690907891,2,0.500654485648047
2025-11-04 17:35:00+00:00,1.1574804702560701,1.1545358045099263,0.002944665746143857,2,0.49878409720478123
2025-11-04 17:40:00+00:00,1.156794707480155,1.1545358045099263,0.0022589029702287265,2,0.49907978283064874
2025-11-04 17:45:00+00:00,1.1549707667831666,1.1545358045099263,0.0004349622732401971,2,0.4998679343173607
2025-11-04 17:50:00+00:00,1.154892898951881,1.1545358045099263,0.00035709444195462456,2,0.4999016375568644
2025-11-04 17:55:00+00:00,1.1541910756205174,1.1541910756205174,0.0,0,0.0
2025-11-04 20:30:00+00:00,1.1541045112898458,1.1541045112898458,0.0,1,0.2500187514063555
2025-11-04 20:35:00+00:00,1.1526497811775835,1.1541045112898458,-0.0014547301122623015,1,0.250334293743881
2025-11-04 20:40:00+00:00,1.1562818730630802,1.1541045112898458,0.0021773617732342614,1,0.2495479481493072
2025-11-04 20:45:00+00:00,1.157758692352752,1.1541045112898458,0.003654181062906206,1,0.249229628601409
2025-11-04 20:50:00+00:00,1.156654233482271,1.1541045112898458,0.002549722192425063,1,0.24946761145412966
2025-11-04 20:55:00+00:00,1.1553793723860584,1.1541045112898458,0.0012748610962125314,1,0.2497428773626348
2025-11-04 21:00:00+00:00,1.1562394870872277,1.1562394870872277,0.0,0,0.0
2025-11-04 22:00:00+00:00,1.156152769125696,1.156152769125696,0.0,1,0.2500187514063555
2025-11-04 22:05:00+00:00,1.157043233416514,1.156152769125696,0.0008904642908177417,1,0.2498263361501815
2025-11-04 22:10:00+00:00,1.1581124247582564,1.156152769125696,0.0019596556325602726,1,0.24959569174136534
2025-11-04 22:15:00+00:00,1.1578757555504995,1.156152769125696,0.0017229864248032992,1,0.2496467089721354
2025-11-04 22:20:00+00:00,1.1589876107689143,1.156152769125696,0.002834841643218289,1,0.2494072146120994
2025-11-04 22:25:00+00:00,1.158507065617476,1.156152769125696,0.002354296491779891,1,0.2495106679541398
2025-11-04 22:30:00+00:00,1.1584690651907934,1.1584690651907934,0.0,0,0.0
2025-11-05 01:50:00+00:00,1.158295301347403,1.158295301347403,0.0,2,0.5000562556255275
2025-11-05 01:55:00+00:00,1.1645297867253315,1.158295301347403,0.006234485377928391,2,0.49737912924423866
2025-11-05 02:00:00+00:00,1.1664762740919907,1.158295301347403,0.008180972744587626,2,0.49654915763399954
2025-11-05 02:05:00+00:00,1.1709244082919044,1.158295301347403,0.012629106944501358,2,0.4946628554317659
2025-11-05 02:10:00+00:00,1.1720813611495593,1.158295301347403,0.013786059802156296,2,0.49417457737945886
2025-11-05 02:15:00+00:00,1.1721350349936,1.158295301347403,0.01383973364619688,2,0.4941519483747766
2025-11-05 02:20:00+00:00,1.1734060275779257,1.1734060275779257,0.0,0,0.0
2025-11-06 13:20:00+00:00,1.1733180221258572,1.1733180221258572,0.0,1,0.2500187514063555
2025-11-06 13:25:00+00:00,1.174580103057128,1.1733180221258572,0.0012620809312706611,1,0.24975010740515985
2025-11-06 13:30:00+00:00,1.174031372217445,1.1733180221258572,0.0007133500915877905,1,0.24986683817521457
2025-11-06 13:35:00+00:00,1.1738118798815718,1.1733180221258572,0.0004938577557146292,1,0.2499135610418922
2025-11-06 13:40:00+00:00,1.1739947901614662,1.1733180221258572,0.0006767680356089195,1,0.24987462410641115
2025-11-06 13:45:00+00:00,1.1738667529655402,1.1733180221258572,0.0005487308396829358,1,0.24990187868715708
2025-11-06 13:50:00+00:00,1.1739433667653767,1.1739433667653767,0.0,0,0.0
2025-11-07 14:45:00+00:00,1.1736792493176533,1.1736792493176533,0.0,3,0.7501125140640823
2025-11-07 14:50:00+00:00,1.171000546241586,1.1736792493176533,-0.0026787030760672455,3,0.7518284216315632
2025-11-07 14:55:00+00:00,1.1740383009564903,1.1736792493176533,0.0003590516388369882,3,0.7498831100256729
2025-11-07 15:00:00+00:00,1.1758693903658557,1.1736792493176533,0.0021901410482024174,3,0.7487153757243294
2025-11-07 15:05:00+00:00,1.1736594453069038,1.1736792493176533,-1.980401074961794e-05,3,0.7501251712589366
2025-11-07 15:10:00+00:00,1.1768776146394697,1.1736792493176533,0.0031983653218164345,3,0.7480739555745677
2025-11-07 15:15:00+00:00,1.1807303304260321,1.1807303304260321,0.0,0,0.0
2025-11-09 14:30:00+00:00,1.1806417756512502,1.1806417756512502,0.0,1,0.2500187514063555
2025-11-09 14:35:00+00:00,1.1807145210354177,1.1806417756512502,7.274538416766644e-05,1,0.2500033474202131
2025-11-09 14:40:00+00:00,1.1790413771995607,1.1806417756512502,-0.0016003984516895135,1,0.2503581200073069
2025-11-09 14:45:00+00:00,1.1786049048945544,1.1806417756512502,-0.0020368707566957743,1,0.25045083503442317
2025-11-09 14:50:00+00:00,1.1774409787478712,1.1806417756512502,-0.003200796903379027,1,0.25069841115978037
2025-11-09 14:55:00+00:00,1.1781138735514223,1.1806417756512502,-0.0025279020998278177,1,0.2505552215565382
2025-11-09 15:00:00+00:00,1.1764976657091186,1.1764976657091186,0.0,0,0.0
2025-11-11 01:20:00+00:00,1.1762329735872359,1.1762329735872359,0.0,3,0.7501125140640821
2025-11-11 01:25:00+00:00,1.1734620710501393,1.1762329735872359,-0.00277090253709658,3,0.7518837589296856
2025-11-11 01:30:00+00:00,1.1715408899116975,1.1762329735872359,-0.004692083675538408,3,0.753116754643617
2025-11-11 01:35:00+00:00,1.1693662182742979,1.1762329735872359,-0.006866755312937984,3,0.754517326697418
2025-11-11 01:40:00+00:00,1.166779305723076,1.1762329735872359,-0.009453667864159868,3,0.7561901969077259
2025-11-11 01:45:00+00:00,1.1659007667866224,1.1762329735872359,-0.010332206800613527,3,0.7567600074355798
2025-11-11 01:50:00+00:00,1.168548937302088,1.168548937302088,0.0,0,0.0
2025-11-12 17:40:00+00:00,1.1684612961317904,1.1684612961317904,0.0,1,0.2500187514063555
2025-11-12 17:45:00+00:00,1.167027560296012,1.1684612961317904,-0.001433735835778353,1,0.2503259085427447
2025-11-12 17:50:00+00:00,1.1666233688103937,1.1684612961317904,-0.0018379273213967391,1,0.25041263713362305
2025-11-12 17:55:00+00:00,1.1675758032544923,1.1684612961317904,-0.0008854928772981256,1,0.2502083663529347
2025-11-12 18:00:00+00:00,1.1668004673858532,1.1684612961317904,-0.001660828745937101,1,0.2503746291600637
2025-11-12 18:05:00+00:00,1.168300297426827,1.1684612961317904,-0.00016099870496328377,1,0.2500532054720453
2025-11-12 18:10:00+00:00,1.1676839026149657,1.1676839026149657,0.0,0,0.0
2025-11-14 04:45:00+00:00,1.1673336368515426,1.1673336368515426,0.0,4,1.0001875281286918
2025-11-14 04:50:00+00:00,1.1640786260090117,1.1673336368515426,-0.0032550108425309135,4,1.0029842646857272
2025-11-14 04:55:00+00:00,1.1698499616728895,1.1673336368515426,0.0025163248213467965,4,0.9980361439465417
2025-11-14 05:00:00+00:00,1.1720608297998107,1.1673336368515426,0.004727192948268288,4,0.9961535400372006
2025-11-14 05:05:00+00:00,1.1775539509940893,1.1673336368515426,0.010220314142546752,4,0.991506625881875
2025-11-14 05:10:00+00:00,1.1724400390292826,1.1673336368515426,0.005106402177740065,4,0.9958313481947367
2025-11-14 05:15:00+00:00,1.1696866999918731,1.1696866999918731,0.0,0,0.0
2025-11-14 07:00:00+00:00,1.1694235402223445,1.1694235402223445,0.0,3,0.7501125140640822
2025-11-14 07:05:00+00:00,1.1661365965434909,1.1694235402223445,-0.003286943678853525,3,0.7522268269103132
2025-11-14 07:10:00+00:00,1.1649202396745157,1.1694235402223445,-0.004503300547828697,3,0.7530122680390512
2025-11-14 07:15:00+00:00,1.1678114769275978,1.1694235402223445,-0.0016120632947466808,3,0.7511479798689176
2025-11-14 07:20:00+00:00,1.166980867467895,1.1694235402223445,-0.002442672754449481,3,0.7516826164127622
2025-11-14 07:25:00+00:00,1.1678189608686294,1.1694235402223445,-0.0016045793537150862,3,0.7511431661543131
2025-11-14 07:30:00+00:00,1.1702286698007542,1.1702286698007542,0.0,0,0.0
2025-11-14 12:50:00+00:00,1.1700531420828204,1.1700531420828204,0.0,2,0.5000562556255274
2025-11-14 12:55:00+00:00,1.1704476524109844,1.1700531420828204,0.0003945103281639876,2,0.49988770698766144
2025-11-14 13:00:00+00:00,1.1729549637653798,1.1700531420828204,0.0029018216825593434,2,0.49881914582174136
2025-11-14 13:05:00+00:00,1.1739370725072034,1.1700531420828204,0.0038839304243829774,2,0.49840183670426524
2025-11-14 13:10:00+00:00,1.172200508131213,1.1700531420828204,0.002147366048392654,2,0.49914019747833505
2025-11-14 13:15:00+00:00,1.1704569881796225,1.1700531420828204,0.0004038460968020748,2,0.4998837197963126
2025-11-14 13:20:00+00:00,1.1685236384626259,1.1685236384626259,0.0,0,0.0
2025-11-14 13:55:00+00:00,1.168435999189741,1.168435999189741,0.0,1,0.2500187514063555
2025-11-14 14:00:00+00:00,1.1684182138977428,1.168435999189741,-1.77852919982679e-05,1,0.2500225571126051
2025-11-14 14:05:00+00:00,1.1695508561776329,1.168435999189741,0.0011148569878918343,1,0.24978042474391318
2025-11-14 14:10:00+00:00,1.1702472907695654,1.168435999189741,0.001811291579824258,1,0.24963177605269096
2025-11-14 14:15:00+00:00,1.1696753532216209,1.168435999189741,0.0012393540318797744,1,0.24975383879898322
2025-11-14 14:20:00+00:00,1.17040455019355,1.168435999189741,0.001968551003809018,1,0.24959823470213502
2025-11-14 14:25:00+00:00,1.1720383399724983,1.1720383399724983,0.0,0,0.0
2025-11-17 00:30:00+00:00,1.1717746511236569,1.1717746511236569,0.0,3,0.7501125140640823
2025-11-17 00:35:00+00:00,1.1720349341005885,1.1717746511236569,0.0002602829769316037,3,0.7499459307033703
2025-11-17 00:40:00+00:00,1.175954142409791,1.1717746511236569,0.004179491286134139,3,0.7474465183393455
2025-11-17 00:45:00+00:00,1.173086748234829,1.1717746511236569,0.0013120971111722658,3,0.7492735134835723
2025-11-17 00:50:00+00:00,1.1732044431401003,1.1717746511236569,0.0014297920164435137,3,0.7491983469806602
2025-11-17 00:55:00+00:00,1.1748711555039633,1.1717746511236569,0.003096504380306503,3,0.7481355086072365
2025-11-17 01:00:00+00:00,1.1761262414532838,1.1761262414532838,0.0,0,0.0
2025-11-18 02:25:00+00:00,1.1760380319851749,1.1760380319851749,0.0,1,0.2500187514063555
2025-11-18 02:30:00+00:00,1.1773459226713507,1.1760380319851749,0.001307890686175785,1,0.24974101043827043
2025-11-18 02:35:00+00:00,1.178964160300009,1.1760380319851749,0.0029261283148340374,1,0.2493982177443793
2025-11-18 02:40:00+00:00,1.1775232637813406,1.1760380319851749,0.0014852317961657662,1,0.24970339814697787
2025-11-18 02:45:00+00:00,1.178786819190019,1.1760380319851749,0.002748787204844121,1,0.2494357381475975
2025-11-18 02:50:00+00:00,1.1779887841950643,1.1760380319851749,0.0019507522098894017,1,0.24960471976330123
2025-11-18 02:55:00+00:00,1.176614851679528,1.176614851679528,0.0,0,0.0
2025-11-18 03:40:00+00:00,1.1763501331927795,1.1763501331927795,0.0,3,0.7501125140640822
2025-11-18 03:45:00+00:00,1.17697722030338,1.1763501331927795,0.0006270871106005314,3,0.7497128581650934
2025-11-18 03:50:00+00:00,1.178084303397455,1.1763501331927795,0.0017341702046756312,3,0.7490083292716248
2025-11-18 03:55:00+00:00,1.178454635703656,1.1763501331927795,0.0021045025108765328,3,0.7487729515374812
2025-11-18 04:00:00+00:00,1.1789093463935143,1.1763501331927795,0.0025592132007347607,3,0.7484841464089255
2025-11-18 04:05:00+00:00,1.1761264375104696,1.1763501331927795,-0.00022369568230991545,3,0.7502551831898591
2025-11-18 04:10:00+00:00,1.1732451574925586,1.1732451574925586,0.0,0,0.0
2025-11-18 07:10:00+00:00,1.1731571641057468,1.1731571641057468,0.0,1,0.2500187514063555
2025-11-18 07:15:00+00:00,1.172856838057972,1.1731571641057468,-0.00030032604777469133,1,0.25008277212997915
2025-11-18 07:20:00+00:00,1.171398111540209,1.1731571641057468,-0.001759052565537729,1,0.2503941968862151
2025-11-18 07:25:00+00:00,1.1730070010818594,1.1731571641057468,-0.00015016302388736196,1,0.2500507576703463
2025-11-18 07:30:00+00:00,1.173607653177409,1.1731571641057468,0.000450489071662151,1,0.24992278175677604
2025-11-18 07:35:00+00:00,1.1737149124801856,1.1731571641057468,0.0005577483744388659,1,0.24989994269847132
2025-11-18 07:40:00+00:00,1.1745922528183639,1.1745922528183639,0.0,0,0.0
2025-11-18 15:10:00+00:00,1.1744160705875226,1.1744160705875226,0.0,2,0.5000562556255274
2025-11-18 15:15:00+00:00,1.1756058094002588,1.1744160705875226,0.0011897388127361963,2,0.4995501877487679
2025-11-18 15:20:00+00:00,1.178394021174248,1.1744160705875226,0.003977950586725457,2,0.49836819625004014
2025-11-18 15:25:00+00:00,1.1805720937062278,1.1744160705875226,0.006156023118705253,2,0.4974487419576243
2025-11-18 15:30:00+00:00,1.1808382814787635,1.1744160705875226,0.0064222108912407394,2,0.49733660571115496
2025-11-18 15:35:00+00:00,1.1790456336920583,1.1744160705875226,0.00462956310453568,2,0.4980927675932729
2025-11-18 15:40:00+00:00,1.181301160351835,1.181301160351835,0.0,0,0.0
2025-11-19 21:25:00+00:00,1.1811239718226014,1.1811239718226014,0.0,2,0.5000562556255274
2025-11-19 21:30:00+00:00,1.178234116240669,1.1811239718226014,-0.002889855581932297,2,0.5012827439283872
2025-11-19 21:35:00+00:00,1.180985111778738,1.1811239718226014,-0.0001388600438635019,2,0.5001150521614852
2025-11-19 21:40:00+00:00,1.1794254472949206,1.1811239718226014,-0.0016985245276808323,2,0.5007764010296716
2025-11-19 21:45:00+00:00,1.180181417916158,1.1811239718226014,-0.0009425539064433993,2,0.5004556264087189
2025-11-19 21:50:00+00:00,1.1800877400296634,1.1811239718226014,-0.0010362317929380927,2,0.5004953536457506
2025-11-19 21:55:00+00:00,1.1808787618789127,1.1808787618789127,0.0,0,0.0
2025-11-21 07:40:00+00:00,1.1805245381030145,1.1805245381030145,0.0,4,1.0001875281286918
2025-11-21 07:45:00+00:00,1.187550744317479,1.1805245381030145,0.007026206214464556,4,0.9942698662019109
2025-11-21 07:50:00+00:00,1.1799370440125243,1.1805245381030145,-0.0005874940904901456,4,1.0006855244117472
2025-11-21 07:55:00+00:00,1.1791907164048558,1.1805245381030145,-0.0013338216981586928,4,1.001318873388357
2025-11-21 08:00:00+00:00,1.1819383640164842,1.1805245381030145,0.0014138259134697298,4,0.9989911112184291
2025-11-21 08:05:00+00:00,1.1779226287998636,1.1805245381030145,-0.0026019093031509274,4,1.0023968389702578
2025-11-21 08:10:00+00:00,1.1878585391478718,1.1878585391478718,0.0,0,0.0
2025-11-21 12:35:00+00:00,1.187591291021175,1.187591291021175,0.0,3,0.7501125140640823
2025-11-21 12:40:00+00:00,1.2011592311844614,1.187591291021175,0.013567940163286345,3,0.7416394644946944
2025-11-21 12:45:00+00:00,1.2027207706810514,1.187591291021175,0.015129479659876521,3,0.7406765649221008
2025-11-21 12:50:00+00:00,1.2035066751438332,1.187591291021175,0.01591538412265814,3,0.7401928941374908
2025-11-21 12:55:00+00:00,1.2079799889837581,1.187591291021175,0.020388697962583226,3,0.7374518593953964
2025-11-21 13:00:00+00:00,1.2034046852402407,1.187591291021175,0.015813394219065687,3,0.7402556263196394
2025-11-21 13:05:00+00:00,1.201523284273726,1.201523284273726,0.0,0,0.0
2025-11-21 14:35:00+00:00,1.201252961809963,1.201252961809963,0.0,3,0.7501125140640822
2025-11-21 14:40:00+00:00,1.1996943133215572,1.201252961809963,-0.0015586484884057331,3,0.751087063766617
2025-11-21 14:45:00+00:00,1.2003991803113558,1.201252961809963,-0.0008537814986072163,3,0.750646030078493
2025-11-21 14:50:00+00:00,1.1978322297785495,1.201252961809963,-0.003420732031413519,3,0.7522546620546213
2025-11-21 14:55:00+00:00,1.205600834554738,1.201252961809963,0.004347872744774963,3,0.7474073120918072
2025-11-21 15:00:00+00:00,1.201718394425768,1.201252961809963,0.0004654326158050267,3,0.7498219910670236
2025-11-21 15:05:00+00:00,1.197531534727393,1.197531534727393,0.0,0,0.0
2025-11-24 05:10:00+00:00,1.1974417198622884,1.1974417198622884,0.0,1,0.2500187514063555
2025-11-24 05:15:00+00:00,1.1980993812382632,1.1974417198622884,0.0006576613759747689,1,0.24988151097484848
2025-11-24 05:20:00+00:00,1.1976293253261163,1.1974417198622884,0.00018760546382797785,1,0.24997958663071798
2025-11-24 05:25:00+00:00,1.1981848459495625,1.1974417198622884,0.0007431260872741855,1,0.24986368730493086
2025-11-24 05:30:00+00:00,1.197889888470322,1.1974417198622884,0.00044816860803354694,1,0.2499252114600895
2025-11-24 05:35:00+00:00,1.1963577771823934,1.1974417198622884,-0.0010839426798950052,1,0.25024527728397516
2025-11-24 05:40:00+00:00,1.1972320459508494,1.1972320459508494,0.0,0,0.0
2025-11-24 14:35:00+00:00,1.197052467878387,1.197052467878387,0.0,2,0.5000562556255275
2025-11-24 14:40:00+00:00,1.1943125020321945,1.197052467878387,-0.002739965846192463,2,0.5012034738445927
2025-11-24 14:45:00+00:00,1.189157092213794,1.197052467878387,-0.007895375664593075,2,0.5033763653212475
2025-11-24 14:50:00+00:00,1.1886086169890993,1.197052467878387,-0.008443850889287705,2,0.5036086448631668
2025-11-24 14:55:00+00:00,1.1907427040827308,1.197052467878387,-0.006309763795656271,2,0.5027060613700589
2025-11-24 15:00:00+00:00,1.1954606492460762,1.197052467878387,-0.0015918186323108244,2,0.500722106789604
2025-11-24 15:05:00+00:00,1.1959323886982085,1.1959323886982085,0.0,0,0.0
2025-11-26 17:30:00+00:00,1.195842693769056,1.195842693769056,0.0,1,0.2500187514063555
2025-11-26 17:35:00+00:00,1.1969668210119362,1.195842693769056,0.001124127242880211,1,0.24978394716220012
2025-11-26 17:40:00+00:00,1.197256287150709,1.195842693769056,0.0014135933816530237,1,0.2497235557527012
2025-11-26 17:45:00+00:00,1.1987181248888243,1.195842693769056,0.0028754311197682716,1,0.24941901767129904
2025-11-26 17:50:00+00:00,1.1995662809178163,1.195842693769056,0.0037235871487601127,1,0.24924266539552375
2025-11-26 17:55:00+00:00,1.1991988815878352,1.195842693769056,0.003356187818779143,1,0.24931902603067357
2025-11-26 18:00:00+00:00,1.1997056623385784,1.1997056623385784,0.0,0,0.0
2025-11-28 08:55:00+00:00,1.199615684413903,1.199615684413903,0.0,1,0.2500187514063555
2025-11-28 09:00:00+00:00,1.1999469507842988,1.199615684413903,0.0003312663703957512,1,0.24994972935145954
2025-11-28 09:05:00+00:00,1.1993049996819045,1.199615684413903,-0.00031068473199836593,1,0.2500835197586895
2025-11-28 09:10:00+00:00,1.1999910542951502,1.199615684413903,0.0003753698812472341,1,0.24994054289914283
2025-11-28 09:15:00+00:00,1.1996911504213599,1.199615684413903,7.54660074569907e-05,1,0.25000302409441244
2025-11-28 09:20:00+00:00,1.1995049355977647,1.199615684413903,-0.00011074881613823694,1,0.25004183533032187
2025-11-28 09:25:00+00:00,1.199190519806756,1.199190519806756,0.0,0,0.0
2025-12-01 01:05:00+00:00,1.1991005805177706,1.1991005805177706,0.0,1,0.2500187514063555
2025-12-01 01:10:00+00:00,1.1997930939452948,1.1991005805177706,0.0006925134275242872,1,0.24987444207222487
2025-12-01 01:15:00+00:00,1.1993897227220462,1.1991005805177706,0.0002891422042755993,1,0.2499584782761774
2025-12-01 01:20:00+00:00,1.20005724855167,1.1991005805177706,0.0009566680338995089,1,0.249819440125469
2025-12-01 01:25:00+00:00,1.1996824345831647,1.1991005805177706,0.0005818540653941098,1,0.24989749062705507
2025-12-01 01:30:00+00:00,1.1989470852735256,1.1991005805177706,-0.0001534952442451107,1,0.25005076006610727
2025-12-01 01:35:00+00:00,1.198817879759268,1.198817879759268,0.0,0,0.0
2025-12-01 12:55:00+00:00,1.1985481659658679,1.1985481659658679,0.0,3,0.7501125140640823
2025-12-01 13:00:00+00:00,1.1982721548495365,1.1985481659658679,-0.00027601111633127404,3,0.7502852956742891
2025-12-01 13:05:00+00:00,1.2021590669777587,1.1985481659658679,0.003610901011890713,3,0.7478594161917056
2025-12-01 13:10:00+00:00,1.2027768666661118,1.1985481659658679,0.004228700700244045,3,0.7474752823369069
2025-12-01 13:15:00+00:00,1.2020431013135184,1.1985481659658679,0.003494935347650581,3,0.7479315650305136
2025-12-01 13:20:00+00:00,1.2008439345665645,1.1985481659658679,0.0022957686006964935,3,0.7486784519789043
2025-12-01 13:25:00+00:00,1.2001179292562438,1.2001179292562438,0.0,0,0.0
2025-12-01 15:50:00+00:00,1.2000279204115496,1.2000279204115496,0.0,1,0.2500187514063555
2025-12-01 15:55:00+00:00,1.202248394417896,1.2000279204115496,0.002220474006346497,1,0.2495569831551566
2025-12-01 16:00:00+00:00,1.201813953851437,1.2000279204115496,0.0017860334398874071,1,0.24964719485288095
2025-12-01 16:05:00+00:00,1.2010174794795954,1.2000279204115496,0.0009895590680456976,1,0.24981275247056745
2025-12-01 16:10:00+00:00,1.19981070012832,1.2000279204115496,-0.000217220283229545,1,0.2500640161668609
2025-12-01 16:15:00+00:00,1.199858971302371,1.2000279204115496,-0.00016894910917856462,1,0.2500539559148338
2025-12-01 16:20:00+00:00,1.1995034710003962,1.1995034710003962,0.0,0,0.0
2025-12-02 03:45:00+00:00,1.1994135082400712,1.1994135082400712,0.0,1,0.2500187514063555
2025-12-02 03:50:00+00:00,1.198834334922345,1.1994135082400712,-0.0005791733177263872,1,0.2501395388959423
2025-12-02 03:55:00+00:00,1.198958172457225,1.1994135082400712,-0.0004553357828462143,1,0.250113702578559
2025-12-02 04:00:00+00:00,1.1994245466832918,1.1994135082400712,1.1038443220501775e-05,1,0.2500164504547874
2025-12-02 04:05:00+00:00,1.1995169936452634,1.1994135082400712,0.00010348540519231235,1,0.2499971816479177
2025-12-02 04:10:00+00:00,1.1996670474827924,1.1994135082400712,0.0002535392427211852,1,0.2499659121081263
2025-12-02 04:15:00+00:00,1.1997136854573212,1.1997136854573212,0.0,0,0.0
2025-12-03 02:15:00+00:00,1.199623706930912,1.199623706930912,0.0,1,0.2500187514063555
2025-12-03 02:20:00+00:00,1.1986668041287,1.199623706930912,-0.0009569028022117865,1,0.2502183428549567
2025-12-03 02:25:00+00:00,1.1992265577761319,1.199623706930912,-0.00039714915477996024,1,0.2501015503863783
2025-12-03 02:30:00+00:00,1.1993063817997973,1.199623706930912,-0.00031732513111449993,1,0.2500849040044531
2025-12-03 02:35:00+00:00,1.1989052907179227,1.199623706930912,-0.0007184162129891096,1,0.2501685693494009
2025-12-03 02:40:00+00:00,1.1985367205345787,1.199623706930912,-0.0010869863963332861,1,0.25024550038863586
2025-12-03 02:45:00+00:00,1.1980929540514298,1.1980929540514298,0.0,0,0.0
2025-12-03 14:10:00+00:00,1.1980030970798758,1.1980030970798758,0.0,1,0.2500187514063555
2025-12-03 14:15:00+00:00,1.1981035138823812,1.1980030970798758,0.00010041680250531321,1,0.24999779655287938
2025-12-03 14:20:00+00:00,1.1985888617611569,1.1980030970798758,0.0005857646812809827,1,0.2498965642586987
2025-12-03 14:25:00+00:00,1.1983679447956452,1.1980030970798758,0.0003648477157692936,1,0.24994263223882746
2025-12-03 14:30:00+00:00,1.1992449182041915,1.1980030970798758,0.0012418211243157178,1,0.24975985636143308
2025-12-03 14:35:00+00:00,1.1974842769335983,1.1980030970798758,-0.000518820146277496,1,0.2501270741356601
2025-12-03 14:40:00+00:00,1.198596074365358,1.198596074365358,0.0,0,0.0
2025-12-03 22:00:00+00:00,1.1985061796597807,1.1985061796597807,0.0,1,0.2500187514063555
2025-12-03 22:05:00+00:00,1.1954159525859613,1.1985061796597807,-0.003090227073819234,1,0.25066506594891036
2025-12-03 22:10:00+00:00,1.1961576070836781,1.1985061796597807,-0.0023485725761025924,1,0.25050964590018054
2025-12-03 22:15:00+00:00,1.1967550509846165,1.1985061796597807,-0.0017511286751642193,1,0.25038458650732803
2025-12-03 22:20:00+00:00,1.196116404056027,1.1985061796597807,-0.0023897756037535595,1,0.2505182752909588
2025-12-03 22:25:00+00:00,1.1956837722656926,1.1985061796597807,-0.0028224073940881977,1,0.2506089198012086
2025-12-03 22:30:00+00:00,1.194563801868842,1.194563801868842,0.0,0,0.0
2025-12-04 15:40:00+00:00,1.1944742095837018,1.1944742095837018,0.0,1,0.2500187514063555
2025-12-04 15:45:00+00:00,1.1929196516100038,1.1944742095837018,-0.001554557973697999,1,0.2503445643335281
2025-12-04 15:50:00+00:00,1.1918418247482399,1.1944742095837018,-0.002632384835461978,1,0.2505709602281278
2025-12-04 15:55:00+00:00,1.1925672851359654,1.1944742095837018,-0.0019069244477362452,1,0.2504185333519041
2025-12-04 16:00:00+00:00,1.1925258302566668,1.1944742095837018,-0.0019483793270348917,1,0.25042723846319886
2025-12-04 16:05:00+00:00,1.1913029113173579,1.1944742095837018,-0.0031712982663439178,1,0.25068431179855805
2025-12-04 16:10:00+00:00,1.1914827757476587,1.1914827757476587,0.0,0,0.0
2025-12-05 07:10:00+00:00,1.1913934145394776,1.1913934145394776,0.0,1,0.2500187514063555
2025-12-05 07:15:00+00:00,1.1901436370581606,1.1913934145394776,-0.001249777481316872,1,0.2502812977038654
2025-12-05 07:20:00+00:00,1.1901860023965105,1.1913934145394776,-0.0012074121429671264,1,0.25027238880068686
2025-12-05 07:25:00+00:00,1.1904825597649584,1.1913934145394776,-0.0009108547745191043,1,0.25021004423258786
2025-12-05 07:30:00+00:00,1.190546107772483,1.1913934145394776,-0.0008473067669945187,1,0.25019668872315415
2025-12-05 07:35:00+00:00,1.1901436370581606,1.1913934145394776,-0.001249777481316872,1,0.2502812977038654
2025-12-05 07:40:00+00:00,1.189545891789783,1.189545891789783,0.0,0,0.0
2025-12-05 15:05:00+00:00,1.1891890681674127,1.1891890681674127,0.0,4,1.0001875281286918
2025-12-05 15:10:00+00:00,1.1848793077308326,1.1891890681674127,-0.004309760436580115,4,1.003825509322021
2025-12-05 15:15:00+00:00,1.1856363591730825,1.1891890681674127,-0.0035527089943300895,4,1.003184547577115
2025-12-05 15:20:00+00:00,1.1838588077488716,1.1891890681674127,-0.005330260418541092,4,1.0046908185189032
2025-12-05 15:25:00+00:00,1.1860568848919897,1.1891890681674127,-0.0031321832754230084,4,1.0028288606716722
2025-12-05 15:30:00+00:00,1.1862249321628668,1.1891890681674127,-0.002964136004545717,4,1.0026867943159388
2025-12-05 15:35:00+00:00,1.1872833633747035,1.1872833633747035,0.0,0,0.0
2025-12-07 15:10:00+00:00,1.1871052775486661,1.1871052775486661,0.0,2,0.5000562556255275
2025-12-07 15:15:00+00:00,1.1871181353898816,1.1871052775486661,1.2857841215534231e-05,2,0.500050839446849
2025-12-07 15:20:00+00:00,1.185685620647233,1.1871052775486661,-0.0014196569014331582,2,0.5006549879556168
2025-12-07 15:25:00+00:00,1.1861827132573837,1.1871052775486661,-0.0009225642912824458,2,0.5004451788832317
2025-12-07 15:30:00+00:00,1.185831980068283,1.1871052775486661,-0.0012732974803830019,2,0.5005931954121413
2025-12-07 15:35:00+00:00,1.187923451790448,1.1871052775486661,0.0008181742417818144,2,0.4997118452620667
2025-12-07 15:40:00+00:00,1.187637440924562,1.187637440924562,0.0,0,0.0
2025-12-08 01:30:00+00:00,1.1875483681164927,1.1875483681164927,0.0,1,0.2500187514063555
2025-12-08 01:35:00+00:00,1.1885290911719684,1.1875483681164927,0.0009807230554757967,1,0.24981244669271682
2025-12-08 01:40:00+00:00,1.1901451314067963,1.1875483681164927,0.0025967632903037465,1,0.24947323851182962
2025-12-08 01:45:00+00:00,1.1887319334039304,1.1875483681164927,0.0011835652874376652,1,0.24976981932414438
2025-12-08 01:50:00+00:00,1.188321464925102,1.1875483681164927,0.0007730968086092296,1,0.2498560944953176
2025-12-08 01:55:00+00:00,1.188139672358721,1.1875483681164927,0.0005913042422283892,1,0.24989432399114284
2025-12-08 02:00:00+00:00,1.1868832999138903,1.1868832999138903,0.0,0,0.0
2025-12-09 15:05:00+00:00,1.1867942836663967,1.1867942836663967,0.0,1,0.2500187514063555
2025-12-09 15:10:00+00:00,1.1856782487553057,1.1867942836663967,-0.0011160349110910521,1,0.2502540847738098
2025-12-09 15:15:00+00:00,1.1849380022491336,1.1867942836663967,-0.001856281417263095,1,0.25041042182398243
2025-12-09 15:20:00+00:00,1.1862192707553523,1.1867942836663967,-0.0005750129110443743,1,0.2501399465459104
2025-12-09 15:25:00+00:00,1.1858755848774867,1.1867942836663967,-0.0009186987889099669,1,0.25021244113827246
2025-12-09 15:30:00+00:00,1.1879188163052372,1.1867942836663967,0.0011245326388404269,1,0.2497820734091561
2025-12-09 15:35:00+00:00,1.187026292689437,1.187026292689437,0.0,0,0.0
2025-12-10 18:40:00+00:00,1.1869372657174853,1.1869372657174853,0.0,1,0.2500187514063555
2025-12-10 18:45:00+00:00,1.1840111745987765,1.1869372657174853,-0.002926091118708877,1,0.25063663210182163
2025-12-10 18:50:00+00:00,1.185008193804707,1.1869372657174853,-0.0019290719127781615,1,0.2504257563144459
2025-12-10 18:55:00+00:00,1.1837201246828835,1.1869372657174853,-0.003217141034601788,1,0.25069825796183015
2025-12-10 19:00:00+00:00,1.182963048413567,1.1869372657174853,-0.003974217303918373,1,0.25085870059113835
2025-12-10 19:05:00+00:00,1.1813172304367916,1.1869372657174853,-0.005620035280693622,1,0.25120819837922254
2025-12-10 19:10:00+00:00,1.1831165630381926,1.1831165630381926,0.0,0,0.0
2025-12-11 18:45:00+00:00,1.1829391022087674,1.1829391022087674,0.0,2,0.5000562556255275
2025-12-11 18:50:00+00:00,1.1805723944421618,1.1829391022087674,-0.002366707766605646,2,0.5010587244529371
2025-12-11 18:55:00+00:00,1.1782157029256972,1.1829391022087674,-0.004723399283070161,2,0.5020609525188477
2025-12-11 19:00:00+00:00,1.1788663406680682,1.1829391022087674,-0.004072761540699348,2,0.5017838559614091
2025-12-11 19:05:00+00:00,1.1792601993872742,1.1829391022087674,-0.0036789028214931196,2,0.5016162661903562
2025-12-11 19:10:00+00:00,1.1781638436661506,1.1829391022087674,-0.004775258542616851,2,0.5020830517450164
2025-12-11 19:15:00+00:00,1.1787712830574157,1.1787712830574157,0.0,0,0.0
2025-12-15 15:10:00+00:00,1.1786828752111864,1.1786828752111864,0.0,1,0.2500187514063555
2025-12-15 15:15:00+00:00,1.1775659766255162,1.1786828752111864,-0.001116898585670297,1,0.2502558893632766
2025-12-15 15:20:00+00:00,1.1752963690142537,1.1786828752111864,-0.0033865061969327506,1,0.2507391569766519
2025-12-15 15:25:00+00:00,1.1735281075618968,1.1786828752111864,-0.005154767649289471,1,0.2511169684521686
2025-12-15 15:30:00+00:00,1.1743517476800993,1.1786828752111864,-0.0043311275310871705,1,0.2509408457444814
2025-12-15 15:35:00+00:00,1.1749702036560465,1.1786828752111864,-0.0037126715551397686,1,0.2508087608071979
2025-12-15 15:40:00+00:00,1.173289683007887,1.173289683007887,0.0,0,0.0
2025-12-15 19:05:00+00:00,1.1732016862816614,1.1732016862816614,0.0,1,0.25001875140635543
2025-12-15 19:10:00+00:00,1.1713957870144178,1.1732016862816614,-0.001805899267243656,1,0.2504041964326797
2025-12-15 19:15:00+00:00,1.170269452693597,1.1732016862816614,-0.0029322335880642807,1,0.2506451997673139
2025-12-15 19:20:00+00:00,1.1717246726736197,1.1732016862816614,-0.0014770136080418277,1,0.25033391170527636
2025-12-15 19:25:00+00:00,1.1723834346114785,1.1732016862816614,-0.0008182516701828292,1,0.25019324914734675
2025-12-15 19:30:00+00:00,1.1715523048883754,1.1732016862816614,-0.001649381393286176,1,0.25037074275562904
2025-12-15 19:35:00+00:00,1.172091370277435,1.172091370277435,0.0,0,0.0
2025-12-17 14:55:00+00:00,1.17182766949767,1.17182766949767,0.0,3,0.7501125140640822
2025-12-17 15:00:00+00:00,1.1793707365233377,1.17182766949767,0.007543067025667759,3,0.7453149141278169
2025-12-17 15:05:00+00:00,1.1801353216274642,1.17182766949767,0.008307652129794174,3,0.7448320401126238
2025-12-17 15:10:00+00:00,1.1820143131782461,1.17182766949767,0.010186643680576191,3,0.7436480162860762
2025-12-17 15:15:00+00:00,1.1854788941679113,1.17182766949767,0.013651224670241375,3,0.7414746930890949
2025-12-17 15:20:00+00:00,1.1821033430622423,1.17182766949767,0.010275673564572322,3,0.7435920085799713
2025-12-17 15:25:00+00:00,1.1798278259257005,1.1798278259257005,0.0,0,0.0
2025-12-17 20:20:00+00:00,1.179739338838756,1.179739338838756,0.0,1,0.2500187514063555
2025-12-17 20:25:00+00:00,1.1801703174260332,1.179739338838756,0.00043097858727704567,1,0.24992744871327563
2025-12-17 20:30:00+00:00,1.1805773527584613,1.179739338838756,0.0008380139197053375,1,0.2498412796012456
2025-12-17 20:35:00+00:00,1.179571736054815,1.179739338838756,-0.00016760278394104783,1,0.25005427602727703
2025-12-17 20:40:00+00:00,1.1791407574675379,1.179739338838756,-0.0005985813712180935,1,0.2501456714251058
2025-12-17 20:45:00+00:00,1.1798111686033022,1.179739338838756,7.182976454619611e-05,1,0.25000352965856776
2025-12-17 20:50:00+00:00,1.1795790219872655,1.1795790219872655,0.0,0,0.0
2025-12-19 03:05:00+00:00,1.1794020917690993,1.1794020917690993,0.0,2,0.5000562556255275
2025-12-19 03:10:00+00:00,1.1784958234857292,1.1794020917690993,-0.000906268283370088,2,0.5004408010056153
2025-12-19 03:15:00+00:00,1.180159890593947,1.1794020917690993,0.0007577988248477427,2,0.49973516180943445
2025-12-19 03:20:00+00:00,1.1787134565319668,1.1794020917690993,-0.0006886352371324584,2,0.5003484015718251
2025-12-19 03:25:00+00:00,1.1812781971630988,1.1794020917690993,0.0018761053939994245,2,0.49926206655073097
2025-12-19 03:30:00+00:00,1.1853916320438076,1.1794020917690993,0.00598954027470836,2,0.49752957414598564
2025-12-19 03:35:00+00:00,1.18523216503053,1.18523216503053,0.0,0,0.0
2025-12-19 14:45:00+00:00,1.1848766353806064,1.1848766353806064,0.0,4,1.0001875281286918
2025-12-19 14:50:00+00:00,1.1780454009823285,1.1848766353806064,-0.006831234398277904,4,1.00598740259973
2025-12-19 14:55:00+00:00,1.1754570107383366,1.1848766353806064,-0.009419624642269812,4,1.008202615878208
2025-12-19 15:00:00+00:00,1.1793841921552086,1.1848766353806064,-0.0054924432253977695,4,1.0048454447342714
2025-12-19 15:05:00+00:00,1.1786279030324553,1.1848766353806064,-0.00624873234815105,4,1.005490223020909
2025-12-19 15:10:00+00:00,1.1806247952203697,1.1848766353806064,-0.004251840160236742,4,1.0037895509873356
2025-12-19 15:15:00+00:00,1.1844530397200417,1.1844530397200417,0.0,0,0.0
2025-12-22 00:15:00+00:00,1.18418655777325,1.18418655777325,0.0,3,0.7501125140640823
2025-12-22 00:20:00+00:00,1.18039544819645,1.18418655777325,-0.0037911095768000595,3,0.7525216717239926
2025-12-22 00:25:00+00:00,1.1783250785897001,1.18418655777325,-0.005861479183549922,3,0.753843885793664
2025-12-22 00:30:00+00:00,1.1800179410416176,1.18418655777325,-0.004168616731632489,3,0.7527624157884358
2025-12-22 00:35:00+00:00,1.1783022547355306,1.18418655777325,-0.005884303037719283,3,0.7538584878389769
2025-12-22 00:40:00+00:00,1.1807813558173665,1.18418655777325,-0.0034052019558833547,3,0.7522757296225253
2025-12-22 00:45:00+00:00,1.1797187194550878,1.1797187194550878,0.0,0,0.0
2025-12-26 02:15:00+00:00,1.179453302650466,1.179453302650466,0.0,3,0.7501125140640822
2025-12-26 02:20:00+00:00,1.1846809583686528,1.179453302650466,0.005227655718186735,3,0.7468024836751155
2025-12-26 02:25:00+00:00,1.1880676599752131,1.179453302650466,0.008614357324747055,3,0.7446736510703306
2025-12-26 02:30:00+00:00,1.1869381157122731,1.179453302650466,0.007484813061806931,3,0.7453823163656769
2025-12-26 02:35:00+00:00,1.1879934404553445,1.179453302650466,0.008540137804878426,3,0.74472017432455
2025-12-26 02:40:00+00:00,1.187205918089784,1.179453302650466,0.007752615439317949,3,0.7452141777526227
2025-12-26 02:45:00+00:00,1.1879860992948474,1.1879860992948474,0.0,0,0.0
2025-12-26 09:50:00+00:00,1.1878970003374003,1.1878970003374003,0.0,1,0.2500187514063555
2025-12-26 09:55:00+00:00,1.1871069249388366,1.1878970003374003,-0.0007900753985636763,1,0.25018515062492286
2025-12-26 10:00:00+00:00,1.1869393331876261,1.1878970003374003,-0.0009576671497741542,1,0.25022047590764607
2025-12-26 10:05:00+00:00,1.1868435664726487,1.1878970003374003,-0.0010534338647515795,1,0.25024066626269764
2025-12-26 10:10:00+00:00,1.186915391508882,1.1878970003374003,-0.000981608828518494,1,0.250225523190959
2025-12-26 10:15:00+00:00,1.1870829832600922,1.1878970003374003,-0.0008140170773080492,1,0.25019019648320523
2025-12-26 10:20:00+00:00,1.1864192840127807,1.1864192840127807,0.0,0,0.0
2025-12-26 13:50:00+00:00,1.1863303025664798,1.1863303025664798,0.0,1,0.2500187514063555
2025-12-26 13:55:00+00:00,1.1861403691183068,1.1863303025664798,-0.00018993344817305548,1,0.2500587862325859
2025-12-26 14:00:00+00:00,1.1861641107993284,1.1863303025664798,-0.00016619176715139885,1,0.25005378117815424
2025-12-26 14:05:00+00:00,1.1858792106270688,1.1863303025664798,-0.00045109193941094913,1,0.2501138550581021
2025-12-26 14:10:00+00:00,1.1853094102825497,1.1863303025664798,-0.0010208922839300167,1,0.25023408945390185
2025-12-26 14:15:00+00:00,1.1855943104548092,1.1863303025664798,-0.0007359921116704665,1,0.250173957809745
2025-12-26 14:20:00+00:00,1.1858377125428112,1.1858377125428112,0.0,0,0.0
2025-12-29 03:40:00+00:00,1.1857487747143705,1.1857487747143705,0.0,1,0.2500187514063555
2025-12-29 03:45:00+00:00,1.1863377138292477,1.1857487747143705,0.000588939114877158,1,0.2498946334419348
2025-12-29 03:50:00+00:00,1.186580333265277,1.1857487747143705,0.0008315585509063513,1,0.24984353762201206
2025-12-29 03:55:00+00:00,1.1865519624441283,1.1857487747143705,0.0008031877297577691,1,0.24984951145758383
2025-12-29 04:00:00+00:00,1.1869188265107045,1.1857487747143705,0.0011700517963340812,1,0.24977228561386303
2025-12-29 04:05:00+00:00,1.1867114260250666,1.1857487747143705,0.0009626513106962087,1,0.24981593809095148
2025-12-29 04:10:00+00:00,1.1868709774577204,1.1868709774577204,0.0,0,0.0
2025-12-29 12:25:00+00:00,1.186692953487251,1.186692953487251,0.0,2,0.5000562556255274
2025-12-29 12:30:00+00:00,1.1866544078182506,1.186692953487251,-3.854566900034613e-05,2,0.5000724987733082
2025-12-29 12:35:00+00:00,1.1872613197332975,1.186692953487251,0.0005683662460464815,2,0.49981686848126683
2025-12-29 12:40:00+00:00,1.1875744949691465,1.186692953487251,0.0008815414818954311,2,0.4996850617892816
2025-12-29 12:45:00+00:00,1.186574278111916,1.186692953487251,-0.00011867537533513453,2,0.5001062688146886
2025-12-29 12:50:00+00:00,1.1865460563127712,1.186692953487251,-0.00014689717447977132,2,0.5001181637585
2025-12-29 12:55:00+00:00,1.1868695590852774,1.1868695590852774,0.0,0,0.0
2025-12-29 14:35:00+00:00,1.1867805438683459,1.1867805438683459,0.0,1,0.2500187514063555
2025-12-29 14:40:00+00:00,1.1862299145344148,1.1867805438683459,-0.0005506293339309844,1,0.25013480619208495
2025-12-29 14:45:00+00:00,1.1867326630566997,1.1867805438683459,-4.788081164615824e-05,1,0.25002883885158794
2025-12-29 14:50:00+00:00,1.1866608418392304,1.1867805438683459,-0.00011970202911542853,1,0.2500439715457627
2025-12-29 14:55:00+00:00,1.1859186892587148,1.1867805438683459,-0.0008618546096310788,1,0.2502004500466969
2025-12-29 15:00:00+00:00,1.185439881142253,1.1867805438683459,-0.001340662726092793,1,0.2503015078971459
2025-12-29 15:05:00+00:00,1.1852790447078525,1.1852790447078525,0.0,0,0.0
2025-12-29 19:10:00+00:00,1.1851901487794994,1.1851901487794994,0.0,1,0.2500187514063555
2025-12-29 19:15:00+00:00,1.184725202948412,1.1851901487794994,-0.00046494583108724425,1,0.250116871355075
2025-12-29 19:20:00+00:00,1.1848311016734971,1.1851901487794994,-0.00035904710600230305,1,0.2500945162212831
2025-12-29 19:25:00+00:00,1.184782690827744,1.1851901487794994,-0.0004074579517553993,1,0.25010473521514776
2025-12-29 19:30:00+00:00,1.1848149647249127,1.1851901487794994,-0.0003751840545866685,1,0.2500979224597842
2025-12-29 19:35:00+00:00,1.1849632229400315,1.1851901487794994,-0.0002269258394677311,1,0.25006663113287125
2025-12-29 19:40:00+00:00,1.1842994482183602,1.1842994482183602,0.0,0,0.0
2025-12-30 08:05:00+00:00,1.184121809962812,1.184121809962812,0.0,2,0.5000562556255274
2025-12-30 08:10:00+00:00,1.1851815247145414,1.184121809962812,0.0010597147517295794,2,0.4996091367836195
2025-12-30 08:15:00+00:00,1.1852167744204845,1.184121809962812,0.001094964457672498,2,0.49959427783499666
2025-12-30 08:20:00+00:00,1.185601028323233,1.184121809962812,0.0014792183604210307,2,0.4994323590727293
2025-12-30 08:25:00+00:00,1.1838508581806537,1.184121809962812,-0.00027095178215825246,2,0.5001707051211752
2025-12-30 08:30:00+00:00,1.1835684042594075,1.184121809962812,-0.0005534057034045553,2,0.5002900688828688
2025-12-30 08:35:00+00:00,1.1832548719758382,1.1832548719758382,0.0,0,0.0
2025-12-30 14:55:00+00:00,1.18316612786044,1.18316612786044,0.0,1,0.2500187514063555
2025-12-30 15:00:00+00:00,1.1825909411771494,1.18316612786044,-0.000575186683290504,1,0.2501403551252532
2025-12-30 15:05:00+00:00,1.1814063305079916,1.18316612786044,-0.0017597973524484084,1,0.2503911739382359
2025-12-30 15:10:00+00:00,1.1815603983695873,1.18316612786044,-0.0016057294908527035,1,0.25035852454275487
2025-12-30 15:15:00+00:00,1.1817007713101522,1.18316612786044,-0.0014653565502877703,1,0.2503287847277875
2025-12-30 15:20:00+00:00,1.1821527037041661,1.18316612786044,-0.001013424156273817,1,0.25023308500420854
2025-12-30 15:25:00+00:00,1.182029722286191,1.182029722286191,0.0,0,0.0
2025-12-30 16:20:00+00:00,1.1819410700570196,1.1819410700570196,0.0,1,0.2500187514063555
2025-12-30 16:25:00+00:00,1.1830436221914058,1.1819410700570196,0.001102552134386172,1,0.24978574333900372
2025-12-30 16:30:00+00:00,1.1823633240659335,1.1819410700570196,0.00042225400891384194,1,0.24992946292967816
2025-12-30 16:35:00+00:00,1.1813546061557505,1.1819410700570196,-0.0005864639012692613,1,0.2501428690688898
2025-12-30 16:40:00+00:00,1.1813311475996997,1.1819410700570196,-0.0006099224573200121,1,0.2501478363386741
2025-12-30 16:45:00+00:00,1.1810731034831412,1.1819410700570196,-0.0008679665738785002,1,0.2502024893294557
2025-12-30 16:50:00+00:00,1.1805387386890052,1.1805387386890052,0.0,0,0.0
2025-12-31 14:10:00+00:00,1.1804501982836035,1.1804501982836035,0.0,1,0.2500187514063555
2025-12-31 14:15:00+00:00,1.1802554706477502,1.1804501982836035,-0.00019472763585348616,1,0.25006000142517865
2025-12-31 14:20:00+00:00,1.1798180673652048,1.1804501982836035,-0.0006321309183988369,1,0.2501527081470726
2025-12-31 14:25:00+00:00,1.1798161103035378,1.1804501982836035,-0.0006340879800657255,1,0.25015312309671744
2025-12-31 14:30:00+00:00,1.1796380176918526,1.1804501982836035,-0.0008121805917508221,1,0.2501908892778216
2025-12-31 14:35:00+00:00,1.178823880038435,1.1804501982836035,-0.001626318245168533,1,0.2503636799948679
2025-12-31 14:40:00+00:00,1.1784789645546734,1.1784789645546734,0.0,0,0.0
2026-01-02 14:40:00+00:00,1.1781254606369835,1.1781254606369835,0.0,4,1.0001875281286916
2026-01-02 14:45:00+00:00,1.1816178330370835,1.1781254606369835,0.003492372400099901,4,0.9972313884865006
2026-01-02 14:50:00+00:00,1.1878078303598487,1.1781254606369835,0.009682369722865273,4,0.9920345380641231
2026-01-02 14:55:00+00:00,1.1880975354936985,1.1781254606369835,0.009972074856714901,4,0.9917926408376349
2026-01-02 15:00:00+00:00,1.186500308665178,1.1781254606369835,0.008374848028194411,4,0.9931277587492832
2026-01-02 15:05:00+00:00,1.1846918262092636,1.1781254606369835,0.006566365572279985,4,0.994643810509281
2026-01-02 15:10:00+00:00,1.1858937484765955,1.1858937484765955,0.0,0,0.0
2026-01-02 22:05:00+00:00,1.1858048064454596,1.1858048064454596,0.0,1,0.2500187514063555
2026-01-02 22:10:00+00:00,1.1860728656110284,1.1858048064454596,0.0002680591655688897,1,0.2499622457566423
2026-01-02 22:15:00+00:00,1.1850899820039427,1.1858048064454596,-0.0007148244415169076,1,0.25016955811053554
2026-01-02 22:20:00+00:00,1.1855590855436882,1.1858048064454596,-0.00024572090177141644,1,0.250070570698877
2026-01-02 22:25:00+00:00,1.1856261003350803,1.1858048064454596,-0.00017870611037925982,1,0.25005643603439554
2026-01-02 22:30:00+00:00,1.185268688114322,1.1858048064454596,-0.0005361183311377136,1,0.2501318393813448
2026-01-02 22:35:00+00:00,1.1851350695555913,1.1851350695555913,0.0,0,0.0
2026-01-05 00:50:00+00:00,1.1850461844253746,1.1850461844253746,0.0,1,0.2500187514063555
2026-01-05 00:55:00+00:00,1.184827508680014,1.1850461844253746,-0.0002186757453605102,1,0.2500648957070384
2026-01-05 01:00:00+00:00,1.1850461844253746,1.1850461844253746,0.0,1,0.2500187514063555
2026-01-05 01:05:00+00:00,1.1846088329346536,1.1850461844253746,-0.0004373514907209875,1,0.25011105704395986
2026-01-05 01:10:00+00:00,1.1866643849410419,1.1850461844253746,0.0016182005156674072,1,0.24967781215041554
2026-01-05 01:15:00+00:00,1.1869049282609385,1.1850461844253746,0.001858743835563975,1,0.24962721135804442
2026-01-05 01:20:00+00:00,1.186444294363609,1.186444294363609,0.0,0,0.0
2026-01-05 14:45:00+00:00,1.186355311041532,1.186355311041532,0.0,1,0.25001875140635543
2026-01-05 14:50:00+00:00,1.185257999872818,1.186355311041532,-0.0010973111687137857,1,0.25025021862137153
2026-01-05 14:55:00+00:00,1.1862804092552717,1.186355311041532,-7.490178626033758e-05,1,0.2500345375990067
2026-01-05 15:00:00+00:00,1.1861137527808423,1.186355311041532,-0.00024155826068953846,1,0.25006966903089856
2026-01-05 15:05:00+00:00,1.1857972927338924,1.186355311041532,-0.0005580183076394474,1,0.250136406457006
2026-01-05 15:10:00+00:00,1.185441509249156,1.186355311041532,-0.0009138017923760261,1,0.2502114792477379
2026-01-05 15:15:00+00:00,1.1856184272683028,1.1856184272683028,0.0,0,0.0
2026-01-06 06:45:00+00:00,1.1855295058862576,1.1855295058862576,0.0,1,0.2500187514063555
2026-01-06 06:50:00+00:00,1.185855405805053,1.1855295058862576,0.00032589991879543767,1,0.249950040591882
2026-01-06 06:55:00+00:00,1.1852373827097462,1.1855295058862576,-0.0002921231765113474,1,0.250080373046808
2026-01-06 07:00:00+00:00,1.1848704029692538,1.1855295058862576,-0.0006591029170037175,1,0.2501578282943802
2026-01-06 07:05:00+00:00,1.1844897299548627,1.1855295058862576,-0.00103977593139501,1,0.2502382243773197
2026-01-06 07:10:00+00:00,1.1845837571023021,1.1855295058862576,-0.0009457487839554498,1,0.25021836154678745
2026-01-06 07:15:00+00:00,1.1841643713768286,1.1841643713768286,0.0,0,0.0
2026-01-06 21:15:00+00:00,1.1839867533820467,1.1839867533820467,0.0,2,0.5000562556255274
2026-01-06 21:20:00+00:00,1.1900573847704494,1.1839867533820467,0.006070631388402724,2,0.49750540619573036
2026-01-06 21:25:00+00:00,1.1892097264818149,1.1839867533820467,0.005222973099768168,2,0.49786002369658944
2026-01-06 21:30:00+00:00,1.189151703713045,1.1839867533820467,0.005164950330998222,2,0.49788431598574356
2026-01-06 21:35:00+00:00,1.191592849080053,1.1839867533820467,0.007606095698006183,2,0.4968643300130073
2026-01-06 21:40:00+00:00,1.188805365095071,1.1839867533820467,0.004818611713024229,2,0.4980293662782241
2026-01-06 21:45:00+00:00,1.1894414285115171,1.1894414285115171,0.0,0,0.0
2026-01-08 14:50:00+00:00,1.1891738242614243,1.1891738242614243,0.0,3,0.7501125140640822
2026-01-08 14:55:00+00:00,1.1899369629240235,1.1891738242614243,0.0007631386625993028,3,0.7496314466810041
2026-01-08 15:00:00+00:00,1.1898682900438724,1.1891738242614243,0.0006944657824480605,3,0.7496747114279733
2026-01-08 15:05:00+00:00,1.188561904060063,1.1891738242614243,-0.0006119202013611623,3,0.7504987026160472
2026-01-08 15:10:00+00:00,1.1925860563894732,1.1891738242614243,0.0034122321280490053,3,0.747966289054635
2026-01-08 15:15:00+00:00,1.192318498713695,1.1891738242614243,0.0031446744522707344,3,0.7481341335710758
2026-01-08 15:20:00+00:00,1.1930945431863904,1.1930945431863904,0.0,0,0.0
2026-01-09 01:30:00+00:00,1.1930050610956515,1.1930050610956515,0.0,1,0.25001875140635543
2026-01-09 01:35:00+00:00,1.1901137498618088,1.1930050610956515,-0.0028913112338425874,1,0.25062615723180404
2026-01-09 01:40:00+00:00,1.1888619888838434,1.1930050610956515,-0.004143072211807991,1,0.2508900432392747
2026-01-09 01:45:00+00:00,1.189167087801024,1.1930050610956515,-0.003837973294627358,1,0.2508256735797803
2026-01-09 01:50:00+00:00,1.1897696819240537,1.1930050610956515,-0.0032353791715977014,1,0.2506986354823229
2026-01-09 01:55:00+00:00,1.189705050377735,1.1930050610956515,-0.00330001071791637,1,0.2507122548583742
2026-01-09 02:00:00+00:00,1.189695407255978,1.189695407255978,0.0,0,0.0
2026-01-09 03:50:00+00:00,1.1896061801004338,1.1896061801004338,0.0,1,0.2500187514063555
2026-01-09 03:55:00+00:00,1.1894795179447888,1.1896061801004338,-0.00012666215564506518,1,0.25004537474330835
2026-01-09 04:00:00+00:00,1.1892684143520469,1.1896061801004338,-0.0003377657483869395,1,0.25008975957378043
2026-01-09 04:05:00+00:00,1.1894795179447888,1.1896061801004338,-0.00012666215564506518,1,0.25004537474330835
2026-01-09 04:10:00+00:00,1.1888884278851115,1.1896061801004338,-0.0007177522153222341,1,0.2501696919895801
2026-01-09 04:15:00+00:00,1.1884873310589021,1.1896061801004338,-0.0011188490415317393,1,0.2502541205458201
2026-01-09 04:20:00+00:00,1.188524766059003,1.188524766059003,0.0,0,0.0
2026-01-09 15:25:00+00:00,1.1882573680424937,1.1882573680424937,0.0,3,0.7501125140640822
2026-01-09 15:30:00+00:00,1.1946118234446998,1.1882573680424937,0.006354455402206079,3,0.7461224677379773
2026-01-09 15:35:00+00:00,1.196056199425268,1.1882573680424937,0.0077988313827744675,3,0.7452214386964651
2026-01-09 15:40:00+00:00,1.193913541492807,1.1882573680424937,0.005656173450313376,3,0.7465588509726224
2026-01-09 15:45:00+00:00,1.1895146306871793,1.1882573680424937,0.0012572626446857237,3,0.7493196793910869
2026-01-09 15:50:00+00:00,1.189985723908205,1.1882573680424937,0.001728355865711222,3,0.7490230376631652
2026-01-09 15:55:00+00:00,1.1866204624586603,1.1866204624586603,0.0,0,0.0
2026-01-11 16:30:00+00:00,1.1865314659239758,1.1865314659239758,0.0,1,0.2500187514063555
2026-01-11 16:35:00+00:00,1.1879278882640776,1.1865314659239758,0.0013964223401018141,1,0.24972485160540175
2026-01-11 16:40:00+00:00,1.1879067303498336,1.1865314659239758,0.0013752644258578832,1,0.24972929947732628
2026-01-11 16:45:00+00:00,1.1880125199210536,1.1865314659239758,0.0014810539970776697,1,0.2497070617019916
2026-01-11 16:50:00+00:00,1.1861929392960724,1.1865314659239758,-0.00033852662790345516,1,0.2500901040523057
2026-01-11 16:55:00+00:00,1.186383360524268,1.1865314659239758,-0.0001481053997078131,1,0.2500499631784889
2026-01-11 17:00:00+00:00,1.18595583736168,1.18595583736168,0.0,0,0.0
2026-01-12 03:15:00+00:00,1.185866890673878,1.185866890673878,0.0,1,0.25001875140635543
2026-01-12 03:20:00+00:00,1.1851871535849359,1.185866890673878,-0.0006797370889421425,1,0.25016214396486225
2026-01-12 03:25:00+00:00,1.1853519383337703,1.185866890673878,-0.0005149523401077307,1,0.25012736703091715
2026-01-12 03:30:00+00:00,1.1849193783680798,1.185866890673878,-0.000947512305798206,1,0.2502186771126631
2026-01-12 03:35:00+00:00,1.1844250241215766,1.185866890673878,-0.0014418665523015734,1,0.25032311315805716
2026-01-12 03:40:00+00:00,1.1838276794070515,1.185866890673878,-0.0020392112668265925,1,0.2504494230857346
2026-01-12 03:45:00+00:00,1.1833679670343717,1.1833679670343717,0.0,0,0.0
2026-01-12 14:35:00+00:00,1.1832792144368443,1.1832792144368443,0.0,1,0.25001875140635543
2026-01-12 14:40:00+00:00,1.1842778501419675,1.1832792144368443,0.000998635705123153,1,0.24980792448590364
2026-01-12 14:45:00+00:00,1.1837349501165932,1.1832792144368443,0.000455735679748901,1,0.24992249466779168
2026-01-12 14:50:00+00:00,1.183860962990793,1.1832792144368443,0.000581748553948769,1,0.24989589234466017
2026-01-12 14:55:00+00:00,1.183717321372534,1.1832792144368443,0.0004381069356898494,1,0.24992621668791726
2026-01-12 15:00:00+00:00,1.184033659390927,1.1832792144368443,0.0007544449540828714,1,0.24985944395430074
2026-01-12 15:05:00+00:00,1.1837438085278371,1.1837438085278371,0.0,0,0.0
2026-01-13 22:10:00+00:00,1.1833887253346347,1.1833887253346347,0.0,4,1.0001875281286918
2026-01-13 22:15:00+00:00,1.1916374316181628,1.1833887253346347,0.008248706283528168,4,0.9932640689211557
2026-01-13 22:20:00+00:00,1.190757196343663,1.1833887253346347,0.007368471009028302,4,0.9939983127057344
2026-01-13 22:25:00+00:00,1.1910673453891163,1.1833887253346347,0.007678620054481577,4,0.9937394796271
2026-01-13 22:30:00+00:00,1.1876577646052247,1.1833887253346347,0.00426903927058986,4,0.9965923511654402
2026-01-13 22:35:00+00:00,1.1875229847336366,1.1833887253346347,0.004134259399002001,4,0.9967054610511793
2026-01-13 22:40:00+00:00,1.188463320579306,1.188463320579306,0.0,0,0.0
2026-01-14 14:50:00+00:00,1.1883741858302626,1.1883741858302626,0.0,1,0.2500187514063555
2026-01-14 14:55:00+00:00,1.1896534655566773,1.1883741858302626,0.0012792797264147206,1,0.24974989671113715
2026-01-14 15:00:00+00:00,1.189061865405032,1.1883741858302626,0.0006876795747695375,1,0.24987415607986005
2026-01-14 15:05:00+00:00,1.1876936232497985,1.1883741858302626,-0.0006805625804640114,1,0.2501620151263003
2026-01-14 15:10:00+00:00,1.1884498038947586,1.1883741858302626,7.561806449601226e-05,1,0.2500028433435941
2026-01-14 15:15:00+00:00,1.1900413417463274,1.1883741858302626,0.0016671559160648184,1,0.2496684944649264
2026-01-14 15:20:00+00:00,1.1894815957488323,1.1894815957488323,0.0,0,0.0
2026-01-15 16:00:00+00:00,1.189303180200304,1.189303180200304,0.0,2,0.5000562556255275
2026-01-15 16:05:00+00:00,1.1884804454743212,1.189303180200304,-0.0008227347259827922,2,0.5004024234131547
2026-01-15 16:10:00+00:00,1.1878118485643614,1.189303180200304,-0.0014913316359426235,2,0.5006840905091975
2026-01-15 16:15:00+00:00,1.1881152366206584,1.189303180200304,-0.0011879435796455682,2,0.5005562396338308
2026-01-15 16:20:00+00:00,1.1886625813130687,1.189303180200304,-0.0006405988872353445,2,0.5003257479826898
2026-01-15 16:25:00+00:00,1.1897636104746516,1.189303180200304,0.0004604302743476934,2,0.49986273731908415
2026-01-15 16:30:00+00:00,1.1880287478351876,1.1880287478351876,0.0,0,0.0
2026-01-19 00:20:00+00:00,1.1879396456791,1.1879396456791,0.0,1,0.2500187514063555
2026-01-19 00:25:00+00:00,1.1873637498732288,1.1879396456791,-0.0005758958058713183,1,0.25014001563590554
2026-01-19 00:30:00+00:00,1.1876516977761644,1.1879396456791,-0.00028794790293565917,1,0.250079368820785
2026-01-19 00:35:00+00:00,1.1876738476148518,1.1879396456791,-0.0002657980642483084,1,0.25007470489921296
2026-01-19 00:40:00+00:00,1.1878953460017254,1.1879396456791,-4.4299677374734554e-05,1,0.25002807524962345
2026-01-19 00:45:00+00:00,1.1882054437433485,1.1879396456791,0.0002657980642483414,1,0.2499628229467616
2026-01-19 00:50:00+00:00,1.188005592393824,1.188005592393824,0.0,0,0.0
2026-01-20 14:40:00+00:00,1.1879164919743945,1.1879164919743945,0.0,1,0.25001875140635543
2026-01-20 14:45:00+00:00,1.187248800962001,1.1879164919743945,-0.0006676910123935685,1,0.25015935822196866
2026-01-20 14:50:00+00:00,1.18524182139525,1.1879164919743945,-0.002674670579144603,1,0.2505829550874522
2026-01-20 14:55:00+00:00,1.185299768250543,1.1879164919743945,-0.002616723723851537,1,0.2505707046048095
2026-01-20 15:00:00+00:00,1.1855217893477894,1.1879164919743945,-0.0023947026266051283,1,0.25052377844683077
2026-01-20 15:05:00+00:00,1.1848134053190384,1.1879164919743945,-0.003103086655356136,1,0.2506735632506466
2026-01-20 15:10:00+00:00,1.1835634145289626,1.1835634145289626,0.0,0,0.0
2026-01-20 22:40:00+00:00,1.1833858866743274,1.1833858866743274,0.0,2,0.5000562556255275
2026-01-20 22:45:00+00:00,1.183438190204051,1.1833858866743274,5.2303529723565485e-05,2,0.5000341550144046
2026-01-20 22:50:00+00:00,1.1836990945128956,1.1833858866743274,0.0003132078385680447,2,0.4999239402932669
2026-01-20 22:55:00+00:00,1.1830836830900338,1.1833858866743274,-0.0003022035842936788,2,0.5001839885956956
2026-01-20 23:00:00+00:00,1.1829328537992778,1.1833858866743274,-0.0004530328750496148,2,0.5002477643172042
2026-01-20 23:05:00+00:00,1.181917709496578,1.1833858866743274,-0.0014681771777493647,2,0.5006774250827588
2026-01-20 23:10:00+00:00,1.1824947453899328,1.1824947453899328,0.0,0,0.0
2026-01-21 14:10:00+00:00,1.1824060582840286,1.1824060582840286,0.0,1,0.2500187514063555
2026-01-21 14:15:00+00:00,1.1840913787919056,1.1824060582840286,0.001685320507877085,1,0.24966289903157604
2026-01-21 14:20:00+00:00,1.183698906892811,1.1824060582840286,0.0012928486087824564,1,0.24974567825148225
2026-01-21 14:25:00+00:00,1.184345331197202,1.1824060582840286,0.0019392729131735861,1,0.2496093652420197
2026-01-21 14:30:00+00:00,1.1838835995512085,1.1824060582840286,0.001477541267179894,1,0.24970671648762552
2026-01-21 14:35:00+00:00,1.1852918810714894,1.1824060582840286,0.00288582278746079,1,0.24941003230380943
2026-01-21 14:40:00+00:00,1.1845336830788942,1.1845336830788942,0.0,0,0.0
2026-01-26 21:45:00+00:00,1.1844448430526633,1.1844448430526633,0.0,1,0.2500187514063555
2026-01-26 21:50:00+00:00,1.1840089461520529,1.1844448430526633,-0.0004358969006103533,1,0.25011079665583325
2026-01-26 21:55:00+00:00,1.1841764435721949,1.1844448430526633,-0.0002683994804684135,1,0.2500754193998366
2026-01-26 22:00:00+00:00,1.1837496278570139,1.1844448430526633,-0.0006952151956493612,1,0.2501655872161286
2026-01-26 22:05:00+00:00,1.1843247696008747,1.1844448430526633,-0.00012007345178849386,1,0.2500440997020796
2026-01-26 22:10:00+00:00,1.1836517528584973,1.1844448430526633,-0.000793090194166011,1,0.25018627316232733
2026-01-26 22:15:00+00:00,1.182996852273835,1.182996852273835,0.0,0,0.0
2026-01-27 20:50:00+00:00,1.1829081275099145,1.1829081275099145,0.0,1,0.2500187514063555
2026-01-27 20:55:00+00:00,1.1830441246978123,1.1829081275099145,0.00013599718789780157,1,0.2499900104267055
2026-01-27 21:00:00+00:00,1.1828455886570857,1.1829081275099145,-6.253885282887722e-05,1,0.25003197027959523
2026-01-27 21:05:00+00:00,1.1829077966165134,1.1829081275099145,-3.308934012234991e-07,1,0.2500188213438056
2026-01-27 21:10:00+00:00,1.1830904497739818,1.1829081275099145,0.00018232226406731837,1,0.24998022182070595
2026-01-27 21:15:00+00:00,1.182841617936271,1.1829081275099145,-6.65095736434607e-05,1,0.2500328096203266
2026-01-27 21:20:00+00:00,1.1824282867457625,1.1824282867457625,0.0,0,0.0
2026-01-28 19:50:00+00:00,1.1823396046242565,1.1823396046242565,0.0,1,0.2500187514063555
2026-01-28 19:55:00+00:00,1.1826206589636927,1.1823396046242565,0.0002810543394362973,1,0.24995933349031405
2026-01-28 20:00:00+00:00,1.182352676919114,1.1823396046242565,1.3072294857496095e-05,1,0.25001598715597395
2026-01-28 20:05:00+00:00,1.1827579180596965,1.1823396046242565,0.000418313435440072,1,0.24993032570129084
2026-01-28 20:10:00+00:00,1.1829343940402728,1.1823396046242565,0.0005947894160164006,1,0.24989303986403216
2026-01-28 20:15:00+00:00,1.1829311259665585,1.1823396046242565,0.0005915213423020265,1,0.24989373024139822
2026-01-28 20:20:00+00:00,1.1828489799924813,1.1828489799924813,0.0,0,0.0
2026-01-30 01:55:00+00:00,1.1826715592990078,1.1826715592990078,0.0,2,0.5000562556255274
2026-01-30 02:00:00+00:00,1.182696352232329,1.1826715592990078,2.4792933321247e-05,2,0.5000457729167753
2026-01-30 02:05:00+00:00,1.181493257993478,1.1826715592990078,-0.0011783013055296806,2,0.5005549609163579
2026-01-30 02:10:00+00:00,1.180271474907668,1.1826715592990078,-0.0024000843913399585,2,0.5010731210157653
2026-01-30 02:15:00+00:00,1.1799189917855404,1.1826715592990078,-0.0027525675134674053,2,0.5012228091039641
2026-01-30 02:20:00+00:00,1.1782037222641972,1.1826715592990078,-0.004467837034810684,2,0.5019525065167391
2026-01-30 02:25:00+00:00,1.1756178619428597,1.1756178619428597,0.0,0,0.0
2026-01-30 11:55:00+00:00,1.175265216259396,1.175265216259396,0.0,4,1.0001875281286918
2026-01-30 12:00:00+00:00,1.1738516406503596,1.175265216259396,-0.0014135756090362733,4,1.0013919739421693
2026-01-30 12:05:00+00:00,1.1735766330715287,1.175265216259396,-0.0016885831878673142,4,1.001626632995915
2026-01-30 12:10:00+00:00,1.1707485856743285,1.175265216259396,-0.004516630585067368,4,1.0040461512657397
2026-01-30 12:15:00+00:00,1.169884457403193,1.175265216259396,-0.005380758856202949,4,1.0047877840478003
2026-01-30 12:20:00+00:00,1.1701501164985904,1.175265216259396,-0.005115099760805704,4,1.0045596671506494
2026-01-30 12:25:00+00:00,1.1675899581705516,1.1675899581705516,0.0,0,0.0
2026-01-30 13:05:00+00:00,1.1675023889236888,1.1675023889236888,0.0,1,0.25001875140635543
2026-01-30 13:10:00+00:00,1.1675682205631888,1.1675023889236888,6.583163949992274e-05,1,0.25000465446193637
2026-01-30 13:15:00+00:00,1.1680810143866618,1.1675023889236888,0.0005786254629729369,1,0.24989490107919268
2026-01-30 13:20:00+00:00,1.1685314413937664,1.1675023889236888,0.0010290524700776204,1,0.2497985755475069
2026-01-30 13:25:00+00:00,1.1684032429378983,1.1675023889236888,0.0009008540142093668,1,0.24982598371489842
2026-01-30 13:30:00+00:00,1.1690199814553186,1.1675023889236888,0.0015175925316296855,1,0.2496941833100691
2026-01-30 13:35:00+00:00,1.1696080527191128,1.1696080527191128,0.0,0,0.0
2026-01-30 18:30:00+00:00,1.1694326180902501,1.1694326180902501,0.0,2,0.5000562556255275
2026-01-30 18:35:00+00:00,1.168088819687818,1.1694326180902501,-0.001343798402432021,2,0.5006315327672223
2026-01-30 18:40:00+00:00,1.169358739987631,1.1694326180902501,-7.38781026191421e-05,2,0.5000878483319443
2026-01-30 18:45:00+00:00,1.1777334127294083,1.1694326180902501,0.008300794639158119,2,0.4965318041315733
2026-01-30 18:50:00+00:00,1.1798940703890914,1.1694326180902501,0.010461452298841352,2,0.49562254009440476
2026-01-30 18:55:00+00:00,1.1820984126513874,1.1694326180902501,0.012665794561137197,2,0.4946983177965116
2026-01-30 19:00:00+00:00,1.1826120533717395,1.1826120533717395,0.0,0,0.0
2026-01-30 21:00:00+00:00,1.1825233574677365,1.1825233574677365,0.0,1,0.2500187514063555
2026-01-30 21:05:00+00:00,1.1809516680159966,1.1825233574677365,-0.001571689451739846,1,0.25035149307984217
2026-01-30 21:10:00+00:00,1.1809723028884485,1.1825233574677365,-0.0015510545792881344,1,0.2503471187425989
2026-01-30 21:15:00+00:00,1.181374682901257,1.1825233574677365,-0.0011486745664794308,1,0.2502618497095781
2026-01-30 21:20:00+00:00,1.1818905547125502,1.1825233574677365,-0.0006328027551862807,1,0.2501526153704149
2026-01-30 21:25:00+00:00,1.1818045760773348,1.1825233574677365,-0.0007187813904017783,1,0.25017081447109574
2026-01-30 21:30:00+00:00,1.1816367798289336,1.1816367798289336,0.0,0,0.0
2026-01-31 16:15:00+00:00,1.1815481570704465,1.1815481570704465,0.0,1,0.25001875140635543
2026-01-31 16:20:00+00:00,1.183478441938236,1.1814593895297356,0.002019052408500529,2,0.4996297155684304
2026-01-31 16:25:00+00:00,1.1837596952701306,1.1814593895297356,0.002300305740394888,2,0.49951100691262923
2026-01-31 16:30:00+00:00,1.1801584165423908,1.1814593895297356,-0.001300972987344847,2,0.5010352754669617
2026-01-31 16:35:00+00:00,1.179755395486157,1.1814593895297356,-0.0017039940435784689,2,0.5012064361725636
2026-01-31 16:40:00+00:00,1.1782554003484933,1.1814593895297356,-0.003203989181242282,2,0.5018445043002396
2026-01-31 16:45:00+00:00,1.177478350411681,1.1794062833467616,-0.001927932935080511,1,0.2512927751633686
2026-01-31 16:50:00+00:00,1.1757994972311798,1.1757994972311798,0.0,0,0.0
2026-02-01 14:45:00+00:00,1.1757113122688876,1.1757113122688876,0.0,1,0.25001875140635543
2026-02-01 14:50:00+00:00,1.17707810441972,1.1757113122688876,0.001366792150832413,1,0.2497284362049257
2026-02-01 14:55:00+00:00,1.1790406777645048,1.1757113122688876,0.0033293654956173396,1,0.24931275048553236
2026-02-01 15:00:00+00:00,1.1787953560964068,1.1757113122688876,0.0030840438275192075,1,0.2493646355048539
2026-02-01 15:05:00+00:00,1.1772221822247935,1.1757113122688876,0.0015108699559058811,1,0.24969787245451727
2026-02-01 15:10:00+00:00,1.1766419770097678,1.1757113122688876,0.0009306647408801637,1,0.2498209991239797
2026-02-01 15:15:00+00:00,1.1748053884129348,1.1748053884129348,0.0,0,0.0
2026-02-01 18:05:00+00:00,1.1747172780088038,1.1747172780088038,0.0,1,0.2500187514063555
2026-02-01 18:10:00+00:00,1.1765652622063376,1.1747172780088038,0.0018479841975339198,1,0.24962605691117748
2026-02-01 18:15:00+00:00,1.1769622458952709,1.1747172780088038,0.0022449678864670665,1,0.2495418592461529
2026-02-01 18:20:00+00:00,1.1777009370632858,1.1747172780088038,0.00298365905448197,1,0.24938533872241553
2026-02-01 18:25:00+00:00,1.1765614933738477,1.1747172780088038,0.0018442153650440672,1,0.24962685652836614
2026-02-01 18:30:00+00:00,1.1773680235266804,1.1747172780088038,0.0026507455178766447,1,0.24945585512292293
2026-02-01 18:35:00+00:00,1.1767975025638457,1.1767975025638457,0.0,0,0.0
2026-02-02 03:50:00+00:00,1.1765327429837302,1.1765327429837302,0.0,3,0.7501125140640822
2026-02-02 03:55:00+00:00,1.176801380569086,1.1765327429837302,0.00026863758535574663,3,0.7499412800581994
2026-02-02 04:00:00+00:00,1.1801075150982656,1.1765327429837302,0.0035747721145353373,3,0.747840279319592
2026-02-02 04:05:00+00:00,1.1729165712877447,1.1765327429837302,-0.0036161716959854555,3,0.7524251556522089
2026-02-02 04:10:00+00:00,1.1762587824644009,1.1765327429837302,-0.00027396051932948346,3,0.75028722154935
2026-02-02 04:15:00+00:00,1.1708934363547092,1.1765327429837302,-0.005639306629021,3,0.7537252377686771
2026-02-02 04:20:00+00:00,1.1773791579520732,1.1773791579520732,0.0,0,0.0
2026-02-02 06:20:00+00:00,1.177202557701138,1.177202557701138,0.0,2,0.5000562556255274
2026-02-02 06:25:00+00:00,1.1754438861798355,1.177202557701138,-0.0017586715213024615,2,0.5008044280446089
2026-02-02 06:30:00+00:00,1.173506363035375,1.177202557701138,-0.0036961946657629954,2,0.5016312835272455
2026-02-02 06:35:00+00:00,1.1698364055698245,1.177202557701138,-0.007366152131313526,2,0.5032049783320655
2026-02-02 06:40:00+00:00,1.1652104910435972,1.177202557701138,-0.011992066657540833,2,0.5052027145667018
2026-02-02 06:45:00+00:00,1.1811865644290083,1.177202557701138,0.003984006727870174,2,0.4983696232621727
2026-02-02 06:50:00+00:00,1.1778056417979283,1.1778056417979283,0.0,0,0.0
2026-02-03 15:30:00+00:00,1.1776289775768154,1.1776289775768154,0.0,2,0.5000562556255274
2026-02-03 15:35:00+00:00,1.1786436456591385,1.1776289775768154,0.0010146680823229827,2,0.4996257683244522
2026-02-03 15:40:00+00:00,1.1773345690167405,1.1776289775768154,-0.00029440856007493756,2,0.5001813015097216
2026-02-03 15:45:00+00:00,1.1739955401327693,1.1776289775768154,-0.003633437444046003,2,0.50160389619247
2026-02-03 15:50:00+00:00,1.1787483233346123,1.1776289775768154,0.0011193457577969685,2,0.4995813995113649
2026-02-03 15:55:00+00:00,1.1787663003167297,1.1776289775768154,0.00113732273991431,2,0.49957378055764795
2026-02-03 16:00:00+00:00,1.1801154090957913,1.1801154090957913,0.0,0,0.0
2026-02-04 01:05:00+00:00,1.1800269004401092,1.1800269004401092,0.0,1,0.25001875140635543
2026-02-04 01:10:00+00:00,1.1798186727766773,1.1800269004401092,-0.00020822766343191892,1,0.25006287752642864
2026-02-04 01:15:00+00:00,1.180324368530726,1.1800269004401092,0.00029746809061696153,1,0.24995574109954305
2026-02-04 01:20:00+00:00,1.1797591791585538,1.1800269004401092,-0.0002677212815553243,1,0.25007548785030254
2026-02-04 01:25:00+00:00,1.1801161408672942,1.1800269004401092,8.924042718507535e-05,1,0.2499998449789225
2026-02-04 01:30:00+00:00,1.1805028493850964,1.1800269004401092,0.0004759489449871777,1,0.2499179501579545
2026-02-04 01:35:00+00:00,1.1809497832925246,1.1809497832925246,0.0,0,0.0
2026-02-04 14:40:00+00:00,1.1808612120587778,1.1808612120587778,0.0,1,0.25001875140635543
2026-02-04 14:45:00+00:00,1.1789738920542845,1.1808612120587778,-0.0018873200044933385,1,0.2504189853676058
2026-02-04 14:50:00+00:00,1.1802058555367083,1.1808612120587778,-0.0006553565220694703,1,0.2501575843214822
2026-02-04 14:55:00+00:00,1.1781944048671387,1.1808612120587778,-0.002666807191639127,1,0.2505846612439347
2026-02-04 15:00:00+00:00,1.1753434037853865,1.1808612120587778,-0.0055178082733914075,1,0.25119249818586675
2026-02-04 15:05:00+00:00,1.1752232773353126,1.1808612120587778,-0.0056379347234652745,1,0.2512181740414035
2026-02-04 15:10:00+00:00,1.1766376214658227,1.1766376214658227,0.0,0,0.0
2026-02-04 22:25:00+00:00,1.1764611324411893,1.1764611324411893,0.0,2,0.5000562556255274
2026-02-04 22:30:00+00:00,1.1792141584834666,1.1764611324411893,0.002753026042277339,2,0.4988888104380381
2026-02-04 22:35:00+00:00,1.1774426137998855,1.1764611324411893,0.0009814813586961116,2,0.4996394235120608
2026-02-04 22:40:00+00:00,1.1757712373526283,1.1764611324411893,-0.0006898950885610238,2,0.5003496684458112
2026-02-04 22:45:00+00:00,1.1702531037682595,1.1764611324411893,-0.006208028672929765,2,0.5027089839652387
2026-02-04 22:50:00+00:00,1.171690926425765,1.1764611324411893,-0.004770206015424419,2,0.5020920922995487
2026-02-04 22:55:00+00:00,1.1698740445768379,1.1698740445768379,0.0,0,0.0
2026-02-05 01:30:00+00:00,1.1696985700506928,1.1696985700506928,0.0,2,0.5000562556255275
2026-02-05 01:35:00+00:00,1.1705742658340614,1.1696985700506928,0.0008756957833686562,2,0.49968216816497113
2026-02-05 01:40:00+00:00,1.1695994669300476,1.1696985700506928,-9.910312064522636e-05,2,0.500098626656664
2026-02-05 01:45:00+00:00,1.166845498265227,1.1696985700506928,-0.0028530717854657536,2,0.5012789508291272
2026-02-05 01:50:00+00:00,1.1675078998678847,1.1696985700506928,-0.0021906701828080083,2,0.5009945433485051
2026-02-05 01:55:00+00:00,1.1660202122025716,1.1696985700506928,-0.0036783578481211143,2,0.5016337461639699
2026-02-05 02:00:00+00:00,1.1655060913132416,1.1655060913132416,0.0,0,0.0
2026-02-05 07:05:00+00:00,1.1654186783563931,1.1654186783563931,0.0,1,0.2500187514063555
2026-02-05 07:10:00+00:00,1.1632206921231851,1.1654186783563931,-0.002197986233207973,1,0.2504911791901425
2026-02-05 07:15:00+00:00,1.1631569823772951,1.1654186783563931,-0.002261695979098054,1,0.2505048993754792
2026-02-05 07:20:00+00:00,1.164526741913932,1.1654186783563931,-0.0008919364424611989,1,0.25021024622365046
2026-02-05 07:25:00+00:00,1.1646860162786572,1.1654186783563931,-0.0007326620777360125,1,0.25017602920940113
2026-02-05 07:30:00+00:00,1.165259403991668,1.1654186783563931,-0.00015927436472521872,1,0.25005292540886787
2026-02-05 07:35:00+00:00,1.164789732559479,1.164789732559479,0.0,0,0.0
2026-02-05 15:40:00+00:00,1.164702373329537,1.164702373329537,0.0,1,0.2500187514063555
2026-02-05 15:45:00+00:00,1.1652834010717175,1.164702373329537,0.0005810277421805174,1,0.2498940883153865
2026-02-05 15:50:00+00:00,1.1636428521526196,1.164702373329537,-0.0010595211769173704,1,0.25024639871347504
2026-02-05 15:55:00+00:00,1.1630618244104391,1.164702373329537,-0.0016405489190978555,1,0.25037141364989685
2026-02-05 16:00:00+00:00,1.1624807966682587,1.164702373329537,-0.002221576661278373,1,0.2504965535555163
2026-02-05 16:05:00+00:00,1.1608060696466795,1.164702373329537,-0.0038963036828574067,1,0.250857951861419
2026-02-05 16:10:00+00:00,1.1607870666217,1.1607870666217,0.0,0,0.0
2026-02-05 21:00:00+00:00,1.1607000075917033,1.1607000075917033,0.0,1,0.2500187514063555
2026-02-05 21:05:00+00:00,1.1655165063226747,1.1607000075917033,0.004816498730971247,1,0.24898554853678206
2026-02-05 21:10:00+00:00,1.1633435680045099,1.1607000075917033,0.002643560412806587,1,0.24945061341870073
2026-02-05 21:15:00+00:00,1.161684741611515,1.1607000075917033,0.0009847340198115974,1,0.24980681613572503
2026-02-05 21:20:00+00:00,1.1590769049880707,1.1607000075917033,-0.0016231026036326462,1,0.25036886284815735
2026-02-05 21:25:00+00:00,1.1633855046268047,1.1607000075917033,0.002685497035101359,1,0.24944162145849963
2026-02-05 21:30:00+00:00,1.1622593492888365,1.1622593492888365,0.0,0,0.0
2026-02-05 22:30:00+00:00,1.1619107107083417,1.1619107107083417,0.0,4,1.0001875281286918
2026-02-05 22:35:00+00:00,1.1576562885642925,1.1619107107083417,-0.004254422144049197,4,1.0038632477787357
2026-02-05 22:40:00+00:00,1.157220711217099,1.1619107107083417,-0.004689999491242726,4,1.0042411014467303
2026-02-05 22:45:00+00:00,1.1615604357371334,1.1619107107083417,-0.00035027497120832874,4,1.0004891402074434
2026-02-05 22:50:00+00:00,1.1612647239217722,1.1619107107083417,-0.0006459867865696527,4,1.000743911108346
2026-02-05 22:55:00+00:00,1.1652774885899126,1.1619107107083417,0.003366777881570989,4,0.9972977364008849
2026-02-05 23:00:00+00:00,1.158180060580771,1.158180060580771,0.0,0,0.0
2026-02-06 00:25:00+00:00,1.1579194896109404,1.1579194896109404,0.0,3,0.7501125140640822
2026-02-06 00:30:00+00:00,1.1621078556917388,1.1579194896109404,0.004188366080798426,3,0.7474090250589086
2026-02-06 00:35:00+00:00,1.1820123000693448,1.1579194896109404,0.02409281045840434,3,0.7348230635035737
2026-02-06 00:40:00+00:00,1.2009481539185691,1.1579194896109404,0.043028664307628736,3,0.7232367996918169
2026-02-06 00:45:00+00:00,1.1979234407796704,1.1579194896109404,0.04000395116873,3,0.7250629463186322
2026-02-06 00:50:00+00:00,1.1988748726430973,1.1579194896109404,0.04095538303215687,3,0.7244875334829316
2026-02-06 00:55:00+00:00,1.2113489993183588,1.2113489993183588,0.0,0,0.0
2026-02-06 05:55:00+00:00,1.2111673037822992,1.2111673037822992,0.0,2,0.5000562556255274
2026-02-06 06:00:00+00:00,1.2068206362509049,1.2111673037822992,-0.004346667531394325,2,0.5018573337848722
2026-02-06 06:05:00+00:00,1.208458774694875,1.2111673037822992,-0.0027085290874241602,2,0.5011770360295194
2026-02-06 06:10:00+00:00,1.2074594948897457,1.2111673037822992,-0.003707808892553492,2,0.5015918044693871
2026-02-06 06:15:00+00:00,1.2040682863660532,1.2111673037822992,-0.007099017416246014,2,0.5030045170389246
2026-02-06 06:20:00+00:00,1.2010577731048544,1.2111673037822992,-0.010109530677444866,2,0.5042653238068405
2026-02-06 06:25:00+00:00,1.2015822591711547,1.2015822591711547,0.0,0,0.0
2026-02-13 14:35:00+00:00,1.201492140501717,1.201492140501717,0.0,1,0.25001875140635543
2026-02-13 14:40:00+00:00,1.1995381683694124,1.201492140501717,-0.001953972132304583,1,0.2504260162068292
2026-02-13 14:45:00+00:00,1.2000174445528078,1.201492140501717,-0.0014746959489091527,1,0.25032599830641006
2026-02-13 14:50:00+00:00,1.2023769580710624,1.201492140501717,0.0008848175693454716,1,0.2498347650263561
2026-02-13 14:55:00+00:00,1.2009022621221532,1.201492140501717,-0.0005898783795636811,1,0.25014155961530954
2026-02-13 15:00:00+00:00,1.2008285273247077,1.201492140501717,-0.000663613177009137,1,0.25015691912485755
2026-02-13 15:05:00+00:00,1.20073840865527,1.20073840865527,0.0,0,0.0
2026-02-15 03:50:00+00:00,1.2006483532746208,1.2006483532746208,0.0,1,0.2500187514063555
2026-02-15 03:55:00+00:00,1.200751894836266,1.2006483532746208,0.00010354156164517909,1,0.2499971921383064
2026-02-15 04:00:00+00:00,1.2008889477747091,1.2006483532746208,0.0002405945000883771,1,0.2499686608991368
2026-02-15 04:05:00+00:00,1.201158327688201,1.2006483532746208,0.0005099744135801526,1,0.24991260123181694
2026-02-15 04:10:00+00:00,1.202246158535029,1.2006483532746208,0.0015978052604082448,1,0.2496864723024783
2026-02-15 04:15:00+00:00,1.202951615979931,1.2006483532746208,0.002303262705310208,1,0.24954004647916406
2026-02-15 04:20:00+00:00,1.2023451416901636,1.2023451416901636,0.0,0,0.0
2026-02-17 18:25:00+00:00,1.202254965804537,1.202254965804537,0.0,1,0.25001875140635543
2026-02-17 18:30:00+00:00,1.2026544642809036,1.202254965804537,0.00039949847636660526,1,0.249935700028577
2026-02-17 18:35:00+00:00,1.2028088159649541,1.202254965804537,0.0005538501604172815,1,0.24990362677163733
2026-02-17 18:40:00+00:00,1.2034443817228102,1.202254965804537,0.0011894159182732505,1,0.24977164710531263
2026-02-17 18:45:00+00:00,1.2043629255680923,1.202254965804537,0.00210795976355547,1,0.24958115119722385
2026-02-17 18:50:00+00:00,1.2037818368751956,1.202254965804537,0.0015268710706586263,1,0.24970162882903238
2026-02-17 18:55:00+00:00,1.2041274775092414,1.2041274775092414,0.0,0,0.0
2026-02-18 14:55:00+00:00,1.2040371679484283,1.2040371679484283,0.0,1,0.2500187514063555
2026-02-18 15:00:00+00:00,1.203791447705691,1.2040371679484283,-0.00024572024273718197,1,0.25006978571832167
2026-02-18 15:05:00+00:00,1.2048038151057683,1.2040371679484283,0.0007666471573400238,1,0.24985965814764882
2026-02-18 15:10:00+00:00,1.2046809549843998,1.2040371679484283,0.0006437870359714328,1,0.24988514023715816
2026-02-18 15:15:00+00:00,1.2043615186688414,1.2040371679484283,0.000324350720413123,1,0.2499514180011624
2026-02-18 15:20:00+00:00,1.2045335228387575,1.2040371679484283,0.0004963548903291103,1,0.2499157256062581
2026-02-18 15:25:00+00:00,1.2045267581604748,1.2045267581604748,0.0,0,0.0
2026-02-20 05:35:00+00:00,1.2042557599657695,1.2042557599657695,0.0,3,0.7501125140640822
2026-02-20 05:40:00+00:00,1.2027352076162248,1.2042557599657695,-0.0015205523495446702,3,0.7510608402945446
2026-02-20 05:45:00+00:00,1.2034918963533974,1.2042557599657695,-0.0007638636123720292,3,0.7505886150302912
2026-02-20 05:50:00+00:00,1.2041175493981733,1.2042557599657695,-0.00013821056759616703,3,0.750198613196498
2026-02-20 05:55:00+00:00,1.2019595319472878,1.2042557599657695,-0.0022962280184817864,3,0.7515455318371659
2026-02-20 06:00:00+00:00,1.2014709289665624,1.2042557599657695,-0.0027848309992071652,3,0.7518511633577906
2026-02-20 06:05:00+00:00,1.2012407472357574,1.2012407472357574,0.0,0,0.0
2026-02-20 15:05:00+00:00,1.2010605678806514,1.2010605678806514,0.0,2,0.5000562556255274
2026-02-20 15:10:00+00:00,1.2003406183630128,1.2010605678806514,-0.0007199495176386705,2,0.5003561832081836
2026-02-20 15:15:00+00:00,1.1948836066466029,1.2010605678806514,-0.006176961234048449,2,0.5026413008037025
2026-02-20 15:20:00+00:00,1.196593851584114,1.2010605678806514,-0.004466716296537535,2,0.5019228951901809
2026-02-20 15:25:00+00:00,1.1987971706036975,1.2010605678806514,-0.002263397276953849,2,0.5010003902923923
2026-02-20 15:30:00+00:00,1.1995937967855106,1.2010605678806514,-0.0014667710951408687,2,0.5006676859810871
2026-02-20 15:35:00+00:00,1.1960564814436787,1.1960564814436787,0.0,0,0.0
2026-02-23 09:35:00+00:00,1.1959667772075704,1.1959667772075704,0.0,1,0.2500187514063555
2026-02-23 09:40:00+00:00,1.1964344636877688,1.1959667772075704,0.000467686480198361,1,0.24992101902453456
2026-02-23 09:45:00+00:00,1.1964196946410257,1.1959667772075704,0.0004529174334552234,1,0.2499241041419299
2026-02-23 09:50:00+00:00,1.1967003065291446,1.1959667772075704,0.00073352932157424,1,0.24986549993303395
2026-02-23 09:55:00+00:00,1.1970547636509792,1.1959667772075704,0.0010879864434088116,1,0.24979151283683634
2026-02-23 10:00:00+00:00,1.1968233819186704,1.1959667772075704,0.0008566047111001209,1,0.24983980500243858
2026-02-23 10:05:00+00:00,1.1962906062802692,1.1962906062802692,0.0,0,0.0
2026-02-23 18:00:00+00:00,1.1961111694184619,1.1961111694184619,0.0,2,0.5000562556255274
2026-02-23 18:05:00+00:00,1.1962977139445012,1.1961111694184619,0.00018654452603938693,2,0.4999782794193445
2026-02-23 18:10:00+00:00,1.1968286892499649,1.1961111694184619,0.0007175198315030255,2,0.49975646311261285
2026-02-23 18:15:00+00:00,1.1960925343619626,1.1961111694184619,-1.8635056499158474e-05,2,0.5000640464747373
2026-02-23 18:20:00+00:00,1.1945344689168294,1.1961111694184619,-0.001576700501632564,2,0.5007162943013508
2026-02-23 18:25:00+00:00,1.1964960590697196,1.1961111694184619,0.00038488965125775163,2,0.4998953971952985
2026-02-23 18:30:00+00:00,1.1961740507628904,1.1961740507628904,0.0,0,0.0
2026-02-24 01:25:00+00:00,1.1958152389165173,1.1958152389165173,0.0,4,1.0001875281286918
2026-02-24 01:30:00+00:00,1.1999958655368885,1.1958152389165173,0.004180626620371303,4,0.996703007285291
2026-02-24 01:35:00+00:00,1.2023312075350798,1.1958152389165173,0.006515968618562602,4,0.9947670661918141
2026-02-24 01:40:00+00:00,1.1957474029751545,1.1958152389165173,-6.78359413628119e-05,4,1.0002442697635399
2026-02-24 01:45:00+00:00,1.1981284260638083,1.1958152389165173,0.002313187147290945,4,0.9982564989630214
2026-02-24 01:50:00+00:00,1.1972842738529463,1.1958152389165173,0.0014690349364289293,4,0.9989603254886092
2026-02-24 01:55:00+00:00,1.1973179241294296,1.1973179241294296,0.0,0,0.0
2026-02-24 14:40:00+00:00,1.1970485478007356,1.1970485478007356,0.0,3,0.7501125140640821
2026-02-24 14:45:00+00:00,1.1991989099244162,1.1970485478007356,0.002150362123680597,3,0.7487674381760094
2026-02-24 14:50:00+00:00,1.203539089458863,1.1970485478007356,0.00649054165812737,3,0.7460672474304868
2026-02-24 14:55:00+00:00,1.203404269534639,1.1970485478007356,0.006355721733903364,3,0.7461508309213476
2026-02-24 15:00:00+00:00,1.2003189261530631,1.1970485478007356,0.0032703783523276276,3,0.7480687641286651
2026-02-24 15:05:00+00:00,1.1986773860847026,1.1970485478007356,0.001628838283967065,3,0.7490932139635094
2026-02-24 15:10:00+00:00,1.2008278096034433,1.2008278096034433,0.0,0,0.0
2026-02-24 16:05:00+00:00,1.200737747517723,1.200737747517723,0.0,1,0.2500187514063555
2026-02-24 16:10:00+00:00,1.2005452824886162,1.200737747517723,-0.0001924650291068321,1,0.2500588330817146
2026-02-24 16:15:00+00:00,1.2002758314478665,1.200737747517723,-0.0004619160698563971,1,0.2501149690223519
2026-02-24 16:20:00+00:00,1.2008532265351872,1.200737747517723,0.0001154790174641326,1,0.24999470856821168
2026-02-24 16:25:00+00:00,1.1999678874012956,1.200737747517723,-0.0007698601164273617,1,0.2501791552530647
2026-02-24 16:30:00+00:00,1.1998909013896528,1.200737747517723,-0.0008468461280701279,1,0.25019520695854625
2026-02-24 16:35:00+00:00,1.198068654041971,1.198068654041971,0.0,0,0.0
2026-02-25 01:15:00+00:00,1.1979787988929178,1.1979787988929178,0.0,1,0.2500187514063555
2026-02-25 01:20:00+00:00,1.1992417884053401,1.1979787988929178,0.00126298951242231,1,0.249755442485679
2026-02-25 01:25:00+00:00,1.200010544770406,1.1979787988929178,0.0020317458774880156,1,0.2495954429865434
2026-02-25 01:30:00+00:00,1.199573865575514,1.1979787988929178,0.0015950666825962187,1,0.24968630286622223
2026-02-25 01:35:00+00:00,1.1998319448068047,1.1979787988929178,0.0018531459138868606,1,0.24963259630391038
2026-02-25 01:40:00+00:00,1.2004746306093284,1.1979787988929178,0.0024958317164105784,1,0.24949895305864644
2026-02-25 01:45:00+00:00,1.1988486330623453,1.1988486330623453,0.0,0,0.0
2026-02-26 15:40:00+00:00,1.1986688125109095,1.1986688125109095,0.0,2,0.5000562556255274
2026-02-26 15:45:00+00:00,1.1992050064331667,1.1986688125109095,0.0005361939222572122,2,0.49983266822919836
2026-02-26 15:50:00+00:00,1.1996594392115583,1.1986688125109095,0.0009906267006486952,2,0.49964333087167
2026-02-26 15:55:00+00:00,1.1993358213751146,1.1986688125109095,0.0006670088642050503,2,0.4997781500698032
2026-02-26 16:00:00+00:00,1.1997758044485949,1.1986688125109095,0.0011069919376854366,2,0.4995948708890507
2026-02-26 16:05:00+00:00,1.1989774588059772,1.1986688125109095,0.00030864629506773965,2,0.4999275288429756
2026-02-26 16:10:00+00:00,1.1972013807271282,1.1972013807271282,0.0,0,0.0
2026-02-27 22:40:00+00:00,1.1971115906235736,1.1971115906235736,0.0,1,0.2500187514063555
2026-02-27 22:45:00+00:00,1.1994471749834748,1.1971115906235736,0.0023355843599010854,1,0.2495319105536312
2026-02-27 22:50:00+00:00,1.199111051881243,1.1971115906235736,0.0019994612576692047,1,0.24960185690242812
2026-02-27 22:55:00+00:00,1.1991518892674953,1.1971115906235736,0.002040298643921666,1,0.24959335665526938
2026-02-27 23:00:00+00:00,1.199395342916308,1.1971115906235736,0.0022837522927344543,1,0.24954269411621918
2026-02-27 23:05:00+00:00,1.1998586901834034,1.1971115906235736,0.0027470995598298472,1,0.24944632866394686
2026-02-27 23:10:00+00:00,1.2002212526660303,1.2002212526660303,0.0,0,0.0
2026-02-28 13:50:00+00:00,1.1998612267956723,1.1998612267956723,0.0,4,1.000187528128692
2026-02-28 13:55:00+00:00,1.2039430265545343,1.1998612267956723,0.004081799758861998,4,0.9967965327733586
2026-02-28 14:00:00+00:00,1.2074409209088215,1.1998612267956723,0.007579694113149131,4,0.9939088643963943
2026-02-28 14:05:00+00:00,1.2018523128111405,1.1998612267956723,0.0019910860154681285,4,0.9985305363511875
2026-02-28 14:10:00+00:00,1.20429555252742,1.1998612267956723,0.004434325731747532,4,0.9965047467024497
2026-02-28 14:15:00+00:00,1.2036240463418615,1.1998612267956723,0.0037628195461892515,4,0.9970607002856161
2026-02-28 14:20:00+00:00,1.2051605312054403,1.2051605312054403,0.0,0,0.0
2026-03-01 01:50:00+00:00,1.2048893904224949,1.2048893904224949,0.0,3,0.7501125140640821
2026-03-01 01:55:00+00:00,1.207792970394096,1.2048893904224949,0.002903579971601045,3,0.7483092152159582
2026-03-01 02:00:00+00:00,1.2088786967662184,1.2048893904224949,0.0039893063437235,3,0.7476371386448055
2026-03-01 02:05:00+00:00,1.218846679027938,1.2048893904224949,0.013957288605443027,3,0.7415228062480862
2026-03-01 02:10:00+00:00,1.215959784078477,1.2048893904224949,0.011070393655982086,3,0.7432833072714733
2026-03-01 02:15:00+00:00,1.2190666255996048,1.2048893904224949,0.014177235177109856,3,0.7413890191394721
2026-03-01 02:20:00+00:00,1.2173765589228864,1.2173765589228864,0.0,0,0.0
2026-03-01 13:55:00+00:00,1.2170113870396142,1.2170113870396142,0.0,4,1.0001875281286918
2026-03-01 14:00:00+00:00,1.2111702982906123,1.2170113870396142,-0.005841088749001969,4,1.005011114147677
2026-03-01 14:05:00+00:00,1.2136033234479617,1.2170113870396142,-0.0034080635916525475,4,1.002996273485252
2026-03-01 14:10:00+00:00,1.2153705846099285,1.2170113870396142,-0.0016408024296856083,4,1.0015378242005863
2026-03-01 14:15:00+00:00,1.2152135572126472,1.2170113870396142,-0.0017978298269669848,4,1.0016672408589833
2026-03-01 14:20:00+00:00,1.2147209059374755,1.2170113870396142,-0.002290481102138599,4,1.0020734844998844
2026-03-01 14:25:00+00:00,1.2110498216259935,1.2110498216259935,0.0,0,0.0
2026-03-01 18:05:00+00:00,1.2109589928893716,1.2109589928893716,0.0,1,0.2500187514063555
2026-03-01 18:10:00+00:00,1.2115847779738715,1.2109589928893716,0.0006257850844999484,1,0.2498896164020869
2026-03-01 18:15:00+00:00,1.2108628356690703,1.2109589928893716,-9.615722030122207e-05,1,0.2500386059327727
2026-03-01 18:20:00+00:00,1.2107071525504876,1.2109589928893716,-0.00025184033888413703,1,0.25007075804309575
2026-03-01 18:25:00+00:00,1.2103103132286095,1.2109589928893716,-0.0006486796607621457,1,0.2501527518168897
2026-03-01 18:30:00+00:00,1.2103133658387777,1.2109589928893716,-0.0006456270505938572,1,0.2501521208903418
2026-03-01 18:35:00+00:00,1.210547640085079,1.210547640085079,0.0,0,0.0
2026-03-01 22:15:00+00:00,1.2104568490120726,1.2104568490120726,0.0,1,0.2500187514063555
2026-03-01 22:20:00+00:00,1.2112275170229292,1.2104568490120726,0.00077066801085656,1,0.2498596719178901
2026-03-01 22:25:00+00:00,1.2116840273733092,1.2104568490120726,0.0012271783612365498,1,0.2497655355557724
2026-03-01 22:30:00+00:00,1.2108593635145581,1.2104568490120726,0.00040251450248562866,1,0.24993564004233854
2026-03-01 22:35:00+00:00,1.2093131187794002,1.2104568490120726,-0.001143730232672424,1,0.25025521126135736
2026-03-01 22:40:00+00:00,1.2095438283113127,1.2104568490120726,-0.0009130207007600131,1,0.25020747734606025
2026-03-01 22:45:00+00:00,1.2102040703953831,1.2102040703953831,0.0,0,0.0
2026-03-02 14:35:00+00:00,1.2098410500166095,1.2098410500166095,0.0,4,1.000187528128692
2026-03-02 14:40:00+00:00,1.2084752343027019,1.2098410500166095,-0.0013658157139076615,4,1.0013179375934427
2026-03-02 14:45:00+00:00,1.2162302451595355,1.2098410500166095,0.006389195142926124,4,0.9949332653588192
2026-03-02 14:50:00+00:00,1.2239385468794066,1.2098410500166095,0.014097496862797229,4,0.988667227067864
2026-03-02 14:55:00+00:00,1.2239617836863537,1.2098410500166095,0.014120733669744267,4,0.9886484573074055
2026-03-02 15:00:00+00:00,1.2268568971366085,1.2098410500166095,0.01701584711999913,4,0.9863154635792822
2026-03-02 15:05:00+00:00,1.2316666883123553,1.2316666883123553,0.0,0,0.0
2026-03-04 14:35:00+00:00,1.2313895840913407,1.2313895840913407,0.0,3,0.7501125140640822
2026-03-04 14:40:00+00:00,1.2222695027596415,1.2313895840913407,-0.009120081331699085,3,0.7557095506593208
2026-03-04 14:45:00+00:00,1.2151422748785417,1.2313895840913407,-0.016247309212799044,3,0.7601420474054412
2026-03-04 14:50:00+00:00,1.2194230073762555,1.2313895840913407,-0.01196657671508514,3,0.7574736011439519
2026-03-04 14:55:00+00:00,1.2204346141422178,1.2313895840913407,-0.010954969949122836,3,0.7568457384046657
2026-03-04 15:00:00+00:00,1.2196211579757574,1.2313895840913407,-0.011768426115583168,3,0.7573505351843365
2026-03-04 15:05:00+00:00,1.22093675006194,1.22093675006194,0.0,0,0.0
2026-03-09 05:45:00+00:00,1.2208451798056852,1.2208451798056852,0.0,1,0.2500187514063555
2026-03-09 05:50:00+00:00,1.2214230725144124,1.2208451798056852,0.000577892708727308,1,0.24990045986861226
2026-03-09 05:55:00+00:00,1.2210734231444262,1.2208451798056852,0.00022824333874103418,1,0.24997201784104547
2026-03-09 06:00:00+00:00,1.2212725290356683,1.2208451798056852,0.0004273492299831783,1,0.24993126452823894
2026-03-09 06:05:00+00:00,1.2211899729344216,1.2208451798056852,0.00034479312873645875,1,0.2499481606305952
2026-03-09 06:10:00+00:00,1.2209665858369305,1.2208451798056852,0.0001214060312452396,1,0.24999389095178018
2026-03-09 06:15:00+00:00,1.2205690723819378,1.2205690723819378,0.0,0,0.0
2026-03-10 02:35:00+00:00,1.2204775297015091,1.2204775297015091,0.0,1,0.2500187514063555
2026-03-10 02:40:00+00:00,1.220641064421212,1.2204775297015091,0.0001635347197028869,1,0.24998525528073473
2026-03-10 02:45:00+00:00,1.2218656124023475,1.2204775297015091,0.0013880827008383664,1,0.24973472123135937
2026-03-10 02:50:00+00:00,1.222923136923093,1.2204775297015091,0.002445607221583941,1,0.24951876277623666
2026-03-10 02:55:00+00:00,1.2220675232696074,1.2204775297015091,0.0015899935680982464,1,0.2496934598827116
2026-03-10 03:00:00+00:00,1.221655415775956,1.2204775297015091,0.001177886074446912,1,0.24977769030039287
2026-03-10 03:05:00+00:00,1.2206201687396951,1.2206201687396951,0.0,0,0.0
2026-03-11 13:35:00+00:00,1.2205286222270397,1.2205286222270397,0.0,1,0.2500187514063555
2026-03-11 13:40:00+00:00,1.2227757791676972,1.2205286222270397,0.002247156940657373,1,0.24955927929209776
2026-03-11 13:45:00+00:00,1.2202181597549753,1.2205286222270397,-0.0003104624720644783,1,0.25008236416199553
2026-03-11 13:50:00+00:00,1.2194139141130558,1.2205286222270397,-0.001114708113983958,1,0.25024730212864527
2026-03-11 13:55:00+00:00,1.217629494095047,1.2205286222270397,-0.0028991281319927942,1,0.2506140362604453
2026-03-11 14:00:00+00:00,1.218426347773346,1.2205286222270397,-0.002102274453693893,1,0.25045013409517086
2026-03-11 14:05:00+00:00,1.2195337777599489,1.2195337777599489,0.0,0,0.0
2026-03-12 09:45:00+00:00,1.219442312726617,1.219442312726617,0.0,1,0.25001875140635543
2026-03-12 09:50:00+00:00,1.218357613170853,1.219442312726617,-0.0010846995557640374,1,0.25024134223326167
2026-03-12 09:55:00+00:00,1.218610660406918,1.219442312726617,-0.000831652319699032,1,0.2501893790574429
2026-03-12 10:00:00+00:00,1.2185958623229376,1.219442312726617,-0.0008464504036794221,1,0.25019241724553853
2026-03-12 10:05:00+00:00,1.2186461758084708,1.219442312726617,-0.0007961369181460756,1,0.2501820877070593
2026-03-12 10:10:00+00:00,1.218357613170853,1.219442312726617,-0.0010846995557640374,1,0.25024134223326167
2026-03-12 10:15:00+00:00,1.2184762809300427,1.2184762809300427,0.0,0,0.0
2026-03-13 00:15:00+00:00,1.2183848952089729,1.2183848952089729,0.0,1,0.2500187514063555
2026-03-13 00:20:00+00:00,1.219034972059986,1.2183848952089729,0.000650076851013136,1,0.24988542348194506
2026-03-13 00:25:00+00:00,1.2201187191636198,1.2183848952089729,0.0017338239546469368,1,0.24966346753644125
2026-03-13 00:30:00+00:00,1.2199451653569882,1.2183848952089729,0.0015602701480151935,1,0.24969898556331513
2026-03-13 00:35:00+00:00,1.2219031094125445,1.2183848952089729,0.003518214203571634,1,0.24929887475199458
2026-03-13 00:40:00+00:00,1.221057195303184,1.2183848952089729,0.0026723000942111084,1,0.24947158200634073
2026-03-13 00:45:00+00:00,1.2199707677574256,1.2199707677574256,0.0,0,0.0
2026-03-13 12:50:00+00:00,1.2197877790045974,1.2197877790045974,0.0,2,0.5000562556255274
2026-03-13 12:55:00+00:00,1.218391834006832,1.2197877790045974,-0.001395944997765502,2,0.5006291838159159
2026-03-13 13:00:00+00:00,1.2188763102166018,1.2197877790045974,-0.0009114687879955548,2,0.5004301948558039
2026-03-13 13:05:00+00:00,1.2190796819571788,1.2197877790045974,-0.0007080970474186818,2,0.5003467110923786
2026-03-13 13:10:00+00:00,1.219477633053694,1.2197877790045974,-0.00031014595090348926,2,0.5001834333766418
2026-03-13 13:15:00+00:00,1.220863991370217,1.2197877790045974,0.0010762123656195592,2,0.49961544753419723
2026-03-13 13:20:00+00:00,1.229681267444136,1.229681267444136,0.0,0,0.0
2026-03-15 17:55:00+00:00,1.2295890413490778,1.2295890413490778,0.0,1,0.25001875140635543
2026-03-15 18:00:00+00:00,1.2286664898310875,1.2295890413490778,-0.0009225515179903203,1,0.25020647946807517
2026-03-15 18:05:00+00:00,1.2284965078978514,1.2295890413490778,-0.001092533451226364,1,0.2502410994941109
2026-03-15 18:10:00+00:00,1.2285255646385755,1.2295890413490778,-0.0010634767105022619,1,0.250235180862089
2026-03-15 18:15:00+00:00,1.2283686582386653,1.2295890413490778,-0.001220383110412427,1,0.25026714480149487
2026-03-15 18:20:00+00:00,1.228670848342196,1.2295890413490778,-0.000918193006881751,1,0.25020559190105784
2026-03-15 18:25:00+00:00,1.2283345456250552,1.2283345456250552,0.0,0,0.0
2026-03-15 22:35:00+00:00,1.2282424205341334,1.2282424205341334,0.0,1,0.2500187514063555
2026-03-15 22:40:00+00:00,1.2298288483627586,1.2282424205341334,0.0015864278286253633,1,0.24969623766353896
2026-03-15 22:45:00+00:00,1.2309558969100733,1.2282424205341334,0.002713476375940088,1,0.2494676187644906
2026-03-15 22:50:00+00:00,1.2315179945399999,1.2282424205341334,0.0032755740058666404,1,0.2493537550955287
2026-03-15 22:55:00+00:00,1.232167117437504,1.2282424205341334,0.003924696903370676,1,0.24922239204442917
2026-03-15 23:00:00+00:00,1.2326992555490843,1.2282424205341334,0.004456835014950975,1,0.2491148064087041
2026-03-15 23:05:00+00:00,1.233515902514668,1.233515902514668,0.0,0,0.0
2026-03-16 03:25:00+00:00,1.2334233888219794,1.2334233888219794,0.0,1,0.2500187514063555
2026-03-16 03:30:00+00:00,1.2325525460748434,1.2334233888219794,-0.0008708427471359865,1,0.2501953986551917
2026-03-16 03:35:00+00:00,1.2385261946230628,1.2333304923901502,0.005195702232912489,2,0.49900740983559455
2026-03-16 03:40:00+00:00,1.2397396797865832,1.2333304923901502,0.006409187396433024,2,0.498518970126682
2026-03-16 03:45:00+00:00,1.237946604718125,1.2333304923901502,0.00461611232797468,2,0.499241038375087
2026-03-16 03:50:00+00:00,1.2367113027093937,1.2333304923901502,0.0033808103192434287,2,0.4997397105034929
2026-03-16 03:55:00+00:00,1.2378069062661763,1.237729178932691,7.772733348525263e-05,1,0.25016403705307433
2026-03-16 04:00:00+00:00,1.237048959727758,1.237729178932691,-0.0006802192049329405,1,0.2503173139015208
2026-03-16 04:05:00+00:00,1.2375577148718795,1.2375577148718795,0.0,0,0.0
2026-03-16 13:35:00+00:00,1.237464898043264,1.237464898043264,0.0,1,0.2500187514063555
2026-03-16 13:40:00+00:00,1.2369109039113697,1.237464898043264,-0.0005539941318944033,1,0.2501307311137901
2026-03-16 13:45:00+00:00,1.2341409332518978,1.237464898043264,-0.00332396479136642,1,0.2506921376497453
2026-03-16 13:50:00+00:00,1.2343690484826777,1.237464898043264,-0.0030958495605863854,1,0.25064580896473415
2026-03-16 13:55:00+00:00,1.2327396539771058,1.237464898043264,-0.004725244066158161,1,0.25097710430568804
2026-03-16 14:00:00+00:00,1.2331632965485546,1.237464898043264,-0.0043016014947094925,1,0.2508908832949424
2026-03-16 14:05:00+00:00,1.2340481164232824,1.2340481164232824,0.0,0,0.0
2026-03-18 17:40:00+00:00,1.2339555628145507,1.2339555628145507,0.0,1,0.2500187514063555
2026-03-18 17:45:00+00:00,1.2328960886922198,1.2339555628145507,-0.001059474122330847,1,0.25023360195186534
2026-03-18 17:50:00+00:00,1.233135324784359,1.2339555628145507,-0.0008202380301916059,1,0.25018505504233346
2026-03-18 17:55:00+00:00,1.2327252057692633,1.2339555628145507,-0.0012303570452874089,1,0.25026828985239935
2026-03-18 18:00:00+00:00,1.232588499430898,1.2339555628145507,-0.001367063383652665,1,0.250296047097847
2026-03-18 18:05:00+00:00,1.2354593325365686,1.2339555628145507,0.0015037697220179212,1,0.24971443493198825
2026-03-18 18:10:00+00:00,1.2348199535743758,1.2348199535743758,0.0,0,0.0
2026-03-19 03:20:00+00:00,1.2347273420778577,1.2347273420778577,0.0,1,0.2500187514063555
2026-03-19 03:25:00+00:00,1.2353425246216871,1.2347273420778577,0.0006151825438293824,1,0.249894245717909
2026-03-19 03:30:00+00:00,1.235317528491238,1.2347273420778577,0.0005901864133803515,1,0.24989930222283213
2026-03-19 03:35:00+00:00,1.2341593744470987,1.2347273420778577,-0.0005679676307589982,1,0.25013381155241254
2026-03-19 03:40:00+00:00,1.2333567209249015,1.2347273420778577,-0.0013706211529562159,1,0.2502965955884152
2026-03-19 03:45:00+00:00,1.2327790325767456,1.2347273420778577,-0.001948309501112086,1,0.25041388621636523
2026-03-19 03:50:00+00:00,1.2333252110805923,1.2333252110805923,0.0,0,0.0
2026-03-19 13:45:00+00:00,1.2332327116897612,1.2332327116897612,0.0,1,0.2500187514063555
2026-03-19 13:50:00+00:00,1.2335429302758365,1.2332327116897612,0.00031021858607519637,1,0.24995587522941023
2026-03-19 13:55:00+00:00,1.233948378753451,1.2332327116897612,0.0007156670636897566,1,0.24987374518991462
2026-03-19 14:00:00+00:00,1.2331966397611478,1.2332327116897612,-3.6071928613393335e-05,1,0.2500260646427543
2026-03-19 14:05:00+00:00,1.2328258203350022,1.2332327116897612,-0.000406891354759122,1,0.2501012695259446
2026-03-19 14:10:00+00:00,1.2319557654168471,1.2332327116897612,-0.0012769462729141788,1,0.2502779007376295
2026-03-19 14:15:00+00:00,1.2316064338942887,1.2316064338942887,0.0,0,0.0
2026-03-20 08:10:00+00:00,1.2314216998569907,1.2314216998569907,0.0,2,0.5000562556255275
2026-03-20 08:15:00+00:00,1.2319905372058384,1.2314216998569907,0.000568837348847741,2,0.49982536856419507
2026-03-20 08:20:00+00:00,1.231124336187072,1.2314216998569907,-0.0002973636699185347,2,0.5001770383596249
2026-03-20 08:25:00+00:00,1.2307004385898048,1.2314216998569907,-0.0007212612671858758,2,0.5003493173628012
2026-03-20 08:30:00+00:00,1.229969358986356,1.2314216998569907,-0.0014523408706345249,2,0.500646719227206
2026-03-20 08:35:00+00:00,1.230083111881602,1.2314216998569907,-0.0013385879753886176,2,0.5006004215313371
2026-03-20 08:40:00+00:00,1.2295584319885562,1.2295584319885562,0.0,0,0.0
2026-03-20 21:20:00+00:00,1.229466215106157,1.229466215106157,0.0,1,0.2500187514063555
2026-03-20 21:25:00+00:00,1.2290964666333832,1.229466215106157,-0.0003697484727739246,1,0.2500939644217753
2026-03-20 21:30:00+00:00,1.2293454364187062,1.229466215106157,-0.00012077868745091386,1,0.25004331483315023
2026-03-20 21:35:00+00:00,1.229475371613148,1.229466215106157,9.15650699081287e-06,1,0.2500168893939086
2026-03-20 21:40:00+00:00,1.2295202820998175,1.229466215106157,5.406699366030116e-05,1,0.2500077570677959
2026-03-20 21:45:00+00:00,1.228934265652402,1.229466215106157,-0.0005319494537549304,1,0.25012697309237747
2026-03-20 21:50:00+00:00,1.2294346055795546,1.2294346055795546,0.0,0,0.0
2026-03-22 00:10:00+00:00,1.2291580035394898,1.2291580035394898,0.0,3,0.7501125140640821
2026-03-22 00:15:00+00:00,1.2275301457954073,1.2291580035394898,-0.0016278577440824885,3,0.7511072566120633
2026-03-22 00:20:00+00:00,1.2305309095829735,1.2291580035394898,0.0013729060434836957,3,0.7492756118815921
2026-03-22 00:25:00+00:00,1.2302971196741017,1.2291580035394898,0.0011391161346119745,3,0.7494179946233058
2026-03-22 00:30:00+00:00,1.231903216113927,1.2291580035394898,0.0027452125744372364,3,0.7484409393178555
2026-03-22 00:35:00+00:00,1.2343456711437977,1.2291580035394898,0.005187667604307813,3,0.7469599657303643
2026-03-22 00:40:00+00:00,1.2325692318800208,1.2325692318800208,0.0,0,0.0
2026-03-23 11:10:00+00:00,1.2321995027075883,1.2321995027075883,0.0,4,1.0001875281286918
2026-03-23 11:15:00+00:00,1.2322686466560004,1.2321995027075883,6.914394841227941e-05,4,1.00013140650697
2026-03-23 11:20:00+00:00,1.2303135924750264,1.2321995027075883,-0.0018859102325618794,4,1.0017206851264815
2026-03-23 11:25:00+00:00,1.2246937784189107,1.2321995027075883,-0.007505724288677508,4,1.0063173313132885
2026-03-23 11:30:00+00:00,1.2288368181716047,1.2321995027075883,-0.0033626845359835656,4,1.0029245189839353
2026-03-23 11:35:00+00:00,1.2326563892234466,1.2321995027075883,0.00045688651585834523,4,0.9998168066535698
2026-03-23 11:40:00+00:00,1.2242331139930167,1.2242331139930167,0.0,0,0.0
2026-03-24 20:25:00+00:00,1.2240494859122288,1.2240494859122288,0.0,2,0.5000562556255275
2026-03-24 20:30:00+00:00,1.2236178858271134,1.2240494859122288,-0.0004316000851153751,2,0.5002326377502008
2026-03-24 20:35:00+00:00,1.224209617586862,1.2240494859122288,0.0001601316746331369,2,0.4999908462017868
2026-03-24 20:40:00+00:00,1.2258631347869613,1.2240494859122288,0.0018136488747325565,2,0.49931642877244586
2026-03-24 20:45:00+00:00,1.2253429113865726,1.2240494859122288,0.0012934254743438478,2,0.4995284152196943
2026-03-24 20:50:00+00:00,1.2256744081307736,1.2240494859122288,0.001624922218544809,2,0.499393312420629
2026-03-24 20:55:00+00:00,1.2253608697967049,1.2253608697967049,0.0,0,0.0
2026-03-26 20:15:00+00:00,1.2251770725588902,1.2251770725588902,0.0,2,0.5000562556255275
2026-03-26 20:20:00+00:00,1.225545872052412,1.2251770725588902,0.00036879949352179836,2,0.4999057753391402
2026-03-26 20:25:00+00:00,1.22621987062642,1.2251770725588902,0.001042798067529817,2,0.4996309993484814
2026-03-26 20:30:00+00:00,1.2250442987312549,1.2251770725588902,-0.00013277382763535303,2,0.5001104531620256
2026-03-26 20:35:00+00:00,1.2252574548454778,1.2251770725588902,8.038228658767725e-05,2,0.500023449732292
2026-03-26 20:40:00+00:00,1.2259252527894526,1.2251770725588902,0.0007481802305624604,2,0.4997510720886219
2026-03-26 20:45:00+00:00,1.2255420374719117,1.2255420374719117,0.0,0,0.0
2026-03-28 13:45:00+00:00,1.2254501218191014,1.2254501218191014,0.0,1,0.25001875140635543
2026-03-28 13:50:00+00:00,1.2249845937128736,1.2254501218191014,-0.0004655281062278214,1,0.25011376546323505
2026-03-28 13:55:00+00:00,1.2251810828486192,1.2254501218191014,-0.0002690389704823095,1,0.25007365332119996
2026-03-28 14:00:00+00:00,1.2252098004915357,1.2254501218191014,-0.00024032132756566116,1,0.25006779185496286
2026-03-28 14:05:00+00:00,1.224304439012216,1.2254501218191014,-0.0011456828068853626,1,0.25025271460681264
2026-03-28 14:10:00+00:00,1.2248515856825228,1.2254501218191014,-0.0005985361365786226,1,0.2501409256022239
2026-03-28 14:15:00+00:00,1.2246115474504582,1.2246115474504582,0.0,0,0.0
2026-03-29 22:55:00+00:00,1.2242442053147964,1.2242442053147964,0.0,4,1.0001875281286918
2026-03-29 23:00:00+00:00,1.2325879942403672,1.2242442053147964,0.008343788925570965,4,0.9934169335263668
2026-03-29 23:05:00+00:00,1.2365130097683408,1.2242442053147964,0.012268804453544313,4,0.9902635684917577
2026-03-29 23:10:00+00:00,1.2367296523256424,1.2242442053147964,0.012485447010845948,4,0.9900901003198923
2026-03-29 23:15:00+00:00,1.2376801307753456,1.2242442053147964,0.013435925460549118,4,0.9893297590328192
2026-03-29 23:20:00+00:00,1.2381479518388412,1.2242442053147964,0.013903746524044866,4,0.9889559512828398
2026-03-29 23:25:00+00:00,1.2380847287127275,1.2380847287127275,0.0,0,0.0
2026-03-30 00:20:00+00:00,1.237713345077384,1.237713345077384,0.0,4,1.0001875281286918
2026-03-30 00:25:00+00:00,1.2310346821951594,1.237713345077384,-0.006678662882224658,4,1.0056137889936299
2026-03-30 00:30:00+00:00,1.2304184871780204,1.237713345077384,-0.0072948578993636114,4,1.0061174015550483
2026-03-30 00:35:00+00:00,1.2293809906981927,1.237713345077384,-0.00833235437919131,4,1.006966481921757
2026-03-30 00:40:00+00:00,1.2252895174956762,1.237713345077384,-0.012423827581707906,4,1.0103289332590017
2026-03-30 00:45:00+00:00,1.2255874626949674,1.237713345077384,-0.012125882382416717,4,1.0100833182665738
2026-03-30 00:50:00+00:00,1.2257087441974583,1.2257087441974583,0.0,0,0.0
2026-03-31 13:50:00+00:00,1.2256168160416436,1.2256168160416436,0.0,1,0.25001875140635543
2026-03-31 13:55:00+00:00,1.2263636248598937,1.2256168160416436,0.0007468088182501213,1,0.24986649949306222
2026-03-31 14:00:00+00:00,1.2260679086164255,1.2256168160416436,0.0004510925747818876,1,0.24992676498250158
2026-03-31 14:05:00+00:00,1.2259977386603484,1.2256168160416436,0.00038092261870473383,1,0.24994106953590187
2026-03-31 14:10:00+00:00,1.2256268403210833,1.2256168160416436,1.0024279439564239e-05,1,0.2500167065279742
2026-03-31 14:15:00+00:00,1.2266994382211203,1.2256168160416436,0.0010826221794766118,1,0.24979809764462382
2026-03-31 14:20:00+00:00,1.2274946587957098,1.2274946587957098,0.0,0,0.0
2026-03-31 16:40:00+00:00,1.227310541501548,1.227310541501548,0.0,2,0.5000562556255274
2026-03-31 16:45:00+00:00,1.2306939594398687,1.227310541501548,0.0033834179383207133,2,0.49868150336280975
2026-03-31 16:50:00+00:00,1.2313033431021685,1.227310541501548,0.003992801600620436,2,0.4984347011734526
2026-03-31 16:55:00+00:00,1.2301825649960614,1.227310541501548,0.002872023494513353,2,0.49888880832493954
2026-03-31 17:00:00+00:00,1.230247965796764,1.227310541501548,0.0029374242952161173,2,0.4988622870638335
2026-03-31 17:05:00+00:00,1.2312583796576753,1.227310541501548,0.003947838156127254,2,0.4984529031539548
2026-03-31 17:10:00+00:00,1.2295654753492886,1.2295654753492886,0.0,0,0.0
2026-04-01 12:45:00+00:00,1.2291966472024438,1.2291966472024438,0.0,4,1.0001875281286918
2026-04-01 12:50:00+00:00,1.2236401313296823,1.2291966472024438,-0.0055565158727616075,4,1.0047293519325138
2026-04-01 12:55:00+00:00,1.2229851019741256,1.2291966472024438,-0.006211545228318232,4,1.0052674837698052
2026-04-01 13:00:00+00:00,1.2231001926283598,1.2291966472024438,-0.006096454574084115,4,1.005172890626018
2026-04-01 13:05:00+00:00,1.2205438112417752,1.2291966472024438,-0.008652835960668522,4,1.007278186023224
2026-04-01 13:10:00+00:00,1.2208740358566745,1.2291966472024438,-0.008322611345769218,4,1.00700573526966
2026-04-01 13:15:00+00:00,1.2235747247043953,1.2235747247043953,0.0,0,0.0
2026-04-02 14:35:00+00:00,1.2234829566000425,1.2234829566000425,0.0,1,0.2500187514063555
2026-04-02 14:40:00+00:00,1.2240936606265562,1.2234829566000425,0.0006107040265138212,1,0.2498940162957189
2026-04-02 14:45:00+00:00,1.2244919458612393,1.2234829566000425,0.0010089892611968012,1,0.24981273434260956
2026-04-02 14:50:00+00:00,1.2232386749894368,1.2234829566000425,-0.00024428161060555565,1,0.25006868032417334
2026-04-02 14:55:00+00:00,1.2233395739155566,1.2234829566000425,-0.00014338268448584157,1,0.2500480550931754
2026-04-02 15:00:00+00:00,1.2236953753918733,1.2234829566000425,0.0002124187918309091,1,0.24997535115971176
2026-04-02 15:05:00+00:00,1.2235664339989503,1.2235664339989503,0.0,0,0.0
2026-04-05 15:30:00+00:00,1.223199405362053,1.223199405362053,0.0,4,1.0001875281286916
2026-04-05 15:35:00+00:00,1.2219135071245943,1.223199405362053,-0.001285898237458664,4,1.0012400898460716
2026-04-05 15:40:00+00:00,1.221130671996294,1.223199405362053,-0.00206873336575904,4,1.0018819588386116
2026-04-05 15:45:00+00:00,1.2220727577578208,1.223199405362053,-0.001126647604232226,4,1.0011096163392306
2026-04-05 15:50:00+00:00,1.2207714409402841,1.223199405362053,-0.0024279644217687435,4,1.0021767782470619
2026-04-05 15:55:00+00:00,1.2206583526016932,1.223199405362053,-0.002541052760359677,4,1.0022696252804557
2026-04-05 16:00:00+00:00,1.2187664464616574,1.2187664464616574,0.0,0,0.0
2026-04-06 07:25:00+00:00,1.2186750389781729,1.2186750389781729,0.0,1,0.2500187514063555
2026-04-06 07:30:00+00:00,1.218548962472986,1.2186750389781729,-0.00012607650518693962,1,0.2500446194603929
2026-04-06 07:35:00+00:00,1.21824133580033,1.2186750389781729,-0.00043370317784306413,1,0.2501077599827506
2026-04-06 07:40:00+00:00,1.2181656898972175,1.2186750389781729,-0.0005093490809552752,1,0.25012329122577953
2026-04-06 07:45:00+00:00,1.2177471158999968,1.2186750389781729,-0.0009279230781759243,1,0.2502092656489084
2026-04-06 07:50:00+00:00,1.2181253454155578,1.2186750389781729,-0.0005496935626150716,1,0.2501315753441369
2026-04-06 07:55:00+00:00,1.2186996218794601,1.2186996218794601,0.0,0,0.0
2026-04-07 09:10:00+00:00,1.2186082194078192,1.2186082194078192,0.0,1,0.2500187514063555
2026-04-07 09:15:00+00:00,1.2179289076349211,1.2186082194078192,-0.0006793117728979967,1,0.25015820181287013
2026-04-07 09:20:00+00:00,1.2179846827068013,1.2186082194078192,-0.0006235367010179507,1,0.25014674633901596
2026-04-07 09:25:00+00:00,1.2177301195582204,1.2186082194078192,-0.0008780998495986399,1,0.2501990388316895
2026-04-07 09:30:00+00:00,1.2177744535897148,1.2186082194078192,-0.0008337658181042443,1,0.25018993013998164
2026-04-07 09:35:00+00:00,1.2183836889902508,1.2186082194078192,-0.00022453041756842433,1,0.2500648262308631
2026-04-07 09:40:00+00:00,1.2182908563885615,1.2182908563885615,0.0,0,0.0
2026-04-07 21:10:00+00:00,1.2180167615040183,1.2180167615040183,0.0,3,0.7501125140640822
2026-04-07 21:15:00+00:00,1.2191763112398672,1.2180167615040183,0.0011595497358488952,3,0.7493990874993425
2026-04-07 21:20:00+00:00,1.21734947263032,1.2180167615040183,-0.0006672888736982869,3,0.750523687474767
2026-04-07 21:25:00+00:00,1.2164298316279067,1.2180167615040183,-0.0015869298761116406,3,0.7510910957529416
2026-04-07 21:30:00+00:00,1.2149512780735392,1.2180167615040183,-0.003065483430479122,3,0.7520051475584101
2026-04-07 21:35:00+00:00,1.2159381991773932,1.2180167615040183,-0.0020785623266249913,3,0.7513947795719168
2026-04-07 21:40:00+00:00,1.218529382343627,1.218529382343627,0.0,0,0.0
2026-04-08 13:10:00+00:00,1.2184379926399511,1.2184379926399511,0.0,1,0.2500187514063555
2026-04-08 13:15:00+00:00,1.2183775736900133,1.2184379926399511,-6.0418949937750175e-05,1,0.2500311497553985
2026-04-08 13:20:00+00:00,1.218265966463045,1.2184379926399511,-0.0001720261769059632,1,0.2500540554952353
2026-04-08 13:25:00+00:00,1.2177196784573585,1.2184379926399511,-0.000718314182592711,1,0.25016623363746865
2026-04-08 13:30:00+00:00,1.2177880693520795,1.2184379926399511,-0.0006499232878715942,1,0.25015218431889014
2026-04-08 13:35:00+00:00,1.2162553580734516,1.2184379926399511,-0.0021826345664995553,1,0.2504674232789768
2026-04-08 13:40:00+00:00,1.2147269204285491,1.2147269204285491,0.0,0,0.0
2026-04-08 23:15:00+00:00,1.214635815909517,1.214635815909517,0.0,1,0.2500187514063555
2026-04-08 23:20:00+00:00,1.213572838218134,1.214635815909517,-0.0010629776913828398,1,0.2502377447348174
2026-04-08 23:25:00+00:00,1.2133895662023786,1.214635815909517,-0.001246249707138474,1,0.2502755409852328
2026-04-08 23:30:00+00:00,1.2132062941866228,1.214635815909517,-0.0014295217228941753,1,0.25031334865496757
2026-04-08 23:35:00+00:00,1.2134262206055295,1.214635815909517,-0.001209595303987374,1,0.2502679808217698
2026-04-08 23:40:00+00:00,1.2134262206055295,1.214635815909517,-0.001209595303987374,1,0.2502679808217698
2026-04-08 23:45:00+00:00,1.2132618072801953,1.2132618072801953,0.0,0,0.0
2026-04-09 15:15:00+00:00,1.2129888438468384,1.2129888438468384,0.0,3,0.7501125140640822
2026-04-09 15:20:00+00:00,1.213394413999305,1.2129888438468384,0.00040557015246663996,3,0.7498617932405922
2026-04-09 15:25:00+00:00,1.2139851025821047,1.2129888438468384,0.0009962587352662449,3,0.7494969330796208
2026-04-09 15:30:00+00:00,1.2121636741500599,1.2129888438468384,-0.0008251696967784178,3,0.7506231465215464
2026-04-09 15:35:00+00:00,1.2241425175971328,1.2129888438468384,0.011153673750294309,3,0.7432779256582269
2026-04-09 15:40:00+00:00,1.2205721741478657,1.2129888438468384,0.007583330301027374,3,0.745452117016236
2026-04-09 15:45:00+00:00,1.2230111500850642,1.2230111500850642,0.0,0,0.0
2026-04-09 22:20:00+00:00,1.222919424248808,1.222919424248808,0.0,1,0.25001875140635543
2026-04-09 22:25:00+00:00,1.2220600652020215,1.222919424248808,-0.0008593590467865356,1,0.2501945659035355
2026-04-09 22:30:00+00:00,1.2210932862743864,1.222919424248808,-0.0018261379744214474,1,0.2503926530086267
2026-04-09 22:35:00+00:00,1.2206636067509933,1.222919424248808,-0.002255817497814681,1,0.25048079243967947
2026-04-09 22:40:00+00:00,1.2195536013155606,1.222919424248808,-0.0033658229332473267,1,0.2507087734327081
2026-04-09 22:45:00+00:00,1.2194461814347122,1.222919424248808,-0.003473242814095669,1,0.2507308581355673
2026-04-09 22:50:00+00:00,1.2197125218679503,1.2197125218679503,0.0,0,0.0
2026-04-12 01:55:00+00:00,1.2196210434288102,1.2196210434288102,0.0,1,0.2500187514063555
2026-04-12 02:00:00+00:00,1.2193132476678368,1.2196210434288102,-0.00030779576097341463,1,0.25008186456615583
2026-04-12 02:05:00+00:00,1.2187130459339386,1.2196210434288102,-0.0009079974948714751,1,0.25020502692109237
2026-04-12 02:10:00+00:00,1.2193696768906819,1.2196210434288102,-0.0002513665381282672,1,0.250070291434945
2026-04-12 02:15:00+00:00,1.2203597532551462,1.2196210434288102,0.000738709826336168,1,0.24986740971556348
2026-04-12 02:20:00+00:00,1.221067683505385,1.2196210434288102,0.0014466400765749338,1,0.249722545757344
2026-04-12 02:25:00+00:00,1.2203708734029974,1.2203708734029974,0.0,0,0.0
2026-04-13 12:55:00+00:00,1.2202793455874923,1.2202793455874923,0.0,1,0.25001875140635543
2026-04-13 13:00:00+00:00,1.2196305816165895,1.2202793455874923,-0.0006487639709027226,1,0.2501517450852673
2026-04-13 13:05:00+00:00,1.2202835132361276,1.2202793455874923,4.167648635320673e-06,1,0.25001789751437314
2026-04-13 13:10:00+00:00,1.2199237062372759,1.2202793455874923,-0.0003556393502164696,1,0.25009163834661036
2026-04-13 13:15:00+00:00,1.2207086133969332,1.2202793455874923,0.0004292678094409424,1,0.24993083116023163
2026-04-13 13:20:00+00:00,1.2204446623166945,1.2202793455874923,0.00016531672920220503,1,0.24998488483010017
2026-04-13 13:25:00+00:00,1.2204045355010251,1.2204045355010251,0.0,0,0.0
2026-04-13 13:50:00+00:00,1.2203130051608626,1.2203130051608626,0.0,1,0.2500187514063555
2026-04-13 13:55:00+00:00,1.2200432833818495,1.2203130051608626,-0.000269721779013016,1,0.2500740244473488
2026-04-13 14:00:00+00:00,1.220536925128345,1.2203130051608626,0.00022391996748254218,1,0.24997288291230801
2026-04-13 14:05:00+00:00,1.2201908669967811,1.2203130051608626,-0.00012213816408136507,1,0.2500437776806119
2026-04-13 14:10:00+00:00,1.220155243365591,1.2203130051608626,-0.00015776179527174488,1,0.25005107795438114
2026-04-13 14:15:00+00:00,1.2203130051608626,1.2203130051608626,0.0,1,0.2500187514063555
2026-04-13 14:20:00+00:00,1.2200586239352582,1.2200586239352582,0.0,0,0.0
2026-04-13 22:15:00+00:00,1.2196926475229974,1.2196926475229974,0.0,4,1.0001875281286918
2026-04-13 22:20:00+00:00,1.2281716309419508,1.2196926475229974,0.00847898341895327,4,0.9932824887570016
2026-04-13 22:25:00+00:00,1.2302821799307047,1.2196926475229974,0.010589532407707292,4,0.9915785127209421
2026-04-13 22:30:00+00:00,1.2296010754384303,1.2196926475229974,0.009908427915432933,4,0.9921277710071843
2026-04-13 22:35:00+00:00,1.2335705360412212,1.2196926475229974,0.01387788851822381,4,0.9889352400696456
2026-04-13 22:40:00+00:00,1.2309335907854742,1.2196926475229974,0.011240943262476705,4,0.9910537687287577
2026-04-13 22:45:00+00:00,1.2327962232168346,1.2327962232168346,0.0,0,0.0
2026-04-15 00:05:00+00:00,1.2327037635000933,1.2327037635000933,0.0,1,0.2500187514063555
2026-04-15 00:10:00+00:00,1.232996645411097,1.2327037635000933,0.00029288191100376406,1,0.24995936278597994
2026-04-15 00:15:00+00:00,1.2326909395746115,1.2327037635000933,-1.2823925481772878e-05,1,0.2500213524004361
2026-04-15 00:20:00+00:00,1.2320654629511119,1.2327037635000933,-0.0006383005489812992,1,0.2501482795126755
2026-04-15 00:25:00+00:00,1.2328162831043206,1.2327037635000933,0.00011251960422741352,1,0.2499959321012058
2026-04-15 00:30:00+00:00,1.2328518591556572,1.2327037635000933,0.0001480956555640529,1,0.2499887180405315
2026-04-15 00:35:00+00:00,1.2324698269280367,1.2324698269280367,0.0,0,0.0
2026-04-16 14:00:00+00:00,1.2323773916910172,1.2323773916910172,0.0,1,0.25001875140635543
2026-04-16 14:05:00+00:00,1.2317592660402685,1.2323773916910172,-0.0006181256507486776,1,0.25014421667190956
2026-04-16 14:10:00+00:00,1.23270463468259,1.2323773916910172,0.00032724299157285946,1,0.2499523795587469
2026-04-16 14:15:00+00:00,1.2317956263726655,1.2323773916910172,-0.0005817653183516704,1,0.2501368328765212
2026-04-16 14:20:00+00:00,1.2304502940739772,1.2323773916910172,-0.0019270976170399443,1,0.25041032394071217
2026-04-16 14:25:00+00:00,1.2302684924119924,1.2323773916910172,-0.0021088992790248436,1,0.2504473280689585
2026-04-16 14:30:00+00:00,1.2308669034905153,1.2308669034905153,0.0,0,0.0
2026-04-16 18:30:00+00:00,1.2307745884727535,1.2307745884727535,0.0,1,0.2500187514063555
2026-04-16 18:35:00+00:00,1.2310381448614909,1.2307745884727535,0.00026355638873745344,1,0.24996522419478015
2026-04-16 18:40:00+00:00,1.231355388662749,1.2307745884727535,0.0005808001899955524,1,0.2499008236824374
2026-04-16 18:45:00+00:00,1.2319557115482067,1.2307745884727535,0.0011811230754532446,1,0.249779048863631
2026-04-16 18:50:00+00:00,1.233385748990801,1.2307745884727535,0.0026111605180474404,1,0.24948944490757521
2026-04-16 18:55:00+00:00,1.2335858566192868,1.2307745884727535,0.002811268146533315,1,0.24944897367415048
2026-04-16 19:00:00+00:00,1.2335228256447182,1.2335228256447182,0.0,0,0.0
2026-04-17 09:30:00+00:00,1.233430311432795,1.233430311432795,0.0,1,0.25001875140635543
2026-04-17 09:35:00+00:00,1.2302906107969236,1.233430311432795,-0.0031397006358712632,1,0.25065679905613947
2026-04-17 09:40:00+00:00,1.2299455887490258,1.233430311432795,-0.0034847226837691784,1,0.25072711283499355
2026-04-17 09:45:00+00:00,1.2303251130017134,1.233430311432795,-0.003105198431081444,1,0.2506497698472567
2026-04-17 09:50:00+00:00,1.230428619616083,1.233430311432795,-0.003001691816712056,1,0.2506286845858642
2026-04-17 09:55:00+00:00,1.2306356328448216,1.233430311432795,-0.0027946785879733134,1,0.2505865247037465
2026-04-17 10:00:00+00:00,1.2308191362712166,1.2308191362712166,0.0,0,0.0
2026-04-17 12:50:00+00:00,1.2307268248359964,1.2307268248359964,0.0,1,0.25001875140635543
2026-04-17 12:55:00+00:00,1.23106040755197,1.2307268248359964,0.0003335827159736283,1,0.24995100336277706
2026-04-17 13:00:00+00:00,1.2311133764438398,1.2307268248359964,0.0003865516078434036,1,0.2499402491723644
2026-04-17 13:05:00+00:00,1.2308877532250357,1.2307268248359964,0.00016092838903944762,1,0.24998606352333116
2026-04-17 13:10:00+00:00,1.2326195529492965,1.2307268248359964,0.0018927281133001715,1,0.24963483933997072
2026-04-17 13:15:00+00:00,1.2338701848771831,1.2307268248359964,0.003143360041186746,1,0.2493818132889178
2026-04-17 13:20:00+00:00,1.2333363312288195,1.2333363312288195,0.0,0,0.0
2026-04-20 07:25:00+00:00,1.233151337716652,1.233151337716652,0.0,2,0.5000562556255274
2026-04-20 07:30:00+00:00,1.231309184126263,1.233151337716652,-0.0018421535903892696,2,0.5008043865081462
2026-04-20 07:35:00+00:00,1.229727597436534,1.233151337716652,-0.003423740280118084,2,0.5014484848869337
2026-04-20 07:40:00+00:00,1.2280741657757703,1.233151337716652,-0.005077171940881721,2,0.5021236157741878
2026-04-20 07:45:00+00:00,1.2278474345953907,1.233151337716652,-0.005303903121261337,2,0.5022163366423456
2026-04-20 07:50:00+00:00,1.2272512388758112,1.233151337716652,-0.005900098840840787,2,0.502460312138743
2026-04-20 07:55:00+00:00,1.22550612992379,1.22550612992379,0.0,0,0.0
2026-04-22 05:20:00+00:00,1.2254142169640456,1.2254142169640456,0.0,1,0.2500187514063555
2026-04-22 05:25:00+00:00,1.225368051972294,1.2254142169640456,-4.616499175150966e-05,1,0.25002817070986827
2026-04-22 05:30:00+00:00,1.2251346622917723,1.2254142169640456,-0.000279554672273282,1,0.2500758013880945
2026-04-22 05:35:00+00:00,1.2260143618568158,1.2254142169640456,0.0006001448927702038,1,0.24989636501234452
2026-04-22 05:40:00+00:00,1.225383440302878,1.2254142169640456,-3.077666116766177e-05,1,0.2500250308631724
2026-04-22 05:45:00+00:00,1.2263477756861327,1.2254142169640456,0.0009335587220870215,1,0.24982842433055502
2026-04-22 05:50:00+00:00,1.2268406192885746,1.2268406192885746,0.0,0,0.0
2026-04-22 09:10:00+00:00,1.226748606242128,1.226748606242128,0.0,1,0.2500187514063555
2026-04-22 09:15:00+00:00,1.2256076486151264,1.226748606242128,-0.0011409576270015583,1,0.2502515019131207
2026-04-22 09:20:00+00:00,1.2257113720357629,1.226748606242128,-0.0010372342063650404,1,0.2502303248706374
2026-04-22 09:25:00+00:00,1.2258842444034905,1.226748606242128,-0.0008643618386375338,1,0.2501950377634451
2026-04-22 09:30:00+00:00,1.2260225422976725,1.226748606242128,-0.0007260639444555216,1,0.25016681524251766
2026-04-22 09:35:00+00:00,1.2258842444034905,1.226748606242128,-0.0008643618386375338,1,0.2501950377634451
2026-04-22 09:40:00+00:00,1.2257922313570437,1.2257922313570437,0.0,0,0.0
2026-04-22 13:45:00+00:00,1.225700296939692,1.225700296939692,0.0,1,0.2500187514063555
2026-04-22 13:50:00+00:00,1.2259921208539566,1.225700296939692,0.00029182391426473914,1,0.2499592392370406
2026-04-22 13:55:00+00:00,1.2258367952221707,1.225700296939692,0.0001364982824786738,1,0.24999091154195635
2026-04-22 14:00:00+00:00,1.2256814695903846,1.225700296939692,-1.8827349307425573e-05,1,0.2500225918742771
2026-04-22 14:05:00+00:00,1.2261003781124742,1.225700296939692,0.0004000811727822235,1,0.24993716934581148
2026-04-22 14:10:00+00:00,1.2258838635954392,1.225700296939692,0.0001835666557471867,1,0.24998131302623425
2026-04-22 14:15:00+00:00,1.2264414727291928,1.2264414727291928,0.0,0,0.0
2026-04-23 00:20:00+00:00,1.2262575134070168,1.2262575134070168,0.0,2,0.5000562556255274
2026-04-23 00:25:00+00:00,1.224939106448332,1.2262575134070168,-0.0013184069586849852,2,0.5005944682139573
2026-04-23 00:30:00+00:00,1.2259703899506278,1.2262575134070168,-0.00028712345638913256,2,0.5001733692864127
2026-04-23 00:35:00+00:00,1.2260718224003218,1.2262575134070168,-0.0001856910066951861,2,0.5001319901361937
2026-04-23 00:40:00+00:00,1.2265165014869497,1.2262575134070168,0.00025898807993283247,2,0.4999506650286248
2026-04-23 00:45:00+00:00,1.2260945247846757,1.2262575134070168,-0.00016298862234104941,2,0.5001227296848677
2026-04-23 00:50:00+00:00,1.2258444325848303,1.2258444325848303,0.0,0,0.0
2026-04-26 21:55:00+00:00,1.2257524942523865,1.2257524942523865,0.0,1,0.2500187514063555
2026-04-26 22:00:00+00:00,1.2251440648133247,1.2257524942523865,-0.0006084294390618628,1,0.2501429153908549
2026-04-26 22:05:00+00:00,1.225134698356277,1.2257524942523865,-0.0006177958961096221,1,0.2501448277951611
2026-04-26 22:10:00+00:00,1.2255995087872729,1.2257524942523865,-0.00015298546511374416,1,0.2500499599983113
2026-04-26 22:15:00+00:00,1.2257380542977712,1.2257524942523865,-1.4439954615363827e-05,1,0.25002169678233577
2026-04-26 22:20:00+00:00,1.2264541979928825,1.2257524942523865,0.0007017037404958684,1,0.24987570562988615
2026-04-26 22:25:00+00:00,1.2260598011516042,1.2260598011516042,0.0,0,0.0
2026-04-27 01:00:00+00:00,1.2259678466665178,1.2259678466665178,0.0,1,0.2500187514063555
2026-04-27 01:05:00+00:00,1.2266771018457083,1.2259678466665178,0.000709255179190551,1,0.24987419250486226
2026-04-27 01:10:00+00:00,1.225444562556012,1.2259678466665178,-0.0005232841105058443,1,0.2501255133472356
2026-04-27 01:15:00+00:00,1.2254804742106546,1.2259678466665178,-0.00048737245586325635,1,0.2501181836335097
2026-04-27 01:20:00+00:00,1.224989254077508,1.2259678466665178,-0.0009785925890097565,1,0.25021848091126775
2026-04-27 01:25:00+00:00,1.225002079668452,1.2259678466665178,-0.0009657669980659168,1,0.2502158611607089
2026-04-27 01:30:00+00:00,1.224820346046759,1.224820346046759,0.0,0,0.0
2026-04-29 09:50:00+00:00,1.2244529412785647,1.2244529412785647,0.0,4,1.0001875281286918
2026-04-29 09:55:00+00:00,1.2248984662019435,1.2244529412785647,0.0004455249233788769,4,0.9998237359580513
2026-04-29 10:00:00+00:00,1.2238616245077452,1.2244529412785647,-0.0005913167708196327,4,1.000670775292835
2026-04-29 10:05:00+00:00,1.2243062117373051,1.2244529412785647,-0.0001467295412597084,4,1.00030739769708
2026-04-29 10:10:00+00:00,1.2250906497202945,1.2244529412785647,0.0006377084417296392,4,0.9996668907128843
2026-04-29 10:15:00+00:00,1.2252163407176964,1.2244529412785647,0.0007633994391315168,4,0.9995643381069585
2026-04-29 10:20:00+00:00,1.2250183718043126,1.2250183718043126,0.0,0,0.0
2026-05-01 03:20:00+00:00,1.224742763342325,1.224742763342325,0.0,3,0.7501125140640823
2026-05-01 03:25:00+00:00,1.2254648500644183,1.224742763342325,0.0007220867220934438,3,0.7496705215528705
2026-05-01 03:30:00+00:00,1.2242745781513837,1.224742763342325,-0.0004681851909411001,3,0.750399370931726
2026-05-01 03:35:00+00:00,1.2245868083548497,1.224742763342325,-0.00015595498747523318,3,0.7502080432555922
2026-05-01 03:40:00+00:00,1.22326307503909,1.224742763342325,-0.0014796883032347583,3,0.7510198681204738
2026-05-01 03:45:00+00:00,1.223554026387117,1.224742763342325,-0.0011887369552078602,3,0.7508412816107551
2026-05-01 03:50:00+00:00,1.2231600460986216,1.2231600460986216,0.0,0,0.0
2026-05-01 17:40:00+00:00,1.2230683090951642,1.2230683090951642,0.0,1,0.2500187514063555
2026-05-01 17:45:00+00:00,1.2227893213860923,1.2230683090951642,-0.00027898770907186244,1,0.25007579488674897
2026-05-01 17:50:00+00:00,1.2228485478271243,1.2230683090951642,-0.00021976126803988034,1,0.25006368292133374
2026-05-01 17:55:00+00:00,1.2231033773826174,1.2230683090951642,3.5068287453182145e-05,1,0.2500115829775823
2026-05-01 18:00:00+00:00,1.2231875412725048,1.2230683090951642,0.00011923217734071067,1,0.24999438042553665
2026-05-01 18:05:00+00:00,1.2231793586720991,1.2230683090951642,0.00011104957693504284,1,0.24999605279198414
2026-05-01 18:10:00+00:00,1.2229286454321875,1.2229286454321875,0.0,0,0.0
2026-05-02 21:40:00+00:00,1.2227452130143464,1.2227452130143464,0.0,2,0.5000562556255274
2026-05-02 21:45:00+00:00,1.2218223781791988,1.2227452130143464,-0.0009228348351475455,2,0.5004339450020409
2026-05-02 21:50:00+00:00,1.2215232436741958,1.2227452130143464,-0.0012219693401505926,2,0.5005564945001368
2026-05-02 21:55:00+00:00,1.221066673347409,1.2227452130143464,-0.0016785396669375331,2,0.500743658106562
2026-05-02 22:00:00+00:00,1.221140248514158,1.2227452130143464,-0.001604964500188225,2,0.5007134876996914
2026-05-02 22:05:00+00:00,1.2210231321629257,1.2227452130143464,-0.0017220808514206102,2,0.5007615144201911
2026-05-02 22:10:00+00:00,1.2211444844636112,1.2211444844636112,0.0,0,0.0
2026-05-03 22:05:00+00:00,1.2209613196598794,1.2209613196598794,0.0,2,0.5000562556255274
2026-05-03 22:10:00+00:00,1.2196957040482295,1.2209613196598794,-0.0012656156116499914,2,0.5005751383285838
2026-05-03 22:15:00+00:00,1.222746470674223,1.2209613196598794,0.001785151014343536,2,0.4993261975526821
2026-05-03 22:20:00+00:00,1.2225994777819298,1.2209613196598794,0.0016381581220503785,2,0.49938623144220184
2026-05-03 22:25:00+00:00,1.2204418875198515,1.2209613196598794,-0.0005194321400279295,2,0.5002690845145142
2026-05-03 22:30:00+00:00,1.2208282637236572,1.2209613196598794,-0.00013305593622216157,2,0.500110755881815
2026-05-03 22:35:00+00:00,1.2212589587558726,1.2212589587558726,0.0,0,0.0
2026-05-04 14:15:00+00:00,1.221075776781641,1.221075776781641,0.0,2,0.5000562556255274
2026-05-04 14:20:00+00:00,1.2216192143958033,1.221075776781641,0.0005434376141623231,2,0.49983380547469336
2026-05-04 14:25:00+00:00,1.2233248513755717,1.221075776781641,0.0022490745939307746,2,0.4991369055291087
2026-05-04 14:30:00+00:00,1.2229977695027858,1.221075776781641,0.0019219927211449254,2,0.4992703960700631
2026-05-04 14:35:00+00:00,1.223683648261548,1.221075776781641,0.0026078714799071404,2,0.49899055335088505
2026-05-04 14:40:00+00:00,1.2250403573151458,1.221075776781641,0.00396458053350484,2,0.49843793073943526
2026-05-04 14:45:00+00:00,1.2246339704179392,1.2246339704179392,0.0,0,0.0
2026-05-04 16:20:00+00:00,1.2244502822109427,1.2244502822109427,0.0,2,0.5000562556255274
2026-05-04 16:25:00+00:00,1.2250391110048648,1.2244502822109427,0.0005888287939222579,2,0.4998158979755159
2026-05-04 16:30:00+00:00,1.2248304230258737,1.2244502822109427,0.00038014081493101975,2,0.49990105716788674
2026-05-04 16:35:00+00:00,1.2248275117630714,1.2244502822109427,0.0003772295521288018,2,0.49990224537058353
2026-05-04 16:40:00+00:00,1.2246462806887655,1.2244502822109427,0.0001959984778229123,2,0.49997622413686493
2026-05-04 16:45:00+00:00,1.2253518040769935,1.2244502822109427,0.0009015218660508626,2,0.499688351773587
2026-05-04 16:50:00+00:00,1.224988862652072,1.224988862652072,0.0,0,0.0
2026-05-05 13:05:00+00:00,1.224896988487373,1.224896988487373,0.0,1,0.2500187514063555
2026-05-05 13:10:00+00:00,1.225718888832793,1.224896988487373,0.000821900345419994,1,0.24985110244539507
2026-05-05 13:15:00+00:00,1.2255044800470314,1.224896988487373,0.000607491559658286,1,0.2498948152774318
2026-05-05 13:20:00+00:00,1.2252543364636426,1.224896988487373,0.000357347976269536,1,0.24994583291736455
2026-05-05 13:25:00+00:00,1.2253258060588965,1.224896988487373,0.000428817571523416,1,0.24993125432330762
2026-05-05 13:30:00+00:00,1.2247897840944921,1.224896988487373,-0.000107204392880888,1,0.25004063525026193
2026-05-05 13:35:00+00:00,1.2247336447274202,1.2247336447274202,0.0,0,0.0
2026-05-08 17:35:00+00:00,1.2246417897040656,1.2246417897040656,0.0,1,0.2500187514063555
2026-05-08 17:40:00+00:00,1.2245234057934027,1.2246417897040656,-0.00011838391066281884,1,0.2500429226042195
2026-05-08 17:45:00+00:00,1.2245707593576678,1.2246417897040656,-7.103034639766411e-05,1,0.2500332535642607
2026-05-08 17:50:00+00:00,1.2250679717824517,1.2246417897040656,0.0004261820783861206,1,0.2499317737744492
2026-05-08 17:55:00+00:00,1.2249117050203768,1.2246417897040656,0.0002699153163111576,1,0.24996365854530028
2026-05-08 18:00:00+00:00,1.2244144925955929,1.2246417897040656,-0.00022729710847259313,1,0.25006516423436614
2026-05-08 18:05:00+00:00,1.2247488196506244,1.2247488196506244,0.0,0,0.0
2026-05-10 20:55:00+00:00,1.2246569634891507,1.2246569634891507,0.0,1,0.2500187514063555
2026-05-10 21:00:00+00:00,1.2253716710231644,1.2246569634891507,0.0007147075340135992,1,0.2498729260298592
2026-05-10 21:05:00+00:00,1.2265736791485509,1.2246569634891507,0.0019167156594001686,1,0.24962805750503445
2026-05-10 21:10:00+00:00,1.227515793625205,1.2246569634891507,0.0028588301360544647,1,0.24943646876297842
2026-05-10 21:15:00+00:00,1.2258264849084457,1.2246569634891507,0.0011695214192949928,1,0.24978021659853805
2026-05-10 21:20:00+00:00,1.2270934664460154,1.2246569634891507,0.0024365029568646475,1,0.24952231699143065
2026-05-10 21:25:00+00:00,1.2271315571089076,1.2271315571089076,0.0,0,0.0
2026-05-11 22:55:00+00:00,1.2270395222421244,1.2270395222421244,0.0,1,0.2500187514063555
2026-05-11 23:00:00+00:00,1.2272088764667162,1.2270395222421244,0.00016935422459168285,1,0.24998424894097263
2026-05-11 23:05:00+00:00,1.2266870823693254,1.2270395222421244,-0.0003524398727988993,1,0.2500905843768086
2026-05-11 23:10:00+00:00,1.2264948424387079,1.2270395222421244,-0.0005446798034165055,1,0.2501297833974038
2026-05-11 23:15:00+00:00,1.2266916595105306,1.2270395222421244,-0.0003478627315937214,1,0.25008965121653975
2026-05-11 23:20:00+00:00,1.2267603166286085,1.2270395222421244,-0.00027920561351601954,1,0.25007565464811404
2026-05-11 23:25:00+00:00,1.226558430372901,1.226558430372901,0.0,0,0.0
2026-05-12 14:40:00+00:00,1.226466438490623,1.226466438490623,0.0,1,0.2500187514063555
2026-05-12 14:45:00+00:00,1.2263668006130535,1.226466438490623,-9.963787756941303e-05,1,0.25003906452778885
2026-05-12 14:50:00+00:00,1.2254471699322442,1.226466438490623,-0.001019268558378829,1,0.25022670508935896
2026-05-12 14:55:00+00:00,1.2251711460822208,1.226466438490623,-0.001295292408402097,1,0.25028307969362407
2026-05-12 15:00:00+00:00,1.2251792248290507,1.226466438490623,-0.0012872136615721594,1,0.25028142934435627
2026-05-12 15:05:00+00:00,1.2252842485378401,1.226466438490623,-0.0011821899527828333,1,0.25025997678428114
2026-05-12 15:10:00+00:00,1.225701217705849,1.225701217705849,0.0,0,0.0
2026-05-14 17:00:00+00:00,1.225609290114521,1.225609290114521,0.0,1,0.2500187514063555
2026-05-14 17:05:00+00:00,1.2260690823336968,1.225609290114521,0.0004597922191757781,1,0.24992499104798654
2026-05-14 17:10:00+00:00,1.2258039904027713,1.225609290114521,0.00019470028825029913,1,0.24997903973683253
2026-05-14 17:15:00+00:00,1.2249746420595513,1.225609290114521,-0.000634648054969799,1,0.25014828381367066
2026-05-14 17:20:00+00:00,1.223864101569262,1.225609290114521,-0.0017451885452591368,1,0.2503752696345598
2026-05-14 17:25:00+00:00,1.2239446026499807,1.225609290114521,-0.0016646874645402652,1,0.2503588019939924
2026-05-14 17:30:00+00:00,1.2239507740500404,1.2239507740500404,0.0,0,0.0
2026-05-17 23:55:00+00:00,1.2238589777419866,1.2238589777419866,0.0,1,0.2500187514063555
2026-05-18 00:00:00+00:00,1.2241842658640765,1.2238589777419866,0.0003252881220898567,1,0.2499523168569171
2026-05-18 00:05:00+00:00,1.2237034051618567,1.2238589777419866,-0.00015557258012988123,1,0.2500505369371247
2026-05-18 00:10:00+00:00,1.222812398566567,1.2238589777419866,-0.0010465791754194636,1,0.25023273714856176
2026-05-18 00:15:00+00:00,1.223010400032187,1.2238589777419866,-0.0008485777097995714,1,0.2501922252700853
2026-05-18 00:20:00+00:00,1.222774684001687,1.2238589777419866,-0.0010842937402994544,1,0.25024045518437305
2026-05-18 00:25:00+00:00,1.2229563182890133,1.2229563182890133,0.0,0,0.0
2026-05-18 19:05:00+00:00,1.2225894726662387,1.2225894726662387,0.0,4,1.0001875281286918
2026-05-18 19:10:00+00:00,1.2211307753656635,1.2225894726662387,-0.0014586973005752085,4,1.0013822984815341
2026-05-18 19:15:00+00:00,1.221086781549259,1.2225894726662387,-0.0015026911169797358,4,1.0014183766945293
2026-05-18 19:20:00+00:00,1.2213483587892318,1.2225894726662387,-0.0012411138770069667,4,1.0012039020500523
2026-05-18 19:25:00+00:00,1.2209920671453691,1.2225894726662387,-0.001597405520869616,4,1.0014960583987311
2026-05-18 19:30:00+00:00,1.2212346192637196,1.2225894726662387,-0.0013548534025190683,4,1.0012971490436797
2026-05-18 19:35:00+00:00,1.2217364069336625,1.2217364069336625,0.0,0,0.0
2026-05-20 14:20:00+00:00,1.2216447767031424,1.2216447767031424,0.0,1,0.2500187514063555
2026-05-20 14:25:00+00:00,1.2211276326704463,1.2216447767031424,-0.0005171440326960077,1,0.2501246336269299
2026-05-20 14:30:00+00:00,1.2214641115872196,1.2216447767031424,-0.00018066511592274302,1,0.2500557313440198
2026-05-20 14:35:00+00:00,1.221300408479997,1.2216447767031424,-0.00034436822314536396,1,0.2500892488143454
2026-05-20 14:40:00+00:00,1.221025071687608,1.2216447767031424,-0.0006197050155342823,1,0.2501456430466803
2026-05-20 14:45:00+00:00,1.2213978414136935,1.2216447767031424,-0.00024693528944902843,1,0.25006929877974426
2026-05-20 14:50:00+00:00,1.2213669588422391,1.2213669588422391,0.0,0,0.0
2026-05-21 13:55:00+00:00,1.221275356320326,1.221275356320326,0.0,1,0.2500187514063555
2026-05-21 14:00:00+00:00,1.2214663883672259,1.221275356320326,0.00019103204689985124,1,0.24997964955770915
2026-05-21 14:05:00+00:00,1.221784246669329,1.221275356320326,0.0005088903490028264,1,0.24991461507458715
2026-05-21 14:10:00+00:00,1.221733912499295,1.221275356320326,0.00045855617896901717,1,0.24992491129752117
2026-05-21 14:15:00+00:00,1.22133044647493,1.221275356320326,5.509015460391969e-05,1,0.25000747389197875
2026-05-21 14:20:00+00:00,1.220634091067455,1.221275356320326,-0.0006412652528710228,1,0.25015009980880987
2026-05-21 14:25:00+00:00,1.220614224646141,1.220614224646141,0.0,0,0.0
2026-05-21 17:15:00+00:00,1.220431139378399,1.220431139378399,0.0,2,0.5000562556255275
2026-05-21 17:20:00+00:00,1.2219545570866293,1.220431139378399,0.0015234177082301325,2,0.49943283264264055
2026-05-21 17:25:00+00:00,1.224002974576095,1.220431139378399,0.003571835197695908,2,0.4985970120029457
2026-05-21 17:30:00+00:00,1.2248690797224604,1.220431139378399,0.004437940344061212,2,0.49824445396616673
2026-05-21 17:35:00+00:00,1.2242651796523352,1.220431139378399,0.0038340402739359806,2,0.49849022576927815
2026-05-21 17:40:00+00:00,1.2240305722785902,1.220431139378399,0.0035994329001912163,2,0.49858577034582213
2026-05-21 17:45:00+00:00,1.2236001663397151,1.2236001663397151,0.0,0,0.0
2026-05-22 15:30:00+00:00,1.2235083963272397,1.2235083963272397,0.0,1,0.2500187514063555
2026-05-22 15:35:00+00:00,1.2235358509355505,1.2235083963272397,2.7454608310788438e-05,1,0.2500131412994796
2026-05-22 15:40:00+00:00,1.2226998780071296,1.2235083963272397,-0.0008085183201100048,1,0.25018407794684105
2026-05-22 15:45:00+00:00,1.2227352904729218,1.2235083963272397,-0.0007731058543178073,1,0.25017683219612863
2026-05-22 15:50:00+00:00,1.2227225579009517,1.2235083963272397,-0.0007858384262880211,1,0.25017943736154463
2026-05-22 15:55:00+00:00,1.2230018786985488,1.2235083963272397,-0.0005065176286909924,1,0.25012229900288524
2026-05-22 16:00:00+00:00,1.2229252286152879,1.2229252286152879,0.0,0,0.0
2026-05-23 20:35:00+00:00,1.2228335092231417,1.2228335092231417,0.0,1,0.2500187514063555
2026-05-23 20:40:00+00:00,1.224679894359452,1.2228335092231417,0.0018463851363102583,1,0.2496418113516345
2026-05-23 20:45:00+00:00,1.2250511761479912,1.2228335092231417,0.0022176669248494788,1,0.24956615128124932
2026-05-23 20:50:00+00:00,1.2250559875750566,1.2228335092231417,0.0022224783519148553,1,0.24956517110618215
2026-05-23 20:55:00+00:00,1.2252600722730764,1.2228335092231417,0.0024265630499347704,1,0.24952360243538807
2026-05-23 21:00:00+00:00,1.226825389878322,1.2228335092231417,0.0039918806551801755,1,0.24920523301538844
2026-05-23 21:05:00+00:00,1.2256871850994722,1.2256871850994722,0.0,0,0.0
2026-05-24 14:25:00+00:00,1.2255952585605896,1.2255952585605896,0.0,1,0.2500187514063555
2026-05-24 14:30:00+00:00,1.2254131259356205,1.2255952585605896,-0.00018213262496906388,1,0.2500559115856627
2026-05-24 14:35:00+00:00,1.2259128231374588,1.2255952585605896,0.0003175645768691248,1,0.2499539857089085
2026-05-24 14:40:00+00:00,1.2259361734739933,1.2255952585605896,0.0003409149134036603,1,0.24994922484956628
2026-05-24 14:45:00+00:00,1.2258614523970828,1.2255952585605896,0.000266193836493242,1,0.2499644602378862
2026-05-24 14:50:00+00:00,1.2257400306471036,1.2255952585605896,0.00014477208651388873,1,0.24998922170560026
2026-05-24 14:55:00+00:00,1.2256807945793693,1.2256807945793693,0.0,0,0.0
2026-05-24 22:05:00+00:00,1.225313131705654,1.225313131705654,0.0,4,1.0001875281286918
2026-05-24 22:10:00+00:00,1.230108804422777,1.225313131705654,0.004795672717123102,4,0.9962882209914632
2026-05-24 22:15:00+00:00,1.2313712339318332,1.225313131705654,0.00605810222617922,4,0.9952668038793477
2026-05-24 22:20:00+00:00,1.229912232540028,1.225313131705654,0.004599100834373937,4,0.9964474536961876
2026-05-24 22:25:00+00:00,1.2310970655733606,1.225313131705654,0.005783933867706679,4,0.9954884522558182
2026-05-24 22:30:00+00:00,1.2296818183673492,1.225313131705654,0.004368686661695224,4,0.9966341650976508
2026-05-24 22:35:00+00:00,1.2290300779491308,1.2290300779491308,0.0,0,0.0
2026-05-25 12:15:00+00:00,1.2289379006932846,1.2289379006932846,0.0,1,0.2500187514063555
2026-05-25 12:20:00+00:00,1.2303216526950587,1.2289379006932846,0.001383752001774185,1,0.2497375534391558
2026-05-25 12:25:00+00:00,1.2297866019210395,1.2289379006932846,0.0008487012277548408,1,0.24984620828306167
2026-05-25 12:30:00+00:00,1.2301371524281555,1.2289379006932846,0.0011992517348709559,1,0.2497750099497362
2026-05-25 12:35:00+00:00,1.2305891780820684,1.2289379006932846,0.0016512773887838914,1,0.24968326144892491
2026-05-25 12:40:00+00:00,1.230792128375662,1.2289379006932846,0.0018542276823773956,1,0.24964209016577465
2026-05-25 12:45:00+00:00,1.2307875887465949,1.2307875887465949,0.0,0,0.0
2026-05-26 13:50:00+00:00,1.2306952796774389,1.2306952796774389,0.0,1,0.2500187514063555
2026-05-26 13:55:00+00:00,1.2299619442127332,1.2306952796774389,-0.0007333354647056124,1,0.250167819121914
2026-05-26 14:00:00+00:00,1.2301764139986673,1.2306952796774389,-0.0005188656787716802,1,0.25012420469555685
2026-05-26 14:05:00+00:00,1.2299567714720707,1.2306952796774389,-0.0007385082053682369,1,0.250168871234704
2026-05-26 14:10:00+00:00,1.2302273455990373,1.2306952796774389,-0.000467934078401437,1,0.2501138495152058
2026-05-26 14:15:00+00:00,1.230883487856932,1.2306952796774389,0.00018820817949303137,1,0.2499805223014032
2026-05-26 14:20:00+00:00,1.231245186256701,1.231245186256701,0.0,0,0.0
2026-05-27 22:05:00+00:00,1.2311528428677319,1.2311528428677319,0.0,1,0.2500187514063555
2026-05-27 22:10:00+00:00,1.230607094284834,1.2311528428677319,-0.0005457485828979959,1,0.25012962950864465
2026-05-27 22:15:00+00:00,1.2301598836405148,1.2311528428677319,-0.0009929592272171527,1,0.250220561292605
2026-05-27 22:20:00+00:00,1.2301977828476605,1.2311528428677319,-0.0009550600200714586,1,0.2502128526452503
2026-05-27 22:25:00+00:00,1.2301265323382264,1.2311528428677319,-0.0010263105295053637,1,0.2502273452951926
2026-05-27 22:30:00+00:00,1.2307404994939868,1.2311528428677319,-0.0004123433737451524,1,0.2501025168918472
2026-05-27 22:35:00+00:00,1.2307982369653143,1.2307982369653143,0.0,0,0.0
2026-05-28 03:25:00+00:00,1.230705927097542,1.230705927097542,0.0,1,0.25001875140635543
2026-05-28 03:30:00+00:00,1.2295752329798006,1.230705927097542,-0.001130694117741275,1,0.2502486639191954
2026-05-28 03:35:00+00:00,1.2290852655287794,1.230705927097542,-0.00162066156876255,1,0.25034842404440466
2026-05-28 03:40:00+00:00,1.228632987881683,1.230705927097542,-0.0020729392158589984,1,0.2504405809352727
2026-05-28 03:45:00+00:00,1.2281807102345865,1.230705927097542,-0.0025252168629555497,1,0.250532805699706
2026-05-28 03:50:00+00:00,1.2282184000385112,1.230705927097542,-0.0024875270590308256,1,0.2505251177084471
2026-05-28 03:55:00+00:00,1.2269953960529976,1.2269953960529976,0.0,0,0.0
2026-05-28 14:15:00+00:00,1.2268113536454386,1.2268113536454386,0.0,2,0.5000562556255275
2026-05-28 14:20:00+00:00,1.2292172871731768,1.2268113536454386,0.002405933527738111,2,0.4990775009954722
2026-05-28 14:25:00+00:00,1.2253379157262516,1.2268113536454386,-0.001473437919186992,2,0.500657560652744
2026-05-28 14:30:00+00:00,1.225328590509154,1.2268113536454386,-0.0014827631362845594,2,0.5006613708473978
2026-05-28 14:35:00+00:00,1.2246095451975534,1.2268113536454386,-0.002201808447885284,2,0.5009553406378662
2026-05-28 14:40:00+00:00,1.22431572744434,1.2268113536454386,-0.0024956262010985895,2,0.5010755625457834
2026-05-28 14:45:00+00:00,1.223777754913481,1.223777754913481,0.0,0,0.0
2026-05-29 13:40:00+00:00,1.2235941951339937,1.2235941951339937,0.0,2,0.5000562556255275
2026-05-29 13:45:00+00:00,1.2242819266075973,1.2235941951339937,0.0006877314736035169,2,0.4997753526585785
2026-05-29 13:50:00+00:00,1.223776854813585,1.2235941951339937,0.00018265967959137498,2,0.4999816177411199
2026-05-29 13:55:00+00:00,1.2229314750353484,1.2235941951339937,-0.0006627200986453224,2,0.5003272416438134
2026-05-29 14:00:00+00:00,1.2232532812839412,1.2235941951339937,-0.00034091385005246736,2,0.5001956185080608
2026-05-29 14:05:00+00:00,1.2233576689863332,1.2235941951339937,-0.00023652614766042277,2,0.5001529373914206
2026-05-29 14:10:00+00:00,1.2214636777779206,1.2214636777779206,0.0,0,0.0
2026-05-30 02:00:00+00:00,1.2213720680020872,1.2213720680020872,0.0,1,0.2500187514063555
2026-05-30 02:05:00+00:00,1.2228619768181468,1.2213720680020872,0.0014899088160596043,1,0.24971413391970357
2026-05-30 02:10:00+00:00,1.221759724527896,1.2213720680020872,0.0003876565258086458,1,0.2499394220598306
2026-05-30 02:15:00+00:00,1.221124528292836,1.2213720680020872,-0.0002475397092512631,1,0.25006943384503927
2026-05-30 02:20:00+00:00,1.221853135738934,1.2213720680020872,0.00048106773684685573,1,0.24992031408079626
2026-05-30 02:25:00+00:00,1.2220539698426662,1.2213720680020872,0.0006819018405790139,1,0.24987924181760532
2026-05-30 02:30:00+00:00,1.2218829605374504,1.2218829605374504,0.0,0,0.0
2026-05-30 15:50:00+00:00,1.22179131931541,1.22179131931541,0.0,1,0.2500187514063555
2026-05-30 15:55:00+00:00,1.2224484258363584,1.22179131931541,0.0006571065209484972,1,0.24988435804591896
2026-05-30 16:00:00+00:00,1.2228188751501818,1.22179131931541,0.001027555834771869,1,0.24980865632847374
2026-05-30 16:05:00+00:00,1.2235289030016765,1.22179131931541,0.001737583686266591,1,0.24966368950087978
2026-05-30 16:10:00+00:00,1.2245476386146907,1.22179131931541,0.0027563192992807106,1,0.2494559872574139
2026-05-30 16:15:00+00:00,1.2265586491754459,1.22179131931541,0.004767329860035905,1,0.24904699040662695
2026-05-30 16:20:00+00:00,1.2250954634700835,1.2250954634700835,0.0,0,0.0
2026-05-31 16:40:00+00:00,1.2250035813103233,1.2250035813103233,0.0,1,0.2500187514063555
2026-05-31 16:45:00+00:00,1.224718361828056,1.2250035813103233,-0.00028521948226745006,1,0.25007697721651384
2026-05-31 16:50:00+00:00,1.2248004704668904,1.2250035813103233,-0.000203110843432878,1,0.2500602124611939
2026-05-31 16:55:00+00:00,1.2250338318614729,1.2250035813103233,3.0250551149525483e-05,1,0.25001257753194395
2026-05-31 17:00:00+00:00,1.225353623402197,1.2250035813103233,0.00035004209187360525,1,0.24994732950407478
2026-05-31 17:05:00+00:00,1.2254832686214094,1.2250035813103233,0.0004796873110861196,1,0.24992088730192086
2026-05-31 17:10:00+00:00,1.2265106568541833,1.2265106568541833,0.0,0,0.0
2026-06-01 09:35:00+00:00,1.2264186685549192,1.2264186685549192,0.0,1,0.2500187514063555
2026-06-01 09:40:00+00:00,1.2265099358426106,1.2264186685549192,9.126728769128568e-05,1,0.2500001469640709
2026-06-01 09:45:00+00:00,1.2319729349201327,1.2264186685549192,0.00555426636521355,1,0.24889155883398048
2026-06-01 09:50:00+00:00,1.2352107506025147,1.2264186685549192,0.008792082047595488,1,0.24823914790571414
2026-06-01 09:55:00+00:00,1.2304300831520179,1.2264186685549192,0.004011414597098686,1,0.24920364709228457
2026-06-01 10:00:00+00:00,1.2291871096148888,1.2264186685549192,0.0027684410599695436,1,0.2494556457800912
2026-06-01 10:05:00+00:00,1.2261832602321403,1.2261832602321403,0.0,0,0.0
2026-06-01 15:35:00+00:00,1.2259993396403863,1.2259993396403863,0.0,2,0.5000562556255274
2026-06-01 15:40:00+00:00,1.2252599958856218,1.2259993396403863,-0.0007393437547643664,2,0.5003579984971376
2026-06-01 15:45:00+00:00,1.2255560768341105,1.2259993396403863,-0.00044326280627591445,2,0.5002371174753882
2026-06-01 15:50:00+00:00,1.2244109751374646,1.2259993396403863,-0.001588364502921755,2,0.5007049525271624
2026-06-01 15:55:00+00:00,1.2239568484063545,1.2259993396403863,-0.002042491234031847,2,0.5008907299127278
2026-06-01 16:00:00+00:00,1.2235567841773098,1.2259993396403863,-0.0024425554630765137,2,0.5010545052816273
2026-06-01 16:05:00+00:00,1.2239786536419597,1.2239786536419597,0.0,0,0.0
2026-06-02 02:25:00+00:00,1.2238868552429365,1.2238868552429365,0.0,1,0.2500187514063555
2026-06-02 02:30:00+00:00,1.2249550054462088,1.2238868552429365,0.0010681502032724003,1,0.2498007372107734
2026-06-02 02:35:00+00:00,1.2248391662486973,1.2238868552429365,0.0009523110057607348,1,0.24982436212229947
2026-06-02 02:40:00+00:00,1.2246795077292805,1.2238868552429365,0.0007926524863439225,1,0.24985693112302085
2026-06-02 02:45:00+00:00,1.224068640350642,1.2238868552429365,0.0001817851077055604,1,0.2499816213924375
2026-06-02 02:50:00+00:00,1.2242933770709081,1.2238868552429365,0.00040652182797163593,1,0.24993573365770763
2026-06-02 02:55:00+00:00,1.224361237191302,1.224361237191302,0.0,0,0.0
2026-06-02 22:25:00+00:00,1.2240857765735131,1.2240857765735131,0.0,3,0.7501125140640822
2026-06-02 22:30:00+00:00,1.2230321462283265,1.2240857765735131,-0.0010536303451867336,3,0.7507587287278255
2026-06-02 22:35:00+00:00,1.2192118708848179,1.2240857765735131,-0.004873905688695331,3,0.7531111541993732
2026-06-02 22:40:00+00:00,1.2179670463365393,1.2240857765735131,-0.006118730236973811,3,0.7538808722760236
2026-06-02 22:45:00+00:00,1.2180369468454078,1.2240857765735131,-0.006048829728105328,3,0.7538376086814875
2026-06-02 22:50:00+00:00,1.2140174157801744,1.2240857765735131,-0.010068360793338652,3,0.7563335149566782
2026-06-02 22:55:00+00:00,1.2087483240102608,1.2087483240102608,0.0,0,0.0
2026-06-03 01:55:00+00:00,1.20865766788596,1.20865766788596,0.0,1,0.2500187514063555
2026-06-03 02:00:00+00:00,1.2082687504011156,1.20865766788596,-0.00038891748484434053,1,0.2500992274295321
2026-06-03 02:05:00+00:00,1.2081460293386126,1.20865766788596,-0.0005116385473474334,1,0.2501246320099189
2026-06-03 02:10:00+00:00,1.2081573088480337,1.20865766788596,-0.0005003590379261961,1,0.25012229681472326
2026-06-03 02:15:00+00:00,1.207859078618936,1.20865766788596,-0.00079858926702381,1,0.25018405404385863
2026-06-03 02:20:00+00:00,1.208324245587468,1.20865766788596,-0.00033342229849184354,1,0.2500877410232273
2026-06-03 02:25:00+00:00,1.2071011267172749,1.2071011267172749,0.0,0,0.0
2026-06-03 03:55:00+00:00,1.2070105941327711,1.2070105941327711,0.0,1,0.2500187514063555
2026-06-03 04:00:00+00:00,1.206003217037482,1.2070105941327711,-0.001007377095289148,1,0.25022759261009475
2026-06-03 04:05:00+00:00,1.2085809172518984,1.2070105941327711,0.0015703231191272436,1,0.24969389916026716
2026-06-03 04:10:00+00:00,1.2080838128682752,1.2070105941327711,0.001073218735504105,1,0.24979664363090273
2026-06-03 04:15:00+00:00,1.2080574762121892,1.2070105941327711,0.0010468820794181624,1,0.2498020894051513
2026-06-03 04:20:00+00:00,1.2080410158021355,1.2070105941327711,0.0010304216693644147,1,0.2498054931346357
2026-06-03 04:25:00+00:00,1.2085249515285075,1.2085249515285075,0.0,0,0.0
2026-06-03 10:10:00+00:00,1.2084343121571428,1.2084343121571428,0.0,1,0.2500187514063555
2026-06-03 10:15:00+00:00,1.2071935300649947,1.2084343121571428,-0.0012407820921480715,1,0.2502757265985846
2026-06-03 10:20:00+00:00,1.2069939190463095,1.2084343121571428,-0.001440393110833382,1,0.25031711685909064
2026-06-03 10:25:00+00:00,1.2071583985257062,1.2084343121571428,-0.0012759136314366816,1,0.2502830102918702
2026-06-03 10:30:00+00:00,1.2074538228333604,1.2084343121571428,-0.000980489323782398,1,0.250221774256475
2026-06-03 10:35:00+00:00,1.2073164904525049,1.2084343121571428,-0.001117821704637886,1,0.25025023701025356
2026-06-03 10:40:00+00:00,1.207300904824166,1.207300904824166,0.0,0,0.0
2026-06-04 00:35:00+00:00,1.2072103572563042,1.2072103572563042,0.0,1,0.2500187514063555
2026-06-04 00:40:00+00:00,1.2044963006195137,1.2072103572563042,-0.002714056636790493,1,0.2505821114193563
2026-06-04 00:45:00+00:00,1.2071315674712955,1.2072103572563042,-7.878978500873672e-05,1,0.25003507019396926
2026-06-04 00:50:00+00:00,1.2054484835532364,1.2072103572563042,-0.0017618737030678118,1,0.2503841767807176
2026-06-04 00:55:00+00:00,1.205173557494908,1.2072103572563042,-0.002036799761396219,1,0.25044129480688243
2026-06-04 01:00:00+00:00,1.2059849246426577,1.2072103572563042,-0.0012254326136465778,1,0.2502728019551941
2026-06-04 01:05:00+00:00,1.2065330772468879,1.2065330772468879,0.0,0,0.0
2026-06-04 05:35:00+00:00,1.2064425872660944,1.2064425872660944,0.0,1,0.25001875140635543
2026-06-04 05:40:00+00:00,1.2059788064496573,1.2064425872660944,-0.0004637808164372653,1,0.25011490060900454
2026-06-04 05:45:00+00:00,1.2067160628842974,1.2064425872660944,0.00027347561820309713,1,0.2499620901629145
2026-06-04 05:50:00+00:00,1.2058500567599877,1.2064425872660944,-0.0005925305061067551,1,0.2501416056007692
2026-06-04 05:55:00+00:00,1.205574701584271,1.2064425872660944,-0.0008678856818233526,1,0.25019873834059336
2026-06-04 06:00:00+00:00,1.205198320192208,1.2064425872660944,-0.0012442670738863966,1,0.25027687498238194
2026-06-04 06:05:00+00:00,1.2060311628398839,1.2060311628398839,0.0,0,0.0
2026-06-04 15:10:00+00:00,1.205940710502671,1.205940710502671,0.0,1,0.2500187514063555
2026-06-04 15:15:00+00:00,1.2052129478387394,1.205940710502671,-0.0007277626639315143,1,0.2501697241559286
2026-06-04 15:20:00+00:00,1.2035861842370101,1.205940710502671,-0.002354526265660762,1,0.2505078528307517
2026-06-04 15:25:00+00:00,1.202430325888413,1.205940710502671,-0.003510384614257824,1,0.250748658128863
2026-06-04 15:30:00+00:00,1.2033293268262109,1.205940710502671,-0.002611383676460124,1,0.25056132514047486
2026-06-04 15:35:00+00:00,1.2031580885523445,1.205940710502671,-0.0027826219503263097,1,0.2505969860309455
2026-06-04 15:40:00+00:00,1.2027679692358657,1.2027679692358657,0.0,0,0.0
2026-06-04 17:55:00+00:00,1.2025875608060501,1.2025875608060501,0.0,2,0.5000562556255275
2026-06-04 18:00:00+00:00,1.2014368055115212,1.2025875608060501,-0.0011507552945288684,2,0.50053521746612
2026-06-04 18:05:00+00:00,1.199297404914055,1.2025875608060501,-0.003290155891995155,2,0.5014281113712615
2026-06-04 18:10:00+00:00,1.199067054110698,1.2025875608060501,-0.0035205066953521037,2,0.5015244399025844
2026-06-04 18:15:00+00:00,1.1972731350544608,1.2025875608060501,-0.0053144257515893994,2,0.5022758927027586
2026-06-04 18:20:00+00:00,1.1997443763517128,1.2025875608060501,-0.002843184454337329,2,0.5012413015405681
2026-06-04 18:25:00+00:00,1.2017116013484908,1.2017116013484908,0.0,0,0.0
2026-06-05 14:10:00+00:00,1.2015313513679162,1.2015313513679162,0.0,2,0.5000562556255275
2026-06-05 14:15:00+00:00,1.1989751495714671,1.2015313513679162,-0.0025562017964490943,2,0.5011223700478425
2026-06-05 14:20:00+00:00,1.1989517603530073,1.2015313513679162,-0.0025795910149089855,2,0.5011321459712581
2026-06-05 14:25:00+00:00,1.196706591000078,1.2015313513679162,-0.004824760367838168,2,0.5020723317648051
2026-06-05 14:30:00+00:00,1.1960447387291033,1.2015313513679162,-0.005486612638812834,2,0.5023501622691433
2026-06-05 14:35:00+00:00,1.200317418148632,1.2015313513679162,-0.0012139332192842042,2,0.5005619842694982
2026-06-05 14:40:00+00:00,1.2002390903074227,1.2002390903074227,0.0,0,0.0
2026-06-05 16:20:00+00:00,1.2001490723756496,1.2001490723756496,0.0,1,0.2500187514063555
2026-06-05 16:25:00+00:00,1.2001542501050217,1.2001490723756496,5.17772937215397e-06,1,0.25001767277047793
2026-06-05 16:30:00+00:00,1.1984921989765505,1.2001490723756496,-0.0016568733990990978,1,0.25036439355474405
2026-06-05 16:35:00+00:00,1.196799081471846,1.2001490723756496,-0.0033499909038036068,1,0.2507185852848721
2026-06-05 16:40:00+00:00,1.1965246618151202,1.2001490723756496,-0.0036244105605293996,1,0.25077608690627984
2026-06-05 16:45:00+00:00,1.1961466875709508,1.2001490723756496,-0.004002384804698905,1,0.2508553304496421
2026-06-05 16:50:00+00:00,1.1979568963187694,1.1979568963187694,0.0,0,0.0
2026-06-05 19:25:00+00:00,1.1978670495515455,1.1978670495515455,0.0,1,0.2500187514063555
2026-06-05 19:30:00+00:00,1.199209405606329,1.1978670495515455,0.0013423560547832902,1,0.24973888853737639
2026-06-05 19:35:00+00:00,1.1965246934967622,1.1978670495515455,-0.0013423560547833233,1,0.2502992422199457
2026-06-05 19:40:00+00:00,1.1975314605378498,1.1978670495515455,-0.00033558901369582254,1,0.2500888151574591
2026-06-05 19:45:00+00:00,1.1975314605378498,1.1978670495515455,-0.00033558901369582254,1,0.2500888151574591
2026-06-05 19:50:00+00:00,1.2030926499076664,1.1978670495515455,0.005225600356120812,1,0.24893280172784468
2026-06-05 19:55:00+00:00,1.2023316251130507,1.2023316251130507,0.0,0,0.0
2026-06-07 22:15:00+00:00,1.20197096620218,1.20197096620218,0.0,4,1.000187528128692
2026-06-07 22:20:00+00:00,1.191273590840095,1.20197096620218,-0.010697375362084944,4,1.009168992590876
2026-06-07 22:25:00+00:00,1.1871833904375013,1.20197096620218,-0.014787575764678623,4,1.0126458803683063
2026-06-07 22:30:00+00:00,1.187408203674136,1.20197096620218,-0.014562762528043935,4,1.0124541550650565
2026-06-07 22:35:00+00:00,1.1877224300937168,1.20197096620218,-0.014248536108463234,4,1.0121862980000766
2026-06-07 22:40:00+00:00,1.187951524909142,1.20197096620218,-0.014019441293038214,4,1.0119910992665813
2026-06-07 22:45:00+00:00,1.1903151705922834,1.1903151705922834,0.0,0,0.0
2026-06-11 17:30:00+00:00,1.1901366300122174,1.1901366300122174,0.0,2,0.5000562556255275
2026-06-11 17:35:00+00:00,1.1946155973870491,1.1901366300122174,0.004478967374831732,2,0.49818139675090184
2026-06-11 17:40:00+00:00,1.1945847786141874,1.1901366300122174,0.004448148601970152,2,0.49819424919937205
2026-06-11 17:45:00+00:00,1.195835304502414,1.1901366300122174,0.005698674490196583,2,0.49767327042943293
2026-06-11 17:50:00+00:00,1.1997568505626914,1.1901366300122174,0.00962022055047411,2,0.4960465669419366
2026-06-11 17:55:00+00:00,1.1977624072198076,1.1901366300122174,0.007625777207590305,2,0.4968725544393186
2026-06-11 18:00:00+00:00,1.1991670679648212,1.1991670679648212,0.0,0,0.0
2026-06-13 21:45:00+00:00,1.1990771304347239,1.1990771304347239,0.0,1,0.2500187514063555
2026-06-13 21:50:00+00:00,1.1993803003811179,1.1990771304347239,0.0003031699463939107,1,0.24995555362710456
2026-06-13 21:55:00+00:00,1.1997267803198537,1.1990771304347239,0.0006496498851297517,1,0.2498833667039417
2026-06-13 22:00:00+00:00,1.1990338204423818,1.1990771304347239,-4.330999234199676e-05,1,0.25002778226939215
2026-06-13 22:05:00+00:00,1.1981676205955423,1.1990771304347239,-0.0009095098391815991,1,0.25020853663379383
2026-06-13 22:10:00+00:00,1.198514100534278,1.1990771304347239,-0.0005630299004457582,1,0.2501362035353301
2026-06-13 22:15:00+00:00,1.1979910630807609,1.1979910630807609,0.0,0,0.0
2026-06-14 21:20:00+00:00,1.1977215353071615,1.1977215353071615,0.0,3,0.7501125140640822
2026-06-14 21:25:00+00:00,1.200447155748251,1.1977215353071615,0.0027256204410894672,3,0.7484093803678924
2026-06-14 21:30:00+00:00,1.2017316600135528,1.1977215353071615,0.00401012470639118,3,0.7476094222131213
2026-06-14 21:35:00+00:00,1.2054386551747265,1.1977215353071615,0.007717119867564849,3,0.745310354982537
2026-06-14 21:40:00+00:00,1.2070943484007626,1.1977215353071615,0.009372813093601039,3,0.7442880609856559
2026-06-14 21:45:00+00:00,1.2109473634355015,1.1977215353071615,0.013225828128339986,3,0.7419198712725882
2026-06-14 21:50:00+00:00,1.2133033046724067,1.2133033046724067,0.0,0,0.0
2026-06-15 13:20:00+00:00,1.2132123069245562,1.2132123069245562,0.0,1,0.2500187514063555
2026-06-15 13:25:00+00:00,1.2130892704888472,1.2132123069245562,-0.0001230364357090107,1,0.2500441093225302
2026-06-15 13:30:00+00:00,1.2128842097626653,1.2132123069245562,-0.0003280971618908412,1,0.2500863839487661
2026-06-15 13:35:00+00:00,1.213540404086447,1.2132123069245562,0.0003280971618909422,1,0.24995115543470123
2026-06-15 13:40:00+00:00,1.2120639668579383,1.2132123069245562,-0.001148340066617961,1,0.2502556254967469
2026-06-15 13:45:00+00:00,1.211940930422229,1.2132123069245562,-0.001271376502327039,1,0.25028103148758724
2026-06-15 13:50:00+00:00,1.2118909448196151,1.2118909448196151,0.0,0,0.0
2026-06-16 08:55:00+00:00,1.2117091679947787,1.2117091679947787,0.0,2,0.5000562556255275
2026-06-16 09:00:00+00:00,1.2104701767352846,1.2117091679947787,-0.0012389912594940227,2,0.5005680942002261
2026-06-16 09:05:00+00:00,1.2099127632960611,1.2117091679947787,-0.0017964046987175963,2,0.5007987086638619
2026-06-16 09:10:00+00:00,1.2095059144823386,1.2117091679947787,-0.002203253512440215,2,0.5009671653519144
2026-06-16 09:15:00+00:00,1.2094542051156263,1.2117091679947787,-0.0022549628791523335,2,0.500988583851891
2026-06-16 09:20:00+00:00,1.207287122451437,1.2117091679947787,-0.004422045543341753,2,0.5018878593057845
2026-06-16 09:25:00+00:00,1.2071651816302282,1.2071651816302282,0.0,0,0.0
2026-06-16 17:50:00+00:00,1.207074644241606,1.207074644241606,0.0,1,0.2500187514063555
2026-06-16 17:55:00+00:00,1.20701414111114,1.207074644241606,-6.0503130466161976e-05,1,0.25003128391663854
2026-06-16 18:00:00+00:00,1.2068309510772286,1.207074644241606,-0.00024369316437746562,1,0.25006923723507035
2026-06-16 18:05:00+00:00,1.208172103802561,1.207074644241606,0.001097459560955004,1,0.2497916434734001
2026-06-16 18:10:00+00:00,1.208306555203597,1.207074644241606,0.0012319109619908749,1,0.249763848510038
2026-06-16 18:15:00+00:00,1.2083821841166795,1.207074644241606,0.001307539875073502,1,0.24974821656127344
2026-06-16 18:20:00+00:00,1.207879889312385,1.207879889312385,0.0,0,0.0
2026-06-17 17:55:00+00:00,1.2076987141233126,1.2076987141233126,0.0,2,0.5000562556255274
2026-06-17 18:00:00+00:00,1.2077235361080612,1.2076987141233126,2.4821984748417587e-05,2,0.5000459781171577
2026-06-17 18:05:00+00:00,1.1968461587597108,1.2076987141233126,-0.010852555363601848,2,0.5045905795729888
2026-06-17 18:10:00+00:00,1.200536948353155,1.2076987141233126,-0.007161765770157683,2,0.5030393256423268
2026-06-17 18:15:00+00:00,1.1993405999137954,1.2076987141233126,-0.008358114209517186,2,0.5035411099663227
2026-06-17 18:20:00+00:00,1.2011641781081748,1.2076987141233126,-0.0065345360151379765,2,0.5027766461196282
2026-06-17 18:25:00+00:00,1.1998907850504932,1.1998907850504932,0.0,0,0.0
2026-06-19 03:25:00+00:00,1.1998007932416144,1.1998007932416144,0.0,1,0.2500187514063555
2026-06-19 03:30:00+00:00,1.19978025828772,1.1998007932416144,-2.053495389451e-05,1,0.2500230306262355
2026-06-19 03:35:00+00:00,1.1992955378643961,1.1998007932416144,-0.0005052553772182439,1,0.25012408267339115
2026-06-19 03:40:00+00:00,1.1988079520986685,1.1998007932416144,-0.0009928411429458428,1,0.2502258145163971
2026-06-19 03:45:00+00:00,1.199112633507615,1.1998007932416144,-0.0006881597339994795,1,0.2501622348729247
2026-06-19 03:50:00+00:00,1.1989612479172764,1.1998007932416144,-0.0008395453243380339,1,0.2501938213463595
2026-06-19 03:55:00+00:00,1.1993416498197018,1.1993416498197018,0.0,0,0.0
2026-06-19 12:55:00+00:00,1.1990718181868767,1.1990718181868767,0.0,3,0.7501125140640823
2026-06-19 13:00:00+00:00,1.2001269748435415,1.1990718181868767,0.001055156656664859,3,0.7494530120038395
2026-06-19 13:05:00+00:00,1.2004289987574246,1.1990718181868767,0.0013571805705479734,3,0.7492644521371659
2026-06-19 13:10:00+00:00,1.2004905874576128,1.1990718181868767,0.001418769270736195,3,0.749226012665681
2026-06-19 13:15:00+00:00,1.1994120204578227,1.1990718181868767,0.000340202270946001,3,0.7498997514967601
2026-06-19 13:20:00+00:00,1.1979532536316622,1.1990718181868767,-0.0011185645552145489,3,0.7508129164112618
2026-06-19 13:25:00+00:00,1.1979354262971782,1.1979354262971782,0.0,0,0.0
2026-06-20 05:10:00+00:00,1.197845581140206,1.197845581140206,0.0,1,0.25001875140635543
2026-06-20 05:15:00+00:00,1.2006037671802756,1.1977555291037647,0.002848238076510802,2,0.49946312661238945
2026-06-20 05:20:00+00:00,1.199095663269481,1.1977555291037647,0.001340134165716211,2,0.5000913019261822
2026-06-20 05:25:00+00:00,1.1974740530719135,1.1977555291037647,-0.00028147603185129625,2,0.5007685217397039
2026-06-20 05:30:00+00:00,1.1962122709366565,1.1977555291037647,-0.0015432581671081492,2,0.5012967396739133
2026-06-20 05:35:00+00:00,1.197408510335272,1.1977555291037647,-0.0003470187684925353,2,0.5007959323844883
2026-06-20 05:40:00+00:00,1.1980292057879993,1.1987966020065834,-0.000767396218584135,1,0.2505560409996359
2026-06-20 05:45:00+00:00,1.1976578908841131,1.1976578908841131,0.0,0,0.0
2026-06-20 14:50:00+00:00,1.1972986339357807,1.1972986339357807,0.0,4,1.0001875281286918
2026-06-20 14:55:00+00:00,1.1951064193555145,1.1972986339357807,-0.0021922145802662544,4,1.0020221979511053
2026-06-20 15:00:00+00:00,1.1960240360256056,1.1972986339357807,-0.0012745979101751676,4,1.0012534238755468
2026-06-20 15:05:00+00:00,1.197224313617153,1.1972986339357807,-7.432031862766517e-05,4,1.0002496169577715
2026-06-20 15:10:00+00:00,1.1945010187626208,1.1972986339357807,-0.0027976151731598227,4,1.0025300458501056
2026-06-20 15:15:00+00:00,1.1971621830959156,1.1972986339357807,-0.00013645083986507244,4,1.0003015280780412
2026-06-20 15:20:00+00:00,1.2016417059116173,1.2016417059116173,0.0,0,0.0
2026-06-20 22:15:00+00:00,1.201551582783674,1.201551582783674,0.0,1,0.2500187514063555
2026-06-20 22:20:00+00:00,1.2000769747453315,1.201551582783674,-0.0014746080383425866,1,0.2503259647504315
2026-06-20 22:25:00+00:00,1.2026985001468293,1.201551582783674,0.0011469173631553414,1,0.24978032852059703
2026-06-20 22:30:00+00:00,1.2039273401787816,1.201551582783674,0.002375757395107469,1,0.24952537952439371
2026-06-20 22:35:00+00:00,1.2047465668667496,1.201551582783674,0.0031949840830755986,1,0.2493557024687758
2026-06-20 22:40:00+00:00,1.2038044561755863,1.201551582783674,0.0022528733919122564,1,0.24955085100140767
2026-06-20 22:45:00+00:00,1.2035914490444477,1.2035914490444477,0.0,0,0.0
2026-06-24 11:50:00+00:00,1.2035011796857693,1.2035011796857693,0.0,1,0.2500187514063555
2026-06-24 11:55:00+00:00,1.2028280416896249,1.2035011796857693,-0.0006731379961443957,1,0.25015866926284624
2026-06-24 12:00:00+00:00,1.2029108894429965,1.2035011796857693,-0.0005902902427727274,1,0.2501414401530953
2026-06-24 12:05:00+00:00,1.20311283084184,1.2035011796857693,-0.0003883488439294488,1,0.25009945413895074
2026-06-24 12:10:00+00:00,1.2027037700595675,1.2035011796857693,-0.0007974096262017645,1,0.2501845173780482
2026-06-24 12:15:00+00:00,1.2024345148611097,1.2035011796857693,-0.0010666648246595361,1,0.2502405399564465
2026-06-24 12:20:00+00:00,1.2022665757336455,1.2022665757336455,0.0,0,0.0
2026-06-24 20:05:00+00:00,1.2019059363353934,1.2019059363353934,0.0,4,1.0001875281286918
2026-06-24 20:10:00+00:00,1.2108336104391721,1.2019059363353934,0.008927674103778772,4,0.9928129820169777
2026-06-24 20:15:00+00:00,1.210994327417084,1.2019059363353934,0.0090883910816906,4,0.992681220952133
2026-06-24 20:20:00+00:00,1.2125727603399927,1.2019059363353934,0.010666824004599387,4,0.991389025735192
2026-06-24 20:25:00+00:00,1.2111137884818748,1.2019059363353934,0.009207852146481297,4,0.9925833054987869
2026-06-24 20:30:00+00:00,1.2127020722248483,1.2019059363353934,0.01079613588945473,4,0.9912833127274558
2026-06-24 20:35:00+00:00,1.2105507845738022,1.2105507845738022,0.0,0,0.0
2026-06-25 11:15:00+00:00,1.2104599932649591,1.2104599932649591,0.0,1,0.2500187514063555
2026-06-25 11:20:00+00:00,1.210009136361952,1.2104599932649591,-0.0004508569030070358,1,0.25011190994257254
2026-06-25 11:25:00+00:00,1.2099500955770346,1.2104599932649591,-0.000509897687924617,1,0.25012411441574395
2026-06-25 11:30:00+00:00,1.2097192997814477,1.2104599932649591,-0.0007406934835115132,1,0.25017183424132045
2026-06-25 11:35:00+00:00,1.2099017894802837,1.2104599932649591,-0.0005582037846753744,1,0.25013410077974124
2026-06-25 11:40:00+00:00,1.2102077280930386,1.2104599932649591,-0.00025226517192061094,1,0.2500708672719567
2026-06-25 11:45:00+00:00,1.2099773858380267,1.2099773858380267,0.0,0,0.0
2026-06-25 12:35:00+00:00,1.2098866375340889,1.2098866375340889,0.0,1,0.2500187514063555
2026-06-25 12:40:00+00:00,1.2094006673557547,1.2098866375340889,-0.0004859701783342272,1,0.250119215760715
2026-06-25 12:45:00+00:00,1.209312309141512,1.2098866375340889,-0.000574328392576817,1,0.25013749068199487
2026-06-25 12:50:00+00:00,1.2097099211056037,1.2098866375340889,-0.00017671642848514607,1,0.2500552745595776
2026-06-25 12:55:00+00:00,1.2091355927130267,1.2098866375340889,-0.0007510448210620303,1,0.25017404853725117
2026-06-25 13:00:00+00:00,1.2089588762845418,1.2098866375340889,-0.0009277612495471764,1,0.2502106170800067
2026-06-25 13:05:00+00:00,1.2087797697663611,1.2087797697663611,0.0,0,0.0
2026-06-25 14:05:00+00:00,1.2085078147158124,1.2085078147158124,0.0,3,0.7501125140640822
2026-06-25 14:10:00+00:00,1.2176075048277222,1.2085078147158124,0.009099690111909899,3,0.7445066095341044
2026-06-25 14:15:00+00:00,1.2155728649399147,1.2085078147158124,0.007065050224102346,3,0.7457527732879895
2026-06-25 14:20:00+00:00,1.213902433786974,1.2085078147158124,0.005394619071161568,3,0.746778991400928
2026-06-25 14:25:00+00:00,1.2141779574262381,1.2085078147158124,0.005670142710425714,3,0.7466095308501262
2026-06-25 14:30:00+00:00,1.2151345746089295,1.2085078147158124,0.0066267598931172116,3,0.7460217609677637
2026-06-25 14:35:00+00:00,1.22651550016554,1.22651550016554,0.0,0,0.0
2026-06-25 16:10:00+00:00,1.2264235115030275,1.2264235115030275,0.0,1,0.2500187514063555
2026-06-25 16:15:00+00:00,1.2248207620068434,1.2264235115030275,-0.001602749496184041,1,0.2503459155435771
2026-06-25 16:20:00+00:00,1.2249581405350878,1.2264235115030275,-0.0014653709679396702,1,0.25031783935689667
2026-06-25 16:25:00+00:00,1.2247749691640955,1.2264235115030275,-0.0016485423389321757,1,0.2503552756721164
2026-06-25 16:30:00+00:00,1.225003933377836,1.2264235115030275,-0.0014195781251915354,1,0.2503084820273874
2026-06-25 16:35:00+00:00,1.2228516697686744,1.2264235115030275,-0.003571841734352991,1,0.25074903409944205
2026-06-25 16:40:00+00:00,1.2228054739489103,1.2228054739489103,0.0,0,0.0
2026-06-25 20:05:00+00:00,1.222713763538364,1.222713763538364,0.0,1,0.2500187514063555
2026-06-25 20:10:00+00:00,1.2221223678952082,1.222713763538364,-0.0005913956431557026,1,0.25013973765468317
2026-06-25 20:15:00+00:00,1.221944181155972,1.222713763538364,-0.0007695823823921859,1,0.2501762136123361
2026-06-25 20:20:00+00:00,1.2220849896424375,1.222713763538364,-0.0006287738959265376,1,0.25014738833890016
2026-06-25 20:25:00+00:00,1.222222213912884,1.222713763538364,-0.0004915496254800746,1,0.25011930318999825
2026-06-25 20:30:00+00:00,1.2221827875366735,1.222713763538364,-0.0005309760016904344,1,0.2501273717848481
2026-06-25 20:35:00+00:00,1.2216558508952335,1.2216558508952335,0.0,0,0.0
2026-06-25 23:30:00+00:00,1.2215642267064164,1.2215642267064164,0.0,1,0.2500187514063555
2026-06-25 23:35:00+00:00,1.2212959667479413,1.2215642267064164,-0.00026825995847503184,1,0.2500736684958214
2026-06-25 23:40:00+00:00,1.2204911868725163,1.2215642267064164,-0.0010730398339001274,1,0.25023856461137206
2026-06-25 23:45:00+00:00,1.2197758269832497,1.2215642267064164,-0.0017883997231668,1,0.25038532160385435
2026-06-25 23:50:00+00:00,1.2191945970732203,1.2215642267064164,-0.0023696296331959907,1,0.25050468846973273
2026-06-25 23:55:00+00:00,1.218792207135508,1.2215642267064164,-0.0027720195709085385,1,0.2505873937622345
2026-06-26 00:00:00+00:00,1.2187005829466908,1.2187005829466908,0.0,0,0.0
2026-06-26 02:30:00+00:00,1.2184263958805859,1.2184263958805859,0.0,3,0.7501125140640823
2026-06-26 02:35:00+00:00,1.219435673939754,1.2184263958805859,0.0010092780591682748,3,0.749491675984197
2026-06-26 02:40:00+00:00,1.2177356213831676,1.2184263958805859,-0.0006907744974182263,3,0.7505380239907126
2026-06-26 02:45:00+00:00,1.2179700204397361,1.2184263958805859,-0.00045637544084965726,3,0.7503935825005363
2026-06-26 02:50:00+00:00,1.215257034351216,1.2184263958805859,-0.0031693615293700555,3,0.7520687897140668
2026-06-26 02:55:00+00:00,1.2128157733671354,1.2184263958805859,-0.005610622513450516,3,0.7535826191298702
2026-06-26 03:00:00+00:00,1.2133595566563682,1.2133595566563682,0.0,0,0.0
2026-06-26 19:10:00+00:00,1.213086571231051,1.213086571231051,0.0,3,0.7501125140640823
2026-06-26 19:15:00+00:00,1.212015160919559,1.213086571231051,-0.0010714103114919456,3,0.7507756066624766
2026-06-26 19:20:00+00:00,1.211878956112037,1.213086571231051,-0.0012076151190139885,3,0.7508599874056868
2026-06-26 19:25:00+00:00,1.211109931789313,1.213086571231051,-0.001976639441738008,3,0.751336764598342
2026-06-26 19:30:00+00:00,1.2115354504881828,1.213086571231051,-0.0015511207428683138,3,0.7510728781042604
2026-06-26 19:35:00+00:00,1.2143532057811186,1.213086571231051,0.0012666345500675826,3,0.7493301070821363
2026-06-26 19:40:00+00:00,1.2124741752946837,1.2124741752946837,0.0,0,0.0
2026-06-28 22:05:00+00:00,1.2122923109885568,1.2122923109885568,0.0,2,0.5000562556255274
2026-06-28 22:10:00+00:00,1.2110074994712878,1.2122923109885568,-0.001284811517268985,2,0.5005867874651655
2026-06-28 22:15:00+00:00,1.2101984799223475,1.2122923109885568,-0.00209383106620925,2,0.5009214305040715
2026-06-28 22:20:00+00:00,1.2066646292782248,1.2122923109885568,-0.005627681710331989,2,0.5023884342405616
2026-06-28 22:25:00+00:00,1.209433232109816,1.2122923109885568,-0.0028590788787408094,2,0.5012383798145139
2026-06-28 22:30:00+00:00,1.2087002181838997,1.2122923109885568,-0.0035920928046570518,2,0.5015423548672857
2026-06-28 22:35:00+00:00,1.2068742706096085,1.2068742706096085,0.0,0,0.0
2026-06-29 12:05:00+00:00,1.2067837550393128,1.2067837550393128,0.0,1,0.2500187514063555
2026-06-29 12:10:00+00:00,1.2074345355838558,1.2067837550393128,0.0006507805445429823,1,0.24988399682182844
2026-06-29 12:15:00+00:00,1.2084509737594986,1.2067837550393128,0.0016672187201857214,1,0.2496738173115569
2026-06-29 12:20:00+00:00,1.2087060837346844,1.2067837550393128,0.00192232869537167,1,0.2496211210587656
2026-06-29 12:25:00+00:00,1.207194932293436,1.2067837550393128,0.00041117725412321193,1,0.24993359364025444
2026-06-29 12:30:00+00:00,1.2072564588168633,1.2067837550393128,0.00047270377755041836,1,0.2499208560442018
2026-06-29 12:35:00+00:00,1.2068252963973487,1.2068252963973487,0.0,0,0.0
2026-06-29 16:50:00+00:00,1.2067347845001188,1.2067347845001188,0.0,1,0.2500187514063555
2026-06-29 16:55:00+00:00,1.206464161889119,1.2067347845001188,-0.00027062261099988755,1,0.2500748332440444
2026-06-29 17:00:00+00:00,1.206215189086999,1.2067347845001188,-0.0005195954131197479,1,0.250126450760169
2026-06-29 17:05:00+00:00,1.2069079829711589,1.2067347845001188,0.00017319847103994948,1,0.24998287222908108
2026-06-29 17:10:00+00:00,1.2068646833533987,1.2067347845001188,0.0001298988532799621,1,0.24999184105795097
2026-06-29 17:15:00+00:00,1.2082516571382473,1.206644158828908,0.0016074983093393635,2,0.4997236223385674
2026-06-29 17:20:00+00:00,1.2112072379321261,1.2089676006217973,0.0022396373103289054,1,0.24940865711644042
2026-06-29 17:25:00+00:00,1.2100219874690639,1.2089676006217973,0.0010543868472666564,1,0.24965295988895228
2026-06-29 17:30:00+00:00,1.2108950347344427,1.2089676006217973,0.001927434112645331,1,0.24947296176552072
2026-06-29 17:35:00+00:00,1.210508052327733,1.2089676006217973,0.0015404517059356938,1,0.249552714764245
2026-06-29 17:40:00+00:00,1.2102893231413319,1.2089676006217973,0.001321722519534647,1,0.2495978151061392
2026-06-29 17:45:00+00:00,1.211535375831461,1.211535375831461,0.0,0,0.0
2026-07-01 01:40:00+00:00,1.2114445106782736,1.2114445106782736,0.0,1,0.2500187514063555
2026-07-01 01:45:00+00:00,1.2118142783127042,1.2114445106782736,0.00036976763443045214,1,0.24994246179339638
2026-07-01 01:50:00+00:00,1.2112844620006844,1.2114445106782736,-0.0001600486775892866,1,0.25005178672695144
2026-07-01 01:55:00+00:00,1.2114169160786894,1.2114445106782736,-2.759459958434353e-05,1,0.2500244465285236
2026-07-01 02:00:00+00:00,1.2110968187235107,1.2114445106782736,-0.0003476919547629504,1,0.25009052891172084
2026-07-01 02:05:00+00:00,1.2112458295612663,1.2114445106782736,-0.0001986811170073474,1,0.25005976207783925
2026-07-01 02:10:00+00:00,1.2108072724533159,1.2108072724533159,0.0,0,0.0
2026-07-01 13:50:00+00:00,1.2107164619078818,1.2107164619078818,0.0,1,0.2500187514063555
2026-07-01 13:55:00+00:00,1.2103475148128555,1.2107164619078818,-0.00036894709502629163,1,0.25009496397415487
2026-07-01 14:00:00+00:00,1.2105953151005597,1.2107164619078818,-0.0001211468073220634,1,0.2500437713061731
2026-07-01 14:05:00+00:00,1.2099895810639496,1.2107164619078818,-0.0007268808439323468,1,0.2501689459566766
2026-07-01 14:10:00+00:00,1.2104851816393578,1.2107164619078818,-0.00023128026852395754,1,0.2500665210154663
2026-07-01 14:15:00+00:00,1.2118177965199006,1.2107164619078818,0.0011013346120186725,1,0.24979152722680614
2026-07-01 14:20:00+00:00,1.2120353596658318,1.2120353596658318,0.0,0,0.0
2026-07-02 09:40:00+00:00,1.211944457013857,1.211944457013857,0.0,1,0.2500187514063555
2026-07-02 09:45:00+00:00,1.2106841401267976,1.211944457013857,-0.0012603168870592742,1,0.250279019831484
2026-07-02 09:50:00+00:00,1.210199120216909,1.211944457013857,-0.0017453367969480138,1,0.2503793258932038
2026-07-02 09:55:00+00:00,1.2104122350257993,1.211944457013857,-0.0015322219880575141,1,0.25033524211691355
2026-07-02 10:00:00+00:00,1.2107190468627367,1.211944457013857,-0.0012254101511202972,1,0.2502718039347167
2026-07-02 10:05:00+00:00,1.2106620937672572,1.211944457013857,-0.0012823632465997022,1,0.25028357745436247
2026-07-02 10:10:00+00:00,1.2105711911152823,1.2105711911152823,0.0,0,0.0
2026-07-04 00:10:00+00:00,1.2104803982759487,1.2104803982759487,0.0,1,0.2500187514063555
2026-07-04 00:15:00+00:00,1.2099498131072672,1.2104803982759487,-0.000530585168681378,1,0.2501283892111234
2026-07-04 00:20:00+00:00,1.2100190826125168,1.2104803982759487,-0.0004613156634319477,1,0.25011407020573045
2026-07-04 00:25:00+00:00,1.2096203019191016,1.2104803982759487,-0.0008600963568470645,1,0.2501965263799459
2026-07-04 00:30:00+00:00,1.2096409865630302,1.2104803982759487,-0.0008394117129183904,1,0.25019224806421597
2026-07-04 00:35:00+00:00,1.2096890903861202,1.2104803982759487,-0.0007913078898285102,1,0.2501822990585293
2026-07-04 00:40:00+00:00,1.2092033651592187,1.2092033651592187,0.0,0,0.0
2026-07-04 15:10:00+00:00,1.2091126749068317,1.2091126749068317,0.0,1,0.2500187514063555
2026-07-04 15:15:00+00:00,1.2083403525168819,1.2091126749068317,-0.0007723223899497906,1,0.2501785533025813
2026-07-04 15:20:00+00:00,1.2086056799024882,1.2091126749068317,-0.0005069950043434207,1,0.25012363115337555
2026-07-04 15:25:00+00:00,1.2102449637498653,1.2091126749068317,0.001132288843033605,1,0.249784837239186
2026-07-04 15:30:00+00:00,1.2098106380294777,1.2091126749068317,0.000697963122646106,1,0.24987451075995493
2026-07-04 15:35:00+00:00,1.2099559765973895,1.2091126749068317,0.0008433016905578823,1,0.2498444961112785
2026-07-04 15:40:00+00:00,1.2092585823231383,1.2092585823231383,0.0,0,0.0
2026-07-05 12:25:00+00:00,1.209167887929464,1.209167887929464,0.0,1,0.2500187514063555
2026-07-05 12:30:00+00:00,1.2105084141662275,1.209167887929464,0.001340526236763359,1,0.24974187873697062
2026-07-05 12:35:00+00:00,1.2110799563601964,1.209167887929464,0.0019120684307322646,1,0.24962401862331782
2026-07-05 12:40:00+00:00,1.210233034745497,1.209167887929464,0.0010651468160329423,1,0.2497987056223094
2026-07-05 12:45:00+00:00,1.2100927471160683,1.209167887929464,0.0009248591866041914,1,0.24982766511184412
2026-07-05 12:50:00+00:00,1.2098225635334647,1.209167887929464,0.0006546756040007258,1,0.24988345786660665
2026-07-05 12:55:00+00:00,1.2102826279812515,1.2102826279812515,0.0,0,0.0
2026-07-06 15:45:00+00:00,1.210191856784153,1.210191856784153,0.0,1,0.2500187514063555
2026-07-06 15:50:00+00:00,1.2097014363816732,1.210191856784153,-0.0004904204024799155,1,0.25012011054589567
2026-07-06 15:55:00+00:00,1.2116222496247195,1.210191856784153,0.0014303928405665239,1,0.2497235892531928
2026-07-06 16:00:00+00:00,1.2120428532337908,1.210191856784153,0.0018509964496378898,1,0.2496369300706153
2026-07-06 16:05:00+00:00,1.2116614151429732,1.210191856784153,0.0014695583588201814,1,0.2497155172343342
2026-07-06 16:10:00+00:00,1.212991339914976,1.210191856784153,0.0027994831308230626,1,0.24944172892159427
2026-07-06 16:15:00+00:00,1.2139989060775982,1.2139989060775982,0.0,0,0.0
2026-07-06 21:10:00+00:00,1.21372577680945,1.21372577680945,0.0,3,0.7501125140640822
2026-07-06 21:15:00+00:00,1.2111590596462476,1.21372577680945,-0.002566717163202426,3,0.7517021703927428
2026-07-06 21:20:00+00:00,1.2101627742725913,1.21372577680945,-0.0035630025368587497,3,0.7523210209256044
2026-07-06 21:25:00+00:00,1.209788084795319,1.21372577680945,-0.0039376920141310605,3,0.7525540260060928
2026-07-06 21:30:00+00:00,1.2086190284856337,1.21372577680945,-0.0051067483238163534,3,0.7532819460634029
2026-07-06 21:35:00+00:00,1.2090603583144035,1.21372577680945,-0.004665418495046611,3,0.753006983949241
2026-07-06 21:40:00+00:00,1.2075265458161686,1.2075265458161686,0.0,0,0.0
2026-07-09 01:10:00+00:00,1.2071643286044071,1.2071643286044071,0.0,4,1.0001875281286918
2026-07-09 01:15:00+00:00,1.2027861128261017,1.2071643286044071,-0.004378215778305504,4,1.0038282725388747
2026-07-09 01:20:00+00:00,1.2044801773941727,1.2071643286044071,-0.00268415121023438,4,1.0024164187443065
2026-07-09 01:25:00+00:00,1.202535788188507,1.2071643286044071,-0.004628540415900152,4,1.004037233428853
2026-07-09 01:30:00+00:00,1.2015677609028221,1.2071643286044071,-0.00559656770158511,4,1.0048461228393615
2026-07-09 01:35:00+00:00,1.1990163088275758,1.2071643286044071,-0.008148019776831291,4,1.0069843896056647
2026-07-09 01:40:00+00:00,1.1978331420316484,1.1978331420316484,0.0,0,0.0
2026-07-10 01:50:00+00:00,1.197653473798155,1.197653473798155,0.0,2,0.5000562556255274
2026-07-10 01:55:00+00:00,1.1980141221240768,1.197653473798155,0.00036064832592165954,2,0.49990571946061285
2026-07-10 02:00:00+00:00,1.1974081122685853,1.197653473798155,-0.00024536152956977457,2,0.5001587224173372
2026-07-10 02:05:00+00:00,1.1976146340139466,1.197653473798155,-3.8839784208485705e-05,2,0.5000724729265764
2026-07-10 02:10:00+00:00,1.1972061624249535,1.197653473798155,-0.0004473113732015669,2,0.5002430913246761
2026-07-10 02:15:00+00:00,1.1977923582180527,1.197653473798155,0.00013888441989772182,2,0.4999982739373806
2026-07-10 02:20:00+00:00,1.1981289700537003,1.1981289700537003,0.0,0,0.0
2026-07-14 12:35:00+00:00,1.1979492574476676,1.1979492574476676,0.0,2,0.5000562556255275
2026-07-14 12:40:00+00:00,1.1973911191035849,1.1979492574476676,-0.0005581383440827125,2,0.5002893461888448
2026-07-14 12:45:00+00:00,1.1979307564400425,1.1979492574476676,-1.85010076250354e-05,2,0.5000639785632253
2026-07-14 12:50:00+00:00,1.200434288036908,1.1979492574476676,0.0024850305892404672,2,0.4990210843513025
2026-07-14 12:55:00+00:00,1.201280722721113,1.1979492574476676,0.003331465273445481,2,0.4986694689911661
2026-07-14 13:00:00+00:00,1.202945114214678,1.1979492574476676,0.004995856767010486,2,0.49797951130940493
2026-07-14 13:05:00+00:00,1.2013620529820535,1.2013620529820535,0.0,0,0.0
2026-07-15 12:50:00+00:00,1.2012719508280798,1.2012719508280798,0.0,1,0.2500187514063555
2026-07-15 12:55:00+00:00,1.2049755584395578,1.2012719508280798,0.0037036076114779284,1,0.24925029486444855
2026-07-15 13:00:00+00:00,1.2045847096363038,1.2012719508280798,0.003312758808224049,1,0.24933116852877382
2026-07-15 13:05:00+00:00,1.2061481048493192,1.2012719508280798,0.004876154021239433,1,0.2490079883539958
2026-07-15 13:10:00+00:00,1.2053553752201391,1.2012719508280798,0.004083424392059252,1,0.24917175417304702
2026-07-15 13:15:00+00:00,1.2063671692995301,1.2012719508280798,0.005095218471450249,1,0.24896277094469033
2026-07-15 13:20:00+00:00,1.2065702037479968,1.2065702037479968,0.0,0,0.0
2026-07-16 14:10:00+00:00,1.2064797109827157,1.2064797109827157,0.0,1,0.2500187514063555
2026-07-16 14:15:00+00:00,1.2065918006185885,1.2064797109827157,0.00011208963587289151,1,0.24999552523260546
2026-07-16 14:20:00+00:00,1.2067982323646544,1.2064797109827157,0.0003185213819388564,1,0.24995276165258157
2026-07-16 14:25:00+00:00,1.2064937221871999,1.2064797109827157,1.401120448411981e-05,1,0.25001584789862363
2026-07-16 14:30:00+00:00,1.2071695292834836,1.2064797109827157,0.000689818300767864,1,0.24987588206938868
2026-07-16 14:35:00+00:00,1.207168128163035,1.2064797109827157,0.0006884171803194855,1,0.2498761720921285
2026-07-16 14:40:00+00:00,1.2067423005704343,1.2067423005704343,0.0,0,0.0
2026-07-17 17:10:00+00:00,1.2066517948978914,1.2066517948978914,0.0,1,0.2500187514063555
2026-07-17 17:15:00+00:00,1.2058523101353564,1.2066517948978914,-0.0007994847625350971,1,0.2501845148090685
2026-07-17 17:20:00+00:00,1.205572490468469,1.2066517948978914,-0.0010793044294223342,1,0.2502425839406618
2026-07-17 17:25:00+00:00,1.205412593515962,1.2066517948978914,-0.0012392013819293602,1,0.2502757784060049
2026-07-17 17:30:00+00:00,1.205772361659103,1.2066517948978914,-0.0008794332387885599,1,0.25020110323933714
2026-07-17 17:35:00+00:00,1.205732387420976,1.2066517948978914,-0.0009194074769153415,1,0.25020939827941807
2026-07-17 17:40:00+00:00,1.2055619332721799,1.2055619332721799,0.0,0,0.0
2026-07-20 11:35:00+00:00,1.2052907021805426,1.2052907021805426,0.0,3,0.7501125140640822
2026-07-20 11:40:00+00:00,1.206735167334541,1.2052907021805426,0.001444465153998399,3,0.7492146274212846
2026-07-20 11:45:00+00:00,1.2062124463907264,1.2052907021805426,0.0009217442101838482,3,0.7495393050337046
2026-07-20 11:50:00+00:00,1.2073478564956217,1.2052907021805426,0.002057154315079225,3,0.7488344257428086
2026-07-20 11:55:00+00:00,1.2070215238845436,1.2052907021805426,0.0017308217040010502,3,0.7490368820276239
2026-07-20 12:00:00+00:00,1.2076972470889467,1.2052907021805426,0.0024065449084041107,3,0.7486177855998066
2026-07-20 12:05:00+00:00,1.2050663285925396,1.2050663285925396,0.0,0,0.0
2026-07-21 13:50:00+00:00,1.2049759486178953,1.2049759486178953,0.0,1,0.25001875140635543
2026-07-21 13:55:00+00:00,1.2053381364613949,1.2049759486178953,0.0003621878434996593,1,0.24994362414565816
2026-07-21 14:00:00+00:00,1.2055271433510115,1.2049759486178953,0.0005511947331162141,1,0.2499044370836
2026-07-21 14:05:00+00:00,1.205846827252827,1.2049759486178953,0.0008708786349317463,1,0.249838184534999
2026-07-21 14:10:00+00:00,1.2057052981704108,1.2049759486178953,0.0007293495525154751,1,0.24986751124448883
2026-07-21 14:15:00+00:00,1.2062650841257823,1.2049759486178953,0.0012891355078869658,1,0.24975155636414043
2026-07-21 14:20:00+00:00,1.205772273213916,1.205772273213916,0.0,0,0.0
2026-07-22 13:35:00+00:00,1.205681840293425,1.205681840293425,0.0,1,0.25001875140635543
2026-07-22 13:40:00+00:00,1.2059410494463172,1.205681840293425,0.00025920915289221277,1,0.24996501150854789
2026-07-22 13:45:00+00:00,1.2066171793451264,1.205681840293425,0.0009353390517012872,1,0.24982494320782236
2026-07-22 13:50:00+00:00,1.2069544635440703,1.205681840293425,0.0012726232506453383,1,0.24975512946721226
2026-07-22 13:55:00+00:00,1.206977886057886,1.205681840293425,0.00129604576446093,1,0.24975028273966401
2026-07-22 14:00:00+00:00,1.207021608083675,1.205681840293425,0.0013397677902499674,1,0.2497412360181889
2026-07-22 14:05:00+00:00,1.2072528443529176,1.2072528443529176,0.0,0,0.0
2026-07-22 16:35:00+00:00,1.207162300389591,1.207162300389591,0.0,1,0.2500187514063555
2026-07-22 16:40:00+00:00,1.2078040756144799,1.207162300389591,0.0006417752248887386,1,0.24988590217720497
2026-07-22 16:45:00+00:00,1.2078198569724687,1.207162300389591,0.0006575565828777335,1,0.24988263717137163
2026-07-22 16:50:00+00:00,1.2075410529813286,1.207162300389591,0.0003787525917376184,1,0.24994033150514852
2026-07-22 16:55:00+00:00,1.2076567829399152,1.207162300389591,0.0004944825503240496,1,0.2499163796799091
2026-07-22 17:00:00+00:00,1.207893503309751,1.207162300389591,0.0007312029201600444,1,0.24986740160554757
2026-07-22 17:05:00+00:00,1.207892387041696,1.207892387041696,0.0,0,0.0
2026-07-24 15:15:00+00:00,1.2078017951126678,1.2078017951126678,0.0,1,0.2500187514063555
2026-07-24 15:20:00+00:00,1.2070272960794,1.2078017951126678,-0.0007744990332678286,1,0.25017917800307954
2026-07-24 15:25:00+00:00,1.207434927149541,1.2078017951126678,-0.0003668679631268944,1,0.2500947172973609
2026-07-24 15:30:00+00:00,1.2079240844337102,1.2078017951126678,0.00012228932104232048,1,0.2499934396969928
2026-07-24 15:35:00+00:00,1.208250189289823,1.2078017951126678,0.00044839417715504103,1,0.24992596685452678
2026-07-24 15:40:00+00:00,1.2084540048248933,1.2078017951126678,0.0006522097122255081,1,0.2498838148202259
2026-07-24 15:45:00+00:00,1.2076704400766256,1.2076704400766256,0.0,0,0.0
2026-07-24 19:05:00+00:00,1.2075798647936198,1.2075798647936198,0.0,1,0.2500187514063555
2026-07-24 19:10:00+00:00,1.207510420377932,1.2075798647936198,-6.944441568767445e-05,1,0.2500331300864972
2026-07-24 19:15:00+00:00,1.2074837109872831,1.2075798647936198,-9.615380633673877e-05,1,0.2500386607884735
2026-07-24 19:20:00+00:00,1.2076065741842688,1.2075798647936198,2.6709390649064303e-05,1,0.2500132215851011
2026-07-24 19:25:00+00:00,1.2075852066717496,1.2075798647936198,5.341878129826269e-06,1,0.25001764542253524
2026-07-24 19:30:00+00:00,1.2077240955031248,1.2075798647936198,0.0001442307095050411,1,0.24998889327730173
2026-07-24 19:35:00+00:00,1.2077456996608453,1.2077456996608453,0.0,0,0.0
2026-07-26 22:05:00+00:00,1.207473977258621,1.207473977258621,0.0,3,0.7501125140640822
2026-07-26 22:10:00+00:00,1.2072983509150212,1.207473977258621,-0.00017562634359957887,3,0.7502216333369062
2026-07-26 22:15:00+00:00,1.2077018551268464,1.207473977258621,0.00022787786822536365,3,0.7499709774423501
2026-07-26 22:20:00+00:00,1.2081301905022495,1.207473977258621,0.0006562132436284569,3,0.7497050796916859
2026-07-26 22:25:00+00:00,1.2081332682357078,1.207473977258621,0.000659290977086874,3,0.749703169809334
2026-07-26 22:30:00+00:00,1.2086177853854398,1.207473977258621,0.0011438081268188413,3,0.7494026248005037
2026-07-26 22:35:00+00:00,1.2097478858465514,1.2097478858465514,0.0,0,0.0
2026-07-27 14:50:00+00:00,1.209657154755113,1.209657154755113,0.0,1,0.2500187514063555
2026-07-27 14:55:00+00:00,1.20933635181535,1.209657154755113,-0.0003208029397630581,1,0.2500850743530912
2026-07-27 15:00:00+00:00,1.2097373554900537,1.209657154755113,8.020073494078131e-05,1,0.25000217616585324
2026-07-27 15:05:00+00:00,1.2101383591647576,1.209657154755113,0.00048120440964462074,1,0.2499193329185772
2026-07-27 15:10:00+00:00,1.2092160507129388,1.209657154755113,-0.00044110404217423003,1,0.25010995453072654
2026-07-27 15:15:00+00:00,1.2100180580623463,1.209657154755113,0.00036090330723344873,1,0.24994418012731406
2026-07-27 15:20:00+00:00,1.2095664236636745,1.2095664236636745,0.0,0,0.0
2026-07-28 11:20:00+00:00,1.2094757061818997,1.2094757061818997,0.0,1,0.2500187514063555
2026-07-28 11:25:00+00:00,1.2089161244237527,1.2094757061818997,-0.0005595817581469477,1,0.2501344798093895
2026-07-28 11:30:00+00:00,1.2088942360216484,1.2094757061818997,-0.0005814701602513373,1,0.2501390087780214
2026-07-28 11:35:00+00:00,1.2091440493065355,1.2094757061818997,-0.0003316568753642867,1,0.25008732920560234
2026-07-28 11:40:00+00:00,1.209031276452215,1.2094757061818997,-0.0004444297296847112,1,0.25011065619680034
2026-07-28 11:45:00+00:00,1.2086491810850448,1.2094757061818997,-0.0008265250968547972,1,0.25018972473422896
2026-07-28 11:50:00+00:00,1.2090342984316265,1.2090342984316265,0.0,0,0.0
2026-07-28 14:25:00+00:00,1.2089436208592441,1.2089436208592441,0.0,1,0.2500187514063555
2026-07-28 14:30:00+00:00,1.2088020293841746,1.2089436208592441,-0.00014159147506947494,1,0.25004803703207923
2026-07-28 14:35:00+00:00,1.2086795718922227,1.2089436208592441,-0.00026404896702144146,1,0.25007337067400925
2026-07-28 14:40:00+00:00,1.2089852372725247,1.2089436208592441,4.161641328054051e-05,1,0.25001014511128616
2026-07-28 14:45:00+00:00,1.2096104401708887,1.2089436208592441,0.0006668193116446846,1,0.24988092411405177
2026-07-28 14:50:00+00:00,1.210265779092663,1.2089436208592441,0.0013221582334188777,1,0.2497456177225056
2026-07-28 14:55:00+00:00,1.2100292048990098,1.2100292048990098,0.0,0,0.0
2026-07-29 02:30:00+00:00,1.2099384527086423,1.2099384527086423,0.0,1,0.2500187514063555
2026-07-29 02:35:00+00:00,1.2095690408075537,1.2099384527086423,-0.0003694119010885799,1,0.2500951091000041
2026-07-29 02:40:00+00:00,1.2107593680443947,1.2099384527086423,0.0008209153357523774,1,0.24984923446296264
2026-07-29 02:45:00+00:00,1.2104310019100937,1.2099384527086423,0.0004925492014513727,1,0.2499170136483513
2026-07-29 02:50:00+00:00,1.2094869492739786,1.2099384527086423,-0.0004515034346637975,1,0.2501120838106928
2026-07-29 02:55:00+00:00,1.209856361175067,1.2099384527086423,-8.209153357521759e-05,1,0.25003571575302025
2026-07-29 03:00:00+00:00,1.2096835174511245,1.2096835174511245,0.0,0,0.0
2026-07-29 08:00:00+00:00,1.2095927911873157,1.2095927911873157,0.0,1,0.2500187514063555
2026-07-29 08:05:00+00:00,1.208957813117941,1.2095927911873157,-0.0006349780693745847,1,0.2501500681672489
2026-07-29 08:10:00+00:00,1.2085114423959056,1.2095927911873157,-0.0010813487914101143,1,0.25024246254816074
2026-07-29 08:15:00+00:00,1.208024206748613,1.2095927911873157,-0.001568584438702452,1,0.25034339351257234
2026-07-29 08:20:00+00:00,1.208244248653842,1.2095927911873157,-0.0013485425334736944,1,0.25029780170666777
2026-07-29 08:25:00+00:00,1.2080572130343976,1.2095927911873157,-0.0015355781529181535,1,0.2503365536828843
2026-07-29 08:30:00+00:00,1.2076505694637958,1.2076505694637958,0.0,0,0.0
2026-07-29 20:15:00+00:00,1.2074694286714107,1.2074694286714107,0.0,2,0.5000562556255275
2026-07-29 20:20:00+00:00,1.2078736366881366,1.2074694286714107,0.00040420801672600283,2,0.49988891465442054
2026-07-29 20:25:00+00:00,1.207570294635616,1.2074694286714107,0.00010086596420514356,2,0.5000144869130934
2026-07-29 20:30:00+00:00,1.2062352325389267,1.2074694286714107,-0.0012341961324839567,2,0.5005679033374073
2026-07-29 20:35:00+00:00,1.2071918292904609,1.2074694286714107,-0.00027759938094985874,2,0.5001712458894056
2026-07-29 20:40:00+00:00,1.208561347317204,1.2074694286714107,0.001091918645793463,2,0.49960446163867256
2026-07-29 20:45:00+00:00,1.2075503599976651,1.2075503599976651,0.0,0,0.0
2026-07-30 10:05:00+00:00,1.2074597937206653,1.2074597937206653,0.0,1,0.2500187514063555
2026-07-30 10:10:00+00:00,1.2070139200389323,1.2074597937206653,-0.00044587368173303375,1,0.25011110890061555
2026-07-30 10:15:00+00:00,1.2069257822181245,1.2074597937206653,-0.0005340115025406937,1,0.2501293736923891
2026-07-30 10:20:00+00:00,1.2068791210188734,1.2074597937206653,-0.0005806727017918236,1,0.25013904436805257
2026-07-30 10:25:00+00:00,1.2067028453772581,1.2074597937206653,-0.0007569483434071771,1,0.2501755847812189
2026-07-30 10:30:00+00:00,1.2074701628760545,1.2074597937206653,1.0369155389132526e-05,1,0.2500166043692168
2026-07-30 10:35:00+00:00,1.2090956918159572,1.2090956918159572,0.0,0,0.0
2026-07-30 13:45:00+00:00,1.2089143342633482,1.2089143342633482,0.0,2,0.5000562556255274
2026-07-30 13:50:00+00:00,1.21021210751972,1.2089143342633482,0.0012977732563718776,2,0.49952001934826656
2026-07-30 13:55:00+00:00,1.2088735269331061,1.2089143342633482,-4.080733024207711e-05,2,0.5000731357708099
2026-07-30 14:00:00+00:00,1.2088390649835477,1.2089143342633482,-7.526927980051136e-05,2,0.5000873920069622
2026-07-30 14:05:00+00:00,1.2075879220978831,1.2089143342633482,-0.0013264121654650318,2,0.5006055164194961
2026-07-30 14:10:00+00:00,1.2062942101212712,1.2089143342633482,-0.0026201241420768144,2,0.501142399832113
2026-07-30 14:15:00+00:00,1.205560204207803,1.205560204207803,0.0,0,0.0
2026-07-31 14:15:00+00:00,1.2054697871924875,1.2054697871924875,0.0,1,0.2500187514063555
2026-07-31 14:20:00+00:00,1.2060441760727934,1.2054697871924875,0.0005743888803058998,1,0.24989967783216568
2026-07-31 14:25:00+00:00,1.2056338983011463,1.2054697871924875,0.00016411110865885718,1,0.2499847188077892
2026-07-31 14:30:00+00:00,1.2047312872035227,1.2054697871924875,-0.0007384999889647235,1,0.2501720128407648
2026-07-31 14:35:00+00:00,1.204690259426358,1.2054697871924875,-0.0007795277661294545,1,0.25018053287445424
2026-07-31 14:40:00+00:00,1.20374662055157,1.2054697871924875,-0.0017231666409177327,1,0.2503766539455376
2026-07-31 14:45:00+00:00,1.2032869535417718,1.2032869535417718,0.0,0,0.0
