timestamp,equity,realized_equity,unrealized_pnl,active_positions,gross_exposure_ratio
2024-01-09 21:15:00+00:00,0.9993251518636094,0.9993251518636094,0.0,3,2.251012879815685
2024-01-09 21:20:00+00:00,0.9274502207454898,0.9993251518636094,-0.07187493111811966,3,2.4254604049375224
2024-01-09 21:25:00+00:00,0.9221020295906981,0.9993251518636094,-0.07722312227291125,3,2.4395280736636633
2024-01-09 21:30:00+00:00,0.9075638781299183,0.9993251518636094,-0.09176127373369104,3,2.4786065666297192
2024-01-09 21:35:00+00:00,0.9050142777972601,0.9993251518636094,-0.09431087406634936,3,2.4855892809159394
2024-01-09 21:40:00+00:00,0.9243786677347021,0.9993251518636094,-0.07494648412890728,3,2.433519797121019
2024-01-09 21:45:00+00:00,0.9152456619882218,0.9152456619882218,0.0,0,0.0
2024-01-11 08:50:00+00:00,0.9150397317142744,0.9150397317142744,0.0,1,0.7501687879772949
2024-01-11 08:55:00+00:00,0.9166746179793376,0.9150397317142744,0.0016348862650631209,1,0.7488308643303561
2024-01-11 09:00:00+00:00,0.9141895908564416,0.9150397317142744,-0.0008501408578328259,1,0.7508663994391942
2024-01-11 09:05:00+00:00,0.9131650621303355,0.9150397317142744,-0.0018746695839389406,1,0.7517088366146798
2024-01-11 09:10:00+00:00,0.9121187349206951,0.9150397317142744,-0.0029209967935793593,1,0.7525711513324512
2024-01-11 09:15:00+00:00,0.9107890274251104,0.9150397317142744,-0.004250704289164053,1,0.7536698684565657
2024-01-11 09:20:00+00:00,0.9106484926017656,0.9106484926017656,0.0,0,0.0
2024-01-12 14:30:00+00:00,0.9104435966909302,0.9104435966909302,0.0,1,0.7501687879772948
2024-01-12 14:35:00+00:00,0.9052341167776939,0.9104435966909302,-0.005209479913236304,1,0.754485891321141
2024-01-12 14:40:00+00:00,0.9050340443843319,0.9104435966909302,-0.005409552306598294,1,0.7546526826136577
2024-01-12 14:45:00+00:00,0.9085543054827269,0.9104435966909302,-0.0018892912082033291,1,0.7517287247771552
2024-01-12 14:50:00+00:00,0.9065003977483396,0.9104435966909302,-0.003943198942590652,1,0.7534319578323375
2024-01-12 14:55:00+00:00,0.9097851305861944,0.9104435966909302,-0.0006584661047358264,1,0.7507117301546369
2024-01-12 15:00:00+00:00,0.9126750253676171,0.9126750253676171,0.0,0,0.0
2024-01-12 22:35:00+00:00,0.9120591083276176,0.9120591083276176,0.0,3,2.2510128798156845
2024-01-12 22:40:00+00:00,0.9095016379501919,0.9120591083276176,-0.002557470377425662,3,2.2573426086684076
2024-01-12 22:45:00+00:00,0.9091860568235538,0.9120591083276176,-0.002873051504063765,3,2.2581261388581915
2024-01-12 22:50:00+00:00,0.9207718939428013,0.9120591083276176,0.008712785615183736,3,2.229712715499342
2024-01-12 22:55:00+00:00,0.9201875556694311,0.9120591083276176,0.008128447341813495,3,2.2311286295380173
2024-01-12 23:00:00+00:00,0.9202011581797599,0.9120591083276176,0.008142049852142322,3,2.2310956487598927
2024-01-12 23:05:00+00:00,0.9254843940236077,0.9254843940236077,0.0,0,0.0
2024-01-15 12:25:00+00:00,0.9252761600349524,0.9252761600349524,0.0,1,0.7501687879772949
2024-01-15 12:30:00+00:00,0.9219294647466079,0.9252761600349524,-0.0033466952883445147,1,0.7528919749934262
2024-01-15 12:35:00+00:00,0.9170832761147841,0.9252761600349524,-0.008192883920168247,1,0.7568705193909011
2024-01-15 12:40:00+00:00,0.9185175740955033,0.9252761600349524,-0.006758585939449059,1,0.7556886390564969
2024-01-15 12:45:00+00:00,0.9187348919713697,0.9252761600349524,-0.006541268063582652,1,0.7555098881988868
2024-01-15 12:50:00+00:00,0.9197345542003559,0.9252761600349524,-0.005541605834596508,1,0.7546887222489844
2024-01-15 12:55:00+00:00,0.9210910089179396,0.9210910089179396,0.0,0,0.0
2024-01-17 11:40:00+00:00,0.920883763440933,0.920883763440933,0.0,1,0.7501687879772948
2024-01-17 11:45:00+00:00,0.9210825727751892,0.920883763440933,0.00019880933425614825,1,0.7500068692072239
2024-01-17 11:50:00+00:00,0.9212372022573886,0.920883763440933,0.0003534388164555451,1,0.7498809807025616
2024-01-17 11:55:00+00:00,0.9224963280410116,0.920883763440933,0.001612564600078482,1,0.7488574595797663
2024-01-17 12:00:00+00:00,0.92121511233136,0.920883763440933,0.000331348890427016,1,0.7498989621872032
2024-01-17 12:05:00+00:00,0.9247274105698874,0.920883763440933,0.0038436471289543983,1,0.7470506970943144
2024-01-17 12:10:00+00:00,0.9219356437475494,0.9219356437475494,0.0,0,0.0
2024-01-19 16:50:00+00:00,0.9217282082277063,0.9217282082277063,0.0,1,0.7501687879772948
2024-01-19 16:55:00+00:00,0.916717011784649,0.9217282082277063,-0.005011196443057244,1,0.7542695552955384
2024-01-19 17:00:00+00:00,0.9184911620781538,0.9217282082277063,-0.0032370461495524567,1,0.7528126141640836
2024-01-19 17:05:00+00:00,0.9187090401843736,0.9217282082277063,-0.00301916804333265,1,0.7526340795252175
2024-01-19 17:10:00+00:00,0.9166781049799669,0.9217282082277063,-0.005050103247739336,1,0.7543015689523566
2024-01-19 17:15:00+00:00,0.9246773440226113,0.9217282082277063,0.002949135794904915,1,0.747776224085527
2024-01-19 17:20:00+00:00,0.9280804599772688,0.9280804599772688,0.0,0,0.0
2024-01-22 14:35:00+00:00,0.9278716418737739,0.9278716418737739,0.0,1,0.7501687879772949
2024-01-22 14:40:00+00:00,0.925852508762724,0.9278716418737739,-0.0020191331110499477,1,0.7518047835860397
2024-01-22 14:45:00+00:00,0.9241226581089734,0.9278716418737739,-0.0037489837648005168,1,0.7532120751235509
2024-01-22 14:50:00+00:00,0.9208090590526338,0.9278716418737739,-0.0070625828211401355,1,0.7559225641188708
2024-01-22 14:55:00+00:00,0.9236785072654429,0.9278716418737739,-0.004193134608331009,1,0.7535742571770383
2024-01-22 15:00:00+00:00,0.9244528491965982,0.9278716418737739,-0.0034187926771757494,1,0.7529430468929459
2024-01-22 15:05:00+00:00,0.922993395823162,0.922993395823162,0.0,0,0.0
2024-01-22 18:55:00+00:00,0.9227857223091017,0.9227857223091017,0.0,1,0.750168787977295
2024-01-22 19:00:00+00:00,0.9193590837073804,0.9227857223091017,-0.0034266386017213425,1,0.7529648198784794
2024-01-22 19:05:00+00:00,0.9238985792381654,0.9227857223091017,0.0011128569290636977,1,0.7492651925476362
2024-01-22 19:10:00+00:00,0.9200476138937076,0.9227857223091017,-0.0027381084153941197,1,0.7524013283809745
2024-01-22 19:15:00+00:00,0.9141390641552254,0.9227857223091017,-0.008646658153876297,1,0.7572644841592995
2024-01-22 19:20:00+00:00,0.9038991791748479,0.9227857223091017,-0.018886543134253853,1,0.7658432077561003
2024-01-22 19:25:00+00:00,0.9071901997471247,0.9071901997471247,0.0,0,0.0
2024-01-23 09:35:00+00:00,0.9069860819521816,0.9069860819521816,0.0,1,0.7501687879772949
2024-01-23 09:40:00+00:00,0.9079787492728426,0.9069860819521816,0.0009926673206611,1,0.749348649795205
2024-01-23 09:45:00+00:00,0.9108182395156639,0.9069860819521816,0.003832157563482312,1,0.7470125435478199
2024-01-23 09:50:00+00:00,0.9144888000734573,0.9069860819521816,0.007502718121275748,1,0.7440141965168848
2024-01-23 09:55:00+00:00,0.912087930274649,0.9069860819521816,0.005101848322467436,1,0.7459726493754423
2024-01-23 10:00:00+00:00,0.910333448498597,0.9069860819521816,0.003347366546415383,1,0.7474103592837412
2024-01-23 10:05:00+00:00,0.9111681685973688,0.9111681685973688,0.0,0,0.0
2024-01-23 14:30:00+00:00,0.9109631557594344,0.9109631557594344,0.0,1,0.7501687879772948
2024-01-23 14:35:00+00:00,0.9057443110601346,0.9109631557594344,-0.00521884469929976,1,0.7544912157915342
2024-01-23 14:40:00+00:00,0.9075897343795651,0.9109631557594344,-0.0033734213798692738,1,0.7529570912513542
2024-01-23 14:45:00+00:00,0.9077857911571773,0.9109631557594344,-0.0031773646022571,1,0.7527944732169799
2024-01-23 14:50:00+00:00,0.9063636015164023,0.9109631557594344,-0.00459955424303219,1,0.7539756950794319
2024-01-23 14:55:00+00:00,0.9087287308971225,0.9109631557594344,-0.0022344248623119866,1,0.7520133382086187
2024-01-23 15:00:00+00:00,0.9104625017489101,0.9104625017489101,0.0,0,0.0
2024-01-25 10:05:00+00:00,0.9102576476860166,0.9102576476860166,0.0,1,0.7501687879772949
2024-01-25 10:10:00+00:00,0.9108198543766335,0.9102576476860166,0.000562206690616875,1,0.7497057437104553
2024-01-25 10:15:00+00:00,0.9150832551138111,0.9102576476860166,0.004825607427794452,1,0.7462128418323591
2024-01-25 10:20:00+00:00,0.9153643584591193,0.9102576476860166,0.005106710773102814,1,0.7459836839847626
2024-01-25 10:25:00+00:00,0.9172149554823998,0.9102576476860166,0.006957307796383316,1,0.7444785676794229
2024-01-25 10:30:00+00:00,0.9164419212828016,0.9102576476860166,0.006184273596785019,1,0.7451065478932465
2024-01-25 10:35:00+00:00,0.9157217110868427,0.9157217110868427,0.0,0,0.0
2024-01-28 10:45:00+00:00,0.9155156737018482,0.9155156737018482,0.0,1,0.7501687879772949
2024-01-28 10:50:00+00:00,0.9161737453528974,0.9155156737018482,0.0006580716510492926,1,0.7496299547970452
2024-01-28 10:55:00+00:00,0.9144073425000809,0.9155156737018482,-0.0011083312017672576,1,0.7510780495674676
2024-01-28 11:00:00+00:00,0.9142133845397716,0.9155156737018482,-0.001302289162076583,1,0.7512373970119381
2024-01-28 11:05:00+00:00,0.9137631249890537,0.9155156737018482,-0.001752548712794548,1,0.7516075715173551
2024-01-28 11:10:00+00:00,0.9119482326461597,0.9155156737018482,-0.003567441055688487,1,0.753103365661777
2024-01-28 11:15:00+00:00,0.9104814685191548,0.9104814685191548,0.0,0,0.0
2024-01-29 15:50:00+00:00,0.910276610188738,0.910276610188738,0.0,1,0.7501687879772949
2024-01-29 15:55:00+00:00,0.9129977060376033,0.910276610188738,0.002721095848865365,1,0.7479329869874188
2024-01-29 16:00:00+00:00,0.9153266154740876,0.910276610188738,0.005050005285349657,1,0.7460299851935176
2024-01-29 16:05:00+00:00,0.9161255137215303,0.910276610188738,0.005848903532792302,1,0.7453794170794502
2024-01-29 16:10:00+00:00,0.9153879450365175,0.910276610188738,0.005111334847779629,1,0.7459800023498504
2024-01-29 16:15:00+00:00,0.9140645176367135,0.910276610188738,0.0037879074479755304,1,0.7470600687519116
2024-01-29 16:20:00+00:00,0.9177379471620639,0.9177379471620639,0.0,0,0.0
2024-01-30 14:20:00+00:00,0.9175314561239525,0.9175314561239525,0.0,1,0.7501687879772948
2024-01-30 14:25:00+00:00,0.9185939260910813,0.9175314561239525,0.001062469967128813,1,0.7493011229679093
2024-01-30 14:30:00+00:00,0.9208893858966062,0.9175314561239525,0.0033579297726536806,1,0.7474333735548429
2024-01-30 14:35:00+00:00,0.9211648410732691,0.9175314561239525,0.0036333849493166894,1,0.7472098691582612
2024-01-30 14:40:00+00:00,0.9187382121359998,0.9175314561239525,0.0012067560120473425,1,0.7491834466874869
2024-01-30 14:45:00+00:00,0.9180954833904529,0.9175314561239525,0.0005640272665003733,1,0.749707925617604
2024-01-30 14:50:00+00:00,0.9190891899078018,0.9190891899078018,0.0,0,0.0
2024-01-30 18:35:00+00:00,0.9188823948400725,0.9188823948400725,0.0,1,0.7501687879772948
2024-01-30 18:40:00+00:00,0.9176685537446437,0.9188823948400725,-0.001213841095428811,1,0.7511610696672787
2024-01-30 18:45:00+00:00,0.9168718799946606,0.9188823948400725,-0.0020105148454119433,1,0.751813756612173
2024-01-30 18:50:00+00:00,0.9163967727401252,0.9188823948400725,-0.0024856220999473332,1,0.7522035355599511
2024-01-30 18:55:00+00:00,0.9175729528946457,0.9188823948400725,-0.0013094419454268234,1,0.7512393322583012
2024-01-30 19:00:00+00:00,0.917880034412821,0.9188823948400725,-0.001002360427251528,1,0.7509880012498754
2024-01-30 19:05:00+00:00,0.9173255998905537,0.9173255998905537,0.0,0,0.0
2024-01-31 21:35:00+00:00,0.9171192016305784,0.9171192016305784,0.0,1,0.7501687879772949
2024-01-31 21:40:00+00:00,0.9174862664609724,0.9171192016305784,0.0003670648303940911,1,0.7498686629629032
2024-01-31 21:45:00+00:00,0.9180368637065636,0.9171192016305784,0.0009176620759851514,1,0.7494189254450485
2024-01-31 21:50:00+00:00,0.916775078352084,0.9171192016305784,-0.0003441232784943363,1,0.7504503734488447
2024-01-31 21:55:00+00:00,0.9167980199039836,0.9171192016305784,-0.0003211817265947343,1,0.7504315945075548
2024-01-31 22:00:00+00:00,0.918679227159753,0.9171192016305784,0.00156002552917462,1,0.7488949130209048
2024-01-31 22:05:00+00:00,0.9166604462997071,0.9166604462997071,0.0,0,0.0
2024-02-01 12:15:00+00:00,0.9164541976992897,0.9164541976992897,0.0,1,0.7501687879772948
2024-02-01 12:20:00+00:00,0.9160530690708036,0.9164541976992897,-0.0004011286284860809,1,0.750497277872929
2024-02-01 12:25:00+00:00,0.9155345369412973,0.9164541976992897,-0.0009196607579924613,1,0.7509223376997098
2024-02-01 12:30:00+00:00,0.9170721966838272,0.9164541976992897,0.0006179989845374899,1,0.7496632622936266
2024-02-01 12:35:00+00:00,0.9159324043614216,0.9164541976992897,-0.0005217933378680237,1,0.7505961481994894
2024-02-01 12:40:00+00:00,0.9166515008051711,0.9164541976992897,0.00019730310588139726,1,0.7500073191620764
2024-02-01 12:45:00+00:00,0.9165137375803488,0.9165137375803488,0.0,0,0.0
2024-02-04 14:15:00+00:00,0.9163075219893932,0.9163075219893932,0.0,1,0.7501687879772948
2024-02-04 14:20:00+00:00,0.9193465411133112,0.9163075219893932,0.0030390191239179137,1,0.7476890078390365
2024-02-04 14:25:00+00:00,0.9208433714280766,0.9163075219893932,0.0045358494386833256,1,0.74647363983219
2024-02-04 14:30:00+00:00,0.922771107439517,0.9163075219893932,0.006463585450123724,1,0.7449142020631766
2024-02-04 14:35:00+00:00,0.9236555980800603,0.9163075219893932,0.007348076090667012,1,0.7442008738041348
2024-02-04 14:40:00+00:00,0.9206619374505293,0.9163075219893932,0.004354415461136036,1,0.7466207466866169
2024-02-04 14:45:00+00:00,0.9194805142302567,0.9194805142302567,0.0,0,0.0
2024-02-04 20:55:00+00:00,0.9192736311145548,0.9192736311145548,0.0,1,0.7501687879772949
2024-02-04 21:00:00+00:00,0.9177915619118439,0.9192736311145548,-0.0014820692027109482,1,0.7513801763835908
2024-02-04 21:05:00+00:00,0.9188343888306868,0.9192736311145548,-0.00043924228386803347,1,0.7505274008630588
2024-02-04 21:10:00+00:00,0.9181979357254905,0.9192736311145548,-0.0010756953890643608,1,0.7510476323689561
2024-02-04 21:15:00+00:00,0.9176421597744738,0.9192736311145548,-0.0016314713400810046,1,0.7515025092593566
2024-02-04 21:20:00+00:00,0.9184608834872616,0.9192736311145548,-0.0008127476272931747,1,0.7508326136376573
2024-02-04 21:25:00+00:00,0.9182808927562865,0.9182808927562865,0.0,0,0.0
2024-02-05 00:25:00+00:00,0.9180742795554164,0.9180742795554164,0.0,1,0.7501687879772949
2024-02-05 00:30:00+00:00,0.9191765405564875,0.9180742795554164,0.0011022610010709903,1,0.7492691982219825
2024-02-05 00:35:00+00:00,0.916859542941991,0.9180742795554164,-0.0012147366134253757,1,0.7511626779357077
2024-02-05 00:40:00+00:00,0.9158472624308034,0.9180742795554164,-0.0022270171246130867,1,0.7519929335588862
2024-02-05 00:45:00+00:00,0.915464845348799,0.9180742795554164,-0.002609434206617386,1,0.7523070635277218
2024-02-05 00:50:00+00:00,0.9151049233892655,0.9180742795554164,-0.0029693561661508845,1,0.7526029550976993
2024-02-05 00:55:00+00:00,0.9157531248422874,0.9157531248422874,0.0,0,0.0
2024-02-06 16:25:00+00:00,0.915547080389198,0.915547080389198,0.0,1,0.7501687879772949
2024-02-06 16:30:00+00:00,0.9158442287958286,0.915547080389198,0.00029714840663067977,1,0.7499253934642951
2024-02-06 16:35:00+00:00,0.915684001713822,0.915547080389198,0.00013692132462408572,1,0.7500566159791501
2024-02-06 16:40:00+00:00,0.9139622888871677,0.915547080389198,-0.0015847915020303176,1,0.7514695649729435
2024-02-06 16:45:00+00:00,0.9135777438903516,0.915547080389198,-0.001969336498846357,1,0.7517858750663127
2024-02-06 16:50:00+00:00,0.9120832621981796,0.915547080389198,-0.003463818191018368,1,0.7530177036430287
2024-02-06 16:55:00+00:00,0.9126783531551238,0.9126783531551238,0.0,0,0.0
2024-02-07 14:50:00+00:00,0.9124730005256639,0.9124730005256639,0.0,1,0.7501687879772948
2024-02-07 14:55:00+00:00,0.909275344776497,0.9124730005256639,-0.003197655749166961,1,0.7528069124480632
2024-02-07 15:00:00+00:00,0.9084921485390711,0.9124730005256639,-0.0039808519865928566,1,0.753455894987192
2024-02-07 15:05:00+00:00,0.9081978566195534,0.9124730005256639,-0.00427514390611047,1,0.7537000444090295
2024-02-07 15:10:00+00:00,0.9075697174149917,0.9124730005256639,-0.0049032831106721785,1,0.7542216886830603
2024-02-07 15:15:00+00:00,0.9082469052728064,0.9124730005256639,-0.0042260952528575466,1,0.7536593418512555
2024-02-07 15:20:00+00:00,0.9084450173717175,0.9084450173717175,0.0,0,0.0
2024-02-08 02:40:00+00:00,0.9082406172428088,0.9082406172428088,0.0,1,0.7501687879772949
2024-02-08 02:45:00+00:00,0.9085024001947922,0.9082406172428088,0.0002617829519834789,1,0.7499526285045622
2024-02-08 02:50:00+00:00,0.9084369544567964,0.9082406172428088,0.000196337213987647,1,0.7500066566933029
2024-02-08 02:55:00+00:00,0.907215300680874,0.9082406172428088,-0.0010253165619348763,1,0.7510166137161052
2024-02-08 03:00:00+00:00,0.9081315410128157,0.9082406172428088,-0.0001090762299930784,1,0.7502588912052478
2024-02-08 03:05:00+00:00,0.9076079751088489,0.9082406172428088,-0.000632642133959885,1,0.7506916881675441
2024-02-08 03:10:00+00:00,0.90725086825795,0.90725086825795,0.0,0,0.0
2024-02-08 13:50:00+00:00,0.907046736812592,0.907046736812592,0.0,1,0.7501687879772949
2024-02-08 13:55:00+00:00,0.9105298708539523,0.907046736812592,0.0034831340413603203,1,0.7472990980024683
2024-02-08 14:00:00+00:00,0.9090587744690596,0.907046736812592,0.0020120376564675894,1,0.7485084246515038
2024-02-08 14:05:00+00:00,0.9137689216386263,0.907046736812592,0.006722184826034326,1,0.7446501353682058
2024-02-08 14:10:00+00:00,0.9132081898327256,0.907046736812592,0.006161453020133574,1,0.7451073684721333
2024-02-08 14:15:00+00:00,0.9159656709488023,0.907046736812592,0.0089189341362104,1,0.7428642500200157
2024-02-08 14:20:00+00:00,0.9139606008797864,0.9139606008797864,0.0,0,0.0
2024-02-09 08:55:00+00:00,0.9137549597445884,0.9137549597445884,0.0,1,0.7501687879772949
2024-02-09 09:00:00+00:00,0.9142005112941693,0.9137549597445884,0.0004455515495809456,1,0.7498031801464073
2024-02-09 09:05:00+00:00,0.9135427923400262,0.9137549597445884,-0.00021216740456222823,1,0.7503430122895693
2024-02-09 09:10:00+00:00,0.9128850733858831,0.9137549597445884,-0.000869886358705326,1,0.7508836223134152
2024-02-09 09:15:00+00:00,0.9127577729431458,0.9137549597445884,-0.0009971868014426628,1,0.7509883465024588
2024-02-09 09:20:00+00:00,0.9117393694012467,0.9137549597445884,-0.002015590343341739,1,0.7518271927974316
2024-02-09 09:25:00+00:00,0.91147007804468,0.91147007804468,0.0,0,0.0
2024-02-12 15:10:00+00:00,0.91126499727712,0.91126499727712,0.0,1,0.7501687879772949
2024-02-12 15:15:00+00:00,0.9111631172035666,0.91126499727712,-0.0001018800735533635,1,0.7502526667580023
2024-02-12 15:20:00+00:00,0.9060500110121099,0.91126499727712,-0.005214986265010057,1,0.7544865628000895
2024-02-12 15:25:00+00:00,0.9087370979520785,0.91126499727712,-0.002527899325041546,1,0.7522555864331614
2024-02-12 15:30:00+00:00,0.9100488038990773,0.91126499727712,-0.0012161933780426458,1,0.7511713169718317
2024-02-12 15:35:00+00:00,0.9144551170802578,0.91126499727712,0.0031901198031379155,1,0.7475517887812455
2024-02-12 15:40:00+00:00,0.9180195990341702,0.9180195990341702,0.0,0,0.0
2024-02-12 17:30:00+00:00,0.9178130446243875,0.9178130446243875,0.0,1,0.7501687879772949
2024-02-12 17:35:00+00:00,0.9219992860819348,0.9178130446243875,0.0041862414575473674,1,0.7467627249490536
2024-02-12 17:40:00+00:00,0.9179632236901291,0.9178130446243875,0.00015017906574158423,1,0.750046060132846
2024-02-12 17:45:00+00:00,0.913526683789679,0.9178130446243875,-0.004286360834708449,1,0.7536886568210461
2024-02-12 17:50:00+00:00,0.9162549368173183,0.9178130446243875,-0.0015581078070692612,1,0.7514444633359753
2024-02-12 17:55:00+00:00,0.9183574437377008,0.9178130446243875,0.0005443991133132237,1,0.7497240905168508
2024-02-12 18:00:00+00:00,0.9160233525632453,0.9160233525632453,0.0,0,0.0
2024-02-12 20:55:00+00:00,0.9158172473089186,0.9158172473089186,0.0,1,0.7501687879772949
2024-02-12 21:00:00+00:00,0.915219786562699,0.9158172473089186,-0.0005974607462195891,1,0.7506585024813255
2024-02-12 21:05:00+00:00,0.9140326580365149,0.9158172473089186,-0.0017845892724036704,1,0.7516334437089535
2024-02-12 21:10:00+00:00,0.9135105292974274,0.9158172473089186,-0.0023067180114911367,1,0.7520630495094708
2024-02-12 21:15:00+00:00,0.916692657184901,0.9158172473089186,0.0008754098759824834,1,0.749452402653924
2024-02-12 21:20:00+00:00,0.9169160555508787,0.9158172473089186,0.0010988082419601552,1,0.7492698053036896
2024-02-12 21:25:00+00:00,0.915657899852122,0.915657899852122,0.0,0,0.0
2024-02-12 22:40:00+00:00,0.9154518768246552,0.9154518768246552,0.0,1,0.7501687879772949
2024-02-12 22:45:00+00:00,0.9160458472362184,0.9154518768246552,0.0005939704115631277,1,0.7496823733888973
2024-02-12 22:50:00+00:00,0.9161052442773746,0.9154518768246552,0.0006533674527193338,1,0.7496337666212094
2024-02-12 22:55:00+00:00,0.9152349485004323,0.9154518768246552,-0.00021692832422294728,1,0.7503465924397741
2024-02-12 23:00:00+00:00,0.9144963592060539,0.9154518768246552,-0.0009555176186013478,1,0.7509526068373934
2024-02-12 23:05:00+00:00,0.9148734012933939,0.9154518768246552,-0.0005784755312613198,1,0.7506431205871918
2024-02-12 23:10:00+00:00,0.9152561837173897,0.9152561837173897,0.0,0,0.0
2024-02-13 00:10:00+00:00,0.9150502510760533,0.9150502510760533,0.0,1,0.7501687879772949
2024-02-13 00:15:00+00:00,0.9135883419969727,0.9150502510760533,-0.001461909079080615,1,0.7513691957666387
2024-02-13 00:20:00+00:00,0.9192539979300071,0.9150502510760533,0.004203746853953745,1,0.7467382674797012
2024-02-13 00:25:00+00:00,0.921334640312267,0.9150502510760533,0.0062843892362136255,1,0.7450519146391665
2024-02-13 00:30:00+00:00,0.9254898590640105,0.9150502510760533,0.01043960798795719,1,0.7417068172764985
2024-02-13 00:35:00+00:00,0.9229603317363068,0.9150502510760533,0.007910080660253447,1,0.7437395889991092
2024-02-13 00:40:00+00:00,0.9229606435293635,0.9229606435293635,0.0,0,0.0
2024-02-13 14:30:00+00:00,0.9227529773845694,0.9227529773845694,0.0,1,0.7501687879772949
2024-02-13 14:35:00+00:00,0.9252278839488055,0.9227529773845694,0.002474906564236128,1,0.7481621497318864
2024-02-13 14:40:00+00:00,0.924522585047861,0.9227529773845694,0.0017696076632915884,1,0.7487329069534711
2024-02-13 14:45:00+00:00,0.9221720598529298,0.9227529773845694,-0.0005809175316396097,1,0.7506413529351774
2024-02-13 14:50:00+00:00,0.9198088138361378,0.9227529773845694,-0.0029441635484315927,1,0.7525699604465199
2024-02-13 14:55:00+00:00,0.9198667642468367,0.9227529773845694,-0.0028862131377327353,1,0.7525225495170434
2024-02-13 15:00:00+00:00,0.918820937283886,0.918820937283886,0.0,0,0.0
2024-02-14 08:55:00+00:00,0.9186142025729972,0.9186142025729972,0.0,1,0.7501687879772948
2024-02-14 09:00:00+00:00,0.9263561971219133,0.9186142025729972,0.007741994548916076,1,0.7438992744949741
2024-02-14 09:05:00+00:00,0.9264686782617099,0.9186142025729972,0.00785447568871268,1,0.7438089588261853
2024-02-14 09:10:00+00:00,0.9289226875189762,0.9186142025729972,0.010308484945979048,1,0.7418439792911583
2024-02-14 09:15:00+00:00,0.9291668538956075,0.9186142025729972,0.010552651322610266,1,0.7416490376015255
2024-02-14 09:20:00+00:00,0.93246309998013,0.9186142025729972,0.013848897407132844,1,0.739027316981872
2024-02-14 09:25:00+00:00,0.9328393467864788,0.9328393467864788,0.0,0,0.0
2024-02-15 00:25:00+00:00,0.9326294579334519,0.9326294579334519,0.0,1,0.7501687879772948
2024-02-15 00:30:00+00:00,0.9315582400290799,0.9326294579334519,-0.0010712179043719386,1,0.7510314224347574
2024-02-15 00:35:00+00:00,0.9330341699347294,0.9326294579334519,0.0004047120012775291,1,0.7498433954876506
2024-02-15 00:40:00+00:00,0.9336592696594751,0.9326294579334519,0.001029811726023281,1,0.7493413634130451
2024-02-15 00:45:00+00:00,0.9328979302511311,0.9326294579334519,0.0002684723176792314,1,0.7499529020302602
2024-02-15 00:50:00+00:00,0.9329072800333388,0.9326294579334519,0.00027782209988688,1,0.7499453858531974
2024-02-15 00:55:00+00:00,0.9322579514165483,0.9322579514165483,0.0,0,0.0
2024-02-15 14:35:00+00:00,0.9320481933774796,0.9320481933774796,0.0,1,0.750168787977295
2024-02-15 14:40:00+00:00,0.9290030698391804,0.9320481933774796,-0.0030451235382992644,1,0.7526277213308333
2024-02-15 14:45:00+00:00,0.9295498681093184,0.9320481933774796,-0.002498325268161173,1,0.7521849957168556
2024-02-15 14:50:00+00:00,0.9316126083148272,0.9320481933774796,-0.00043558506265242155,1,0.7505195371144304
2024-02-15 14:55:00+00:00,0.9307255505884531,0.9320481933774796,-0.0013226427890265353,1,0.7512348437413637
2024-02-15 15:00:00+00:00,0.9298504085628809,0.9320481933774796,-0.002197784814598599,1,0.7519418791706951
2024-02-15 15:05:00+00:00,0.9267451352289163,0.9267451352289163,0.0,0,0.0
2024-02-16 01:40:00+00:00,0.9265366175734898,0.9265366175734898,0.0,1,0.7501687879772949
2024-02-16 01:45:00+00:00,0.9301126830227415,0.9265366175734898,0.0035760654492517545,1,0.7472845646646158
2024-02-16 01:50:00+00:00,0.9289271395857615,0.9265366175734898,0.002390522012271664,1,0.7482382867311169
2024-02-16 01:55:00+00:00,0.9333972213973262,0.9265366175734898,0.0068606038238363575,1,0.7446549394920646
2024-02-16 02:00:00+00:00,0.934038580961594,0.9265366175734898,0.007501963388104184,1,0.7441436206051822
2024-02-16 02:05:00+00:00,0.9346605053875509,0.9265366175734898,0.00812388781406099,1,0.7436484663845785
2024-02-16 02:10:00+00:00,0.9385916721923995,0.9385916721923995,0.0,0,0.0
2024-02-17 21:25:00+00:00,0.9381693534561163,0.9381693534561163,0.0,2,1.5005064019177266
2024-02-17 21:30:00+00:00,0.9362880020147328,0.9381693534561163,-0.001881351441383458,2,1.503521478342906
2024-02-17 21:35:00+00:00,0.9411662619787606,0.9381693534561163,0.002996908522644286,2,1.495728414641881
2024-02-17 21:40:00+00:00,0.9389719293807907,0.9381693534561163,0.0008025759246743736,2,1.4992238605814876
2024-02-17 21:45:00+00:00,0.9386376293608437,0.9381693534561163,0.00046827590472739775,2,1.499757815912938
2024-02-17 21:50:00+00:00,0.9367789078535366,0.9381693534561163,-0.0013904456025797493,2,1.5027335790143692
2024-02-17 21:55:00+00:00,0.9330625546624725,0.9330625546624725,0.0,0,0.0
2024-02-18 22:15:00+00:00,0.9328526155876734,0.9328526155876734,0.0,1,0.7501687879772949
2024-02-18 22:20:00+00:00,0.9338423572594532,0.9328526155876734,0.0009897416717797804,1,0.749373714478478
2024-02-18 22:25:00+00:00,0.9332811911424359,0.9328526155876734,0.00042857555476252096,1,0.7498243001556992
2024-02-18 22:30:00+00:00,0.9330280637054044,0.9328526155876734,0.00017544811773095945,1,0.7500277250157925
2024-02-18 22:35:00+00:00,0.9340941453978762,0.9328526155876734,0.0012415298102027537,1,0.749171718337638
2024-02-18 22:40:00+00:00,0.9345977216747222,0.9328526155876734,0.0017451060870488557,1,0.7487680525722616
2024-02-18 22:45:00+00:00,0.9314627544386687,0.9314627544386687,0.0,0,0.0
2024-02-21 07:55:00+00:00,0.9312531753189199,0.9312531753189199,0.0,1,0.7501687879772949
2024-02-21 08:00:00+00:00,0.9347008730925638,0.9312531753189199,0.003447697773643878,1,0.7474017473821479
2024-02-21 08:05:00+00:00,0.9322271012436781,0.9312531753189199,0.000973925924758191,1,0.749385063893774
2024-02-21 08:10:00+00:00,0.9320712730957168,0.9312531753189199,0.0008180977767968866,1,0.7495103496846649
2024-02-21 08:15:00+00:00,0.9316817027258136,0.9312531753189199,0.0004285274068937033,1,0.7498237475149739
2024-02-21 08:20:00+00:00,0.9303571634681425,0.9312531753189199,-0.0008960118507774612,1,0.750891263334614
2024-02-21 08:25:00+00:00,0.9325434421232989,0.9325434421232989,0.0,0,0.0
2024-02-22 00:50:00+00:00,0.9323336198488211,0.9323336198488211,0.0,1,0.7501687879772949
2024-02-22 00:55:00+00:00,0.9333574285211648,0.9323336198488211,0.0010238086723436874,1,0.7493459206733195
2024-02-22 01:00:00+00:00,0.935405045865852,0.9323336198488211,0.003071426017030907,1,0.7477055898763854
2024-02-22 01:05:00+00:00,0.9383484957988402,0.9323336198488211,0.006014875950018989,1,0.7453601564065497
2024-02-22 01:10:00+00:00,0.9360266439883465,0.9323336198488211,0.003693024139525339,1,0.7472090523111026
2024-02-22 01:15:00+00:00,0.9318582801080901,0.9323336198488211,-0.0004753397407309811,1,0.750551448135812
2024-02-22 01:20:00+00:00,0.9307526252453117,0.9307526252453117,0.0,0,0.0
2024-02-22 20:30:00+00:00,0.9301245085707242,0.9301245085707242,0.0,3,2.251012879815685
2024-02-22 20:35:00+00:00,0.9242037430687889,0.9301245085707242,-0.00592076550193518,3,2.265433638769734
2024-02-22 20:40:00+00:00,0.9270743306165931,0.9301245085707242,-0.003050177954131146,3,2.258418963269546
2024-02-22 20:45:00+00:00,0.9259933511511499,0.9301245085707242,-0.00413115741957429,3,2.261055380173217
2024-02-22 20:50:00+00:00,0.9192640581633718,0.9301245085707242,-0.01086045040735235,3,2.2776069944560344
2024-02-22 20:55:00+00:00,0.9268751110327438,0.9301245085707242,-0.0032493975379804026,3,2.2589043806474263
2024-02-22 21:00:00+00:00,0.9290643425481241,0.9290643425481241,0.0,0,0.0
2024-02-22 22:35:00+00:00,0.9288553030710508,0.9288553030710508,0.0,1,0.7501687879772949
2024-02-22 22:40:00+00:00,0.9295997861456957,0.9288553030710508,0.0007444830746449511,1,0.7495680047433706
2024-02-22 22:45:00+00:00,0.9280999911516838,0.9288553030710508,-0.0007553119193669524,1,0.750779294854246
2024-02-22 22:50:00+00:00,0.9294332926580934,0.9288553030710508,0.0005779895870425872,1,0.7497022781681453
2024-02-22 22:55:00+00:00,0.9294969121208356,0.9288553030710508,0.000641609049784818,1,0.7496509647581363
2024-02-22 23:00:00+00:00,0.9289148617170224,0.9288553030710508,5.955864597166417e-05,1,0.7501206898801458
2024-02-22 23:05:00+00:00,0.9280750420348863,0.9280750420348863,0.0,0,0.0
2024-02-26 19:15:00+00:00,0.9278662251504285,0.9278662251504285,0.0,1,0.7501687879772948
2024-02-26 19:20:00+00:00,0.9314063068060262,0.9278662251504285,0.0035400816555976834,1,0.7473175524364629
2024-02-26 19:25:00+00:00,0.93511305653957,0.9278662251504285,0.007246831389141474,1,0.7443552163649109
2024-02-26 19:30:00+00:00,0.9332977956906229,0.9278662251504285,0.005431570540194333,1,0.7458029845780318
2024-02-26 19:35:00+00:00,0.9341660200966674,0.9278662251504285,0.006299794946238861,1,0.7451098268957984
2024-02-26 19:40:00+00:00,0.9346815283377562,0.9278662251504285,0.006815303187327708,1,0.7446988738121698
2024-02-26 19:45:00+00:00,0.9365941764454485,0.9365941764454485,0.0,0,0.0
2024-02-27 01:45:00+00:00,0.9363834427557483,0.9363834427557483,0.0,1,0.7501687879772949
2024-02-27 01:50:00+00:00,0.9405977577222103,0.9363834427557483,0.004214314966462067,1,0.7468076832706441
2024-02-27 01:55:00+00:00,0.9436121635662771,0.9363834427557483,0.00722872081052878,1,0.7444219770114783
2024-02-27 02:00:00+00:00,0.9446886461935798,0.9363834427557483,0.00830520343783161,1,0.7435737003556043
2024-02-27 02:05:00+00:00,0.9431553582906248,0.9363834427557483,0.006771915534876582,1,0.7447825283071065
2024-02-27 02:10:00+00:00,0.9566813752270656,0.9363834427557483,0.020297932471317375,1,0.7342524381927712
2024-02-27 02:15:00+00:00,0.9526329682466501,0.9526329682466501,0.0,0,0.0
2024-02-28 08:55:00+00:00,0.9524186258287947,0.9524186258287947,0.0,1,0.7501687879772948
2024-02-28 09:00:00+00:00,0.9559786015343769,0.9524186258287947,0.0035599757055822133,1,0.7473752289415603
2024-02-28 09:05:00+00:00,0.9555003958425822,0.9524186258287947,0.0030817700137875047,1,0.7477492728351487
2024-02-28 09:10:00+00:00,0.960601256555058,0.9524186258287947,0.008182630726263391,1,0.7437786712327047
2024-02-28 09:15:00+00:00,0.957926846945392,0.9524186258287947,0.005508221116597298,1,0.7458552064422067
2024-02-28 09:20:00+00:00,0.9613274207537092,0.9524186258287947,0.008908794924914556,1,0.743216838259766
2024-02-28 09:25:00+00:00,0.9593065235001852,0.9593065235001852,0.0,0,0.0
2024-02-28 13:10:00+00:00,0.9590906795323977,0.9590906795323977,0.0,1,0.7501687879772949
2024-02-28 13:15:00+00:00,0.9589380859605842,0.9590906795323977,-0.00015259357181354976,1,0.750288160579652
2024-02-28 13:20:00+00:00,0.9592220464905826,0.9588748060003927,0.00034724049019001273,2,1.500234839166833
2024-02-28 13:25:00+00:00,0.9636506640645098,0.9588748060003927,0.004775858064117171,2,1.4933402593968892
2024-02-28 13:30:00+00:00,0.9638096932184428,0.9588748060003927,0.004934887218050123,2,1.4930938573948582
2024-02-28 13:35:00+00:00,0.9672387888668688,0.9588748060003927,0.00836398286647612,2,1.4878004782334595
2024-02-28 13:40:00+00:00,0.9641199895591267,0.9643121333348321,-0.00019214377570546043,1,0.7463577643960996
2024-02-28 13:45:00+00:00,0.9641723924070463,0.9643121333348321,-0.00013974092778576763,1,0.7463171997909218
2024-02-28 13:50:00+00:00,0.9654762014647117,0.9654762014647117,0.0,0,0.0
2024-02-28 20:35:00+00:00,0.9652589693193822,0.9652589693193822,0.0,1,0.7501687879772948
2024-02-28 20:40:00+00:00,0.9646324256756383,0.9652589693193822,-0.0006265436437438456,1,0.7506560341794044
2024-02-28 20:45:00+00:00,0.961228963932089,0.9652589693193822,-0.004030005387293157,1,0.7533139119491743
2024-02-28 20:50:00+00:00,0.9633793383881506,0.9652589693193822,-0.0018796309312315367,1,0.7516324278970442
2024-02-28 20:55:00+00:00,0.9657633189828929,0.9652589693193822,0.0005043496635107414,1,0.7497770280415468
2024-02-28 21:00:00+00:00,0.9655644542699647,0.9652589693193822,0.0003054849505825595,1,0.7499314498336729
2024-02-28 21:05:00+00:00,0.9621498129752043,0.9621498129752043,0.0,0,0.0
2024-02-29 00:00:00+00:00,0.9619333292672849,0.9619333292672849,0.0,1,0.7501687879772949
2024-02-29 00:05:00+00:00,0.9597882091652539,0.9619333292672849,-0.002145120102031064,1,0.7518454101025093
2024-02-29 00:10:00+00:00,0.9576007909203659,0.9619333292672849,-0.004332538346919091,1,0.7535628276140517
2024-02-29 00:15:00+00:00,0.9529721655734482,0.9619333292672849,-0.008961163693836685,1,0.7572229135330255
2024-02-29 00:20:00+00:00,0.9563945686528277,0.9617180920609666,-0.005323523408138953,2,1.5046820227689381
2024-02-29 00:25:00+00:00,0.9560626413293775,0.9617180920609666,-0.0056554507315891515,2,1.505204420627479
2024-02-29 00:30:00+00:00,0.9558282603238734,0.952196016924518,0.003632243399355311,1,0.7506132473539293
2024-02-29 00:35:00+00:00,0.9564921058497244,0.952196016924518,0.004296088925206372,1,0.7500922903665659
2024-02-29 00:40:00+00:00,0.9646809345198732,0.952196016924518,0.01248491759535525,1,0.7437250273339774
2024-02-29 00:45:00+00:00,0.9623826845031613,0.952196016924518,0.010186667578643317,1,0.7455011046512681
2024-02-29 00:50:00+00:00,0.9594784527617506,0.9594784527617506,0.0,0,0.0
2024-02-29 07:25:00+00:00,0.9592625701098791,0.9592625701098791,0.0,1,0.7501687879772949
2024-02-29 07:30:00+00:00,0.956957801966144,0.9592625701098791,-0.0023047681437351267,1,0.75197551876668
2024-02-29 07:35:00+00:00,0.9588456271291029,0.9592625701098791,-0.0004169429807761958,1,0.7504949902372782
2024-02-29 07:40:00+00:00,0.9592973153582772,0.9592625701098791,3.4745248398069576e-05,1,0.7501416172550783
2024-02-29 07:45:00+00:00,0.9621927527247784,0.9592625701098791,0.00293018261489934,1,0.7478842856937905
2024-02-29 07:50:00+00:00,0.9651692623375419,0.9592625701098791,0.00590669222766272,1,0.7455778666515896
2024-02-29 07:55:00+00:00,0.9666095698593092,0.9666095698593092,0.0,0,0.0
2024-02-29 11:35:00+00:00,0.9663920827060909,0.9663920827060909,0.0,1,0.7501687879772949
2024-02-29 11:40:00+00:00,0.966462044172591,0.9663920827060909,6.996146650003903e-05,1,0.7501144838182792
2024-02-29 11:45:00+00:00,0.9655360835865615,0.9663920827060909,-0.0008559991195293402,1,0.7508338525284007
2024-02-29 11:50:00+00:00,0.9666698708818998,0.9663920827060909,0.00027778817580892645,1,0.7499532148789311
2024-02-29 11:55:00+00:00,0.9664846787646938,0.9663920827060909,9.259605860292182e-05,1,0.7500969165088901
2024-02-29 12:00:00+00:00,0.965855025566194,0.9663920827060909,-0.0005370571398969465,1,0.7505859142468143
2024-02-29 12:05:00+00:00,0.9629748873055934,0.9629748873055934,0.0,0,0.0
2024-03-04 08:10:00+00:00,0.9627582179559497,0.9627582179559497,0.0,1,0.7501687879772948
2024-03-04 08:15:00+00:00,0.9635907180494802,0.9627582179559497,0.0008325000935304612,1,0.749520675065395
2024-03-04 08:20:00+00:00,0.9621385793321172,0.9627582179559497,-0.0006196386238325212,1,0.750651913345521
2024-03-04 08:25:00+00:00,0.9630747240156051,0.9627582179559497,0.0003165060596554247,1,0.749922251585841
2024-03-04 08:30:00+00:00,0.964591501294447,0.9627582179559497,0.0018332833384973408,1,0.7487430321643793
2024-03-04 08:35:00+00:00,0.9653047543866285,0.9627582179559497,0.0025465364306788006,1,0.7481897941527423
2024-03-04 08:40:00+00:00,0.967549922662967,0.967549922662967,0.0,0,0.0
2024-03-05 04:05:00+00:00,0.9673322239303679,0.9673322239303679,0.0,1,0.7501687879772949
2024-03-05 04:10:00+00:00,0.9658683191600826,0.9673322239303679,-0.001463904770285284,1,0.7513057707786296
2024-03-05 04:15:00+00:00,0.9651528478220226,0.9673322239303679,-0.002179376108345235,1,0.7518627164959056
2024-03-05 04:20:00+00:00,0.9621358467325339,0.9673322239303679,-0.005196377197833968,1,0.7542203571996768
2024-03-05 04:25:00+00:00,0.9639526398050602,0.9673322239303679,-0.0033795841253076997,1,0.7527988534208234
2024-03-05 04:30:00+00:00,0.9634698420728733,0.9673322239303679,-0.003862381857494537,1,0.7531760832658619
2024-03-05 04:35:00+00:00,0.9647839112456058,0.9647839112456058,0.0,0,0.0
2024-03-05 08:15:00+00:00,0.9645668348655756,0.9645668348655756,0.0,1,0.7501687879772948
2024-03-05 08:20:00+00:00,0.9654112453111395,0.9645668348655756,0.0008444104455639771,1,0.7495126423568863
2024-03-05 08:25:00+00:00,0.9674199845927263,0.9645668348655756,0.0028531497271507148,1,0.7479563632736276
2024-03-05 08:30:00+00:00,0.9660510820920567,0.9645668348655756,0.0014842472264810617,1,0.7490162237251677
2024-03-05 08:35:00+00:00,0.9644678125066241,0.9645668348655756,-9.902235895153584e-05,1,0.7502458081557125
2024-03-05 08:40:00+00:00,0.9679564463835293,0.9645668348655756,0.003389611517953663,1,0.7475418301491431
2024-03-05 08:45:00+00:00,0.9674466555578072,0.9674466555578072,0.0,0,0.0
2024-03-07 11:25:00+00:00,0.9672289800603067,0.9672289800603067,0.0,1,0.7501687879772949
2024-03-07 11:30:00+00:00,0.9749739883983396,0.9672289800603067,0.007745008338032889,1,0.7442095894889734
2024-03-07 11:35:00+00:00,0.9705664672059722,0.9672289800603067,0.003337487145665511,1,0.747589182384531
2024-03-07 11:40:00+00:00,0.9677385200825457,0.9672289800603067,0.0005095400222389847,1,0.7497738041950266
2024-03-07 11:45:00+00:00,0.9692416631481506,0.9672289800603067,0.0020126830878439894,1,0.7486110216430598
2024-03-07 11:50:00+00:00,0.9566916924004037,0.9672289800603067,-0.01053728765990288,1,0.7584313707667033
2024-03-07 11:55:00+00:00,0.9566574513109094,0.9566574513109094,0.0,0,0.0
2024-03-11 07:05:00+00:00,0.9564422033843645,0.9564422033843645,0.0,1,0.7501687879772949
2024-03-11 07:10:00+00:00,0.9555753219947731,0.9564422033843645,-0.0008668813895913635,1,0.750849328115138
2024-03-11 07:15:00+00:00,0.9607893854264838,0.9564422033843645,0.00434718204211935,1,0.7467745786603323
2024-03-11 07:20:00+00:00,0.9605229334625252,0.9564422033843645,0.004080730078160675,1,0.746981736184829
2024-03-11 07:25:00+00:00,0.9619099436858713,0.9564422033843645,0.005467740301506856,1,0.7459046381554946
2024-03-11 07:30:00+00:00,0.9639484837114999,0.9564422033843645,0.007506280327135381,1,0.7443272131313612
2024-03-11 07:35:00+00:00,0.9678267409572779,0.9678267409572779,0.0,0,0.0
2024-03-12 14:35:00+00:00,0.9676089799405626,0.9676089799405626,0.0,1,0.7501687879772949
2024-03-12 14:40:00+00:00,0.9663427787187931,0.9676089799405626,-0.0012662012217695027,1,0.7511517359092177
2024-03-12 14:45:00+00:00,0.967218343393421,0.9676089799405626,-0.00039063654714158137,1,0.7504717633572703
2024-03-12 14:50:00+00:00,0.9709765363814387,0.9676089799405626,0.003367556440876063,1,0.747567040520954
2024-03-12 14:55:00+00:00,0.9712594111224723,0.9676089799405626,0.0036504311819096943,1,0.7473493151320713
2024-03-12 15:00:00+00:00,0.9747347293694563,0.9676089799405626,0.007125749428893708,1,0.7446847166177354
2024-03-12 15:05:00+00:00,0.9713110546210268,0.9713110546210268,0.0,0,0.0
2024-03-12 17:35:00+00:00,0.9708740138190696,0.9708740138190696,0.0,2,1.5005064019177263
2024-03-12 17:40:00+00:00,0.9737461870399906,0.9708740138190696,0.0028721732209210094,2,1.4960804905634448
2024-03-12 17:45:00+00:00,0.9739254971285488,0.9708740138190696,0.0030514833094792224,2,1.4958050461623649
2024-03-12 17:50:00+00:00,0.9794545531395378,0.9708740138190696,0.008580539320468249,2,1.4873611731360545
2024-03-12 17:55:00+00:00,0.978103860548107,0.9708740138190696,0.007229846729037431,2,1.4894151142341
2024-03-12 18:00:00+00:00,0.9838559260894503,0.9708740138190696,0.012981912270380688,2,1.4807073216313822
2024-03-12 18:05:00+00:00,0.9853525411312423,0.9853525411312423,0.0,0,0.0
2024-03-14 15:45:00+00:00,0.9851308368094878,0.9851308368094878,0.0,1,0.7501687879772949
2024-03-14 15:50:00+00:00,0.9864141172759997,0.9851308368094878,0.001283280466511899,1,0.7491928520743735
2024-03-14 15:55:00+00:00,0.9834759796108815,0.9851308368094878,-0.001654857198606212,1,0.751431068139384
2024-03-14 16:00:00+00:00,0.9832174081735993,0.9851308368094878,-0.0019134286358884762,1,0.7516286832443364
2024-03-14 16:05:00+00:00,0.9874982019686052,0.9851308368094878,0.00236736515911736,1,0.7483703812069591
2024-03-14 16:10:00+00:00,0.9842900008023255,0.9851308368094878,-0.0008408360071622232,1,0.750809624446086
2024-03-14 16:15:00+00:00,0.9815611112109233,0.9815611112109233,0.0,0,0.0
2024-03-14 19:00:00+00:00,0.9811194584024095,0.9811194584024095,0.0,2,1.5005064019177266
2024-03-14 19:05:00+00:00,0.9823132383148904,0.9811194584024095,0.0011937799124807945,2,1.498682875234699
2024-03-14 19:10:00+00:00,0.982181529878872,0.9811194584024095,0.0010620714764624168,2,1.4988838453930455
2024-03-14 19:15:00+00:00,0.9792413490443334,0.9811194584024095,-0.0018781093580762247,2,1.503384257431125
2024-03-14 19:20:00+00:00,0.9773392792230705,0.9811194584024095,-0.003780179179339078,2,1.5063101009806592
2024-03-14 19:25:00+00:00,0.9740693311838036,0.9811194584024095,-0.007050127218605997,2,1.511366779805814
2024-03-14 19:30:00+00:00,0.9692281043448083,0.9692281043448083,0.0,0,0.0
2024-03-14 19:50:00+00:00,0.9690100280213307,0.9690100280213307,0.0,1,0.7501687879772948
2024-03-14 19:55:00+00:00,0.9744262043891769,0.9690100280213307,0.005416176367846247,1,0.7459991069454867
2024-03-14 20:00:00+00:00,0.9690100280213307,0.9690100280213307,0.0,1,0.7501687879772948
2024-03-14 20:05:00+00:00,0.9762692088476802,0.9690100280213307,0.0072591808263494815,1,0.7445908071981631
2024-03-14 20:10:00+00:00,0.9812340371848723,0.9690100280213307,0.012224009163541579,1,0.7408233415384963
2024-03-14 20:15:00+00:00,0.9808704512712901,0.9690100280213307,0.01186042324995942,1,0.7410979475591866
2024-03-14 20:20:00+00:00,0.9824703045157238,0.9824703045157238,0.0,0,0.0
2024-03-15 03:00:00+00:00,0.9818072862616622,0.9818072862616622,0.0,3,2.251012879815685
2024-03-15 03:05:00+00:00,0.998124688122686,0.9818072862616622,0.01631740186102366,3,2.2142131871606745
2024-03-15 03:10:00+00:00,0.9835932532984467,0.9818072862616622,0.0017859670367844143,3,2.2469255858156028
2024-03-15 03:15:00+00:00,0.9820656315329962,0.9818072862616622,0.0002583452713339227,3,2.250420721293342
2024-03-15 03:20:00+00:00,0.9705819260151134,0.9818072862616622,-0.011225360246548818,3,2.2770471895614848
2024-03-15 03:25:00+00:00,0.9416312988736193,0.9818072862616622,-0.04017598738804292,3,2.3470554234078294
2024-03-15 03:30:00+00:00,0.9285215645898678,0.9285215645898678,0.0,0,0.0
2024-03-15 09:20:00+00:00,0.9278949535424057,0.9278949535424057,0.0,3,2.251012879815685
2024-03-15 09:25:00+00:00,0.9334611537904798,0.9278949535424057,0.005566200248074052,3,2.237590159010251
2024-03-15 09:30:00+00:00,0.9322870009679439,0.9278949535424057,0.004392047425538248,3,2.240408253436273
2024-03-15 09:35:00+00:00,0.9352473589466126,0.9278949535424057,0.007352405404206918,3,2.2333166424468494
2024-03-15 09:40:00+00:00,0.9561493587127964,0.9278949535424057,0.028254405170390726,3,2.1844949980950905
2024-03-15 09:45:00+00:00,0.9505414626378059,0.9278949535424057,0.02264650909540017,3,2.1973828324581053
2024-03-15 09:50:00+00:00,0.9536062006081688,0.9536062006081688,0.0,0,0.0
2024-03-15 11:35:00+00:00,0.9529626612408378,0.9529626612408378,0.0,3,2.251012879815685
2024-03-15 11:40:00+00:00,0.9585274810647464,0.9529626612408378,0.005564819823908569,3,2.237944416631346
2024-03-15 11:45:00+00:00,0.9531586511184079,0.9529626612408378,0.00019598987757009985,3,2.2505500232511393
2024-03-15 11:50:00+00:00,0.9615654196041524,0.9529626612408378,0.008602758363314577,3,2.2308739277662912
2024-03-15 11:55:00+00:00,0.9632848535160572,0.9529626612408378,0.010322192275219381,3,2.226891886243906
2024-03-15 12:00:00+00:00,0.966215549409017,0.9529626612408378,0.01325288816817917,3,2.220137344869497
2024-03-15 12:05:00+00:00,0.9657963509293375,0.9657963509293375,0.0,0,0.0
2024-03-15 15:45:00+00:00,0.9655790467503783,0.9655790467503783,0.0,1,0.750168787977295
2024-03-15 15:50:00+00:00,0.9709798923018691,0.9655790467503783,0.005400845551490802,1,0.745996151866562
2024-03-15 15:55:00+00:00,0.9722112363215092,0.9655790467503783,0.006632189571130867,1,0.7450513182070057
2024-03-15 16:00:00+00:00,0.9691267805099355,0.9655790467503783,0.003547733759557159,1,0.7474226053436124
2024-03-15 16:05:00+00:00,0.972430683770554,0.9655790467503783,0.006851637020175659,1,0.7448831832294524
2024-03-15 16:10:00+00:00,0.9640916807068526,0.9655790467503783,-0.0014873660435257361,1,0.7513261214596586
2024-03-15 16:15:00+00:00,0.960753346141479,0.960753346141479,0.0,0,0.0
2024-03-15 18:45:00+00:00,0.9605371766385972,0.9605371766385972,0.0,1,0.7501687879772949
2024-03-15 18:50:00+00:00,0.9641117317178654,0.9605371766385972,0.0035745550792682062,1,0.7473874509567457
2024-03-15 18:55:00+00:00,0.9716091478541661,0.9605371766385972,0.011071971215568898,1,0.7416202401938096
2024-03-15 19:00:00+00:00,0.9706453280291277,0.9605371766385972,0.010108151390530607,1,0.7423566454177443
2024-03-15 19:05:00+00:00,0.9716278628022251,0.9605371766385972,0.011090686163627959,1,0.7416059555228917
2024-03-15 19:10:00+00:00,0.9731978390005074,0.9605371766385972,0.012660662361910251,1,0.7404095865504009
2024-03-15 19:15:00+00:00,0.9708814364376718,0.9708814364376718,0.0,0,0.0
2024-03-15 23:00:00+00:00,0.9706629881144733,0.9706629881144733,0.0,1,0.7501687879772949
2024-03-15 23:05:00+00:00,0.9622671756142046,0.9706629881144733,-0.008395812500268619,1,0.756714035125927
2024-03-15 23:10:00+00:00,0.9647204201178293,0.9706629881144733,-0.005942567996643985,1,0.7547897423372851
2024-03-15 23:15:00+00:00,0.9694482748165619,0.9706629881144733,-0.0012147132979113005,1,0.7511087452974589
2024-03-15 23:20:00+00:00,0.9738545877599653,0.9706629881144733,0.003191599645492034,1,0.7477102705889088
2024-03-15 23:25:00+00:00,0.978022721625347,0.9706629881144733,0.0073597335108736605,1,0.7445236815338446
2024-03-15 23:30:00+00:00,0.9767920122205558,0.9767920122205558,0.0,0,0.0
2024-03-16 05:35:00+00:00,0.9765722340178061,0.9765722340178061,0.0,1,0.7501687879772949
2024-03-16 05:40:00+00:00,0.9787935924736972,0.9765722340178061,0.0022213584558910984,1,0.748466290338025
2024-03-16 05:45:00+00:00,0.9839831786063512,0.9765722340178061,0.007410944588545083,1,0.7445188343595616
2024-03-16 05:50:00+00:00,0.9821814528570323,0.9765722340178061,0.005609218839226129,1,0.7458845888755081
2024-03-16 05:55:00+00:00,0.9825779865155362,0.9765722340178061,0.006005752497730066,1,0.7455835762852533
2024-03-16 06:00:00+00:00,0.9848108944954614,0.9765722340178061,0.008238660477655268,1,0.7438930796361057
2024-03-16 06:05:00+00:00,0.9828856365770102,0.9828856365770102,0.0,0,0.0
2024-03-16 23:25:00+00:00,0.982443387799136,0.982443387799136,0.0,2,1.5005064019177263
2024-03-16 23:30:00+00:00,0.9728393688667741,0.982443387799136,-0.009604018932361822,2,1.5153196304458179
2024-03-16 23:35:00+00:00,0.9783849909782873,0.982443387799136,-0.004058396820848586,2,1.5067305881709483
2024-03-16 23:40:00+00:00,0.9789670362268245,0.982443387799136,-0.003476351572311565,2,1.5058347608884992
2024-03-16 23:45:00+00:00,0.9802250813500928,0.982443387799136,-0.0022183064490432385,2,1.5039021352972681
2024-03-16 23:50:00+00:00,0.9762071978655658,0.982443387799136,-0.006236189933570227,2,1.5100919109565416
2024-03-16 23:55:00+00:00,0.9741475328609446,0.9741475328609446,0.0,0,0.0
2024-03-17 22:40:00+00:00,0.9739283496660509,0.9739283496660509,0.0,1,0.7501687879772948
2024-03-17 22:45:00+00:00,0.9757576148182306,0.9739283496660509,0.001829265152179701,1,0.748762437054422
2024-03-17 22:50:00+00:00,0.9713258530601123,0.9739283496660509,-0.0026024966059386315,1,0.7521787331655562
2024-03-17 22:55:00+00:00,0.9642343182920733,0.9739283496660509,-0.009694031373977586,1,0.7577106889742555
2024-03-17 23:00:00+00:00,0.9639765744741536,0.9739283496660509,-0.009951775191897229,1,0.7579132823266523
2024-03-17 23:05:00+00:00,0.9678677901696905,0.9739283496660509,-0.00606055949636038,1,0.7548661677413759
2024-03-17 23:10:00+00:00,0.9636643171227891,0.9636643171227891,0.0,0,0.0
2024-03-19 09:15:00+00:00,0.9632307169655899,0.9632307169655899,0.0,2,1.5005064019177266
2024-03-19 09:20:00+00:00,0.9579384522031705,0.9632307169655899,-0.005292264762419396,2,1.5087961590919898
2024-03-19 09:25:00+00:00,0.9707592343314553,0.9632307169655899,0.007528517365865346,2,1.488869542740992
2024-03-19 09:30:00+00:00,0.9631635242211775,0.9632307169655899,-6.719274441252094e-05,2,1.5006110810720112
2024-03-19 09:35:00+00:00,0.971241373218514,0.9632307169655899,0.008010656252924082,2,1.4881304454124527
2024-03-19 09:40:00+00:00,0.9616931269381966,0.9632307169655899,-0.0015375900273932636,2,1.5029054662502064
2024-03-19 09:45:00+00:00,0.9627640200472442,0.9627640200472442,0.0,0,0.0
2024-03-19 15:35:00+00:00,0.9625473981427335,0.9625473981427335,0.0,1,0.7501687879772949
2024-03-19 15:40:00+00:00,0.9678109550624149,0.9625473981427335,0.005263556919681373,1,0.7460889043034918
2024-03-19 15:45:00+00:00,0.9716538703873983,0.9625473981427335,0.009106472244664798,1,0.7431381040529821
2024-03-19 15:50:00+00:00,0.9781704651181333,0.9625473981427335,0.015623066975399823,1,0.7381873004601796
2024-03-19 15:55:00+00:00,0.9712907288561693,0.9625473981427335,0.008743330713435816,1,0.7434159449722897
2024-03-19 16:00:00+00:00,0.9710632665783666,0.9625473981427335,0.008515868435633143,1,0.7435900830434311
2024-03-19 16:05:00+00:00,0.9738355788155096,0.9738355788155096,0.0,0,0.0
2024-03-21 20:15:00+00:00,0.9733974021054689,0.9733974021054689,0.0,2,1.5005064019177263
2024-03-21 20:20:00+00:00,0.9792192632960469,0.9733974021054689,0.005821861190578006,2,1.4915852743266145
2024-03-21 20:25:00+00:00,0.9735959159621458,0.9733974021054689,0.00019851385667695576,2,1.5002004522851022
2024-03-21 20:30:00+00:00,0.9764101664620265,0.9733974021054689,0.003012764356557623,2,1.4958765113658237
2024-03-21 20:35:00+00:00,0.9720037399079623,0.9733974021054689,-0.001393662197506614,2,1.502657832991096
2024-03-21 20:40:00+00:00,0.9727762550722707,0.9733974021054689,-0.0006211470331981631,2,1.5014645205960826
2024-03-21 20:45:00+00:00,0.9711321502844371,0.9711321502844371,0.0,0,0.0
2024-03-27 13:05:00+00:00,0.9709136455506231,0.9709136455506231,0.0,1,0.7501687879772949
2024-03-27 13:10:00+00:00,0.9717673337624293,0.9709136455506231,0.0008536882118061555,1,0.7495097719464908
2024-03-27 13:15:00+00:00,0.9750321004737644,0.9709136455506231,0.00411845492314134,1,0.7470001370820774
2024-03-27 13:20:00+00:00,0.9740304807306707,0.9709136455506231,0.0031168351800476076,1,0.747768295882235
2024-03-27 13:25:00+00:00,0.9764847059268253,0.9709136455506231,0.005571060376202294,1,0.745888909772549
2024-03-27 13:30:00+00:00,0.97942792701807,0.9709136455506231,0.008514281467446906,1,0.7436474830065675
2024-03-27 13:35:00+00:00,0.9750529571759922,0.9750529571759922,0.0,0,0.0
2024-03-29 04:30:00+00:00,0.9748335702606276,0.9748335702606276,0.0,1,0.7501687879772949
2024-03-29 04:35:00+00:00,0.9754848813847329,0.9748335702606276,0.0006513111241053534,1,0.7496679157588833
2024-03-29 04:40:00+00:00,0.9838674967783101,0.9748335702606276,0.009033926517682532,1,0.743280696106553
2024-03-29 04:45:00+00:00,0.9814190494043588,0.9748335702606276,0.006585479143731239,1,0.7451350351573339
2024-03-29 04:50:00+00:00,0.979248012324008,0.9748335702606276,0.00441444206338044,1,0.7467870331913721
2024-03-29 04:55:00+00:00,0.9791756444213294,0.9748335702606276,0.004342074160701923,1,0.7468422259564776
2024-03-29 05:00:00+00:00,0.9795472620445049,0.9795472620445049,0.0,0,0.0
2024-03-31 05:15:00+00:00,0.9793268639105449,0.9793268639105449,0.0,1,0.7501687879772949
2024-03-31 05:20:00+00:00,0.9793330359544765,0.9793268639105449,6.1720439316596e-06,1,0.7501640601936447
2024-03-31 05:25:00+00:00,0.9838633162003145,0.9793268639105449,0.004536452289769643,1,0.7467098675562387
2024-03-31 05:30:00+00:00,0.9837913090211119,0.9793268639105449,0.004464445110566948,1,0.7467645219028999
2024-03-31 05:35:00+00:00,0.9828099540359779,0.9793268639105449,0.0034830901254330714,1,0.7475101809016526
2024-03-31 05:40:00+00:00,0.9836575814025925,0.9793268639105449,0.0043307174920476565,1,0.7468660440616235
2024-03-31 05:45:00+00:00,0.9843691619023129,0.9843691619023129,0.0,0,0.0
2024-03-31 18:40:00+00:00,0.9841476788408849,0.9841476788408849,0.0,1,0.7501687879772949
2024-03-31 18:45:00+00:00,0.9841611861420402,0.9841476788408849,1.3507301155278203e-05,1,0.750158492147832
2024-03-31 18:50:00+00:00,0.986756666010176,0.9841476788408849,0.0026089871692910062,1,0.7481853397675665
2024-03-31 18:55:00+00:00,0.9856553014544419,0.9841476788408849,0.0015076226135569348,1,0.7490213569970421
2024-03-31 19:00:00+00:00,0.9833164603082554,0.9841476788408849,-0.000831218532629573,1,0.7508029217728092
2024-03-31 19:05:00+00:00,0.9815023258607914,0.9841476788408849,-0.002645352980093445,1,0.7521906489414127
2024-03-31 19:10:00+00:00,0.9833464208529479,0.9833464208529479,0.0,0,0.0
2024-04-01 13:25:00+00:00,0.983125167908256,0.983125167908256,0.0,1,0.7501687879772948
2024-04-01 13:30:00+00:00,0.9834990954808297,0.983125167908256,0.00037392757257367345,1,0.7498835728762359
2024-04-01 13:35:00+00:00,0.9819410639284389,0.983125167908256,-0.0011841039798170965,1,0.7510734021950002
2024-04-01 13:40:00+00:00,0.9845710211888745,0.983125167908256,0.0014458532806185533,1,0.7490671569321267
2024-04-01 13:45:00+00:00,0.9836735950146974,0.983125167908256,0.0005484271064414751,1,0.7497505467031383
2024-04-01 13:50:00+00:00,0.9829880611316456,0.983125167908256,-0.00013710677661036877,1,0.7502734212159884
2024-04-01 13:55:00+00:00,0.9814206689256879,0.9814206689256879,0.0,0,0.0
2024-04-03 14:05:00+00:00,0.9805376883854695,0.9805376883854695,0.0,4,3.0016882596741117
2024-04-03 14:10:00+00:00,0.981237405830517,0.9805376883854695,0.0006997174450474358,4,2.9995477647975326
2024-04-03 14:15:00+00:00,0.9942894988520297,0.9805376883854695,0.01375181046656016,4,2.9601725360600177
2024-04-03 14:20:00+00:00,0.9843871307746082,0.9805376883854695,0.003849442389138668,4,2.9899501683637584
2024-04-03 14:25:00+00:00,0.9872161073853901,0.9805376883854695,0.006678418999920587,4,2.9813821364704105
2024-04-03 14:30:00+00:00,0.9945826820169648,0.9805376883854695,0.01404499363149524,4,2.9592999361559893
2024-04-03 14:35:00+00:00,0.9917624460660769,0.9917624460660769,0.0,0,0.0
2024-04-04 02:35:00+00:00,0.9915392995157121,0.9915392995157121,0.0,1,0.7501687879772948
2024-04-04 02:40:00+00:00,0.9906278475421348,0.9915392995157121,-0.0009114519735772274,1,0.7508589995678678
2024-04-04 02:45:00+00:00,0.9895880220511521,0.9915392995157121,-0.001951277464559954,1,0.7516479767083409
2024-04-04 02:50:00+00:00,0.990974456039129,0.9915392995157121,-0.0005648434765830403,1,0.7505963751301653
2024-04-04 02:55:00+00:00,0.9934007155180883,0.9915392995157121,0.0018614160023762696,1,0.7487631354902259
2024-04-04 03:00:00+00:00,0.9917575344953011,0.9915392995157121,0.00021823497958901828,1,0.7500037142930138
2024-04-04 03:05:00+00:00,0.9886588211550584,0.9886588211550584,0.0,0,0.0
2024-04-04 20:30:00+00:00,0.9884363729202985,0.9884363729202985,0.0,1,0.7501687879772948
2024-04-04 20:35:00+00:00,0.9934045639545556,0.9884363729202985,0.004968191034257033,1,0.7464170618610267
2024-04-04 20:40:00+00:00,0.9906327656217885,0.9884363729202985,0.0021963927014899865,1,0.7485055427183267
2024-04-04 20:45:00+00:00,0.9913895247788767,0.9884363729202985,0.0029531518585781376,1,0.7479341846300822
2024-04-04 20:50:00+00:00,0.9904446952987251,0.9884363729202985,0.0020083223784265964,1,0.748647672490844
2024-04-04 20:55:00+00:00,0.9916738691958891,0.9884363729202985,0.003237496275590601,1,0.7477197281274975
2024-04-04 21:00:00+00:00,0.9916551638111146,0.9916551638111146,0.0,0,0.0
2024-04-05 08:25:00+00:00,0.9914320413992571,0.9914320413992571,0.0,1,0.7501687879772949
2024-04-05 08:30:00+00:00,0.9888197993493644,0.9914320413992571,-0.0026122420498927634,1,0.7521505671182069
2024-04-05 08:35:00+00:00,0.9898026884034907,0.9914320413992571,-0.0016293529957664026,1,0.7514036702183128
2024-04-05 08:40:00+00:00,0.9879127708598183,0.9914320413992571,-0.00351927053943881,1,0.7528411361774677
2024-04-05 08:45:00+00:00,0.987301488629288,0.9914320413992571,-0.004130552769969138,1,0.7533072535836072
2024-04-05 08:50:00+00:00,0.987718172020243,0.9914320413992571,-0.0037138693790141107,1,0.7529894598750919
2024-04-05 08:55:00+00:00,0.9855237743577719,0.9855237743577719,0.0,0,0.0
2024-04-09 16:15:00+00:00,0.9853020315085415,0.9853020315085415,0.0,1,0.7501687879772949
2024-04-09 16:20:00+00:00,0.9817082887436722,0.9853020315085415,-0.0035937427648692335,1,0.7529149333293671
2024-04-09 16:25:00+00:00,0.9843887280872095,0.9853020315085415,-0.0009133034213319826,1,0.7508647850982366
2024-04-09 16:30:00+00:00,0.9864362269201491,0.9853020315085415,0.0011341954116076104,1,0.7493062507204146
2024-04-09 16:35:00+00:00,0.9859986908624876,0.9853020315085415,0.0006966593539461855,1,0.7496387547145472
2024-04-09 16:40:00+00:00,0.9857055841830836,0.9853020315085415,0.0004035526745421228,1,0.7498616652160932
2024-04-09 16:45:00+00:00,0.9840650350886209,0.9840650350886209,0.0,0,0.0
2024-04-10 13:55:00+00:00,0.9836222556411234,0.9836222556411234,0.0,2,1.5005064019177263
2024-04-10 14:00:00+00:00,0.985258837340561,0.9836222556411234,0.0016365816994376437,2,1.4980139590953954
2024-04-10 14:05:00+00:00,0.9801890079749459,0.9836222556411234,-0.0034332476661775137,2,1.505762133272143
2024-04-10 14:10:00+00:00,0.9860258787560817,0.9836222556411234,0.002403623114958303,2,1.4968486359812558
2024-04-10 14:15:00+00:00,0.9834818284012624,0.9836222556411234,-0.00014042723986095764,2,1.5007206529250454
2024-04-10 14:20:00+00:00,0.987412338181204,0.9836222556411234,0.0037900825400806206,2,1.494746859632015
2024-04-10 14:25:00+00:00,0.994573692825657,0.994573692825657,0.0,0,0.0
2024-04-11 12:35:00+00:00,0.9936788785585603,0.9936788785585603,0.0,4,3.0016882596741117
2024-04-11 12:40:00+00:00,0.9954766160265942,0.9936788785585603,0.0017977374680339599,4,2.996267492008757
2024-04-11 12:45:00+00:00,0.9934242986010765,0.9936788785585603,-0.00025457995748374415,4,3.002457487556501
2024-04-11 12:50:00+00:00,0.9905299905854991,0.9936788785585603,-0.003148887973061269,4,3.011230605841924
2024-04-11 12:55:00+00:00,0.9876158469530291,0.9936788785585603,-0.006063031605531244,4,3.020115799941417
2024-04-11 13:00:00+00:00,0.9948862945369714,0.9936788785585603,0.0012074159784110899,4,2.9980453445120063
2024-04-11 13:05:00+00:00,0.9981193720623788,0.9981193720623788,0.0,0,0.0
2024-04-12 05:55:00+00:00,0.9978947952036648,0.9978947952036648,0.0,1,0.7501687879772949
2024-04-12 06:00:00+00:00,0.9987445403044246,0.9978947952036648,0.0008497451007598242,1,0.7495305344233557
2024-04-12 06:05:00+00:00,0.9971288277888953,0.9978947952036648,-0.0007659674147693792,1,0.7507450473644013
2024-04-12 06:10:00+00:00,0.9975836209414147,0.9978947952036648,-0.0003111742622500343,1,0.750402786625891
2024-04-12 06:15:00+00:00,0.9983854930787514,0.9978947952036648,0.0004906978750866309,1,0.7498000864759524
2024-04-12 06:20:00+00:00,0.9982897471519051,0.9978947952036648,0.0003949519482403131,1,0.7498719997700976
2024-04-12 06:25:00+00:00,1.0001476442020953,1.0001476442020953,0.0,0,0.0
2024-04-12 18:45:00+00:00,0.9996976283946789,0.9996976283946789,0.0,2,1.500506401917726
2024-04-12 18:50:00+00:00,0.9947195014805635,0.9996976283946789,-0.0049781269141154095,2,1.5080157664099987
2024-04-12 18:55:00+00:00,0.9971779558322565,0.9996976283946789,-0.0025196725624223705,2,1.5042978864652317
2024-04-12 19:00:00+00:00,0.9960886647638587,0.9996976283946789,-0.0036089636308201754,2,1.505942939069384
2024-04-12 19:05:00+00:00,0.9990620014418132,0.9996976283946789,-0.0006356269528656486,2,1.5014610596973534
2024-04-12 19:10:00+00:00,1.0032145651405127,0.9996976283946789,0.003516936745833679,2,1.4952461253172522
2024-04-12 19:15:00+00:00,0.9990579557269705,0.9990579557269705,0.0,0,0.0
2024-04-13 20:15:00+00:00,0.9986084302242024,0.9986084302242024,0.0,2,1.500506401917726
2024-04-13 20:20:00+00:00,0.9862403305699958,0.9986084302242024,-0.012368099654206549,2,1.5193237349099469
2024-04-13 20:25:00+00:00,1.0001379917203606,0.9986084302242024,0.001529561496158148,2,1.4982116017640352
2024-04-13 20:30:00+00:00,0.9890429201558776,0.9986084302242024,-0.009565510068324895,2,1.515018521465448
2024-04-13 20:35:00+00:00,1.0093496194460787,0.9986084302242024,0.010741189221876342,2,1.4845384727868072
2024-04-13 20:40:00+00:00,1.0101682918717971,0.9986084302242024,0.011559861647594625,2,1.4833353557197126
2024-04-13 20:45:00+00:00,1.0113677483255687,1.0113677483255687,0.0,0,0.0
2024-04-14 22:05:00+00:00,1.0106852286854058,1.0106852286854058,0.0,3,2.251012879815685
2024-04-14 22:10:00+00:00,1.0418773328987954,1.0106852286854058,0.031192104213389485,3,2.1836212338744696
2024-04-14 22:15:00+00:00,1.0335131780849114,1.0106852286854058,0.022827949399505658,3,2.2012931382510095
2024-04-14 22:20:00+00:00,1.0322369396355568,1.0106852286854058,0.021551710950151064,3,2.204014775923004
2024-04-14 22:25:00+00:00,1.0441826637161045,1.0106852286854058,0.033497435030698616,3,2.1788002676788945
2024-04-14 22:30:00+00:00,1.05145843638444,1.0106852286854058,0.040773207699034184,3,2.1637236323229114
2024-04-14 22:35:00+00:00,1.0472596421944451,1.0472596421944451,0.0,0,0.0
2024-04-17 16:15:00+00:00,1.0470240087749514,1.0470240087749514,0.0,1,0.7501687879772949
2024-04-17 16:20:00+00:00,1.0437410161949259,1.0470240087749514,-0.003282992580025615,1,0.7525283757739636
2024-04-17 16:25:00+00:00,1.0406828861203814,1.0470240087749514,-0.006341122654569892,1,0.7547397407234553
2024-04-17 16:30:00+00:00,1.043261309516566,1.0470240087749514,-0.0037626992583854246,1,0.752874399233495
2024-04-17 16:35:00+00:00,1.0428265753393022,1.0470240087749514,-0.004197433435649141,1,0.7531882579711544
2024-04-17 16:40:00+00:00,1.0399633261028416,1.0470240087749514,-0.007060682672109737,1,0.7552619519663345
2024-04-17 16:45:00+00:00,1.0378688293047034,1.0378688293047034,0.0,0,0.0
2024-04-19 06:40:00+00:00,1.0376353088181098,1.0376353088181098,0.0,1,0.7501687879772948
2024-04-19 06:45:00+00:00,1.0466758113049377,1.0376353088181098,0.00904050248682783,1,0.7436893196261594
2024-04-19 06:50:00+00:00,1.0508395914754864,1.0376353088181098,0.01320428265737655,1,0.7407425722184409
2024-04-19 06:55:00+00:00,1.0596350200997193,1.0376353088181098,0.0219997112816096,1,0.7345940887318676
2024-04-19 07:00:00+00:00,1.0587685973531724,1.0376353088181098,0.02113328853506269,1,0.7351952295567346
2024-04-19 07:05:00+00:00,1.0618753417729339,1.0376353088181098,0.024240032954824017,1,0.7330442579812508
2024-04-19 07:10:00+00:00,1.0592096488621048,1.0592096488621048,0.0,0,0.0
2024-04-23 10:25:00+00:00,1.0589713266911107,1.0589713266911107,0.0,1,0.750168787977295
2024-04-23 10:30:00+00:00,1.0559981582535005,1.0589713266911107,-0.002973168437610305,1,0.7522808921943925
2024-04-23 10:35:00+00:00,1.056115007668079,1.0589713266911107,-0.0028563190230318264,1,0.7521976592309243
2024-04-23 10:40:00+00:00,1.055608660204905,1.0589713266911107,-0.0033626664862056463,1,0.7525584684881002
2024-04-23 10:45:00+00:00,1.0574522843015894,1.0589713266911107,-0.0015190423895213722,1,0.751246414084071
2024-04-23 10:50:00+00:00,1.0573873679601566,1.0589713266911107,-0.001583958730954076,1,0.7512925354679598
2024-04-23 10:55:00+00:00,1.055162605741327,1.055162605741327,0.0,0,0.0
2024-04-25 09:10:00+00:00,1.0549251941550353,1.0549251941550353,0.0,1,0.7501687879772949
2024-04-25 09:15:00+00:00,1.0536712028201063,1.0549251941550353,-0.00125399133492905,1,0.7510615761234831
2024-04-25 09:20:00+00:00,1.0536194918372226,1.0549251941550353,-0.0013057023178126878,1,0.7510984377538994
2024-04-25 09:25:00+00:00,1.053076526516944,1.0549251941550353,-0.0018486676380912357,1,0.7514857034402448
2024-04-25 09:30:00+00:00,1.0544339398176403,1.0549251941550353,-0.0004912543373949101,1,0.7505182870373649
2024-04-25 09:35:00+00:00,1.0539039022430827,1.0549251941550353,-0.0010212919119525045,1,0.7508957435508816
2024-04-25 09:40:00+00:00,1.0537699126225584,1.0537699126225584,0.0,0,0.0
2024-04-28 18:50:00+00:00,1.0535328143922182,1.0535328143922182,0.0,1,0.7501687879772949
2024-04-28 18:55:00+00:00,1.0525480577373463,1.0535328143922182,-0.0009847566548719594,1,0.7508706406868291
2024-04-28 19:00:00+00:00,1.05265904949461,1.0535328143922182,-0.0008737648976081923,1,0.7507914693236726
2024-04-28 19:05:00+00:00,1.050956388707649,1.0535328143922182,-0.0025764256845692184,1,0.7520078311135031
2024-04-28 19:10:00+00:00,1.0505832674811029,1.0535328143922182,-0.0029495469111153467,1,0.752274911404045
2024-04-28 19:15:00+00:00,1.0504321297690842,1.0535328143922182,-0.003100684623134116,1,0.7523831498191663
2024-04-28 19:20:00+00:00,1.048452224797028,1.048452224797028,0.0,0,0.0
2024-04-29 12:40:00+00:00,1.0479804743737633,1.0479804743737633,0.0,2,1.500506401917726
2024-04-29 12:45:00+00:00,1.0458906398311238,1.0479804743737633,-0.0020898345426395414,2,1.5035046217991908
2024-04-29 12:50:00+00:00,1.049958429459043,1.0479804743737633,0.001977955085279653,2,1.4976796859403165
2024-04-29 12:55:00+00:00,1.049697633627216,1.0479804743737633,0.0017171592534526363,2,1.4980517822535715
2024-04-29 13:00:00+00:00,1.0499657634038877,1.0479804743737633,0.001985289030124364,2,1.4976692247418713
2024-04-29 13:05:00+00:00,1.0514595358636538,1.0479804743737633,0.0034790614898905004,2,1.495541537498138
2024-04-29 13:10:00+00:00,1.0471751058145224,1.0471751058145224,0.0,0,0.0
2024-04-30 20:05:00+00:00,1.0469394914157142,1.0469394914157142,0.0,1,0.7501687879772948
2024-04-30 20:10:00+00:00,1.0549506900686867,1.0469394914157142,0.008011198652972553,1,0.7444720750974213
2024-04-30 20:15:00+00:00,1.0484471106897775,1.0469394914157142,0.0015076192740632916,1,0.7490900793690836
2024-04-30 20:20:00+00:00,1.0478226156766717,1.0469394914157142,0.0008831242609575453,1,0.7495365318620286
2024-04-30 20:25:00+00:00,1.047627066733174,1.0469394914157142,0.0006875753174598691,1,0.7496764395463305
2024-04-30 20:30:00+00:00,1.0468574870200538,1.0469394914157142,-8.200439566030737e-05,1,0.7502275515997211
2024-04-30 20:35:00+00:00,1.0480601035605195,1.0480601035605195,0.0,0,0.0
2024-05-02 11:05:00+00:00,1.0478242900372183,1.0478242900372183,0.0,1,0.7501687879772949
2024-05-02 11:10:00+00:00,1.0487188086515635,1.0478242900372183,0.000894518614345209,1,0.7495289215619978
2024-05-02 11:15:00+00:00,1.0467955936307214,1.0478242900372183,-0.0010286964064970166,1,0.7509059862814851
2024-05-02 11:20:00+00:00,1.0483346918348153,1.0478242900372183,0.0005104017975970924,1,0.7498035539534025
2024-05-02 11:25:00+00:00,1.0482741802814919,1.0478242900372183,0.00044989024427363576,1,0.749846836310815
2024-05-02 11:30:00+00:00,1.0485504286770986,1.0478242900372183,0.0007261386398802573,1,0.7496492835944015
2024-05-02 11:35:00+00:00,1.045852058027247,1.045852058027247,0.0,0,0.0
2024-05-02 21:40:00+00:00,1.0456167413141908,1.0456167413141908,0.0,1,0.7501687879772949
2024-05-02 21:45:00+00:00,1.0419924493141215,1.0456167413141908,-0.003624292000069208,1,0.7527780494347628
2024-05-02 21:50:00+00:00,1.0406600277824598,1.0456167413141908,-0.004956713531731003,1,0.7537418778271787
2024-05-02 21:55:00+00:00,1.040120996717722,1.0456167413141908,-0.005495744596468627,1,0.7541324961189205
2024-05-02 22:00:00+00:00,1.0399246259875365,1.0456167413141908,-0.005692115326654178,1,0.7542749002366986
2024-05-02 22:05:00+00:00,1.0426949029999533,1.0456167413141908,-0.002921838314237602,1,0.7522709099887778
2024-05-02 22:10:00+00:00,1.0420220353981613,1.0420220353981613,0.0,0,0.0
2024-05-03 08:40:00+00:00,1.0417875804401968,1.0417875804401968,0.0,1,0.7501687879772949
2024-05-03 08:45:00+00:00,1.0410423458001075,1.0417875804401968,-0.0007452346400894305,1,0.7507057995301581
2024-05-03 08:50:00+00:00,1.0407801336119278,1.0417875804401968,-0.0010074468282690978,1,0.7508949309365108
2024-05-03 08:55:00+00:00,1.0418427830061294,1.0417875804401968,5.5202565932588964e-05,1,0.7501290399052687
2024-05-03 09:00:00+00:00,1.0404213169333663,1.0417875804401968,-0.001366263506830666,1,0.7511538968195451
2024-05-03 09:05:00+00:00,1.0400901015377708,1.0417875804401968,-0.0016974789024260261,1,0.7513931008411201
2024-05-03 09:10:00+00:00,1.0397866433723906,1.0397866433723906,0.0,0,0.0
2024-05-03 12:35:00+00:00,1.0390849452938669,1.0390849452938669,0.0,3,2.251012879815685
2024-05-03 12:40:00+00:00,1.0407620604733065,1.0390849452938669,0.0016771151794395976,3,2.247385530190607
2024-05-03 12:45:00+00:00,1.054066727848787,1.0390849452938669,0.014981782554920107,3,2.219018524427436
2024-05-03 12:50:00+00:00,1.0530190479067365,1.0390849452938669,0.013934102612869554,3,2.221226291897267
2024-05-03 12:55:00+00:00,1.0573935221554458,1.0390849452938669,0.018308576861578985,3,2.212037000483174
2024-05-03 13:00:00+00:00,1.0614589279255298,1.0390849452938669,0.022373982631662986,3,2.2035648611014094
2024-05-03 13:05:00+00:00,1.0740461817347198,1.0740461817347198,0.0,0,0.0
2024-05-04 01:30:00+00:00,1.0738045213438294,1.0738045213438294,0.0,1,0.7501687879772949
2024-05-04 01:35:00+00:00,1.067567741414611,1.0738045213438294,-0.006236779929218465,1,0.7545513085976571
2024-05-04 01:40:00+00:00,1.068725095088468,1.0738045213438294,-0.005079426255361413,1,0.7537341829091779
2024-05-04 01:45:00+00:00,1.066424331760921,1.0738045213438294,-0.0073801895829084824,1,0.7553603310709444
2024-05-04 01:50:00+00:00,1.0656650164809205,1.0738045213438294,-0.008139504862908962,1,0.7558985458311346
2024-05-04 01:55:00+00:00,1.0644594925555777,1.0738045213438294,-0.009345028788251766,1,0.7567546176577322
2024-05-04 02:00:00+00:00,1.0645119242263903,1.0645119242263903,0.0,0,0.0
2024-05-04 04:05:00+00:00,1.0642724090434394,1.0642724090434394,0.0,1,0.7501687879772949
2024-05-04 04:10:00+00:00,1.0633199383294125,1.0642724090434394,-0.0009524707140269875,1,0.7508407529949434
2024-05-04 04:15:00+00:00,1.0621539828001727,1.0642724090434394,-0.0021184262432668056,1,0.7516649714620484
2024-05-04 04:20:00+00:00,1.0596195348657216,1.0642724090434394,-0.004652874177717769,1,0.7534628391604413
2024-05-04 04:25:00+00:00,1.0582510424605105,1.0642724090434394,-0.0060213665829289146,1,0.7544371903603252
2024-05-04 04:30:00+00:00,1.058201776733923,1.0642724090434394,-0.006070632309516613,1,0.7544723139985244
2024-05-04 04:35:00+00:00,1.0592705402903537,1.0592705402903537,0.0,0,0.0
2024-05-09 02:25:00+00:00,1.0590322044187883,1.0590322044187883,0.0,1,0.750168787977295
2024-05-09 02:30:00+00:00,1.0599546034236518,1.0590322044187883,0.0009223990048634039,1,0.7495159723366299
2024-05-09 02:35:00+00:00,1.0638179847628622,1.0590322044187883,0.004785780344073737,1,0.7467940160786607
2024-05-09 02:40:00+00:00,1.0645131260418896,1.0590322044187883,0.005480921623101312,1,0.7463063496189364
2024-05-09 02:45:00+00:00,1.0631763158899137,1.0590322044187883,0.004144111471125274,1,0.7472447357452484
2024-05-09 02:50:00+00:00,1.0640185062856584,1.0590322044187883,0.0049863018668700985,1,0.7466532776681588
2024-05-09 02:55:00+00:00,1.0648095142311145,1.0648095142311145,0.0,0,0.0
2024-05-10 16:10:00+00:00,1.0645699320904125,1.0645699320904125,0.0,1,0.7501687879772949
2024-05-10 16:15:00+00:00,1.0656196087659053,1.0645699320904125,0.0010496766754928566,1,0.749429842604157
2024-05-10 16:20:00+00:00,1.0663412614803065,1.0645699320904125,0.0017713293898939959,1,0.7489226615546141
2024-05-10 16:25:00+00:00,1.0665162075928887,1.0645699320904125,0.0019462755024761385,1,0.7487998119370172
2024-05-10 16:30:00+00:00,1.063842812309993,1.0645699320904125,-0.0007271197804194588,1,0.7506815165101945
2024-05-10 16:35:00+00:00,1.0619621415997351,1.0645699320904125,-0.0026077904906773603,1,0.7520109280640811
2024-05-10 16:40:00+00:00,1.0625371522957439,1.0625371522957439,0.0,0,0.0
2024-05-12 17:40:00+00:00,1.0622980814364773,1.0622980814364773,0.0,1,0.7501687879772949
2024-05-12 17:45:00+00:00,1.0627912061496747,1.0622980814364773,0.0004931247131973349,1,0.749820717005047
2024-05-12 17:50:00+00:00,1.063324313947726,1.0622980814364773,0.0010262325112485604,1,0.749444787228842
2024-05-12 17:55:00+00:00,1.0631110708285054,1.0622980814364773,0.0008129893920281056,1,0.7495951138960149
2024-05-12 18:00:00+00:00,1.0615917136040596,1.0622980814364773,-0.0007063678324177012,1,0.750667939481513
2024-05-12 18:05:00+00:00,1.0613651427898878,1.0622980814364773,-0.0009329386465894234,1,0.7508281854132514
2024-05-12 18:10:00+00:00,1.061299331964988,1.061299331964988,0.0,0,0.0
2024-05-13 06:45:00+00:00,1.061060539615296,1.061060539615296,0.0,1,0.7501687879772948
2024-05-13 06:50:00+00:00,1.0594548218606838,1.061060539615296,-0.0016057177546120913,1,0.7513057494757526
2024-05-13 06:55:00+00:00,1.060967691990029,1.061060539615296,-9.284762526675679e-05,1,0.7502344369042497
2024-05-13 07:00:00+00:00,1.0620327088680883,1.061060539615296,0.0009721692527923312,1,0.7494820944093977
2024-05-13 07:05:00+00:00,1.0660278875670635,1.061060539615296,0.004967347951767556,1,0.7466732420953354
2024-05-13 07:10:00+00:00,1.0637394666854905,1.061060539615296,0.0026789270701945062,1,0.7482795589543375
2024-05-13 07:15:00+00:00,1.0632685552726318,1.0632685552726318,0.0,0,0.0
2024-05-14 14:25:00+00:00,1.0623119364922675,1.0623119364922675,0.0,4,3.0016882596741117
2024-05-14 14:30:00+00:00,1.0682856982987365,1.0623119364922675,0.005973761806468921,4,2.984903076919046
2024-05-14 14:35:00+00:00,1.0724449415408972,1.0623119364922675,0.010133005048629719,4,2.97332678291057
2024-05-14 14:40:00+00:00,1.0588240637493356,1.0623119364922675,-0.0034878727429320097,4,3.011576122088783
2024-05-14 14:45:00+00:00,1.0549060658332616,1.0623119364922675,-0.007405870659005872,4,3.0227613350215776
2024-05-14 14:50:00+00:00,1.0449442547201817,1.0623119364922675,-0.017367681772085867,4,3.051578353081043
2024-05-14 14:55:00+00:00,1.0356029028395408,1.0356029028395408,0.0,0,0.0
2024-05-15 12:35:00+00:00,1.034671174744185,1.034671174744185,0.0,4,3.0016882596741112
2024-05-15 12:40:00+00:00,1.0254324421711436,1.034671174744185,-0.00923873257304137,4,3.0287322598035114
2024-05-15 12:45:00+00:00,1.0278713124958405,1.034671174744185,-0.006799862248344407,4,3.021545868725088
2024-05-15 12:50:00+00:00,1.0325566759041447,1.034671174744185,-0.00211449884004036,4,3.0078352020079895
2024-05-15 12:55:00+00:00,1.0291279692757627,1.034671174744185,-0.005543205468422296,4,3.0178562924866235
2024-05-15 13:00:00+00:00,1.0358095054446141,1.034671174744185,0.0011383307004291764,4,2.9983894736703682
2024-05-15 13:05:00+00:00,1.0359300730661056,1.0359300730661056,0.0,0,0.0
2024-05-16 00:10:00+00:00,1.0356969887996657,1.0356969887996657,0.0,1,0.7501687879772949
2024-05-16 00:15:00+00:00,1.035938680680759,1.0356969887996657,0.00024169188109315632,1,0.7499937682498874
2024-05-16 00:20:00+00:00,1.034628710685234,1.0356969887996657,-0.0010682781144316612,1,0.7509433546310611
2024-05-16 00:25:00+00:00,1.0366637563240382,1.0356969887996657,0.0009667675243726253,1,0.7494691987251483
2024-05-16 00:30:00+00:00,1.0339374719053076,1.0356969887996657,-0.0017595168943579744,1,0.7514453977258844
2024-05-16 00:35:00+00:00,1.0336571093232396,1.0356969887996657,-0.0020398794764259565,1,0.7516492149976752
2024-05-16 00:40:00+00:00,1.0312874688279365,1.0312874688279365,0.0,0,0.0
2024-05-16 03:20:00+00:00,1.0310554291474503,1.0310554291474503,0.0,1,0.7501687879772949
2024-05-16 03:25:00+00:00,1.0312263146152083,1.0310554291474503,0.00017088546775795717,1,0.7500444768126028
2024-05-16 03:30:00+00:00,1.0319525778531797,1.0310554291474503,0.0008971487057293611,1,0.7495166136703975
2024-05-16 03:35:00+00:00,1.0320095396757656,1.0310554291474503,0.0009541105283153467,1,0.7494752440602033
2024-05-16 03:40:00+00:00,1.0334810534259038,1.0310554291474503,0.0024256242784534256,1,0.7484081097151982
2024-05-16 03:45:00+00:00,1.0329494097484344,1.0310554291474503,0.0018939806009841112,1,0.7487933042232175
2024-05-16 03:50:00+00:00,1.0333629373905895,1.0333629373905895,0.0,0,0.0
2024-05-17 06:55:00+00:00,1.0331304307296767,1.0331304307296767,0.0,1,0.7501687879772948
2024-05-17 07:00:00+00:00,1.030683709235338,1.0331304307296767,-0.0024467214943387733,1,0.751949600152242
2024-05-17 07:05:00+00:00,1.0360127427930834,1.0331304307296767,0.0028823120634067162,1,0.7480817281778672
2024-05-17 07:10:00+00:00,1.037495604304804,1.0331304307296767,0.004365173575127274,1,0.7470125172841211
2024-05-17 07:15:00+00:00,1.0384038569807328,1.0331304307296767,0.005273426251056091,1,0.746359133619168
2024-05-17 07:20:00+00:00,1.0350998561749305,1.0331304307296767,0.0019694254452538897,1,0.7487414846205567
2024-05-17 07:25:00+00:00,1.036493863234686,1.036493863234686,0.0,0,0.0
2024-05-17 15:00:00+00:00,1.0362606521154583,1.0362606521154583,0.0,1,0.7501687879772949
2024-05-17 15:05:00+00:00,1.0336448895907064,1.0362606521154583,-0.002615762524751783,1,0.7520671801839323
2024-05-17 15:10:00+00:00,1.0354609062968092,1.0362606521154583,-0.000799745818649067,1,0.7507481863377907
2024-05-17 15:15:00+00:00,1.0372501483976295,1.0362606521154583,0.0009894962821712836,1,0.7494531561426298
2024-05-17 15:20:00+00:00,1.0390172723462605,1.0362606521154583,0.0027566202308022254,1,0.7481785126349179
2024-05-17 15:25:00+00:00,1.038915994491497,1.0362606521154583,0.0026553423760387654,1,0.748251448189998
2024-05-17 15:30:00+00:00,1.0428328471910233,1.0428328471910233,0.0,0,0.0
2024-05-20 16:05:00+00:00,1.0425982098004054,1.0425982098004054,0.0,1,0.7501687879772948
2024-05-20 16:10:00+00:00,1.0402445245937797,1.0425982098004054,-0.0023536852066257407,1,0.7518661400296154
2024-05-20 16:15:00+00:00,1.0387430556378627,1.0425982098004054,-0.003855154162542737,1,0.7529529378302191
2024-05-20 16:20:00+00:00,1.0385527773139562,1.0425982098004054,-0.004045432486449276,1,0.7530908900134113
2024-05-20 16:25:00+00:00,1.0408003679399795,1.0425982098004054,-0.0017978418604259463,1,0.7514646030931945
2024-05-20 16:30:00+00:00,1.0423364329547886,1.0425982098004054,-0.00026177684561679693,1,0.7503571885865302
2024-05-20 16:35:00+00:00,1.040230148778108,1.040230148778108,0.0,0,0.0
2024-05-20 19:25:00+00:00,1.0395281514007877,1.0395281514007877,0.0,3,2.251012879815685
2024-05-20 19:30:00+00:00,1.0553115244607985,1.0395281514007877,0.01578337306001084,3,2.2173464455718506
2024-05-20 19:35:00+00:00,1.0745662319040146,1.0395281514007877,0.03503808050322699,3,2.1776147325865174
2024-05-20 19:40:00+00:00,1.0821437831758975,1.0395281514007877,0.04261563177510976,3,2.162366308538694
2024-05-20 19:45:00+00:00,1.0787387603732195,1.0395281514007877,0.039210608972431726,3,2.1691917855297773
2024-05-20 19:50:00+00:00,1.0849054826968607,1.0395281514007877,0.045377331296073055,3,2.156861860369077
2024-05-20 19:55:00+00:00,1.0934764124530902,1.0934764124530902,0.0,0,0.0
2024-05-21 10:15:00+00:00,1.0932303802602883,1.0932303802602883,0.0,1,0.7501687879772949
2024-05-21 10:20:00+00:00,1.0922666767234932,1.0932303802602883,-0.0009637035367950491,1,0.7508306595967199
2024-05-21 10:25:00+00:00,1.0902886642130394,1.0932303802602883,-0.002941716047248897,1,0.7521928240277209
2024-05-21 10:30:00+00:00,1.091045545529609,1.0932303802602883,-0.002184834730679265,1,0.7516710119940281
2024-05-21 10:35:00+00:00,1.0915163961160796,1.0932303802602883,-0.0017139841442085557,1,0.7513467614943657
2024-05-21 10:40:00+00:00,1.0917122171543783,1.0932303802602883,-0.001518163105910045,1,0.7512119920004952
2024-05-21 10:45:00+00:00,1.091756616164446,1.091756616164446,0.0,0,0.0
2024-05-22 16:10:00+00:00,1.091510970925809,1.091510970925809,0.0,1,0.7501687879772949
2024-05-22 16:15:00+00:00,1.090852530692051,1.091510970925809,-0.0006584402337580951,1,0.7506215909898163
2024-05-22 16:20:00+00:00,1.0904762791299036,1.091510970925809,-0.0010346917959054092,1,0.7508805810766219
2024-05-22 16:25:00+00:00,1.0895266918540076,1.091510970925809,-0.0019842790718013446,1,0.7515350181370802
2024-05-22 16:30:00+00:00,1.088707000950758,1.091510970925809,-0.002803969975051055,1,0.7521008512007994
2024-05-22 16:35:00+00:00,1.0863957413547096,1.091510970925809,-0.005115229571099478,1,0.7537009129861727
2024-05-22 16:40:00+00:00,1.0840538374126796,1.0840538374126796,0.0,0,0.0
2024-05-23 18:40:00+00:00,1.0838099252992617,1.0838099252992617,0.0,1,0.7501687879772949
2024-05-23 18:45:00+00:00,1.0791103697145947,1.0838099252992617,-0.004699555584666853,1,0.753435793851693
2024-05-23 18:50:00+00:00,1.081876591137709,1.0838099252992617,-0.0019333341615525653,1,0.7515093539499831
2024-05-23 18:55:00+00:00,1.085559851644149,1.0838099252992617,0.0017499263448873495,1,0.748959513220859
2024-05-23 19:00:00+00:00,1.0860582893576745,1.0838099252992617,0.002248364058412763,1,0.7486157842783602
2024-05-23 19:05:00+00:00,1.084234999886121,1.0838099252992617,0.0004250745868592186,1,0.7498746841274306
2024-05-23 19:10:00+00:00,1.0839220401240761,1.0839220401240761,0.0,0,0.0
2024-05-23 20:20:00+00:00,1.0836781576650483,1.0836781576650483,0.0,1,0.7501687879772949
2024-05-23 20:25:00+00:00,1.084961618811598,1.0836781576650483,0.001283461146549795,1,0.7492813717995892
2024-05-23 20:30:00+00:00,1.0867143023128003,1.0836781576650483,0.003036144647752036,1,0.7480729096533596
2024-05-23 20:35:00+00:00,1.0883289792391044,1.0836781576650483,0.004650821574056245,1,0.7469630466528769
2024-05-23 20:40:00+00:00,1.0887844009362673,1.0836781576650483,0.005106243271219104,1,0.7466506035483174
2024-05-23 20:45:00+00:00,1.088742998963798,1.0836781576650483,0.005064841298749802,1,0.7466789966656662
2024-05-23 20:50:00+00:00,1.0898791822537484,1.0898791822537484,0.0,0,0.0
2024-05-30 13:50:00+00:00,1.0896339594377413,1.0896339594377413,0.0,1,0.7501687879772948
2024-05-30 13:55:00+00:00,1.0877856381148505,1.0896339594377413,-0.0018483213228908486,1,0.7514434444151097
2024-05-30 14:00:00+00:00,1.089851899387541,1.0896339594377413,0.00021793994979964678,1,0.7500187751653844
2024-05-30 14:05:00+00:00,1.0903377982920122,1.0896339594377413,0.000703838854270913,1,0.7496845362701021
2024-05-30 14:10:00+00:00,1.0914763261171951,1.0896339594377413,0.0018423666794537782,1,0.7489025342383318
2024-05-30 14:15:00+00:00,1.0881298165055175,1.0896339594377413,-0.0015041429322237472,1,0.7512057608304371
2024-05-30 14:20:00+00:00,1.090593956453413,1.090593956453413,0.0,0,0.0
2024-05-30 18:20:00+00:00,1.090348572813211,1.090348572813211,0.0,1,0.7501687879772949
2024-05-30 18:25:00+00:00,1.0906749513726763,1.090348572813211,0.00032637855946540136,1,0.749944304039099
2024-05-30 18:30:00+00:00,1.0895054282012588,1.090348572813211,-0.0008431446119521204,1,0.7507493273259441
2024-05-30 18:35:00+00:00,1.089546225521192,1.090348572813211,-0.000802347292018968,1,0.7507212160262313
2024-05-30 18:40:00+00:00,1.0893286398148818,1.090348572813211,-0.0010199329983291748,1,0.7508711672898454
2024-05-30 18:45:00+00:00,1.089859004974013,1.090348572813211,-0.0004895678391980112,1,0.7505057659816861
2024-05-30 18:50:00+00:00,1.089232846347768,1.089232846347768,0.0,0,0.0
2024-05-31 12:35:00+00:00,1.0889877689573397,1.0889877689573397,0.0,1,0.750168787977295
2024-05-31 12:40:00+00:00,1.089134787197292,1.0889877689573397,0.0001470182399523889,1,0.7500675254924566
2024-05-31 12:45:00+00:00,1.0889616850760577,1.0889877689573397,-2.608388128206562e-05,1,0.7501867567579006
2024-05-31 12:50:00+00:00,1.0880973601008528,1.0889877689573397,-0.0008904088564868604,1,0.7507826640486542
2024-05-31 12:55:00+00:00,1.0870931306714997,1.0889877689573397,-0.0018946382858400833,1,0.7514762182851896
2024-05-31 13:00:00+00:00,1.086265560256283,1.0889877689573397,-0.0027222087010568717,1,0.7520487297490025
2024-05-31 13:05:00+00:00,1.0876068571001813,1.0876068571001813,0.0,0,0.0
2024-06-02 11:50:00+00:00,1.087362145557334,1.087362145557334,0.0,1,0.7501687879772949
2024-06-02 11:55:00+00:00,1.0900747765150118,1.087362145557334,0.0027126309576780095,1,0.7483020067971481
2024-06-02 12:00:00+00:00,1.089808785316865,1.087362145557334,0.0024466397595310865,1,0.7484846459445338
2024-06-02 12:05:00+00:00,1.0880211327599498,1.087362145557334,0.0006589872026159929,1,0.7497144294945466
2024-06-02 12:10:00+00:00,1.08785099424582,1.087362145557334,0.0004888486884861194,1,0.7498316838793203
2024-06-02 12:15:00+00:00,1.088684912596767,1.087362145557334,0.001322767039433146,1,0.7492573226531535
2024-06-02 12:20:00+00:00,1.0860151281482922,1.0860151281482922,0.0,0,0.0
2024-06-03 06:15:00+00:00,1.0857707747444587,1.0857707747444587,0.0,1,0.7501687879772949
2024-06-03 06:20:00+00:00,1.0899296782331613,1.0857707747444587,0.004158903488702643,1,0.7473063284519317
2024-06-03 06:25:00+00:00,1.0962274463731965,1.0857707747444587,0.01045667162873782,1,0.7430130935017013
2024-06-03 06:30:00+00:00,1.0977985876911507,1.0857707747444587,0.012027812946692027,1,0.7419497121273122
2024-06-03 06:35:00+00:00,1.0944186534273164,1.0857707747444587,0.008647878682857674,1,0.7442411033113054
2024-06-03 06:40:00+00:00,1.0949731738924768,1.0857707747444587,0.009202399148018015,1,0.74386420191076
2024-06-03 06:45:00+00:00,1.1084994120401248,1.1084994120401248,0.0,0,0.0
2024-06-03 12:40:00+00:00,1.1082499996724158,1.1082499996724158,0.0,1,0.7501687879772949
2024-06-03 12:45:00+00:00,1.1073789837613397,1.1082499996724158,-0.0008710159110761461,1,0.7507588379600943
2024-06-03 12:50:00+00:00,1.1058287899168664,1.1082499996724158,-0.002421209755549377,1,0.7518112809240519
2024-06-03 12:55:00+00:00,1.1078055551651225,1.1082499996724158,-0.0004444445072933197,1,0.7504697508997183
2024-06-03 13:00:00+00:00,1.1084835415582854,1.1082499996724158,0.00023354188586972,1,0.7500107379685248
2024-06-03 13:05:00+00:00,1.1078162790272286,1.1082499996724158,-0.00043372064518709756,1,0.7504624862166875
2024-06-03 13:10:00+00:00,1.1062931101493414,1.1062931101493414,0.0,0,0.0
2024-06-04 19:45:00+00:00,1.1060441941995578,1.1060441941995578,0.0,1,0.7501687879772949
2024-06-04 19:50:00+00:00,1.106551698386234,1.1060441941995578,0.0005075041866763159,1,0.749824733740003
2024-06-04 19:55:00+00:00,1.1070715807238047,1.1060441941995578,0.0010273865242470368,1,0.7494726150133257
2024-06-04 20:00:00+00:00,1.1076781101176374,1.1060441941995578,0.0016339159180795136,1,0.7490622275851315
2024-06-04 20:05:00+00:00,1.1063412698210269,1.1060441941995578,0.000297075621469036,1,0.7499673520687067
2024-06-04 20:10:00+00:00,1.1065393202353395,1.1060441941995578,0.0004951260357817267,1,0.7498331215519216
2024-06-04 20:15:00+00:00,1.1049288076871564,1.1049288076871564,0.0,0,0.0
2024-06-07 18:10:00+00:00,1.103934707332023,1.103934707332023,0.0,4,3.0016882596741112
2024-06-07 18:15:00+00:00,1.0274522512803603,1.103934707332023,-0.07648245605166255,4,3.225130750666009
2024-06-07 18:20:00+00:00,1.0795194665222003,1.103934707332023,-0.02441524080982259,4,3.0695767452167235
2024-06-07 18:25:00+00:00,1.1050648065649673,1.103934707332023,0.0011300992329443895,4,2.998618570385625
2024-06-07 18:30:00+00:00,1.09429477651419,1.103934707332023,-0.009639930817832931,4,3.0281309219082617
2024-06-07 18:35:00+00:00,1.1044326267505618,1.103934707332023,0.0004979194185387274,4,3.000334986657097
2024-06-07 18:40:00+00:00,1.1029159018511507,1.1029159018511507,0.0,0,0.0
2024-06-12 12:35:00+00:00,1.1021716011101907,1.1021716011101907,0.0,3,2.251012879815685
2024-06-12 12:40:00+00:00,1.1037126321156827,1.1021716011101907,0.001541031005492029,3,2.2478699596926197
2024-06-12 12:45:00+00:00,1.108423554772012,1.1021716011101907,0.0062519536618213115,3,2.2383162638369085
2024-06-12 12:50:00+00:00,1.099701242686753,1.1021716011101907,-0.0024703584234378115,3,2.2560695337622914
2024-06-12 12:55:00+00:00,1.1061923887671834,1.1021716011101907,0.004020787656992638,3,2.242830899090812
2024-06-12 13:00:00+00:00,1.1094419648610416,1.1021716011101907,0.007270363750850936,3,2.2362616057856277
2024-06-12 13:05:00+00:00,1.1192823723783436,1.1192823723783436,0.0,0,0.0
2024-06-14 21:20:00+00:00,1.1190305338445585,1.1190305338445585,0.0,1,0.7501687879772949
2024-06-14 21:25:00+00:00,1.122768302656541,1.1190305338445585,0.003737768811982401,1,0.7476714272192562
2024-06-14 21:30:00+00:00,1.1307379694035553,1.1190305338445585,0.01170743555899683,1,0.7424016898685726
2024-06-14 21:35:00+00:00,1.135537381974962,1.1190305338445585,0.016506848130403456,1,0.7392638873972953
2024-06-14 21:40:00+00:00,1.1403832720381406,1.1190305338445585,0.021352738193582185,1,0.7361224948375792
2024-06-14 21:45:00+00:00,1.1355471667100718,1.1190305338445585,0.016516632865513255,1,0.7392575173392946
2024-06-14 21:50:00+00:00,1.133079085673894,1.133079085673894,0.0,0,0.0
2024-06-17 16:25:00+00:00,1.1325692574474693,1.1325692574474693,0.0,2,1.5005064019177266
2024-06-17 16:30:00+00:00,1.1361452599822632,1.1325692574474693,0.0035760025347940628,2,1.4957835773936723
2024-06-17 16:35:00+00:00,1.1401687809002585,1.1325692574474693,0.007599523452789331,2,1.4905051338743844
2024-06-17 16:40:00+00:00,1.144655280934547,1.1325692574474693,0.012086023487077711,2,1.4846630681925883
2024-06-17 16:45:00+00:00,1.1442453026908166,1.1325692574474693,0.011676045243347376,2,1.485195016679331
2024-06-17 16:50:00+00:00,1.144966964230956,1.1325692574474693,0.012397706783486638,2,1.4842589127072274
2024-06-17 16:55:00+00:00,1.1411527422100445,1.1411527422100445,0.0,0,0.0
2024-06-18 20:00:00+00:00,1.1408959828430472,1.1408959828430472,0.0,1,0.7501687879772949
2024-06-18 20:05:00+00:00,1.143610705473396,1.1408959828430472,0.0027147226303487243,1,0.7483880244923464
2024-06-18 20:10:00+00:00,1.1455792010299992,1.1408959828430472,0.0046832181869520826,1,0.7471020387660834
2024-06-18 20:15:00+00:00,1.1457786237824656,1.1408959828430472,0.0048826409394184525,1,0.7469720056673229
2024-06-18 20:20:00+00:00,1.1480430369717614,1.1408959828430472,0.007147054128714132,1,0.7454986695577904
2024-06-18 20:25:00+00:00,1.1474512017063772,1.1408959828430472,0.00655521886333006,1,0.7458831847356779
2024-06-18 20:30:00+00:00,1.1497033092252473,1.1497033092252473,0.0,0,0.0
2024-06-19 01:05:00+00:00,1.1494446259806717,1.1494446259806717,0.0,1,0.7501687879772949
2024-06-19 01:10:00+00:00,1.1506752182613786,1.1494446259806717,0.0012305922807070834,1,0.749366518227272
2024-06-19 01:15:00+00:00,1.1521019208657046,1.1494446259806717,0.002657294885033059,1,0.7484385420267409
2024-06-19 01:20:00+00:00,1.155886850111545,1.1494446259806717,0.006442224130873312,1,0.7459877944244494
2024-06-19 01:25:00+00:00,1.1520872125914334,1.1494446259806717,0.0026425866107617282,1,0.7484480970666987
2024-06-19 01:30:00+00:00,1.1528422373373652,1.1494446259806717,0.003397611356693487,1,0.7479579199930029
2024-06-19 01:35:00+00:00,1.1525247209957037,1.1525247209957037,0.0,0,0.0
2024-06-20 07:20:00+00:00,1.1522654029334796,1.1522654029334796,0.0,1,0.7501687879772949
2024-06-20 07:25:00+00:00,1.151426039473413,1.1522654029334796,-0.0008393634600664816,1,0.750715644004451
2024-06-20 07:30:00+00:00,1.1511375082840152,1.1522654029334796,-0.0011278946494643676,1,0.7509038099499662
2024-06-20 07:35:00+00:00,1.1506601203161024,1.1522654029334796,-0.001605282617377157,1,0.7512153462912374
2024-06-20 07:40:00+00:00,1.1520752346495582,1.1522654029334796,-0.000190168283921286,1,0.7502926152298653
2024-06-20 07:45:00+00:00,1.15122931366246,1.1522654029334796,-0.0010360892710195857,1,0.7508439287363539
2024-06-20 07:50:00+00:00,1.1503588340808748,1.1503588340808748,0.0,0,0.0
2024-06-20 11:00:00+00:00,1.1498412308424544,1.1498412308424544,0.0,2,1.500506401917726
2024-06-20 11:05:00+00:00,1.1482323528880167,1.1498412308424544,-0.0016088779544377295,2,1.50260887853273
2024-06-20 11:10:00+00:00,1.1601660953125097,1.1498412308424544,0.010324864470055272,2,1.4871526887736803
2024-06-20 11:15:00+00:00,1.1614749149171153,1.1498412308424544,0.01163368407466088,2,1.4854768759178791
2024-06-20 11:20:00+00:00,1.1609736251316325,1.1498412308424544,0.011132394289178168,2,1.4861182810009481
2024-06-20 11:25:00+00:00,1.1571594702100545,1.1498412308424544,0.007318239367600135,2,1.4910167288825507
2024-06-20 11:30:00+00:00,1.1597483884896833,1.1597483884896833,0.0,0,0.0
2024-06-24 08:25:00+00:00,1.1594874451022732,1.1594874451022732,0.0,1,0.7501687879772948
2024-06-24 08:30:00+00:00,1.1598885100275331,1.1594874451022732,0.0004010649252598683,1,0.7499093954699276
2024-06-24 08:35:00+00:00,1.1610556228377185,1.1594874451022732,0.001568177735445313,1,0.7491555738228715
2024-06-24 08:40:00+00:00,1.1622393888627933,1.1594874451022732,0.0027519437605202216,1,0.7483925426226858
2024-06-24 08:45:00+00:00,1.1615621581239464,1.1594874451022732,0.0020747130216732025,1,0.7488288812473932
2024-06-24 08:50:00+00:00,1.162644617091776,1.1594874451022732,0.003157171989502649,1,0.7481316978381555
2024-06-24 08:55:00+00:00,1.1587005376779305,1.1587005376779305,0.0,0,0.0
2024-06-25 09:55:00+00:00,1.1579185907794436,1.1579185907794436,0.0,3,2.2510128798156854
2024-06-25 10:00:00+00:00,1.1543885301585988,1.1579185907794436,-0.003530060620844807,3,2.257896361170927
2024-06-25 10:05:00+00:00,1.1497112111766727,1.1579185907794436,-0.008207379602770765,3,2.2670820605071262
2024-06-25 10:10:00+00:00,1.1505544598358726,1.1579185907794436,-0.007364130943571004,3,2.2654205016895705
2024-06-25 10:15:00+00:00,1.150498546238145,1.1579185907794436,-0.007420044541298536,3,2.265530599882245
2024-06-25 10:20:00+00:00,1.1528826606797724,1.1579185907794436,-0.0050359300996712176,3,2.260845574766208
2024-06-25 10:25:00+00:00,1.1544868454177641,1.1544868454177641,0.0,0,0.0
2024-06-26 01:45:00+00:00,1.1542270858775452,1.1542270858775452,0.0,1,0.7501687879772949
2024-06-26 01:50:00+00:00,1.153840366300027,1.1542270858775452,-0.00038671957751826216,1,0.750420213534267
2024-06-26 01:55:00+00:00,1.1544055718363997,1.1542270858775452,0.00017848595885455295,1,0.7500528022278395
2024-06-26 02:00:00+00:00,1.1541973382177362,1.1542270858775452,-2.9747659809060116e-05,1,0.7501881224231173
2024-06-26 02:05:00+00:00,1.153111548634704,1.1542270858775452,-0.0011155372428411,1,0.750894512407335
2024-06-26 02:10:00+00:00,1.1549112820531544,1.1542270858775452,0.0006841961756091517,1,0.7497243706235367
2024-06-26 02:15:00+00:00,1.1554100878380673,1.1554100878380673,0.0,0,0.0
2024-06-26 19:55:00+00:00,1.1551501205683037,1.1551501205683037,0.0,1,0.7501687879772949
2024-06-26 20:00:00+00:00,1.1558831841935864,1.1551501205683037,0.0007330636252827376,1,0.7496930293030547
2024-06-26 20:05:00+00:00,1.1573213124862418,1.1551501205683037,0.0021711919179381732,1,0.7487614342960197
2024-06-26 20:10:00+00:00,1.1548752217088227,1.1551501205683037,-0.0002748988594810026,1,0.7503473531940013
2024-06-26 20:15:00+00:00,1.1514008055681595,1.1551501205683037,-0.0037493150001442883,1,0.7526115681766846
2024-06-26 20:20:00+00:00,1.1505099296346561,1.1551501205683037,-0.004640190933647609,1,0.7531943389256323
2024-06-26 20:25:00+00:00,1.148839833030147,1.148839833030147,0.0,0,0.0
2024-06-27 12:10:00+00:00,1.1485813440677153,1.1485813440677153,0.0,1,0.7501687879772949
2024-06-27 12:15:00+00:00,1.1473186771503574,1.1485813440677153,-0.001262666917357836,1,0.7509943766562538
2024-06-27 12:20:00+00:00,1.1460259467349672,1.1485813440677153,-0.0025553973327480926,1,0.7518415069287022
2024-06-27 12:25:00+00:00,1.1456626794670766,1.1485813440677153,-0.0029186646006386686,1,0.752079901191694
2024-06-27 12:30:00+00:00,1.1479249576940094,1.1485813440677153,-0.0006563863737058873,1,0.7505977363742328
2024-06-27 12:35:00+00:00,1.1438739013341528,1.1485813440677153,-0.004707442733562477,1,0.7532559959342124
2024-06-27 12:40:00+00:00,1.1443695051140321,1.1443695051140321,0.0,0,0.0
2024-06-28 15:55:00+00:00,1.1441120219753815,1.1441120219753815,0.0,1,0.7501687879772948
2024-06-28 16:00:00+00:00,1.1433632249604981,1.1441120219753815,-0.0007487970148834769,1,0.7506600790533354
2024-06-28 16:05:00+00:00,1.1455017892350052,1.1441120219753815,0.0013897672596237284,1,0.7492586540687143
2024-06-28 16:10:00+00:00,1.1425844760650192,1.1441120219753815,-0.0015275459103623575,1,0.7511717048627952
2024-06-28 16:15:00+00:00,1.144153954608215,1.1441120219753815,4.193263283331767e-05,1,0.750141294690904
2024-06-28 16:20:00+00:00,1.1396491917666762,1.1441120219753815,-0.004462830208705362,1,0.7531064252369002
2024-06-28 16:25:00+00:00,1.1342399851656273,1.1342399851656273,0.0,0,0.0
2024-06-30 22:30:00+00:00,1.1334745454254185,1.1334745454254185,0.0,3,2.251012879815685
2024-06-30 22:35:00+00:00,1.1278823616899314,1.1334745454254185,-0.0055921837354870226,3,2.2621736870438576
2024-06-30 22:40:00+00:00,1.1298017347785547,1.1334745454254185,-0.0036728106468637504,3,2.258330574431223
2024-06-30 22:45:00+00:00,1.127519742274293,1.1334745454254185,-0.005954803151125292,3,2.2629012202920236
2024-06-30 22:50:00+00:00,1.1259342736827223,1.1334745454254185,-0.007540271742696305,3,2.2660876929791596
2024-06-30 22:55:00+00:00,1.1281142123107615,1.1334745454254185,-0.005360333114656999,3,2.261708763928766
2024-06-30 23:00:00+00:00,1.130325210575167,1.130325210575167,0.0,0,0.0
2024-07-03 10:40:00+00:00,1.1300708874027876,1.1300708874027876,0.0,1,0.7501687879772949
2024-07-03 10:45:00+00:00,1.1311607660073704,1.1300708874027876,0.001089878604582853,1,0.7494459968971834
2024-07-03 10:50:00+00:00,1.1313424124414675,1.1300708874027876,0.0012715250386799953,1,0.7493256671089711
2024-07-03 10:55:00+00:00,1.132235507409112,1.1300708874027876,0.0021646200063243403,1,0.7487346072296062
2024-07-03 11:00:00+00:00,1.1322657818147948,1.1300708874027876,0.00219489441200726,1,0.7487145876409088
2024-07-03 11:05:00+00:00,1.1307823359363347,1.1300708874027876,0.0007114485335472029,1,0.7496968081212625
2024-07-03 11:10:00+00:00,1.1302252687071268,1.1302252687071268,0.0,0,0.0
2024-07-03 21:10:00+00:00,1.1297167245538628,1.1297167245538628,0.0,2,1.5005064019177263
2024-07-03 21:15:00+00:00,1.1312783132155837,1.1297167245538628,0.0015615886617209524,2,1.4984351399155282
2024-07-03 21:20:00+00:00,1.1290304607361312,1.1297167245538628,-0.0006862638177316067,2,1.5014184616784871
2024-07-03 21:25:00+00:00,1.1301655758454783,1.1297167245538628,0.0004488512916153258,2,1.499910467790044
2024-07-03 21:30:00+00:00,1.1312927410070248,1.1297167245538628,0.0015760164531619986,2,1.498416029822355
2024-07-03 21:35:00+00:00,1.134036276837861,1.1297167245538628,0.0043195522839980585,2,1.4947909623079543
2024-07-03 21:40:00+00:00,1.1369049076917337,1.1369049076917337,0.0,0,0.0
2024-07-04 13:50:00+00:00,1.136649104087503,1.136649104087503,0.0,1,0.7501687879772949
2024-07-04 13:55:00+00:00,1.1385972829806537,1.136649104087503,0.0019481788931505772,1,0.7488852235240127
2024-07-04 14:00:00+00:00,1.140101817175364,1.136649104087503,0.0034527130878609725,1,0.747896957906213
2024-07-04 14:05:00+00:00,1.1387387349134899,1.136649104087503,0.0020896308259866813,1,0.748792198443639
2024-07-04 14:10:00+00:00,1.1381729271821457,1.136649104087503,0.001523823094642643,1,0.7491644374988223
2024-07-04 14:15:00+00:00,1.1393559797113195,1.136649104087503,0.002706875623816524,1,0.748386541127247
2024-07-04 14:20:00+00:00,1.1417363257644875,1.1417363257644875,0.0,0,0.0
2024-07-05 00:20:00+00:00,1.1414794350911905,1.1414794350911905,0.0,1,0.7501687879772949
2024-07-05 00:25:00+00:00,1.1454197577784273,1.1414794350911905,0.003940322687236862,1,0.7475881557903167
2024-07-05 00:30:00+00:00,1.1404943544193813,1.1414794350911905,-0.000985080671809263,1,0.7508167322400328
2024-07-05 00:35:00+00:00,1.1402773027459319,1.1414794350911905,-0.0012021323452587375,1,0.7509596501318422
2024-07-05 00:40:00+00:00,1.1359863581246612,1.1414794350911905,-0.005493076966529314,1,0.7537962390120503
2024-07-05 00:45:00+00:00,1.1327305830229188,1.1414794350911905,-0.008748852068271622,1,0.7559628539719934
2024-07-05 00:50:00+00:00,1.1374491845563872,1.1374491845563872,0.0,0,0.0
2024-07-05 03:20:00+00:00,1.137193258489862,1.137193258489862,0.0,1,0.7501687879772948
2024-07-05 03:25:00+00:00,1.126495960510727,1.137193258489862,-0.010697297979135162,1,0.7572924522787643
2024-07-05 03:30:00+00:00,1.132631974072363,1.137193258489862,-0.004561284417499235,1,0.7531898338963786
2024-07-05 03:35:00+00:00,1.1336455928318072,1.137193258489862,-0.0035476656580549506,1,0.7525163894355281
2024-07-05 03:40:00+00:00,1.1307314388984049,1.137193258489862,-0.006461819591457306,1,0.7544557965491746
2024-07-05 03:45:00+00:00,1.1318355593327996,1.137193258489862,-0.005357699157062568,1,0.7537198150234585
2024-07-05 03:50:00+00:00,1.1316701349412246,1.1316701349412246,0.0,0,0.0
2024-07-05 04:25:00+00:00,1.1314155091608629,1.1314155091608629,0.0,1,0.7501687879772949
2024-07-05 04:30:00+00:00,1.1399856686920293,1.1314155091608629,0.008570159531166422,1,0.7445291853359357
2024-07-05 04:35:00+00:00,1.1440696190175412,1.1314155091608629,0.012654109856678416,1,0.7418714622758504
2024-07-05 04:40:00+00:00,1.1423514963430352,1.1314155091608629,0.010935987182172445,1,0.7429872538557499
2024-07-05 04:45:00+00:00,1.1450650392972153,1.1314155091608629,0.0136495301363525,1,0.7412265435392571
2024-07-05 04:50:00+00:00,1.1410492684429139,1.1314155091608629,0.009633759282051008,1,0.7438351915900475
2024-07-05 04:55:00+00:00,1.1398674018540884,1.1398674018540884,0.0,0,0.0
2024-07-05 09:15:00+00:00,1.1396109316886713,1.1396109316886713,0.0,1,0.7501687879772948
2024-07-05 09:20:00+00:00,1.1408857341609013,1.1396109316886713,0.001274802472229974,1,0.7493305646593333
2024-07-05 09:25:00+00:00,1.1436986135289737,1.1396109316886713,0.004087681840302448,1,0.7474876171727638
2024-07-05 09:30:00+00:00,1.1515552765915211,1.1396109316886713,0.011944344902849758,1,0.742387767889857
2024-07-05 09:35:00+00:00,1.1505714616401261,1.1396109316886713,0.01096052995145484,1,0.743022558696107
2024-07-05 09:40:00+00:00,1.1509455884526285,1.1396109316886713,0.011334656763957111,1,0.7427810314994339
2024-07-05 09:45:00+00:00,1.153737558981674,1.153737558981674,0.0,0,0.0
2024-07-05 13:10:00+00:00,1.1534779680309033,1.1534779680309033,0.0,1,0.7501687879772949
2024-07-05 13:15:00+00:00,1.1556596826954135,1.1534779680309033,0.002181714664510147,1,0.7487525801869784
2024-07-05 13:20:00+00:00,1.154524124523519,1.1534779680309033,0.00104615649261554,1,0.7494890326292427
2024-07-05 13:25:00+00:00,1.1546166631038253,1.1534779680309033,0.0011386950729218683,1,0.7494289636442272
2024-07-05 13:30:00+00:00,1.158620917265216,1.1534779680309033,0.005142949234312649,1,0.7468388981606673
2024-07-05 13:35:00+00:00,1.1605955964619221,1.1534779680309033,0.0071176284310189245,1,0.7455681995297363
2024-07-05 13:40:00+00:00,1.1630682463059585,1.1630682463059585,0.0,0,0.0
2024-07-06 00:35:00+00:00,1.1628065559505396,1.1628065559505396,0.0,1,0.7501687879772949
2024-07-06 00:40:00+00:00,1.1637213972559717,1.1628065559505396,0.0009148413054320762,1,0.7495790545626599
2024-07-06 00:45:00+00:00,1.1618218309342758,1.1628065559505396,-0.0009847250162636878,1,0.7508046083348341
2024-07-06 00:50:00+00:00,1.1535183754745557,1.1628065559505396,-0.009288180475983792,1,0.7562091799106412
2024-07-06 00:55:00+00:00,1.1493126466954169,1.1628065559505396,-0.013493909255122834,1,0.7589764084103394
2024-07-06 01:00:00+00:00,1.1480547399004477,1.1628065559505396,-0.014751816050091938,1,0.7598080077654742
2024-07-06 01:05:00+00:00,1.145988779192649,1.145988779192649,0.0,0,0.0
2024-07-08 01:30:00+00:00,1.1454731422576943,1.1454731422576943,0.0,2,1.5005064019177263
2024-07-08 01:35:00+00:00,1.1354065521932177,1.1454731422576943,-0.010066590064476508,2,1.5138099915509293
2024-07-08 01:40:00+00:00,1.141189725218346,1.1454731422576943,-0.004283417039348228,2,1.5061385019512206
2024-07-08 01:45:00+00:00,1.1430052000292534,1.1454731422576943,-0.0024679422284407137,2,1.503746249919506
2024-07-08 01:50:00+00:00,1.1494041003857138,1.1454731422576943,0.003930958128019479,2,1.4953746751083437
2024-07-08 01:55:00+00:00,1.146949818998729,1.1454731422576943,0.0014766767410347983,2,1.498574527596128
2024-07-08 02:00:00+00:00,1.156455729589273,1.156455729589273,0.0,0,0.0
2024-07-09 14:15:00+00:00,1.1556752975953415,1.1556752975953415,0.0,3,2.251012879815685
2024-07-09 14:20:00+00:00,1.1435098118575027,1.1556752975953415,-0.01216548573783875,3,2.2749607854664515
2024-07-09 14:25:00+00:00,1.1347424362134955,1.1556752975953415,-0.02093286138184601,3,2.2925378453745355
2024-07-09 14:30:00+00:00,1.1404748910413542,1.1556752975953415,-0.015200406553987198,3,2.28101468976366
2024-07-09 14:35:00+00:00,1.1416851731468267,1.1556752975953415,-0.013990124448514815,3,2.2785966227463477
2024-07-09 14:40:00+00:00,1.1398124162667267,1.1556752975953415,-0.015862881328614863,3,2.282340447117201
2024-07-09 14:45:00+00:00,1.1401660913806133,1.1401660913806133,0.0,0,0.0
2024-07-11 12:35:00+00:00,1.1396530743604005,1.1396530743604005,0.0,2,1.5005064019177263
2024-07-11 12:40:00+00:00,1.1364529552520843,1.1396530743604005,-0.0032001191083161832,2,1.5047316531142112
2024-07-11 12:45:00+00:00,1.1273094280135827,1.1396530743604005,-0.012343646346817828,2,1.5169364253932198
2024-07-11 12:50:00+00:00,1.1329382992068553,1.1396530743604005,-0.006714775153545281,2,1.509399704503036
2024-07-11 12:55:00+00:00,1.1193982323145868,1.1396530743604005,-0.020254842045813633,2,1.5276571685369775
2024-07-11 13:00:00+00:00,1.1226399702683045,1.1396530743604005,-0.017013104092095985,2,1.5232459019201907
2024-07-11 13:05:00+00:00,1.121165740455513,1.121165740455513,0.0,0,0.0
2024-07-15 02:30:00+00:00,1.1204091238449816,1.1204091238449816,0.0,3,2.251012879815685
2024-07-15 02:35:00+00:00,1.1357458857715668,1.1204091238449816,0.015336761926585084,3,2.220615896596189
2024-07-15 02:40:00+00:00,1.1299047254903671,1.1204091238449816,0.009495601645385505,3,2.2320956019929152
2024-07-15 02:45:00+00:00,1.1260630119528339,1.1204091238449816,0.005653888107852344,3,2.2397106926230332
2024-07-15 02:50:00+00:00,1.1326174223042982,1.1204091238449816,0.012208298459316534,3,2.226749579135879
2024-07-15 02:55:00+00:00,1.1338278090839067,1.1204091238449816,0.013418685238925022,3,2.2243724736966834
2024-07-15 03:00:00+00:00,1.1322524943428847,1.1322524943428847,0.0,0,0.0
2024-07-15 07:45:00+00:00,1.1319977375316574,1.1319977375316574,0.0,1,0.7501687879772949
2024-07-15 07:50:00+00:00,1.130499194765843,1.1319977375316574,-0.0014985427658145503,1,0.7511631805567572
2024-07-15 07:55:00+00:00,1.1292731143210857,1.1319977375316574,-0.0027246232105717296,1,0.7519787374621884
2024-07-15 08:00:00+00:00,1.1285919585184427,1.1319977375316574,-0.0034057790132147325,1,0.752432590315401
2024-07-15 08:05:00+00:00,1.130711109904443,1.1319977375316574,-0.0012866276272145405,1,0.7510223993721341
2024-07-15 08:10:00+00:00,1.1299845437149572,1.1319977375316574,-0.002013193816700329,1,0.7515052975550918
2024-07-15 08:15:00+00:00,1.1293362302177585,1.1293362302177585,0.0,0,0.0
2024-07-15 19:25:00+00:00,1.1290821295659594,1.1290821295659594,0.0,1,0.7501687879772949
2024-07-15 19:30:00+00:00,1.122361406198098,1.1290821295659594,-0.00672072336786145,1,0.7546608142313672
2024-07-15 19:35:00+00:00,1.1275687883867807,1.1290821295659594,-0.001513341179178824,1,0.751175610203906
2024-07-15 19:40:00+00:00,1.1257701451820188,1.1290821295659594,-0.0033119843839405434,1,0.7523757636390085
2024-07-15 19:45:00+00:00,1.1258644188948201,1.1290821295659594,-0.0032177106711393246,1,0.7523127638181868
2024-07-15 19:50:00+00:00,1.126167087130656,1.1290821295659594,-0.002915042435303447,1,0.7521105725273706
2024-07-15 19:55:00+00:00,1.1251513541149096,1.1251513541149096,0.0,0,0.0
2024-07-15 22:15:00+00:00,1.1248981950602337,1.1248981950602337,0.0,1,0.7501687879772949
2024-07-15 22:20:00+00:00,1.1242347099710703,1.1248981950602337,-0.0006634850891632656,1,0.7506115120817584
2024-07-15 22:25:00+00:00,1.1251838622514012,1.1248981950602337,0.0002856671911675679,1,0.7499783314503641
2024-07-15 22:30:00+00:00,1.125661729488239,1.1248981950602337,0.0007635344280052539,1,0.7496599497700157
2024-07-15 22:35:00+00:00,1.127707475179826,1.1248981950602337,0.0028092801195921534,1,0.7483000105604678
2024-07-15 22:40:00+00:00,1.1278088409573368,1.1248981950602337,0.002910645897103087,1,0.7482327544709363
2024-07-15 22:45:00+00:00,1.1283573930520667,1.1283573930520667,0.0,0,0.0
2024-07-18 16:10:00+00:00,1.12810351263863,1.12810351263863,0.0,1,0.7501687879772948
2024-07-18 16:15:00+00:00,1.1285841175451579,1.12810351263863,0.0004806049065278847,1,0.7498493303536929
2024-07-18 16:20:00+00:00,1.1280462384787848,1.12810351263863,-5.727415984534697e-05,1,0.7502068762095038
2024-07-18 16:25:00+00:00,1.1274635361568803,1.12810351263863,-0.000639976481749736,1,0.7505946025302733
2024-07-18 16:30:00+00:00,1.1282230413200465,1.12810351263863,0.00011952868141629458,1,0.7500893119492554
2024-07-18 16:35:00+00:00,1.1301977547442779,1.12810351263863,0.0020942421056478616,1,0.748778734727295
2024-07-18 16:40:00+00:00,1.130598791897768,1.130598791897768,0.0,0,0.0
2024-07-19 06:05:00+00:00,1.130344407169591,1.130344407169591,0.0,1,0.750168787977295
2024-07-19 06:10:00+00:00,1.1346494780850314,1.130344407169591,0.004305070915440311,1,0.7473225082290834
2024-07-19 06:15:00+00:00,1.1361120652027619,1.130344407169591,0.005767658033170874,1,0.7463604338820156
2024-07-19 06:20:00+00:00,1.1339156004499862,1.130344407169591,0.003571193280395305,1,0.7478061802719916
2024-07-19 06:25:00+00:00,1.134447920143012,1.130344407169591,0.004103512973421034,1,0.7474552854012293
2024-07-19 06:30:00+00:00,1.1378537325479041,1.130344407169591,0.007509325378313207,1,0.7452180097213216
2024-07-19 06:35:00+00:00,1.1339299596445018,1.1339299596445018,0.0,0,0.0
2024-07-19 13:40:00+00:00,1.133164729124438,1.133164729124438,0.0,3,2.251012879815685
2024-07-19 13:45:00+00:00,1.1277898920262808,1.133164729124438,-0.005374837098157327,3,2.261740788994872
2024-07-19 13:50:00+00:00,1.1408797561711463,1.133164729124438,0.007715027046708364,3,2.235790745181138
2024-07-19 13:55:00+00:00,1.1507665981637654,1.133164729124438,0.017601869039327336,3,2.2165818892224767
2024-07-19 14:00:00+00:00,1.1502088939983357,1.133164729124438,0.01704416487389772,3,2.2176566478676984
2024-07-19 14:05:00+00:00,1.1476152112964164,1.133164729124438,0.014450482171978446,3,2.222668691651845
2024-07-19 14:10:00+00:00,1.1565278994626722,1.1565278994626722,0.0,0,0.0
2024-07-21 16:50:00+00:00,1.1562676806852932,1.1562676806852932,0.0,1,0.7501687879772949
2024-07-21 16:55:00+00:00,1.156920241736346,1.1562676806852932,0.0006525610510527834,1,0.7497456551500787
2024-07-21 17:00:00+00:00,1.1568908028919376,1.1562676806852932,0.0006231222066443205,1,0.7497647335675341
2024-07-21 17:05:00+00:00,1.1535298681553128,1.1562676806852932,-0.0027378125299804008,1,0.7519492546682951
2024-07-21 17:10:00+00:00,1.1564345008036072,1.1562676806852932,0.00016682011831410925,1,0.7500605732484201
2024-07-21 17:15:00+00:00,1.156473752596152,1.1562676806852932,0.00020607191085866218,1,0.750035115496395
2024-07-21 17:20:00+00:00,1.1532598364297975,1.1532598364297975,0.0,0,0.0
2024-07-27 03:40:00+00:00,1.1530003529666009,1.1530003529666009,0.0,1,0.7501687879772948
2024-07-27 03:45:00+00:00,1.1500397338417596,1.1530003529666009,-0.002960619124841152,1,0.7520999943479871
2024-07-27 03:50:00+00:00,1.152067757942276,1.1530003529666009,-0.0009325950243249196,1,0.7507760471200391
2024-07-27 03:55:00+00:00,1.1532816117834608,1.1530003529666009,0.00028125881685992383,1,0.7499858390916142
2024-07-27 04:00:00+00:00,1.1515644526910531,1.1530003529666009,-0.0014359002755478098,1,0.7511041829235756
2024-07-27 04:05:00+00:00,1.1528079127234863,1.1530003529666009,-0.00019244024311467967,1,0.7502940149664072
2024-07-27 04:10:00+00:00,1.1521931549653086,1.1521931549653086,0.0,0,0.0
2024-07-27 20:30:00+00:00,1.1516747263753526,1.1516747263753526,0.0,2,1.5005064019177266
2024-07-27 20:35:00+00:00,1.146515616008804,1.1516747263753526,-0.005159110366548638,2,1.5072584060117964
2024-07-27 20:40:00+00:00,1.1405635916147365,1.1516747263753526,-0.011111134760615987,2,1.5151240251379026
2024-07-27 20:45:00+00:00,1.147702998177082,1.1516747263753526,-0.003971728198270589,2,1.5056990376411217
2024-07-27 20:50:00+00:00,1.140576964498946,1.1516747263753526,-0.011097761876406497,2,1.5151062608144226
2024-07-27 20:55:00+00:00,1.1640224848343435,1.1516747263753526,0.012347758458990927,2,1.484589277585127
2024-07-27 21:00:00+00:00,1.157914464753945,1.157914464753945,0.0,0,0.0
2024-07-29 00:10:00+00:00,1.1576539339993754,1.1576539339993754,0.0,1,0.7501687879772948
2024-07-29 00:15:00+00:00,1.1560623039198583,1.1576539339993754,-0.001591630079517179,1,0.751201596679396
2024-07-29 00:20:00+00:00,1.1597790572429565,1.1576539339993754,0.0021251232435811488,1,0.7487942148480564
2024-07-29 00:25:00+00:00,1.1602404909038173,1.1576539339993754,0.0025865569044418845,1,0.7484964155051637
2024-07-29 00:30:00+00:00,1.1592038454191438,1.1576539339993754,0.0015499114197683745,1,0.7491657761465159
2024-07-29 00:35:00+00:00,1.1587348265474193,1.1576539339993754,0.0010808925480438867,1,0.7494690145398157
2024-07-29 00:40:00+00:00,1.1585716393322645,1.1585716393322645,0.0,0,0.0
2024-07-29 02:50:00+00:00,1.1583109607134148,1.1583109607134148,0.0,1,0.7501687879772948
2024-07-29 02:55:00+00:00,1.1599913630255325,1.1583109607134148,0.0016804023121178534,1,0.7490820683637042
2024-07-29 03:00:00+00:00,1.1607073605324352,1.1583109607134148,0.002396399819020352,1,0.748619987298613
2024-07-29 03:05:00+00:00,1.1608827068606562,1.1583109607134148,0.002571746147241396,1,0.7485069114768871
2024-07-29 03:10:00+00:00,1.1610580531888772,1.1583109607134148,0.0027470924754624394,1,0.7483938698092332
2024-07-29 03:15:00+00:00,1.1614525824273745,1.1583109607134148,0.0031416217139596915,1,0.7481396508527134
2024-07-29 03:20:00+00:00,1.1594092161382779,1.1594092161382779,0.0,0,0.0
2024-07-30 05:00:00+00:00,1.1591483490646468,1.1591483490646468,0.0,1,0.7501687879772948
2024-07-30 05:05:00+00:00,1.1574584133148564,1.1591483490646468,-0.0016899357497903488,1,0.751264064523386
2024-07-30 05:10:00+00:00,1.1562735700936349,1.1591483490646468,-0.0028747789710120452,1,0.752033891108738
2024-07-30 05:15:00+00:00,1.1537528279417129,1.1591483490646468,-0.005395521122933935,1,0.7536769497284717
2024-07-30 05:20:00+00:00,1.15107158909847,1.1591483490646468,-0.008076759966176777,1,0.7554325207390041
2024-07-30 05:25:00+00:00,1.1482628970003548,1.1591483490646468,-0.010885452064292027,1,0.7572803356925323
2024-07-30 05:30:00+00:00,1.1486676191466132,1.1486676191466132,0.0,0,0.0
2024-08-01 05:10:00+00:00,1.1484091689323053,1.1484091689323053,0.0,1,0.7501687879772948
2024-08-01 05:15:00+00:00,1.1499299115878392,1.1484091689323053,0.0015207426555338918,1,0.7491767156229442
2024-08-01 05:20:00+00:00,1.1504925863703868,1.1484091689323053,0.0020834174380814988,1,0.7488103135699915
2024-08-01 05:25:00+00:00,1.1515418988027049,1.1484091689323053,0.003132729870399683,1,0.7481279797597377
2024-08-01 05:30:00+00:00,1.1532755454300139,1.1484091689323053,0.004866376497708645,1,0.7470033659984857
2024-08-01 05:35:00+00:00,1.1528649449130195,1.1484091689323053,0.004455775980714331,1,0.7472694162150605
2024-08-01 05:40:00+00:00,1.1525000427128242,1.1525000427128242,0.0,0,0.0
2024-08-02 06:40:00+00:00,1.1522407302032138,1.1522407302032138,0.0,1,0.7501687879772949
2024-08-02 06:45:00+00:00,1.1527115806133963,1.1522407302032138,0.0004708504101824641,1,0.749862365028601
2024-08-02 06:50:00+00:00,1.1549443228810357,1.1522407302032138,0.002703592677821841,1,0.7484127285706851
2024-08-02 06:55:00+00:00,1.156204986882492,1.1522407302032138,0.003964256679278054,1,0.7475966994099004
2024-08-02 07:00:00+00:00,1.1549443228810357,1.1522407302032138,0.002703592677821841,1,0.7484127285706851
2024-08-02 07:05:00+00:00,1.1542304529043073,1.1522407302032138,0.00198972270109349,1,0.7488756078646628
2024-08-02 07:10:00+00:00,1.1531965155263324,1.1531965155263324,0.0,0,0.0
2024-08-02 15:35:00+00:00,1.152937046310339,1.152937046310339,0.0,1,0.7501687879772949
2024-08-02 15:40:00+00:00,1.1525708582388854,1.152937046310339,-0.00036618807145367076,1,0.7504071272167182
2024-08-02 15:45:00+00:00,1.1575310421158485,1.152937046310339,0.004593995805509513,1,0.7471915267721938
2024-08-02 15:50:00+00:00,1.1554448797693853,1.152937046310339,0.002507833459046229,1,0.7485405853521753
2024-08-02 15:55:00+00:00,1.155971968660114,1.152937046310339,0.0030349223497749102,1,0.7481992730734216
2024-08-02 16:00:00+00:00,1.1571204676114917,1.152937046310339,0.0041834213011525765,1,0.7474566485113308
2024-08-02 16:05:00+00:00,1.157770920270019,1.157770920270019,0.0,0,0.0
2024-08-02 21:20:00+00:00,1.1575104218129584,1.1575104218129584,0.0,1,0.7501687879772948
2024-08-02 21:25:00+00:00,1.1571942600280734,1.1575104218129584,-0.0003161617848849373,1,0.7503737446653501
2024-08-02 21:30:00+00:00,1.1539224206395398,1.1575104218129584,-0.003588001173418722,1,0.7525013594252374
2024-08-02 21:35:00+00:00,1.1566663568643205,1.1575104218129584,-0.0008440649486377772,1,0.7507162156566218
2024-08-02 21:40:00+00:00,1.1606546362608046,1.1575104218129584,0.00314421444784618,1,0.7481365800596318
2024-08-02 21:45:00+00:00,1.160962096345188,1.1575104218129584,0.00345167453222981,1,0.7479384494429996
2024-08-02 21:50:00+00:00,1.1608321233956487,1.1608321233956487,0.0,0,0.0
2024-08-03 16:30:00+00:00,1.1600487380005127,1.1600487380005127,0.0,3,2.2510128798156854
2024-08-03 16:35:00+00:00,1.1669806007645855,1.1600487380005127,0.006931862764072952,3,2.237641867176041
2024-08-03 16:40:00+00:00,1.14815879767108,1.1600487380005127,-0.011889940329432643,3,2.2743236003153946
2024-08-03 16:45:00+00:00,1.1469101044780465,1.1600487380005127,-0.013138633522466062,3,2.2767997598569147
2024-08-03 16:50:00+00:00,1.1447021143898692,1.1600487380005127,-0.015346623610643415,3,2.281191427557475
2024-08-03 16:55:00+00:00,1.149722916995291,1.1600487380005127,-0.01032582100522183,3,2.2712295387461436
2024-08-03 17:00:00+00:00,1.1529437386907333,1.1529437386907333,0.0,0,0.0
2024-08-04 17:50:00+00:00,1.1524249723760993,1.1524249723760993,0.0,2,1.5005064019177263
2024-08-04 17:55:00+00:00,1.1594809962199504,1.1524249723760993,0.00705602384385101,2,1.4913750673082766
2024-08-04 18:00:00+00:00,1.1563169014669916,1.1524249723760993,0.003891929090892354,2,1.4954560005015707
2024-08-04 18:05:00+00:00,1.1554873657271265,1.1524249723760993,0.003062393351027233,2,1.4965296030666935
2024-08-04 18:10:00+00:00,1.1669166056639606,1.1524249723760993,0.0144916332878612,2,1.48187200386637
2024-08-04 18:15:00+00:00,1.1595973334002727,1.1524249723760993,0.007172361024173421,2,1.4912254443614688
2024-08-04 18:20:00+00:00,1.1594495600127561,1.1594495600127561,0.0,0,0.0
2024-08-05 00:20:00+00:00,1.1589278664078844,1.1589278664078844,0.0,2,1.5005064019177263
2024-08-05 00:25:00+00:00,1.141276102396834,1.1589278664078844,-0.017651764011050335,2,1.5237142697142187
2024-08-05 00:30:00+00:00,1.141092151831325,1.1589278664078844,-0.017835714576559407,2,1.5239599011482254
2024-08-05 00:35:00+00:00,1.1410613564092478,1.1589278664078844,-0.0178665099986365,2,1.5240010303899802
2024-08-05 00:40:00+00:00,1.1188365142053673,1.1589278664078844,-0.04009135220251709,2,1.554274159653217
2024-08-05 00:45:00+00:00,1.1163904285120205,1.1589278664078844,-0.04253743789586392,2,1.5576796777303774
2024-08-05 00:50:00+00:00,1.1206648277306344,1.1206648277306344,0.0,0,0.0
2024-08-05 05:25:00+00:00,1.1201605852918126,1.1201605852918126,0.0,2,1.5005064019177263
2024-08-05 05:30:00+00:00,1.1274780110498661,1.1201605852918126,0.007317425758053395,2,1.490767990979412
2024-08-05 05:35:00+00:00,1.1388130186765986,1.1201605852918126,0.018652433384786022,2,1.4759298513811512
2024-08-05 05:40:00+00:00,1.1252992728764932,1.1201605852918126,0.0051386875846806245,2,1.4936543281591088
2024-08-05 05:45:00+00:00,1.1187062546238966,1.1201605852918126,-0.0014543306679159296,2,1.5024570770558099
2024-08-05 05:50:00+00:00,1.1177190436978948,1.1201605852918126,-0.0024415415939177546,2,1.5037841028863899
2024-08-05 05:55:00+00:00,1.1133844297786888,1.1133844297786888,0.0,0,0.0
2024-08-08 12:35:00+00:00,1.1123827219316829,1.1123827219316829,0.0,4,3.0016882596741112
2024-08-08 12:40:00+00:00,1.0961140351875152,1.1123827219316829,-0.01626868674416764,4,3.0462397610988057
2024-08-08 12:45:00+00:00,1.0846722690370065,1.1123827219316829,-0.027710452894676326,4,3.0783733040866967
2024-08-08 12:50:00+00:00,1.0706235559070083,1.1123827219316829,-0.04175916602467449,4,3.118767692214577
2024-08-08 12:55:00+00:00,1.064826019615687,1.1123827219316829,-0.0475567023159959,4,3.1357480895252476
2024-08-08 13:00:00+00:00,1.0710760546631752,1.1123827219316829,-0.04130666726850763,4,3.117450102772299
2024-08-08 13:05:00+00:00,1.0691459401768684,1.0691459401768684,0.0,0,0.0
2024-08-08 21:45:00+00:00,1.0689053823403285,1.0689053823403285,0.0,1,0.7501687879772949
2024-08-08 21:50:00+00:00,1.068331394666213,1.0689053823403285,-0.0005739876741154943,1,0.7505718348595216
2024-08-08 21:55:00+00:00,1.0686018184202997,1.0689053823403285,-0.00030356392002875595,1,0.7503818927783875
2024-08-08 22:00:00+00:00,1.0777166896609875,1.0689053823403285,0.008811307320659151,1,0.7440354805908114
2024-08-08 22:05:00+00:00,1.0728503876940643,1.0689053823403285,0.003945005353735843,1,0.74741032331277
2024-08-08 22:10:00+00:00,1.0727456647696876,1.0689053823403285,0.003840282429359015,1,0.7474832865484531
2024-08-08 22:15:00+00:00,1.0710973126839316,1.0710973126839316,0.0,0,0.0
2024-08-12 14:10:00+00:00,1.0706153731175254,1.0706153731175254,0.0,2,1.500506401917726
2024-08-12 14:15:00+00:00,1.0888420012758622,1.0706153731175254,0.0182266281583367,2,1.4753887336013758
2024-08-12 14:20:00+00:00,1.0858154174384043,1.0706153731175254,0.015200044320878767,2,1.4795012076217025
2024-08-12 14:25:00+00:00,1.0911127531140645,1.0706153731175254,0.020497379996539198,2,1.4723182519583682
2024-08-12 14:30:00+00:00,1.0882237743884828,1.0706153731175254,0.01760840127095748,2,1.4762269113787005
2024-08-12 14:35:00+00:00,1.0958491092991811,1.0706153731175254,0.025233736181655704,2,1.4659547630437468
2024-08-12 14:40:00+00:00,1.1133730401631976,1.1133730401631976,0.0,0,0.0
2024-08-12 23:20:00+00:00,1.1128720786596342,1.1128720786596342,0.0,2,1.5005064019177266
2024-08-12 23:25:00+00:00,1.1017753724345623,1.1128720786596342,-0.011096706225071959,2,1.5156189912417448
2024-08-12 23:30:00+00:00,1.0963870461520004,1.1128720786596342,-0.01648503250763384,2,1.5230676834472212
2024-08-12 23:35:00+00:00,1.1044318633632402,1.1128720786596342,-0.008440215296394087,2,1.5119734715540885
2024-08-12 23:40:00+00:00,1.1097032122167736,1.1128720786596342,-0.00316886644286069,2,1.5047912452271697
2024-08-12 23:45:00+00:00,1.1054555470402119,1.1128720786596342,-0.007416531619422455,2,1.5105733405700899
2024-08-12 23:50:00+00:00,1.1032814174781678,1.1032814174781678,0.0,0,0.0
2024-08-16 02:35:00+00:00,1.1030331791592352,1.1030331791592352,0.0,1,0.7501687879772949
2024-08-16 02:40:00+00:00,1.1020789082106757,1.1030331791592352,-0.0009542709485595597,1,0.750818346076583
2024-08-16 02:45:00+00:00,1.0994164922641945,1.1030331791592352,-0.0036166868950407577,1,0.752636574883928
2024-08-16 02:50:00+00:00,1.0983349851891604,1.1030331791592352,-0.004698193970074846,1,0.7533776800946723
2024-08-16 02:55:00+00:00,1.099330607878824,1.1030331791592352,-0.0037025712804110806,1,0.7526953740560587
2024-08-16 03:00:00+00:00,1.1003771250190777,1.1030331791592352,-0.0026560541401574674,1,0.7519795207431996
2024-08-16 03:05:00+00:00,1.0979277017121345,1.0979277017121345,0.0,0,0.0
2024-08-16 13:20:00+00:00,1.0971867672487423,1.0971867672487423,0.0,3,2.251012879815685
2024-08-16 13:25:00+00:00,1.091110305039591,1.0971867672487423,-0.006076462209151337,3,2.2635489127294393
2024-08-16 13:30:00+00:00,1.0961209331312518,1.0971867672487423,-0.0010658341174905352,3,2.2532016951678053
2024-08-16 13:35:00+00:00,1.107126895368932,1.0971867672487423,0.00994012812018964,3,2.23080258909006
2024-08-16 13:40:00+00:00,1.0954405166702652,1.0971867672487423,-0.0017462505784771546,3,2.2546012376349536
2024-08-16 13:45:00+00:00,1.0931805612831416,1.0971867672487423,-0.004006205965600653,3,2.259262222648105
2024-08-16 13:50:00+00:00,1.0897828924125854,1.0897828924125854,0.0,0,0.0
2024-08-17 15:15:00+00:00,1.0895376912617927,1.0895376912617927,0.0,1,0.7501687879772949
2024-08-17 15:20:00+00:00,1.088945087625372,1.0895376912617927,-0.0005926036364206719,1,0.750577029638639
2024-08-17 15:25:00+00:00,1.0890970372757363,1.0895376912617927,-0.0004406539860563668,1,0.7504723099366092
2024-08-17 15:30:00+00:00,1.0866962327999807,1.0895376912617927,-0.00284145846181197,1,0.7521303052680037
2024-08-17 15:35:00+00:00,1.0862555788139243,1.0895376912617927,-0.003282112447868337,1,0.7524354169042653
2024-08-17 15:40:00+00:00,1.088762748044935,1.0895376912617927,-0.0007749432168578017,1,0.750702731864322
2024-08-17 15:45:00+00:00,1.0866789561247343,1.0866789561247343,0.0,0,0.0
2024-08-18 10:20:00+00:00,1.0864344533596062,1.0864344533596062,0.0,1,0.750168787977295
2024-08-18 10:25:00+00:00,1.079801183743032,1.0864344533596062,-0.006633269616574201,1,0.7547771102346785
2024-08-18 10:30:00+00:00,1.0812373676448515,1.0864344533596062,-0.005197085714754804,1,0.7537745563389118
2024-08-18 10:35:00+00:00,1.0787394135432433,1.0864344533596062,-0.00769503981636279,1,0.7555200142512264
2024-08-18 10:40:00+00:00,1.0790076502252952,1.0864344533596062,-0.007426803134310984,1,0.7553321952104585
2024-08-18 10:45:00+00:00,1.079683830194634,1.0864344533596062,-0.0067506231649720186,1,0.7548591488552991
2024-08-18 10:50:00+00:00,1.0758907796565285,1.0758907796565285,0.0,0,0.0
2024-08-19 17:35:00+00:00,1.0754066832726539,1.0754066832726539,0.0,2,1.500506401917726
2024-08-19 17:40:00+00:00,1.0673657995765862,1.0754066832726539,-0.008040883696067761,2,1.5118103030431058
2024-08-19 17:45:00+00:00,1.0607215275741515,1.0754066832726539,-0.014685155698502426,2,1.521280157862093
2024-08-19 17:50:00+00:00,1.0622110039964943,1.0754066832726539,-0.013195679276159533,2,1.5191469555902393
2024-08-19 17:55:00+00:00,1.0592774928329038,1.0754066832726539,-0.016129190439750085,2,1.5233540067015021
2024-08-19 18:00:00+00:00,1.0588828476893142,1.0754066832726539,-0.016523835583339686,2,1.5239217600294783
2024-08-19 18:05:00+00:00,1.0581067409931904,1.0581067409931904,0.0,0,0.0
2024-08-20 00:25:00+00:00,1.057868666976467,1.057868666976467,0.0,1,0.7501687879772948
2024-08-20 00:30:00+00:00,1.064583587759331,1.057868666976467,0.006714920782864063,1,0.7454370562063336
2024-08-20 00:35:00+00:00,1.0649827646462604,1.057868666976467,0.007114097669793373,1,0.7451576514559693
2024-08-20 00:40:00+00:00,1.0654749005342552,1.057868666976467,0.007606233557788287,1,0.744813468010342
2024-08-20 00:45:00+00:00,1.062232271850022,1.057868666976467,0.004363604873554992,1,0.7470871265874508
2024-08-20 00:50:00+00:00,1.063736020396673,1.057868666976467,0.005867353420206107,1,0.7460310081903238
2024-08-20 00:55:00+00:00,1.0663687390599201,1.0663687390599201,0.0,0,0.0
2024-08-20 05:20:00+00:00,1.0661288060936316,1.0661288060936316,0.0,1,0.7501687879772949
2024-08-20 05:25:00+00:00,1.065834677752187,1.0661288060936316,-0.000294128341444614,1,0.7503758049809794
2024-08-20 05:30:00+00:00,1.0634014342002356,1.0661288060936316,-0.0027273718933960283,1,0.7520927925928905
2024-08-20 05:35:00+00:00,1.0636955625416804,1.0661288060936316,-0.0024332435519512368,1,0.7518848272562961
2024-08-20 05:40:00+00:00,1.0627864385772148,1.0661288060936316,-0.0033423675164167867,1,0.7525280011717367
2024-08-20 05:45:00+00:00,1.0623764414952013,1.0661288060936316,-0.0037523645984304187,1,0.7528184201537123
2024-08-20 05:50:00+00:00,1.0613878182052354,1.0613878182052354,0.0,0,0.0
2024-08-20 15:20:00+00:00,1.0611490059461393,1.0611490059461393,0.0,1,0.7501687879772949
2024-08-20 15:25:00+00:00,1.0593307800633562,1.0611490059461393,-0.0018182258827830968,1,0.7514563709800985
2024-08-20 15:30:00+00:00,1.0579717332594454,1.0611490059461393,-0.003177272686693832,1,0.7524216750115329
2024-08-20 15:35:00+00:00,1.0593739244063374,1.0611490059461393,-0.0017750815398018794,1,0.7514257669689387
2024-08-20 15:40:00+00:00,1.059746814799247,1.0611490059461393,-0.0014021911468921294,1,0.7511613647121218
2024-08-20 15:45:00+00:00,1.0583939314729052,1.0611490059461393,-0.0027550744732340814,1,0.752121530540262
2024-08-20 15:50:00+00:00,1.0574771366812457,1.0574771366812457,0.0,0,0.0
2024-08-21 14:00:00+00:00,1.0565257284187344,1.0565257284187344,0.0,4,3.0016882596741112
2024-08-21 14:05:00+00:00,1.059492464371077,1.0565257284187344,0.0029667359523425866,4,2.993283087596756
2024-08-21 14:10:00+00:00,1.069173677541654,1.0565257284187344,0.012647949122919569,4,2.9661793417230853
2024-08-21 14:15:00+00:00,1.0448224296120803,1.0565257284187344,-0.011703298806654012,4,3.0353108673361944
2024-08-21 14:20:00+00:00,1.0383828684059704,1.0565257284187344,-0.01814286001276404,4,3.054134434928163
2024-08-21 14:25:00+00:00,1.0516034136692214,1.0565257284187344,-0.00492231474951303,4,3.0157384749948095
2024-08-21 14:30:00+00:00,1.048016038469997,1.048016038469997,0.0,0,0.0
2024-08-23 14:05:00+00:00,1.0477802348613412,1.0477802348613412,0.0,1,0.7501687879772949
2024-08-23 14:10:00+00:00,1.0498250769585882,1.0477802348613412,0.0020448420972470206,1,0.7487076143481216
2024-08-23 14:15:00+00:00,1.0539032732761315,1.0477802348613412,0.006123038414790401,1,0.7458104066885805
2024-08-23 14:20:00+00:00,1.0463059573193185,1.0477802348613412,-0.0014742775420227593,1,0.751225799063875
2024-08-23 14:25:00+00:00,1.050763253576239,1.0477802348613412,0.0029830187148978515,1,0.7480391288687828
2024-08-23 14:30:00+00:00,1.0503279906828802,1.0477802348613412,0.0025477558215388925,1,0.7483491212506533
2024-08-23 14:35:00+00:00,1.0483115661468463,1.0483115661468463,0.0,0,0.0
2024-08-23 20:05:00+00:00,1.0480756960444633,1.0480756960444633,0.0,1,0.7501687879772949
2024-08-23 20:10:00+00:00,1.0444053266523678,1.0480756960444633,-0.0036703693920954756,1,0.7528051174635899
2024-08-23 20:15:00+00:00,1.0460793478198676,1.0480756960444633,-0.0019963482245957996,1,0.7516004175483659
2024-08-23 20:20:00+00:00,1.046510850170496,1.0480756960444633,-0.0015648458739671149,1,0.7512905140754562
2024-08-23 20:25:00+00:00,1.0483044442785314,1.0480756960444633,0.00022874823406823964,1,0.7500050952767254
2024-08-23 20:30:00+00:00,1.0473218666367383,1.0480756960444633,-0.0007538294077249838,1,0.7507087359256277
2024-08-23 20:35:00+00:00,1.0456199283069179,1.0456199283069179,0.0,0,0.0
2024-08-23 21:50:00+00:00,1.0453846638230488,1.0453846638230488,0.0,1,0.7501687879772949
2024-08-23 21:55:00+00:00,1.0459651045119671,1.0453846638230488,0.0005804406889182125,1,0.7497524944640407
2024-08-23 22:00:00+00:00,1.0461629820195528,1.0453846638230488,0.0007783181965039906,1,0.7496106818043877
2024-08-23 22:05:00+00:00,1.0481021815938938,1.0453846638230488,0.0027175177708449283,1,0.7482237514643841
2024-08-23 22:10:00+00:00,1.0472315205605163,1.0453846638230488,0.0018468567374674354,1,0.7488458195093747
2024-08-23 22:15:00+00:00,1.0457672270043812,1.0453846638230488,0.0003825631813324345,1,0.7498943607905806
2024-08-23 22:20:00+00:00,1.045479195185156,1.045479195185156,0.0,0,0.0
2024-08-27 01:05:00+00:00,1.0452439623662395,1.0452439623662395,0.0,1,0.7501687879772948
2024-08-27 01:10:00+00:00,1.044341028917998,1.0452439623662395,-0.0009029334482414628,1,0.7508173811779213
2024-08-27 01:15:00+00:00,1.043991546412549,1.0452439623662395,-0.0012524159536903077,1,0.7510687218524797
2024-08-27 01:20:00+00:00,1.0457377152298095,1.0452439623662395,0.0004937528635700332,1,0.7498145901877055
2024-08-27 01:25:00+00:00,1.0459155657574934,1.0452439623662395,0.0006716033912539907,1,0.7496870895319202
2024-08-27 01:30:00+00:00,1.0460971474151288,1.0452439623662395,0.0008531850488893379,1,0.749556958764657
2024-08-27 01:35:00+00:00,1.0465869975167699,1.0465869975167699,0.0,0,0.0
2024-08-27 16:15:00+00:00,1.0463515154423286,1.0463515154423286,0.0,1,0.7501687879772948
2024-08-27 16:20:00+00:00,1.047744412816754,1.0463515154423286,0.0013928973744252518,1,0.7491714950093082
2024-08-27 16:25:00+00:00,1.047780907944468,1.0463515154423286,0.0014293925021393813,1,0.7491454007092663
2024-08-27 16:30:00+00:00,1.0465157435170427,1.0463515154423286,0.00016422807471401838,1,0.7500510651656475
2024-08-27 16:35:00+00:00,1.0459713578619725,1.0463515154423286,-0.00038015758035619805,1,0.7504414363143191
2024-08-27 16:40:00+00:00,1.0432676771504792,1.0463515154423286,-0.0030838382918495183,1,0.7523862430795495
2024-08-27 16:45:00+00:00,1.0414172856746846,1.0414172856746846,0.0,0,0.0
2024-08-28 09:55:00+00:00,1.040948700617881,1.040948700617881,0.0,2,1.5005064019177266
2024-08-28 10:00:00+00:00,1.052459393491659,1.040948700617881,0.011510692873778062,2,1.4840954425454023
2024-08-28 10:05:00+00:00,1.0427244930120092,1.040948700617881,0.001775792394128106,2,1.4979509926281938
2024-08-28 10:10:00+00:00,1.042925295870872,1.040948700617881,0.0019765952529908226,2,1.4976625799845014
2024-08-28 10:15:00+00:00,1.0446587170865431,1.040948700617881,0.003710016468662077,2,1.4951774812172194
2024-08-28 10:20:00+00:00,1.0413707915107873,1.040948700617881,0.0004220908929061857,2,1.499898213084162
2024-08-28 10:25:00+00:00,1.0444016751804024,1.0444016751804024,0.0,0,0.0
2024-08-28 16:30:00+00:00,1.0439317472994059,1.0439317472994059,0.0,2,1.5005064019177266
2024-08-28 16:35:00+00:00,1.0347449721756279,1.0439317472994059,-0.009186775123778065,2,1.5138283462198319
2024-08-28 16:40:00+00:00,1.0401838298129897,1.0439317472994059,-0.003747917486416042,2,1.5059129214396054
2024-08-28 16:45:00+00:00,1.0471511032243412,1.0439317472994059,0.003219355924935413,2,1.4958932528119833
2024-08-28 16:50:00+00:00,1.04433756468897,1.0439317472994059,0.00040581738956429114,2,1.4999233226417914
2024-08-28 16:55:00+00:00,1.0507881599032964,1.0439317472994059,0.0068564126038905505,2,1.4907155692847494
2024-08-28 17:00:00+00:00,1.0589136666838606,1.0589136666838606,0.0,0,0.0
2024-08-28 18:55:00+00:00,1.0584372091413572,1.0584372091413572,0.0,2,1.5005064019177266
2024-08-28 19:00:00+00:00,1.0602946082119067,1.0584372091413572,0.0018573990705495187,2,1.4978778502164445
2024-08-28 19:05:00+00:00,1.0663173247546478,1.0584372091413572,0.00788011561329061,2,1.489417616571099
2024-08-28 19:10:00+00:00,1.0556638726826675,1.0584372091413572,-0.002773336458689791,2,1.5044483849850836
2024-08-28 19:15:00+00:00,1.0635996860813894,1.0584372091413572,0.0051624769400322205,2,1.493223276697174
2024-08-28 19:20:00+00:00,1.0581155573156522,1.0584372091413572,-0.0003216518257050736,2,1.5009625341618107
2024-08-28 19:25:00+00:00,1.059670542213217,1.059670542213217,0.0,0,0.0
2024-09-02 08:15:00+00:00,1.059432116341219,1.059432116341219,0.0,1,0.7501687879772949
2024-09-02 08:20:00+00:00,1.0613370376722815,1.059432116341219,0.0019049213310624587,1,0.7488223612764523
2024-09-02 08:25:00+00:00,1.0644071050602073,1.059432116341219,0.0049749887189883,1,0.7466625343645731
2024-09-02 08:30:00+00:00,1.0657756893174757,1.059432116341219,0.006343572976256565,1,0.745703729805353
2024-09-02 08:35:00+00:00,1.0676312922969249,1.059432116341219,0.00819917595570574,1,0.7444076549592925
2024-09-02 08:40:00+00:00,1.065825007669089,1.059432116341219,0.006392891327869848,1,0.7456692242547409
2024-09-02 08:45:00+00:00,1.0662832035136285,1.0662832035136285,0.0,0,0.0
2024-09-02 20:55:00+00:00,1.0658034300526347,1.0658034300526347,0.0,2,1.500506401917726
2024-09-02 21:00:00+00:00,1.0622718027930735,1.0658034300526347,-0.003531627259561139,2,1.5054949832753648
2024-09-02 21:05:00+00:00,1.0679391176503727,1.0658034300526347,0.0021356875977381565,2,1.4975056569689384
2024-09-02 21:10:00+00:00,1.065555082592994,1.0658034300526347,-0.0002483474596406079,2,1.5008561228839892
2024-09-02 21:15:00+00:00,1.0669142417196704,1.0658034300526347,0.001110811667035792,2,1.498944158250395
2024-09-02 21:20:00+00:00,1.0655672487175665,1.0658034300526347,-0.00023618133506829106,2,1.5008389868444023
2024-09-02 21:25:00+00:00,1.0658724515431603,1.0658724515431603,0.0,0,0.0
2024-09-04 01:10:00+00:00,1.0653928628997587,1.0653928628997587,0.0,2,1.5005064019177268
2024-09-04 01:15:00+00:00,1.0718124037301502,1.0653928628997587,0.006419540830391566,2,1.4915192302075924
2024-09-04 01:20:00+00:00,1.0658386418019123,1.0653928628997587,0.0004457789021536794,2,1.4998788265322156
2024-09-04 01:25:00+00:00,1.0736695997603816,1.0653928628997587,0.008276736860623024,2,1.4889392525366463
2024-09-04 01:30:00+00:00,1.0760047551908511,1.0653928628997587,0.010611892291092462,2,1.485707942856622
2024-09-04 01:35:00+00:00,1.07988282146882,1.0653928628997587,0.014489958569061392,2,1.4803724807513299
2024-09-04 01:40:00+00:00,1.0835460329375164,1.0835460329375164,0.0,0,0.0
2024-09-05 13:40:00+00:00,1.0833022350801054,1.0833022350801054,0.0,1,0.7501687879772949
2024-09-05 13:45:00+00:00,1.0810255665893485,1.0833022350801054,-0.0022766684907568682,1,0.7517486633244855
2024-09-05 13:50:00+00:00,1.0781049342951987,1.0833022350801054,-0.005197300784906717,1,0.7537851825475653
2024-09-05 13:55:00+00:00,1.0808987684068219,1.0833022350801054,-0.0024034666732834073,1,0.7518368495330486
2024-09-05 14:00:00+00:00,1.082826385720961,1.0833022350801054,-0.00047584935914446046,1,0.7504984505545247
2024-09-05 14:05:00+00:00,1.0835529820477983,1.0833022350801054,0.0002507469676928418,1,0.7499951900527267
2024-09-05 14:10:00+00:00,1.0837280456023288,1.0837280456023288,0.0,0,0.0
2024-09-06 19:05:00+00:00,1.0834842067920682,1.0834842067920682,0.0,1,0.7501687879772949
2024-09-06 19:10:00+00:00,1.0842682204100527,1.0834842067920682,0.0007840136179843063,1,0.7496263552706177
2024-09-06 19:15:00+00:00,1.085577340823338,1.0834842067920682,0.002093134031269777,1,0.7487223651751013
2024-09-06 19:20:00+00:00,1.0835279656916768,1.0834842067920682,4.375889960856574e-05,1,0.7501384919796632
2024-09-06 19:25:00+00:00,1.0843302121844978,1.0834842067920682,0.000846005392429624,1,0.7495834987058815
2024-09-06 19:30:00+00:00,1.0824886918259766,1.0834842067920682,-0.0009955149660917123,1,0.7508586836419475
2024-09-06 19:35:00+00:00,1.0810888887510604,1.0810888887510604,0.0,0,0.0
2024-09-07 05:10:00+00:00,1.0808456437510914,1.0808456437510914,0.0,1,0.7501687879772948
2024-09-07 05:15:00+00:00,1.0809421486948965,1.0808456437510914,9.650494380517173e-05,1,0.7501018139983308
2024-09-07 05:20:00+00:00,1.0774358024033164,1.0808456437510914,-0.0034098413477749033,1,0.7525429030246595
2024-09-07 05:25:00+00:00,1.077589495461969,1.0808456437510914,-0.003256148289122392,1,0.7524355702963617
2024-09-07 05:30:00+00:00,1.0769818717417154,1.0808456437510914,-0.003863772009375877,1,0.7528600878416154
2024-09-07 05:35:00+00:00,1.0781613766104428,1.0808456437510914,-0.0026842671406487307,1,0.7520364614732962
2024-09-07 05:40:00+00:00,1.0782755573282699,1.0782755573282699,0.0,0,0.0
2024-09-08 22:20:00+00:00,1.078032945327871,1.078032945327871,0.0,1,0.7501687879772949
2024-09-08 22:25:00+00:00,1.0823464206357358,1.078032945327871,0.004313475307864883,1,0.7471791402249881
2024-09-08 22:30:00+00:00,1.0820371581520718,1.078032945327871,0.004004212824200929,1,0.7473926952539508
2024-09-08 22:35:00+00:00,1.0770020703823246,1.078032945327871,-0.0010308749455464217,1,0.7508868276447416
2024-09-08 22:40:00+00:00,1.0758975615120963,1.078032945327871,-0.0021353838157746473,1,0.7516576827812711
2024-09-08 22:45:00+00:00,1.0749035035288907,1.078032945327871,-0.0031294417989801222,1,0.7523528068717159
2024-09-08 22:50:00+00:00,1.075993665565234,1.075993665565234,0.0,0,0.0
2024-09-09 16:15:00+00:00,1.0752675332452593,1.0752675332452593,0.0,3,2.251012879815685
2024-09-09 16:20:00+00:00,1.074111436193194,1.0752675332452593,-0.0011560970520652707,3,2.2534357097631426
2024-09-09 16:25:00+00:00,1.0807628321675147,1.0752675332452593,0.005495298922255425,3,2.239567270951041
2024-09-09 16:30:00+00:00,1.0766281219520837,1.0752675332452593,0.0013605887068243682,3,2.248168162460875
2024-09-09 16:35:00+00:00,1.0810105700203718,1.0752675332452593,0.005743036775112453,3,2.2390540238076535
2024-09-09 16:40:00+00:00,1.072377111671669,1.0752675332452593,-0.002890421573590239,3,2.2570801262343507
2024-09-09 16:45:00+00:00,1.0820299997281446,1.0820299997281446,0.0,0,0.0
2024-09-10 14:30:00+00:00,1.0817865429782059,1.0817865429782059,0.0,1,0.7501687879772948
2024-09-10 14:35:00+00:00,1.078346192641613,1.0817865429782059,-0.003440350336593017,1,0.7525621227521847
2024-09-10 14:40:00+00:00,1.078597051520323,1.0817865429782059,-0.0031894914578830475,1,0.7523870927073619
2024-09-10 14:45:00+00:00,1.0768709035215807,1.0817865429782059,-0.004915639456625132,1,0.7535931160757241
2024-09-10 14:50:00+00:00,1.078184926219585,1.0817865429782059,-0.0036016167586208738,1,0.7526746850760853
2024-09-10 14:55:00+00:00,1.0754015872319942,1.0817865429782059,-0.006384955746211671,1,0.7546227469171852
2024-09-10 15:00:00+00:00,1.077021653581043,1.077021653581043,0.0,0,0.0
2024-09-10 17:15:00+00:00,1.0767793237089873,1.0767793237089873,0.0,1,0.7501687879772949
2024-09-10 17:20:00+00:00,1.0733197233649698,1.0767793237089873,-0.003459600344017402,1,0.7525867852808579
2024-09-10 17:25:00+00:00,1.075052490604169,1.0767793237089873,-0.0017268331048183622,1,0.751373767556062
2024-09-10 17:30:00+00:00,1.072310920520231,1.0767793237089873,-0.0044684031887564065,1,0.7532947997898735
2024-09-10 17:35:00+00:00,1.0736935738309616,1.0767793237089873,-0.003085749878025671,1,0.7523247413167009
2024-09-10 17:40:00+00:00,1.0738656637280053,1.0767793237089873,-0.002913659980981992,1,0.752204179228118
2024-09-10 17:45:00+00:00,1.0745253222818338,1.0745253222818338,0.0,0,0.0
2024-09-11 15:00:00+00:00,1.0742835540843205,1.0742835540843205,0.0,1,0.7501687879772949
2024-09-11 15:05:00+00:00,1.0733026976433266,1.0742835540843205,-0.0009808564409939586,1,0.7508543428437233
2024-09-11 15:10:00+00:00,1.0734842084437952,1.0742835540843205,-0.000799345640525392,1,0.7507273841313986
2024-09-11 15:15:00+00:00,1.0745697826542902,1.0742835540843205,0.00028622856996966285,1,0.7499689687167084
2024-09-11 15:20:00+00:00,1.0763325317742258,1.0742835540843205,0.0020489776899053186,1,0.7487407171303652
2024-09-11 15:25:00+00:00,1.0754145059949325,1.0742835540843205,0.0011309519106120175,1,0.7493798783807487
2024-09-11 15:30:00+00:00,1.0753891545210548,1.0753891545210548,0.0,0,0.0
2024-09-12 02:00:00+00:00,1.0749052838430964,1.0749052838430964,0.0,2,1.500506401917726
2024-09-12 02:05:00+00:00,1.0773182306742433,1.0749052838430964,0.0024129468311469182,2,1.4971456102179912
2024-09-12 02:10:00+00:00,1.0757695866894113,1.0749052838430964,0.0008643028463147817,2,1.4993008538429917
2024-09-12 02:15:00+00:00,1.068931257414648,1.0749052838430964,-0.005974026428448477,2,1.5088924088184816
2024-09-12 02:20:00+00:00,1.067830818093257,1.0749052838430964,-0.007074465749839498,2,1.5104473784918397
2024-09-12 02:25:00+00:00,1.0665109328498632,1.0749052838430964,-0.008394350993233083,2,1.51231666753932
2024-09-12 02:30:00+00:00,1.066987492617491,1.066987492617491,0.0,0,0.0
2024-09-16 10:50:00+00:00,1.066747420431652,1.066747420431652,0.0,1,0.7501687879772948
2024-09-16 10:55:00+00:00,1.064676297761673,1.066747420431652,-0.0020711226699790864,1,0.7516280968642841
2024-09-16 11:00:00+00:00,1.0655967967261082,1.066747420431652,-0.001150623705543927,1,0.75097881480288
2024-09-16 11:05:00+00:00,1.0653787838134787,1.066747420431652,-0.0013686366181733512,1,0.7511324907360089
2024-09-16 11:10:00+00:00,1.0655665171549096,1.066747420431652,-0.001180903276742463,1,0.7510001549220799
2024-09-16 11:15:00+00:00,1.066026766637127,1.066747420431652,-0.0007206537945249278,1,0.7506759159411597
2024-09-16 11:20:00+00:00,1.066204552533828,1.066204552533828,0.0,0,0.0
2024-09-17 19:55:00+00:00,1.0654850263785394,1.0654850263785394,0.0,3,2.2510128798156845
2024-09-17 20:00:00+00:00,1.064225906930224,1.0654850263785394,-0.0012591194483154138,3,2.2536761245994543
2024-09-17 20:05:00+00:00,1.0618379273594205,1.0654850263785394,-0.003647099019118837,3,2.2587444428484873
2024-09-17 20:10:00+00:00,1.066270399051356,1.0654850263785394,0.0007853726728167315,3,2.2493548726126917
2024-09-17 20:15:00+00:00,1.0636566979536248,1.0654850263785394,-0.0018283284249145505,3,2.2548821647465593
2024-09-17 20:20:00+00:00,1.0678196020362218,1.0654850263785394,0.0023345756576823836,3,2.246091486853497
2024-09-17 20:25:00+00:00,1.0665061189970813,1.0665061189970813,0.0,0,0.0
2024-09-18 16:10:00+00:00,1.066266155120307,1.066266155120307,0.0,1,0.7501687879772949
2024-09-18 16:15:00+00:00,1.0658359533176258,1.066266155120307,-0.0004302018026812347,1,0.7504715775049876
2024-09-18 16:20:00+00:00,1.0670445515070335,1.066266155120307,0.0007783963867264877,1,0.7496215487142559
2024-09-18 16:25:00+00:00,1.0669894319010649,1.066266155120307,0.0007232767807579945,1,0.7496602734130723
2024-09-18 16:30:00+00:00,1.0684574955527146,1.066266155120307,0.002191340432407761,1,0.748630238055499
2024-09-18 16:35:00+00:00,1.069405283899247,1.066266155120307,0.003139128778939923,1,0.7479667449662339
2024-09-18 16:40:00+00:00,1.0711469370760731,1.0711469370760731,0.0,0,0.0
2024-09-19 12:10:00+00:00,1.070905929015231,1.070905929015231,0.0,1,0.7501687879772949
2024-09-19 12:15:00+00:00,1.072318261160169,1.070905929015231,0.001412332144938053,1,0.7491807534247141
2024-09-19 12:20:00+00:00,1.071448036303187,1.070905929015231,0.0005421072879560726,1,0.749789234370045
2024-09-19 12:25:00+00:00,1.073987380967823,1.070905929015231,0.0030814519525921968,1,0.7480164264901392
2024-09-19 12:30:00+00:00,1.073801923211417,1.070905929015231,0.0028959941961861015,1,0.7481456174006907
2024-09-19 12:35:00+00:00,1.072532250879099,1.070905929015231,0.0016263218638680394,1,0.7490312782189832
2024-09-19 12:40:00+00:00,1.071877529361659,1.071877529361659,0.0,0,0.0
2024-09-19 16:20:00+00:00,1.0716363569175527,1.0716363569175527,0.0,1,0.7501687879772948
2024-09-19 16:25:00+00:00,1.0718854508773354,1.0716363569175527,0.0002490939597828233,1,0.749994457302548
2024-09-19 16:30:00+00:00,1.0743698353709574,1.0716363569175527,0.002733478453404681,1,0.74826016196152
2024-09-19 16:35:00+00:00,1.0791058981589303,1.0716363569175527,0.007469541241377763,1,0.744976140333212
2024-09-19 16:40:00+00:00,1.07793253450627,1.0716363569175527,0.0062961775887173535,1,0.7457870704213057
2024-09-19 16:45:00+00:00,1.0776146119523369,1.0716363569175527,0.0059782550347841894,1,0.7460070957694115
2024-09-19 16:50:00+00:00,1.0783239296179274,1.0783239296179274,0.0,0,0.0
2024-09-20 03:50:00+00:00,1.0780813067337633,1.0780813067337633,0.0,1,0.7501687879772949
2024-09-20 03:55:00+00:00,1.0804670843273194,1.0780813067337633,0.0023857775935561005,1,0.7485123415091866
2024-09-20 04:00:00+00:00,1.0861754462053799,1.0780813067337633,0.008094139471616418,1,0.7445785577632401
2024-09-20 04:05:00+00:00,1.0882986586018188,1.0780813067337633,0.010217351868055493,1,0.7431259248747676
2024-09-20 04:10:00+00:00,1.091472852595543,1.0778356700736809,0.013637182521862192,2,1.491133572662722
2024-09-20 04:15:00+00:00,1.0902041035398404,1.0778356700736809,0.012368433466159621,2,1.4928689122253778
2024-09-20 04:20:00+00:00,1.0953606372990548,1.0939045048671994,0.0014561324318554164,1,0.747506199383513
2024-09-20 04:25:00+00:00,1.0938765023204329,1.0939045048671994,-2.8002546766548213e-05,1,0.7485203907432217
2024-09-20 04:30:00+00:00,1.0959486907811502,1.0939045048671994,0.0020441859139509293,1,0.7471051097822087
2024-09-20 04:35:00+00:00,1.095271029149402,1.0939045048671994,0.0013665242822028258,1,0.7475673556138871
2024-09-20 04:40:00+00:00,1.0985705149099525,1.0985705149099525,0.0,0,0.0
2024-09-20 14:20:00+00:00,1.0983233365440979,1.0983233365440979,0.0,1,0.7501687879772948
2024-09-20 14:25:00+00:00,1.1008708611934626,1.0983233365440979,0.002547524649364626,1,0.7484328228010666
2024-09-20 14:30:00+00:00,1.1013511588343619,1.0983233365440979,0.003027822290263918,1,0.7481064323339758
2024-09-20 14:35:00+00:00,1.10457369638445,1.0983233365440979,0.00625035984035206,1,0.7459238698869886
2024-09-20 14:40:00+00:00,1.1057939120126805,1.0983233365440979,0.007470575468582638,1,0.7451007617529876
2024-09-20 14:45:00+00:00,1.1030192195601878,1.0983233365440979,0.004695883016089994,1,0.746975094877307
2024-09-20 14:50:00+00:00,1.1025773259345089,1.1025773259345089,0.0,0,0.0
2024-09-21 00:25:00+00:00,1.1023292460361735,1.1023292460361735,0.0,1,0.7501687879772949
2024-09-21 00:30:00+00:00,1.0981685768817038,1.1023292460361735,-0.004160669154469844,1,0.7530109783317539
2024-09-21 00:35:00+00:00,1.098402214457301,1.1023292460361735,-0.003927031578872714,1,0.7528508078067314
2024-09-21 00:40:00+00:00,1.0992759549797395,1.1023292460361735,-0.003053291056433999,1,0.7522524173342103
2024-09-21 00:45:00+00:00,1.0984118160015035,1.1023292460361735,-0.0039174300346699826,1,0.7528442269140245
2024-09-21 00:50:00+00:00,1.096584322088271,1.1023292460361735,-0.005744923947902496,1,0.7540988666298993
2024-09-21 00:55:00+00:00,1.0967747127085221,1.0967747127085221,0.0,0,0.0
2024-09-22 20:10:00+00:00,1.0965279383981628,1.0965279383981628,0.0,1,0.7501687879772948
2024-09-22 20:15:00+00:00,1.0968206867453953,1.0965279383981628,0.00029274834723261106,1,0.7499685632044767
2024-09-22 20:20:00+00:00,1.0976431701971443,1.0965279383981628,0.0011152317989815929,1,0.7494065984883324
2024-09-22 20:25:00+00:00,1.1019368126232238,1.0965279383981628,0.0054088742250610455,1,0.7464865726494699
2024-09-22 20:30:00+00:00,1.1013652563262457,1.0965279383981628,0.0048373179280828986,1,0.746873963752246
2024-09-22 20:35:00+00:00,1.1018671106357874,1.0965279383981628,0.00533917223762457,1,0.7465337939497575
2024-09-22 20:40:00+00:00,1.1005608661163953,1.1005608661163953,0.0,0,0.0
2024-09-26 15:35:00+00:00,1.100313239921519,1.100313239921519,0.0,1,0.7501687879772949
2024-09-26 15:40:00+00:00,1.1000937386933807,1.100313239921519,-0.00021950122813825382,1,0.7503184688312807
2024-09-26 15:45:00+00:00,1.099668455063863,1.100313239921519,-0.0006447848576561034,1,0.7506086455297659
2024-09-26 15:50:00+00:00,1.1004915846693812,1.100313239921519,0.00017834474786227968,1,0.7500472162495238
2024-09-26 15:55:00+00:00,1.1004367093623468,1.100313239921519,0.00012346944082783077,1,0.7500846187379465
2024-09-26 16:00:00+00:00,1.1007110858975198,1.100313239921519,0.0003978459760008084,1,0.7498976435894152
2024-09-26 16:05:00+00:00,1.099983300766091,1.099983300766091,0.0,0,0.0
2024-09-27 16:30:00+00:00,1.0997358045234187,1.0997358045234187,0.0,1,0.7501687879772949
2024-09-27 16:35:00+00:00,1.1044535281530883,1.0997358045234187,0.004717723629669574,1,0.7469644077774332
2024-09-27 16:40:00+00:00,1.1050951874550512,1.0997358045234187,0.005359382931632511,1,0.7465306925048246
2024-09-27 16:45:00+00:00,1.1048079685294108,1.0997358045234187,0.005072164005991986,1,0.7467247694390671
2024-09-27 16:50:00+00:00,1.1046307483412494,1.0997358045234187,0.00489494381783078,1,0.7468445693851969
2024-09-27 16:55:00+00:00,1.105293796286611,1.0997358045234187,0.00555799176319225,1,0.7463965493574912
2024-09-27 17:00:00+00:00,1.1045696388481947,1.1045696388481947,0.0,0,0.0
2024-10-01 16:55:00+00:00,1.104321110679454,1.104321110679454,0.0,1,0.7501687879772949
2024-10-01 17:00:00+00:00,1.1064799477294456,1.104321110679454,0.0021588370499916374,1,0.7487051444864607
2024-10-01 17:05:00+00:00,1.1028211824836776,1.104321110679454,-0.001499928195776339,1,0.7511890796932597
2024-10-01 17:10:00+00:00,1.1011755658980245,1.104321110679454,-0.003145544781429584,1,0.7523116701745483
2024-10-01 17:15:00+00:00,1.099758415196496,1.104321110679454,-0.004562695482957783,1,0.7532811003661466
2024-10-01 17:20:00+00:00,1.093864657606028,1.104321110679454,-0.010456453073425898,1,0.7573397891373475
2024-10-01 17:25:00+00:00,1.0907089838392923,1.0907089838392923,0.0,0,0.0
2024-10-02 13:50:00+00:00,1.090218220013707,1.090218220013707,0.0,2,1.5005064019177263
2024-10-02 13:55:00+00:00,1.0930201185830852,1.090218220013707,0.0028018985693782326,2,1.4966599340719868
2024-10-02 14:00:00+00:00,1.094185991834744,1.090218220013707,0.0039677718210371525,2,1.4950652181854873
2024-10-02 14:05:00+00:00,1.0959497812055197,1.090218220013707,0.005731561191812674,2,1.4926591041593946
2024-10-02 14:10:00+00:00,1.095528749610578,1.090218220013707,0.005310529596870938,2,1.49323276016208
2024-10-02 14:15:00+00:00,1.0907646147968977,1.090218220013707,0.0005463947831908412,2,1.4997547559081015
2024-10-02 14:20:00+00:00,1.0994585811362616,1.0994585811362616,0.0,0,0.0
2024-10-07 00:40:00+00:00,1.099211202955506,1.099211202955506,0.0,1,0.7501687879772949
2024-10-07 00:45:00+00:00,1.1004600518813659,1.099211202955506,0.0012488489258600253,1,0.7493174644935596
2024-10-07 00:50:00+00:00,1.1041648398651864,1.099211202955506,0.004953636909680505,1,0.7468032906688782
2024-10-07 00:55:00+00:00,1.1044610663084156,1.099211202955506,0.0052498633529095865,1,0.746602991274599
2024-10-07 01:00:00+00:00,1.1051983700107257,1.099211202955506,0.00598716705521983,1,0.7461049149431822
2024-10-07 01:05:00+00:00,1.1069613740847453,1.099211202955506,0.0077501711292393485,1,0.7449166295743469
2024-10-07 01:10:00+00:00,1.1084691702041793,1.1084691702041793,0.0,0,0.0
2024-10-07 23:10:00+00:00,1.1082197646408833,1.1082197646408833,0.0,1,0.750168787977295
2024-10-07 23:15:00+00:00,1.1083978752625068,1.1082197646408833,0.00017811062162350534,1,0.7500482418880872
2024-10-07 23:20:00+00:00,1.109747405741731,1.1082197646408833,0.001527641100847502,1,0.7491361307553381
2024-10-07 23:25:00+00:00,1.1092610267365282,1.1082197646408833,0.001041262095644881,1,0.7494646053679459
2024-10-07 23:30:00+00:00,1.1091137429532627,1.1082197646408833,0.0008939783123794534,1,0.749564129860545
2024-10-07 23:35:00+00:00,1.1092439007152184,1.1082197646408833,0.0010241360743350634,1,0.7494761766254432
2024-10-07 23:40:00+00:00,1.1073812239445253,1.1073812239445253,0.0,0,0.0
2024-10-08 08:20:00+00:00,1.1071320631691377,1.1071320631691377,0.0,1,0.7501687879772949
2024-10-08 08:25:00+00:00,1.1086394144439775,1.1071320631691377,0.0015073512748398023,1,0.7491488279576797
2024-10-08 08:30:00+00:00,1.1110541033794008,1.1071320631691377,0.0039220402102631375,1,0.7475206791750483
2024-10-08 08:35:00+00:00,1.110278476024386,1.1071320631691377,0.003146412855248247,1,0.7480428882421677
2024-10-08 08:40:00+00:00,1.111083372336194,1.1071320631691377,0.0039513091670561485,1,0.7475009874480316
2024-10-08 08:45:00+00:00,1.1105272621571267,1.1071320631691377,0.003395198987988935,1,0.7478753077570849
2024-10-08 08:50:00+00:00,1.1127366937523517,1.1127366937523517,0.0,0,0.0
2024-10-11 01:55:00+00:00,1.1124863279962574,1.1124863279962574,0.0,1,0.750168787977295
2024-10-11 02:00:00+00:00,1.1132675686540816,1.1124863279962574,0.0007812406578243279,1,0.7496423535657482
2024-10-11 02:05:00+00:00,1.1117814753138648,1.1124863279962574,-0.0007048526823925289,1,0.7506443836714072
2024-10-11 02:10:00+00:00,1.1120210557822643,1.1124863279962574,-0.0004652722139931623,1,0.7504826603550129
2024-10-11 02:15:00+00:00,1.1109412075841159,1.1124863279962574,-0.001545120412141391,1,0.7512121385155074
2024-10-11 02:20:00+00:00,1.111618282820897,1.1124863279962574,-0.0008680451753603747,1,0.7507545829459215
2024-10-11 02:25:00+00:00,1.109850574098273,1.109850574098273,0.0,0,0.0
2024-10-11 17:35:00+00:00,1.1096008577191008,1.1096008577191008,0.0,1,0.7501687879772949
2024-10-11 17:40:00+00:00,1.108612404441694,1.1096008577191008,-0.0009884532774066378,1,0.7508376482517367
2024-10-11 17:45:00+00:00,1.1102119981863146,1.1096008577191008,0.0006111404672137565,1,0.7497558411668456
2024-10-11 17:50:00+00:00,1.1102226267161792,1.1096008577191008,0.0006217689970783838,1,0.7497486635052152
2024-10-11 17:55:00+00:00,1.1116627925128306,1.1096008577191008,0.002061934793729924,1,0.7487773596273327
2024-10-11 18:00:00+00:00,1.1126153745019443,1.1096008577191008,0.003014516782843468,1,0.7481362828967902
2024-10-11 18:05:00+00:00,1.1118342316295429,1.1118342316295429,0.0,0,0.0
2024-10-11 19:10:00+00:00,1.1115840689274261,1.1115840689274261,0.0,1,0.7501687879772949
2024-10-11 19:15:00+00:00,1.1115880258957358,1.1115840689274261,3.9569683096768815e-06,1,0.7501661175687876
2024-10-11 19:20:00+00:00,1.1112872963041953,1.1115840689274261,-0.0002967726232307654,1,0.7503691228140327
2024-10-11 19:25:00+00:00,1.1088102341422956,1.1115840689274261,-0.0027738347851304314,1,0.7520454339666064
2024-10-11 19:30:00+00:00,1.1086981200401864,1.1115840689274261,-0.002885948887239795,1,0.752121482529376
2024-10-11 19:35:00+00:00,1.1057897483325247,1.1115840689274261,-0.005794320594901462,1,0.7540996604278523
2024-10-11 19:40:00+00:00,1.1071487527430373,1.1071487527430373,0.0,0,0.0
2024-10-13 22:05:00+00:00,1.10689964427367,1.10689964427367,0.0,1,0.7501687879772949
2024-10-13 22:10:00+00:00,1.1073653696628434,1.10689964427367,0.00046572538917336064,1,0.749853288991777
2024-10-13 22:15:00+00:00,1.1061859787492532,1.10689964427367,-0.0007136655244168962,1,0.7506527659084546
2024-10-13 22:20:00+00:00,1.1049027210222502,1.10689964427367,-0.0019969232514198574,1,0.7515245901367966
2024-10-13 22:25:00+00:00,1.1044973053957035,1.10689964427367,-0.002402338877966534,1,0.751800443967392
2024-10-13 22:30:00+00:00,1.1032308003805413,1.10689964427367,-0.0036688438931287396,1,0.7526635081896357
2024-10-13 22:35:00+00:00,1.1025427708609459,1.1025427708609459,0.0,0,0.0
2024-10-14 03:40:00+00:00,1.1022946987375022,1.1022946987375022,0.0,1,0.7501687879772949
2024-10-14 03:45:00+00:00,1.1041805269046625,1.1022946987375022,0.0018858281671603086,1,0.7488875758964607
2024-10-14 03:50:00+00:00,1.1045948376383568,1.1022946987375022,0.0023001389008545426,1,0.7486066836177248
2024-10-14 03:55:00+00:00,1.103123320204891,1.1022946987375022,0.0008286214673886511,1,0.7496052916296994
2024-10-14 04:00:00+00:00,1.104537691330261,1.1022946987375022,0.002242992592758837,1,0.7486454148520868
2024-10-14 04:05:00+00:00,1.1054234591057455,1.1022946987375022,0.0031287603682431937,1,0.7480455307277923
2024-10-14 04:10:00+00:00,1.1053182527525411,1.1053182527525411,0.0,0,0.0
2024-10-14 07:35:00+00:00,1.1050695561456718,1.1050695561456718,0.0,1,0.7501687879772949
2024-10-14 07:40:00+00:00,1.1062845058728146,1.1050695561456718,0.0012149497271428638,1,0.7493449335714656
2024-10-14 07:45:00+00:00,1.1034681803597612,1.1050695561456718,-0.001601375785910631,1,0.7512574483970462
2024-10-14 07:50:00+00:00,1.1045554129996842,1.1050695561456718,-0.0005141431459876971,1,0.7505179729399805
2024-10-14 07:55:00+00:00,1.1054396082188986,1.1050695561456718,0.0003700520732268707,1,0.7499176647922768
2024-10-14 08:00:00+00:00,1.1061567887855948,1.1050695561456718,0.0010872326399228418,1,0.7494314530895022
2024-10-14 08:05:00+00:00,1.1041331521460802,1.1041331521460802,0.0,0,0.0
2024-10-14 16:05:00+00:00,1.1038847221868473,1.1038847221868473,0.0,1,0.7501687879772949
2024-10-14 16:10:00+00:00,1.1053559407065254,1.1038847221868473,0.0014712185196781716,1,0.749170320268286
2024-10-14 16:15:00+00:00,1.1046133256442117,1.1038847221868473,0.0007286034573644734,1,0.749673976299907
2024-10-14 16:20:00+00:00,1.1012365288514265,1.1038847221868473,-0.002648193335420783,1,0.7519727528229163
2024-10-14 16:25:00+00:00,1.1019931555186895,1.1038847221868473,-0.0018915666681577675,1,0.7514564495818375
2024-10-14 16:30:00+00:00,1.1011944940365785,1.1038847221868473,-0.002690228150268733,1,0.7520014571395532
2024-10-14 16:35:00+00:00,1.1028516423504529,1.1028516423504529,0.0,0,0.0
2024-10-14 23:00:00+00:00,1.102603500730924,1.102603500730924,0.0,1,0.7501687879772948
2024-10-14 23:05:00+00:00,1.101796679452286,1.102603500730924,-0.0008068212786381385,1,0.7507181199475191
2024-10-14 23:10:00+00:00,1.0995169113023069,1.102603500730924,-0.0030865894286172786,1,0.7522746792344895
2024-10-14 23:15:00+00:00,1.098560678675773,1.102603500730924,-0.004042822055151131,1,0.7529294902124926
2024-10-14 23:20:00+00:00,1.098241934466928,1.102603500730924,-0.004361566263995932,1,0.7531480139340351
2024-10-14 23:25:00+00:00,1.0994695977088065,1.102603500730924,-0.0031339030221174805,1,0.7523070519517053
2024-10-14 23:30:00+00:00,1.0986200754139965,1.0986200754139965,0.0,0,0.0
2024-10-15 11:35:00+00:00,1.0983728858970283,1.0983728858970283,0.0,1,0.750168787977295
2024-10-15 11:40:00+00:00,1.0947702118991531,1.0983728858970283,-0.003602673997875068,1,0.7526374462921527
2024-10-15 11:45:00+00:00,1.097493163176617,1.0983728858970283,-0.0008797227204112815,1,0.7507701042761746
2024-10-15 11:50:00+00:00,1.0959431755263684,1.0983728858970283,-0.002429710370659904,1,0.7518319151581531
2024-10-15 11:55:00+00:00,1.0917959112730007,1.0983728858970283,-0.006576974624027583,1,0.7546878020451454
2024-10-15 12:00:00+00:00,1.0920612244743946,1.0983728858970283,-0.006311661422633834,1,0.754504452767352
2024-10-15 12:05:00+00:00,1.095737877567515,1.095737877567515,0.0,0,0.0
2024-10-15 13:45:00+00:00,1.0952448509943398,1.0952448509943398,0.0,2,1.5005064019177266
2024-10-15 13:50:00+00:00,1.102259983019523,1.0952448509943398,0.007015132025183227,2,1.4909567034108007
2024-10-15 13:55:00+00:00,1.1146162701205804,1.0952448509943398,0.01937141912624056,2,1.4744284240590226
2024-10-15 14:00:00+00:00,1.126171729271575,1.0952448509943398,0.030926878277235226,2,1.4592995613976418
2024-10-15 14:05:00+00:00,1.1293871559250435,1.0952448509943398,0.03414230493070364,2,1.4551448561838487
2024-10-15 14:10:00+00:00,1.11946363040423,1.0952448509943398,0.024218779409890246,2,1.4680440399756496
2024-10-15 14:15:00+00:00,1.1181494479330891,1.1181494479330891,0.0,0,0.0
2024-10-16 11:30:00+00:00,1.117897864307304,1.117897864307304,0.0,1,0.7501687879772949
2024-10-16 11:35:00+00:00,1.1184836360208836,1.117897864307304,0.0005857717135794573,1,0.7497759099393375
2024-10-16 11:40:00+00:00,1.1153417695571397,1.117897864307304,-0.0025560947501644476,1,0.7518879941910525
2024-10-16 11:45:00+00:00,1.1178446123333423,1.117897864307304,-5.3251973961701134e-05,1,0.7502045245799708
2024-10-16 11:50:00+00:00,1.1168860768020306,1.117897864307304,-0.0010117875052734386,1,0.7508483661565618
2024-10-16 11:55:00+00:00,1.112146651119434,1.117897864307304,-0.005751213187870146,1,0.7540481150626221
2024-10-16 12:00:00+00:00,1.1086466970819815,1.1086466970819815,0.0,0,0.0
2024-10-16 14:10:00+00:00,1.1081478621935337,1.1081478621935337,0.0,2,1.5005064019177263
2024-10-16 14:15:00+00:00,1.106133428493346,1.1081478621935337,-0.002014433700187704,2,1.5032390475330817
2024-10-16 14:20:00+00:00,1.1106535912338324,1.1081478621935337,0.002505729040298695,2,1.4971211317523792
2024-10-16 14:25:00+00:00,1.1090096742942717,1.1081478621935337,0.0008618121007378968,2,1.4993403574688982
2024-10-16 14:30:00+00:00,1.100839151592374,1.1081478621935337,-0.007308710601159479,2,1.5104685903363888
2024-10-16 14:35:00+00:00,1.102237903008142,1.1081478621935337,-0.0059099591853917655,2,1.5085517899129595
2024-10-16 14:40:00+00:00,1.0917725075007336,1.0917725075007336,0.0,0,0.0
2024-10-20 14:05:00+00:00,1.0915268586865459,1.0915268586865459,0.0,1,0.7501687879772949
2024-10-20 14:10:00+00:00,1.0946793864736504,1.0915268586865459,0.003152527787104572,1,0.7480084038700038
2024-10-20 14:15:00+00:00,1.0948015774731505,1.0915268586865459,0.0032747187866047083,1,0.7479249185185172
2024-10-20 14:20:00+00:00,1.0989133046063313,1.0915268586865459,0.007386445919785505,1,0.7451264601067717
2024-10-20 14:25:00+00:00,1.0977891474109298,1.0915268586865459,0.00626228872438385,1,0.7458894839293233
2024-10-20 14:30:00+00:00,1.0986169914325434,1.0915268586865459,0.007090132745997597,1,0.7453274316810231
2024-10-20 14:35:00+00:00,1.102690794450687,1.102690794450687,0.0,0,0.0
2024-10-20 22:05:00+00:00,1.1021946394169058,1.1021946394169058,0.0,2,1.500506401917726
2024-10-20 22:10:00+00:00,1.0987181430238486,1.1021946394169058,-0.003476496393057178,2,1.5052542120154728
2024-10-20 22:15:00+00:00,1.0933458274038077,1.1021946394169058,-0.008848812013098017,2,1.5126505000998618
2024-10-20 22:20:00+00:00,1.0981760205777118,1.1021946394169058,-0.004018618839193884,2,1.5059972915220226
2024-10-20 22:25:00+00:00,1.0991256529406321,1.1021946394169058,-0.0030689864762737168,2,1.5046961265799859
2024-10-20 22:30:00+00:00,1.1078373159493395,1.1021946394169058,0.005642676532433779,2,1.4928636983014354
2024-10-20 22:35:00+00:00,1.1087403762412193,1.1087403762412193,0.0,0,0.0
2024-10-21 14:10:00+00:00,1.1084909096565652,1.1084909096565652,0.0,1,0.7501687879772948
2024-10-21 14:15:00+00:00,1.107254013909764,1.1084909096565652,-0.0012368957468011374,1,0.7510067895303041
2024-10-21 14:20:00+00:00,1.1085881935917068,1.1084909096565652,9.728393514166664e-05,1,0.7501029570653865
2024-10-21 14:25:00+00:00,1.1084909096565652,1.1084909096565652,0.0,1,0.7501687879772948
2024-10-21 14:30:00+00:00,1.108310239491302,1.1084909096565652,-0.00018067016526306882,1,0.7502910760461674
2024-10-21 14:35:00+00:00,1.1064062539035295,1.1084909096565652,-0.0020846557530357006,1,0.7515822323374357
2024-10-21 14:40:00+00:00,1.105739856168268,1.105739856168268,0.0,0,0.0
2024-10-22 14:10:00+00:00,1.1054910647006302,1.1054910647006302,0.0,1,0.7501687879772949
2024-10-22 14:15:00+00:00,1.1074785134081984,1.1054910647006302,0.0019874487075681835,1,0.7488225569036687
2024-10-22 14:20:00+00:00,1.1065821888359888,1.1054910647006302,0.0010911241353585507,1,0.7494290984373649
2024-10-22 14:25:00+00:00,1.1045478896005745,1.1054910647006302,-0.0009431751000556963,1,0.7508093582308083
2024-10-22 14:30:00+00:00,1.1032040191965735,1.1054910647006302,-0.0022870455040565926,1,0.7517239583029764
2024-10-22 14:35:00+00:00,1.1081245575290208,1.1054910647006302,0.0026334928283906966,1,0.7483859882822624
2024-10-22 14:40:00+00:00,1.108007687284528,1.108007687284528,0.0,0,0.0
2024-10-23 08:10:00+00:00,1.107758385554889,1.107758385554889,0.0,1,0.7501687879772949
2024-10-23 08:15:00+00:00,1.1064929544079436,1.107758385554889,-0.001265431146945431,1,0.7510267120571466
2024-10-23 08:20:00+00:00,1.1033373452505735,1.107758385554889,-0.0044210403043154,1,0.7531746922557674
2024-10-23 08:25:00+00:00,1.10412146631392,1.107758385554889,-0.0036369192409689164,1,0.7526398053265702
2024-10-23 08:30:00+00:00,1.1037899679781964,1.107758385554889,-0.003968417576692596,1,0.7528658436582304
2024-10-23 08:35:00+00:00,1.1027030359351022,1.107758385554889,-0.005055349619786616,1,0.7536079419230904
2024-10-23 08:40:00+00:00,1.1023804220735243,1.1023804220735243,0.0,0,0.0
2024-10-23 18:25:00+00:00,1.1021323864785577,1.1021323864785577,0.0,1,0.7501687879772949
2024-10-23 18:30:00+00:00,1.1027086788240115,1.1021323864785577,0.0005762923454537177,1,0.7497767383465885
2024-10-23 18:35:00+00:00,1.103387114889338,1.1021323864785577,0.001254728410780211,1,0.7493157255493816
2024-10-23 18:40:00+00:00,1.1036355385043366,1.1021323864785577,0.00150315202577886,1,0.7491470578009974
2024-10-23 18:45:00+00:00,1.1051903929068412,1.1021323864785577,0.0030580064282835478,1,0.7480931085372136
2024-10-23 18:50:00+00:00,1.105465298226992,1.1021323864785577,0.0033329117484342755,1,0.7479070739544592
2024-10-23 18:55:00+00:00,1.1061970857226548,1.1061970857226548,0.0,0,0.0
2024-10-24 00:50:00+00:00,1.1056993530353072,1.1056993530353072,0.0,2,1.5005064019177263
2024-10-24 00:55:00+00:00,1.1053045755784097,1.1056993530353072,-0.0003947774568975563,2,1.5010423321169637
2024-10-24 01:00:00+00:00,1.1119150404231295,1.1056993530353072,0.006215687387822203,2,1.4921184600528539
2024-10-24 01:05:00+00:00,1.1109558186091018,1.1056993530353072,0.005256465573794484,2,1.4934067854317947
2024-10-24 01:10:00+00:00,1.1138562114182635,1.1056993530353072,0.008156858382956276,2,1.4895180731750264
2024-10-24 01:15:00+00:00,1.115737015753672,1.1056993530353072,0.010037662718364714,2,1.487007183951006
2024-10-24 01:20:00+00:00,1.1127808066995502,1.1127808066995502,0.0,0,0.0
2024-10-25 16:00:00+00:00,1.1125304310180428,1.1125304310180428,0.0,1,0.7501687879772948
2024-10-25 16:05:00+00:00,1.1107715084706404,1.1125304310180428,-0.0017589225474023528,1,0.7513566909667652
2024-10-25 16:10:00+00:00,1.1129899991272325,1.1125304310180428,0.000459568109189624,1,0.7498590334855796
2024-10-25 16:15:00+00:00,1.1150101150604332,1.1125304310180428,0.0024796840423905015,1,0.7485004788314663
2024-10-25 16:20:00+00:00,1.1154167832433852,1.1125304310180428,0.0028863522253424496,1,0.7482275841303664
2024-10-25 16:25:00+00:00,1.115648220420675,1.1125304310180428,0.003117789402632282,1,0.7480723670315785
2024-10-25 16:30:00+00:00,1.1135893285109175,1.1135893285109175,0.0,0,0.0
2024-10-25 18:15:00+00:00,1.1128378248278674,1.1128378248278674,0.0,3,2.251012879815685
2024-10-25 18:20:00+00:00,1.1218259094775218,1.1128378248278674,0.008988084649654404,3,2.2329777335952983
2024-10-25 18:25:00+00:00,1.122001224201024,1.1128378248278674,0.009163399373156534,3,2.232628826779951
2024-10-25 18:30:00+00:00,1.128737462790106,1.1128378248278674,0.015899637962238408,3,2.219304629653654
2024-10-25 18:35:00+00:00,1.1285734733719817,1.1128378248278674,0.015735648544114293,3,2.2196271097432927
2024-10-25 18:40:00+00:00,1.1281068393774882,1.1128378248278674,0.015269014549620756,3,2.220545243937991
2024-10-25 18:45:00+00:00,1.1214852523360996,1.1214852523360996,0.0,0,0.0
2024-10-25 23:20:00+00:00,1.120728420103571,1.120728420103571,0.0,3,2.251012879815685
2024-10-25 23:25:00+00:00,1.0887337190978335,1.120728420103571,-0.03199470100573763,3,2.3171635673404967
2024-10-25 23:30:00+00:00,1.098468238994266,1.120728420103571,-0.022260181109305152,3,2.296629086643798
2024-10-25 23:35:00+00:00,1.1204529957000195,1.120728420103571,-0.00027542440355139046,3,2.2515662130498226
2024-10-25 23:40:00+00:00,1.1168809848407906,1.120728420103571,-0.003847435262780455,3,2.2587671763327934
2024-10-25 23:45:00+00:00,1.115460003741663,1.120728420103571,-0.005268416361907927,3,2.2616446129545746
2024-10-25 23:50:00+00:00,1.1215260644880771,1.1215260644880771,0.0,0,0.0
2024-10-27 13:25:00+00:00,1.1212737211235673,1.1212737211235673,0.0,1,0.7501687879772949
2024-10-27 13:30:00+00:00,1.1207383655934025,1.1212737211235673,-0.0005353555301647473,1,0.7505271294256918
2024-10-27 13:35:00+00:00,1.1200144571721107,1.1212737211235673,-0.0012592639514565104,1,0.751012223975963
2024-10-27 13:40:00+00:00,1.119044756589171,1.1212737211235673,-0.002228964534396222,1,0.7516630084839965
2024-10-27 13:45:00+00:00,1.1184858319476154,1.1212737211235673,-0.0027878891759518815,1,0.7520386260962965
2024-10-27 13:50:00+00:00,1.1182972790564882,1.1212737211235673,-0.0029764420670789905,1,0.7521654251682832
2024-10-27 13:55:00+00:00,1.117014628822605,1.117014628822605,0.0,0,0.0
2024-10-28 09:55:00+00:00,1.11676330053112,1.11676330053112,0.0,1,0.7501687879772949
2024-10-28 10:00:00+00:00,1.1192958286761698,1.11676330053112,0.002532528145049794,1,0.748471449775528
2024-10-28 10:05:00+00:00,1.1183039769222338,1.11676330053112,0.0015406763911138591,1,0.7491352878155876
2024-10-28 10:10:00+00:00,1.1180923818813941,1.11676330053112,0.0013290813502742154,1,0.7492770590273304
2024-10-28 10:15:00+00:00,1.117593149831913,1.11676330053112,0.0008298493007930968,1,0.7496117632279277
2024-10-28 10:20:00+00:00,1.1177386214224905,1.11676330053112,0.0009753208913704565,1,0.7495142026592738
2024-10-28 10:25:00+00:00,1.1167467104880662,1.1167467104880662,0.0,0,0.0
2024-10-29 13:40:00+00:00,1.1164954424782063,1.1164954424782063,0.0,1,0.7501687879772949
2024-10-29 13:45:00+00:00,1.1179882101732423,1.1164954424782063,0.001492767695035937,1,0.749167142591121
2024-10-29 13:50:00+00:00,1.1169918581503764,1.1164954424782063,0.000496415672170007,1,0.7498353965202244
2024-10-29 13:55:00+00:00,1.1195103168559952,1.1164954424782063,0.0030148743777890213,1,0.7481485612550961
2024-10-29 14:00:00+00:00,1.1213352018919864,1.1164954424782063,0.004839759413780207,1,0.7469310081881548
2024-10-29 14:05:00+00:00,1.1221379165959209,1.1164954424782063,0.005642474117714603,1,0.7463966955210309
2024-10-29 14:10:00+00:00,1.1183354575128073,1.1183354575128073,0.0,0,0.0
2024-10-29 15:45:00+00:00,1.118083832034867,1.118083832034867,0.0,1,0.7501687879772948
2024-10-29 15:50:00+00:00,1.1198722422177954,1.118083832034867,0.0017884101829284819,1,0.7489707856974306
2024-10-29 15:55:00+00:00,1.1199524243507533,1.118083832034867,0.00186859231588639,1,0.748917163709733
2024-10-29 16:00:00+00:00,1.1203719279739093,1.118083832034867,0.002288095939042304,1,0.748636744809745
2024-10-29 16:05:00+00:00,1.1207077632844138,1.118083832034867,0.0026239312495468362,1,0.748412405635979
2024-10-29 16:10:00+00:00,1.121658328280928,1.118083832034867,0.0035744962460611904,1,0.7477781531030844
2024-10-29 16:15:00+00:00,1.1207338701220808,1.1207338701220808,0.0,0,0.0
2024-10-29 16:55:00+00:00,1.1204817050013034,1.1204817050013034,0.0,1,0.7501687879772949
2024-10-29 17:00:00+00:00,1.12076836939423,1.1204817050013034,0.0002866643929266035,1,0.749976913647085
2024-10-29 17:05:00+00:00,1.123272745134633,1.1204817050013034,0.0027910401333296414,1,0.7483048139753575
2024-10-29 17:10:00+00:00,1.121303896282115,1.1204817050013034,0.0008221912808115204,1,0.749618729925542
2024-10-29 17:15:00+00:00,1.1199367276389263,1.1204817050013034,-0.0005449773623770828,1,0.750533830927776
2024-10-29 17:20:00+00:00,1.1211778899555536,1.1204817050013034,0.0006961849542502427,1,0.7497029776647507
2024-10-29 17:25:00+00:00,1.1199302748549431,1.1199302748549431,0.0,0,0.0
2024-10-30 20:05:00+00:00,1.1196782905431009,1.1196782905431009,0.0,1,0.7501687879772948
2024-10-30 20:10:00+00:00,1.1143508407908167,1.1196782905431009,-0.005327449752284135,1,0.7537551688345523
2024-10-30 20:15:00+00:00,1.1141895435754896,1.1196782905431009,-0.005488746967611355,1,0.7538642872610107
2024-10-30 20:20:00+00:00,1.1154706380051391,1.1196782905431009,-0.004207652537961723,1,0.7529984900753054
2024-10-30 20:25:00+00:00,1.117790300835637,1.1196782905431009,-0.0018879897074638833,1,0.7514358511728718
2024-10-30 20:30:00+00:00,1.1187720090670534,1.1196782905431009,-0.0009062814760474893,1,0.7507764757554505
2024-10-30 20:35:00+00:00,1.1172261657977296,1.1172261657977296,0.0,0,0.0
2024-10-31 14:10:00+00:00,1.1169747899104252,1.1169747899104252,0.0,1,0.7501687879772948
2024-10-31 14:15:00+00:00,1.1162393932344354,1.1169747899104252,-0.0007353966759897158,1,0.7506630113817486
2024-10-31 14:20:00+00:00,1.1183302269210729,1.1169747899104252,0.0013554370106475875,1,0.7492595694701133
2024-10-31 14:25:00+00:00,1.1183158073784063,1.1169747899104252,0.0013410174679811535,1,0.7492692304086952
2024-10-31 14:30:00+00:00,1.1175371520744173,1.1169747899104252,0.0005623621639920426,1,0.7497912913167291
2024-10-31 14:35:00+00:00,1.1174217957330856,1.1169747899104252,0.00044700582266038447,1,0.7498686955524965
2024-10-31 14:40:00+00:00,1.1177616210951062,1.1177616210951062,0.0,0,0.0
2024-11-01 15:55:00+00:00,1.1175101247303598,1.1175101247303598,0.0,1,0.7501687879772949
2024-11-01 16:00:00+00:00,1.115039357121253,1.1175101247303598,-0.0024707676091069537,1,0.7518310546326016
2024-11-01 16:05:00+00:00,1.1182849808444586,1.1175101247303598,0.0007748561140987621,1,0.7496489984049345
2024-11-01 16:10:00+00:00,1.119410715198904,1.1175101247303598,0.0019005904685439824,1,0.7488951145803276
2024-11-01 16:15:00+00:00,1.1207996082336087,1.1175101247303598,0.003289483503248907,1,0.7479670849836683
2024-11-01 16:20:00+00:00,1.1229048776756883,1.1175101247303598,0.005394752945328401,1,0.7465647647346398
2024-11-01 16:25:00+00:00,1.1200071745816615,1.1200071745816615,0.0,0,0.0
2024-11-03 15:55:00+00:00,1.1195032280534631,1.1195032280534631,0.0,2,1.5005064019177263
2024-11-03 16:00:00+00:00,1.1167616710206265,1.1195032280534631,-0.002741557032836517,2,1.5041900203528347
2024-11-03 16:05:00+00:00,1.1198956959820976,1.1195032280534631,0.00039246792863449983,2,1.4999805488033906
2024-11-03 16:10:00+00:00,1.1273230508612786,1.1195032280534631,0.007819822807815367,2,1.4900979443101001
2024-11-03 16:15:00+00:00,1.126816602116493,1.1195032280534631,0.007313374063029799,2,1.4907676701839345
2024-11-03 16:20:00+00:00,1.1242590350473793,1.1195032280534631,0.004755806993916236,2,1.4941590045491513
2024-11-03 16:25:00+00:00,1.1260870973022905,1.1260870973022905,0.0,0,0.0
2024-11-04 17:25:00+00:00,1.1258337277053976,1.1258337277053976,0.0,1,0.7501687879772948
2024-11-04 17:30:00+00:00,1.126762961850137,1.1258337277053976,0.0009292341447393539,1,0.7495501286179548
2024-11-04 17:35:00+00:00,1.1279167089425988,1.1258337277053976,0.002082981237201115,1,0.7487834130664509
2024-11-04 17:40:00+00:00,1.1264449018408638,1.1258337277053976,0.0006111741354662718,1,0.7497617696138609
2024-11-04 17:45:00+00:00,1.1268103590279894,1.1258337277053976,0.0009766313225918809,1,0.7495186001886402
2024-11-04 17:50:00+00:00,1.1270523340938678,1.1258337277053976,0.0012186063884703441,1,0.7493576805869755
2024-11-04 17:55:00+00:00,1.1276396407567792,1.1276396407567792,0.0,0,0.0
2024-11-05 14:25:00+00:00,1.1271322600051956,1.1271322600051956,0.0,2,1.500506401917726
2024-11-05 14:30:00+00:00,1.12753660826544,1.1271322600051956,0.00040434826024452863,2,1.4999683021800738
2024-11-05 14:35:00+00:00,1.1362425014702164,1.1271322600051956,0.00911024146502087,2,1.4884755408791783
2024-11-05 14:40:00+00:00,1.136907767221824,1.1271322600051956,0.00977550721662836,2,1.4876045539548195
2024-11-05 14:45:00+00:00,1.1391095902462454,1.1271322600051956,0.011977330241049853,2,1.4847291133596578
2024-11-05 14:50:00+00:00,1.144346902672149,1.1271322600051956,0.01721464266695337,2,1.4779339796319904
2024-11-05 14:55:00+00:00,1.1385292209957465,1.1385292209957465,0.0,0,0.0
2024-11-05 20:05:00+00:00,1.1380169404843403,1.1380169404843403,0.0,2,1.500506401917726
2024-11-05 20:10:00+00:00,1.1400120356381722,1.1380169404843403,0.001995095153831844,2,1.4978804181937175
2024-11-05 20:15:00+00:00,1.1407923695230409,1.1380169404843403,0.002775429038700601,2,1.49685582609701
2024-11-05 20:20:00+00:00,1.13633208856739,1.1380169404843403,-0.0016848519169503705,2,1.5027312190403814
2024-11-05 20:25:00+00:00,1.1365509404893475,1.1380169404843403,-0.0014659999949927695,2,1.502441856193758
2024-11-05 20:30:00+00:00,1.1401784359689187,1.1380169404843403,0.002161495484578261,2,1.4976618139918285
2024-11-05 20:35:00+00:00,1.1428456834514051,1.1428456834514051,0.0,0,0.0
2024-11-06 02:20:00+00:00,1.1423314607504147,1.1423314607504147,0.0,2,1.5005064019177263
2024-11-06 02:25:00+00:00,1.1463904571734618,1.1423314607504147,0.004058996423047063,2,1.4951935959012144
2024-11-06 02:30:00+00:00,1.1548042835714447,1.1423314607504147,0.012472822821030034,2,1.4842997158504911
2024-11-06 02:35:00+00:00,1.166079817357125,1.1423314607504147,0.02374835660671033,2,1.4699471206464338
2024-11-06 02:40:00+00:00,1.1636194997583376,1.1423314607504147,0.021288039007922966,2,1.4730551269757919
2024-11-06 02:45:00+00:00,1.166582752345576,1.1423314607504147,0.02425129159516143,2,1.4693133997752315
2024-11-06 02:50:00+00:00,1.169170571606051,1.169170571606051,0.0,0,0.0
2024-11-06 08:40:00+00:00,1.1689075082274396,1.1689075082274396,0.0,1,0.7501687879772949
2024-11-06 08:45:00+00:00,1.172848316632228,1.1689075082274396,0.003940808404788572,1,0.74764819650545
2024-11-06 08:50:00+00:00,1.1705415019562544,1.1689075082274396,0.0016339937288148167,1,0.7491216050341366
2024-11-06 08:55:00+00:00,1.1738575480529667,1.1689075082274396,0.004950039825527175,1,0.7470054012592777
2024-11-06 09:00:00+00:00,1.1726080234368141,1.1689075082274396,0.0037005152093745543,1,0.7478014060781231
2024-11-06 09:05:00+00:00,1.176885242315182,1.1689075082274396,0.007977734087742596,1,0.7450836302267959
2024-11-06 09:10:00+00:00,1.1745075988169285,1.1745075988169285,0.0,0,0.0
2024-11-06 22:50:00+00:00,1.1742433346071945,1.1742433346071945,0.0,1,0.7501687879772949
2024-11-06 22:55:00+00:00,1.1752449905332205,1.1742433346071945,0.0010016559260260292,1,0.7495294225530218
2024-11-06 23:00:00+00:00,1.1746491501913723,1.1742433346071945,0.0004058155841777343,1,0.749909621072117
2024-11-06 23:05:00+00:00,1.1732706655086096,1.1742433346071945,-0.0009726690985848882,1,0.7507906956242164
2024-11-06 23:10:00+00:00,1.1734027166113978,1.1742433346071945,-0.0008406179957968052,1,0.7507062039676718
2024-11-06 23:15:00+00:00,1.173592741369068,1.1742433346071945,-0.0006505932381263425,1,0.7505846517805612
2024-11-06 23:20:00+00:00,1.1720337322002912,1.1720337322002912,0.0,0,0.0
2024-11-08 00:10:00+00:00,1.171770024610546,1.171770024610546,0.0,1,0.7501687879772949
2024-11-08 00:15:00+00:00,1.1734724719039253,1.171770024610546,0.0017024472933792414,1,0.7490804600844407
2024-11-08 00:20:00+00:00,1.172915960134912,1.171770024610546,0.001145935524365918,1,0.7494358752259714
2024-11-08 00:25:00+00:00,1.1735113678877809,1.171770024610546,0.0017413432772348855,1,0.7490556318447839
2024-11-08 00:30:00+00:00,1.1729668241138003,1.171770024610546,0.0011967995032543081,1,0.7494033770429436
2024-11-08 00:35:00+00:00,1.1697713694401113,1.171770024610546,-0.0019986551704347295,1,0.7514505159849715
2024-11-08 00:40:00+00:00,1.166922574923337,1.166922574923337,0.0,0,0.0
2024-11-08 18:40:00+00:00,1.1666600173439792,1.1666600173439792,0.0,1,0.7501687879772949
2024-11-08 18:45:00+00:00,1.1661488071037966,1.1666600173439792,-0.0005112102401825185,1,0.750497643063321
2024-11-08 18:50:00+00:00,1.1672332820063802,1.1666600173439792,0.0005732646624010395,1,0.7498003566931523
2024-11-08 18:55:00+00:00,1.1644290131165929,1.1666600173439792,-0.0022310042273863168,1,0.7516060844705789
2024-11-08 19:00:00+00:00,1.1656582816710201,1.1666600173439792,-0.001001735672958928,1,0.7508134630484316
2024-11-08 19:05:00+00:00,1.1653214148075473,1.1666600173439792,-0.001338602536431829,1,0.7510305054653446
2024-11-08 19:10:00+00:00,1.1668938951423709,1.1668938951423709,0.0,0,0.0
2024-11-09 00:25:00+00:00,1.166631344015964,1.166631344015964,0.0,1,0.7501687879772948
2024-11-09 00:30:00+00:00,1.1657887444269948,1.166631344015964,-0.000842599588969246,1,0.7507109890539726
2024-11-09 00:35:00+00:00,1.1647718138885832,1.166631344015964,-0.0018595301273806426,1,0.751366414366628
2024-11-09 00:40:00+00:00,1.1688976463587093,1.166631344015964,0.0022663023427453373,1,0.7487143327587874
2024-11-09 00:45:00+00:00,1.1725004859805093,1.166631344015964,0.005869141964545448,1,0.7464136960462857
2024-11-09 00:50:00+00:00,1.1725585962969898,1.166631344015964,0.005927252281025938,1,0.7463767048577519
2024-11-09 00:55:00+00:00,1.178223297451609,1.178223297451609,0.0,0,0.0
2024-11-09 05:45:00+00:00,1.1779581972096822,1.1779581972096822,0.0,1,0.7501687879772949
2024-11-09 05:50:00+00:00,1.182407475292548,1.1779581972096822,0.004449278082865748,1,0.7473459797520918
2024-11-09 05:55:00+00:00,1.18319521633017,1.1779581972096822,0.005237019120487745,1,0.746848415960904
2024-11-09 06:00:00+00:00,1.1812579568894994,1.1779581972096822,0.003299759679817164,1,0.7480732450815306
2024-11-09 06:05:00+00:00,1.1816518274083103,1.1779581972096822,0.0036936301986280643,1,0.7478238958313416
2024-11-09 06:10:00+00:00,1.185838525145302,1.1779581972096822,0.00788032793561988,1,0.7451836437683873
2024-11-09 06:15:00+00:00,1.1848498701725225,1.1848498701725225,0.0,0,0.0
2024-11-10 04:35:00+00:00,1.1843167477139696,1.1843167477139696,0.0,2,1.5005064019177263
2024-11-10 04:40:00+00:00,1.1838738339016943,1.1843167477139696,-0.0004429138122753452,2,1.5010677750909356
2024-11-10 04:45:00+00:00,1.1833303192277569,1.1843167477139696,-0.0009864284862126065,2,1.501757229547633
2024-11-10 04:50:00+00:00,1.1836225787892947,1.1843167477139696,-0.0006941689246748224,2,1.5013864163194055
2024-11-10 04:55:00+00:00,1.2046035147001348,1.1843167477139696,0.020286766986165362,2,1.4752363247799125
2024-11-10 05:00:00+00:00,1.2027385869335043,1.1843167477139696,0.01842183921953477,2,1.4775237787739166
2024-11-10 05:05:00+00:00,1.2001859152838548,1.2001859152838548,0.0,0,0.0
2024-11-10 21:20:00+00:00,1.1999158734529158,1.1999158734529158,0.0,1,0.7501687879772949
2024-11-10 21:25:00+00:00,1.1975019153340851,1.1999158734529158,-0.0024139581188306353,1,0.7516809993675589
2024-11-10 21:30:00+00:00,1.2014113219427027,1.1999158734529158,0.0014954484897869579,1,0.749235020531811
2024-11-10 21:35:00+00:00,1.202903900089899,1.1999158734529158,0.0029880266369830587,1,0.7483053603830025
2024-11-10 21:40:00+00:00,1.202395849451334,1.1999158734529158,0.002479975998418149,1,0.7486215432909505
2024-11-10 21:45:00+00:00,1.202576681034552,1.1999158734529158,0.0026608075816361475,1,0.7485089729899965
2024-11-10 21:50:00+00:00,1.2065346538398052,1.2065346538398052,0.0,0,0.0
2024-11-11 10:20:00+00:00,1.2062631835426911,1.2062631835426911,0.0,1,0.750168787977295
2024-11-11 10:25:00+00:00,1.201665547441558,1.2062631835426911,-0.004597636101132984,1,0.7530389735367385
2024-11-11 10:30:00+00:00,1.2021540462773035,1.2062631835426911,-0.004109137265387566,1,0.7527329739329583
2024-11-11 10:35:00+00:00,1.2024988689848886,1.2062631835426911,-0.0037643145578025463,1,0.7525171238986218
2024-11-11 10:40:00+00:00,1.2040362035562047,1.2062631835426911,-0.0022269799864863926,1,0.75155629681829
2024-11-11 10:45:00+00:00,1.2031597791744262,1.2062631835426911,-0.0031034043682648697,1,0.7521037571591457
2024-11-11 10:50:00+00:00,1.2029026764901283,1.2029026764901283,0.0,0,0.0
2024-11-11 16:25:00+00:00,1.202632023387918,1.202632023387918,0.0,1,0.7501687879772949
2024-11-11 16:30:00+00:00,1.191359372569985,1.202632023387918,-0.011272650817932984,1,0.7572668903602375
2024-11-11 16:35:00+00:00,1.1916026671919546,1.202632023387918,-0.011029356195963277,1,0.7571122759347307
2024-11-11 16:40:00+00:00,1.1924947474725105,1.202632023387918,-0.010137275915407418,1,0.7565458961389625
2024-11-11 16:45:00+00:00,1.192454198368849,1.202632023387918,-0.010177825019069053,1,0.7565716222909683
2024-11-11 16:50:00+00:00,1.191683765399278,1.202632023387918,-0.010948257988640008,1,0.7570607518222912
2024-11-11 16:55:00+00:00,1.1869527108942883,1.1869527108942883,0.0,0,0.0
2024-11-12 00:25:00+00:00,1.186418642263867,1.186418642263867,0.0,2,1.5005064019177263
2024-11-12 00:30:00+00:00,1.1944774994943046,1.186418642263867,0.008058857230437625,2,1.490382840049435
2024-11-12 00:35:00+00:00,1.1893495014427284,1.186418642263867,0.0029308591788615845,2,1.4968087731251247
2024-11-12 00:40:00+00:00,1.1866355094350043,1.186418642263867,0.00021686717113723235,2,1.5002321723197833
2024-11-12 00:45:00+00:00,1.1919652700406178,1.186418642263867,0.005546627776750916,2,1.4935240252518478
2024-11-12 00:50:00+00:00,1.2015080045278665,1.186418642263867,0.015089362263999574,2,1.481662012539826
2024-11-12 00:55:00+00:00,1.2063292613654666,1.2063292613654666,0.0,0,0.0
2024-11-12 03:00:00+00:00,1.205786474268271,1.205786474268271,0.0,2,1.5005064019177263
2024-11-12 03:05:00+00:00,1.2013247058304786,1.205786474268271,-0.004461768437792415,2,1.5060793432484831
2024-11-12 03:10:00+00:00,1.2076983907113412,1.205786474268271,0.0019119164430702986,2,1.4981309389007815
2024-11-12 03:15:00+00:00,1.2071959415672306,1.205786474268271,0.0014094672989596957,2,1.4987544786113598
2024-11-12 03:20:00+00:00,1.205782519848588,1.205786474268271,-3.954419682811124e-06,2,1.500511322898046
2024-11-12 03:25:00+00:00,1.2064585674629311,1.205786474268271,0.0006720931946602193,2,1.4996705007368067
2024-11-12 03:30:00+00:00,1.2103708036835574,1.2103708036835574,0.0,0,0.0
2024-11-12 10:55:00+00:00,1.20955398720235,1.20955398720235,0.0,3,2.251012879815685
2024-11-12 11:00:00+00:00,1.2118274622781842,1.20955398720235,0.002273475075834277,3,2.246789818499661
2024-11-12 11:05:00+00:00,1.2179314674130808,1.20955398720235,0.00837748021073091,3,2.2355294011805444
2024-11-12 11:10:00+00:00,1.2109038611502383,1.20955398720235,0.0013498739478883838,3,2.248503528131945
2024-11-12 11:15:00+00:00,1.202881891171798,1.20955398720235,-0.00667209603055189,3,2.2634987059058167
2024-11-12 11:20:00+00:00,1.226144264046317,1.20955398720235,0.016590276843966904,3,2.2205556751045217
2024-11-12 11:25:00+00:00,1.2347450024544875,1.2347450024544875,0.0,0,0.0
2024-11-13 19:25:00+00:00,1.2344671848289352,1.2344671848289352,0.0,1,0.7501687879772949
2024-11-13 19:30:00+00:00,1.235282243199976,1.2344671848289352,0.0008150583710405711,1,0.749673814983309
2024-11-13 19:35:00+00:00,1.2271347083363442,1.2344671848289352,-0.007332476492591126,1,0.754651258374352
2024-11-13 19:40:00+00:00,1.2268145794250251,1.2344671848289352,-0.007652605403910042,1,0.7548481794819265
2024-11-13 19:45:00+00:00,1.230057536110799,1.2344671848289352,-0.0044096487181362045,1,0.7528580774919538
2024-11-13 19:50:00+00:00,1.2293258128849271,1.2344671848289352,-0.005141371944008042,1,0.7533061960747673
2024-11-13 19:55:00+00:00,1.2290622232109891,1.2290622232109891,0.0,0,0.0
2024-11-13 20:10:00+00:00,1.2287856842107667,1.2287856842107667,0.0,1,0.7501687879772948
2024-11-13 20:15:00+00:00,1.2318674548650959,1.2287856842107667,0.003081770654329115,1,0.7482920859445787
2024-11-13 20:20:00+00:00,1.2298708147228545,1.2287856842107667,0.0010851305120877423,1,0.7495069046060454
2024-11-13 20:25:00+00:00,1.2283950372264152,1.2287856842107667,-0.00039064698435159955,1,0.7504073522549881
2024-11-13 20:30:00+00:00,1.2270494753914265,1.2287856842107667,-0.001736208819340306,1,0.7512302363473897
2024-11-13 20:35:00+00:00,1.2332130167000845,1.2287856842107667,0.004427332489317719,1,0.747475622561014
2024-11-13 20:40:00+00:00,1.233196909022763,1.233196909022763,0.0,0,0.0
2024-11-14 07:35:00+00:00,1.2329194397182328,1.2329194397182328,0.0,1,0.7501687879772949
2024-11-14 07:40:00+00:00,1.2374784108377097,1.2329194397182328,0.0045589711194769554,1,0.747405105145199
2024-11-14 07:45:00+00:00,1.234912197534608,1.2329194397182328,0.0019927578163751463,1,0.7489582527515299
2024-11-14 07:50:00+00:00,1.2425248191209042,1.2329194397182328,0.009605379402671336,1,0.7443695832341155
2024-11-14 07:55:00+00:00,1.247943973470471,1.2329194397182328,0.015024533752238183,1,0.7411371835828312
2024-11-14 08:00:00+00:00,1.2545530479549956,1.2329194397182328,0.021633608236762764,1,0.7372328203057787
2024-11-14 08:05:00+00:00,1.248196950491163,1.248196950491163,0.0,0,0.0
2024-11-18 18:40:00+00:00,1.2479161061773025,1.2479161061773025,0.0,1,0.7501687879772948
2024-11-18 18:45:00+00:00,1.2362476618018736,1.2479161061773025,-0.011668444375428818,1,0.7572493293972379
2024-11-18 18:50:00+00:00,1.2381478664838774,1.2479161061773025,-0.009768239693425176,1,0.7560871671384997
2024-11-18 18:55:00+00:00,1.235297559460872,1.2479161061773025,-0.01261854671643064,1,0.7578317513044716
2024-11-18 19:00:00+00:00,1.2349412710829961,1.2479161061773025,-0.012974835094306348,1,0.7580503905642465
2024-11-18 19:05:00+00:00,1.233664571062275,1.2479161061773025,-0.01425153511502763,1,0.7588348849657577
2024-11-18 19:10:00+00:00,1.2283511534109204,1.2283511534109204,0.0,0,0.0
2024-11-21 03:30:00+00:00,1.228074774401403,1.228074774401403,0.0,1,0.7501687879772949
2024-11-21 03:35:00+00:00,1.227789875668528,1.228074774401403,-0.0002848987328748861,1,0.7503428585909825
2024-11-21 03:40:00+00:00,1.2273423151591132,1.228074774401403,-0.0007324592422897988,1,0.750616477309965
2024-11-21 03:45:00+00:00,1.2269573168714445,1.228074774401403,-0.0011174575299585001,1,0.7508520079633026
2024-11-21 03:50:00+00:00,1.2287263840032823,1.228074774401403,0.0006516096018793623,1,0.7497709637003525
2024-11-21 03:55:00+00:00,1.2296600048508788,1.228074774401403,0.0015852304494759454,1,0.7492016991883151
2024-11-21 04:00:00+00:00,1.2285116047197917,1.2285116047197917,0.0,0,0.0
2024-11-21 15:00:00+00:00,1.2282351896087298,1.2282351896087298,0.0,1,0.7501687879772949
2024-11-21 15:05:00+00:00,1.2255276050617538,1.2282351896087298,-0.0027075845469759115,1,0.7518261520460942
2024-11-21 15:10:00+00:00,1.220514914751812,1.2282351896087298,-0.0077202748569178735,1,0.7549139239541406
2024-11-21 15:15:00+00:00,1.216526715892077,1.2282351896087298,-0.011708473716652758,1,0.7573887950863412
2024-11-21 15:20:00+00:00,1.2147338558542147,1.2282351896087298,-0.01350133375451522,1,0.7585066466200666
2024-11-21 15:25:00+00:00,1.205403665861257,1.2282351896087298,-0.022831523747472843,1,0.7643777181327204
2024-11-21 15:30:00+00:00,1.198285111422026,1.198285111422026,0.0,0,0.0
2024-11-22 00:25:00+00:00,1.198015497271956,1.198015497271956,0.0,1,0.7501687879772949
2024-11-22 00:30:00+00:00,1.2027808635270953,1.198015497271956,0.004765366255139292,1,0.7471966513759504
2024-11-22 00:35:00+00:00,1.2116695556736574,1.198015497271956,0.013654058401701374,1,0.7417152880983773
2024-11-22 00:40:00+00:00,1.2070183299276234,1.198015497271956,0.009002832655667318,1,0.7445734760468876
2024-11-22 00:45:00+00:00,1.2061622761093347,1.198015497271956,0.008146778837378651,1,0.7451019248135183
2024-11-22 00:50:00+00:00,1.1987574105811394,1.198015497271956,0.0007419133091832326,1,0.7497045070452051
2024-11-22 00:55:00+00:00,1.1998432149766929,1.1998432149766929,0.0,0,0.0
2024-11-22 03:15:00+00:00,1.1995732502533232,1.1995732502533232,0.0,1,0.7501687879772949
2024-11-22 03:20:00+00:00,1.20678412163726,1.1995732502533232,0.007210871383936746,1,0.745686320442829
2024-11-22 03:25:00+00:00,1.2019768740479686,1.1995732502533232,0.0024036237946454485,1,0.7486686563294122
2024-11-22 03:30:00+00:00,1.201667836702943,1.1995732502533232,0.002094586449619748,1,0.7488611942061774
2024-11-22 03:35:00+00:00,1.2012901243923557,1.1995732502533232,0.0017168741390324919,1,0.7490966528070844
2024-11-22 03:40:00+00:00,1.1984744508043423,1.1995732502533232,-0.0010987994489807908,1,0.7508565665530658
2024-11-22 03:45:00+00:00,1.199440635461076,1.199440635461076,0.0,0,0.0
2024-11-24 12:55:00+00:00,1.1991707613180973,1.1991707613180973,0.0,1,0.7501687879772949
2024-11-24 13:00:00+00:00,1.1974743054705608,1.1991707613180973,-0.001696455847536497,1,0.751231548339826
2024-11-24 13:05:00+00:00,1.2016042020830064,1.1991707613180973,0.002433440764909035,1,0.7486495761552474
2024-11-24 13:10:00+00:00,1.2013678106944152,1.1991707613180973,0.002197049376318019,1,0.7487968868383706
2024-11-24 13:15:00+00:00,1.2035092385675354,1.1991707613180973,0.004338477249438057,1,0.7474645376769384
2024-11-24 13:20:00+00:00,1.207319311536593,1.1991707613180973,0.008148550218495703,1,0.7451056799968543
2024-11-24 13:25:00+00:00,1.2092464867699322,1.2092464867699322,0.0,0,0.0
2024-11-26 08:00:00+00:00,1.2089744063104089,1.2089744063104089,0.0,1,0.7501687879772949
2024-11-26 08:05:00+00:00,1.2058379344202155,1.2089744063104089,-0.0031364718901934464,1,0.75212003138176
2024-11-26 08:10:00+00:00,1.200229018472437,1.2089744063104089,-0.008745387837971973,1,0.7556348422834578
2024-11-26 08:15:00+00:00,1.1980673959535197,1.2089744063104089,-0.010907010356889126,1,0.7569982023888033
2024-11-26 08:20:00+00:00,1.1899860359481562,1.2089744063104089,-0.01898837036225263,1,0.7621390820395822
2024-11-26 08:25:00+00:00,1.1930942513348346,1.2089744063104089,-0.01588015497557436,1,0.7601535788666904
2024-11-26 08:30:00+00:00,1.1894313904534803,1.1894313904534803,0.0,0,0.0
2024-11-26 11:10:00+00:00,1.1891637683906282,1.1891637683906282,0.0,1,0.750168787977295
2024-11-26 11:15:00+00:00,1.1877968153675817,1.1891637683906282,-0.0013669530230464137,1,0.7510321052376661
2024-11-26 11:20:00+00:00,1.1822118358734206,1.1891637683906282,-0.006951932517207671,1,0.7545801148074656
2024-11-26 11:25:00+00:00,1.1777985303990135,1.1891637683906282,-0.01136523799161469,1,0.7574075869647201
2024-11-26 11:30:00+00:00,1.170104537669295,1.1891637683906282,-0.01905923072133332,1,0.762387901355388
2024-11-26 11:35:00+00:00,1.1707684862804888,1.1891637683906282,-0.01839528211013933,1,0.7619555473979425
2024-11-26 11:40:00+00:00,1.1686261857860303,1.1686261857860303,0.0,0,0.0
2024-11-27 15:35:00+00:00,1.1683632448942285,1.1683632448942285,0.0,1,0.7501687879772948
2024-11-27 15:40:00+00:00,1.1679192165620338,1.1683632448942285,-0.0004440283321946138,1,0.7504539928023088
2024-11-27 15:45:00+00:00,1.1709878844147574,1.1683632448942285,0.0026246395205290047,1,0.7484873678070285
2024-11-27 15:50:00+00:00,1.1703930886985465,1.1683632448942285,0.0020298438043180956,1,0.7488677503334706
2024-11-27 15:55:00+00:00,1.1733137471072055,1.1683632448942285,0.004950502212976973,1,0.7470036394787419
2024-11-27 16:00:00+00:00,1.1708536646704502,1.1683632448942285,0.00249041977622174,1,0.7485731699752718
2024-11-27 16:05:00+00:00,1.1679532138716788,1.1679532138716788,0.0,0,0.0
2024-11-30 07:15:00+00:00,1.1676904243985577,1.1676904243985577,0.0,1,0.7501687879772949
2024-11-30 07:20:00+00:00,1.1749231021955457,1.1676904243985577,0.007232677796988099,1,0.745550843937674
2024-11-30 07:25:00+00:00,1.1733536241925828,1.1676904243985577,0.005663199794025085,1,0.7465480928705827
2024-11-30 07:30:00+00:00,1.1717579882229037,1.1676904243985577,0.00406756382434587,1,0.7475647012505147
2024-11-30 07:35:00+00:00,1.1752369977961385,1.1676904243985577,0.007546573397580779,1,0.7453517137789323
2024-11-30 07:40:00+00:00,1.1768064757991015,1.1676904243985577,0.009116051400543793,1,0.744357656435347
2024-11-30 07:45:00+00:00,1.1776684788947707,1.1776684788947707,0.0,0,0.0
2024-12-03 21:15:00+00:00,1.1774035034870194,1.1774035034870194,0.0,1,0.7501687879772949
2024-12-03 21:20:00+00:00,1.192027628965254,1.1774035034870194,0.014624125478234684,1,0.7409655092791675
2024-12-03 21:25:00+00:00,1.199091501585289,1.1774035034870194,0.02168799809826964,1,0.7366004662724682
2024-12-03 21:30:00+00:00,1.1934785865845046,1.1774035034870194,0.0160750830974851,1,0.740064689135953
2024-12-03 21:35:00+00:00,1.1971441637278741,1.1774035034870194,0.01974066024085465,1,0.7377986594535594
2024-12-03 21:40:00+00:00,1.200389726823566,1.1774035034870194,0.022986223336546433,1,0.7358038305678526
2024-12-03 21:45:00+00:00,1.2040194271306446,1.2040194271306446,0.0,0,0.0
2024-12-04 00:55:00+00:00,1.2037485227595401,1.2037485227595401,0.0,1,0.7501687879772949
2024-12-04 01:00:00+00:00,1.2136039527412532,1.2037485227595401,0.009855429981713034,1,0.7440768203731378
2024-12-04 01:05:00+00:00,1.2106840995811314,1.2037485227595401,0.00693557682159123,1,0.7458713389069911
2024-12-04 01:10:00+00:00,1.2112986756055357,1.2037485227595401,0.007550152845995505,1,0.7454929065257674
2024-12-04 01:15:00+00:00,1.214240742356901,1.2037485227595401,0.010492219597360932,1,0.7436866008920009
2024-12-04 01:20:00+00:00,1.2153859763943453,1.2037485227595401,0.011637453634805155,1,0.7429858397962875
2024-12-04 01:25:00+00:00,1.2123729275930673,1.2123729275930673,0.0,0,0.0
2024-12-04 01:35:00+00:00,1.2121001436843588,1.2121001436843588,0.0,1,0.7501687879772948
2024-12-04 01:40:00+00:00,1.2132275922115212,1.2121001436843588,0.0011274485271623464,1,0.7494716585181911
2024-12-04 01:45:00+00:00,1.2135876970086583,1.2121001436843588,0.0014875533242994677,1,0.7492492696951863
2024-12-04 01:50:00+00:00,1.2113441121469137,1.2121001436843588,-0.0007560315374451347,1,0.7506369879350365
2024-12-04 01:55:00+00:00,1.211160289017485,1.2121001436843588,-0.0009398546668738265,1,0.7507509154155181
2024-12-04 02:00:00+00:00,1.210613533042774,1.2121001436843588,-0.001486610641584763,1,0.7510899811349401
2024-12-04 02:05:00+00:00,1.2079699021057935,1.2079699021057935,0.0,0,0.0
2024-12-05 02:30:00+00:00,1.2076981088778196,1.2076981088778196,0.0,1,0.7501687879772949
2024-12-05 02:35:00+00:00,1.2145198833522326,1.2076981088778196,0.006821774474412962,1,0.7459552033670538
2024-12-05 02:40:00+00:00,1.2162706930021288,1.2076981088778196,0.008572584124309094,1,0.7448814082193457
2024-12-05 02:45:00+00:00,1.229958924072228,1.2076981088778196,0.022260815194408437,1,0.7365916120025994
2024-12-05 02:50:00+00:00,1.2280257384171342,1.2076981088778196,0.020327629539314707,1,0.737751171035801
2024-12-05 02:55:00+00:00,1.225702268110918,1.2076981088778196,0.01800415923309846,1,0.7391496696629757
2024-12-05 03:00:00+00:00,1.2273773387384277,1.2273773387384277,0.0,0,0.0
2024-12-05 20:10:00+00:00,1.2271011788372115,1.2271011788372115,0.0,1,0.7501687879772949
2024-12-05 20:15:00+00:00,1.2224400824467234,1.2271011788372115,-0.004661096390487997,1,0.7530291400551647
2024-12-05 20:20:00+00:00,1.2197742035759047,1.2271011788372115,-0.007326975261306681,1,0.7546749237319293
2024-12-05 20:25:00+00:00,1.2192328840567628,1.2271011788372115,-0.007868294780448632,1,0.7550099870919855
2024-12-05 20:30:00+00:00,1.2188304872460731,1.2271011788372115,-0.008270691591138255,1,0.7552592535929664
2024-12-05 20:35:00+00:00,1.2203706131346055,1.2271011788372115,-0.006730565702605982,1,0.754306105166994
2024-12-05 20:40:00+00:00,1.220827390281431,1.220827390281431,0.0,0,0.0
2024-12-05 22:35:00+00:00,1.2197290164008767,1.2197290164008767,0.0,4,3.0016882596741117
2024-12-05 22:40:00+00:00,1.2195242788041285,1.2197290164008767,-0.00020473759674825972,4,3.00219219260202
2024-12-05 22:45:00+00:00,1.23865908651894,1.2197290164008767,0.0189300701180633,4,2.9558143224087035
2024-12-05 22:50:00+00:00,1.2721596203779306,1.2197290164008767,0.05243060397705393,4,2.8779771106291583
2024-12-05 22:55:00+00:00,1.2509207713321377,1.2197290164008767,0.031191754931261126,4,2.926841053742683
2024-12-05 23:00:00+00:00,1.2662557906432599,1.2197290164008767,0.04652677424238318,4,2.891395479150737
2024-12-05 23:05:00+00:00,1.2491467217340728,1.2491467217340728,0.0,0,0.0
2024-12-06 16:00:00+00:00,1.2488656637216826,1.2488656637216826,0.0,1,0.7501687879772949
2024-12-06 16:05:00+00:00,1.255114293764183,1.2488656637216826,0.006248630042500488,1,0.7464340466483257
2024-12-06 16:10:00+00:00,1.2542964771533038,1.2488656637216826,0.005430813431621176,1,0.7469207307564245
2024-12-06 16:15:00+00:00,1.2480478471108032,1.2488656637216826,-0.0008178166108794161,1,0.7506603560667646
2024-12-06 16:20:00+00:00,1.249696258717107,1.2488656637216826,0.0008305949954243956,1,0.7496701976705133
2024-12-06 16:25:00+00:00,1.248073403879893,1.2488656637216826,-0.0007922598417894571,1,0.7506449848126979
2024-12-06 16:30:00+00:00,1.2467828534884489,1.2467828534884489,0.0,0,0.0
2024-12-06 17:45:00+00:00,1.246502327346414,1.246502327346414,0.0,1,0.7501687879772949
2024-12-06 17:50:00+00:00,1.2489235461444592,1.246502327346414,0.0024212187980451674,1,0.7487144773617536
2024-12-06 17:55:00+00:00,1.2475254036943608,1.246502327346414,0.0010230763479469123,1,0.7495535861211445
2024-12-06 18:00:00+00:00,1.2482931751460415,1.246502327346414,0.001790847799627592,1,0.7490925679433744
2024-12-06 18:05:00+00:00,1.24977765707015,1.246502327346414,0.0032753297237359123,1,0.7482027981748839
2024-12-06 18:10:00+00:00,1.2531773899069754,1.246502327346414,0.006675062560561473,1,0.7461730060304943
2024-12-06 18:15:00+00:00,1.253872592659398,1.253872592659398,0.0,0,0.0
2024-12-09 21:10:00+00:00,1.2533084134700014,1.2533084134700014,0.0,2,1.500506401917726
2024-12-09 21:15:00+00:00,1.2609238129169886,1.2533084134700014,0.007615399446987113,2,1.491444033909202
2024-12-09 21:20:00+00:00,1.2724838191679948,1.2533084134700014,0.01917540569799333,2,1.4778948617348249
2024-12-09 21:25:00+00:00,1.2746082193405275,1.2533084134700014,0.02129980587052601,2,1.475431642016315
2024-12-09 21:30:00+00:00,1.2678068761957348,1.2533084134700014,0.01449846272573333,2,1.4833468198501418
2024-12-09 21:35:00+00:00,1.2779363961597123,1.2533084134700014,0.024627982689710972,2,1.4715891210551724
2024-12-09 21:40:00+00:00,1.281717282813635,1.281717282813635,0.0,0,0.0
2024-12-09 22:30:00+00:00,1.2814288964250018,1.2814288964250018,0.0,1,0.7501687879772949
2024-12-09 22:35:00+00:00,1.2834687177303377,1.2814288964250018,0.002039821305335815,1,0.7489765421085993
2024-12-09 22:40:00+00:00,1.2657754851036203,1.2814288964250018,-0.015653411321381615,1,0.759445868104747
2024-12-09 22:45:00+00:00,1.2687908731202036,1.2814288964250018,-0.012638023304798135,1,0.7576409812487318
2024-12-09 22:50:00+00:00,1.2827592146676123,1.2814288964250018,0.0013303182426104535,1,0.7493908062545585
2024-12-09 22:55:00+00:00,1.286705825454023,1.2814288964250018,0.005276929029021039,1,0.7470922592357342
2024-12-09 23:00:00+00:00,1.2860183435926067,1.2860183435926067,0.0,0,0.0
2024-12-12 03:00:00+00:00,1.2857289894652983,1.2857289894652983,0.0,1,0.7501687879772949
2024-12-12 03:05:00+00:00,1.2800254706795453,1.2857289894652983,-0.0057035187857529535,1,0.7535113790996751
2024-12-12 03:10:00+00:00,1.2847096160118725,1.2857289894652983,-0.0010193734534257694,1,0.7507640214359084
2024-12-12 03:15:00+00:00,1.2856544011638282,1.2857289894652983,-7.458830147011295e-05,1,0.7502123096388398
2024-12-12 03:20:00+00:00,1.2849184632559891,1.2857289894652983,-0.0008105262093092175,1,0.7506419942401426
2024-12-12 03:25:00+00:00,1.2899506873285105,1.2857289894652983,0.004221697863212184,1,0.7477136662425168
2024-12-12 03:30:00+00:00,1.2941913293771576,1.2941913293771576,0.0,0,0.0
2024-12-13 09:00:00+00:00,1.2939001363280478,1.2939001363280478,0.0,1,0.7501687879772949
2024-12-13 09:05:00+00:00,1.2919995756345568,1.2939001363280478,-0.0019005606934909183,1,0.7512723032870527
2024-12-13 09:10:00+00:00,1.2936965048251738,1.2939001363280478,-0.0002036315028739923,1,0.7502868666743735
2024-12-13 09:15:00+00:00,1.2893116397966198,1.2939001363280478,-0.004588496531428069,1,0.7528385435083644
2024-12-13 09:20:00+00:00,1.2864472233228583,1.2939001363280478,-0.007452913005189477,1,0.7545148214675471
2024-12-13 09:25:00+00:00,1.2851032554038897,1.2939001363280478,-0.008796880924157998,1,0.7553038971392293
2024-12-13 09:30:00+00:00,1.2863460863430976,1.2863460863430976,0.0,0,0.0
2024-12-14 01:05:00+00:00,1.2860566584736703,1.2860566584736703,0.0,1,0.7501687879772949
2024-12-14 01:10:00+00:00,1.2845696056642477,1.2860566584736703,-0.0014870528094225995,1,0.7510372038255166
2024-12-14 01:15:00+00:00,1.2850501545365038,1.2860566584736703,-0.0010065039371664661,1,0.7507563509109073
2024-12-14 01:20:00+00:00,1.2883288600310703,1.2860566584736703,0.0022722015573999363,1,0.7488457292915539
2024-12-14 01:25:00+00:00,1.2907770105850052,1.2860566584736703,0.004720352111334802,1,0.7474254320039954
2024-12-14 01:30:00+00:00,1.2914335084537958,1.2860566584736703,0.0053768499801255445,1,0.7470454796487417
2024-12-14 01:35:00+00:00,1.2887801206793135,1.2887801206793135,0.0,0,0.0
2024-12-16 14:40:00+00:00,1.2884901451521606,1.2884901451521606,0.0,1,0.7501687879772948
2024-12-16 14:45:00+00:00,1.289932096192816,1.2884901451521606,0.0014419510406553505,1,0.7493302115377414
2024-12-16 14:50:00+00:00,1.2941761560435152,1.2884901451521606,0.0056860108913546585,1,0.7468728936132437
2024-12-16 14:55:00+00:00,1.2936651778544748,1.2884901451521606,0.005175032702314209,1,0.7471678971158152
2024-12-16 15:00:00+00:00,1.2910533073270414,1.2884901451521606,0.002563162174880758,1,0.7486794581012881
2024-12-16 15:05:00+00:00,1.2940741442108112,1.2884901451521606,0.005583999058650502,1,0.7469317695849299
2024-12-16 15:10:00+00:00,1.2942648190305432,1.2942648190305432,0.0,0,0.0
2024-12-19 02:20:00+00:00,1.2931003737673878,1.2931003737673878,0.0,4,3.0016882596741117
2024-12-19 02:25:00+00:00,1.26052300811982,1.2931003737673878,-0.03257736564756785,4,3.079264865071639
2024-12-19 02:30:00+00:00,1.2502234447940734,1.2931003737673878,-0.04287692897331438,4,3.104632397256876
2024-12-19 02:35:00+00:00,1.2727771231123437,1.2931003737673878,-0.020323250655044138,4,3.0496181460476866
2024-12-19 02:40:00+00:00,1.2660787566840268,1.2931003737673878,-0.02702161708336103,4,3.0657525766277978
2024-12-19 02:45:00+00:00,1.2706348019132703,1.2931003737673878,-0.02246557185411757,4,3.0547598764595403
2024-12-19 02:50:00+00:00,1.2862762885206735,1.2862762885206735,0.0,0,0.0
2024-12-19 18:00:00+00:00,1.285408247364482,1.285408247364482,0.0,3,2.251012879815685
2024-12-19 18:05:00+00:00,1.2734705162620297,1.285408247364482,-0.011937731102452179,3,2.2721142607461777
2024-12-19 18:10:00+00:00,1.2655107105562657,1.285408247364482,-0.019897536808216057,3,2.286405398629069
2024-12-19 18:15:00+00:00,1.2609056963510137,1.285408247364482,-0.02450255101346818,3,2.2947556895113466
2024-12-19 18:20:00+00:00,1.25058824644971,1.285408247364482,-0.034820000914771894,3,2.313687601697055
2024-12-19 18:25:00+00:00,1.2429472875445196,1.285408247364482,-0.042460959819962285,3,2.3279108853883055
2024-12-19 18:30:00+00:00,1.2823839310099672,1.2823839310099672,0.0,1,0.7501687879772949
2024-12-19 18:35:00+00:00,1.2757528054598837,1.2823839310099672,-0.006631125550083521,1,0.7540680256631084
2024-12-19 18:40:00+00:00,1.2753107304232114,1.2823839310099672,-0.0070732005867557984,1,0.7543294165870189
2024-12-19 18:45:00+00:00,1.2727565191002161,1.2823839310099672,-0.00962741190975093,1,0.7558432306655177
2024-12-19 18:50:00+00:00,1.2767843138787855,1.2823839310099672,-0.005599617131181647,1,0.7534588174292343
2024-12-19 18:55:00+00:00,1.2701040688801828,1.2823839310099672,-0.01227986212978438,1,0.7574217127699464
2024-12-19 19:00:00+00:00,1.2760536375223392,1.2760536375223392,0.0,0,0.0
2025-01-02 00:25:00+00:00,1.2757665254538968,1.2757665254538968,0.0,1,0.7501687879772949
2025-01-02 00:30:00+00:00,1.2764174538623891,1.2757665254538968,0.0006509284084923511,1,0.7497862280445855
2025-01-02 00:35:00+00:00,1.2777589324085865,1.2757665254538968,0.001992406954689805,1,0.7489990512824868
2025-01-02 00:40:00+00:00,1.2785287260047167,1.2757665254538968,0.002762200550819986,1,0.7485480839624278
2025-01-02 00:45:00+00:00,1.2781834509358643,1.2757665254538968,0.002416925481967434,1,0.748750288889303
2025-01-02 00:50:00+00:00,1.2798362430687318,1.2757665254538968,0.0040697176148350505,1,0.7477833459748007
2025-01-02 00:55:00+00:00,1.2796991275465943,1.2796991275465943,0.0,0,0.0
2025-01-02 04:35:00+00:00,1.2794111952428964,1.2794111952428964,0.0,1,0.7501687879772948
2025-01-02 04:40:00+00:00,1.2858296594358964,1.2794111952428964,0.006418464193000093,1,0.746424177274777
2025-01-02 04:45:00+00:00,1.2902512681021854,1.2794111952428964,0.010840072859288946,1,0.7438662293056033
2025-01-02 04:50:00+00:00,1.291487416761578,1.2794111952428964,0.012076221518681618,1,0.7431542368926773
2025-01-02 04:55:00+00:00,1.2916775934784077,1.2794111952428964,0.01226639823551126,1,0.7430448205541236
2025-01-02 05:00:00+00:00,1.2913923284031632,1.2794111952428964,0.011981133160266798,1,0.743208957146841
2025-01-02 05:05:00+00:00,1.2882992895262282,1.2882992895262282,0.0,0,0.0
2025-01-03 09:15:00+00:00,1.2880094221860847,1.2880094221860847,0.0,1,0.7501687879772949
2025-01-03 09:20:00+00:00,1.2896061103990244,1.2880094221860847,0.0015966882129397496,1,0.7492399883602491
2025-01-03 09:25:00+00:00,1.2908378413061492,1.2880094221860847,0.002828419120064583,1,0.7485250557629963
2025-01-03 09:30:00+00:00,1.2868233109421865,1.2880094221860847,-0.0011861112438982101,1,0.7508602454809594
2025-01-03 09:35:00+00:00,1.284907285086659,1.2880094221860847,-0.003102137099425824,1,0.751979911982136
2025-01-03 09:40:00+00:00,1.2843598491279367,1.2880094221860847,-0.003649573058147984,1,0.7523004302888515
2025-01-03 09:45:00+00:00,1.2837050244819783,1.2837050244819783,0.0,0,0.0
2025-01-03 16:25:00+00:00,1.2834161908514699,1.2834161908514699,0.0,1,0.7501687879772949
2025-01-03 16:30:00+00:00,1.280408336391989,1.2834161908514699,-0.0030078544594808465,1,0.7519310371521473
2025-01-03 16:35:00+00:00,1.2830343343282935,1.2834161908514699,-0.00038185652317624736,1,0.7503920531211091
2025-01-03 16:40:00+00:00,1.2821188577919607,1.2834161908514699,-0.0012973330595091306,1,0.7509278586070889
2025-01-03 16:45:00+00:00,1.281153446171828,1.2834161908514699,-0.0022627446796419913,1,0.7514937193810242
2025-01-03 16:50:00+00:00,1.2799785030235933,1.2834161908514699,-0.003437687827876615,1,0.7521835453386027
2025-01-03 16:55:00+00:00,1.277357407243839,1.277357407243839,0.0,0,0.0
2025-01-06 01:55:00+00:00,1.2767826610767978,1.2767826610767978,0.0,2,1.5005064019177266
2025-01-06 02:00:00+00:00,1.2755843553455315,1.2767826610767978,-0.00119830573126639,2,1.5019160032613654
2025-01-06 02:05:00+00:00,1.2792008050048596,1.2767826610767978,0.0024181439280618142,2,1.497669911797787
2025-01-06 02:10:00+00:00,1.2879330211255624,1.2767826610767978,0.011150360048764647,2,1.4875156746342246
2025-01-06 02:15:00+00:00,1.2834216346849914,1.2767826610767978,0.0066389736081936546,2,1.492744476972693
2025-01-06 02:20:00+00:00,1.283061219493019,1.2767826610767978,0.0062785584162213595,2,1.4931637927302421
2025-01-06 02:25:00+00:00,1.2801087490187055,1.2801087490187055,0.0,0,0.0
2025-01-06 15:55:00+00:00,1.2798207245501763,1.2798207245501763,0.0,1,0.7501687879772949
2025-01-06 16:00:00+00:00,1.2810323766798675,1.2798207245501763,0.0012116521296912097,1,0.7494592480576745
2025-01-06 16:05:00+00:00,1.2816071347413878,1.2798207245501763,0.0017864101912115301,1,0.749123140577523
2025-01-06 16:10:00+00:00,1.287434974365181,1.2798207245501763,0.007614249815004733,1,0.7457320803619104
2025-01-06 16:15:00+00:00,1.285182544124088,1.2798207245501763,0.005361819573911804,1,0.7470390616131264
2025-01-06 16:20:00+00:00,1.2846776890700502,1.2798207245501763,0.004856964519873906,1,0.7473326344283374
2025-01-06 16:25:00+00:00,1.2852647466951868,1.2852647466951868,0.0,0,0.0
2025-01-08 13:05:00+00:00,1.2846864426257016,1.2846864426257016,0.0,2,1.5005064019177263
2025-01-08 13:10:00+00:00,1.2782167814054568,1.2846864426257016,-0.006469661220244865,2,1.5081011763100185
2025-01-08 13:15:00+00:00,1.2812231696759182,1.2846864426257016,-0.0034632729497835425,2,1.5045624191329419
2025-01-08 13:20:00+00:00,1.2797390839441778,1.2846864426257016,-0.0049473586815237825,2,1.506307227623018
2025-01-08 13:25:00+00:00,1.286604985403648,1.2846864426257016,0.0019185427779464378,2,1.4982688964258923
2025-01-08 13:30:00+00:00,1.283918943773649,1.2846864426257016,-0.0007674988520527512,2,1.501403372046997
2025-01-08 13:35:00+00:00,1.278743593351178,1.278743593351178,0.0,0,0.0
2025-01-08 17:45:00+00:00,1.2781682234705642,1.2781682234705642,0.0,2,1.5005064019177266
2025-01-08 17:50:00+00:00,1.2791158954663826,1.2781682234705642,0.0009476719958183127,2,1.499394706017704
2025-01-08 17:55:00+00:00,1.2829369087064306,1.2781682234705642,0.0047686852358664565,2,1.4949290093923506
2025-01-08 18:00:00+00:00,1.2883907644596606,1.2781682234705642,0.010222540989096283,2,1.4886008615947652
2025-01-08 18:05:00+00:00,1.2998176717140018,1.2781682234705642,0.021649448243437487,2,1.4755143308033
2025-01-08 18:10:00+00:00,1.2997576244044968,1.2781682234705642,0.021589400933932523,2,1.475582497870788
2025-01-08 18:15:00+00:00,1.2985667055338608,1.2985667055338608,0.0,0,0.0
2025-01-09 20:45:00+00:00,1.2982745280251156,1.2982745280251156,0.0,1,0.7501687879772949
2025-01-09 20:50:00+00:00,1.3008164453433266,1.2982745280251156,0.002541917318211075,1,0.7487028878185392
2025-01-09 20:55:00+00:00,1.3006575755109384,1.2982745280251156,0.0023830474858228426,1,0.7487943387157898
2025-01-09 21:00:00+00:00,1.3041527118234786,1.2982745280251156,0.005878183798363097,1,0.7467875658431476
2025-01-09 21:05:00+00:00,1.3081774142439793,1.2982745280251156,0.009902886218863769,1,0.7444900198901886
2025-01-09 21:10:00+00:00,1.3092895030706968,1.2982745280251156,0.011014975045581181,1,0.7438576623934082
2025-01-09 21:15:00+00:00,1.309315065226728,1.309315065226728,0.0,0,0.0
2025-01-10 13:45:00+00:00,1.309020469337052,1.309020469337052,0.0,1,0.7501687879772949
2025-01-10 13:50:00+00:00,1.3083767835150297,1.309020469337052,-0.0006436858220222846,1,0.7505378506349549
2025-01-10 13:55:00+00:00,1.3112927957952185,1.309020469337052,0.0022723264581664556,1,0.7488688278231039
2025-01-10 14:00:00+00:00,1.3090698220836017,1.309020469337052,4.935274654973085e-05,1,0.7501405061473743
2025-01-10 14:05:00+00:00,1.3109651775628026,1.309020469337052,0.0019447082257507244,1,0.7490559747327868
2025-01-10 14:10:00+00:00,1.31300964134009,1.309020469337052,0.003989172003038148,1,0.7478896331010995
2025-01-10 14:15:00+00:00,1.3149611204476501,1.3149611204476501,0.0,0,0.0
2025-01-13 00:30:00+00:00,1.3146652541955495,1.3146652541955495,0.0,1,0.7501687879772948
2025-01-13 00:35:00+00:00,1.319555518168559,1.3146652541955495,0.004890263973009617,1,0.747388667438969
2025-01-13 00:40:00+00:00,1.3195814090197502,1.3146652541955495,0.0049161548242007275,1,0.7473740032972659
2025-01-13 00:45:00+00:00,1.3178715772070781,1.3146652541955495,0.003206323011528613,1,0.7483436606363443
2025-01-13 00:50:00+00:00,1.3179295727137463,1.3146652541955495,0.0032643185181969103,1,0.7483107297645746
2025-01-13 00:55:00+00:00,1.31696229051324,1.3146652541955495,0.00229703631769059,1,0.7488603488801432
2025-01-13 01:00:00+00:00,1.3148457796053683,1.3148457796053683,0.0,0,0.0
2025-01-13 09:40:00+00:00,1.3142541655686135,1.3142541655686135,0.0,2,1.5005064019177266
2025-01-13 09:45:00+00:00,1.3112494680127875,1.3142541655686135,-0.003004697555825897,2,1.5039447773209793
2025-01-13 09:50:00+00:00,1.3148389791319055,1.3142541655686135,0.0005848135632919756,2,1.4998390072712524
2025-01-13 09:55:00+00:00,1.309125076003838,1.3142541655686135,-0.005129089564775429,2,1.506385314383026
2025-01-13 10:00:00+00:00,1.3092477718651314,1.3142541655686135,-0.005006393703482101,2,1.506244143821151
2025-01-13 10:05:00+00:00,1.3051050691739545,1.3142541655686135,-0.009149096394659065,2,1.5110253080473588
2025-01-13 10:10:00+00:00,1.3077627408766577,1.3077627408766577,0.0,0,0.0
2025-01-13 12:10:00+00:00,1.3074684942599604,1.3074684942599604,0.0,1,0.7501687879772949
2025-01-13 12:15:00+00:00,1.304941160919685,1.3074684942599604,-0.0025273333402752265,1,0.7516216707933697
2025-01-13 12:20:00+00:00,1.304198577479226,1.3074684942599604,-0.003269916780734367,1,0.7520496284800743
2025-01-13 12:25:00+00:00,1.3028759503213265,1.3074684942599604,-0.004592543938633814,1,0.7528130789547497
2025-01-13 12:30:00+00:00,1.303946800261216,1.3074684942599604,-0.0035216939987442928,1,0.7521948406645178
2025-01-13 12:35:00+00:00,1.2998960553993122,1.3074684942599604,-0.007572438860648081,1,0.7545388353041788
2025-01-13 12:40:00+00:00,1.296395633069731,1.296395633069731,0.0,0,0.0
2025-01-13 14:40:00+00:00,1.2958123206648786,1.2958123206648786,0.0,2,1.5005064019177263
2025-01-13 14:45:00+00:00,1.3141598491150064,1.2955165681545129,0.018643280960493613,3,2.229726000253195
2025-01-13 14:50:00+00:00,1.322861067074604,1.2955165681545129,0.027344498920091085,3,2.2150598101284156
2025-01-13 14:55:00+00:00,1.339558317173001,1.2955165681545129,0.044041749018488174,3,2.1874496589625627
2025-01-13 15:00:00+00:00,1.3262722337801902,1.2955165681545129,0.030755665625677303,3,2.2093626854486232
2025-01-13 15:05:00+00:00,1.3309458036595312,1.2955165681545129,0.03542923550501821,3,2.2016045852533623
2025-01-13 15:10:00+00:00,1.3447360749163622,1.3322089569682722,0.012527117948089875,1,0.7331116637741314
2025-01-13 15:15:00+00:00,1.3445105840909242,1.3445105840909242,0.0,0,0.0
2025-01-14 13:35:00+00:00,1.343603243628893,1.343603243628893,0.0,3,2.251012879815685
2025-01-14 13:40:00+00:00,1.336044388902071,1.343603243628893,-0.0075588547268220126,3,2.2637482945130323
2025-01-14 13:45:00+00:00,1.3314807461774907,1.343603243628893,-0.012122497451402158,3,2.2715072789851654
2025-01-14 13:50:00+00:00,1.3423747886515487,1.343603243628893,-0.0012284549773443534,3,2.2530728618711087
2025-01-14 13:55:00+00:00,1.3372016478067288,1.343603243628893,-0.0064015958221642615,3,2.2617891712379254
2025-01-14 14:00:00+00:00,1.336358526778845,1.343603243628893,-0.007244716850048113,3,2.263216155069508
2025-01-14 14:05:00+00:00,1.3318506509983215,1.3318506509983215,0.0,0,0.0
2025-01-15 13:35:00+00:00,1.3306523899013791,1.3306523899013791,0.0,4,3.0016882596741117
2025-01-15 13:40:00+00:00,1.3248220081678157,1.3306523899013791,-0.005830381733563408,4,3.01489832735955
2025-01-15 13:45:00+00:00,1.3306639017311725,1.3306523899013791,1.1511829793420573e-05,4,3.0016622914906406
2025-01-15 13:50:00+00:00,1.3503370428586912,1.3306523899013791,0.019684652957312133,4,2.957930894066608
2025-01-15 13:55:00+00:00,1.3441432940166804,1.3306523899013791,0.013490904115301202,4,2.9715608999829604
2025-01-15 14:00:00+00:00,1.3561117565752614,1.3306523899013791,0.025459366673882183,4,2.945335173969195
2025-01-15 14:05:00+00:00,1.3687041554343684,1.3687041554343684,0.0,0,0.0
2025-01-16 11:15:00+00:00,1.3683961969993956,1.3683961969993956,0.0,1,0.7501687879772949
2025-01-16 11:20:00+00:00,1.3542195691938645,1.3683961969993956,-0.014176627805531064,1,0.7580219189912051
2025-01-16 11:25:00+00:00,1.361583400598151,1.3683961969993956,-0.006812796401244539,1,0.7539223202374653
2025-01-16 11:30:00+00:00,1.3664425274431564,1.3683961969993956,-0.0019536695562392403,1,0.7512413408975077
2025-01-16 11:35:00+00:00,1.3739566411209998,1.3683961969993956,0.0055604441216042105,1,0.7471328321818369
2025-01-16 11:40:00+00:00,1.379116332513119,1.3683961969993956,0.010720135513723361,1,0.7443375822438179
2025-01-16 11:45:00+00:00,1.389077662771199,1.389077662771199,0.0,0,0.0
2025-01-17 01:40:00+00:00,1.3887651202970754,1.3887651202970754,0.0,1,0.7501687879772948
2025-01-17 01:45:00+00:00,1.3877947325855644,1.3887651202970754,-0.0009703877115111435,1,0.750693328499261
2025-01-17 01:50:00+00:00,1.385077646993333,1.3887651202970754,-0.0036874733037424146,1,0.7521659520965569
2025-01-17 01:55:00+00:00,1.3849320888366063,1.3887651202970754,-0.003833031460469063,1,0.7522450057125589
2025-01-17 02:00:00+00:00,1.3871154611875065,1.3887651202970754,-0.00164965910956899,1,0.7510609435399915
2025-01-17 02:05:00+00:00,1.3854172826923619,1.3887651202970754,-0.0033478376047134913,1,0.7519815582593229
2025-01-17 02:10:00+00:00,1.3850562208326629,1.3850562208326629,0.0,0,0.0
2025-01-18 08:15:00+00:00,1.3847445831829754,1.3847445831829754,0.0,1,0.7501687879772949
2025-01-18 08:20:00+00:00,1.3859399711756388,1.3847445831829754,0.0011953879926633465,1,0.7495217594044353
2025-01-18 08:25:00+00:00,1.3882421999022496,1.3847445831829754,0.00349761671927427,1,0.7482787698700138
2025-01-18 08:30:00+00:00,1.3978053038435572,1.3847445831829754,0.013060720660581733,1,0.743159410518848
2025-01-18 08:35:00+00:00,1.3973625675499781,1.3847445831829754,0.012617984367002656,1,0.7433948709860111
2025-01-18 08:40:00+00:00,1.3958129905224514,1.3847445831829754,0.011068407339476002,1,0.744220158916617
2025-01-18 08:45:00+00:00,1.3957227210195535,1.3957227210195535,0.0,0,0.0
2025-01-19 09:30:00+00:00,1.395408683407324,1.395408683407324,0.0,1,0.7501687879772949
2025-01-19 09:35:00+00:00,1.397063756440689,1.395408683407324,0.0016550730333648822,1,0.7492800782632756
2025-01-19 09:40:00+00:00,1.3986174575053638,1.395408683407324,0.003208774098039665,1,0.7484477153829968
2025-01-19 09:45:00+00:00,1.397970082061749,1.395408683407324,0.0025613986544251142,1,0.7487943084023938
2025-01-19 09:50:00+00:00,1.4004772818418252,1.395408683407324,0.005068598434501246,1,0.7474537818906895
2025-01-19 09:55:00+00:00,1.4060989095312593,1.395408683407324,0.010690226123935274,1,0.7444654381487475
2025-01-19 10:00:00+00:00,1.4050883160153578,1.4050883160153578,0.0,0,0.0
2025-01-19 14:00:00+00:00,1.4047721711442542,1.4047721711442542,0.0,1,0.7501687879772949
2025-01-19 14:05:00+00:00,1.420008696344171,1.4047721711442542,0.01523652519991679,1,0.7421195656932106
2025-01-19 14:10:00+00:00,1.4175126981269164,1.4047721711442542,0.012740526982662233,1,0.7434263117388775
2025-01-19 14:15:00+00:00,1.4331770168357183,1.4047721711442542,0.028404845691464117,1,0.7353008209259574
2025-01-19 14:20:00+00:00,1.4341130161671891,1.4047721711442542,0.029340845022934867,1,0.7348209137854057
2025-01-19 14:25:00+00:00,1.4238009410582733,1.4047721711442542,0.01902876991401892,1,0.740142955818139
2025-01-19 14:30:00+00:00,1.4285250400098994,1.4285250400098994,0.0,0,0.0
2025-01-21 16:10:00+00:00,1.4282036218758971,1.4282036218758971,0.0,1,0.7501687879772949
2025-01-21 16:15:00+00:00,1.4380659545879706,1.4282036218758971,0.009862332712073563,1,0.7450240905775398
2025-01-21 16:20:00+00:00,1.439494524493845,1.4282036218758971,0.011290902617947898,1,0.7442847206272964
2025-01-21 16:25:00+00:00,1.437873235307307,1.4282036218758971,0.009669613431409731,1,0.7451239467423864
2025-01-21 16:30:00+00:00,1.4313503504480083,1.4282036218758971,0.00314672857211122,1,0.7485195917771506
2025-01-21 16:35:00+00:00,1.432963482204677,1.4282036218758971,0.00475986032877987,1,0.747676959889472
2025-01-21 16:40:00+00:00,1.4286000575703999,1.4286000575703999,0.0,0,0.0
2025-01-23 14:35:00+00:00,1.4282786225574466,1.4282786225574466,0.0,1,0.7501687879772949
2025-01-23 14:40:00+00:00,1.434590289739571,1.4282786225574466,0.006311667182124344,1,0.746868322503637
2025-01-23 14:45:00+00:00,1.4369804642427055,1.4282786225574466,0.008701841685258921,1,0.745626033087693
2025-01-23 14:50:00+00:00,1.4470663621676079,1.4282786225574466,0.0187877396101613,1,0.7404290993074015
2025-01-23 14:55:00+00:00,1.439009177629683,1.4282786225574466,0.010730555072236261,1,0.744574850413865
2025-01-23 15:00:00+00:00,1.4398494974894664,1.4282786225574466,0.011570874932019833,1,0.7441403042790161
2025-01-23 15:05:00+00:00,1.4446966474964322,1.4446966474964322,0.0,0,0.0
2025-01-23 20:25:00+00:00,1.4443715907507455,1.4443715907507455,0.0,1,0.7501687879772949
2025-01-23 20:30:00+00:00,1.4448901252797037,1.4443715907507455,0.000518534528958176,1,0.7498995713688433
2025-01-23 20:35:00+00:00,1.443780395332379,1.4443715907507455,-0.0005911954183664997,1,0.7504759651296428
2025-01-23 20:40:00+00:00,1.4412537780415948,1.4443715907507455,-0.0031178127091506,1,0.7517916012644469
2025-01-23 20:45:00+00:00,1.4420761671989872,1.4443715907507455,-0.0022954235517582064,1,0.7513628685278817
2025-01-23 20:50:00+00:00,1.444546637438865,1.4443715907507455,0.0001750466881195057,1,0.7500778843273451
2025-01-23 20:55:00+00:00,1.4340358451052333,1.4340358451052333,0.0,0,0.0
2025-01-27 07:35:00+00:00,1.4337131870400845,1.4337131870400845,0.0,1,0.7501687879772949
2025-01-27 07:40:00+00:00,1.4344094484033434,1.4337131870400845,0.0006962613632587717,1,0.7498046565616989
2025-01-27 07:45:00+00:00,1.439923275764907,1.4337131870400845,0.006210088724822426,1,0.7469334664776429
2025-01-27 07:50:00+00:00,1.438952729622183,1.4337131870400845,0.005239542582098403,1,0.7474372588398505
2025-01-27 07:55:00+00:00,1.440556240640597,1.4337131870400845,0.006843053600512348,1,0.7466052719681752
2025-01-27 08:00:00+00:00,1.437437130392059,1.4337131870400845,0.0037239433519745653,1,0.748225338756608
2025-01-27 08:05:00+00:00,1.4318010838426485,1.4318010838426485,0.0,0,0.0
2025-01-28 15:05:00+00:00,1.431478928598784,1.431478928598784,0.0,1,0.7501687879772949
2025-01-28 15:10:00+00:00,1.425137024321659,1.431478928598784,-0.006341904277124987,1,0.7535070625178102
2025-01-28 15:15:00+00:00,1.424417375609361,1.431478928598784,-0.007061552989422874,1,0.7538877517712086
2025-01-28 15:20:00+00:00,1.4191999224452014,1.431478928598784,-0.012279006153582465,1,0.7566592950708466
2025-01-28 15:25:00+00:00,1.4272060143695153,1.431478928598784,-0.004272914229268577,1,0.7524147194379448
2025-01-28 15:30:00+00:00,1.4310291481535977,1.431478928598784,-0.00044978044518613464,1,0.7504045702126578
2025-01-28 15:35:00+00:00,1.4316965098891428,1.4316965098891428,0.0,0,0.0
2025-01-29 19:35:00+00:00,1.430730332167567,1.430730332167567,0.0,3,2.251012879815685
2025-01-29 19:40:00+00:00,1.4538392977318748,1.430730332167567,0.023108965564307825,3,2.2152327360228825
2025-01-29 19:45:00+00:00,1.4859713170234485,1.430730332167567,0.05524098485588151,3,2.167331474273232
2025-01-29 19:50:00+00:00,1.4860545956655868,1.430730332167567,0.05532426349801968,3,2.167210016809443
2025-01-29 19:55:00+00:00,1.4847028714501882,1.430730332167567,0.053972539282621204,3,2.169183118846159
2025-01-29 20:00:00+00:00,1.4728641699316956,1.430730332167567,0.04213383776412842,3,2.1866187466570817
2025-01-29 20:05:00+00:00,1.4412909457989849,1.4412909457989849,0.0,0,0.0
2025-01-31 11:10:00+00:00,1.4409666553361802,1.4409666553361802,0.0,1,0.7501687879772949
2025-01-31 11:15:00+00:00,1.4400986813839591,1.4409666553361802,-0.0008679739522209975,1,0.7506209284980457
2025-01-31 11:20:00+00:00,1.4440684339503436,1.4409666553361802,0.003101778614163419,1,0.7485574671777705
2025-01-31 11:25:00+00:00,1.4471178065900332,1.4409666553361802,0.006151151253853033,1,0.7469801037805043
2025-01-31 11:30:00+00:00,1.450118048628654,1.4409666553361802,0.009151393292473739,1,0.7454346288369333
2025-01-31 11:35:00+00:00,1.4478645917262836,1.4409666553361802,0.0068979363901034915,1,0.7465948235258688
2025-01-31 11:40:00+00:00,1.4488799289859635,1.4488799289859635,0.0,0,0.0
2025-01-31 15:25:00+00:00,1.4485539310019417,1.4485539310019417,0.0,1,0.7501687879772948
2025-01-31 15:30:00+00:00,1.4496574484610285,1.4485539310019417,0.0011035174590868276,1,0.7495977397233272
2025-01-31 15:35:00+00:00,1.4530931089223136,1.4485539310019417,0.004539177920371807,1,0.7478254077919301
2025-01-31 15:40:00+00:00,1.4536576992502184,1.4485539310019417,0.005103768248276729,1,0.7475349577138831
2025-01-31 15:45:00+00:00,1.452419450008336,1.4485539310019417,0.003865519006394364,1,0.7481722630010469
2025-01-31 15:50:00+00:00,1.4543698529592803,1.4485539310019417,0.0058159219573385755,1,0.7471689161655753
2025-01-31 15:55:00+00:00,1.4568764303135542,1.4568764303135542,0.0,0,0.0
2025-02-02 04:10:00+00:00,1.4565486331167337,1.4565486331167337,0.0,1,0.7501687879772949
2025-02-02 04:15:00+00:00,1.4533704862214998,1.4565486331167337,-0.0031781468952338052,1,0.7518092138886603
2025-02-02 04:20:00+00:00,1.4529536800713052,1.4565486331167337,-0.00359495304542854,1,0.7520248840152581
2025-02-02 04:25:00+00:00,1.458372160023835,1.4565486331167337,0.0018235269071013118,1,0.7492307880570812
2025-02-02 04:30:00+00:00,1.4592057723242242,1.4565486331167337,0.0026571392074905384,1,0.748802768916395
2025-02-02 04:35:00+00:00,1.458841066942804,1.4565486331167337,0.002292433826070373,1,0.7489899671010598
2025-02-02 04:40:00+00:00,1.4546578128566834,1.4546578128566834,0.0,0,0.0
2025-02-03 02:00:00+00:00,1.4540032904829496,1.4540032904829496,0.0,2,1.500506401917726
2025-02-03 02:05:00+00:00,1.4398707207301142,1.4540032904829496,-0.014132569752835403,2,1.5152341209305313
2025-02-03 02:10:00+00:00,1.4323146743175876,1.4540032904829496,-0.021688616165362037,2,1.5232276013778707
2025-02-03 02:15:00+00:00,1.4837951363031772,1.4533353572526024,0.030459779050574776,4,2.9708854268920475
2025-02-03 02:20:00+00:00,1.5320790659092292,1.4533353572526024,0.07874370865662665,4,2.8772570848491568
2025-02-03 02:25:00+00:00,1.4942985734268244,1.4533353572526024,0.040963216174221946,4,2.9500030484719435
2025-02-03 02:30:00+00:00,1.4682816129237155,1.4724418315695949,-0.004160218645879325,2,1.5163604049524917
2025-02-03 02:35:00+00:00,1.4721157733067283,1.4724418315695949,-0.0003260582628666479,2,1.512411008378893
2025-02-03 02:40:00+00:00,1.500092735326384,1.4724418315695949,0.027650903756789212,2,1.484204308657546
2025-02-03 02:45:00+00:00,1.508092429256767,1.508092429256767,0.0,0,0.0
2025-02-03 05:20:00+00:00,1.5077531084601843,1.5077531084601843,0.0,1,0.7501687879772949
2025-02-03 05:25:00+00:00,1.499079442532781,1.5077531084601843,-0.008673665927403273,1,0.7545092607177434
2025-02-03 05:30:00+00:00,1.5047842697870462,1.5077531084601843,-0.002968838673138098,1,0.7516488207991714
2025-02-03 05:35:00+00:00,1.515087886358525,1.5077531084601843,0.007334777898340814,1,0.7465371033102717
2025-02-03 05:40:00+00:00,1.5029796815739622,1.5077531084601843,-0.004773426886221971,1,0.7525513057888368
2025-02-03 05:45:00+00:00,1.505191757448065,1.5077531084601843,-0.0025613510121190943,1,0.751445333357535
2025-02-03 05:50:00+00:00,1.514224652854918,1.514224652854918,0.0,0,0.0
2025-02-03 07:50:00+00:00,1.5138839523080256,1.5138839523080256,0.0,1,0.7501687879772948
2025-02-03 07:55:00+00:00,1.5142775816934635,1.5138839523080256,0.00039362938543786267,1,0.7499737851042707
2025-02-03 08:00:00+00:00,1.5146246912424408,1.5138839523080256,0.0007407389344151117,1,0.7498019121222723
2025-02-03 08:05:00+00:00,1.512583782519761,1.5138839523080256,-0.0013001697882646618,1,0.7508136096430424
2025-02-03 08:10:00+00:00,1.5148632545063423,1.5138839523080256,0.000979302198316755,1,0.7496838320309482
2025-02-03 08:15:00+00:00,1.515614728787633,1.5138839523080256,0.0017307764796073348,1,0.7493121227118383
2025-02-03 08:20:00+00:00,1.513371486211124,1.513371486211124,0.0,0,0.0
2025-02-03 09:05:00+00:00,1.5130309776267266,1.5130309776267266,0.0,1,0.7501687879772949
2025-02-03 09:10:00+00:00,1.5113149639977514,1.5130309776267266,-0.0017160136289750493,1,0.7510205626866484
2025-02-03 09:15:00+00:00,1.5128593762638292,1.5130309776267266,-0.00017160136289750495,1,0.7502538784942588
2025-02-03 09:20:00+00:00,1.4958136408826777,1.5130309776267266,-0.017217336744048947,1,0.758803492384629
2025-02-03 09:25:00+00:00,1.5006184790438075,1.5130309776267266,-0.012412498582919061,1,0.7563738755113705
2025-02-03 09:30:00+00:00,1.4995316704121233,1.5130309776267266,-0.013499307214603176,1,0.7569220691060148
2025-02-03 09:35:00+00:00,1.4935283168521085,1.4935283168521085,0.0,0,0.0
2025-02-04 14:35:00+00:00,1.4931922729808167,1.4931922729808167,0.0,1,0.7501687879772949
2025-02-04 14:40:00+00:00,1.4958188530601155,1.4931922729808167,0.002626580079298796,1,0.7488515306164976
2025-02-04 14:45:00+00:00,1.4941297772564555,1.4931922729808167,0.0009375042756387839,1,0.7496980882717641
2025-02-04 14:50:00+00:00,1.4913004632776459,1.4931922729808167,-0.0018918097031707202,1,0.7511204249056388
2025-02-04 14:55:00+00:00,1.49283160825351,1.4931922729808167,-0.00036066472730671487,1,0.750350027053326
2025-02-04 15:00:00+00:00,1.492483264370925,1.4931922729808167,-0.0007090086098917845,1,0.7505251578892699
2025-02-04 15:05:00+00:00,1.4890636490888405,1.4890636490888405,0.0,0,0.0
2025-02-07 01:55:00+00:00,1.4887286097677954,1.4887286097677954,0.0,1,0.7501687879772949
2025-02-07 02:00:00+00:00,1.484646973956836,1.4887286097677954,-0.004081635810959385,1,0.7522311744186397
2025-02-07 02:05:00+00:00,1.4863614667365725,1.4887286097677954,-0.0023671430312229395,1,0.7513634884982928
2025-02-07 02:10:00+00:00,1.4841657729833233,1.4887286097677954,-0.004562836784472037,1,0.7524750652157636
2025-02-07 02:15:00+00:00,1.483113074416565,1.4887286097677954,-0.005615535351230294,1,0.753009164359206
2025-02-07 02:20:00+00:00,1.4823781285116513,1.4887286097677954,-0.006350481256144139,1,0.7533824975803753
2025-02-07 02:25:00+00:00,1.4839473191713004,1.4839473191713004,0.0,0,0.0
2025-02-09 07:15:00+00:00,1.4836134310244868,1.4836134310244868,0.0,1,0.7501687879772949
2025-02-09 07:20:00+00:00,1.4923802463559162,1.4836134310244868,0.008766815331429239,1,0.7457620081049012
2025-02-09 07:25:00+00:00,1.4865179920635867,1.4836134310244868,0.002904561039099885,1,0.7487030061664183
2025-02-09 07:30:00+00:00,1.491034230264626,1.4836134310244868,0.007420799240139205,1,0.7464352372252038
2025-02-09 07:35:00+00:00,1.4938502376135094,1.4836134310244868,0.010236806589022707,1,0.7450281570102221
2025-02-09 07:40:00+00:00,1.4976934677689036,1.4836134310244868,0.014080036744416762,1,0.7431163407799591
2025-02-09 07:45:00+00:00,1.4911785320449813,1.4911785320449813,0.0,0,0.0
2025-02-11 04:40:00+00:00,1.490843016875271,1.490843016875271,0.0,1,0.7501687879772949
2025-02-11 04:45:00+00:00,1.4943865798138147,1.490843016875271,0.0035435629385436006,1,0.7483899508606904
2025-02-11 04:50:00+00:00,1.5091278016381557,1.490843016875271,0.018284784762884653,1,0.7410796473431422
2025-02-11 04:55:00+00:00,1.513893893790497,1.490843016875271,0.023050876915225966,1,0.7387465552381081
2025-02-11 05:00:00+00:00,1.50133196317336,1.490843016875271,0.01048894629808883,1,0.744927788435152
2025-02-11 05:05:00+00:00,1.498001014011129,1.490843016875271,0.00715799713585794,1,0.7465842069352746
2025-02-11 05:10:00+00:00,1.5004649135628685,1.5004649135628685,0.0,0,0.0
2025-02-12 13:45:00+00:00,1.5001273089573168,1.5001273089573168,0.0,1,0.7501687879772948
2025-02-12 13:50:00+00:00,1.5033415370696688,1.5001273089573168,0.003214228112351916,1,0.748564885239381
2025-02-12 13:55:00+00:00,1.5005664111584578,1.5001273089573168,0.0004391022011409625,1,0.7499492703580954
2025-02-12 14:00:00+00:00,1.5040967928556312,1.5001273089573168,0.0039694838983143415,1,0.7481890065303572
2025-02-12 14:05:00+00:00,1.499249104555035,1.5001273089573168,-0.000878204402281925,1,0.750608208971481
2025-02-12 14:10:00+00:00,1.5001273089573168,1.5001273089573168,0.0,1,0.7501687879772948
2025-02-12 14:15:00+00:00,1.4979630391950187,1.4979630391950187,0.0,0,0.0
2025-02-12 20:50:00+00:00,1.4976259975111998,1.4976259975111998,0.0,1,0.7501687879772948
2025-02-12 20:55:00+00:00,1.4998966722197635,1.4976259975111998,0.0022706747085637215,1,0.7490331168837034
2025-02-12 21:00:00+00:00,1.4954032948035212,1.4976259975111998,-0.0022227027076786006,1,0.7512838063820605
2025-02-12 21:05:00+00:00,1.4928927600905317,1.4976259975111998,-0.004733237420668052,1,0.7525472086341517
2025-02-12 21:10:00+00:00,1.4919653014067522,1.4976259975111998,-0.005660696104447639,1,0.7530150187386787
2025-02-12 21:15:00+00:00,1.4921092174094077,1.4976259975111998,-0.005516780101792151,1,0.7529423893961533
2025-02-12 21:20:00+00:00,1.4922998677353254,1.4922998677353254,0.0,0,0.0
2025-02-12 22:20:00+00:00,1.491964100265085,1.491964100265085,0.0,1,0.7501687879772949
2025-02-12 22:25:00+00:00,1.5007924835250364,1.491964100265085,0.008828383259951346,1,0.7457559343398877
2025-02-12 22:30:00+00:00,1.5174035660726695,1.491964100265085,0.025439465807584518,1,0.7375921118323598
2025-02-12 22:35:00+00:00,1.5159528345538291,1.491964100265085,0.02398873428874413,1,0.7382979702867214
2025-02-12 22:40:00+00:00,1.5197015909287241,1.491964100265085,0.027737490663639154,1,0.7364767579913569
2025-02-12 22:45:00+00:00,1.5151551388753783,1.491964100265085,0.023191038610293386,1,0.7386866678432923
2025-02-12 22:50:00+00:00,1.5103266501487864,1.5103266501487864,0.0,0,0.0
2025-02-13 13:10:00+00:00,1.509986826652503,1.509986826652503,0.0,1,0.7501687879772949
2025-02-13 13:15:00+00:00,1.5089517746500463,1.509986826652503,-0.0010350520024566248,1,0.7506833595621665
2025-02-13 13:20:00+00:00,1.5204328899388346,1.509986826652503,0.010446063286331596,1,0.7450147882930623
2025-02-13 13:25:00+00:00,1.5301942265158488,1.509986826652503,0.020207399863345837,1,0.7402622281426164
2025-02-13 13:30:00+00:00,1.529175098390353,1.509986826652503,0.019188271737849892,1,0.7407555804459182
2025-02-13 13:35:00+00:00,1.5338567182168492,1.509986826652503,0.023869891564346355,1,0.7384946547865547
2025-02-13 13:40:00+00:00,1.538644383101966,1.538644383101966,0.0,0,0.0
2025-02-13 14:45:00+00:00,1.538298188115768,1.538298188115768,0.0,1,0.750168787977295
2025-02-13 14:50:00+00:00,1.545819077078878,1.538298188115768,0.007520888963110004,1,0.7465189842961103
2025-02-13 14:55:00+00:00,1.5447731256336774,1.538298188115768,0.006474937517909436,1,0.7470244453230646
2025-02-13 15:00:00+00:00,1.5440260174585339,1.538298188115768,0.0057278293427657345,1,0.7473859081895075
2025-02-13 15:05:00+00:00,1.5479773895848477,1.538298188115768,0.009679201469079645,1,0.7454781284860766
2025-02-13 15:10:00+00:00,1.5518955569033774,1.538298188115768,0.013597368787609431,1,0.7435959734488258
2025-02-13 15:15:00+00:00,1.5548532402917026,1.5548532402917026,0.0,0,0.0
2025-02-14 17:00:00+00:00,1.5545033983126368,1.5545033983126368,0.0,1,0.7501687879772949
2025-02-14 17:05:00+00:00,1.5521227847096857,1.5545033983126368,-0.0023806136029512533,1,0.7513193812414111
2025-02-14 17:10:00+00:00,1.5519292777334297,1.5545033983126368,-0.0025741205792072404,1,0.7514130617613629
2025-02-14 17:15:00+00:00,1.549506857067707,1.5545033983126368,-0.004996541244929848,1,0.752587782945075
2025-02-14 17:20:00+00:00,1.55037166602332,1.5545033983126368,-0.004131732289316883,1,0.7521679838292635
2025-02-14 17:25:00+00:00,1.553299354904822,1.5545033983126368,-0.0012040434078148027,1,0.7507502829615428
2025-02-14 17:30:00+00:00,1.5505509820101888,1.5505509820101888,0.0,0,0.0
2025-02-17 14:15:00+00:00,1.5502021080392365,1.5502021080392365,0.0,1,0.7501687879772948
2025-02-17 14:20:00+00:00,1.5469102401999275,1.5502021080392365,-0.003291867839308938,1,0.7517651679371797
2025-02-17 14:25:00+00:00,1.5462865613495693,1.5502021080392365,-0.00391554668966719,1,0.7520683847195005
2025-02-17 14:30:00+00:00,1.5442833544461003,1.5502021080392365,-0.005918753593136293,1,0.7530439495831724
2025-02-17 14:35:00+00:00,1.547087844110957,1.5502021080392365,-0.0031142639282796007,1,0.7516788661576721
2025-02-17 14:40:00+00:00,1.5502599325684088,1.5502021080392365,5.782452917230028e-05,1,0.7501408067619817
2025-02-17 14:45:00+00:00,1.5464787597587293,1.5464787597587293,0.0,0,0.0
2025-02-19 10:05:00+00:00,1.5461308020377835,1.5461308020377835,0.0,1,0.7501687879772949
2025-02-19 10:10:00+00:00,1.5451287925429464,1.5461308020377835,-0.0010020094948371533,1,0.750655269267341
2025-02-19 10:15:00+00:00,1.5449772280815426,1.5461308020377835,-0.0011535739562408935,1,0.7507289096158967
2025-02-19 10:20:00+00:00,1.545160067749268,1.5461308020377835,-0.0009707342885155464,1,0.7506400754379684
2025-02-19 10:25:00+00:00,1.5436023218959498,1.5461308020377835,-0.0025284801418337666,1,0.7513975933868996
2025-02-19 10:30:00+00:00,1.5443300718891988,1.5461308020377835,-0.001800730148584634,1,0.7510435048384291
2025-02-19 10:35:00+00:00,1.5427359174855986,1.5427359174855986,0.0,0,0.0
2025-02-19 19:15:00+00:00,1.5423888019041643,1.5423888019041643,0.0,1,0.7501687879772948
2025-02-19 19:20:00+00:00,1.5413507735953087,1.5423888019041643,-0.0010380283088555872,1,0.7506739918878388
2025-02-19 19:25:00+00:00,1.5427866524755025,1.5423888019041643,0.00039785057133821724,1,0.7499753360308329
2025-02-19 19:30:00+00:00,1.5415750166446085,1.5423888019041643,-0.0008137852595557479,1,0.7505647961476682
2025-02-19 19:35:00+00:00,1.5417438017354794,1.5423888019041643,-0.0006450001686848958,1,0.7504826267579293
2025-02-19 19:40:00+00:00,1.5435244844441662,1.5423888019041643,0.0011356825400020303,1,0.7496168345725084
2025-02-19 19:45:00+00:00,1.5423635836031766,1.5423635836031766,0.0,0,0.0
2025-02-21 09:20:00+00:00,1.5413227224131452,1.5413227224131452,0.0,3,2.2510128798156845
2025-02-21 09:25:00+00:00,1.5284134031355308,1.5413227224131452,-0.012909319277614488,3,2.270025434863912
2025-02-21 09:30:00+00:00,1.511200296580331,1.5413227224131452,-0.030122425832814156,3,2.295881828474836
2025-02-21 09:35:00+00:00,1.5045509011253384,1.5413227224131452,-0.03677182128780677,3,2.306028528187051
2025-02-21 09:40:00+00:00,1.5005030957852028,1.5413227224131452,-0.04081962662794234,3,2.312249344803238
2025-02-21 09:45:00+00:00,1.4934097114767433,1.5413227224131452,-0.047913010936401934,3,2.3232320463978686
2025-02-21 09:50:00+00:00,1.499862228420648,1.499862228420648,0.0,0,0.0
2025-02-21 16:15:00+00:00,1.4995247594192533,1.4995247594192533,0.0,1,0.7501687879772949
2025-02-21 16:20:00+00:00,1.500426583470013,1.4995247594192533,0.0009018240507597195,1,0.7497179027006807
2025-02-21 16:25:00+00:00,1.5017149035425268,1.4995247594192533,0.0021901441232734975,1,0.7490747202827039
2025-02-21 16:30:00+00:00,1.4948868071582033,1.4995247594192533,-0.004637952261049951,1,0.7524962197331363
2025-02-21 16:35:00+00:00,1.5011995755135215,1.4995247594192533,0.0016748160942680862,1,0.7493318607758652
2025-02-21 16:40:00+00:00,1.502552311589661,1.4995247594192533,0.0030275521704076656,1,0.7486572431713706
2025-02-21 16:45:00+00:00,1.4997026184468643,1.4997026184468643,0.0,0,0.0
2025-02-22 10:10:00+00:00,1.4993651853577137,1.4993651853577137,0.0,1,0.7501687879772949
2025-02-22 10:15:00+00:00,1.4984662438462806,1.4993651853577137,-0.0008989415114332111,1,0.7506188200463279
2025-02-22 10:20:00+00:00,1.4975796166021271,1.4993651853577137,-0.001785568755586457,1,0.7510632165167722
2025-02-22 10:25:00+00:00,1.5023903903528109,1.4993651853577137,0.0030252049950971224,1,0.7486582522476155
2025-02-22 10:30:00+00:00,1.5010235066847413,1.4993651853577137,0.001658321327027483,1,0.7493400062197587
2025-02-22 10:35:00+00:00,1.4987658910167583,1.4993651853577137,-0.000599294340955474,1,0.7504687493735949
2025-02-22 10:40:00+00:00,1.495743947660588,1.495743947660588,0.0,0,0.0
2025-02-23 23:15:00+00:00,1.4954074052723645,1.4954074052723645,0.0,1,0.7501687879772948
2025-02-23 23:20:00+00:00,1.4908269196425659,1.4954074052723645,-0.0045804856297986755,1,0.7524736412825177
2025-02-23 23:25:00+00:00,1.4905700330455538,1.4954074052723645,-0.004837372226810754,1,0.7526033234770909
2025-02-23 23:30:00+00:00,1.4865546979291817,1.4954074052723645,-0.008852707343182806,1,0.7546361814389712
2025-02-23 23:35:00+00:00,1.4864321827829143,1.4954074052723645,-0.008975222489450051,1,0.7546983802820927
2025-02-23 23:40:00+00:00,1.487882604030659,1.4954074052723645,-0.007524801241705547,1,0.7539626834176799
2025-02-23 23:45:00+00:00,1.4859968378573785,1.4859968378573785,0.0,0,0.0
2025-02-24 15:15:00+00:00,1.4856624885688605,1.4856624885688605,0.0,1,0.7501687879772949
2025-02-24 15:20:00+00:00,1.481439219208927,1.4856624885688605,-0.004223269359933482,1,0.7523073602629232
2025-02-24 15:25:00+00:00,1.483697193169526,1.4856624885688605,-0.0019652953993344415,1,0.7511624565469488
2025-02-24 15:30:00+00:00,1.4795820620731923,1.4856624885688605,-0.006080426495668184,1,0.7532516492065323
2025-02-24 15:35:00+00:00,1.4787886563348247,1.4856624885688605,-0.006873832234035829,1,0.7536557868622785
2025-02-24 15:40:00+00:00,1.4773487718466758,1.4856624885688605,-0.008313716722184618,1,0.7543903305919559
2025-02-24 15:45:00+00:00,1.476498414974242,1.476498414974242,0.0,0,0.0
2025-02-24 19:50:00+00:00,1.4761662028308726,1.4761662028308726,0.0,1,0.7501687879772949
2025-02-24 19:55:00+00:00,1.4788993647957538,1.4761662028308726,0.002733161964881237,1,0.748782396957495
2025-02-24 20:00:00+00:00,1.477274241465284,1.4761662028308726,0.0011080386344112924,1,0.7496061192621186
2025-02-24 20:05:00+00:00,1.4839963425140459,1.4761662028308726,0.00783013968317328,1,0.7462106067961554
2025-02-24 20:10:00+00:00,1.485621465844516,1.4761662028308726,0.009455263013643226,1,0.7453943260042921
2025-02-24 20:15:00+00:00,1.4902013588667495,1.4761662028308726,0.014035156035876862,1,0.7431034770179004
2025-02-24 20:20:00+00:00,1.4865450308201464,1.4865450308201464,0.0,0,0.0
2025-02-25 00:20:00+00:00,1.486210558188212,1.486210558188212,0.0,1,0.7501687879772949
2025-02-25 00:25:00+00:00,1.48814897057163,1.486210558188212,0.0019384123834180244,1,0.7491916435535682
2025-02-25 00:30:00+00:00,1.4834928967439582,1.486210558188212,-0.0027176614442535984,1,0.7515430478717933
2025-02-25 00:35:00+00:00,1.4827415647055513,1.486210558188212,-0.0034689934826605045,1,0.751923868362396
2025-02-25 00:40:00+00:00,1.4831433270718077,1.486210558188212,-0.003067231116404171,1,0.7517201829146825
2025-02-25 00:45:00+00:00,1.4831093411314598,1.486210558188212,-0.0031012170567521744,1,0.751737408830929
2025-02-25 00:50:00+00:00,1.4861285525417196,1.4861285525417196,0.0,0,0.0
2025-02-25 07:40:00+00:00,1.4857941736173976,1.4857941736173976,0.0,1,0.7501687879772949
2025-02-25 07:45:00+00:00,1.4849756861956036,1.4857941736173976,-0.0008184874217940182,1,0.7505822652637513
2025-02-25 07:50:00+00:00,1.4906533546904628,1.4857941736173976,0.00485918107306526,1,0.7477234132933192
2025-02-25 07:55:00+00:00,1.4918904937245538,1.4857941736173976,0.006096320107156112,1,0.7471033692450596
2025-02-25 08:00:00+00:00,1.4845429227312068,1.4857941736173976,-0.0012512508861908982,1,0.7508010697027855
2025-02-25 08:05:00+00:00,1.4936968107933408,1.4857941736173976,0.007902637175943219,1,0.7461999023846739
2025-02-25 08:10:00+00:00,1.493917498051615,1.493917498051615,0.0,0,0.0
2025-02-25 11:40:00+00:00,1.4935813666145534,1.4935813666145534,0.0,1,0.7501687879772949
2025-02-25 11:45:00+00:00,1.4993744853715627,1.4935813666145534,0.005793118757009235,1,0.7472703680568857
2025-02-25 11:50:00+00:00,1.5124294008803154,1.4935813666145534,0.018848034265761912,1,0.7408201155614642
2025-02-25 11:55:00+00:00,1.5190384518566213,1.4935813666145534,0.025457085242067953,1,0.7375969463901806
2025-02-25 12:00:00+00:00,1.5249947570574898,1.4935813666145534,0.031413390442936354,1,0.7347160495821119
2025-02-25 12:05:00+00:00,1.5174065874180276,1.4935813666145534,0.023825220803474087,1,0.7383901802121569
2025-02-25 12:10:00+00:00,1.5283303206072651,1.5283303206072651,0.0,0,0.0
2025-02-25 15:40:00+00:00,1.5276426493347144,1.5276426493347144,0.0,2,1.5005064019177266
2025-02-25 15:45:00+00:00,1.525781685292393,1.5276426493347144,-0.0018609640423212794,2,1.50233653822501
2025-02-25 15:50:00+00:00,1.529069860514464,1.5276426493347144,0.0014272111797495606,2,1.4991058514475326
2025-02-25 15:55:00+00:00,1.5441580173037195,1.5276426493347144,0.01651536796900518,2,1.4844579048793272
2025-02-25 16:00:00+00:00,1.5323771739851586,1.5276426493347144,0.00473452465044411,2,1.495870347120882
2025-02-25 16:05:00+00:00,1.5267388022110528,1.5276426493347144,-0.0009038471236615902,2,1.501394719155387
2025-02-25 16:10:00+00:00,1.5251714251829742,1.5251714251829742,0.0,0,0.0
2025-02-26 18:45:00+00:00,1.5244851752534454,1.5244851752534454,0.0,2,1.5005064019177263
2025-02-26 18:50:00+00:00,1.5173752325661025,1.5244851752534454,-0.007109942687342785,2,1.507537302574767
2025-02-26 18:55:00+00:00,1.4977215556550747,1.5244851752534454,-0.02676361959837075,2,1.5273197854830587
2025-02-26 19:00:00+00:00,1.5015247988243583,1.5244851752534454,-0.022960376429087007,2,1.5234512056594034
2025-02-26 19:05:00+00:00,1.5047429125382827,1.5244851752534454,-0.019742262715162728,2,1.5201930815130287
2025-02-26 19:10:00+00:00,1.504106406233075,1.5244851752534454,-0.020378769020370405,2,1.5208363953620399
2025-02-26 19:15:00+00:00,1.5181253930619958,1.5181253930619958,0.0,0,0.0
2025-02-26 20:25:00+00:00,1.5177838148485567,1.5177838148485567,0.0,1,0.7501687879772949
2025-02-26 20:30:00+00:00,1.524831417786846,1.5177838148485567,0.007047602938289217,1,0.7467015904283126
2025-02-26 20:35:00+00:00,1.5229199475973918,1.5177838148485567,0.005136132748835096,1,0.7476388017589368
2025-02-26 20:40:00+00:00,1.530085559463386,1.5177838148485567,0.012301744614829161,1,0.7441375011707263
2025-02-26 20:45:00+00:00,1.533407647997965,1.5177838148485567,0.015623833149408314,1,0.7425253462659186
2025-02-26 20:50:00+00:00,1.5359489565341238,1.5177838148485567,0.018165141685566988,1,0.7412967989286179
2025-02-26 20:55:00+00:00,1.5369315482652814,1.5369315482652814,0.0,0,0.0
2025-02-28 01:40:00+00:00,1.5365857386669217,1.5365857386669217,0.0,1,0.7501687879772949
2025-02-28 01:45:00+00:00,1.538190868403956,1.5365857386669217,0.0016051297370343368,1,0.7493859734032969
2025-02-28 01:50:00+00:00,1.5346909298927767,1.5365857386669217,-0.0018948087741450785,1,0.7510949851508513
2025-02-28 01:55:00+00:00,1.5288035883027995,1.5365857386669217,-0.0077821503641223,1,0.7539874121296568
2025-02-28 02:00:00+00:00,1.5259053985160531,1.5365857386669217,-0.010680340150868623,1,0.7554194790319003
2025-02-28 02:05:00+00:00,1.5337869073904886,1.5365857386669217,-0.0027988312764330478,1,0.7515376846970921
2025-02-28 02:10:00+00:00,1.5368682666901212,1.5368682666901212,0.0,0,0.0
2025-02-28 08:30:00+00:00,1.536522471330116,1.536522471330116,0.0,1,0.7501687879772949
2025-02-28 08:35:00+00:00,1.540312545458199,1.536522471330116,0.0037900741280829943,1,0.7483229318727066
2025-02-28 08:40:00+00:00,1.5417185406992622,1.536522471330116,0.0051960693691462095,1,0.7476404866317521
2025-02-28 08:45:00+00:00,1.537724699144938,1.536522471330116,0.0012022278148221474,1,0.7495822891175061
2025-02-28 08:50:00+00:00,1.5394159687827387,1.536522471330116,0.0028934974526227046,1,0.7487587652666915
2025-02-28 08:55:00+00:00,1.5438377219321686,1.536522471330116,0.007315250602052651,1,0.7466142222350977
2025-02-28 09:00:00+00:00,1.5463039170542896,1.5463039170542896,0.0,0,0.0
2025-02-28 16:40:00+00:00,1.5459559986729523,1.5459559986729523,0.0,1,0.7501687879772949
2025-02-28 16:45:00+00:00,1.5451603982763855,1.5459559986729523,-0.0007956003965668699,1,0.7505550485790244
2025-02-28 16:50:00+00:00,1.5406716235776834,1.5459559986729523,-0.005284375095269004,1,0.7527418043162536
2025-02-28 16:55:00+00:00,1.5437636471498826,1.5459559986729523,-0.0021923515230697246,1,0.7512341283147992
2025-02-28 17:00:00+00:00,1.5407428304978579,1.5459559986729523,-0.005213168175094393,1,0.7527070156256876
2025-02-28 17:05:00+00:00,1.5379027698739687,1.5459559986729523,-0.00805322879898369,1,0.7540970472962716
2025-02-28 17:10:00+00:00,1.5374138070161318,1.5374138070161318,0.0,0,0.0
2025-03-02 15:25:00+00:00,1.5370678889095533,1.5370678889095533,0.0,1,0.7501687879772948
2025-03-02 15:30:00+00:00,1.6085906196367745,1.536705874566908,0.07188474506986663,2,1.466982836987766
2025-03-02 15:35:00+00:00,1.6567841397496783,1.536705874566908,0.12007826518277034,2,1.4243103697885469
2025-03-02 15:40:00+00:00,1.7027364540086662,1.536705874566908,0.16603057944175822,2,1.3858720327453877
2025-03-02 15:45:00+00:00,1.6938300103996429,1.536705874566908,0.15712413583273482,2,1.3931591814162612
2025-03-02 15:50:00+00:00,1.6328756312399688,1.536705874566908,0.09616975667306091,2,1.445165072954579
2025-03-02 15:55:00+00:00,1.667153824959471,1.6510851051576918,0.016068719801779346,1,0.7238171171840729
2025-03-02 16:00:00+00:00,1.6648806639737346,1.6648806639737346,0.0,0,0.0
2025-03-03 15:05:00+00:00,1.6645060658243405,1.6645060658243405,0.0,1,0.7501687879772949
2025-03-03 15:10:00+00:00,1.6581457726978666,1.6645060658243405,-0.006360293126473799,1,0.7530462752672719
2025-03-03 15:15:00+00:00,1.6671138552150426,1.6645060658243405,0.0026077893907022203,1,0.7489953335066218
2025-03-03 15:20:00+00:00,1.6622111004263658,1.6645060658243405,-0.0022949653979746783,1,0.751204523697389
2025-03-03 15:25:00+00:00,1.6747365177280984,1.6645060658243405,0.010230451903757832,1,0.7455862368572457
2025-03-03 15:30:00+00:00,1.6761857510041414,1.6645060658243405,0.011679685179800928,1,0.744941601628742
2025-03-03 15:35:00+00:00,1.6692432331844278,1.6692432331844278,0.0,0,0.0
2025-03-04 14:40:00+00:00,1.6684921582349335,1.6684921582349335,0.0,2,1.5005064019177266
2025-03-04 14:45:00+00:00,1.6470744733973268,1.6684921582349335,-0.021417684837606712,2,1.5200181931160912
2025-03-04 14:50:00+00:00,1.6478878603518818,1.6684921582349335,-0.020604297883051587,2,1.5192679218150436
2025-03-04 14:55:00+00:00,1.6331889170403775,1.6684921582349335,-0.035303241194555926,2,1.5329415592153113
2025-03-04 15:00:00+00:00,1.6114105445032239,1.6684921582349335,-0.05708161373170967,2,1.5536594156722878
2025-03-04 15:05:00+00:00,1.6037126052073347,1.6684921582349335,-0.06477955302759872,2,1.5611170959508474
2025-03-04 15:10:00+00:00,1.594383991738533,1.594383991738533,0.0,0,0.0
2025-03-04 21:25:00+00:00,1.5940252553403917,1.5940252553403917,0.0,1,0.7501687879772949
2025-03-04 21:30:00+00:00,1.6032104054706173,1.5940252553403917,0.009185150130225606,1,0.7458709036091118
2025-03-04 21:35:00+00:00,1.59232853133765,1.5940252553403917,-0.0016967240027417493,1,0.7509681389677588
2025-03-04 21:40:00+00:00,1.585454623839364,1.5940252553403917,-0.008570631501027727,1,0.7542240413719057
2025-03-04 21:45:00+00:00,1.5867543579312076,1.5940252553403917,-0.007270897409184149,1,0.753606245243249
2025-03-04 21:50:00+00:00,1.5856503996858342,1.5940252553403917,-0.008374855654557431,1,0.7541309194263892
2025-03-04 21:55:00+00:00,1.5829695442198386,1.5829695442198386,0.0,0,0.0
2025-03-06 01:50:00+00:00,1.582613376072389,1.582613376072389,0.0,1,0.7501687879772949
2025-03-06 01:55:00+00:00,1.5754348010749506,1.582613376072389,-0.007178574997438349,1,0.753586982688722
2025-03-06 02:00:00+00:00,1.572248346599417,1.582613376072389,-0.010365029472972034,1,0.755114267242009
2025-03-06 02:05:00+00:00,1.5781505293211442,1.582613376072389,-0.004462846751244875,1,0.752290187853991
2025-03-06 02:10:00+00:00,1.5774237487143057,1.582613376072389,-0.005189627358083274,1,0.7526367972667711
2025-03-06 02:15:00+00:00,1.5796377138369169,1.582613376072389,-0.0029756622354721986,1,0.7515819277833786
2025-03-06 02:20:00+00:00,1.5773404465954024,1.5773404465954024,0.0,0,0.0
2025-03-10 09:20:00+00:00,1.576275981334564,1.576275981334564,0.0,3,2.251012879815685
2025-03-10 09:25:00+00:00,1.601440558044448,1.576275981334564,0.02516457670988399,3,2.2156411103144613
2025-03-10 09:30:00+00:00,1.5833277896019444,1.576275981334564,0.007051808267380606,3,2.2409873428800546
2025-03-10 09:35:00+00:00,1.5698768946455617,1.576275981334564,-0.0063990866890021765,3,2.2601883932620774
2025-03-10 09:40:00+00:00,1.5485684752003916,1.576275981334564,-0.027707506134172354,3,2.2912887566493025
2025-03-10 09:45:00+00:00,1.5572731673434936,1.576275981334564,-0.019002813991070247,3,2.278481136473321
2025-03-10 09:50:00+00:00,1.5580077800150018,1.5580077800150018,0.0,0,0.0
2025-03-10 19:35:00+00:00,1.5576572282644985,1.5576572282644985,0.0,1,0.7501687879772949
2025-03-10 19:40:00+00:00,1.5554046096062337,1.5576572282644985,-0.0022526186582648208,1,0.7512552218210735
2025-03-10 19:45:00+00:00,1.5472710524913487,1.5576572282644985,-0.010386175773149823,1,0.7552043535809541
2025-03-10 19:50:00+00:00,1.5499989133616447,1.5576572282644985,-0.007658314902853805,1,0.7538752607748547
2025-03-10 19:55:00+00:00,1.5504417861350854,1.5576572282644985,-0.007215442129413062,1,0.7536599216176201
2025-03-10 20:00:00+00:00,1.552054372712132,1.5576572282644985,-0.005602855552366321,1,0.7528768679471904
2025-03-10 20:05:00+00:00,1.5508386741483957,1.5508386741483957,0.0,0,0.0
2025-03-11 13:30:00+00:00,1.5504897354467124,1.5504897354467124,0.0,1,0.7501687879772949
2025-03-11 13:35:00+00:00,1.538621381224851,1.5504897354467124,-0.011868354221861475,1,0.755955311556482
2025-03-11 13:40:00+00:00,1.5457763206510982,1.5504897354467124,-0.004713414795614245,1,0.7524562189705261
2025-03-11 13:45:00+00:00,1.5449402650703852,1.5504897354467124,-0.005549470376327194,1,0.7528634160870332
2025-03-11 13:50:00+00:00,1.5497445554725988,1.5504897354467124,-0.0007451799741136683,1,0.7505294995255508
2025-03-11 13:55:00+00:00,1.540547944084755,1.5504897354467124,-0.009941791361957407,1,0.7550099366120773
2025-03-11 14:00:00+00:00,1.539611343127063,1.539611343127063,0.0,0,0.0
2025-03-11 14:10:00+00:00,1.5392649305748594,1.5392649305748594,0.0,1,0.7501687879772949
2025-03-11 14:15:00+00:00,1.5332755554045885,1.5392649305748594,-0.005989375170270929,1,0.7530991433830052
2025-03-11 14:20:00+00:00,1.5328025600295814,1.5392649305748594,-0.006462370545277971,1,0.7533315362697546
2025-03-11 14:25:00+00:00,1.5293747682456442,1.5392649305748594,-0.009890162329215163,1,0.755019980269369
2025-03-11 14:30:00+00:00,1.522735736777171,1.5392649305748594,-0.016529193797688427,1,0.7583118196130384
2025-03-11 14:35:00+00:00,1.522435128270766,1.5392649305748594,-0.01682980230409346,1,0.7584615501199415
2025-03-11 14:40:00+00:00,1.515247378999333,1.515247378999333,0.0,0,0.0
2025-03-13 13:05:00+00:00,1.5149064483390582,1.5149064483390582,0.0,1,0.7501687879772949
2025-03-13 13:10:00+00:00,1.5165801103646293,1.5149064483390582,0.0016736620255710791,1,0.7493409194033728
2025-03-13 13:15:00+00:00,1.5180065268636957,1.5149064483390582,0.003100078524637558,1,0.7486367905133139
2025-03-13 13:20:00+00:00,1.5099615378089615,1.5149064483390582,-0.004944910530096806,1,0.7526254846852134
2025-03-13 13:25:00+00:00,1.5207452465419031,1.5149064483390582,0.005838798202844985,1,0.7472885658092281
2025-03-13 13:30:00+00:00,1.5180635835236587,1.5149064483390582,0.0031571351846004492,1,0.748608652881099
2025-03-13 13:35:00+00:00,1.511750722453959,1.511750722453959,0.0,0,0.0
2025-03-16 16:10:00+00:00,1.511070511161235,1.511070511161235,0.0,2,1.5005064019177266
2025-03-16 16:15:00+00:00,1.4987795835446358,1.511070511161235,-0.012290927616599228,2,1.5128114905222814
2025-03-16 16:20:00+00:00,1.5006563459833555,1.511070511161235,-0.010414165177879584,2,1.5109195265227453
2025-03-16 16:25:00+00:00,1.5014852892288588,1.511070511161235,-0.009585221932376303,2,1.5100853748031149
2025-03-16 16:30:00+00:00,1.5006461229475119,1.511070511161235,-0.010424388213723216,2,1.5109298195453575
2025-03-16 16:35:00+00:00,1.4871303854547229,1.511070511161235,-0.02394012570651221,2,1.5246618574424635
2025-03-16 16:40:00+00:00,1.4966234141032293,1.4966234141032293,0.0,0,0.0
2025-03-19 10:35:00+00:00,1.496286673835056,1.496286673835056,0.0,1,0.7501687879772949
2025-03-19 10:40:00+00:00,1.4867064358821547,1.496286673835056,-0.009580237952901277,1,0.7550028260363268
2025-03-19 10:45:00+00:00,1.4886768394327514,1.496286673835056,-0.007609834402304527,1,0.7540035089181137
2025-03-19 10:50:00+00:00,1.4919438591129075,1.496286673835056,-0.00434281472214851,1,0.7523524117354041
2025-03-19 10:55:00+00:00,1.4948824782012975,1.496286673835056,-0.001404195633758577,1,0.7508734478766651
2025-03-19 11:00:00+00:00,1.4908793882292517,1.496286673835056,-0.0054072856058042075,1,0.7528895827787919
2025-03-19 11:05:00+00:00,1.4961537684169444,1.4961537684169444,0.0,0,0.0
2025-03-20 14:20:00+00:00,1.4958171338190505,1.4958171338190505,0.0,1,0.750168787977295
2025-03-20 14:25:00+00:00,1.4960576526266565,1.4958171338190505,0.00024051880760607235,1,0.7500481845352613
2025-03-20 14:30:00+00:00,1.4955262738656665,1.4958171338190505,-0.00029085995338390207,1,0.7503146858210936
2025-03-20 14:35:00+00:00,1.4908389538476714,1.4958171338190505,-0.004978179971379052,1,0.7526737367685941
2025-03-20 14:40:00+00:00,1.4933112634514352,1.4958171338190505,-0.0025058703676153864,1,0.7514276184585956
2025-03-20 14:45:00+00:00,1.493797894527289,1.4958171338190505,-0.002019239291761579,1,0.7511828276259559
2025-03-20 14:50:00+00:00,1.4938248348711252,1.4938248348711252,0.0,0,0.0
2025-03-21 18:35:00+00:00,1.493488724283279,1.493488724283279,0.0,1,0.7501687879772949
2025-03-21 18:40:00+00:00,1.5044127553495168,1.493488724283279,0.010924031066237759,1,0.7447215680466969
2025-03-21 18:45:00+00:00,1.5001305351715517,1.493488724283279,0.006641810888272704,1,0.7468474241978021
2025-03-21 18:50:00+00:00,1.4884199738685449,1.493488724283279,-0.005068750414734229,1,0.7527234556261694
2025-03-21 18:55:00+00:00,1.4861477754067673,1.493488724283279,-0.007340948876511681,1,0.7538743082575974
2025-03-21 19:00:00+00:00,1.4850990684244085,1.493488724283279,-0.008389655858870582,1,0.7544066587705698
2025-03-21 19:05:00+00:00,1.48712254854687,1.48712254854687,0.0,0,0.0
2025-03-24 06:10:00+00:00,1.486787945973447,1.486787945973447,0.0,1,0.7501687879772949
2025-03-24 06:15:00+00:00,1.486340034833185,1.486787945973447,-0.00044791114026208076,1,0.7503948526390395
2025-03-24 06:20:00+00:00,1.4846023554697594,1.486787945973447,-0.0021855905036875637,1,0.7512731657072139
2025-03-24 06:25:00+00:00,1.4845699763511864,1.486787945973447,-0.0022179696222606486,1,0.7512895513025719
2025-03-24 06:30:00+00:00,1.486566688663197,1.486787945973447,-0.00022125731024999124,1,0.7502804414466799
2025-03-24 06:35:00+00:00,1.4856115046652891,1.486787945973447,-0.0011764413081578528,1,0.750762839347721
2025-03-24 06:40:00+00:00,1.4851365925780493,1.4851365925780493,0.0,0,0.0
2025-03-24 11:50:00+00:00,1.4848024368447192,1.4848024368447192,0.0,1,0.7501687879772948
2025-03-24 11:55:00+00:00,1.4862762996794736,1.4848024368447192,0.0014738628347543785,1,0.7494248846420732
2025-03-24 12:00:00+00:00,1.4828631436410953,1.4848024368447192,-0.0019392932036240457,1,0.7511498611385867
2025-03-24 12:05:00+00:00,1.4789069855057022,1.4848024368447192,-0.005895451339017143,1,0.7531592286398341
2025-03-24 12:10:00+00:00,1.4801481331560216,1.4848024368447192,-0.004654303688697784,1,0.7525276825222509
2025-03-24 12:15:00+00:00,1.4834837174662547,1.4848024368447192,-0.0013187193784644894,1,0.750835638651945
2025-03-24 12:20:00+00:00,1.4829168465484899,1.4829168465484899,0.0,0,0.0
2025-03-24 14:05:00+00:00,1.4825831902580164,1.4825831902580164,0.0,1,0.750168787977295
2025-03-24 14:10:00+00:00,1.4840204923400697,1.4825831902580164,0.0014373020820533317,1,0.7494422352333022
2025-03-24 14:15:00+00:00,1.485728077941947,1.4825831902580164,0.0031448876839305297,1,0.7485808819417256
2025-03-24 14:20:00+00:00,1.4891179890036617,1.4825831902580164,0.00653479874564515,1,0.7468767707624763
2025-03-24 14:25:00+00:00,1.4893175441257744,1.4825831902580164,0.006734353867757893,1,0.7467766960095933
2025-03-24 14:30:00+00:00,1.4852620283213165,1.4825831902580164,0.002678838063300011,1,0.7488157737179831
2025-03-24 14:35:00+00:00,1.4799824362194887,1.4799824362194887,0.0,0,0.0
2025-03-24 15:55:00+00:00,1.4796494401713394,1.4796494401713394,0.0,1,0.7501687879772948
2025-03-24 16:00:00+00:00,1.4791392227361235,1.4796494401713394,-0.0005102174352158347,1,0.7504275527974669
2025-03-24 16:05:00+00:00,1.4779252571144028,1.4796494401713394,-0.0017241830569366386,1,0.7510439528801522
2025-03-24 16:10:00+00:00,1.4820597777101183,1.4796494401713394,0.0024103375387788694,1,0.7489487562233289
2025-03-24 16:15:00+00:00,1.4840126789276689,1.4796494401713394,0.004363238756329503,1,0.7479631696722974
2025-03-24 16:20:00+00:00,1.4864582038757728,1.4796494401713394,0.006808763704433356,1,0.7467326186975527
2025-03-24 16:25:00+00:00,1.4865826441488517,1.4865826441488517,0.0,0,0.0
2025-03-27 14:40:00+00:00,1.4862481630539182,1.4862481630539182,0.0,1,0.7501687879772949
2025-03-27 14:45:00+00:00,1.486595968406279,1.4862481630539182,0.0003478053523609976,1,0.7499932778015796
2025-03-27 14:50:00+00:00,1.485414534352228,1.4862481630539182,-0.000833628701690199,1,0.7505897898042648
2025-03-27 14:55:00+00:00,1.4866456548851879,1.4862481630539182,0.00039749183126960543,1,0.7499682116231955
2025-03-27 15:00:00+00:00,1.489152061710137,1.4862481630539182,0.0029038986562189505,1,0.7487059325769921
2025-03-27 15:05:00+00:00,1.4889036293155937,1.4862481630539182,0.0026554662616756638,1,0.7488308585990506
2025-03-27 15:10:00+00:00,1.4858860783595909,1.4858860783595909,0.0,0,0.0
2025-03-29 17:30:00+00:00,1.4848833309087213,1.4848833309087213,0.0,3,2.251012879815685
2025-03-29 17:35:00+00:00,1.5021821240270652,1.4848833309087213,0.01729879311834383,3,2.225090719318748
2025-03-29 17:40:00+00:00,1.4928961167586823,1.4848833309087213,0.008012785849961098,3,2.2389310718794246
2025-03-29 17:45:00+00:00,1.4789028646895326,1.4848833309087213,-0.005980466219188585,3,2.260115645661988
2025-03-29 17:50:00+00:00,1.484791523015657,1.4848833309087213,-9.180789306424838e-05,3,2.2511520648437195
2025-03-29 17:55:00+00:00,1.4785882981076166,1.4848833309087213,-0.006295032801104722,3,2.2605964805599115
2025-03-29 18:00:00+00:00,1.483320070310912,1.483320070310912,0.0,0,0.0
2025-03-29 20:00:00+00:00,1.482986323295092,1.482986323295092,0.0,1,0.7501687879772949
2025-03-29 20:05:00+00:00,1.4802724376281056,1.482986323295092,-0.0027138856669863013,1,0.7515441242125452
2025-03-29 20:10:00+00:00,1.4814424478016825,1.482986323295092,-0.001543875493409382,1,0.7509505714407008
2025-03-29 20:15:00+00:00,1.4801904024320272,1.482986323295092,-0.002795920863064761,1,0.7515857763334413
2025-03-29 20:20:00+00:00,1.4800330562362702,1.482986323295092,-0.0029532670588216965,1,0.7516656793884391
2025-03-29 20:25:00+00:00,1.4812272735168868,1.482986323295092,-0.0017590497782051344,1,0.7510596602044683
2025-03-29 20:30:00+00:00,1.4811934256605008,1.4811934256605008,0.0,0,0.0
2025-03-31 01:05:00+00:00,1.4801938450375598,1.4801938450375598,0.0,3,2.251012879815685
2025-03-31 01:10:00+00:00,1.4813075720309665,1.4801938450375598,0.0011137269934066614,3,2.249320446823312
2025-03-31 01:15:00+00:00,1.4823308180979073,1.4801938450375598,0.0021369730603475997,3,2.24776775138421
2025-03-31 01:20:00+00:00,1.4795722322711655,1.4801938450375598,-0.0006216127663942429,3,2.251958597985364
2025-03-31 01:25:00+00:00,1.4928718379465178,1.4801938450375598,0.012677992908958036,3,2.231896486430214
2025-03-31 01:30:00+00:00,1.5075486499881967,1.4801938450375598,0.02735480495063701,3,2.2101677513555114
2025-03-31 01:35:00+00:00,1.4993351494268337,1.4993351494268337,0.0,0,0.0
2025-03-31 12:55:00+00:00,1.4989977990182126,1.4989977990182126,0.0,1,0.7501687879772948
2025-03-31 13:00:00+00:00,1.4993045386518358,1.4989977990182126,0.0003067396336232227,1,0.7500153124869942
2025-03-31 13:05:00+00:00,1.499519256395372,1.4989977990182126,0.0005214573771593787,1,0.749907917003523
2025-03-31 13:10:00+00:00,1.4970837437044036,1.4989977990182126,-0.0019140553138090894,1,0.7511278956831395
2025-03-31 13:15:00+00:00,1.4938997863073944,1.4989977990182126,-0.005098012710818176,1,0.7527287789829971
2025-03-31 13:20:00+00:00,1.4947095789401597,1.4989977990182126,-0.004288220078052888,1,0.7523209711865667
2025-03-31 13:25:00+00:00,1.4925931386565239,1.4925931386565239,0.0,0,0.0
2025-04-01 14:55:00+00:00,1.492257305200326,1.492257305200326,0.0,1,0.7501687879772949
2025-04-01 15:00:00+00:00,1.4869057271365693,1.492257305200326,-0.0053515780637567,1,0.7528687485441194
2025-04-01 15:05:00+00:00,1.4851511113779607,1.492257305200326,-0.007106193822365413,1,0.7537582172050786
2025-04-01 15:10:00+00:00,1.4891867276227608,1.492257305200326,-0.0030705775775652483,1,0.7517155728210125
2025-04-01 15:15:00+00:00,1.4982229987795959,1.492257305200326,0.005965693579269874,1,0.7471817312270981
2025-04-01 15:20:00+00:00,1.5057678465416133,1.492257305200326,0.013510541341287341,1,0.7434378789290053
2025-04-01 15:25:00+00:00,1.5035896665388768,1.5035896665388768,0.0,0,0.0
2025-04-02 20:00:00+00:00,1.5032513588639056,1.5032513588639056,0.0,1,0.7501687879772948
2025-04-02 20:05:00+00:00,1.5009973818013875,1.5032513588639056,-0.0022539770625179673,1,0.7512952811088741
2025-04-02 20:10:00+00:00,1.4996899193002609,1.5032513588639056,-0.003561439563644788,1,0.751950276781434
2025-04-02 20:15:00+00:00,1.5137126029004755,1.5025699582285108,0.011142644671964588,3,2.245490785177368
2025-04-02 20:20:00+00:00,1.5248164130055437,1.5025699582285108,0.022246454777032954,3,2.229138978455834
2025-04-02 20:25:00+00:00,1.4976214579542537,1.5025699582285108,-0.0049485002742570006,3,2.269617387736236
2025-04-02 20:30:00+00:00,1.456681682009216,1.4890310832755316,-0.03234940126631546,2,1.5592531157409988
2025-04-02 20:35:00+00:00,1.4560923014122706,1.4890310832755316,-0.032938781863260866,2,1.5598842526072902
2025-04-02 20:40:00+00:00,1.443200168246977,1.4890310832755316,-0.04583091502855447,2,1.5738187268053394
2025-04-02 20:45:00+00:00,1.43627501525514,1.43627501525514,0.0,0,0.0
2025-04-03 05:05:00+00:00,1.4359518533767075,1.4359518533767075,0.0,1,0.750168787977295
2025-04-03 05:10:00+00:00,1.4355261081972959,1.4359518533767075,-0.00042574517941163886,1,0.7503912713883613
2025-04-03 05:15:00+00:00,1.435934113994232,1.4359518533767075,-1.7739382475470004e-05,1,0.750178055485408
2025-04-03 05:20:00+00:00,1.4371936101499916,1.4359518533767075,0.0012417567732840962,1,0.749520630925247
2025-04-03 05:25:00+00:00,1.4373887433572217,1.4359518533767075,0.0014368899805142661,1,0.7494188794921197
2025-04-03 05:30:00+00:00,1.4368743012654326,1.4359518533767075,0.0009224478887251578,1,0.7496871928829658
2025-04-03 05:35:00+00:00,1.4356464308807506,1.4356464308807506,0.0,0,0.0
2025-04-06 23:35:00+00:00,1.4353234104338024,1.4353234104338024,0.0,1,0.7501687879772949
2025-04-06 23:40:00+00:00,1.4409141978091937,1.4353234104338024,0.0055907873753912735,1,0.7472581121052597
2025-04-06 23:45:00+00:00,1.4434359165904016,1.4353234104338024,0.008112506156599256,1,0.7459526334248089
2025-04-06 23:50:00+00:00,1.4449997731989026,1.4353234104338024,0.009676362765100272,1,0.7451453232943529
2025-04-06 23:55:00+00:00,1.4437291397044956,1.4353234104338024,0.008405729270693196,1,0.7458011295532557
2025-04-07 00:00:00+00:00,1.4441982966870457,1.4353234104338024,0.008874886253243357,1,0.7455588513229556
2025-04-07 00:05:00+00:00,1.4420377447251087,1.4420377447251087,0.0,0,0.0
2025-04-07 07:00:00+00:00,1.4417132862325455,1.4417132862325455,0.0,1,0.7501687879772949
2025-04-07 07:05:00+00:00,1.445499136380851,1.4417132862325455,0.003785850148305525,1,0.7482040502989807
2025-04-07 07:10:00+00:00,1.448394198258967,1.4417132862325455,0.006680912026421486,1,0.7467085340744085
2025-04-07 07:15:00+00:00,1.4462785761172667,1.4417132862325455,0.004565289884721212,1,0.747800822333511
2025-04-07 07:20:00+00:00,1.4588609604336935,1.4417132862325455,0.017147674201148017,1,0.7413511896447706
2025-04-07 07:25:00+00:00,1.4501757747993458,1.4417132862325455,0.008462488566800373,1,0.7457911843090039
2025-04-07 07:30:00+00:00,1.4448406322869667,1.4448406322869667,0.0,0,0.0
2025-04-07 12:30:00+00:00,1.4441905271474946,1.4441905271474946,0.0,2,1.500506401917726
2025-04-07 12:35:00+00:00,1.4397050200452253,1.4441905271474946,-0.0044855071022692665,2,1.505181340206537
2025-04-07 12:40:00+00:00,1.4337829325423892,1.4441905271474946,-0.010407594605105347,2,1.511398331218233
2025-04-07 12:45:00+00:00,1.4292487344467015,1.4441905271474946,-0.014941792700793152,2,1.5161931435347107
2025-04-07 12:50:00+00:00,1.4354875141977035,1.4441905271474946,-0.008703012949791169,2,1.509603608628321
2025-04-07 12:55:00+00:00,1.4452882309192805,1.4441905271474946,0.0010977037717857683,2,1.499366759663858
2025-04-07 13:00:00+00:00,1.4500138737048844,1.4500138737048844,0.0,0,0.0
2025-04-07 13:50:00+00:00,1.449687620583301,1.449687620583301,0.0,1,0.7501687879772948
2025-04-07 13:55:00+00:00,1.471561299852115,1.449687620583301,0.021873679268814204,1,0.739018079225074
2025-04-07 14:00:00+00:00,1.4771016725616504,1.449687620583301,0.027414051978349396,1,0.7362461403165688
2025-04-07 14:05:00+00:00,1.4729859671202812,1.449687620583301,0.023298346536980333,1,0.7383033033266224
2025-04-07 14:10:00+00:00,1.4770728914047178,1.449687620583301,0.027385270821416813,1,0.7362604862678274
2025-04-07 14:15:00+00:00,1.5043142564414713,1.449687620583301,0.054626635858170465,1,0.7229276732716887
2025-04-07 14:20:00+00:00,1.5150903346066578,1.5150903346066578,0.0,0,0.0
2025-04-09 01:35:00+00:00,1.514067878717885,1.514067878717885,0.0,3,2.251012879815685
2025-04-09 01:40:00+00:00,1.5314965451626583,1.514067878717885,0.017428666444773352,3,2.225396006719161
2025-04-09 01:45:00+00:00,1.5245290833454634,1.514067878717885,0.01046120462757842,3,2.2355665976736665
2025-04-09 01:50:00+00:00,1.5535301530894918,1.514067878717885,0.03946227437160691,3,2.193833373064141
2025-04-09 01:55:00+00:00,1.5530279097906927,1.514067878717885,0.03896003107280776,3,2.194542850404089
2025-04-09 02:00:00+00:00,1.553464100507105,1.514067878717885,0.03939622178922015,3,2.19392665385484
2025-04-09 02:05:00+00:00,1.5596685031201603,1.5596685031201603,0.0,0,0.0
2025-04-09 17:25:00+00:00,1.5593175777069581,1.5593175777069581,0.0,1,0.750168787977295
2025-04-09 17:30:00+00:00,1.5563372419389847,1.5593175777069581,-0.0029803357679735057,1,0.7516053370815499
2025-04-09 17:35:00+00:00,1.564629468667564,1.5593175777069581,0.005311890960605847,1,0.7476219774489348
2025-04-09 17:40:00+00:00,1.561730230471508,1.5593175777069581,0.0024126527645498574,1,0.7490098830877828
2025-04-09 17:45:00+00:00,1.5610206267172286,1.5593175777069581,0.0017030490102704263,1,0.7493503656002715
2025-04-09 17:50:00+00:00,1.5644469991307492,1.5593175777069581,0.005129421423791048,1,0.7477091764630358
2025-04-09 17:55:00+00:00,1.567644092488944,1.567644092488944,0.0,0,0.0
2025-04-10 15:55:00+00:00,1.5672913725681341,1.5672913725681341,0.0,1,0.7501687879772949
2025-04-10 16:00:00+00:00,1.55793693789922,1.5672913725681341,-0.009354434668914119,1,0.7546730812815249
2025-04-10 16:05:00+00:00,1.5566652341035294,1.5672913725681341,-0.010626138464604761,1,0.75528960473239
2025-04-10 16:10:00+00:00,1.564482701608327,1.5672913725681341,-0.002808670959807279,1,0.7515155445042795
2025-04-10 16:15:00+00:00,1.5609016461345722,1.5672913725681341,-0.006389726433561846,1,0.7532396882777987
2025-04-10 16:20:00+00:00,1.555268700487403,1.5672913725681341,-0.012022672080731113,1,0.7559678073623207
2025-04-10 16:25:00+00:00,1.5546819246532757,1.5546819246532757,0.0,0,0.0
2025-04-11 13:40:00+00:00,1.5543321212202288,1.5543321212202288,0.0,1,0.7501687879772949
2025-04-11 13:45:00+00:00,1.5494591279979586,1.5543321212202288,-0.004872993222270223,1,0.7525280418313126
2025-04-11 13:50:00+00:00,1.551330985083914,1.5543321212202288,-0.0030011361363147904,1,0.7516200312513486
2025-04-11 13:55:00+00:00,1.5499298944507138,1.5543321212202288,-0.004402226769514883,1,0.7522994734566266
2025-04-11 14:00:00+00:00,1.5495095672607537,1.5543321212202288,-0.0048225539594750405,1,0.7525035457194688
2025-04-11 14:05:00+00:00,1.545828902167337,1.5543321212202288,-0.008503219052891862,1,0.7542952792868246
2025-04-11 14:10:00+00:00,1.5459260466462807,1.5459260466462807,0.0,0,0.0
2025-04-16 11:50:00+00:00,1.5455782132857854,1.5455782132857854,0.0,1,0.7501687879772948
2025-04-16 11:55:00+00:00,1.5445614714569016,1.5455782132857854,-0.0010167418288837095,1,0.7506626032119452
2025-04-16 12:00:00+00:00,1.5460766161430812,1.5455782132857854,0.00049840285729582,1,0.7499269589091373
2025-04-16 12:05:00+00:00,1.5463756578574588,1.5455782132857854,0.000797444571673518,1,0.7497819362929892
2025-04-16 12:10:00+00:00,1.5474721441435098,1.5455782132857854,0.0018939308577244763,1,0.749250666238284
2025-04-16 12:15:00+00:00,1.5460367439144975,1.5455782132857854,0.0004585306287121956,1,0.7499462994967684
2025-04-16 12:20:00+00:00,1.5468651412972205,1.5468651412972205,0.0,0,0.0
2025-04-16 19:50:00+00:00,1.5465170966404287,1.5465170966404287,0.0,1,0.7501687879772949
2025-04-16 19:55:00+00:00,1.5515098097238909,1.5465170966404287,0.004992713083462265,1,0.7477547668096133
2025-04-16 20:00:00+00:00,1.5460791393524058,1.5465170966404287,-0.0004379572880228317,1,0.7503812880231072
2025-04-16 20:05:00+00:00,1.5464295051828243,1.5465170966404287,-8.75914576044633e-05,1,0.7502112783574694
2025-04-16 20:10:00+00:00,1.548882065995753,1.5465170966404287,0.002364969355324244,1,0.749023364297961
2025-04-16 20:15:00+00:00,1.5511594438934724,1.5465170966404287,0.004642347253043639,1,0.7479236648044996
2025-04-16 20:20:00+00:00,1.5530011856767956,1.5530011856767956,0.0,0,0.0
2025-04-21 00:30:00+00:00,1.552302413763926,1.552302413763926,0.0,2,1.500506401917726
2025-04-21 00:35:00+00:00,1.566188808665501,1.552302413763926,0.013886394901574914,2,1.4872023709260063
2025-04-21 00:40:00+00:00,1.5529141052005142,1.552302413763926,0.0006116914365880478,2,1.49991535382722
2025-04-21 00:45:00+00:00,1.562021235257385,1.552302413763926,0.009718821493458962,2,1.4911703227781696
2025-04-21 00:50:00+00:00,1.5676248857789874,1.552302413763926,0.0153224720150613,2,1.4858399676448486
2025-04-21 00:55:00+00:00,1.564049384922461,1.552302413763926,0.011746971158534984,2,1.4892366775749757
2025-04-21 01:00:00+00:00,1.5576202098481362,1.5576202098481362,0.0,0,0.0
2025-04-22 01:20:00+00:00,1.5572697453009203,1.5572697453009203,0.0,1,0.7501687879772949
2025-04-22 01:25:00+00:00,1.5590576691448415,1.5572697453009203,0.0017879238439210913,1,0.7493084960910263
2025-04-22 01:30:00+00:00,1.5574972030680465,1.5572697453009203,0.00022745776712608745,1,0.7500592329057706
2025-04-22 01:35:00+00:00,1.5576929225420852,1.5572697453009203,0.0004231772411648259,1,0.7499649901982139
2025-04-22 01:40:00+00:00,1.5558851622649843,1.5572697453009203,-0.0013845830359359881,1,0.7508363635819173
2025-04-22 01:45:00+00:00,1.5584321602852447,1.5572697453009203,0.0011624149843244157,1,0.7496092464957089
2025-04-22 01:50:00+00:00,1.557327911277204,1.557327911277204,0.0,0,0.0
2025-04-22 07:35:00+00:00,1.5569775124971668,1.5569775124971668,0.0,1,0.7501687879772949
2025-04-22 07:40:00+00:00,1.553817052912516,1.5569775124971668,-0.0031604595846507232,1,0.7516946292155698
2025-04-22 07:45:00+00:00,1.55475000322469,1.5569775124971668,-0.0022275092724769355,1,0.7512435639397816
2025-04-22 07:50:00+00:00,1.5584818044733848,1.5569775124971668,0.0015042919762180858,1,0.7494447032396199
2025-04-22 07:55:00+00:00,1.5576934976204628,1.5569775124971668,0.0007159851232961717,1,0.7498239770803031
2025-04-22 08:00:00+00:00,1.559581094763698,1.5569775124971668,0.002603582266531392,1,0.748916447743215
2025-04-22 08:05:00+00:00,1.5635772319341759,1.5635772319341759,0.0,0,0.0
2025-04-22 23:30:00+00:00,1.5632254270569907,1.5632254270569907,0.0,1,0.7501687879772949
2025-04-22 23:35:00+00:00,1.5642080648279608,1.5632254270569907,0.0009826377709700087,1,0.7496975308586006
2025-04-22 23:40:00+00:00,1.5645251660474195,1.5632254270569907,0.0012997389904287192,1,0.7495455806014749
2025-04-22 23:45:00+00:00,1.562048517787933,1.5632254270569907,-0.0011769092690575658,1,0.7507339948770002
2025-04-22 23:50:00+00:00,1.563501167247824,1.5632254270569907,0.0002757401908333557,1,0.7500364876700824
2025-04-22 23:55:00+00:00,1.5606986442173532,1.5632254270569907,-0.002526782839637686,1,0.7513833168854323
2025-04-23 00:00:00+00:00,1.5608945596283235,1.5608945596283235,0.0,0,0.0
2025-04-23 01:10:00+00:00,1.560543358352407,1.560543358352407,0.0,1,0.7501687879772949
2025-04-23 01:15:00+00:00,1.559548416556505,1.560543358352407,-0.0009949417959019843,1,0.7506473715680422
2025-04-23 01:20:00+00:00,1.5559442234283039,1.560543358352407,-0.0045991349241033385,1,0.7523861730350682
2025-04-23 01:25:00+00:00,1.5537500802625068,1.560543358352407,-0.006793278089900368,1,0.7534486624280381
2025-04-23 01:30:00+00:00,1.5637719774252017,1.560543358352407,0.0032286190727945116,1,0.7486199628981637
2025-04-23 01:35:00+00:00,1.5559508124468198,1.560543358352407,-0.004592545905587379,1,0.7523829868890888
2025-04-23 01:40:00+00:00,1.556192622837335,1.556192622837335,0.0,0,0.0
2025-04-23 04:55:00+00:00,1.5558424794971966,1.5558424794971966,0.0,1,0.750168787977295
2025-04-23 05:00:00+00:00,1.5599026711242976,1.5554914224083487,0.004411248715948811,2,1.4983849996251561
2025-04-23 05:05:00+00:00,1.5468134876903545,1.5554914224083487,-0.008677934717994098,2,1.511064379699639
2025-04-23 05:10:00+00:00,1.5505769510675769,1.5554914224083487,-0.004914471340771729,2,1.5073968187638793
2025-04-23 05:15:00+00:00,1.5552896319825056,1.5554914224083487,-0.00020179042584310023,2,1.5028292577945712
2025-04-23 05:20:00+00:00,1.5432647806172017,1.5554914224083487,-0.012226641791146995,2,1.5145390425828837
2025-04-23 05:25:00+00:00,1.5460951325796433,1.5579054091648994,-0.011810276585256059,1,0.756868236307949
2025-04-23 05:30:00+00:00,1.5463690601218754,1.5463690601218754,0.0,0,0.0
2025-04-23 13:50:00+00:00,1.546021127083348,1.546021127083348,0.0,1,0.7501687879772948
2025-04-23 13:55:00+00:00,1.5404892270803452,1.546021127083348,-0.005531900003002835,1,0.7528626456476463
2025-04-23 14:00:00+00:00,1.53502156530873,1.546021127083348,-0.01099956177461786,1,0.7555443006809792
2025-04-23 14:05:00+00:00,1.5423163106230966,1.546021127083348,-0.003704816460251389,1,0.7519707773970542
2025-04-23 14:10:00+00:00,1.53951453545409,1.546021127083348,-0.006506591629257849,1,0.7533392952014725
2025-04-23 14:15:00+00:00,1.5384101320144552,1.546021127083348,-0.007610995068892691,1,0.7538801071030056
2025-04-23 14:20:00+00:00,1.5312788888114595,1.5312788888114595,0.0,0,0.0
2025-04-26 08:30:00+00:00,1.5309343510614768,1.5309343510614768,0.0,1,0.7501687879772949
2025-04-26 08:35:00+00:00,1.527283501751702,1.5309343510614768,-0.003650849309774833,1,0.751962006589727
2025-04-26 08:40:00+00:00,1.5273714740242268,1.5309343510614768,-0.0035628770372500935,1,0.751918695707144
2025-04-26 08:45:00+00:00,1.5211317264087254,1.5309343510614768,-0.009802624652751403,1,0.7550030984627597
2025-04-26 08:50:00+00:00,1.519227755081941,1.5309343510614768,-0.01170659597953582,1,0.755949305669874
2025-04-26 08:55:00+00:00,1.516758247717498,1.5309343510614768,-0.014176103343978987,1,0.7571801032477389
2025-04-26 09:00:00+00:00,1.5166399243825788,1.5166399243825788,0.0,0,0.0
2025-04-28 03:35:00+00:00,1.5162986803995926,1.5162986803995926,0.0,1,0.7501687879772949
2025-04-28 03:40:00+00:00,1.5160690565633863,1.5162986803995926,-0.00022962383620619923,1,0.7502824085502838
2025-04-28 03:45:00+00:00,1.5151505612185614,1.5162986803995926,-0.0011481191810312488,1,0.7507372352303487
2025-04-28 03:50:00+00:00,1.514691313546149,1.5162986803995926,-0.0016073668534436472,1,0.7509648554225222
2025-04-28 03:55:00+00:00,1.5149974786610905,1.5162986803995926,-0.0013012017385021324,1,0.7508130932945214
2025-04-28 04:00:00+00:00,1.5140789833162656,1.5162986803995926,-0.0022196970833270554,1,0.7512685638073702
2025-04-28 04:05:00+00:00,1.5172586381551083,1.5172586381551083,0.0,0,0.0
2025-04-28 19:05:00+00:00,1.5169172549615233,1.5169172549615233,0.0,1,0.7501687879772949
2025-04-28 19:10:00+00:00,1.5124216800650594,1.5169172549615233,-0.004495574896463956,1,0.7523986158194854
2025-04-28 19:15:00+00:00,1.5117441779327754,1.5169172549615233,-0.005173077028747881,1,0.7527358102165177
2025-04-28 19:20:00+00:00,1.5186584987594496,1.5169172549615233,0.0017412437979262786,1,0.749308669161557
2025-04-28 19:25:00+00:00,1.5163790523330734,1.5169172549615233,-0.0005382026284500303,1,0.7504350425215326
2025-04-28 19:30:00+00:00,1.5156508958357588,1.5169172549615233,-0.001266359125764532,1,0.7507955702350885
2025-04-28 19:35:00+00:00,1.5183424427483798,1.5183424427483798,0.0,0,0.0
2025-05-01 15:15:00+00:00,1.5180008156987614,1.5180008156987614,0.0,1,0.7501687879772949
2025-05-01 15:20:00+00:00,1.5146879091062444,1.5180008156987614,-0.0033129065925170207,1,0.7518095478382862
2025-05-01 15:25:00+00:00,1.5130131861045124,1.5180008156987614,-0.004987629594248948,1,0.7526417102769549
2025-05-01 15:30:00+00:00,1.513463838839524,1.5180008156987614,-0.004536976859237408,1,0.7524176018202373
2025-05-01 15:35:00+00:00,1.510899990171418,1.5180008156987614,-0.007100825527343387,1,0.7536943804811913
2025-05-01 15:40:00+00:00,1.513792693538046,1.5180008156987614,-0.004208122160715524,1,0.7522541474287177
2025-05-01 15:45:00+00:00,1.510868948114848,1.510868948114848,0.0,0,0.0
2025-05-02 16:05:00+00:00,1.5105290026015221,1.5105290026015221,0.0,1,0.7501687879772949
2025-05-02 16:10:00+00:00,1.5038767807993574,1.5105290026015221,-0.006652221802164635,1,0.7534870712504987
2025-05-02 16:15:00+00:00,1.5058354568632584,1.5105290026015221,-0.004693545738263779,1,0.7525069926607758
2025-05-02 16:20:00+00:00,1.5091949198335401,1.5105290026015221,-0.0013340827679820147,1,0.7508319145489301
2025-05-02 16:25:00+00:00,1.5053624638818828,1.5105290026015221,-0.00516653871963927,1,0.7527434344045448
2025-05-02 16:30:00+00:00,1.5035614521451073,1.5105290026015221,-0.006967550456414921,1,0.7536450934343165
2025-05-02 16:35:00+00:00,1.5022512646187034,1.5022512646187034,0.0,0,0.0
2025-05-05 02:15:00+00:00,1.5015753276010952,1.5015753276010952,0.0,2,1.5005064019177263
2025-05-05 02:20:00+00:00,1.5106461847584534,1.5015753276010952,0.009070857157358132,2,1.491496430309005
2025-05-05 02:25:00+00:00,1.509111842572906,1.5015753276010952,0.007536514971810638,2,1.4930128625760228
2025-05-05 02:30:00+00:00,1.5115357482492469,1.5015753276010952,0.009960420648151579,2,1.4906186602843208
2025-05-05 02:35:00+00:00,1.5138925394146105,1.5015753276010952,0.012317211813515272,2,1.4882981013291636
2025-05-05 02:40:00+00:00,1.5120664915194049,1.5015753276010952,0.010491163918309659,2,1.4900954453154323
2025-05-05 02:45:00+00:00,1.5106218240343827,1.5106218240343827,0.0,0,0.0
2025-05-05 14:00:00+00:00,1.510281934123975,1.510281934123975,0.0,1,0.7501687879772949
2025-05-05 14:05:00+00:00,1.5108087710268134,1.510281934123975,0.0005268369028382911,1,0.7499071952407136
2025-05-05 14:10:00+00:00,1.510106321823029,1.510281934123975,-0.00017561230094605512,1,0.7502560261174515
2025-05-05 14:15:00+00:00,1.5076633863215114,1.510281934123975,-0.002618547802463547,1,0.7514717000524017
2025-05-05 14:20:00+00:00,1.5085943720813215,1.510281934123975,-0.0016875620426534212,1,0.7510079508401573
2025-05-05 14:25:00+00:00,1.5054261337204171,1.510281934123975,-0.004855800403557887,1,0.7525884815257219
2025-05-05 14:30:00+00:00,1.5063624400518165,1.5063624400518165,0.0,0,0.0
2025-05-05 16:20:00+00:00,1.5060235085028049,1.5060235085028049,0.0,1,0.7501687879772949
2025-05-05 16:25:00+00:00,1.5067251332937481,1.5060235085028049,0.0007016247909432599,1,0.7498194628035081
2025-05-05 16:30:00+00:00,1.506803091603853,1.5060235085028049,0.0007795831010482338,1,0.7497806689766772
2025-05-05 16:35:00+00:00,1.5081283828756347,1.5060235085028049,0.0021048743728297797,1,0.749121787552769
2025-05-05 16:40:00+00:00,1.5075047163947963,1.5060235085028049,0.0014812078919914937,1,0.7494317050899292
2025-05-05 16:45:00+00:00,1.5078165496352156,1.5060235085028049,0.0017930411324106367,1,0.7492767142741514
2025-05-05 16:50:00+00:00,1.508101284567042,1.508101284567042,0.0,0,0.0
2025-05-06 00:25:00+00:00,1.5077619617780145,1.5077619617780145,0.0,1,0.7501687879772949
2025-05-06 00:30:00+00:00,1.507497709333452,1.5077619617780145,-0.0002642524445623271,1,0.7503002866421553
2025-05-06 00:35:00+00:00,1.507082455491997,1.5077619617780145,-0.0006795062860174842,1,0.75050702057044
2025-05-06 00:40:00+00:00,1.506233072634475,1.5077619617780145,-0.0015288891435394022,1,0.7509302404620386
2025-05-06 00:45:00+00:00,1.5066294513013185,1.5077619617780145,-0.0011325104766958488,1,0.7507326784620726
2025-05-06 00:50:00+00:00,1.5066860768251535,1.5077619617780145,-0.0010758849528610375,1,0.7507044638048644
2025-05-06 00:55:00+00:00,1.506139127115398,1.506139127115398,0.0,0,0.0
2025-05-06 10:10:00+00:00,1.5058002458117972,1.5058002458117972,0.0,1,0.7501687879772948
2025-05-06 10:15:00+00:00,1.5050808731769256,1.5058002458117972,-0.0007193726348715635,1,0.7505273407349726
2025-05-06 10:20:00+00:00,1.5063113789997322,1.5058002458117972,0.000511133187935088,1,0.7499142349217753
2025-05-06 10:25:00+00:00,1.5066332035995431,1.5058002458117972,0.0008329577877459021,1,0.749754049384931
2025-05-06 10:30:00+00:00,1.5062735172821073,1.5058002458117972,0.0004732714703101831,1,0.7499330847791749
2025-05-06 10:35:00+00:00,1.5068793047641045,1.5058002458117972,0.001079058952307408,1,0.7496316007295509
2025-05-06 10:40:00+00:00,1.505082747331948,1.505082747331948,0.0,0,0.0
2025-05-06 19:00:00+00:00,1.5047441037137983,1.5047441037137983,0.0,1,0.7501687879772948
2025-05-06 19:05:00+00:00,1.5037598066525932,1.5047441037137983,-0.000984297061205106,1,0.7506598164847381
2025-05-06 19:10:00+00:00,1.5024537201675325,1.5047441037137983,-0.0022903835462656937,1,0.7513123667949596
2025-05-06 19:15:00+00:00,1.5026240792742798,1.5047441037137983,-0.0021200244395186223,1,0.7512271872044948
2025-05-06 19:20:00+00:00,1.5023590762193397,1.5047441037137983,-0.0023850274944584972,1,0.75135969713685
2025-05-06 19:25:00+00:00,1.5031982525599825,1.5047441037137983,-0.0015458511538157483,1,0.750940242630383
2025-05-06 19:30:00+00:00,1.5036356893170137,1.5036356893170137,0.0,0,0.0
2025-05-06 22:05:00+00:00,1.5022828738574634,1.5022828738574634,0.0,4,3.0016882596741112
2025-05-06 22:10:00+00:00,1.505246453074931,1.5022828738574634,0.0029635792174676234,4,2.9957784361196267
2025-05-06 22:15:00+00:00,1.5004668079035832,1.5022828738574634,-0.001816065953880207,4,3.005321304952982
2025-05-06 22:20:00+00:00,1.514453625680027,1.5022828738574634,0.012170751822563643,4,2.9775654986745512
2025-05-06 22:25:00+00:00,1.5157617967979833,1.5022828738574634,0.013478922940519958,4,2.974995724719687
2025-05-06 22:30:00+00:00,1.5220617535044778,1.5022828738574634,0.019778879647014358,4,2.962681937697192
2025-05-06 22:35:00+00:00,1.5197975823910383,1.5197975823910383,0.0,0,0.0
2025-05-08 01:00:00+00:00,1.5187719498248708,1.5187719498248708,0.0,3,2.251012879815685
2025-05-08 01:05:00+00:00,1.526281904605087,1.5187719498248708,0.007509954780216102,3,2.2399369410352445
2025-05-08 01:10:00+00:00,1.5258250722641928,1.5187719498248708,0.007053122439321913,3,2.2406075786167268
2025-05-08 01:15:00+00:00,1.5189836624575785,1.5187719498248708,0.00021171263270761508,3,2.2506991385458983
2025-05-08 01:20:00+00:00,1.516145086992499,1.5187719498248708,-0.002626862832371746,3,2.254912969668502
2025-05-08 01:25:00+00:00,1.520888861002414,1.5187719498248708,0.0021169111775431243,3,2.247879715750735
2025-05-08 01:30:00+00:00,1.5211192822598834,1.5211192822598834,0.0,0,0.0
2025-05-08 02:30:00+00:00,1.5207770304213748,1.5207770304213748,0.0,1,0.7501687879772949
2025-05-08 02:35:00+00:00,1.5223597240213083,1.5207770304213748,0.0015826935999335042,1,0.7493888886401886
2025-05-08 02:40:00+00:00,1.5220394169832263,1.5207770304213748,0.0012623865618515968,1,0.7495465945002429
2025-05-08 02:45:00+00:00,1.5246018732878805,1.5207770304213748,0.0038248428665058416,1,0.7482868030554329
2025-05-08 02:50:00+00:00,1.5252613289545198,1.5207770304213748,0.004484298533144929,1,0.7479632768745886
2025-05-08 02:55:00+00:00,1.5246018732878805,1.5207770304213748,0.0038248428665058416,1,0.7482868030554329
2025-05-08 03:00:00+00:00,1.523430591468455,1.523430591468455,0.0,0,0.0
2025-05-08 07:35:00+00:00,1.5230878195853745,1.5230878195853745,0.0,1,0.7501687879772949
2025-05-08 07:40:00+00:00,1.5165492968679564,1.5230878195853745,-0.006538522717418215,1,0.7534031013439738
2025-05-08 07:45:00+00:00,1.5192672941382268,1.5230878195853745,-0.0038205254471478244,1,0.7520552492703019
2025-05-08 07:50:00+00:00,1.5167615482816867,1.5230878195853745,-0.006326271303687724,1,0.7532976721988651
2025-05-08 07:55:00+00:00,1.5164844422693167,1.5230878195853745,-0.006603377316057975,1,0.7534353216915024
2025-05-08 08:00:00+00:00,1.5171211965105078,1.5230878195853745,-0.005966623074866755,1,0.7531190957118946
2025-05-08 08:05:00+00:00,1.5174859293398621,1.5174859293398621,0.0,0,0.0
2025-05-09 13:50:00+00:00,1.5171444950057607,1.5171444950057607,0.0,1,0.7501687879772948
2025-05-09 13:55:00+00:00,1.5170061591366444,1.5171444950057607,-0.00013833586911631468,1,0.7502371959073773
2025-05-09 14:00:00+00:00,1.5163254588282946,1.5171444950057607,-0.0008190361774660714,1,0.750573988175565
2025-05-09 14:05:00+00:00,1.5137124479672102,1.5171444950057607,-0.0034320470385504707,1,0.7518696490428479
2025-05-09 14:10:00+00:00,1.5144535329803328,1.5171444950057607,-0.0026909620254278077,1,0.7515017279963494
2025-05-09 14:15:00+00:00,1.5154141987380845,1.5171444950057607,-0.001730296267676142,1,0.7510253288854143
2025-05-09 14:20:00+00:00,1.5127177609178375,1.5127177609178375,0.0,0,0.0
2025-05-09 16:15:00+00:00,1.512377399421631,1.512377399421631,0.0,1,0.7501687879772949
2025-05-09 16:20:00+00:00,1.5148671519505188,1.512377399421631,0.0024897525288878094,1,0.7489358517197793
2025-05-09 16:25:00+00:00,1.5165680719950063,1.512377399421631,0.004190672573375275,1,0.748095876234505
2025-05-09 16:30:00+00:00,1.512880280130436,1.512377399421631,0.000502880708804902,1,0.74991943221744
2025-05-09 16:35:00+00:00,1.5141867839327234,1.512377399421631,0.001809384511092572,1,0.7492723703093598
2025-05-09 16:40:00+00:00,1.5153355212381312,1.512377399421631,0.002958121816500223,1,0.7487043659884538
2025-05-09 16:45:00+00:00,1.5180863970401675,1.5180863970401675,0.0,0,0.0
2025-05-10 07:55:00+00:00,1.5177448276008334,1.5177448276008334,0.0,1,0.7501687879772949
2025-05-10 08:00:00+00:00,1.519622455105293,1.5177448276008334,0.0018776275044596552,1,0.7492418883091825
2025-05-10 08:05:00+00:00,1.5262060350892839,1.5177448276008334,0.00846120748845058,1,0.7460098909342335
2025-05-10 08:10:00+00:00,1.524822770269543,1.5177448276008334,0.007077942668709528,1,0.746686644493682
2025-05-10 08:15:00+00:00,1.5219896918071179,1.5177448276008334,0.004244864206284505,1,0.7480765499983533
2025-05-10 08:20:00+00:00,1.5244900261548284,1.5177448276008334,0.006745198553994938,1,0.7468496206904617
2025-05-10 08:25:00+00:00,1.5263730887967275,1.5263730887967275,0.0,0,0.0
2025-05-10 23:15:00+00:00,1.5260296548517482,1.5260296548517482,0.0,1,0.7501687879772948
2025-05-10 23:20:00+00:00,1.5291920300357196,1.5260296548517482,0.003162375183971303,1,0.7486174359480576
2025-05-10 23:25:00+00:00,1.5309345633003564,1.5260296548517482,0.004904908448608089,1,0.7477653480692561
2025-05-10 23:30:00+00:00,1.5281594177307494,1.5260296548517482,0.0021297628790011387,1,0.7491232938887319
2025-05-10 23:35:00+00:00,1.5176396798738658,1.5260296548517482,-0.008389974977882426,1,0.754315949812732
2025-05-10 23:40:00+00:00,1.5240289685108686,1.5260296548517482,-0.0020006863408796455,1,0.7511535805753824
2025-05-10 23:45:00+00:00,1.5234273814896466,1.5234273814896466,0.0,0,0.0
2025-05-12 07:05:00+00:00,1.522399299360322,1.522399299360322,0.0,3,2.251012879815685
2025-05-12 07:10:00+00:00,1.5111625631144114,1.522399299360322,-0.01123673624591049,3,2.267751011525689
2025-05-12 07:15:00+00:00,1.5273263871390006,1.522399299360322,0.004927087778678702,3,2.2437512112272415
2025-05-12 07:20:00+00:00,1.5197128242816598,1.522399299360322,-0.002686475078662078,3,2.2549921118829217
2025-05-12 07:25:00+00:00,1.5324475328515268,1.522399299360322,0.010048233491204874,3,2.236253025058368
2025-05-12 07:30:00+00:00,1.5387312460249953,1.522399299360322,0.01633194666467352,3,2.2271208438349936
2025-05-12 07:35:00+00:00,1.5382295745470012,1.5382295745470012,0.0,0,0.0
2025-05-12 18:55:00+00:00,1.537883472892728,1.537883472892728,0.0,1,0.7501687879772949
2025-05-12 19:00:00+00:00,1.539934756126013,1.537883472892728,0.002051283233285184,1,0.7491695192415319
2025-05-12 19:05:00+00:00,1.5438393618146629,1.537883472892728,0.005955888921934827,1,0.7472747550329324
2025-05-12 19:10:00+00:00,1.5434229615576565,1.537883472892728,0.005539488664928398,1,0.7474763623744067
2025-05-12 19:15:00+00:00,1.5425446528188345,1.537883472892728,0.004661179926106436,1,0.747901967571596
2025-05-12 19:20:00+00:00,1.5434206861464161,1.537883472892728,0.005537213253688187,1,0.7474774643527151
2025-05-12 19:25:00+00:00,1.5423009446703826,1.5423009446703826,0.0,0,0.0
2025-05-17 20:55:00+00:00,1.5419539269578317,1.5419539269578317,0.0,1,0.7501687879772949
2025-05-17 21:00:00+00:00,1.539541065655156,1.5419539269578317,-0.002412861302675738,1,0.7513444975958072
2025-05-17 21:05:00+00:00,1.5380933488735504,1.5419539269578317,-0.0038605780842812833,1,0.7520516939689877
2025-05-17 21:10:00+00:00,1.5385069822397235,1.5419539269578317,-0.003446944718108252,1,0.7518495020535115
2025-05-17 21:15:00+00:00,1.5392653100777074,1.5419539269578317,-0.0026886168801243827,1,0.7514790991063077
2025-05-17 21:20:00+00:00,1.53712820435248,1.5419539269578317,-0.004825722605351604,1,0.7525238982847635
2025-05-17 21:25:00+00:00,1.5376084533722754,1.5376084533722754,0.0,0,0.0
2025-05-18 22:25:00+00:00,1.5372624914702666,1.5372624914702666,0.0,1,0.7501687879772949
2025-05-18 22:30:00+00:00,1.5411591624769425,1.5372624914702666,0.0038966710066759983,1,0.7482720591790011
2025-05-18 22:35:00+00:00,1.5424551141465837,1.5372624914702666,0.0051926226763171456,1,0.7476433702689997
2025-05-18 22:40:00+00:00,1.5406808945988608,1.5372624914702666,0.0034184031285941826,1,0.7485043425098492
2025-05-18 22:45:00+00:00,1.5431956579578074,1.5372624914702666,0.005933166487540841,1,0.7472845935526449
2025-05-18 22:50:00+00:00,1.5452630094308062,1.5372624914702666,0.00800051796053963,1,0.7462848285315438
2025-05-18 22:55:00+00:00,1.5469623590074149,1.5469623590074149,0.0,0,0.0
2025-05-19 07:10:00+00:00,1.5466142924766382,1.5466142924766382,0.0,1,0.7501687879772949
2025-05-19 07:15:00+00:00,1.5491028914236886,1.5466142924766382,0.002488598947050545,1,0.7489636586949174
2025-05-19 07:20:00+00:00,1.5563742664721016,1.5466142924766382,0.009759973995463522,1,0.7454645031400347
2025-05-19 07:25:00+00:00,1.5561263786863606,1.5466142924766382,0.009512086209722487,1,0.7455832541281054
2025-05-19 07:30:00+00:00,1.5515914903707393,1.5466142924766382,0.00497719789410109,1,0.7477623952283576
2025-05-19 07:35:00+00:00,1.5549161030265646,1.5466142924766382,0.008301810549926292,1,0.7461635820718873
2025-05-19 07:40:00+00:00,1.5556665196247592,1.5556665196247592,0.0,0,0.0
2025-05-20 20:50:00+00:00,1.5553164946578437,1.5553164946578437,0.0,1,0.7501687879772948
2025-05-20 20:55:00+00:00,1.5519665422678461,1.5553164946578437,-0.003349952389997514,1,0.7517880430680095
2025-05-20 21:00:00+00:00,1.5516977189279082,1.5553164946578437,-0.0036187757299355637,1,0.7519182863300815
2025-05-20 21:05:00+00:00,1.5545916511582536,1.5553164946578437,-0.0007248434995900524,1,0.7505185614815817
2025-05-20 21:10:00+00:00,1.5529776227650223,1.5553164946578437,-0.002338871892821446,1,0.7512985844839232
2025-05-20 21:15:00+00:00,1.5470558908111638,1.5553164946578437,-0.008260603846679947,1,0.7541743621859779
2025-05-20 21:20:00+00:00,1.5481174604673238,1.5481174604673238,0.0,0,0.0
2025-05-21 04:40:00+00:00,1.5477691340387187,1.5477691340387187,0.0,1,0.7501687879772948
2025-05-21 04:45:00+00:00,1.5476729968185163,1.5477691340387187,-9.613722020238488e-05,1,0.7502153864138553
2025-05-21 04:50:00+00:00,1.5459662911115515,1.5477691340387187,-0.0018028429271673113,1,0.7510436042662153
2025-05-21 04:55:00+00:00,1.544766196149249,1.5477691340387187,-0.003002937889469803,1,0.7516270735628612
2025-05-21 05:00:00+00:00,1.5451604667714274,1.5477691340387187,-0.0026086672672913226,1,0.7514352847614307
2025-05-21 05:05:00+00:00,1.5471458623976309,1.5477691340387187,-0.000623271641087796,1,0.7504709953792853
2025-05-21 05:10:00+00:00,1.5464507938602057,1.5464507938602057,0.0,0,0.0
2025-05-21 23:25:00+00:00,1.546102842431587,1.546102842431587,0.0,1,0.7501687879772949
2025-05-21 23:30:00+00:00,1.542446773240463,1.546102842431587,-0.0036560691911239605,1,0.7519469167538909
2025-05-21 23:35:00+00:00,1.5429120911375152,1.546102842431587,-0.0031907512940718575,1,0.7517201414502243
2025-05-21 23:40:00+00:00,1.5422473512845836,1.546102842431587,-0.0038554911470034515,1,0.7520441480603552
2025-05-21 23:45:00+00:00,1.541183767519893,1.546102842431587,-0.004919074911694157,1,0.7525631399956874
2025-05-21 23:50:00+00:00,1.5409843455640133,1.546102842431587,-0.005118496867573648,1,0.752660530740592
2025-05-21 23:55:00+00:00,1.5422317697824306,1.5422317697824306,0.0,0,0.0
2025-05-22 08:20:00+00:00,1.5418847676342295,1.5418847676342295,0.0,1,0.7501687879772948
2025-05-22 08:25:00+00:00,1.5347197188152533,1.5418847676342295,-0.007165048818976379,1,0.7536710535196174
2025-05-22 08:30:00+00:00,1.5359419664438065,1.5418847676342295,-0.005942801190422904,1,0.7530713090774452
2025-05-22 08:35:00+00:00,1.532132699983085,1.5418847676342295,-0.009752067651144421,1,0.7549436333743107
2025-05-22 08:40:00+00:00,1.5338084317141054,1.5418847676342295,-0.008076335920124163,1,0.7541188348040203
2025-05-22 08:45:00+00:00,1.5339423174967386,1.5418847676342295,-0.007942450137490864,1,0.7540530136911633
2025-05-22 08:50:00+00:00,1.5318116112121678,1.5318116112121678,0.0,0,0.0
2025-05-23 13:35:00+00:00,1.531466953599645,1.531466953599645,0.0,1,0.7501687879772948
2025-05-23 13:40:00+00:00,1.5289466054276324,1.531466953599645,-0.0025203481720126675,1,0.7514053821963262
2025-05-23 13:45:00+00:00,1.527430195944138,1.531466953599645,-0.004036757655506977,1,0.7521513660393436
2025-05-23 13:50:00+00:00,1.5289749593445674,1.531466953599645,-0.002491994255077619,1,0.7513914478374533
2025-05-23 13:55:00+00:00,1.5297541669877481,1.531466953599645,-0.0017127866118969797,1,0.7510087131655625
2025-05-23 14:00:00+00:00,1.5336029486754257,1.531466953599645,0.0021359950757806707,1,0.7491239563678435
2025-05-23 14:05:00+00:00,1.5369033446066762,1.5369033446066762,0.0,0,0.0
2025-05-24 00:10:00+00:00,1.5365575413541397,1.5365575413541397,0.0,1,0.7501687879772949
2025-05-24 00:15:00+00:00,1.537012163714199,1.5365575413541397,0.00045462236005923147,1,0.7499469006605356
2025-05-24 00:20:00+00:00,1.538533400072859,1.5365575413541397,0.001975858718719302,1,0.7492053850767366
2025-05-24 00:25:00+00:00,1.5372744458450023,1.5365575413541397,0.0007169044908625948,1,0.7498189484450895
2025-05-24 00:30:00+00:00,1.5359980061417589,1.5365575413541397,-0.0005595352123807304,1,0.7504420603711548
2025-05-24 00:35:00+00:00,1.5384984291220853,1.5365575413541397,0.0019408877679455545,1,0.7492224149443951
2025-05-24 00:40:00+00:00,1.539149297966602,1.539149297966602,0.0,0,0.0
2025-05-27 13:10:00+00:00,1.5388029893745594,1.5388029893745594,0.0,1,0.7501687879772949
2025-05-27 13:15:00+00:00,1.5411083271273567,1.5388029893745594,0.0023053377527972826,1,0.7490466135023066
2025-05-27 13:20:00+00:00,1.5439242148963488,1.5388029893745594,0.005121225521789415,1,0.747680464065038
2025-05-27 13:25:00+00:00,1.5415643625627666,1.5388029893745594,0.002761373188207286,1,0.7488250257393649
2025-05-27 13:30:00+00:00,1.5417855659578736,1.5388029893745594,0.002982576583314342,1,0.7487175901518929
2025-05-27 13:35:00+00:00,1.5384067103065477,1.5388029893745594,-0.00039627906801155985,1,0.7503620243862104
2025-05-27 13:40:00+00:00,1.539042712525952,1.539042712525952,0.0,0,0.0
2025-05-29 02:30:00+00:00,1.5386964279156337,1.5386964279156337,0.0,1,0.7501687879772949
2025-05-29 02:35:00+00:00,1.5485890366729507,1.5386964279156337,0.009892608757317088,1,0.7453766022226069
2025-05-29 02:40:00+00:00,1.5470628926105172,1.5386964279156337,0.008366464694883469,1,0.7461119001094558
2025-05-29 02:45:00+00:00,1.5499049680546084,1.5386964279156337,0.011208540138974743,1,0.744743747639755
2025-05-29 02:50:00+00:00,1.5479541943770074,1.5386964279156337,0.009257766461373721,1,0.74568229382202
2025-05-29 02:55:00+00:00,1.5493836406062838,1.5386964279156337,0.010687212690650037,1,0.7449943346134634
2025-05-29 03:00:00+00:00,1.548734649735648,1.548734649735648,0.0,0,0.0
2025-05-29 20:55:00+00:00,1.5483861844394575,1.5483861844394575,0.0,1,0.7501687879772949
2025-05-29 21:00:00+00:00,1.5446749950015402,1.5483861844394575,-0.0037111894379173835,1,0.7519711208250496
2025-05-29 21:05:00+00:00,1.5458721528847394,1.5483861844394575,-0.0025140315547181485,1,0.7513887776128026
2025-05-29 21:10:00+00:00,1.5468127769358244,1.5483861844394575,-0.0015734075036331733,1,0.7509318545989276
2025-05-29 21:15:00+00:00,1.5439567002716208,1.5483861844394575,-0.004429484167836744,1,0.7523209602299015
2025-05-29 21:20:00+00:00,1.5432555077971752,1.5483861844394575,-0.005130676642282233,1,0.7526627842460905
2025-05-29 21:25:00+00:00,1.541983520705374,1.541983520705374,0.0,0,0.0
2025-05-31 00:25:00+00:00,1.5416365744132152,1.5416365744132152,0.0,1,0.7501687879772949
2025-05-31 00:30:00+00:00,1.539899707314816,1.5416365744132152,-0.0017368670983993165,1,0.7510149102798673
2025-05-31 00:35:00+00:00,1.5418492520171008,1.5416365744132152,0.0002126776038856463,1,0.7500653121672389
2025-05-31 00:40:00+00:00,1.545145754877328,1.5416365744132152,0.0035091804641126504,1,0.7484650796719473
2025-05-31 00:45:00+00:00,1.5439051355213285,1.5416365744132152,0.0022685611081133036,1,0.7490665157600638
2025-05-31 00:50:00+00:00,1.5423100534921865,1.5416365744132152,0.0006734790789712133,1,0.7498412124789339
2025-05-31 00:55:00+00:00,1.5394818684880287,1.5394818684880287,0.0,0,0.0
2025-06-01 16:10:00+00:00,1.5391354850676189,1.5391354850676189,0.0,1,0.7501687879772949
2025-06-01 16:15:00+00:00,1.5380198718160965,1.5391354850676189,-0.0011156132515224538,1,0.7507129280473174
2025-06-01 16:20:00+00:00,1.5375312419962859,1.5391354850676189,-0.0016042430713329888,1,0.7509515057833281
2025-06-01 16:25:00+00:00,1.5390783867515958,1.5391354850676189,-5.7098316022984434e-05,1,0.7501966185120457
2025-06-01 16:30:00+00:00,1.5385831686645521,1.5391354850676189,-0.0005523164030668028,1,0.7504380815293804
2025-06-01 16:35:00+00:00,1.5380165776824797,1.5391354850676189,-0.0011189073851392876,1,0.7507145359290065
2025-06-01 16:40:00+00:00,1.538744081821114,1.538744081821114,0.0,0,0.0
2025-06-02 04:15:00+00:00,1.5383978644027043,1.5383978644027043,0.0,1,0.7501687879772949
2025-06-02 04:20:00+00:00,1.538345251771687,1.5383978644027043,-5.261263101733451e-05,1,0.7501944443464339
2025-06-02 04:25:00+00:00,1.5382926391406697,1.5383978644027043,-0.00010522526203466902,1,0.7502201024705691
2025-06-02 04:30:00+00:00,1.5379068131798757,1.5383978644027043,-0.000491051222828669,1,0.7504083156895771
2025-06-02 04:35:00+00:00,1.5385907773831013,1.5383978644027043,0.00019291298039693592,1,0.7500747296358458
2025-06-02 04:40:00+00:00,1.538380326859032,1.5383978644027043,-1.7537543672402127e-05,1,0.7501773399053527
2025-06-02 04:45:00+00:00,1.5377710462855354,1.5377710462855354,0.0,0,0.0
2025-06-05 20:50:00+00:00,1.5370791271643662,1.5370791271643662,0.0,2,1.5005064019177263
2025-06-05 20:55:00+00:00,1.51720994499631,1.5370791271643662,-0.01986918216805631,2,1.5201568366794826
2025-06-05 21:00:00+00:00,1.5078738094830793,1.5370791271643662,-0.029205317681286924,2,1.5295690236538484
2025-06-05 21:05:00+00:00,1.5231064865178008,1.5370791271643662,-0.013972640646565473,2,1.5142717144073348
2025-06-05 21:10:00+00:00,1.5271364826009677,1.5370791271643662,-0.009942644563398603,2,1.5102756674610145
2025-06-05 21:15:00+00:00,1.5197454383383489,1.5370791271643662,-0.017333688826017334,2,1.5176206569739723
2025-06-05 21:20:00+00:00,1.5252110954497926,1.5252110954497926,0.0,0,0.0
2025-06-09 21:05:00+00:00,1.5248679229533164,1.5248679229533164,0.0,1,0.7501687879772949
2025-06-09 21:10:00+00:00,1.5312215309443655,1.5248679229533164,0.0063536079910490205,1,0.7470560584932805
2025-06-09 21:15:00+00:00,1.5297340495155216,1.5248679229533164,0.004866126562205287,1,0.7477824801962334
2025-06-09 21:20:00+00:00,1.5322000216777933,1.5248679229533164,0.007332098724476996,1,0.7465789749400599
2025-06-09 21:25:00+00:00,1.5303088579732755,1.5248679229533164,0.005440935019959178,1,0.7475016011488845
2025-06-09 21:30:00+00:00,1.5387642465083247,1.5248679229533164,0.013896323555008347,1,0.7433941386297709
2025-06-09 21:35:00+00:00,1.5352486578671467,1.5352486578671467,0.0,0,0.0
2025-06-09 23:45:00+00:00,1.5349032269191265,1.5349032269191265,0.0,1,0.7501687879772949
2025-06-09 23:50:00+00:00,1.5327646004455002,1.5349032269191265,-0.0021386264736263463,1,0.7512154789233085
2025-06-09 23:55:00+00:00,1.5315527121104455,1.5349032269191265,-0.0033505148086810754,1,0.7518099013475718
2025-06-10 00:00:00+00:00,1.5318378623069289,1.5349032269191265,-0.0030653646121975796,1,0.7516699526321349
2025-06-10 00:05:00+00:00,1.530625973971874,1.5349032269191265,-0.004277252947252564,1,0.7522650947915498
2025-06-10 00:10:00+00:00,1.5297705233824235,1.5349032269191265,-0.005132703536702924,1,0.7526857628649152
2025-06-10 00:15:00+00:00,1.527928053902865,1.527928053902865,0.0,0,0.0
2025-06-11 02:10:00+00:00,1.527584270090737,1.527584270090737,0.0,1,0.7501687879772948
2025-06-11 02:15:00+00:00,1.524126376184801,1.527584270090737,-0.003457893905935923,1,0.7518707492587886
2025-06-11 02:20:00+00:00,1.5183862723009476,1.527584270090737,-0.009197997789789301,1,0.7547131196665743
2025-06-11 02:25:00+00:00,1.5174180620072855,1.527584270090737,-0.010166208083451487,1,0.7551946751650348
2025-06-11 02:30:00+00:00,1.5196311141070846,1.527584270090737,-0.00795315598365237,1,0.7540948785458973
2025-06-11 02:35:00+00:00,1.5187320616915412,1.527584270090737,-0.008852208399195836,1,0.754541284359804
2025-06-11 02:40:00+00:00,1.5156219627546643,1.5156219627546643,0.0,0,0.0
2025-06-11 12:35:00+00:00,1.5145991480976264,1.5145991480976264,0.0,3,2.251012879815685
2025-06-11 12:40:00+00:00,1.5026226678127916,1.5145991480976264,-0.011976480284834697,3,2.268954317778459
2025-06-11 12:45:00+00:00,1.522768636822323,1.5145991480976264,0.008169488724696682,3,2.2389364396420968
2025-06-11 12:50:00+00:00,1.5166284643990031,1.5145991480976264,0.0020293163013766387,3,2.2480009245221853
2025-06-11 12:55:00+00:00,1.5125162392166374,1.5145991480976264,-0.002082908880988972,3,2.2541127835370607
2025-06-11 13:00:00+00:00,1.5196432016909758,1.5145991480976264,0.005044053593349368,3,2.2435412380563062
2025-06-11 13:05:00+00:00,1.5150136388774156,1.5150136388774156,0.0,0,0.0
2025-06-13 02:50:00+00:00,1.514672760808668,1.514672760808668,0.0,1,0.7501687879772949
2025-06-13 02:55:00+00:00,1.5124979385406054,1.514672760808668,-0.002174822268062565,1,0.7512474564126865
2025-06-13 03:00:00+00:00,1.5140183410032078,1.514672760808668,-0.0006544198054602693,1,0.7504930411907436
2025-06-13 03:05:00+00:00,1.514056707323461,1.514672760808668,-0.0006160534852071695,1,0.7504740236359672
2025-06-13 03:10:00+00:00,1.5171742448891712,1.514672760808668,0.0025014840805031176,1,0.7489319259048356
2025-06-13 03:15:00+00:00,1.517714661914451,1.514672760808668,0.0030419011057828734,1,0.7486652515597225
2025-06-13 03:20:00+00:00,1.5201493130708719,1.5201493130708719,0.0,0,0.0
2025-06-13 15:10:00+00:00,1.519807279475431,1.519807279475431,0.0,1,0.7501687879772948
2025-06-13 15:15:00+00:00,1.521271018536976,1.519807279475431,0.0014637390615451376,1,0.7494469893337038
2025-06-13 15:20:00+00:00,1.5209548855443937,1.519807279475431,0.0011476060689628415,1,0.7496027631319746
2025-06-13 15:25:00+00:00,1.521431250327737,1.519807279475431,0.0016239708523060655,1,0.7493680602114345
2025-06-13 15:30:00+00:00,1.522886328211403,1.519807279475431,0.0030790487359720832,1,0.7486520587141856
2025-06-13 15:35:00+00:00,1.5226459805252617,1.519807279475431,0.002838701049830818,1,0.7487702324672039
2025-06-13 15:40:00+00:00,1.5217593753706808,1.5217593753706808,0.0,0,0.0
2025-06-16 01:40:00+00:00,1.5214169795112225,1.5214169795112225,0.0,1,0.7501687879772949
2025-06-16 01:45:00+00:00,1.5192715029821298,1.5214169795112225,-0.0021454765290927747,1,0.7512281572370382
2025-06-16 01:50:00+00:00,1.5190495571342926,1.5214169795112225,-0.0023674223769299934,1,0.7513379179551755
2025-06-16 01:55:00+00:00,1.5333280733451506,1.5214169795112225,0.011911093833928112,1,0.7443413783183899
2025-06-16 02:00:00+00:00,1.537766990301894,1.5214169795112225,0.016350010790671467,1,0.7421927630947177
2025-06-16 02:05:00+00:00,1.5368792069105452,1.5214169795112225,0.015462227399322848,1,0.7426214932156615
2025-06-16 02:10:00+00:00,1.5409757280078302,1.5409757280078302,0.0,0,0.0
2025-06-17 00:20:00+00:00,1.5406290084690284,1.5406290084690284,0.0,1,0.7501687879772949
2025-06-17 00:25:00+00:00,1.5418619534440978,1.5406290084690284,0.0012329449750694747,1,0.7495689179075234
2025-06-17 00:30:00+00:00,1.5441737252723537,1.5406290084690284,0.0035447168033252534,1,0.7484467434530595
2025-06-17 00:35:00+00:00,1.540783126590912,1.5406290084690284,0.00015411812188368434,1,0.7500937517163809
2025-06-17 00:40:00+00:00,1.5412454809565634,1.5406290084690284,0.000616472487534994,1,0.7498687329733973
2025-06-17 00:45:00+00:00,1.53985841785961,1.5406290084690284,-0.0007705906094184217,1,0.7505441945840254
2025-06-17 00:50:00+00:00,1.5478340769025283,1.5478340769025283,0.0,0,0.0
2025-06-17 02:55:00+00:00,1.5471376299270223,1.5471376299270223,0.0,2,1.500506401917726
2025-06-17 03:00:00+00:00,1.556342654138467,1.5471376299270223,0.009205024211444715,2,1.4916316224966568
2025-06-17 03:05:00+00:00,1.5496085359940825,1.5471376299270223,0.0024709060670603253,2,1.4981137909543496
2025-06-17 03:10:00+00:00,1.559030485417458,1.5471376299270223,0.011892855490435679,2,1.4890599895688987
2025-06-17 03:15:00+00:00,1.5608767543539073,1.5471376299270223,0.01373912442688496,2,1.4872986684424343
2025-06-17 03:20:00+00:00,1.5580694896470835,1.5471376299270223,0.01093185972006124,2,1.4899784212314902
2025-06-17 03:25:00+00:00,1.55566883866245,1.55566883866245,0.0,0,0.0
2025-06-18 17:40:00+00:00,1.555318813173751,1.555318813173751,0.0,1,0.7501687879772948
2025-06-18 17:45:00+00:00,1.556047816519006,1.555318813173751,0.0007290033452548658,1,0.7498173363379971
2025-06-18 17:50:00+00:00,1.5554463887591703,1.555318813173751,0.00012757558541940072,1,0.7501072601593121
2025-06-18 17:55:00+00:00,1.5567950449478922,1.555318813173751,0.0014762317741411485,1,0.7494574400035362
2025-06-18 18:00:00+00:00,1.5567585947806293,1.555318813173751,0.0014397816068783145,1,0.7494749879066833
2025-06-18 18:05:00+00:00,1.555081887086543,1.555318813173751,-0.00023692608720803215,1,0.7502830807082158
2025-06-18 18:10:00+00:00,1.5542580094234282,1.5542580094234282,0.0,0,0.0
2025-06-20 17:45:00+00:00,1.5535586720034995,1.5535586720034995,0.0,2,1.5005064019177263
2025-06-20 17:50:00+00:00,1.5572093616076221,1.5535586720034995,0.0036506896041227054,2,1.496988645566233
2025-06-20 17:55:00+00:00,1.5523023709553185,1.5535586720034995,-0.001256301048181037,2,1.5017207837294164
2025-06-20 18:00:00+00:00,1.559937768411297,1.5535586720034995,0.006379096407797432,2,1.4943703398310324
2025-06-20 18:05:00+00:00,1.5557358126854108,1.5535586720034995,0.00217714068191125,2,1.498406550834756
2025-06-20 18:10:00+00:00,1.5606683420329504,1.5535586720034995,0.007109670029450885,2,1.4936708013564841
2025-06-20 18:15:00+00:00,1.563177809025464,1.563177809025464,0.0,0,0.0
2025-06-21 23:50:00+00:00,1.5628260940184333,1.5628260940184333,0.0,1,0.7501687879772949
2025-06-21 23:55:00+00:00,1.5597668665907947,1.5628260940184333,-0.0030592274276386726,1,0.751640121277607
2025-06-22 00:00:00+00:00,1.573227467272405,1.5628260940184333,0.01040137325397159,1,0.7452090566418387
2025-06-22 00:05:00+00:00,1.575325223222786,1.5628260940184333,0.012499129204352536,1,0.7442167112455972
2025-06-22 00:10:00+00:00,1.5650986629646793,1.5628260940184333,0.002272568946245916,1,0.7490795209985788
2025-06-22 00:15:00+00:00,1.570080833346834,1.5628260940184333,0.007254739328400563,1,0.7467025466899107
2025-06-22 00:20:00+00:00,1.5767216381744058,1.5767216381744058,0.0,0,0.0
2025-06-22 02:05:00+00:00,1.5763668758058165,1.5763668758058165,0.0,1,0.7501687879772949
2025-06-22 02:10:00+00:00,1.5688329345087328,1.5763668758058165,-0.007533941297083733,1,0.7537712924168738
2025-06-22 02:15:00+00:00,1.5714025260900586,1.5763668758058165,-0.004964349715757851,1,0.7525387092085098
2025-06-22 02:20:00+00:00,1.5679334624332641,1.5763668758058165,-0.008433413372552346,1,0.75420370632031
2025-06-22 02:25:00+00:00,1.5693516837491885,1.5763668758058165,-0.007015192056627907,1,0.7535221332962844
2025-06-22 02:30:00+00:00,1.5688766428704564,1.5763668758058165,-0.007490232935360091,1,0.7537502926088548
2025-06-22 02:35:00+00:00,1.5666688760087981,1.5666688760087981,0.0,0,0.0
2025-06-22 13:50:00+00:00,1.5663163755116962,1.5663163755116962,0.0,1,0.7501687879772949
2025-06-22 13:55:00+00:00,1.5650588129683192,1.5663163755116962,-0.001257562543377007,1,0.7507715667106906
2025-06-22 14:00:00+00:00,1.5653255686593386,1.5663163755116962,-0.000990806852357733,1,0.7506436236219904
2025-06-22 14:05:00+00:00,1.5679169096578127,1.5663163755116962,0.001600534146116428,1,0.749403013494532
2025-06-22 14:10:00+00:00,1.5680312335253923,1.5663163755116962,0.0017148580136961914,1,0.7493483751371787
2025-06-22 14:15:00+00:00,1.563020037329814,1.5663163755116962,-0.003296338181882224,1,0.7517508598379284
2025-06-22 14:20:00+00:00,1.5597522782094286,1.5597522782094286,0.0,0,0.0
2025-06-22 20:40:00+00:00,1.5594013339468316,1.5594013339468316,0.0,1,0.7501687879772949
2025-06-22 20:45:00+00:00,1.5609630093775384,1.5594013339468316,0.00156167543070676,1,0.7494182768133344
2025-06-22 20:50:00+00:00,1.5627869328760338,1.5594013339468316,0.003385598929202111,1,0.7485436332029183
2025-06-22 20:55:00+00:00,1.5662693982086529,1.5594013339468316,0.006868064261821359,1,0.7468793107973581
2025-06-22 21:00:00+00:00,1.564899092989576,1.5594013339468316,0.005497759042744589,1,0.7475333162998158
2025-06-22 21:05:00+00:00,1.5637177953869237,1.5594013339468316,0.004316461440092228,1,0.7480980341261735
2025-06-22 21:10:00+00:00,1.5619433875131303,1.5619433875131303,0.0,0,0.0
2025-06-23 13:40:00+00:00,1.5605381128335105,1.5605381128335105,0.0,4,3.0016882596741117
2025-06-23 13:45:00+00:00,1.586356642531648,1.5605381128335105,0.02581852969813741,4,2.952834694593521
2025-06-23 13:50:00+00:00,1.5875005499158028,1.5605381128335105,0.026962437082292203,4,2.950706966567529
2025-06-23 13:55:00+00:00,1.5797891213173272,1.5605381128335105,0.01925100848381672,4,2.9651102598809658
2025-06-23 14:00:00+00:00,1.6062914155301342,1.5605381128335105,0.045753302696623754,4,2.916188735603976
2025-06-23 14:05:00+00:00,1.6161863219069226,1.5605381128335105,0.055648209073412065,4,2.8983347208009054
2025-06-23 14:10:00+00:00,1.604582106148999,1.604582106148999,0.0,0,0.0
2025-06-23 16:00:00+00:00,1.6042210751751156,1.6042210751751156,0.0,1,0.7501687879772948
2025-06-23 16:05:00+00:00,1.6080108785074942,1.6042210751751156,0.0037898033323785943,1,0.748400769980326
2025-06-23 16:10:00+00:00,1.606270662691606,1.6042210751751156,0.0020495875164904154,1,0.7492115790717156
2025-06-23 16:15:00+00:00,1.6066380415860713,1.6042210751751156,0.002416966410955671,1,0.749040262001837
2025-06-23 16:20:00+00:00,1.6081849000890829,1.6042210751751156,0.003963824913967386,1,0.7483197855825451
2025-06-23 16:25:00+00:00,1.6033703029984594,1.6042210751751156,-0.0008507721766562828,1,0.7505668387154265
2025-06-23 16:30:00+00:00,1.5987167396787185,1.5987167396787185,0.0,0,0.0
2025-06-23 22:05:00+00:00,1.5976378486663296,1.5976378486663296,0.0,3,2.251012879815685
2025-06-23 22:10:00+00:00,1.6293287244246752,1.5976378486663296,0.031690875758345644,3,2.2072300823756756
2025-06-23 22:15:00+00:00,1.649350312301006,1.5976378486663296,0.051712463634676374,3,2.180436349881144
2025-06-23 22:20:00+00:00,1.641196537805415,1.5976378486663296,0.043558689139085435,3,2.191269169649759
2025-06-23 22:25:00+00:00,1.6754025395215353,1.5976378486663296,0.07776469085520572,3,2.1465309319967782
2025-06-23 22:30:00+00:00,1.6764453107333657,1.5976378486663296,0.0788074620670361,3,2.1451957612954984
2025-06-23 22:35:00+00:00,1.6509586416923723,1.6509586416923723,0.0,0,0.0
2025-06-24 16:45:00+00:00,1.6505871759979915,1.6505871759979915,0.0,1,0.7501687879772949
2025-06-24 16:50:00+00:00,1.648822288521551,1.6505871759979915,-0.0017648874764404276,1,0.7509717632332303
2025-06-24 16:55:00+00:00,1.654407756273695,1.6505871759979915,0.0038205802757034263,1,0.7484363976013879
2025-06-24 17:00:00+00:00,1.6547386726755278,1.6505871759979915,0.004151496677536273,1,0.7482867244936128
2025-06-24 17:05:00+00:00,1.6498551488060589,1.6505871759979915,-0.0007320271919327125,1,0.750501631713144
2025-06-24 17:10:00+00:00,1.6477142199638994,1.6505871759979915,-0.0028729560340919964,1,0.7514767829681096
2025-06-24 17:15:00+00:00,1.6448608812557743,1.6448608812557743,0.0,0,0.0
2025-06-25 03:40:00+00:00,1.644490787557492,1.644490787557492,0.0,1,0.7501687879772948
2025-06-25 03:45:00+00:00,1.6391314900918748,1.644490787557492,-0.005359297465617068,1,0.7526215367094703
2025-06-25 03:50:00+00:00,1.6463722430507404,1.644490787557492,0.0018814554932485234,1,0.7493115036098251
2025-06-25 03:55:00+00:00,1.644813865773504,1.644490787557492,0.0003230782160122565,1,0.7500214380559627
2025-06-25 04:00:00+00:00,1.642704355068953,1.644490787557492,-0.0017864324885389314,1,0.7509845926536477
2025-06-25 04:05:00+00:00,1.6458021050224834,1.644490787557492,0.0013113174649915195,1,0.7495710797653754
2025-06-25 04:10:00+00:00,1.6455840481317359,1.6455840481317359,0.0,0,0.0
2025-06-26 02:55:00+00:00,1.6452137917209062,1.6452137917209062,0.0,1,0.7501687879772948
2025-06-26 03:00:00+00:00,1.6407531980791938,1.6452137917209062,-0.004460593641712443,1,0.7522082160459281
2025-06-26 03:05:00+00:00,1.652176067858579,1.6452137917209062,0.0069622761376727975,1,0.7470075738952323
2025-06-26 03:10:00+00:00,1.6489145054723269,1.6452137917209062,0.003700713751420655,1,0.7484851591776568
2025-06-26 03:15:00+00:00,1.6444243061206032,1.6452137917209062,-0.0007894856003030292,1,0.7505289428677939
2025-06-26 03:20:00+00:00,1.6455690602410424,1.6452137917209062,0.0003552685201362535,1,0.7500068310217368
2025-06-26 03:25:00+00:00,1.6422629042540857,1.6422629042540857,0.0,0,0.0
2025-06-27 01:15:00+00:00,1.6418933951006285,1.6418933951006285,0.0,1,0.7501687879772949
2025-06-27 01:20:00+00:00,1.6404751177928232,1.6418933951006285,-0.0014182773078052844,1,0.7508173484811833
2025-06-27 01:25:00+00:00,1.642353376930187,1.6418933951006285,0.0004599818295585593,1,0.7499586845875991
2025-06-27 01:30:00+00:00,1.6426408655736608,1.6418933951006285,0.0007474704730323171,1,0.749827429722697
2025-06-27 01:35:00+00:00,1.6430625155840897,1.6418933951006285,0.0011691204834611332,1,0.7496350056727514
2025-06-27 01:40:00+00:00,1.6435799951423427,1.6418933951006285,0.0016866000417141707,1,0.7493989838224412
2025-06-27 01:45:00+00:00,1.643651301908879,1.643651301908879,0.0,0,0.0
2025-07-02 15:15:00+00:00,1.6432814803659495,1.6432814803659495,0.0,1,0.750168787977295
2025-07-02 15:20:00+00:00,1.6462659957204673,1.6432814803659495,0.0029845153545178106,1,0.7488088071042049
2025-07-02 15:25:00+00:00,1.6448207577710159,1.6432814803659495,0.0015392774050664616,1,0.749466755333395
2025-07-02 15:30:00+00:00,1.6420342202177929,1.6432814803659495,-0.001247260148156642,1,0.7507386029190999
2025-07-02 15:35:00+00:00,1.6426281536216771,1.6432814803659495,-0.0006533267442723833,1,0.7504671545496828
2025-07-02 15:40:00+00:00,1.642816232532907,1.6432814803659495,-0.00046524783304256886,1,0.7503812368173484
2025-07-02 15:45:00+00:00,1.6435748844573574,1.6435748844573574,0.0,0,0.0
2025-07-02 20:00:00+00:00,1.6432050801083546,1.6432050801083546,0.0,1,0.7501687879772949
2025-07-02 20:05:00+00:00,1.6405395829775606,1.6432050801083546,-0.002665497130794065,1,0.7513876386363784
2025-07-02 20:10:00+00:00,1.6382339042871574,1.6432050801083546,-0.00497117582119714,1,0.7524451545760147
2025-07-02 20:15:00+00:00,1.6390387613248751,1.6432050801083546,-0.004166318783479429,1,0.7520756631445444
2025-07-02 20:20:00+00:00,1.6352559332476024,1.6432050801083546,-0.007949146860752312,1,0.7538154354192895
2025-07-02 20:25:00+00:00,1.6357956609081894,1.6432050801083546,-0.007409419200165281,1,0.7535667154531006
2025-07-02 20:30:00+00:00,1.6405864105069055,1.6405864105069055,0.0,0,0.0
2025-07-02 22:35:00+00:00,1.6402172785645415,1.6402172785645415,0.0,1,0.7501687879772948
2025-07-02 22:40:00+00:00,1.6353854192051143,1.6402172785645415,-0.004831859359427302,1,0.7523852135591617
2025-07-02 22:45:00+00:00,1.632769534293876,1.6402172785645415,-0.007447744270665451,1,0.7535906213563125
2025-07-02 22:50:00+00:00,1.6302571556201328,1.6402172785645415,-0.009960122944408624,1,0.754751974949702
2025-07-02 22:55:00+00:00,1.630680590228067,1.6402172785645415,-0.009536688336474367,1,0.7545559904580024
2025-07-02 23:00:00+00:00,1.6301113059218444,1.6402172785645415,-0.010105972642697013,1,0.7548195042941273
2025-07-02 23:05:00+00:00,1.629111726896556,1.629111726896556,0.0,0,0.0
2025-07-04 14:25:00+00:00,1.6283787090932338,1.6283787090932338,0.0,2,1.5005064019177266
2025-07-04 14:30:00+00:00,1.6301724433413491,1.6283787090932338,0.0017937342481153147,2,1.4988553436302245
2025-07-04 14:35:00+00:00,1.6266080400501581,1.6283787090932338,-0.0017706690430757239,2,1.5021398010952756
2025-07-04 14:40:00+00:00,1.6289295771801482,1.6283787090932338,0.0005508680869143369,2,1.4999989637186744
2025-07-04 14:45:00+00:00,1.6303836124873068,1.6283787090932338,0.0020049033940730855,2,1.498661210175739
2025-07-04 14:50:00+00:00,1.6267872803631902,1.6283787090932338,-0.001591428730043532,2,1.5019742945097396
2025-07-04 14:55:00+00:00,1.6270976253211682,1.6270976253211682,0.0,0,0.0
2025-07-08 13:45:00+00:00,1.6267315283554709,1.6267315283554709,0.0,1,0.7501687879772949
2025-07-08 13:50:00+00:00,1.6265087035102828,1.6267315283554709,-0.00022282484518805745,1,0.7502715579432258
2025-07-08 13:55:00+00:00,1.626159349984159,1.6267315283554709,-0.0005721783713120354,1,0.7504327414178468
2025-07-08 14:00:00+00:00,1.6266553872023413,1.6267315283554709,-7.614115312952416e-05,1,0.7502039021858776
2025-07-08 14:05:00+00:00,1.624789928950666,1.6267315283554709,-0.0019415994048048303,1,0.7510652283393918
2025-07-08 14:10:00+00:00,1.6232469508769514,1.6267315283554709,-0.0034845774785194164,1,0.7517791537089303
2025-07-08 14:15:00+00:00,1.6216838701951433,1.6216838701951433,0.0,0,0.0
2025-07-08 16:25:00+00:00,1.6213189913243493,1.6213189913243493,0.0,1,0.7501687879772949
2025-07-08 16:30:00+00:00,1.6214850667904834,1.6213189913243493,0.00016607546613404937,1,0.7500919543180191
2025-07-08 16:35:00+00:00,1.6196951423221513,1.6213189913243493,-0.0016238490021980934,1,0.7509208806433818
2025-07-08 16:40:00+00:00,1.6197135951517216,1.6213189913243493,-0.0016053961726277034,1,0.7509123256648517
2025-07-08 16:45:00+00:00,1.6201380102318417,1.6213189913243493,-0.0011809810925076552,1,0.7507156149446245
2025-07-08 16:50:00+00:00,1.6193260857307425,1.6213189913243493,-0.001992905593606837,1,0.751092021158606
2025-07-08 16:55:00+00:00,1.619736225701907,1.619736225701907,0.0,0,0.0
2025-07-09 05:40:00+00:00,1.6190074263994876,1.6190074263994876,0.0,2,1.5005064019177263
2025-07-09 05:45:00+00:00,1.621743773197865,1.6190074263994876,0.002736346798377436,2,1.4979746173308577
2025-07-09 05:50:00+00:00,1.6160203473108472,1.6190074263994876,-0.0029870790886402866,2,1.503279963094105
2025-07-09 05:55:00+00:00,1.6150725738965168,1.6190074263994876,-0.003934852502970732,2,1.5041621332246267
2025-07-09 06:00:00+00:00,1.6154648198646373,1.6190074263994876,-0.003542606534850362,2,1.503796912314272
2025-07-09 06:05:00+00:00,1.6114684250876807,1.6190074263994876,-0.007539001311806759,2,1.5075262848743638
2025-07-09 06:10:00+00:00,1.6080883242177433,1.6080883242177433,0.0,0,0.0
2025-07-09 12:15:00+00:00,1.6077265043447944,1.6077265043447944,0.0,1,0.7501687879772949
2025-07-09 12:20:00+00:00,1.6098459128594091,1.6077265043447944,0.002119408514614781,1,0.7491811691599055
2025-07-09 12:25:00+00:00,1.6115014165060184,1.6077265043447944,0.003774912161224094,1,0.7484115315134154
2025-07-09 12:30:00+00:00,1.6123291683293228,1.6077265043447944,0.004602663984528483,1,0.748027305375254
2025-07-09 12:35:00+00:00,1.6114468394627235,1.6077265043447944,0.0037203351179291755,1,0.7484368789760543
2025-07-09 12:40:00+00:00,1.611355877723899,1.6077265043447944,0.0036293733791045793,1,0.7484791285627863
2025-07-09 12:45:00+00:00,1.6112987796760125,1.6112987796760125,0.0,0,0.0
2025-07-09 18:10:00+00:00,1.6105737767971589,1.6105737767971589,0.0,2,1.5005064019177266
2025-07-09 18:15:00+00:00,1.6173908463593156,1.6105737767971589,0.006817069562156727,2,1.4941819834610746
2025-07-09 18:20:00+00:00,1.612101811995057,1.6105737767971589,0.0015280351978980726,2,1.4990841427404575
2025-07-09 18:25:00+00:00,1.619952696089057,1.6105737767971589,0.00937891929189806,2,1.4918190319256652
2025-07-09 18:30:00+00:00,1.6194561293389178,1.6105737767971589,0.008882352541758854,2,1.492276461870854
2025-07-09 18:35:00+00:00,1.6133846768120501,1.6105737767971589,0.0028109000148913567,2,1.4978921627172965
2025-07-09 18:40:00+00:00,1.6134466790899706,1.6134466790899706,0.0,0,0.0
2025-07-09 21:05:00+00:00,1.6130836535871753,1.6130836535871753,0.0,1,0.7501687879772949
2025-07-09 21:10:00+00:00,1.6132384060891165,1.6130836535871753,0.0001547525019412704,1,0.7500968268236431
2025-07-09 21:15:00+00:00,1.6125867018908004,1.6130836535871753,-0.0004969516963748595,1,0.7503999678892437
2025-07-09 21:20:00+00:00,1.613178466739773,1.6130836535871753,9.48131525977714e-05,1,0.7501246974632972
2025-07-09 21:25:00+00:00,1.6146050232541478,1.6130836535871753,0.0015213696669724027,1,0.749461937680968
2025-07-09 21:30:00+00:00,1.6147227223401315,1.6130836535871753,0.0016390687529561766,1,0.7494073084967593
2025-07-09 21:35:00+00:00,1.6118607708728891,1.6118607708728891,0.0,0,0.0
2025-07-10 21:20:00+00:00,1.6104105857083764,1.6104105857083764,0.0,4,3.0016882596741117
2025-07-10 21:25:00+00:00,1.6187680161475873,1.6104105857083764,0.008357430439210889,4,2.9861910416785866
2025-07-10 21:30:00+00:00,1.6120792567431996,1.6104105857083764,0.0016686710348233623,4,2.9985811976400734
2025-07-10 21:35:00+00:00,1.618265599275061,1.6104105857083764,0.007855013566684709,4,2.9871181532507527
2025-07-10 21:40:00+00:00,1.6244238665874484,1.6104105857083764,0.014013280879071957,4,2.9757938477786543
2025-07-10 21:45:00+00:00,1.6519042568594269,1.6104105857083764,0.041493671151050494,4,2.926289782415096
2025-07-10 21:50:00+00:00,1.6667386271037463,1.6667386271037463,0.0,0,0.0
2025-07-11 05:10:00+00:00,1.666363610912648,1.666363610912648,0.0,1,0.7501687879772948
2025-07-11 05:15:00+00:00,1.6647007550678687,1.666363610912648,-0.001662855844779378,1,0.7509181253881547
2025-07-11 05:20:00+00:00,1.666923466900589,1.666363610912648,0.0005598559879409832,1,0.7499168349055102
2025-07-11 05:25:00+00:00,1.6648887664071026,1.666363610912648,-0.0014748445055454075,1,0.7508333262560699
2025-07-11 05:30:00+00:00,1.6669694252279572,1.666363610912648,0.0006058143153092439,1,0.7498961597072277
2025-07-11 05:35:00+00:00,1.6765329353503193,1.666363610912648,0.010169324437671165,1,0.745618498730301
2025-07-11 05:40:00+00:00,1.67159968869024,1.67159968869024,0.0,0,0.0
2025-07-11 16:25:00+00:00,1.6712235787602847,1.6712235787602847,0.0,1,0.7501687879772949
2025-07-11 16:30:00+00:00,1.6721787724701316,1.6712235787602847,0.0009551937098469039,1,0.7497402712903256
2025-07-11 16:35:00+00:00,1.6727210828966628,1.6712235787602847,0.0014975041363781494,1,0.7494971991066434
2025-07-11 16:40:00+00:00,1.6732762290729344,1.6712235787602847,0.0020526503126496527,1,0.74924853693301
2025-07-11 16:45:00+00:00,1.6722579262601973,1.6712235787602847,0.001034347499912522,1,0.749704783472863
2025-07-11 16:50:00+00:00,1.6714471347349298,1.6712235787602847,0.0002235559746449786,1,0.7500684529376401
2025-07-11 16:55:00+00:00,1.6729782032872331,1.6729782032872331,0.0,0,0.0
2025-07-11 22:35:00+00:00,1.6726017831914934,1.6726017831914934,0.0,1,0.7501687879772949
2025-07-11 22:40:00+00:00,1.6657769432339662,1.6726017831914934,-0.006824839957527179,1,0.7532422978730062
2025-07-11 22:45:00+00:00,1.6676722599345,1.6726017831914934,-0.00492952325699348,1,0.7523862347597641
2025-07-11 22:50:00+00:00,1.6692063615687887,1.6726017831914934,-0.0033954216227048907,1,0.7516947462901918
2025-07-11 22:55:00+00:00,1.6696525684153267,1.6726017831914934,-0.0029492147761667736,1,0.7514938593819535
2025-07-11 23:00:00+00:00,1.671165422104542,1.6726017831914934,-0.0014363610869515403,1,0.7508135555397659
2025-07-11 23:05:00+00:00,1.6729265452831712,1.6729265452831712,0.0,0,0.0
2025-07-13 14:20:00+00:00,1.6725501368104825,1.6725501368104825,0.0,1,0.7501687879772949
2025-07-13 14:25:00+00:00,1.6665508699216995,1.6725501368104825,-0.005999266888782923,1,0.7528692532627753
2025-07-13 14:30:00+00:00,1.6673698966556498,1.6725501368104825,-0.005180240154832682,1,0.7524994372748363
2025-07-13 14:35:00+00:00,1.665819150606089,1.6725501368104825,-0.006730986204393483,1,0.753199954812545
2025-07-13 14:40:00+00:00,1.6635366852409181,1.6725501368104825,-0.009013451569564424,1,0.7542333872731336
2025-07-13 14:45:00+00:00,1.6602148458478911,1.6725501368104825,-0.012335290962591325,1,0.755742494473112
2025-07-13 14:50:00+00:00,1.6579509341406167,1.6579509341406167,0.0,0,0.0
2025-07-14 03:45:00+00:00,1.6572049401540194,1.6572049401540194,0.0,2,1.5005064019177266
2025-07-14 03:50:00+00:00,1.6521497696445162,1.6572049401540194,-0.0050551705095031926,2,1.5050975811507856
2025-07-14 03:55:00+00:00,1.6557683560219076,1.6572049401540194,-0.0014365841321117637,2,1.5018082770739265
2025-07-14 04:00:00+00:00,1.6515767861486224,1.6572049401540194,-0.005628154005397092,2,1.5056197464421253
2025-07-14 04:05:00+00:00,1.651592623724517,1.6572049401540194,-0.005612316429502423,2,1.5056053086402967
2025-07-14 04:10:00+00:00,1.6525453688336895,1.6572049401540194,-0.0046595713203298455,2,1.5047372791621327
2025-07-14 04:15:00+00:00,1.6520840333945022,1.6520840333945022,0.0,0,0.0
2025-07-15 12:35:00+00:00,1.6513406792162286,1.6513406792162286,0.0,2,1.5005064019177268
2025-07-15 12:40:00+00:00,1.6390930333045337,1.6513406792162286,-0.012247645911694985,2,1.5117184995384878
2025-07-15 12:45:00+00:00,1.6239371605883144,1.6513406792162286,-0.027403518627914222,2,1.5258270584887978
2025-07-15 12:50:00+00:00,1.6352611191516062,1.6513406792162286,-0.016079560064622443,2,1.5152609157592252
2025-07-15 12:55:00+00:00,1.6428428706622962,1.6513406792162286,-0.008497808553932399,2,1.5082679574293054
2025-07-15 13:00:00+00:00,1.6433064381025957,1.6513406792162286,-0.00803424111363294,2,1.5078424835796937
2025-07-15 13:05:00+00:00,1.6520553501128143,1.6520553501128143,0.0,0,0.0
2025-07-15 23:05:00+00:00,1.6513120088405657,1.6513120088405657,0.0,2,1.5005064019177263
2025-07-15 23:10:00+00:00,1.6536212985037828,1.6513120088405657,0.002309289663217034,2,1.498410937903883
2025-07-15 23:15:00+00:00,1.6457826613584883,1.6513120088405657,-0.005529347482077427,2,1.505547663738067
2025-07-15 23:20:00+00:00,1.6523741711859272,1.6513120088405657,0.0010621623453615503,2,1.4995418616659582
2025-07-15 23:25:00+00:00,1.6484329237871802,1.6513120088405657,-0.002879085053385479,2,1.5031271246004216
2025-07-15 23:30:00+00:00,1.6491052775915545,1.6513120088405657,-0.002206731249011295,2,1.502514287291357
2025-07-15 23:35:00+00:00,1.6431273687276704,1.6431273687276704,0.0,0,0.0
2025-07-16 14:35:00+00:00,1.6427576650697067,1.6427576650697067,0.0,1,0.7501687879772949
2025-07-16 14:40:00+00:00,1.6411321958042562,1.6427576650697067,-0.0016254692654505266,1,0.750911797170506
2025-07-16 14:45:00+00:00,1.641634682790297,1.6427576650697067,-0.0011229822794095626,1,0.750681951024041
2025-07-16 14:50:00+00:00,1.6527997913513424,1.6427576650697067,0.010042126281635786,1,0.7456108918904069
2025-07-16 14:55:00+00:00,1.6470782918057403,1.6427576650697067,0.004320626736033668,1,0.7482009402204531
2025-07-16 15:00:00+00:00,1.6478624760415312,1.6427576650697067,0.005104810971824584,1,0.7478448866109709
2025-07-16 15:05:00+00:00,1.6496930563072922,1.6496930563072922,0.0,0,0.0
2025-07-16 20:20:00+00:00,1.649321875369623,1.649321875369623,0.0,1,0.7501687879772949
2025-07-16 20:25:00+00:00,1.6504189479728455,1.649321875369623,0.0010970726032224095,1,0.7496701329987555
2025-07-16 20:30:00+00:00,1.6477866978654436,1.649321875369623,-0.001535177504179508,1,0.7508676904803507
2025-07-16 20:35:00+00:00,1.643764098320294,1.649321875369623,-0.005557777049329075,1,0.7527052047765204
2025-07-16 20:40:00+00:00,1.6425330597556218,1.649321875369623,-0.006788815614001242,1,0.7532693390138229
2025-07-16 20:45:00+00:00,1.6437061670937212,1.649321875369623,-0.0056157082759019285,1,0.7527317333231872
2025-07-16 20:50:00+00:00,1.635376683905612,1.635376683905612,0.0,0,0.0
2025-07-17 01:55:00+00:00,1.6350087241517333,1.6350087241517333,0.0,1,0.7501687879772949
2025-07-17 02:00:00+00:00,1.6384352735968266,1.6350087241517333,0.0034265494450934552,1,0.7485999188949497
2025-07-17 02:05:00+00:00,1.6385902431697204,1.6350087241517333,0.003581519017987114,1,0.7485291201030106
2025-07-17 02:10:00+00:00,1.6428777346864458,1.6350087241517333,0.007869010534712582,1,0.7465756501735663
2025-07-17 02:15:00+00:00,1.6429982665764744,1.6350087241517333,0.007989542424741135,1,0.7465208806853719
2025-07-17 02:20:00+00:00,1.6441002724281626,1.6350087241517333,0.009091548276429436,1,0.7460205034317949
2025-07-17 02:25:00+00:00,1.6468833606564555,1.6468833606564555,0.0,0,0.0
2025-07-17 06:25:00+00:00,1.6461423465176304,1.6461423465176304,0.0,2,1.500506401917726
2025-07-17 06:30:00+00:00,1.6485037375283778,1.6461423465176304,0.002361391010747475,2,1.4983570089570708
2025-07-17 06:35:00+00:00,1.65837183620781,1.6461423465176304,0.012229489690179493,2,1.489441074364731
2025-07-17 06:40:00+00:00,1.6588555284261486,1.6461423465176304,0.012713181908518273,2,1.489006780331888
2025-07-17 06:45:00+00:00,1.6578987688015518,1.6461423465176304,0.011756422283921559,2,1.4898660737911638
2025-07-17 06:50:00+00:00,1.657546974158678,1.6461423465176304,0.011404627641047452,2,1.4901822801560696
2025-07-17 06:55:00+00:00,1.6559545236948576,1.6559545236948576,0.0,0,0.0
2025-07-18 05:10:00+00:00,1.6555819339270264,1.6555819339270264,0.0,1,0.7501687879772949
2025-07-18 05:15:00+00:00,1.6622126082292477,1.6555819339270264,0.006630674302221199,1,0.7471763158469887
2025-07-18 05:20:00+00:00,1.6601828099734655,1.6555819339270264,0.0046008760464392165,1,0.7480898400526105
2025-07-18 05:25:00+00:00,1.656055553520042,1.6555819339270264,0.00047361959301574084,1,0.7499542452735192
2025-07-18 05:30:00+00:00,1.6534168157875255,1.6555819339270264,-0.0021651181395007267,1,0.7511511198581784
2025-07-18 05:35:00+00:00,1.655514273985167,1.6555819339270264,-6.765994185937185e-05,1,0.7501994469558231
2025-07-18 05:40:00+00:00,1.6543297649150228,1.6543297649150228,0.0,0,0.0
2025-07-22 01:25:00+00:00,1.653957540717917,1.653957540717917,0.0,1,0.7501687879772949
2025-07-22 01:30:00+00:00,1.6598325280454662,1.653957540717917,0.005874987327549213,1,0.7475135609899799
2025-07-22 01:35:00+00:00,1.6641450187433484,1.653957540717917,0.010187478025431303,1,0.7455764429852375
2025-07-22 01:40:00+00:00,1.6708325043183245,1.653957540717917,0.01687496360040742,1,0.7425922828766575
2025-07-22 01:45:00+00:00,1.6661450144293226,1.653957540717917,0.012187473711405496,1,0.7446814730656803
2025-07-22 01:50:00+00:00,1.669520007149404,1.653957540717917,0.015562466431487036,1,0.7431760735858217
2025-07-22 01:55:00+00:00,1.671397778099019,1.671397778099019,0.0,0,0.0
2025-07-22 05:05:00+00:00,1.6710217135989467,1.6710217135989467,0.0,1,0.7501687879772949
2025-07-22 05:10:00+00:00,1.672554715382681,1.6710217135989467,0.0015330017837342097,1,0.7494812110152415
2025-07-22 05:15:00+00:00,1.6796448486324513,1.6710217135989467,0.008623135033504547,1,0.7463174936028232
2025-07-22 05:20:00+00:00,1.6864156065106102,1.6710217135989467,0.01539389291166344,1,0.743321117721391
2025-07-22 05:25:00+00:00,1.6852658551728095,1.6710217135989467,0.014244141573862853,1,0.7438282391627307
2025-07-22 05:30:00+00:00,1.6824553519026304,1.6710217135989467,0.0114336383036837,1,0.7450707872614093
2025-07-22 05:35:00+00:00,1.67505302922711,1.67505302922711,0.0,0,0.0
2025-07-22 14:10:00+00:00,1.6746761422955339,1.6746761422955339,0.0,1,0.7501687879772949
2025-07-22 14:15:00+00:00,1.6767658132531083,1.6746761422955339,0.002089670957574486,1,0.7492338894260931
2025-07-22 14:20:00+00:00,1.6749737556567346,1.6746761422955339,0.0002976133612007368,1,0.7500354961846899
2025-07-22 14:25:00+00:00,1.6750311525192518,1.6746761422955339,0.00035501022371799785,1,0.7500097953586529
2025-07-22 14:30:00+00:00,1.6771357041448862,1.6746761422955339,0.0024595618493522976,1,0.7490686465117451
2025-07-22 14:35:00+00:00,1.6781688476701977,1.6746761422955339,0.0034927053746638334,1,0.748607491829228
2025-07-22 14:40:00+00:00,1.678615712006231,1.678615712006231,0.0,0,0.0
2025-07-22 18:55:00+00:00,1.6782380234710297,1.6782380234710297,0.0,1,0.7501687879772949
2025-07-22 19:00:00+00:00,1.6754470688112817,1.6782380234710297,-0.002790954659747928,1,0.7514184168753826
2025-07-22 19:05:00+00:00,1.6740216996333046,1.6782380234710297,-0.004216323837725169,1,0.7520582225908121
2025-07-22 19:10:00+00:00,1.6756830570857812,1.6782380234710297,-0.002554966385248347,1,0.7513125937993087
2025-07-22 19:15:00+00:00,1.6764602451364665,1.6782380234710297,-0.001777778334563157,1,0.7509642937594335
2025-07-22 19:20:00+00:00,1.675167029392209,1.6782380234710297,-0.0030709940788207664,1,0.7515440322756681
2025-07-22 19:25:00+00:00,1.6724504348475233,1.6724504348475233,0.0,0,0.0
2025-07-29 20:20:00+00:00,1.6720741334996827,1.6720741334996827,0.0,1,0.7501687879772949
2025-07-29 20:25:00+00:00,1.6723726668128296,1.6720741334996827,0.00029853331314685504,1,0.7500348762134049
2025-07-29 20:30:00+00:00,1.6706059893132426,1.6720741334996827,-0.0014681441864401498,1,0.7508280433325152
2025-07-29 20:35:00+00:00,1.6669521547984054,1.6720741334996827,-0.005121978701277225,1,0.7524738022773888
2025-07-29 20:40:00+00:00,1.6657761467826875,1.6720741334996827,-0.006297986716995153,1,0.7530050352553643
2025-07-29 20:45:00+00:00,1.6669958686049733,1.6720741334996827,-0.005078264894709478,1,0.7524540700783716
2025-07-29 20:50:00+00:00,1.6664884258374288,1.6664884258374288,0.0,0,0.0
2025-07-31 13:40:00+00:00,1.6661134659416155,1.6661134659416155,0.0,1,0.7501687879772949
2025-07-31 13:45:00+00:00,1.6652729172621152,1.6661134659416155,-0.0008405486795003265,1,0.7505474366525963
2025-07-31 13:50:00+00:00,1.6658177955518414,1.6661134659416155,-0.0002956703897739745,1,0.750301937412083
2025-07-31 13:55:00+00:00,1.6686044889754614,1.6661134659416155,0.0024910230338460195,1,0.7490488774517807
2025-07-31 14:00:00+00:00,1.6676319445862406,1.6661134659416155,0.001518478644625203,1,0.7494857144201434
2025-07-31 14:05:00+00:00,1.666298259935224,1.6661134659416155,0.00018479399360862996,1,0.750085593575942
2025-07-31 14:10:00+00:00,1.6653953172005287,1.6653953172005287,0.0,0,0.0
2025-08-01 00:20:00+00:00,1.6642714282743623,1.6642714282743623,0.0,3,2.251012879815685
2025-08-01 00:25:00+00:00,1.6658488127889874,1.6642714282743623,0.001577384514625091,3,2.248881406159982
2025-08-01 00:30:00+00:00,1.658179998656622,1.6642714282743623,-0.006091429617740382,3,2.2592821187023757
2025-08-01 00:35:00+00:00,1.6471082599347844,1.6642714282743623,-0.017163168339577865,3,2.274468844387415
2025-08-01 00:40:00+00:00,1.6597021515825554,1.6642714282743623,-0.0045692766918068685,3,2.2572100765084113
2025-08-01 00:45:00+00:00,1.645339561329522,1.6642714282743623,-0.01893186694484017,3,2.276913841132968
2025-08-01 00:50:00+00:00,1.6317242587044194,1.6317242587044194,0.0,0,0.0
2025-08-01 09:05:00+00:00,1.631357120746211,1.631357120746211,0.0,1,0.7501687879772948
2025-08-01 09:10:00+00:00,1.6299041192207713,1.631357120746211,-0.0014530015254396117,1,0.7508375367585356
2025-08-01 09:15:00+00:00,1.63015302284958,1.631357120746211,-0.0012040978966309066,1,0.750722893418355
2025-08-01 09:20:00+00:00,1.6318730107460926,1.631357120746211,0.000515889999881676,1,0.7499316343670615
2025-08-01 09:25:00+00:00,1.6332036878385705,1.631357120746211,0.0018465670923595902,1,0.749320616369608
2025-08-01 09:30:00+00:00,1.6334855658797427,1.631357120746211,0.0021284451335318254,1,0.7491913118737715
2025-08-01 09:35:00+00:00,1.6316207513857957,1.6316207513857957,0.0,0,0.0
2025-08-01 14:10:00+00:00,1.6312536367167338,1.6312536367167338,0.0,1,0.7501687879772948
2025-08-01 14:15:00+00:00,1.6328966827828308,1.6312536367167338,0.0016430460660970174,1,0.7494139564628512
2025-08-01 14:20:00+00:00,1.6344939110922208,1.6312536367167338,0.003240274375486987,1,0.7486816287505292
2025-08-01 14:25:00+00:00,1.6370948679322617,1.6312536367167338,0.005841231215527902,1,0.7474921505831637
2025-08-01 14:30:00+00:00,1.6403649771260695,1.6312536367167338,0.00911134040933575,1,0.7460020060189925
2025-08-01 14:35:00+00:00,1.6409190523234565,1.6312536367167338,0.009665415606722528,1,0.7457501098586361
2025-08-01 14:40:00+00:00,1.638873729123848,1.638873729123848,0.0,0,0.0
2025-08-03 00:45:00+00:00,1.638504982534795,1.638504982534795,0.0,1,0.7501687879772949
2025-08-03 00:50:00+00:00,1.6401296213334922,1.638504982534795,0.0016246387986972143,1,0.7494257044412945
2025-08-03 00:55:00+00:00,1.6426052614076976,1.638504982534795,0.004100278872902493,1,0.7482962131690186
2025-08-03 01:00:00+00:00,1.6438430814448,1.638504982534795,0.00533809891000486,1,0.7477327432996596
2025-08-03 01:05:00+00:00,1.6409806226090002,1.638504982534795,0.002475640074205279,1,0.7490370574203662
2025-08-03 01:10:00+00:00,1.642141078893784,1.638504982534795,0.0036360963589890036,1,0.7485077333738568
2025-08-03 01:15:00+00:00,1.6447121548928496,1.6447121548928496,0.0,0,0.0
2025-08-06 15:00:00+00:00,1.6443420946579987,1.6443420946579987,0.0,1,0.7501687879772948
2025-08-06 15:05:00+00:00,1.6419884267251703,1.6443420946579987,-0.0023536679328284337,1,0.7512440989793293
2025-08-06 15:10:00+00:00,1.6417891630767836,1.6443420946579987,-0.0025529315812151446,1,0.7513352773372807
2025-08-06 15:15:00+00:00,1.6426590667460856,1.6443420946579987,-0.0016830279119131662,1,0.7509373923909379
2025-08-06 15:20:00+00:00,1.6428915410025369,1.6443420946579987,-0.001450553655461798,1,0.7508311324172388
2025-08-06 15:25:00+00:00,1.641421703768199,1.6443420946579987,-0.002920390889799685,1,0.7515034761254968
2025-08-06 15:30:00+00:00,1.6413194710177392,1.6413194710177392,0.0,0,0.0
2025-08-07 10:05:00+00:00,1.6409501741367603,1.6409501741367603,0.0,1,0.7501687879772948
2025-08-07 10:10:00+00:00,1.6397160666163488,1.6409501741367603,-0.0012341075204113272,1,0.75073339118005
2025-08-07 10:15:00+00:00,1.6490012565318255,1.6409501741367603,0.008051082395065167,1,0.7465061644963922
2025-08-07 10:20:00+00:00,1.6476594094659813,1.6409501741367603,0.0067092353292210185,1,0.7471141160552576
2025-08-07 10:25:00+00:00,1.6469313513256327,1.6409501741367603,0.005981177188872514,1,0.7474443924286629
2025-08-07 10:30:00+00:00,1.6498794970688377,1.6409501741367603,0.008929322932077564,1,0.7461087948848811
2025-08-07 10:35:00+00:00,1.6503557923777703,1.6503557923777703,0.0,0,0.0
2025-08-08 00:40:00+00:00,1.6496132158204622,1.6496132158204622,0.0,2,1.5005064019177268
2025-08-08 00:45:00+00:00,1.6478432220686223,1.6496132158204622,-0.001769993751839727,2,1.502118137136479
2025-08-08 00:50:00+00:00,1.641197432291632,1.6496132158204622,-0.00841578352883009,2,1.508200745580287
2025-08-08 00:55:00+00:00,1.6396608974499653,1.6496132158204622,-0.009952318370496814,2,1.5096140884229539
2025-08-08 01:00:00+00:00,1.6377451140054147,1.6496132158204622,-0.011868101815047417,2,1.5113799881673824
2025-08-08 01:05:00+00:00,1.6321193684077722,1.6496132158204622,-0.01749384741269011,2,1.5165895576874675
2025-08-08 01:10:00+00:00,1.6323835051575604,1.6323835051575604,0.0,0,0.0
2025-08-08 03:25:00+00:00,1.6320162188689,1.6320162188689,0.0,1,0.7501687879772949
2025-08-08 03:30:00+00:00,1.6313689048418631,1.6320162188689,-0.0006473140270369833,1,0.750466448903442
2025-08-08 03:35:00+00:00,1.6278071290950085,1.6320162188689,-0.004209089773891518,1,0.7521085311555443
2025-08-08 03:40:00+00:00,1.6268284150636987,1.6320162188689,-0.005187803805201268,1,0.7525610061465722
2025-08-08 03:45:00+00:00,1.6245024206411878,1.6320162188689,-0.007513798227712285,1,0.753638537752961
2025-08-08 03:50:00+00:00,1.6241617290480104,1.6320162188689,-0.007854489820889638,1,0.7537966244197718
2025-08-08 03:55:00+00:00,1.6252129586654884,1.6252129586654884,0.0,0,0.0
2025-08-10 03:10:00+00:00,1.6248472857497887,1.6248472857497887,0.0,1,0.7501687879772949
2025-08-10 03:15:00+00:00,1.624895888883561,1.6248472857497887,4.860313377225388e-05,1,0.750146349275712
2025-08-10 03:20:00+00:00,1.6252867821721968,1.6248472857497887,0.0004394964224080683,1,0.7499659336243679
2025-08-10 03:25:00+00:00,1.6281171391325056,1.6248472857497887,0.0032698533827168726,1,0.7486621752833931
2025-08-10 03:30:00+00:00,1.6296962239254873,1.6248472857497887,0.004848938175698648,1,0.7479367633699856
2025-08-10 03:35:00+00:00,1.6296248703886727,1.6248472857497887,0.0047775846388840104,1,0.7479695119702002
2025-08-10 03:40:00+00:00,1.6292767773298693,1.6292767773298693,0.0,0,0.0
2025-08-11 01:35:00+00:00,1.62891019005497,1.62891019005497,0.0,1,0.7501687879772949
2025-08-11 01:40:00+00:00,1.6287938555164547,1.62891019005497,-0.00011633453851541701,1,0.7502223678330038
2025-08-11 01:45:00+00:00,1.6288346746527758,1.62891019005497,-7.551540219434658e-05,1,0.7502035670120364
2025-08-11 01:50:00+00:00,1.6276682678323977,1.62891019005497,-0.001241922222572278,1,0.7507411719862982
2025-08-11 01:55:00+00:00,1.6284407699872765,1.62891019005497,-0.0004694200676936665,1,0.7503850342723547
2025-08-11 02:00:00+00:00,1.632037956375581,1.62891019005497,0.0031277663206108054,1,0.7487311053176223
2025-08-11 02:05:00+00:00,1.6380330314963385,1.6380330314963385,0.0,0,0.0
2025-08-12 12:35:00+00:00,1.6369276079576869,1.6369276079576869,0.0,3,2.251012879815685
2025-08-12 12:40:00+00:00,1.6467511434737607,1.6369276079576869,0.009823535516073843,3,2.237584679046161
2025-08-12 12:45:00+00:00,1.6599881152492064,1.6369276079576869,0.02306050729151943,3,2.219741873444353
2025-08-12 12:50:00+00:00,1.6603585530800837,1.6369276079576869,0.023430945122396747,3,2.219246633206525
2025-08-12 12:55:00+00:00,1.6572836957902723,1.6369276079576869,0.020356087832585478,3,2.223364133852515
2025-08-12 13:00:00+00:00,1.659632880056445,1.6369276079576869,0.022705272098758094,3,2.220216996853734
2025-08-12 13:05:00+00:00,1.6396002374670509,1.6396002374670509,0.0,0,0.0
2025-08-12 20:20:00+00:00,1.6388625003649526,1.6388625003649526,0.0,2,1.5005064019177266
2025-08-12 20:25:00+00:00,1.640201190301902,1.6388625003649526,0.0013386899369493995,2,1.4992817272665602
2025-08-12 20:30:00+00:00,1.6400038152723468,1.6388625003649526,0.001141314907394208,2,1.4994621663438814
2025-08-12 20:35:00+00:00,1.6401071619794372,1.6388625003649526,0.0012446616144846266,2,1.499367681982804
2025-08-12 20:40:00+00:00,1.637755409674152,1.6388625003649526,-0.0011070906908006758,2,1.5015207149581458
2025-08-12 20:45:00+00:00,1.6378476998224836,1.6388625003649526,-0.0010148005424690442,2,1.5014361066215334
2025-08-12 20:50:00+00:00,1.635767340679292,1.635767340679292,0.0,0,0.0
2025-08-13 07:05:00+00:00,1.6353992930276393,1.6353992930276393,0.0,1,0.7501687879772948
2025-08-13 07:10:00+00:00,1.6355005353474845,1.6353992930276393,0.00010124231984520957,1,0.7501223503108259
2025-08-13 07:15:00+00:00,1.6422403812114785,1.6353992930276393,0.006841088183839263,1,0.7470438064642165
2025-08-13 07:20:00+00:00,1.6373807498588993,1.6353992930276393,0.0019814568312599415,1,0.7492609801447772
2025-08-13 07:25:00+00:00,1.6347050599772708,1.6353992930276393,-0.0006942330503684744,1,0.7504873726435562
2025-08-13 07:30:00+00:00,1.6358331886841193,1.6353992930276393,0.0004338956564800922,1,0.7499698098779496
2025-08-13 07:35:00+00:00,1.636824680756105,1.636824680756105,0.0,0,0.0
2025-08-13 13:50:00+00:00,1.636456395202935,1.636456395202935,0.0,1,0.7501687879772949
2025-08-13 13:55:00+00:00,1.6457604461587645,1.636456395202935,0.009304050955829453,1,0.7459278252994617
2025-08-13 14:00:00+00:00,1.6438740787314872,1.636456395202935,0.007417683528552211,1,0.7467837874263361
2025-08-13 14:05:00+00:00,1.644621526470145,1.636456395202935,0.008165131267210017,1,0.7464443890637377
2025-08-13 14:10:00+00:00,1.6472624408683332,1.636456395202935,0.010806045665398266,1,0.7452476788822767
2025-08-13 14:15:00+00:00,1.6467411543857415,1.636456395202935,0.010284759182806564,1,0.7454835918186539
2025-08-13 14:20:00+00:00,1.6449134695165217,1.6449134695165217,0.0,0,0.0
2025-08-14 17:25:00+00:00,1.6445433639858804,1.6445433639858804,0.0,1,0.750168787977295
2025-08-14 17:30:00+00:00,1.6486886235424325,1.6445433639858804,0.004145259556552067,1,0.7482826559976198
2025-08-14 17:35:00+00:00,1.6480859439615154,1.6445433639858804,0.0035425799756349584,1,0.7485562914103703
2025-08-14 17:40:00+00:00,1.642955817772733,1.6445433639858804,-0.0015875462131474253,1,0.7508936569029787
2025-08-14 17:45:00+00:00,1.641088981022087,1.6445433639858804,-0.0034543829637934806,1,0.7517478432942982
2025-08-14 17:50:00+00:00,1.6368114259477726,1.6445433639858804,-0.0077319380381076965,1,0.7537124207347485
2025-08-14 17:55:00+00:00,1.633957104583595,1.633957104583595,0.0,0,0.0
2025-08-17 08:55:00+00:00,1.6335894642350637,1.6335894642350637,0.0,1,0.7501687879772949
2025-08-17 09:00:00+00:00,1.6354277905182342,1.6335894642350637,0.001838326283170491,1,0.7493255498913652
2025-08-17 09:05:00+00:00,1.6380268968979748,1.6335894642350637,0.004437432662911056,1,0.7481365725791407
2025-08-17 09:10:00+00:00,1.6377182530153807,1.6335894642350637,0.004128788780316885,1,0.7482775661694889
2025-08-17 09:15:00+00:00,1.638232659486371,1.6335894642350637,0.00464319525130735,1,0.7480426063669813
2025-08-17 09:20:00+00:00,1.6409671359900562,1.6335894642350637,0.007377671754992388,1,0.7467960823592766
2025-08-17 09:25:00+00:00,1.640621154861356,1.640621154861356,0.0,0,0.0
2025-08-18 09:40:00+00:00,1.6402520151015123,1.6402520151015123,0.0,1,0.7501687879772949
2025-08-18 09:45:00+00:00,1.6455052034252815,1.6402520151015123,0.005253188323769202,1,0.7477739138014762
2025-08-18 09:50:00+00:00,1.6515667958667828,1.6402520151015123,0.011314780765270488,1,0.7450294285555906
2025-08-18 09:55:00+00:00,1.6463021000110885,1.6402520151015123,0.006050084909576197,1,0.7474119519969813
2025-08-18 10:00:00+00:00,1.64433143516893,1.6402520151015123,0.004079420067417633,1,0.7483076950478694
2025-08-18 10:05:00+00:00,1.644288281924211,1.6402520151015123,0.0040362668226986914,1,0.7483273338821568
2025-08-18 10:10:00+00:00,1.6425181001524967,1.6425181001524967,0.0,0,0.0
2025-08-22 12:45:00+00:00,1.6421485335799624,1.6421485335799624,0.0,1,0.7501687879772948
2025-08-22 12:50:00+00:00,1.6462521837923623,1.6421485335799624,0.00410365021239994,1,0.7482988251997651
2025-08-22 12:55:00+00:00,1.6432877657063254,1.6421485335799624,0.0011392321263629514,1,0.7496487230189269
2025-08-22 13:00:00+00:00,1.642780708632742,1.6421485335799624,0.0006321750527794618,1,0.7498801079418884
2025-08-22 13:05:00+00:00,1.6448473503417413,1.6421485335799624,0.002698816761778944,1,0.748937933272914
2025-08-22 13:10:00+00:00,1.6417731796423747,1.6421485335799624,-0.0003753539375877798,1,0.7503402969359708
2025-08-22 13:15:00+00:00,1.6408339970066588,1.6408339970066588,0.0,0,0.0
2025-08-23 04:40:00+00:00,1.6404648093573322,1.6404648093573322,0.0,1,0.7501687879772949
2025-08-23 04:45:00+00:00,1.6437857652660965,1.6404648093573322,0.0033209559087643264,1,0.7486532148888514
2025-08-23 04:50:00+00:00,1.6402232852912404,1.6404648093573322,-0.00024152406609185412,1,0.7502792508743603
2025-08-23 04:55:00+00:00,1.6398006181755793,1.6404648093573322,-0.0006641911817529746,1,0.750472639243283
2025-08-23 05:00:00+00:00,1.6457179577948322,1.6404648093573322,0.005253148437499979,1,0.7477742415863053
2025-08-23 05:05:00+00:00,1.6481935794722746,1.6404648093573322,0.007728770114942338,1,0.746651068831988
2025-08-23 05:10:00+00:00,1.6498773463847296,1.6498773463847296,0.0,0,0.0
2025-08-24 19:45:00+00:00,1.649506123981793,1.649506123981793,0.0,1,0.7501687879772949
2025-08-24 19:50:00+00:00,1.6453065187385187,1.649506123981793,-0.004199605243274167,1,0.7520835757323119
2025-08-24 19:55:00+00:00,1.6402414543065966,1.649506123981793,-0.009264669675196274,1,0.7544060092735888
2025-08-24 20:00:00+00:00,1.6466259893048178,1.649506123981793,-0.002880134676975175,1,0.7514809178439867
2025-08-24 20:05:00+00:00,1.6406670899731446,1.649506123981793,-0.008839034008648272,1,0.7542102949165645
2025-08-24 20:10:00+00:00,1.6385389116404043,1.649506123981793,-0.010967212341388546,1,0.7551898834979331
2025-08-24 20:15:00+00:00,1.6386926398928772,1.6386926398928772,0.0,0,0.0
2025-08-25 01:25:00+00:00,1.6383239340489013,1.6383239340489013,0.0,1,0.7501687879772949
2025-08-25 01:30:00+00:00,1.6386788684385585,1.6383239340489013,0.00035493438965710194,1,0.7500063029986765
2025-08-25 01:35:00+00:00,1.6346562786891103,1.6383239340489013,-0.0036676553597910083,1,0.7518519311627108
2025-08-25 01:40:00+00:00,1.6332365411304817,1.6383239340489013,-0.005087392918419689,1,0.7525054999497894
2025-08-25 01:45:00+00:00,1.628504082601719,1.6383239340489013,-0.009819851447182412,1,0.7546922927918981
2025-08-25 01:50:00+00:00,1.6347745901523294,1.6383239340489013,-0.0035493438965719746,1,0.7517975183386824
2025-08-25 01:55:00+00:00,1.6350565973560585,1.6350565973560585,0.0,0,0.0
2025-08-27 02:25:00+00:00,1.6346887096216534,1.6346887096216534,0.0,1,0.7501687879772949
2025-08-27 02:30:00+00:00,1.6295131800214206,1.6346887096216534,-0.005175529600232676,1,0.7525514141597331
2025-08-27 02:35:00+00:00,1.6333332137739733,1.6346887096216534,-0.0013554958476799702,1,0.7507913496619452
2025-08-27 02:40:00+00:00,1.6364138861550641,1.6346887096216534,0.0017251765334108467,1,0.7493779284031584
2025-08-27 02:45:00+00:00,1.6362290458121986,1.6346887096216534,0.0015403361905453404,1,0.7494625835885533
2025-08-27 02:50:00+00:00,1.6336412810120826,1.6346887096216534,-0.0010474286095707934,1,0.7506497676511481
2025-08-27 02:55:00+00:00,1.6318562839823756,1.6318562839823756,0.0,0,0.0
2025-08-27 03:50:00+00:00,1.6314891163184795,1.6314891163184795,0.0,1,0.7501687879772949
2025-08-27 03:55:00+00:00,1.636050205310977,1.6314891163184795,0.004561088992497414,1,0.7480774178040257
2025-08-27 04:00:00+00:00,1.6355028746318772,1.6314891163184795,0.004013758313397702,1,0.7483277663221829
2025-08-27 04:05:00+00:00,1.6401247781442743,1.6314891163184795,0.008635661825794842,1,0.7462189641275705
2025-08-27 04:10:00+00:00,1.651132206246168,1.6314891163184795,0.019643089927688522,1,0.741244225239412
2025-08-27 04:15:00+00:00,1.6516187224053678,1.6314891163184795,0.020129606086888237,1,0.7410258774521168
2025-08-27 04:20:00+00:00,1.6527111032190709,1.6527111032190709,0.0,0,0.0
2025-08-28 17:05:00+00:00,1.6523392432208466,1.6523392432208466,0.0,1,0.7501687879772949
2025-08-28 17:10:00+00:00,1.6549888480792916,1.6523392432208466,0.0026496048584449274,1,0.7489677823828553
2025-08-28 17:15:00+00:00,1.653118538767448,1.6523392432208466,0.0007792955466014816,1,0.7498151513916778
2025-08-28 17:20:00+00:00,1.648570286577283,1.6523392432208466,-0.0037689566435634243,1,0.7518838217009168
2025-08-28 17:25:00+00:00,1.6555981155066344,1.6523392432208466,0.003258872285787764,1,0.7486921589271017
2025-08-28 17:30:00+00:00,1.657751805017242,1.6523392432208466,0.005412561796395435,1,0.7477194859102633
2025-08-28 17:35:00+00:00,1.65467366412082,1.65467366412082,0.0,0,0.0
2025-08-29 12:35:00+00:00,1.6543013625463927,1.6543013625463927,0.0,1,0.750168787977295
2025-08-29 12:40:00+00:00,1.6509709812308953,1.6543013625463927,-0.0033303813154974414,1,0.7516820478367059
2025-08-29 12:45:00+00:00,1.645712484416952,1.6543013625463927,-0.008588878129440711,1,0.7540838754287522
2025-08-29 12:50:00+00:00,1.6493350044443351,1.6543013625463927,-0.0049663581020575635,1,0.7524276418960214
2025-08-29 12:55:00+00:00,1.651204692200404,1.6543013625463927,-0.0030966703459887933,1,0.7515756550066758
2025-08-29 13:00:00+00:00,1.650795698003764,1.6543013625463927,-0.0035056645426287548,1,0.7517618622288084
2025-08-29 13:05:00+00:00,1.646625593174822,1.646625593174822,0.0,0,0.0
2025-09-01 00:45:00+00:00,1.6462551024163576,1.6462551024163576,0.0,1,0.7501687879772949
2025-09-01 00:50:00+00:00,1.646097251368906,1.6462551024163576,-0.00015785104745168842,1,0.7502407247531138
2025-09-01 00:55:00+00:00,1.648838119556476,1.6462551024163576,0.002583017140118438,1,0.7489935975117515
2025-09-01 01:00:00+00:00,1.6476614117482,1.6462551024163576,0.00140630933184234,1,0.7495285051136755
2025-09-01 01:05:00+00:00,1.6489098700325906,1.6462551024163576,0.0026547676162329914,1,0.7489610058897321
2025-09-01 01:10:00+00:00,1.646197702035466,1.6462551024163576,-5.740038089169756e-05,1,0.7501949452086589
2025-09-01 01:15:00+00:00,1.646874768228272,1.646874768228272,0.0,0,0.0
2025-09-03 01:55:00+00:00,1.6465042214054206,1.6465042214054206,0.0,1,0.7501687879772948
2025-09-03 02:00:00+00:00,1.6550355237940655,1.6465042214054206,0.008531302388644958,1,0.7463018517812149
2025-09-03 02:05:00+00:00,1.654094138702905,1.6465042214054206,0.007589917297484203,1,0.7467265902651583
2025-09-03 02:10:00+00:00,1.6513876565658172,1.6465042214054206,0.0048834351603966215,1,0.7479504108319438
2025-09-03 02:15:00+00:00,1.653682282725522,1.6465042214054206,0.007178061320101441,1,0.7469125654146075
2025-09-03 02:20:00+00:00,1.655506216339646,1.6465042214054206,0.009001994934225335,1,0.7460896636813339
2025-09-03 02:25:00+00:00,1.6526056970843,1.6526056970843,0.0,0,0.0
2025-09-03 13:45:00+00:00,1.652233860802456,1.652233860802456,0.0,1,0.7501687879772948
2025-09-03 13:50:00+00:00,1.656567970109337,1.652233860802456,0.004334109306880931,1,0.7482061075534489
2025-09-03 13:55:00+00:00,1.6531820348773594,1.652233860802456,0.0009481740749033795,1,0.7497385325174873
2025-09-03 14:00:00+00:00,1.6519841936643898,1.652233860802456,-0.0002496671380663103,1,0.7502821622426658
2025-09-03 14:05:00+00:00,1.654158261439686,1.652233860802456,0.0019244006372298626,1,0.7492960629622428
2025-09-03 14:10:00+00:00,1.6594770130551204,1.652233860802456,0.007243152252664346,1,0.7468945113806501
2025-09-03 14:15:00+00:00,1.651606746885061,1.651606746885061,0.0,0,0.0
2025-09-04 23:00:00+00:00,1.6512351353670118,1.6512351353670118,0.0,1,0.7501687879772948
2025-09-04 23:05:00+00:00,1.6528466592544653,1.6512351353670118,0.001611523887453501,1,0.7494373741376149
2025-09-04 23:10:00+00:00,1.651568554102347,1.6512351353670118,0.00033341873533531145,1,0.7500173438680243
2025-09-04 23:15:00+00:00,1.6503015629080733,1.6512351353670118,-0.000933572458938652,1,0.7505931570355031
2025-09-04 23:20:00+00:00,1.648062100402405,1.6512351353670118,-0.0031730349646068843,1,0.751613097504847
2025-09-04 23:25:00+00:00,1.6482354781447792,1.6512351353670118,-0.002999657222232555,1,0.7515340353904147
2025-09-04 23:30:00+00:00,1.6464046039617464,1.6464046039617464,0.0,0,0.0
2025-09-07 08:10:00+00:00,1.646034162925855,1.646034162925855,0.0,1,0.7501687879772948
2025-09-07 08:15:00+00:00,1.6470261322807482,1.646034162925855,0.0009919693548932,1,0.7497169770229414
2025-09-07 08:20:00+00:00,1.647890562718584,1.646034162925855,0.0018563997927288985,1,0.7493236995873137
2025-09-07 08:25:00+00:00,1.6480322726264258,1.646034162925855,0.0019981097005709017,1,0.7492592672371857
2025-09-07 08:30:00+00:00,1.6466010025572229,1.646034162925855,0.0005668396313677387,1,0.7499105436311658
2025-09-07 08:35:00+00:00,1.645212245460372,1.646034162925855,-0.0008219174654831525,1,0.750543558363669
2025-09-07 08:40:00+00:00,1.6453094471203589,1.6453094471203589,0.0,0,0.0
2025-09-09 06:15:00+00:00,1.6449392524947568,1.6449392524947568,0.0,1,0.7501687879772949
2025-09-09 06:20:00+00:00,1.6507390024120319,1.6449392524947568,0.0057997499172750926,1,0.7475331251864743
2025-09-09 06:25:00+00:00,1.6493743553726732,1.6449392524947568,0.0044351028779163445,1,0.7481516135622548
2025-09-09 06:30:00+00:00,1.650284120065579,1.6449392524947568,0.0053448675708221765,1,0.7477391743254691
2025-09-09 06:35:00+00:00,1.6538094582505896,1.6449392524947568,0.008870205755832689,1,0.7461452582606364
2025-09-09 06:40:00+00:00,1.6570504949690668,1.6449392524947568,0.012111242474309922,1,0.7446858675017654
2025-09-09 06:45:00+00:00,1.6549744915442661,1.6549744915442661,0.0,0,0.0
2025-09-09 14:15:00+00:00,1.6546021222836687,1.6546021222836687,0.0,1,0.7501687879772949
2025-09-09 14:20:00+00:00,1.650097264534599,1.6546021222836687,-0.004504857749069611,1,0.7522167906922033
2025-09-09 14:25:00+00:00,1.6459915713962066,1.6546021222836687,-0.008610550887462144,1,0.7540930890705169
2025-09-09 14:30:00+00:00,1.6462766889752618,1.6546021222836687,-0.00832543330840695,1,0.7539624881834498
2025-09-09 14:35:00+00:00,1.6310514102537226,1.6546021222836687,-0.02355071202994612,1,0.76100045703962
2025-09-09 14:40:00+00:00,1.6378372086352324,1.6546021222836687,-0.016764913648436196,1,0.7578475211785458
2025-09-09 14:45:00+00:00,1.6356971103844937,1.6356971103844937,0.0,0,0.0
2025-09-10 12:35:00+00:00,1.634961129491987,1.634961129491987,0.0,2,1.5005064019177263
2025-09-10 12:40:00+00:00,1.6251740745870251,1.634961129491987,-0.00978705490496199,2,1.5095426884118652
2025-09-10 12:45:00+00:00,1.6349179204287778,1.634961129491987,-4.3209063209219325e-05,2,1.5005460586339174
2025-09-10 12:50:00+00:00,1.6244157107569004,1.634961129491987,-0.010545418735086638,2,1.5102474233927818
2025-09-10 12:55:00+00:00,1.6299425775860643,1.634961129491987,-0.005018551905922747,2,1.5051264231177037
2025-09-10 13:00:00+00:00,1.6302083605415738,1.634961129491987,-0.0047527689504132985,2,1.5048810330443643
2025-09-10 13:05:00+00:00,1.631068202255612,1.631068202255612,0.0,0,0.0
2025-09-11 22:25:00+00:00,1.6307012119101045,1.6307012119101045,0.0,1,0.7501687879772948
2025-09-11 22:30:00+00:00,1.6309150746317356,1.6307012119101045,0.00021386272163102373,1,0.7500704179633223
2025-09-11 22:35:00+00:00,1.6317013659316628,1.6307012119101045,0.0010001540215583066,1,0.7497089707914983
2025-09-11 22:40:00+00:00,1.632322738217397,1.6307012119101045,0.00162152630729246,1,0.7494235809198085
2025-09-11 22:45:00+00:00,1.6319939641826506,1.6307012119101045,0.0012927522725460728,1,0.7495745563644736
2025-09-11 22:50:00+00:00,1.6333207642516756,1.6307012119101045,0.0026195523415710235,1,0.7489656523482564
2025-09-11 22:55:00+00:00,1.6326473437378606,1.6326473437378606,0.0,0,0.0
2025-09-12 17:30:00+00:00,1.6322799980855196,1.6322799980855196,0.0,1,0.7501687879772948
2025-09-12 17:35:00+00:00,1.6310378419042997,1.6322799980855196,-0.0012421561812200016,1,0.750740097099011
2025-09-12 17:40:00+00:00,1.6327608327363146,1.6322799980855196,0.00048083465079497967,1,0.7499478694324766
2025-09-12 17:45:00+00:00,1.635418779833764,1.6322799980855196,0.0031387817482443413,1,0.748729024579173
2025-09-12 17:50:00+00:00,1.634283475797165,1.6322799980855196,0.0020034777116452952,1,0.7492491516541341
2025-09-12 17:55:00+00:00,1.6336690759655936,1.6322799980855196,0.0013890778800740534,1,0.7495309336621023
2025-09-12 18:00:00+00:00,1.6335287911205727,1.6335287911205727,0.0,0,0.0
2025-09-16 16:00:00+00:00,1.6331612471425705,1.6331612471425705,0.0,1,0.7501687879772949
2025-09-16 16:05:00+00:00,1.6326040638878772,1.6331612471425705,-0.0005571832546934184,1,0.7504248093214163
2025-09-16 16:10:00+00:00,1.632497279241342,1.6331612471425705,-0.000663967901228503,1,0.7504738959870013
2025-09-16 16:15:00+00:00,1.6314611509878323,1.6331612471425705,-0.0017000961547381356,1,0.7509505161055269
2025-09-16 16:20:00+00:00,1.6316271429631395,1.6331612471425705,-0.0015341041794310099,1,0.7508741188967258
2025-09-16 16:25:00+00:00,1.6309896069051126,1.6331612471425705,-0.002171640237457913,1,0.7511676274045723
2025-09-16 16:30:00+00:00,1.6321804844022871,1.6321804844022871,0.0,0,0.0
2025-09-17 18:05:00+00:00,1.631079010444135,1.631079010444135,0.0,3,2.251012879815685
2025-09-17 18:10:00+00:00,1.6189325971264044,1.631079010444135,-0.0121464133177308,3,2.267901620502177
2025-09-17 18:15:00+00:00,1.5978881922724255,1.631079010444135,-0.03319081817170961,3,2.297770193348296
2025-09-17 18:20:00+00:00,1.6083327351072134,1.631079010444135,-0.02274627533692154,3,2.2828484307769923
2025-09-17 18:25:00+00:00,1.616260378397453,1.631079010444135,-0.014818632046682205,3,2.2716512200510652
2025-09-17 18:30:00+00:00,1.629983165987817,1.631079010444135,-0.001095844456317991,3,2.252526245129462
2025-09-17 18:35:00+00:00,1.6075972856751648,1.6075972856751648,0.0,0,0.0
2025-09-17 21:15:00+00:00,1.6072355762858879,1.6072355762858879,0.0,1,0.7501687879772949
2025-09-17 21:20:00+00:00,1.6072699562178854,1.6072355762858879,3.437993199756315e-05,1,0.7501527416673285
2025-09-17 21:25:00+00:00,1.6075064484773836,1.6072355762858879,0.00027087219149563566,1,0.7500423811042255
2025-09-17 21:30:00+00:00,1.6073376742657592,1.6072355762858879,0.00010209797987140513,1,0.7501211373068469
2025-09-17 21:35:00+00:00,1.6070813874999597,1.6072355762858879,-0.0001541887859281243,1,0.750240761690362
2025-09-17 21:40:00+00:00,1.608186754404486,1.6072355762858879,0.0009511781185981762,1,0.7497250931548963
2025-09-17 21:45:00+00:00,1.6086532888315133,1.6086532888315133,0.0,0,0.0
2025-09-20 14:50:00+00:00,1.6082913418415261,1.6082913418415261,0.0,1,0.7501687879772948
2025-09-20 14:55:00+00:00,1.611180080284645,1.6082913418415261,0.002888738443118959,1,0.7488237853651256
2025-09-20 15:00:00+00:00,1.6098908912273853,1.6082913418415261,0.0015995493858590502,1,0.7494234380715102
2025-09-20 15:05:00+00:00,1.617637962506659,1.6082913418415261,0.009346620665132865,1,0.7458343551446347
2025-09-20 15:10:00+00:00,1.618915214628203,1.6082913418415261,0.010623872786677072,1,0.7452459250009056
2025-09-20 15:15:00+00:00,1.6238571060143656,1.6082913418415261,0.015565764172839431,1,0.7429779148393624
2025-09-20 15:20:00+00:00,1.6212510151098891,1.6212510151098891,0.0,0,0.0
2025-09-20 21:40:00+00:00,1.6208862336314893,1.6208862336314893,0.0,1,0.7501687879772949
2025-09-20 21:45:00+00:00,1.6280037722978933,1.6208862336314893,0.007117538666403954,1,0.7468890932704323
2025-09-20 21:50:00+00:00,1.623207934876873,1.6208862336314893,0.0023217012453838745,1,0.7490958091112649
2025-09-20 21:55:00+00:00,1.623899754944942,1.6208862336314893,0.00301352131345283,1,0.748776676411065
2025-09-20 22:00:00+00:00,1.6257641513995686,1.6208862336314893,0.004877917768079443,1,0.7479179930776886
2025-09-20 22:05:00+00:00,1.623770771542421,1.6208862336314893,0.0028845379109316686,1,0.7488361551042061
2025-09-20 22:10:00+00:00,1.6221865106220013,1.6221865106220013,0.0,0,0.0
2025-09-21 00:45:00+00:00,1.6218215186571112,1.6218215186571112,0.0,1,0.750168787977295
2025-09-21 00:50:00+00:00,1.618036615601982,1.6218215186571112,-0.0037849030551291366,1,0.7519235790061874
2025-09-21 00:55:00+00:00,1.6176810641028638,1.6218215186571112,-0.004140454554247366,1,0.7520888449301514
2025-09-21 01:00:00+00:00,1.6233010716695706,1.6218215186571112,0.001479553012459493,1,0.749485048830272
2025-09-21 01:05:00+00:00,1.6195161686144415,1.6218215186571112,-0.0023053500426696437,1,0.751236638784152
2025-09-21 01:10:00+00:00,1.6183806976979027,1.6218215186571112,-0.0034408209592084655,1,0.7517637133816131
2025-09-21 01:15:00+00:00,1.6167540713813033,1.6167540713813033,0.0,0,0.0
2025-09-22 06:10:00+00:00,1.6163903017152426,1.6163903017152426,0.0,1,0.7501687879772949
2025-09-22 06:15:00+00:00,1.6209717836555548,1.6163903017152426,0.0045814819403122665,1,0.7480485260523445
2025-09-22 06:20:00+00:00,1.6292075428577828,1.6163903017152426,0.01281724114254017,1,0.7442670879174939
2025-09-22 06:25:00+00:00,1.6291530014061124,1.6163903017152426,0.012762699690869829,1,0.744292004796001
2025-09-22 06:30:00+00:00,1.6242442707557778,1.6163903017152426,0.007853969040535237,1,0.7465413764222534
2025-09-22 06:35:00+00:00,1.6285530454377384,1.6163903017152426,0.012162743722495793,1,0.7445662006115695
2025-09-22 06:40:00+00:00,1.629389187708426,1.629389187708426,0.0,0,0.0
2025-09-24 04:30:00+00:00,1.6279232322922195,1.6279232322922195,0.0,4,3.0016882596741112
2025-09-24 04:35:00+00:00,1.6407094365486448,1.6279232322922195,0.012786204256425215,4,2.978295818363453
2025-09-24 04:40:00+00:00,1.653507064491226,1.6279232322922195,0.025583832199006503,4,2.9552447394749035
2025-09-24 04:45:00+00:00,1.648507101052532,1.6279232322922195,0.020583868760312703,4,2.964208070988813
2025-09-24 04:50:00+00:00,1.635419136957178,1.6279232322922195,0.007495904664958521,4,2.987930093024364
2025-09-24 04:55:00+00:00,1.6334832205258072,1.6279232322922195,0.005559988233587824,4,2.991471227019613
2025-09-24 05:00:00+00:00,1.634961867341947,1.634961867341947,0.0,0,0.0
2025-09-25 12:35:00+00:00,1.6338585163727017,1.6338585163727017,0.0,3,2.251012879815685
2025-09-25 12:40:00+00:00,1.6269884744034924,1.6338585163727017,-0.006870041969209416,3,2.2605178967232167
2025-09-25 12:45:00+00:00,1.636699881756922,1.6338585163727017,0.00284136538422041,3,2.2471050466524805
2025-09-25 12:50:00+00:00,1.6414082028118189,1.6338585163727017,0.007549686439117048,3,2.2406593057419655
2025-09-25 12:55:00+00:00,1.6371107492951238,1.6338585163727017,0.0032522329224220856,3,2.2465410881548675
2025-09-25 13:00:00+00:00,1.6282359004727254,1.6338585163727017,-0.005622615899976419,3,2.2587860660016843
2025-09-25 13:05:00+00:00,1.6167149691107834,1.6167149691107834,0.0,0,0.0
2025-09-25 21:10:00+00:00,1.6163512082427334,1.6163512082427334,0.0,1,0.7501687879772949
2025-09-25 21:15:00+00:00,1.6145199084627462,1.6163512082427334,-0.0018312997799871588,1,0.7510196811308417
2025-09-25 21:20:00+00:00,1.614589619572196,1.6163512082427334,-0.0017615886705374287,1,0.750987255296713
2025-09-25 21:25:00+00:00,1.6147976463749982,1.6163512082427334,-0.0015535618677352473,1,0.750890509132873
2025-09-25 21:30:00+00:00,1.6128070069162688,1.6163512082427334,-0.003544201326464531,1,0.7518173108334208
2025-09-25 21:35:00+00:00,1.6113109843769682,1.6163512082427334,-0.00504022386576513,1,0.7525153360149955
2025-09-25 21:40:00+00:00,1.6100066767941215,1.6100066767941215,0.0,0,0.0
2025-09-26 00:55:00+00:00,1.6096444252918427,1.6096444252918427,0.0,1,0.7501687879772949
2025-09-26 01:00:00+00:00,1.6113778374157028,1.6096444252918427,0.001733412123860057,1,0.7493618067455642
2025-09-26 01:05:00+00:00,1.6114157953454225,1.6096444252918427,0.001771370053579671,1,0.7493441550489152
2025-09-26 01:10:00+00:00,1.6103150153835548,1.6096444252918427,0.0006705900917122006,1,0.7498563921097017
2025-09-26 01:15:00+00:00,1.6134275656205594,1.6096444252918427,0.0037831403287168094,1,0.7484098036537254
2025-09-26 01:20:00+00:00,1.6156291255442943,1.6096444252918427,0.005984700252451482,1,0.7473899724287225
2025-09-26 01:25:00+00:00,1.614279967869307,1.614279967869307,0.0,0,0.0
2025-09-28 22:10:00+00:00,1.613553623606689,1.613553623606689,0.0,2,1.5005064019177266
2025-09-28 22:15:00+00:00,1.609558710707525,1.613553623606689,-0.003994912899163844,2,1.5042306477873688
2025-09-28 22:20:00+00:00,1.6159997371108425,1.613553623606689,0.002446113504153506,2,1.4982351088670471
2025-09-28 22:25:00+00:00,1.616943416161257,1.613553623606689,0.0033897925545679783,2,1.4973607102512996
2025-09-28 22:30:00+00:00,1.618174736444284,1.613553623606689,0.00462111283759505,2,1.4962213211779098
2025-09-28 22:35:00+00:00,1.6218063181856492,1.613553623606689,0.008252694578960202,2,1.4928709519198162
2025-09-28 22:40:00+00:00,1.6197142434440963,1.6197142434440963,0.0,0,0.0
2025-09-29 13:45:00+00:00,1.61898545403258,1.61898545403258,0.0,2,1.5005064019177266
2025-09-29 13:50:00+00:00,1.6163290051718477,1.61898545403258,-0.002656448860732291,2,1.5029724954600323
2025-09-29 13:55:00+00:00,1.6258890687302336,1.61898545403258,0.006903614697653523,2,1.4941351689416094
2025-09-29 14:00:00+00:00,1.624721714938788,1.61898545403258,0.005736260906207882,2,1.4952086970038978
2025-09-29 14:05:00+00:00,1.6318390857965557,1.61898545403258,0.012853631763975627,2,1.4886872483519056
2025-09-29 14:10:00+00:00,1.6317385954374544,1.61898545403258,0.012753141404874173,2,1.4887789289167919
2025-09-29 14:15:00+00:00,1.6385256471061262,1.6385256471061262,0.0,0,0.0
2025-10-01 08:30:00+00:00,1.6381569788355275,1.6381569788355275,0.0,1,0.7501687879772948
2025-10-01 08:35:00+00:00,1.6392754684268425,1.6381569788355275,0.0011184895913149107,1,0.749656942349612
2025-10-01 08:40:00+00:00,1.6411118424549902,1.6381569788355275,0.0029548636194626277,1,0.7488180899915106
2025-10-01 08:45:00+00:00,1.6440485453074498,1.6381569788355275,0.005891566471922261,1,0.7474805040503119
2025-10-01 08:50:00+00:00,1.6500651005875704,1.6381569788355275,0.011908121752042854,1,0.7447550008129974
2025-10-01 08:55:00+00:00,1.6489455427158433,1.6381569788355275,0.010788563880315809,1,0.7452606550641955
2025-10-01 09:00:00+00:00,1.6487456627503332,1.6487456627503332,0.0,0,0.0
2025-10-01 23:20:00+00:00,1.6483746949762144,1.6483746949762144,0.0,1,0.7501687879772949
2025-10-01 23:25:00+00:00,1.6481876215924547,1.6483746949762144,-0.00018707338375969446,1,0.7502539339956968
2025-10-01 23:30:00+00:00,1.648298402478927,1.6483746949762144,-7.629249728736578e-05,1,0.7502035099973708
2025-10-01 23:35:00+00:00,1.645702367365747,1.6483746949762144,-0.002672327610467453,1,0.7513869285137466
2025-10-01 23:40:00+00:00,1.6467046208575102,1.6483746949762144,-0.001670074118704175,1,0.7509296029173831
2025-10-01 23:45:00+00:00,1.6477915276681814,1.6483746949762144,-0.0005831673080330508,1,0.7504342790332382
2025-10-01 23:50:00+00:00,1.6482482812344967,1.6482482812344967,0.0,0,0.0
2025-10-02 12:40:00+00:00,1.647877425371219,1.647877425371219,0.0,1,0.7501687879772949
2025-10-02 12:45:00+00:00,1.6485063381050094,1.647877425371219,0.0006289127337904015,1,0.7498825951417895
2025-10-02 12:50:00+00:00,1.646782651353139,1.647877425371219,-0.001094774018079908,1,0.7506674969584572
2025-10-02 12:55:00+00:00,1.6470621681237125,1.647877425371219,-0.0008152572475063962,1,0.7505401039804718
2025-10-02 13:00:00+00:00,1.6468059444173535,1.647877425371219,-0.0010714809538654945,1,0.7506568792252205
2025-10-02 13:05:00+00:00,1.6462934970046352,1.647877425371219,-0.001583928366583828,1,0.7508905387618087
2025-10-02 13:10:00+00:00,1.6434186367383026,1.6434186367383026,0.0,0,0.0
2025-10-02 15:10:00+00:00,1.642679181549839,1.642679181549839,0.0,2,1.5005064019177263
2025-10-02 15:15:00+00:00,1.6494473900941231,1.642679181549839,0.0067682085442842595,2,1.4943493457356356
2025-10-02 15:20:00+00:00,1.6497019986576218,1.642679181549839,0.007022817107782958,2,1.4941187136938532
2025-10-02 15:25:00+00:00,1.6582187088295486,1.642679181549839,0.015539527279709586,2,1.4864448308826017
2025-10-02 15:30:00+00:00,1.656226101229995,1.642679181549839,0.013546919680156163,2,1.4882331744331194
2025-10-02 15:35:00+00:00,1.6555436306736626,1.642679181549839,0.012864449123823726,2,1.4888466740133717
2025-10-02 15:40:00+00:00,1.6530299300237876,1.6530299300237876,0.0,0,0.0
2025-10-03 21:00:00+00:00,1.6526579982895322,1.6526579982895322,0.0,1,0.7501687879772949
2025-10-03 21:05:00+00:00,1.651147998860939,1.6526579982895322,-0.0015099994285932418,1,0.7508548285030234
2025-10-03 21:10:00+00:00,1.6477400140394614,1.6526579982895322,-0.004917984250070819,1,0.7524078052086133
2025-10-03 21:15:00+00:00,1.6521232068252387,1.6526579982895322,-0.0005347914642934426,1,0.75041161724265
2025-10-03 21:20:00+00:00,1.649784804932348,1.6526579982895322,-0.002873193357184273,1,0.7514752492636029
2025-10-03 21:25:00+00:00,1.6508753600752206,1.6526579982895322,-0.0017826382143114755,1,0.7509788306861347
2025-10-03 21:30:00+00:00,1.651258428055262,1.651258428055262,0.0,0,0.0
2025-10-03 22:50:00+00:00,1.6508868949089497,1.6508868949089497,0.0,1,0.7501687879772949
2025-10-03 22:55:00+00:00,1.6479560113203522,1.6508868949089497,-0.002930883588597479,1,0.7515029603546262
2025-10-03 23:00:00+00:00,1.6424268266780337,1.6508868949089497,-0.008460068230916025,1,0.7540328743572208
2025-10-03 23:05:00+00:00,1.6323246321811657,1.6508868949089497,-0.018562262727784034,1,0.7586994624878002
2025-10-03 23:10:00+00:00,1.635193156544474,1.6508868949089497,-0.015693738364475823,1,0.7573685200949307
2025-10-03 23:15:00+00:00,1.6353490546076972,1.6508868949089497,-0.015537840301252447,1,0.7572963200437572
2025-10-03 23:20:00+00:00,1.637024982691717,1.637024982691717,0.0,0,0.0
2025-10-05 02:30:00+00:00,1.6366566520706114,1.6366566520706114,0.0,1,0.7501687879772949
2025-10-05 02:35:00+00:00,1.6488536827053515,1.6359144174185938,0.012939265286757717,3,2.2451259821125746
2025-10-05 02:40:00+00:00,1.6385660445214023,1.6359144174185938,0.002651627102808639,3,2.2592218703183526
2025-10-05 02:45:00+00:00,1.6313219169416868,1.6359144174185938,-0.004592500476906887,3,2.269254281021295
2025-10-05 02:50:00+00:00,1.637592558145256,1.6359144174185938,0.0016781407266622038,3,2.260564891633702
2025-10-05 02:55:00+00:00,1.639499799895958,1.6359144174185938,0.0035853824773641875,3,2.257935160454858
2025-10-05 03:00:00+00:00,1.652179801090029,1.6474457325000196,0.004734068590009499,2,1.4974856278310005
2025-10-05 03:05:00+00:00,1.660641221874898,1.660641221874898,0.0,0,0.0
2025-10-06 00:20:00+00:00,1.6598940173950163,1.6598940173950163,0.0,2,1.5005064019177263
2025-10-06 00:25:00+00:00,1.6499204710939492,1.6598940173950163,-0.009973546301067008,2,1.5095767603603072
2025-10-06 00:30:00+00:00,1.6435241243499759,1.6598940173950163,-0.016369893045040464,2,1.5154518042692169
2025-10-06 00:35:00+00:00,1.64516301649284,1.6598940173950163,-0.0147310009021764,2,1.513942128917895
2025-10-06 00:40:00+00:00,1.6387884291069093,1.6598940173950163,-0.02110558828810703,2,1.5198310870204903
2025-10-06 00:45:00+00:00,1.6433465235638265,1.6598940173950163,-0.016547493831189815,2,1.515615583136273
2025-10-06 00:50:00+00:00,1.640701209336176,1.640701209336176,0.0,0,0.0
2025-10-06 05:30:00+00:00,1.6403320515640754,1.6403320515640754,0.0,1,0.7501687879772948
2025-10-06 05:35:00+00:00,1.6385099347800962,1.6403320515640754,-0.0018221167839791693,1,0.7510030185854688
2025-10-06 05:40:00+00:00,1.635184829010462,1.6403320515640754,-0.005147222553613314,1,0.7525301636676688
2025-10-06 05:45:00+00:00,1.6343921567372057,1.6403320515640754,-0.005939894826869738,1,0.7528951371491368
2025-10-06 05:50:00+00:00,1.638314340323059,1.6403320515640754,-0.0020177112410164157,1,0.7510926790517409
2025-10-06 05:55:00+00:00,1.637501079159588,1.6403320515640754,-0.002830972404487309,1,0.7514657075118831
2025-10-06 06:00:00+00:00,1.6351553879268999,1.6351553879268999,0.0,0,0.0
2025-10-06 13:40:00+00:00,1.6347874779646163,1.6347874779646163,0.0,1,0.7501687879772949
2025-10-06 13:45:00+00:00,1.6310727364725544,1.6347874779646163,-0.0037147414920620327,1,0.7518772851279344
2025-10-06 13:50:00+00:00,1.6317020386409737,1.6347874779646163,-0.003085439323642646,1,0.7515873069366279
2025-10-06 13:55:00+00:00,1.6361629147715415,1.6347874779646163,0.0013754368069251448,1,0.7495381602121286
2025-10-06 14:00:00+00:00,1.6396254043395535,1.6347874779646163,0.004837926374937257,1,0.7479553181472932
2025-10-06 14:05:00+00:00,1.6413646149737926,1.6347874779646163,0.00657713700917635,1,0.747162775264749
2025-10-06 14:10:00+00:00,1.6442653588905143,1.6442653588905143,0.0,0,0.0
2025-10-07 04:40:00+00:00,1.643895399184764,1.643895399184764,0.0,1,0.7501687879772948
2025-10-07 04:45:00+00:00,1.6416231948873874,1.643895399184764,-0.002272204297376615,1,0.7512071119660813
2025-10-07 04:50:00+00:00,1.6483800129295862,1.643895399184764,0.004484613744822331,1,0.7481278646276356
2025-10-07 04:55:00+00:00,1.6492769356785506,1.643895399184764,0.005381536493786633,1,0.7477210118508807
2025-10-07 05:00:00+00:00,1.652306541408386,1.643895399184764,0.008411142223622029,1,0.7463500193594446
2025-10-07 05:05:00+00:00,1.6502735165107334,1.643895399184764,0.006378117325969282,1,0.7472694718965788
2025-10-07 05:10:00+00:00,1.6484983778316054,1.6484983778316054,0.0,0,0.0
2025-10-07 10:35:00+00:00,1.6481274656965932,1.6481274656965932,0.0,1,0.7501687879772949
2025-10-07 10:40:00+00:00,1.6480700982437064,1.6481274656965932,-5.73674528867492e-05,1,0.750194900502877
2025-10-07 10:45:00+00:00,1.6477736997371248,1.6481274656965932,-0.00035376595946837825,1,0.7503298441836687
2025-10-07 10:50:00+00:00,1.6445515611333172,1.6481274656965932,-0.003575904563275864,1,0.7517999511804155
2025-10-07 10:55:00+00:00,1.6463012684463643,1.6481274656965932,-0.001826197250228915,1,0.7510009298240328
2025-10-07 11:00:00+00:00,1.6474677399883955,1.6481274656965932,-0.000659725708197753,1,0.7504691918170203
2025-10-07 11:05:00+00:00,1.6451941406659718,1.6451941406659718,0.0,0,0.0
2025-10-08 00:20:00+00:00,1.644823971984322,1.644823971984322,0.0,1,0.7501687879772949
2025-10-08 00:25:00+00:00,1.6419532157925385,1.644823971984322,-0.002870756191783627,1,0.7514803671820222
2025-10-08 00:30:00+00:00,1.6412006874704206,1.644823971984322,-0.0036232845139015602,1,0.7518249382415747
2025-10-08 00:35:00+00:00,1.6369921031504273,1.644823971984322,-0.007831868833894725,1,0.753757823953347
2025-10-08 00:40:00+00:00,1.64043886867519,1.644823971984322,-0.004385103309132006,1,0.7521740852775372
2025-10-08 00:45:00+00:00,1.6471187188431262,1.644823971984322,0.002294746858804125,1,0.7491236614481077
2025-10-08 00:50:00+00:00,1.6358136633079838,1.6358136633079838,0.0,0,0.0
2025-10-08 14:05:00+00:00,1.6354456052337396,1.6354456052337396,0.0,1,0.7501687879772949
2025-10-08 14:10:00+00:00,1.6333157339756856,1.6354456052337396,-0.0021298712580540623,1,0.7511470207261541
2025-10-08 14:15:00+00:00,1.630522148047178,1.6354456052337396,-0.00492345718656158,1,0.7524339665979745
2025-10-08 14:20:00+00:00,1.6343901901020346,1.6354456052337396,-0.0010554151317049855,1,0.7506532129909538
2025-10-08 14:25:00+00:00,1.629249121548111,1.6354456052337396,-0.006196483685628542,1,0.7530218867420512
2025-10-08 14:30:00+00:00,1.6284983623307125,1.6354456052337396,-0.006947242903026979,1,0.7533690397607163
2025-10-08 14:35:00+00:00,1.6250728645450345,1.6250728645450345,0.0,0,0.0
2025-10-08 15:25:00+00:00,1.624707223150512,1.624707223150512,0.0,1,0.7501687879772949
2025-10-08 15:30:00+00:00,1.6230097999014588,1.624707223150512,-0.001697423249053092,1,0.7509533512876976
2025-10-08 15:35:00+00:00,1.6194506866373153,1.624707223150512,-0.005256536513196672,1,0.7526037430256954
2025-10-08 15:40:00+00:00,1.6189578863392031,1.624707223150512,-0.005749336811308859,1,0.7528328307320854
2025-10-08 15:45:00+00:00,1.6191221531052404,1.624707223150512,-0.005585070045271464,1,0.7527564526686799
2025-10-08 15:50:00+00:00,1.6145226836561934,1.624707223150512,-0.010184539494318415,1,0.7549009132833688
2025-10-08 15:55:00+00:00,1.6169495772843065,1.6169495772843065,0.0,0,0.0
2025-10-10 11:10:00+00:00,1.6165857636294176,1.6165857636294176,0.0,1,0.7501687879772949
2025-10-10 11:15:00+00:00,1.6103556373350023,1.6165857636294176,-0.006230126294415249,1,0.7530710327876161
2025-10-10 11:20:00+00:00,1.6085170832450602,1.6165857636294176,-0.008068680384357497,1,0.7539318019033256
2025-10-10 11:25:00+00:00,1.6078597763424383,1.6165857636294176,-0.008725987286979358,1,0.7542400157070347
2025-10-10 11:30:00+00:00,1.6086885546109615,1.6165857636294176,-0.007897209018456083,1,0.7538514397253899
2025-10-10 11:35:00+00:00,1.6114320964653828,1.6165857636294176,-0.00515366716403481,1,0.752567970827483
2025-10-10 11:40:00+00:00,1.6117065373391268,1.6117065373391268,0.0,0,0.0
2025-10-10 15:40:00+00:00,1.6113439033682255,1.6113439033682255,0.0,1,0.7501687879772949
2025-10-10 15:45:00+00:00,1.6148259077575144,1.6113439033682255,0.0034820043892888094,1,0.7485512197924545
2025-10-10 15:50:00+00:00,1.611973767838295,1.6113439033682255,0.0006298644700694395,1,0.7498756661687833
2025-10-10 15:55:00+00:00,1.6107525813294967,1.6113439033682255,-0.0005913220387287134,1,0.7504441818163234
2025-10-10 16:00:00+00:00,1.609198712781757,1.6113439033682255,-0.002145190586468344,1,0.7511688229695237
2025-10-10 16:05:00+00:00,1.6072107347441789,1.6113439033682255,-0.0041331686240465735,1,0.7520979526040483
2025-10-10 16:10:00+00:00,1.6102367919077414,1.6102367919077414,0.0,0,0.0
2025-10-10 21:05:00+00:00,1.6098744886295622,1.6098744886295622,0.0,1,0.7501687879772948
2025-10-10 21:10:00+00:00,1.6033166676865598,1.6098744886295622,-0.006557820943002414,1,0.7532370979922357
2025-10-10 21:15:00+00:00,1.5797442154001677,1.6098744886295622,-0.030130273229394437,1,0.7644766679046754
2025-10-10 21:20:00+00:00,1.4884251148931504,1.6098744886295622,-0.12144937373641171,1,0.8113794787838564
2025-10-10 21:25:00+00:00,1.540915780998403,1.6095277045524201,-0.06861192355401709,2,1.5339089565336306
2025-10-10 21:30:00+00:00,1.439262213404257,1.6095277045524201,-0.17026549114816308,2,1.6422473234719566
2025-10-10 21:35:00+00:00,1.536497445313064,1.5706858511324664,-0.034188405819402454,1,0.7523259653524076
2025-10-10 21:40:00+00:00,1.5318794035683954,1.5706858511324664,-0.03880644756407103,1,0.7545939459163491
2025-10-10 21:45:00+00:00,1.582252236792501,1.5706858511324664,0.011566385660034614,1,0.7305705733429477
2025-10-10 21:50:00+00:00,1.5865510590617318,1.5706858511324664,0.015865207929265424,1,0.7285910637444424
2025-10-10 21:55:00+00:00,1.597728098047899,1.597728098047899,0.0,0,0.0
2025-10-12 14:50:00+00:00,1.5973686092258381,1.5973686092258381,0.0,1,0.7501687879772949
2025-10-12 14:55:00+00:00,1.614061799320889,1.5973686092258381,0.016693190095050908,1,0.7424102807216572
2025-10-12 15:00:00+00:00,1.607698433125764,1.5973686092258381,0.010329823899925919,1,0.7453487848502408
2025-10-12 15:05:00+00:00,1.6174503222374137,1.5973686092258381,0.020081713011575533,1,0.7408549474819883
2025-10-12 15:10:00+00:00,1.6200449452605694,1.5973686092258381,0.022676336034731383,1,0.7396684129298581
2025-10-12 15:15:00+00:00,1.6249026392441328,1.5973686092258381,0.027534030018294704,1,0.737457152567211
2025-10-12 15:20:00+00:00,1.6379725298443844,1.6379725298443844,0.0,0,0.0
2025-10-16 09:45:00+00:00,1.6372355251283137,1.6372355251283137,0.0,2,1.5005064019177263
2025-10-16 09:50:00+00:00,1.649943061584675,1.6372355251283137,0.012707536456361464,2,1.4889497971782515
2025-10-16 09:55:00+00:00,1.6382869384094167,1.6372355251283137,0.0010514132811030416,2,1.4995434128818201
2025-10-16 10:00:00+00:00,1.6392959831329803,1.6372355251283137,0.0020604580046665938,2,1.4986203908137548
2025-10-16 10:05:00+00:00,1.6394680282825793,1.6372355251283137,0.0022325031542655845,2,1.4984631261615127
2025-10-16 10:10:00+00:00,1.641800669539236,1.6372355251283137,0.004565144410922171,2,1.4963341363428864
2025-10-16 10:15:00+00:00,1.649955479885564,1.649955479885564,0.0,0,0.0
2025-10-18 07:05:00+00:00,1.6495842399025897,1.6495842399025897,0.0,1,0.7501687879772948
2025-10-18 07:10:00+00:00,1.6510504325683648,1.6495842399025897,0.0014661926657751358,1,0.7495026108858327
2025-10-18 07:15:00+00:00,1.6469394052878188,1.6495842399025897,-0.0026448346147710145,1,0.7513734906949497
2025-10-18 07:20:00+00:00,1.642916855150897,1.6495842399025897,-0.006667384751692746,1,0.7532131684171658
2025-10-18 07:25:00+00:00,1.6415201802408268,1.6495842399025897,-0.008064059661762973,1,0.7538540340896842
2025-10-18 07:30:00+00:00,1.6418614492233778,1.6495842399025897,-0.007722790679211958,1,0.7536973418186479
2025-10-18 07:35:00+00:00,1.6422075060833583,1.6422075060833583,0.0,0,0.0
2025-10-19 08:20:00+00:00,1.6418380093944895,1.6418380093944895,0.0,1,0.7501687879772949
2025-10-19 08:25:00+00:00,1.6269405298288897,1.6418380093944895,-0.014897479565599815,1,0.7570378922775104
2025-10-19 08:30:00+00:00,1.6247988799565882,1.6418380093944895,-0.017039129437901295,1,0.7580357450735234
2025-10-19 08:35:00+00:00,1.6216914494683732,1.6418380093944895,-0.020146559926116338,1,0.7594882676148308
2025-10-19 08:40:00+00:00,1.6212712721874238,1.6418380093944895,-0.020566737207065592,1,0.7596851006314109
2025-10-19 08:45:00+00:00,1.6209451644469857,1.6418380093944895,-0.020892844947503892,1,0.7598379368883339
2025-10-19 08:50:00+00:00,1.6197729410124224,1.6197729410124224,0.0,0,0.0
2025-10-20 03:55:00+00:00,1.6190441251899719,1.6190441251899719,0.0,2,1.5005064019177266
2025-10-20 04:00:00+00:00,1.616175973031223,1.6190441251899719,-0.0028681521587487404,2,1.5031692806807395
2025-10-20 04:05:00+00:00,1.6211567017916877,1.6190441251899719,0.0021125766017157325,2,1.4985510482422226
2025-10-20 04:10:00+00:00,1.6191870025614425,1.6190441251899719,0.00014287737147060863,2,1.5003739969452052
2025-10-20 04:15:00+00:00,1.6211541355399008,1.6190441251899719,0.002110010349928997,2,1.4985534204159852
2025-10-20 04:20:00+00:00,1.6141424840010212,1.6190441251899719,-0.004901641188950551,2,1.5050629661967938
2025-10-20 04:25:00+00:00,1.6104302655499823,1.6104302655499823,0.0,0,0.0
2025-10-22 11:15:00+00:00,1.6100679187402336,1.6100679187402336,0.0,1,0.7501687879772949
2025-10-22 11:20:00+00:00,1.610674415598557,1.6100679187402336,0.00060649685832352,1,0.7498863131278067
2025-10-22 11:25:00+00:00,1.6119948098005328,1.6100679187402336,0.0019268910602991108,1,0.749272076944182
2025-10-22 11:30:00+00:00,1.6094614218819099,1.6100679187402336,-0.0006064968583236541,1,0.7504514757180105
2025-10-22 11:35:00+00:00,1.6115746843726313,1.6100679187402336,0.0015067656323977253,1,0.7494674065525416
2025-10-22 11:40:00+00:00,1.6135015754329305,1.6100679187402336,0.0034336566926968363,1,0.7485723705217995
2025-10-22 11:45:00+00:00,1.610252050870537,1.610252050870537,0.0,0,0.0
2025-10-22 13:40:00+00:00,1.6098897441590911,1.6098897441590911,0.0,1,0.7501687879772948
2025-10-22 13:45:00+00:00,1.6057615955560813,1.6098897441590911,-0.0041281486030098295,1,0.7520973483829493
2025-10-22 13:50:00+00:00,1.6037459893960695,1.6098897441590911,-0.006143754763021738,1,0.7530425928657742
2025-10-22 13:55:00+00:00,1.6083409920516192,1.6098897441590911,-0.0015487521074719908,1,0.7508911630812567
2025-10-22 14:00:00+00:00,1.613659117094039,1.6098897441590911,0.003769372934947862,1,0.7484164563379232
2025-10-22 14:05:00+00:00,1.608223999985947,1.6098897441590911,-0.0016657441731442722,1,0.7509457875043873
2025-10-22 14:10:00+00:00,1.6083174052255487,1.6083174052255487,0.0,0,0.0
2025-10-22 15:00:00+00:00,1.607955533809373,1.607955533809373,0.0,1,0.7501687879772949
2025-10-22 15:05:00+00:00,1.605409888845036,1.607955533809373,-0.0025456449643368765,1,0.7513583056268286
2025-10-22 15:10:00+00:00,1.6030270649608294,1.607955533809373,-0.0049284688485436755,1,0.7524751641973284
2025-10-22 15:15:00+00:00,1.5997017575166401,1.607955533809373,-0.008253776292732846,1,0.7540393378023867
2025-10-22 15:20:00+00:00,1.5947325833980641,1.607955533809373,-0.01322295041130894,1,0.7563889184159663
2025-10-22 15:25:00+00:00,1.5941126108237236,1.607955533809373,-0.013842922985649325,1,0.7566830885905004
2025-10-22 15:30:00+00:00,1.5922102014955506,1.5922102014955506,0.0,0,0.0
2025-10-23 06:20:00+00:00,1.591851954200214,1.591851954200214,0.0,1,0.7501687879772949
2025-10-23 06:25:00+00:00,1.593211423293021,1.591851954200214,0.0013594690928070059,1,0.7495286775269595
2025-10-23 06:30:00+00:00,1.5921086219649363,1.591851954200214,0.0002566677647221422,1,0.7500478514134712
2025-10-23 06:35:00+00:00,1.5912635759768472,1.591851954200214,-0.0005883782233669678,1,0.7504461669014146
2025-10-23 06:40:00+00:00,1.5922434812989426,1.591851954200214,0.0003915270987284622,1,0.7499843240981439
2025-10-23 06:45:00+00:00,1.5936779930856724,1.591851954200214,0.0018260388854582843,1,0.7493092433368802
2025-10-23 06:50:00+00:00,1.5939320506697363,1.5939320506697363,0.0,0,0.0
2025-10-23 15:10:00+00:00,1.5935734159583357,1.5935734159583357,0.0,1,0.7501687879772948
2025-10-23 15:15:00+00:00,1.6074322434575201,1.5935734159583357,0.01385882749918449,1,0.7437010442386927
2025-10-23 15:20:00+00:00,1.5946067028664226,1.5935734159583357,0.00103328690808691,1,0.7496826871813562
2025-10-23 15:25:00+00:00,1.6074961581116287,1.5935734159583357,0.013922742153292993,1,0.7436714744044116
2025-10-23 15:30:00+00:00,1.6105853663935377,1.5935734159583357,0.017011950435202084,1,0.742245063780246
2025-10-23 15:35:00+00:00,1.6293549698167222,1.5935734159583357,0.03578155385838658,1,0.7336946584063092
2025-10-23 15:40:00+00:00,1.615499690646085,1.615499690646085,0.0,0,0.0
2025-10-23 16:55:00+00:00,1.6151362032156897,1.6151362032156897,0.0,1,0.7501687879772948
2025-10-23 17:00:00+00:00,1.6125337718004777,1.6151362032156897,-0.0026024314152119812,1,0.7513794682462506
2025-10-23 17:05:00+00:00,1.6043621988988572,1.6151362032156897,-0.010774004316832595,1,0.7552065043767261
2025-10-23 17:10:00+00:00,1.6024728892593438,1.6151362032156897,-0.012663313956345838,1,0.7560968900663096
2025-10-23 17:15:00+00:00,1.6028495163443448,1.6151362032156897,-0.012286686871344984,1,0.7559192273694813
2025-10-23 17:20:00+00:00,1.6040781850314794,1.6151362032156897,-0.011058018184210377,1,0.7553402192554511
2025-10-23 17:25:00+00:00,1.6031898893678858,1.6031898893678858,0.0,0,0.0
2025-10-24 04:35:00+00:00,1.602829171642778,1.602829171642778,0.0,1,0.7501687879772949
2025-10-24 04:40:00+00:00,1.6018430802080543,1.602829171642778,-0.0009860914347238337,1,0.7506305904007416
2025-10-24 04:45:00+00:00,1.6061952738860024,1.602829171642778,0.0033661022432244074,1,0.7485966598051718
2025-10-24 04:50:00+00:00,1.6060826646789508,1.602829171642778,0.0032534930361727047,1,0.7486491470638391
2025-10-24 04:55:00+00:00,1.6097805075591656,1.602829171642778,0.006951335916387415,1,0.7469294176316282
2025-10-24 05:00:00+00:00,1.6095705066054742,1.602829171642778,0.006741334962696156,1,0.7470268696471808
2025-10-24 05:05:00+00:00,1.6047388990112015,1.6047388990112015,0.0,0,0.0
2025-10-26 22:05:00+00:00,1.6036559439558102,1.6036559439558102,0.0,3,2.2510128798156845
2025-10-26 22:10:00+00:00,1.5983370265356915,1.6036559439558102,-0.00531891742011867,3,2.258503760287442
2025-10-26 22:15:00+00:00,1.5932828265783876,1.6036559439558102,-0.010373117377422742,3,2.265668169153462
2025-10-26 22:20:00+00:00,1.5859466479116946,1.6036559439558102,-0.017709296044115554,3,2.2761485636296794
2025-10-26 22:25:00+00:00,1.5867510088429155,1.6036559439558102,-0.016904935112894755,3,2.2749947310699175
2025-10-26 22:30:00+00:00,1.5859146078620023,1.6036559439558102,-0.017741336093807923,3,2.2761945483962767
2025-10-26 22:35:00+00:00,1.5914143254896553,1.5914143254896553,0.0,0,0.0
2025-10-29 17:40:00+00:00,1.5906982696085352,1.5906982696085352,0.0,2,1.5005064019177266
2025-10-29 17:45:00+00:00,1.588676013926133,1.5906982696085352,-0.0020222556824023817,2,1.502416424836912
2025-10-29 17:50:00+00:00,1.587515958944396,1.5906982696085352,-0.0031823106641393935,2,1.5035142945297841
2025-10-29 17:55:00+00:00,1.5841799261183422,1.5906982696085352,-0.006518343490192877,2,1.5066804582705924
2025-10-29 18:00:00+00:00,1.5936692073865215,1.5906982696085352,0.002970937777986269,2,1.4977091393899036
2025-10-29 18:05:00+00:00,1.5822972467650314,1.5906982696085352,-0.008401022843503785,2,1.508473165801761
2025-10-29 18:10:00+00:00,1.576549516167677,1.576549516167677,0.0,0,0.0
2025-10-30 04:40:00+00:00,1.5751311004082145,1.5751311004082145,0.0,4,3.001688259674111
2025-10-30 04:45:00+00:00,1.552886744245208,1.5751311004082145,-0.022244356163006636,4,3.0446860011294676
2025-10-30 04:50:00+00:00,1.5506194180489117,1.5751311004082145,-0.024511682359302827,4,3.0491379615844343
2025-10-30 04:55:00+00:00,1.5550544055072701,1.5751311004082145,-0.020076694900944336,4,3.0404418744439843
2025-10-30 05:00:00+00:00,1.53629867755787,1.5751311004082145,-0.03883242285034458,4,3.0775607638084437
2025-10-30 05:05:00+00:00,1.5345147917051996,1.5751311004082145,-0.040616308703014935,4,3.081138453079976
2025-10-30 05:10:00+00:00,1.5388360739836902,1.5388360739836902,0.0,0,0.0
2025-10-31 18:40:00+00:00,1.5381436756539737,1.5381436756539737,0.0,2,1.5005064019177266
2025-10-31 18:45:00+00:00,1.5355806035365231,1.5381436756539737,-0.002563072117450634,2,1.5030109308965076
2025-10-31 18:50:00+00:00,1.5297583411733633,1.5381436756539737,-0.008385334480610442,2,1.5087313925791446
2025-10-31 18:55:00+00:00,1.5297543992524563,1.5381436756539737,-0.008389276401517383,2,1.508735280327284
2025-10-31 19:00:00+00:00,1.5311702397339992,1.5381436756539737,-0.0069734359199744266,2,1.5073401849744703
2025-10-31 19:05:00+00:00,1.5226129838595703,1.5381436756539737,-0.015530691794403272,2,1.5158116060048752
2025-10-31 19:10:00+00:00,1.5259409734522955,1.5259409734522955,0.0,0,0.0
2025-11-03 08:55:00+00:00,1.5255976367332686,1.5255976367332686,0.0,1,0.750168787977295
2025-11-03 09:00:00+00:00,1.5240922581166245,1.5255976367332686,-0.0015053786166441359,1,0.7509097457810505
2025-11-03 09:05:00+00:00,1.527103015349913,1.5255976367332686,0.001505378616644263,1,0.7494292910075793
2025-11-03 09:10:00+00:00,1.5293332058930897,1.5255976367332686,0.003735569159820996,1,0.748336415948603
2025-11-03 09:15:00+00:00,1.5307047730771433,1.5255976367332686,0.0051071363438746804,1,0.747665879285492
2025-11-03 09:20:00+00:00,1.5277274687020024,1.5255976367332686,0.002129831968733799,1,0.7491229643606405
2025-11-03 09:25:00+00:00,1.5231021661400768,1.5231021661400768,0.0,0,0.0
2025-11-03 15:40:00+00:00,1.5227594681526953,1.5227594681526953,0.0,1,0.7501687879772949
2025-11-03 15:45:00+00:00,1.5114332834894724,1.5227594681526953,-0.01132618466322296,1,0.7557903065147198
2025-11-03 15:50:00+00:00,1.5005116054213643,1.5227594681526953,-0.02224786273133092,1,0.7612914291884311
2025-11-03 15:55:00+00:00,1.4977474770214112,1.5227594681526953,-0.025011991131284127,1,0.7626964105303096
2025-11-03 16:00:00+00:00,1.504489253606663,1.5227594681526953,-0.018270214546032327,1,0.7592786866816066
2025-11-03 16:05:00+00:00,1.4988935790409041,1.5227594681526953,-0.023865889111791178,1,0.7621132284361357
2025-11-03 16:10:00+00:00,1.5032701246631988,1.5032701246631988,0.0,0,0.0
2025-11-04 08:25:00+00:00,1.5029318888851495,1.5029318888851495,0.0,1,0.7501687879772949
2025-11-04 08:30:00+00:00,1.501031252034173,1.5029318888851495,-0.0019006368509764948,1,0.7511186672292757
2025-11-04 08:35:00+00:00,1.5040329400228103,1.5029318888851495,0.0011010511376607246,1,0.7496196150333649
2025-11-04 08:40:00+00:00,1.5042955066827235,1.5029318888851495,0.0013636177975739551,1,0.7494887729763021
2025-11-04 08:45:00+00:00,1.503580201625676,1.5029318888851495,0.0006483127405264828,1,0.7498453306836532
2025-11-04 08:50:00+00:00,1.5010182857793624,1.5029318888851495,-0.0019136031057870695,1,0.7511251556219386
2025-11-04 08:55:00+00:00,1.4983342384018419,1.4983342384018419,0.0,0,0.0
2025-11-04 14:45:00+00:00,1.4969861926380412,1.4969861926380412,0.0,4,3.0016882596741117
2025-11-04 14:50:00+00:00,1.5122046557111435,1.4969861926380412,0.01521846307310222,4,2.971479992714814
2025-11-04 14:55:00+00:00,1.5346843475149452,1.4969861926380412,0.037698154876904054,4,2.9279544595681735
2025-11-04 15:00:00+00:00,1.5314813994869034,1.4969861926380412,0.034495206848862314,4,2.934077998493042
2025-11-04 15:05:00+00:00,1.5439858477354065,1.4969861926380412,0.046999655097365256,4,2.910315457830483
2025-11-04 15:10:00+00:00,1.5203038727457414,1.4969861926380412,0.023317680107700172,4,2.9556498275705936
2025-11-04 15:15:00+00:00,1.5039000254122672,1.5039000254122672,0.0,0,0.0
2025-11-04 17:25:00+00:00,1.5032233465357705,1.5032233465357705,0.0,2,1.500506401917726
2025-11-04 17:30:00+00:00,1.497833672486429,1.5032233465357705,-0.005389674049341585,2,1.5059056932835437
2025-11-04 17:35:00+00:00,1.514728117412343,1.5032233465357705,0.011504770876572609,2,1.4891096488275515
2025-11-04 17:40:00+00:00,1.512049070822829,1.5032233465357705,0.008825724287058391,2,1.4917480513788213
2025-11-04 17:45:00+00:00,1.5049228066407374,1.5032233465357705,0.0016994601049669816,2,1.4988119291141684
2025-11-04 17:50:00+00:00,1.5046187005168534,1.5032233465357705,0.0013953539810828263,2,1.4991148616020056
2025-11-04 17:55:00+00:00,1.5018767364560803,1.5018767364560803,0.0,0,0.0
2025-11-04 20:30:00+00:00,1.5015388141903776,1.5015388141903776,0.0,1,0.7501687879772949
2025-11-04 20:35:00+00:00,1.495859965966081,1.5015388141903776,-0.005678848224296704,1,0.7530167114370129
2025-11-04 20:40:00+00:00,1.5100386087126438,1.5015388141903776,0.008499794522266272,1,0.7459461935892876
2025-11-04 20:45:00+00:00,1.515803686736442,1.5015388141903776,0.014264872546064306,1,0.7431091256726259
2025-11-04 20:50:00+00:00,1.5114921967613792,1.5015388141903776,0.00995338257100172,1,0.7452288240426076
2025-11-04 20:55:00+00:00,1.5065155054758785,1.5015388141903776,0.00497669128550086,1,0.7476906465600899
2025-11-04 21:00:00+00:00,1.5098731460459436,1.5098731460459436,0.0,0,0.0
2025-11-04 22:00:00+00:00,1.5095334245880832,1.5095334245880832,0.0,1,0.7501687879772949
2025-11-04 22:05:00+00:00,1.513021857915003,1.5095334245880832,0.003488433326919731,1,0.7484391937965463
2025-11-04 22:10:00+00:00,1.5172104623855578,1.5095334245880832,0.007677037797474604,1,0.7463729572190939
2025-11-04 22:15:00+00:00,1.5162833002743887,1.5095334245880832,0.0067498756863056805,1,0.7468293420692136
2025-11-04 22:20:00+00:00,1.5206390423727796,1.5095334245880832,0.011105617784696391,1,0.7446901124986717
2025-11-04 22:25:00+00:00,1.5187564854430369,1.5095334245880832,0.00922306085495365,1,0.7456131844626319
2025-11-04 22:30:00+00:00,1.5186076170872318,1.5186076170872318,0.0,0,0.0
2025-11-05 01:50:00+00:00,1.5179243205390531,1.5179243205390531,0.0,2,1.5005064019177263
2025-11-05 01:55:00+00:00,1.5424397906371956,1.5179243205390531,0.02451547009814255,2,1.4766574192530035
2025-11-05 02:00:00+00:00,1.550094057593497,1.5179243205390531,0.032169737054443884,2,1.4693657777977018
2025-11-05 02:05:00+00:00,1.5675853122275722,1.5179243205390531,0.04966099168851919,2,1.4529704653578743
2025-11-05 02:10:00+00:00,1.5721347851602678,1.5179243205390531,0.054210464621214635,2,1.4487658323540458
2025-11-05 02:15:00+00:00,1.5723457502935136,1.5179243205390531,0.054421429754460474,2,1.4485714482137844
2025-11-05 02:20:00+00:00,1.5773436473001048,1.5773436473001048,0.0,0,0.0
2025-11-06 13:20:00+00:00,1.5769887449794622,1.5769887449794622,0.0,1,0.7501687879772949
2025-11-06 13:25:00+00:00,1.5820783779603687,1.5769887449794622,0.005089632980906534,1,0.7477554538102114
2025-11-06 13:30:00+00:00,1.579865494055627,1.5769887449794622,0.0028767490761646653,1,0.7488028189274605
2025-11-06 13:35:00+00:00,1.5789803404937302,1.5769887449794622,0.001991595514267866,1,0.74922258696721
2025-11-06 13:40:00+00:00,1.5797179684619773,1.5769887449794622,0.0027292234825151552,1,0.7488727475999161
2025-11-06 13:45:00+00:00,1.5792016288842043,1.5769887449794622,0.002212883904742131,1,0.7491176008417245
2025-11-06 13:50:00+00:00,1.5795105917349843,1.5795105917349843,0.0,0,0.0
2025-11-07 14:45:00+00:00,1.5784446619557426,1.5784446619557426,0.0,3,2.251012879815685
2025-11-07 14:50:00+00:00,1.567634296445673,1.5784446619557426,-0.010810365510069439,3,2.2665358063386982
2025-11-07 14:55:00+00:00,1.5798937631281809,1.5784446619557426,0.0014491011724382938,3,2.2489482185837453
2025-11-07 15:00:00+00:00,1.5872838777428948,1.5784446619557426,0.008839215787152221,3,2.238477511150161
2025-11-07 15:05:00+00:00,1.5783652143426643,1.5784446619557426,-7.944761307829599e-05,3,2.2511261854047118
2025-11-07 15:10:00+00:00,1.5913528736784173,1.5784446619557426,0.01290821172267466,3,2.2327538554825312
2025-11-07 15:15:00+00:00,1.6069013682517568,1.6069013682517568,0.0,0,0.0
2025-11-09 14:30:00+00:00,1.6065398154439001,1.6065398154439001,0.0,1,0.7501687879772949
2025-11-09 14:35:00+00:00,1.6068368214265722,1.6065398154439001,0.0002970059826722115,1,0.7500301275887152
2025-11-09 14:40:00+00:00,1.600005683825108,1.6065398154439001,-0.0065341316187921316,1,0.753232340592455
2025-11-09 14:45:00+00:00,1.5982236479290737,1.6065398154439001,-0.00831616751482647,1,0.7540722024420334
2025-11-09 14:50:00+00:00,1.5934715522063159,1.6065398154439001,-0.013068263237584263,1,0.7563210177929657
2025-11-09 14:55:00+00:00,1.596218857546035,1.6065398154439001,-0.010320957897865102,1,0.7550192885464394
2025-11-09 15:00:00+00:00,1.5896201791020588,1.5896201791020588,0.0,0,0.0
2025-11-11 01:20:00+00:00,1.5885474268866229,1.5885474268866229,0.0,3,2.2510128798156845
2025-11-11 01:25:00+00:00,1.577318031037558,1.5885474268866229,-0.011229395849064723,3,2.2670385095183807
2025-11-11 01:30:00+00:00,1.5695324801624824,1.5885474268866229,-0.019014946724140513,3,2.278283987948865
2025-11-11 01:35:00+00:00,1.5607192117308406,1.5885474268866229,-0.027828215155782182,3,2.2911492927380825
2025-11-11 01:40:00+00:00,1.550235488918184,1.5885474268866229,-0.03831193796843894,3,2.3066435671752146
2025-11-11 01:45:00+00:00,1.5466747919246686,1.5885474268866229,-0.0418726349619542,3,2.31195383592572
2025-11-11 01:50:00+00:00,1.5574074875174861,1.5574074875174861,0.0,0,0.0
2025-11-12 17:40:00+00:00,1.5570570708327947,1.5570570708327947,0.0,1,0.7501687879772949
2025-11-12 17:45:00+00:00,1.5513245485879361,1.5570570708327947,-0.005732522244858553,1,0.7529408444553496
2025-11-12 17:50:00+00:00,1.5497084651891195,1.5570570708327947,-0.007348605643675143,1,0.7537260342031946
2025-11-12 17:55:00+00:00,1.5535165946236473,1.5570570708327947,-0.003540476209147392,1,0.7518784283865896
2025-11-12 18:00:00+00:00,1.550416560430949,1.5570570708327947,-0.006640510401845613,1,0.7533817978011312
2025-11-12 18:05:00+00:00,1.556413347885677,1.5570570708327947,-0.0006437229471176605,1,0.7504790531544012
2025-11-12 18:10:00+00:00,1.5539488095220304,1.5539488095220304,0.0,0,0.0
2025-11-14 04:45:00+00:00,1.5525507275346138,1.5525507275346138,0.0,4,3.0016882596741112
2025-11-14 04:50:00+00:00,1.5395585724722671,1.5525507275346138,-0.012992155062346626,4,3.0270191564751903
2025-11-14 04:55:00+00:00,1.5625944441496764,1.5525507275346138,0.010043716615062636,4,2.9823946378646897
2025-11-14 05:00:00+00:00,1.5714191715333914,1.5525507275346138,0.018868443998777615,4,2.96564619791526
2025-11-14 05:05:00+00:00,1.593344061335852,1.5525507275346138,0.04079333380123819,4,2.9248380211628615
2025-11-14 05:10:00+00:00,1.572932793404202,1.5525507275346138,0.02038206586958807,4,2.9627923779904206
2025-11-14 05:15:00+00:00,1.5619433305500166,1.5619433305500166,0.0,0,0.0
2025-11-14 07:00:00+00:00,1.560889256004247,1.560889256004247,0.0,3,2.251012879815685
2025-11-14 07:05:00+00:00,1.5477239776940974,1.560889256004247,-0.013165278310149792,3,2.2701604871859975
2025-11-14 07:10:00+00:00,1.5428524343815628,1.560889256004247,-0.018036821622684305,3,2.2773284994296077
2025-11-14 07:15:00+00:00,1.5544324606536064,1.560889256004247,-0.006456795350640734,3,2.260363128131083
2025-11-14 07:20:00+00:00,1.551105337082507,1.560889256004247,-0.0097839189217402,3,2.2652116108633997
2025-11-14 07:25:00+00:00,1.5544624944837249,1.560889256004247,-0.006426761520522136,3,2.2603194555674557
2025-11-14 07:30:00+00:00,1.5641143965396476,1.5641143965396476,0.0,0,0.0
2025-11-14 12:50:00+00:00,1.563410624244496,1.563410624244496,0.0,2,1.5005064019177266
2025-11-14 12:55:00+00:00,1.5649924801281359,1.563410624244496,0.0015818558836398692,2,1.4989897269749062
2025-11-14 13:00:00+00:00,1.575045472838333,1.563410624244496,0.011634848593836981,2,1.4894221728580188
2025-11-14 13:05:00+00:00,1.5789830020573743,1.563410624244496,0.01557237781287822,2,1.4857079825738455
2025-11-14 13:10:00+00:00,1.5720202949964397,1.563410624244496,0.008609670751943584,2,1.4922883998201617
2025-11-14 13:15:00+00:00,1.5650299653578257,1.563410624244496,0.001619341113329701,2,1.4989538235254758
2025-11-14 13:20:00+00:00,1.5572784773235033,1.5572784773235033,0.0,0,0.0
2025-11-14 13:55:00+00:00,1.5569280896661055,1.5569280896661055,0.0,1,0.7501687879772949
2025-11-14 14:00:00+00:00,1.5568569828826477,1.5569280896661055,-7.110678345777181e-05,1,0.7502030506553379
2025-11-14 14:05:00+00:00,1.5613853622502232,1.5569280896661055,0.004457272584117755,1,0.7480272879652202
2025-11-14 14:10:00+00:00,1.564169754191939,1.5569280896661055,0.007241664525833605,1,0.7466957181997187
2025-11-14 14:15:00+00:00,1.561883109734428,1.5569280896661055,0.004955020068322416,1,0.7477889034802478
2025-11-14 14:20:00+00:00,1.5647984878561976,1.5569280896661055,0.007870398190092097,1,0.7463956969901935
2025-11-14 14:25:00+00:00,1.5713304883450572,1.5713304883450572,0.0,0,0.0
2025-11-17 00:30:00+00:00,1.5702700788933437,1.5702700788933437,0.0,3,2.251012879815685
2025-11-17 00:35:00+00:00,1.5713168159175535,1.5702700788933437,0.0010467370242098393,3,2.2495133613866787
2025-11-17 00:40:00+00:00,1.5870780074116582,1.5702700788933437,0.016807928518314377,3,2.2271735578661285
2025-11-17 00:45:00+00:00,1.5755469830952675,1.5702700788933437,0.00527690420192375,3,2.2434736699720355
2025-11-17 00:50:00+00:00,1.5760200556898438,1.5702700788933437,0.005749976796500088,3,2.242800248395904
2025-11-17 00:55:00+00:00,1.582722599715696,1.5702700788933437,0.01245252082235233,3,2.2333023948814814
2025-11-17 01:00:00+00:00,1.5877698421913125,1.5877698421913125,0.0,0,0.0
2025-11-18 02:25:00+00:00,1.5874125939768193,1.5874125939768193,0.0,1,0.750168787977295
2025-11-18 02:30:00+00:00,1.5927095493083154,1.5874125939768193,0.0052969553314961,1,0.7476739134016236
2025-11-18 02:35:00+00:00,1.599263409294743,1.5874125939768193,0.011850815317923792,1,0.7446099089884297
2025-11-18 02:40:00+00:00,1.593427780539705,1.5874125939768193,0.006015186562885581,1,0.7473369023603587
2025-11-18 02:45:00+00:00,1.598545178063354,1.5874125939768193,0.011132584086534576,1,0.7449444644950093
2025-11-18 02:50:00+00:00,1.5953131375221021,1.5874125939768193,0.007900543545282704,1,0.7464536921529528
2025-11-18 02:55:00+00:00,1.5897487128800363,1.5897487128800363,0.0,0,0.0
2025-11-18 03:40:00+00:00,1.5886758739238198,1.5886758739238198,0.0,3,2.251012879815685
2025-11-18 03:45:00+00:00,1.5912169917014933,1.5886758739238198,0.002541117777673416,3,2.2474180911247
2025-11-18 03:50:00+00:00,1.5957035294951896,1.5886758739238198,0.007027655571369805,3,2.2410991690832995
2025-11-18 03:55:00+00:00,1.5972047710583168,1.5886758739238198,0.008528897134497056,3,2.238992719565566
2025-11-18 04:00:00+00:00,1.599047615160098,1.5886758739238198,0.010371741236278166,3,2.2364123620527163
2025-11-18 04:05:00+00:00,1.5877694210827389,1.5886758739238198,-0.0009064528410808279,3,2.2522979763751256
2025-11-18 04:10:00+00:00,1.5760920374043585,1.5760920374043585,0.0,0,0.0
2025-11-18 07:10:00+00:00,1.5757374166959426,1.5757374166959426,0.0,1,0.7501687879772948
2025-11-18 07:15:00+00:00,1.5745270776048328,1.5757374166959426,-0.0012103390911097304,1,0.750745442784909
2025-11-18 07:20:00+00:00,1.5686482877337273,1.5757374166959426,-0.007089128962215147,1,0.7535589955356016
2025-11-18 07:25:00+00:00,1.5751322471503877,1.5757374166959426,-0.0006051695455549308,1,0.7504570046050294
2025-11-18 07:30:00+00:00,1.5775529253326077,1.5757374166959426,0.0018155086366650548,1,0.7493054648572529
2025-11-18 07:35:00+00:00,1.5779851892937184,1.5757374166959426,0.002247772597775832,1,0.7491002045350911
2025-11-18 07:40:00+00:00,1.5815209442352984,1.5815209442352984,0.0,0,0.0
2025-11-18 15:10:00+00:00,1.5808093398748904,1.5808093398748904,0.0,2,1.500506401917726
2025-11-18 15:15:00+00:00,1.585614842169666,1.5808093398748904,0.004805502294775717,2,1.4959588366667131
2025-11-18 15:20:00+00:00,1.5968763648509048,1.5808093398748904,0.01606702497601444,2,1.485409006548278
2025-11-18 15:25:00+00:00,1.605673607834225,1.5808093398748904,0.024864267959334767,2,1.4772706751361775
2025-11-18 15:30:00+00:00,1.606748815282443,1.5808093398748904,0.02593947540755251,2,1.4762821121337764
2025-11-18 15:35:00+00:00,1.5995082242442924,1.5808093398748904,0.01869888436940212,2,1.4829648880450712
2025-11-18 15:40:00+00:00,1.6086183282234985,1.6086183282234985,0.0,0,0.0
2025-11-19 21:25:00+00:00,1.6078945314121007,1.6078945314121007,0.0,2,1.5005064019177266
2025-11-19 21:30:00+00:00,1.5960896870940968,1.6078945314121007,-0.011804844318003797,2,1.5116043023778543
2025-11-19 21:35:00+00:00,1.6073271396169273,1.6078945314121007,-0.0005673917951734616,2,1.501036085639272
2025-11-19 21:40:00+00:00,1.6009562755621176,1.6078945314121007,-0.0069382558499831645,2,1.507009326126189
2025-11-19 21:45:00+00:00,1.6040444218984566,1.6078945314121007,-0.0038501095136440466,2,1.504107994176917
2025-11-19 21:50:00+00:00,1.6036614880514404,1.6078945314121007,-0.004233043360660362,2,1.5044671559232268
2025-11-19 21:55:00+00:00,1.6068926795013827,1.6068926795013827,0.0,0,0.0
2025-11-21 07:40:00+00:00,1.6054469641102729,1.6054469641102729,0.0,4,3.0016882596741112
2025-11-21 07:45:00+00:00,1.6341233382225735,1.6054469641102729,0.028676374112300628,4,2.949013205417472
2025-11-21 07:50:00+00:00,1.6030504039854587,1.6054469641102729,-0.002396560124814061,4,3.0061757831932554
2025-11-21 07:55:00+00:00,1.6000034238557792,1.6054469641102729,-0.005443540254493686,4,3.0119006196161924
2025-11-21 08:00:00+00:00,1.6112160307944037,1.6054469641102729,0.005769066684130828,4,2.9909405142420513
2025-11-21 08:05:00+00:00,1.5948261867326852,1.6054469641102729,-0.010620777377587605,4,3.0216780635964
2025-11-21 08:10:00+00:00,1.6353768604904582,1.6353768604904582,0.0,0,0.0
2025-11-21 12:35:00+00:00,1.6342732294638598,1.6342732294638598,0.0,3,2.251012879815685
2025-11-21 12:40:00+00:00,1.6903032896505956,1.6342732294638598,0.05603006018673576,3,2.1763964557044466
2025-11-21 12:45:00+00:00,1.6967519818692425,1.6342732294638598,0.06247875240538275,3,2.168124821995712
2025-11-21 12:50:00+00:00,1.699997255638562,1.6342732294638598,0.06572402617470227,3,2.163985898482691
2025-11-21 12:55:00+00:00,1.7184703462019786,1.6342732294638598,0.08419711673811887,3,2.140723636454733
2025-11-21 13:00:00+00:00,1.6995765686530844,1.6342732294638598,0.06530333918922465,3,2.1645215381949816
2025-11-21 13:05:00+00:00,1.691807267245987,1.691807267245987,0.0,0,0.0
2025-11-21 14:35:00+00:00,1.690665554264554,1.690665554264554,0.0,3,2.251012879815685
2025-11-21 14:40:00+00:00,1.6840823518531414,1.690665554264554,-0.006583202411412616,3,2.2598122555719935
2025-11-21 14:45:00+00:00,1.6870591979797986,1.690665554264554,-0.0036063562847552426,3,2.2558247764319446
2025-11-21 14:50:00+00:00,1.6762173910632496,1.690665554264554,-0.014448163201304296,3,2.2704154952695106
2025-11-21 14:55:00+00:00,1.7090278307281839,1.690665554264554,0.01836227646363007,3,2.226827363302033
2025-11-21 15:00:00+00:00,1.6926312103604721,1.690665554264554,0.0019656560959181585,3,2.248398773941873
2025-11-21 15:05:00+00:00,1.6749481504199815,1.6749481504199815,0.0,0,0.0
2025-11-24 05:10:00+00:00,1.674571287086137,1.674571287086137,0.0,1,0.750168787977295
2025-11-24 05:15:00+00:00,1.67733083539033,1.674571287086137,0.0027595483041931504,1,0.7489346086710762
2025-11-24 05:20:00+00:00,1.675358479946287,1.674571287086137,0.0007871928601501563,1,0.7498163096743695
2025-11-24 05:25:00+00:00,1.6776894454710651,1.674571287086137,0.00311815838492824,1,0.7487745221299075
2025-11-24 05:30:00+00:00,1.6764518033631624,1.674571287086137,0.0018805162770255594,1,0.7493273056194498
2025-11-24 05:35:00+00:00,1.6700230616719358,1.674571287086137,-0.004548225414200997,1,0.7522118356601233
2025-11-24 05:40:00+00:00,1.6736914949805297,1.6736914949805297,0.0,0,0.0
2025-11-24 14:35:00+00:00,1.6729384185384204,1.6729384185384204,0.0,2,1.5005064019177266
2025-11-24 14:40:00+00:00,1.6614482175314405,1.6729384185384204,-0.011490201006979922,2,1.5108835656405368
2025-11-24 14:45:00+00:00,1.6398284692873568,1.6729384185384204,-0.03310994925106363,2,1.530803284639846
2025-11-24 14:50:00+00:00,1.6375282895312728,1.6729384185384204,-0.03541012900714756,2,1.5329535514464632
2025-11-24 14:55:00+00:00,1.6464777672087207,1.6729384185384204,-0.02646065132969973,2,1.5246211379377812
2025-11-24 15:00:00+00:00,1.666262917576893,1.6729384185384204,-0.006675500961527371,2,1.5065178373419428
2025-11-24 15:05:00+00:00,1.6682409577648314,1.6682409577648314,0.0,0,0.0
2025-11-26 17:30:00+00:00,1.6678656035493342,1.6678656035493342,0.0,1,0.7501687879772949
2025-11-26 17:35:00+00:00,1.672569837148242,1.6678656035493342,0.004704233598907709,1,0.748058879536478
2025-11-26 17:40:00+00:00,1.6737811914183085,1.6678656035493342,0.005915587868974319,1,0.7475174919748101
2025-11-26 17:45:00+00:00,1.6798986716656277,1.6678656035493342,0.012033068116293441,1,0.7447953495213325
2025-11-26 17:50:00+00:00,1.6834480243870125,1.6678656035493342,0.015582420837678143,1,0.7432250358779037
2025-11-26 17:55:00+00:00,1.6819105362750044,1.6678656035493342,0.01404493272567014,1,0.7439044416088053
2025-11-26 18:00:00+00:00,1.684031306009948,1.684031306009948,0.0,0,0.0
2025-11-28 08:55:00+00:00,1.6836523989660959,1.6836523989660959,0.0,1,0.7501687879772949
2025-11-28 09:00:00+00:00,1.6850473984794447,1.6836523989660959,0.0013949995133488665,1,0.7495477460439331
2025-11-28 09:05:00+00:00,1.6823440710201445,1.6836523989660959,-0.0013083279459513836,1,0.7507521804036111
2025-11-28 09:10:00+00:00,1.6852331232667248,1.6836523989660959,0.0015807243006289464,1,0.7494651405018462
2025-11-28 09:15:00+00:00,1.6839701947132195,1.6836523989660959,0.00031779574712372975,1,0.7500272175081782
2025-11-28 09:20:00+00:00,1.6831860233891478,1.6836523989660959,-0.0004663755769480461,1,0.7503766440291155
2025-11-28 09:25:00+00:00,1.6818619835389144,1.6818619835389144,0.0,0,0.0
2025-12-01 01:05:00+00:00,1.681483564592618,1.681483564592618,0.0,1,0.750168787977295
2025-12-01 01:10:00+00:00,1.6843973101258074,1.681483564592618,0.0029137455331893834,1,0.7488711125761489
2025-12-01 01:15:00+00:00,1.6827001284492589,1.681483564592618,0.0012165638566409064,1,0.7496264285762326
2025-12-01 01:20:00+00:00,1.6855087388343435,1.681483564592618,0.004025174241725447,1,0.7483773050779533
2025-12-01 01:25:00+00:00,1.6839317116127719,1.681483564592618,0.002448147020153933,1,0.7490781716118962
2025-12-01 01:30:00+00:00,1.6808377343971173,1.681483564592618,-0.000645830195500894,1,0.7504570261844006
2025-12-01 01:35:00+00:00,1.6802941030752276,1.6802941030752276,0.0,0,0.0
2025-12-01 12:55:00+00:00,1.6791601597311792,1.6791601597311792,0.0,3,2.251012879815685
2025-12-01 13:00:00+00:00,1.677999688998493,1.6791601597311792,-0.0011604707326861986,3,2.2525696349110835
2025-12-01 13:05:00+00:00,1.6943412382075216,1.6791601597311792,0.015181078476342388,3,2.230844095388357
2025-12-01 13:10:00+00:00,1.6969383370460729,1.6791601597311792,0.017778177314893742,3,2.2274298743276155
2025-12-01 13:15:00+00:00,1.6938536352062359,1.6791601597311792,0.014693475475056733,3,2.231486279726899
2025-12-01 13:20:00+00:00,1.6888121443227335,1.6791601597311792,0.009651984591554275,3,2.2381477771431286
2025-12-01 13:25:00+00:00,1.6857594015738873,1.6857594015738873,0.0,0,0.0
2025-12-01 15:50:00+00:00,1.6853801057085331,1.6853801057085331,0.0,1,0.7501687879772949
2025-12-01 15:55:00+00:00,1.6947371484813267,1.6853801057085331,0.009357042772793577,1,0.7460269294936898
2025-12-01 16:00:00+00:00,1.6929064227214323,1.6853801057085331,0.0075263170128992115,1,0.7468336903985267
2025-12-01 16:05:00+00:00,1.6895500921616258,1.6853801057085331,0.004169986453092689,1,0.7483172928970893
2025-12-01 16:10:00+00:00,1.684464742828586,1.6853801057085331,-0.0009153628799471825,1,0.7505764407139478
2025-12-01 16:15:00+00:00,1.6846681568019075,1.6853801057085331,-0.0007119489066257111,1,0.7504858129333545
2025-12-01 16:20:00+00:00,1.6831700840832846,1.6831700840832846,0.0,0,0.0
2025-12-02 03:45:00+00:00,1.6827913708143658,1.6827913708143658,0.0,1,0.7501687879772949
2025-12-02 03:50:00+00:00,1.680353243975725,1.6827913708143658,-0.002438126838640876,1,0.7512572535496591
2025-12-02 03:55:00+00:00,1.6808745587673106,1.6827913708143658,-0.0019168120470552709,1,0.7510242548904084
2025-12-02 04:00:00+00:00,1.6828378389852034,1.6827913708143658,4.646817083765087e-05,1,0.7501480735801086
2025-12-02 04:05:00+00:00,1.6832270099159692,1.6827913708143658,0.0004356391016034324,1,0.74997463540315
2025-12-02 04:10:00+00:00,1.6838586866132943,1.6827913708143658,0.0010673157989284936,1,0.7496932926132026
2025-12-02 04:15:00+00:00,1.684055016958492,1.684055016958492,0.0,0,0.0
2025-12-03 02:15:00+00:00,1.6836761045796764,1.6836761045796764,0.0,1,0.7501687879772948
2025-12-03 02:20:00+00:00,1.6796464507105733,1.6836761045796764,-0.004029653869103235,1,0.7519685242001615
2025-12-03 02:25:00+00:00,1.6820036529738591,1.6836761045796764,-0.0016724516058172685,1,0.7509146965797336
2025-12-03 02:30:00+00:00,1.6823398032966166,1.6836761045796764,-0.0013363012830599126,1,0.7507646554185342
2025-12-03 02:35:00+00:00,1.6806507516748603,1.6836761045796764,-0.0030253529048160635,1,0.7515191728324159
2025-12-03 02:40:00+00:00,1.6790986501845981,1.6836761045796764,-0.004577454395078222,1,0.7522138515089698
2025-12-03 02:45:00+00:00,1.6772298863752901,1.6772298863752901,0.0,0,0.0
2025-12-03 14:10:00+00:00,1.6768525096508557,1.6768525096508557,0.0,1,0.7501687879772949
2025-12-03 14:15:00+00:00,1.6772742350145347,1.6768525096508557,0.00042172536367890206,1,0.7499801693254812
2025-12-03 14:20:00+00:00,1.679312574272316,1.6768525096508557,0.0024600646214602154,1,0.7490698480159679
2025-12-03 14:25:00+00:00,1.6783847784722223,1.6768525096508557,0.001532268821366631,1,0.7494839269970694
2025-12-03 14:30:00+00:00,1.6820678466483516,1.6768525096508557,0.005215336997495802,1,0.7478428514568981
2025-12-03 14:35:00+00:00,1.674673595271848,1.6768525096508557,-0.002178914379007847,1,0.7511448310482679
2025-12-03 14:40:00+00:00,1.6793428653994378,1.6793428653994378,0.0,0,0.0
2025-12-03 22:00:00+00:00,1.678965013254723,1.678965013254723,0.0,1,0.7501687879772949
2025-12-03 22:05:00+00:00,1.6659759398716059,1.678965013254723,-0.01298907338311695,1,0.7560176104023727
2025-12-03 22:10:00+00:00,1.669093317483554,1.678965013254723,-0.009871695771168776,1,0.7546055908656459
2025-12-03 22:15:00+00:00,1.6716045383376235,1.678965013254723,-0.00736047491709955,1,0.7534719607199275
2025-12-03 22:20:00+00:00,1.6689201298384457,1.678965013254723,-0.010044883416277187,1,0.7546838980074504
2025-12-03 22:25:00+00:00,1.6671016595648096,1.678965013254723,-0.01186335368991333,1,0.7555071052945672
2025-12-03 22:30:00+00:00,1.662394116292389,1.662394116292389,0.0,0,0.0
2025-12-04 15:40:00+00:00,1.6620200776162233,1.6620200776162233,0.0,1,0.7501687879772948
2025-12-04 15:45:00+00:00,1.6555299562224526,1.6620200776162233,-0.006490121393770599,1,0.7531096507997953
2025-12-04 15:50:00+00:00,1.6510301387227715,1.6620200776162233,-0.010989938893451687,1,0.7551622214381903
2025-12-04 15:55:00+00:00,1.6540588620398646,1.6620200776162233,-0.007961215576358741,1,0.7537794547901903
2025-12-04 16:00:00+00:00,1.6538857921360306,1.6620200776162233,-0.008134285480192762,1,0.753858333596921
2025-12-04 16:05:00+00:00,1.6487802299729313,1.6620200776162233,-0.013239847643292023,1,0.7561927081329456
2025-12-04 16:10:00+00:00,1.6495311456716857,1.6495311456716857,0.0,0,0.0
2025-12-05 07:10:00+00:00,1.6491600011639096,1.6491600011639096,0.0,1,0.7501687879772948
2025-12-05 07:15:00+00:00,1.6439692919336457,1.6491600011639096,-0.005190709230263948,1,0.7525373894293509
2025-12-05 07:20:00+00:00,1.6441452481787395,1.6491600011639096,-0.005014752985170166,1,0.7524568529600314
2025-12-05 07:25:00+00:00,1.645376941894395,1.6491600011639096,-0.003783059269514519,1,0.7518935799777167
2025-12-05 07:30:00+00:00,1.6456408762620356,1.6491600011639096,-0.0035191249018739837,1,0.7517729883228623
2025-12-05 07:35:00+00:00,1.6439692919336457,1.6491600011639096,-0.005190709230263948,1,0.7525373894293509
2025-12-05 07:40:00+00:00,1.641486672484745,1.641486672484745,0.0,0,0.0
2025-12-05 15:05:00+00:00,1.6400098330062993,1.6400098330062993,0.0,4,3.0016882596741117
2025-12-05 15:10:00+00:00,1.6221733162450103,1.6400098330062993,-0.01783651676128911,4,3.034693156512
2025-12-05 15:15:00+00:00,1.625307132415713,1.6400098330062993,-0.014702700590586378,4,3.0288418498282828
2025-12-05 15:20:00+00:00,1.6179502973961084,1.6400098330062993,-0.022059535610190886,4,3.0426140218322817
2025-12-05 15:25:00+00:00,1.6270471886188016,1.6400098330062993,-0.012962644387497651,4,3.025602635203265
2025-12-05 15:30:00+00:00,1.627742912959594,1.6400098330062993,-0.012266920046705404,4,3.0243094424133488
2025-12-05 15:35:00+00:00,1.632123363496952,1.632123363496952,0.0,0,0.0
2025-12-07 15:10:00+00:00,1.6313889906096237,1.6313889906096237,0.0,2,1.5005064019177266
2025-12-07 15:15:00+00:00,1.6314421441602476,1.6313889906096237,5.315355062383224e-05,2,1.5004575143471308
2025-12-07 15:20:00+00:00,1.6255350186684998,1.6313889906096237,-0.0058539719411239205,2,1.505910113479412
2025-12-07 15:25:00+00:00,1.6275849207629214,1.6313889906096237,-0.0038040698467024427,2,1.504013457731222
2025-12-07 15:30:00+00:00,1.626138564029331,1.6313889906096237,-0.005250426580292697,2,1.5053511912061663
2025-12-07 15:35:00+00:00,1.6347630511889812,1.6313889906096237,0.0033740605793575744,2,1.4974094396416942
2025-12-07 15:40:00+00:00,1.633583594210162,1.633583594210162,0.0,0,0.0
2025-12-08 01:30:00+00:00,1.6332160379014646,1.6332160379014646,0.0,1,0.7501687879772949
2025-12-08 01:35:00+00:00,1.6372629625908084,1.6332160379014646,0.004046924689343861,1,0.7483145491295313
2025-12-08 01:40:00+00:00,1.6439315048350054,1.6332160379014646,0.010715466933540837,1,0.7452790411608959
2025-12-08 01:45:00+00:00,1.6380999850631413,1.6332160379014646,0.004883947161676633,1,0.7479321816918252
2025-12-08 01:50:00+00:00,1.6364061990224303,1.6332160379014646,0.003190161120965765,1,0.7487063397764774
2025-12-08 01:55:00+00:00,1.6356560373726985,1.6332160379014646,0.0024399994712338926,1,0.7490497192952628
2025-12-08 02:00:00+00:00,1.6304716536288795,1.6304716536288795,0.0,0,0.0
2025-12-09 15:05:00+00:00,1.630104797506813,1.630104797506813,0.0,1,0.7501687879772949
2025-12-09 15:10:00+00:00,1.6255053648065816,1.630104797506813,-0.004599432700231453,1,0.7522914206851398
2025-12-09 15:15:00+00:00,1.622454641255836,1.630104797506813,-0.007650156250977083,1,0.7537059644854716
2025-12-09 15:20:00+00:00,1.6277350390343588,1.630104797506813,-0.002369758472454276,1,0.751260930616268
2025-12-09 15:25:00+00:00,1.6263186316715126,1.630104797506813,-0.003786165835300466,1,0.7519152252254676
2025-12-09 15:30:00+00:00,1.6347392512682135,1.630104797506813,0.004634453761400524,1,0.7480420741552407
2025-12-09 15:35:00+00:00,1.6310609592511411,1.6310609592511411,0.0,0,0.0
2025-12-10 18:40:00+00:00,1.6306939705353096,1.6306939705353096,0.0,1,0.7501687879772949
2025-12-10 18:45:00+00:00,1.618631980797599,1.6306939705353096,-0.01206198973771059,1,0.7557590199321054
2025-12-10 18:50:00+00:00,1.6227419127656586,1.6306939705353096,-0.00795205776965107,1,0.7538449027630513
2025-12-10 18:55:00+00:00,1.6174322091718232,1.6306939705353096,-0.013261761363486507,1,0.7563196234757327
2025-12-10 19:00:00+00:00,1.6143113746452515,1.6306939705353096,-0.016382595890057996,1,0.7577817629558472
2025-12-10 19:05:00+00:00,1.6075269517614004,1.6306939705353096,-0.023167018773909333,1,0.7609799127149722
2025-12-10 19:10:00+00:00,1.6149441956175667,1.6149441956175667,0.0,0,0.0
2025-12-11 18:45:00+00:00,1.6142175524860887,1.6142175524860887,0.0,2,1.5005064019177263
2025-12-11 18:50:00+00:00,1.604526833339317,1.6142175524860887,-0.009690719146771692,2,1.509568878042638
2025-12-11 18:55:00+00:00,1.5948772080920455,1.6142175524860887,-0.019340344394043134,2,1.5187023548295324
2025-12-11 19:00:00+00:00,1.5975413007888986,1.6142175524860887,-0.01667625169719018,2,1.5161697355788144
2025-12-11 19:05:00+00:00,1.5991539618235329,1.6142175524860887,-0.015063590662555821,2,1.5146407596872926
2025-12-11 19:10:00+00:00,1.5946650869840935,1.6142175524860887,-0.01955246550199514,2,1.5189043714340127
2025-12-11 19:15:00+00:00,1.597152242982985,1.597152242982985,0.0,0,0.0
2025-12-15 15:10:00+00:00,1.5967928837283138,1.5967928837283138,0.0,1,0.7501687879772948
2025-12-15 15:15:00+00:00,1.5922529264687657,1.5967928837283138,-0.0045399572595482465,1,0.7523077284548086
2025-12-15 15:20:00+00:00,1.5830274500617978,1.5967928837283138,-0.013765433666515958,1,0.7566919842043653
2025-12-15 15:25:00+00:00,1.575839840085026,1.5967928837283138,-0.02095304364328783,1,0.7601433545255505
2025-12-15 15:30:00+00:00,1.579187763506062,1.5967928837283138,-0.017605120222251705,1,0.7585318287787255
2025-12-15 15:35:00+00:00,1.5817016566506472,1.5967928837283138,-0.01509122707766656,1,0.7573262487274569
2025-12-15 15:40:00+00:00,1.5748706945433273,1.5748706945433273,0.0,0,0.0
2025-12-15 19:05:00+00:00,1.574516348637055,1.574516348637055,0.0,1,0.7501687879772949
2025-12-15 19:10:00+00:00,1.5672443393256252,1.574516348637055,-0.007272009311429829,1,0.7536495690364003
2025-12-15 19:15:00+00:00,1.562708807462161,1.574516348637055,-0.011807541174894208,1,0.7558369257710194
2025-12-15 19:20:00+00:00,1.5685686986736203,1.574516348637055,-0.0059476499634348425,1,0.7530132546354373
2025-12-15 19:25:00+00:00,1.5712214064037906,1.574516348637055,-0.0032949422332645044,1,0.7517419353462838
2025-12-15 19:30:00+00:00,1.567874606726177,1.574516348637055,-0.006641741910878065,1,0.7533466106539086
2025-12-15 19:35:00+00:00,1.5700453194562924,1.5700453194562924,0.0,0,0.0
2025-12-17 14:55:00+00:00,1.5689857772984084,1.5689857772984084,0.0,3,2.251012879815685
2025-12-17 15:00:00+00:00,1.5992920727138185,1.5689857772984084,0.030306295415409978,3,2.2083565930226006
2025-12-17 15:05:00+00:00,1.6023639973814126,1.5689857772984084,0.03337822008300425,3,2.2041229076027857
2025-12-17 15:10:00+00:00,1.6099141312215477,1.5689857772984084,0.04092835392313934,3,2.1937860687430124
2025-12-17 15:15:00+00:00,1.6238344604013109,1.5689857772984084,0.054848683102902446,3,2.1749798264987543
2025-12-17 15:20:00+00:00,1.610272027543853,1.5689857772984084,0.04128625024544451,3,2.1932984815822736
2025-12-17 15:25:00+00:00,1.601129982452557,1.601129982452557,0.0,0,0.0
2025-12-17 20:20:00+00:00,1.6007697282065052,1.6007697282065052,0.0,1,0.7501687879772949
2025-12-17 20:25:00+00:00,1.6025243555920974,1.6007697282065052,0.0017546273855922263,1,0.7493474171852641
2025-12-17 20:30:00+00:00,1.6041815036784899,1.6007697282065052,0.0034117754719847656,1,0.7485733279468679
2025-12-17 20:35:00+00:00,1.6000873731121084,1.6007697282065052,-0.0006823550943968732,1,0.7504886964415047
2025-12-17 20:40:00+00:00,1.5983327457265162,1.6007697282065052,-0.0024369824799890995,1,0.7513125724603591
2025-12-17 20:45:00+00:00,1.601062166104104,1.6007697282065052,0.00029243789759879324,1,0.7500317678241462
2025-12-17 20:50:00+00:00,1.6001170360628547,1.6001170360628547,0.0,0,0.0
2025-12-19 03:05:00+00:00,1.5993970644025515,1.5993970644025515,0.0,2,1.5005064019177263
2025-12-19 03:10:00+00:00,1.5957092010341274,1.5993970644025515,-0.0036878633684241614,2,1.5039742409137864
2025-12-19 03:15:00+00:00,1.6024806202317334,1.5993970644025515,0.0030835558291820676,2,1.497619068864245
2025-12-19 03:20:00+00:00,1.5965948246501918,1.5993970644025515,-0.002802239752359807,2,1.5031399934985115
2025-12-19 03:25:00+00:00,1.607031364150277,1.5993970644025515,0.007634299747725476,2,1.493378155449632
2025-12-19 03:30:00+00:00,1.6237698001701073,1.5993970644025515,0.0243727357675558,2,1.4779838460433434
2025-12-19 03:35:00+00:00,1.6231207963846117,1.6231207963846117,0.0,0,0.0
2025-12-19 14:45:00+00:00,1.6216604806168584,1.6216604806168584,0.0,4,3.001688259674111
2025-12-19 14:50:00+00:00,1.5936032587250617,1.6216604806168584,-0.028057221891796748,4,3.054536440732084
2025-12-19 14:55:00+00:00,1.5829718465744123,1.6216604806168584,-0.03868863404244626,4,3.075051041734543
2025-12-19 15:00:00+00:00,1.5991020762545558,1.6216604806168584,-0.022558404362302567,4,3.0440328345056966
2025-12-19 15:05:00+00:00,1.5959959029269413,1.6216604806168584,-0.02566457768991714,4,3.0499572191370006
2025-12-19 15:10:00+00:00,1.6041977893065167,1.6216604806168584,-0.01746269131034167,4,3.0343635044836836
2025-12-19 15:15:00+00:00,1.619921694521192,1.619921694521192,0.0,0,0.0
2025-12-22 00:15:00+00:00,1.6188284933845458,1.6188284933845458,0.0,3,2.251012879815685
2025-12-22 00:20:00+00:00,1.603276379690149,1.6188284933845458,-0.015552113694396855,3,2.272848172019772
2025-12-22 00:25:00+00:00,1.5947833783992662,1.6188284933845458,-0.02404511498527959,3,2.284952199889889
2025-12-22 00:30:00+00:00,1.6017278961468724,1.6188284933845458,-0.017100597237673515,3,2.275045466578483
2025-12-22 00:35:00+00:00,1.5946896746378387,1.6188284933845458,-0.02413881874670709,3,2.285086463389062
2025-12-22 00:40:00+00:00,1.6048591041684832,1.6188284933845458,-0.013969389216062715,3,2.2706066715490767
2025-12-22 00:45:00+00:00,1.6004998452042902,1.6004998452042902,0.0,0,0.0
2025-12-26 02:15:00+00:00,1.5994197508664607,1.5994197508664607,0.0,3,2.251012879815685
2025-12-26 02:20:00+00:00,1.620693441769445,1.5994197508664607,0.0212736909029842,3,2.2214654336487203
2025-12-26 02:25:00+00:00,1.634474248274782,1.5994197508664607,0.0350544974083214,3,2.2027355054582203
2025-12-26 02:30:00+00:00,1.6298776408944569,1.5994197508664607,0.030457890027996086,3,2.2089476958872742
2025-12-26 02:35:00+00:00,1.6341719475917003,1.5994197508664607,0.03475219672523956,3,2.2031429830488927
2025-12-26 02:40:00+00:00,1.630967430552319,1.5994197508664607,0.03154767968585827,3,2.2074717078885926
2025-12-26 02:45:00+00:00,1.6341424530859838,1.6341424530859838,0.0,0,0.0
2025-12-26 09:50:00+00:00,1.6337747710340396,1.6337747710340396,0.0,1,0.7501687879772949
2025-12-26 09:55:00+00:00,1.6305143900816914,1.6337747710340396,-0.0032603809523480648,1,0.7516688274999419
2025-12-26 10:00:00+00:00,1.6298227941221024,1.6337747710340396,-0.003951976911937052,1,0.7519877892459199
2025-12-26 10:05:00+00:00,1.6294275964309088,1.6337747710340396,-0.004347174603130798,1,0.7521701746668903
2025-12-26 10:10:00+00:00,1.629723994699304,1.6337747710340396,-0.004050776334735421,1,0.7520333773085431
2025-12-26 10:15:00+00:00,1.630415590658893,1.6337747710340396,-0.0033591803751465694,1,0.7517143768964994
2025-12-26 10:20:00+00:00,1.6276767224597863,1.6276767224597863,0.0,0,0.0
2025-12-26 13:50:00+00:00,1.6273104951972328,1.6273104951972328,0.0,1,0.7501687879772949
2025-12-26 13:55:00+00:00,1.6265287726058009,1.6273104951972328,-0.0007817225914320379,1,0.7505293250294673
2025-12-26 14:00:00+00:00,1.6266264879297299,1.6273104951972328,-0.0006840072675029314,1,0.750484238946917
2025-12-26 14:05:00+00:00,1.625453904042582,1.6273104951972328,-0.0018565911546508528,1,0.7510256297079586
2025-12-26 14:10:00+00:00,1.6231087362682863,1.6273104951972328,-0.004201758928946559,1,0.7521107579344941
2025-12-26 14:15:00+00:00,1.6242813201554342,1.6273104951972328,-0.0030291750417986386,1,0.7515678021391149
2025-12-26 14:20:00+00:00,1.6252831074278866,1.6252831074278866,0.0,0,0.0
2025-12-29 03:40:00+00:00,1.6249174187287154,1.6249174187287154,0.0,1,0.7501687879772948
2025-12-29 03:45:00+00:00,1.627338979751583,1.6249174187287154,0.002421561022867587,1,0.7490524996562132
2025-12-29 03:50:00+00:00,1.628336566352366,1.6249174187287154,0.0034191476236505145,1,0.7485935989888813
2025-12-29 03:55:00+00:00,1.6282199130805002,1.6249174187287154,0.00330249435178474,1,0.7486472317272591
2025-12-29 04:00:00+00:00,1.6297283605615223,1.6249174187287154,0.004810941832806946,1,0.7479542972124029
2025-12-29 04:05:00+00:00,1.6288755849189176,1.6249174187287154,0.003958166190202128,1,0.7483458785046451
2025-12-29 04:10:00+00:00,1.6295316179802253,1.6295316179802253,0.0,0,0.0
2025-12-29 12:25:00+00:00,1.6287984112471723,1.6287984112471723,0.0,2,1.5005064019177263
2025-12-29 12:30:00+00:00,1.6286398353505323,1.6287984112471723,-0.00015857589664007078,2,1.5006525018367713
2025-12-29 12:35:00+00:00,1.6311392915761544,1.6287984112471723,0.002340880328982208,2,1.498352995438034
2025-12-29 12:40:00+00:00,1.6324291518514227,1.6287984112471723,0.0036307406042502834,2,1.4971690751405111
2025-12-29 12:45:00+00:00,1.6283097164327032,1.6287984112471723,-0.0004886948144690905,2,1.5009567398910826
2025-12-29 12:50:00+00:00,1.62819341378379,1.6287984112471723,-0.0006049974633823825,2,1.5010639539623813
2025-12-29 12:55:00+00:00,1.6295258239007107,1.6295258239007107,0.0,0,0.0
2025-12-29 14:35:00+00:00,1.629159180590333,1.629159180590333,0.0,1,0.7501687879772949
2025-12-29 14:40:00+00:00,1.6268912024991364,1.629159180590333,-0.0022679780911964175,1,0.7512145655764475
2025-12-29 14:45:00+00:00,1.628961965104142,1.629159180590333,-0.00019721548619093383,1,0.7502596095590234
2025-12-29 14:50:00+00:00,1.6286661418748554,1.629159180590333,-0.0004930387154774702,1,0.7503958831726245
2025-12-29 14:55:00+00:00,1.625609301838895,1.629159180590333,-0.0035498787514377586,1,0.7518069480428285
2025-12-29 15:00:00+00:00,1.6236371469769852,1.629159180590333,-0.00552203361334764,1,0.7527201322050417
2025-12-29 15:05:00+00:00,1.6229746804373213,1.6229746804373213,0.0,0,0.0
2025-12-29 19:10:00+00:00,1.622609511134223,1.622609511134223,0.0,1,0.7501687879772948
2025-12-29 19:15:00+00:00,1.620699593005664,1.622609511134223,-0.0019099181285588598,1,0.7510528265578067
2025-12-29 19:20:00+00:00,1.6211346068961168,1.622609511134223,-0.0014749042381062157,1,0.7508512896770155
2025-12-29 19:25:00+00:00,1.6209357434033385,1.622609511134223,-0.0016737677308844862,1,0.7509434074001454
2025-12-29 19:30:00+00:00,1.6210683190651907,1.622609511134223,-0.001541192069032306,1,0.7508819930735074
2025-12-29 19:35:00+00:00,1.6216773385118244,1.622609511134223,-0.000932172622398523,1,0.750600000025292
2025-12-29 19:40:00+00:00,1.618950665231983,1.618950665231983,0.0,0,0.0
2025-12-30 08:05:00+00:00,1.618222219392006,1.618222219392006,0.0,2,1.5005064019177263
2025-12-30 08:10:00+00:00,1.622567527353651,1.618222219392006,0.004345307961645096,2,1.4964879790756356
2025-12-30 08:15:00+00:00,1.622711834633671,1.618222219392006,0.004489615241665219,2,1.496354896845486
2025-12-30 08:20:00+00:00,1.6242874682860344,1.618222219392006,0.006065248894028495,2,1.494903363679478
2025-12-30 08:25:00+00:00,1.6171108281364213,1.618222219392006,-0.001111391255584701,2,1.5015376544855927
2025-12-30 08:30:00+00:00,1.615952572459317,1.618222219392006,-0.002269646932689019,2,1.5026139017358737
2025-12-30 08:35:00+00:00,1.6146668745233872,1.6146668745233872,0.0,0,0.0
2025-12-30 14:55:00+00:00,1.6143035744766194,1.6143035744766194,0.0,1,0.7501687879772949
2025-12-30 15:00:00+00:00,1.6119488792046905,1.6143035744766194,-0.002354695271928995,1,0.7512646160900762
2025-12-30 15:05:00+00:00,1.6070993282279793,1.6143035744766194,-0.007204246248640232,1,0.7535316172571699
2025-12-30 15:10:00+00:00,1.6077300501758174,1.6143035744766194,-0.006573524300801968,1,0.7532360023749687
2025-12-30 15:15:00+00:00,1.6083047079505144,1.6143035744766194,-0.005998866526105057,1,0.7529668662325407
2025-12-30 15:20:00+00:00,1.610154825664173,1.6143035744766194,-0.004148748812446619,1,0.7521016840060799
2025-12-30 15:25:00+00:00,1.6096513651845523,1.6096513651845523,0.0,0,0.0
2025-12-30 16:20:00+00:00,1.6092891936273859,1.6092891936273859,0.0,1,0.7501687879772948
2025-12-30 16:25:00+00:00,1.6137934573904051,1.6092891936273859,0.004504263763019363,1,0.7480749896214023
2025-12-30 16:30:00+00:00,1.611014230813223,1.6092891936273859,0.001725037185837157,1,0.7493655243995039
2025-12-30 16:35:00+00:00,1.6068933086470563,1.6092891936273859,-0.0023958849803295337,1,0.7512872929347523
2025-12-30 16:40:00+00:00,1.6067974732478432,1.6092891936273859,-0.002491720379542635,1,0.7513321025133338
2025-12-30 16:45:00+00:00,1.6057432838564982,1.6092891936273859,-0.0035459097708876834,1,0.7518253608939288
2025-12-30 16:50:00+00:00,1.6035602397142812,1.6035602397142812,0.0,0,0.0
2025-12-31 14:10:00+00:00,1.6031994386603454,1.6031994386603454,0.0,1,0.7501687879772949
2025-12-31 14:15:00+00:00,1.6024059259592502,1.6031994386603454,-0.0007935127010952013,1,0.7505402721634064
2025-12-31 14:20:00+00:00,1.6006235130075437,1.6031994386603454,-0.0025759256528018453,1,0.7513760544013968
2025-12-31 14:25:00+00:00,1.6006155380055225,1.6031994386603454,-0.002583900654822982,1,0.7513797981021233
2025-12-31 14:30:00+00:00,1.5998898128216061,1.6031994386603454,-0.0033096258387391906,1,0.7517206311006202
2025-12-31 14:35:00+00:00,1.5965722119808459,1.6031994386603454,-0.006627226679499518,1,0.7532826706870803
2025-12-31 14:40:00+00:00,1.5951666856621516,1.5951666856621516,0.0,0,0.0
2026-01-02 14:40:00+00:00,1.5937315201042608,1.5937315201042608,0.0,4,3.0016882596741117
2026-01-02 14:45:00+00:00,1.607909308951519,1.5937315201042608,0.014177788847258357,4,2.9752207828742514
2026-01-02 14:50:00+00:00,1.6330392483946137,1.5937315201042608,0.03930772829035291,4,2.9294367527739538
2026-01-02 14:55:00+00:00,1.6342152457675754,1.5937315201042608,0.04048372566331464,4,2.9273287012584377
2026-01-02 15:00:00+00:00,1.6277311799781427,1.5937315201042608,0.03399965987388177,4,2.938989712683254
2026-01-02 15:05:00+00:00,1.6203896893167296,1.5937315201042608,0.026658169212468878,4,2.952305377224881
2026-01-02 15:10:00+00:00,1.6252688589346254,1.6252688589346254,0.0,0,0.0
2026-01-02 22:05:00+00:00,1.624903173441365,1.624903173441365,0.0,1,0.750168787977295
2026-01-02 22:10:00+00:00,1.6260052997019447,1.624903173441365,0.0011021262605796986,1,0.749660314406361
2026-01-02 22:15:00+00:00,1.6219641700798197,1.624903173441365,-0.002939003361545322,1,0.7515280958031165
2026-01-02 22:20:00+00:00,1.623892891035834,1.624903173441365,-0.0010102824055311197,1,0.750635495068542
2026-01-02 22:25:00+00:00,1.6241684226009785,1.624903173441365,-0.0007347508403864658,1,0.7505081537350132
2026-01-02 22:30:00+00:00,1.6226989209202058,1.624903173441365,-0.0022042525211591266,1,0.7511878072302666
2026-01-02 22:35:00+00:00,1.622149547716849,1.622149547716849,0.0,0,0.0
2026-01-05 00:50:00+00:00,1.6217845640686128,1.6217845640686128,0.0,1,0.7501687879772949
2026-01-05 00:55:00+00:00,1.6208866290469965,1.6217845640686128,-0.0008979350216162615,1,0.7505843647454519
2026-01-05 01:00:00+00:00,1.6217845640686128,1.6217845640686128,0.0,1,0.7501687879772949
2026-01-05 01:05:00+00:00,1.6199886940253805,1.6217845640686128,-0.001795870043232388,1,0.7510004022093354
2026-01-05 01:10:00+00:00,1.6284292832285716,1.6217845640686128,0.006644719159958822,1,0.7471077640998606
2026-01-05 01:15:00+00:00,1.6294170117523497,1.6217845640686128,0.007632447683736737,1,0.7466548784090798
2026-01-05 01:20:00+00:00,1.6275255385673657,1.6275255385673657,0.0,0,0.0
2026-01-05 14:45:00+00:00,1.627159345321188,1.627159345321188,0.0,1,0.7501687879772949
2026-01-05 14:50:00+00:00,1.6226435784386102,1.627159345321188,-0.0045157668825778815,1,0.7522564845078856
2026-01-05 14:55:00+00:00,1.6268511018479745,1.627159345321188,-0.00030824347321355215,1,0.7503109242996909
2026-01-05 15:00:00+00:00,1.6261652601200747,1.627159345321188,-0.000994085201113499,1,0.7506273709446929
2026-01-05 15:05:00+00:00,1.6248629314457474,1.627159345321188,-0.0022964138754406854,1,0.7512289992605327
2026-01-05 15:10:00+00:00,1.6233987749479832,1.627159345321188,-0.0037605703732049565,1,0.7519065387767316
2026-01-05 15:15:00+00:00,1.6241268460317135,1.6241268460317135,0.0,0,0.0
2026-01-06 06:45:00+00:00,1.6237614174913564,1.6237614174913564,0.0,1,0.7501687879772949
2026-01-06 06:50:00+00:00,1.625100725640745,1.6237614174913564,0.001339308149388553,1,0.7495505449629988
2026-01-06 06:55:00+00:00,1.6225609171893833,1.6237614174913564,-0.0012005003019730587,1,0.7507238228280403
2026-01-06 07:00:00+00:00,1.6210527886850297,1.6237614174913564,-0.0027086288063266723,1,0.7514222504202859
2026-01-06 07:05:00+00:00,1.6194883867290213,1.6237614174913564,-0.004273030762335081,1,0.7521481132594261
2026-01-06 07:10:00+00:00,1.6198747977637187,1.6237614174913564,-0.0038866197276376238,1,0.7519686930159039
2026-01-06 07:15:00+00:00,1.6181513032567547,1.6181513032567547,0.0,0,0.0
2026-01-06 21:15:00+00:00,1.617423217089199,1.617423217089199,0.0,2,1.5005064019177263
2026-01-06 21:20:00+00:00,1.6423075024777232,1.617423217089199,0.024884285388524302,2,1.4777706904408587
2026-01-06 21:25:00+00:00,1.638832729815309,1.617423217089199,0.02140951272610999,2,1.4809039676222582
2026-01-06 21:30:00+00:00,1.63859486684331,1.617423217089199,0.021171649754111038,2,1.481118939746309
2026-01-06 21:35:00+00:00,1.6486012418492257,1.617423217089199,0.03117802476002679,2,1.4721291178516938
2026-01-06 21:40:00+00:00,1.637175229310634,1.617423217089199,0.01975201222143508,2,1.4824032567818815
2026-01-06 21:45:00+00:00,1.6397825371488386,1.6397825371488386,0.0,0,0.0
2026-01-08 14:50:00+00:00,1.6386759329595577,1.6386759329595577,0.0,3,2.251012879815685
2026-01-08 14:55:00+00:00,1.6418318014241544,1.6386759329595577,0.0031558684645967123,3,2.2466860659760157
2026-01-08 15:00:00+00:00,1.641547934043933,1.6386759329595577,0.0028720010843751574,3,2.2470745778644
2026-01-08 15:05:00+00:00,1.636145872157935,1.6386759329595577,-0.0025300608016228204,3,2.254493742706998
2026-01-08 15:10:00+00:00,1.6527864960915963,1.6386759329595577,0.01411056313203866,3,2.2317949956989027
2026-01-08 15:15:00+00:00,1.6516800674652055,1.6386759329595577,0.013004134505647651,3,2.233290032128849
2026-01-08 15:20:00+00:00,1.6548888560783508,1.6548888560783508,0.0,0,0.0
2026-01-09 01:30:00+00:00,1.6545165060857332,1.6545165060857332,0.0,1,0.7501687879772948
2026-01-09 01:35:00+00:00,1.6424852749456724,1.6545165060857332,-0.012031231140060815,1,0.7556637864530118
2026-01-09 01:40:00+00:00,1.637276487499433,1.6545165060857332,-0.017240018586300258,1,0.758067834928945
2026-01-09 01:45:00+00:00,1.6385460552824571,1.6545165060857332,-0.015970450803276068,1,0.7574804736537035
2026-01-09 01:50:00+00:00,1.6410535505299255,1.6545165060857332,-0.013462955555807751,1,0.7563230594504172
2026-01-09 01:55:00+00:00,1.640784607821995,1.6545165060857332,-0.013731898263738234,1,0.7564470291480296
2026-01-09 02:00:00+00:00,1.6407444811744678,1.6407444811744678,0.0,0,0.0
2026-01-09 03:50:00+00:00,1.6403753136662036,1.6403753136662036,0.0,1,0.7501687879772948
2026-01-09 03:55:00+00:00,1.6398512629766384,1.6403753136662036,-0.0005240506895650821,1,0.7504085209820529
2026-01-09 04:00:00+00:00,1.6389778451606962,1.6403753136662036,-0.0013974685055072953,1,0.7508084166691092
2026-01-09 04:05:00+00:00,1.6398512629766384,1.6403753136662036,-0.0005240506895650821,1,0.7504085209820529
2026-01-09 04:10:00+00:00,1.6374056930920007,1.6403753136662036,-0.0029696205742029518,1,0.7515293039913167
2026-01-09 04:15:00+00:00,1.6357461992417106,1.6403753136662036,-0.0046291144244929245,1,0.7522917439461608
2026-01-09 04:20:00+00:00,1.6359010824230114,1.6359010824230114,0.0,0,0.0
2026-01-09 15:25:00+00:00,1.634797097626219,1.634797097626219,0.0,3,2.2510128798156845
2026-01-09 15:30:00+00:00,1.6610326797193102,1.634797097626219,0.02623558209309123,3,2.215458712867573
2026-01-09 15:35:00+00:00,1.6669959160044168,1.634797097626219,0.032198818378197866,3,2.207533496220136
2026-01-09 15:40:00+00:00,1.6581497102918832,1.634797097626219,0.02335261266566417,3,2.2193106568128513
2026-01-09 15:45:00+00:00,1.6399886445960168,1.634797097626219,0.005191546969797803,3,2.2438870749305773
2026-01-09 15:50:00+00:00,1.6419336182732407,1.634797097626219,0.007136520647021647,3,2.2412290495105287
2026-01-09 15:55:00+00:00,1.6280401360990748,1.6280401360990748,0.0,0,0.0
2026-01-11 16:30:00+00:00,1.6276738270684525,1.6276738270684525,0.0,1,0.7501687879772949
2026-01-11 16:35:00+00:00,1.6334214903404662,1.6276738270684525,0.0057476632720136036,1,0.7475291033545773
2026-01-11 16:40:00+00:00,1.6333344045333145,1.6276738270684525,0.00566057746486203,1,0.7475689599663982
2026-01-11 16:45:00+00:00,1.633769833569073,1.6276738270684525,0.006096006500620439,1,0.747369719397309
2026-01-11 16:50:00+00:00,1.626280454154025,1.6276738270684525,-0.0013933729144274788,1,0.7508115214417147
2026-01-11 16:55:00+00:00,1.6270642264183903,1.6276738270684525,-0.0006096006500622337,1,0.750449848413252
2026-01-11 17:00:00+00:00,1.6253045444733405,1.6253045444733405,0.0,0,0.0
2026-01-12 03:15:00+00:00,1.624938850950834,1.624938850950834,0.0,1,0.7501687879772948
2026-01-12 03:20:00+00:00,1.6221441943247599,1.624938850950834,-0.0027946566260742293,1,0.7514611910702685
2026-01-12 03:25:00+00:00,1.6228216868401715,1.624938850950834,-0.002117164110662488,1,0.7511474724795566
2026-01-12 03:30:00+00:00,1.6210432689872152,1.624938850950834,-0.0038955819636189016,1,0.7519715430647268
2026-01-12 03:35:00+00:00,1.6190107914409793,1.624938850950834,-0.005928059509854668,1,0.75291555485561
2026-01-12 03:40:00+00:00,1.6165548810726107,1.624938850950834,-0.008383969878223365,1,0.7540594028865838
2026-01-12 03:45:00+00:00,1.6146648293904273,1.6146648293904273,0.0,0,0.0
2026-01-12 14:35:00+00:00,1.6143015298038146,1.6143015298038146,0.0,1,0.7501687879772948
2026-01-12 14:40:00+00:00,1.6183893418674034,1.6143015298038146,0.004087812063588746,1,0.748273972593944
2026-01-12 14:45:00+00:00,1.6161670367148213,1.6143015298038146,0.0018655069110067842,1,0.7493028842516267
2026-01-12 14:50:00+00:00,1.6166828573936525,1.6143015298038146,0.002381327589837997,1,0.7490638108176275
2026-01-12 14:55:00+00:00,1.6160948752727051,1.6143015298038146,0.0017933454688904894,1,0.7493363419263813
2026-01-12 15:00:00+00:00,1.617389772261792,1.6143015298038146,0.003088242457977499,1,0.7487364164231942
2026-01-12 15:05:00+00:00,1.6162032977058525,1.6162032977058525,0.0,0,0.0
2026-01-13 22:10:00+00:00,1.6147492055860346,1.6147492055860346,0.0,4,3.0016882596741117
2026-01-13 22:15:00+00:00,1.648526324563405,1.6147492055860346,0.033777118977370305,4,2.9401858256703117
2026-01-13 22:20:00+00:00,1.6449199855046714,1.6147492055860346,0.030170779918636734,4,2.946631918535915
2026-01-13 22:25:00+00:00,1.6461904958664864,1.6147492055860346,0.031441290280451686,4,2.9443577428591903
2026-01-13 22:30:00+00:00,1.6322286477474768,1.6147492055860346,0.017479442161442166,4,2.969543353754184
2026-01-13 22:35:00+00:00,1.6316767586800813,1.6147492055860346,0.016927553094046602,4,2.970547755210156
2026-01-13 22:40:00+00:00,1.6355270838079592,1.6355270838079592,0.0,0,0.0
2026-01-14 14:50:00+00:00,1.6351590902141024,1.6351590902141024,0.0,1,0.7501687879772948
2026-01-14 14:55:00+00:00,1.6404406077942104,1.6351590902141024,0.005281517580108,1,0.7477535651262355
2026-01-14 15:00:00+00:00,1.6379981813750368,1.6351590902141024,0.002839091160934318,1,0.7488685438137956
2026-01-14 15:05:00+00:00,1.632349381626632,1.6351590902141024,-0.0028097085874704917,1,0.7514600285103306
2026-01-14 15:10:00+00:00,1.6354712800571547,1.6351590902141024,0.0003121898430523223,1,0.7500255906744518
2026-01-14 15:15:00+00:00,1.6420419580479846,1.6351590902141024,0.006882867833882118,1,0.7470243417617491
2026-01-14 15:20:00+00:00,1.6397310417838376,1.6397310417838376,0.0,0,0.0
2026-01-15 16:00:00+00:00,1.638993245826419,1.638993245826419,0.0,2,1.500506401917726
2026-01-15 16:05:00+00:00,1.635591084365003,1.638993245826419,-0.0034021614614158733,2,1.5036275763371834
2026-01-15 16:10:00+00:00,1.6328263331669959,1.638993245826419,-0.006166912659422964,2,1.5061735642714738
2026-01-15 16:15:00+00:00,1.6340809536112293,1.638993245826419,-0.004912292215189647,2,1.5050171490142474
2026-01-15 16:20:00+00:00,1.6363443340761425,1.638993245826419,-0.0026489117502764468,2,1.5029354194274478
2026-01-15 16:25:00+00:00,1.6408973136430443,1.638993245826419,0.0019040678166253472,2,1.498765241197444
2026-01-15 16:30:00+00:00,1.633723327891403,1.633723327891403,0.0,0,0.0
2026-01-19 00:20:00+00:00,1.6333557401426273,1.6333557401426273,0.0,1,0.7501687879772949
2026-01-19 00:25:00+00:00,1.6309799026533378,1.6333557401426273,-0.002375837489289394,1,0.7512615538212345
2026-01-19 00:30:00+00:00,1.6321678213979827,1.6333557401426273,-0.001187918744644697,1,0.7507147732327342
2026-01-19 00:35:00+00:00,1.6322591997629552,1.6333557401426273,-0.0010965403796720594,1,0.7506727461523852
2026-01-19 00:40:00+00:00,1.6331729834126818,1.6333557401426273,-0.00018275672994541125,1,0.7502527340111752
2026-01-19 00:45:00+00:00,1.6344522805222994,1.6333557401426273,0.0010965403796721956,1,0.7496655060048633
2026-01-19 00:50:00+00:00,1.6336278009486602,1.6336278009486602,0.0,0,0.0
2026-01-20 14:40:00+00:00,1.6332602346934468,1.6332602346934468,0.0,1,0.7501687879772949
2026-01-20 14:45:00+00:00,1.6305058067498246,1.6332602346934468,-0.0027544279436222635,1,0.7514360547748028
2026-01-20 14:50:00+00:00,1.6222264072995898,1.6332602346934468,-0.011033827393856954,1,0.7552711786704528
2026-01-20 14:55:00+00:00,1.6224654556535465,1.6332602346934468,-0.010794779039900415,1,0.755159899671308
2026-01-20 15:00:00+00:00,1.6233813600209528,1.6332602346934468,-0.009878874672494143,1,0.7547338418963252
2026-01-20 15:05:00+00:00,1.620459061042249,1.6332602346934468,-0.012801173651198035,1,0.7560949117242469
2026-01-20 15:10:00+00:00,1.6153024698982217,1.6153024698982217,0.0,0,0.0
2026-01-20 22:40:00+00:00,1.614575665561455,1.614575665561455,0.0,2,1.5005064019177263
2026-01-20 22:45:00+00:00,1.6147896840342366,1.614575665561455,0.0002140184727816688,2,1.5003075301440751
2026-01-20 22:50:00+00:00,1.6158576257370407,1.614575665561455,0.001281960175585861,2,1.4993159570296177
2026-01-20 22:55:00+00:00,1.6133382124615965,1.614575665561455,-0.0012374530998584274,2,1.5016573114319673
2026-01-20 23:00:00+00:00,1.612720753058785,1.614575665561455,-0.0018549125026699374,2,1.5022322481809276
2026-01-20 23:05:00+00:00,1.608564640997658,1.614575665561455,-0.00601102456379696,2,1.5061136250346463
2026-01-20 23:10:00+00:00,1.6109269864414835,1.6109269864414835,0.0,0,0.0
2026-01-21 14:10:00+00:00,1.6105645278695342,1.6105645278695342,0.0,1,0.7501687879772949
2026-01-21 14:15:00+00:00,1.617452325800629,1.6105645278695342,0.006887797931094917,1,0.7469742511471325
2026-01-21 14:20:00+00:00,1.615848318063251,1.6105645278695342,0.005283790193716792,1,0.7477157517354416
2026-01-21 14:25:00+00:00,1.6184902131601089,1.6105645278695342,0.007925685290574785,1,0.7464952398273119
2026-01-21 14:30:00+00:00,1.6166031452337817,1.6105645278695342,0.006038617364247532,1,0.7473666269877213
2026-01-21 14:35:00+00:00,1.6223587024090804,1.6105645278695342,0.011794174539546204,1,0.7447152334665779
2026-01-21 14:40:00+00:00,1.6192599953439561,1.6192599953439561,0.0,0,0.0
2026-01-26 21:45:00+00:00,1.6188956618450037,1.6188956618450037,0.0,1,0.7501687879772949
2026-01-26 21:50:00+00:00,1.617108045950237,1.6188956618450037,-0.0017876158947666364,1,0.7509980545513525
2026-01-26 21:55:00+00:00,1.6177949539098002,1.6188956618450037,-0.001100707935203537,1,0.7506791843879606
2026-01-26 22:00:00+00:00,1.6160445800128411,1.6188956618450037,-0.0028510818321624398,1,0.7514922617408965
2026-01-26 22:05:00+00:00,1.6184032398739916,1.6188956618450037,-0.0004924219710120803,1,0.7503970373925619
2026-01-26 22:10:00+00:00,1.6156431940364702,1.6188956618450037,-0.003252467808533543,1,0.7516789604230854
2026-01-26 22:15:00+00:00,1.612957442674175,1.612957442674175,0.0,0,0.0
2026-01-27 20:50:00+00:00,1.6125945272495734,1.6125945272495734,0.0,1,0.7501687879772948
2026-01-27 20:55:00+00:00,1.6131508034796773,1.6125945272495734,0.0005562762301038008,1,0.7499101010247685
2026-01-27 21:00:00+00:00,1.6123387213919347,1.6125945272495734,-0.0002558058576388153,1,0.7502878061262956
2026-01-27 21:05:00+00:00,1.6125931737794272,1.6125945272495734,-1.353470146288282e-06,1,0.750169417603586
2026-01-27 21:10:00+00:00,1.6133402893001503,1.6125945272495734,0.0007457620505769078,1,0.7498220245465971
2026-01-27 21:15:00+00:00,1.6123224797501796,1.6125945272495734,-0.0002720474993938717,1,0.7502953641092136
2026-01-27 21:20:00+00:00,1.610631810112119,1.610631810112119,0.0,0,0.0
2026-01-28 19:50:00+00:00,1.6102694179548438,1.6102694179548438,0.0,1,0.7501687879772949
2026-01-28 19:55:00+00:00,1.611417923275311,1.6102694179548438,0.0011485053204672204,1,0.7496341204451819
2026-01-28 20:00:00+00:00,1.6103228368069584,1.6102694179548438,5.341885211472949e-05,1,0.7501439028085386
2026-01-28 20:05:00+00:00,1.611978821222516,1.6102694179548438,0.0017094032676721483,1,0.7493732806414718
2026-01-28 20:10:00+00:00,1.6126999757260654,1.6102694179548438,0.002430557771221533,1,0.7490381817859447
2026-01-28 20:15:00+00:00,1.6126866210130366,1.6102694179548438,0.0024172030581928504,1,0.7490443845967296
2026-01-28 20:20:00+00:00,1.6123509382818189,1.6123509382818189,0.0,0,0.0
2026-01-30 01:55:00+00:00,1.6116254619848582,1.6116254619848582,0.0,2,1.5005064019177266
2026-01-30 02:00:00+00:00,1.611726824556604,1.6116254619848582,0.0001013625717459473,2,1.5004120340723186
2026-01-30 02:05:00+00:00,1.606807324524586,1.6116254619848582,-0.004818137460272301,2,1.5050057877458296
2026-01-30 02:10:00+00:00,1.6018116508394695,1.6116254619848582,-0.009813811145388755,2,1.509699546719208
2026-01-30 02:15:00+00:00,1.6003705306543023,1.6116254619848582,-0.01125493133055579,2,1.5110590184469368
2026-01-30 02:20:00+00:00,1.5933564832969853,1.6116254619848582,-0.018268978687872903,2,1.5177107876060625
2026-01-30 02:25:00+00:00,1.5827828432866118,1.5827828432866118,0.0,0,0.0
2026-01-30 11:55:00+00:00,1.5813588194258308,1.5813588194258308,0.0,4,3.0016882596741117
2026-01-30 12:00:00+00:00,1.5756508631839874,1.5813588194258308,-0.005707956241843357,4,3.01256218208815
2026-01-30 12:05:00+00:00,1.5745410765887895,1.5813588194258308,-0.00681774283704124,4,3.0146855316638397
2026-01-30 12:10:00+00:00,1.5631210014239032,1.5813588194258308,-0.018237818001927694,4,3.0367106566149693
2026-01-30 12:15:00+00:00,1.5596313469779077,1.5813588194258308,-0.021727472447923037,4,3.0435052564186935
2026-01-30 12:20:00+00:00,1.5607039309261628,1.5813588194258308,-0.020654888499668074,4,3.041413626597189
2026-01-30 12:25:00+00:00,1.5503657962138224,1.5503657962138224,0.0,0,0.0
2026-01-30 13:05:00+00:00,1.5500169639096744,1.5500169639096744,0.0,1,0.7501687879772949
2026-01-30 13:10:00+00:00,1.5502792044029448,1.5500169639096744,0.00026224049327028525,1,0.7500418917172944
2026-01-30 13:15:00+00:00,1.5523219198242078,1.5500169639096744,0.002304955914533288,1,0.7490549043410049
2026-01-30 13:20:00+00:00,1.5541161968834252,1.5500169639096744,0.004099232973750825,1,0.7481900963982985
2026-01-30 13:25:00+00:00,1.5536055180281094,1.5500169639096744,0.003588554118435075,1,0.7484360306831305
2026-01-30 13:30:00+00:00,1.5560622973861151,1.5500169639096744,0.006045333476440864,1,0.7472543670736087
2026-01-30 13:35:00+00:00,1.5584048806707935,1.5584048806707935,0.0,0,0.0
2026-01-30 18:30:00+00:00,1.5577036773687387,1.5577036773687387,0.0,2,1.5005064019177263
2026-01-30 18:35:00+00:00,1.5523325142926336,1.5577036773687387,-0.005371163076105099,2,1.5056982435542539
2026-01-30 18:40:00+00:00,1.5574083226813153,1.5577036773687387,-0.000295354687423275,2,1.5007909654408955
2026-01-30 18:45:00+00:00,1.590881623522605,1.5577036773687387,0.03317794615386643,2,1.469213237253391
2026-01-30 18:50:00+00:00,1.5995181736919162,1.5577036773687387,0.04181449632317745,2,1.461280264660984
2026-01-30 18:55:00+00:00,1.6083284924985144,1.5577036773687387,0.05062481512977564,2,1.4532754664760974
2026-01-30 19:00:00+00:00,1.6103814522183244,1.6103814522183244,0.0,0,0.0
2026-01-30 21:00:00+00:00,1.6100191163915754,1.6100191163915754,0.0,1,0.7501687879772948
2026-01-30 21:05:00+00:00,1.6035985335778467,1.6100191163915754,-0.006420582813728791,1,0.7531723582142521
2026-01-30 21:10:00+00:00,1.6036828300699304,1.6100191163915754,-0.006336286321644886,1,0.7531327682239239
2026-01-30 21:15:00+00:00,1.605326611665568,1.6100191163915754,-0.0046925047260073975,1,0.7523615944487669
2026-01-30 21:20:00+00:00,1.607434023967667,1.6100191163915754,-0.002585092423908297,1,0.7513752173681982
2026-01-30 21:25:00+00:00,1.607082788583984,1.6100191163915754,-0.002936327807591369,1,0.7515394339005617
2026-01-30 21:30:00+00:00,1.6063973162042462,1.6063973162042462,0.0,0,0.0
2026-01-31 16:15:00+00:00,1.6060358768081002,1.6060358768081002,0.0,1,0.7501687879772949
2026-01-31 16:20:00+00:00,1.6139071770126125,1.605672665970834,0.008234511041778468,2,1.496678874996859
2026-01-31 16:25:00+00:00,1.615053264562901,1.605672665970834,0.009380598592066993,2,1.4956167892669014
2026-01-31 16:30:00+00:00,1.6003454717592824,1.605672665970834,-0.005327194211551655,2,1.50936208504105
2026-01-31 16:35:00+00:00,1.5987055021684478,1.605672665970834,-0.006967163802386353,2,1.5109104051773532
2026-01-31 16:40:00+00:00,1.5925784871584265,1.605672665970834,-0.01309417881240739,2,1.5167232243294169
2026-01-31 16:45:00+00:00,1.5894107316884818,1.59729926988539,-0.007888538196908363,1,0.7617306003724039
2026-01-31 16:50:00+00:00,1.5825413550621463,1.5825413550621463,0.0,0,0.0
2026-02-01 14:45:00+00:00,1.5821852832572574,1.5821852832572574,0.0,1,0.7501687879772949
2026-02-01 14:50:00+00:00,1.587704094349353,1.5821852832572574,0.005518811092095628,1,0.7475612241102195
2026-02-01 14:55:00+00:00,1.5956285410456952,1.5821852832572574,0.013443257788437758,1,0.7438485748812007
2026-02-01 15:00:00+00:00,1.5946379852086523,1.5821852832572574,0.012452701951394926,1,0.7443106380921358
2026-02-01 15:05:00+00:00,1.588285849364759,1.5821852832572574,0.006100566107501581,1,0.7472874084795993
2026-02-01 15:10:00+00:00,1.58594310619461,1.5821852832572574,0.003757822937352757,1,0.7483912957915183
2026-02-01 15:15:00+00:00,1.5785273586622257,1.5785273586622257,0.0,0,0.0
2026-02-01 18:05:00+00:00,1.5781721900065266,1.5781721900065266,0.0,1,0.7501687879772949
2026-02-01 18:10:00+00:00,1.5856213223725013,1.5781721900065266,0.007449132365974685,1,0.7466445501787615
2026-02-01 18:15:00+00:00,1.5872215438732815,1.5781721900065266,0.009049353866754943,1,0.7458917903216085
2026-02-01 18:20:00+00:00,1.590199171222835,1.5781721900065266,0.012026981216308326,1,0.7444951176061013
2026-02-01 18:25:00+00:00,1.585606130396228,1.5781721900065266,0.0074339403897015315,1,0.7466517039139001
2026-02-01 18:30:00+00:00,1.5888572133186996,1.5781721900065266,0.010685023312172998,1,0.7451239224472707
2026-02-01 18:35:00+00:00,1.586557471700027,1.586557471700027,0.0,0,0.0
2026-02-02 03:50:00+00:00,1.5854867863469735,1.5854867863469735,0.0,3,2.251012879815685
2026-02-02 03:55:00+00:00,1.5865727494069577,1.5854867863469735,0.0010859630599842445,3,2.249472126745306
2026-02-02 04:00:00+00:00,1.5999428312136366,1.5854867863469735,0.014456044866662975,3,2.2306741886129697
2026-02-02 04:05:00+00:00,1.570863339411324,1.5854867863469735,-0.014623446935649483,3,2.271967960104072
2026-02-02 04:10:00+00:00,1.5843786626730936,1.5854867863469735,-0.0011081236738798668,3,2.252587251347629
2026-02-02 04:15:00+00:00,1.5626814416858954,1.5854867863469735,-0.022805344661078062,3,2.2838635448273203
2026-02-02 04:20:00+00:00,1.5889091470421375,1.5889091470421375,0.0,0,0.0
2026-02-02 06:20:00+00:00,1.588194218364494,1.588194218364494,0.0,2,1.5005064019177263
2026-02-02 06:25:00+00:00,1.5810746130552533,1.588194218364494,-0.007119605309240641,2,1.5072632072306642
2026-02-02 06:30:00+00:00,1.5732310359834984,1.588194218364494,-0.014963182380995487,2,1.5147778918910413
2026-02-02 06:35:00+00:00,1.5583738981301836,1.588194218364494,-0.029820320234310346,2,1.5292193965799878
2026-02-02 06:40:00+00:00,1.5396470538758218,1.588194218364494,-0.04854716448867216,2,1.5478194084453125
2026-02-02 06:45:00+00:00,1.6043222938137696,1.588194218364494,0.016128075449275636,2,1.4854219762037872
2026-02-02 06:50:00+00:00,1.5906357878079114,1.5906357878079114,0.0,0,0.0
2026-02-03 15:30:00+00:00,1.5899200822293347,1.5899200822293347,0.0,2,1.500506401917726
2026-02-03 15:35:00+00:00,1.594030770762532,1.5899200822293347,0.004110688533197345,2,1.4966368941431667
2026-02-03 15:40:00+00:00,1.5887274719793305,1.5899200822293347,-0.0011926102500040678,2,1.5016327872460382
2026-02-03 15:45:00+00:00,1.5752003176232967,1.5899200822293347,-0.014719764606037935,2,1.5145281747544708
2026-02-03 15:50:00+00:00,1.5944548923797264,1.5899200822293347,0.004534810150391729,2,1.496238791905888
2026-02-03 15:55:00+00:00,1.594527726547176,1.5899200822293347,0.004607644317841401,2,1.4961704473390924
2026-02-03 16:00:00+00:00,1.599993059635784,1.599993059635784,0.0,0,0.0
2026-02-04 01:05:00+00:00,1.5996330611973661,1.5996330611973661,0.0,1,0.7501687879772949
2026-02-04 01:10:00+00:00,1.5987861199226043,1.5996330611973661,-0.0008469412747618899,1,0.7505661825391183
2026-02-04 01:15:00+00:00,1.6008429773041686,1.5996330611973661,0.0012099161068024336,1,0.7496018108831874
2026-02-04 01:20:00+00:00,1.5985441367012436,1.5996330611973661,-0.00108892449612243,1,0.7506798011865646
2026-02-04 01:25:00+00:00,1.5999960360294068,1.5996330611973661,0.00036297483204067677,1,0.7499986048120328
2026-02-04 01:30:00+00:00,1.6015689269682503,1.5996330611973661,0.0019358657708840534,1,0.7492620358203459
2026-02-04 01:35:00+00:00,1.6033867775220767,1.6033867775220767,0.0,0,0.0
2026-02-04 14:40:00+00:00,1.6030260154971343,1.6030260154971343,0.0,1,0.7501687879772949
2026-02-04 14:45:00+00:00,1.5953387184173533,1.6030260154971343,-0.0076872970797809545,1,0.7537835503262471
2026-02-04 14:50:00+00:00,1.6003566641066305,1.6030260154971343,-0.0026693513905038588,1,0.7514200491131477
2026-02-04 14:55:00+00:00,1.592163766865308,1.6030260154971343,-0.010862248631826374,1,0.7552866785237481
2026-02-04 15:00:00+00:00,1.5805512728324849,1.6030260154971343,-0.022474742664649522,1,0.7608358575970152
2026-02-04 15:05:00+00:00,1.5800619823535735,1.6030260154971343,-0.022964033143560752,1,0.7610714621146191
2026-02-04 15:10:00+00:00,1.5858227878758966,1.5858227878758966,0.0,0,0.0
2026-02-04 22:25:00+00:00,1.585109247903631,1.585109247903631,0.0,2,1.5005064019177263
2026-02-04 22:30:00+00:00,1.5962395965748581,1.585109247903631,0.011130348671227157,2,1.4900435870166366
2026-02-04 22:35:00+00:00,1.5890771042197727,1.585109247903631,0.003967856316141586,2,1.496759702787489
2026-02-04 22:40:00+00:00,1.5823197549439934,1.585109247903631,-0.002789492959637712,2,1.5031516650075427
2026-02-04 22:45:00+00:00,1.5600105957826298,1.585109247903631,-0.02509865212100134,2,1.5246477047325155
2026-02-04 22:50:00+00:00,1.56582364243032,1.585109247903631,-0.019285605473311103,2,1.518987521817441
2026-02-04 22:55:00+00:00,1.5584779510618834,1.5584779510618834,0.0,0,0.0
2026-02-05 01:30:00+00:00,1.5577767148818518,1.5577767148818518,0.0,2,1.5005064019177263
2026-02-05 01:35:00+00:00,1.5612759641792984,1.5577767148818518,0.0034992492974465473,2,1.4971433539408205
2026-02-05 01:40:00+00:00,1.5573804569029466,1.5577767148818518,-0.000396257978905212,2,1.5008881889316334
2026-02-05 01:45:00+00:00,1.5463752261244412,1.5577767148818518,-0.011401488757410488,2,1.5115696979294997
2026-02-05 01:50:00+00:00,1.5490222100156466,1.5577767148818518,-0.008754504866205132,2,1.5089867132473025
2026-02-05 01:55:00+00:00,1.5430772320755077,1.5577767148818518,-0.014699482806344002,2,1.5148003514345185
2026-02-05 02:00:00+00:00,1.5410224915608328,1.5410224915608328,0.0,0,0.0
2026-02-05 07:05:00+00:00,1.5406757615002316,1.5406757615002316,0.0,1,0.7501687879772949
2026-02-05 07:10:00+00:00,1.5319572839733624,1.5406757615002316,-0.008718477526869219,1,0.7544380517405608
2026-02-05 07:15:00+00:00,1.5317045744798299,1.5406757615002316,-0.00897118702040164,1,0.7545625233006342
2026-02-05 07:20:00+00:00,1.5371378285907773,1.5406757615002316,-0.0035379329094541462,1,0.7518954040251632
2026-02-05 07:25:00+00:00,1.5377696023246084,1.5406757615002316,-0.0029061591756231585,1,0.7515864970431724
2026-02-05 07:30:00+00:00,1.5400439877664005,1.5406757615002316,-0.0006317737338311159,1,0.75047653044436
2026-02-05 07:35:00+00:00,1.5381810007446046,1.5381810007446046,0.0,0,0.0
2026-02-05 15:40:00+00:00,1.537834910019437,1.537834910019437,0.0,1,0.750168787977295
2026-02-05 15:45:00+00:00,1.5401367653902698,1.537834910019437,0.002301855370832699,1,0.7490476017992616
2026-02-05 15:50:00+00:00,1.5336374090490952,1.537834910019437,-0.004197500970341807,1,0.7522219683424031
2026-02-05 15:55:00+00:00,1.5313355536782627,1.537834910019437,-0.006499356341174377,1,0.7533526847119983
2026-02-05 16:00:00+00:00,1.52903369830743,1.537834910019437,-0.008801211712007076,1,0.7544868055134921
2026-02-05 16:05:00+00:00,1.5223989387091479,1.537834910019437,-0.015435971310289147,1,0.7577749308841669
2026-02-05 16:10:00+00:00,1.522323654498196,1.522323654498196,0.0,0,0.0
2026-02-05 21:00:00+00:00,1.521981131675934,1.521981131675934,0.0,1,0.7501687879772948
2026-02-05 21:05:00+00:00,1.5409310411662875,1.521981131675934,0.018949909490353554,1,0.7409434363847287
2026-02-05 21:10:00+00:00,1.5323818881907945,1.521981131675934,0.010400756514860495,1,0.7450771571188723
2026-02-05 21:15:00+00:00,1.5258554440322332,1.521981131675934,0.0038743123562992986,1,0.7482640281155808
2026-02-05 21:20:00+00:00,1.5155952382810876,1.521981131675934,-0.006385893394846502,1,0.7533295909325728
2026-02-05 21:25:00+00:00,1.5325468825655895,1.521981131675934,0.010565750889655404,1,0.744996941928648
2026-02-05 21:30:00+00:00,1.5281161657900713,1.5281161657900713,0.0,0,0.0
2026-02-05 22:30:00+00:00,1.5267413253365245,1.5267413253365245,0.0,4,3.001688259674112
2026-02-05 22:35:00+00:00,1.5099639753860103,1.5267413253365245,-0.01677734995051409,4,3.0350402966735563
2026-02-05 22:40:00+00:00,1.5082464835266387,1.5267413253365245,-0.018494841809885823,4,3.0384964008709376
2026-02-05 22:45:00+00:00,1.5253596834600616,1.5267413253365245,-0.0013816418764628707,4,3.0044071319798524
2026-02-05 22:50:00+00:00,1.524193548718539,1.5267413253365245,-0.002547776617985558,4,3.0067057531341184
2026-02-05 22:55:00+00:00,1.5400181157025497,1.5267413253365245,0.013276790366025191,4,2.975810131773213
2026-02-05 23:00:00+00:00,1.5120287965069468,1.5120287965069468,0.0,0,0.0
2026-02-06 00:25:00+00:00,1.511008406691455,1.511008406691455,0.0,3,2.251012879815685
2026-02-06 00:30:00+00:00,1.5274111898134324,1.511008406691455,0.01640278312197732,3,2.226839378718771
2026-02-06 00:35:00+00:00,1.605356134409053,1.511008406691455,0.09434772771759796,3,2.118719524016578
2026-02-06 00:40:00+00:00,1.6795067015445853,1.511008406691455,0.16849829485313023,3,2.025177620216807
2026-02-06 00:45:00+00:00,1.667662275820478,1.511008406691455,0.15665386912902293,3,2.0395612674627586
2026-02-06 00:50:00+00:00,1.6713874653992664,1.511008406691455,0.16037905870781127,3,2.0350154918504963
2026-02-06 00:55:00+00:00,1.720233960535352,1.720233960535352,0.0,0,0.0
2026-02-06 05:55:00+00:00,1.7194599423399552,1.7194599423399552,0.0,2,1.5005064019177266
2026-02-06 06:00:00+00:00,1.7009434662635439,1.7194599423399552,-0.018516476076411437,2,1.516840919463242
2026-02-06 06:05:00+00:00,1.7079219525784424,1.7194599423399552,-0.011537989761512825,2,1.5106431809879142
2026-02-06 06:10:00+00:00,1.703665046267558,1.7194599423399552,-0.01579489607239728,2,1.5144177882704493
2026-02-06 06:15:00+00:00,1.6892187527436917,1.7194599423399552,-0.03024118959626343,2,1.5273691741413347
2026-02-06 06:20:00+00:00,1.6763938650016008,1.7194599423399552,-0.043066077338354505,2,1.5390539808016561
2026-02-06 06:25:00+00:00,1.678627966881245,1.678627966881245,0.0,0,0.0
2026-02-13 14:35:00+00:00,1.6782502755886965,1.6782502755886965,0.0,1,0.7501687879772949
2026-02-13 14:40:00+00:00,1.6700610927605757,1.6782502755886965,-0.008189182828120919,1,0.753847257814911
2026-02-13 14:45:00+00:00,1.6720697602467183,1.6782502755886965,-0.0061805153419781916,1,0.7529416565581386
2026-02-13 14:50:00+00:00,1.6819585847938834,1.6782502755886965,0.0037083092051868314,1,0.7485148484290504
2026-02-13 14:55:00+00:00,1.675778069451905,1.6782502755886965,-0.0024722061367913606,1,0.751275480990573
2026-02-13 15:00:00+00:00,1.6754690436848063,1.6782502755886965,-0.0027812319038902633,1,0.7514140472521763
2026-02-13 15:05:00+00:00,1.675091352392258,1.675091352392258,0.0,0,0.0
2026-02-15 03:50:00+00:00,1.6747144568379697,1.6747144568379697,0.0,1,0.7501687879772949
2026-02-15 03:55:00+00:00,1.6751477941242798,1.6747144568379697,0.0004333372863101879,1,0.7499747298123993
2026-02-15 04:00:00+00:00,1.6757213816526324,1.6747144568379697,0.001006924814662653,1,0.7497180187885323
2026-02-15 04:05:00+00:00,1.676848777829049,1.6747144568379697,0.002134320991079452,1,0.7492139606773011
2026-02-15 04:10:00+00:00,1.681401516455345,1.6747144568379697,0.006687059617375297,1,0.747185310587032
2026-02-15 04:15:00+00:00,1.6843539638583378,1.6747144568379697,0.009639507020368171,1,0.7458755945907911
2026-02-15 04:20:00+00:00,1.6818157761125774,1.6818157761125774,0.0,0,0.0
2026-02-17 18:25:00+00:00,1.6814373675629521,1.6814373675629521,0.0,1,0.7501687879772949
2026-02-17 18:30:00+00:00,1.6831137984398845,1.6814373675629521,0.00167643087693226,1,0.7494215977871593
2026-02-17 18:35:00+00:00,1.683761510369608,1.6814373675629521,0.002324142806655846,1,0.7491333091510968
2026-02-17 18:40:00+00:00,1.6864285594920003,1.6814373675629521,0.004991191929048103,1,0.7479485715448217
2026-02-17 18:45:00+00:00,1.6902830804855524,1.6814373675629521,0.008845712922600314,1,0.7462429498626307
2026-02-17 18:50:00+00:00,1.6878446355736512,1.6814373675629521,0.006407268010698998,1,0.747321054023276
2026-02-17 18:55:00+00:00,1.6892950607079518,1.6892950607079518,0.0,0,0.0
2026-02-18 14:55:00+00:00,1.6889149693192924,1.6889149693192924,0.0,1,0.7501687879772949
2026-02-18 15:00:00+00:00,1.6878807914599088,1.6889149693192924,-0.001034177859383733,1,0.75062842230411
2026-02-18 15:05:00+00:00,1.6921416042405697,1.6889149693192924,0.0032266349212773143,1,0.7487383398386321
2026-02-18 15:10:00+00:00,1.6916245153108778,1.6889149693192924,0.0027095459915854477,1,0.7489672111414906
2026-02-18 15:15:00+00:00,1.6902800840936791,1.6889149693192924,0.0013651147743867075,1,0.7495629318796052
2026-02-18 15:20:00+00:00,1.6910040085952476,1.6889149693192924,0.002089039275955152,1,0.7492420414682892
2026-02-18 15:25:00+00:00,1.6909755376787787,1.6909755376787787,0.0,0,0.0
2026-02-20 05:35:00+00:00,1.6898343859884941,1.6898343859884941,0.0,3,2.251012879815685
2026-02-20 05:40:00+00:00,1.6834319260188126,1.6898343859884941,-0.006402459969681425,3,2.2595739743461545
2026-02-20 05:45:00+00:00,1.6866181573980865,1.6898343859884941,-0.0032162285904076848,3,2.255305358198941
2026-02-20 05:50:00+00:00,1.6892527672048863,1.6898343859884941,-0.000581618783607805,3,2.251787915617586
2026-02-20 05:55:00+00:00,1.6801656340787783,1.6898343859884941,-0.009668751909715752,3,2.26396665332412
2026-02-20 06:00:00+00:00,1.6781081896448522,1.6898343859884941,-0.011726196343641821,3,2.266742389488343
2026-02-20 06:05:00+00:00,1.677138863802994,1.677138863802994,0.0,0,0.0
2026-02-20 15:05:00+00:00,1.6763842362194377,1.6763842362194377,0.0,2,1.5005064019177263
2026-02-20 15:10:00+00:00,1.6733688280597854,1.6763842362194377,-0.003015408159652197,2,1.503210312240473
2026-02-20 15:15:00+00:00,1.6505140198761419,1.6763842362194377,-0.025870216343295786,2,1.5240253934407582
2026-02-20 15:20:00+00:00,1.657676758028814,1.6763842362194377,-0.018707478190623607,2,1.5174401561329611
2026-02-20 15:25:00+00:00,1.6669046552974762,1.6763842362194377,-0.009479580921961446,2,1.5090396865394324
2026-02-20 15:30:00+00:00,1.6702407760643025,1.6763842362194377,-0.006143460155135155,2,1.5060255470762038
2026-02-20 15:35:00+00:00,1.6554259412047407,1.6554259412047407,0.0,0,0.0
2026-02-23 09:35:00+00:00,1.6550534703679696,1.6550534703679696,0.0,1,0.7501687879772949
2026-02-23 09:40:00+00:00,1.6569954029029696,1.6550534703679696,0.0019419325350001745,1,0.749289620072808
2026-02-23 09:45:00+00:00,1.6569340787176539,1.6550534703679696,0.0018806083496842488,1,0.7493173517587614
2026-02-23 09:50:00+00:00,1.658099238238654,1.6550534703679696,0.0030457678706843536,1,0.7487908004966188
2026-02-23 09:55:00+00:00,1.6595710186862331,1.6550534703679696,0.004517548318263535,1,0.7481267399369385
2026-02-23 10:00:00+00:00,1.6586102731162855,1.6550534703679696,0.003556802748315964,1,0.7485600903525266
2026-02-23 10:05:00+00:00,1.6563980767200408,1.6563980767200408,0.0,0,0.0
2026-02-23 18:00:00+00:00,1.6556527814406694,1.6556527814406694,0.0,2,1.5005064019177263
2026-02-23 18:05:00+00:00,1.6564276804954463,1.6556527814406694,0.0007748990547769867,2,1.4998044449254446
2026-02-23 18:10:00+00:00,1.6586328836200896,1.6556527814406694,0.002980102179420338,2,1.4978104090655713
2026-02-23 18:15:00+00:00,1.655575303069198,1.6556527814406694,-7.747837147146288e-05,2,1.5005766233037228
2026-02-23 18:20:00+00:00,1.6491037604017,1.6556527814406694,-0.0065490210389694565,2,1.5064653040991596
2026-02-23 18:25:00+00:00,1.6572511688081897,1.6556527814406694,0.001598387367520379,2,1.4990591919094611
2026-02-23 18:30:00+00:00,1.6559135599984798,1.6559135599984798,0.0,0,0.0
2026-02-24 01:25:00+00:00,1.6544237407027815,1.6544237407027815,0.0,4,3.0016882596741117
2026-02-24 01:30:00+00:00,1.6717816806438517,1.6544237407027815,0.01735793994107009,4,2.970522034361024
2026-02-24 01:35:00+00:00,1.6814777742777076,1.6544237407027815,0.027054033574926185,4,2.9533927804230893
2026-02-24 01:40:00+00:00,1.6541416437253826,1.6544237407027815,-0.0002820969773989621,4,3.0022001669756175
2026-02-24 01:45:00+00:00,1.6640281871200087,1.6544237407027815,0.009604446417227136,4,2.9843630999956834
2026-02-24 01:50:00+00:00,1.6605227637227427,1.6544237407027815,0.006099023019961023,4,2.990663198052279
2026-02-24 01:55:00+00:00,1.6606621579441643,1.6606621579441643,0.0,0,0.0
2026-02-24 14:40:00+00:00,1.6595414631817011,1.6595414631817011,0.0,3,2.251012879815685
2026-02-24 14:45:00+00:00,1.6684874069957152,1.6595414631817011,0.008945943814014048,3,2.2389436039775696
2026-02-24 14:50:00+00:00,1.6865433980056737,1.6595414631817011,0.027001934823972538,3,2.2149736630717936
2026-02-24 14:55:00+00:00,1.6859826424821993,1.6595414631817011,0.02644117930049806,3,2.215710360286
2026-02-24 15:00:00+00:00,1.6731466137919708,1.6595414631817011,0.013605150610269578,3,2.2327088238512522
2026-02-24 15:05:00+00:00,1.666317572294788,1.6595414631817011,0.006776109113086893,3,2.2418590971621244
2026-02-24 15:10:00+00:00,1.6752637760538707,1.6752637760538707,0.0,0,0.0
2026-02-24 16:05:00+00:00,1.6748868417042586,1.6748868417042586,0.0,1,0.7501687879772948
2026-02-24 16:10:00+00:00,1.674081323155701,1.6748868417042586,-0.000805518548557701,1,0.7505297470686522
2026-02-24 16:15:00+00:00,1.67295359718772,1.6748868417042586,-0.0019332445165384823,1,0.7510356737643683
2026-02-24 16:20:00+00:00,1.6753701528333933,1.6748868417042586,0.0004833111291347601,1,0.749952379129766
2026-02-24 16:25:00+00:00,1.6716647675100276,1.6748868417042586,-0.0032220741942309435,1,0.7516147115500333
2026-02-24 16:30:00+00:00,1.6713425600906044,1.6748868417042586,-0.0035442816136541633,1,0.7517596105326787
2026-02-24 16:35:00+00:00,1.6637159588039725,1.6637159588039725,0.0,0,0.0
2026-02-25 01:15:00+00:00,1.6633416227132416,1.6633416227132416,0.0,1,0.7501687879772948
2026-02-25 01:20:00+00:00,1.668603230553151,1.6633416227132416,0.005261607839909565,1,0.7478032801658493
2026-02-25 01:25:00+00:00,1.6718058656325607,1.6633416227132416,0.008464242919319149,1,0.7463707328427481
2026-02-25 01:30:00+00:00,1.6699866623432464,1.6633416227132416,0.006645039630004893,1,0.7471837932837999
2026-02-25 01:35:00+00:00,1.6710618190989603,1.6633416227132416,0.007720196385718811,1,0.7467030572069371
2026-02-25 01:40:00+00:00,1.6737392448605344,1.6633416227132416,0.01039762214729288,1,0.7455085808225475
2026-02-25 01:45:00+00:00,1.6669653474079174,1.6669653474079174,0.0,0,0.0
2026-02-26 15:40:00+00:00,1.6662152973917044,1.6662152973917044,0.0,2,1.5005064019177266
2026-02-26 15:45:00+00:00,1.6684518113485662,1.6662152973917044,0.00223651395686185,2,1.4984950141824482
2026-02-26 15:50:00+00:00,1.6703473959364152,1.6662152973917044,0.004132098544710791,2,1.4967944553281864
2026-02-26 15:55:00+00:00,1.668997386227761,1.6662152973917044,0.0027820888360565966,2,1.4980051744480767
2026-02-26 16:00:00+00:00,1.6708325864623232,1.6662152973917044,0.004617289070618847,2,1.4963598034696812
2026-02-26 16:05:00+00:00,1.6675027024994475,1.6662152973917044,0.001287405107743157,2,1.4993479272698986
2026-02-26 16:10:00+00:00,1.6600944332369556,1.6600944332369556,0.0,0,0.0
2026-02-27 22:40:00+00:00,1.6597209119894774,1.6597209119894774,0.0,1,0.7501687879772949
2026-02-27 22:45:00+00:00,1.6694367976958708,1.6597209119894774,0.009715885706393501,1,0.7458029118839018
2026-02-27 22:50:00+00:00,1.6680385464913194,1.6597209119894774,0.008317634501841987,1,0.746428089174974
2026-02-27 22:55:00+00:00,1.6682084274787883,1.6597209119894774,0.00848751548931082,1,0.746352077125895
2026-02-27 23:00:00+00:00,1.669221179519468,1.6597209119894774,0.009500267529990562,1,0.7458992494248996
2026-02-27 23:05:00+00:00,1.6711486753388265,1.6597209119894774,0.011427763349349139,1,0.7450389323830077
2026-02-27 23:10:00+00:00,1.672656912721773,1.672656912721773,0.0,0,0.0
2026-02-28 13:50:00+00:00,1.6711520294936544,1.6711520294936544,0.0,4,3.0016882596741117
2026-02-28 13:55:00+00:00,1.6882127013833708,1.6711520294936544,0.017060671889716463,4,2.971353919415002
2026-02-28 14:00:00+00:00,1.7028337788185233,1.6711520294936544,0.031681749324868794,4,2.9458409208572958
2026-02-28 14:05:00+00:00,1.679473808012011,1.6711520294936544,0.008321778518356625,4,2.986814919727401
2026-02-28 14:10:00+00:00,1.6896866697651385,1.6711520294936544,0.018534640271484118,4,2.9687619112003265
2026-02-28 14:15:00+00:00,1.6868805196981889,1.6711520294936544,0.01572849020453444,4,2.973700489444957
2026-02-28 14:20:00+00:00,1.693302580423715,1.693302580423715,0.0,0,0.0
2026-03-01 01:50:00+00:00,1.6921598583329707,1.6921598583329707,0.0,3,2.251012879815685
2026-03-01 01:55:00+00:00,1.7043957207582778,1.6921598583329707,0.012235862425307229,3,2.234852851026851
2026-03-01 02:00:00+00:00,1.7089709928792947,1.6921598583329707,0.016811134546323988,3,2.228869683385924
2026-03-01 02:05:00+00:00,1.7509795593253474,1.6921598583329707,0.05881970099237677,3,2.175395832308995
2026-03-01 02:10:00+00:00,1.7388128564702814,1.6921598583329707,0.046652998137310664,3,2.190617363818476
2026-03-01 02:15:00+00:00,1.7519061785154506,1.6921598583329707,0.059746320182479946,3,2.174245220735722
2026-03-01 02:20:00+00:00,1.7447838815768437,1.7447838815768437,0.0,0,0.0
2026-03-01 13:55:00+00:00,1.7432141059820365,1.7432141059820365,0.0,4,3.0016882596741112
2026-03-01 14:00:00+00:00,1.7181066132628502,1.7432141059820365,-0.02510749271918624,4,3.045553329247361
2026-03-01 14:05:00+00:00,1.7285650712219316,1.7432141059820365,-0.01464903476010486,4,3.0271266052631964
2026-03-01 14:10:00+00:00,1.7361620526597588,1.7432141059820365,-0.0070520533222776845,4,3.01388070774176
2026-03-01 14:15:00+00:00,1.7354869481463517,1.7432141059820365,-0.007727157835684788,4,3.0150531074943716
2026-03-01 14:20:00+00:00,1.7333694722710538,1.7432141059820365,-0.009844633710982672,4,3.018736281981976
2026-03-01 14:25:00+00:00,1.7175895529420344,1.7175895529420344,0.0,0,0.0
2026-03-01 18:05:00+00:00,1.7172030952926225,1.7172030952926225,0.0,1,0.7501687879772948
2026-03-01 18:10:00+00:00,1.7198656825066174,1.7172030952926225,0.002662587213994903,1,0.7490074241315465
2026-03-01 18:15:00+00:00,1.716793966037789,1.7172030952926225,-0.0004091292548334078,1,0.7503475607382061
2026-03-01 18:20:00+00:00,1.7161315662918684,1.7172030952926225,-0.0010715290007540952,1,0.7506371830744815
2026-03-01 18:25:00+00:00,1.7144430963512862,1.7172030952926225,-0.0027599989413361974,1,0.7513764483919492
2026-03-01 18:30:00+00:00,1.7144560845815984,1.7172030952926225,-0.002747010711024044,1,0.7513707561782783
2026-03-01 18:35:00+00:00,1.7154528734604326,1.7154528734604326,0.0,0,0.0
2026-03-01 22:15:00+00:00,1.715066896563904,1.715066896563904,0.0,1,0.7501687879772949
2026-03-01 22:20:00+00:00,1.7183432103823713,1.715066896563904,0.0032763138184673337,1,0.7487384634929993
2026-03-01 22:25:00+00:00,1.7202839567843933,1.715066896563904,0.005217060220489339,1,0.7478937706890301
2026-03-01 22:30:00+00:00,1.7167780923162246,1.715066896563904,0.0017111957523206747,1,0.7494210584662674
2026-03-01 22:35:00+00:00,1.710204596438408,1.715066896563904,-0.004862300125495893,1,0.7523016005071649
2026-03-01 22:40:00+00:00,1.7111854037598597,1.715066896563904,-0.0038814928040441544,1,0.7518704006406303
2026-03-01 22:45:00+00:00,1.713992267718271,1.713992267718271,0.0,0,0.0
2026-03-02 14:35:00+00:00,1.7124501952243867,1.7124501952243867,0.0,4,3.0016882596741117
2026-03-02 14:40:00+00:00,1.7066492990996285,1.7124501952243867,-0.005800896124758189,4,3.0118909895509893
2026-03-02 14:45:00+00:00,1.7395896734759597,1.7124501952243867,0.027139478251573024,4,2.954858679984408
2026-03-02 14:50:00+00:00,1.772333226018279,1.7124501952243867,0.05988303079389226,4,2.9002681723852466
2026-03-02 14:55:00+00:00,1.7724324210633928,1.7124501952243867,0.05998222583900617,4,2.900105857462103
2026-03-02 15:00:00+00:00,1.7847304990717192,1.7124501952243867,0.07228030384733242,4,2.8801220402493506
2026-03-02 15:05:00+00:00,1.8051618795284394,1.8051618795284394,0.0,0,0.0
2026-03-04 14:35:00+00:00,1.8039436693981563,1.8039436693981563,0.0,3,2.251012879815685
2026-03-04 14:40:00+00:00,1.7638506949139015,1.8039436693981563,-0.04009297448425489,3,2.302179229787605
2026-03-04 14:45:00+00:00,1.732518077623368,1.8039436693981563,-0.07142559177478845,3,2.3438141781744646
2026-03-04 14:50:00+00:00,1.7513367142127454,1.8039436693981563,-0.052606955185410934,3,2.3186291941024995
2026-03-04 14:55:00+00:00,1.7557838845214124,1.8039436693981563,-0.0481597848767439,3,2.312756410441752
2026-03-04 15:00:00+00:00,1.7522076935433022,1.8039436693981563,-0.05173597585485415,3,2.317476660581085
2026-03-04 15:05:00+00:00,1.7579909273926544,1.7579909273926544,0.0,0,0.0
2026-03-09 05:45:00+00:00,1.7575953794339911,1.7575953794339911,0.0,1,0.7501687879772948
2026-03-09 05:50:00+00:00,1.7600916515928007,1.7575953794339911,0.0024962721588094555,1,0.7491048516429903
2026-03-09 05:55:00+00:00,1.7585813020513361,1.7575953794339911,0.0009859226173448963,1,0.7497482169328794
2026-03-09 06:00:00+00:00,1.759441362206892,1.7575953794339911,0.0018459827729009328,1,0.7493817207358853
2026-03-09 06:05:00+00:00,1.759084751898491,1.7575953794339911,0.0014893724644997493,1,0.7495336390822034
2026-03-09 06:10:00+00:00,1.7581198063581107,1.7575953794339911,0.0005244269241196631,1,0.7499450212529643
2026-03-09 06:15:00+00:00,1.756402702550666,1.756402702550666,0.0,0,0.0
2026-03-10 02:35:00+00:00,1.7560075119425922,1.7560075119425922,0.0,1,0.7501687879772949
2026-03-10 02:40:00+00:00,1.75671349285792,1.7560075119425922,0.0007059809153278365,1,0.749867313178052
2026-03-10 02:45:00+00:00,1.761999877951896,1.7560075119425922,0.005992366009303808,1,0.7476175471954051
2026-03-10 02:50:00+00:00,1.7665652212043503,1.7560075119425922,0.010557709261758183,1,0.7456854754646042
2026-03-10 02:55:00+00:00,1.7628715290553543,1.7560075119425922,0.006864017112762123,1,0.7472478880062713
2026-03-10 03:00:00+00:00,1.7610924571487279,1.7560075119425922,0.0050849452061357174,1,0.7480027647416985
2026-03-10 03:05:00+00:00,1.7566232860052682,1.7566232860052682,0.0,0,0.0
2026-03-11 13:35:00+00:00,1.756228045765917,1.756228045765917,0.0,1,0.7501687879772948
2026-03-11 13:40:00+00:00,1.7659298554943508,1.756228045765917,0.009701809728433814,1,0.7460474493960814
2026-03-11 13:45:00+00:00,1.7548876641586992,1.756228045765917,-0.0013403816072177122,1,0.7507417662175833
2026-03-11 13:50:00+00:00,1.7514154375190492,1.756228045765917,-0.004812608246867705,1,0.7522301312875243
2026-03-11 13:55:00+00:00,1.743711434662326,1.756228045765917,-0.012516611103591084,1,0.7555536072739477
2026-03-11 14:00:00+00:00,1.747151747454185,1.756228045765917,-0.009076298311731972,1,0.7540658482720023
2026-03-11 14:05:00+00:00,1.7519329333265177,1.7519329333265177,0.0,0,0.0
2026-03-12 09:45:00+00:00,1.7515387484165192,1.7515387484165192,0.0,1,0.7501687879772949
2026-03-12 09:50:00+00:00,1.7468640417970809,1.7515387484165192,-0.004674706619438261,1,0.7521762819292832
2026-03-12 09:55:00+00:00,1.7479545940916565,1.7515387484165192,-0.0035841543248626316,1,0.7517069976738706
2026-03-12 10:00:00+00:00,1.7478908191036697,1.7515387484165192,-0.0036479293128494263,1,0.751734425076213
2026-03-12 10:05:00+00:00,1.748107654062825,1.7515387484165192,-0.0034310943536942375,1,0.7516411800732647
2026-03-12 10:10:00+00:00,1.7468640417970809,1.7515387484165192,-0.004674706619438261,1,0.7521762819292832
2026-03-12 10:15:00+00:00,1.7473754617164963,1.7473754617164963,0.0,0,0.0
2026-03-13 00:15:00+00:00,1.74698230223761,1.74698230223761,0.0,1,0.7501687879772949
2026-03-13 00:20:00+00:00,1.7497790616546007,1.74698230223761,0.00279675941699066,1,0.7489697556719683
2026-03-13 00:25:00+00:00,1.7544415564242584,1.74698230223761,0.007459254186648191,1,0.7469793402285667
2026-03-13 00:30:00+00:00,1.7536948935607901,1.74698230223761,0.006712591323179921,1,0.747297378295037
2026-03-13 00:35:00+00:00,1.7621183568279164,1.74698230223761,0.015136054590306331,1,0.743725068869114
2026-03-13 00:40:00+00:00,1.7584790667230124,1.74698230223761,0.01149676448540224,1,0.7452642576687558
2026-03-13 00:45:00+00:00,1.7538050401602414,1.7538050401602414,0.0,0,0.0
2026-03-13 12:50:00+00:00,1.7530159166785495,1.7530159166785495,0.0,2,1.500506401917726
2026-03-13 12:55:00+00:00,1.7469960252548413,1.7530159166785495,-0.0060198914237081375,2,1.5056769263433933
2026-03-13 13:00:00+00:00,1.7490854445450121,1.7530159166785495,-0.0039304721335373825,2,1.503878277555549
2026-03-13 13:05:00+00:00,1.7499622523196523,1.7530159166785495,-0.003053664358897158,2,1.503124768636071
2026-03-13 13:10:00+00:00,1.751678468115012,1.7530159166785495,-0.0013374485635376753,2,1.5016520745787503
2026-03-13 13:15:00+00:00,1.7576571229175755,1.7530159166785495,0.004641206239026025,2,1.4965442186321039
2026-03-13 13:20:00+00:00,1.7956821013123931,1.7956821013123931,0.0,0,0.0
2026-03-15 17:55:00+00:00,1.7952780728395978,1.7952780728395978,0.0,1,0.7501687879772949
2026-03-15 18:00:00+00:00,1.7912365151800989,1.7952780728395978,-0.004041557659499083,1,0.7518613899230864
2026-03-15 18:05:00+00:00,1.7904918502255138,1.7952780728395978,-0.004786222614084094,1,0.7521740888207166
2026-03-15 18:10:00+00:00,1.7906191433801437,1.7952780728395978,-0.0046589294594542125,1,0.7521206175881818
2026-03-15 18:15:00+00:00,1.7899317603451421,1.7952780728395978,-0.005346312494455634,1,0.7524094525953362
2026-03-15 18:20:00+00:00,1.791255609153293,1.7952780728395978,-0.004022463686304803,1,0.7518533754213305
2026-03-15 18:25:00+00:00,1.7897823181816066,1.7897823181816066,0.0,0,0.0
2026-03-15 22:35:00+00:00,1.7893796171600158,1.7893796171600158,0.0,1,0.7501687879772949
2026-03-15 22:40:00+00:00,1.7963142763378217,1.7893796171600158,0.0069346591778058336,1,0.7472727664186086
2026-03-15 22:45:00+00:00,1.8012408777321258,1.7893796171600158,0.011861260572110087,1,0.7452288892789788
2026-03-15 22:50:00+00:00,1.8036979422249813,1.7893796171600158,0.014318325064965488,1,0.7442137107393623
2026-03-15 22:55:00+00:00,1.8065354151799287,1.7893796171600158,0.017155798019912814,1,0.743044795776954
2026-03-15 23:00:00+00:00,1.8088615193825561,1.7893796171600158,0.019481902222540252,1,0.7420892778427857
2026-03-15 23:05:00+00:00,1.8124312804978913,1.8124312804978913,0.0,0,0.0
2026-03-16 03:25:00+00:00,1.8120234834597793,1.8120234834597793,0.0,1,0.7501687879772948
2026-03-16 03:30:00+00:00,1.8081848398749993,1.8120234834597793,-0.00383864358477991,1,0.7517613412063497
2026-03-16 03:35:00+00:00,1.8345130941487633,1.8116106251204696,0.022902469028293754,2,1.491141128108866
2026-03-16 03:40:00+00:00,1.8399027171458873,1.8116106251204696,0.028292092025417766,2,1.4867731316701849
2026-03-16 03:45:00+00:00,1.8319652567741516,1.8116106251204696,0.020354631653682037,2,1.4932149584301389
2026-03-16 03:50:00+00:00,1.8265005561680792,1.8116106251204696,0.014889931047609587,2,1.4976825030256076
2026-03-16 03:55:00+00:00,1.8313453201047456,1.830999877581391,0.0003454425233547396,1,0.7514663942720219
2026-03-16 04:00:00+00:00,1.8279767886878169,1.830999877581391,-0.003023088893574,1,0.7528511701474795
2026-03-16 04:05:00+00:00,1.8302378422049606,1.8302378422049606,0.0,0,0.0
2026-03-16 13:35:00+00:00,1.8298260386904643,1.8298260386904643,0.0,1,0.7501687879772949
2026-03-16 13:40:00+00:00,1.8273681144764224,1.8298260386904643,-0.0024579242140418314,1,0.7511778118373376
2026-03-16 13:45:00+00:00,1.8150784934062134,1.8298260386904643,-0.014747545284250988,1,0.756263922822271
2026-03-16 13:50:00+00:00,1.8160905798472893,1.8298260386904643,-0.013735458843175001,1,0.7558424656159748
2026-03-16 13:55:00+00:00,1.8088613909824605,1.8298260386904643,-0.020964647708003926,1,0.7588632210830524
2026-03-16 14:00:00+00:00,1.810740980087316,1.8298260386904643,-0.019085058603148373,1,0.7580755043095829
2026-03-16 14:05:00+00:00,1.8146666898917172,1.8146666898917172,0.0,0,0.0
2026-03-18 17:40:00+00:00,1.8142583898864915,1.8142583898864915,0.0,1,0.7501687879772949
2026-03-18 17:45:00+00:00,1.809584522539645,1.8142583898864915,-0.004673867346846455,1,0.7521063539539479
2026-03-18 17:50:00+00:00,1.8106399119405459,1.8142583898864915,-0.0036184779459455642,1,0.7516679647032313
2026-03-18 17:55:00+00:00,1.8088306729675732,1.8142583898864915,-0.005427716918918347,1,0.7524198023388928
2026-03-18 18:00:00+00:00,1.8082275933099157,1.8142583898864915,-0.00603079657657589,1,0.7526707492210708
2026-03-18 18:05:00+00:00,1.820892266120725,1.8142583898864915,0.006633876234233434,1,0.7474357724184841
2026-03-18 18:10:00+00:00,1.818071647484869,1.818071647484869,0.0,0,0.0
2026-03-19 03:20:00+00:00,1.817662581364185,1.817662581364185,0.0,1,0.7501687879772949
2026-03-19 03:25:00+00:00,1.8203798502366055,1.817662581364185,0.0027172688724205613,1,0.7490490160262006
2026-03-19 03:30:00+00:00,1.8202694420205705,1.817662581364185,0.0026068606563854953,1,0.7490944495008682
2026-03-19 03:35:00+00:00,1.815153861344275,1.817662581364185,-0.002508720019909915,1,0.7512055945515411
2026-03-19 03:40:00+00:00,1.811608530851591,1.817662581364185,-0.006054050512593923,1,0.7526757091239131
2026-03-19 03:45:00+00:00,1.809056874303223,1.817662581364185,-0.008605707060962036,1,0.753737350650647
2026-03-19 03:50:00+00:00,1.811469351481215,1.811469351481215,0.0,0,0.0
2026-03-19 13:45:00+00:00,1.8110617708771317,1.8110617708771317,0.0,1,0.7501687879772949
2026-03-19 13:50:00+00:00,1.812428688838152,1.8110617708771317,0.0013669179610202612,1,0.7496030171988924
2026-03-19 13:55:00+00:00,1.8142152188244156,1.8110617708771317,0.003153447947283957,1,0.7488648532511293
2026-03-19 14:00:00+00:00,1.810902826928176,1.8110617708771317,-0.00015894394895583732,1,0.7502346307093132
2026-03-19 14:05:00+00:00,1.8092688831329096,1.8110617708771317,-0.001792887744222044,1,0.750912164729419
2026-03-19 14:10:00+00:00,1.8054351550840948,1.8110617708771317,-0.005626615793036882,1,0.7525066795033297
2026-03-19 14:15:00+00:00,1.8038958935634457,1.8038958935634457,0.0,0,0.0
2026-03-20 08:10:00+00:00,1.8030842317335718,1.8030842317335718,0.0,2,1.5005064019177263
2026-03-20 08:15:00+00:00,1.805583752213279,1.8030842317335718,0.0024995204797071155,2,1.498429208612831
2026-03-20 08:20:00+00:00,1.8017779511478726,1.8030842317335718,-0.0013062805856992295,2,1.5015942620396097
2026-03-20 08:25:00+00:00,1.7999155895449435,1.8030842317335718,-0.0031686421886283414,2,1.5031479523976716
2026-03-20 08:30:00+00:00,1.7967034679595784,1.8030842317335718,-0.006380763773993378,2,1.505835259496476
2026-03-20 08:35:00+00:00,1.7972033440208623,1.8030842317335718,-0.005880887712709398,2,1.505416424866013
2026-03-20 08:40:00+00:00,1.7948980926360116,1.7948980926360116,0.0,0,0.0
2026-03-20 21:20:00+00:00,1.7944942405651685,1.7944942405651685,0.0,1,0.7501687879772949
2026-03-20 21:25:00+00:00,1.7928749743035473,1.7944942405651685,-0.0016192662616212427,1,0.7508463159847149
2026-03-20 21:30:00+00:00,1.7939653057132003,1.7944942405651685,-0.0005289348519682487,1,0.7503899686297614
2026-03-20 21:35:00+00:00,1.7945343403192886,1.7944942405651685,4.009975412011478e-05,1,0.7501520250860698
2026-03-20 21:40:00+00:00,1.7947310200656885,1.7944942405651685,0.00023677950051992594,1,0.7500698179428235
2026-03-20 21:45:00+00:00,1.792164635801987,1.7944942405651685,-0.002329604763181469,1,0.7511439198076806
2026-03-20 21:50:00+00:00,1.7943558106763597,1.7943558106763597,0.0,0,0.0
2026-03-22 00:10:00+00:00,1.793144893001503,1.793144893001503,0.0,3,2.251012879815685
2026-03-22 00:15:00+00:00,1.786018621478998,1.793144893001503,-0.0071262715225050965,3,2.259994493327049
2026-03-22 00:20:00+00:00,1.7991554856621397,1.793144893001503,0.006010592660636659,3,2.2434927284990027
2026-03-22 00:25:00+00:00,1.7981318824185555,1.793144893001503,0.004986989417052519,3,2.24476985753292
2026-03-22 00:30:00+00:00,1.8051626957287734,1.793144893001503,0.012017802727270481,3,2.2360268462630426
2026-03-22 00:35:00+00:00,1.8158555455042595,1.793144893001503,0.022710652502756397,3,2.2228597751156487
2026-03-22 00:40:00+00:00,1.8080785382235294,1.8080785382235294,0.0,0,0.0
2026-03-23 11:10:00+00:00,1.8064518166606083,1.8064518166606083,0.0,4,3.0016882596741112
2026-03-23 11:15:00+00:00,1.80675488875616,1.8064518166606083,0.0003030720955516471,4,3.0011847448051525
2026-03-23 11:20:00+00:00,1.7981536407570595,1.8064518166606083,-0.008298175903548727,4,3.015540544941518
2026-03-23 11:25:00+00:00,1.773428396311362,1.8064518166606083,-0.033023420349246414,4,3.057583391026915
2026-03-23 11:30:00+00:00,1.7916561541380276,1.8064518166606083,-0.014795662522580598,4,3.0264764794369023
2026-03-23 11:35:00+00:00,1.8084610678381348,1.8064518166606083,0.0020092511775264936,4,2.9983532994819475
2026-03-23 11:40:00+00:00,1.771401437068611,1.771401437068611,0.0,0,0.0
2026-03-24 20:25:00+00:00,1.770604396099128,1.770604396099128,0.0,2,1.500506401917726
2026-03-24 20:30:00+00:00,1.7687312315345747,1.770604396099128,-0.0018731645645533213,2,1.5020955045302915
2026-03-24 20:35:00+00:00,1.7712995741890423,1.770604396099128,0.0006951780899141508,2,1.4999175014349453
2026-03-24 20:40:00+00:00,1.7784765932263953,1.770604396099128,0.007872197127267378,2,1.4938646039701953
2026-03-24 20:45:00+00:00,1.7762185949026368,1.770604396099128,0.0056141988035088115,2,1.4957636628931041
2026-03-24 20:50:00+00:00,1.7776574895282222,1.770604396099128,0.007053093429094138,2,1.4945529424318449
2026-03-24 20:55:00+00:00,1.7762965879605972,1.7762965879605972,0.0,0,0.0
2026-03-26 20:15:00+00:00,1.7754973444210296,1.7754973444210296,0.0,2,1.5005064019177266
2026-03-26 20:20:00+00:00,1.7771011225714088,1.7754973444210296,0.001603778150379262,2,1.4991522418469605
2026-03-26 20:25:00+00:00,1.7800319297142684,1.7754973444210296,0.004534585293238817,2,1.4966839006754937
2026-03-26 20:30:00+00:00,1.7749202102217458,1.7754973444210296,-0.0005771341992837568,2,1.5009943075462746
2026-03-26 20:35:00+00:00,1.7758471213109965,1.7754973444210296,0.0003497768899669905,2,1.5002108570724861
2026-03-26 20:40:00+00:00,1.7787509860329092,1.7754973444210296,0.003253641611879647,2,1.4977617175259783
2026-03-26 20:45:00+00:00,1.777084506571271,1.777084506571271,0.0,0,0.0
2026-03-28 13:45:00+00:00,1.7766846625572925,1.7766846625572925,0.0,1,0.7501687879772949
2026-03-28 13:50:00+00:00,1.7746595599667911,1.7766846625572925,-0.002025102590501438,1,0.7510248218838063
2026-03-28 13:55:00+00:00,1.7755143110601845,1.7766846625572925,-0.0011703514971079614,1,0.7506632707075235
2026-03-28 14:00:00+00:00,1.7756392362199882,1.7766846625572925,-0.0010454263373043144,1,0.7506104577671813
2026-03-28 14:05:00+00:00,1.7717008061819675,1.7766846625572925,-0.004983856375325011,1,0.7522790390329388
2026-03-28 14:10:00+00:00,1.7740809592266478,1.7766846625572925,-0.002603703330644685,1,0.7512697619557619
2026-03-28 14:15:00+00:00,1.7730367643884188,1.7730367643884188,0.0,0,0.0
2026-03-29 22:55:00+00:00,1.7714415697796069,1.7714415697796069,0.0,4,3.001688259674112
2026-03-29 23:00:00+00:00,1.8076729557709046,1.7714415697796069,0.03623138599129777,4,2.9415250948634624
2026-03-29 23:05:00+00:00,1.8247174285621213,1.7714415697796069,0.05327585878251448,4,2.9140486518486175
2026-03-29 23:10:00+00:00,1.8256580587869677,1.7714415697796069,0.05421648900736078,4,2.912547252270855
2026-03-29 23:15:00+00:00,1.8297852901361775,1.7714415697796069,0.05834372035657073,4,2.9059777621834506
2026-03-29 23:20:00+00:00,1.8318165107060551,1.7714415697796069,0.0603749409264482,4,2.902755451558093
2026-03-29 23:25:00+00:00,1.8315414823994596,1.8315414823994596,0.0,0,0.0
2026-03-30 00:20:00+00:00,1.8298936513125803,1.8298936513125803,0.0,4,3.0016882596741117
2026-03-30 00:25:00+00:00,1.800261573489161,1.8298936513125803,-0.02963207782341941,4,3.051095668809617
2026-03-30 00:30:00+00:00,1.797527587012265,1.8298936513125803,-0.03236606430031534,4,3.055736295389433
2026-03-30 00:35:00+00:00,1.7929245855304314,1.8298936513125803,-0.036969065782148924,4,3.0635813318228022
2026-03-30 00:40:00+00:00,1.7747711026701936,1.8298936513125803,-0.055122548642386825,4,3.094917581953603
2026-03-30 00:45:00+00:00,1.7760932338331392,1.8298936513125803,-0.05380041747944104,4,3.0926137124810427
2026-03-30 00:50:00+00:00,1.7766311786281739,1.7766311786281739,0.0,0,0.0
2026-03-31 13:50:00+00:00,1.7762314366129826,1.7762314366129826,0.0,1,0.7501687879772949
2026-03-31 13:55:00+00:00,1.7794788732587405,1.7762314366129826,0.003247436645758029,1,0.7487997772802923
2026-03-31 14:00:00+00:00,1.7781929755265273,1.7762314366129826,0.001961538913544836,1,0.7493412707788826
2026-03-31 14:05:00+00:00,1.7778878472510873,1.7762314366129826,0.0016564106381046534,1,0.7494698757468632
2026-03-31 14:10:00+00:00,1.7762750263666167,1.7762314366129826,4.3589753634185045e-05,1,0.7501503788502359
2026-03-31 14:15:00+00:00,1.7809391300054904,1.7762314366129826,0.004707693392507962,1,0.7481858091169138
2026-03-31 14:20:00+00:00,1.7843970811869376,1.7843970811869376,0.0,0,0.0
2026-03-31 16:40:00+00:00,1.7835941928355057,1.7835941928355057,0.0,2,1.5005064019177266
2026-03-31 16:45:00+00:00,1.798348513910321,1.7835941928355057,0.014754321074815347,2,1.488195688472883
2026-03-31 16:50:00+00:00,1.8010060057735262,1.7835941928355057,0.017411812938020466,2,1.4859997669044398
2026-03-31 16:55:00+00:00,1.7961184579729044,1.7835941928355057,0.012524265137398701,2,1.4900434283123045
2026-03-31 17:00:00+00:00,1.796403528508167,1.7835941928355057,0.01280933567266124,2,1.4898069739350264
2026-03-31 17:05:00+00:00,1.8008096965130678,1.7835941928355057,0.017215503677562013,2,1.4861617582108213
2026-03-31 17:10:00+00:00,1.7934274444873979,1.7934274444873979,0.0,0,0.0
2026-04-01 12:45:00+00:00,1.791813904459237,1.791813904459237,0.0,4,3.0016882596741117
2026-04-01 12:50:00+00:00,1.7675062794286995,1.791813904459237,-0.024307625030537343,4,3.0429689688426858
2026-04-01 12:55:00+00:00,1.76464086964677,1.791813904459237,-0.027173034812467058,4,3.0479101176052525
2026-04-01 13:00:00+00:00,1.7651440982542588,1.791813904459237,-0.026669806204978212,4,3.047041182561507
2026-04-01 13:05:00+00:00,1.7539612745670732,1.791813904459237,-0.03785262989216372,4,3.066468364225247
2026-04-01 13:10:00+00:00,1.7554059733701253,1.791813904459237,-0.036407931089111674,4,3.063944661308315
2026-04-01 13:15:00+00:00,1.76722003875032,1.76722003875032,0.0,0,0.0
2026-04-02 14:35:00+00:00,1.7668224142416014,1.7668224142416014,0.0,1,0.7501687879772948
2026-04-02 14:40:00+00:00,1.7694685502844854,1.7668224142416014,0.0026461360428840217,1,0.7490469547196231
2026-04-02 14:45:00+00:00,1.7711942911820187,1.7668224142416014,0.004371876940417309,1,0.7483171302331916
2026-04-02 14:50:00+00:00,1.7657639598244477,1.7668224142416014,-0.0010584544171537264,1,0.7506184627273245
2026-04-02 14:55:00+00:00,1.7662011475184896,1.7668224142416014,-0.0006212667231118483,1,0.7504326621715462
2026-04-02 15:00:00+00:00,1.7677428093869525,1.7668224142416014,0.000920395145351028,1,0.7497782041734847
2026-04-02 15:05:00+00:00,1.7671841157277972,1.7671841157277972,0.0,0,0.0
2026-04-05 15:30:00+00:00,1.7655941867253047,1.7655941867253047,0.0,4,3.0016882596741112
2026-04-05 15:35:00+00:00,1.7600242486945654,1.7655941867253047,-0.00556993803073916,4,3.0111876842453253
2026-04-05 15:40:00+00:00,1.7566331494171243,1.7655941867253047,-0.008961037308180236,4,3.0170006431910634
2026-04-05 15:45:00+00:00,1.760713921098259,1.7655941867253047,-0.004880265627045723,4,3.010008200728281
2026-04-05 15:50:00+00:00,1.7550769000208641,1.7655941867253047,-0.010517286704440574,4,3.0196758566984756
2026-04-05 15:55:00+00:00,1.7545870165805302,1.7655941867253047,-0.01100717014477451,4,3.0205189549223843
2026-04-05 16:00:00+00:00,1.746392027018667,1.746392027018667,0.0,0,0.0
2026-04-06 07:25:00+00:00,1.7459990888125878,1.7459990888125878,0.0,1,0.7501687879772949
2026-04-06 07:30:00+00:00,1.745457117040821,1.7459990888125878,-0.0005419717717666323,1,0.750401718539252
2026-04-06 07:35:00+00:00,1.7441347059177106,1.7459990888125878,-0.0018643828948771803,1,0.7509706766455442
2026-04-06 07:40:00+00:00,1.7438095228546504,1.7459990888125878,-0.002189565957937363,1,0.7511107165648699
2026-04-06 07:45:00+00:00,1.7420101765723852,1.7459990888125878,-0.003988912240202623,1,0.7518865491596484
2026-04-06 07:50:00+00:00,1.7436360918876852,1.7459990888125878,-0.002362996924902581,1,0.7511854258797768
2026-04-06 07:55:00+00:00,1.746104764636534,1.746104764636534,0.0,0,0.0
2026-04-07 09:10:00+00:00,1.7457118910644907,1.7457118910644907,0.0,1,0.7501687879772949
2026-04-07 09:15:00+00:00,1.7427920176961007,1.7457118910644907,-0.0029198733683898775,1,0.7514256206019404
2026-04-07 09:20:00+00:00,1.7430317546674001,1.7457118910644907,-0.002680136397090498,1,0.7513222693566418
2026-04-07 09:25:00+00:00,1.7419375705419826,1.7457118910644907,-0.003774320522508033,1,0.7517942064192008
2026-04-07 09:30:00+00:00,1.7421281306986565,1.7457118910644907,-0.0035837603658341677,1,0.7517119725012488
2026-04-07 09:35:00+00:00,1.7447467960774647,1.7457118910644907,-0.0009650949870258523,1,0.7505837388104633
2026-04-07 09:40:00+00:00,1.7443477754035934,1.7443477754035934,0.0,0,0.0
2026-04-07 21:10:00+00:00,1.7431706055581453,1.7431706055581453,0.0,3,2.251012879815685
2026-04-07 21:15:00+00:00,1.7481503936637186,1.7431706055581453,0.004979788105573276,3,2.24460063564892
2026-04-07 21:20:00+00:00,1.740304721740348,1.7431706055581453,-0.002865883817797386,3,2.2547197831558456
2026-04-07 21:25:00+00:00,1.7363551524957064,1.7431706055581453,-0.0068154530624390045,3,2.2598484412521103
2026-04-07 21:30:00+00:00,1.7300053240918283,1.7431706055581453,-0.013165281466316917,3,2.268143010997585
2026-04-07 21:35:00+00:00,1.7342436768450415,1.7431706055581453,-0.008926928713103799,3,2.2625998510001204
2026-04-07 21:40:00+00:00,1.7453719181030785,1.7453719181030785,0.0,0,0.0
2026-04-08 13:10:00+00:00,1.7449792094215053,1.7449792094215053,0.0,1,0.7501687879772949
2026-04-08 13:15:00+00:00,1.7447195844832708,1.7449792094215053,-0.0002596249382344894,1,0.7502804176781226
2026-04-08 13:20:00+00:00,1.7442399995279216,1.7449792094215053,-0.000739209893583747,1,0.7504867099318886
2026-04-08 13:25:00+00:00,1.741892557378053,1.7449792094215053,-0.00308665204345216,1,0.7514980950074768
2026-04-08 13:30:00+00:00,1.7421864383845265,1.7449792094215053,-0.00279277103697877,1,0.7513713284274727
2026-04-08 13:35:00+00:00,1.7356002585277917,1.7449792094215053,-0.009378950893713755,1,0.7542225994410036
2026-04-08 13:40:00+00:00,1.7290324428083539,1.7290324428083539,0.0,0,0.0
2026-04-08 23:15:00+00:00,1.728643410508722,1.728643410508722,0.0,1,0.7501687879772949
2026-04-08 23:20:00+00:00,1.7241043090444998,1.728643410508722,-0.004539101464222214,1,0.7521437799926032
2026-04-08 23:25:00+00:00,1.723321705343772,1.728643410508722,-0.005321705164950063,1,0.7524853473876383
2026-04-08 23:30:00+00:00,1.7225391016430438,1.728643410508722,-0.006104308865678199,1,0.7528272251522984
2026-04-08 23:35:00+00:00,1.7234782260839174,1.728643410508722,-0.005165184424804608,1,0.752417009092591
2026-04-08 23:40:00+00:00,1.7234782260839174,1.728643410508722,-0.005165184424804608,1,0.752417009092591
2026-04-08 23:45:00+00:00,1.7227761523039944,1.7227761523039944,0.0,0,0.0
2026-04-09 15:15:00+00:00,1.7216135400281938,1.7216135400281938,0.0,3,2.251012879815685
2026-04-09 15:20:00+00:00,1.723341245053118,1.7216135400281938,0.001727705024924211,3,2.2487561670057348
2026-04-09 15:25:00+00:00,1.725857271832302,1.7216135400281938,0.00424373180410827,3,2.245477836388027
2026-04-09 15:30:00+00:00,1.7180994092090938,1.7216135400281938,-0.0035141308191000914,3,2.2556170102244093
2026-04-09 15:35:00+00:00,1.7691200315140039,1.7216135400281938,0.047506491485810175,3,2.1905660348845943
2026-04-09 15:40:00+00:00,1.7539126711022468,1.7216135400281938,0.03229913107405298,3,2.2095594133732215
2026-04-09 15:45:00+00:00,1.7643006906469418,1.7643006906469418,0.0,0,0.0
2026-04-09 22:20:00+00:00,1.7639037229915462,1.7639037229915462,0.0,1,0.7501687879772949
2026-04-09 22:25:00+00:00,1.76018462093842,1.7639037229915462,-0.0037191020531261586,1,0.7517538230050809
2026-04-09 22:30:00+00:00,1.756000631128653,1.7639037229915462,-0.007903091862893345,1,0.7535450127570373
2026-04-09 22:35:00+00:00,1.7541410801020898,1.7639037229915462,-0.009762642889456276,1,0.7543438398399492
2026-04-09 22:40:00+00:00,1.7493372399501352,1.7639037229915462,-0.014566483041411057,1,0.756415337058122
2026-04-09 22:45:00+00:00,1.7488723521934944,1.7639037229915462,-0.015031370798051938,1,0.7566164084677607
2026-04-09 22:50:00+00:00,1.750025010393568,1.750025010393568,0.0,0,0.0
2026-04-12 01:55:00+00:00,1.7496312547662294,1.7496312547662294,0.0,1,0.7501687879772949
2026-04-12 02:00:00+00:00,1.7483063927102795,1.7496312547662294,-0.0013248620559498823,1,0.7507372639417443
2026-04-12 02:05:00+00:00,1.7457229117011777,1.7496312547662294,-0.00390834306505173,1,0.7518482738570169
2026-04-12 02:10:00+00:00,1.7485492840872037,1.7496312547662294,-0.001081970679025645,1,0.7506329788584433
2026-04-12 02:15:00+00:00,1.752810923700509,1.7496312547662294,0.003179668934279601,1,0.7488079518720738
2026-04-12 02:20:00+00:00,1.7558581064291934,1.7496312547662294,0.006226851662963951,1,0.7475084421624388
2026-04-12 02:25:00+00:00,1.752858788758487,1.752858788758487,0.0,0,0.0
2026-04-13 12:55:00+00:00,1.7524643955310164,1.7524643955310164,0.0,1,0.7501687879772949
2026-04-13 13:00:00+00:00,1.7496688724986067,1.7524643955310164,-0.0027955230324097466,1,0.751367365695598
2026-04-13 13:05:00+00:00,1.7524823539230874,1.7524643955310164,1.7958392071030925e-05,1,0.7501611006957746
2026-04-13 13:10:00+00:00,1.7509319460742778,1.7524643955310164,-0.0015324494567384808,1,0.7508253501893075
2026-04-13 13:15:00+00:00,1.754314109914345,1.7524643955310164,0.0018497143833287372,1,0.7493778247232209
2026-04-13 13:20:00+00:00,1.7531767450831723,1.7524643955310164,0.0007123495521558558,1,0.7498639799186347
2026-04-13 13:25:00+00:00,1.7530038386912459,1.7530038386912459,0.0,0,0.0
2026-04-13 13:50:00+00:00,1.7526094128275402,1.7526094128275402,0.0,1,0.7501687879772949
2026-04-13 13:55:00+00:00,1.751447117948504,1.7526094128275402,-0.0011622948790361615,1,0.7506666147924717
2026-04-13 14:00:00+00:00,1.753574336878061,1.7526094128275402,0.0009649240505207521,1,0.7497559991435133
2026-04-13 14:05:00+00:00,1.7520830906181655,1.7526094128275402,-0.0005263222093748628,1,0.7503941371607934
2026-04-13 14:10:00+00:00,1.7519295799737644,1.7526094128275402,-0.0006798328537757854,1,0.7504598895111544
2026-04-13 14:15:00+00:00,1.7526094128275402,1.7526094128275402,0.0,1,0.7501687879772949
2026-04-13 14:20:00+00:00,1.7515132240180018,1.7515132240180018,0.0,0,0.0
2026-04-13 22:15:00+00:00,1.7499373940587286,1.7499373940587286,0.0,4,3.0016882596741117
2026-04-13 22:20:00+00:00,1.7864446048893343,1.7499373940587286,0.03650721083060568,4,2.9403467180199474
2026-04-13 22:25:00+00:00,1.7955313042345855,1.7499373940587286,0.04559391017585695,4,2.925466416833089
2026-04-13 22:30:00+00:00,1.7925985401953741,1.7499373940587286,0.04266114613664554,4,2.930252598743219
2026-04-13 22:35:00+00:00,1.8096891525596097,1.7499373940587286,0.05975175850088107,4,2.902579442155204
2026-04-13 22:40:00+00:00,1.79833510553543,1.7499373940587286,0.04839771147670145,4,2.9209052944261216
2026-04-13 22:45:00+00:00,1.80635523570593,1.80635523570593,0.0,0,0.0
2026-04-15 00:05:00+00:00,1.8059488057778963,1.8059488057778963,0.0,1,0.7501687879772948
2026-04-15 00:10:00+00:00,1.8072362418441865,1.8059488057778963,0.0012874360662901397,1,0.7496343839347654
2026-04-15 00:15:00+00:00,1.8058924349896832,1.8059488057778963,-5.637078821313541e-05,1,0.7501922044361335
2026-04-15 00:20:00+00:00,1.8031429952548943,1.8059488057778963,-0.0028058105230020815,1,0.7513361005447803
2026-04-15 00:25:00+00:00,1.8064434139841545,1.8059488057778963,0.0004946082062582652,1,0.7499633901022548
2026-04-15 00:30:00+00:00,1.8065997974611334,1.8059488057778963,0.0006509916832371164,1,0.749898471528304
2026-04-15 00:35:00+00:00,1.8049204787669937,1.8049204787669937,0.0,0,0.0
2026-04-16 14:00:00+00:00,1.804514371659271,1.804514371659271,0.0,1,0.7501687879772949
2026-04-16 14:05:00+00:00,1.8017986841322142,1.804514371659271,-0.002715687527056853,1,0.7512994492651727
2026-04-16 14:10:00+00:00,1.8059520885853602,1.804514371659271,0.001437716926089055,1,0.7495715792414068
2026-04-16 14:15:00+00:00,1.8019584304573353,1.804514371659271,-0.0025559412019357467,1,0.7512328454389928
2026-04-16 14:20:00+00:00,1.7960478164278588,1.804514371659271,-0.00846655523141232,1,0.7537050777231457
2026-04-16 14:25:00+00:00,1.7952490848022538,1.804514371659271,-0.009265286857017252,1,0.7540404117372682
2026-04-16 14:30:00+00:00,1.79787815787183,1.79787815787183,0.0,0,0.0
2026-04-16 18:30:00+00:00,1.7974736352863088,1.7974736352863088,0.0,1,0.7501687879772948
2026-04-16 18:35:00+00:00,1.7986285341791173,1.7974736352863088,0.0011548988928085902,1,0.7496871048024808
2026-04-16 18:40:00+00:00,1.8000186902537947,1.7974736352863088,0.00254505496748583,1,0.7491081207683198
2026-04-16 18:45:00+00:00,1.802649293287415,1.7974736352863088,0.005175658001106096,1,0.7480149485676367
2026-04-16 18:50:00+00:00,1.808915689131729,1.7974736352863088,0.011442053845420404,1,0.7454236958114405
2026-04-16 18:55:00+00:00,1.8097925568096025,1.7974736352863088,0.012318921523293726,1,0.745062528481672
2026-04-16 19:00:00+00:00,1.8095163563232823,1.8095163563232823,0.0,0,0.0
2026-04-17 09:30:00+00:00,1.8091092151431096,1.8091092151431096,0.0,1,0.7501687879772949
2026-04-17 09:35:00+00:00,1.7952918632389852,1.8091092151431096,-0.01381735190412442,1,0.75594241528727
2026-04-17 09:40:00+00:00,1.7937734729198507,1.8091092151431096,-0.015335742223258859,1,0.7565823041375199
2026-04-17 09:45:00+00:00,1.7954437022708987,1.8091092151431096,-0.013665512872210855,1,0.7558784859285415
2026-04-17 09:50:00+00:00,1.7958992193666392,1.8091092151431096,-0.013209995776470463,1,0.7556867627132686
2026-04-17 09:55:00+00:00,1.7968102535581199,1.8091092151431096,-0.01229896158498983,1,0.7553036079101847
2026-04-17 10:00:00+00:00,1.7976178246332548,1.7976178246332548,0.0,0,0.0
2026-04-17 12:50:00+00:00,1.7972133606227123,1.7972133606227123,0.0,1,0.7501687879772949
2026-04-17 12:55:00+00:00,1.7986749585583126,1.7972133606227123,0.0014615979356002553,1,0.7495592030455415
2026-04-17 13:00:00+00:00,1.7989070425941474,1.7972133606227123,0.0016936819714350653,1,0.749462499480087
2026-04-17 13:05:00+00:00,1.7979184708995233,1.7972133606227123,0.0007051102768110036,1,0.7498745856926491
2026-04-17 13:10:00+00:00,1.8055063787276155,1.7972133606227123,0.008293018104903249,1,0.7467231267413522
2026-04-17 13:15:00+00:00,1.8109860422607205,1.7972133606227123,0.013772681638008159,1,0.7444636993402317
2026-04-17 13:20:00+00:00,1.8086469540736014,1.8086469540736014,0.0,0,0.0
2026-04-20 07:25:00+00:00,1.8078331545070205,1.8078331545070205,0.0,2,1.500506401917726
2026-04-20 07:30:00+00:00,1.7997295639164121,1.8078331545070205,-0.008103590590608289,2,1.507262688975248
2026-04-20 07:35:00+00:00,1.7927722011814988,1.8078331545070205,-0.015060953325521813,2,1.5131120507943854
2026-04-20 07:40:00+00:00,1.7854987907792965,1.8078331545070205,-0.022334363727724047,2,1.5192758661869132
2026-04-20 07:45:00+00:00,1.78450147500889,1.8078331545070205,-0.023331679498130642,2,1.520124953622349
2026-04-20 07:50:00+00:00,1.7818787392712705,1.8078331545070205,-0.025954415235750046,2,1.5223624156637574
2026-04-20 07:55:00+00:00,1.7742019999347243,1.7742019999347243,0.0,0,0.0
2026-04-22 05:20:00+00:00,1.773802804484739,1.773802804484739,0.0,1,0.7501687879772949
2026-04-22 05:25:00+00:00,1.7736023011530315,1.773802804484739,-0.00020050333170734596,1,0.7502535935400948
2026-04-22 05:30:00+00:00,1.77258864542051,1.773802804484739,-0.0012141590642289087,1,0.7506826264451072
2026-04-22 05:35:00+00:00,1.776409347796937,1.773802804484739,0.002606543312198009,1,0.7490680577656763
2026-04-22 05:40:00+00:00,1.773669135596934,1.773802804484739,-0.00013366888780484807,1,0.7502253228887631
2026-04-22 05:45:00+00:00,1.7778574274148249,1.773802804484739,0.004054622930085956,1,0.7484579356208209
2026-04-22 05:50:00+00:00,1.7799979408331348,1.7799979408331348,0.0,0,0.0
2026-04-22 09:10:00+00:00,1.7795974412964473,1.7795974412964473,0.0,1,0.7501687879772949
2026-04-22 09:15:00+00:00,1.7746312651003453,1.7795974412964473,-0.004966176196101955,1,0.7522680806310287
2026-04-22 09:20:00+00:00,1.7750827356636274,1.7795974412964473,-0.004514705632819906,1,0.7520767504539738
2026-04-22 09:25:00+00:00,1.7758351866024307,1.7795974412964473,-0.003762254694016588,1,0.7517580830116343
2026-04-22 09:30:00+00:00,1.7764371473534732,1.7795974412964473,-0.0031602939429739045,1,0.7515033434274467
2026-04-22 09:35:00+00:00,1.7758351866024307,1.7795974412964473,-0.003762254694016588,1,0.7517580830116343
2026-04-22 09:40:00+00:00,1.7754346870657431,1.7754346870657431,0.0,0,0.0
2026-04-22 13:45:00+00:00,1.7750352142611534,1.7750352142611534,0.0,1,0.7501687879772948
2026-04-22 13:50:00+00:00,1.7763032455473218,1.7750352142611534,0.001268031286168275,1,0.7496332727180356
2026-04-22 13:55:00+00:00,1.7756283256691998,1.7750352142611534,0.0005931114080464751,1,0.7499182098243798
2026-04-22 14:00:00+00:00,1.7749534057910779,1.7750352142611534,-8.180847007547273e-05,1,0.7502033636234174
2026-04-22 14:05:00+00:00,1.7767736442502546,1.7750352142611534,0.0017384299891013192,1,0.7494348082032658
2026-04-22 14:10:00+00:00,1.7758328468443882,1.7750352142611534,0.0007976325832349351,1,0.7498318423749654
2026-04-22 14:15:00+00:00,1.7782557662573988,1.7782557662573988,0.0,0,0.0
2026-04-23 00:20:00+00:00,1.7774556411867812,1.7774556411867812,0.0,2,1.500506401917726
2026-04-23 00:25:00+00:00,1.771721218291525,1.7774556411867812,-0.005734422895256169,2,1.5053630002226972
2026-04-23 00:30:00+00:00,1.7762065972461967,1.7774556411867812,-0.0012490439405846163,2,1.5015615710810597
2026-04-23 00:35:00+00:00,1.7766478664430094,1.7774556411867812,-0.0008077747437718692,2,1.5011886255576665
2026-04-23 00:40:00+00:00,1.7785819918592234,1.7774556411867812,0.001126350672442048,2,1.4995561525603507
2026-04-23 00:45:00+00:00,1.77674661483205,1.7774556411867812,-0.000709026354731237,2,1.5011051921872678
2026-04-23 00:50:00+00:00,1.7756589780599592,1.7756589780599592,0.0,0,0.0
2026-04-26 21:55:00+00:00,1.7752594547898957,1.7752594547898957,0.0,1,0.7501687879772949
2026-04-26 22:00:00+00:00,1.7726154899426398,1.7752594547898957,-0.0026439648472558167,1,0.7512877107872183
2026-04-26 22:05:00+00:00,1.7725747874690452,1.7752594547898957,-0.002684667320850441,1,0.7513049621147373
2026-04-26 22:10:00+00:00,1.774594647721182,1.7752594547898957,-0.000664807068713672,1,0.7504498197687612
2026-04-26 22:15:00+00:00,1.7751967051431037,1.7752594547898957,-6.274964679200784e-05,1,0.7501953049409326
2026-04-26 22:20:00+00:00,1.7783087484366982,1.7752594547898957,0.0030492936468025774,1,0.7488824618985307
2026-04-26 22:25:00+00:00,1.776594874456806,1.776594874456806,0.0,0,0.0
2026-04-27 01:00:00+00:00,1.7761951406100533,1.7761951406100533,0.0,1,0.7501687879772949
2026-04-27 01:05:00+00:00,1.7792783322655867,1.7761951406100533,0.0030831916555334516,1,0.7488688709798299
2026-04-27 01:10:00+00:00,1.773920380762933,1.7761951406100533,-0.00227475984712042,1,0.7511307555244064
2026-04-27 01:15:00+00:00,1.7740764917328335,1.7761951406100533,-0.0021186488772198687,1,0.7510646593040273
2026-04-27 01:20:00+00:00,1.7719411166802665,1.7761951406100533,-0.004254023929786701,1,0.7519697710604197
2026-04-27 01:25:00+00:00,1.7719968705980886,1.7761951406100533,-0.004198270011964821,1,0.7519461111648996
2026-04-27 01:30:00+00:00,1.7712068593265846,1.7712068593265846,0.0,0,0.0
2026-04-29 09:50:00+00:00,1.7696133110765782,1.7696133110765782,0.0,4,3.0016882596741117
2026-04-29 09:55:00+00:00,1.7715459377089793,1.7696133110765782,0.0019326266324010987,4,2.9984136380290676
2026-04-29 10:00:00+00:00,1.7670491583166363,1.7696133110765782,-0.0025641527599417264,4,3.0060439886583925
2026-04-29 10:05:00+00:00,1.7689771903494527,1.7696133110765782,-0.0006361207271255015,4,3.002767660883333
2026-04-29 10:10:00+00:00,1.7723794772785226,1.7696133110765782,0.002766166201944412,4,2.997003501856089
2026-04-29 10:15:00+00:00,1.7729243768901857,1.7696133110765782,0.0033110658136076164,4,2.996082387529048
2026-04-29 10:20:00+00:00,1.7720657125220878,1.7720657125220878,0.0,0,0.0
2026-05-01 03:20:00+00:00,1.7708698372784306,1.7708698372784306,0.0,3,2.251012879815685
2026-05-01 03:25:00+00:00,1.7740030063458931,1.7708698372784306,0.0031331690674625376,3,2.24703723608776
2026-05-01 03:30:00+00:00,1.7688386039418735,1.7708698372784306,-0.0020312333365571636,3,2.2535978145815316
2026-05-01 03:35:00+00:00,1.7701931269672728,1.7708698372784306,-0.0006767103111577277,3,2.251873398141688
2026-05-01 03:40:00+00:00,1.764449633067223,1.7708698372784306,-0.00642020421120749,3,2.2592035145040508
2026-05-01 03:45:00+00:00,1.765711857576258,1.7708698372784306,-0.005157979702172546,3,2.2575885159782896
2026-05-01 03:50:00+00:00,1.7640022519879002,1.7640022519879002,0.0,0,0.0
2026-05-01 17:40:00+00:00,1.763605351481203,1.763605351481203,0.0,1,0.7501687879772948
2026-05-01 17:45:00+00:00,1.7623983100593152,1.763605351481203,-0.0012070414218877216,1,0.7506825678619711
2026-05-01 17:50:00+00:00,1.7626545534896598,1.763605351481203,-0.0009507979915429867,1,0.7505734384378828
2026-05-01 17:55:00+00:00,1.7637570745649598,1.763605351481203,0.00015172308375690176,1,0.7501042564590424
2026-05-01 18:00:00+00:00,1.764121209965976,1.763605351481203,0.000515858484772996,1,0.7499494261034599
2026-05-01 18:05:00+00:00,1.7640858079130997,1.763605351481203,0.0004804564318967087,1,0.749964476249614
2026-05-01 18:10:00+00:00,1.7630010960933713,1.7630010960933713,0.0,0,0.0
2026-05-02 21:40:00+00:00,1.7622078348520598,1.7622078348520598,0.0,2,1.5005064019177263
2026-05-02 21:45:00+00:00,1.7582170545303166,1.7622078348520598,-0.003990780321743249,2,1.5039122336413997
2026-05-02 21:50:00+00:00,1.7569234882519826,1.7622078348520598,-0.005284346600077193,2,1.5050195158674162
2026-05-02 21:55:00+00:00,1.7549489998675827,1.7622078348520598,-0.007258834984477128,2,1.5067128092637483
2026-05-02 22:00:00+00:00,1.7552671830866944,1.7622078348520598,-0.006940651765365361,2,1.5064396823366641
2026-05-02 22:05:00+00:00,1.7547607130185945,1.7622078348520598,-0.007447121833465192,2,1.506874480427846
2026-05-02 22:10:00+00:00,1.7552854910522402,1.7552854910522402,0.0,0,0.0
2026-05-03 22:05:00+00:00,1.7544957014425946,1.7544957014425946,0.0,2,1.5005064019177266
2026-05-03 22:10:00+00:00,1.749038378982522,1.7544957014425946,-0.005457322460072717,2,1.505188258752356
2026-05-03 22:15:00+00:00,1.7621931700066988,1.7544957014425946,0.007697468564104224,2,1.4939520121631942
2026-05-03 22:20:00+00:00,1.7615592560425535,1.7544957014425946,0.007063554599958976,2,1.494489625098453
2026-05-03 22:25:00+00:00,1.752255860432456,1.7544957014425946,-0.0022398410101384728,2,1.5024244413153298
2026-05-03 22:30:00+00:00,1.753921863478874,1.7544957014425946,-0.0005738379637205001,2,1.5009973288832632
2026-05-03 22:35:00+00:00,1.7557790621355496,1.7557790621355496,0.0,0,0.0
2026-05-04 14:15:00+00:00,1.7549890504439036,1.7549890504439036,0.0,2,1.5005064019177263
2026-05-04 14:20:00+00:00,1.7573328005971207,1.7549890504439036,0.0023437501532170037,2,1.4985051804597287
2026-05-04 14:25:00+00:00,1.7646887157964914,1.7549890504439036,0.009699665352587915,2,1.4922588227114137
2026-05-04 14:30:00+00:00,1.7632781397995398,1.7549890504439036,0.008289089355636173,2,1.4934525904041247
2026-05-04 14:35:00+00:00,1.7662359860151355,1.7549890504439036,0.011246935571231818,2,1.4909515638551951
2026-05-04 14:40:00+00:00,1.7720872431309458,1.7549890504439036,0.017098192687042213,2,1.4860285889953782
2026-05-04 14:45:00+00:00,1.7703347276790955,1.7703347276790955,0.0,0,0.0
2026-05-04 16:20:00+00:00,1.7695381666748355,1.7695381666748355,0.0,2,1.5005064019177263
2026-05-04 16:25:00+00:00,1.772091592729909,1.7695381666748355,0.0025534260550733826,2,1.4983443059187498
2026-05-04 16:30:00+00:00,1.7711866470520985,1.7695381666748355,0.00164848037726299,2,1.499109849293735
2026-05-04 16:35:00+00:00,1.7711739742986337,1.7695381666748355,0.0016358076237981416,2,1.4991205754278203
2026-05-04 16:40:00+00:00,1.7703881275654025,1.7695381666748355,0.0008499608905670906,2,1.4997860108702392
2026-05-04 16:45:00+00:00,1.7734475886791088,1.7695381666748355,0.003909422004273213,2,1.4971986567198097
2026-05-04 16:50:00+00:00,1.771873664205042,1.771873664205042,0.0,0,0.0
2026-05-05 13:05:00+00:00,1.771474992630596,1.771474992630596,0.0,1,0.7501687879772949
2026-05-05 13:10:00+00:00,1.775041482794836,1.771474992630596,0.0035664901642399873,1,0.748661516384054
2026-05-05 13:15:00+00:00,1.7741110940563387,1.771474992630596,0.0026361014257427276,1,0.7490541334225943
2026-05-05 13:20:00+00:00,1.7730256405280915,1.771474992630596,0.0015506478974955313,1,0.7495127074180215
2026-05-05 13:25:00+00:00,1.7733357701075905,1.771474992630596,0.0018607774769945195,1,0.7493816289924357
2026-05-05 13:30:00+00:00,1.771009798261347,1.771474992630596,-0.0004651943692487774,1,0.750365836179115
2026-05-05 13:35:00+00:00,1.7707661914766506,1.7707661914766506,0.0,0,0.0
2026-05-08 17:35:00+00:00,1.7703677690835684,1.7703677690835684,0.0,1,0.7501687879772949
2026-05-08 17:40:00+00:00,1.7698542772867545,1.7703677690835684,-0.0005134917968139127,1,0.7503864361327366
2026-05-08 17:45:00+00:00,1.7700596740054801,1.7703677690835684,-0.0003080950780882297,1,0.7502993617170989
2026-05-08 17:50:00+00:00,1.7722163395520985,1.7703677690835684,0.0018485704685299682,1,0.7493862989341015
2026-05-08 17:55:00+00:00,1.7715385303803037,1.7703677690835684,0.0011707612967354203,1,0.7496730219705605
2026-05-08 18:00:00+00:00,1.7693818648336859,1.7703677690835684,-0.00098590424988263,1,0.7505867840079401
2026-05-08 18:05:00+00:00,1.7708320129091335,1.7708320129091335,0.0,0,0.0
2026-05-10 20:55:00+00:00,1.770433575706229,1.770433575706229,0.0,1,0.7501687879772948
2026-05-10 21:00:00+00:00,1.7735337060206056,1.770433575706229,0.0031001303143766115,1,0.7488574957291617
2026-05-10 21:05:00+00:00,1.7787475615493302,1.770433575706229,0.00831398584310118,1,0.7466624485629784
2026-05-10 21:10:00+00:00,1.7828340969637357,1.770433575706229,0.012400521257506741,1,0.7449509811057115
2026-05-10 21:15:00+00:00,1.7755065162206636,1.770433575706229,0.005072940514434509,1,0.7480254212239613
2026-05-10 21:20:00+00:00,1.7810022017779679,1.770433575706229,0.010568626071738904,1,0.745717219414995
2026-05-10 21:25:00+00:00,1.7811674246322227,1.7811674246322227,0.0,0,0.0
2026-05-11 22:55:00+00:00,1.7807666619616804,1.7807666619616804,0.0,1,0.7501687879772949
2026-05-11 23:00:00+00:00,1.7815041091236878,1.7807666619616804,0.0007374471620073827,1,0.7498582583294051
2026-05-11 23:05:00+00:00,1.77923197462453,1.7807666619616804,-0.001534687337150463,1,0.7508158506178352
2026-05-11 23:10:00+00:00,1.7783948724406295,1.7807666619616804,-0.0023717895210508236,1,0.7511692645856772
2026-05-11 23:15:00+00:00,1.7792519056289084,1.7807666619616804,-0.0015147563327718972,1,0.7508074400527214
2026-05-11 23:20:00+00:00,1.779550870694587,1.7807666619616804,-0.0012157912670932606,1,0.7506813041836525
2026-05-11 23:25:00+00:00,1.778671763918959,1.778671763918959,0.0,0,0.0
2026-05-12 14:40:00+00:00,1.7782715627720773,1.7782715627720773,0.0,1,0.7501687879772949
2026-05-12 14:45:00+00:00,1.7778380985153546,1.7782715627720773,-0.00043346425672272966,1,0.7503516906591357
2026-05-12 14:50:00+00:00,1.7738373405783063,1.7782715627720773,-0.0044342221937709835,1,0.7520440529819422
2026-05-12 14:55:00+00:00,1.772636527434683,1.7782715627720773,-0.005635035337394301,1,0.7525534999945858
2026-05-12 15:00:00+00:00,1.7726716731852281,1.7782715627720773,-0.005599889586849279,1,0.7525385795454227
2026-05-12 15:05:00+00:00,1.7731285679423139,1.7782715627720773,-0.005142994829763398,1,0.7523446675315307
2026-05-12 15:10:00+00:00,1.7749425490797723,1.7749425490797723,0.0,0,0.0
2026-05-14 17:00:00+00:00,1.7745431870062294,1.7745431870062294,0.0,1,0.7501687879772949
2026-05-14 17:05:00+00:00,1.7765406675384223,1.7745431870062294,0.0019974805321930126,1,0.7493253242856251
2026-05-14 17:10:00+00:00,1.77538902566807,1.7745431870062294,0.0008458386618405575,1,0.749811389258139
2026-05-14 17:15:00+00:00,1.7717860782911912,1.7745431870062294,-0.0027571087150382923,1,0.7513361393457382
2026-05-14 17:20:00+00:00,1.7669615446930769,1.7745431870062294,-0.007581642313152505,1,0.7533875968087701
2026-05-14 17:25:00+00:00,1.7673112664474917,1.7745431870062294,-0.007231920558737668,1,0.7532385138276833
2026-05-14 17:30:00+00:00,1.7673380769304916,1.7673380769304916,0.0,0,0.0
2026-05-17 23:55:00+00:00,1.7669404258631822,1.7669404258631822,0.0,1,0.7501687879772949
2026-05-18 00:00:00+00:00,1.7683495366615853,1.7669404258631822,0.00140911079840319,1,0.7495710153549436
2026-05-18 00:05:00+00:00,1.7662665033074243,1.7669404258631822,-0.0006739225557578298,1,0.7504550163952017
2026-05-18 00:10:00+00:00,1.7624067650335375,1.7669404258631822,-0.004533660829644719,1,0.7520985416057712
2026-05-18 00:15:00+00:00,1.7632644846499568,1.7669404258631822,-0.003675941213225476,1,0.7517326919682202
2026-05-18 00:20:00+00:00,1.7622433898685053,1.7669404258631822,-0.004697035994677005,1,0.7521682676288971
2026-05-18 00:25:00+00:00,1.76303020874768,1.76303020874768,0.0,0,0.0
2026-05-18 19:05:00+00:00,1.7614440169999095,1.7614440169999095,0.0,4,3.0016882596741112
2026-05-18 19:10:00+00:00,1.7551369341081646,1.7614440169999095,-0.0063070828917449724,4,3.0124748235603995
2026-05-18 19:15:00+00:00,1.754946365922087,1.7614440169999095,-0.006497651077822552,4,3.0128019457299873
2026-05-18 19:20:00+00:00,1.7560780543536023,1.7614440169999095,-0.005365962646307173,4,3.0108603730874863
2026-05-18 19:25:00+00:00,1.7545379625842163,1.7614440169999095,-0.006906054415693145,4,3.0135032348426876
2026-05-18 19:30:00+00:00,1.755586818186502,1.7614440169999095,-0.005857198813407493,4,3.011702851223018
2026-05-18 19:35:00+00:00,1.7577563497833992,1.7577563497833992,0.0,0,0.0
2026-05-20 14:20:00+00:00,1.757360854604698,1.757360854604698,0.0,1,0.7501687879772949
2026-05-20 14:25:00+00:00,1.7551287531414073,1.757360854604698,-0.00223210146329058,1,0.7511228221735681
2026-05-20 14:30:00+00:00,1.7565810662979193,1.757360854604698,-0.0007797883067786778,1,0.7505018058266834
2026-05-20 14:35:00+00:00,1.7558744895570606,1.757360854604698,-0.0014863650476372944,1,0.7508038132441403
2026-05-20 14:40:00+00:00,1.754686078556773,1.757360854604698,-0.0026747760479249208,1,0.7513123164582599
2026-05-20 14:45:00+00:00,1.7562950304124632,1.757360854604698,-0.0010658241922347808,1,0.7506240349765977
2026-05-20 14:50:00+00:00,1.75616173479543,1.75616173479543,0.0,0,0.0
2026-05-21 13:55:00+00:00,1.755766598405101,1.755766598405101,0.0,1,0.7501687879772948
2026-05-21 14:00:00+00:00,1.7565906337250097,1.755766598405101,0.000824035319908711,1,0.7498168758326448
2026-05-21 14:05:00+00:00,1.7579617464357287,1.755766598405101,0.0021951480306277673,1,0.749232060235121
2026-05-21 14:10:00+00:00,1.7577446250962505,1.755766598405101,0.001978026691149612,1,0.7493246073925269
2026-05-21 14:15:00+00:00,1.7560042351467344,1.755766598405101,0.00023763674163351415,1,0.7500672690499016
2026-05-21 14:20:00+00:00,1.7530004383478153,1.755766598405101,-0.002766160057285787,1,0.7513525223861013
2026-05-21 14:25:00+00:00,1.7529147426066631,1.7529147426066631,0.0,0,0.0
2026-05-21 17:15:00+00:00,1.7521260197137989,1.7521260197137989,0.0,2,1.5005064019177266
2026-05-21 17:20:00+00:00,1.7586887174778227,1.7521260197137989,0.0065626977640237715,2,1.4949071336044053
2026-05-21 17:25:00+00:00,1.7675135956867567,1.7521260197137989,0.015387575972957871,2,1.487443330542342
2026-05-21 17:30:00+00:00,1.771244740203297,1.7521260197137989,0.019118720489498076,2,1.4843100164946286
2026-05-21 17:35:00+00:00,1.7686430813481229,1.7521260197137989,0.01651706163432394,2,1.486493423841742
2026-05-21 17:40:00+00:00,1.7676323196443544,1.7521260197137989,0.015506299930555627,2,1.487343425626064
2026-05-21 17:45:00+00:00,1.765778173350106,1.765778173350106,0.0,0,0.0
2026-05-22 15:30:00+00:00,1.765380873261102,1.765380873261102,0.0,1,0.7501687879772949
2026-05-22 15:35:00+00:00,1.7654997325489152,1.765380873261102,0.00011885928781315778,1,0.7501182841305739
2026-05-22 15:40:00+00:00,1.7618805533649189,1.765380873261102,-0.003500319896183072,1,0.7516591448173415
2026-05-22 15:45:00+00:00,1.7620338646202143,1.765380873261102,-0.003347008640887748,1,0.7515937443676907
2026-05-22 15:50:00+00:00,1.761978741472243,1.765380873261102,-0.003402131788859038,1,0.7516172578257194
2026-05-22 15:55:00+00:00,1.763188005530865,1.765380873261102,-0.0021928677302368665,1,0.7511017689879564
2026-05-22 16:00:00+00:00,1.7628561641800775,1.7628561641800775,0.0,0,0.0
2026-05-23 20:35:00+00:00,1.762459521543137,1.762459521543137,0.0,1,0.7501687879772949
2026-05-23 20:40:00+00:00,1.770444256855239,1.762459521543137,0.00798473531210211,1,0.7467855133058637
2026-05-23 20:45:00+00:00,1.7720498735542631,1.762459521543137,0.009590352011126157,1,0.746108866836344
2026-05-23 20:50:00+00:00,1.7720706806821125,1.762459521543137,0.0096111591389756,1,0.7461001062475306
2026-05-23 20:55:00+00:00,1.7729532496883793,1.762459521543137,0.010493728145242494,1,0.7457287006115038
2026-05-23 21:00:00+00:00,1.7797225019486282,1.762459521543137,0.017262980405491343,1,0.7428922889312447
2026-05-23 21:05:00+00:00,1.774800309004503,1.774800309004503,0.0,0,0.0
2026-05-24 14:25:00+00:00,1.774400978934977,1.774400978934977,0.0,1,0.7501687879772949
2026-05-24 14:30:00+00:00,1.773609792465041,1.774400978934977,-0.0007911864699360355,1,0.750503429451275
2026-05-24 14:35:00+00:00,1.7757804835492244,1.774400978934977,0.0013795046142473935,1,0.7495860237707582
2026-05-24 14:40:00+00:00,1.7758819177120369,1.774400978934977,0.00148093877705988,1,0.7495432091950711
2026-05-24 14:45:00+00:00,1.7755573283910373,1.774400978934977,0.001156349456060337,1,0.7496802330565044
2026-05-24 14:50:00+00:00,1.7750298707444134,1.774400978934977,0.0006288918094364117,1,0.7499030037140386
2026-05-24 14:55:00+00:00,1.7747725485028247,1.7747725485028247,0.0,0,0.0
2026-05-24 22:05:00+00:00,1.7731757922154752,1.7731757922154752,0.0,4,3.0016882596741117
2026-05-24 22:10:00+00:00,1.7940026582219415,1.7731757922154752,0.020826866006466375,4,2.9668411768724754
2026-05-24 22:15:00+00:00,1.7994848931078666,1.7731757922154752,0.02630910089239141,4,2.9578025234983096
2026-05-24 22:20:00+00:00,1.7931485812783117,1.7731757922154752,0.019972789062836588,4,2.9682542837789714
2026-05-24 22:25:00+00:00,1.798293983503421,1.7731757922154752,0.02511819128794592,4,2.9597613108076155
2026-05-24 22:30:00+00:00,1.7921480060784791,1.7731757922154752,0.018972213863003868,4,2.9699114915615166
2026-05-24 22:35:00+00:00,1.7893178097621016,1.7893178097621016,0.0,0,0.0
2026-05-25 12:15:00+00:00,1.788915213254905,1.788915213254905,0.0,1,0.7501687879772949
2026-05-25 12:20:00+00:00,1.7949589354033495,1.788915213254905,0.0060437221484444135,1,0.7476429297921597
2026-05-25 12:25:00+00:00,1.792622029505951,1.788915213254905,0.003706816251045939,1,0.7486175753911883
2026-05-25 12:30:00+00:00,1.794153105783557,1.788915213254905,0.0052378925286518056,1,0.7479787276769183
2026-05-25 12:35:00+00:00,1.796127388352049,1.788915213254905,0.0072121750971438,1,0.7471565580617607
2026-05-25 12:40:00+00:00,1.7970138009338206,1.788915213254905,0.008098587678915461,1,0.7467880083192519
2026-05-25 12:45:00+00:00,1.7969939734960256,1.7969939734960256,0.0,0,0.0
2026-05-26 13:50:00+00:00,1.796589649851989,1.796589649851989,0.0,1,0.7501687879772949
2026-05-26 13:55:00+00:00,1.7933775616996324,1.796589649851989,-0.0032120881523567575,1,0.7515124025778066
2026-05-26 14:00:00+00:00,1.7943169624126654,1.796589649851989,-0.00227268743932371,1,0.7511189540948331
2026-05-26 14:05:00+00:00,1.7933549045395776,1.796589649851989,-0.0032347453124114676,1,0.7515218971495421
2026-05-26 14:10:00+00:00,1.79454004829628,1.796589649851989,-0.0020496015557090385,1,0.7510255797308935
2026-05-26 14:15:00+00:00,1.7974140219062833,1.796589649851989,0.0008243720542942581,1,0.7498247280237865
2026-05-26 14:20:00+00:00,1.798998299771655,1.798998299771655,0.0,0,0.0
2026-05-27 22:05:00+00:00,1.7985935251542062,1.7985935251542062,0.0,1,0.7501687879772949
2026-05-27 22:10:00+00:00,1.796201310873017,1.7985935251542062,-0.002392214281189295,1,0.7511678767080728
2026-05-27 22:15:00+00:00,1.794241024170376,1.7985935251542062,-0.0043525009838303735,1,0.7519885604291147
2026-05-27 22:20:00+00:00,1.794407150162125,1.7985935251542062,-0.0041863749920811166,1,0.7519189414213137
2026-05-27 22:25:00+00:00,1.7940948332976365,1.7985935251542062,-0.004498691856569719,1,0.7520498358209717
2026-05-27 22:30:00+00:00,1.7967860743639743,1.7985935251542062,-0.001807450790231912,1,0.7509234093470742
2026-05-27 22:35:00+00:00,1.7970391586738528,1.7970391586738528,0.0,0,0.0
2026-05-28 03:25:00+00:00,1.7966348248631512,1.7966348248631512,0.0,1,0.7501687879772949
2026-05-28 03:30:00+00:00,1.7916821814199664,1.7966348248631512,-0.004952643443184873,1,0.7522424361765047
2026-05-28 03:35:00+00:00,1.7895360359279193,1.7966348248631512,-0.007098788935231896,1,0.753144581582305
2026-05-28 03:40:00+00:00,1.7875549785506457,1.7966348248631512,-0.009079846312505576,1,0.75397925388464
2026-05-28 03:45:00+00:00,1.7855739211733714,1.7966348248631512,-0.011060903689779704,1,0.7548157782903272
2026-05-28 03:50:00+00:00,1.7857390092881444,1.7966348248631512,-0.010895815575006811,1,0.754745997032713
2026-05-28 03:55:00+00:00,1.7803820320342578,1.7803820320342578,0.0,0,0.0
2026-05-28 14:15:00+00:00,1.7795809502516828,1.7795809502516828,0.0,2,1.5005064019177263
2026-05-28 14:20:00+00:00,1.7900529113117427,1.7795809502516828,0.010471961060059827,2,1.4917283124478804
2026-05-28 14:25:00+00:00,1.7731672304444979,1.7795809502516828,-0.006413719807185001,2,1.5059338807621077
2026-05-28 14:30:00+00:00,1.7731264645641884,1.7795809502516828,-0.006454485687494482,2,1.505968503628307
2026-05-28 14:35:00+00:00,1.7699968103243724,1.7795809502516828,-0.009584139927310449,2,1.5086313110892684
2026-05-28 14:40:00+00:00,1.7687179367615535,1.7795809502516828,-0.010863013490129208,2,1.5097221287146754
2026-05-28 14:45:00+00:00,1.7663762858415746,1.7663762858415746,0.0,0,0.0
2026-05-29 13:40:00+00:00,1.7655815059357454,1.7655815059357454,0.0,2,1.5005064019177266
2026-05-29 13:45:00+00:00,1.7685591632958648,1.7655815059357454,0.0029776573601193526,2,1.497980055033605
2026-05-29 13:50:00+00:00,1.766372324631943,1.7655815059357454,0.0007908186961974901,2,1.4998346134732103
2026-05-29 13:55:00+00:00,1.7627120071855822,1.7655815059357454,-0.0028694987501632213,2,1.5029490591568913
2026-05-29 14:00:00+00:00,1.764105326130996,1.7655815059357454,-0.0014761798047493997,2,1.5017620056589531
2026-05-29 14:05:00+00:00,1.7645573474364948,1.7655815059357454,-0.001024158499250454,2,1.5013773038393536
2026-05-29 14:10:00+00:00,1.7563566830808863,1.7563566830808863,0.0,0,0.0
2026-05-30 02:00:00+00:00,1.755961502827193,1.755961502827193,0.0,1,0.7501687879772949
2026-05-30 02:05:00+00:00,1.7623885739400105,1.755961502827193,0.006427071112817463,1,0.7474330756501505
2026-05-30 02:10:00+00:00,1.7576337501700265,1.755961502827193,0.0016722473428335304,1,0.7494550626279437
2026-05-30 02:15:00+00:00,1.7548936822347816,1.755961502827193,-0.0010678205924115963,1,0.7506252519145099
2026-05-30 02:20:00+00:00,1.7580367013369744,1.755961502827193,0.0020751985097812917,1,0.7492832836247914
2026-05-30 02:25:00+00:00,1.758903046345912,1.755961502827193,0.0029415435187190074,1,0.7489142252878935
2026-05-30 02:30:00+00:00,1.7581653576003133,1.7581653576003133,0.0,0,0.0
2026-05-30 15:50:00+00:00,1.7577697703948532,1.7577697703948532,0.0,1,0.7501687879772949
2026-05-30 15:55:00+00:00,1.760606298831775,1.7577697703948532,0.0028365284369218503,1,0.7489601843837483
2026-05-30 16:00:00+00:00,1.7622054155344695,1.7577697703948532,0.004435645139616297,1,0.7482805390200788
2026-05-30 16:05:00+00:00,1.7652703892146335,1.7577697703948532,0.007500618819780337,1,0.7469813271987692
2026-05-30 16:10:00+00:00,1.7696679601470426,1.7577697703948532,0.011898189752189408,1,0.7451251013725025
2026-05-30 16:15:00+00:00,1.77834887939024,1.7577697703948532,0.020579108995386747,1,0.7414878112400333
2026-05-30 16:20:00+00:00,1.7720327529640905,1.7720327529640905,0.0,0,0.0
2026-05-31 16:40:00+00:00,1.7716340455946735,1.7716340455946735,0.0,1,0.7501687879772949
2026-05-31 16:45:00+00:00,1.7703963830301666,1.7716340455946735,-0.0012376625645068946,1,0.7506932218469303
2026-05-31 16:50:00+00:00,1.7707526798290398,1.7716340455946735,-0.0008813657656336843,1,0.750542173315463
2026-05-31 16:55:00+00:00,1.7717653128363635,1.7716340455946735,0.00013126724168989717,1,0.7501132091786322
2026-05-31 17:00:00+00:00,1.7731529951056588,1.7716340455946735,0.0015189495109853722,1,0.7495261651935872
2026-05-31 17:05:00+00:00,1.7737155689986168,1.7716340455946735,0.0020815234039432127,1,0.7492884360672285
2026-05-31 17:10:00+00:00,1.7781737495717336,1.7781737495717336,0.0,0,0.0
2026-06-01 09:35:00+00:00,1.7777736604780798,1.7777736604780798,0.0,1,0.7501687879772949
2026-06-01 09:40:00+00:00,1.7781706136417406,1.7777736604780798,0.0003969531636606474,1,0.7500013226781934
2026-06-01 09:45:00+00:00,1.801931095866575,1.7777736604780798,0.02415743538849527,1,0.7401117141704233
2026-06-01 09:50:00+00:00,1.8160134819107292,1.7777736604780798,0.03823982143264947,1,0.734372473256979
2026-06-01 09:55:00+00:00,1.7952206971475486,1.7777736604780798,0.017447036669468854,1,0.742878195587776
2026-06-01 10:00:00+00:00,1.7898145731091217,1.7777736604780798,0.012040912631042006,1,0.7451220546618553
2026-06-01 10:05:00+00:00,1.7767497878415308,1.7767497878415308,0.0,0,0.0
2026-06-01 15:35:00+00:00,1.7759503403849601,1.7759503403849601,0.0,2,1.5005064019177263
2026-06-01 15:40:00+00:00,1.772736719812452,1.7759503403849601,-0.003213620572508165,2,1.503226522840642
2026-06-01 15:45:00+00:00,1.7740235909565083,1.7759503403849601,-0.0019267494284519165,2,1.50213608703974
2026-06-01 15:50:00+00:00,1.7690461804811999,1.7759503403849601,-0.006904159903760284,2,1.5063625159354157
2026-06-01 15:55:00+00:00,1.767072205299216,1.7759503403849601,-0.008878135085744173,2,1.5080452554480457
2026-06-01 16:00:00+00:00,1.7653333162284943,1.7759503403849601,-0.010617024156465829,2,1.5095307105679066
2026-06-01 16:05:00+00:00,1.7671671032100846,1.7671671032100846,0.0,0,0.0
2026-06-02 02:25:00+00:00,1.7667694906118623,1.7667694906118623,0.0,1,0.7501687879772949
2026-06-02 02:30:00+00:00,1.7713960416425365,1.7667694906118623,0.00462655103067422,1,0.7482094891544423
2026-06-02 02:35:00+00:00,1.7708942995120776,1.7667694906118623,0.0041248089002152545,1,0.7484214770880087
2026-06-02 02:40:00+00:00,1.7702027597966885,1.7667694906118623,0.0034332691848261853,1,0.7487138521689942
2026-06-02 02:45:00+00:00,1.7675568687117211,1.7667694906118623,0.0007873780998587728,1,0.7498346168480337
2026-06-02 02:50:00+00:00,1.7685302860284917,1.7667694906118623,0.0017607954166293399,1,0.7494219001382774
2026-06-02 02:55:00+00:00,1.7688242131456586,1.7688242131456586,0.0,0,0.0
2026-06-02 22:25:00+00:00,1.7676305254218145,1.7676305254218145,0.0,3,2.251012879815685
2026-06-02 22:30:00+00:00,1.7630645510511815,1.7676305254218145,-0.004565974370632916,3,2.256842539944167
2026-06-02 22:35:00+00:00,1.7465100180923856,1.7676305254218145,-0.02112050732942892,3,2.278234329182872
2026-06-02 22:40:00+00:00,1.7411154231951194,1.7676305254218145,-0.026515102226695123,3,2.2852931095045306
2026-06-02 22:45:00+00:00,1.7414185478633388,1.7676305254218145,-0.02621197755847571,3,2.284895313858876
2026-06-02 22:50:00+00:00,1.7240008708621084,1.7676305254218145,-0.04362965455970609,3,2.3079797387168037
2026-06-02 22:55:00+00:00,1.7011686554949934,1.7011686554949934,0.0,0,0.0
2026-06-03 01:55:00+00:00,1.700785892547507,1.700785892547507,0.0,1,0.7501687879772949
2026-06-03 02:00:00+00:00,1.6991438280540578,1.700785892547507,-0.0016420644934491547,1,0.7508937563469485
2026-06-03 02:05:00+00:00,1.6986256824134336,1.700785892547507,-0.0021602101340735085,1,0.7511228075914054
2026-06-03 02:10:00+00:00,1.6986733060936379,1.700785892547507,-0.0021125864538690765,1,0.7511017492559063
2026-06-03 02:15:00+00:00,1.6974141359890322,1.700785892547507,-0.003371756558474686,1,0.7516589290555367
2026-06-03 02:20:00+00:00,1.6993781365606637,1.700785892547507,-0.0014077559868433081,1,0.7507902238894665
2026-06-03 02:25:00+00:00,1.694213956120651,1.694213956120651,0.0,0,0.0
2026-06-03 03:55:00+00:00,1.693832757980524,1.693832757980524,0.0,1,0.7501687879772949
2026-06-03 04:00:00+00:00,1.689591077736492,1.693832757980524,-0.004241680244032034,1,0.7520520697781882
2026-06-03 04:05:00+00:00,1.7004447889491623,1.693832757980524,0.006612030968638348,1,0.7472518221986665
2026-06-03 04:10:00+00:00,1.6983516722274337,1.693832757980524,0.00451891424690986,1,0.7481727653166104
2026-06-03 04:15:00+00:00,1.6982407786262828,1.693832757980524,0.004408020645758899,1,0.748221620327792
2026-06-03 04:20:00+00:00,1.6981714701255632,1.693832757980524,0.0043387121450394065,1,0.748252157949948
2026-06-03 04:25:00+00:00,1.700209138660546,1.700209138660546,0.0,0,0.0
2026-06-03 10:10:00+00:00,1.6998265916043473,1.6998265916043473,0.0,1,0.7501687879772949
2026-06-03 10:15:00+00:00,1.6945898216489856,1.6998265916043473,-0.005236769955361755,1,0.7524870252994729
2026-06-03 10:20:00+00:00,1.6937473554399507,1.6998265916043473,-0.006079236164396662,1,0.752861310690689
2026-06-03 10:25:00+00:00,1.6944415475961954,1.6998265916043473,-0.005385044008151879,1,0.7525528725404541
2026-06-03 10:30:00+00:00,1.6956883975855672,1.6998265916043473,-0.004138194018780113,1,0.7519995158373801
2026-06-03 10:35:00+00:00,1.6951087808337513,1.6998265916043473,-0.004717810770596106,1,0.7522566506724214
2026-06-03 10:40:00+00:00,1.6950430010721498,1.6950430010721498,0.0,0,0.0
2026-06-04 00:35:00+00:00,1.6946616163969086,1.6946616163969086,0.0,1,0.7501687879772949
2026-06-04 00:40:00+00:00,1.6832300602165333,1.6946616163969086,-0.011431556180375333,1,0.7552635143888606
2026-06-04 00:45:00+00:00,1.6943297552848162,1.6946616163969086,-0.00033186111209240597,1,0.7503157203247076
2026-06-04 00:50:00+00:00,1.687240637060544,1.6946616163969086,-0.007420979336364663,1,0.7534682503966353
2026-06-04 00:55:00+00:00,1.686082653605583,1.6946616163969086,-0.008578962791325606,1,0.7539857242974146
2026-06-04 01:00:00+00:00,1.6895001169726627,1.6946616163969086,-0.0051614994242459526,1,0.7524605876216596
2026-06-04 01:05:00+00:00,1.6918089255677875,1.6918089255677875,0.0,0,0.0
2026-06-04 05:35:00+00:00,1.6914282685595348,1.6914282685595348,0.0,1,0.7501687879772948
2026-06-04 05:40:00+00:00,1.6894773186695922,1.6914282685595348,-0.0019509498899427,1,0.7510350569103961
2026-06-04 05:45:00+00:00,1.6925786767013244,1.6914282685595348,0.001150408141789786,1,0.7496589149100721
2026-06-04 05:50:00+00:00,1.6889357175856567,1.6914282685595348,-0.0024925509738780573,1,0.7512758957988517
2026-06-04 05:55:00+00:00,1.6877774028586996,1.6914282685595348,-0.003650865700835108,1,0.751791493372701
2026-06-04 06:00:00+00:00,1.6861941091790198,1.6914282685595348,-0.005234159380514943,1,0.7524974065966973
2026-06-04 06:05:00+00:00,1.6896975621340267,1.6896975621340267,0.0,0,0.0
2026-06-04 15:10:00+00:00,1.6893173801825465,1.6893173801825465,0.0,1,0.7501687879772948
2026-06-04 15:15:00+00:00,1.6862585069868614,1.6893173801825465,-0.0030588731956850013,1,0.7515295942761366
2026-06-04 15:20:00+00:00,1.6794210257259186,1.6893173801825465,-0.009896354456627864,1,0.7545893210743563
2026-06-04 15:25:00+00:00,1.6745628153563015,1.6893173801825465,-0.014754564826245011,1,0.7567785215216777
2026-06-04 15:30:00+00:00,1.6783414234215592,1.6893173801825465,-0.010975956760987293,1,0.7550747147841868
2026-06-04 15:35:00+00:00,1.6776216885519866,1.6893173801825465,-0.01169569163056001,1,0.7553986576642003
2026-06-04 15:40:00+00:00,1.6759819705787535,1.6759819705787535,0.0,0,0.0
2026-06-04 17:55:00+00:00,1.6752278635385804,1.6752278635385804,0.0,2,1.5005064019177263
2026-06-04 18:00:00+00:00,1.6704178902241968,1.6752278635385804,-0.004809973314383683,2,1.5048271145929941
2026-06-04 18:05:00+00:00,1.6614752608230958,1.6752278635385804,-0.01375260271548457,2,1.5129266099727008
2026-06-04 18:10:00+00:00,1.6605123224928213,1.6752278635385804,-0.01471554104575915,2,1.5138039627052886
2026-06-04 18:15:00+00:00,1.653013941046762,1.6752278635385804,-0.022213922491818455,2,1.520670861565036
2026-06-04 18:20:00+00:00,1.6633436052455728,1.6752278635385804,-0.011884258293007651,2,1.5112272208720692
2026-06-04 18:25:00+00:00,1.6715665705728648,1.6715665705728648,0.0,0,0.0
2026-06-05 14:10:00+00:00,1.6708144502391649,1.6708144502391649,0.0,2,1.5005064019177263
2026-06-05 14:15:00+00:00,1.6601482607381255,1.6708144502391649,-0.010666189501039276,2,1.5101469177733773
2026-06-05 14:20:00+00:00,1.6600504277309356,1.6708144502391649,-0.01076402250822929,2,1.5102359164036576
2026-06-05 14:25:00+00:00,1.6506821367098816,1.6708144502391649,-0.020132313529283134,2,1.5188071181272782
2026-06-05 14:30:00+00:00,1.6479201354401378,1.6708144502391649,-0.022894314799026955,2,1.521352719154019
2026-06-05 14:35:00+00:00,1.6657486348352923,1.6708144502391649,-0.005065815403872589,2,1.505069688529812
2026-06-05 14:40:00+00:00,1.6654218607880078,1.6654218607880078,0.0,0,0.0
2026-06-05 16:20:00+00:00,1.6650471408693306,1.6650471408693306,0.0,1,0.7501687879772948
2026-06-05 16:25:00+00:00,1.6650686943341908,1.6650471408693306,2.1553464860290576e-05,1,0.7501590774250119
2026-06-05 16:30:00+00:00,1.6581500321139966,1.6650471408693306,-0.006897108755333893,1,0.75328913029574
2026-06-05 16:35:00+00:00,1.6511020491046393,1.6650471408693306,-0.013945091764691208,1,0.7565046607920753
2026-06-05 16:40:00+00:00,1.6499597154670371,1.6650471408693306,-0.015087425402293403,1,0.7570284194711053
2026-06-05 16:45:00+00:00,1.6483863125322264,1.6650471408693306,-0.016660828337104045,1,0.7577510114556876
2026-06-05 16:50:00+00:00,1.6559217142173233,1.6559217142173233,0.0,0,0.0
2026-06-05 19:25:00+00:00,1.6555491318316244,1.6555491318316244,0.0,1,0.7501687879772949
2026-06-05 19:30:00+00:00,1.6611157007444728,1.6555491318316244,0.005566568912848259,1,0.7476548955057036
2026-06-05 19:35:00+00:00,1.649982562918776,1.6555491318316244,-0.005566568912848397,1,0.7526996427562427
2026-06-05 19:40:00+00:00,1.6541574896034124,1.6555491318316244,-0.0013916422282120647,1,0.7507999047664745
2026-06-05 19:45:00+00:00,1.6541574896034124,1.6555491318316244,-0.0013916422282120647,1,0.7507999047664745
2026-06-05 19:50:00+00:00,1.677218989385213,1.6555491318316244,0.021669857553588478,1,0.7404765230557209
2026-06-05 19:55:00+00:00,1.6740631225430895,1.6740631225430895,0.0,0,0.0
2026-06-07 22:15:00+00:00,1.6725569741532043,1.6725569741532043,0.0,4,3.0016882596741112
2026-06-07 22:20:00+00:00,1.6278853224968557,1.6725569741532043,-0.044671651656348635,4,3.0840591555007566
2026-06-07 22:25:00+00:00,1.6108053579163761,1.6725569741532043,-0.06175161623682806,4,3.1167605746270213
2026-06-07 22:30:00+00:00,1.6117447851549216,1.6725569741532043,-0.06081218899828275,4,3.1149439285880223
2026-06-07 22:35:00+00:00,1.6130574294492015,1.6725569741532043,-0.05949954470400286,4,3.11240910664045
2026-06-07 22:40:00+00:00,1.6140141715001177,1.6725569741532043,-0.05854280265308645,4,3.11056415835898
2026-06-07 22:45:00+00:00,1.6238854682232613,1.6238854682232613,0.0,0,0.0
2026-06-11 17:30:00+00:00,1.6231548019717628,1.6231548019717628,0.0,2,1.5005064019177263
2026-06-11 17:35:00+00:00,1.6414840953860106,1.6231548019717628,0.018329293414247796,2,1.483751306825416
2026-06-11 17:40:00+00:00,1.6413578393697776,1.6231548019717628,0.018203037398014942,2,1.4838654394810666
2026-06-11 17:45:00+00:00,1.6464754533205266,1.6231548019717628,0.02332065134876372,2,1.4792532538218104
2026-06-11 17:50:00+00:00,1.6625236882921548,1.6231548019717628,0.03936888632039199,2,1.4649741166479728
2026-06-11 17:55:00+00:00,1.6543617999495819,1.6231548019717628,0.03120699797781921,2,1.472201650047985
2026-06-11 18:00:00+00:00,1.6601103155168049,1.6601103155168049,0.0,0,0.0
2026-06-13 21:45:00+00:00,1.6597367906958136,1.6597367906958136,0.0,1,0.7501687879772949
2026-06-13 21:50:00+00:00,1.6609959035470798,1.6597367906958136,0.001259112851266124,1,0.7496001248279494
2026-06-13 21:55:00+00:00,1.6624348896628123,1.6597367906958136,0.0026980989669986,1,0.7489512788618993
2026-06-13 22:00:00+00:00,1.659556917431347,1.6597367906958136,-0.00017987326446662863,1,0.7502500960104073
2026-06-13 22:05:00+00:00,1.6559594521420158,1.6597367906958136,-0.0037773385537978187,1,0.7518799660384587
2026-06-13 22:10:00+00:00,1.6573984382577482,1.6597367906958136,-0.002338352438065343,1,0.751227168975995
2026-06-13 22:15:00+00:00,1.6552261807920912,1.6552261807920912,0.0,0,0.0
2026-06-14 21:20:00+00:00,1.6541091544886783,1.6541091544886783,0.0,3,2.251012879815685
2026-06-14 21:25:00+00:00,1.6654046724635891,1.6541091544886783,0.011295517974910815,3,2.2357455055455615
2026-06-14 21:30:00+00:00,1.670727817557726,1.6541091544886783,0.01661866306904774,3,2.228622144340634
2026-06-14 21:35:00+00:00,1.6860901414671416,1.6541091544886783,0.03198098697846324,3,2.2083166966002983
2026-06-14 21:40:00+00:00,1.6929516933748625,1.6541091544886783,0.038842538886184184,3,2.1993663646435704
2026-06-14 21:45:00+00:00,1.7089199683839702,1.6541091544886783,0.05481081389529186,3,2.1788153221101854
2026-06-14 21:50:00+00:00,1.718683972891691,1.718683972891691,0.0,0,0.0
2026-06-15 13:20:00+00:00,1.7182972689977902,1.7182972689977902,0.0,1,0.7501687879772949
2026-06-15 13:25:00+00:00,1.7177744135436253,1.7182972689977902,-0.0005228554541650003,1,0.7503971240377495
2026-06-15 13:30:00+00:00,1.716902987786683,1.7182972689977902,-0.0013942812111072875,1,0.7507779931878841
2026-06-15 13:35:00+00:00,1.7196915502088979,1.7182972689977902,0.0013942812111077168,1,0.7495605706222064
2026-06-15 13:40:00+00:00,1.7134172847589146,1.7182972689977902,-0.004879984238875578,1,0.7523053439081758
2026-06-15 13:45:00+00:00,1.7128944293047494,1.7182972689977902,-0.005402839693040865,1,0.752534982667886
2026-06-15 13:50:00+00:00,1.7126820105622371,1.7126820105622371,0.0,0,0.0
2026-06-16 08:55:00+00:00,1.711911390362011,1.711911390362011,0.0,2,1.5005064019177263
2026-06-16 09:00:00+00:00,1.7066589846239457,1.711911390362011,-0.005252405738065125,2,1.505124353427924
2026-06-16 09:05:00+00:00,1.7042958675393052,1.711911390362011,-0.007615522822705688,2,1.5072113062521593
2026-06-16 09:10:00+00:00,1.7025710684515696,1.711911390362011,-0.009340321910441427,2,1.508738195046536
2026-06-16 09:15:00+00:00,1.7023518536489044,1.711911390362011,-0.009559536713106402,2,1.508932477882362
2026-06-16 09:20:00+00:00,1.693165028969458,1.711911390362011,-0.01874636139255295,2,1.5171196881603024
2026-06-16 09:25:00+00:00,1.6926481643755242,1.6926481643755242,0.0,0,0.0
2026-06-16 17:50:00+00:00,1.6922673185385397,1.6922673185385397,0.0,1,0.7501687879772949
2026-06-16 17:55:00+00:00,1.6920128119119051,1.6922673185385397,-0.0002545066266346929,1,0.7502816257325947
2026-06-16 18:00:00+00:00,1.691242222403484,1.6922673185385397,-0.00102509613505585,1,0.7506234804601388
2026-06-16 18:05:00+00:00,1.6968837859605497,1.6922673185385397,0.0046164674220098645,1,0.7481279117550347
2026-06-16 18:10:00+00:00,1.69744935624196,1.6922673185385397,0.005182037703420106,1,0.7478786442808527
2026-06-16 18:15:00+00:00,1.6977674895252528,1.6922673185385397,0.005500170986713154,1,0.7477385043087554
2026-06-16 18:20:00+00:00,1.69565458470145,1.69565458470145,0.0,0,0.0
2026-06-17 17:55:00+00:00,1.6948916259808477,1.6948916259808477,0.0,2,1.5005064019177263
2026-06-17 18:00:00+00:00,1.6949960346253141,1.6948916259808477,0.00010440864446647374,2,1.5004139734776374
2026-06-17 18:05:00+00:00,1.6491896361077385,1.6948916259808477,-0.04570198987310919,2,1.5420881138588869
2026-06-17 18:10:00+00:00,1.6647320154593943,1.6948916259808477,-0.030159610521453356,2,1.5276907704806735
2026-06-17 18:15:00+00:00,1.6596941566656607,1.6948916259808477,-0.03519746931518708,2,1.5323279443547044
2026-06-17 18:20:00+00:00,1.6673734532569047,1.6948916259808477,-0.027518172723943066,2,1.5252706167135777
2026-06-17 18:25:00+00:00,1.6620110510262311,1.6620110510262311,0.0,0,0.0
2026-06-19 03:25:00+00:00,1.6616370985397502,1.6616370985397502,0.0,1,0.7501687879772949
2026-06-19 03:30:00+00:00,1.6615517674727975,1.6616370985397502,-8.533106695261491e-05,1,0.7502073138326585
2026-06-19 03:35:00+00:00,1.659537557404033,1.6616370985397502,-0.002099541135717142,1,0.7511178537107353
2026-06-19 03:40:00+00:00,1.6575114406747635,1.6616370985397502,-0.004125657864986601,1,0.7520360087301883
2026-06-19 03:45:00+00:00,1.6587775155751299,1.6616370985397502,-0.00285958296462026,1,0.7514620113701537
2026-06-19 03:50:00+00:00,1.6581484470117818,1.6616370985397502,-0.00348865152796843,1,0.7517471011211679
2026-06-19 03:55:00+00:00,1.65972917129154,1.65972917129154,0.0,0,0.0
2026-06-19 12:55:00+00:00,1.6586091061533808,1.6586091061533808,0.0,3,2.251012879815685
2026-06-19 13:00:00+00:00,1.6629891391125968,1.6586091061533808,0.004380032959216041,3,2.245084091483084
2026-06-19 13:05:00+00:00,1.6642429194273363,1.6586091061533808,0.00563381327395553,3,2.243392726475021
2026-06-19 13:10:00+00:00,1.6644985202083413,1.6586091061533808,0.005889414054960643,3,2.2430482305646753
2026-06-19 13:15:00+00:00,1.660021349539731,1.6586091061533808,0.0014122433863501846,3,2.249097857425768
2026-06-19 13:20:00+00:00,1.6539660596984134,1.6586091061533808,-0.004643046454967398,3,2.2573319679919077
2026-06-19 13:25:00+00:00,1.6538922011216994,1.6538922011216994,0.0,0,0.0
2026-06-20 05:10:00+00:00,1.653520075376447,1.653520075376447,0.0,1,0.7501687879772949
2026-06-20 05:15:00+00:00,1.664942372358676,1.6531453790359896,0.011796993322686366,2,1.495191061080963
2026-06-20 05:20:00+00:00,1.6586840617571927,1.6531453790359896,0.00553868272120322,2,1.5008325031642087
2026-06-20 05:25:00+00:00,1.6519622325017431,1.6531453790359896,-0.0011831465342463415,2,1.5069393860146845
2026-06-20 05:30:00+00:00,1.6467296360603125,1.6531453790359896,-0.006415742975677102,2,1.5117277893421286
2026-06-20 05:35:00+00:00,1.6516942992243397,1.6531453790359896,-0.0014510798116498034,2,1.5071838375507423
2026-06-20 05:40:00+00:00,1.654264304693034,1.6574573535806274,-0.0031930488875932207,1,0.755011032989745
2026-06-20 05:45:00+00:00,1.6527193053666265,1.6527193053666265,0.0,0,0.0
2026-06-20 14:50:00+00:00,1.6512323599299876,1.6512323599299876,0.0,4,3.0016882596741117
2026-06-20 14:55:00+00:00,1.642159564833237,1.6512323599299876,-0.009072795096750533,4,3.0182723378036393
2026-06-20 15:00:00+00:00,1.6459572022209454,1.6512323599299876,-0.005275157709042208,4,3.011308424124193
2026-06-20 15:05:00+00:00,1.650924963869755,1.6512323599299876,-0.00030739606023265484,4,3.002247162813421
2026-06-20 15:10:00+00:00,1.6396538950868011,1.6512323599299876,-0.01157846484318642,4,3.022884770772573
2026-06-20 15:15:00+00:00,1.6506677707754114,1.6512323599299876,-0.0005645891545763265,4,3.0027149475799613
2026-06-20 15:20:00+00:00,1.6692074029410475,1.6692074029410475,0.0,0,0.0
2026-06-20 22:15:00+00:00,1.6688318312753858,1.6688318312753858,0.0,1,0.7501687879772948
2026-06-20 22:20:00+00:00,1.662686671760877,1.6688318312753858,-0.006145159514508887,1,0.7529413529729858
2026-06-20 22:25:00+00:00,1.6736113997866704,1.6688318312753858,0.004779568511284674,1,0.7480264249905096
2026-06-20 22:30:00+00:00,1.6787323660487612,1.6688318312753858,0.009900534773375297,1,0.7457445734202411
2026-06-20 22:35:00+00:00,1.6821463435568218,1.6688318312753858,0.013314512281435898,1,0.7442310575420498
2026-06-20 22:40:00+00:00,1.678220269422552,1.6688318312753858,0.009388438147166235,1,0.7459721319160003
2026-06-20 22:45:00+00:00,1.6773326011306813,1.6773326011306813,0.0,0,0.0
2026-06-24 11:50:00+00:00,1.676955201295427,1.676955201295427,0.0,1,0.7501687879772949
2026-06-24 11:55:00+00:00,1.674140933280589,1.676955201295427,-0.0028142680148380097,1,0.7514298383367752
2026-06-24 12:00:00+00:00,1.6744873047285693,1.676955201295427,-0.0024678965668577363,1,0.7512744033923445
2026-06-24 12:05:00+00:00,1.6753315851330204,1.676955201295427,-0.001623616162406501,1,0.750895799978681
2026-06-24 12:10:00+00:00,1.6736213761086192,1.676955201295427,-0.003333825186807861,1,0.7516631113860522
2026-06-24 12:15:00+00:00,1.6724956689026838,1.676955201295427,-0.004459532392743121,1,0.7521690335218496
2026-06-24 12:20:00+00:00,1.6717935458349482,1.6717935458349482,0.0,0,0.0
2026-06-24 20:05:00+00:00,1.6702894393748196,1.6702894393748196,0.0,4,3.0016882596741117
2026-06-24 20:10:00+00:00,1.7075236049214775,1.6702894393748196,0.03723416554665804,4,2.9362336110484457
2026-06-24 20:15:00+00:00,1.7081937926845072,1.6702894393748196,0.03790435330968777,4,2.935081617730153
2026-06-24 20:20:00+00:00,1.7147765904203678,1.6702894393748196,0.04448715104554818,4,2.923814232383457
2026-06-24 20:25:00+00:00,1.708690936302562,1.6702894393748196,0.03840149692774232,4,2.9342276557504157
2026-06-24 20:30:00+00:00,1.7153149676392452,1.6702894393748196,0.045025528264425733,4,2.9228965496227737
2026-06-24 20:35:00+00:00,1.7063432426907428,1.7063432426907428,0.0,0,0.0
2026-06-25 11:15:00+00:00,1.7059593154611374,1.7059593154611374,0.0,1,0.7501687879772949
2026-06-25 11:20:00+00:00,1.7040527866983544,1.7059593154611374,-0.001906528762783093,1,0.751008092007302
2026-06-25 11:25:00+00:00,1.7038031222175136,1.7059593154611374,-0.0021561932436237074,1,0.7511181399599987
2026-06-25 11:30:00+00:00,1.7028271610651369,1.7059593154611374,-0.003132154396000603,1,0.7515486370428547
2026-06-25 11:35:00+00:00,1.7035988512786442,1.7059593154611374,-0.0023604641824933395,1,0.7512082031855851
2026-06-25 11:40:00+00:00,1.7048925672248183,1.7059593154611374,-0.0010667482363191437,1,0.7506381672489865
2026-06-25 11:45:00+00:00,1.7039185239495898,1.7039185239495898,0.0,0,0.0
2026-06-25 12:35:00+00:00,1.703535142281701,1.703535142281701,0.0,1,0.7501687879772949
2026-06-25 12:40:00+00:00,1.7014820784840403,1.703535142281701,-0.0020530637976608167,1,0.7510739661159348
2026-06-25 12:45:00+00:00,1.701108794157193,1.703535142281701,-0.0024263481245082505,1,0.7512387787021827
2026-06-25 12:50:00+00:00,1.7027885736280064,1.703535142281701,-0.0007465686536947264,1,0.7504976911134551
2026-06-25 12:55:00+00:00,1.7003622255034978,1.703535142281701,-0.003172916778203261,1,0.7515686209647355
2026-06-25 13:00:00+00:00,1.699615656849803,1.703535142281701,-0.003919485431897987,1,0.7518987529985582
2026-06-25 13:05:00+00:00,1.6988589908550669,1.6988589908550669,0.0,0,0.0
2026-06-25 14:05:00+00:00,1.697712519031098,1.697712519031098,0.0,3,2.251012879815685
2026-06-25 14:10:00+00:00,1.7360729717331569,1.697712519031098,0.03836045270205897,3,2.201274260233531
2026-06-25 14:15:00+00:00,1.727495351282895,1.697712519031098,0.02978283225179694,3,2.2122043591754426
2026-06-25 14:20:00+00:00,1.7204536977454705,1.697712519031098,0.022741178714372506,3,2.2212587014525447
2026-06-25 14:25:00+00:00,1.7216156077266174,1.697712519031098,0.023903088695519468,3,2.2197595847830955
2026-06-25 14:30:00+00:00,1.7256481965046124,1.697712519031098,0.02793567747351451,3,2.2145723295768636
2026-06-25 14:35:00+00:00,1.7736258546452524,1.7736258546452524,0.0,0,0.0
2026-06-25 16:10:00+00:00,1.7732267888279571,1.7732267888279571,0.0,1,0.7501687879772949
2026-06-25 16:15:00+00:00,1.7662737304820137,1.7732267888279571,-0.006953058345943441,1,0.7531218791443636
2026-06-25 16:20:00+00:00,1.7668697069116661,1.7732267888279571,-0.006357081916291041,1,0.7528678463275295
2026-06-25 16:25:00+00:00,1.7660750716721296,1.7732267888279571,-0.007151717155827624,1,0.7532065948501726
2026-06-25 16:30:00+00:00,1.7670683657215502,1.7732267888279571,-0.006158423106406858,1,0.7527832068006992
2026-06-25 16:35:00+00:00,1.7577314016569976,1.7732267888279571,-0.015495387170959607,1,0.7567819461664924
2026-06-25 16:40:00+00:00,1.7575309946495863,1.7575309946495863,0.0,0,0.0
2026-06-25 20:05:00+00:00,1.7571355501757902,1.7571355501757902,0.0,1,0.7501687879772948
2026-06-25 20:10:00+00:00,1.7545855219126922,1.7571355501757902,-0.002550028263097963,1,0.7512590463816562
2026-06-25 20:15:00+00:00,1.7538172017087459,1.7571355501757902,-0.0033183484670441894,1,0.7515881613562214
2026-06-25 20:20:00+00:00,1.7544243512951978,1.7571355501757902,-0.002711198880592273,1,0.7513280609757105
2026-06-25 20:25:00+00:00,1.7550160461649036,1.7571355501757902,-0.002119504010886662,1,0.7510747544830907
2026-06-25 20:30:00+00:00,1.754846044280697,1.7571355501757902,-0.0022895058950931054,1,0.7511475153522611
2026-06-25 20:35:00+00:00,1.752573955630595,1.752573955630595,0.0,0,0.0
2026-06-25 23:30:00+00:00,1.7521796264905782,1.7521796264905782,0.0,1,0.7501687879772948
2026-06-25 23:35:00+00:00,1.7510250981930613,1.7521796264905782,-0.0011545282975169192,1,0.7506634074402183
2026-06-25 23:40:00+00:00,1.7475615133005105,1.7521796264905782,-0.004618113190067677,1,0.7521511870792252
2026-06-25 23:45:00+00:00,1.7444827711737991,1.7521796264905782,-0.007696855316779121,1,0.7534786175265656
2026-06-25 23:50:00+00:00,1.741981293195846,1.7521796264905782,-0.010198333294732251,1,0.7545606097247386
2026-06-25 23:55:00+00:00,1.7402495007495706,1.7521796264905782,-0.01193012574100763,1,0.7553115034118884
2026-06-26 00:00:00+00:00,1.7398551716095538,1.7398551716095538,0.0,0,0.0
2026-06-26 02:30:00+00:00,1.7386810335894036,1.7386810335894036,0.0,3,2.251012879815685
2026-06-26 02:35:00+00:00,1.7430030329270136,1.7386810335894036,0.004321999337610034,3,2.245431204975351
2026-06-26 02:40:00+00:00,1.7357230983953276,1.7386810335894036,-0.0029579351940761446,3,2.2548489468851853
2026-06-26 02:45:00+00:00,1.7367268319409874,1.7386810335894036,-0.0019542016484161372,3,2.2535457669683674
2026-06-26 02:50:00+00:00,1.7251092267714738,1.7386810335894036,-0.013571806817929875,3,2.2687220842390508
2026-06-26 02:55:00+00:00,1.714655665968868,1.7386810335894036,-0.024025367620535643,3,2.2825535634815064
2026-06-26 03:00:00+00:00,1.7169841866303461,1.7169841866303461,0.0,0,0.0
2026-06-26 19:10:00+00:00,1.7158254830517863,1.7158254830517863,0.0,3,2.251012879815685
2026-06-26 19:15:00+00:00,1.7112779054044023,1.7158254830517863,-0.004547577647383913,3,2.256994757933725
2026-06-26 19:20:00+00:00,1.7106995232239153,1.7158254830517863,-0.005125959827871097,3,2.2577578408315215
2026-06-26 19:25:00+00:00,1.7074352471795904,1.7158254830517863,-0.008390235872195818,3,2.2620742240418874
2026-06-26 19:30:00+00:00,1.7092411730417876,1.7158254830517863,-0.006584310009998743,3,2.259684193654229
2026-06-26 19:35:00+00:00,1.7212004899147368,1.7158254830517863,0.005375006862950657,3,2.243983361901593
2026-06-26 19:40:00+00:00,1.7132247496733104,1.7132247496733104,0.0,0,0.0
2026-06-28 22:05:00+00:00,1.7124538852679603,1.7124538852679603,0.0,2,1.5005064019177266
2026-06-28 22:10:00+00:00,1.707008060100011,1.7124538852679603,-0.005445825167949195,2,1.5052934300046084
2026-06-28 22:15:00+00:00,1.7035787910370086,1.7124538852679603,-0.008875094230951699,2,1.5083235547146685
2026-06-28 22:20:00+00:00,1.688600107435644,1.7124538852679603,-0.023853777832316188,2,1.5217030998154126
2026-06-28 22:25:00+00:00,1.7003351243224203,1.7124538852679603,-0.012118760945540055,2,1.5112009280273013
2026-06-28 22:30:00+00:00,1.6972281510469427,1.7124538852679603,-0.01522573422101761,2,1.5139673568626713
2026-06-28 22:35:00+00:00,1.6894886989715243,1.6894886989715243,0.0,0,0.0
2026-06-29 12:05:00+00:00,1.6891085640142558,1.6891085640142558,0.0,1,0.7501687879772949
2026-06-29 12:10:00+00:00,1.6918416234611868,1.6891085640142558,0.002733059446931132,1,0.7489569393832287
2026-06-29 12:15:00+00:00,1.696110321997823,1.6891085640142558,0.007001757983567172,1,0.7470719963169175
2026-06-29 12:20:00+00:00,1.6971816981069197,1.6891085640142558,0.00807313409266392,1,0.7466003938423433
2026-06-29 12:25:00+00:00,1.6908353702136234,1.6891085640142558,0.001726806199367604,1,0.7494026600996366
2026-06-29 12:30:00+00:00,1.691093760922288,1.6891085640142558,0.0019851969080321437,1,0.7492881551035845
2026-06-29 12:35:00+00:00,1.6892830237487548,1.6892830237487548,0.0,0,0.0
2026-06-29 16:50:00+00:00,1.6889029350684113,1.6889029350684113,0.0,1,0.7501687879772949
2026-06-29 16:55:00+00:00,1.6877665033480056,1.6889029350684113,-0.001136431720405751,1,0.7506739026389644
2026-06-29 17:00:00+00:00,1.6867209861652324,1.6889029350684113,-0.0021819489031788897,1,0.7511392092725487
2026-06-29 17:05:00+00:00,1.689630251369471,1.6889029350684113,0.0007273163010597706,1,0.7498458711807947
2026-06-29 17:10:00+00:00,1.689448422294206,1.6889029350684113,0.000545487225794828,1,0.7499265743141659
2026-06-29 17:15:00+00:00,1.695271817486237,1.6885214130670265,0.006750404419210293,2,1.4975193041265153
2026-06-29 17:20:00+00:00,1.7077068700135551,1.6982782953327025,0.009428574680852567,1,0.7447062648436974
2026-06-29 17:25:00+00:00,1.7027171234796146,1.6982782953327025,0.004438828146912058,1,0.7468885976884003
2026-06-29 17:30:00+00:00,1.7063925361473593,1.6982782953327025,0.008114240814656943,1,0.7452798683045179
2026-06-29 17:35:00+00:00,1.7047633917742904,1.6982782953327025,0.006485096441587877,1,0.7459920894313137
2026-06-29 17:40:00+00:00,1.7038425710416862,1.6982782953327025,0.005564275708983843,1,0.7463952516682374
2026-06-29 17:45:00+00:00,1.7090882868506603,1.7090882868506603,0.0,0,0.0
2026-07-01 01:40:00+00:00,1.7087037419861189,1.7087037419861189,0.0,1,0.7501687879772949
2026-07-01 01:45:00+00:00,1.7102686130054925,1.7087037419861189,0.0015648710193737088,1,0.7494823943973523
2026-07-01 01:50:00+00:00,1.7080264097538527,1.7087037419861189,-0.0006773322322661748,1,0.7504662737168803
2026-07-01 01:55:00+00:00,1.7085869605667627,1.7087037419861189,-0.00011678141935616834,1,0.7502200617946883
2026-07-01 02:00:00+00:00,1.7072322961022302,1.7087037419861189,-0.0014714458838886604,1,0.7508153507079854
2026-07-01 02:05:00+00:00,1.7078629157667542,1.7087037419861189,-0.0008408262193647252,1,0.7505381159719818
2026-07-01 02:10:00+00:00,1.706006925018324,1.706006925018324,0.0,0,0.0
2026-07-01 13:50:00+00:00,1.705623073460195,1.705623073460195,0.0,1,0.7501687879772949
2026-07-01 13:55:00+00:00,1.7040635528492767,1.705623073460195,-0.0015595206109183216,1,0.750855325568315
2026-07-01 14:00:00+00:00,1.705110992065565,1.705623073460195,-0.000512081394629886,1,0.7503940797506417
2026-07-01 14:05:00+00:00,1.7025505850924159,1.705623073460195,-0.003072488367779174,1,0.7515225714684363
2026-07-01 14:10:00+00:00,1.7046454635249924,1.705623073460195,-0.0009776099352025872,1,0.750599007912113
2026-07-01 14:15:00+00:00,1.7102783588659207,1.705623073460195,0.004655285405725875,1,0.7481268690157422
2026-07-01 14:20:00+00:00,1.711197987221395,1.711197987221395,0.0,0,0.0
2026-07-02 09:40:00+00:00,1.71081296767427,1.71081296767427,0.0,1,0.7501687879772949
2026-07-02 09:45:00+00:00,1.7054748765784997,1.71081296767427,-0.00533809109577027,1,0.7525167963721534
2026-07-02 09:50:00+00:00,1.703420567468757,1.71081296767427,-0.007392400205512931,1,0.7534243245184871
2026-07-02 09:55:00+00:00,1.7043232184412198,1.71081296767427,-0.0064897492330502765,1,0.7530252926964447
2026-07-02 10:00:00+00:00,1.70562272458261,1.71081296767427,-0.00519024309165994,1,0.7524515661751118
2026-07-02 10:05:00+00:00,1.705381498891693,1.71081296767427,-0.0054314687825768836,1,0.7525580002187847
2026-07-02 10:10:00+00:00,1.7049964793445684,1.7049964793445684,0.0,0,0.0
2026-07-04 00:10:00+00:00,1.704612855136716,1.704612855136716,0.0,1,0.7501687879772948
2026-07-04 00:15:00+00:00,1.702370989847255,1.704612855136716,-0.00224186528946081,1,0.7511566909532227
2026-07-04 00:20:00+00:00,1.7026636721697233,1.704612855136716,-0.0019491829669926596,1,0.7510275695721541
2026-07-04 00:25:00+00:00,1.7009787162994032,1.704612855136716,-0.0036341388373127502,1,0.7517715226269436
2026-07-04 00:30:00+00:00,1.701066114492918,1.704612855136716,-0.003546740643797851,1,0.7517328977478436
2026-07-04 00:35:00+00:00,1.7012693661057432,1.704612855136716,-0.003343489030972754,1,0.7516430877936263
2026-07-04 00:40:00+00:00,1.6992170461565965,1.6992170461565965,0.0,0,0.0
2026-07-04 15:10:00+00:00,1.6988347223212112,1.6988347223212112,0.0,1,0.7501687879772949
2026-07-04 15:15:00+00:00,1.6955788348304623,1.6988347223212112,-0.0032558874907488047,1,0.7516092784591012
2026-07-04 15:20:00+00:00,1.6966973782353805,1.6988347223212112,-0.002137344085830781,1,0.7511137819655721
2026-07-04 15:25:00+00:00,1.7036081241128997,1.6988347223212112,0.004773401791688598,1,0.7480668626660005
2026-07-04 15:30:00+00:00,1.7017771326793716,1.6988347223212112,0.0029424103581603615,1,0.7488717295260289
2026-07-04 15:35:00+00:00,1.7023898379839764,1.6988347223212112,0.0035551156627651676,1,0.7486022039033358
2026-07-04 15:40:00+00:00,1.6994498257258803,1.6994498257258803,0.0,0,0.0
2026-07-05 12:25:00+00:00,1.699067449515092,1.699067449515092,0.0,1,0.7501687879772949
2026-07-05 12:30:00+00:00,1.7047192359388157,1.699067449515092,0.005651786423723783,1,0.7476816958614743
2026-07-05 12:35:00+00:00,1.7071289123210236,1.699067449515092,0.008061462805931731,1,0.7466263151512518
2026-07-05 12:40:00+00:00,1.7035582100455704,1.699067449515092,0.004490760530478372,1,0.7481912633089978
2026-07-05 12:45:00+00:00,1.702966744024483,1.699067449515092,0.0038992945093908843,1,0.7484511214131414
2026-07-05 12:50:00+00:00,1.7018276242801664,1.699067449515092,0.0027601747650744714,1,0.7489520977975258
2026-07-05 12:55:00+00:00,1.7037672998558693,1.7037672998558693,0.0,0,0.0
2026-07-06 15:45:00+00:00,1.7033839522134018,1.7033839522134018,0.0,1,0.7501687879772949
2026-07-06 15:50:00+00:00,1.701312794058415,1.7033839522134018,-0.002071158154986865,1,0.7510820346232155
2026-07-06 15:55:00+00:00,1.7094248301654473,1.7033839522134018,0.00604087795204546,1,0.7475177921501392
2026-07-06 16:00:00+00:00,1.7112011359442036,1.7033839522134018,0.007817183730801765,1,0.7467418341718349
2026-07-06 16:05:00+00:00,1.7095902351569916,1.7033839522134018,0.006206282943589775,1,0.7474454688696553
2026-07-06 16:10:00+00:00,1.7152068133481193,1.7033839522134018,0.01182286113471758,1,0.7449979005141427
2026-07-06 16:15:00+00:00,1.7194619969902583,1.7194619969902583,0.0,0,0.0
2026-07-06 21:10:00+00:00,1.7183016212659947,1.7183016212659947,0.0,3,2.251012879815685
2026-07-06 21:15:00+00:00,1.707397471586197,1.7183016212659947,-0.010904149679797597,3,2.2653887833654656
2026-07-06 21:20:00+00:00,1.7031649303658374,1.7183016212659947,-0.015136690900157335,3,2.271018509080682
2026-07-06 21:25:00+00:00,1.7015731694185148,1.7183016212659947,-0.016728451847479845,3,2.2731429658118825
2026-07-06 21:30:00+00:00,1.6966066464554965,1.7183016212659947,-0.021694974810498157,3,2.279797199285218
2026-07-06 21:35:00+00:00,1.6984817364633762,1.7183016212659947,-0.019819884802618513,3,2.2772803485846196
2026-07-06 21:40:00+00:00,1.6919654958238168,1.6919654958238168,0.0,0,0.0
2026-07-09 01:10:00+00:00,1.690443240735009,1.690443240735009,0.0,4,3.0016882596741112
2026-07-09 01:15:00+00:00,1.672043845817673,1.690443240735009,-0.018399394917335967,4,3.0347192401993057
2026-07-09 01:20:00+00:00,1.6791633671800927,1.690443240735009,-0.011279873554916171,4,3.0218522679428608
2026-07-09 01:25:00+00:00,1.6709919390174153,1.690443240735009,-0.019451301717593763,4,3.0366296275154263
2026-07-09 01:30:00+00:00,1.6669241710216736,1.690443240735009,-0.02351906971333535,4,3.044039865502531
2026-07-09 01:35:00+00:00,1.656201848020702,1.690443240735009,-0.03424139271430695,4,3.0637471123606113
2026-07-09 01:40:00+00:00,1.6512294961256622,1.6512294961256622,0.0,0,0.0
2026-07-10 01:50:00+00:00,1.650486526445899,1.650486526445899,0.0,2,1.5005064019177263
2026-07-10 01:55:00+00:00,1.6519778045821103,1.650486526445899,0.001491278136211307,2,1.4991518604800518
2026-07-10 02:00:00+00:00,1.6494718242778463,1.650486526445899,-0.0010147021680526084,2,1.5014294653352354
2026-07-10 02:05:00+00:00,1.6503257527900541,1.650486526445899,-0.0001607736558448189,2,1.5006525802703619
2026-07-10 02:10:00+00:00,1.6486365969641226,1.650486526445899,-0.0018499294817764297,2,1.502190115014726
2026-07-10 02:15:00+00:00,1.6510605444462159,1.650486526445899,0.0005740180003167802,2,1.499984726509039
2026-07-10 02:20:00+00:00,1.6524524359340655,1.6524524359340655,0.0,0,0.0
2026-07-14 12:35:00+00:00,1.6517089159932998,1.6517089159932998,0.0,2,1.500506401917726
2026-07-14 12:40:00+00:00,1.6493998167754726,1.6517089159932998,-0.002309099217827079,2,1.5026070558184805
2026-07-14 12:45:00+00:00,1.6516326107069403,1.6517089159932998,-7.630528635952012e-05,2,1.5005757251860732
2026-07-14 12:50:00+00:00,1.661990129040159,1.6517089159932998,0.010281213046859247,2,1.491224141014527
2026-07-14 12:55:00+00:00,1.6654920292819149,1.6517089159932998,0.01378311328861503,2,1.4880886602748309
2026-07-14 13:00:00+00:00,1.6723780246280984,1.6517089159932998,0.020669108634798428,2,1.4819614740534983
2026-07-14 13:05:00+00:00,1.6658284492122817,1.6658284492122817,0.0,0,0.0
2026-07-15 12:50:00+00:00,1.6654536378112088,1.6654536378112088,0.0,1,0.7501687879772949
2026-07-15 12:55:00+00:00,1.6808600881196853,1.6654536378112088,0.015406450308476434,1,0.7432928806744622
2026-07-15 13:00:00+00:00,1.6792342159169182,1.6654536378112088,0.013780578105709401,1,0.7440125535001754
2026-07-15 13:05:00+00:00,1.6857377047279858,1.6654536378112088,0.02028406691677698,1,0.7411421915788569
2026-07-15 13:10:00+00:00,1.6824400687683416,1.6654536378112088,0.016986430957132828,1,0.7425948538088696
2026-07-15 13:15:00+00:00,1.6866489798738913,1.6654536378112088,0.021195342062682584,1,0.7407417618114145
2026-07-15 13:20:00+00:00,1.6874935726248939,1.6874935726248939,0.0,0,0.0
2026-07-16 14:10:00+00:00,1.6871138865710533,1.6871138865710533,0.0,1,0.7501687879772948
2026-07-16 14:15:00+00:00,1.6875841879414315,1.6871138865710533,0.00047030137037813415,1,0.7499597285350924
2026-07-16 14:20:00+00:00,1.6884503262985449,1.6871138865710533,0.0013364397274914343,1,0.7495750154777657
2026-07-16 14:25:00+00:00,1.6871726742423507,1.6871138865710533,5.87876712973019e-05,1,0.7501426491731294
2026-07-16 14:30:00+00:00,1.6900081995879226,1.6871138865710533,0.002894313016869232,1,0.7488840467030092
2026-07-16 14:35:00+00:00,1.690002320820793,1.6871138865710533,0.0028884342497396426,1,0.7488866517378446
2026-07-16 14:40:00+00:00,1.6882156498339043,1.6882156498339043,0.0,0,0.0
2026-07-17 17:10:00+00:00,1.6878358013126917,1.6878358013126917,0.0,1,0.7501687879772948
2026-07-17 17:15:00+00:00,1.6844803972120546,1.6878358013126917,-0.0033554041006372635,1,0.7516630881968255
2026-07-17 17:20:00+00:00,1.6833060057768316,1.6878358013126917,-0.0045297955358601085,1,0.7521875006862493
2026-07-17 17:25:00+00:00,1.682634924956704,1.6878358013126917,-0.005200876355987589,1,0.7524874936302702
2026-07-17 17:30:00+00:00,1.684144856801991,1.6878358013126917,-0.003690944510700793,1,0.7518128457071872
2026-07-17 17:35:00+00:00,1.683977086596959,1.6878358013126917,-0.0038587147157327687,1,0.7518877468422881
2026-07-17 17:40:00+00:00,1.6832616976656827,1.6832616976656827,0.0,0,0.0
2026-07-20 11:35:00+00:00,1.6821257516459553,1.6821257516459553,0.0,3,2.251012879815685
2026-07-20 11:40:00+00:00,1.688175120066254,1.6821257516459553,0.006049368420298607,3,2.242946651337973
2026-07-20 11:45:00+00:00,1.6859861003336027,1.6821257516459553,0.0038603486876474997,3,2.2458588073030143
2026-07-20 11:50:00+00:00,1.690741050454995,1.6821257516459553,0.008615298809039502,3,2.2395426735547144
2026-07-20 11:55:00+00:00,1.6893744458428908,1.6821257516459553,0.007248694196935464,3,2.2413543319198657
2026-07-20 12:00:00+00:00,1.692204375596838,1.6821257516459553,0.010078623950882505,3,2.237606040398753
2026-07-20 12:05:00+00:00,1.6811860387119717,1.6811860387119717,0.0,0,0.0
2026-07-21 13:50:00+00:00,1.6808077718532615,1.6808077718532615,0.0,1,0.7501687879772949
2026-07-21 13:55:00+00:00,1.6823236348346644,1.6808077718532615,0.001515862981402848,1,0.7494928460408253
2026-07-21 14:00:00+00:00,1.6831146844304525,1.6808077718532615,0.002306912577191115,1,0.7491405907736167
2026-07-21 14:05:00+00:00,1.6844526558759603,1.6808077718532615,0.0036448840226989045,1,0.7485455436432451
2026-07-21 14:10:00+00:00,1.683860314910693,1.6808077718532615,0.003052543057431416,1,0.7488088636977306
2026-07-21 14:15:00+00:00,1.6862031842876926,1.6808077718532615,0.0053954124344309995,1,0.7477684426071226
2026-07-21 14:20:00+00:00,1.6841406252274238,1.6841406252274238,0.0,0,0.0
2026-07-22 13:35:00+00:00,1.6837616935867477,1.6837616935867477,0.0,1,0.7501687879772949
2026-07-22 13:40:00+00:00,1.6848478306820707,1.6837616935867477,0.0010861370953230934,1,0.7496851916942728
2026-07-22 13:45:00+00:00,1.6876809473222805,1.6837616935867477,0.003919253735532782,1,0.7484266922161115
2026-07-22 13:50:00+00:00,1.6890942341451103,1.6837616935867477,0.005332540558362693,1,0.7478004739977429
2026-07-22 13:55:00+00:00,1.6891923790633625,1.6837616935867477,0.005430685476614907,1,0.7477570255324886
2026-07-22 14:00:00+00:00,1.6893755829107664,1.6837616935867477,0.005613889324018758,1,0.7476759352377154
2026-07-22 14:05:00+00:00,1.6903445081474187,1.6903445081474187,0.0,0,0.0
2026-07-22 16:35:00+00:00,1.6899641806330854,1.6899641806330854,0.0,1,0.7501687879772949
2026-07-22 16:40:00+00:00,1.6926599404283846,1.6899641806330854,0.0026957597952992525,1,0.748974056058605
2026-07-22 16:45:00+00:00,1.6927262296036787,1.6899641806330854,0.0027620489705931918,1,0.7489447253424948
2026-07-22 16:50:00+00:00,1.6915551208401474,1.6899641806330854,0.0015909402070618632,1,0.7494632397677378
2026-07-22 16:55:00+00:00,1.6920412414589714,1.6899641806330854,0.0020770608258860557,1,0.7492479202323891
2026-07-22 17:00:00+00:00,1.693035579088385,1.6899641806330854,0.00307139845529965,1,0.7488078790365341
2026-07-22 17:05:00+00:00,1.6930308902340525,1.6930308902340525,0.0,0,0.0
2026-07-24 15:15:00+00:00,1.6926499582837498,1.6926499582837498,0.0,1,0.750168787977295
2026-07-24 15:20:00+00:00,1.6893932506452731,1.6926499582837498,-0.003256707638476691,1,0.7516149168883814
2026-07-24 15:25:00+00:00,1.6911073072971028,1.6926499582837498,-0.0015426509866469723,1,0.7508531021044538
2026-07-24 15:30:00+00:00,1.6931641752792987,1.6926499582837498,0.0005142169955490848,1,0.7499409603714784
2026-07-24 15:35:00+00:00,1.6945354206007626,1.6926499582837498,0.0018854623170127469,1,0.749334096082434
2026-07-24 15:40:00+00:00,1.6953924489266774,1.6926499582837498,0.0027424906429276063,1,0.748955304407195
2026-07-24 15:45:00+00:00,1.692097620668264,1.692097620668264,0.0,0,0.0
2026-07-24 19:05:00+00:00,1.6917168987036137,1.6917168987036137,0.0,1,0.7501687879772949
2026-07-24 19:10:00+00:00,1.6914249977180775,1.6917168987036137,-0.00029190098553630935,1,0.750298249826815
2026-07-24 19:15:00+00:00,1.691312728108256,1.6917168987036137,-0.0004041705953577934,1,0.750348054744828
2026-07-24 19:20:00+00:00,1.6918291683134352,1.6917168987036137,0.00011226960982148405,1,0.7501190068535835
2026-07-24 19:25:00+00:00,1.6917393526255782,1.6917168987036137,2.2453921964353166e-05,1,0.7501588312239693
2026-07-24 19:30:00+00:00,1.6923231545966502,1.6917168987036137,0.0006062558930364084,1,0.7499000483767949
2026-07-24 19:35:00+00:00,1.6924139649932504,1.6924139649932504,0.0,0,0.0
2026-07-26 22:05:00+00:00,1.691271842582973,1.691271842582973,0.0,3,2.2510128798156854
2026-07-26 22:10:00+00:00,1.6905336486050195,1.691271842582973,-0.0007381939779532976,3,2.251995814496427
2026-07-26 22:15:00+00:00,1.6922296812117648,1.691271842582973,0.000957838628791938,3,2.2497387578013193
2026-07-26 22:20:00+00:00,1.6940294592281464,1.691271842582973,0.00275761664517343,3,2.2473485807374933
2026-07-26 22:25:00+00:00,1.6940424972936,1.691271842582973,0.00277065471062704,3,2.247331284195087
2026-07-26 22:30:00+00:00,1.6960786883014796,1.691271842582973,0.0048068457185067096,3,2.2446332986687274
2026-07-26 22:35:00+00:00,1.7008288411576145,1.7008288411576145,0.0,0,0.0
2026-07-27 14:50:00+00:00,1.700446154668354,1.700446154668354,0.0,1,0.7501687879772949
2026-07-27 14:55:00+00:00,1.6990930688758659,1.700446154668354,-0.0013530857924880916,1,0.7507661906432076
2026-07-27 15:00:00+00:00,1.7007844261164762,1.700446154668354,0.0003382714481220937,1,0.7500195858336555
2026-07-27 15:05:00+00:00,1.7024757833570863,1.700446154668354,0.002029628688732279,1,0.7492744644818571
2026-07-27 15:10:00+00:00,1.6985856617036827,1.700446154668354,-0.0018604929646712323,1,0.7509904620228346
2026-07-27 15:15:00+00:00,1.7019683761849032,1.700446154668354,0.0015222215165491386,1,0.7494978453874788
2026-07-27 15:20:00+00:00,1.7000634681790936,1.7000634681790936,0.0,0,0.0
2026-07-28 11:20:00+00:00,1.6996809538987534,1.6996809538987534,0.0,1,0.7501687879772948
2026-07-28 11:25:00+00:00,1.6973214526281983,1.6996809538987534,-0.002359501270555047,1,0.7512116217938488
2026-07-28 11:30:00+00:00,1.6972291592111528,1.6996809538987534,-0.0024517946876005765,1,0.7512524718388315
2026-07-28 11:35:00+00:00,1.6982825079926507,1.6996809538987534,-0.0013984459061027019,1,0.7507865123344001
2026-07-28 11:40:00+00:00,1.697806996257003,1.6996809538987534,-0.0018739576417502483,1,0.750996788177513
2026-07-28 11:45:00+00:00,1.6961958742159693,1.6996809538987534,-0.0034850796827840887,1,0.7517101182218616
2026-07-28 11:50:00+00:00,1.6978197385670535,1.6978197385670535,0.0,0,0.0
2026-07-28 14:25:00+00:00,1.697437729125876,1.697437729125876,0.0,1,0.7501687879772948
2026-07-28 14:30:00+00:00,1.6968412279310854,1.697437729125876,-0.0005965011947906481,1,0.7504324994966505
2026-07-28 14:35:00+00:00,1.6963253350058611,1.697437729125876,-0.0011123941200149427,1,0.7506607238881393
2026-07-28 14:40:00+00:00,1.6976130521121826,1.697437729125876,0.00017532298630664915,1,0.7500913134126532
2026-07-28 14:45:00+00:00,1.7002469273202614,1.697437729125876,0.0028091981943853825,1,0.7489293369476779
2026-07-28 14:50:00+00:00,1.703007760552907,1.697437729125876,0.00557003142703101,1,0.7477152091848795
2026-07-28 14:55:00+00:00,1.7020111130562863,1.7020111130562863,0.0,0,0.0
2026-07-29 02:30:00+00:00,1.7016281605558485,1.7016281605558485,0.0,1,0.7501687879772948
2026-07-29 02:35:00+00:00,1.7000693308390058,1.7016281605558485,-0.0015588297168426313,1,0.7508566336893105
2026-07-29 02:40:00+00:00,1.7050922265932764,1.7016281605558485,0.003464066037427975,1,0.7486447447729208
2026-07-29 02:45:00+00:00,1.703706600178305,1.7016281605558485,0.002078439622456558,1,0.7492536183510816
2026-07-29 02:50:00+00:00,1.6997229242352632,1.7016281605558485,-0.0019052363205853437,1,0.751009659628224
2026-07-29 02:55:00+00:00,1.701281753952106,1.7016281605558485,-0.00034640660374271246,1,0.7503215336477126
2026-07-29 03:00:00+00:00,1.700552394847925,1.700552394847925,0.0,0,0.0
2026-07-29 08:00:00+00:00,1.7001697705590844,1.7001697705590844,0.0,1,0.7501687879772949
2026-07-29 08:05:00+00:00,1.6974918466369016,1.7001697705590844,-0.002677923922182787,1,0.7513522369269787
2026-07-29 08:10:00+00:00,1.6956093456619021,1.7001697705590844,-0.004560424897182276,1,0.7521864039019377
2026-07-29 08:15:00+00:00,1.693554503048346,1.7001697705590844,-0.006615267510738199,1,0.7530990551766933
2026-07-29 08:20:00+00:00,1.694482496486726,1.7001697705590844,-0.005687274072358274,1,0.7526866159906274
2026-07-29 08:25:00+00:00,1.6936937020641032,1.7001697705590844,-0.0064760684949812745,1,0.7530371604863367
2026-07-29 08:30:00+00:00,1.6919787443387309,1.6919787443387309,0.0,0,0.0
2026-07-29 20:15:00+00:00,1.6912174395602022,1.6912174395602022,0.0,2,1.5005064019177266
2026-07-29 20:20:00+00:00,1.6929162297346427,1.6912174395602022,0.0016987901744406188,2,1.499000689179263
2026-07-29 20:25:00+00:00,1.691641342094534,1.6912174395602022,0.0004239025343317325,2,1.500130395224862
2026-07-29 20:30:00+00:00,1.6860304505653114,1.6912174395602022,-0.005186988994890847,2,1.5051226353854559
2026-07-29 20:35:00+00:00,1.6900507261138238,1.6912174395602022,-0.0011667134463784837,2,1.5015422649060048
2026-07-29 20:40:00+00:00,1.6958064932996582,1.6912174395602022,0.004589053739455857,2,1.4964458534164646
2026-07-29 20:45:00+00:00,1.6915574281540924,1.6915574281540924,0.0,0,0.0
2026-07-30 10:05:00+00:00,1.6911768277327577,1.6911768277327577,0.0,1,0.7501687879772949
2026-07-30 10:10:00+00:00,1.6893030650392777,1.6911768277327577,-0.0018737626934798442,1,0.7510008697498407
2026-07-30 10:15:00+00:00,1.6889326700882412,1.6911768277327577,-0.00224415764451642,1,0.7511655695838281
2026-07-30 10:20:00+00:00,1.6887365786435748,1.6911768277327577,-0.002440249089182909,1,0.7512527928628084
2026-07-30 10:25:00+00:00,1.6879957887415016,1.6911768277327577,-0.0031810389912562014,1,0.7515824859145145
2026-07-30 10:30:00+00:00,1.69122040360935,1.6911768277327577,4.3575876592521764e-05,1,0.7501494591763541
2026-07-30 10:35:00+00:00,1.698051610764083,1.698051610764083,0.0,0,0.0
2026-07-30 13:45:00+00:00,1.697287573503102,1.697287573503102,0.0,2,1.5005064019177263
2026-07-30 13:50:00+00:00,1.702754872824914,1.697287573503102,0.005467299321811905,2,1.4956884931485275
2026-07-30 13:55:00+00:00,1.6971156274679675,1.697287573503102,-0.00017194603513467574,2,1.5006584281688125
2026-07-30 14:00:00+00:00,1.6969705108057938,1.697287573503102,-0.0003170626973083297,2,1.5007867571767546
2026-07-30 14:05:00+00:00,1.691699638641925,1.697287573503102,-0.005587934861177186,2,1.5054627971554924
2026-07-30 14:10:00+00:00,1.6862494106748118,1.697287573503102,-0.011038162828290302,2,1.5103286938541436
2026-07-30 14:15:00+00:00,1.6831571823712328,1.6831571823712328,0.0,0,0.0
2026-07-31 14:15:00+00:00,1.6827784720051993,1.6827784720051993,0.0,1,0.7501687879772949
2026-07-31 14:20:00+00:00,1.6851842915552806,1.6827784720051993,0.0024058195500813,1,0.7490978245550624
2026-07-31 14:25:00+00:00,1.6834658490195082,1.6827784720051993,0.000687377014309063,1,0.7498624860811157
2026-07-31 14:30:00+00:00,1.679685275440809,1.6827784720051993,-0.003093196564390223,1,0.7515502488685772
2026-07-31 14:35:00+00:00,1.6795134311872317,1.6827784720051993,-0.0032650408179675586,1,0.7516271458966953
2026-07-31 14:40:00+00:00,1.6755610133549552,1.6827784720051993,-0.00721745865024404,1,0.7534001308915639
2026-07-31 14:45:00+00:00,1.6736357047067265,1.6736357047067265,0.0,0,0.0
