timestamp,equity,realized_equity,unrealized_pnl,active_positions,gross_exposure_ratio
2024-01-09 21:15:00+00:00,0.9988754218222656,0.9988754218222656,0.0,3,3.7528142588017888
2024-01-09 21:20:00+00:00,0.8791098878721466,0.9988754218222656,-0.11976553395011907,3,4.26407890241638
2024-01-09 21:25:00+00:00,0.8701986808345035,0.9988754218222656,-0.12867674098776216,3,4.307744895897132
2024-01-09 21:30:00+00:00,0.8459724310991426,0.9988754218222656,-0.15290299072312313,3,4.431106485244244
2024-01-09 21:35:00+00:00,0.8417235333775257,0.9988754218222656,-0.15715188844473993,3,4.453474064981321
2024-01-09 21:40:00+00:00,0.8739915698680607,0.9988754218222656,-0.12488385195420496,3,4.289050438263546
2024-01-09 21:45:00+00:00,0.8587740034087237,0.8587740034087237,0.0,0,0.0
2024-01-11 08:50:00+00:00,0.8584519631574454,0.8584519631574454,0.0,1,1.2504689258471926
2024-01-11 08:55:00+00:00,0.8610086498141482,0.8584519631574454,0.0025566866567027042,1,1.2467557724218177
2024-01-11 09:00:00+00:00,0.85712248609596,0.8584519631574454,-0.0013294770614854109,1,1.2524085199891997
2024-01-11 09:05:00+00:00,0.8555202957910931,0.8584519631574454,-0.0029316673663522703,1,1.254753989521987
2024-01-11 09:10:00+00:00,0.8538840163308034,0.8584519631574454,-0.004567946826642034,1,1.2571584474360653
2024-01-11 09:15:00+00:00,0.8518045778500185,0.8584519631574454,-0.006647385307426935,1,1.260227442038842
2024-01-11 09:20:00+00:00,0.8515848050650083,0.8515848050650083,0.0,0,0.0
2024-01-12 14:30:00+00:00,0.8512654607631089,0.8512654607631089,0.0,1,1.2504689258471928
2024-01-12 14:35:00+00:00,0.8431461297361089,0.8512654607631089,-0.008119331027000068,1,1.2625106951085996
2024-01-12 14:40:00+00:00,0.8428343032163553,0.8512654607631089,-0.008431157546753556,1,1.2629777908529294
2024-01-12 14:45:00+00:00,0.848320871095563,0.8512654607631089,-0.002944589667545939,1,1.2548094036122648
2024-01-12 14:50:00+00:00,0.8451197153041692,0.8512654607631089,-0.006145745458939806,1,1.2595623874993147
2024-01-12 14:55:00+00:00,0.8502391962677175,0.8512654607631089,-0.0010262644953914733,1,1.2519782797640913
2024-01-12 15:00:00+00:00,0.8547432950941576,0.8547432950941576,0.0,0,0.0
2024-01-12 22:35:00+00:00,0.8537820694369298,0.8537820694369298,0.0,3,3.7528142588017896
2024-01-12 22:40:00+00:00,0.8497913185891005,0.8537820694369298,-0.0039907508478292586,3,3.7704380522643124
2024-01-12 22:45:00+00:00,0.8492986876893015,0.8537820694369298,-0.004483381747628304,3,3.772625073529324
2024-01-12 22:50:00+00:00,0.8673794261205828,0.8537820694369298,0.013597356683652993,3,3.693983771811044
2024-01-12 22:55:00+00:00,0.8664679009258605,0.8537820694369298,0.0126858314889307,3,3.6978698468442954
2024-01-12 23:00:00+00:00,0.8664889811196272,0.8537820694369298,0.01270691168269742,3,3.6977798840004574
2024-01-12 23:05:00+00:00,0.8747339555513183,0.8747339555513183,0.0,0,0.0
2024-01-15 12:25:00+00:00,0.8744059303179865,0.8744059303179865,0.0,1,1.2504689258471926
2024-01-15 12:30:00+00:00,0.8691339739484304,0.8744059303179865,-0.005271956369556173,1,1.2580539677580538
2024-01-15 12:35:00+00:00,0.8614999072574494,0.8744059303179865,-0.012906023060537153,1,1.2692020454418835
2024-01-15 12:40:00+00:00,0.8637593171301164,0.8744059303179865,-0.010646613187870047,1,1.2658820839954374
2024-01-15 12:45:00+00:00,0.8641016519593082,0.8744059303179865,-0.01030427835867828,1,1.2653805741024533
2024-01-15 12:50:00+00:00,0.8656763921735915,0.8744059303179865,-0.008729538144395076,1,1.263078737417952
2024-01-15 12:55:00+00:00,0.8678131777104419,0.8678131777104419,0.0,0,0.0
2024-01-17 11:40:00+00:00,0.8674877477688004,0.8674877477688004,0.0,1,1.2504689258471926
2024-01-17 11:45:00+00:00,0.8677999307461047,0.8674877477688004,0.0003121829773042839,1,1.250019081247687
2024-01-17 11:50:00+00:00,0.8680427397284528,0.8674877477688004,0.0005549919596523278,1,1.2496694258135221
2024-01-17 11:55:00+00:00,0.8700198985847143,0.8674877477688004,0.002532150815913836,1,1.2468294965467712
2024-01-17 12:00:00+00:00,0.8680080527309744,0.8674877477688004,0.000520304962173967,1,1.2497193646131517
2024-01-17 12:05:00+00:00,0.8735232853300201,0.8674877477688004,0.006035537561219607,1,1.241828913270725
2024-01-17 12:10:00+00:00,0.8691394766834205,0.8691394766834205,0.0,0,0.0
2024-01-19 16:50:00+00:00,0.8688135493796643,0.8688135493796643,0.0,1,1.2504689258471928
2024-01-19 16:55:00+00:00,0.8609398460403648,0.8688135493796643,-0.007873703339299506,1,1.2619050574217925
2024-01-19 17:00:00+00:00,0.863727430452415,0.8688135493796643,-0.0050861189272492936,1,1.2578323989145668
2024-01-19 17:05:00+00:00,0.8640697653802105,0.8688135493796643,-0.004743783999453778,1,1.2573340595666185
2024-01-19 17:10:00+00:00,0.8608787148032584,0.8688135493796643,-0.007934834576405822,1,1.2619946656510872
2024-01-19 17:15:00+00:00,0.8734472971523267,0.8688135493796643,0.004633747772662457,1,1.2438350309129258
2024-01-19 17:20:00+00:00,0.8787943486520409,0.8787943486520409,0.0,0,0.0
2024-01-22 14:35:00+00:00,0.8784648007712964,0.8784648007712964,0.0,1,1.2504689258471926
2024-01-22 14:40:00+00:00,0.8752782904709389,0.8784648007712964,-0.003186510300357592,1,1.2550213432393174
2024-01-22 14:45:00+00:00,0.8725483134842358,0.8784648007712964,-0.0059164872870606485,1,1.2589479789704474
2024-01-22 14:50:00+00:00,0.8673189318914636,0.8784648007712964,-0.011145868879832814,1,1.2665386346628447
2024-01-22 14:55:00+00:00,0.8718473734471094,0.8784648007712964,-0.006617427324187014,1,1.2599601366829043
2024-01-22 15:00:00+00:00,0.873069407064468,0.8784648007712964,-0.0053953937068283485,1,1.2581965728343723
2024-01-22 15:05:00+00:00,0.870766159605499,0.870766159605499,0.0,0,0.0
2024-01-22 18:55:00+00:00,0.8704396222956469,0.8704396222956469,0.0,1,1.2504689258471928
2024-01-22 19:00:00+00:00,0.8650517163996793,0.8704396222956469,-0.005387905895967578,1,1.258257372214697
2024-01-22 19:05:00+00:00,0.8721894328553186,0.8704396222956469,0.0017498105596716986,1,1.247960200507761
2024-01-22 19:10:00+00:00,0.8661343330049439,0.8704396222956469,-0.004305289290703005,1,1.2566846250403294
2024-01-22 19:15:00+00:00,0.856843971903953,0.8704396222956469,-0.013595650391693906,1,1.270310272578872
2024-01-22 19:20:00+00:00,0.8407431970419377,0.8704396222956469,-0.02969642525370916,1,1.294637534191763
2024-01-22 19:25:00+00:00,0.8459178627146506,0.8459178627146506,0.0,0,0.0
2024-01-23 09:35:00+00:00,0.8456006435161326,0.8456006435161326,0.0,1,1.2504689258471928
2024-01-23 09:40:00+00:00,0.8471433465026258,0.8456006435161326,0.0015427029864931363,1,1.2481917408177812
2024-01-23 09:45:00+00:00,0.8515561945802688,0.8456006435161326,0.005955551064136179,1,1.24172348827138
2024-01-23 09:50:00+00:00,0.8572606079489296,0.8456006435161326,0.01165996443279695,1,1.2334607686258072
2024-01-23 09:55:00+00:00,0.8535294193304345,0.8456006435161326,0.007928775814301812,1,1.2388528203548115
2024-01-23 10:00:00+00:00,0.8508027814938421,0.8456006435161326,0.0052021379777094845,1,1.2428230741520754
2024-01-23 10:05:00+00:00,0.8521000189090958,0.8521000189090958,0.0,0,0.0
2024-01-23 14:30:00+00:00,0.8517804814020049,0.8517804814020049,0.0,1,1.2504689258471928
2024-01-23 14:35:00+00:00,0.8436462755546501,0.8517804814020049,-0.008134205847354784,1,1.2625256040348307
2024-01-23 14:40:00+00:00,0.8465225928280441,0.8517804814020049,-0.005257888573960838,1,1.258235790350289
2024-01-23 14:45:00+00:00,0.8468281712230249,0.8517804814020049,-0.00495231017897996,1,1.25778175529762
2024-01-23 14:50:00+00:00,0.8446115152467334,0.8517804814020049,-0.007168966155271482,1,1.261082763387637
2024-01-23 14:55:00+00:00,0.8482978577893628,0.8517804814020049,-0.0034826236126420363,1,1.2556026327969891
2024-01-23 15:00:00+00:00,0.8510001510770855,0.8510001510770855,0.0,0,0.0
2024-01-25 10:05:00+00:00,0.8506810260204316,0.8506810260204316,0.0,1,1.2504689258471928
2024-01-25 10:10:00+00:00,0.8515568409272005,0.8506810260204316,0.0008758149067689516,1,1.2491828351565046
2024-01-25 10:15:00+00:00,0.8581984373035312,0.8506810260204316,0.0075174112830995584,1,1.2395154111311035
2024-01-25 10:20:00+00:00,0.8586363447569155,0.8506810260204316,0.007955318736483915,1,1.2388832540596801
2024-01-25 10:25:00+00:00,0.8615192354916966,0.8506810260204316,0.01083820947126498,1,1.2347375949641342
2024-01-25 10:30:00+00:00,0.8603149899948891,0.8506810260204316,0.009633963974457524,1,1.2364659470279327
2024-01-25 10:35:00+00:00,0.8591930346070306,0.8591930346070306,0.0,0,0.0
2024-01-28 10:45:00+00:00,0.8588708372190529,0.8588708372190529,0.0,1,1.2504689258471928
2024-01-28 10:50:00+00:00,0.8598999172914671,0.8588708372190529,0.0010290800724141976,1,1.2489724346545714
2024-01-28 10:55:00+00:00,0.857137649728671,0.8588708372190529,-0.0017331874903818503,1,1.252997454491426
2024-01-28 11:00:00+00:00,0.8568343419178541,0.8588708372190529,-0.0020364953011987605,1,1.2534409987056205
2024-01-28 11:05:00+00:00,0.8561302344998865,0.8588708372190529,-0.0027406027191664135,1,1.2544718665217642
2024-01-28 11:10:00+00:00,0.8532921399843861,0.8588708372190529,-0.005578697234666778,1,1.258644305897908
2024-01-28 11:15:00+00:00,0.850998441826099,0.850998441826099,0.0,0,0.0
2024-01-29 15:50:00+00:00,0.8506793174104141,0.8506793174104141,0.0,1,1.2504689258471928
2024-01-29 15:55:00+00:00,0.8549181888345083,0.8506793174104141,0.004238871424094183,1,1.2442688273281548
2024-01-29 16:00:00+00:00,0.8585461197152721,0.8506793174104141,0.007866802304857876,1,1.2390109603376982
2024-01-29 16:05:00+00:00,0.8597906282294633,0.8506793174104141,0.009111310819049178,1,1.237217547338429
2024-01-29 16:10:00+00:00,0.8586416577426241,0.8506793174104141,0.007962340332209985,1,1.2388730999602628
2024-01-29 16:15:00+00:00,0.8565800476787111,0.8506793174104141,0.005900730268296935,1,1.241854809909859
2024-01-29 16:20:00+00:00,0.8623024464137371,0.8623024464137371,0.0,0,0.0
2024-01-30 14:20:00+00:00,0.861979082996332,0.861979082996332,0.0,1,1.2504689258471926
2024-01-30 14:25:00+00:00,0.8636429029984167,0.861979082996332,0.001663820002084813,1,1.2480598801599223
2024-01-30 14:30:00+00:00,0.8672375758424267,0.861979082996332,0.005258492846094671,1,1.2428867106803236
2024-01-30 14:35:00+00:00,0.8676689365837078,0.861979082996332,0.005689853587375892,1,1.2422688107991104
2024-01-30 14:40:00+00:00,0.8638688538628971,0.861979082996332,0.0018897708665651565,1,1.2477334414793466
2024-01-30 14:45:00+00:00,0.8628623454665744,0.861979082996332,0.0008832624702423866,1,1.2491888928521175
2024-01-30 14:50:00+00:00,0.8644184824218947,0.8644184824218947,0.0,0,0.0
2024-01-30 18:35:00+00:00,0.8640943254909864,0.8640943254909864,0.0,1,1.2504689258471928
2024-01-30 18:40:00+00:00,0.8621915963377959,0.8640943254909864,-0.0019027291531905262,1,1.2532285255585267
2024-01-30 18:45:00+00:00,0.860942788421024,0.8640943254909864,-0.0031515370699623864,1,1.2550463486767296
2024-01-30 18:50:00+00:00,0.8601980447906583,0.8640943254909864,-0.0038962807003281425,1,1.2561329446991818
2024-01-30 18:55:00+00:00,0.8620417393877832,0.8640943254909864,-0.0020525861032032067,1,1.253446386244301
2024-01-30 19:00:00+00:00,0.8625230980757025,0.8640943254909864,-0.0015712274152839048,1,1.2527468602731058
2024-01-30 19:05:00+00:00,0.8616540067811121,0.8616540067811121,0.0,0,0.0
2024-01-31 21:35:00+00:00,0.8613308865285693,0.8613308865285693,0.0,1,1.2504689258471926
2024-01-31 21:40:00+00:00,0.8619055332368831,0.8613308865285693,0.0005746467083138813,1,1.2496352174831353
2024-01-31 21:45:00+00:00,0.8627675032993538,0.8613308865285693,0.0014366167707845837,1,1.2483867372815047
2024-01-31 21:50:00+00:00,0.8607921552395252,0.8613308865285693,-0.0005387312890440695,1,1.251251538388711
2024-01-31 21:55:00+00:00,0.8608280706587947,0.8613308865285693,-0.0005028158697744967,1,1.2511993337439689
2024-01-31 22:00:00+00:00,0.8637731350389029,0.8613308865285693,0.002442248510333577,1,1.246933326339075
2024-01-31 22:05:00+00:00,0.8606126966640606,0.8606126966640606,0.0,0,0.0
2024-02-01 12:15:00+00:00,0.8602899669028116,0.8602899669028116,0.0,1,1.2504689258471926
2024-02-01 12:20:00+00:00,0.8596622964786756,0.8602899669028116,-0.0006276704241359688,1,1.2513819382757594
2024-02-01 12:25:00+00:00,0.8588509176377194,0.8602899669028116,-0.001439049265092195,1,1.2525641514000867
2024-02-01 12:30:00+00:00,0.8612569875969072,0.8602899669028116,0.0009670206940956456,1,1.2490648973794622
2024-02-01 12:35:00+00:00,0.8594734850502771,0.8602899669028116,-0.0008164818525345168,1,1.2516568451988324
2024-02-01 12:40:00+00:00,0.8605986991033012,0.8602899669028116,0.0003087322004896937,1,1.2500203311380407
2024-02-01 12:45:00+00:00,0.8603831325851973,0.8603831325851973,0.0,0,0.0
2024-02-04 14:15:00+00:00,0.8600604889104778,0.8600604889104778,0.0,1,1.2504689258471926
2024-02-04 14:20:00+00:00,0.8648153199741231,0.8600604889104778,0.004754831063645295,1,1.2435937371734775
2024-02-04 14:25:00+00:00,0.8671572516920377,0.8600604889104778,0.007096762781559941,1,1.2402351633835407
2024-02-04 14:30:00+00:00,0.8701733758742007,0.8600604889104778,0.010112886963722893,1,1.2359363611315275
2024-02-04 14:35:00+00:00,0.871557244616605,0.8600604889104778,0.011496755706127144,1,1.2339739269846768
2024-02-04 14:40:00+00:00,0.8668733811807754,0.8600604889104778,0.006812892270297611,1,1.2406412967330682
2024-02-04 14:45:00+00:00,0.8650249335080205,0.8650249335080205,0.0,0,0.0
2024-02-04 20:55:00+00:00,0.8647005491579549,0.8647005491579549,0.0,1,1.2504689258471926
2024-02-04 21:00:00+00:00,0.8623767246474693,0.8647005491579549,-0.0023238245104856333,1,1.2538385324894317
2024-02-04 21:05:00+00:00,0.8640118350389198,0.8647005491579549,-0.000688714119035168,1,1.251465689513754
2024-02-04 21:10:00+00:00,0.8630139023358283,0.8647005491579549,-0.0016866468221266113,1,1.2529128023991691
2024-02-04 21:15:00+00:00,0.8621424681443961,0.8647005491579549,-0.0025580810135587837,1,1.2541792184443545
2024-02-04 21:20:00+00:00,0.8634261937812369,0.8647005491579549,-0.0012743553767180441,1,1.25231452864515
2024-02-04 21:25:00+00:00,0.8631439756017246,0.8631439756017246,0.0,0,0.0
2024-02-05 00:25:00+00:00,0.862820296610874,0.862820296610874,0.0,1,1.2504689258471926
2024-02-05 00:30:00+00:00,0.8645470920284857,0.862820296610874,0.0017267954176116806,1,1.2479713128994092
2024-02-05 00:35:00+00:00,0.86091729757922,0.862820296610874,-0.0019029990316540065,1,1.2532330022128224
2024-02-05 00:40:00+00:00,0.8593314650528419,0.862820296610874,-0.0034888315580321855,1,1.25554575083063
2024-02-05 00:45:00+00:00,0.8587323727650988,0.862820296610874,-0.004087923845775136,1,1.2564216788846863
2024-02-05 00:50:00+00:00,0.8581685212001643,0.862820296610874,-0.004651775410709741,1,1.257247198945555
2024-02-05 00:55:00+00:00,0.8591839896760333,0.8591839896760333,0.0,0,0.0
2024-02-06 16:25:00+00:00,0.8588617956799047,0.8588617956799047,0.0,1,1.2504689258471926
2024-02-06 16:30:00+00:00,0.8593264499384398,0.8588617956799047,0.0004646542585350041,1,1.2497927733656737
2024-02-06 16:35:00+00:00,0.8590759010735436,0.8588617956799047,0.00021410539363890513,1,1.25015727452364
2024-02-06 16:40:00+00:00,0.8563836396343847,0.8588617956799047,-0.0024781560455200617,1,1.2540874642976074
2024-02-06 16:45:00+00:00,0.8557823223586337,0.8588617956799047,-0.003079473321271033,1,1.2549686515316536
2024-02-06 16:50:00+00:00,0.8534453847642369,0.8588617956799047,-0.00541641091566777,1,1.2584050558686037
2024-02-06 16:55:00+00:00,0.8543759350925901,0.8543759350925901,0.0,0,0.0
2024-02-07 14:50:00+00:00,0.8540555441169304,0.8540555441169304,0.0,1,1.2504689258471926
2024-02-07 14:55:00+00:00,0.8490665646819261,0.8540555441169304,-0.00498897943500433,1,1.2578164814036885
2024-02-07 15:00:00+00:00,0.8478446226629616,0.8540555441169304,-0.006210921453968844,1,1.2596292885734102
2024-02-07 15:05:00+00:00,0.8473854686921991,0.8540555441169304,-0.006670075424731274,1,1.2603118159601847
2024-02-07 15:10:00+00:00,0.8464054465072923,0.8540555441169304,-0.007650097609638057,1,1.2617710853264652
2024-02-07 15:15:00+00:00,0.8474619943539928,0.8540555441169304,-0.006593549762937555,1,1.2601980100356414
2024-02-07 15:20:00+00:00,0.8477710886608301,0.8477710886608301,0.0,0,0.0
2024-02-08 02:40:00+00:00,0.8474531745025823,0.8474531745025823,0.0,1,1.2504689258471926
2024-02-08 02:45:00+00:00,0.8478603391519777,0.8474531745025823,0.0004071646493953773,1,1.2498684180533244
2024-02-08 02:50:00+00:00,0.8477585479896289,0.8474531745025823,0.0003053734870465918,1,1.2500184909241416
2024-02-08 02:55:00+00:00,0.845858446292451,0.8474531745025823,-0.0015947282101312476,1,1.252826481157637
2024-02-08 03:00:00+00:00,0.8472835225653342,0.8474531745025823,-0.00016965193724801506,1,1.2507193077678702
2024-02-08 03:05:00+00:00,0.8464691932665438,0.8474531745025823,-0.0009839812360385345,1,1.2519225380625816
2024-02-08 03:10:00+00:00,0.8459137663961487,0.8459137663961487,0.0,0,0.0
2024-02-08 13:50:00+00:00,0.8455965487337501,0.8455965487337501,0.0,1,1.2504689258471926
2024-02-08 13:55:00+00:00,0.8510092946067986,0.8455965487337501,0.005412745873048527,1,1.2425154633402031
2024-02-08 14:00:00+00:00,0.8487232295884467,0.8455965487337501,0.0031266808546965615,1,1.2458622211953885
2024-02-08 14:05:00+00:00,0.8560427382122281,0.8455965487337501,0.010446189478478,1,1.2352095997022985
2024-02-08 14:10:00+00:00,0.8551713681379685,0.8455965487337501,0.009574819404218383,1,1.2364682067145543
2024-02-08 14:15:00+00:00,0.8594564586207984,0.8455965487337501,0.01385990988704832,1,1.2303034055873199
2024-02-08 14:20:00+00:00,0.8563406053081304,0.8563406053081304,0.0,0,0.0
2024-02-09 08:55:00+00:00,0.8560194775811398,0.8560194775811398,0.0,1,1.2504689258471926
2024-02-09 09:00:00+00:00,0.8567152476965708,0.8560194775811398,0.0006957701154310244,1,1.2494533738172517
2024-02-09 09:05:00+00:00,0.8556881584785538,0.8560194775811398,-0.00033131910258600404,1,1.2509531025162492
2024-02-09 09:10:00+00:00,0.8546610692605369,0.8560194775811398,-0.0013584083206029135,1,1.2524564358141506
2024-02-09 09:15:00+00:00,0.8544622777989853,0.8560194775811398,-0.001557199782154516,1,1.25274782099507
2024-02-09 09:20:00+00:00,0.8528719461065719,0.8560194775811398,-0.0031475314745679295,1,1.2550837924986762
2024-02-09 09:25:00+00:00,0.8524514226488056,0.8524514226488056,0.0,0,0.0
2024-02-12 15:10:00+00:00,0.8521317533653123,0.8521317533653123,0.0,1,1.2504689258471926
2024-02-12 15:15:00+00:00,0.8519729479809629,0.8521317533653123,-0.00015880538434942163,1,1.2507020097718133
2024-02-12 15:20:00+00:00,0.8440029027539305,0.8521317533653123,-0.008128850611381754,1,1.2625125752934439
2024-02-12 15:25:00+00:00,0.8481913947661444,0.8521317533653123,-0.0039403585991680205,1,1.2562781052557066
2024-02-12 15:30:00+00:00,0.8502360140896421,0.8521317533653123,-0.0018957392756702373,1,1.2532570493993005
2024-02-12 15:35:00+00:00,0.8571043469627508,0.8521317533653123,0.004972593597438492,1,1.24321418049851
2024-02-12 15:40:00+00:00,0.8626604769001829,0.8626604769001829,0.0,0,0.0
2024-02-12 17:30:00+00:00,0.8623369792213453,0.8623369792213453,0.0,1,1.2504689258471928
2024-02-12 17:35:00+00:00,0.8688933117440687,0.8623369792213453,0.006556332522723389,1,1.2410333714743198
2024-02-12 17:40:00+00:00,0.8625721839755237,0.8623369792213453,0.0002352047541783778,1,1.2501279500520355
2024-02-12 17:45:00+00:00,0.8556238435291696,0.8623369792213453,-0.006713135692175681,1,1.260279974991682
2024-02-12 17:50:00+00:00,0.8598967298967441,0.8623369792213453,-0.0024402493246011786,1,1.254017556567186
2024-02-12 17:55:00+00:00,0.863189596455242,0.8623369792213453,0.0008526172338965896,1,1.2492337726884801
2024-02-12 18:00:00+00:00,0.8595340314255436,0.8595340314255436,0.0,0,0.0
2024-02-12 20:55:00+00:00,0.8592117061637591,0.8592117061637591,0.0,1,1.2504689258471926
2024-02-12 21:00:00+00:00,0.8582773452613147,0.8592117061637591,-0.0009343609024443161,1,1.251830244866603
2024-02-12 21:05:00+00:00,0.8564208107725451,0.8592117061637591,-0.002790895391214017,1,1.2545439412112578
2024-02-12 21:10:00+00:00,0.855604260592583,0.8592117061637591,-0.003607445571176087,1,1.2557412214588537
2024-02-12 21:15:00+00:00,0.8605807480077751,0.8592117061637591,0.0013690418440160306,1,1.2484796363027895
2024-02-12 21:20:00+00:00,0.8609301177365151,0.8592117061637591,0.0017184115727559423,1,1.24797299704963
2024-02-12 21:25:00+00:00,0.8589625047986874,0.8589625047986874,0.0,0,0.0
2024-02-12 22:40:00+00:00,0.858640393859388,0.858640393859388,0.0,1,1.2504689258471928
2024-02-12 22:45:00+00:00,0.8595690491147604,0.858640393859388,0.000928655255372427,1,1.249117952890612
2024-02-12 22:50:00+00:00,0.8596619146402975,0.858640393859388,0.0010215207809095028,1,1.248983016128639
2024-02-12 22:55:00+00:00,0.8583012328095999,0.858640393859388,-0.00033916104978802173,1,1.250963053476754
2024-02-12 23:00:00+00:00,0.8571464701877022,0.858640393859388,-0.0014939236716857568,1,1.2526483726442161
2024-02-12 23:05:00+00:00,0.8577359643932864,0.858640393859388,-0.00090442946610159,1,1.2517874679043404
2024-02-12 23:10:00+00:00,0.858334433446269,0.858334433446269,0.0,0,0.0
2024-02-13 00:10:00+00:00,0.8580125580337267,0.8580125580337267,0.0,1,1.2504689258471928
2024-02-13 00:15:00+00:00,0.8557275750175579,0.8580125580337267,-0.0022849830161687868,1,1.2538079560961
2024-02-13 00:20:00+00:00,0.8645830693623779,0.8580125580337267,0.006570511328651236,1,1.2409658248328914
2024-02-13 00:25:00+00:00,0.8678351406260537,0.8580125580337267,0.009822582592327015,1,1.2363155069220133
2024-02-13 00:30:00+00:00,0.8743298018960769,0.8580125580337267,0.016317243862350186,1,1.2271319580793194
2024-02-13 00:35:00+00:00,0.8703761175900919,0.8580125580337267,0.012363559556365283,1,1.2327062061152885
2024-02-13 00:40:00+00:00,0.8703766049267186,0.8703766049267186,0.0,0,0.0
2024-02-13 14:30:00+00:00,0.8700502136998711,0.8700502136998711,0.0,1,1.2504689258471926
2024-02-13 14:35:00+00:00,0.8739400523186547,0.8700502136998711,0.0038898386187835314,1,1.2449031867482188
2024-02-13 14:40:00+00:00,0.8728315260646438,0.8700502136998711,0.0027813123647726355,1,1.2464842568917713
2024-02-13 14:45:00+00:00,0.8691371790497741,0.8700502136998711,-0.0009130346500970226,1,1.251782552148873
2024-02-13 14:50:00+00:00,0.8654228385754131,0.8700502136998711,-0.004627375124457956,1,1.2571551242503893
2024-02-13 14:55:00+00:00,0.865513919890873,0.8700502136998711,-0.004536293808998131,1,1.2570228290442438
2024-02-13 15:00:00+00:00,0.8638701818331067,0.8638701818331067,0.0,0,0.0
2024-02-14 08:55:00+00:00,0.8635462305149193,0.8635462305149193,0.0,1,1.2504689258471928
2024-02-14 09:00:00+00:00,0.8756778620572842,0.8635462305149193,0.012131631542364844,1,1.2331449429981636
2024-02-14 09:05:00+00:00,0.8758541189294449,0.8635462305149193,0.012307888414525608,1,1.2328967849249455
2024-02-14 09:10:00+00:00,0.8796995280062152,0.8635462305149193,0.0161532974912959,1,1.2275074532991614
2024-02-14 09:15:00+00:00,0.8800821343872465,0.8635462305149193,0.016535903872327118,1,1.226973807442661
2024-02-14 09:20:00+00:00,0.8852473205311697,0.8635462305149193,0.02170109001625038,1,1.2198147367940688
2024-02-14 09:25:00+00:00,0.8858368956845459,0.8858368956845459,0.0,0,0.0
2024-02-15 00:25:00+00:00,0.8855047068486642,0.8855047068486642,0.0,1,1.2504689258471928
2024-02-15 00:30:00+00:00,0.8838093017640347,0.8855047068486642,-0.0016954050846294793,1,1.2528676914755033
2024-02-15 00:35:00+00:00,0.8861452401911113,0.8855047068486642,0.000640533342447062,1,1.2495650480127576
2024-02-15 00:40:00+00:00,0.8871345788190498,0.8855047068486642,0.0016298719703855124,1,1.248171524414831
2024-02-15 00:45:00+00:00,0.8859296151055351,0.8855047068486642,0.00042490825687094746,1,1.2498691777831328
2024-02-15 00:50:00+00:00,0.8859444129055256,0.8855047068486642,0.00043970605686134224,1,1.2498483014010058
2024-02-15 00:55:00+00:00,0.8849167274700891,0.8849167274700891,0.0,0,0.0
2024-02-15 14:35:00+00:00,0.8845848836972878,0.8845848836972878,0.0,1,1.2504689258471926
2024-02-15 14:40:00+00:00,0.8797674030987771,0.8845848836972878,-0.004817480598510686,1,1.25731631501857
2024-02-15 14:45:00+00:00,0.8806324550497271,0.8845848836972878,-0.003952428647560713,1,1.2560812436502242
2024-02-15 14:50:00+00:00,0.8838957745160225,0.8845848836972878,-0.0006891091812653009,1,1.2514438254253246
2024-02-15 14:55:00+00:00,0.8824924214721086,0.8845848836972878,-0.0020924622251792518,1,1.2534338906757074
2024-02-15 15:00:00+00:00,0.8811079194392323,0.8845848836972878,-0.0034769642580555374,1,1.2554034357580182
2024-02-15 15:05:00+00:00,0.8761952799842819,0.8761952799842819,0.0,0,0.0
2024-02-16 01:40:00+00:00,0.8758667067542878,0.8758667067542878,0.0,1,1.2504689258471926
2024-02-16 01:45:00+00:00,0.8815017182017723,0.8758667067542878,0.005635011447484409,1,1.2424752866217956
2024-02-16 01:50:00+00:00,0.8796335894066825,0.8758667067542878,0.003766882652394643,1,1.2451140033421193
2024-02-16 01:55:00+00:00,0.886677353716038,0.8758667067542878,0.010810646961750154,1,1.2352228185260596
2024-02-16 02:00:00+00:00,0.8876879807691191,0.8758667067542878,0.01182127401483136,1,1.2338165252968734
2024-02-16 02:05:00+00:00,0.8886679827599859,0.8758667067542878,0.012801276005698182,1,1.232455901672964
2024-02-16 02:10:00+00:00,0.8948625477816995,0.8948625477816995,0.0,0,0.0
2024-02-17 21:25:00+00:00,0.894191526710909,0.894191526710909,0.0,2,2.5014069534547385
2024-02-17 21:30:00+00:00,0.8912021308239833,0.894191526710909,-0.002989395886925655,2,2.509797525469273
2024-02-17 21:35:00+00:00,0.8989531956058944,0.894191526710909,0.00476166889498541,2,2.4881572406307715
2024-02-17 21:40:00+00:00,0.8954667412521377,0.894191526710909,0.0012752145412286953,2,2.4978447546888574
2024-02-17 21:45:00+00:00,0.8949357075461943,0.894191526710909,0.0007441808352854114,2,2.4993269167545438
2024-02-17 21:50:00+00:00,0.891982313009053,0.894191526710909,-0.002209213701855951,2,2.5076023033343207
2024-02-17 21:55:00+00:00,0.886077228779144,0.886077228779144,0.0,0,0.0
2024-02-18 22:15:00+00:00,0.8857449498183518,0.8857449498183518,0.0,1,1.2504689258471926
2024-02-18 22:20:00+00:00,0.887311453502654,0.8857449498183518,0.0015665036843021166,1,1.2482612859348345
2024-02-18 22:25:00+00:00,0.8864232734705529,0.8857449498183518,0.0006783236522011299,1,1.2495120210883366
2024-02-18 22:30:00+00:00,0.8860226385634717,0.8857449498183518,0.00027768874511992057,1,1.2500770158307704
2024-02-18 22:35:00+00:00,0.8877099686483221,0.8857449498183518,0.001965018829970268,1,1.2477009103101768
2024-02-18 22:40:00+00:00,0.8885069989396587,0.8857449498183518,0.002762049121306817,1,1.2465816671064291
2024-02-18 22:45:00+00:00,0.8835451610525933,0.8835451610525933,0.0,0,0.0
2024-02-21 07:55:00+00:00,0.8832138316171986,0.8832138316171986,0.0,1,1.2504689258471926
2024-02-21 08:00:00+00:00,0.8886643925228975,0.8832138316171986,0.005450560905698962,1,1.2427992621379669
2024-02-21 08:05:00+00:00,0.884753538087735,0.8832138316171986,0.0015397064705364825,1,1.2482927773341355
2024-02-21 08:10:00+00:00,0.8845071850524492,0.8832138316171986,0.001293353435250655,1,1.2486404519712877
2024-02-21 08:15:00+00:00,0.8838913024642348,0.8832138316171986,0.0006774708470362093,1,1.249510486455353
2024-02-21 08:20:00+00:00,0.8817973016643051,0.8832138316171986,-0.0014165299528934461,1,1.2524776943989697
2024-02-21 08:25:00+00:00,0.8852536501464301,0.8852536501464301,0.0,0,0.0
2024-02-22 00:50:00+00:00,0.8849216800276252,0.8849216800276252,0.0,1,1.2504689258471926
2024-02-22 00:55:00+00:00,0.8865414979780186,0.8849216800276252,0.0016198179503934692,1,1.2481841687127366
2024-02-22 01:00:00+00:00,0.8897811338788053,0.8849216800276252,0.004859453851180162,1,1.2436396104053158
2024-02-22 01:05:00+00:00,0.8944381104861865,0.8849216800276252,0.009516430458561355,1,1.2371644831653528
2024-02-22 01:10:00+00:00,0.8907645947772586,0.8849216800276252,0.005842914749633419,1,1.2422665529939947
2024-02-22 01:15:00+00:00,0.884169621693514,0.8849216800276252,-0.0007520583341112272,1,1.251532551597452
2024-02-22 01:20:00+00:00,0.8824203108681148,0.8824203108681148,0.0,0,0.0
2024-02-22 20:30:00+00:00,0.881427960242923,0.881427960242923,0.0,3,3.7528142588017883
2024-02-22 20:35:00+00:00,0.8720741562460292,0.881427960242923,-0.009353803996893735,3,3.7930666716982864
2024-02-22 20:40:00+00:00,0.8766090904656295,0.881427960242923,-0.004818869777293499,3,3.7734441192586656
2024-02-22 20:45:00+00:00,0.874901298707624,0.881427960242923,-0.006526661535298972,3,3.7808098149956404
2024-02-22 20:50:00+00:00,0.864269979814757,0.881427960242923,-0.017157980428166027,3,3.827317267244665
2024-02-22 20:55:00+00:00,0.8762947697570951,0.881427960242923,-0.0051331904858279865,3,3.7747976268569245
2024-02-22 21:00:00+00:00,0.8797530307761511,0.8797530307761511,0.0,0,0.0
2024-02-22 22:35:00+00:00,0.87942312338961,0.87942312338961,0.0,1,1.2504689258471926
2024-02-22 22:40:00+00:00,0.8805980711502859,0.87942312338961,0.0011749477606758925,1,1.2488004737890366
2024-02-22 22:45:00+00:00,0.8782310854796881,0.87942312338961,-0.0011920379099219182,1,1.2521662084752325
2024-02-22 22:50:00+00:00,0.8803353101056258,0.87942312338961,0.00091218671601573,1,1.2491732137135836
2024-02-22 22:55:00+00:00,0.880435714732447,0.87942312338961,0.0010125913428368786,1,1.2490307583721438
2024-02-22 23:00:00+00:00,0.8795171192104643,0.87942312338961,9.399582085417884e-05,1,1.2503352856364789
2024-02-22 23:05:00+00:00,0.8781917106303323,0.8781917106303323,0.0,0,0.0
2024-02-26 19:15:00+00:00,0.8778623887388459,0.8778623887388459,0.0,1,1.2504689258471928
2024-02-26 19:20:00+00:00,0.8834453969800831,0.8778623887388459,0.0055830082412371826,1,1.2425664812339994
2024-02-26 19:25:00+00:00,0.8892912548793933,0.8778623887388459,0.011428866140547342,1,1.2343983281796604
2024-02-26 19:30:00+00:00,0.8864284349600725,0.8778623887388459,0.008566046221226574,1,1.2383849558451507
2024-02-26 19:35:00+00:00,0.8877976982951499,0.8778623887388459,0.009935309556303933,1,1.2364749766708338
2024-02-26 19:40:00+00:00,0.8886106984003519,0.8778623887388459,0.010748309661505969,1,1.2353437115533614
2024-02-26 19:45:00+00:00,0.8916271062651105,0.8916271062651105,0.0,0,0.0
2024-02-27 01:45:00+00:00,0.8912927461002611,0.8912927461002611,0.0,1,1.2504689258471928
2024-02-27 01:50:00+00:00,0.8979793800642851,0.8912927461002611,0.0066866339640239735,1,1.2411575450113346
2024-02-27 01:55:00+00:00,0.9027621807468857,0.8912927461002611,0.011469434646624607,1,1.2345819381902956
2024-02-27 02:00:00+00:00,0.9044701796398701,0.8912927461002611,0.013177433539609023,1,1.232250557199308
2024-02-27 02:05:00+00:00,0.9020373916185388,0.8912927461002611,0.010744645518277711,1,1.235573927630166
2024-02-27 02:10:00+00:00,0.9234984178979999,0.8912927461002611,0.032205671797738776,1,1.2068606304363891
2024-02-27 02:15:00+00:00,0.9170750214905492,0.9170750214905492,0.0,0,0.0
2024-02-28 08:55:00+00:00,0.9167311183574902,0.9167311183574902,0.0,1,1.2504689258471928
2024-02-28 09:00:00+00:00,0.9224429453071558,0.9167311183574902,0.005711826949665515,1,1.242725940607065
2024-02-28 09:05:00+00:00,0.9216756849706333,0.9167311183574902,0.004944566613143149,1,1.2437604632042687
2024-02-28 09:10:00+00:00,0.9298597952268703,0.9167311183574902,0.013128676869380112,1,1.232813573344676
2024-02-28 09:15:00+00:00,0.9255688207522462,0.9167311183574902,0.008837702394756007,1,1.2385289469145124
2024-02-28 09:20:00+00:00,0.9310248942564042,0.9167311183574902,0.014293775898913981,1,1.2312708112695034
2024-02-28 09:25:00+00:00,0.9277824520742614,0.9277824520742614,0.0,0,0.0
2024-02-28 13:10:00+00:00,0.9274345336547335,0.9274345336547335,0.0,1,1.2504689258471928
2024-02-28 13:15:00+00:00,0.9271885684101188,0.9274345336547335,-0.0002459652446147431,1,1.2508006511355627
2024-02-28 13:20:00+00:00,0.9276462519976075,0.927086535811043,0.0005597161865644576,2,2.50065245496236
2024-02-28 13:25:00+00:00,0.9347844482035658,0.927086535811043,0.007697912392522764,2,2.4815569855193926
2024-02-28 13:30:00+00:00,0.9350409129119093,0.927086535811043,0.007954377100866269,2,2.480876339592845
2024-02-28 13:35:00+00:00,0.9405684651991275,0.927086535811043,0.0134819293880845,2,2.466296674004844
2024-02-28 13:40:00+00:00,0.9355412074383597,0.935850951847519,-0.00030974440915931546,1,1.2399163212466526
2024-02-28 13:45:00+00:00,0.9356256831863122,0.935850951847519,-0.00022526866120673976,1,1.239804371713289
2024-02-28 13:50:00+00:00,0.9377274820332454,0.9377274820332454,0.0,0,0.0
2024-02-28 20:35:00+00:00,0.9373758342274829,0.9373758342274829,0.0,1,1.2504689258471928
2024-02-28 20:40:00+00:00,0.9363616072713264,0.9373758342274829,-0.0010142269561564906,1,1.2518233804538121
2024-02-28 20:45:00+00:00,0.9308522023335815,0.9373758342274829,-0.00652363189390148,1,1.2592325071617547
2024-02-28 20:50:00+00:00,0.9343331533590135,0.9373758342274829,-0.0030426808684694715,1,1.2545411113022549
2024-02-28 20:55:00+00:00,0.9381922578384616,0.9373758342274829,0.0008164236109786153,1,1.2493807561811918
2024-02-28 21:00:00+00:00,0.9378703425904273,0.9373758342274829,0.000494508362944363,1,1.2498095944733851
2024-02-28 21:05:00+00:00,0.932342840585847,0.932342840585847,0.0,0,0.0
2024-02-29 00:00:00+00:00,0.9319932120206273,0.9319932120206273,0.0,1,1.2504689258471926
2024-02-29 00:05:00+00:00,0.9285287699584275,0.9319932120206273,-0.0034644420621999087,1,1.2551345617265988
2024-02-29 00:10:00+00:00,0.924996014954156,0.9319932120206273,-0.006997197066471386,1,1.2599281855177171
2024-02-29 00:15:00+00:00,0.917520627293184,0.9319932120206273,-0.014472584727443363,1,1.2701932970929366
2024-02-29 00:20:00+00:00,0.9230492669837204,0.9316469386930106,-0.008597671709290301,2,2.5130543505023897
2024-02-29 00:25:00+00:00,0.9224978931411171,0.9316469386930106,-0.009149045551893557,2,2.5145563945116063
2024-02-29 00:30:00+00:00,0.9221120111605778,0.9162684628720505,0.005843548288527295,1,1.251739931178675
2024-02-29 00:35:00+00:00,0.9231800049484176,0.9162684628720505,0.0069115420763670625,1,1.2502918382137884
2024-02-29 00:40:00+00:00,0.9363541814832239,0.9162684628720505,0.02008571861117334,1,1.2327006684167312
2024-02-29 00:45:00+00:00,0.9326567599519057,0.9162684628720505,0.01638829707985511,1,1.237587583076857
2024-02-29 00:50:00+00:00,0.9279844358381032,0.9279844358381032,0.0,0,0.0
2024-02-29 07:25:00+00:00,0.9276364416746639,0.9276364416746639,0.0,1,1.2504689258471928
2024-02-29 07:30:00+00:00,0.9239212480027869,0.9276364416746639,-0.003715193671876999,1,1.2554972053138993
2024-02-29 07:35:00+00:00,0.9269643463370378,0.9276364416746639,-0.0006720953376259768,1,1.2513755781237654
2024-02-29 07:40:00+00:00,0.9276924496194661,0.9276364416746639,5.600794480225059e-05,1,1.250393430789963
2024-02-29 07:45:00+00:00,0.9323597783529797,0.9276364416746639,0.004723336678315835,1,1.244134047531247
2024-02-29 07:50:00+00:00,0.9371577922910318,0.9276364416746639,0.009521350616367918,1,1.237764391802016
2024-02-29 07:55:00+00:00,0.9394795101631624,0.9394795101631624,0.0,0,0.0
2024-02-29 11:35:00+00:00,0.9391272053468512,0.9391272053468512,0.0,1,1.2504689258471926
2024-02-29 11:40:00+00:00,0.9392405350826054,0.9391272053468512,0.00011332973575415052,1,1.250318042971463
2024-02-29 11:45:00+00:00,0.9377405826976248,0.9391272053468512,-0.0013866226492263638,1,1.2523179751116977
2024-02-29 11:50:00+00:00,0.9395771910623456,0.9391272053468512,0.0004499857154943368,1,1.249870046734701
2024-02-29 11:55:00+00:00,0.9392772005853492,0.9391272053468512,0.00014999523849802535,1,1.2502692357188154
2024-02-29 12:00:00+00:00,0.9382572329635627,0.9391272053468512,-0.0008699723832885471,1,1.251628387659399
2024-02-29 12:05:00+00:00,0.9335917317335521,0.9335917317335521,0.0,0,0.0
2024-03-04 08:10:00+00:00,0.933241634834152,0.933241634834152,0.0,1,1.2504689258471928
2024-03-04 08:15:00+00:00,0.9345867983377786,0.933241634834152,0.0013451635036265896,1,1.2486691088965785
2024-03-04 08:20:00+00:00,0.9322404154124434,0.933241634834152,-0.0010012194217085865,1,1.2518119203731783
2024-03-04 08:25:00+00:00,0.9337530490711398,0.933241634834152,0.0005114142369877814,1,1.249784047107332
2024-03-04 08:30:00+00:00,0.9362038757490992,0.933241634834152,0.0029622409149472374,1,1.246512319480817
2024-03-04 08:35:00+00:00,0.9373563585366778,0.933241634834152,0.004114723702525694,1,1.2449797284020634
2024-03-04 08:40:00+00:00,0.9409841280087784,0.9409841280087784,0.0,0,0.0
2024-03-05 04:05:00+00:00,0.9406312589607752,0.9406312589607752,0.0,1,1.2504689258471926
2024-03-05 04:10:00+00:00,0.9382584078353202,0.9406312589607752,-0.0023728511254549264,1,1.2536313559125822
2024-03-05 04:15:00+00:00,0.9370986964905614,0.9406312589607752,-0.003532562470213677,1,1.2551827938892242
2024-03-05 04:20:00+00:00,0.9322084231777031,0.9406312589607752,-0.008422835783071974,1,1.2617673588503426
2024-03-05 04:25:00+00:00,0.9351532728526055,0.9406312589607752,-0.0054779861081695885,1,1.2577939832504494
2024-03-05 04:30:00+00:00,0.9343707034085813,0.9406312589607752,-0.006260555552193853,1,1.258847431453158
2024-03-05 04:35:00+00:00,0.9365006852070805,0.9365006852070805,0.0,0,0.0
2024-03-05 08:15:00+00:00,0.9361494974501279,0.9361494974501279,0.0,1,1.2504689258471928
2024-03-05 08:20:00+00:00,0.9375155908513706,0.9361494974501279,0.0013660934012427585,1,1.2486468149780736
2024-03-05 08:25:00+00:00,0.940765343968245,0.9361494974501279,0.004615846518117071,1,1.2443335248416258
2024-03-05 08:30:00+00:00,0.9385507234801475,0.9361494974501279,0.0024012260300195695,1,1.2472696757061443
2024-03-05 08:35:00+00:00,0.9359892983528171,0.9361494974501279,-0.00016019909731083002,1,1.250682949654397
2024-03-05 08:40:00+00:00,0.941633235781148,0.9361494974501279,0.005483738331020107,1,1.2431866378821452
2024-03-05 08:45:00+00:00,0.9408084924508261,0.9408084924508261,0.0,0,0.0
2024-03-07 11:25:00+00:00,0.9404556892661571,0.9404556892661571,0.0,1,1.2504689258471926
2024-03-07 11:30:00+00:00,0.9530086115671159,0.9404556892661571,0.012552922300958865,1,1.2339978897249573
2024-03-07 11:35:00+00:00,0.9458650077576888,0.9404556892661571,0.005409318491531652,1,1.243317604434313
2024-03-07 11:40:00+00:00,0.9412815394175359,0.9404556892661571,0.0008258501513788383,1,1.2493718046263256
2024-03-07 11:45:00+00:00,0.9437177973641034,0.9404556892661571,0.0032621080979464115,1,1.2461464845192554
2024-03-07 11:50:00+00:00,0.9233771081356416,0.9404556892661571,-0.017078581130515472,1,1.2735973257318178
2024-03-07 11:55:00+00:00,0.9233216110054691,0.9233216110054691,0.0,0,0.0
2024-03-11 07:05:00+00:00,0.922975365401342,0.922975365401342,0.0,1,1.2504689258471928
2024-03-11 07:10:00+00:00,0.9215809089005828,0.922975365401342,-0.0013944565007592386,1,1.252361027241443
2024-03-11 07:15:00+00:00,0.9299681977904127,0.922975365401342,0.006992832389070756,1,1.2410661101090126
2024-03-11 07:20:00+00:00,0.9295395858975477,0.922975365401342,0.006564220496205703,1,1.2416383672809446
2024-03-11 07:25:00+00:00,0.9317707162987624,0.922975365401342,0.008795350897420486,1,1.2386652569866445
2024-03-11 07:30:00+00:00,0.9350498908489688,0.922975365401342,0.012074525447626933,1,1.23432131809452
2024-03-11 07:35:00+00:00,0.9412884156263218,0.9412884156263218,0.0,0,0.0
2024-03-12 14:35:00+00:00,0.940935432470462,0.940935432470462,0.0,1,1.2504689258471926
2024-03-12 14:40:00+00:00,0.938882963622018,0.940935432470462,-0.002052468848443986,1,1.253202545068855
2024-03-12 14:45:00+00:00,0.9403022239959421,0.940935432470462,-0.0006332084745198336,1,1.2513110035332426
2024-03-12 14:50:00+00:00,0.9463941262163231,0.940935432470462,0.005458693745861221,1,1.2432563632204507
2024-03-12 14:55:00+00:00,0.9468526564909756,0.940935432470462,0.00591722402051363,1,1.2426542941680139
2024-03-12 15:00:00+00:00,0.9524860284367043,0.940935432470462,0.011550595966242274,1,1.235304754510729
2024-03-12 15:05:00+00:00,0.9469363688347844,0.9469363688347844,0.0,0,0.0
2024-03-12 17:35:00+00:00,0.9462262997210852,0.9462262997210852,0.0,2,2.501406953454738
2024-03-12 17:40:00+00:00,0.9508928145774491,0.9462262997210852,0.0046665148563638965,2,2.4891312768157308
2024-03-12 17:45:00+00:00,0.9511840781641184,0.9462262997210852,0.004957778443033252,2,2.4883690759757253
2024-03-12 17:50:00+00:00,0.9601673873475939,0.9462262997210852,0.013941087626508655,2,2.4650879386796127
2024-03-12 17:55:00+00:00,0.9579727842789743,0.9462262997210852,0.011746484557889052,2,2.470735165452047
2024-03-12 18:00:00+00:00,0.9673181944918328,0.9462262997210852,0.021091894770747632,2,2.4468650120940674
2024-03-12 18:05:00+00:00,0.9697499096399134,0.9697499096399134,0.0,0,0.0
2024-03-14 15:45:00+00:00,0.9693862534237984,0.9693862534237984,0.0,1,1.2504689258471928
2024-03-14 15:50:00+00:00,0.971491187215674,0.9693862534237984,0.002104933791875589,1,1.2477595298873077
2024-03-14 15:55:00+00:00,0.9666718313399472,0.9693862534237984,-0.0027144220838512157,1,1.2539802523981944
2024-03-14 16:00:00+00:00,0.9662477028893454,0.9693862534237984,-0.0031385505344530395,1,1.2545306792710806
2024-03-14 16:05:00+00:00,0.9732693850159746,0.9693862534237984,0.0038831315921762743,1,1.2454798288245712
2024-03-14 16:10:00+00:00,0.9680070505362859,0.9693862534237984,-0.0013792028875124294,1,1.2522505764584333
2024-03-14 16:15:00+00:00,0.9635309191954471,0.9635309191954471,0.0,0,0.0
2024-03-14 19:00:00+00:00,0.962808406502586,0.962808406502586,0.0,2,2.5014069534547385
2024-03-14 19:05:00+00:00,0.9647613067125209,0.962808406502586,0.0019529002099348601,2,2.4963435267495564
2024-03-14 19:10:00+00:00,0.964545937578661,0.962808406502586,0.0017375310760749736,2,2.4969009240929347
2024-03-14 19:15:00+00:00,0.9597360158023045,0.962808406502586,-0.0030723907002815744,2,2.5094146757188542
2024-03-14 19:20:00+00:00,0.9566242171441487,0.962808406502586,-0.006184189358437302,2,2.517577539548468
2024-03-14 19:25:00+00:00,0.9512749306482186,0.962808406502586,-0.011533475854367436,2,2.5317345861612557
2024-03-14 19:30:00+00:00,0.9433551615064523,0.9433551615064523,0.0,0,0.0
2024-03-14 19:50:00+00:00,0.9430014033208873,0.9430014033208873,0.0,1,1.2504689258471928
2024-03-14 19:55:00+00:00,0.9517873948216375,0.9430014033208873,0.008785991500750198,1,1.2389257919349135
2024-03-14 20:00:00+00:00,0.9430014033208873,0.9430014033208873,0.0,1,1.2504689258471928
2024-03-14 20:05:00+00:00,0.9547770724850873,0.9430014033208873,0.011775669164199915,1,1.2350463640835734
2024-03-14 20:10:00+00:00,0.9628308980274412,0.9430014033208873,0.019829494706553784,1,1.2247155282395785
2024-03-14 20:15:00+00:00,0.9622410976720669,0.9430014033208873,0.019239694351179528,1,1.2254662108445262
2024-03-14 20:20:00+00:00,0.964836341263374,0.964836341263374,0.0,0,0.0
2024-03-15 03:00:00+00:00,0.9637513073689042,0.9637513073689042,0.0,3,3.7528142588017888
2024-03-15 03:05:00+00:00,0.9904530469761956,0.9637513073689042,0.02670173960729138,3,3.651641700002579
2024-03-15 03:10:00+00:00,0.9666733266383227,0.9637513073689042,0.0029220192694184586,3,3.741470410495866
2024-03-15 03:15:00+00:00,0.9641741320988119,0.9637513073689042,0.0004228247299075934,3,3.7511685159607966
2024-03-15 03:20:00+00:00,0.9453825271693308,0.9637513073689042,-0.01836878019957339,3,3.825731430706964
2024-03-15 03:25:00+00:00,0.8980054752788869,0.9637513073689042,-0.06574583209001736,3,4.027569706197674
2024-03-15 03:30:00+00:00,0.8765517588626793,0.8765517588626793,0.0,0,0.0
2024-03-15 09:20:00+00:00,0.8755660078830076,0.8755660078830076,0.0,3,3.752814258801789
2024-03-15 09:25:00+00:00,0.8843228176358667,0.8755660078830076,0.008756809752859132,3,3.715652851398553
2024-03-15 09:30:00+00:00,0.882475444462826,0.8755660078830076,0.006909436579818389,3,3.723431195193925
2024-03-15 09:35:00+00:00,0.8871325861001148,0.8755660078830076,0.011566578217107153,3,3.703884459199312
2024-03-15 09:40:00+00:00,0.9200150105914292,0.8755660078830076,0.044449002708421594,3,3.571503248401588
2024-03-15 09:45:00+00:00,0.9111933519168739,0.8755660078830076,0.03562734403386625,3,3.6060805228584134
2024-03-15 09:50:00+00:00,0.9160144690886319,0.9160144690886319,0.0,0,0.0
2024-03-15 11:35:00+00:00,0.9149843392062059,0.9149843392062059,0.0,3,3.7528142588017888
2024-03-15 11:40:00+00:00,0.9238926613949994,0.9149843392062059,0.0089083221887935,3,3.716629017886869
2024-03-15 11:45:00+00:00,0.915299109406179,0.9149843392062059,0.0003147701999730362,3,3.751523670749681
2024-03-15 11:50:00+00:00,0.9287557708997538,0.9149843392062059,0.013771431693547942,3,3.6971681709464277
2024-03-15 11:55:00+00:00,0.9315082758889969,0.9149843392062059,0.016523936682790917,3,3.686243443705665
2024-03-15 12:00:00+00:00,0.9361997705123947,0.9149843392062059,0.02121543130618871,3,3.6677708998732568
2024-03-15 12:05:00+00:00,0.935529409146791,0.935529409146791,0.0,0,0.0
2024-03-15 15:45:00+00:00,0.9351785856183609,0.9351785856183609,0.0,1,1.2504689258471928
2024-03-15 15:50:00+00:00,0.943897901104863,0.9351785856183609,0.008719315486502153,1,1.238917641478654
2024-03-15 15:55:00+00:00,0.9458858263060745,0.9351785856183609,0.010707240687713622,1,1.236313864645102
2024-03-15 16:00:00+00:00,0.9409061720891783,0.9351785856183609,0.0057275864708174334,1,1.2428569352849912
2024-03-15 16:05:00+00:00,0.9462401100053004,0.9351785856183609,0.011061524386939475,1,1.2358509738367973
2024-03-15 16:10:00+00:00,0.9327773294347191,0.9351785856183609,-0.002401256183641761,1,1.253688018063405
2024-03-15 16:15:00+00:00,0.9273878044061887,0.9273878044061887,0.0,0,0.0
2024-03-15 18:45:00+00:00,0.9270400339795364,0.9270400339795364,0.0,1,1.2504689258471928
2024-03-15 18:50:00+00:00,0.9327907274327608,0.9270400339795364,0.00575069345322438,1,1.2427597331485032
2024-03-15 18:55:00+00:00,0.9448524640503289,0.9270400339795364,0.01781243007079244,1,1.2268949911379898
2024-03-15 19:00:00+00:00,0.9433018844019463,0.9270400339795364,0.016261850422409938,1,1.2289117351256975
2024-03-15 19:05:00+00:00,0.944882572393016,0.9270400339795364,0.017842538413479582,1,1.2268558965712006
2024-03-15 19:10:00+00:00,0.9474083278073173,0.9270400339795364,0.020368293827780937,1,1.2235851443175194
2024-03-15 19:15:00+00:00,0.9436817322568976,0.9436817322568976,0.0,0,0.0
2024-03-15 23:00:00+00:00,0.9433278516073013,0.9433278516073013,0.0,1,1.2504689258471926
2024-03-15 23:05:00+00:00,0.9297268518926702,0.9433278516073013,-0.013600999714631034,1,1.2687620701927387
2024-03-15 23:10:00+00:00,0.9337010447170873,0.9433278516073013,-0.00962680689021395,1,1.263361728034205
2024-03-15 23:15:00+00:00,0.9413600473932694,0.9433278516073013,-0.0019678042140318795,1,1.25308288639142
2024-03-15 23:20:00+00:00,0.9484981607186785,0.9433278516073013,0.005170309111377227,1,1.2436525595656776
2024-03-15 23:25:00+00:00,0.9552504300805521,0.9433278516073013,0.011922578473250858,1,1.2348616950862312
2024-03-15 23:30:00+00:00,0.9532567125859294,0.9532567125859294,0.0,0,0.0
2024-03-16 05:35:00+00:00,0.9528992413187096,0.9528992413187096,0.0,1,1.2504689258471926
2024-03-16 05:40:00+00:00,0.956512301268432,0.9528992413187096,0.0036130599497223976,1,1.2457454955386023
2024-03-16 05:45:00+00:00,0.9649532108216834,0.9528992413187096,0.012053969502973756,1,1.2348483609042114
2024-03-16 05:50:00+00:00,0.9620226873269345,0.9528992413187096,0.009123446008224905,1,1.2386099687974066
2024-03-16 05:55:00+00:00,0.9626676529678728,0.9528992413187096,0.009768411649163188,1,1.2377801280211687
2024-03-16 06:00:00+00:00,0.9662994983246128,0.9528992413187096,0.013400257005903218,1,1.2331279202756271
2024-03-16 06:05:00+00:00,0.9631680486211244,0.9631680486211244,0.0,0,0.0
2024-03-16 23:25:00+00:00,0.9624458080301653,0.9624458080301653,0.0,2,2.501406953454738
2024-03-16 23:30:00+00:00,0.946761286453775,0.9624458080301653,-0.015684521576390373,2,2.5428465136629375
2024-03-16 23:35:00+00:00,0.9558177956868164,0.9624458080301653,-0.006628012343348992,2,2.5187526821470185
2024-03-16 23:40:00+00:00,0.9567683578343682,0.9624458080301653,-0.0056774501957970805,2,2.51625026770251
2024-03-16 23:45:00+00:00,0.9588226981505812,0.9624458080301653,-0.0036231098795840985,2,2.51085903699782
2024-03-16 23:50:00+00:00,0.9522610048203455,0.9624458080301653,-0.010184803209819819,2,2.528160477372708
2024-03-16 23:55:00+00:00,0.9488972237686631,0.9488972237686631,0.0,0,0.0
2024-03-17 22:40:00+00:00,0.9485413873097499,0.9485413873097499,0.0,1,1.2504689258471926
2024-03-17 22:45:00+00:00,0.9515111370411592,0.9485413873097499,0.002969749731409276,1,1.2465661026304113
2024-03-17 22:50:00+00:00,0.9443163226233809,0.9485413873097499,-0.004225064686368964,1,1.2560637800008532
2024-03-17 22:55:00+00:00,0.932803457226274,0.9485413873097499,-0.015737930083475894,1,1.2715663953881622
2024-03-17 23:00:00+00:00,0.9323850189079541,0.9485413873097499,-0.016156368401795792,1,1.2721370524593596
2024-03-17 23:05:00+00:00,0.9387022751859225,0.9485413873097499,-0.009839112123827348,1,1.2635758547361589
2024-03-17 23:10:00+00:00,0.9318780797229811,0.9318780797229811,0.0,0,0.0
2024-03-19 09:15:00+00:00,0.9311793022085438,0.9311793022085438,0.0,2,2.501406953454738
2024-03-19 09:20:00+00:00,0.9226503965416518,0.9311793022085438,-0.008528905666892034,2,2.5245297570870675
2024-03-19 09:25:00+00:00,0.9433122658959736,0.9311793022085438,0.012132963687429766,2,2.469233641571717
2024-03-19 09:30:00+00:00,0.9310710039155764,0.9311793022085438,-0.00010829829296739656,2,2.5016979066709126
2024-03-19 09:35:00+00:00,0.9440891300394232,0.9311793022085438,0.012909827830879326,2,2.467201779306915
2024-03-19 09:40:00+00:00,0.9287013881426068,0.9311793022085438,-0.002477914065937039,2,2.5080810809555
2024-03-19 09:45:00+00:00,0.9304274338216366,0.9304274338216366,0.0,0,0.0
2024-03-19 15:35:00+00:00,0.9300785235339535,0.9300785235339535,0.0,1,1.2504689258471928
2024-03-19 15:40:00+00:00,0.9385564711507068,0.9300785235339535,0.008477947616753372,1,1.2391734839898556
2024-03-19 15:45:00+00:00,0.9447462084933402,0.9300785235339535,0.014667684959386777,1,1.231054733875912
2024-03-19 15:50:00+00:00,0.9552424089923228,0.9300785235339535,0.02516388545836931,1,1.217527908443597
2024-03-19 15:55:00+00:00,0.9441613008109107,0.9300785235339535,0.014082777276957214,1,1.2318173719661587
2024-03-19 16:00:00+00:00,0.9437949300647737,0.9300785235339535,0.013716406530820171,1,1.232295549836473
2024-03-19 16:05:00+00:00,0.948260259932472,0.948260259932472,0.0,0,0.0
2024-03-21 20:15:00+00:00,0.9475491980866216,0.9475491980866216,0.0,2,2.5014069534547385
2024-03-21 20:20:00+00:00,0.9569967819878902,0.9475491980866216,0.009447583901268597,2,2.476712772127513
2024-03-21 20:25:00+00:00,0.9478714318774256,0.9475491980866216,0.00032223379080398583,2,2.500556587236444
2024-03-21 20:30:00+00:00,0.9524381735695152,0.9475491980866216,0.004888975482893522,2,2.4885669417799154
2024-03-21 20:35:00+00:00,0.9452874411821156,0.9475491980866216,-0.002261756904505982,2,2.5073919842522288
2024-03-21 20:40:00+00:00,0.9465411707686766,0.9475491980866216,-0.0010080273179450027,2,2.5040708487191488
2024-03-21 20:45:00+00:00,0.9438730796586695,0.9438730796586695,0.0,0,0.0
2024-03-27 13:05:00+00:00,0.9435191272537975,0.9435191272537975,0.0,1,1.2504689258471926
2024-03-27 13:10:00+00:00,0.9449020034519713,0.9435191272537975,0.0013828761981737395,1,1.2486388485399242
2024-03-27 13:15:00+00:00,0.9501905480461896,0.9435191272537975,0.006671420792392099,1,1.241689208548077
2024-03-27 13:20:00+00:00,0.9485680398714372,0.9435191272537975,0.005048912617639731,1,1.2438130950872486
2024-03-27 13:25:00+00:00,0.9525436009273175,0.9435191272537975,0.00902447367351997,1,1.2386218840006284
2024-03-27 13:30:00+00:00,0.9573112787946667,0.9435191272537975,0.01379215154086916,1,1.2324532006547062
2024-03-27 13:35:00+00:00,0.9502243334923094,0.9502243334923094,0.0,0,0.0
2024-03-29 04:30:00+00:00,0.9498679993672497,0.9498679993672497,0.0,1,1.2504689258471926
2024-03-29 04:35:00+00:00,0.950925876402277,0.9498679993672497,0.0010578770350272528,1,1.2490778159904774
2024-03-29 04:40:00+00:00,0.9645411456493854,0.9498679993672497,0.014673146282135676,1,1.2314460842058776
2024-03-29 04:45:00+00:00,0.960564311610302,0.9498679993672497,0.010696312243052251,1,1.2365443963602778
2024-03-29 04:50:00+00:00,0.9570380548268784,0.9498679993672497,0.00717005545962869,1,1.2411005088823224
2024-03-29 04:55:00+00:00,0.9569205129340974,0.9498679993672497,0.007052513566847649,1,1.2412529575977316
2024-03-29 05:00:00+00:00,0.9575241042667477,0.9575241042667477,0.0,0,0.0
2024-03-31 05:15:00+00:00,0.9571650327276477,0.9571650327276477,0.0,1,1.2504689258471926
2024-03-31 05:20:00+00:00,0.9571750881907958,0.9571650327276477,1.0055463148050506e-05,1,1.250455789228452
2024-03-31 05:25:00+00:00,0.9645557981414646,0.9571650327276477,0.007390765413816856,1,1.2408873935957543
2024-03-31 05:30:00+00:00,0.9644384844047373,0.9571650327276477,0.0072734516770896,1,1.241038334417128
2024-03-31 05:35:00+00:00,0.9628396657641973,0.9571650327276477,0.00567463303654957,1,1.243099108700992
2024-03-31 05:40:00+00:00,0.9642206160365295,0.9571650327276477,0.007055583308881839,1,1.2413187505296919
2024-03-31 05:45:00+00:00,0.9653799194327849,0.9653799194327849,0.0,0,0.0
2024-03-31 18:40:00+00:00,0.9650179019629976,0.9650179019629976,0.0,1,1.2504689258471926
2024-03-31 18:45:00+00:00,0.9650399798544461,0.9650179019629976,2.207789144849784e-05,1,1.2504403179990404
2024-03-31 18:50:00+00:00,0.9692823316112269,0.9650179019629976,0.004264429648229318,1,1.2449673948817948
2024-03-31 18:55:00+00:00,0.9674821343085098,0.9650179019629976,0.0024642323455121816,1,1.2472839099540227
2024-03-31 19:00:00+00:00,0.9636592624892487,0.9650179019629976,-0.001358639473748921,1,1.2522319312055015
2024-03-31 19:05:00+00:00,0.960694031837792,0.9650179019629976,-0.0043238701252056614,1,1.2560970083081875
2024-03-31 19:10:00+00:00,0.9637082334602707,0.9637082334602707,0.0,0,0.0
2024-04-01 13:25:00+00:00,0.9633468428727231,0.9633468428727231,0.0,1,1.2504689258471926
2024-04-01 13:30:00+00:00,0.9639576094563761,0.9633468428727231,0.00061076658365301,1,1.2496766247892295
2024-04-01 13:35:00+00:00,0.9614127486911545,0.9633468428727231,-0.001934094181568623,1,1.2529845204001107
2024-04-01 13:40:00+00:00,0.9657084736628486,0.9633468428727231,0.0023616307901255427,1,1.2474109161083167
2024-04-01 13:45:00+00:00,0.964242633862081,0.9633468428727231,0.0008957909893578907,1,1.249307227788106
2024-04-01 13:50:00+00:00,0.9631228951253836,0.9633468428727231,-0.00022394774733947267,1,1.2507596880131413
2024-04-01 13:55:00+00:00,0.9605627448366842,0.9605627448366842,0.0,0,0.0
2024-04-03 14:05:00+00:00,0.9591227109916456,0.9591227109916456,0.0,4,5.004691017933514
2024-04-03 14:10:00+00:00,0.9602637966521614,0.9591227109916456,0.0011410856605158963,4,4.99874392175454
2024-04-03 14:15:00+00:00,0.9815499523216241,0.9591227109916456,0.022427241329978538,4,4.890339819631593
2024-04-03 14:20:00+00:00,0.9654011861666072,0.9591227109916456,0.0062784751749616185,4,4.972143069200182
2024-04-03 14:25:00+00:00,0.9700151803770896,0.9591227109916456,0.010892469385443948,4,4.948492470942471
2024-04-03 14:30:00+00:00,0.9820289701656133,0.9591227109916456,0.022906259173967766,4,4.887954390985451
2024-04-03 14:35:00+00:00,0.9774300052683801,0.9774300052683801,0.0,0,0.0
2024-04-04 02:35:00+00:00,0.9770634690164044,0.9770634690164044,0.0,1,1.2504689258471928
2024-04-04 02:40:00+00:00,0.9755663354523653,0.9770634690164044,-0.0014971335640391673,1,1.2523879332295105
2024-04-04 02:45:00+00:00,0.9738583380060666,0.9770634690164044,-0.003205131010337792,1,1.2545844286624201
2024-04-04 02:50:00+00:00,0.9761356679344647,0.9770634690164044,-0.0009278010819397159,1,1.2516574762305508
2024-04-04 02:55:00+00:00,0.9801209953091609,0.9770634690164044,0.003057526292756443,1,1.2465680384696636
2024-04-04 03:00:00+00:00,0.977421937616245,0.9770634690164044,0.00035846859984053594,1,1.2500103175146584
2024-04-04 03:05:00+00:00,0.9723320504016663,0.9723320504016663,0.0,0,0.0
2024-04-04 20:30:00+00:00,0.9719674258827656,0.9719674258827656,0.0,1,1.2504689258471926
2024-04-04 20:35:00+00:00,0.980111002601312,0.9719674258827656,0.008143576718546397,1,1.2400789908247642
2024-04-04 20:40:00+00:00,0.9755676281184097,0.9719674258827656,0.003600202235644087,1,1.2458542370314911
2024-04-04 20:45:00+00:00,0.9768080647704459,0.9719674258827656,0.004840638887680248,1,1.244272141925559
2024-04-04 20:50:00+00:00,0.9752593539208622,0.9719674258827656,0.0032919280380965367,1,1.2462480448054314
2024-04-04 20:55:00+00:00,0.9772741459976904,0.9719674258827656,0.005306720114924688,1,1.2436787241120315
2024-04-04 21:00:00+00:00,0.9772434851927996,0.9772434851927996,0.0,0,0.0
2024-04-05 08:25:00+00:00,0.9768770188858523,0.9768770188858523,0.0,1,1.2504689258471926
2024-04-05 08:30:00+00:00,0.9725865547907975,0.9768770188858523,-0.004290464095054839,1,1.2559852390245665
2024-04-05 08:35:00+00:00,0.9742008960790884,0.9768770188858523,-0.002676122806763932,1,1.253903954931109
2024-04-05 08:40:00+00:00,0.9710968103133479,0.9768770188858523,-0.005780208572504351,1,1.2579120263991346
2024-04-05 08:45:00+00:00,0.9700928128230912,0.9768770188858523,-0.006784206062761071,1,1.2592139023647888
2024-04-05 08:50:00+00:00,0.970777192407277,0.9768770188858523,-0.006099826478575283,1,1.2583261803482009
2024-04-05 08:55:00+00:00,0.9671730147693393,0.9671730147693393,0.0,0,0.0
2024-04-09 16:15:00+00:00,0.9668103248888008,0.9668103248888008,0.0,1,1.2504689258471926
2024-04-09 16:20:00+00:00,0.9609322812964158,0.9668103248888008,-0.005878043592385014,1,1.258118071369847
2024-04-09 16:25:00+00:00,0.9653164958434548,0.9668103248888008,-0.001493829045346019,1,1.2524040288002412
2024-04-09 16:30:00+00:00,0.9686654521218584,0.9668103248888008,0.0018551272330575906,1,1.2480741063010325
2024-04-09 16:35:00+00:00,0.9679498037885065,0.9668103248888008,0.0011394788997056845,1,1.2489968629879786
2024-04-09 16:40:00+00:00,0.9674703888855818,0.9668103248888008,0.0006600639967809364,1,1.2496157839562083
2024-04-09 16:45:00+00:00,0.9647870529532031,0.9647870529532031,0.0,0,0.0
2024-04-10 13:55:00+00:00,0.9640635983366675,0.9640635983366675,0.0,2,2.501406953454738
2024-04-10 14:00:00+00:00,0.9667377140144975,0.9640635983366675,0.002674115677829951,2,2.4944877534960557
2024-04-10 14:05:00+00:00,0.9584541565683614,0.9640635983366675,-0.005609441768306111,2,2.5160466694474977
2024-04-10 14:10:00+00:00,0.9679910487679827,0.9640635983366675,0.003927450431315178,2,2.4912579424378034
2024-04-10 14:15:00+00:00,0.9638344101278463,0.9640635983366675,-0.00022918820882126623,2,2.502001757887088
2024-04-10 14:20:00+00:00,0.9702564929366915,0.9640635983366675,0.006192894600023965,2,2.4854411240814915
2024-04-10 14:25:00+00:00,0.9819574102035487,0.9819574102035487,0.0,0,0.0
2024-04-11 12:35:00+00:00,0.9804853024076959,0.9804853024076959,0.0,4,5.0046910179335145
2024-04-11 12:40:00+00:00,0.983442912253989,0.9804853024076959,0.002957609846293071,4,4.9896398916832165
2024-04-11 12:45:00+00:00,0.9800672898192097,0.9804853024076959,-0.0004180125884862776,4,5.006825589578453
2024-04-11 12:50:00+00:00,0.9753055305716092,0.9804853024076959,-0.005179771836086806,4,5.0312705427802715
2024-04-11 12:55:00+00:00,0.9705119018671244,0.9804853024076959,-0.009973400540571527,4,5.056121389892502
2024-04-11 13:00:00+00:00,0.9824740428955376,0.9804853024076959,0.001988740487841709,4,4.9945604381706445
2024-04-11 13:05:00+00:00,0.9877928707097564,0.9877928707097564,0.0,0,0.0
2024-04-12 05:55:00+00:00,0.9874224483832402,0.9874224483832402,0.0,1,1.2504689258471926
2024-04-12 06:00:00+00:00,0.9888240378389462,0.9874224483832402,0.0014015894557059723,1,1.2486964729191814
2024-04-12 06:05:00+00:00,0.986159043803449,0.9874224483832402,-0.0012634045797912333,1,1.2520709475268892
2024-04-12 06:10:00+00:00,0.9869091902727001,0.9874224483832402,-0.0005132581105401458,1,1.251119252467408
2024-04-12 06:15:00+00:00,0.988231816942169,0.9874224483832402,0.0008093685589287546,1,1.249444783317933
2024-04-12 06:20:00+00:00,0.9880738913696948,0.9874224483832402,0.0006514429864546105,1,1.2496444842556904
2024-04-12 06:25:00+00:00,0.9911383502444862,0.9911383502444862,0.0,0,0.0
2024-04-12 18:45:00+00:00,0.9903951358606333,0.9903951358606333,0.0,2,2.5014069534547385
2024-04-12 18:50:00+00:00,0.9821738240261199,0.9903951358606333,-0.008221311834513495,2,2.522345046169399
2024-04-12 18:55:00+00:00,0.986234013024032,0.9903951358606333,-0.004161122836601264,2,2.5119609005506596
2024-04-12 19:00:00+00:00,0.9844351714932545,0.9903951358606333,-0.0059599643673788096,2,2.5165509636878243
2024-04-12 19:05:00+00:00,0.9893456311060533,0.9903951358606333,-0.0010495047545799718,2,2.5040604634195573
2024-04-12 19:10:00+00:00,0.9962038168747,0.9903951358606333,0.005808681014066684,2,2.48682171012113
2024-04-12 19:15:00+00:00,0.9893389246664539,0.9893389246664539,0.0,0,0.0
2024-04-13 20:15:00+00:00,0.9885970595987403,0.9885970595987403,0.0,2,2.501406953454738
2024-04-13 20:20:00+00:00,0.968185343728116,0.9885970595987403,-0.020411715870624313,2,2.554142732137482
2024-04-13 20:25:00+00:00,0.9911213566027107,0.9885970595987403,0.002524297003970385,2,2.4950360947942407
2024-04-13 20:30:00+00:00,0.9728104056564497,0.9885970595987403,-0.015786653942290656,2,2.5419994941116015
2024-04-13 20:35:00+00:00,1.0063238149347373,0.9885970595987403,0.017726755335997053,2,2.4573437718012965
2024-04-13 20:40:00+00:00,1.0076748993317244,0.9885970595987403,0.019077839732984138,2,2.4540489801672924
2024-04-13 20:45:00+00:00,1.0096542643349407,1.0096542643349407,0.0,0,0.0
2024-04-14 22:05:00+00:00,1.0085188291822131,1.0085188291822131,0.0,3,3.7528142588017888
2024-04-14 22:10:00+00:00,1.0604083112255032,1.0085188291822131,0.051889482043290025,3,3.569175950772263
2024-04-14 22:15:00+00:00,1.0464935740920953,1.0085188291822131,0.037974744909882174,3,3.616633619282998
2024-04-14 22:20:00+00:00,1.0443701655483955,1.0085188291822131,0.035851336366182256,3,3.623986941869138
2024-04-14 22:25:00+00:00,1.0642419062067827,1.0085188291822131,0.055723077024569655,3,3.556319122890947
2024-04-14 22:30:00+00:00,1.0763455651501255,1.0085188291822131,0.0678267359679124,3,3.5163278086226932
2024-04-14 22:35:00+00:00,1.0693601920000069,1.0693601920000069,0.0,0,0.0
2024-04-17 16:15:00+00:00,1.0689591819280069,1.0689591819280069,0.0,1,1.2504689258471926
2024-04-17 16:20:00+00:00,1.0633720581077948,1.0689591819280069,-0.005587123820212033,1,1.2570390859983518
2024-04-17 16:25:00+00:00,1.058167614001296,1.0689591819280069,-0.010791567926710691,1,1.263221650628188
2024-04-17 16:30:00+00:00,1.0625556747185403,1.0689591819280069,-0.0064035072094665935,1,1.258004894994407
2024-04-17 16:35:00+00:00,1.0618158272720282,1.0689591819280069,-0.007143354655978776,1,1.258881442212254
2024-04-17 16:40:00+00:00,1.0569430389174141,1.0689591819280069,-0.012016143010592754,1,1.264685220283147
2024-04-17 16:45:00+00:00,1.0533785432120522,1.0533785432120522,0.0,0,0.0
2024-04-19 06:40:00+00:00,1.0529835262583476,1.0529835262583476,0.0,1,1.2504689258471926
2024-04-19 06:45:00+00:00,1.0682761963122622,1.0529835262583476,0.015292670053914551,1,1.2325681163358813
2024-04-19 06:50:00+00:00,1.0753195344915292,1.0529835262583476,0.022336008233181655,1,1.224494800643313
2024-04-19 06:55:00+00:00,1.0901976442126569,1.0529835262583476,0.037214117954309275,1,1.2077839151505463
2024-04-19 07:00:00+00:00,1.0887320268745218,1.0529835262583476,0.03574850061617418,1,1.2094097964538153
2024-04-19 07:05:00+00:00,1.0939873119012637,1.0529835262583476,0.041003785642916186,1,1.2036000460797887
2024-04-19 07:10:00+00:00,1.089478097705508,1.089478097705508,0.0,0,0.0
2024-04-23 10:25:00+00:00,1.0890695434188684,1.0890695434188684,0.0,1,1.2504689258471928
2024-04-23 10:30:00+00:00,1.0839726583702765,1.0890695434188684,-0.005096885048591915,1,1.2563486833509123
2024-04-23 10:35:00+00:00,1.084172972629828,1.0890695434188684,-0.004896570789040426,1,1.2561165575162003
2024-04-23 10:40:00+00:00,1.0833049441717708,1.0890695434188684,-0.005764599247097586,1,1.2571230561243965
2024-04-23 10:45:00+00:00,1.086465458044697,1.0890695434188684,-0.0026040853741713297,1,1.2534661015204211
2024-04-23 10:50:00+00:00,1.086354172344946,1.0890695434188684,-0.0027153710739225264,1,1.2535945061013332
2024-04-23 10:55:00+00:00,1.0825402756459284,1.0825402756459284,0.0,0,0.0
2024-04-25 09:10:00+00:00,1.082134323042561,1.082134323042561,0.0,1,1.2504689258471928
2024-04-25 09:15:00+00:00,1.0799901098852946,1.082134323042561,-0.0021442131572665074,1,1.2529516077708625
2024-04-25 09:20:00+00:00,1.0799016887241701,1.082134323042561,-0.002232634318390841,1,1.2530541980688024
2024-04-25 09:25:00+00:00,1.0789732665323641,1.082134323042561,-0.0031610565101969404,1,1.2541324113676005
2024-04-25 09:30:00+00:00,1.0812943220118794,1.082134323042561,-0.0008400010306817664,1,1.2514403497834552
2024-04-25 09:35:00+00:00,1.0803880051103543,1.082134323042561,-0.0017463179322067077,1,1.2524901592360727
2024-04-25 09:40:00+00:00,1.0801588948292362,1.0801588948292362,0.0,0,0.0
2024-04-28 18:50:00+00:00,1.0797538352436753,1.0797538352436753,0.0,1,1.2504689258471926
2024-04-28 18:55:00+00:00,1.078071472950508,1.0797538352436753,-0.0016823622931672936,1,1.252420319444377
2024-04-28 19:00:00+00:00,1.07826109172216,1.0797538352436753,-0.001492743521515308,1,1.2522000737131824
2024-04-28 19:05:00+00:00,1.07535225907618,1.0797538352436753,-0.004401576167495476,1,1.2555872804847057
2024-04-28 19:10:00+00:00,1.0747148172480734,1.0797538352436753,-0.005039017995601888,1,1.2563320025622042
2024-04-28 19:15:00+00:00,1.0744566129632707,1.0797538352436753,-0.00529722228040463,1,1.256633913595449
2024-04-28 19:20:00+00:00,1.0710741352185789,1.0710741352185789,0.0,0,0.0
2024-04-29 12:40:00+00:00,1.0702709802369652,1.0702709802369652,0.0,2,2.501406953454738
2024-04-29 12:45:00+00:00,1.0667128399854102,1.0702709802369652,-0.0035581402515550645,2,2.5097506767446243
2024-04-29 12:50:00+00:00,1.073638280995674,1.0702709802369652,0.0033673007587087895,2,2.493561676622399
2024-04-29 12:55:00+00:00,1.0731942753217936,1.0702709802369652,0.0029232950848284652,2,2.49459332164516
2024-04-29 13:00:00+00:00,1.0736508036602102,1.0702709802369652,0.0033798234232448533,2,2.4935325926443777
2024-04-29 13:05:00+00:00,1.076193896686528,1.0702709802369652,0.005922916449562776,2,2.487640266580483
2024-04-29 13:10:00+00:00,1.0688996406299496,1.0688996406299496,0.0,0,0.0
2024-04-30 20:05:00+00:00,1.0684988032647134,1.0684988032647134,0.0,1,1.2504689258471926
2024-04-30 20:10:00+00:00,1.0821277995259082,1.0684988032647134,0.013628996261194898,1,1.2347197358508
2024-04-30 20:15:00+00:00,1.0710636301201666,1.0684988032647134,0.0025648268554531325,1,1.2474744853744424
2024-04-30 20:20:00+00:00,1.0700012123013805,1.0684988032647134,0.0015024090366670536,1,1.2487131186642983
2024-04-30 20:25:00+00:00,1.06966853601469,1.0684988032647134,0.001169732749976604,1,1.249101479384907
2024-04-30 20:30:00+00:00,1.0683592938541657,1.0684988032647134,-0.00013950941054759352,1,1.250632215654055
2024-04-30 20:35:00+00:00,1.0704052369200732,1.0704052369200732,0.0,0,0.0
2024-05-02 11:05:00+00:00,1.0700038349562282,1.0700038349562282,0.0,1,1.2504689258471926
2024-05-02 11:10:00+00:00,1.0715264852413673,1.0700038349562282,0.0015226502851390924,1,1.2486919964919934
2024-05-02 11:15:00+00:00,1.0682527871283183,1.0700038349562282,-0.001751047827910001,1,1.2525186568873143
2024-05-02 11:20:00+00:00,1.070872641295396,1.0700038349562282,0.0008688063391678043,1,1.2494544118071345
2024-05-02 11:25:00+00:00,1.0707696384819894,1.0700038349562282,0.0007658035257611589,1,1.2495746032236765
2024-05-02 11:30:00+00:00,1.0712398687171059,1.0700038349562282,0.0012360337608776652,1,1.2490260913762103
2024-05-02 11:35:00+00:00,1.0666467000859365,1.0666467000859365,0.0,0,0.0
2024-05-02 21:40:00+00:00,1.0662467075734043,1.0662467075734043,0.0,1,1.2504689258471926
2024-05-02 21:45:00+00:00,1.0600861181089734,1.0662467075734043,-0.006160589464430996,1,1.2577359068580511
2024-05-02 21:50:00+00:00,1.0578212614004134,1.0662467075734043,-0.008425446172990878,1,1.2604287924240616
2024-05-02 21:55:00+00:00,1.0569050137309761,1.0662467075734043,-0.00934169384242817,1,1.261521478075607
2024-05-02 22:00:00+00:00,1.0565712217927217,1.0662467075734043,-0.009675485780682766,1,1.2619200178906531
2024-05-02 22:05:00+00:00,1.0612801523578976,1.0662467075734043,-0.004966555215506716,1,1.2563208424704304
2024-05-02 22:10:00+00:00,1.0601364086809322,1.0601364086809322,0.0,0,0.0
2024-05-03 08:40:00+00:00,1.0597388575276767,1.0597388575276767,0.0,1,1.2504689258471928
2024-05-03 08:45:00+00:00,1.0584752080267856,1.0597388575276767,-0.0012636495008910792,1,1.251961785029953
2024-05-03 08:50:00+00:00,1.0580305906098053,1.0597388575276767,-0.0017082669178713637,1,1.2524878983767298
2024-05-03 08:55:00+00:00,1.0598324611944094,1.0597388575276767,9.360366673273793e-05,1,1.2503584853003327
2024-05-03 09:00:00+00:00,1.057422166776043,1.0597388575276767,-0.002316690751633719,1,1.253208559918368
2024-05-03 09:05:00+00:00,1.056860544775647,1.0597388575276767,-0.002878312752029852,1,1.253874522425734
2024-05-03 09:10:00+00:00,1.056345989038976,1.056345989038976,0.0,0,0.0
2024-05-03 12:35:00+00:00,1.0551580453915654,1.0551580453915654,0.0,3,3.752814258801789
2024-05-03 12:40:00+00:00,1.057997579430932,1.0551580453915654,0.0028395340393664787,3,3.7427421716453897
2024-05-03 12:45:00+00:00,1.080520015645358,1.0551580453915654,0.025361970253792665,3,3.664728187075582
2024-05-03 12:50:00+00:00,1.0787469098436508,1.0551580453915654,0.023588864452085342,3,3.670751797202192
2024-05-03 12:55:00+00:00,1.086152582256402,1.0551580453915654,0.030994536864836494,3,3.645723651283574
2024-05-03 13:00:00+00:00,1.0930348276999866,1.0551580453915654,0.03787678230842118,3,3.622768513577292
2024-05-03 13:05:00+00:00,1.1143441643357277,1.1143441643357277,0.0,0,0.0
2024-05-04 01:30:00+00:00,1.1139262852741019,1.1139262852741019,0.0,1,1.2504689258471928
2024-05-04 01:35:00+00:00,1.103141647647773,1.1139262852741019,-0.010784637626329058,1,1.262693878333578
2024-05-04 01:40:00+00:00,1.105142943207293,1.1139262852741019,-0.00878334206680897,1,1.2604072748970956
2024-05-04 01:45:00+00:00,1.1011644640829459,1.1139262852741019,-0.012761821191155993,1,1.264961094235544
2024-05-04 01:50:00+00:00,1.0998514563719353,1.1139262852741019,-0.014074828902166554,1,1.2664712105892002
2024-05-04 01:55:00+00:00,1.0977668648307486,1.1139262852741019,-0.01615942044335327,1,1.2688761612734767
2024-05-04 02:00:00+00:00,1.0978575296571935,1.0978575296571935,0.0,0,0.0
2024-05-04 04:05:00+00:00,1.0974458330835721,1.0974458330835721,0.0,1,1.2504689258471928
2024-05-04 04:10:00+00:00,1.0958086553288742,1.0974458330835721,-0.001637177754697947,1,1.2523371716384468
2024-05-04 04:15:00+00:00,1.0938045239395027,1.0974458330835721,-0.003641309144069375,1,1.2546317756383625
2024-05-04 04:20:00+00:00,1.0894481256611976,1.0974458330835721,-0.007997707422374559,1,1.25964869712233
2024-05-04 04:25:00+00:00,1.087095858772264,1.0974458330835721,-0.010349974311308316,1,1.2623743352507613
2024-05-04 04:30:00+00:00,1.087011177164262,1.0974458330835721,-0.0104346559193101,1,1.2624726782033038
2024-05-04 04:35:00+00:00,1.0888482477364612,1.0888482477364612,0.0,0,0.0
2024-05-09 02:25:00+00:00,1.08843992964356,1.08843992964356,0.0,1,1.2504689258471926
2024-05-09 02:30:00+00:00,1.0900201877897053,1.08843992964356,0.0015802581461453536,1,1.2486560569400778
2024-05-09 02:35:00+00:00,1.0966389501699372,1.08843992964356,0.008199020526377073,1,1.2411197955896642
2024-05-09 02:40:00+00:00,1.0978298693525397,1.08843992964356,0.00938993970897951,1,1.2397734363643071
2024-05-09 02:45:00+00:00,1.0955396401552273,1.08843992964356,0.00709971051166725,1,1.2423651867838643
2024-05-09 02:50:00+00:00,1.096982484549534,1.08843992964356,0.008542554905973837,1,1.2407311227302629
2024-05-09 02:55:00+00:00,1.098337642938563,1.098337642938563,0.0,0,0.0
2024-05-10 16:10:00+00:00,1.097925766322461,1.097925766322461,0.0,1,1.2504689258471926
2024-05-10 16:15:00+00:00,1.0997303135054706,1.097925766322461,0.001804547183009387,1,1.2484170317147252
2024-05-10 16:20:00+00:00,1.100970939693789,1.097925766322461,0.0030451733713279974,1,1.2470102562880105
2024-05-10 16:25:00+00:00,1.101271697557624,1.097925766322461,0.003345931235162895,1,1.2466696971492501
2024-05-10 16:30:00+00:00,1.0966757414508974,1.097925766322461,-0.0012500248715636702,1,1.2518942489389193
2024-05-10 16:35:00+00:00,1.0934425944146724,1.097925766322461,-0.004483171907788593,1,1.255595913938343
2024-05-10 16:40:00+00:00,1.0944311216020517,1.0944311216020517,0.0,0,0.0
2024-05-12 17:40:00+00:00,1.094020709931451,1.094020709931451,0.0,1,1.2504689258471926
2024-05-12 17:45:00+00:00,1.09486725449978,1.094020709931451,0.0008465445683290219,1,1.2495020710319722
2024-05-12 17:50:00+00:00,1.0957824378168926,1.094020709931451,0.0017617278854415684,1,1.248458503065703
2024-05-12 17:55:00+00:00,1.0954163644900476,1.094020709931451,0.0013956545585966105,1,1.2488757210044343
2024-05-12 18:00:00+00:00,1.092808092036277,1.094020709931451,-0.001212617895173828,1,1.251856489691102
2024-05-12 18:05:00+00:00,1.0924191391265043,1.094020709931451,-0.0016015708049465765,1,1.2523022098426846
2024-05-12 18:10:00+00:00,1.0923061620339651,1.0923061620339651,0.0,0,0.0
2024-05-13 06:45:00+00:00,1.0918965472232025,1.0918965472232025,0.0,1,1.2504689258471926
2024-05-13 06:50:00+00:00,1.0891421634456577,1.0918965472232025,-0.0027543837775448506,1,1.2536312966003191
2024-05-13 06:55:00+00:00,1.0917372801340246,1.0918965472232025,-0.00015926708917788566,1,1.2506513493565399
2024-05-13 07:00:00+00:00,1.0935641673334167,1.0918965472232025,0.001667620110214189,1,1.2485620353416034
2024-05-13 07:05:00+00:00,1.1004173364942127,1.0918965472232025,0.008520789271010137,1,1.240786251961814
2024-05-13 07:10:00+00:00,1.096491871178596,1.0918965472232025,0.004595323955393436,1,1.2452282943737971
2024-05-13 07:15:00+00:00,1.095684088644889,1.095684088644889,0.0,0,0.0
2024-05-14 14:25:00+00:00,1.0940414867642725,1.0940414867642725,0.0,4,5.0046910179335145
2024-05-14 14:30:00+00:00,1.104297745199134,1.0940414867642725,0.010256258434861606,4,4.9582095280548035
2024-05-14 14:35:00+00:00,1.111439414613689,1.0940414867642725,0.01739792784941652,4,4.92635003767514
2024-05-14 14:40:00+00:00,1.0880530621286664,1.0940414867642725,-0.0059884246356060765,4,5.03223582804301
2024-05-14 14:45:00+00:00,1.0813259512496478,1.0940414867642725,-0.012715535514624591,4,5.063542214748604
2024-05-14 14:50:00+00:00,1.0642178586580064,1.0940414867642725,-0.029823628106265973,4,5.144942417110216
2024-05-14 14:55:00+00:00,1.048179195270491,1.048179195270491,0.0,0,0.0
2024-05-15 12:35:00+00:00,1.046607810657702,1.046607810657702,0.0,4,5.004691017933514
2024-05-15 12:40:00+00:00,1.0310260222401955,1.046607810657702,-0.015581788417506398,4,5.080326389742071
2024-05-15 12:45:00+00:00,1.0351402276778687,1.046607810657702,-0.011467582979833255,4,5.060134433233221
2024-05-15 12:50:00+00:00,1.0430423108138902,1.046607810657702,-0.0035654998438117203,4,5.021798881016118
2024-05-15 12:55:00+00:00,1.0372600452023575,1.046607810657702,-0.009347765455344534,4,5.049793186891525
2024-05-15 13:00:00+00:00,1.0485273083678952,1.046607810657702,0.0019194977101933564,4,4.995529126895977
2024-05-15 13:05:00+00:00,1.0487306420677966,1.0487306420677966,0.0,0,0.0
2024-05-16 00:10:00+00:00,1.0483373680770212,1.0483373680770212,0.0,1,1.2504689258471928
2024-05-16 00:15:00+00:00,1.0487451653602413,1.0483373680770212,0.00040779728322007565,1,1.2499826896789084
2024-05-16 00:20:00+00:00,1.0465349040851886,1.0483373680770212,-0.001802463991832583,1,1.25262262870311
2024-05-16 00:25:00+00:00,1.0499685572099016,1.0483373680770212,0.0016311891328803026,1,1.2485262473652134
2024-05-16 00:30:00+00:00,1.0453686038551793,1.0483373680770212,-0.002968764221841807,1,1.2540201587748794
2024-05-16 00:35:00+00:00,1.0448955590066442,1.0483373680770212,-0.0034418090703769613,1,1.2545878784583964
2024-05-16 00:40:00+00:00,1.0408973570322038,1.0408973570322038,0.0,0,0.0
2024-05-16 03:20:00+00:00,1.0405070205233167,1.0405070205233167,0.0,1,1.2504689258471928
2024-05-16 03:25:00+00:00,1.0407944835846534,1.0405070205233167,0.00028746306133669414,1,1.2501235515862796
2024-05-16 03:30:00+00:00,1.0420162015953345,1.0405070205233167,0.0015091810720177885,1,1.248657836891814
2024-05-16 03:35:00+00:00,1.04211202261578,1.0405070205233167,0.0016050020924633533,1,1.2485430242176276
2024-05-16 03:40:00+00:00,1.0445873989772907,1.0405070205233167,0.004080378453973968,1,1.2455843307741654
2024-05-16 03:45:00+00:00,1.043693069453132,1.0405070205233167,0.003186048929815171,1,1.2466516587793466
2024-05-16 03:50:00+00:00,1.0443887045092948,1.0443887045092948,0.0,0,0.0
2024-05-17 06:55:00+00:00,1.0439970587451037,1.0439970587451037,0.0,1,1.2504689258471928
2024-05-17 07:00:00+00:00,1.0398756795740707,1.0439970587451037,-0.004121379171033138,1,1.2554249573096476
2024-05-17 07:05:00+00:00,1.0488521682988587,1.0439970587451037,0.004855109553755039,1,1.244680537538475
2024-05-17 07:10:00+00:00,1.0513499738570609,1.0439970587451037,0.00735291511195709,1,1.2417234157025903
2024-05-17 07:15:00+00:00,1.0528798797614596,1.0439970587451037,0.008882821016355806,1,1.2399191073272189
2024-05-17 07:20:00+00:00,1.047314456752091,1.0439970587451037,0.0033173980069871396,1,1.2465080303437837
2024-05-17 07:25:00+00:00,1.0496625914595528,1.0496625914595528,0.0,0,0.0
2024-05-17 15:00:00+00:00,1.0492689679877554,1.0492689679877554,0.0,1,1.2504689258471928
2024-05-17 15:05:00+00:00,1.0448539746984158,1.0492689679877554,-0.00441499328933968,1,1.2557527377958784
2024-05-17 15:10:00+00:00,1.04791912357753,1.0492689679877554,-0.001349844410225333,1,1.252079678482332
2024-05-17 15:15:00+00:00,1.0509390811590675,1.0492689679877554,0.0016701131713121892,1,1.2484817272922863
2024-05-17 15:20:00+00:00,1.053921706799129,1.0492689679877554,0.004652738811373832,1,1.2449484917711395
2024-05-17 15:25:00+00:00,1.0537507658039478,1.0492689679877554,0.004481797816192389,1,1.2451504491419325
2024-05-17 15:30:00+00:00,1.0603617934565368,1.0603617934565368,0.0,0,0.0
2024-05-20 16:05:00+00:00,1.0599641577839907,1.0599641577839907,0.0,1,1.2504689258471926
2024-05-20 16:10:00+00:00,1.0559754107320665,1.0599641577839907,-0.003988747051924266,1,1.2551923353042727
2024-05-20 16:15:00+00:00,1.0534308988939454,1.0599641577839907,-0.006533258890045374,1,1.2582241922202355
2024-05-20 16:20:00+00:00,1.0531084377163031,1.0599641577839907,-0.006855720067687462,1,1.2586094597199822
2024-05-20 16:25:00+00:00,1.056917388232815,1.0599641577839907,-0.003046769551175716,1,1.2540736452797423
2024-05-20 16:30:00+00:00,1.059520529375962,1.0599641577839907,-0.0004436284080286801,1,1.2509925056396385
2024-05-20 16:35:00+00:00,1.0559510483015182,1.0559510483015182,0.0,0,0.0
2024-05-20 19:25:00+00:00,1.0547635487958424,1.0547635487958424,0.0,3,3.7528142588017888
2024-05-20 19:30:00+00:00,1.0814589999699065,1.0547635487958424,0.026695451174064005,3,3.6601773027877726
2024-05-20 19:35:00+00:00,1.1140289771859337,1.0547635487958424,0.05926542839009122,3,3.55316761650515
2024-05-20 19:40:00+00:00,1.1268460954081825,1.0547635487958424,0.07208254661234008,3,3.5127527190406336
2024-05-20 19:45:00+00:00,1.1210867989624718,1.0547635487958424,0.06632325016662943,3,3.530798586914695
2024-05-20 19:50:00+00:00,1.1315187070134447,1.0547635487958424,0.07675515821760229,3,3.4982467908401813
2024-05-20 19:55:00+00:00,1.1460155798839873,1.1460155798839873,0.0,0,0.0
2024-05-21 10:15:00+00:00,1.1455858240415309,1.1455858240415309,0.0,1,1.2504689258471926
2024-05-21 10:20:00+00:00,1.1439024783760021,1.1455858240415309,-0.0016833456655286363,1,1.252309092719802
2024-05-21 10:25:00+00:00,1.14044739218123,1.1455858240415309,-0.005138431860301028,1,1.2561030738253822
2024-05-21 10:30:00+00:00,1.1417694718820104,1.1455858240415309,-0.0038163521595205386,1,1.254648604760576
2024-05-21 10:35:00+00:00,1.142591928440054,1.1455858240415309,-0.0029938956014767463,1,1.253745487954531
2024-05-21 10:40:00+00:00,1.1429339781300816,1.1455858240415309,-0.0026518459114492844,1,1.2533702753318126
2024-05-21 10:45:00+00:00,1.1430115319402503,1.1430115319402503,0.0,0,0.0
2024-05-22 16:10:00+00:00,1.1425829026157728,1.1425829026157728,0.0,1,1.2504689258471926
2024-05-22 16:15:00+00:00,1.1414339823510422,1.1425829026157728,-0.0011489202647304673,1,1.2517275961790173
2024-05-22 16:20:00+00:00,1.1407774564854822,1.1425829026157728,-0.0018054461302904397,1,1.2524479746707684
2024-05-22 16:25:00+00:00,1.1391205102533541,1.1425829026157728,-0.0034623923624185707,1,1.254269765195904
2024-05-22 16:30:00+00:00,1.1376902217605267,1.1425829026157728,-0.004892680855246011,1,1.2558466158866703
2024-05-22 16:35:00+00:00,1.1336572771578002,1.1425829026157728,-0.008925625457972666,1,1.2603142446254814
2024-05-22 16:40:00+00:00,1.1295708608680586,1.1295708608680586,0.0,0,0.0
2024-05-23 18:40:00+00:00,1.129147271795233,1.129147271795233,0.0,1,1.2504689258471926
2024-05-23 18:45:00+00:00,1.120985805909401,1.129147271795233,-0.008161465885832182,1,1.2595731084566377
2024-05-23 18:50:00+00:00,1.1257897541489037,1.129147271795233,-0.0033575176463294817,1,1.2541982824781674
2024-05-23 18:55:00+00:00,1.1321862749327032,1.129147271795233,0.0030390031374699735,1,1.2471124295946796
2024-05-23 19:00:00+00:00,1.1330518849508977,1.129147271795233,0.0039046131556645406,1,1.2461596815103155
2024-05-23 19:05:00+00:00,1.1298854760098838,1.129147271795233,0.0007382042146505755,1,1.2496519391251313
2024-05-23 19:10:00+00:00,1.1293419755925465,1.1293419755925465,0.0,0,0.0
2024-05-23 20:20:00+00:00,1.1289184723516992,1.1289184723516992,0.0,1,1.2504689258471928
2024-05-23 20:25:00+00:00,1.1311472097411441,1.1289184723516992,0.0022287373894450016,1,1.2480050848675448
2024-05-23 20:30:00+00:00,1.1341907543482355,1.1289184723516992,0.005272281996536273,1,1.244656125152339
2024-05-23 20:35:00+00:00,1.1369946497736656,1.1289184723516992,0.008076177421966434,1,1.2415867302204957
2024-05-23 20:40:00+00:00,1.137785492073146,1.1289184723516992,0.008867019721446968,1,1.2407237386359018
2024-05-23 20:45:00+00:00,1.137713597318648,1.1289184723516992,0.008795124966948824,1,1.2408021428395601
2024-05-23 20:50:00+00:00,1.139686585894408,1.139686585894408,0.0,0,0.0
2024-05-30 13:50:00+00:00,1.1392592034246978,1.1392592034246978,0.0,1,1.2504689258471926
2024-05-30 13:55:00+00:00,1.1360378876244068,1.1392592034246978,-0.003221315800290949,1,1.2540147189518818
2024-05-30 14:00:00+00:00,1.1396390364088815,1.1392592034246978,0.0003798329841838208,1,1.2500521541075809
2024-05-30 14:05:00+00:00,1.1404858771605044,1.1392592034246978,0.0012266737358066306,1,1.249123957514399
2024-05-30 14:10:00+00:00,1.1424701412746012,1.1392592034246978,0.0032109378499035495,1,1.2469544550010212
2024-05-30 14:15:00+00:00,1.1366377331568063,1.1392592034246978,-0.002621470267891538,1,1.2533529292674612
2024-05-30 14:20:00+00:00,1.1409323181134245,1.1409323181134245,0.0,0,0.0
2024-05-30 18:20:00+00:00,1.1405044684941321,1.1405044684941321,0.0,1,1.2504689258471926
2024-05-30 18:25:00+00:00,1.1410735404269536,1.1405044684941321,0.0005690719328214179,1,1.2498452966564755
2024-05-30 18:30:00+00:00,1.1390343660010105,1.1405044684941321,-0.0014701024931217058,1,1.252082852116962
2024-05-30 18:35:00+00:00,1.1391054999926131,1.1405044684941321,-0.001398968501519068,1,1.2520046630018282
2024-05-30 18:40:00+00:00,1.1387261187040656,1.1405044684941321,-0.0017783497900665745,1,1.2524217844979593
2024-05-30 18:45:00+00:00,1.1396508605949,1.1405044684941321,-0.0008536078992319684,1,1.2514055373917934
2024-05-30 18:50:00+00:00,1.1385590937206496,1.1385590937206496,0.0,0,0.0
2024-05-31 12:35:00+00:00,1.1381321340605044,1.1381321340605044,0.0,1,1.2504689258471926
2024-05-31 12:40:00+00:00,1.1383882607381042,1.1381321340605044,0.0002561266775998314,1,1.2501875820715538
2024-05-31 12:45:00+00:00,1.1380866922306072,1.1381321340605044,-4.544182989707559e-05,1,1.250518854904977
2024-05-31 12:50:00+00:00,1.1365809152308455,1.1381321340605044,-0.0015512188296588224,1,1.2521755803560655
2024-05-31 12:55:00+00:00,1.1348314047798191,1.1381321340605044,-0.003300729280685251,1,1.2541059942088422
2024-05-31 13:00:00+00:00,1.1333896594494572,1.1381321340605044,-0.004742474611047198,1,1.2557012985649871
2024-05-31 13:05:00+00:00,1.1357263892621259,1.1357263892621259,0.0,0,0.0
2024-06-02 11:50:00+00:00,1.1353004918661527,1.1353004918661527,0.0,1,1.2504689258471926
2024-06-02 11:55:00+00:00,1.14002157060101,1.1353004918661527,0.004721078734857176,1,1.2452904604508714
2024-06-02 12:00:00+00:00,1.1395586379688816,1.1353004918661527,0.004258146102728865,1,1.2457963454237135
2024-06-02 12:05:00+00:00,1.1364473970358395,1.1353004918661527,0.0011469051696868062,1,1.249206949904155
2024-06-02 12:10:00+00:00,1.1361512869738477,1.1353004918661527,0.0008507951076950681,1,1.2495325251612688
2024-06-02 12:15:00+00:00,1.1376026433340336,1.1353004918661527,0.0023021514678809767,1,1.2479383683717442
2024-06-02 12:20:00+00:00,1.1329561349136121,1.1329561349136121,0.0,0,0.0
2024-06-03 06:15:00+00:00,1.1325312763630195,1.1325312763630195,0.0,1,1.2504689258471926
2024-06-03 06:20:00+00:00,1.139762383769527,1.1325312763630195,0.007231107406507345,1,1.2425354519581917
2024-06-03 06:25:00+00:00,1.1507123464136662,1.1325312763630195,0.0181810700506466,1,1.2307117178813265
2024-06-03 06:30:00+00:00,1.1534440981005687,1.1325312763630195,0.020912821737549155,1,1.227796969939099
2024-06-03 06:35:00+00:00,1.1475673885892488,1.1325312763630195,0.015036112226229208,1,1.2340845363190405
2024-06-03 06:40:00+00:00,1.1485315362434496,1.1325312763630195,0.016000259880430166,1,1.2330485702412877
2024-06-03 06:45:00+00:00,1.1720496777721805,1.1720496777721805,0.0,0,0.0
2024-06-03 12:40:00+00:00,1.171610159143016,1.171610159143016,0.0,1,1.2504689258471928
2024-06-03 12:45:00+00:00,1.1700752403948673,1.171610159143016,-0.0015349187481485803,1,1.2521093059971158
2024-06-03 12:50:00+00:00,1.1673434629785322,1.171610159143016,-0.004266696164483828,1,1.2550394495524482
2024-06-03 12:55:00+00:00,1.1708269516285708,1.171610159143016,-0.0007832075144452059,1,1.2513054086920243
2024-06-03 13:00:00+00:00,1.172021710544708,1.171610159143016,0.0004115514016919849,1,1.2500298279750506
2024-06-03 13:05:00+00:00,1.1708458493970157,1.171610159143016,-0.0007643097460002371,1,1.251285212284547
2024-06-03 13:10:00+00:00,1.1681616958269885,1.1681616958269885,0.0,0,0.0
2024-06-04 19:45:00+00:00,1.1677236351910534,1.1677236351910534,0.0,1,1.2504689258471926
2024-06-04 19:50:00+00:00,1.168616778466719,1.1677236351910534,0.0008931432756656923,1,1.2495132251135317
2024-06-04 19:55:00+00:00,1.1695317057247179,1.1677236351910534,0.0018080705336644492,1,1.2485357281347917
2024-06-04 20:00:00+00:00,1.1705991208590496,1.1677236351910534,0.002875485667996278,1,1.247397246217099
2024-06-04 20:05:00+00:00,1.1682464507670527,1.1677236351910534,0.0005228155759993822,1,1.2499093139337074
2024-06-04 20:10:00+00:00,1.1685949944843856,1.1677236351910534,0.0008713592933323037,1,1.2495365175066615
2024-06-04 20:15:00+00:00,1.165760695791787,1.165760695791787,0.0,0,0.0
2024-06-07 18:10:00+00:00,1.1640130381128067,1.1640130381128067,0.0,4,5.0046910179335145
2024-06-07 18:15:00+00:00,1.029563493521882,1.1640130381128067,-0.13444954459092462,4,5.658248017976028
2024-06-07 18:20:00+00:00,1.1210942903782601,1.1640130381128067,-0.04291874773454647,4,5.1962851355126585
2024-06-07 18:25:00+00:00,1.1660009078653115,1.1640130381128067,0.001987869752504867,4,4.996158714203668
2024-06-07 18:30:00+00:00,1.1470674727841665,1.1640130381128067,-0.01694556532864021,4,5.078625045884116
2024-06-07 18:35:00+00:00,1.1648897593249194,1.1640130381128067,0.0008767212121126885,4,5.000924379296365
2024-06-07 18:40:00+00:00,1.1622237519471603,1.1622237519471603,0.0,0,0.0
2024-06-12 12:35:00+00:00,1.1609167404780762,1.1609167404780762,0.0,3,3.7528142588017883
2024-06-12 12:40:00+00:00,1.1636227340619587,1.1609167404780762,0.0027059935838825698,3,3.744087124990668
2024-06-12 12:45:00+00:00,1.171895414474862,1.1609167404780762,0.010978673996785754,3,3.7176567491733916
2024-06-12 12:50:00+00:00,1.1565789238053932,1.1609167404780762,-0.004337816672683159,3,3.766889407437345
2024-06-12 12:55:00+00:00,1.1679774308735575,1.1609167404780762,0.0070606903954812715,3,3.7301276392723945
2024-06-12 13:00:00+00:00,1.1736832838033358,1.1609167404780762,0.01276654332525945,3,3.7119936503056103
2024-06-12 13:05:00+00:00,1.1909623551824045,1.1909623551824045,0.0,0,0.0
2024-06-14 21:20:00+00:00,1.1905157442992111,1.1905157442992111,0.0,1,1.2504689258471926
2024-06-14 21:25:00+00:00,1.197144309853506,1.1905157442992111,0.006628565554294837,1,1.2435451028958886
2024-06-14 21:30:00+00:00,1.2112777303874664,1.1905157442992111,0.020761986088255236,1,1.2290351804798687
2024-06-14 21:35:00+00:00,1.219789016786371,1.1905157442992111,0.02927327248715983,1,1.220459377393075
2024-06-14 21:40:00+00:00,1.2283827264480582,1.1905157442992111,0.037866982148847005,1,1.2119210991208569
2024-06-14 21:45:00+00:00,1.2198063690522196,1.1905157442992111,0.029290624753008584,1,1.2204420158379043
2024-06-14 21:50:00+00:00,1.2154294699542416,1.2154294699542416,0.0,0,0.0
2024-06-17 16:25:00+00:00,1.2145180687715451,1.2145180687715451,0.0,2,2.501406953454738
2024-06-17 16:30:00+00:00,1.2209108689033197,1.2145180687715451,0.00639280013177454,2,2.4883093595935
2024-06-17 16:35:00+00:00,1.2281040218543502,1.2145180687715451,0.013585953082805167,2,2.4737350324237126
2024-06-17 16:40:00+00:00,1.2361245841048143,1.2145180687715451,0.021606515333269263,2,2.457684266931433
2024-06-17 16:45:00+00:00,1.235391678816968,1.2145180687715451,0.020873610045423034,2,2.459142306374288
2024-06-17 16:50:00+00:00,1.2366817347044068,1.2145180687715451,0.022163665932861766,2,2.456577029535987
2024-06-17 16:55:00+00:00,1.2298632212731704,1.2298632212731704,0.0,0,0.0
2024-06-18 20:00:00+00:00,1.229402022565193,1.229402022565193,0.0,1,1.2504689258471926
2024-06-18 20:05:00+00:00,1.234278287000162,1.229402022565193,0.00487626443496921,1,1.245528697039504
2024-06-18 20:10:00+00:00,1.237814156471964,1.229402022565193,0.008412133906771134,1,1.2419707906501738
2024-06-18 20:15:00+00:00,1.2381723654707415,1.229402022565193,0.008770342905548484,1,1.241611482749403
2024-06-18 20:20:00+00:00,1.2422397708762134,1.229402022565193,0.012837748311020542,1,1.2375461345172587
2024-06-18 20:25:00+00:00,1.2411766990088742,1.229402022565193,0.0117746764436813,1,1.2386060967943384
2024-06-18 20:30:00+00:00,1.2452220006080958,1.2452220006080958,0.0,0,0.0
2024-06-19 01:05:00+00:00,1.2447550423578677,1.2447550423578677,0.0,1,1.2504689258471928
2024-06-19 01:10:00+00:00,1.2469764278947844,1.2447550423578677,0.002221385536916721,1,1.2482413187135677
2024-06-19 01:15:00+00:00,1.2495518190949553,1.2447550423578677,0.004796776737087524,1,1.2456686285227496
2024-06-19 01:20:00+00:00,1.256384128395751,1.2447550423578677,0.011629086037883426,1,1.2388945908984181
2024-06-19 01:25:00+00:00,1.2495252686702114,1.2447550423578677,0.004770226312343623,1,1.2456950970000238
2024-06-19 01:30:00+00:00,1.250888190473738,1.2447550423578677,0.006133148115870076,1,1.2443378334003057
2024-06-19 01:35:00+00:00,1.2503150305245334,1.2503150305245334,0.0,0,0.0
2024-06-20 07:20:00+00:00,1.2498461623880868,1.2498461623880868,0.0,1,1.2504689258471926
2024-06-20 07:25:00+00:00,1.2483285250204945,1.2498461623880868,-0.0015176373675923277,1,1.2519891653761641
2024-06-20 07:30:00+00:00,1.2478068371753845,1.2498461623880868,-0.00203932521270225,1,1.2525126017850112
2024-06-20 07:35:00+00:00,1.2469436809225665,1.2498461623880868,-0.0029024814655203464,1,1.253379612942375
2024-06-20 07:40:00+00:00,1.2495023226719917,1.2498461623880868,-0.0003438397160950893,1,1.250813031554439
2024-06-20 07:45:00+00:00,1.247972828762465,1.2498461623880868,-0.0018733336256218202,1,1.2523460063673733
2024-06-20 07:50:00+00:00,1.24639893091774,1.24639893091774,0.0,0,0.0
2024-06-20 11:00:00+00:00,1.2454643069944011,1.2454643069944011,0.0,2,2.5014069534547385
2024-06-20 11:05:00+00:00,1.2425593958600563,1.2454643069944011,-0.002904911134344808,2,2.50725485491911
2024-06-20 11:10:00+00:00,1.2641070496694422,1.2454643069944011,0.01864274267504114,2,2.4645168133586055
2024-06-20 11:15:00+00:00,1.2664700900743875,1.2454643069944011,0.02100578307998643,2,2.4599184001356833
2024-06-20 11:20:00+00:00,1.2655647761720568,1.2454643069944011,0.020100469177655685,2,2.4616780874848985
2024-06-20 11:25:00+00:00,1.2586779997464883,1.2454643069944011,0.013213692752087215,2,2.4751470021903623
2024-06-20 11:30:00+00:00,1.2633527493699737,1.2633527493699737,0.0,0,0.0
2024-06-24 08:25:00+00:00,1.2628789920889598,1.2628789920889598,0.0,1,1.2504689258471928
2024-06-24 08:30:00+00:00,1.2636071478410058,1.2628789920889598,0.000728155752046018,1,1.2497483410177495
2024-06-24 08:35:00+00:00,1.2657261062751608,1.2628789920889598,0.002847114186200971,1,1.2476561310406922
2024-06-24 08:40:00+00:00,1.2678752995502307,1.2628789920889598,0.004996307461270931,1,1.2455412115628983
2024-06-24 08:45:00+00:00,1.2666457493530043,1.2628789920889598,0.0037667572640446086,1,1.2467502752992374
2024-06-24 08:50:00+00:00,1.268611014012506,1.2628789920889598,0.0057320219235460525,1,1.2448188761325851
2024-06-24 08:55:00+00:00,1.2614503177490346,1.2614503177490346,0.0,0,0.0
2024-06-25 09:55:00+00:00,1.260031718249398,1.260031718249398,0.0,3,3.7528142588017888
2024-06-25 10:00:00+00:00,1.2536277402966969,1.260031718249398,-0.006403977952701227,3,3.771984973521504
2024-06-25 10:05:00+00:00,1.245142107389832,1.260031718249398,-0.01488961085956605,3,3.7976910191411566
2024-06-25 10:10:00+00:00,1.2466714943346557,1.260031718249398,-0.013360223914742349,3,3.7930321021036346
2024-06-25 10:15:00+00:00,1.2465697475897926,1.260031718249398,-0.013461970659605593,3,3.7933416946236655
2024-06-25 10:20:00+00:00,1.2508945121350292,1.260031718249398,-0.009137206114368824,3,3.7802268320115693
2024-06-25 10:25:00+00:00,1.2538043999467254,1.2538043999467254,0.0,0,0.0
2024-06-26 01:45:00+00:00,1.2533342232967455,1.2533342232967455,0.0,1,1.2504689258471926
2024-06-26 01:50:00+00:00,1.2526342431717195,1.2533342232967455,-0.0006999801250261393,1,1.2511676959788787
2024-06-26 01:55:00+00:00,1.2536572910467576,1.2533342232967455,0.00032306775001201074,1,1.2501466797395693
2024-06-26 02:00:00+00:00,1.2532803786717435,1.2533342232967455,-5.3844625001943796e-05,1,1.2505226496838813
2024-06-26 02:05:00+00:00,1.25131504985917,1.2533342232967455,-0.0020191734375753284,1,1.2524867339442567
2024-06-26 02:10:00+00:00,1.2545726496717915,1.2533342232967455,0.0012384263750460991,1,1.249234550381292
2024-06-26 02:15:00+00:00,1.2554755109593627,1.2554755109593627,0.0,0,0.0
2024-06-26 19:55:00+00:00,1.2550047076427528,1.2550047076427528,0.0,1,1.2504689258471928
2024-06-26 20:00:00+00:00,1.2563322931745122,1.2550047076427528,0.0013275855317593458,1,1.2491475362252842
2024-06-26 20:05:00+00:00,1.258936757846193,1.2550047076427528,0.003932050203440124,1,1.2465633233110616
2024-06-26 20:10:00+00:00,1.2545068630683431,1.2550047076427528,-0.0004978445744097111,1,1.250965167987055
2024-06-26 20:15:00+00:00,1.2482146608084415,1.2550047076427528,-0.00679004683431134,1,1.2572712354482145
2024-06-26 20:20:00+00:00,1.2466012756135951,1.2550047076427528,-0.008403432029157755,1,1.2588984299945862
2024-06-26 20:25:00+00:00,1.2435767140171425,1.2435767140171425,0.0,0,0.0
2024-06-27 12:10:00+00:00,1.2431103727493862,1.2431103727493862,0.0,1,1.2504689258471926
2024-06-27 12:15:00+00:00,1.2408323888639035,1.2431103727493862,-0.002277983885482738,1,1.2527646009826434
2024-06-27 12:20:00+00:00,1.2385001672668614,1.2431103727493862,-0.004610205482524753,1,1.255123683957068
2024-06-27 12:25:00+00:00,1.2378447949188556,1.2431103727493862,-0.005265577830530571,1,1.2557882045489623
2024-06-27 12:30:00+00:00,1.241926182713679,1.2431103727493862,-0.001184190035707347,1,1.251661261480792
2024-06-27 12:35:00+00:00,1.234617651081088,1.2431103727493862,-0.008492721668298156,1,1.259070685697926
2024-06-27 12:40:00+00:00,1.2355117724116063,1.2355117724116063,0.0,0,0.0
2024-06-28 15:55:00+00:00,1.2350484554969519,1.2350484554969519,0.0,1,1.2504689258471928
2024-06-28 16:00:00+00:00,1.2337010650446827,1.2350484554969519,-0.001347390452269198,1,1.2518346293707483
2024-06-28 16:05:00+00:00,1.2375492121763634,1.2350484554969519,0.002500756679411623,1,1.247942061874479
2024-06-28 16:10:00+00:00,1.2322997789743226,1.2350484554969519,-0.0027486765226292804,1,1.253258129121752
2024-06-28 16:15:00+00:00,1.2351239093622786,1.2350484554969519,7.545386532679252e-05,1,1.250392534552999
2024-06-28 16:20:00+00:00,1.2270180084014277,1.2350484554969519,-0.008030447095524132,1,1.2586528518245266
2024-06-28 16:25:00+00:00,1.2172846451751616,1.2172846451751616,0.0,0,0.0
2024-06-30 22:30:00+00:00,1.2159157134271064,1.2159157134271064,0.0,3,3.7528142588017888
2024-06-30 22:35:00+00:00,1.2059145229098878,1.2159157134271064,-0.01000119051721866,3,3.78393803222434
2024-06-30 22:40:00+00:00,1.2093472854128233,1.2159157134271064,-0.006568428014283128,3,3.7731972295226437
2024-06-30 22:45:00+00:00,1.205266181616731,1.2159157134271064,-0.010649531810375312,3,3.7859735023258465
2024-06-30 22:50:00+00:00,1.2024307440827482,1.2159157134271064,-0.01348496934435809,3,3.794901161090383
2024-06-30 22:55:00+00:00,1.2063292624091217,1.2159157134271064,-0.009586451017984516,3,3.782637103353989
2024-06-30 23:00:00+00:00,1.2102842309740371,1.2102842309740371,0.0,0,0.0
2024-07-03 10:40:00+00:00,1.209830374387422,1.209830374387422,0.0,1,1.2504689258471926
2024-07-03 10:45:00+00:00,1.2117753351185778,1.209830374387422,0.0019449607311560191,1,1.248461859944943
2024-07-03 10:50:00+00:00,1.2120994952404374,1.209830374387422,0.0022691208530153557,1,1.2481279751852794
2024-07-03 10:55:00+00:00,1.2136932825062459,1.209830374387422,0.003862908118823872,1,1.2464889692670447
2024-07-03 11:00:00+00:00,1.2137473091932225,1.209830374387422,0.00391693480580054,1,1.2464334851734014
2024-07-03 11:05:00+00:00,1.211100001531371,1.209830374387422,0.00126962714394918,1,1.2491580272517726
2024-07-03 11:10:00+00:00,1.2101058780749903,1.2101058780749903,0.0,0,0.0
2024-07-03 21:10:00+00:00,1.209198468837573,1.209198468837573,0.0,2,2.5014069534547385
2024-07-03 21:15:00+00:00,1.2119849897982633,1.209198468837573,0.002786520960690279,2,2.4956558732304046
2024-07-03 21:20:00+00:00,1.2079740979812483,1.209198468837573,-0.0012243708563246993,2,2.5039423139220998
2024-07-03 21:25:00+00:00,1.2099994445531246,1.209198468837573,0.0008009757155516641,2,2.49975111283973
2024-07-03 21:30:00+00:00,1.2120107363246642,1.209198468837573,0.0028122674870912343,2,2.4956028584608965
2024-07-03 21:35:00+00:00,1.2169062015500014,1.209198468837573,0.007707732712428384,2,2.485563352544758
2024-07-03 21:40:00+00:00,1.2220247764705388,1.2220247764705388,0.0,0,0.0
2024-07-04 13:50:00+00:00,1.2215665171793624,1.2215665171793624,0.0,1,1.2504689258471926
2024-07-04 13:55:00+00:00,1.2250565816815622,1.2215665171793624,0.0034900645021997407,1,1.2469064641009664
2024-07-04 14:00:00+00:00,1.2277518790198947,1.2215665171793624,0.006185361840532301,1,1.2441691164892292
2024-07-04 14:05:00+00:00,1.2253099857048244,1.2215665171793624,0.0037434685254619272,1,1.24664859375116
2024-07-04 14:10:00+00:00,1.2242963696117763,1.2215665171793624,0.00272985243241386,1,1.247680715636323
2024-07-04 14:15:00+00:00,1.2264157487154221,1.2215665171793624,0.0048492315360597876,1,1.2455245883691128
2024-07-04 14:20:00+00:00,1.2306800189486744,1.2306800189486744,0.0,0,0.0
2024-07-05 00:20:00+00:00,1.2302185139415687,1.2302185139415687,0.0,1,1.2504689258471926
2024-07-05 00:25:00+00:00,1.2372973176460136,1.2302185139415687,0.0070788037044448625,1,1.2433147649690124
2024-07-05 00:30:00+00:00,1.2284488130154574,1.2302185139415687,-0.001769700926111301,1,1.252270348904221
2024-07-05 00:35:00+00:00,1.228058878913094,1.2302185139415687,-0.0021596350284747647,1,1.2526679706492374
2024-07-05 00:40:00+00:00,1.2203501816586775,1.2302185139415687,-0.009868332282891284,1,1.2605808126278524
2024-07-05 00:45:00+00:00,1.2145011701232251,1.2302185139415687,-0.01571734381834358,1,1.2666517427313468
2024-07-05 00:50:00+00:00,1.2229781545395286,1.2229781545395286,0.0,0,0.0
2024-07-05 03:20:00+00:00,1.2225195377315763,1.2225195377315763,0.0,1,1.2504689258471928
2024-07-05 03:25:00+00:00,1.2033500927449203,1.2225195377315763,-0.019169444986655872,1,1.270388976899727
2024-07-05 03:30:00+00:00,1.2143457642347282,1.2225195377315763,-0.008173773496848153,1,1.258885844706512
2024-07-05 03:35:00+00:00,1.216162158345139,1.2225195377315763,-0.006357379386437433,1,1.2570056408058121
2024-07-05 03:40:00+00:00,1.210940025277708,1.2225195377315763,-0.011579512453868315,1,1.262426430098241
2024-07-05 03:45:00+00:00,1.2129185974336911,1.2225195377315763,-0.009600940297885085,1,1.2603670983435344
2024-07-05 03:50:00+00:00,1.212622158671311,1.212622158671311,0.0,0,0.0
2024-07-05 04:25:00+00:00,1.2121674253618093,1.2121674253618093,0.0,1,1.2504689258471928
2024-07-05 04:30:00+00:00,1.227472776615041,1.2121674253618093,0.015305351253231705,1,1.2348768357365498
2024-07-05 04:35:00+00:00,1.2347662574429532,1.2121674253618093,0.022598832081143872,1,1.227582701748042
2024-07-05 04:40:00+00:00,1.231697881535384,1.2121674253618093,0.019530456173574653,1,1.2306408260194721
2024-07-05 04:45:00+00:00,1.2365439672941638,1.2121674253618093,0.02437654193235459,1,1.2258178750052868
2024-07-05 04:50:00+00:00,1.2293722474149646,1.2121674253618093,0.017204822053155395,1,1.2329688599416548
2024-07-05 04:55:00+00:00,1.2272615652029653,1.2272615652029653,0.0,0,0.0
2024-07-05 09:15:00+00:00,1.2268013421160142,1.2268013421160142,0.0,1,1.2504689258471926
2024-07-05 09:20:00+00:00,1.229088912399553,1.2268013421160142,0.00228757028353876,1,1.248141563256579
2024-07-05 09:25:00+00:00,1.2341364859599697,1.2268013421160142,0.007335143843955472,1,1.2430367094369057
2024-07-05 09:30:00+00:00,1.2482348810769959,1.2268013421160142,0.021433538960981557,1,1.2289970259283909
2024-07-05 09:35:00+00:00,1.246469473575569,1.2268013421160142,0.019668131459554823,1,1.2307376867426356
2024-07-05 09:40:00+00:00,1.2471408257239989,1.2268013421160142,0.02033948360798467,1,1.2300751646175432
2024-07-05 09:45:00+00:00,1.2521508794020315,1.2521508794020315,0.0,0,0.0
2024-07-05 13:10:00+00:00,1.2516813228222559,1.2516813228222559,0.0,1,1.2504689258471926
2024-07-05 13:15:00+00:00,1.2556276794763375,1.2516813228222559,0.003946356654081561,1,1.2465387828223928
2024-07-05 13:20:00+00:00,1.2535736448123869,1.2516813228222559,0.0018923219901310624,1,1.2485812905605476
2024-07-05 13:25:00+00:00,1.253741031615112,1.2516813228222559,0.0020597087928563096,1,1.248414592634182
2024-07-05 13:30:00+00:00,1.2609840571635453,1.2516813228222559,0.009302734341289476,1,1.2412437654233877
2024-07-05 13:35:00+00:00,1.264555921309835,1.2516813228222559,0.01287459848757917,1,1.2377377487832306
2024-07-05 13:40:00+00:00,1.2690285310071336,1.2690285310071336,0.0,0,0.0
2024-07-06 00:35:00+00:00,1.268552645308006,1.268552645308006,0.0,1,1.2504689258471926
2024-07-06 00:40:00+00:00,1.2702162904718854,1.268552645308006,0.001663645163879335,1,1.2488311444735225
2024-07-06 00:45:00+00:00,1.2667619161385526,1.268552645308006,-0.001790729169453441,1,1.252236622801515
2024-07-06 00:50:00+00:00,1.2516620256580648,1.268552645308006,-0.01689061964994121,1,1.2673434451484002
2024-07-06 00:55:00+00:00,1.2440138791407864,1.268552645308006,-0.024538766167219665,1,1.2751350208845984
2024-07-06 01:00:00+00:00,1.2417263670404524,1.268552645308006,-0.02682627826755375,1,1.2774840785089328
2024-07-06 01:05:00+00:00,1.2379694033792294,1.2379694033792294,0.0,0,0.0
2024-07-08 01:30:00+00:00,1.2370411004161423,1.2370411004161423,0.0,2,2.5014069534547385
2024-07-08 01:35:00+00:00,1.2189180431262663,1.2370411004161423,-0.018123057289876024,2,2.538598249275157
2024-07-08 01:40:00+00:00,1.2293294833015433,1.2370411004161423,-0.007711617114598984,2,2.517098346962224
2024-07-08 01:45:00+00:00,1.2325984764904008,1.2370411004161423,-0.004442623925741494,2,2.510422712107204
2024-07-08 01:50:00+00:00,1.2441186704652982,1.2370411004161423,0.007077570049155768,2,2.4871768937708816
2024-07-08 01:55:00+00:00,1.2396998444975904,1.2370411004161423,0.0026587440814480495,2,2.496042267024947
2024-07-08 02:00:00+00:00,1.2568139822171054,1.2568139822171054,0.0,0,0.0
2024-07-09 14:15:00+00:00,1.2554005966392325,1.2554005966392325,0.0,3,3.7528142588017888
2024-07-09 14:20:00+00:00,1.2333683992649978,1.2554005966392325,-0.022032197374234768,3,3.8198524158585423
2024-07-09 14:25:00+00:00,1.2174906871385462,1.2554005966392325,-0.037909909500686276,3,3.8696684166421527
2024-07-09 14:30:00+00:00,1.2278724986618788,1.2554005966392325,-0.02752809797735369,3,3.8369498988781725
2024-07-09 14:35:00+00:00,1.2300648328346677,1.2554005966392325,-0.025335763804564853,3,3.8301113354479797
2024-07-09 14:40:00+00:00,1.2266734108581516,1.2554005966392325,-0.028727185781080855,3,3.840700562898874
2024-07-09 14:45:00+00:00,1.2273135183050414,1.2273135183050414,0.0,0,0.0
2024-07-11 12:35:00+00:00,1.226393205757276,1.226393205757276,0.0,2,2.5014069534547385
2024-07-11 12:40:00+00:00,1.220652362174387,1.226393205757276,-0.005740843582888925,2,2.513171307092128
2024-07-11 12:45:00+00:00,1.2042499801545565,1.226393205757276,-0.022143225602719308,2,2.5474017380985803
2024-07-11 12:50:00+00:00,1.2143478228505116,1.226393205757276,-0.012045382906764365,2,2.526218958708125
2024-07-11 12:55:00+00:00,1.1900583013749093,1.226393205757276,-0.03633490438236654,2,2.5777800037247625
2024-07-11 13:00:00+00:00,1.1958735567471337,1.226393205757276,-0.030519649010142223,2,2.565244858240111
2024-07-11 13:05:00+00:00,1.193229376937379,1.193229376937379,0.0,0,0.0
2024-07-15 02:30:00+00:00,1.1918874972190434,1.1918874972190434,0.0,3,3.7528142588017896
2024-07-15 02:35:00+00:00,1.2190863717393907,1.1918874972190434,0.02719887452034726,3,3.669085717092572
2024-07-15 02:40:00+00:00,1.208727326252585,1.1918874972190434,0.01683982903354171,3,3.7005305475459283
2024-07-15 02:45:00+00:00,1.2019137822827046,1.1918874972190434,0.010026285063661286,3,3.7215085311328235
2024-07-15 02:50:00+00:00,1.2135379008091933,1.1918874972190434,0.02165040359014983,3,3.6858613080552574
2024-07-15 02:55:00+00:00,1.215684862610156,1.1918874972190434,0.023797365391112567,3,3.6793518879946583
2024-07-15 03:00:00+00:00,1.2128906310990732,1.2128906310990732,0.0,0,0.0
2024-07-15 07:45:00+00:00,1.2124357971124111,1.2124357971124111,0.0,1,1.2504689258471926
2024-07-15 07:50:00+00:00,1.2097603507638877,1.2124357971124111,-0.0026754463485234754,1,1.253234401273369
2024-07-15 07:55:00+00:00,1.2075713492060052,1.2124357971124111,-0.004864447906405997,1,1.255506177643836
2024-07-15 08:00:00+00:00,1.2063552372294035,1.2124357971124111,-0.006080559883007623,1,1.2567718380829922
2024-07-15 08:05:00+00:00,1.2101386967121637,1.2124357971124111,-0.002297100400247478,1,1.2528425815924926
2024-07-15 08:10:00+00:00,1.2088415106037886,1.2124357971124111,-0.003594286508622399,1,1.2541869844596731
2024-07-15 08:15:00+00:00,1.2076840341417567,1.2076840341417567,0.0,0,0.0
2024-07-15 19:25:00+00:00,1.2072311526289536,1.2072311526289536,0.0,1,1.2504689258471926
2024-07-15 19:30:00+00:00,1.1952528623553171,1.2072311526289536,-0.011978290273636614,1,1.2630005668444324
2024-07-15 19:35:00+00:00,1.2045339370265475,1.2072311526289536,-0.002697215602406144,1,1.2532689999617044
2024-07-15 19:40:00+00:00,1.201328229958114,1.2072311526289536,-0.00590292267083968,1,1.256613309361614
2024-07-15 19:45:00+00:00,1.201496253225149,1.2072311526289536,-0.0057348994038046944,1,1.2564375782487855
2024-07-15 19:50:00+00:00,1.2020356963456305,1.2072311526289536,-0.005195456283323265,1,1.2558737209440807
2024-07-15 19:55:00+00:00,1.2002253637017801,1.2002253637017801,0.0,0,0.0
2024-07-15 22:15:00+00:00,1.199775279190392,1.199775279190392,0.0,1,1.2504689258471928
2024-07-15 22:20:00+00:00,1.1985956873225374,1.199775279190392,-0.0011795918678545487,1,1.2516995684997032
2024-07-15 22:25:00+00:00,1.200283159022385,1.199775279190392,0.0005078798319930208,1,1.2499398107436457
2024-07-15 22:30:00+00:00,1.2011327460224466,1.199775279190392,0.001357466832054675,1,1.249055701457987
2024-07-15 22:35:00+00:00,1.2047698209483317,1.199775279190392,0.0049945417579398245,1,1.2452849320597041
2024-07-15 22:40:00+00:00,1.2049500363725871,1.199775279190392,0.0051747571821951655,1,1.245098684044786
2024-07-15 22:45:00+00:00,1.2059252920348567,1.2059252920348567,0.0,0,0.0
2024-07-18 16:10:00+00:00,1.2054730700503435,1.2054730700503435,0.0,1,1.2504689258471926
2024-07-18 16:15:00+00:00,1.2063291428038683,1.2054730700503435,0.0008560727535247049,1,1.2495815292498935
2024-07-18 16:20:00+00:00,1.20537105101754,1.2054730700503435,-0.00010201903280356023,1,1.250574761830443
2024-07-18 16:25:00+00:00,1.2043331182490176,1.2054730700503435,-0.001139951801325945,1,1.2516525471251612
2024-07-18 16:30:00+00:00,1.2056859793361943,1.2054730700503435,0.00021290928585076277,1,1.2502481084448644
2024-07-18 16:35:00+00:00,1.2092034181628535,1.2054730700503435,0.0037303481125100023,1,1.2466112751597893
2024-07-18 16:40:00+00:00,1.2099177616403978,1.2099177616403978,0.0,0,0.0
2024-07-19 06:05:00+00:00,1.2094640424797827,1.2094640424797827,0.0,1,1.2504689258471926
2024-07-19 06:10:00+00:00,1.2171425425852733,1.2094640424797827,0.007678500105490578,1,1.2425801819711995
2024-07-19 06:15:00+00:00,1.219751204685938,1.2094640424797827,0.010287162206155338,1,1.2399226959074083
2024-07-19 06:20:00+00:00,1.2158336025913001,1.2094640424797827,0.006369560111517467,1,1.2439179167503946
2024-07-19 06:25:00+00:00,1.2167830449812949,1.2094640424797827,0.007319002501512272,1,1.2429473013192311
2024-07-19 06:30:00+00:00,1.2228576326998044,1.2094640424797827,0.013393590220021657,1,1.2367729174748268
2024-07-19 06:35:00+00:00,1.215859213569323,1.215859213569323,0.0,0,0.0
2024-07-19 13:40:00+00:00,1.2144918848305455,1.2144918848305455,0.0,3,3.7528142588017896
2024-07-19 13:45:00+00:00,1.204887666730222,1.2144918848305455,-0.009604218100323482,3,3.782728123493714
2024-07-19 13:50:00+00:00,1.2282758652887598,1.2144918848305455,0.013783980458214384,3,3.7106993562229045
2024-07-19 13:55:00+00:00,1.2459405006384285,1.2144918848305455,0.03144861580788312,3,3.658089981227597
2024-07-19 14:00:00+00:00,1.2449452894257225,1.2144918848305455,0.030453404595176897,3,3.6610142640835006
2024-07-19 14:05:00+00:00,1.2403106729070046,1.2144918848305455,0.025818788076459043,3,3.6746942214959573
2024-07-19 14:10:00+00:00,1.2562367194515789,1.2562367194515789,0.0,0,0.0
2024-07-21 16:50:00+00:00,1.2557656306817846,1.2557656306817846,0.0,1,1.2504689258471926
2024-07-21 16:55:00+00:00,1.256946998859179,1.2557656306817846,0.0011813681773944406,1,1.2492936462235034
2024-07-21 17:00:00+00:00,1.2568937040541837,1.2557656306817846,0.0011280733723990821,1,1.2493466187708577
2024-07-21 17:05:00+00:00,1.2508092138172282,1.2557656306817846,-0.004956416864556313,1,1.2554239942974466
2024-07-21 17:10:00+00:00,1.2560676345767574,1.2557656306817846,0.00030200389497276844,1,1.2501682680834285
2024-07-21 17:15:00+00:00,1.256138694316751,1.2557656306817846,0.0003730636349664636,1,1.2500975460903236
2024-07-21 17:20:00+00:00,1.2503203601124355,1.2503203601124355,0.0,0,0.0
2024-07-27 03:40:00+00:00,1.2498514899773934,1.2498514899773934,0.0,1,1.2504689258471926
2024-07-27 03:45:00+00:00,1.2445018392837752,1.2498514899773934,-0.005349650693618122,1,1.2558442268273473
2024-07-27 03:50:00+00:00,1.2481663500089037,1.2498514899773934,-0.0016851399684896303,1,1.2521571745059425
2024-07-27 03:55:00+00:00,1.2503597067932872,1.2498514899773934,0.0005082168158937477,1,1.2499606646385057
2024-07-27 04:00:00+00:00,1.2472569093909889,1.2498514899773934,-0.0025945805864045204,1,1.2530701881649051
2024-07-27 04:05:00+00:00,1.2495037626823082,1.2498514899773934,-0.00034772729508518663,1,1.2508169217397695
2024-07-27 04:10:00+00:00,1.2483929344640319,1.2483929344640319,0.0,0,0.0
2024-07-27 20:30:00+00:00,1.2474568153184402,1.2474568153184402,0.0,2,2.5014069534547385
2024-07-27 20:35:00+00:00,1.238141300183528,1.2474568153184402,-0.00931551513491217,2,2.520227014081121
2024-07-27 20:40:00+00:00,1.2273938878749784,1.2474568153184402,-0.020062927443461803,2,2.542294843405552
2024-07-27 20:45:00+00:00,1.2402849638793236,1.2474568153184402,-0.007171851439116519,2,2.515871144815117
2024-07-27 20:50:00+00:00,1.2274179158891616,1.2474568153184402,-0.020038899429278598,2,2.5422450752737977
2024-07-27 20:55:00+00:00,1.269751893493201,1.2474568153184402,0.02229507817476076,2,2.4574857245438384
2024-07-27 21:00:00+00:00,1.258723165813411,1.258723165813411,0.0,0,0.0
2024-07-29 00:10:00+00:00,1.258251144626231,1.258251144626231,0.0,1,1.2504689258471926
2024-07-29 00:15:00+00:00,1.2553674807727018,1.258251144626231,-0.0028836638535291673,1,1.2533413373893552
2024-07-29 00:20:00+00:00,1.262101374124073,1.258251144626231,0.0038502294978419805,1,1.2466541828771416
2024-07-29 00:25:00+00:00,1.2629373846932055,1.258251144626231,0.004686240066974591,1,1.2458289510916467
2024-07-29 00:30:00+00:00,1.2610592239625513,1.258251144626231,0.0028080793363203676,1,1.2476844285891269
2024-07-29 00:35:00+00:00,1.2602094707539258,1.258251144626231,0.0019583261276946437,1,1.2485257362218267
2024-07-29 00:40:00+00:00,1.2599138134402343,1.2599138134402343,0.0,0,0.0
2024-07-29 02:50:00+00:00,1.2594413457601943,1.2594413457601943,0.0,1,1.2504689258471926
2024-07-29 02:55:00+00:00,1.2624869955547326,1.2594413457601943,0.003045649794538392,1,1.2474522686931049
2024-07-29 03:00:00+00:00,1.2637847072063189,1.2594413457601943,0.004343361446124514,1,1.2461713279326652
2024-07-29 03:05:00+00:00,1.264102514141401,1.2594413457601943,0.004661168381206872,1,1.2458580290618164
2024-07-29 03:10:00+00:00,1.2644203210764835,1.2594413457601943,0.00497897531628923,1,1.2455448876837762
2024-07-29 03:15:00+00:00,1.2651353866804187,1.2594413457601943,0.005694040920224361,1,1.244840894801499
2024-07-29 03:20:00+00:00,1.261431881827042,1.261431881827042,0.0,0,0.0
2024-07-30 05:00:00+00:00,1.260958844871357,1.260958844871357,0.0,1,1.2504689258471926
2024-07-30 05:05:00+00:00,1.2578944410305153,1.260958844871357,-0.003064403840841687,1,1.2535152401119094
2024-07-30 05:10:00+00:00,1.25574593442702,1.260958844871357,-0.005212910444336785,1,1.2556599301301106
2024-07-30 05:15:00+00:00,1.2511750080275523,1.260958844871357,-0.009783836843804503,1,1.2602472413268342
2024-07-30 05:20:00+00:00,1.2463130488610772,1.260958844871357,-0.014645796010279679,1,1.2651635588062935
2024-07-30 05:25:00+00:00,1.2412199754384492,1.260958844871357,-0.019738869432907633,1,1.270354879461891
2024-07-30 05:30:00+00:00,1.241953868487118,1.241953868487118,0.0,0,0.0
2024-08-01 05:10:00+00:00,1.2414881357864354,1.2414881357864354,0.0,1,1.2504689258471928
2024-08-01 05:15:00+00:00,1.244228545911076,1.2414881357864354,0.0027404101246405635,1,1.2477147713020318
2024-08-01 05:20:00+00:00,1.245242497657193,1.2414881357864354,0.003754361870757693,1,1.2466988064812055
2024-08-01 05:25:00+00:00,1.2471333806431946,1.2414881357864354,0.0056452448567593195,1,1.244808582389354
2024-08-01 05:30:00+00:00,1.2502574481852855,1.2414881357864354,0.008769312398850149,1,1.241698130142896
2024-08-01 05:35:00+00:00,1.2495175374516323,1.2414881357864354,0.008029401665196903,1,1.2424334105586663
2024-08-01 05:40:00+00:00,1.2488599760422248,1.2488599760422248,0.0,0,0.0
2024-08-02 06:40:00+00:00,1.248391653551209,1.248391653551209,0.0,1,1.2504689258471926
2024-08-02 06:45:00+00:00,1.2492420168341982,1.248391653551209,0.0008503632829892889,1,1.249617727403072
2024-08-02 06:50:00+00:00,1.253274384659986,1.248391653551209,0.004882731108777118,1,1.2455971247479867
2024-08-02 06:55:00+00:00,1.2555511637725056,1.248391653551209,0.007159510221296715,1,1.2433383959935809
2024-08-02 07:00:00+00:00,1.253274384659986,1.248391653551209,0.004882731108777118,1,1.2455971247479867
2024-08-02 07:05:00+00:00,1.2519851241986795,1.248391653551209,0.0035934706474705976,1,1.2468798070200164
2024-08-02 07:10:00+00:00,1.2501178169517781,1.2501178169517781,0.0,0,0.0
2024-08-02 15:35:00+00:00,1.2496490227704213,1.2496490227704213,0.0,1,1.2504689258471926
2024-08-02 15:40:00+00:00,1.2489874150474298,1.2496490227704213,-0.0006616077229914702,1,1.251131318349098
2024-08-02 15:45:00+00:00,1.2579491923861321,1.2496490227704213,0.008300169615710857,1,1.2422181123433342
2024-08-02 15:50:00+00:00,1.2541800332369688,1.2496490227704213,0.004531010466547423,1,1.2459513225996888
2024-08-02 15:55:00+00:00,1.2551323473836988,1.2496490227704213,0.005483324613277413,1,1.245005974427345
2024-08-02 16:00:00+00:00,1.257207389787627,1.2496490227704213,0.007558367017205647,1,1.2429510706691693
2024-08-02 16:05:00+00:00,1.258382590554309,1.258382590554309,0.0,0,0.0
2024-08-02 21:20:00+00:00,1.257910697082851,1.257910697082851,0.0,1,1.2504689258471926
2024-08-02 21:25:00+00:00,1.2573379693826756,1.257910697082851,-0.0005727277001754847,1,1.2510385246420122
2024-08-02 21:30:00+00:00,1.2514110258432454,1.257910697082851,-0.006499671239605745,1,1.2569637039380863
2024-08-02 21:35:00+00:00,1.2563816717548597,1.257910697082851,-0.0015290253279914476,1,1.2519907553218426
2024-08-02 21:40:00+00:00,1.2636064477891829,1.257910697082851,0.005695750706331706,1,1.24483239298516
2024-08-02 21:45:00+00:00,1.2641634123416472,1.257910697082851,0.006252715258796144,1,1.244283945284583
2024-08-02 21:50:00+00:00,1.2639279660858582,1.2639279660858582,0.0,0,0.0
2024-08-03 16:30:00+00:00,1.26250658027697,1.26250658027697,0.0,3,3.7528142588017883
2024-08-03 16:35:00+00:00,1.2750844229132463,1.26250658027697,0.012577842636276414,3,3.7157952925732327
2024-08-03 16:40:00+00:00,1.2409346799758778,1.26250658027697,-0.021571900301092194,3,3.8180516450604776
2024-08-03 16:45:00+00:00,1.2386683906895644,1.26250658027697,-0.02383818958740568,3,3.8250372189257917
2024-08-03 16:50:00+00:00,1.2346623506776357,1.26250658027697,-0.02784422959933419,3,3.8374481036812256
2024-08-03 16:55:00+00:00,1.243772229015072,1.26250658027697,-0.01873435126189809,3,3.8093411203162373
2024-08-03 17:00:00+00:00,1.2496164264646508,1.2496164264646508,0.0,0,0.0
2024-08-04 17:50:00+00:00,1.2486793898721122,1.2486793898721122,0.0,2,2.5014069534547385
2024-08-04 17:55:00+00:00,1.261424001806748,1.2486793898721122,0.012744611934635755,2,2.4761343560832607
2024-08-04 18:00:00+00:00,1.2557088962435794,1.2486793898721122,0.007029506371467174,2,2.487403981771139
2024-08-04 18:05:00+00:00,1.254210728276235,1.2486793898721122,0.005531338404122723,2,2.4903752121101244
2024-08-04 18:10:00+00:00,1.274855279608001,1.2486793898721122,0.026175889735888865,2,2.4500469648775645
2024-08-04 18:15:00+00:00,1.2616352191218119,1.2486793898721122,0.012955829249699532,2,2.475719812764794
2024-08-04 18:20:00+00:00,1.2613684653709565,1.2613684653709565,0.0,0,0.0
2024-08-05 00:20:00+00:00,1.2604226164018688,1.2604226164018688,0.0,2,2.501406953454738
2024-08-05 00:25:00+00:00,1.2284195440950814,1.2604226164018688,-0.03200307230678754,2,2.5665741904829344
2024-08-05 00:30:00+00:00,1.228086112513254,1.2604226164018688,-0.032336503888614816,2,2.5672710283377804
2024-08-05 00:35:00+00:00,1.2280300016893082,1.2604226164018688,-0.032392614712560705,2,2.567388331410583
2024-08-05 00:40:00+00:00,1.1877363032896442,1.2604226164018688,-0.07268631311222454,2,2.6544864278602356
2024-08-05 00:45:00+00:00,1.1833015461427172,1.2604226164018688,-0.07712107025915156,2,2.6644348663590676
2024-08-05 00:50:00+00:00,1.191051319468474,1.191051319468474,0.0,0,0.0
2024-08-05 05:25:00+00:00,1.1901581984704643,1.1901581984704643,0.0,2,2.5014069534547385
2024-08-05 05:30:00+00:00,1.2031191474239042,1.1901581984704643,0.012960948953439928,2,2.474459823650575
2024-08-05 05:35:00+00:00,1.2231959058091226,1.1901581984704643,0.03303770733865834,2,2.4338456164108107
2024-08-05 05:40:00+00:00,1.1992600015150032,1.1901581984704643,0.009101803044538954,2,2.4824224852027967
2024-08-05 05:45:00+00:00,1.1875825282571146,1.1901581984704643,-0.002575670213349768,2,2.506832091689918
2024-08-05 05:50:00+00:00,1.1858343849554231,1.1901581984704643,-0.004323813515041244,2,2.5105276344951792
2024-08-05 05:55:00+00:00,1.1781567375397066,1.1781567375397066,0.0,0,0.0
2024-08-08 12:35:00+00:00,1.17639049625465,1.17639049625465,0.0,4,5.0046910179335145
2024-08-08 12:40:00+00:00,1.147706710111287,1.17639049625465,-0.028683786143363005,4,5.129769564227015
2024-08-08 12:45:00+00:00,1.127532223309602,1.17639049625465,-0.048858272945048284,4,5.221554496160412
2024-08-08 12:50:00+00:00,1.1027619028595277,1.17639049625465,-0.0736285933951224,4,5.338841444305822
2024-08-08 12:55:00+00:00,1.0925411125428073,1.17639049625465,-0.08384938371184279,4,5.388786639328703
2024-08-08 13:00:00+00:00,1.1035605589923052,1.17639049625465,-0.07282993726234485,4,5.334977679488678
2024-08-08 13:05:00+00:00,1.1001581911623095,1.1001581911623095,0.0,0,0.0
2024-08-08 21:45:00+00:00,1.0997456318406236,1.0997456318406236,0.0,1,1.2504689258471928
2024-08-08 21:50:00+00:00,1.0987612366993331,1.0997456318406236,-0.0009843951412905308,1,1.2515892379712685
2024-08-08 21:55:00+00:00,1.0992250163963844,1.0997456318406236,-0.0005206154442391152,1,1.2510611734995174
2024-08-08 22:00:00+00:00,1.1148571203028814,1.0997456318406236,0.015111488462257924,1,1.233519267993083
2024-08-08 22:05:00+00:00,1.106511359185844,1.0997456318406236,0.006765727345220471,1,1.24282297469114
2024-08-08 22:10:00+00:00,1.1063317582247307,1.0997456318406236,0.006586126384107249,1,1.2430247335207936
2024-08-08 22:15:00+00:00,1.103504816362513,1.103504816362513,0.0,0,0.0
2024-08-12 14:10:00+00:00,1.102677342930606,1.102677342930606,0.0,2,2.501406953454738
2024-08-12 14:15:00+00:00,1.1339717419566198,1.102677342930606,0.031294399026013754,2,2.4323752267974323
2024-08-12 14:20:00+00:00,1.128774904136126,1.102677342930606,0.026097561205519905,2,2.4435737921853895
2024-08-12 14:25:00+00:00,1.1378703204460796,1.102677342930606,0.0351929775154735,2,2.424041407409499
2024-08-12 14:30:00+00:00,1.1329101601059632,1.102677342930606,0.030232817175357106,2,2.4346544590664
2024-08-12 14:35:00+00:00,1.146002679783299,1.102677342930606,0.04332533685269294,2,2.4068397235730523
2024-08-12 14:40:00+00:00,1.1760910977348484,1.1760910977348484,0.0,0,0.0
2024-08-12 23:20:00+00:00,1.175209194799358,1.175209194799358,0.0,2,2.501406953454738
2024-08-12 23:25:00+00:00,1.1556744510745385,1.175209194799358,-0.019534743724819458,2,2.5436890543887736
2024-08-12 23:30:00+00:00,1.146188772196705,1.175209194799358,-0.02902042260265289,2,2.564740226866016
2024-08-12 23:35:00+00:00,1.16035067838313,1.175209194799358,-0.014858516416227718,2,2.5334379566453973
2024-08-12 23:40:00+00:00,1.169630373413029,1.175209194799358,-0.005578821386329062,2,2.51333798989587
2024-08-12 23:45:00+00:00,1.162152636905448,1.175209194799358,-0.01305655789390999,2,2.5295097720233697
2024-08-12 23:50:00+00:00,1.1583253045502,1.1583253045502,0.0,0,0.0
2024-08-16 02:35:00+00:00,1.1578909325609936,1.1578909325609936,0.0,1,1.2504689258471926
2024-08-16 02:40:00+00:00,1.1562211316537445,1.1578909325609936,-0.0016698009072490842,1,1.2522748383060662
2024-08-16 02:45:00+00:00,1.1515623871225196,1.1578909325609936,-0.006328545438474076,1,1.2573410237075597
2024-08-16 02:50:00+00:00,1.149669946094304,1.1578909325609936,-0.008220986466689565,1,1.2594106992242644
2024-08-16 02:55:00+00:00,1.1514121050408672,1.1578909325609936,-0.0064788275201264275,1,1.2575051316108572
2024-08-16 03:00:00+00:00,1.153243320035817,1.1578909325609936,-0.004647612525176663,1,1.2555083611000508
2024-08-16 03:05:00+00:00,1.1489572739538896,1.1489572739538896,0.0,0,0.0
2024-08-16 13:20:00+00:00,1.1476651816764518,1.1476651816764518,0.0,3,3.752814258801789
2024-08-16 13:25:00+00:00,1.13706879064289,1.1476651816764518,-0.010596391033561803,3,3.7877868899124425
2024-08-16 13:30:00+00:00,1.1458060317383016,1.1476651816764518,-0.0018591499381502424,3,3.758903460816685
2024-08-16 13:35:00+00:00,1.1649984651552248,1.1476651816764518,0.01733328347877298,3,3.6969784827586634
2024-08-16 13:40:00+00:00,1.1446194711974311,1.1476651816764518,-0.0030457104790206956,3,3.762800097765278
2024-08-16 13:45:00+00:00,1.1406787638582376,1.1476651816764518,-0.006986417818214088,3,3.7757994578226413
2024-08-16 13:50:00+00:00,1.134753869548411,1.134753869548411,0.0,0,0.0
2024-08-17 15:15:00+00:00,1.1343283368473303,1.1343283368473303,0.0,1,1.2504689258471928
2024-08-17 15:20:00+00:00,1.1332999068205505,1.1343283368473303,-0.0010284300267797864,1,1.251603682660598
2024-08-17 15:25:00+00:00,1.133563606827417,1.1343283368473303,-0.0007647300199131221,1,1.2513125230840874
2024-08-17 15:30:00+00:00,1.1293971467189245,1.1343283368473303,-0.004931190128405695,1,1.2559287413256803
2024-08-17 15:35:00+00:00,1.1286324166990114,1.1343283368473303,-0.0056959201483188174,1,1.2567797238042562
2024-08-17 15:40:00+00:00,1.1329834668123104,1.1343283368473303,-0.0013448700350197208,1,1.251953253057039
2024-08-17 15:45:00+00:00,1.1293671640281437,1.1293671640281437,0.0,0,0.0
2024-08-18 10:20:00+00:00,1.128943651341633,1.128943651341633,0.0,1,1.2504689258471928
2024-08-18 10:25:00+00:00,1.1174539087442734,1.128943651341633,-0.011489742597359728,1,1.2633263385525872
2024-08-18 10:30:00+00:00,1.119941578371503,1.128943651341633,-0.00900207297013012,1,1.2605201756041
2024-08-18 10:35:00+00:00,1.1156147755568275,1.128943651341633,-0.01332887578480562,1,1.2654089798430335
2024-08-18 10:40:00+00:00,1.1160793986778663,1.128943651341633,-0.012864252663766743,1,1.2648821909153802
2024-08-18 10:45:00+00:00,1.1172506361288186,1.128943651341633,-0.011693015212814503,1,1.2635561881858801
2024-08-18 10:50:00+00:00,1.1106805467368965,1.1106805467368965,0.0,0,0.0
2024-08-19 17:35:00+00:00,1.109847692516296,1.109847692516296,0.0,2,2.501406953454738
2024-08-19 17:40:00+00:00,1.0960145930658718,1.109847692516296,-0.013833099450424094,2,2.5329778936338547
2024-08-19 17:45:00+00:00,1.0845839622829923,1.109847692516296,-0.025263730233303708,2,2.559673415686734
2024-08-19 17:50:00+00:00,1.0871464613309545,1.109847692516296,-0.02270123118534142,2,2.553640042149592
2024-08-19 17:55:00+00:00,1.082099792441067,1.109847692516296,-0.02774790007522896,2,2.5655496422130164
2024-08-19 18:00:00+00:00,1.0814209003433928,1.109847692516296,-0.028426792172903018,2,2.567160237474987
2024-08-19 18:05:00+00:00,1.0800855564917138,1.0800855564917138,0.0,0,0.0
2024-08-20 00:25:00+00:00,1.0796805244080294,1.0796805244080294,0.0,1,1.2504689258471926
2024-08-20 00:30:00+00:00,1.0911045277238476,1.0796805244080294,0.011424003315818243,1,1.2373763569940448
2024-08-20 00:35:00+00:00,1.0917836419274756,1.0796805244080294,0.012103117519446038,1,1.2366066808173761
2024-08-20 00:40:00+00:00,1.0926209060141396,1.0796805244080294,0.012940381606110225,1,1.2356590819223905
2024-08-20 00:45:00+00:00,1.087104265976452,1.0796805244080294,0.007423741568422617,1,1.2419295810618105
2024-08-20 00:50:00+00:00,1.089662572907926,1.0796805244080294,0.009982048499896505,1,1.2390137820478517
2024-08-20 00:55:00+00:00,1.094141581329783,1.094141581329783,0.0,0,0.0
2024-08-20 05:20:00+00:00,1.0937312782367843,1.0937312782367843,0.0,1,1.2504689258471928
2024-08-20 05:25:00+00:00,1.0932282970495797,1.0937312782367843,-0.0005029811872045652,1,1.2510442515559972
2024-08-20 05:30:00+00:00,1.0890672708645228,1.0937312782367843,-0.0046640073722613975,1,1.2558241471865554
2024-08-20 05:35:00+00:00,1.0895702520517279,1.0937312782367843,-0.004161026185056529,1,1.2552444177755484
2024-08-20 05:40:00+00:00,1.0880155829276403,1.0937312782367843,-0.005715695309144016,1,1.2570380407439325
2024-08-20 05:45:00+00:00,1.0873144576363856,1.0937312782367843,-0.00641682060039874,1,1.2578486076928452
2024-08-20 05:50:00+00:00,1.0856238387941386,1.0856238387941386,0.0,0,0.0
2024-08-20 15:20:00+00:00,1.0852167298545907,1.0852167298545907,0.0,1,1.2504689258471926
2024-08-20 15:25:00+00:00,1.082117156935681,1.0852167298545907,-0.0030995729189098368,1,1.2540507188107846
2024-08-20 15:30:00+00:00,1.0798003575166313,1.0852167298545907,-0.0054163723379593584,1,1.2567413865407726
2024-08-20 15:35:00+00:00,1.0821907061235871,1.0852167298545907,-0.003026023731003632,1,1.253965489459396
2024-08-20 15:40:00+00:00,1.0828263812476346,1.0852167298545907,-0.0023903486069560276,1,1.2532293468220648
2024-08-20 15:45:00+00:00,1.080520088855429,1.0852167298545907,-0.004696640999161741,1,1.2559042746999223
2024-08-20 15:50:00+00:00,1.0789572069630673,1.0789572069630673,0.0,0,0.0
2024-08-21 14:00:00+00:00,1.077339681295195,1.077339681295195,0.0,4,5.0046910179335145
2024-08-21 14:05:00+00:00,1.082384061475851,1.077339681295195,0.005044380180656082,4,4.981366982519736
2024-08-21 14:10:00+00:00,1.0988428126148164,1.077339681295195,0.021503131319621387,4,4.906754782707414
2024-08-21 14:15:00+00:00,1.0574432010471888,1.077339681295195,-0.01989648024800616,4,5.0988575281414175
2024-08-21 14:20:00+00:00,1.0464949693324817,1.077339681295195,-0.03084471196271322,4,5.152200807692946
2024-08-21 14:25:00+00:00,1.0689693835995842,1.077339681295195,-0.008370297695610889,4,5.043879000617913
2024-08-21 14:30:00+00:00,1.062870412390544,1.062870412390544,0.0,0,0.0
2024-08-23 14:05:00+00:00,1.0624718359858976,1.0624718359858976,0.0,1,1.2504689258471926
2024-08-23 14:10:00+00:00,1.0659282114664794,1.0624718359858976,0.003456375480581774,1,1.246414159224043
2024-08-23 14:15:00+00:00,1.0728215445878646,1.0624718359858976,0.01034970860196705,1,1.238405419979304
2024-08-23 14:20:00+00:00,1.0599798798809836,1.0624718359858976,-0.002491956104913986,1,1.253408711528898
2024-08-23 14:25:00+00:00,1.0675140017150608,1.0624718359858976,0.005042165729163374,1,1.2445626130932985
2024-08-23 14:30:00+00:00,1.0667782813412294,1.0624718359858976,0.0043064453553318645,1,1.2454209452200178
2024-08-23 14:35:00+00:00,1.0633699397709075,1.0633699397709075,0.0,0,0.0
2024-08-23 20:05:00+00:00,1.0629711760434934,1.0629711760434934,0.0,1,1.2504689258471928
2024-08-23 20:10:00+00:00,1.0567660225925413,1.0629711760434934,-0.006205153450952237,1,1.257811470369483
2024-08-23 20:15:00+00:00,1.0595961350730039,1.0629711760434934,-0.0033750409704895352,1,1.2544519375979553
2024-08-23 20:20:00+00:00,1.0603256361161044,1.0629711760434934,-0.0026455399273890923,1,1.2535888782076823
2024-08-23 20:25:00+00:00,1.0633578994880286,1.0629711760434934,0.0003867234445352101,1,1.2500141536105633
2024-08-23 20:30:00+00:00,1.061696746510366,1.0629711760434934,-0.0012744295331275713,1,1.2519699519496048
2024-08-23 20:35:00+00:00,1.0588194370702486,1.0588194370702486,0.0,0,0.0
2024-08-23 21:50:00+00:00,1.0584223797813472,1.0584223797813472,0.0,1,1.2504689258471926
2024-08-23 21:55:00+00:00,1.0594019930341414,1.0584223797813472,0.000979613252794108,1,1.2493126358458317
2024-08-23 22:00:00+00:00,1.059735952097594,1.0584223797813472,0.0013135723162466847,1,1.248918934681876
2024-08-23 22:05:00+00:00,1.0630087509194297,1.0584223797813472,0.004586371138082467,1,1.2450737542781778
2024-08-23 22:10:00+00:00,1.0615393310402383,1.0584223797813472,0.0031169512588910112,1,1.2467972289268305
2024-08-23 22:15:00+00:00,1.0590680339706888,1.0584223797813472,0.000645654189341531,1,1.2497065853036984
2024-08-23 22:20:00+00:00,1.0585819209315335,1.0585819209315335,0.0,0,0.0
2024-08-27 01:05:00+00:00,1.0581849527111842,1.0581849527111842,0.0,1,1.2504689258471928
2024-08-27 01:10:00+00:00,1.0566612032373945,1.0581849527111842,-0.0015237494737895482,1,1.2522721541306883
2024-08-27 01:15:00+00:00,1.056071432435556,1.0581849527111842,-0.0021135202756282266,1,1.252971494658022
2024-08-27 01:20:00+00:00,1.059018187616273,1.0581849527111842,0.0008332349050887364,1,1.2494850576106236
2024-08-27 01:25:00+00:00,1.0593183200883831,1.0581849527111842,0.0011333673771988545,1,1.2491310459485065
2024-08-27 01:30:00+00:00,1.059624749045922,1.0581849527111842,0.0014397963347378194,1,1.248769814366681
2024-08-27 01:35:00+00:00,1.0604513978272523,1.0604513978272523,0.0,0,0.0
2024-08-27 16:15:00+00:00,1.0600537285530671,1.0600537285530671,0.0,1,1.2504689258471926
2024-08-27 16:20:00+00:00,1.0624059776115844,1.0600537285530671,0.00235224905851731,1,1.247700290866296
2024-08-27 16:25:00+00:00,1.0624676085912834,1.0600537285530671,0.0024138800382163365,1,1.2476279150209761
2024-08-27 16:30:00+00:00,1.0603310679617135,1.0600537285530671,0.00027733940864635523,1,1.2501418541212912
2024-08-27 16:35:00+00:00,1.059411739181201,1.0600537285530671,-0.0006419893718660125,1,1.2512266933237577
2024-08-27 16:40:00+00:00,1.05484591076849,1.0600537285530671,-0.005207817784577161,1,1.2566425425286507
2024-08-27 16:45:00+00:00,1.0517210706426177,1.0517210706426177,0.0,0,0.0
2024-08-28 09:55:00+00:00,1.0509324277379113,1.0509324277379113,0.0,2,2.5014069534547385
2024-08-28 10:00:00+00:00,1.0703046580884215,1.0509324277379113,0.019372230350510188,2,2.456132151241657
2024-08-28 10:05:00+00:00,1.0539207972441877,1.0509324277379113,0.0029883695062763453,2,2.4943142684237207
2024-08-28 10:10:00+00:00,1.0542590113894037,1.0509324277379113,0.0033265836514924205,2,2.4935140738234556
2024-08-28 10:15:00+00:00,1.0571761608615233,1.0509324277379113,0.006243733123612041,2,2.4866335239837305
2024-08-28 10:20:00+00:00,1.0516426193955437,1.0509324277379113,0.0007101916576324914,2,2.499717711959649
2024-08-28 10:25:00+00:00,1.0567434691545812,1.0567434691545812,0.0,0,0.0
2024-08-28 16:30:00+00:00,1.0559510601572655,1.0559510601572655,0.0,2,2.5014069534547385
2024-08-28 16:35:00+00:00,1.0404604101527435,1.0559510601572655,-0.015490650004522072,2,2.5386485623201414
2024-08-28 16:40:00+00:00,1.0496316897428841,1.0559510601572655,-0.006319370414381319,2,2.516466823741107
2024-08-28 16:45:00+00:00,1.0613800033222374,1.0559510601572655,0.005428943164971972,2,2.4886122935400383
2024-08-28 16:50:00+00:00,1.0566359923176225,1.0559510601572655,0.0006849321603569457,2,2.4997854924397642
2024-08-28 16:55:00+00:00,1.0675132992666059,1.0559510601572655,0.011562239109340356,2,2.4743142087315766
2024-08-28 17:00:00+00:00,1.0812149341719832,1.0812149341719832,0.0,0,0.0
2024-08-28 18:55:00+00:00,1.0804041750172042,1.0804041750172042,0.0,2,2.501406953454739
2024-08-28 19:00:00+00:00,1.083564815908556,1.0804041750172042,0.003160640891351739,2,2.4941106210278026
2024-08-28 19:05:00+00:00,1.0938135554048205,1.0804041750172042,0.013409380387616222,2,2.470741473787421
2024-08-28 19:10:00+00:00,1.075685252848477,1.0804041750172042,-0.004718922168727111,2,2.5123803722074904
2024-08-28 19:15:00+00:00,1.0891881116013031,1.0804041750172042,0.00878393658409885,2,2.481233945857486
2024-08-28 19:20:00+00:00,1.0798564584622754,1.0804041750172042,-0.0005477165549288981,2,2.502675698007114
2024-08-28 19:25:00+00:00,1.0825025693109627,1.0825025693109627,0.0,0,0.0
2024-09-02 08:15:00+00:00,1.082096630847471,1.082096630847471,0.0,1,1.2504689258471926
2024-09-02 08:20:00+00:00,1.0853399065529301,1.082096630847471,0.003243275705458929,1,1.2467322020216471
2024-09-02 08:25:00+00:00,1.0905669334180386,1.082096630847471,0.008470302570567386,1,1.2407566836798811
2024-09-02 08:30:00+00:00,1.0928970538277858,1.082096630847471,0.010800422980314733,1,1.2381113178953849
2024-09-02 08:35:00+00:00,1.0960563612301908,1.082096630847471,0.01395973038271968,1,1.2345425468084328
2024-09-02 08:40:00+00:00,1.0929810221308398,1.082096630847471,0.010884391283368712,1,1.2380161999525747
2024-09-02 08:45:00+00:00,1.0937611359479855,1.0937611359479855,0.0,0,0.0
2024-09-02 20:55:00+00:00,1.0929409689061842,1.0929409689061842,0.0,2,2.5014069534547385
2024-09-02 21:00:00+00:00,1.0869036309639646,1.0929409689061842,-0.006037337942219513,2,2.5153013215282267
2024-09-02 21:05:00+00:00,1.0965917595054346,1.0929409689061842,0.0036507905992503456,2,2.493079229931911
2024-09-02 21:10:00+00:00,1.0925162442167107,1.0929409689061842,-0.00042472468947362156,2,2.5023793960130774
2024-09-02 21:15:00+00:00,1.0948395634514936,1.0929409689061842,0.001898594545309341,2,2.49706918767063
2024-09-02 21:20:00+00:00,1.0925367534002577,1.0929409689061842,-0.0004042155059265891,2,2.5023324211555478
2024-09-02 21:25:00+00:00,1.0930584592823063,1.0930584592823063,0.0,0,0.0
2024-09-04 01:10:00+00:00,1.0922388191491905,1.0922388191491905,0.0,2,2.501406953454738
2024-09-04 01:15:00+00:00,1.103210338231627,1.0922388191491905,0.010971519082436373,2,2.476530252093546
2024-09-04 01:20:00+00:00,1.0930004130046804,1.0922388191491905,0.0007615938554899064,2,2.499663993302881
2024-09-04 01:25:00+00:00,1.1063839877992967,1.0922388191491905,0.014145168650106253,2,2.469426353943762
2024-09-04 01:30:00+00:00,1.1103749949385127,1.0922388191491905,0.018136175789322112,2,2.460550525279318
2024-09-04 01:35:00+00:00,1.1170028915900176,1.0922388191491905,0.02476407244082715,2,2.4459504962998553
2024-09-04 01:40:00+00:00,1.1232634719726777,1.1232634719726777,0.0,0,0.0
2024-09-05 13:40:00+00:00,1.122842248170688,1.122842248170688,0.0,1,1.2504689258471928
2024-09-05 13:45:00+00:00,1.1189087150062416,1.122842248170688,-0.003933533164446284,1,1.2548649600588864
2024-09-05 13:50:00+00:00,1.1138625679554814,1.122842248170688,-0.008979680215206405,1,1.260549892203546
2024-09-05 13:55:00+00:00,1.1186896383781841,1.122842248170688,-0.004152609792503733,1,1.255110704342811
2024-09-05 14:00:00+00:00,1.122020095431686,1.122842248170688,-0.0008221527390019724,1,1.251385198609693
2024-09-05 14:05:00+00:00,1.1232754783565093,1.122842248170688,0.0004332301858213165,1,1.2499866390924768
2024-09-05 14:10:00+00:00,1.123577945887653,1.123577945887653,0.0,0,0.0
2024-09-06 19:05:00+00:00,1.123156604157945,1.123156604157945,0.0,1,1.2504689258471926
2024-09-06 19:10:00+00:00,1.1245113419601969,1.123156604157945,0.0013547378022517867,1,1.248962442576483
2024-09-06 19:15:00+00:00,1.1267734390346547,1.123156604157945,0.003616834876709504,1,1.2464550402988073
2024-09-06 19:20:00+00:00,1.123232217430629,1.123156604157945,7.561327268406143e-05,1,1.250384747307434
2024-09-06 19:25:00+00:00,1.1246184607631657,1.123156604157945,0.001461856605220614,1,1.2488434801314674
2024-09-06 19:30:00+00:00,1.1214364022043881,1.123156604157945,-0.0017202019535569402,1,1.252387054316071
2024-09-06 19:35:00+00:00,1.1190176098546163,1.1190176098546163,0.0,0,0.0
2024-09-07 05:10:00+00:00,1.1185979782509208,1.1185979782509208,0.0,1,1.2504689258471926
2024-09-07 05:15:00+00:00,1.1187644627597026,1.1185979782509208,0.00016648450878196643,1,1.2502828422596313
2024-09-07 05:20:00+00:00,1.112715525607305,1.1185979782509208,-0.00588245264361597,1,1.2570796219948848
2024-09-07 05:25:00+00:00,1.112980667602772,1.1185979782509208,-0.005617310648148687,1,1.2567801517442876
2024-09-07 05:30:00+00:00,1.1119324318067396,1.1185979782509208,-0.0066655464441810475,1,1.2579649377124968
2024-09-07 05:35:00+00:00,1.1139672424696256,1.1185979782509208,-0.004630735781295057,1,1.2556670959347447
2024-09-07 05:40:00+00:00,1.114164220157714,1.114164220157714,0.0,0,0.0
2024-09-08 22:20:00+00:00,1.113746408575155,1.113746408575155,0.0,1,1.2504689258471926
2024-09-08 22:25:00+00:00,1.1211748125359893,1.113746408575155,0.007428403960834227,1,1.242183876791682
2024-09-08 22:30:00+00:00,1.1206422195582577,1.113746408575155,0.0068958109831028,1,1.2427742332839542
2024-09-08 22:35:00+00:00,1.1119710986493836,1.113746408575155,-0.0017753099257712692,1,1.2524653535408814
2024-09-08 22:40:00+00:00,1.1100689808717716,1.113746408575155,-0.0036774277033832,1,1.2546114693731987
2024-09-08 22:45:00+00:00,1.108357074871921,1.113746408575155,-0.005389333703234061,1,1.2565492716849218
2024-09-08 22:50:00+00:00,1.1102344854076802,1.1102344854076802,0.0,0,0.0
2024-09-09 16:15:00+00:00,1.1089859399332225,1.1089859399332225,0.0,3,3.752814258801789
2024-09-09 16:20:00+00:00,1.106998221726068,1.1089859399332225,-0.00198771820715432,3,3.7595527856430135
2024-09-09 16:25:00+00:00,1.1184349922663523,1.1089859399332225,0.009449052333129945,3,3.72110876087555
2024-09-09 16:30:00+00:00,1.1113256238461036,1.1089859399332225,0.0023396839128811413,3,3.744913424913912
2024-09-09 16:35:00+00:00,1.1188610920910214,1.1089859399332225,0.009875152157798795,3,3.719691637872711
2024-09-09 16:40:00+00:00,1.1040167634053544,1.1089859399332225,-0.004969176527868081,3,3.7697056658405423
2024-09-09 16:45:00+00:00,1.1206139938902084,1.1206139938902084,0.0,0,0.0
2024-09-10 14:30:00+00:00,1.1201937636424997,1.1201937636424997,0.0,1,1.2504689258471926
2024-09-10 14:35:00+00:00,1.114255381262406,1.1201937636424997,-0.00593838238009367,1,1.2571332532186184
2024-09-10 14:40:00+00:00,1.1146883883109546,1.1201937636424997,-0.0055053753315450656,1,1.2566449126515893
2024-09-10 14:45:00+00:00,1.1117088874292755,1.1201937636424997,-0.008484876213224184,1,1.2600128578641718
2024-09-10 14:50:00+00:00,1.113977019588339,1.1201937636424997,-0.006216744054160663,1,1.257447386913244
2024-09-10 14:55:00+00:00,1.1091727032877772,1.1201937636424997,-0.011021060354722416,1,1.2628939462814461
2024-09-10 15:00:00+00:00,1.1119690968292857,1.1119690968292857,0.0,0,0.0
2024-09-10 17:15:00+00:00,1.1115521084179747,1.1115521084179747,0.0,1,1.2504689258471928
2024-09-10 17:20:00+00:00,1.1055990113483285,1.1115521084179747,-0.005953097069646245,1,1.25720207486572
2024-09-10 17:25:00+00:00,1.1085806654552524,1.1115521084179747,-0.002971442962722347,1,1.2538206865314598
2024-09-10 17:30:00+00:00,1.1038631168340238,1.1115521084179747,-0.007688991583950975,1,1.2591791045824035
2024-09-10 17:35:00+00:00,1.1062423134330417,1.1115521084179747,-0.005309794984932941,1,1.2564709866530868
2024-09-10 17:40:00+00:00,1.1065384366148936,1.1115521084179747,-0.0050136718030810165,1,1.2561347396921494
2024-09-10 17:45:00+00:00,1.1076735421222552,1.1076735421222552,0.0,0,0.0
2024-09-11 15:00:00+00:00,1.1072581645439594,1.1072581645439594,0.0,1,1.2504689258471926
2024-09-11 15:05:00+00:00,1.1055729727887726,1.1072581645439594,-0.0016851917551867,1,1.252374978161984
2024-09-11 15:10:00+00:00,1.1058848232203373,1.1072581645439594,-0.0013733413236220152,1,1.2520218187106378
2024-09-11 15:15:00+00:00,1.1077499286860422,1.1072581645439594,0.0004917641420827722,1,1.2499138043684217
2024-09-11 15:20:00+00:00,1.110778476146431,1.1072581645439594,0.003520311602471499,1,1.24650590318991
2024-09-11 15:25:00+00:00,1.109201232617555,1.1072581645439594,0.0019430680735956511,1,1.2482783889316291
2024-09-11 15:30:00+00:00,1.1091576767076632,1.1091576767076632,0.0,0,0.0
2024-09-12 02:00:00+00:00,1.1083259644254309,1.1083259644254309,0.0,2,2.5014069534547376
2024-09-12 02:05:00+00:00,1.112473122500716,1.1083259644254309,0.004147158075285212,2,2.492082027003234
2024-09-12 02:10:00+00:00,1.1098113578255082,1.1083259644254309,0.0014853934000774215,2,2.4980590210756266
2024-09-12 02:15:00+00:00,1.0980573180031092,1.1083259644254309,-0.010268646422321632,2,2.5247992328396385
2024-09-12 02:20:00+00:00,1.0961657461066425,1.1083259644254309,-0.012160218318788316,2,2.52915609154465
2024-09-12 02:25:00+00:00,1.0938969379973462,1.1083259644254309,-0.014429026428084732,2,2.534401713550575
2024-09-12 02:30:00+00:00,1.094715990393901,1.094715990393901,0.0,0,0.0
2024-09-16 10:50:00+00:00,1.0943054718975034,1.0943054718975034,0.0,1,1.2504689258471926
2024-09-16 10:55:00+00:00,1.0907638947615936,1.0943054718975034,-0.0035415771359096695,1,1.254529045712009
2024-09-16 11:00:00+00:00,1.0923379290442203,1.0943054718975034,-0.001967542853283133,1,1.2527212976937474
2024-09-16 11:05:00+00:00,1.0919651314509664,1.0943054718975034,-0.0023403404465368624,1,1.2531489775448226
2024-09-16 11:10:00+00:00,1.0922861516007127,1.0943054718975034,-0.0020193202967906036,1,1.2527806802155592
2024-09-16 11:15:00+00:00,1.0930731687420259,1.0943054718975034,-0.0012323031554774115,1,1.2518786730143667
2024-09-16 11:20:00+00:00,1.0933771789660314,1.0933771789660314,0.0,0,0.0
2024-09-17 19:55:00+00:00,1.0921475908505331,1.0921475908505331,0.0,3,3.752814258801789
2024-09-17 20:00:00+00:00,1.0899954269267722,1.0921475908505331,-0.002152163923760967,3,3.7602240802201607
2024-09-17 20:05:00+00:00,1.0859143487769234,1.0921475908505331,-0.006233242073609813,3,3.7743557365055813
2024-09-17 20:10:00+00:00,1.0934886271954898,1.0921475908505331,0.001341036344956738,3,3.7482118695388738
2024-09-17 20:15:00+00:00,1.08902273894479,1.0921475908505331,-0.003124851905743119,3,3.7635826186983694
2024-09-17 20:20:00+00:00,1.0961369640244412,1.0921475908505331,0.003989373173908103,3,3.739155950559217
2024-09-17 20:25:00+00:00,1.0938926577024717,1.0938926577024717,0.0,0,0.0
2024-09-18 16:10:00+00:00,1.0934824479558332,1.0934824479558332,0.0,1,1.2504689258471928
2024-09-18 16:15:00+00:00,1.092747033214025,1.0934824479558332,-0.0007354147418080558,1,1.2513104868437357
2024-09-18 16:20:00+00:00,1.0948130890042924,1.0934824479558332,0.001330641048459171,1,1.2489490999524655
2024-09-18 16:25:00+00:00,1.0947188639904983,1.0934824479558332,0.0012364160346650822,1,1.249056599923501
2024-09-18 16:30:00+00:00,1.0972284667969183,1.0934824479558332,0.0037460188410851636,1,1.2461997327865262
2024-09-18 16:35:00+00:00,1.0988486773999644,1.0934824479558332,0.00536622944413115,1,1.2443622586537355
2024-09-18 16:40:00+00:00,1.1018259718077794,1.1018259718077794,0.0,0,0.0
2024-09-19 12:10:00+00:00,1.1014127870683514,1.1014127870683514,0.0,1,1.2504689258471926
2024-09-19 12:15:00+00:00,1.1038340923444192,1.1014127870683514,0.002421305276067862,1,1.2477259710601358
2024-09-19 12:20:00+00:00,1.1023421769722968,1.1014127870683514,0.0009293899039453296,1,1.2494146495805694
2024-09-19 12:25:00+00:00,1.1066956349434087,1.1014127870683514,0.005282847875057293,1,1.244499771457174
2024-09-19 12:30:00+00:00,1.106377685765743,1.1014127870683514,0.004964898697391665,1,1.2448574139548767
2024-09-19 12:35:00+00:00,1.1042009567801871,1.1014127870683514,0.002788169711835683,1,1.2473114212614282
2024-09-19 12:40:00+00:00,1.1030785007982749,1.1030785007982749,0.0,0,0.0
2024-09-19 16:20:00+00:00,1.1026648463604756,1.1026648463604756,0.0,1,1.2504689258471926
2024-09-19 16:25:00+00:00,1.1030920876328978,1.1026648463604756,0.0004272412724221985,1,1.249984603694044
2024-09-19 16:30:00+00:00,1.1073532571657376,1.1026648463604756,0.004688410805261969,1,1.2451745791826134
2024-09-19 16:35:00+00:00,1.115476462937444,1.1026648463604756,0.012811616576968417,1,1.2361068761297291
2024-09-19 16:40:00+00:00,1.1134639316805093,1.1026648463604756,0.010799085320033618,1,1.2383410784728337
2024-09-19 16:45:00+00:00,1.1129186368986022,1.1026648463604756,0.01025379053812664,1,1.2389478262672586
2024-09-19 16:50:00+00:00,1.114135245210834,1.114135245210834,0.0,0,0.0
2024-09-20 03:50:00+00:00,1.11371744449388,1.11371744449388,0.0,1,1.2504689258471926
2024-09-20 03:55:00+00:00,1.11782579392891,1.11371744449388,0.004108349435030085,1,1.2458730725998184
2024-09-20 04:00:00+00:00,1.1276556897918015,1.11371744449388,0.013938245297921594,1,1.2350126631034604
2024-09-20 04:05:00+00:00,1.1313118975091176,1.11371744449388,0.017594453015237568,1,1.231021312142011
2024-09-20 04:10:00+00:00,1.1367744534934914,1.113290994154943,0.02348345933854846,2,2.4755747964388877
2024-09-20 04:15:00+00:00,1.1345671640535337,1.113290994154943,0.02127616989859079,2,2.4803910032524907
2024-09-20 04:20:00+00:00,1.1434897945781466,1.1409617999014012,0.002527994676745462,1,1.2431253313589494
2024-09-20 04:25:00+00:00,1.140913184619156,1.1409617999014012,-4.8615282245275e-05,1,1.2459327746878843
2024-09-20 04:30:00+00:00,1.144510715505294,1.1409617999014012,0.0035489156038927654,1,1.2420164446979005
2024-09-20 04:35:00+00:00,1.1433342256749623,1.1409617999014012,0.0023724257735612134,1,1.2432944784377102
2024-09-20 04:40:00+00:00,1.149062470068256,1.149062470068256,0.0,0,0.0
2024-09-20 14:20:00+00:00,1.1486315716419804,1.1486315716419804,0.0,1,1.2504689258471926
2024-09-20 14:25:00+00:00,1.1530725928394205,1.1486315716419804,0.004441021197440121,1,1.2456527858739472
2024-09-20 14:30:00+00:00,1.1539098809123136,1.1486315716419804,0.005278309270333245,1,1.2447489282696136
2024-09-20 14:35:00+00:00,1.1595276312932796,1.1486315716419804,0.010896059651299165,1,1.238718292537204
2024-09-20 14:40:00+00:00,1.1616547955865755,1.1486315716419804,0.013023223944595113,1,1.2364500134138805
2024-09-20 14:45:00+00:00,1.1568177597600644,1.1486315716419804,0.008186188118083962,1,1.2416200179043144
2024-09-20 14:50:00+00:00,1.156047420223156,1.156047420223156,0.0,0,0.0
2024-09-21 00:25:00+00:00,1.1556139024405725,1.1556139024405725,0.0,1,1.2504689258471926
2024-09-21 00:30:00+00:00,1.148343163948603,1.1556139024405725,-0.007270738491969533,1,1.2583862739340714
2024-09-21 00:35:00+00:00,1.1487514438793058,1.1556139024405725,-0.006862458561266669,1,1.2579390284803602
2024-09-21 00:40:00+00:00,1.1502782989626195,1.1556139024405725,-0.005335603477952983,1,1.2562692668219286
2024-09-21 00:45:00+00:00,1.1487682225065952,1.1556139024405725,-0.006845679933977319,1,1.2579206553310183
2024-09-21 00:50:00+00:00,1.1455746904458917,1.1556139024405725,-0.010039211994680842,1,1.2614273755615928
2024-09-21 00:55:00+00:00,1.1459073966428461,1.1459073966428461,0.0,0,0.0
2024-09-22 20:10:00+00:00,1.145477681369105,1.145477681369105,0.0,1,1.2504689258471928
2024-09-22 20:15:00+00:00,1.1459874525684859,1.145477681369105,0.0005097711993808666,1,1.249912678008101
2024-09-22 20:20:00+00:00,1.1474196668905563,1.145477681369105,0.0019419855214512993,1,1.2483525314545458
2024-09-22 20:25:00+00:00,1.1548963111481443,1.145477681369105,0.009418629779039359,1,1.24027086412593
2024-09-22 20:30:00+00:00,1.1539010435684005,1.145477681369105,0.008423362199295428,1,1.2413406277664478
2024-09-22 20:35:00+00:00,1.1547749370530533,1.145477681369105,0.009297255683948433,1,1.2404012243796647
2024-09-22 20:40:00+00:00,1.1525003355339336,1.1525003355339336,0.0,0,0.0
2024-09-26 15:35:00+00:00,1.1520681479081083,1.1520681479081083,0.0,1,1.2504689258471928
2024-09-26 15:40:00+00:00,1.151685047425939,1.1520681479081083,-0.00038310048216920304,1,1.2508848861390283
2024-09-26 15:45:00+00:00,1.1509427902417364,1.1520681479081083,-0.001125357666372004,1,1.2516915972120888
2024-09-26 15:50:00+00:00,1.1523794170498707,1.1520681479081083,0.0003112691417623875,1,1.2501311617535358
2024-09-26 15:55:00+00:00,1.1522836419293285,1.1520681479081083,0.00021549402122028667,1,1.2502350697310107
2024-09-26 16:00:00+00:00,1.1527625175320404,1.1520681479081083,0.0006943696239320704,1,1.2497157025036387
2024-09-26 16:05:00+00:00,1.1514922976014699,1.1514922976014699,0.0,0,0.0
2024-09-27 16:30:00+00:00,1.1510604879898694,1.1510604879898694,0.0,1,1.2504689258471926
2024-09-27 16:35:00+00:00,1.1592915560100134,1.1510604879898694,0.008231068020144056,1,1.2415904907957467
2024-09-27 16:40:00+00:00,1.1604110665567948,1.1510604879898694,0.009350578566925493,1,1.240392662121677
2024-09-27 16:45:00+00:00,1.159909952312045,1.1510604879898694,0.008849464322175756,1,1.2409285471969222
2024-09-27 16:50:00+00:00,1.1596007541610294,1.1510604879898694,0.008540266171159907,1,1.2412594307453841
2024-09-27 16:55:00+00:00,1.1607575817260363,1.1510604879898694,0.009697093736166985,1,1.2400223738892264
2024-09-27 17:00:00+00:00,1.1594941357082555,1.1594941357082555,0.0,0,0.0
2024-10-01 16:55:00+00:00,1.159059325407365,1.159059325407365,0.0,1,1.2504689258471928
2024-10-01 17:00:00+00:00,1.162836300033768,1.159059325407365,0.0037769746264032407,1,1.2464073142481282
2024-10-01 17:05:00+00:00,1.1564351390488363,1.159059325407365,-0.0026241863585285278,1,1.253306493978918
2024-10-01 17:10:00+00:00,1.153556064832084,1.159059325407365,-0.005503260575280885,1,1.256434527823574
2024-10-01 17:15:00+00:00,1.1510767011202734,1.159059325407365,-0.007982624287091507,1,1.2591408272139792
2024-10-01 17:20:00+00:00,1.1407653286739576,1.159059325407365,-0.018293996733407362,1,1.270522195235444
2024-10-01 17:25:00+00:00,1.1352443470203337,1.1352443470203337,0.0,0,0.0
2024-10-02 13:50:00+00:00,1.1343930734038048,1.1343930734038048,0.0,2,2.501406953454738
2024-10-02 13:55:00+00:00,1.1392531837336173,1.1343930734038048,0.004860110329812385,2,2.490735827890087
2024-10-02 14:00:00+00:00,1.1412755568408284,1.1343930734038048,0.00688248343702353,2,2.4863221723751683
2024-10-02 14:05:00+00:00,1.1443351221853044,1.1343930734038048,0.009942048781499624,2,2.4796745872348342
2024-10-02 14:10:00+00:00,1.1436048751050896,1.1343930734038048,0.009211801701284762,2,2.481257979511861
2024-10-02 14:15:00+00:00,1.1353411048438629,1.1343930734038048,0.0009480314400581215,2,2.499318231020452
2024-10-02 14:20:00+00:00,1.1504215761536152,1.1504215761536152,0.0,0,0.0
2024-10-07 00:40:00+00:00,1.1499901680625575,1.1499901680625575,0.0,1,1.2504689258471928
2024-10-07 00:45:00+00:00,1.1521680623678632,1.1499901680625575,0.002177894305305624,1,1.2481052175987908
2024-10-07 00:50:00+00:00,1.1586289212317733,1.1499901680625575,0.008638753169215706,1,1.2411454123406562
2024-10-07 00:55:00+00:00,1.159145516850691,1.1499901680625575,0.009155348788133559,1,1.2405922718823323
2024-10-07 01:00:00+00:00,1.1604313165189226,1.1499901680625575,0.010441148456365177,1,1.239217650990178
2024-10-07 01:05:00+00:00,1.1635058569645522,1.1499901680625575,0.013515688901994774,1,1.2359430436763417
2024-10-07 01:10:00+00:00,1.1661353348093735,1.1661353348093735,0.0,0,0.0
2024-10-07 23:10:00+00:00,1.1656980340588199,1.1656980340588199,0.0,1,1.2504689258471928
2024-10-07 23:15:00+00:00,1.1660103282494074,1.1656980340588199,0.00031229419058744715,1,1.2501340109913024
2024-10-07 23:20:00+00:00,1.168376557308858,1.1656980340588199,0.002678523250038041,1,1.2476022044375759
2024-10-07 23:25:00+00:00,1.1675237539422538,1.1656980340588199,0.0018257198834339082,1,1.2485135001234533
2024-10-07 23:30:00+00:00,1.1672655106692682,1.1656980340588199,0.001567476610448421,1,1.2487897185242298
2024-10-07 23:35:00+00:00,1.1674937256546976,1.1656980340588199,0.0017956915958776594,1,1.2485456122638237
2024-10-07 23:40:00+00:00,1.1642277602163236,1.1642277602163236,0.0,0,0.0
2024-10-08 08:20:00+00:00,1.1637911748062424,1.1637911748062424,0.0,1,1.2504689258471928
2024-10-08 08:25:00+00:00,1.1664323913999808,1.1637911748062424,0.002641216593738387,1,1.2476374207370358
2024-10-08 08:30:00+00:00,1.170663466525873,1.1637911748062424,0.006872291719630593,1,1.2431281421886253
2024-10-08 08:35:00+00:00,1.169304393909677,1.1637911748062424,0.005513219103434701,1,1.2445730195236213
2024-10-08 08:40:00+00:00,1.1707147522849748,1.1637911748062424,0.006923577478732319,1,1.243073684200197
2024-10-08 08:45:00+00:00,1.169740322862042,1.1637911748062424,0.00594914805579953,1,1.2441092025533598
2024-10-08 08:50:00+00:00,1.173611741216505,1.173611741216505,0.0,0,0.0
2024-10-11 01:55:00+00:00,1.1731716368135487,1.1731716368135487,0.0,1,1.2504689258471928
2024-10-11 02:00:00+00:00,1.1745449374543417,1.1731716368135487,0.001373300640792916,1,1.2490068534118208
2024-10-11 02:05:00+00:00,1.1719326144576334,1.1731716368135487,-0.0012390223559152337,1,1.2517909804904277
2024-10-11 02:10:00+00:00,1.1723537599874765,1.1731716368135487,-0.0008178768260722379,1,1.25134129866765
2024-10-11 02:15:00+00:00,1.1704555533239807,1.1731716368135487,-0.0027160834895681102,1,1.253370683196343
2024-10-11 02:20:00+00:00,1.1716457472126678,1.1731716368135487,-0.001525889600881036,1,1.2520974705969299
2024-10-11 02:25:00+00:00,1.1685383877873716,1.1685383877873716,0.0,0,0.0
2024-10-11 17:35:00+00:00,1.1681001858919513,1.1681001858919513,0.0,1,1.2504689258471928
2024-10-11 17:40:00+00:00,1.166365649690802,1.1681001858919513,-0.0017345362011493349,1,1.2523285344706714
2024-10-11 17:45:00+00:00,1.1691726141883607,1.1681001858919513,0.0010724282964094914,1,1.2493219281809926
2024-10-11 17:50:00+00:00,1.169191265115255,1.1681001858919513,0.0010910792233036401,1,1.2493019990105951
2024-10-11 17:55:00+00:00,1.1717184657094024,1.1681001858919513,0.0036182798174512103,1,1.2466074637219857
2024-10-11 18:00:00+00:00,1.1733900550322842,1.1681001858919513,0.005289869140332834,1,1.2448315702607742
2024-10-11 18:05:00+00:00,1.17201930679216,1.17201930679216,0.0,0,0.0
2024-10-11 19:10:00+00:00,1.1715797995521129,1.1715797995521129,0.0,1,1.2504689258471928
2024-10-11 19:15:00+00:00,1.1715867514926142,1.1715797995521129,6.951940501221652e-06,1,1.250461505837057
2024-10-11 19:20:00+00:00,1.1710584040145124,1.1715797995521129,-0.000521395537600407,1,1.2510256776843427
2024-10-11 19:25:00+00:00,1.166706489260674,1.1715797995521129,-0.004873310291438841,1,1.2556921102055119
2024-10-11 19:30:00+00:00,1.1665095176131361,1.1715797995521129,-0.005070281938976708,1,1.2559041408319345
2024-10-11 19:35:00+00:00,1.1613998413446518,1.1715797995521129,-0.01017995820746099,1,1.2614295967132358
2024-10-11 19:40:00+00:00,1.1637874565751494,1.1637874565751494,0.0,0,0.0
2024-10-13 22:05:00+00:00,1.1633510362789337,1.1633510362789337,0.0,1,1.2504689258471928
2024-10-13 22:10:00+00:00,1.1641669539906618,1.1633510362789337,0.000815917711728259,1,1.2495925225606477
2024-10-13 22:15:00+00:00,1.1621007451091627,1.1633510362789337,-0.0012502911697709284,1,1.2518142913524122
2024-10-13 22:20:00+00:00,1.1598525689682135,1.1633510362789337,-0.0034984673107201986,1,1.254240719588219
2024-10-13 22:25:00+00:00,1.159142309665198,1.1633510362789337,-0.00420872661373559,1,1.2550092500196255
2024-10-13 22:30:00+00:00,1.1569234830822246,1.1633510362789337,-0.006427553196709045,1,1.2574161921610387
2024-10-13 22:35:00+00:00,1.155718104367042,1.155718104367042,0.0,0,0.0
2024-10-14 03:40:00+00:00,1.1552847100779042,1.1552847100779042,0.0,1,1.2504689258471926
2024-10-14 03:45:00+00:00,1.158579345309773,1.1552847100779042,0.0032946352318688784,1,1.2469129855517511
2024-10-14 03:50:00+00:00,1.1593031666864715,1.1552847100779042,0.004018456608567211,1,1.2461344641953358
2024-10-14 03:55:00+00:00,1.1567323528313012,1.1552847100779042,0.0014476427533969848,1,1.248903972403624
2024-10-14 04:00:00+00:00,1.1592033292552029,1.1552847100779042,0.003918619177298564,1,1.2462417886489332
2024-10-14 04:05:00+00:00,1.1607508094398684,1.1552847100779042,0.005466099361964195,1,1.244580334306147
2024-10-14 04:10:00+00:00,1.1605670087289026,1.1605670087289026,0.0,0,0.0
2024-10-14 07:35:00+00:00,1.1601317961006292,1.1601317961006292,0.0,1,1.2504689258471926
2024-10-14 07:40:00+00:00,1.1622579266925421,1.1601317961006292,0.0021261305919129817,1,1.248181429951126
2024-10-14 07:45:00+00:00,1.157329429902663,1.1601317961006292,-0.0028023661979660903,1,1.2534968207221169
2024-10-14 07:50:00+00:00,1.1592320588959653,1.1601317961006292,-0.0008997372046640125,1,1.2514394764864947
2024-10-14 07:55:00+00:00,1.1607793776555786,1.1601317961006292,0.0006475815549493569,1,1.249771307826918
2024-10-14 08:00:00+00:00,1.1620344250939312,1.1601317961006292,0.0019026289933019166,1,1.2484215007604982
2024-10-14 08:05:00+00:00,1.1584931133259901,1.1584931133259901,0.0,0,0.0
2024-10-14 16:05:00+00:00,1.158058678408493,1.158058678408493,0.0,1,1.2504689258471926
2024-10-14 16:10:00+00:00,1.1606314304960046,1.158058678408493,0.0025727520875116986,1,1.2476970325012
2024-10-14 16:15:00+00:00,1.1593328032518322,1.158058678408493,0.0012741248433392064,1,1.2490946409828494
2024-10-14 16:20:00+00:00,1.1534277246509719,1.158058678408493,-0.004630953757521186,1,1.2554894951009512
2024-10-14 16:25:00+00:00,1.1547508542959777,1.158058678408493,-0.0033078241125152476,1,1.2540509377153635
2024-10-14 16:30:00+00:00,1.1533542174484714,1.158058678408493,-0.004704460960021525,1,1.2555695117334458
2024-10-14 16:35:00+00:00,1.156252109044323,1.156252109044323,0.0,0,0.0
2024-10-14 23:00:00+00:00,1.1558185145034314,1.1558185145034314,0.0,1,1.2504689258471926
2024-10-14 23:05:00+00:00,1.1544087014194477,1.1558185145034314,-0.0014098130839837557,1,1.251996051769413
2024-10-14 23:10:00+00:00,1.1504251092022033,1.1558185145034314,-0.005393405301228117,1,1.2563313550307509
2024-10-14 23:15:00+00:00,1.148754219621186,1.1558185145034314,-0.007064294882245485,1,1.2581587180432834
2024-10-14 23:20:00+00:00,1.1481972564275131,1.1558185145034314,-0.007621258075918262,1,1.2587690209279367
2024-10-14 23:25:00+00:00,1.1503424349781428,1.1558185145034314,-0.005476079525288573,1,1.2564216465967941
2024-10-14 23:30:00+00:00,1.1488580075366892,1.1488580075366892,0.0,0,0.0
2024-10-15 11:35:00+00:00,1.148427185783863,1.148427185783863,0.0,1,1.2504689258471926
2024-10-15 11:40:00+00:00,1.142148156051279,1.148427185783863,-0.00627902973258414,1,1.2573434556737018
2024-10-15 11:45:00+00:00,1.1468939343375344,1.148427185783863,-0.0015332514463285594,1,1.2521406438951668
2024-10-15 11:50:00+00:00,1.1441924913130506,1.148427185783863,-0.0042346944708125155,1,1.2550969529373994
2024-10-15 11:55:00+00:00,1.1369643059232155,1.148427185783863,-0.011462879860647517,1,1.2630761598577802
2024-10-15 12:00:00+00:00,1.1374267150895683,1.148427185783863,-0.011000470694294684,1,1.2625626691982312
2024-10-15 12:05:00+00:00,1.143834681533859,1.143834681533859,0.0,0,0.0
2024-10-15 13:45:00+00:00,1.1429769663744604,1.1429769663744604,0.0,2,2.5014069534547385
2024-10-15 13:50:00+00:00,1.1551814481467275,1.1429769663744604,0.012204481772267167,2,2.4749796111377047
2024-10-15 13:55:00+00:00,1.176677484625777,1.1429769663744604,0.03370051825131661,2,2.4297656483475185
2024-10-15 14:00:00+00:00,1.1967802017184859,1.1429769663744604,0.05380323534402534,2,2.3889520625611103
2024-10-15 14:05:00+00:00,1.2023737369500087,1.1429769663744604,0.05939677057554818,2,2.377838473568181
2024-10-15 14:10:00+00:00,1.1851101916984894,1.1429769663744604,0.042133225324029036,2,2.4124765370805834
2024-10-15 14:15:00+00:00,1.1828238490237593,1.1828238490237593,0.0,0,0.0
2024-10-16 11:30:00+00:00,1.1823802900803753,1.1823802900803753,0.0,1,1.2504689258471926
2024-10-16 11:35:00+00:00,1.1834130452190645,1.1823802900803753,0.0010327551386892936,1,1.2493776515755788
2024-10-16 11:40:00+00:00,1.1778737222024591,1.1823802900803753,-0.004506567877916112,1,1.2552532443928328
2024-10-16 11:45:00+00:00,1.1822864032495854,1.1823802900803753,-9.388683078981639e-05,1,1.2505682271367333
2024-10-16 11:50:00+00:00,1.1805964402953668,1.1823802900803753,-0.0017838497850084813,1,1.2523583510973435
2024-10-16 11:55:00+00:00,1.1722405123550637,1.1823802900803753,-0.010139777725311497,1,1.2612853724951816
2024-10-16 12:00:00+00:00,1.1660698567334944,1.1660698567334944,0.0,0,0.0
2024-10-16 14:10:00+00:00,1.165195468319518,1.165195468319518,0.0,2,2.501406953454738
2024-10-16 14:15:00+00:00,1.1616643345434285,1.165195468319518,-0.0035311337760895686,2,2.5090105290474765
2024-10-16 14:20:00+00:00,1.1695876851783689,1.165195468319518,0.00439221685885081,2,2.492013282564526
2024-10-16 14:25:00+00:00,1.1667061907650367,1.165195468319518,0.0015107224455186807,2,2.498167978929813
2024-10-16 14:30:00+00:00,1.1523843736909964,1.165195468319518,-0.012811094628521678,2,2.5292151760554233
2024-10-16 14:35:00+00:00,1.1548361367282454,1.165195468319518,-0.01035933159127256,2,2.523845551669171
2024-10-16 14:40:00+00:00,1.1364917558236833,1.1364917558236833,0.0,0,0.0
2024-10-20 14:05:00+00:00,1.1360655714152494,1.1360655714152494,0.0,1,1.2504689258471926
2024-10-20 14:10:00+00:00,1.1415349981432454,1.1360655714152494,0.005469426727995985,1,1.2444775649369433
2024-10-20 14:15:00+00:00,1.1417469914272762,1.1360655714152494,0.005681420012026766,1,1.2442464972066365
2024-10-20 14:20:00+00:00,1.1488805654349141,1.1360655714152494,0.012814994019664652,1,1.2365207816374053
2024-10-20 14:25:00+00:00,1.1469302272218302,1.1360655714152494,0.01086465580658077,1,1.238623467288599
2024-10-20 14:30:00+00:00,1.1483664817211394,1.1360655714152494,0.012300910305889874,1,1.2370743289637178
2024-10-20 14:35:00+00:00,1.155434259903196,1.155434259903196,0.0,0,0.0
2024-10-20 22:05:00+00:00,1.1545678466912113,1.1545678466912113,0.0,2,2.5014069534547385
2024-10-20 22:10:00+00:00,1.1484971855817776,1.1545678466912113,-0.006070661109433733,2,2.5146287480763005
2024-10-20 22:15:00+00:00,1.1391158367788272,1.1545678466912113,-0.015452009912384029,2,2.5353383270619982
2024-10-20 22:20:00+00:00,1.1475508113916293,1.1545678466912113,-0.007017035299582083,2,2.516702538379406
2024-10-20 22:25:00+00:00,1.1492089602605342,1.1545678466912113,-0.005358886430677123,2,2.513071286264527
2024-10-20 22:30:00+00:00,1.164421652068422,1.1545678466912113,0.009853805377210728,2,2.480239039542488
2024-10-20 22:35:00+00:00,1.1659986644488023,1.1659986644488023,0.0,0,0.0
2024-10-21 14:10:00+00:00,1.165561414949634,1.165561414949634,0.0,1,1.2504689258471926
2024-10-21 14:15:00+00:00,1.1633934610869485,1.165561414949634,-0.002167953862685522,1,1.2527991426041492
2024-10-21 14:20:00+00:00,1.165731928174789,1.165561414949634,0.00017051322515504832,1,1.2502860180239195
2024-10-21 14:25:00+00:00,1.165561414949634,1.165561414949634,0.0,1,1.2504689258471926
2024-10-21 14:30:00+00:00,1.165244747531489,1.165561414949634,-0.00031666741814504346,1,1.250808753825012
2024-10-21 14:35:00+00:00,1.161907560124883,1.165561414949634,-0.003653854824751012,1,1.2544012799127922
2024-10-21 14:40:00+00:00,1.1607395396607645,1.1607395396607645,0.0,0,0.0
2024-10-22 14:10:00+00:00,1.1603042623333917,1.1603042623333917,0.0,1,1.2504689258471928
2024-10-22 14:15:00+00:00,1.1637814368922073,1.1603042623333917,0.003477174558815662,1,1.24673274429479
2024-10-22 14:20:00+00:00,1.1622132570508559,1.1603042623333917,0.0019089947174640869,1,1.248414966679791
2024-10-22 14:25:00+00:00,1.1586541143572786,1.1603042623333917,-0.0016501479761130242,1,1.2522498359062086
2024-10-22 14:30:00+00:00,1.15630292312334,1.1603042623333917,-0.00400133921005179,1,1.2547961226776119
2024-10-22 14:35:00+00:00,1.1649117343294404,1.1603042623333917,0.004607471996048722,1,1.2455230570847955
2024-10-22 14:40:00+00:00,1.1647072620131054,1.1647072620131054,0.0,0,0.0
2024-10-23 08:10:00+00:00,1.1642704967898505,1.1642704967898505,0.0,1,1.2504689258471926
2024-10-23 08:15:00+00:00,1.1620535193215848,1.1642704967898505,-0.002216977468265587,1,1.2528545831231055
2024-10-23 08:20:00+00:00,1.1565250364662127,1.1642704967898505,-0.007745460323637773,1,1.2588435456312013
2024-10-23 08:25:00+00:00,1.157898780690881,1.1642704967898505,-0.0063717160989695204,1,1.2573500393943784
2024-10-23 08:30:00+00:00,1.1573180107747612,1.1642704967898505,-0.006952486015089366,1,1.2579810077800024
2024-10-23 08:35:00+00:00,1.155413755569022,1.1642704967898505,-0.008856741220828534,1,1.2600543056538072
2024-10-23 08:40:00+00:00,1.1548485508450865,1.1548485508450865,0.0,0,0.0
2024-10-23 18:25:00+00:00,1.1544154826385196,1.1544154826385196,0.0,1,1.2504689258471926
2024-10-23 18:30:00+00:00,1.15542168456102,1.1544154826385196,0.0010062019225004488,1,1.249379951792069
2024-10-23 18:35:00+00:00,1.1566062286185812,1.1544154826385196,0.0021907459800615623,1,1.2481003930616106
2024-10-23 18:40:00+00:00,1.1570399743050857,1.1544154826385196,0.002624491666566133,1,1.2476325110749573
2024-10-23 18:45:00+00:00,1.1597547379165594,1.1544154826385196,0.005339255278039694,1,1.244712042435491
2024-10-23 18:50:00+00:00,1.1602347204528942,1.1544154826385196,0.0058192378143745935,1,1.2441971121092363
2024-10-23 18:55:00+00:00,1.1615124156900538,1.1615124156900538,0.0,0,0.0
2024-10-24 00:50:00+00:00,1.1606414447159696,1.1606414447159696,0.0,2,2.5014069534547385
2024-10-24 00:55:00+00:00,1.1599507540079474,1.1606414447159696,-0.0006906907080221117,2,2.5028964119802524
2024-10-24 01:00:00+00:00,1.1715182813810385,1.1606414447159696,0.010876836665068916,2,2.4781829071056527
2024-10-24 01:05:00+00:00,1.169839818674445,1.1606414447159696,0.009198373958475423,2,2.481738554232118
2024-10-24 01:10:00+00:00,1.174915047571039,1.1606414447159696,0.014273602855069317,2,2.4710182972652253
2024-10-24 01:15:00+00:00,1.1782061219069544,1.1606414447159696,0.01756467719098465,2,2.4641160203626535
2024-10-24 01:20:00+00:00,1.1730331329224193,1.1730331329224193,0.0,0,0.0
2024-10-25 16:00:00+00:00,1.1725932454975734,1.1725932454975734,0.0,1,1.2504689258471926
2024-10-25 16:05:00+00:00,1.1695029776839345,1.1725932454975734,-0.0030902678136389213,1,1.2537731362230857
2024-10-25 16:10:00+00:00,1.1734006650954978,1.1725932454975734,0.0008074195979242996,1,1.2496084754082606
2024-10-25 16:15:00+00:00,1.176949826061914,1.1725932454975734,0.004356580564340526,1,1.2458402080394964
2024-10-25 16:20:00+00:00,1.1776643052744655,1.1725932454975734,0.005071059776892207,1,1.2450843670695202
2024-10-25 16:25:00+00:00,1.1780709194604708,1.1725932454975734,0.0054776739628974135,1,1.2446546230209565
2024-10-25 16:30:00+00:00,1.1744536326106991,1.1744536326106991,0.0,0,0.0
2024-10-25 18:15:00+00:00,1.1731328676847044,1.1731328676847044,0.0,3,3.7528142588017883
2024-10-25 18:20:00+00:00,1.1889291863227487,1.1731328676847044,0.015796318638044354,3,3.7029537200048743
2024-10-25 18:25:00+00:00,1.1892373610712634,1.1731328676847044,0.016104493386559077,3,3.701994149721616
2024-10-25 18:30:00+00:00,1.2010757578833102,1.1731328676847044,0.02794289019860594,3,3.6655054640973925
2024-10-25 18:35:00+00:00,1.2007879980000882,1.1731328676847044,0.027655130315383757,3,3.666383875129194
2024-10-25 18:40:00+00:00,1.1999682274434769,1.1731328676847044,0.0268353597587725,3,3.668888602738915
2024-10-25 18:45:00+00:00,1.188330913347346,1.188330913347346,0.0,0,0.0
2024-10-25 23:20:00+00:00,1.1869945423342685,1.1869945423342685,0.0,3,3.7528142588017888
2024-10-25 23:25:00+00:00,1.1305008914301358,1.1869945423342685,-0.05649365090413267,3,3.94035075722648
2024-10-25 23:30:00+00:00,1.1476878231961691,1.1869945423342685,-0.03930671913809935,3,3.8813429519418596
2024-10-25 23:35:00+00:00,1.1865058315185588,1.1869945423342685,-0.0004887108157097757,3,3.754360008404451
2024-10-25 23:40:00+00:00,1.1801987203243474,1.1869945423342685,-0.006795822009921204,3,3.774423719395088
2024-10-25 23:45:00+00:00,1.177689503433144,1.1869945423342685,-0.009305038901124413,3,3.7824656079605
2024-10-25 23:50:00+00:00,1.1884000614617456,1.1884000614617456,0.0,0,0.0
2024-10-27 13:25:00+00:00,1.1879544114386975,1.1879544114386975,0.0,1,1.2504689258471926
2024-10-27 13:30:00+00:00,1.1870089488749391,1.1879544114386975,-0.0009454625637584171,1,1.2514649348138076
2024-10-27 13:35:00+00:00,1.185730493206964,1.1879544114386975,-0.0022239182317332984,1,1.252814265414944
2024-10-27 13:40:00+00:00,1.184017957242421,1.1879544114386975,-0.003936454196276479,1,1.2546263067554424
2024-10-27 13:45:00+00:00,1.1830308705406356,1.1879544114386975,-0.004923540898062016,1,1.2556731306160425
2024-10-27 13:50:00+00:00,1.182697877436419,1.1879544114386975,-0.005256534002278645,1,1.2560266701814906
2024-10-27 13:55:00+00:00,1.1804326579510436,1.1804326579510436,0.0,0,0.0
2024-10-28 09:55:00+00:00,1.1799899957043118,1.1799899957043118,0.0,1,1.2504689258471928
2024-10-28 10:00:00+00:00,1.18445051462152,1.1799899957043118,0.004460518917208257,1,1.2457597883777352
2024-10-28 10:05:00+00:00,1.1827035750978094,1.1799899957043118,0.0027135793934974796,1,1.2475998665318802
2024-10-28 10:10:00+00:00,1.1823308946660844,1.1799899957043118,0.002340898961772553,1,1.2479931202808743
2024-10-28 10:15:00+00:00,1.1814516017724832,1.1799899957043118,0.0014616060681714063,1,1.2489219365610165
2024-10-28 10:20:00+00:00,1.1817078195692943,1.1799899957043118,0.0017178238649824774,1,1.2486511454046278
2024-10-28 10:25:00+00:00,1.179960775811525,1.179960775811525,0.0,0,0.0
2024-10-29 13:40:00+00:00,1.1795182905205956,1.1795182905205956,0.0,1,1.2504689258471926
2024-10-29 13:45:00+00:00,1.1821470682475987,1.1795182905205956,0.002628777727003073,1,1.2476882186502027
2024-10-29 13:50:00+00:00,1.1803924831137735,1.1795182905205956,0.0008741925931779743,1,1.2495428350014672
2024-10-29 13:55:00+00:00,1.1848275122035135,1.1795182905205956,0.005309221682917802,1,1.2448655644578408
2024-10-29 14:00:00+00:00,1.1880411516417915,1.1795182905205956,0.008522861121195798,1,1.2414982155509722
2024-10-29 14:05:00+00:00,1.1894547396648025,1.1795182905205956,0.009936449144206844,1,1.2400227773106007
2024-10-29 14:10:00+00:00,1.1827585740264583,1.1827585740264583,0.0,0,0.0
2024-10-29 15:45:00+00:00,1.1823150395611983,1.1823150395611983,0.0,1,1.2504689258471928
2024-10-29 15:50:00+00:00,1.1854674292184115,1.1823150395611983,0.003152389657213184,1,1.2471436845024295
2024-10-29 15:55:00+00:00,1.1856087644272146,1.1823150395611983,0.003293724866016292,1,1.2469950137787091
2024-10-29 16:00:00+00:00,1.1863482138529804,1.1823150395611983,0.004033174291782084,1,1.2462177632749327
2024-10-29 16:05:00+00:00,1.1869401830608652,1.1823150395611983,0.004625143499666986,1,1.2455962302333303
2024-10-29 16:10:00+00:00,1.188615722202906,1.1823150395611983,0.006300682641707627,1,1.2438403681830907
2024-10-29 16:15:00+00:00,1.1869862009855168,1.1869862009855168,0.0,0,0.0
2024-10-29 16:55:00+00:00,1.1865410811601471,1.1865410811601471,0.0,1,1.2504689258471928
2024-10-29 17:00:00+00:00,1.1870470988208202,1.1865410811601471,0.0005060176606730961,1,1.249935872557875
2024-10-29 17:05:00+00:00,1.191467802559668,1.1865410811601471,0.004926721399520992,1,1.245298234702059
2024-10-29 17:10:00+00:00,1.1879924065385612,1.1865410811601471,0.001451325378414139,1,1.2489412752687787
2024-10-29 17:15:00+00:00,1.1855790915415045,1.1865410811601471,-0.000961989618642495,1,1.2514835676654255
2024-10-29 17:20:00+00:00,1.1877699811932103,1.1865410811601471,0.0012289000330630922,1,1.2491751557329032
2024-10-29 17:25:00+00:00,1.185567701139569,1.185567701139569,0.0,0,0.0
2024-10-30 20:05:00+00:00,1.1851231132516418,1.1851231132516418,0.0,1,1.2504689258471928
2024-10-30 20:10:00+00:00,1.1757236406571385,1.1851231132516418,-0.009399472594503178,1,1.260465959157001
2024-10-30 20:15:00+00:00,1.1754390563202544,1.1851231132516418,-0.009684056931387417,1,1.2607711292695842
2024-10-30 20:20:00+00:00,1.177699352060688,1.1851231132516418,-0.007423761190953717,1,1.2583513982846233
2024-10-30 20:25:00+00:00,1.1817920433515638,1.1851231132516418,-0.0033310699000778433,1,1.2539935725253506
2024-10-30 20:30:00+00:00,1.1835241178048312,1.1851231132516418,-0.0015989954468105386,1,1.252158366804692
2024-10-30 20:35:00+00:00,1.180796713113839,1.180796713113839,0.0,0,0.0
2024-10-31 14:10:00+00:00,1.1803539143464215,1.1803539143464215,0.0,1,1.2504689258471926
2024-10-31 14:15:00+00:00,1.1790585126864488,1.1803539143464215,-0.0012954016599725673,1,1.251842784315502
2024-10-31 14:20:00+00:00,1.1827415174059785,1.1803539143464215,0.0023876030595570623,1,1.2479446013102624
2024-10-31 14:25:00+00:00,1.1827161173734302,1.1803539143464215,0.002362203027008635,1,1.2479714021909019
2024-10-31 14:30:00+00:00,1.181344515615812,1.1803539143464215,0.000990601269390623,1,1.2494203611914945
2024-10-31 14:35:00+00:00,1.1811413153554244,1.1803539143464215,0.0007874010090028785,1,1.2496353079886533
2024-10-31 14:40:00+00:00,1.1817399179224946,1.1817399179224946,0.0,0,0.0
2024-11-01 15:55:00+00:00,1.1812967654532736,1.1812967654532736,0.0,1,1.2504689258471928
2024-11-01 16:00:00+00:00,1.1769431169703186,1.1812967654532736,-0.0043536484829549875,1,1.2550945547866874
2024-11-01 16:05:00+00:00,1.1826621108355022,1.1812967654532736,0.001365345382228719,1,1.2490252996771452
2024-11-01 16:10:00+00:00,1.1846457258247778,1.1812967654532736,0.003348960371504139,1,1.2469338851281255
2024-11-01 16:15:00+00:00,1.1870930430193378,1.1812967654532736,0.0057962775660643385,1,1.2443631997420905
2024-11-01 16:20:00+00:00,1.1908026606616193,1.1812967654532736,0.009505895208345857,1,1.240486728995372
2024-11-01 16:25:00+00:00,1.1856967249059198,1.1856967249059198,0.0,0,0.0
2024-11-03 15:55:00+00:00,1.1848076191008423,1.1848076191008423,0.0,2,2.5014069534547385
2024-11-03 16:00:00+00:00,1.1799707404052309,1.1848076191008423,-0.004836878695611542,2,2.511660599234179
2024-11-03 16:05:00+00:00,1.1855000828321989,1.1848076191008423,0.0006924637313564915,2,2.4999458539426302
2024-11-03 16:10:00+00:00,1.1986037529600482,1.1848076191008423,0.013796133859205775,2,2.4726153323030564
2024-11-03 16:15:00+00:00,1.1977103876264519,1.1848076191008423,0.012902768525609506,2,2.47445964194921
2024-11-03 16:20:00+00:00,1.1931983802051047,1.1848076191008423,0.008390761104262456,2,2.4838166612458505
2024-11-03 16:25:00+00:00,1.1964235247668933,1.1964235247668933,0.0,0,0.0
2024-11-04 17:25:00+00:00,1.1959748659451057,1.1959748659451057,0.0,1,1.2504689258471926
2024-11-04 17:30:00+00:00,1.1976203242070913,1.1959748659451057,0.0016454582619855195,1,1.2487508567865713
2024-11-04 17:35:00+00:00,1.1996633428545231,1.1959748659451057,0.0036884769094174654,1,1.2466242424312965
2024-11-04 17:40:00+00:00,1.1970571136610426,1.1959748659451057,0.0010822477159369963,1,1.2493383890303575
2024-11-04 17:45:00+00:00,1.1977042536217966,1.1959748659451057,0.0017293876766909095,1,1.2486633502688265
2024-11-04 17:50:00+00:00,1.1981327353705553,1.1959748659451057,0.0021578694254496033,1,1.2482167975287672
2024-11-04 17:55:00+00:00,1.1991727193253825,1.1991727193253825,0.0,0,0.0
2024-11-05 14:25:00+00:00,1.1982735084195522,1.1982735084195522,0.0,2,2.501406953454738
2024-11-05 14:30:00+00:00,1.1989902385128077,1.1982735084195522,0.0007167300932556514,2,2.499911667186817
2024-11-05 14:35:00+00:00,1.2144195587777604,1.1982735084195522,0.016146050358208208,2,2.4681500429044005
2024-11-05 14:40:00+00:00,1.2155985608166764,1.1982735084195522,0.017325052397124154,2,2.4657561984011793
2024-11-05 14:45:00+00:00,1.2195011143985395,1.1982735084195522,0.021227605978987332,2,2.4578654752436053
2024-11-05 14:50:00+00:00,1.2287828753412984,1.1982735084195522,0.030509366921746224,2,2.4392996893521515
2024-11-05 14:55:00+00:00,1.2184724202456763,1.2184724202456763,0.0,0,0.0
2024-11-05 20:05:00+00:00,1.2175587372781762,1.2175587372781762,0.0,2,2.501406953454738
2024-11-05 20:10:00+00:00,1.2211169474756935,1.2175587372781762,0.0035582101975173783,2,2.4941181088045
2024-11-05 20:15:00+00:00,1.2225086720740805,1.2175587372781762,0.004949934795904257,2,2.4912787624647996
2024-11-05 20:20:00+00:00,1.2145537539648823,1.2175587372781762,-0.0030049833132939317,2,2.5075957994653417
2024-11-05 20:25:00+00:00,1.2149440358363648,1.2175587372781762,-0.002614701441811451,2,2.5067902733236678
2024-11-05 20:30:00+00:00,1.2214138237900742,1.2175587372781762,0.003855086511898016,2,2.493511889538474
2024-11-05 20:35:00+00:00,1.2261707399925024,1.2261707399925024,0.0,0,0.0
2024-11-06 02:20:00+00:00,1.2252512843677683,1.2252512843677683,0.0,2,2.5014069534547385
2024-11-06 02:25:00+00:00,1.2325083504581302,1.2252512843677683,0.00725706609036194,2,2.4866785537864
2024-11-06 02:30:00+00:00,1.2475529530520328,1.2252512843677683,0.022301668684264638,2,2.4566909764823874
2024-11-06 02:35:00+00:00,1.2677138716014933,1.2252512843677683,0.04246258723372506,2,2.417621319056074
2024-11-06 02:40:00+00:00,1.2633147646396048,1.2252512843677683,0.03806348027183658,2,2.426039945255621
2024-11-06 02:45:00+00:00,1.2686132771294336,1.2252512843677683,0.04336199276166528,2,2.4159073042195387
2024-11-06 02:50:00+00:00,1.2732403840094189,1.2732403840094189,0.0,0,0.0
2024-11-06 08:40:00+00:00,1.2727629188654153,1.2727629188654153,0.0,1,1.2504689258471928
2024-11-06 08:45:00+00:00,1.279915562697541,1.2727629188654153,0.0071526438321257105,1,1.243480840765334
2024-11-06 08:50:00+00:00,1.2757286492348334,1.2727629188654153,0.002965730369418055,1,1.2475619176275192
2024-11-06 08:55:00+00:00,1.2817473373374757,1.2727629188654153,0.008984418472060465,1,1.2417037536569728
2024-11-06 09:00:00+00:00,1.2794794258785087,1.2727629188654153,0.006716507013093508,1,1.2439047067278886
2024-11-06 09:05:00+00:00,1.2872426612572794,1.2727629188654153,0.014479742391864019,1,1.2364028383407288
2024-11-06 09:10:00+00:00,1.282927192105794,1.282927192105794,0.0,0,0.0
2024-11-06 22:50:00+00:00,1.2824460944087543,1.2824460944087543,0.0,1,1.2504689258471928
2024-11-06 22:55:00+00:00,1.2842696268489688,1.2824460944087543,0.001823532440214555,1,1.248693386969615
2024-11-06 23:00:00+00:00,1.2831848889022175,1.2824460944087543,0.0007387944934631064,1,1.2497489675896942
2024-11-06 23:05:00+00:00,1.280675333003787,1.2824460944087543,-0.0017707614049674192,1,1.2521979215223165
2024-11-06 23:10:00+00:00,1.2809157343865807,1.2824460944087543,-0.0015303600221737049,1,1.2519629098788616
2024-11-06 23:15:00+00:00,1.2812616778398689,1.2824460944087543,-0.0011844165688855407,1,1.2516248771569571
2024-11-06 23:20:00+00:00,1.27842347390178,1.27842347390178,0.0,0,0.0
2024-11-08 00:10:00+00:00,1.2779440650990668,1.2779440650990668,0.0,1,1.2504689258471926
2024-11-08 00:15:00+00:00,1.2810390394203983,1.2779440650990668,0.003094974321331557,1,1.2474478085384875
2024-11-08 00:20:00+00:00,1.2800273254946202,1.2779440650990668,0.002083260395553444,1,1.2484337721147667
2024-11-08 00:25:00+00:00,1.281109750608759,1.2779440650990668,0.003165685509692164,1,1.2473789553298396
2024-11-08 00:30:00+00:00,1.2801197939717075,1.2779440650990668,0.0021757288726408286,1,1.2483435924533042
2024-11-08 00:35:00+00:00,1.2743105978817566,1.2779440650990668,-0.003633467217310247,1,1.2540344128296312
2024-11-08 00:40:00+00:00,1.2691316147141392,1.2691316147141392,0.0,0,0.0
2024-11-08 18:40:00+00:00,1.2686556903586212,1.2686556903586212,0.0,1,1.2504689258471928
2024-11-08 18:45:00+00:00,1.267729046364233,1.2686556903586212,-0.0009266439943882112,1,1.2513829535912353
2024-11-08 18:50:00+00:00,1.2696948171500158,1.2686556903586212,0.0010391267913945712,1,1.2494455336547519
2024-11-08 18:55:00+00:00,1.2646116659900482,1.2686556903586212,-0.004044024368573158,1,1.2544677240112998
2024-11-08 19:00:00+00:00,1.2668398966355134,1.2686556903586212,-0.0018157937231077532,1,1.2522612546430612
2024-11-08 19:05:00+00:00,1.2662292757374773,1.2686556903586212,-0.0024264146211439653,1,1.2528651396633632
2024-11-08 19:10:00+00:00,1.2690796283791568,1.2690796283791568,0.0,0,0.0
2024-11-09 00:25:00+00:00,1.2686037235185146,1.2686037235185146,0.0,1,1.2504689258471926
2024-11-09 00:30:00+00:00,1.2670764124555107,1.2686037235185146,-0.0015273110630037961,1,1.251976218545261
2024-11-09 00:35:00+00:00,1.265233106000161,1.2686037235185146,-0.0033706175183536363,1,1.2538002111634154
2024-11-09 00:40:00+00:00,1.2727116636190083,1.2686037235185146,0.004107940100493819,1,1.2464327787828198
2024-11-09 00:45:00+00:00,1.2792422350608188,1.2686037235185146,0.0106385115423042,1,1.240069700636898
2024-11-09 00:50:00+00:00,1.279347566858267,1.2686037235185146,0.010743843339752469,1,1.239967602681727
2024-11-09 00:55:00+00:00,1.2896155053373777,1.2896155053373777,0.0,0,0.0
2024-11-09 05:45:00+00:00,1.2891318995228762,1.2891318995228762,0.0,1,1.2504689258471926
2024-11-09 05:50:00+00:00,1.2972484396496244,1.2891318995228762,0.00811654012674833,1,1.242645072756545
2024-11-09 05:55:00+00:00,1.2986854664261633,1.2891318995228762,0.009553566903287132,1,1.2412700560265901
2024-11-09 06:00:00+00:00,1.2951514450201564,1.2891318995228762,0.006019545497280255,1,1.2446570537136175
2024-11-09 06:05:00+00:00,1.2958699584084257,1.2891318995228762,0.006738058885549476,1,1.243966936043172
2024-11-09 06:10:00+00:00,1.3035074896096612,1.2891318995228762,0.014375590086784993,1,1.236678265772332
2024-11-09 06:15:00+00:00,1.3017039480893016,1.3017039480893016,0.0,0,0.0
2024-11-10 04:35:00+00:00,1.3007278531803521,1.3007278531803521,0.0,2,2.5014069534547385
2024-11-10 04:40:00+00:00,1.299916869853123,1.3007278531803521,-0.0008109833272292066,2,2.5029675142728283
2024-11-10 04:45:00+00:00,1.298921802436966,1.3007278531803521,-0.0018060507433861565,2,2.5048849672037745
2024-11-10 04:50:00+00:00,1.299457382050841,1.3007278531803521,-0.0012704711295110482,2,2.503852562954072
2024-11-10 04:55:00+00:00,1.3378724949509517,1.3007278531803521,0.037144641770599694,2,2.431957984618609
2024-11-10 05:00:00+00:00,1.334458072242634,1.3007278531803521,0.03373021906228181,2,2.438180534986491
2024-11-10 05:05:00+00:00,1.3297843636354363,1.3297843636354363,0.0,0,0.0
2024-11-10 21:20:00+00:00,1.329285694499073,1.329285694499073,0.0,1,1.2504689258471928
2024-11-10 21:25:00+00:00,1.3248279910160636,1.329285694499073,-0.004457703483009391,1,1.2546764303111262
2024-11-10 21:30:00+00:00,1.3320472444570373,1.329285694499073,0.0027615499579643553,1,1.2478765009733914
2024-11-10 21:35:00+00:00,1.3348034939352358,1.329285694499073,0.005517799436162768,1,1.2452997479379884
2024-11-10 21:40:00+00:00,1.333865309016695,1.329285694499073,0.004579614517622001,1,1.2461756395551409
2024-11-10 21:45:00+00:00,1.3341992392419382,1.329285694499073,0.004913544742865287,1,1.2458637403276718
2024-11-10 21:50:00+00:00,1.3415081768005488,1.3415081768005488,0.0,0,0.0
2024-11-11 10:20:00+00:00,1.3410051112342485,1.3410051112342485,0.0,1,1.2504689258471928
2024-11-11 10:25:00+00:00,1.3324851647301643,1.3410051112342485,-0.008519946504084143,1,1.2584644582818034
2024-11-11 10:30:00+00:00,1.3333904090462234,1.3410051112342485,-0.007614702188025131,1,1.2576100815065596
2024-11-11 10:35:00+00:00,1.3340294050340298,1.3410051112342485,-0.0069757062002187365,1,1.2570076901400162
2024-11-11 10:40:00+00:00,1.3368782621463324,1.3410051112342485,-0.004126849087915949,1,1.2543290353965955
2024-11-11 10:45:00+00:00,1.3352541473439914,1.3410051112342485,-0.005750963890256993,1,1.2558547182468947
2024-11-11 10:50:00+00:00,1.3347777066105166,1.3347777066105166,0.0,0,0.0
2024-11-11 16:25:00+00:00,1.3342771649705376,1.3342771649705376,0.0,1,1.2504689258471928
2024-11-11 16:30:00+00:00,1.3134296997789716,1.3342771649705376,-0.02084746519156605,1,1.2703170436483369
2024-11-11 16:35:00+00:00,1.3138796450708758,1.3342771649705376,-0.020397519899661876,1,1.2698820166082578
2024-11-11 16:40:00+00:00,1.315529444474525,1.3342771649705376,-0.018747720496012744,1,1.268289463433181
2024-11-11 16:45:00+00:00,1.3154544535925408,1.3342771649705376,-0.018822711377996806,1,1.2683617655529649
2024-11-11 16:50:00+00:00,1.314029626834844,1.3342771649705376,-0.020247538135693757,1,1.2697370737995168
2024-11-11 16:55:00+00:00,1.3052800881766193,1.3052800881766193,0.0,0,0.0
2024-11-12 00:25:00+00:00,1.3043013116654993,1.3043013116654993,0.0,2,2.501406953454738
2024-11-12 00:30:00+00:00,1.3190707351238324,1.3043013116654993,0.014769423458333122,2,2.4733991009920544
2024-11-12 00:35:00+00:00,1.3096731017789458,1.3043013116654993,0.005371790113446549,2,2.491147116000626
2024-11-12 00:40:00+00:00,1.304699399935116,1.3043013116654993,0.0003980882696166272,2,2.5006437272543143
2024-11-12 00:45:00+00:00,1.3144670214156164,1.3043013116654993,0.010165709750117206,2,2.482061791772127
2024-11-12 00:50:00+00:00,1.3319554226962733,1.3043013116654993,0.027654111030773934,2,2.449472643608273
2024-11-12 00:55:00+00:00,1.3407913147530754,1.3407913147530754,0.0,0,0.0
2024-11-12 03:00:00+00:00,1.3397859098157892,1.3397859098157892,0.0,2,2.501406953454738
2024-11-12 03:05:00+00:00,1.3315212727348775,1.3397859098157892,-0.008264637080911736,2,2.5169329695126796
2024-11-12 03:10:00+00:00,1.3433270612186816,1.3397859098157892,0.0035411514028925216,2,2.494812981667707
2024-11-12 03:15:00+00:00,1.3423966183821339,1.3397859098157892,0.0026107085663448033,2,2.496542188100093
2024-11-12 03:20:00+00:00,1.3397786165687515,1.3397859098157892,-7.293247037603006e-06,2,2.5014205701662067
2024-11-12 03:25:00+00:00,1.341030870652682,1.3397859098157892,0.0012449608368928194,2,2.4990847446508004
2024-11-12 03:30:00+00:00,1.3482782680223888,1.3482782680223888,0.0,0,0.0
2024-11-12 10:55:00+00:00,1.3467620237046571,1.3467620237046571,0.0,3,3.752814258801789
2024-11-12 11:00:00+00:00,1.3509826810643488,1.3467620237046571,0.004220657359691671,3,3.741089946312092
2024-11-12 11:05:00+00:00,1.362314647358474,1.3467620237046571,0.015552623653816898,3,3.709970920133301
2024-11-12 11:10:00+00:00,1.3492686758574706,1.3467620237046571,0.0025066521528134236,3,3.7458423338551468
2024-11-12 11:15:00+00:00,1.3343777148427456,1.3467620237046571,-0.012384308861911492,3,3.787643985321813
2024-11-12 11:20:00+00:00,1.3775590571170426,1.3467620237046571,0.03079703341238548,3,3.668915462941326
2024-11-12 11:25:00+00:00,1.3935238701574657,1.3935238701574657,0.0,0,0.0
2024-11-13 19:25:00+00:00,1.3930012987061566,1.3930012987061566,0.0,1,1.2504689258471928
2024-11-13 19:30:00+00:00,1.394534413226913,1.3930012987061566,0.0015331145207564993,1,1.249094193140859
2024-11-13 19:35:00+00:00,1.3792090028616943,1.3930012987061566,-0.013792295844462373,1,1.2629738017099563
2024-11-13 19:40:00+00:00,1.3786068444152626,1.3930012987061566,-0.014394454290894143,1,1.2635254530711857
2024-11-13 19:45:00+00:00,1.3847068050583227,1.3930012987061566,-0.008294493647833943,1,1.257959324915331
2024-11-13 19:50:00+00:00,1.38333044289505,1.3930012987061566,-0.009670855811106617,1,1.2592109474952013
2024-11-13 19:55:00+00:00,1.38283463404136,1.38283463404136,0.0,0,0.0
2024-11-13 20:10:00+00:00,1.3823160710535944,1.3823160710535944,0.0,1,1.2504689258471926
2024-11-13 20:15:00+00:00,1.3880949745602655,1.3823160710535944,0.005778903506671135,1,1.2452629857688844
2024-11-13 20:20:00+00:00,1.384350896232,1.3823160710535944,0.002034825178405378,1,1.2486308906625778
2024-11-13 20:25:00+00:00,1.3815835339893685,1.3823160710535944,-0.0007325370642259591,1,1.251131943908215
2024-11-13 20:30:00+00:00,1.379060350768146,1.3823160710535944,-0.003255720285448451,1,1.2534210642695147
2024-11-13 20:35:00+00:00,1.3906181577814878,1.3823160710535944,0.008302086727893435,1,1.2430035397418644
2024-11-13 20:40:00+00:00,1.3905879528365397,1.3905879528365397,0.0,0,0.0
2024-11-14 07:35:00+00:00,1.390066482354226,1.390066482354226,0.0,1,1.2504689258471928
2024-11-14 07:40:00+00:00,1.3986345251240517,1.390066482354226,0.008568042769825748,1,1.2428085463509504
2024-11-14 07:45:00+00:00,1.3938116331246844,1.390066482354226,0.003745150770458423,1,1.2471089347624777
2024-11-14 07:50:00+00:00,1.4081186479384495,1.390066482354226,0.018052165584223616,1,1.2344378391625808
2024-11-14 07:55:00+00:00,1.4183033025516385,1.390066482354226,0.028236820197412523,1,1.225573498925409
2024-11-14 08:00:00+00:00,1.430724270214813,1.390066482354226,0.040657787860587234,1,1.2149335670280417
2024-11-14 08:05:00+00:00,1.4187787427060652,1.4187787427060652,0.0,0,0.0
2024-11-18 18:40:00+00:00,1.4182467006775503,1.4182467006775503,0.0,1,1.2504689258471928
2024-11-18 18:45:00+00:00,1.3961415608946657,1.4182467006775503,-0.02210513978288472,1,1.2702676276223142
2024-11-18 18:50:00+00:00,1.3997413800959495,1.4182467006775503,-0.018505320581600756,1,1.267000785717297
2024-11-18 18:55:00+00:00,1.3943416512940237,1.4182467006775503,-0.0239050493835267,1,1.2719073741623534
2024-11-18 19:00:00+00:00,1.393666685193783,1.4182467006775503,-0.024580015483767495,1,1.2725233710641424
2024-11-18 19:05:00+00:00,1.39124805666792,1.4182467006775503,-0.026998644009630316,1,1.274735601521775
2024-11-18 19:10:00+00:00,1.3811821184735047,1.3811821184735047,0.0,0,0.0
2024-11-21 03:30:00+00:00,1.3806641751790771,1.3806641751790771,0.0,1,1.2504689258471926
2024-11-21 03:35:00+00:00,1.3801302656446985,1.3806641751790771,-0.0005339095343785021,1,1.2509526753153215
2024-11-21 03:40:00+00:00,1.3792915226261648,1.3806641751790771,-0.0013726525529122477,1,1.2517133758675434
2024-11-21 03:45:00+00:00,1.3785700232553832,1.3806641751790771,-0.002094151923693888,1,1.25236848253449
2024-11-21 03:50:00+00:00,1.3818853128641253,1.3806641751790771,0.001221137685048086,1,1.249363917555174
2024-11-21 03:55:00+00:00,1.3836349488382707,1.3806641751790771,0.0029707736591935304,1,1.2477840701707255
2024-11-21 04:00:00+00:00,1.3814828094690224,1.3814828094690224,0.0,0,0.0
2024-11-21 15:00:00+00:00,1.3809647534154714,1.3809647534154714,0.0,1,1.2504689258471928
2024-11-21 15:05:00+00:00,1.3758902096986942,1.3809647534154714,-0.005074543716777168,1,1.2550808921116177
2024-11-21 15:10:00+00:00,1.3664954463311472,1.3809647534154714,-0.01446930708432422,1,1.2637096716806797
2024-11-21 15:15:00+00:00,1.3590207805861645,1.3809647534154714,-0.021943972829306987,1,1.2706601227182577
2024-11-21 15:20:00+00:00,1.3556606097466768,1.3809647534154714,-0.025304143668794632,1,1.2738096094412328
2024-11-21 15:25:00+00:00,1.338174006398323,1.3809647534154714,-0.04279074701714856,1,1.2904551303339695
2024-11-21 15:30:00+00:00,1.3248324412226458,1.3248324412226458,0.0,0,0.0
2024-11-22 00:25:00+00:00,1.3243356290571873,1.3243356290571873,0.0,1,1.2504689258471926
2024-11-22 00:30:00+00:00,1.3331166664315397,1.3243356290571873,0.00878103737435254,1,1.2422322766102414
2024-11-22 00:35:00+00:00,1.3494956672825025,1.3243356290571873,0.025160038225315273,1,1.2271551451981304
2024-11-22 00:40:00+00:00,1.3409249541566377,1.3243356290571873,0.016589325099450408,1,1.234998682360907
2024-11-22 00:45:00+00:00,1.3393475222929812,1.3243356290571873,0.015011893235793947,1,1.2364532161848056
2024-11-22 00:50:00+00:00,1.3257027366723557,1.3243356290571873,0.0013671076151684188,1,1.2491794017753421
2024-11-22 00:55:00+00:00,1.3277035249576863,1.3277035249576863,0.0,0,0.0
2024-11-22 03:15:00+00:00,1.327205636135827,1.327205636135827,0.0,1,1.2504689258471926
2024-11-22 03:20:00+00:00,1.3405044561190909,1.327205636135827,0.013298819983263814,1,1.238063326549409
2024-11-22 03:25:00+00:00,1.331638576130248,1.327205636135827,0.004432939994421026,1,1.2463061944480487
2024-11-22 03:30:00+00:00,1.3310686267023943,1.327205636135827,0.003862990566567157,1,1.2468398495039987
2024-11-22 03:35:00+00:00,1.330372021846128,1.327205636135827,0.003166385710300785,1,1.2474927155293574
2024-11-22 03:40:00+00:00,1.3251791492812346,1.327205636135827,-0.0020264868545924954,1,1.2523811645370937
2024-11-22 03:45:00+00:00,1.3269610581707922,1.3269610581707922,0.0,0,0.0
2024-11-24 12:55:00+00:00,1.3264634477739783,1.3264634477739783,0.0,1,1.2504689258471926
2024-11-24 13:00:00+00:00,1.3233354190634372,1.3264634477739783,-0.0031280287105409804,1,1.2534247166809767
2024-11-24 13:05:00+00:00,1.3309503742030333,1.3264634477739783,0.004486926429054916,1,1.246253320080933
2024-11-24 13:10:00+00:00,1.3305145013499253,1.3264634477739783,0.004051053575946996,1,1.2466615892052213
2024-11-24 13:15:00+00:00,1.3344629966074937,1.3264634477739783,0.007999548833515484,1,1.2429728864196936
2024-11-24 13:20:00+00:00,1.3414882414164142,1.3264634477739783,0.015024793642435882,1,1.2364635570432922
2024-11-24 13:25:00+00:00,1.345041684595547,1.345041684595547,0.0,0,0.0
2024-11-26 08:00:00+00:00,1.3445372939638238,1.3445372939638238,0.0,1,1.2504689258471926
2024-11-26 08:05:00+00:00,1.3387228115829528,1.3445372939638238,-0.005814482380871022,1,1.2559000946255656
2024-11-26 08:10:00+00:00,1.3283248408387822,1.3445372939638238,-0.016212453125041566,1,1.2657311329680179
2024-11-26 08:15:00+00:00,1.324317562441155,1.3445372939638238,-0.02021973152266898,1,1.2695611335435575
2024-11-26 08:20:00+00:00,1.309336103333685,1.3445372939638238,-0.03520119063013885,1,1.28408748637091
2024-11-26 08:25:00+00:00,1.3150982029904041,1.3445372939638238,-0.029439090973419672,1,1.2784612600954954
2024-11-26 08:30:00+00:00,1.3083078854604415,1.3083078854604415,0.0,0,0.0
2024-11-26 11:10:00+00:00,1.3078172700033939,1.3078172700033939,0.0,1,1.2504689258471928
2024-11-26 11:15:00+00:00,1.3053113171121504,1.3078172700033939,-0.002505952891243509,1,1.2528695916340102
2024-11-26 11:20:00+00:00,1.2950727095850694,1.3078172700033939,-0.01274456041832449,1,1.2627745490440578
2024-11-26 11:25:00+00:00,1.2869820616790546,1.3078172700033939,-0.020835208324339296,1,1.2707130157602629
2024-11-26 11:30:00+00:00,1.2728771268340549,1.3078172700033939,-0.034940143169338925,1,1.284793969778638
2024-11-26 11:35:00+00:00,1.2740943039526589,1.3078172700033939,-0.0337229660507349,1,1.2835665709767725
2024-11-26 11:40:00+00:00,1.2701669531019057,1.2701669531019057,0.0,0,0.0
2024-11-27 15:35:00+00:00,1.2696906404944925,1.2696906404944925,0.0,1,1.2504689258471926
2024-11-27 15:40:00+00:00,1.2688862913070245,1.2696906404944925,-0.0008043491874680863,1,1.2512616002352366
2024-11-27 15:45:00+00:00,1.274445126892466,1.2696906404944925,0.004754486397973461,1,1.2458038858438418
2024-11-27 15:50:00+00:00,1.2733676653514892,1.2696906404944925,0.003677024856996714,1,1.2468580242605147
2024-11-27 15:55:00+00:00,1.2786583845411084,1.2696906404944925,0.008967744046615801,1,1.2416988857795566
2024-11-27 16:00:00+00:00,1.274201990285074,1.2696906404944925,0.00451134979058147,1,1.2460416036724036
2024-11-27 16:05:00+00:00,1.2689478768104854,1.2689478768104854,0.0,0,0.0
2024-11-30 07:15:00+00:00,1.2684720213566814,1.2684720213566814,0.0,1,1.2504689258471928
2024-11-30 07:20:00+00:00,1.2815688518134973,1.2684720213566814,0.013096830456815922,1,1.237689917142227
2024-11-30 07:25:00+00:00,1.278726863287606,1.2684720213566814,0.010254841930924666,1,1.2404407004753355
2024-11-30 07:30:00+00:00,1.275837508286283,1.2684720213566814,0.007365486929601614,1,1.2432498932749558
2024-11-30 07:35:00+00:00,1.2821372495186756,1.2684720213566814,0.013665228161994315,1,1.2371412238499218
2024-11-30 07:40:00+00:00,1.2849792380445668,1.2684720213566814,0.01650721668788557,1,1.2344050386579812
2024-11-30 07:45:00+00:00,1.2865401410343187,1.2865401410343187,0.0,0,0.0
2024-12-03 21:15:00+00:00,1.2860576884814308,1.2860576884814308,0.0,1,1.2504689258471928
2024-12-03 21:20:00+00:00,1.3126844865326233,1.2860576884814308,0.026626798051192436,1,1.2251041227285286
2024-12-03 21:25:00+00:00,1.3255459947296742,1.2860576884814308,0.03948830624824348,1,1.2132171819664865
2024-12-03 21:30:00+00:00,1.3153263098379635,1.2860576884814308,0.02926862135653264,1,1.22264351002833
2024-12-03 21:35:00+00:00,1.322000389767244,1.2860576884814308,0.03594270128581328,1,1.2164710303724187
2024-12-03 21:40:00+00:00,1.3279097313712946,1.2860576884814308,0.04185204288986385,1,1.2110576030135585
2024-12-03 21:45:00+00:00,1.334518488743267,1.334518488743267,0.0,0,0.0
2024-12-04 00:55:00+00:00,1.3340180443099883,1.3340180443099883,0.0,1,1.2504689258471928
2024-12-04 01:00:00+00:00,1.3522240815614726,1.3340180443099883,0.018206037251484272,1,1.2336328968515335
2024-12-04 01:05:00+00:00,1.3468302067634497,1.3340180443099883,0.01281216245346133,1,1.2385734315669896
2024-12-04 01:10:00+00:00,1.3479655193794324,1.3340180443099883,0.01394747506944407,1,1.237530253516466
2024-12-04 01:15:00+00:00,1.3534004295732138,1.3340180443099883,0.0193823852632256,1,1.2325606483331202
2024-12-04 01:20:00+00:00,1.3555160321989812,1.3340180443099883,0.02149798788899284,1,1.2306369465973312
2024-12-04 01:25:00+00:00,1.3499499961337467,1.3499499961337467,0.0,0,0.0
2024-12-04 01:35:00+00:00,1.3494437648851965,1.3494437648851965,0.0,1,1.2504689258471928
2024-12-04 01:40:00+00:00,1.3515360791946576,1.3494437648851965,0.002092314309461204,1,1.2485330736954354
2024-12-04 01:45:00+00:00,1.3522043601864755,1.3494437648851965,0.00276059530127905,1,1.247916028709209
2024-12-04 01:50:00+00:00,1.3480407246877146,1.3494437648851965,-0.0014030401974817878,1,1.251770413359057
2024-12-04 01:55:00+00:00,1.3476995864850851,1.3494437648851965,-0.0017441784001114215,1,1.2520872693655443
2024-12-04 02:00:00+00:00,1.346684919010597,1.3494437648851965,-0.002758845874599481,1,1.2530306616984586
2024-12-04 02:05:00+00:00,1.3417788796614656,1.3417788796614656,0.0,0,0.0
2024-12-05 02:30:00+00:00,1.3412757125815926,1.3412757125815926,0.0,1,1.2504689258471926
2024-12-05 02:35:00+00:00,1.353904770220121,1.3412757125815926,0.012629057638528486,1,1.2388047050784414
2024-12-05 02:40:00+00:00,1.3571460201420533,1.3412757125815926,0.015870307560460692,1,1.2358460878080575
2024-12-05 02:45:00+00:00,1.3824868548181597,1.3412757125815926,0.04121114223656702,1,1.2131931625472412
2024-12-05 02:50:00+00:00,1.378907974696026,1.3412757125815926,0.03763226211443339,1,1.2163419389510517
2024-12-05 02:55:00+00:00,1.374606565945462,1.3412757125815926,0.03333085336386934,1,1.2201481071954783
2024-12-05 03:00:00+00:00,1.3777076012527374,1.3777076012527374,0.0,0,0.0
2024-12-05 20:10:00+00:00,1.3771909609022677,1.3771909609022677,0.0,1,1.2504689258471926
2024-12-05 20:15:00+00:00,1.3684709749008592,1.3771909609022677,-0.008719986001408426,1,1.2584369951220078
2024-12-05 20:20:00+00:00,1.3634836447777516,1.3771909609022677,-0.013707316124516141,1,1.263040087178039
2024-12-05 20:25:00+00:00,1.3624709434230144,1.3771909609022677,-0.014720017479253148,1,1.2639788832775427
2024-12-05 20:30:00+00:00,1.3617181388761304,1.3771909609022677,-0.015472822026137348,1,1.264677654207687
2024-12-05 20:35:00+00:00,1.3645994086597406,1.3771909609022677,-0.01259155224252704,1,1.2620073632138966
2024-12-05 20:40:00+00:00,1.365453948019667,1.365453948019667,0.0,0,0.0
2024-12-05 22:35:00+00:00,1.3634069189114075,1.3634069189114075,0.0,4,5.0046910179335145
2024-12-05 22:40:00+00:00,1.3630266052299518,1.3634069189114075,-0.0003803136814557256,4,5.006087434157728
2024-12-05 22:45:00+00:00,1.398687746294575,1.3634069189114075,0.03528082738316759,4,4.8784515192479985
2024-12-05 22:50:00+00:00,1.4611224053927074,1.3634069189114075,0.09771548648129984,4,4.669992285164081
2024-12-05 22:55:00+00:00,1.4215393907904947,1.3634069189114075,0.05813247187908719,4,4.80002904250858
2024-12-05 23:00:00+00:00,1.4501177186261212,1.3634069189114075,0.08671079971471371,4,4.705432030255462
2024-12-05 23:05:00+00:00,1.4182298684961343,1.4182298684961343,0.0,0,0.0
2024-12-06 16:00:00+00:00,1.4176980322954482,1.4176980322954482,0.0,1,1.2504689258471926
2024-12-06 16:05:00+00:00,1.4295220953528742,1.4176980322954482,0.0118240630574261,1,1.2401258724039235
2024-12-06 16:10:00+00:00,1.4279745697175468,1.4176980322954482,0.010276537422098532,1,1.241469822512893
2024-12-06 16:15:00+00:00,1.4161505066601205,1.4176980322954482,-0.0015475256353277636,1,1.2518353997564475
2024-12-06 16:20:00+00:00,1.419269738018828,1.4176980322954482,0.0015717057233797386,1,1.249084150906239
2024-12-06 16:25:00+00:00,1.4161988668362244,1.4176980322954482,-0.0014991654592238141,1,1.2517926522428018
2024-12-06 16:30:00+00:00,1.4137568036794308,1.4137568036794308,0.0,0,0.0
2024-12-06 17:45:00+00:00,1.413226644878051,1.413226644878051,0.0,1,1.2504689258471926
2024-12-06 17:50:00+00:00,1.4178024410820644,1.413226644878051,0.004575796204013434,1,1.2464331795412678
2024-12-06 17:55:00+00:00,1.4151601293170166,1.413226644878051,0.0019334844389656345,1,1.24876045331504
2024-12-06 18:00:00+00:00,1.416611119907783,1.413226644878051,0.0033844750297320624,1,1.2474813869273647
2024-12-06 18:05:00+00:00,1.4194166023196766,1.413226644878051,0.006189957441625469,1,1.2450157351346
2024-12-06 18:10:00+00:00,1.4258416658546063,1.413226644878051,0.01261502097655513,1,1.2394055012693748
2024-12-06 18:15:00+00:00,1.42715551081489,1.42715551081489,0.0,0,0.0
2024-12-09 21:10:00+00:00,1.4260853448755224,1.4260853448755224,0.0,2,2.5014069534547385
2024-12-09 21:15:00+00:00,1.4405312516991382,1.4260853448755224,0.014445906823615842,2,2.47632239403617
2024-12-09 21:20:00+00:00,1.4624594728958376,1.4260853448755224,0.03637412802031503,2,2.439192240197963
2024-12-09 21:25:00+00:00,1.4664891613592914,1.4260853448755224,0.04040381648376892,2,2.43248971208561
2024-12-09 21:30:00+00:00,1.4535876489858341,1.4260853448755224,0.027502304110311827,2,2.4540796011718826
2024-12-09 21:35:00+00:00,1.47280209159734,1.4260853448755224,0.04671674672181758,2,2.422063234594318
2024-12-09 21:40:00+00:00,1.4799739498603552,1.4799739498603552,0.0,0,0.0
2024-12-09 22:30:00+00:00,1.4794189596291576,1.4794189596291576,0.0,1,1.2504689258471926
2024-12-09 22:35:00+00:00,1.4833445294288148,1.4794189596291576,0.003925569799657223,1,1.2471596453979596
2024-12-09 22:40:00+00:00,1.4492944783404833,1.4794189596291576,-0.030124481288674385,1,1.2764606951678668
2024-12-09 22:45:00+00:00,1.4550974945660637,1.4794189596291576,-0.024321465063093947,1,1.2713700932301706
2024-12-09 22:50:00+00:00,1.4819791138463256,1.4794189596291576,0.0025601542171680217,1,1.2483087109939373
2024-12-09 22:55:00+00:00,1.4895742380239232,1.4794189596291576,0.010155278394765665,1,1.2419437649375706
2024-12-09 23:00:00+00:00,1.4882512015275753,1.4882512015275753,0.0,0,0.0
2024-12-12 03:00:00+00:00,1.4876931073270026,1.4876931073270026,0.0,1,1.2504689258471926
2024-12-12 03:05:00+00:00,1.4766923976194992,1.4876931073270026,-0.011000709707503336,1,1.2597843700613525
2024-12-12 03:10:00+00:00,1.4857269822267076,1.4876931073270026,-0.0019661251002948458,1,1.252123724051478
2024-12-12 03:15:00+00:00,1.487549244514786,1.4876931073270026,-0.0001438628122165701,1,1.2505898603150263
2024-12-12 03:20:00+00:00,1.4861297981009145,1.4876931073270026,-0.001563309226087995,1,1.2517843355854343
2024-12-12 03:25:00+00:00,1.4958357424984676,1.4876931073270026,0.008142635171465178,1,1.2436619536863185
2024-12-12 03:30:00+00:00,1.5040149164265222,1.5040149164265222,0.0,0,0.0
2024-12-13 09:00:00+00:00,1.5034509108328622,1.5034509108328622,0.0,1,1.2504689258471926
2024-12-13 09:05:00+00:00,1.4997697554430072,1.5034509108328622,-0.0036811553898550998,1,1.2535381772502983
2024-12-13 09:10:00+00:00,1.5030565013268065,1.5034509108328622,-0.0003944095060558364,1,1.2507970551164158
2024-12-13 09:15:00+00:00,1.4945635499630692,1.5034509108328622,-0.008887360869793018,1,1.2579047880430432
2024-12-13 09:20:00+00:00,1.4890155229112159,1.5034509108328622,-0.014435387921646245,1,1.2625917034481116
2024-12-13 09:25:00+00:00,1.4864124201712472,1.5034509108328622,-0.0170384906616151,1,1.264802836696264
2024-12-13 09:30:00+00:00,1.4888196328565415,1.4888196328565415,0.0,0,0.0
2024-12-14 01:05:00+00:00,1.4882613254942203,1.4882613254942203,0.0,1,1.2504689258471928
2024-12-14 01:10:00+00:00,1.4853927954756558,1.4882613254942203,-0.0028685300185644492,1,1.252883780464773
2024-12-14 01:15:00+00:00,1.486319775914225,1.4882613254942203,-0.0019415495799953238,1,1.252102388213178
2024-12-14 01:20:00+00:00,1.492644410166352,1.4882613254942203,0.004383084672131722,1,1.2467969788352136
2024-12-14 01:25:00+00:00,1.4973669010620547,1.4882613254942203,0.009105575567834421,1,1.2428647512848632
2024-12-14 01:30:00+00:00,1.4986332877241941,1.4882613254942203,0.010371962229973905,1,1.241814496124536
2024-12-14 01:35:00+00:00,1.4935148935193845,1.4935148935193845,0.0,0,0.0
2024-12-16 14:40:00+00:00,1.4929548254343148,1.4929548254343148,0.0,1,1.2504689258471926
2024-12-16 14:45:00+00:00,1.4957398561782318,1.4929548254343148,0.0027850307439169636,1,1.2481405835299024
2024-12-16 14:50:00+00:00,1.5039369702479641,1.4929548254343148,0.010982144813649336,1,1.2413376716122773
2024-12-16 14:55:00+00:00,1.5029500504942241,1.4929548254343148,0.009995225059909373,1,1.2421528022739867
2024-12-16 15:00:00+00:00,1.497905399522769,1.4929548254343148,0.004950574088454222,1,1.2463361287662231
2024-12-16 15:05:00+00:00,1.5037399413043218,1.4929548254343148,0.010785115870006932,1,1.2415003190511218
2024-12-16 15:10:00+00:00,1.5041082168005573,1.5041082168005573,0.0,0,0.0
2024-12-19 02:20:00+00:00,1.5018533232494213,1.5018533232494213,0.0,4,5.004691017933514
2024-12-19 02:25:00+00:00,1.4387716955107277,1.5018533232494213,-0.06308162773869361,4,5.224117113627173
2024-12-19 02:30:00+00:00,1.4188246438299934,1.5018533232494213,-0.08302867941942797,4,5.29756222504731
2024-12-19 02:35:00+00:00,1.4624999482396008,1.5018533232494213,-0.03935337500982055,4,5.139358702998451
2024-12-19 02:40:00+00:00,1.4495291043748473,1.5018533232494213,-0.052324218874574134,4,5.185347306538982
2024-12-19 02:45:00+00:00,1.4583522399409912,1.5018533232494213,-0.04350108330843008,4,5.153975583720506
2024-12-19 02:50:00+00:00,1.488641468354929,1.488641468354929,0.0,0,0.0
2024-12-19 18:00:00+00:00,1.4869673746451466,1.4869673746451466,0.0,3,3.752814258801789
2024-12-19 18:05:00+00:00,1.463943336946047,1.4869673746451466,-0.02302403769909947,3,3.8118363088987697
2024-12-19 18:10:00+00:00,1.4485923594643302,1.4869673746451466,-0.038375015180816326,3,3.852230980981352
2024-12-19 18:15:00+00:00,1.4397112783203654,1.4869673746451466,-0.04725609632478131,3,3.8759940621230817
2024-12-19 18:20:00+00:00,1.4198134208514346,1.4869673746451466,-0.06715395379371197,3,3.930313859545688
2024-12-19 18:25:00+00:00,1.4050763794863697,1.4869673746451466,-0.08189099515877693,3,3.971536670470021
2024-12-19 18:30:00+00:00,1.481134282509143,1.481134282509143,0.0,1,1.2504689258471928
2024-12-19 18:35:00+00:00,1.4683676155005432,1.481134282509143,-0.01276666700859985,1,1.2613410808936323
2024-12-19 18:40:00+00:00,1.4675165043666363,1.481134282509143,-0.01361777814250659,1,1.2620726170872003
2024-12-19 18:45:00+00:00,1.4625989733707312,1.481134282509143,-0.018535309138411712,1,1.2663159410103029
2024-12-19 18:50:00+00:00,1.4703535414796587,1.481134282509143,-0.010780741029484333,1,1.2596374565948452
2024-12-19 18:55:00+00:00,1.4574923065672911,1.481134282509143,-0.023641975941851738,1,1.2707527764910025
2024-12-19 19:00:00+00:00,1.4689467966271668,1.4689467966271668,0.0,0,0.0
2025-01-02 00:25:00+00:00,1.4683959415784316,1.4683959415784316,0.0,1,1.2504689258471926
2025-01-02 00:30:00+00:00,1.4696448169814345,1.4683959415784316,0.001248875403002955,1,1.249406301826977
2025-01-02 00:35:00+00:00,1.4722185862902322,1.4683959415784316,0.0038226447118006827,1,1.2472220585197629
2025-01-02 00:40:00+00:00,1.4736955172016097,1.4683959415784316,0.0052995756231782746,1,1.245972098273512
2025-01-02 00:45:00+00:00,1.4730330702487124,1.4683959415784316,0.004637128670280889,1,1.2465324322107245
2025-01-02 00:50:00+00:00,1.4762041277937288,1.4683959415784316,0.0078081862152972435,1,1.2438547360846628
2025-01-02 00:55:00+00:00,1.4759410570769902,1.4759410570769902,0.0,0,0.0
2025-01-02 04:35:00+00:00,1.4753875791805864,1.4753875791805864,0.0,1,1.2504689258471926
2025-01-02 04:40:00+00:00,1.4877254725467004,1.4753875791805864,0.01233789336611396,1,1.2400986306889523
2025-01-02 04:45:00+00:00,1.496224910198912,1.4753875791805864,0.020837331018325606,1,1.233054140972007
2025-01-02 04:50:00+00:00,1.498601097069423,1.4753875791805864,0.02321351788883656,1,1.2310990062359277
2025-01-02 04:55:00+00:00,1.4989666642802708,1.4753875791805864,0.0235790850996844,1,1.2307987664502729
2025-01-02 05:00:00+00:00,1.498418313463999,1.4753875791805864,0.02303073428341264,1,1.2312491810655943
2025-01-02 05:05:00+00:00,1.4924727192075897,1.4924727192075897,0.0,0,0.0
2025-01-03 09:15:00+00:00,1.491913041937887,1.491913041937887,0.0,1,1.2504689258471926
2025-01-03 09:20:00+00:00,1.4949959353026336,1.491913041937887,0.003082893364746593,1,1.2478902818099191
2025-01-03 09:25:00+00:00,1.4973741673268663,1.491913041937887,0.005461125388979454,1,1.2459082971492466
2025-01-03 09:30:00+00:00,1.4896228925812178,1.491913041937887,-0.0022901493566691105,1,1.2523913993942402
2025-01-03 09:35:00+00:00,1.485923420543522,1.491913041937887,-0.005989621394364856,1,1.2555094517098937
2025-01-03 09:40:00+00:00,1.484866428532752,1.491913041937887,-0.00704661340513504,1,1.2564031775254978
2025-01-03 09:45:00+00:00,1.4836020899225353,1.4836020899225353,0.0,0,0.0
2025-01-03 16:25:00+00:00,1.4830457391388143,1.4830457391388143,0.0,1,1.2504689258471928
2025-01-03 16:30:00+00:00,1.477252015662414,1.4830457391388143,-0.00579372347640036,1,1.255373215091937
2025-01-03 16:35:00+00:00,1.4823102078380994,1.4830457391388143,-0.0007355313007148279,1,1.251089416099954
2025-01-03 16:40:00+00:00,1.4805468186940778,1.4830457391388143,-0.0024989204447364377,1,1.252579512506697
2025-01-03 16:45:00+00:00,1.4786872446876551,1.4830457391388143,-0.004358494451159231,1,1.2541547369571704
2025-01-03 16:50:00+00:00,1.4764240714546863,1.4830457391388143,-0.006621667684127963,1,1.2560771991315278
2025-01-03 16:55:00+00:00,1.4713753218035224,1.4713753218035224,0.0,0,0.0
2025-01-06 01:55:00+00:00,1.4702719972243243,1.4702719972243243,0.0,2,2.501406953454738
2025-01-06 02:00:00+00:00,1.4679716503986326,1.4702719972243243,-0.0023003468256917237,2,2.505326718215577
2025-01-06 02:05:00+00:00,1.4749138780996873,1.4702719972243243,0.004641880875362992,2,2.4935344713585623
2025-01-06 02:10:00+00:00,1.4916765520758304,1.4702719972243243,0.02140455485150597,2,2.4655134467379827
2025-01-06 02:15:00+00:00,1.4830162716897675,1.4702719972243243,0.01274427446544319,2,2.4799111564273244
2025-01-06 02:20:00+00:00,1.482324174269759,1.4702719972243243,0.012052177045434688,2,2.4810690273863263
2025-01-06 02:25:00+00:00,1.4766563811491034,1.4766563811491034,0.0,0,0.0
2025-01-06 15:55:00+00:00,1.4761026350061723,1.4761026350061723,0.0,1,1.2504689258471928
2025-01-06 16:00:00+00:00,1.478432116583959,1.4761026350061723,0.002329481577786484,1,1.2484986329310148
2025-01-06 16:05:00+00:00,1.479537127075986,1.4761026350061723,0.0034344920698136583,1,1.2475661763786086
2025-01-06 16:10:00+00:00,1.4907415352631612,1.4761026350061723,0.014638900256988793,1,1.2381894733418934
2025-01-06 16:15:00+00:00,1.4864110887403523,1.4761026350061723,0.010308453734180018,1,1.2417967616217165
2025-01-06 16:20:00+00:00,1.4854404714162748,1.4761026350061723,0.009337836410102522,1,1.2426081771398787
2025-01-06 16:25:00+00:00,1.4865691286350784,1.4865691286350784,0.0,0,0.0
2025-01-08 13:05:00+00:00,1.4854544108373857,1.4854544108373857,0.0,2,2.5014069534547385
2025-01-08 13:10:00+00:00,1.4729838673983264,1.4854544108373857,-0.012470543439059206,2,2.52258430967855
2025-01-08 13:15:00+00:00,1.4787785851552624,1.4854544108373857,-0.006675825682123398,2,2.512699351754895
2025-01-08 13:20:00+00:00,1.4759181394713854,1.4854544108373857,-0.009536271366000281,2,2.5175691611456665
2025-01-08 13:25:00+00:00,1.4891522214699113,1.4854544108373857,0.003697810632525512,2,2.4951955473302334
2025-01-08 13:30:00+00:00,1.4839748546918656,1.4854544108373857,-0.00147955614552018,2,2.503900912175622
2025-01-08 13:35:00+00:00,1.4739991088673994,1.4739991088673994,0.0,0,0.0
2025-01-08 17:45:00+00:00,1.4728938168168735,1.4728938168168735,0.0,2,2.5014069534547385
2025-01-08 17:50:00+00:00,1.47471449959836,1.4728938168168735,0.0018206827814865835,2,2.4983187159885127
2025-01-08 17:55:00+00:00,1.482054525571404,1.4728938168168735,0.009160708754530348,2,2.4859455381142186
2025-01-08 18:00:00+00:00,1.4925312510132884,1.4728938168168735,0.019637434196414956,2,2.4684956060952956
2025-01-08 18:05:00+00:00,1.514481826460376,1.4728938168168735,0.041588009643502705,2,2.432717759114431
2025-01-08 18:10:00+00:00,1.5143664230516223,1.4728938168168735,0.041472606234748806,2,2.432903146163209
2025-01-08 18:15:00+00:00,1.5120786665123305,1.5120786665123305,0.0,0,0.0
2025-01-09 20:45:00+00:00,1.5115116370123884,1.5115116370123884,0.0,1,1.2504689258471926
2025-01-09 20:50:00+00:00,1.5164447412476525,1.5115116370123884,0.004933104235264073,1,1.2464010601437001
2025-01-09 20:55:00+00:00,1.5161364222329485,1.5115116370123884,0.00462478522055999,1,1.2466545262178306
2025-01-09 21:00:00+00:00,1.5229194405564366,1.5115116370123884,0.011407803544048143,1,1.2411019800560288
2025-01-09 21:05:00+00:00,1.5307301889289378,1.5115116370123884,0.019218551916549205,1,1.2347690970039127
2025-01-09 21:10:00+00:00,1.5328884220318657,1.5115116370123884,0.02137678501947737,1,1.2330306015587622
2025-01-09 21:15:00+00:00,1.5329380305613318,1.5329380305613318,0.0,0,0.0
2025-01-10 13:45:00+00:00,1.5323631787998713,1.5323631787998713,0.0,1,1.2504689258471928
2025-01-10 13:50:00+00:00,1.5311071397932727,1.5323631787998713,-0.0012560390065984937,1,1.251494744162961
2025-01-10 13:55:00+00:00,1.5367972218835235,1.5323631787998713,0.004434043083652163,1,1.2468610112745862
2025-01-10 14:00:00+00:00,1.5324594819537212,1.5323631787998713,9.63031538499307e-05,1,1.2503903436055293
2025-01-10 14:05:00+00:00,1.5361579328622208,1.5323631787998713,0.003794754062349527,1,1.2473799061997408
2025-01-10 14:10:00+00:00,1.5401473422355436,1.5323631787998713,0.007784163435672336,1,1.244148845798296
2025-01-10 14:15:00+00:00,1.5439553084759006,1.5439553084759006,0.0,0,0.0
2025-01-13 00:30:00+00:00,1.5433763252352222,1.5433763252352222,0.0,1,1.2504689258471926
2025-01-13 00:35:00+00:00,1.552946125314693,1.5433763252352222,0.009569800079470909,1,1.2427630966295027
2025-01-13 00:40:00+00:00,1.5529967913464562,1.5433763252352222,0.00962046611123397,1,1.2427225518744338
2025-01-13 00:45:00+00:00,1.5496508066088017,1.5433763252352222,0.006274481373579542,1,1.2454058213400305
2025-01-13 00:50:00+00:00,1.5497642985199513,1.5433763252352222,0.006387973284729208,1,1.2453146181248347
2025-01-13 00:55:00+00:00,1.547871415573271,1.5433763252352222,0.004495090338048659,1,1.246837506124564
2025-01-13 01:00:00+00:00,1.5437295969789904,1.5437295969789904,0.0,0,0.0
2025-01-13 09:40:00+00:00,1.5425720168682309,1.5425720168682309,0.0,2,2.501406953454738
2025-01-13 09:45:00+00:00,1.5366930678553155,1.5425720168682309,-0.005878949012915418,2,2.5109766224065453
2025-01-13 09:50:00+00:00,1.5437163285411493,1.5425720168682309,0.0011443116729183379,2,2.4995527337884456
2025-01-13 09:55:00+00:00,1.532536294464586,1.5425720168682309,-0.010035722403644901,2,2.5177872675093482
2025-01-13 10:00:00+00:00,1.5327762245363088,1.5425720168682309,-0.00979579233192206,2,2.5173931506969875
2025-01-13 10:05:00+00:00,1.5246704657145067,1.5425720168682309,-0.01790155115372414,2,2.5307766208946894
2025-01-13 10:10:00+00:00,1.5298704594165173,1.5298704594165173,0.0,0,0.0
2025-01-13 12:10:00+00:00,1.529296757994236,1.529296757994236,0.0,1,1.2504689258471928
2025-01-13 12:15:00+00:00,1.5243691406500868,1.529296757994236,-0.004927617344149191,1,1.2545111438395462
2025-01-13 12:20:00+00:00,1.522921303523748,1.529296757994236,-0.006375454470488037,1,1.2557038041597177
2025-01-13 12:25:00+00:00,1.5203425378266207,1.529296757994236,-0.008954220167615398,1,1.2578336964802659
2025-01-13 12:30:00+00:00,1.5224304059573066,1.529296757994236,-0.006866352036929445,1,1.2561086975060547
2025-01-13 12:35:00+00:00,1.5145325476415268,1.529296757994236,-0.014764210352709282,1,1.2626589486297894
2025-01-13 12:40:00+00:00,1.5077076696136789,1.5077076696136789,0.0,0,0.0
2025-01-13 14:40:00+00:00,1.5065771008828597,1.5065771008828597,0.0,2,2.5014069534547385
2025-01-13 14:45:00+00:00,1.5421317408976316,1.5059985845363932,0.036133156361238476,3,3.6942046561489965
2025-01-13 14:50:00+00:00,1.5590609748236615,1.5059985845363932,0.05306239028726821,3,3.654090731290061
2025-01-13 14:55:00+00:00,1.5915185411280945,1.5059985845363932,0.08551995659170128,3,3.579568889961594
2025-01-13 15:00:00+00:00,1.5657229295567263,1.5059985845363932,0.05972434502033298,3,3.6385430334293303
2025-01-13 15:05:00+00:00,1.574769020517649,1.5059985845363932,0.06877043598125582,3,3.617641815017748
2025-01-13 15:10:00+00:00,1.6016175994571595,1.577113521712822,0.024504077744337577,1,1.2040251194846485
2025-01-13 15:15:00+00:00,1.601176520771698,1.601176520771698,0.0,0,0.0
2025-01-14 13:35:00+00:00,1.5993758725977376,1.5993758725977376,0.0,3,3.7528142588017888
2025-01-14 13:40:00+00:00,1.5843746858864356,1.5993758725977376,-0.015001186711302041,3,3.788346679188589
2025-01-14 13:45:00+00:00,1.5753172552315842,1.5993758725977376,-0.02405861736615336,3,3.81012812494457
2025-01-14 13:50:00+00:00,1.5969367489570967,1.5993758725977376,-0.0024391236406409622,3,3.7585462190585464
2025-01-14 13:55:00+00:00,1.5866700886435114,1.5993758725977376,-0.012705783954226077,3,3.7828661565050092
2025-01-14 14:00:00+00:00,1.5849965253705465,1.5993758725977376,-0.014379347227191218,3,3.786860402400652
2025-01-14 14:05:00+00:00,1.5760502543833506,1.5760502543833506,0.0,0,0.0
2025-01-15 13:35:00+00:00,1.5736875084617608,1.5736875084617608,0.0,4,5.004691017933514
2025-01-15 13:40:00+00:00,1.5621906183398881,1.5736875084617608,-0.011496890121872504,4,5.041522875743701
2025-01-15 13:45:00+00:00,1.5737053464214426,1.5736875084617608,1.7837959681896382e-05,4,5.004634289730359
2025-01-15 13:50:00+00:00,1.612496937004006,1.5736875084617608,0.03880942854224534,4,4.884238573045536
2025-01-15 13:55:00+00:00,1.6002851359163088,1.5736875084617608,0.026597627454548096,4,4.921510274556866
2025-01-15 14:00:00+00:00,1.6238828987764138,1.5736875084617608,0.05019539031465296,4,4.849992412979487
2025-01-15 14:05:00+00:00,1.648711766923348,1.648711766923348,0.0,0,0.0
2025-01-16 11:15:00+00:00,1.6480935000107517,1.6480935000107517,0.0,1,1.2504689258471928
2025-01-16 11:20:00+00:00,1.619632062008159,1.6480935000107517,-0.028461438002592727,1,1.2724431412520427
2025-01-16 11:25:00+00:00,1.6344159184971383,1.6480935000107517,-0.013677581513613321,1,1.2609334535539727
2025-01-16 11:30:00+00:00,1.6441712523708185,1.6480935000107517,-0.003922247639933227,1,1.2534519781211828
2025-01-16 11:35:00+00:00,1.659256820216716,1.6480935000107517,0.01116332020596424,1,1.242055891254382
2025-01-16 11:40:00+00:00,1.6696155768042322,1.6480935000107517,0.021522076793480463,1,1.2343498331507428
2025-01-16 11:45:00+00:00,1.6896142526143623,1.6896142526143623,0.0,0,0.0
2025-01-17 01:40:00+00:00,1.6889806472696318,1.6889806472696318,0.0,1,1.2504689258471928
2025-01-17 01:45:00+00:00,1.687013417560459,1.6889806472696318,-0.0019672297091727652,1,1.2519271001543548
2025-01-17 01:50:00+00:00,1.681505174374775,1.6889806472696318,-0.007475472894856649,1,1.2560281395228254
2025-01-17 01:55:00+00:00,1.6812100899183993,1.6889806472696318,-0.007770557351232517,1,1.256248596432385
2025-01-17 02:00:00+00:00,1.685636356764038,1.6889806472696318,-0.003344290505593795,1,1.2529498472745635
2025-01-17 02:05:00+00:00,1.6821937047729856,1.6889806472696318,-0.006786942496646135,1,1.2555140408476162
2025-01-17 02:10:00+00:00,1.6814617379427965,1.6814617379427965,0.0,0,0.0
2025-01-18 08:15:00+00:00,1.680831189791068,1.680831189791068,0.0,1,1.2504689258471926
2025-01-18 08:20:00+00:00,1.6832498631770614,1.680831189791068,0.0024186733859935514,1,1.2486721183873366
2025-01-18 08:25:00+00:00,1.6879080489574936,1.680831189791068,0.007076859166425645,1,1.2452261091631454
2025-01-18 08:30:00+00:00,1.7072574360454433,1.680831189791068,0.02642624625437546,1,1.2311132041673825
2025-01-18 08:35:00+00:00,1.706361631087668,1.680831189791068,0.025530441296599947,1,1.231759513420816
2025-01-18 08:40:00+00:00,1.7032263137354537,1.680831189791068,0.022395123944385892,1,1.234026949606506
2025-01-18 08:45:00+00:00,1.7030436680626129,1.7030436680626129,0.0,0,0.0
2025-01-19 09:30:00+00:00,1.7024050266870894,1.7024050266870894,0.0,1,1.2504689258471926
2025-01-19 09:35:00+00:00,1.7057708595601526,1.7024050266870894,0.003365832873063135,1,1.248001496301324
2025-01-19 09:40:00+00:00,1.70893053772116,1.7024050266870894,0.0065255110340707075,1,1.2456940396869514
2025-01-19 09:45:00+00:00,1.7076140051540736,1.7024050266870894,0.005208978466984101,1,1.2466544421941477
2025-01-19 09:50:00+00:00,1.71271276228986,1.7024050266870894,0.010307735602770544,1,1.2429431437365484
2025-01-19 09:55:00+00:00,1.7241451636980023,1.7024050266870894,0.021740137010912833,1,1.234701479840791
2025-01-19 10:00:00+00:00,1.7220899741030087,1.7220899741030087,0.0,0,0.0
2025-01-19 14:00:00+00:00,1.72144419036272,1.72144419036272,0.0,1,1.2504689258471928
2025-01-19 14:05:00+00:00,1.7525675807193655,1.72144419036272,0.03112339035664545,1,1.2282621744864135
2025-01-19 14:10:00+00:00,1.747469047699151,1.72144419036272,0.02602485733643104,1,1.231845834673325
2025-01-19 14:15:00+00:00,1.7794662845657043,1.72144419036272,0.058022094202984306,1,1.2096955622590662
2025-01-19 14:20:00+00:00,1.7813782344482854,1.72144419036272,0.05993404408556531,1,1.2083971983049695
2025-01-19 14:25:00+00:00,1.7603139343673462,1.72144419036272,0.03886974400462619,1,1.222857142468969
2025-01-19 14:30:00+00:00,1.769963770785146,1.769963770785146,0.0,0,0.0
2025-01-21 16:10:00+00:00,1.7693000343711016,1.7693000343711016,0.0,1,1.2504689258471928
2025-01-21 16:15:00+00:00,1.7896659958895622,1.7693000343711016,0.020365961518460627,1,1.236238895169778
2025-01-21 16:20:00+00:00,1.7926160281566597,1.7693000343711016,0.023315993785558067,1,1.2342044691837837
2025-01-21 16:25:00+00:00,1.7892680257978557,1.7693000343711016,0.019967991426754015,1,1.2365138601830619
2025-01-21 16:30:00+00:00,1.7757981068737867,1.7693000343711016,0.006498072502685168,1,1.2458931592039821
2025-01-21 16:35:00+00:00,1.7791292639377034,1.7693000343711016,0.00982922956660186,1,1.243560408075499
2025-01-21 16:40:00+00:00,1.770118683907119,1.770118683907119,0.0,0,0.0
2025-01-23 14:35:00+00:00,1.7694548894006539,1.7694548894006539,0.0,1,1.2504689258471928
2025-01-23 14:40:00+00:00,1.7824890948645709,1.7694548894006539,0.013034205463916941,1,1.2413250444328865
2025-01-23 14:45:00+00:00,1.7874250372502378,1.7694548894006539,0.017970147849584055,1,1.2378971474450318
2025-01-23 14:50:00+00:00,1.8082533955980278,1.7694548894006539,0.03879850619737396,1,1.2236384348954197
2025-01-23 14:55:00+00:00,1.7916145273406139,1.7694548894006539,0.022159637939960078,1,1.235002463486522
2025-01-23 15:00:00+00:00,1.7933498694288104,1.7694548894006539,0.023894980028156574,1,1.2338074084721888
2025-01-23 15:05:00+00:00,1.8033597047515837,1.8033597047515837,0.0,0,0.0
2025-01-23 20:25:00+00:00,1.802683444862302,1.802683444862302,0.0,1,1.2504689258471926
2025-01-23 20:30:00+00:00,1.8037622229765702,1.802683444862302,0.0010787781142682494,1,1.2497210564813788
2025-01-23 20:35:00+00:00,1.801453500388072,1.802683444862302,-0.0012299444742297624,1,1.2513226849618246
2025-01-23 20:40:00+00:00,1.7961970337803306,1.802683444862302,-0.006486411081971272,1,1.2549846083395555
2025-01-23 20:45:00+00:00,1.797907962127164,1.802683444862302,-0.004775482735137924,1,1.2537903376724924
2025-01-23 20:50:00+00:00,1.8030476183658444,1.802683444862302,0.00036417350354250747,1,1.250216360332473
2025-01-23 20:55:00+00:00,1.7811805832892758,1.7811805832892758,0.0,0,0.0
2025-01-27 07:35:00+00:00,1.7805126405705423,1.7805126405705423,0.0,1,1.2504689258471928
2025-01-27 07:40:00+00:00,1.7819539890386484,1.7805126405705423,0.0014413484681061542,1,1.249457473541594
2025-01-27 07:45:00+00:00,1.7933683041800128,1.7805126405705423,0.01285566360947049,1,1.2415050070429414
2025-01-27 07:50:00+00:00,1.791359151769926,1.7805126405705423,0.010846511199383797,1,1.2428974540988937
2025-01-27 07:55:00+00:00,1.7946786209692005,1.7805126405705423,0.014165980398658172,1,1.2405985690681522
2025-01-27 08:00:00+00:00,1.788221671013594,1.7805126405705423,0.0077090304430518265,1,1.245078149539252
2025-01-27 08:05:00+00:00,1.7765543468034053,1.7765543468034053,0.0,0,0.0
2025-01-28 15:05:00+00:00,1.775888138923354,1.775888138923354,0.0,1,1.2504689258471926
2025-01-28 15:10:00+00:00,1.7627732612846483,1.775888138923354,-0.013114877638705679,1,1.2597723044005626
2025-01-28 15:15:00+00:00,1.7612850482192632,1.775888138923354,-0.014603090704090754,1,1.2608367599267791
2025-01-28 15:20:00+00:00,1.7504955034952216,1.775888138923354,-0.025392635428132363,1,1.268608190692401
2025-01-28 15:25:00+00:00,1.7670518738476304,1.775888138923354,-0.00883626507572362,1,1.256721982172971
2025-01-28 15:30:00+00:00,1.7749580057574885,1.775888138923354,-0.0009301331658655793,1,1.2511242104325417
2025-01-28 15:35:00+00:00,1.7763380908423418,1.7763380908423418,0.0,0,0.0
2025-01-29 19:35:00+00:00,1.7743404597891022,1.7743404597891022,0.0,3,3.752814258801789
2025-01-29 19:40:00+00:00,1.8221173959972201,1.7743404597891022,0.04777693620811804,3,3.6544133720984595
2025-01-29 19:45:00+00:00,1.8885475492037915,1.7743404597891022,0.11420708941468942,3,3.5258684274445677
2025-01-29 19:50:00+00:00,1.8887198134758256,1.7743404597891022,0.1143793536867234,3,3.5255468439287876
2025-01-29 19:55:00+00:00,1.8859252954785972,1.7743404597891022,0.11158483568949513,3,3.530770913052337
2025-01-29 20:00:00+00:00,1.8614499869638883,1.7743404597891022,0.08710952717478623,3,3.5771953176814755
2025-01-29 20:05:00+00:00,1.796172527204391,1.796172527204391,0.0,0,0.0
2025-01-31 11:10:00+00:00,1.7954989625066893,1.7954989625066893,0.0,1,1.2504689258471928
2025-01-31 11:15:00+00:00,1.7936961447251112,1.7954989625066893,-0.0018028177815781184,1,1.2517257538899234
2025-01-31 11:20:00+00:00,1.801941484918593,1.7954989625066893,0.006442522411903857,1,1.2459980958299108
2025-01-31 11:25:00+00:00,1.8082751579550054,1.7954989625066893,0.01277619544831603,1,1.2416338570644434
2025-01-31 11:30:00+00:00,1.8145067847018945,1.7954989625066893,0.019007822195205342,1,1.237369668680713
2025-01-31 11:35:00+00:00,1.8098262615557592,1.7954989625066893,0.014327299049069911,1,1.240569720253402
2025-01-31 11:40:00+00:00,1.8119351590190595,1.8119351590190595,0.0,0,0.0
2025-01-31 15:25:00+00:00,1.8112556833344273,1.8112556833344273,0.0,1,1.2504689258471928
2025-01-31 15:30:00+00:00,1.8135557382972405,1.8112556833344273,0.0023000549628132442,1,1.2488830097388526
2025-01-31 15:35:00+00:00,1.8207166652308833,1.8112556833344273,0.009460981896455885,1,1.2439711197385084
2025-01-31 15:40:00+00:00,1.821893437537439,1.8112556833344273,0.010637754203011569,1,1.2431676310526705
2025-01-31 15:45:00+00:00,1.8193125619105612,1.8112556833344273,0.008056878576133809,1,1.2449311878522442
2025-01-31 15:50:00+00:00,1.8233777753332079,1.8112556833344273,0.012122091998780577,1,1.2421556187718306
2025-01-31 15:55:00+00:00,1.8286022198002159,1.8286022198002159,0.0,0,0.0
2025-02-02 04:10:00+00:00,1.8279164939677908,1.8279164939677908,0.0,1,1.2504689258471926
2025-02-02 04:15:00+00:00,1.8212680618077792,1.8279164939677908,-0.006648432160011578,1,1.255033689264526
2025-02-02 04:20:00+00:00,1.820396136278597,1.8279164939677908,-0.007520357689193711,1,1.2556348199150724
2025-02-02 04:25:00+00:00,1.8317311681579613,1.8279164939677908,0.003814674190170469,1,1.2478647601159099
2025-02-02 04:30:00+00:00,1.833475019216325,1.8279164939677908,0.005558525248534228,1,1.246677893504794
2025-02-02 04:35:00+00:00,1.8327120843782911,1.8279164939677908,0.0047955904105003375,1,1.2471968697285385
2025-02-02 04:40:00+00:00,1.8239610474009336,1.8239610474009336,0.0,0,0.0
2025-02-03 02:00:00+00:00,1.8225933331099051,1.8225933331099051,0.0,2,2.5014069534547385
2025-02-03 02:05:00+00:00,1.7930621741248147,1.8225933331099051,-0.029531158985090317,2,2.5426043237940785
2025-02-03 02:10:00+00:00,1.7772742419424068,1.8225933331099051,-0.045319091167498333,2,2.5651908575340183
2025-02-03 02:15:00+00:00,1.884826228589987,1.8211789178796305,0.06364731071035666,4,4.920222846191931
2025-02-03 02:20:00+00:00,1.9867948122011128,1.8211789178796305,0.16561589432148216,4,4.667701472773674
2025-02-03 02:25:00+00:00,1.9072172245128283,1.8211789178796305,0.0860383066331977,4,4.862458744508812
2025-02-03 02:30:00+00:00,1.8522914739821998,1.8611031337788853,-0.008811659796685349,2,2.545343160335775
2025-02-03 02:35:00+00:00,1.860411664917186,1.8611031337788853,-0.0006914688616991606,2,2.534233429706394
2025-02-03 02:40:00+00:00,1.919656983902008,1.8611031337788853,0.058553850123122655,2,2.456020775474924
2025-02-03 02:45:00+00:00,1.936596227485133,1.936596227485133,0.0,0,0.0
2025-02-03 05:20:00+00:00,1.935870003899826,1.935870003899826,0.0,1,1.2504689258471928
2025-02-03 05:25:00+00:00,1.9173063884922548,1.935870003899826,-0.018563615407571284,1,1.2625761322685936
2025-02-03 05:30:00+00:00,1.929516014733476,1.935870003899826,-0.006353989166350041,1,1.2545867802454047
2025-02-03 05:35:00+00:00,1.9515680947813958,1.935870003899826,0.0156980908815699,1,1.2404103606887338
2025-02-03 05:40:00+00:00,1.9256537860245182,1.935870003899826,-0.010216217875307762,1,1.2571030690589542
2025-02-03 05:45:00+00:00,1.9303881308935633,1.935870003899826,-0.005481873006262675,1,1.2540199795135862
2025-02-03 05:50:00+00:00,1.9497205789902625,1.9497205789902625,0.0,0,0.0
2025-02-03 07:50:00+00:00,1.9489894337731413,1.9489894337731413,0.0,1,1.2504689258471926
2025-02-03 07:55:00+00:00,1.949834164564173,1.9489894337731413,0.0008447307910316882,1,1.2499271825419984
2025-02-03 08:00:00+00:00,1.9505790635344469,1.9489894337731413,0.001589629761305568,1,1.2494498527640885
2025-02-03 08:05:00+00:00,1.9461992623724604,1.9489894337731413,-0.002790171400680867,1,1.2522616624398917
2025-02-03 08:10:00+00:00,1.9510910215896173,1.9489894337731413,0.0021015878164760914,1,1.2491220023923857
2025-02-03 08:15:00+00:00,1.9527036894634053,1.9489894337731413,0.0037142556902641055,1,1.248090397374907
2025-02-03 08:20:00+00:00,1.947889678756297,1.947889678756297,0.0,0,0.0
2025-02-03 09:05:00+00:00,1.9471592201267633,1.9471592201267633,0.0,1,1.2504689258471928
2025-02-03 09:10:00+00:00,1.9434780296337248,1.9471592201267633,-0.0036811904930385826,1,1.252837470410846
2025-02-03 09:15:00+00:00,1.9467911010774595,1.9471592201267633,-0.0003681190493038583,1,1.2507053772219254
2025-02-03 09:20:00+00:00,1.910224608846611,1.9471592201267633,-0.03693461128015225,1,1.2746470164655324
2025-02-03 09:25:00+00:00,1.9205319422271185,1.9471592201267633,-0.02662727789964476,1,1.2678060931503263
2025-02-03 09:30:00+00:00,1.9182005215815277,1.9471592201267633,-0.02895869854523568,1,1.2693470109359912
2025-02-03 09:35:00+00:00,1.9053221343249676,1.9053221343249676,0.0,0,0.0
2025-02-04 14:35:00+00:00,1.9046076385245956,1.9046076385245956,0.0,1,1.2504689258471926
2025-02-04 14:40:00+00:00,1.9101922677838217,1.9046076385245956,0.005584629259226132,1,1.246813060692246
2025-02-04 14:45:00+00:00,1.9066009582218117,1.9046076385245956,0.0019933196972161896,1,1.2491615813135086
2025-02-04 14:50:00+00:00,1.9005852765549442,1.9046076385245956,-0.0040223619696512745,1,1.2531153941291504
2025-02-04 14:55:00+00:00,1.9038407939098958,1.9046076385245956,-0.0007668446146997384,1,1.250972599980399
2025-02-04 15:00:00+00:00,1.9031001458503567,1.9046076385245956,-0.0015074926742389538,1,1.2514594531976257
2025-02-04 15:05:00+00:00,1.895829366744804,1.895829366744804,0.0,0,0.0
2025-02-07 01:55:00+00:00,1.8951184307322748,1.8951184307322748,0.0,1,1.2504689258471926
2025-02-07 02:00:00+00:00,1.8864574118435378,1.8951184307322748,-0.008661018888736988,1,1.2562100228465451
2025-02-07 02:05:00+00:00,1.8900954763445474,1.8951184307322748,-0.0050229543877274695,1,1.2537920639936044
2025-02-07 02:10:00+00:00,1.8854363284069213,1.8951184307322748,-0.009682102325353567,1,1.2568903403029952
2025-02-07 02:15:00+00:00,1.8832025568033013,1.8951184307322748,-0.01191587392897358,1,1.2583812080489474
2025-02-07 02:20:00+00:00,1.8816430398205348,1.8951184307322748,-0.01347539091173999,1,1.2594241619053461
2025-02-07 02:25:00+00:00,1.8849727807804606,1.8849727807804606,0.0,0,0.0
2025-02-09 07:15:00+00:00,1.884265915987668,1.884265915987668,0.0,1,1.2504689258471926
2025-02-09 07:20:00+00:00,1.9028258833355445,1.884265915987668,0.01855996734787653,1,1.238271980957745
2025-02-09 07:25:00+00:00,1.8904150768867627,1.884265915987668,0.006149160899094652,1,1.2464013881310758
2025-02-09 07:30:00+00:00,1.899976272187184,1.884265915987668,0.015710356199515926,1,1.240129158699011
2025-02-09 07:35:00+00:00,1.9059379586686234,1.884265915987668,0.021672042680955413,1,1.2362500915934798
2025-02-09 07:40:00+00:00,1.914074348394864,1.884265915987668,0.029808432407195863,1,1.2309950122634945
2025-02-09 07:45:00+00:00,1.9002817692497296,1.9002817692497296,0.0,0,0.0
2025-02-11 04:40:00+00:00,1.8995691635862608,1.8995691635862608,0.0,1,1.2504689258471928
2025-02-11 04:45:00+00:00,1.9070953896613605,1.8995691635862608,0.007526226075099594,1,1.2455340327700908
2025-02-11 04:50:00+00:00,1.938404490133774,1.8995691635862608,0.038835326547513205,1,1.2254161727608426
2025-02-11 04:55:00+00:00,1.9485272642047833,1.8995691635862608,0.04895810061852252,1,1.219050025728827
2025-02-11 05:00:00+00:00,1.9218467927685552,1.8995691635862608,0.022277629182294312,1,1.2359737625808873
2025-02-11 05:05:00+00:00,1.9147721402579616,1.8995691635862608,0.015202976671700895,1,1.2405404077177298
2025-02-11 05:10:00+00:00,1.920005253193822,1.920005253193822,0.0,0,0.0
2025-02-12 13:45:00+00:00,1.9192852512238745,1.9192852512238745,0.0,1,1.2504689258471926
2025-02-12 13:50:00+00:00,1.9261401653296022,1.9192852512238745,0.006854914105727678,1,1.2460186489499776
2025-02-12 13:55:00+00:00,1.9202217148995204,1.9192852512238745,0.0009364636756458372,1,1.2498590906820688
2025-02-12 14:00:00+00:00,1.927750882851713,1.9192852512238745,0.008465631627838454,1,1.2449775475874554
2025-02-12 14:05:00+00:00,1.9174123238725829,1.9192852512238745,-0.0018729273512916745,1,1.251690383237447
2025-02-12 14:10:00+00:00,1.9192852512238745,1.9192852512238745,0.0,1,1.2504689258471926
2025-02-12 14:15:00+00:00,1.9146695603632398,1.9146695603632398,0.0,0,0.0
2025-02-12 20:50:00+00:00,1.9139515592781036,1.9139515592781036,0.0,1,1.2504689258471928
2025-02-12 20:55:00+00:00,1.918788785600579,1.9139515592781036,0.004837226322475392,1,1.2473165198872775
2025-02-12 21:00:00+00:00,1.9092165278779338,1.9139515592781036,-0.004735031400169633,1,1.2535702030163172
2025-02-12 21:05:00+00:00,1.9038683269439294,1.9139515592781036,-0.010083232334174084,1,1.2570916363190991
2025-02-12 21:10:00+00:00,1.901892558446017,1.9139515592781036,-0.01205900083208665,1,1.2583975576462523
2025-02-12 21:15:00+00:00,1.9021991432129344,1.9139515592781036,-0.011752416065169108,1,1.2581947368620683
2025-02-12 21:20:00+00:00,1.9026052862731624,1.9026052862731624,0.0,0,0.0
2025-02-12 22:20:00+00:00,1.90189180929081,1.90189180929081,0.0,1,1.2504689258471928
2025-02-12 22:25:00+00:00,1.9206513640590255,1.90189180929081,0.01875955476821547,1,1.2382552358775534
2025-02-12 22:30:00+00:00,1.9559484851327418,1.90189180929081,0.05405667584193175,1,1.2159096345934954
2025-02-12 22:35:00+00:00,1.9528658054868409,1.90189180929081,0.05097399619603103,1,1.2178289983671275
2025-02-12 22:40:00+00:00,1.9608315902128575,1.90189180929081,0.058939780922047526,1,1.2128816261998727
2025-02-12 22:45:00+00:00,1.95117077080975,1.90189180929081,0.04927896151894023,1,1.2188869592662355
2025-02-12 22:50:00+00:00,1.940910647744509,1.940910647744509,0.0,0,0.0
2025-02-13 13:10:00+00:00,1.9401828062516049,1.9401828062516049,0.0,1,1.2504689258471926
2025-02-13 13:15:00+00:00,1.9379659089418524,1.9401828062516049,-0.0022168973097524214,1,1.2518993747445901
2025-02-13 13:20:00+00:00,1.9625564160238758,1.9401828062516049,0.02237360977227085,1,1.2362132827732788
2025-02-13 13:25:00+00:00,1.9834634629604644,1.9401828062516049,0.043280656708859555,1,1.223182758334982
2025-02-13 13:30:00+00:00,1.9812806717631692,1.9401828062516049,0.041097865511564455,1,1.224530347596629
2025-02-13 13:35:00+00:00,1.9913078688257426,1.9401828062516049,0.05112506257413768,1,1.2183642457614097
2025-02-13 13:40:00+00:00,2.001562195544227,2.001562195544227,0.0,0,0.0
2025-02-13 14:45:00+00:00,2.000811609720898,2.000811609720898,0.0,1,1.2504689258471928
2025-02-13 14:50:00+00:00,2.017117659373838,2.000811609720898,0.016306049652940073,1,1.2403603393204887
2025-02-13 14:55:00+00:00,2.014849930614158,2.000811609720898,0.014038320893260016,1,1.2417563742167383
2025-02-13 15:00:00+00:00,2.013230124357243,2.000811609720898,0.012418514636344736,1,1.2427554675246446
2025-02-13 15:05:00+00:00,2.021797099671591,2.000811609720898,0.02098548995069304,1,1.2374895308914464
2025-02-13 15:10:00+00:00,2.030292083596743,2.000811609720898,0.0294804738758452,1,1.232311727285059
2025-02-13 15:15:00+00:00,2.0367046409984364,2.0367046409984364,0.0,0,0.0
2025-02-14 17:00:00+00:00,2.035940876758062,2.035940876758062,0.0,1,1.2504689258471928
2025-02-14 17:05:00+00:00,2.030743594416648,2.035940876758062,-0.005197282341413768,1,1.253669251129351
2025-02-14 17:10:00+00:00,2.030321135942333,2.035940876758062,-0.005619740815728472,1,1.253930107990737
2025-02-14 17:15:00+00:00,2.0250325817083206,2.035940876758062,-0.010908295049741095,1,1.2572048589461888
2025-02-14 17:20:00+00:00,2.0269206060009366,2.035940876758062,-0.009020270757125227,1,1.2560338050294946
2025-02-14 17:25:00+00:00,2.0333122462512154,2.035940876758062,-0.0026286305068465438,1,1.2520855102023039
2025-02-14 17:30:00+00:00,2.0273120831440274,2.0273120831440274,0.0,0,0.0
2025-02-17 14:15:00+00:00,2.0265518411128483,2.0265518411128483,0.0,1,1.2504689258471928
2025-02-17 14:20:00+00:00,2.019378430365988,2.0265518411128483,-0.00717341074686054,1,1.254910949737515
2025-02-17 14:25:00+00:00,2.018019352545692,2.0265518411128483,-0.008532488567156243,1,1.255756096061847
2025-02-17 14:30:00+00:00,2.0136541025930854,2.0265518411128483,-0.012897738519762829,1,1.2584783556752335
2025-02-17 14:35:00+00:00,2.0197654525267343,2.0265518411128483,-0.00678638858611372,1,1.2546704869913559
2025-02-17 14:40:00+00:00,2.026677848327975,2.0265518411128483,0.00012600721512677994,1,1.250391178854952
2025-02-17 14:45:00+00:00,2.018438178027485,2.018438178027485,0.0,0,0.0
2025-02-19 10:05:00+00:00,2.0176812637107244,2.0176812637107244,0.0,1,1.2504689258471926
2025-02-19 10:10:00+00:00,2.0155015870243997,2.0176812637107244,-0.0021796766863245716,1,1.251821253219292
2025-02-19 10:15:00+00:00,2.01517188802983,2.0176812637107244,-0.002509375680894242,1,1.2520260616582242
2025-02-19 10:20:00+00:00,2.0155696201502638,2.0176812637107244,-0.0021116435604605533,1,1.2517789995000317
2025-02-19 10:25:00+00:00,2.0121810471505155,2.0176812637107244,-0.005500216560208743,1,1.253887032733604
2025-02-19 10:30:00+00:00,2.0137641256561896,2.0176812637107244,-0.003917138054534704,1,1.2529013156951612
2025-02-19 10:35:00+00:00,2.0102963529396307,2.0102963529396307,0.0,0,0.0
2025-02-19 19:15:00+00:00,2.009542491807278,2.009542491807278,0.0,1,1.2504689258471926
2025-02-19 19:20:00+00:00,2.0072881153454256,2.009542491807278,-0.002254376461852616,1,1.2518733220029596
2025-02-19 19:25:00+00:00,2.0104065385348173,2.009542491807278,0.0008640467275389801,1,1.2499314904765064
2025-02-19 19:30:00+00:00,2.007775123500948,2.009542491807278,-0.0017673683063303915,1,1.2515696662248001
2025-02-19 19:35:00+00:00,2.0081416887792978,2.009542491807278,-0.001400803027980318,1,1.2513412052622905
2025-02-19 19:40:00+00:00,2.01200895246589,2.009542491807278,0.002466460658611727,1,1.2489360139748877
2025-02-19 19:45:00+00:00,2.009487723027208,2.009487723027208,0.0,0,0.0
2025-02-21 09:20:00+00:00,2.007227896985466,2.007227896985466,0.0,3,3.752814258801789
2025-02-21 09:25:00+00:00,1.9792009557453902,2.007227896985466,-0.028026941240075962,3,3.8059568689096874
2025-02-21 09:30:00+00:00,1.941830626601336,2.007227896985466,-0.06539727038413017,3,3.8792021143759023
2025-02-21 09:35:00+00:00,1.927394473533742,2.007227896985466,-0.07983342345172413,3,3.9082572747347424
2025-02-21 09:40:00+00:00,1.9186072329659378,2.007227896985466,-0.0886206640195285,3,3.926157132654529
2025-02-21 09:45:00+00:00,1.9032071522825513,2.007227896985466,-0.10402074470291484,3,3.9579262107320354
2025-02-21 09:50:00+00:00,1.9172154760182214,1.9172154760182214,0.0,0,0.0
2025-02-21 16:15:00+00:00,1.9164965202147146,1.9164965202147146,0.0,1,1.2504689258471926
2025-02-21 16:20:00+00:00,1.918417797820528,1.9164965202147146,0.0019212776058133913,1,1.2492165928325984
2025-02-21 16:25:00+00:00,1.9211624801145468,1.9164965202147146,0.004665959899832294,1,1.2474318907580828
2025-02-21 16:30:00+00:00,1.906615663956246,1.9164965202147146,-0.009880856258468794,1,1.2569493633813833
2025-02-21 16:35:00+00:00,1.9200646071969396,1.9164965202147146,0.0035680869822249457,1,1.248145159303469
2025-02-21 16:40:00+00:00,1.9229465236056595,1.9164965202147146,0.006450003390945033,1,1.2462745664549917
2025-02-21 16:45:00+00:00,1.9168754373288157,1.9168754373288157,0.0,0,0.0
2025-02-22 10:10:00+00:00,1.9161566090398174,1.9161566090398174,0.0,1,1.2504689258471926
2025-02-22 10:15:00+00:00,1.9142416083793907,1.9161566090398174,-0.0019150006604266169,1,1.2517198906200604
2025-02-22 10:20:00+00:00,1.9123528406047237,1.9161566090398174,-0.0038037684350938415,1,1.2529561730372556
2025-02-22 10:25:00+00:00,1.9226011546413444,1.9161566090398174,0.006444545601526951,1,1.2462773627679444
2025-02-22 10:30:00+00:00,1.9196893043220657,1.9161566090398174,0.003532695282248203,1,1.2481677588484534
2025-02-22 10:35:00+00:00,1.9148799419328664,1.9161566090398174,-0.001276667106951078,1,1.2513026243527408
2025-02-22 10:40:00+00:00,1.9084423445483476,1.9084423445483476,0.0,0,0.0
2025-02-23 23:15:00+00:00,1.907726678669142,1.907726678669142,0.0,1,1.2504689258471928
2025-02-23 23:20:00+00:00,1.8979861604160289,1.907726678669142,-0.009740518253113275,1,1.2568863674762167
2025-02-23 23:25:00+00:00,1.8974398845864753,1.907726678669142,-0.010286794082666808,1,1.2572482269736507
2025-02-23 23:30:00+00:00,1.8889011731583798,1.907726678669142,-0.018825505510762206,1,1.2629315734378084
2025-02-23 23:35:00+00:00,1.8886406416089005,1.907726678669142,-0.019086037060241468,1,1.263105790550617
2025-02-23 23:40:00+00:00,1.8917249989849938,1.907726678669142,-0.01600167968414822,1,1.2610463634859213
2025-02-23 23:45:00+00:00,1.8877148696414052,1.8877148696414052,0.0,0,0.0
2025-02-24 15:15:00+00:00,1.8870069765652897,1.8870069765652897,0.0,1,1.2504689258471928
2025-02-24 15:20:00+00:00,1.8780653599950257,1.8870069765652897,-0.008941616570264124,1,1.2564225065404575
2025-02-24 15:25:00+00:00,1.882846001640302,1.8870069765652897,-0.004160974924987846,1,1.2532323859710657
2025-02-24 15:30:00+00:00,1.8741333382357668,1.8870069765652897,-0.012873638329522976,1,1.2590585413058335
2025-02-24 15:35:00+00:00,1.8724535188132987,1.8870069765652897,-0.014553457751991097,1,1.2601880705413844
2025-02-24 15:40:00+00:00,1.8694049576391896,1.8870069765652897,-0.01760201892610012,1,1.2622431418132503
2025-02-24 15:45:00+00:00,1.8676045597831283,1.8676045597831283,0.0,0,0.0
2025-02-24 19:50:00+00:00,1.8669042080732097,1.8669042080732097,0.0,1,1.2504689258471926
2025-02-24 19:55:00+00:00,1.8726661126085955,1.8669042080732097,0.005761904535385795,1,1.246621426003688
2025-02-24 20:00:00+00:00,1.8692401153172848,1.8669042080732097,0.0023359072440752803,1,1.2489062697719022
2025-02-24 20:05:00+00:00,1.8834112859313419,1.8669042080732097,0.01650707785813229,1,1.2395092442989708
2025-02-24 20:10:00+00:00,1.8868372832226525,1.8669042080732097,0.019933075149442803,1,1.237258623457798
2025-02-24 20:15:00+00:00,1.8964923664981643,1.8669042080732097,0.029588158424954585,1,1.230959713294037
2025-02-24 20:20:00+00:00,1.8887842930560197,1.8887842930560197,0.0,0,0.0
2025-02-25 00:20:00+00:00,1.8880759989461238,1.8880759989461238,0.0,1,1.2504689258471926
2025-02-25 00:25:00+00:00,1.89218086715547,1.8880759989461238,0.004104868209346352,1,1.2477561777005517
2025-02-25 00:30:00+00:00,1.8823209582944478,1.8880759989461238,-0.0057550406516759965,1,1.2542921311673039
2025-02-25 00:35:00+00:00,1.8807299041794914,1.8880759989461238,-0.007346094766632505,1,1.255353233376726
2025-02-25 00:40:00+00:00,1.8815806940212532,1.8880759989461238,-0.006495304924870678,1,1.2547856033079368
2025-02-25 00:45:00+00:00,1.8815087238835813,1.8880759989461238,-0.006567275062542448,1,1.2548336004771619
2025-02-25 00:50:00+00:00,1.8879023401446464,1.8879023401446464,0.0,0,0.0
2025-02-25 07:40:00+00:00,1.8871943767670922,1.8871943767670922,0.0,1,1.2504689258471926
2025-02-25 07:45:00+00:00,1.88546143525233,1.8871943767670922,-0.0017329415147622936,1,1.251618241062028
2025-02-25 07:50:00+00:00,1.8974824720817458,1.8871943767670922,0.010288095314653642,1,1.2436889193457286
2025-02-25 07:55:00+00:00,1.9001018032218748,1.8871943767670922,0.01290742645478263,1,1.2419744674623863
2025-02-25 08:00:00+00:00,1.8845451673249842,1.8871943767670922,-0.0026492094421079644,1,1.2522267792236226
2025-02-25 08:05:00+00:00,1.903926225875144,1.8871943767670922,0.01673184910805179,1,1.2394797094073773
2025-02-25 08:10:00+00:00,1.9043934757087504,1.9043934757087504,0.0,0,0.0
2025-02-25 11:40:00+00:00,1.9036793281553597,1.9036793281553597,0.0,1,1.2504689258471928
2025-02-25 11:45:00+00:00,1.9159874348382286,1.9036793281553597,0.012308106682868957,1,1.2424360417775542
2025-02-25 11:50:00+00:00,1.9437240132784956,1.9036793281553597,0.04004468512313591,1,1.224706711638934
2025-02-25 11:55:00+00:00,1.9577656561138808,1.9036793281553597,0.05408632795852105,1,1.215922772575937
2025-02-25 12:00:00+00:00,1.9704204700272525,1.9036793281553597,0.06674114187189283,1,1.2081136391173475
2025-02-25 12:05:00+00:00,1.9542985838088478,1.9036793281553597,0.05061925565348815,1,1.218079910796669
2025-02-25 12:10:00+00:00,1.9775072351601872,1.9775072351601872,0.0,0,0.0
2025-02-25 15:40:00+00:00,1.976024382820772,1.976024382820772,0.0,2,2.5014069534547385
2025-02-25 15:45:00+00:00,1.9720115155347844,1.976024382820772,-0.0040128672859876,2,2.5064970931691297
2025-02-25 15:50:00+00:00,1.979102032624845,1.976024382820772,0.003077649804072904,2,2.497517080930078
2025-02-25 15:55:00+00:00,2.0116373172855284,1.976024382820772,0.03561293446475655,2,2.4571234033646676
2025-02-25 16:00:00+00:00,1.9862335831718076,1.976024382820772,0.010209200351035695,2,2.4885497724244425
2025-02-25 16:05:00+00:00,1.9740758946237702,1.976024382820772,-0.0019484881970018722,2,2.503875937518613
2025-02-25 16:10:00+00:00,1.9706958317940124,1.9706958317940124,0.0,0,0.0
2025-02-26 18:45:00+00:00,1.9692180870492684,1.9692180870492684,0.0,2,2.5014069534547376
2025-02-26 18:50:00+00:00,1.953908334197324,1.9692180870492684,-0.015309752851944462,2,2.521006604865846
2025-02-26 18:55:00+00:00,1.9115868359157973,1.9692180870492684,-0.057631251133471006,2,2.5768203271048535
2025-02-26 19:00:00+00:00,1.9197766131152156,1.9692180870492684,-0.049441473934052724,2,2.5658275979416016
2025-02-26 19:05:00+00:00,1.926705962168473,1.9692180870492684,-0.042512124880795414,2,2.5565996641594233
2025-02-26 19:10:00+00:00,1.9253357917012444,1.9692180870492684,-0.04388229534802405,2,2.5584190752831644
2025-02-26 19:15:00+00:00,1.9555233836846864,1.9555233836846864,0.0,0,0.0
2025-02-26 20:25:00+00:00,1.9547900624158046,1.9547900624158046,0.0,1,1.2504689258471926
2025-02-26 20:30:00+00:00,1.969920292992424,1.9547900624158046,0.015130230576619505,1,1.2408645356369548
2025-02-26 20:35:00+00:00,1.9658166303769198,1.9547900624158046,0.011026567961115247,1,1.2434548532317458
2025-02-26 20:40:00+00:00,1.9812002098300165,1.9547900624158046,0.026410147414212094,1,1.2337997025629144
2025-02-26 20:45:00+00:00,1.9883322752945798,1.9547900624158046,0.033542212878775284,1,1.2293741141649521
2025-02-26 20:50:00+00:00,1.9937881138903544,1.9547900624158046,0.03899805147454979,1,1.2260100321474203
2025-02-26 20:55:00+00:00,1.9958976026889252,1.9958976026889252,0.0,0,0.0
2025-02-28 01:40:00+00:00,1.995149141087917,1.995149141087917,0.0,1,1.2504689258471926
2025-02-28 01:45:00+00:00,1.9986232435376623,1.995149141087917,0.0034741024497452863,1,1.2482953009918516
2025-02-28 01:50:00+00:00,1.9910480646128037,1.995149141087917,-0.004101076475113277,1,1.2530445887785893
2025-02-28 01:55:00+00:00,1.9783056504837022,1.995149141087917,-0.01684349060421469,1,1.2611155423587614
2025-02-28 02:00:00+00:00,1.972032881369995,1.995149141087917,-0.02311625971792203,1,1.2651269798442402
2025-02-28 02:05:00+00:00,1.9890914210360506,1.995149141087917,-0.006057720051866297,1,1.2542771925795457
2025-02-28 02:10:00+00:00,1.9957606376385526,1.9957606376385526,0.0,0,0.0
2025-02-28 08:30:00+00:00,1.9950122273994382,1.9950122273994382,0.0,1,1.2504689258471928
2025-02-28 08:35:00+00:00,2.00321514337962,1.9950122273994382,0.0082029159801821,1,1.2453484116735392
2025-02-28 08:40:00+00:00,2.006258160598075,1.9950122273994382,0.011245933198637119,1,1.2434595138566358
2025-02-28 08:45:00+00:00,1.9976142276297113,1.9950122273994382,0.002602000230273082,1,1.2488401226538632
2025-02-28 08:50:00+00:00,2.0012746686316207,1.9950122273994382,0.006262441232182475,1,1.246555925656098
2025-02-28 08:55:00+00:00,2.010844737275166,1.9950122273994382,0.015832509875727797,1,1.2406232817500786
2025-02-28 09:00:00+00:00,2.016182361472961,2.016182361472961,0.0,0,0.0
2025-02-28 16:40:00+00:00,2.0154262930874087,2.0154262930874087,0.0,1,1.2504689258471926
2025-02-28 16:45:00+00:00,2.0136973579703126,2.0154262930874087,-0.0017289351170960633,1,1.2515425626725962
2025-02-28 16:50:00+00:00,2.0039427119912414,2.0154262930874087,-0.011483581096167202,1,1.2576347301550086
2025-02-28 16:55:00+00:00,2.01066205019159,2.0154262930874087,-0.0047642428958187474,1,1.2534318990111024
2025-02-28 17:00:00+00:00,2.0040974531721174,2.0154262930874087,-0.01132883991529124,1,1.2575376251549766
2025-02-28 17:05:00+00:00,1.9979256606887144,2.0154262930874087,-0.017500632398694375,1,1.2614222848373855
2025-02-28 17:10:00+00:00,1.9968630857333503,1.9968630857333503,0.0,0,0.0
2025-03-02 15:25:00+00:00,1.9961142620762002,1.9961142620762002,0.0,1,1.2504689258471926
2025-03-02 15:30:00+00:00,2.150919333794629,1.995307364739526,0.15561196905510263,2,2.410939622236876
2025-03-02 15:35:00+00:00,2.25622615692567,1.995307364739526,0.2609187921861441,2,2.2984117217871862
2025-03-02 15:40:00+00:00,2.3562424490250606,1.995307364739526,0.36093508428553445,2,2.2008501918919725
2025-03-02 15:45:00+00:00,2.3369240132304765,1.995307364739526,0.3416166484909503,2,2.219043758685267
2025-03-02 15:50:00+00:00,2.2040182257560246,1.995307364739526,0.20871086101649855,2,2.352855609577366
2025-03-02 15:55:00+00:00,2.278724684296552,2.2429089563420335,0.03581572795451837,1,1.1803346878407266
2025-03-02 16:00:00+00:00,2.273658013369043,2.273658013369043,0.0,0,0.0
2025-03-03 15:05:00+00:00,2.2728053916140296,2.2728053916140296,0.0,1,1.2504689258471928
2025-03-03 15:10:00+00:00,2.25832874698387,2.2728053916140296,-0.014476644630159649,1,1.2584848510240405
2025-03-03 15:15:00+00:00,2.278740973438452,2.2728053916140296,0.0059355818244224,1,1.2472117497509276
2025-03-03 15:20:00+00:00,2.267581827566847,2.2728053916140296,-0.005223564047182786,1,1.2533494854123501
2025-03-03 15:25:00+00:00,2.2960908933466757,2.2728053916140296,0.023285501732646045,1,1.237787460830364
2025-03-03 15:30:00+00:00,2.299389488978401,2.2728053916140296,0.026584097364371194,1,1.2360117893615372
2025-03-03 15:35:00+00:00,2.283587644422494,2.283587644422494,0.0,0,0.0
2025-03-04 14:40:00+00:00,2.2818752748186895,2.2818752748186895,0.0,2,2.501406953454738
2025-03-04 14:45:00+00:00,2.2330462800699977,2.2818752748186895,-0.04882899474869155,2,2.5561040674754802
2025-03-04 14:50:00+00:00,2.2349013718327884,2.2818752748186895,-0.04697390298590131,2,2.553982359707893
2025-03-04 14:55:00+00:00,2.2013898603702535,2.2818752748186895,-0.08048541444843582,2,2.592861347325319
2025-03-04 15:00:00+00:00,2.151738030651977,2.2818752748186895,-0.13013724416671255,2,2.652692194885089
2025-03-04 15:05:00+00:00,2.1341878569055712,2.2818752748186895,-0.14768741791311837,2,2.674506211287314
2025-03-04 15:10:00+00:00,2.1129195999431403,2.1129195999431403,0.0,0,0.0
2025-03-04 21:25:00+00:00,2.112127255093162,2.112127255093162,0.0,1,1.2504689258471926
2025-03-04 21:30:00+00:00,2.132414592647076,2.112127255093162,0.020287337553914105,1,1.2385722312331067
2025-03-04 21:35:00+00:00,2.108379682969525,2.112127255093162,-0.0037475721236365543,1,1.2526915912076264
2025-03-04 21:40:00+00:00,2.093197211289154,2.112127255093162,-0.018930043804007837,1,1.261777669913051
2025-03-04 21:45:00+00:00,2.0960679476274517,2.112127255093162,-0.016059307465709903,1,1.2600495622856376
2025-03-04 21:50:00+00:00,2.093629623457266,2.112127255093162,-0.018497631635895722,1,1.261517066025998
2025-03-04 21:55:00+00:00,2.0877083898355164,2.0877083898355164,0.0,0,0.0
2025-03-06 01:50:00+00:00,2.086925499189328,2.086925499189328,0.0,1,1.2504689258471926
2025-03-06 01:55:00+00:00,2.0711463250585105,2.086925499189328,-0.01577917413081763,1,1.2599957114187346
2025-03-06 02:00:00+00:00,2.0641422023674036,2.086925499189328,-0.022783296821924332,1,1.2642711748741706
2025-03-06 02:05:00+00:00,2.0771157478066127,2.086925499189328,-0.009809751382715344,1,1.2563746098647182
2025-03-06 02:10:00+00:00,2.0755182165759303,2.086925499189328,-0.011407282613397855,1,1.2573416443434646
2025-03-06 02:15:00+00:00,2.0803847174067642,2.086925499189328,-0.00654078178256396,1,1.254400431544869
2025-03-06 02:20:00+00:00,2.075335110786813,2.075335110786813,0.0,0,0.0
2025-03-10 09:20:00+00:00,2.073001234209736,2.073001234209736,0.0,3,3.7528142588017888
2025-03-10 09:25:00+00:00,2.1281728289444968,2.073001234209736,0.05517159473476064,3,3.6555248166167136
2025-03-10 09:30:00+00:00,2.0884602115289166,2.073001234209736,0.01545897731918047,3,3.725035577556316
2025-03-10 09:35:00+00:00,2.0589690072221676,2.073001234209736,-0.014032226987568503,3,3.778390331747509
2025-03-10 09:40:00+00:00,2.0122512978930915,2.073001234209736,-0.06074993631664466,3,3.8661118511398396
2025-03-10 09:45:00+00:00,2.0313363559203994,2.073001234209736,-0.04166487828933661,3,3.8297884875550654
2025-03-10 09:50:00+00:00,2.0329470700609344,2.0329470700609344,0.0,0,0.0
2025-03-10 19:35:00+00:00,2.0321847149096617,2.0321847149096617,0.0,1,1.2504689258471926
2025-03-10 19:40:00+00:00,2.0272858791870743,2.0321847149096617,-0.004898835722587519,1,1.2534906219517312
2025-03-10 19:45:00+00:00,2.00959759448788,2.0321847149096617,-0.02258712042178151,1,1.264523725817733
2025-03-10 19:50:00+00:00,2.015529953357689,2.0321847149096617,-0.0166547615519724,1,1.2608018220432733
2025-03-10 19:55:00+00:00,2.016493081739465,2.0321847149096617,-0.015691633170196444,1,1.2601996310267998
2025-03-10 20:00:00+00:00,2.0200000209634736,2.0321847149096617,-0.012184693946188206,1,1.2580117877246888
2025-03-10 20:05:00+00:00,2.0173562057175682,2.0173562057175682,0.0,0,0.0
2025-03-11 13:30:00+00:00,2.0165996971404243,2.0165996971404243,0.0,1,1.2504689258471926
2025-03-11 13:35:00+00:00,1.990868783022537,2.0165996971404243,-0.025730914117887516,1,1.2666305678461254
2025-03-11 13:40:00+00:00,2.006380885918517,2.0165996971404243,-0.010218811221907431,1,1.2568377593930944
2025-03-11 13:45:00+00:00,2.004568294724914,2.0165996971404243,-0.012031402415510295,1,1.2579742300538637
2025-03-11 13:50:00+00:00,2.0149841267287347,2.0165996971404243,-0.0016155704116894059,1,1.2514715246123829
2025-03-11 13:55:00+00:00,1.9950456235991005,2.0165996971404243,-0.02155407354132371,1,1.2639787417982822
2025-03-11 14:00:00+00:00,1.9930150472989165,1.9930150472989165,0.0,0,0.0
2025-03-11 14:10:00+00:00,1.9922676666561794,1.9922676666561794,0.0,1,1.2504689258471928
2025-03-11 14:15:00+00:00,1.9793456664691889,1.9922676666561794,-0.01292200018699062,1,1.2586325124138824
2025-03-11 14:20:00+00:00,1.9783251850081802,1.9922676666561794,-0.013942481647999218,1,1.2592817540829844
2025-03-11 14:25:00+00:00,1.970929768155207,1.9922676666561794,-0.021337898500972494,1,1.2640068912528917
2025-03-11 14:30:00+00:00,1.9566061428289998,1.9922676666561794,-0.035661523827179506,1,1.2732602410833653
2025-03-11 14:35:00+00:00,1.9559575838281782,1.9922676666561794,-0.03631008282800114,1,1.2736824303969632
2025-03-11 14:40:00+00:00,1.9404501068728992,1.9404501068728992,0.0,0,0.0
2025-03-13 13:05:00+00:00,1.939722438082822,1.939722438082822,0.0,1,1.2504689258471926
2025-03-13 13:10:00+00:00,1.9432946354914207,1.939722438082822,0.0035721974085987872,1,1.2481702924980016
2025-03-13 13:15:00+00:00,1.9463391219192043,1.939722438082822,0.00661668383638231,1,1.2462178899221719
2025-03-13 13:20:00+00:00,1.9291682184665064,1.939722438082822,-0.010554219616315528,1,1.257310073000892
2025-03-13 13:25:00+00:00,1.952184535860548,1.939722438082822,0.01246209777772622,1,1.2424863474916856
2025-03-13 13:30:00+00:00,1.946460901376316,1.939722438082822,0.006738463293494146,1,1.2461399208563817
2025-03-13 13:35:00+00:00,1.9329869827419188,1.9329869827419188,0.0,0,0.0
2025-03-16 16:10:00+00:00,1.9315375143311568,1.9315375143311568,0.0,2,2.501406953454738
2025-03-16 16:15:00+00:00,1.905346725177824,1.9315375143311568,-0.026190789153332745,2,2.535791153054157
2025-03-16 16:20:00+00:00,1.90934620753651,1.9315375143311568,-0.022191306794646766,2,2.5304794647171125
2025-03-16 16:25:00+00:00,1.9111128536571524,1.9315375143311568,-0.020424660674004412,2,2.5281402717588564
2025-03-16 16:30:00+00:00,1.9093247266226272,1.9315375143311568,-0.02221278770852969,2,2.5305079339506094
2025-03-16 16:35:00+00:00,1.8805239218885934,1.9315375143311568,-0.05101359244256343,2,2.569263444601302
2025-03-16 16:40:00+00:00,1.900751999175351,1.900751999175351,0.0,0,0.0
2025-03-19 10:35:00+00:00,1.9000392171756602,1.9000392171756602,0.0,1,1.2504689258471928
2025-03-19 10:40:00+00:00,1.8797606172843355,1.9000392171756602,-0.020278599891324734,1,1.2639588132246737
2025-03-19 10:45:00+00:00,1.8839313931485087,1.9000392171756602,-0.01610782402715149,1,1.2611605749604362
2025-03-19 10:50:00+00:00,1.8908467312911175,1.9000392171756602,-0.009192485884542594,1,1.256548169478992
2025-03-19 10:55:00+00:00,1.897066940123031,1.9000392171756602,-0.0029722770526291516,1,1.252428129296851
2025-03-19 11:00:00+00:00,1.8885935535254148,1.9000392171756602,-0.011445663650245342,1,1.258047288435381
2025-03-19 11:05:00+00:00,1.8997578947481248,1.8997578947481248,0.0,0,0.0
2025-03-20 14:20:00+00:00,1.8990454855375942,1.8990454855375942,0.0,1,1.2504689258471928
2025-03-20 14:25:00+00:00,1.899554487924504,1.8990454855375942,0.000509002386909857,1,1.2501338516642413
2025-03-20 14:30:00+00:00,1.898429947767378,1.8990454855375942,-0.0006155377702161788,1,1.2508743718607502
2025-03-20 14:35:00+00:00,1.8885103198550466,1.8990454855375942,-0.010535165682547679,1,1.2574447401576427
2025-03-20 14:40:00+00:00,1.8937423909018851,1.8990454855375942,-0.005303094635709104,1,1.2539706455555544
2025-03-20 14:45:00+00:00,1.8947722329405159,1.8990454855375942,-0.0042732525970782505,1,1.2532890904517
2025-03-20 14:50:00+00:00,1.8948292459427558,1.8948292459427558,0.0,0,0.0
2025-03-21 18:35:00+00:00,1.8941186849755274,1.8941186849755274,0.0,1,1.2504689258471928
2025-03-21 18:40:00+00:00,1.9172128401766628,1.8941186849755274,0.023094155201135398,1,1.235406162421797
2025-03-21 18:45:00+00:00,1.908159931337818,1.8941186849755274,0.014041246362290632,1,1.2412673165020582
2025-03-21 18:50:00+00:00,1.8834029969622008,1.8941186849755274,-0.010715688013326632,1,1.2575835130605246
2025-03-21 18:55:00+00:00,1.8785994126803647,1.8941186849755274,-0.01551927229516279,1,1.2607991578412363
2025-03-21 19:00:00+00:00,1.8763823737810554,1.8941186849755274,-0.01773631119447195,1,1.2622888546195734
2025-03-21 19:05:00+00:00,1.8806601503372724,1.8806601503372724,0.0,0,0.0
2025-03-24 06:10:00+00:00,1.879954902780896,1.879954902780896,0.0,1,1.2504689258471928
2025-03-24 06:15:00+00:00,1.8790108328237762,1.879954902780896,-0.0009440699571196937,1,1.2510971979809036
2025-03-24 06:20:00+00:00,1.875348296363627,1.879954902780896,-0.004606606417268892,1,1.2535405782914735
2025-03-24 06:25:00+00:00,1.8752800503426306,1.879954902780896,-0.004674852438265333,1,1.2535861976946183
2025-03-24 06:30:00+00:00,1.8794885549707523,1.879954902780896,-0.00046634781014356376,1,1.2507791982580991
2025-03-24 06:35:00+00:00,1.8774752973513535,1.879954902780896,-0.002479605429542484,1,1.2521204360121356
2025-03-24 06:40:00+00:00,1.8764743170373255,1.8764743170373255,0.0,0,0.0
2025-03-24 11:50:00+00:00,1.8757706391684366,1.8757706391684366,0.0,1,1.2504689258471926
2025-03-24 11:55:00+00:00,1.8788743556549354,1.8757706391684366,0.0031037164864989495,1,1.2484032736074218
2025-03-24 12:00:00+00:00,1.8716868016862014,1.8757706391684366,-0.004083837482235172,1,1.2531973267020495
2025-03-24 12:05:00+00:00,1.8633557732224415,1.8757706391684366,-0.012414865945995017,1,1.258800348277155
2025-03-24 12:10:00+00:00,1.865969429211072,1.8757706391684366,-0.00980120995736457,1,1.2570371516152699
2025-03-24 12:15:00+00:00,1.8729936296805163,1.8757706391684366,-0.0027770094879202086,1,1.2523229439369494
2025-03-24 12:20:00+00:00,1.871799891313759,1.871799891313759,0.0,0,0.0
2025-03-24 14:05:00+00:00,1.8710979663545164,1.8710979663545164,0.0,1,1.2504689258471928
2025-03-24 14:10:00+00:00,1.874121671389219,1.8710979663545164,0.003023705034702693,1,1.2484514211971236
2025-03-24 14:15:00+00:00,1.877713981764367,1.8710979663545164,0.006616015409850628,1,1.2460629717118505
2025-03-24 14:20:00+00:00,1.8848454618286397,1.8710979663545164,0.013747495474123237,1,1.2413483818839026
2025-03-24 14:25:00+00:00,1.8852652732482202,1.8710979663545164,0.014167306893703872,1,1.241071958065044
2025-03-24 14:30:00+00:00,1.876733536107245,1.8710979663545164,0.005635569752728501,1,1.2467139416048114
2025-03-24 14:35:00+00:00,1.8656266648247188,1.8656266648247188,0.0,0,0.0
2025-03-24 15:55:00+00:00,1.8649270548254095,1.8649270548254095,0.0,1,1.2504689258471928
2025-03-24 16:00:00+00:00,1.8638551105141101,1.8649270548254095,-0.0010719443112994394,1,1.2511880981927024
2025-03-24 16:05:00+00:00,1.8613046223251555,1.8649270548254095,-0.003622432500254055,1,1.2529025625680257
2025-03-24 16:10:00+00:00,1.8699910676063771,1.8649270548254095,0.0050640127809676114,1,1.2470826045259906
2025-03-24 16:15:00+00:00,1.8740940268668689,1.8649270548254095,0.009166972041459345,1,1.244352363114682
2025-03-24 16:20:00+00:00,1.8792319668417188,1.8649270548254095,0.01430491201630916,1,1.240950224442046
2025-03-24 16:25:00+00:00,1.8794934103628853,1.8794934103628853,0.0,0,0.0
2025-03-27 14:40:00+00:00,1.8787886003339993,1.8787886003339993,0.0,1,1.2504689258471928
2025-03-27 14:45:00+00:00,1.8795214868981653,1.8787886003339993,0.000732886564166001,1,1.2499813273381846
2025-03-27 14:50:00+00:00,1.877031999204015,1.8787886003339993,-0.0017566011299842371,1,1.2516391643562246
2025-03-27 14:55:00+00:00,1.8796261849787603,1.8787886003339993,0.0008375846447609204,1,1.2499117014483145
2025-03-27 15:00:00+00:00,1.884907621488779,1.8787886003339993,0.0061190211547797625,1,1.246409498359383
2025-03-27 15:05:00+00:00,1.884384131085804,1.8787886003339993,0.005595530751804644,1,1.246755756534563
2025-03-27 15:10:00+00:00,1.8780256247047826,1.8780256247047826,0.0,0,0.0
2025-03-29 17:30:00+00:00,1.8759136380700137,1.8759136380700137,0.0,3,3.7528142588017888
2025-03-29 17:35:00+00:00,1.912348241438323,1.8759136380700137,0.03643460336830937,3,3.6813145726716416
2025-03-29 17:40:00+00:00,1.8927903501118437,1.8759136380700137,0.01687671204182996,3,3.719352990580229
2025-03-29 17:45:00+00:00,1.863318142016997,1.8759136380700137,-0.012595496053016518,3,3.7781822065067767
2025-03-29 17:50:00+00:00,1.8757209816963267,1.8759136380700137,-0.00019265637368700027,3,3.7531997124984082
2025-03-29 17:55:00+00:00,1.8626550772514239,1.8759136380700137,-0.013258560818589801,3,3.7795271573404796
2025-03-29 18:00:00+00:00,1.8726204734385936,1.8726204734385936,0.0,0,0.0
2025-03-29 20:00:00+00:00,1.8719182407610542,1.8719182407610542,0.0,1,1.2504689258471928
2025-03-29 20:05:00+00:00,1.8662079898580413,1.8719182407610542,-0.005710250903012985,1,1.2542951292242086
2025-03-29 20:10:00+00:00,1.868669792774603,1.8719182407610542,-0.0032484479864512434,1,1.2526427091876173
2025-03-29 20:15:00+00:00,1.8660353806880292,1.8719182407610542,-0.005882860073024948,1,1.2544111521267998
2025-03-29 20:20:00+00:00,1.8657043106406295,1.8719182407610542,-0.006213930120424715,1,1.2546337479353773
2025-03-29 20:25:00+00:00,1.8682170474106377,1.8719182407610542,-0.003701193350416615,1,1.2529462757245333
2025-03-29 20:30:00+00:00,1.8681458285841244,1.8681458285841244,0.0,0,0.0
2025-03-31 01:05:00+00:00,1.8660449525524732,1.8660449525524732,0.0,3,3.7528142588017888
2025-03-31 01:10:00+00:00,1.8683864656749727,1.8660449525524732,0.0023415131224995113,3,3.748111129125609
2025-03-31 01:15:00+00:00,1.8705371648715081,1.8660449525524732,0.004492212319034986,3,3.743801639987771
2025-03-31 01:20:00+00:00,1.8647386653618288,1.8660449525524732,-0.0013062871906444754,3,3.7554431811737015
2025-03-31 01:25:00+00:00,1.8926908141865684,1.8660449525524732,0.02664586163409521,3,3.6999810286043524
2025-03-31 01:30:00+00:00,1.9235369500750148,1.8660449525524732,0.05749199752254156,3,3.6406475608544593
2025-03-31 01:35:00+00:00,1.9062742472257355,1.9062742472257355,0.0,0,0.0
2025-03-31 12:55:00+00:00,1.9055593943830258,1.9055593943830258,0.0,1,1.2504689258471928
2025-03-31 13:00:00+00:00,1.906209382328686,1.9055593943830258,0.0006499879456603788,1,1.2500425352650466
2025-03-31 13:05:00+00:00,1.9066643738906481,1.9055593943830258,0.0011049795076224322,1,1.2497442348334513
2025-03-31 13:10:00+00:00,1.9015034696021047,1.9055593943830258,-0.004055924780921144,1,1.253136187824462
2025-03-31 13:15:00+00:00,1.8947565947261498,1.9055593943830258,-0.01080279965687595,1,1.257598372088824
2025-03-31 13:20:00+00:00,1.8964725629026933,1.9055593943830258,-0.009086831480332591,1,1.2564604706883025
2025-03-31 13:25:00+00:00,1.8919877799751528,1.8919877799751528,0.0,0,0.0
2025-04-01 14:55:00+00:00,1.8912782845576621,1.8912782845576621,0.0,1,1.2504689258471928
2025-04-01 15:00:00+00:00,1.879972323098171,1.8912782845576621,-0.01130596145949094,1,1.2579891181969507
2025-04-01 15:05:00+00:00,1.8762654504885021,1.8912782845576621,-0.015012834069160015,1,1.2604744836894997
2025-04-01 15:10:00+00:00,1.8847912574907413,1.8912782845576621,-0.0064870270669208805,1,1.2547727582933987
2025-04-01 15:15:00+00:00,1.9038816514305374,1.8912782845576621,0.01260336687287538,1,1.2421910380784122
2025-04-01 15:20:00+00:00,1.9198212036521145,1.8912782845576621,0.0285429190944524,1,1.2318775938457098
2025-04-01 15:25:00+00:00,1.9152194919944718,1.9152194919944718,0.0,0,0.0
2025-04-02 20:00:00+00:00,1.9145012846849738,1.9145012846849738,0.0,1,1.2504689258471928
2025-04-02 20:05:00+00:00,1.9097162238616312,1.9145012846849738,-0.004785060823342697,1,1.2536021504557053
2025-04-02 20:10:00+00:00,1.9069405578195187,1.9145012846849738,-0.007560726865455197,1,1.2554268433676425
2025-04-02 20:15:00+00:00,1.936703119605324,1.9130479398899265,0.023655179715397382,3,3.7375408455098937
2025-04-02 20:20:00+00:00,1.9603635221841973,1.9130479398899265,0.04731558229427075,3,3.6924309870275147
2025-04-02 20:25:00+00:00,1.9024359980581913,1.9130479398899265,-0.010611941831735116,3,3.804862304192964
2025-04-02 20:30:00+00:00,1.8153098186372012,1.8843057041294329,-0.06899588549223162,2,2.668680905276608
2025-04-02 20:35:00+00:00,1.8140537205292113,1.8843057041294329,-0.07025198360022167,2,2.6705287695366415
2025-04-02 20:40:00+00:00,1.7865570783519393,1.8843057041294329,-0.09774862577749358,2,2.7116304924481747
2025-04-02 20:45:00+00:00,1.7717869395908492,1.7717869395908492,0.0,0,0.0
2025-04-03 05:05:00+00:00,1.7711225194885027,1.7711225194885027,0.0,1,1.2504689258471928
2025-04-03 05:10:00+00:00,1.770247188347805,1.7711225194885027,-0.0008753311406976672,1,1.2510872431073323
2025-04-03 05:15:00+00:00,1.7710860473576404,1.7711225194885027,-3.6472130862372065e-05,1,1.2504946768638476
2025-04-03 05:20:00+00:00,1.7736755686488712,1.7711225194885027,0.002553049160368503,1,1.248668986389475
2025-04-03 05:25:00+00:00,1.7740767620883573,1.7711225194885027,0.002954242599854596,1,1.248386609766245
2025-04-03 05:30:00+00:00,1.7730190702933475,1.7711225194885027,0.0018965508048448226,1,1.249131332875135
2025-04-03 05:35:00+00:00,1.7704945715170186,1.7704945715170186,0.0,0,0.0
2025-04-06 23:35:00+00:00,1.7698306360526996,1.7698306360526996,0.0,1,1.2504689258471928
2025-04-06 23:40:00+00:00,1.7813219272296454,1.7698306360526996,0.011491291176945698,1,1.2424021624424553
2025-04-06 23:45:00+00:00,1.7865050620612049,1.7698306360526996,0.016674426008505185,1,1.2387976174234052
2025-04-06 23:50:00+00:00,1.789719409243567,1.7698306360526996,0.019888773190867536,1,1.2365727292032094
2025-04-06 23:55:00+00:00,1.7871077521578977,1.7698306360526996,0.017277116105198127,1,1.2383798412401135
2025-04-07 00:00:00+00:00,1.7880720563126062,1.7698306360526996,0.018241420259906535,1,1.2377119851423688
2025-04-07 00:05:00+00:00,1.7836312629090114,1.7836312629090114,0.0,0,0.0
2025-04-07 07:00:00+00:00,1.7829624011854206,1.7829624011854206,0.0,1,1.2504689258471926
2025-04-07 07:05:00+00:00,1.790766820898551,1.7829624011854206,0.007804419713130407,1,1.2450192021748263
2025-04-07 07:10:00+00:00,1.796734906561533,1.7829624011854206,0.013772505376112425,1,1.2408837110550726
2025-04-07 07:15:00+00:00,1.7923736131924304,1.7829624011854206,0.009411212007009877,1,1.2439030915352465
2025-04-07 07:20:00+00:00,1.818311831650775,1.7829624011854206,0.03534943046535427,1,1.2261588138114636
2025-04-07 07:25:00+00:00,1.8004075746618293,1.7829624011854206,0.01744517347640871,1,1.2383524208706123
2025-04-07 07:30:00+00:00,1.7894093339061543,1.7894093339061543,0.0,0,0.0
2025-04-07 12:30:00+00:00,1.7880675285414123,1.7880675285414123,0.0,2,2.5014069534547385
2025-04-07 12:35:00+00:00,1.7788091233425831,1.7880675285414123,-0.009258405198829048,2,2.5144263599994576
2025-04-07 12:40:00+00:00,1.7665866019322314,1.7880675285414123,-0.021480926609180963,2,2.5318229767213505
2025-04-07 12:45:00+00:00,1.7572281188445864,1.7880675285414123,-0.03083940969682596,2,2.545306725504142
2025-04-07 12:50:00+00:00,1.770105157547349,1.7880675285414123,-0.01796237099406322,2,2.526790303993833
2025-04-07 12:55:00+00:00,1.790332813897836,1.7880675285414123,0.002265285356423705,2,2.49824195502644
2025-04-07 13:00:00+00:00,1.8000853832629073,1.8000853832629073,0.0,0,0.0
2025-04-07 13:50:00+00:00,1.7994103512441837,1.7994103512441837,0.0,1,1.2504689258471926
2025-04-07 13:55:00+00:00,1.844667953078214,1.7994103512441837,0.04525760183403029,1,1.2197895698918935
2025-04-07 14:00:00+00:00,1.8561312272269652,1.7994103512441837,0.056720875982781416,1,1.2122562758885658
2025-04-07 14:05:00+00:00,1.8476156521450355,1.7994103512441837,0.04820530090085188,1,1.2178435089929642
2025-04-07 14:10:00+00:00,1.856071677750868,1.7994103512441837,0.056661326506684144,1,1.2122951694436963
2025-04-07 14:15:00+00:00,1.912435256877065,1.7994103512441837,0.11302490563288144,1,1.1765662241308885
2025-04-07 14:20:00+00:00,1.934731435262917,1.934731435262917,0.0,0,0.0
2025-04-09 01:35:00+00:00,1.9325556785110436,1.9325556785110436,0.0,3,3.752814258801789
2025-04-09 01:40:00+00:00,1.9696441362721913,1.9325556785110436,0.03708845776114759,3,3.682148654513275
2025-04-09 01:45:00+00:00,1.9548179960869607,1.9325556785110436,0.02226231757591711,3,3.7100755777582783
2025-04-09 01:50:00+00:00,2.016530479086734,1.9325556785110436,0.08397480057569069,3,3.5965350295767426
2025-04-09 01:55:00+00:00,2.0154622276989542,1.9325556785110436,0.08290654918791084,3,3.5984412937992833
2025-04-09 02:00:00+00:00,2.0163899657279365,1.9325556785110436,0.08383428721689287,3,3.596785656303531
2025-04-09 02:05:00+00:00,2.029591248993583,2.029591248993583,0.0,0,0.0
2025-04-09 17:25:00+00:00,2.0288301522752104,2.0288301522752104,0.0,1,1.2504689258471928
2025-04-09 17:30:00+00:00,2.02236631783257,2.0288301522752104,-0.006463834442640298,1,1.254465641991578
2025-04-09 17:35:00+00:00,2.040350727948488,2.0288301522752104,0.011520575673277281,1,1.2434083152913842
2025-04-09 17:40:00+00:00,2.0340627801573476,2.0288301522752104,0.005232627882137115,1,1.247252093686964
2025-04-09 17:45:00+00:00,2.032523771956719,2.0288301522752104,0.0036936196815084196,1,1.2481965014360492
2025-04-09 17:50:00+00:00,2.0399549829826116,2.0288301522752104,0.011124830707401136,1,1.2436495326640273
2025-04-09 17:55:00+00:00,2.046888927267382,2.046888927267382,0.0,0,0.0
2025-04-10 15:55:00+00:00,2.0461213439196566,2.0461213439196566,0.0,1,1.2504689258471928
2025-04-10 16:00:00+00:00,2.0257643755274177,2.0461213439196566,-0.020356968392238845,1,1.2630349264672405
2025-04-10 16:05:00+00:00,2.022996914436563,2.0461213439196566,-0.02312442948309381,1,1.2647627590657209
2025-04-10 16:10:00+00:00,2.040009159915315,2.0461213439196566,-0.006112184004341656,1,1.2542155247922713
2025-04-10 16:15:00+00:00,2.0322161253097786,2.0461213439196566,-0.013905218609877892,1,1.259025123961266
2025-04-10 16:20:00+00:00,2.0199578007232932,2.0461213439196566,-0.026163543196363586,1,1.2666656492368586
2025-04-10 16:25:00+00:00,2.018680868708539,2.018680868708539,0.0,0,0.0
2025-04-11 13:40:00+00:00,2.0179238633827734,2.0179238633827734,0.0,1,1.2504689258471928
2025-04-11 13:45:00+00:00,2.0073782784251115,2.0179238633827734,-0.010545584957661702,1,1.2570381541965119
2025-04-11 13:50:00+00:00,2.011429141422074,2.0179238633827734,-0.006494721960699084,1,1.2545065764045125
2025-04-11 13:55:00+00:00,2.0083970583405155,2.0179238633827734,-0.009526805042257754,1,1.256400508757293
2025-04-11 14:00:00+00:00,2.0074874334160477,2.0179238633827734,-0.010436429966725634,1,1.2569698040857995
2025-04-11 14:05:00+00:00,1.9995221511607928,2.0179238633827734,-0.018401712221980646,1,1.2619770600794695
2025-04-11 14:10:00+00:00,1.9997323803380442,1.9997323803380442,0.0,0,0.0
2025-04-16 11:50:00+00:00,1.9989824806954175,1.9989824806954175,0.0,1,1.2504689258471926
2025-04-16 11:55:00+00:00,1.9967904703228712,1.9989824806954175,-0.002192010372546291,1,1.2518416491733215
2025-04-16 12:00:00+00:00,2.0000569955839205,1.9989824806954175,0.0010745148885028335,1,1.2497971212529237
2025-04-16 12:05:00+00:00,2.0007017045170223,1.9989824806954175,0.0017192238216049778,1,1.249394384869575
2025-04-16 12:10:00+00:00,2.003065637271729,1.9989824806954175,0.004083156576311545,1,1.2479199028281565
2025-04-16 12:15:00+00:00,1.9999710343928403,1.9989824806954175,0.0009885536974226956,1,1.2498508390554839
2025-04-16 12:20:00+00:00,2.0017569898870806,2.0017569898870806,0.0,0,0.0
2025-04-16 19:50:00+00:00,2.0010063310158728,2.0010063310158728,0.0,1,1.2504689258471928
2025-04-16 19:55:00+00:00,2.011774559443918,2.0010063310158728,0.010768228428045134,1,1.2437756634374044
2025-04-16 20:00:00+00:00,2.0000617495748165,2.0010063310158728,-0.0009445814410562153,1,1.2510594924835599
2025-04-16 20:05:00+00:00,2.0008174147276616,2.0010063310158728,-0.00018891628821102082,1,1.2505869945656354
2025-04-16 20:10:00+00:00,2.0061070707975786,2.0010063310158728,0.005100739781705619,1,1.2472894761115814
2025-04-16 20:15:00+00:00,2.0110188942910723,2.0010063310158728,0.010012563275199383,1,1.2442430274833043
2025-04-16 20:20:00+00:00,2.0149911426251474,2.0149911426251474,0.0,0,0.0
2025-04-21 00:30:00+00:00,2.013480182626308,2.013480182626308,0.0,2,2.5014069534547385
2025-04-21 00:35:00+00:00,2.0435070670597604,2.013480182626308,0.030026884433452746,2,2.46465177960526
2025-04-21 00:40:00+00:00,2.0148033462339736,2.013480182626308,0.0013231636076656292,2,2.4997642270541895
2025-04-21 00:45:00+00:00,2.034495711331646,2.013480182626308,0.021015528705338557,2,2.4755684179683928
2025-04-21 00:50:00+00:00,2.0466128343461065,2.013480182626308,0.0331326517197987,2,2.460911631619831
2025-04-21 00:55:00+00:00,2.038881665154708,2.013480182626308,0.025401482528400545,2,2.470243082539367
2025-04-21 01:00:00+00:00,2.024979746347201,2.024979746347201,0.0,0,0.0
2025-04-22 01:20:00+00:00,2.0242203789423208,2.0242203789423208,0.0,1,1.2504689258471928
2025-04-22 01:25:00+00:00,2.0280943544992427,2.0242203789423208,0.003873975556921793,1,1.248080335768691
2025-04-22 01:30:00+00:00,2.0247132219865445,2.0242203789423208,0.0004928430442238466,1,1.2501645445128737
2025-04-22 01:35:00+00:00,2.0251372962339,2.0242203789423208,0.0009169172915792755,1,1.2499027535768858
2025-04-22 01:40:00+00:00,2.0212203401789353,2.0242203789423208,-0.003000038763385559,1,1.2523249606274574
2025-04-22 01:45:00+00:00,2.026739036127627,2.0242203789423208,0.0025186571853063554,1,1.248914950476439
2025-04-22 01:50:00+00:00,2.0243464097971215,2.0243464097971215,0.0,0,0.0
2025-04-22 07:35:00+00:00,2.0235872798934476,2.0235872798934476,0.0,1,1.2504689258471928
2025-04-22 07:40:00+00:00,2.0167402258603104,2.0235872798934476,-0.006847054033137164,1,1.254714404859435
2025-04-22 07:45:00+00:00,2.0187614386069344,2.0235872798934476,-0.0048258412865131405,1,1.2534581669008655
2025-04-22 07:50:00+00:00,2.02684628959343,2.0235872798934476,0.0032590096999826736,1,1.2484582699924363
2025-04-22 07:55:00+00:00,2.0251384431641126,2.0235872798934476,0.001551163270664968,1,1.2495111239371903
2025-04-22 08:00:00+00:00,2.029227873604956,2.0235872798934476,0.005640593711508668,1,1.2469930288070836
2025-04-22 08:05:00+00:00,2.0378854015363292,2.0378854015363292,0.0,0,0.0
2025-04-22 23:30:00+00:00,2.0371211945107532,2.0371211945107532,0.0,1,1.2504689258471926
2025-04-22 23:35:00+00:00,2.0392557262835362,2.0371211945107532,0.0021345317727828124,1,1.2491600337751017
2025-04-22 23:40:00+00:00,2.039944548398988,2.0371211945107532,0.0028233538882350096,1,1.2487382335562287
2025-04-22 23:45:00+00:00,2.034564657094116,2.0371211945107532,-0.0025565374166373702,1,1.252040205769963
2025-04-22 23:50:00+00:00,2.0377201702633196,2.0371211945107532,0.0005989757525664642,1,1.2501013579265083
2025-04-22 23:55:00+00:00,2.0316323985235964,2.0371211945107532,-0.005488795987156935,1,1.2538472775742284
2025-04-23 00:00:00+00:00,2.0320579751519823,2.0320579751519823,0.0,0,0.0
2025-04-23 01:10:00+00:00,2.0312959534113,2.0312959534113,0.0,1,1.2504689258471928
2025-04-23 01:15:00+00:00,2.0291371705959125,2.0312959534113,-0.002158782815387697,1,1.2517992897414694
2025-04-23 01:20:00+00:00,2.021316944105733,2.0312959534113,-0.009979009305567246,1,1.2566423471326273
2025-04-23 01:25:00+00:00,2.016556184651931,2.0312959534113,-0.014739768759369118,1,1.2596090742586519
2025-04-23 01:30:00+00:00,2.0383012751301077,2.0312959534113,0.0070053217188077435,1,1.2461712603196216
2025-04-23 01:35:00+00:00,2.0213312406806696,2.0312959534113,-0.009964712730630789,1,1.2566334590883905
2025-04-23 01:40:00+00:00,2.021855910684258,2.021855910684258,0.0,0,0.0
2025-04-23 04:55:00+00:00,2.021097714717752,2.021097714717752,0.0,1,1.2504689258471926
2025-04-23 05:00:00+00:00,2.0298882833078546,2.0203362210513864,0.009552062256468406,2,2.4955226113814857
2025-04-23 05:05:00+00:00,2.001510389768606,2.0203362210513864,-0.01882583128278065,2,2.5309047284829407
2025-04-23 05:10:00+00:00,2.0096705433990985,2.0203362210513864,-0.010665677652288206,2,2.5206281329104
2025-04-23 05:15:00+00:00,2.019888904822879,2.0203362210513864,-0.0004473162285073412,2,2.5078765953305213
2025-04-23 05:20:00+00:00,1.9938095290070394,2.0203362210513864,-0.026526692044347065,2,2.54068005788692
2025-04-23 05:25:00+00:00,1.9999452371891955,2.0255634374859293,-0.025618200296733857,1,1.2691908628384359
2025-04-23 05:30:00+00:00,2.0005394256989257,2.0005394256989257,0.0,0,0.0
2025-04-23 13:50:00+00:00,1.9997892234142887,1.9997892234142887,0.0,1,1.2504689258471926
2025-04-23 13:55:00+00:00,1.987861514455688,1.9997892234142887,-0.011927708958600694,1,1.2579720790099336
2025-04-23 14:00:00+00:00,1.9760723139530596,1.9997892234142887,-0.023716909461229094,1,1.2654771105623916
2025-04-23 14:05:00+00:00,1.9918010145784593,1.9997892234142887,-0.007988208835829378,1,1.2554839885212603
2025-04-23 14:10:00+00:00,1.9857599149987122,1.9997892234142887,-0.014029308415576463,1,1.2593034350405239
2025-04-23 14:15:00+00:00,1.9833786350056373,1.9997892234142887,-0.016410588408651415,1,1.2608153773505528
2025-04-23 14:20:00+00:00,1.9680024724950782,1.9680024724950782,0.0,0,0.0
2025-04-26 08:30:00+00:00,1.9672644715678926,1.9672644715678926,0.0,1,1.2504689258471928
2025-04-26 08:35:00+00:00,1.9594443410429643,1.9672644715678926,-0.007820130524928465,1,1.2554595397741426
2025-04-26 08:40:00+00:00,1.959632777923083,1.9672644715678926,-0.007631693644809611,1,1.2553388156867238
2025-04-26 08:45:00+00:00,1.9462672192118031,1.9672644715678926,-0.020997252356089558,1,1.2639595767404934
2025-04-26 08:50:00+00:00,1.9421889067349472,1.9672644715678926,-0.025075564832945436,1,1.2666137068790124
2025-04-26 08:55:00+00:00,1.9368992143144708,1.9672644715678926,-0.030365257253421894,1,1.2700728424269199
2025-04-26 09:00:00+00:00,1.9366457653647333,1.9366457653647333,0.0,0,0.0
2025-04-28 03:35:00+00:00,1.9359195232027215,1.9359195232027215,0.0,1,1.2504689258471928
2025-04-28 03:40:00+00:00,1.9354308332343402,1.9359195232027215,-0.0004886899683814507,1,1.250784665169591
2025-04-28 03:45:00+00:00,1.9334760733608138,1.9359195232027215,-0.0024434498419077908,1,1.252049218534167
2025-04-28 03:50:00+00:00,1.932498693424051,1.9359195232027215,-0.0034208297786706924,1,1.252682454556628
2025-04-28 03:55:00+00:00,1.9331502800485594,1.9359195232027215,-0.0027692431541622704,1,1.252260226062253
2025-04-28 04:00:00+00:00,1.9311955201750333,1.9359195232027215,-0.004724003027688342,1,1.2535277663063902
2025-04-28 04:05:00+00:00,1.9379625241948715,1.9379625241948715,0.0,0,0.0
2025-04-28 19:05:00+00:00,1.9372357882482985,1.9372357882482985,0.0,1,1.2504689258471928
2025-04-28 19:10:00+00:00,1.927665616256339,1.9372357882482985,-0.009570171991959508,1,1.2566770578956337
2025-04-28 19:15:00+00:00,1.9262233508998043,1.9372357882482985,-0.01101243734849408,1,1.2576179985109097
2025-04-28 19:20:00+00:00,1.9409425450057478,1.9372357882482985,0.0037067567574493154,1,1.2480808159297758
2025-04-28 19:25:00+00:00,1.9360900634323595,1.9372357882482985,-0.0011457248159390699,1,1.251208918943053
2025-04-28 19:30:00+00:00,1.9345399651519717,1.9372357882482985,-0.0026958230963267014,1,1.2522114812206988
2025-04-28 19:35:00+00:00,1.940269725521101,1.940269725521101,0.0,0,0.0
2025-05-01 15:15:00+00:00,1.9395421243740305,1.9395421243740305,0.0,1,1.2504689258471928
2025-05-01 15:20:00+00:00,1.932486258512281,1.9395421243740305,-0.0070558658617493495,1,1.2550346198935018
2025-05-01 15:25:00+00:00,1.9289194145564337,1.9395421243740305,-0.010622709817596858,1,1.2573553558530057
2025-05-01 15:30:00+00:00,1.9298792198390982,1.9395421243740305,-0.009662904534932352,1,1.2567300232931604
2025-05-01 15:35:00+00:00,1.924418706001237,1.9395421243740305,-0.015123418372793471,1,1.2602959789041965
2025-05-01 15:40:00+00:00,1.93057961828861,1.9395421243740305,-0.008962506085420525,1,1.2562740919493138
2025-05-01 15:45:00+00:00,1.9243525922787055,1.9243525922787055,0.0,0,0.0
2025-05-02 16:05:00+00:00,1.923630960056601,1.923630960056601,0.0,1,1.2504689258471926
2025-05-02 16:10:00+00:00,1.9095097041116023,1.923630960056601,-0.0141212559449987,1,1.2597164262474962
2025-05-02 16:15:00+00:00,1.9136675579586713,1.923630960056601,-0.009963402097929681,1,1.2569794217101584
2025-05-02 16:20:00+00:00,1.9207989853000835,1.923630960056601,-0.0028319747565176126,1,1.2523125838556102
2025-05-02 16:25:00+00:00,1.9126634941813605,1.923630960056601,-0.010967465875240577,1,1.2576392803366254
2025-05-02 16:30:00+00:00,1.908840328260062,1.923630960056601,-0.014790631796539206,1,1.2601581728635098
2025-05-02 16:35:00+00:00,1.9060590780332172,1.9060590780332172,0.0,0,0.0
2025-05-05 02:15:00+00:00,1.9046298017642502,1.9046298017642502,0.0,2,2.501406953454738
2025-05-05 02:20:00+00:00,1.9238095782518665,1.9046298017642502,0.01917977648761622,2,2.476468712781549
2025-05-05 02:25:00+00:00,1.9205652001979903,1.9046298017642502,0.015935398433740124,2,2.480652169163051
2025-05-05 02:30:00+00:00,1.9256904623800994,1.9046298017642502,0.021060660615849228,2,2.474049865730617
2025-05-05 02:35:00+00:00,1.9306737995439278,1.9046298017642502,0.02604399777967761,2,2.4676639994884932
2025-05-05 02:40:00+00:00,1.9268127593018605,1.9046298017642502,0.022182957537610133,2,2.472608823504179
2025-05-05 02:45:00+00:00,1.9237578969348956,1.9237578969348956,0.0,0,0.0
2025-05-05 14:00:00+00:00,1.923036487723545,1.923036487723545,0.0,1,1.2504689258471926
2025-05-05 14:05:00+00:00,1.924154688008252,1.923036487723545,0.0011182002847069693,1,1.2497422302662116
2025-05-05 14:10:00+00:00,1.9226637542953096,1.923036487723545,-0.0003727334282355675,1,1.2507113455467327
2025-05-05 14:15:00+00:00,1.9174786748929349,1.923036487723545,-0.005557812830610112,1,1.2540934106101018
2025-05-05 14:20:00+00:00,1.9194546726563213,1.923036487723545,-0.003581815067223834,1,1.2528023742497518
2025-05-05 14:25:00+00:00,1.9127301531359597,1.923036487723545,-0.010306334587585396,1,1.2572068084073802
2025-05-05 14:30:00+00:00,1.9147174437010344,1.9147174437010344,0.0,0,0.0
2025-05-05 16:20:00+00:00,1.9139994246596466,1.9139994246596466,0.0,1,1.2504689258471926
2025-05-05 16:25:00+00:00,1.9154858013669083,1.9139994246596466,0.0014863767072616997,1,1.24949858825283
2025-05-05 16:30:00+00:00,1.915650954334382,1.9139994246596466,0.0016515296747355761,1,1.2493908659147719
2025-05-05 16:35:00+00:00,1.9184585547814317,1.9139994246596466,0.004459130121785099,1,1.247562423833008
2025-05-05 16:40:00+00:00,1.9171373310416437,1.9139994246596466,0.003137906381997276,1,1.2484222000548504
2025-05-05 16:45:00+00:00,1.9177979429115377,1.9139994246596466,0.0037985182518911875,1,1.2479921638630587
2025-05-05 16:50:00+00:00,1.9184011476099376,1.9184011476099376,0.0,0,0.0
2025-05-06 00:25:00+00:00,1.917681747179584,1.917681747179584,0.0,1,1.2504689258471926
2025-05-06 00:30:00+00:00,1.9171215038700056,1.917681747179584,-0.000560243309578327,1,1.2508343522680674
2025-05-06 00:35:00+00:00,1.9162411215263824,1.917681747179584,-0.0014406256532015645,1,1.2514090255000336
2025-05-06 00:40:00+00:00,1.9144403394598803,1.917681747179584,-0.0032414077197036534,1,1.2525861397117073
2025-05-06 00:45:00+00:00,1.915280704424248,1.917681747179584,-0.0024010427553360298,1,1.2520365442898798
2025-05-06 00:50:00+00:00,1.9154007565620148,1.917681747179584,-0.002280990617569188,1,1.2519580700263662
2025-05-06 00:55:00+00:00,1.9142411649598492,1.9142411649598492,0.0,0,0.0
2025-05-06 10:10:00+00:00,1.9135233245229892,1.9135233245229892,0.0,1,1.2504689258471928
2025-05-06 10:15:00+00:00,1.9119995025800431,1.9135233245229892,-0.0015238219429459902,1,1.251465522334591
2025-05-06 10:20:00+00:00,1.91460604011403,1.9135233245229892,0.001082715591040635,1,1.2497617818323092
2025-05-06 10:25:00+00:00,1.9152877499306107,1.9135233245229892,0.0017644254076214212,1,1.2493169531766184
2025-05-06 10:30:00+00:00,1.9145258389591377,1.9135233245229892,0.001002514436148559,1,1.2498141354418575
2025-05-06 10:35:00+00:00,1.9158090574374083,1.9135233245229892,0.002285732914419118,1,1.2489770036897256
2025-05-06 10:40:00+00:00,1.9120034725372101,1.9120034725372101,0.0,0,0.0
2025-05-06 19:00:00+00:00,1.9112864712350086,1.9112864712350086,0.0,1,1.2504689258471926
2025-05-06 19:05:00+00:00,1.9092024447339535,1.9112864712350086,-0.002084026501055073,1,1.2518338991570686
2025-05-06 19:10:00+00:00,1.9064371018767843,1.9112864712350086,-0.004849369358224233,1,1.2536497208949
2025-05-06 19:15:00+00:00,1.906797798771198,1.9112864712350086,-0.004488672463810784,1,1.253412575896463
2025-05-06 19:20:00+00:00,1.9062367147132213,1.9112864712350086,-0.005049756521787231,1,1.2537815068948928
2025-05-06 19:25:00+00:00,1.908013480896813,1.9112864712350086,-0.0032729903381955457,1,1.252613969765115
2025-05-06 19:30:00+00:00,1.9089396543358281,1.9089396543358281,0.0,0,0.0
2025-05-06 22:05:00+00:00,1.9060778551195285,1.9060778551195285,0.0,4,5.0046910179335145
2025-05-06 22:10:00+00:00,1.9123465705971165,1.9060778551195285,0.006268715477588036,4,4.9882855271469415
2025-05-06 22:15:00+00:00,1.9022366150987184,1.9060778551195285,-0.0038412400208100244,4,5.01479713158798
2025-05-06 22:20:00+00:00,1.9318232584875417,1.9060778551195285,0.02574540336801321,4,4.93799351420336
2025-05-06 22:25:00+00:00,1.9345908009344355,1.9060778551195285,0.028512945814906866,4,4.930929432927649
2025-05-06 22:30:00+00:00,1.9479174319003152,1.9060778551195285,0.04183957678078655,4,4.897194596021696
2025-05-06 22:35:00+00:00,1.9431289261838491,1.9431289261838491,0.0,0,0.0
2025-05-08 01:00:00+00:00,1.9409437257969384,1.9409437257969384,0.0,3,3.7528142588017883
2025-05-08 01:05:00+00:00,1.9569437837812904,1.9409437257969384,0.016000057984352074,3,3.7221310852518004
2025-05-08 01:10:00+00:00,1.9559706412790625,1.9409437257969384,0.015026915482124061,3,3.72398293511165
2025-05-08 01:15:00+00:00,1.9413950631864374,1.9409437257969384,0.00045133738949895615,3,3.7519418009373586
2025-05-08 01:20:00+00:00,1.935347682133231,1.9409437257969384,-0.005596043663707452,3,3.7636654937751812
2025-05-08 01:25:00+00:00,1.9454549609832206,1.9409437257969384,0.004511235186282089,3,3.744112012760928
2025-05-08 01:30:00+00:00,1.9459457068772352,1.9459457068772352,0.0,0,0.0
2025-05-08 02:30:00+00:00,1.9452159772371562,1.9452159772371562,0.0,1,1.2504689258471926
2025-05-08 02:35:00+00:00,1.9485905052924852,1.9452159772371562,0.0033745280553289406,1,1.248303390060619
2025-05-08 02:40:00+00:00,1.947907565090811,1.9452159772371562,0.0026915878536549562,1,1.2487410476703726
2025-05-08 02:45:00+00:00,1.953371086704201,1.9452159772371562,0.00815510946704467,1,1.245248355600795
2025-05-08 02:50:00+00:00,1.9547771400605882,1.9452159772371562,0.009561162823432,1,1.244352659823488
2025-05-08 02:55:00+00:00,1.953371086704201,1.9452159772371562,0.00815510946704467,1,1.245248355600795
2025-05-08 03:00:00+00:00,1.9508737471303788,1.9508737471303788,0.0,0,0.0
2025-05-08 07:35:00+00:00,1.9501421694752048,1.9501421694752048,0.0,1,1.2504689258471928
2025-05-08 07:40:00+00:00,1.936187007590506,1.9501421694752048,-0.013955161884698735,1,1.2594817413570434
2025-05-08 07:45:00+00:00,1.94198802619181,1.9501421694752048,-0.008154143283394626,1,1.255719474591711
2025-05-08 07:50:00+00:00,1.9366400155506949,1.9501421694752048,-0.013502153924510025,1,1.2591871304588043
2025-05-08 07:55:00+00:00,1.9360485884915597,1.9501421694752048,-0.014093580983645045,1,1.2595717888531726
2025-05-08 08:00:00+00:00,1.9374076123721253,1.9501421694752048,-0.012734557103079455,1,1.258688243165932
2025-05-08 08:05:00+00:00,1.9381860612509134,1.9381860612509134,0.0,0,0.0
2025-05-09 13:50:00+00:00,1.9374592414779443,1.9374592414779443,0.0,1,1.2504689258471926
2025-05-09 13:55:00+00:00,1.9371647624670705,1.9374592414779443,-0.000294479010873937,1,1.250659016468056
2025-05-09 14:00:00+00:00,1.9357157387627708,1.9374592414779443,-0.0017435027151734893,1,1.2515952255015252
2025-05-09 14:05:00+00:00,1.9301533574462664,1.9374592414779443,-0.007305884031677901,1,1.25520211501178
2025-05-09 14:10:00+00:00,1.9317309235759472,1.9374592414779443,-0.005728317901997056,1,1.2541770424624
2025-05-09 14:15:00+00:00,1.9337759167070152,1.9374592414779443,-0.0036833247709291547,1,1.2528507339615957
2025-05-09 14:20:00+00:00,1.928035942344171,1.928035942344171,0.0,0,0.0
2025-05-09 16:15:00+00:00,1.927312928865792,1.927312928865792,0.0,1,1.2504689258471926
2025-05-09 16:20:00+00:00,1.9326017898453018,1.927312928865792,0.005288860979509932,1,1.2470468259905365
2025-05-09 16:25:00+00:00,1.93621497209863,1.927312928865792,0.008902043232837975,1,1.244719704505749
2025-05-09 16:30:00+00:00,1.9283811740537322,1.927312928865792,0.0010682451879402786,1,1.2497762166304267
2025-05-09 16:35:00+00:00,1.9311565169439702,1.927312928865792,0.0038435880781781794,1,1.2479801128414376
2025-05-09 16:40:00+00:00,1.9335967240889718,1.927312928865792,0.00628379522317981,1,1.2464051567245615
2025-05-09 16:45:00+00:00,1.9394402766188157,1.9394402766188157,0.0,0,0.0
2025-05-10 07:55:00+00:00,1.9387129865150836,1.9387129865150836,0.0,1,1.2504689258471928
2025-05-10 08:00:00+00:00,1.9427109434316951,1.9387129865150836,0.003997956916611488,1,1.2478955523311783
2025-05-10 08:05:00+00:00,1.9567290961646229,1.9387129865150836,0.018016109649539258,1,1.2389555358099296
2025-05-10 08:10:00+00:00,1.9537837658792208,1.9387129865150836,0.015070779364137109,1,1.2408232620781154
2025-05-10 08:15:00+00:00,1.9477514055695997,1.9387129865150836,0.009038419054516104,1,1.244666202699804
2025-05-10 08:20:00+00:00,1.9530752671851372,1.9387129865150836,0.014362280670053589,1,1.2412733838299708
2025-05-10 08:25:00+00:00,1.9570847969218461,1.9570847969218461,0.0,0,0.0
2025-05-10 23:15:00+00:00,1.9563508901230005,1.9563508901230005,0.0,1,1.2504689258471928
2025-05-10 23:20:00+00:00,1.9631087796151343,1.9563508901230005,0.006757889492133837,1,1.2461642582190038
2025-05-10 23:25:00+00:00,1.9668325146414112,1.9563508901230005,0.010481624518410679,1,1.24380493912992
2025-05-10 23:30:00+00:00,1.9609021218217846,1.9563508901230005,0.004551231698784135,1,1.2475666015800473
2025-05-10 23:35:00+00:00,1.9384217955520344,1.9563508901230005,-0.017929094570965993,1,1.262034920245839
2025-05-10 23:40:00+00:00,1.9520754906483855,1.9563508901230005,-0.004275399474614946,1,1.2532076796577913
2025-05-10 23:45:00+00:00,1.9507899194012022,1.9507899194012022,0.0,0,0.0
2025-05-12 07:05:00+00:00,1.9485961036284993,1.9485961036284993,0.0,3,3.7528142588017888
2025-05-12 07:10:00+00:00,1.924618676419896,1.9485961036284993,-0.02397742720860327,3,3.799567847873891
2025-05-12 07:15:00+00:00,1.9591097848452976,1.9485961036284993,0.010513681216798366,3,3.732674553978655
2025-05-12 07:20:00+00:00,1.9428622125195378,1.9485961036284993,-0.005733891108961402,3,3.763889788591533
2025-05-12 07:25:00+00:00,1.9700369164494809,1.9485961036284993,0.021440812820981463,3,3.7119706647538684
2025-05-12 07:30:00+00:00,1.9834453443009863,1.9485961036284993,0.03484924067248696,3,3.6868771117662527
2025-05-12 07:35:00+00:00,1.9823753723691415,1.9823753723691415,0.0,0,0.0
2025-05-12 18:55:00+00:00,1.9816319816045032,1.9816319816045032,0.0,1,1.2504689258471926
2025-05-12 19:00:00+00:00,1.9860379270614372,1.9816319816045032,0.0044059454569341785,1,1.2476948107067907
2025-05-12 19:05:00+00:00,1.994424618580128,1.9816319816045032,0.01279263697562486,1,1.2424481689488691
2025-05-12 19:10:00+00:00,1.9935302336454424,1.9816319816045032,0.011898252040939132,1,1.2430055855887983
2025-05-12 19:15:00+00:00,1.9916437167886742,1.9816319816045032,0.010011735184171058,1,1.2441829804062061
2025-05-12 19:20:00+00:00,1.993525346296073,1.9816319816045032,0.011893364691569824,1,1.2430086329554024
2025-05-12 19:25:00+00:00,1.99112025674568,1.99112025674568,0.0,0,0.0
2025-05-17 20:55:00+00:00,1.9903735866494003,1.9903735866494003,0.0,1,1.2504689258471928
2025-05-17 21:00:00+00:00,1.9851818880241772,1.9903735866494003,-0.005191698625223233,1,1.2537391842765937
2025-05-17 21:05:00+00:00,1.982066868849043,1.9903735866494003,-0.008306717800357395,1,1.2557095626028842
2025-05-17 21:10:00+00:00,1.9829568743276527,1.9903735866494003,-0.0074167123217475945,1,1.255145965681172
2025-05-17 21:15:00+00:00,1.9845885510384373,1.9903735866494003,-0.005785035610963008,1,1.2541140175527976
2025-05-17 21:20:00+00:00,1.9799901893989535,1.9903735866494003,-0.010383397250446742,1,1.2570265924840929
2025-05-17 21:25:00+00:00,1.9810235302598935,1.9810235302598935,0.0,0,0.0
2025-05-18 22:25:00+00:00,1.980280646436046,1.980280646436046,0.0,1,1.2504689258471928
2025-05-18 22:30:00+00:00,1.988647966192664,1.980280646436046,0.008367319756617834,1,1.245207525375037
2025-05-18 22:35:00+00:00,1.9914307625823084,1.980280646436046,0.011150116146262302,1,1.2434674904860115
2025-05-18 22:40:00+00:00,1.9876209818107713,1.980280646436046,0.007340335374725312,1,1.2458509119625594
2025-05-18 22:45:00+00:00,1.9930209319478198,1.980280646436046,0.01274028551177382,1,1.2424753664803454
2025-05-18 22:50:00+00:00,1.9974601547598714,1.980280646436046,0.017179508323825317,1,1.2397140473235413
2025-05-18 22:55:00+00:00,2.001109167278864,2.001109167278864,0.0,0,0.0
2025-05-19 07:10:00+00:00,2.0003587513411345,2.0003587513411345,0.0,1,1.2504689258471928
2025-05-19 07:15:00+00:00,2.0057240598306256,2.0003587513411345,0.0053653084894910745,1,1.247123923571925
2025-05-19 07:20:00+00:00,2.0214008205733567,2.0003587513411345,0.02104206923222209,1,1.237451985593376
2025-05-19 07:25:00+00:00,2.020866385548037,2.0003587513411345,0.020507634206902395,1,1.237779240125384
2025-05-19 07:30:00+00:00,2.0110893683201168,2.0003587513411345,0.010730616978982149,1,1.2437967693041974
2025-05-19 07:35:00+00:00,2.018257085130296,2.0003587513411345,0.017898333789161343,1,1.2393795010198585
2025-05-19 07:40:00+00:00,2.0198749498930058,2.0198749498930058,0.0,0,0.0
2025-05-20 20:50:00+00:00,2.0191174967867958,2.0191174967867958,0.0,1,1.2504689258471926
2025-05-20 20:55:00+00:00,2.0118682086408137,2.0191174967867958,-0.0072492881459820845,1,1.254974692935777
2025-05-20 21:00:00+00:00,2.0112864756414446,2.0191174967867958,-0.007831021145350968,1,1.2553376746398235
2025-05-20 21:05:00+00:00,2.0175489373633964,2.0191174967867958,-0.0015685594233995175,1,1.251441112831598
2025-05-20 21:10:00+00:00,2.0140561841728535,2.0191174967867958,-0.005061312613942483,1,1.253611347690967
2025-05-20 21:15:00+00:00,2.001241571826431,2.0191174967867958,-0.017875924960364997,1,1.2616386361902132
2025-05-20 21:20:00+00:00,2.00353880576549,2.00353880576549,0.0,0,0.0
2025-05-21 04:40:00+00:00,2.002787478713328,2.002787478713328,0.0,1,1.2504689258471926
2025-05-21 04:45:00+00:00,2.0025801143323165,2.002787478713328,-0.0002073643810116712,1,1.2505984101624152
2025-05-21 04:50:00+00:00,1.9988988140851403,2.002787478713328,-0.0038886646281878342,1,1.2529015923965576
2025-05-21 04:55:00+00:00,1.9963102542277906,2.002787478713328,-0.006477224485537524,1,1.2545261949654312
2025-05-21 05:00:00+00:00,1.9971606811836253,2.002787478713328,-0.005626797529702796,1,1.2539919951371195
2025-05-21 05:05:00+00:00,2.0014431051420494,2.002787478713328,-0.0013443735712788285,1,1.2513088684722393
2025-05-21 05:10:00+00:00,1.9999438683561257,1.9999438683561257,0.0,0,0.0
2025-05-21 23:25:00+00:00,1.9991938894054921,1.9991938894054921,0.0,1,1.2504689258471928
2025-05-21 23:30:00+00:00,1.991313551203436,1.9991938894054921,-0.007880338202056282,1,1.2554174775410647
2025-05-21 23:35:00+00:00,1.9923165033382428,1.9991938894054921,-0.006877386067249199,1,1.2547854877758522
2025-05-21 23:40:00+00:00,1.9908837145742329,1.9991938894054921,-0.008310174831259357,1,1.2556885252234775
2025-05-21 23:45:00+00:00,1.9885912525518161,1.9991938894054921,-0.010602636853675943,1,1.2571360918123204
2025-05-21 23:50:00+00:00,1.988161415922613,1.9991938894054921,-0.011032473482879017,1,1.2574078821890105
2025-05-21 23:55:00+00:00,1.9908501300056038,1.9908501300056038,0.0,0,0.0
2025-05-22 08:20:00+00:00,1.9901035612068518,1.9901035612068518,0.0,1,1.2504689258471926
2025-05-22 08:25:00+00:00,1.9746880892349488,1.9901035612068518,-0.01541547197190297,1,1.2602307554663714
2025-05-22 08:30:00+00:00,1.9773177327358822,1.9901035612068518,-0.012785828470969682,1,1.2585547690728223
2025-05-22 08:35:00+00:00,1.969122165358415,1.9901035612068518,-0.020981395848436862,1,1.263792925744677
2025-05-22 08:40:00+00:00,1.97272747164238,1.9901035612068518,-0.017376089564471908,1,1.2614832501091344
2025-05-22 08:45:00+00:00,1.9730155244640375,1.9901035612068518,-0.017088036742814405,1,1.2612990783146594
2025-05-22 08:50:00+00:00,1.968431348718693,1.968431348718693,0.0,0,0.0
2025-05-23 13:35:00+00:00,1.9676931869629235,1.9676931869629235,0.0,1,1.2504689258471926
2025-05-23 13:40:00+00:00,1.9622952947817938,1.9676931869629235,-0.005397892181129785,1,1.253908722322028
2025-05-23 13:45:00+00:00,1.9590475629861472,1.9676931869629235,-0.008645623976776253,1,1.2559874667605329
2025-05-23 13:50:00+00:00,1.9623560210688311,1.9676931869629235,-0.005337165894092278,1,1.25386991936264
2025-05-23 13:55:00+00:00,1.9640248694014972,1.9676931869629235,-0.003668317561426198,1,1.2528044956213682
2025-05-23 14:00:00+00:00,1.9722679005864308,1.9676931869629235,0.0045747136235073545,1,1.2475684389360866
2025-05-23 14:05:00+00:00,1.9793364403976204,1.9793364403976204,0.0,0,0.0
2025-05-24 00:10:00+00:00,1.9785941892324712,1.9785941892324712,0.0,1,1.2504689258471926
2025-05-24 00:15:00+00:00,1.9795700157291325,1.9785941892324712,0.0009758264966613693,1,1.2498525087963193
2025-05-24 00:20:00+00:00,1.9828352813141157,1.9785941892324712,0.0042410920816443615,1,1.2477942942679934
2025-05-24 00:25:00+00:00,1.9801329925541293,1.9785941892324712,0.0015388033216582285,1,1.2494971599385594
2025-05-24 00:30:00+00:00,1.9773931720058107,1.9785941892324712,-0.0012010172266604426,1,1.2512284281771329
2025-05-24 00:35:00+00:00,1.9827602177374495,1.9785941892324712,0.004166028504978187,1,1.247841533415639
2025-05-24 00:40:00+00:00,1.984157278507289,1.984157278507289,0.0,0,0.0
2025-05-27 13:10:00+00:00,1.9834132195278487,1.9834132195278487,0.0,1,1.2504689258471928
2025-05-27 13:15:00+00:00,1.9883663373396092,1.9834132195278487,0.00495311781176065,1,1.2473539465833847
2025-05-27 13:20:00+00:00,1.9944163939300548,1.9834132195278487,0.011003174402206094,1,1.2435701018516063
2025-05-27 13:25:00+00:00,1.9893461491850462,1.9834132195278487,0.005932929657197398,1,1.246739587854103
2025-05-27 13:30:00+00:00,1.9898214142411088,1.9834132195278487,0.0064081947132601106,1,1.2464418064774045
2025-05-27 13:35:00+00:00,1.9825617968207792,1.9834132195278487,-0.0008514227070694076,1,1.2510059470082273
2025-05-27 13:40:00+00:00,1.9839282750808207,1.9839282750808207,0.0,0,0.0
2025-05-29 02:30:00+00:00,1.9831843019776654,1.9831843019776654,0.0,1,1.2504689258471926
2025-05-29 02:35:00+00:00,2.0044380181873365,1.9831843019776654,0.021253716209671217,1,1.2372097921459655
2025-05-29 02:40:00+00:00,2.0011591830899667,1.9831843019776654,0.01797488111230144,1,1.2392369206840532
2025-05-29 02:45:00+00:00,2.0072652231060055,1.9831843019776654,0.024080921128339955,1,1.2354671995032414
2025-05-29 02:50:00+00:00,2.0030740950476598,1.9831843019776654,0.019889793069994183,1,1.2380522268159133
2025-05-29 02:55:00+00:00,2.006145180262826,1.9831843019776654,0.02296087828516071,1,1.23615696822407
2025-05-29 03:00:00+00:00,2.0047508597023413,2.0047508597023413,0.0,0,0.0
2025-05-29 20:55:00+00:00,2.003999078129953,2.003999078129953,0.0,1,1.2504689258471926
2025-05-29 21:00:00+00:00,1.9959925309599207,2.003999078129953,-0.00800654717003227,1,1.2554849458393316
2025-05-29 21:05:00+00:00,1.9985752881115442,2.003999078129953,-0.005423790018408786,1,1.2538624837074768
2025-05-29 21:10:00+00:00,2.000604597302105,2.003999078129953,-0.003394480827847776,1,1.2525906308559345
2025-05-29 21:15:00+00:00,1.994442876668947,2.003999078129953,-0.00955620146100597,1,1.256460440127151
2025-05-29 21:20:00+00:00,1.99293011890871,2.003999078129953,-0.011068959221243064,1,1.2574141716520044
2025-05-29 21:25:00+00:00,1.9901859246764981,1.9901859246764981,0.0,0,0.0
2025-05-31 00:25:00+00:00,1.9894396049547445,1.9894396049547445,0.0,1,1.2504689258471926
2025-05-31 00:30:00+00:00,1.9857034123540536,1.9894396049547445,-0.0037361926006908965,1,1.2528217408341022
2025-05-31 00:35:00+00:00,1.9898970979262576,1.9894396049547445,0.00045749297151320483,1,1.2501814332199273
2025-05-31 00:40:00+00:00,1.9969882389847113,1.9894396049547445,0.007548634029966775,1,1.2457421417315961
2025-05-31 00:45:00+00:00,1.994319529984218,1.9894396049547445,0.004879925029473632,1,1.2474091380257954
2025-05-31 00:50:00+00:00,1.9908883326978697,1.9894396049547445,0.0014487277431251486,1,1.2495589857993066
2025-05-31 00:55:00+00:00,1.9848045949751292,1.9848045949751292,0.0,0,0.0
2025-06-01 16:10:00+00:00,1.9840602932520135,1.9840602932520135,0.0,1,1.2504689258471926
2025-06-01 16:15:00+00:00,1.981663085947875,1.9840602932520135,-0.0023972073041384325,1,1.2519816114615616
2025-06-01 16:20:00+00:00,1.9806131280243104,1.9840602932520135,-0.003447165227703027,1,1.2526453089775031
2025-06-01 16:25:00+00:00,1.9839376015395966,1.9840602932520135,-0.00012269171241692436,1,1.2505462580040696
2025-06-01 16:30:00+00:00,1.9828734868799842,1.9840602932520135,-0.0011868063720293287,1,1.2512173671870157
2025-06-01 16:35:00+00:00,1.9816560075798508,1.9840602932520135,-0.0024042856721627507,1,1.2519860834721281
2025-06-01 16:40:00+00:00,1.9832192538325693,1.9832192538325693,0.0,0,0.0
2025-06-02 04:15:00+00:00,1.982475546612382,1.982475546612382,0.0,1,1.2504689258471926
2025-06-02 04:20:00+00:00,1.9823625297868845,1.982475546612382,-0.00011301682549757995,1,1.250540216555254
2025-06-02 04:25:00+00:00,1.9822495129613869,1.982475546612382,-0.0002260336509951599,1,1.2506115153925133
2025-06-02 04:30:00+00:00,1.9814207229077374,1.982475546612382,-0.0010548237046445381,1,1.2511346220568142
2025-06-02 04:35:00+00:00,1.9828899416392065,1.982475546612382,0.00041439502682455155,1,1.2502075961116446
2025-06-02 04:40:00+00:00,1.9824378743372162,1.982475546612382,-3.767227516576824e-05,1,1.250492688513388
2025-06-02 04:45:00+00:00,1.981129082989541,1.981129082989541,0.0,0,0.0
2025-06-05 20:50:00+00:00,1.979643514773576,1.979643514773576,0.0,2,2.501406953454738
2025-06-05 20:55:00+00:00,1.936984768368278,1.979643514773576,-0.04265874640529811,2,2.55649612432817
2025-06-05 21:00:00+00:00,1.9169400777235268,1.979643514773576,-0.06270343705004928,2,2.5832284017437055
2025-06-05 21:05:00+00:00,1.9496446453950715,1.979643514773576,-0.029998869378504406,2,2.539895700948498
2025-06-05 21:10:00+00:00,1.9582970665586337,1.979643514773576,-0.02134644821494234,2,2.5286735796006132
2025-06-05 21:15:00+00:00,1.942428806089812,1.979643514773576,-0.03721470868376407,2,2.5493310425026925
2025-06-05 21:20:00+00:00,1.954163515230717,1.954163515230717,0.0,0,0.0
2025-06-09 21:05:00+00:00,1.9534307039125056,1.9534307039125056,0.0,1,1.2504689258471928
2025-06-09 21:10:00+00:00,1.9669982126584833,1.9534307039125056,0.013567508745977652,1,1.2418437283361716
2025-06-09 21:15:00+00:00,1.9638218414810753,1.9534307039125056,0.01039113756856974,1,1.2438523405952944
2025-06-09 21:20:00+00:00,1.9690876839639753,1.9534307039125056,0.01565698005146974,1,1.2405259623182359
2025-06-09 21:25:00+00:00,1.9650492887502213,1.9534307039125056,0.011618584837715822,1,1.2430753813773117
2025-06-09 21:30:00+00:00,1.9831049443810904,1.9534307039125056,0.02967424046858486,1,1.2317575027784236
2025-06-09 21:35:00+00:00,1.9755977485163723,1.9755977485163723,0.0,0,0.0
2025-06-09 23:45:00+00:00,1.9748568993606785,1.9748568993606785,0.0,1,1.2504689258471928
2025-06-09 23:50:00+00:00,1.9702701661035358,1.9748568993606785,-0.004586733257142653,1,1.2533799821621496
2025-06-09 23:55:00+00:00,1.9676710172578222,1.9748568993606785,-0.007185882102856393,1,1.2550356050306601
2025-06-10 00:00:00+00:00,1.968282581692108,1.9748568993606785,-0.006574317668570743,1,1.2546456533301582
2025-06-10 00:05:00+00:00,1.9656834328463935,1.9748568993606785,-0.009173466514285031,1,1.2563046238170346
2025-06-10 00:10:00+00:00,1.963848739543537,1.9748568993606785,-0.011008159817141708,1,1.2574783056965262
2025-06-10 00:15:00+00:00,1.9598971771078433,1.9598971771078433,0.0,0,0.0
2025-06-11 02:10:00+00:00,1.959162215666428,1.959162215666428,0.0,1,1.2504689258471926
2025-06-11 02:15:00+00:00,1.9517697248052788,1.959162215666428,-0.007392490861149181,1,1.2552051813536655
2025-06-11 02:20:00+00:00,1.9394981899757717,1.959162215666428,-0.01966402569065628,1,1.2631470779642273
2025-06-11 02:25:00+00:00,1.9374282925346495,1.959162215666428,-0.021733923131778323,1,1.264496591086604
2025-06-11 02:30:00+00:00,1.9421594866857854,1.959162215666428,-0.017002728980642572,1,1.2614162164227862
2025-06-11 02:35:00+00:00,1.9402374390618862,1.959162215666428,-0.018924776604541633,1,1.2626658068042065
2025-06-11 02:40:00+00:00,1.9335884849315517,1.9335884849315517,0.0,0,0.0
2025-06-11 12:35:00+00:00,1.931414013516679,1.931414013516679,0.0,3,3.752814258801789
2025-06-11 12:40:00+00:00,1.905953187919991,1.931414013516679,-0.025460825596688223,3,3.8029465233011037
2025-06-11 12:45:00+00:00,1.9487804890395197,1.931414013516679,0.017366475522840697,3,3.719371212068819
2025-06-11 12:50:00+00:00,1.9357259174489578,1.931414013516679,0.004311903932278668,3,3.7444547207009795
2025-06-11 12:55:00+00:00,1.926983816098023,1.931414013516679,-0.004430197418655956,3,3.7614420987987565
2025-06-11 13:00:00+00:00,1.9421350635490076,1.931414013516679,0.010721050032328514,3,3.732097826569148
2025-06-11 13:05:00+00:00,1.9322931175123268,1.9322931175123268,0.0,0,0.0
2025-06-13 02:50:00+00:00,1.9315685075932596,1.9315685075932596,0.0,1,1.2504689258471928
2025-06-13 02:55:00+00:00,1.9269454533925685,1.9315685075932596,-0.004623054200691009,1,1.2534690033067253
2025-06-13 03:00:00+00:00,1.9301773970298461,1.9315685075932596,-0.0013911105634133846,1,1.2513701593476179
2025-06-13 03:05:00+00:00,1.9302589529255236,1.9315685075932596,-0.0013095546677359144,1,1.2513172873668843
2025-06-13 03:10:00+00:00,1.9368859519914328,1.9315685075932596,0.0053174443981732,1,1.2470359415881045
2025-06-13 03:15:00+00:00,1.938034725036262,1.9315685075932596,0.006466217443002371,1,1.2462967591280985
2025-06-13 03:20:00+00:00,1.9432101016273504,1.9432101016273504,0.0,0,0.0
2025-06-13 15:10:00+00:00,1.9424813978392401,1.9424813978392401,0.0,1,1.2504689258471926
2025-06-13 15:15:00+00:00,1.9455998991010177,1.9424813978392401,0.003118501261777523,1,1.2484646140023627
2025-06-13 15:20:00+00:00,1.9449263766391542,1.9424813978392401,0.002444978799914198,1,1.2488969537405
2025-06-13 15:25:00+00:00,1.9459412734994963,1.9424813978392401,0.003459875660256276,1,1.248245597189044
2025-06-13 15:30:00+00:00,1.9490413220910856,1.9424813978392401,0.006559924251845438,1,1.246260199567319
2025-06-13 15:35:00+00:00,1.9485292604933677,1.9424813978392401,0.006047862654127578,1,1.2465877091417974
2025-06-13 15:40:00+00:00,1.946640345067185,1.946640345067185,0.0,0,0.0
2025-06-16 01:40:00+00:00,1.9459103549377847,1.9459103549377847,0.0,1,1.2504689258471926
2025-06-16 01:45:00+00:00,1.9413361854616267,1.9459103549377847,-0.004574169476158006,1,1.253415276321845
2025-06-16 01:50:00+00:00,1.9408629955158172,1.9459103549377847,-0.00504735942196753,1,1.2537208638404125
2025-06-16 01:55:00+00:00,1.971304882029557,1.9459103549377847,0.025394527091772173,1,1.2343602724854903
2025-06-16 02:00:00+00:00,1.9807686809457452,1.9459103549377847,0.03485832600796048,1,1.2284626946808188
2025-06-16 02:05:00+00:00,1.9788759211625078,1.9459103549377847,0.03296556622472293,1,1.2296376974987484
2025-06-16 02:10:00+00:00,1.9876097299492959,1.9876097299492959,0.0,0,0.0
2025-06-17 00:20:00+00:00,1.986864376300565,1.986864376300565,0.0,1,1.2504689258471926
2025-06-17 00:25:00+00:00,1.9895148760071246,1.986864376300565,0.002650499706559652,1,1.2488030084112438
2025-06-17 00:30:00+00:00,1.994484562956925,1.986864376300565,0.007620186656360103,1,1.2456913473189304
2025-06-17 00:35:00+00:00,1.9871956887638849,1.986864376300565,0.0003313124633199565,1,1.2502604431383835
2025-06-17 00:40:00+00:00,1.9881896261538452,1.986864376300565,0.0013252498532803777,1,1.249635411911343
2025-06-17 00:45:00+00:00,1.985207813983965,1.986864376300565,-0.0016565623165997825,1,1.251512383205181
2025-06-17 00:50:00+00:00,2.002353333354514,2.002353333354514,0.0,0,0.0
2025-06-17 02:55:00+00:00,2.0008518499354357,2.0008518499354357,0.0,2,2.501406953454738
2025-06-17 03:00:00+00:00,2.0206975949045263,2.0008518499354357,0.01984574496909034,2,2.47684004914043
2025-06-17 03:05:00+00:00,2.0061795937845557,2.0008518499354357,0.0053277438491199525,2,2.4947640509191413
2025-06-17 03:10:00+00:00,2.026492383441328,2.0008518499354357,0.025640533505892425,2,2.469757483994107
2025-06-17 03:15:00+00:00,2.030472597134105,2.0008518499354357,0.02962074719866915,2,2.4649161664754633
2025-06-17 03:20:00+00:00,2.024420693720521,2.0008518499354357,0.02356884378508552,2,2.4722849088561167
2025-06-17 03:25:00+00:00,2.019244980566615,2.019244980566615,0.0,0,0.0
2025-06-18 17:40:00+00:00,2.0184877636989027,2.0184877636989027,0.0,1,1.2504689258471926
2025-06-18 17:45:00+00:00,2.0200648306482196,2.0184877636989027,0.0015770669493170137,1,1.2494926833107247
2025-06-18 17:50:00+00:00,2.0187637504150326,2.0184877636989027,0.00027598671613004305,1,1.2502979732964565
2025-06-18 17:55:00+00:00,2.02168132427127,2.0184877636989027,0.003193560572367051,1,1.2484936153911812
2025-06-18 18:00:00+00:00,2.0216024709238036,2.0184877636989027,0.003114707224901004,1,1.248542313343563
2025-06-18 18:05:00+00:00,2.0179752169403744,2.0184877636989027,-0.0005125467585284638,1,1.2507865332138257
2025-06-18 18:10:00+00:00,2.0161929065556055,2.0161929065556055,0.0,0,0.0
2025-06-20 17:45:00+00:00,2.014681045402816,2.014681045402816,0.0,2,2.5014069534547385
2025-06-20 17:50:00+00:00,2.0225733851713534,2.014681045402816,0.007892339768537138,2,2.4916461439232838
2025-06-20 17:55:00+00:00,2.0119656536489017,2.014681045402816,-0.0027153917539145885,2,2.5047829056248347
2025-06-20 18:00:00+00:00,2.0284713432061547,2.014681045402816,0.01379029780333867,2,2.4844014646017576
2025-06-20 18:05:00+00:00,2.019387215437603,2.014681045402816,0.004706170034786686,2,2.4955774392540135
2025-06-20 18:10:00+00:00,2.0300501712922046,2.014681045402816,0.015369125889388338,2,2.4824692745185737
2025-06-20 18:15:00+00:00,2.0354750731126665,2.0354750731126665,0.0,0,0.0
2025-06-21 23:50:00+00:00,2.034711769960249,2.034711769960249,0.0,1,1.2504689258471928
2025-06-21 23:55:00+00:00,2.028072536794762,2.034711769960249,-0.006639233165487003,1,1.254562544105057
2025-06-22 00:00:00+00:00,2.057285162722905,2.034711769960249,0.022573392762656037,1,1.2367482580894547
2025-06-22 00:05:00+00:00,2.0618377797506677,2.034711769960249,0.02712600979041886,1,1.2340174704231646
2025-06-22 00:10:00+00:00,2.0396437717403253,2.034711769960249,0.004932001780076156,1,1.2474452042279287
2025-06-22 00:15:00+00:00,2.050456237181262,2.034711769960249,0.015744467221012647,1,1.240867176413632
2025-06-22 00:20:00+00:00,2.0648683241213863,2.0648683241213863,0.0,0,0.0
2025-06-22 02:05:00+00:00,2.0640939984998408,2.0640939984998408,0.0,1,1.2504689258471928
2025-06-22 02:10:00+00:00,2.047649966398154,2.0640939984998408,-0.016444032101686497,1,1.2605110480342006
2025-06-22 02:15:00+00:00,2.053258511087493,2.0640939984998408,-0.010835487412348107,1,1.2570679197061654
2025-06-22 02:20:00+00:00,2.0456867247029606,2.0640939984998408,-0.018407273796880192,1,1.2617207581119312
2025-06-22 02:25:00+00:00,2.0487822196008816,2.0640939984998408,-0.01531177889895939,1,1.2598144304739956
2025-06-22 02:30:00+00:00,2.0477453668897367,2.0640939984998408,-0.01634863161010397,1,1.2604523232652072
2025-06-22 02:35:00+00:00,2.042926562532952,2.042926562532952,0.0,0,0.0
2025-06-22 13:50:00+00:00,2.0421604650720018,2.0421604650720018,0.0,1,1.2504689258471928
2025-06-22 13:55:00+00:00,2.0394273753901793,2.0421604650720018,-0.002733089681822633,1,1.2521447117858897
2025-06-22 14:00:00+00:00,2.040007121686323,2.0421604650720018,-0.0021533433856786356,1,1.2517888668228125
2025-06-22 14:05:00+00:00,2.0456389428488673,2.0421604650720018,0.0034784777768656844,1,1.2483425836671975
2025-06-22 14:10:00+00:00,2.045887405547215,2.0421604650720018,0.003726940475213274,1,1.2481909787616885
2025-06-22 14:15:00+00:00,2.0349964572696484,2.0421604650720018,-0.0071640078023534155,1,1.2548710805091174
2025-06-22 14:20:00+00:00,2.0278945610008363,2.0278945610008363,0.0,0,0.0
2025-06-22 20:40:00+00:00,2.027134100540461,2.027134100540461,0.0,1,1.2504689258471928
2025-06-22 20:45:00+00:00,2.0305180920843133,2.027134100540461,0.003383991543852126,1,1.2483849373875906
2025-06-22 20:50:00+00:00,2.0344703484713835,2.027134100540461,0.007336247930922362,1,1.2459597669514526
2025-06-22 20:55:00+00:00,2.0420164960290794,2.027134100540461,0.014882395488618394,1,1.2413553985388313
2025-06-22 21:00:00+00:00,2.039047184235685,2.027134100540461,0.011913083695223762,1,1.2431630914912908
2025-06-22 21:05:00+00:00,2.036487432689655,2.027134100540461,0.009353332149193963,1,1.244725678421282
2025-06-22 21:10:00+00:00,2.032642471616313,2.032642471616313,0.0,0,0.0
2025-06-23 13:40:00+00:00,2.029595222522254,2.029595222522254,0.0,4,5.004691017933514
2025-06-23 13:45:00+00:00,2.0855767173251545,2.029595222522254,0.05598149480290063,4,4.870354034842381
2025-06-23 13:50:00+00:00,2.088058870228701,2.029595222522254,0.058463647706446686,4,4.864564464643358
2025-06-23 13:55:00+00:00,2.0713382165972622,2.029595222522254,0.04174299407500806,4,4.9038331349306885
2025-06-23 14:00:00+00:00,2.1288057598336696,2.029595222522254,0.09921053731141546,4,4.77145316489163
2025-06-23 14:05:00+00:00,2.150259300335504,2.029595222522254,0.12066407781325031,4,4.723847481377257
2025-06-23 14:10:00+00:00,2.1250967390826623,2.1250967390826623,0.0,0,0.0
2025-06-23 16:00:00+00:00,2.124299827805506,2.124299827805506,0.0,1,1.2504689258471928
2025-06-23 16:05:00+00:00,2.13266514056881,2.124299827805506,0.008365312763303894,1,1.2455640003309842
2025-06-23 16:10:00+00:00,2.1288239255244354,2.124299827805506,0.004524097718929548,1,1.2478114756244725
2025-06-23 16:15:00+00:00,2.12963484870047,2.124299827805506,0.0053350208949640735,1,1.2473363334912926
2025-06-23 16:20:00+00:00,2.1330492620732473,2.124299827805506,0.008749434267741269,1,1.2453396980018319
2025-06-23 16:25:00+00:00,2.122421900450479,2.124299827805506,-0.0018779273550271038,1,1.251575345735699
2025-06-23 16:30:00+00:00,2.1121499920638667,2.1121499920638667,0.0,0,0.0
2025-06-23 22:05:00+00:00,2.1097747142746894,2.1097747142746894,0.0,3,3.752814258801789
2025-06-23 22:10:00+00:00,2.1795432035980946,2.1097747142746894,0.06976848932340514,3,3.6326844164037597
2025-06-23 22:15:00+00:00,2.223620202193468,2.1097747142746894,0.11384548791877866,3,3.5606766941491603
2025-06-23 22:20:00+00:00,2.205668940375781,2.1097747142746894,0.09589422610109155,3,3.589655947750981
2025-06-23 22:25:00+00:00,2.2809752726426833,2.1097747142746894,0.1712005583679939,3,3.471143561068241
2025-06-23 22:30:00+00:00,2.2832723599040188,2.1097747142746894,0.17349764562932948,3,3.4676514154107987
2025-06-23 22:35:00+00:00,2.227162371276834,2.227162371276834,0.0,0,0.0
2025-06-24 16:45:00+00:00,2.226327185387605,2.226327185387605,0.0,1,1.2504689258471926
2025-06-24 16:50:00+00:00,2.2223590959012887,2.226327185387605,-0.003968089486316628,1,1.2527016759939944
2025-06-24 16:55:00+00:00,2.2349171972869613,2.226327185387605,0.008590011899355883,1,1.2456626882980602
2025-06-24 17:00:00+00:00,2.235661214065646,2.226327185387605,0.00933402867804085,1,1.245248138036668
2025-06-24 17:05:00+00:00,2.2246813300893034,2.226327185387605,-0.0016458552983018623,1,1.2513940430220127
2025-06-24 17:10:00+00:00,2.2198677669908453,2.226327185387605,-0.006459418396759851,1,1.2541075668979356
2025-06-24 17:15:00+00:00,2.213452455261484,2.213452455261484,0.0,0,0.0
2025-06-25 03:40:00+00:00,2.2126224105907606,2.2126224105907606,0.0,1,1.2504689258471928
2025-06-25 03:45:00+00:00,2.2006025996056007,2.2126224105907606,-0.012019810985159878,1,1.2572990550737024
2025-06-25 03:50:00+00:00,2.2168421314685296,2.2126224105907606,0.004219720877768844,1,1.2480886797491528
2025-06-25 03:55:00+00:00,2.213347009125327,2.2126224105907606,0.0007245985345661065,1,1.2500595512902644
2025-06-25 04:00:00+00:00,2.208615806929041,2.2126224105907606,-0.004006603661719755,1,1.2527373753264766
2025-06-25 04:05:00+00:00,2.2155634281722363,2.2126224105907606,0.002941017581475534,1,1.2488090089839508
2025-06-25 04:10:00+00:00,2.2150743710471907,2.2150743710471907,0.0,0,0.0
2025-06-26 02:55:00+00:00,2.214243718158048,2.214243718158048,0.0,1,1.2504689258471928
2025-06-26 03:00:00+00:00,2.20423658556721,2.214243718158048,-0.010007132590837957,1,1.2561459971850026
2025-06-26 03:05:00+00:00,2.229863258075827,2.214243718158048,0.015619539917779033,1,1.2417097567669926
2025-06-26 03:10:00+00:00,2.2225460958606233,2.214243718158048,0.008302377702575588,1,1.2457977672390304
2025-06-26 03:15:00+00:00,2.212472544248165,2.214243718158048,-0.0017711739098826935,1,1.2514699768850182
2025-06-26 03:20:00+00:00,2.215040746417495,2.214243718158048,0.0007970282594469662,1,1.250018975175598
2025-06-26 03:25:00+00:00,2.207623540550976,2.207623540550976,0.0,0,0.0
2025-06-27 01:15:00+00:00,2.2067956817232695,2.2067956817232695,0.0,1,1.2504689258471926
2025-06-27 01:20:00+00:00,2.203618132863066,2.2067956817232695,-0.003177548860203472,1,1.2522720631742952
2025-06-27 01:25:00+00:00,2.207826238110363,2.2067956817232695,0.0010305563870932166,1,1.249885239180122
2025-06-27 01:30:00+00:00,2.208470335852295,2.2067956817232695,0.0016746541290257112,1,1.2495207116394251
2025-06-27 01:35:00+00:00,2.209415012540464,2.2067956817232695,0.0026193308171947997,1,1.2489864557024597
2025-06-27 01:40:00+00:00,2.2105743884759432,2.2067956817232695,0.003778706752673902,1,1.2483314020439944
2025-06-27 01:45:00+00:00,2.2107341461858674,2.2107341461858674,0.0,0,0.0
2025-07-02 15:15:00+00:00,2.209905120881048,2.209905120881048,0.0,1,1.2504689258471926
2025-07-02 15:20:00+00:00,2.2165954795116427,2.209905120881048,0.006690358630594672,1,1.246694630696065
2025-07-02 15:25:00+00:00,2.213355703856363,2.209905120881048,0.0034505829753151353,1,1.2485194665808077
2025-07-02 15:30:00+00:00,2.2071091501100533,2.209905120881048,-0.002795970770994665,1,1.2520530226584135
2025-07-02 15:35:00+00:00,2.208440564762908,2.209905120881048,-0.0014645561181397411,1,1.2512981905985807
2025-07-02 15:40:00+00:00,2.2088621794029786,2.209905120881048,-0.0010429414780694652,1,1.2510593501488823
2025-07-02 15:45:00+00:00,2.2105628419385828,2.2105628419385828,0.0,0,0.0
2025-07-02 20:00:00+00:00,2.209733880872856,2.209733880872856,0.0,1,1.2504689258471926
2025-07-02 20:05:00+00:00,2.203758847458044,2.209733880872856,-0.005975033414812179,1,1.2538593120615187
2025-07-02 20:10:00+00:00,2.1985903904899904,2.209733880872856,-0.011143490382865514,1,1.256806890622043
2025-07-02 20:15:00+00:00,2.2003945746472167,2.209733880872856,-0.009339306225639494,1,1.2557763885898716
2025-07-02 20:20:00+00:00,2.191914909108255,2.209733880872856,-0.017818971764600993,1,1.2606344986025908
2025-07-02 20:25:00+00:00,2.1931247737783943,2.209733880872856,-0.0166091070944615,1,1.2599390538380915
2025-07-02 20:30:00+00:00,2.2038638170148803,2.2038638170148803,0.0,0,0.0
2025-07-02 22:35:00+00:00,2.2030373680835,2.2030373680835,0.0,1,1.2504689258471926
2025-07-02 22:40:00+00:00,2.192219325682169,2.2030373680835,-0.010818042401330849,1,1.2566396705819387
2025-07-02 22:45:00+00:00,2.1863626250247785,2.2030373680835,-0.01667474305872126,1,1.2600058836248078
2025-07-02 22:50:00+00:00,2.1807376643214575,2.2030373680835,-0.022299703762042395,1,1.2632559231400138
2025-07-02 22:55:00+00:00,2.1816856914062868,2.2030373680835,-0.02135167667721296,1,1.2627069894256273
2025-07-02 23:00:00+00:00,2.180411121658905,2.2030373680835,-0.022626246424594584,1,1.2634451108342655
2025-07-02 23:05:00+00:00,2.1781731657345564,2.1781731657345564,0.0,0,0.0
2025-07-04 14:25:00+00:00,2.176539842165857,2.176539842165857,0.0,2,2.501406953454738
2025-07-04 14:30:00+00:00,2.180536629103426,2.176539842165857,0.003996786937568641,2,2.496822031328838
2025-07-04 14:35:00+00:00,2.1725945828465822,2.176539842165857,-0.003945259319274613,2,2.505949309940542
2025-07-04 14:40:00+00:00,2.177767410083775,2.176539842165857,0.001227567917917969,2,2.4999969558069175
2025-07-04 14:45:00+00:00,2.181007448932172,2.176539842165857,0.004467606766315091,2,2.4962830357734695
2025-07-04 14:50:00+00:00,2.1729940890334936,2.176539842165857,-0.0035457531323636335,2,2.5054885897487753
2025-07-04 14:55:00+00:00,2.173685636613761,2.173685636613761,0.0,0,0.0
2025-07-08 13:45:00+00:00,2.172870504500031,2.172870504500031,0.0,1,1.2504689258471926
2025-07-08 13:50:00+00:00,2.1723743745015107,2.172870504500031,-0.0004961299985204849,1,1.2507545097472847
2025-07-08 13:55:00+00:00,2.171596522443529,2.172870504500031,-0.001273982056502325,1,1.2512025220549956
2025-07-08 14:00:00+00:00,2.1727009726412403,2.172870504500031,-0.0001695318587907785,1,1.250566497636421
2025-07-08 14:05:00+00:00,2.168547442100862,2.172870504500031,-0.004323062399169225,1,1.2529617720214143
2025-07-08 14:10:00+00:00,2.165111928844775,2.172870504500031,-0.007758575655256466,1,1.2549499217885476
2025-07-08 14:15:00+00:00,2.161631656186228,2.161631656186228,0.0,0,0.0
2025-07-08 16:25:00+00:00,2.160821044315158,2.160821044315158,0.0,1,1.2504689258471926
2025-07-08 16:30:00+00:00,2.16118999619239,2.160821044315158,0.00036895187723203393,1,1.250255449540887
2025-07-08 16:35:00+00:00,2.1572135148488925,2.160821044315158,-0.0036075294662654433,1,1.2525600973819486
2025-07-08 16:40:00+00:00,2.1572545095019184,2.160821044315158,-0.003566534813239795,1,1.252536294781764
2025-07-08 16:45:00+00:00,2.1581973865215107,2.160821044315158,-0.002623657793647486,1,1.251989084551629
2025-07-08 16:50:00+00:00,2.1563936217883777,2.160821044315158,-0.0044274225267805075,1,1.253036339437826
2025-07-08 16:55:00+00:00,2.1573047853443894,2.1573047853443894,0.0,0,0.0
2025-07-09 05:40:00+00:00,2.1556871101263666,2.1556871101263666,0.0,2,2.501406953454738
2025-07-09 05:45:00+00:00,2.1617600656321447,2.1556871101263666,0.00607295550577802,2,2.4943798400522468
2025-07-09 05:50:00+00:00,2.1490561745414523,2.1556871101263666,-0.006630935584914148,2,2.5091250710993616
2025-07-09 05:55:00+00:00,2.1469523762243106,2.1556871101263666,-0.008734733902056218,2,2.511583762386851
2025-07-09 06:00:00+00:00,2.1478228500157472,2.1556871101263666,-0.007864260110619352,2,2.5105658628705383
2025-07-09 06:05:00+00:00,2.1389523238483674,2.1556871101263666,-0.016734786277998973,2,2.5209775209207073
2025-07-09 06:10:00+00:00,2.1314498691047934,2.1314498691047934,0.0,0,0.0
2025-07-09 12:15:00+00:00,2.130650575403879,2.130650575403879,0.0,1,1.2504689258471928
2025-07-09 12:20:00+00:00,2.135332545638373,2.130650575403879,0.004681970234494385,1,1.2477271242004493
2025-07-09 12:25:00+00:00,2.138989706937421,2.130650575403879,0.008339131533542259,1,1.2455938089555938
2025-07-09 12:30:00+00:00,2.1408182875869444,2.130650575403879,0.010167712183065605,1,1.2445298845910513
2025-07-09 12:35:00+00:00,2.1388691411803094,2.130650575403879,0.008218565776430558,1,1.2456640217412847
2025-07-09 12:40:00+00:00,2.1386681982517906,2.130650575403879,0.008017622847911644,1,1.24578106064273
2025-07-09 12:45:00+00:00,2.138542063361415,2.138542063361415,0.0,0,0.0
2025-07-09 18:10:00+00:00,2.1369384575463717,2.1369384575463717,0.0,2,2.5014069534547385
2025-07-09 18:15:00+00:00,2.1520175607089986,2.1369384575463717,0.015079103162626749,2,2.4838796924362785
2025-07-09 18:20:00+00:00,2.1403189533292646,2.1369384575463717,0.0033804957828930085,2,2.497456142457948
2025-07-09 18:25:00+00:00,2.1576842348542487,2.1369384575463717,0.02074577730787676,2,2.4773563390161284
2025-07-09 18:30:00+00:00,2.156586048793566,2.1369384575463717,0.019647591247194122,2,2.4786178691092
2025-07-09 18:35:00+00:00,2.14315699604817,2.1369384575463717,0.006218538501798305,2,2.494148924538795
2025-07-09 18:40:00+00:00,2.1432942152656667,2.1432942152656667,0.0,0,0.0
2025-07-09 21:05:00+00:00,2.142490479934942,2.142490479934942,0.0,1,1.2504689258471926
2025-07-09 21:10:00+00:00,2.142833100638916,2.142490479934942,0.0003426207039740235,1,1.2502689865502201
2025-07-09 21:15:00+00:00,2.1413902331672507,2.142490479934942,-0.001100246767691398,1,1.2511114170533502
2025-07-09 21:20:00+00:00,2.1427003954366723,2.142490479934942,0.00020991550173045476,1,1.2503464202404702
2025-07-09 21:25:00+00:00,2.145858779250068,2.142490479934942,0.003368299315125963,1,1.248506096947525
2025-07-09 21:30:00+00:00,2.1461193640108376,2.142490479934942,0.0036288840758955418,1,1.2483545016224709
2025-07-09 21:35:00+00:00,2.139783028157488,2.139783028157488,0.0,0,0.0
2025-07-10 21:20:00+00:00,2.136575158605864,2.136575158605864,0.0,4,5.004691017933514
2025-07-10 21:25:00+00:00,2.1550612715914648,2.136575158605864,0.018486112985600812,4,4.961760784424552
2025-07-10 21:30:00+00:00,2.1402653209650637,2.136575158605864,0.00369016235919965,4,4.996062124014196
2025-07-10 21:35:00+00:00,2.1539486158005943,2.136575158605864,0.017373457194730192,4,4.9643238594344234
2025-07-10 21:40:00+00:00,2.167571821133694,2.136575158605864,0.03099666252782986,4,4.933123046332088
2025-07-10 21:45:00+00:00,2.228356930504482,2.136575158605864,0.09178177189861803,4,4.79855734018062
2025-07-10 21:50:00+00:00,2.2611689798486427,2.2611689798486427,0.0,0,0.0
2025-07-11 05:10:00+00:00,2.2603210414811996,2.2603210414811996,0.0,1,1.2504689258471926
2025-07-11 05:15:00+00:00,2.2565612057626776,2.2603210414811996,-0.003759835718522147,1,1.2525524313689111
2025-07-11 05:20:00+00:00,2.261586915818592,2.2603210414811996,0.0012658743373923028,1,1.2497690029249893
2025-07-11 05:25:00+00:00,2.2569863128162795,2.2603210414811996,-0.0033347286649201236,1,1.2523165110753065
2025-07-11 05:30:00+00:00,2.2616908308761388,2.2603210414811996,0.0013697893949393667,1,1.2497115813640554
2025-07-11 05:35:00+00:00,2.283314609669348,2.2603210414811996,0.022993568188148676,1,1.2378763806097266
2025-07-11 05:40:00+00:00,2.2721601869579158,2.2721601869579158,0.0,0,0.0
2025-07-11 16:25:00+00:00,2.2713081268878064,2.2713081268878064,0.0,1,1.2504689258471928
2025-07-11 16:30:00+00:00,2.2734720751235704,2.2713081268878064,0.0021639482357638288,1,1.2492786978890078
2025-07-11 16:35:00+00:00,2.2747006549169995,2.2713081268878064,0.0033925280291930682,1,1.2486039547920338
2025-07-11 16:40:00+00:00,2.275958313522107,2.2713081268878064,0.004650186634300819,1,1.2479139959739016
2025-07-11 16:45:00+00:00,2.273651394462256,2.2713081268878064,0.002343267574449558,1,1.2491801692269249
2025-07-11 16:50:00+00:00,2.271814582857879,2.2713081268878064,0.0005064559700722915,1,1.2501901586195923
2025-07-11 16:55:00+00:00,2.2752831495563774,2.2752831495563774,0.0,0,0.0
2025-07-11 22:35:00+00:00,2.2744299183752936,2.2744299183752936,0.0,1,1.2504689258471928
2025-07-11 22:40:00+00:00,2.258960058175014,2.2744299183752936,-0.015469860200279191,1,1.2590324147843448
2025-07-11 22:45:00+00:00,2.263256171281692,2.2744299183752936,-0.011173747093601409,1,1.256642519319783
2025-07-11 22:50:00+00:00,2.266733518437546,2.2744299183752936,-0.007696399937747638,1,1.2547147310487146
2025-07-11 22:55:00+00:00,2.2677449352003287,2.2744299183752936,-0.006684983174964946,1,1.2541551268834512
2025-07-11 23:00:00+00:00,2.2711741196531925,2.2744299183752936,-0.0032557987221010815,1,1.2522615119354061
2025-07-11 23:05:00+00:00,2.275166056392869,2.275166056392869,0.0,0,0.0
2025-07-13 14:20:00+00:00,2.274312869121722,2.274312869121722,0.0,1,1.2504689258471926
2025-07-13 14:25:00+00:00,2.260714614786044,2.274312869121722,-0.01359825433567794,1,1.2579905273714707
2025-07-13 14:30:00+00:00,2.262571063922654,2.274312869121722,-0.011741805199067775,1,1.256958340818022
2025-07-13 14:35:00+00:00,2.259056061242676,2.274312869121722,-0.015256807879045832,1,1.2589141187256168
2025-07-13 14:40:00+00:00,2.253882505019331,2.274312869121722,-0.02043036410239083,1,1.2618038270218945
2025-07-13 14:45:00+00:00,2.246353048876429,2.274312869121722,-0.027959820245292612,1,1.2660332141083364
2025-07-13 14:50:00+00:00,2.241221547351368,2.241221547351368,0.0,0,0.0
2025-07-14 03:45:00+00:00,2.239540946362635,2.239540946362635,0.0,2,2.501406953454738
2025-07-14 03:50:00+00:00,2.2281530073047087,2.239540946362635,-0.011387939057925995,2,2.514191474917864
2025-07-14 03:55:00+00:00,2.2363051459612,2.239540946362635,-0.003235800401434995,2,2.5050263403880284
2025-07-14 04:00:00+00:00,2.226862140779373,2.239540946362635,-0.012678805583261711,2,2.5156489003928506
2025-07-14 04:05:00+00:00,2.2268979619869693,2.239540946362635,-0.01264298437566554,2,2.5156084344249265
2025-07-14 04:10:00+00:00,2.229044442812622,2.239540946362635,-0.010496503550012545,2,2.5131860039136127
2025-07-14 04:15:00+00:00,2.2280048836882664,2.2280048836882664,0.0,0,0.0
2025-07-15 12:35:00+00:00,2.226334193338687,2.226334193338687,0.0,2,2.5014069534547385
2025-07-15 12:40:00+00:00,2.198807907891996,2.226334193338687,-0.027526285446690866,2,2.5327213950537515
2025-07-15 12:45:00+00:00,2.1647451193967693,2.226334193338687,-0.06158907394191744,2,2.572574379326141
2025-07-15 12:50:00+00:00,2.1901959880803785,2.226334193338687,-0.03613820525830834,2,2.542680135585684
2025-07-15 12:55:00+00:00,2.207235996566024,2.226334193338687,-0.01909819677266254,2,2.5230504760684997
2025-07-15 13:00:00+00:00,2.2082777095066826,2.226334193338687,-0.01805648383200433,2,2.5218602750717958
2025-07-15 13:05:00+00:00,2.2279411841563914,2.2279411841563914,0.0,0,0.0
2025-07-15 23:05:00+00:00,2.2262705415725033,2.2262705415725033,0.0,2,2.5014069534547385
2025-07-15 23:10:00+00:00,2.231460573340069,2.2262705415725033,0.005190031767565604,2,2.49558906820633
2025-07-15 23:15:00+00:00,2.21384288379916,2.2262705415725033,-0.012427657773343209,2,2.5154488847032868
2025-07-15 23:20:00+00:00,2.2286567843367737,2.2262705415725033,0.0023862427642704284,2,2.498728674643426
2025-07-15 23:25:00+00:00,2.219799250579025,2.2262705415725033,-0.006471290993478039,2,2.5086992039970757
2025-07-15 23:30:00+00:00,2.22131064229809,2.2262705415725033,-0.004959899274413041,2,2.5069922715535236
2025-07-15 23:35:00+00:00,2.2078751832289325,2.2078751832289325,0.0,0,0.0
2025-07-16 14:35:00+00:00,2.2070472300352217,2.2070472300352217,0.0,1,1.2504689258471926
2025-07-16 14:40:00+00:00,2.203406983473905,2.2070472300352217,-0.0036402465613165217,1,1.252534824358675
2025-07-16 14:45:00+00:00,2.204532305595905,2.2070472300352217,-0.0025149244393169183,1,1.251895457385985
2025-07-16 14:50:00+00:00,2.2295366221400297,2.2070472300352217,0.02248939210480788,1,1.237855414273087
2025-07-16 14:55:00+00:00,2.2167232952508993,2.2070472300352217,0.009676065215677555,1,1.2450105906086006
2025-07-16 15:00:00+00:00,2.2184794797746252,2.2070472300352217,0.011432249739403568,1,1.244025019927855
2025-07-16 15:05:00+00:00,2.222579073448458,2.222579073448458,0.0,0,0.0
2025-07-16 20:20:00+00:00,2.221745606295915,2.221745606295915,0.0,1,1.2504689258471926
2025-07-16 20:25:00+00:00,2.2242090247690802,2.221745606295915,0.0024634184731651045,1,1.2490839713677588
2025-07-16 20:30:00+00:00,2.2182984464522773,2.221745606295915,-0.0034471598436376393,1,1.2524121117488873
2025-07-16 20:35:00+00:00,2.2092659120506704,2.221745606295915,-0.012479694245244668,1,1.2575325707315095
2025-07-16 20:40:00+00:00,2.2065016801005837,2.221745606295915,-0.015243926195331273,1,1.2591079657296824
2025-07-16 20:45:00+00:00,2.2091358305471367,2.221745606295915,-0.012609775748778257,1,1.2576066185674466
2025-07-16 20:50:00+00:00,2.19043241684668,2.19043241684668,0.0,0,0.0
2025-07-17 01:55:00+00:00,2.1896110046903625,2.1896110046903625,0.0,1,1.2504689258471926
2025-07-17 02:00:00+00:00,2.1972602362673306,2.1896110046903625,0.007649231576967891,1,1.2461157198701633
2025-07-17 02:05:00+00:00,2.1976061814140273,2.1896110046903625,0.007995176723664899,1,1.2459195574780308
2025-07-17 02:10:00+00:00,2.2071773304726467,2.1896110046903625,0.01756632578228411,1,1.240516782796072
2025-07-17 02:15:00+00:00,2.207446398920078,2.1896110046903625,0.017835394229715452,1,1.2403655746286062
2025-07-17 02:20:00+00:00,2.20990645329659,2.1896110046903625,0.020295448606227635,1,1.2389848072410146
2025-07-17 02:25:00+00:00,2.2161192591231127,2.2161192591231127,0.0,0,0.0
2025-07-17 06:25:00+00:00,2.214457481320541,2.214457481320541,0.0,2,2.5014069534547385
2025-07-17 06:30:00+00:00,2.21975351601612,2.214457481320541,0.005296034695578918,2,2.4954389313668472
2025-07-17 06:35:00+00:00,2.241883597942968,2.214457481320541,0.027426116622427027,2,2.470805953969954
2025-07-17 06:40:00+00:00,2.2429689861396094,2.214457481320541,0.02851150481906818,2,2.4696103138896843
2025-07-17 06:45:00+00:00,2.240823283190523,2.214457481320541,0.026365801869981872,2,2.471975092126933
2025-07-17 06:50:00+00:00,2.2400344058406705,2.214457481320541,0.025576924520129343,2,2.4728456524872975
2025-07-17 06:55:00+00:00,2.236462934105908,2.236462934105908,0.0,0,0.0
2025-07-18 05:10:00+00:00,2.2356242605056185,2.2356242605056185,0.0,1,1.2504689258471928
2025-07-18 05:15:00+00:00,2.2505494462447757,2.2356242605056185,0.014925185739157465,1,1.242176070513374
2025-07-18 05:20:00+00:00,2.24598051183483,2.2356242605056185,0.01035625132921134,1,1.244702994038255
2025-07-18 05:25:00+00:00,2.2366903452012723,2.2356242605056185,0.0010660846956539716,1,1.2498729087064666
2025-07-18 05:30:00+00:00,2.2307507304683427,2.2356242605056185,-0.0048735300372757424,1,1.2532008303076776
2025-07-18 05:35:00+00:00,2.2354719626919537,2.2356242605056185,-0.00015229781366480876,1,1.2505541175591177
2025-07-18 05:40:00+00:00,2.2328057153276855,2.2328057153276855,0.0,0,0.0
2025-07-22 01:25:00+00:00,2.2319684131844375,2.2319684131844375,0.0,1,1.2504689258471928
2025-07-22 01:30:00+00:00,2.2451839416728014,2.2319684131844375,0.013215528488363805,1,1.243108456441272
2025-07-22 01:35:00+00:00,2.254884701946175,2.2319684131844375,0.022916288761737732,1,1.237760468085445
2025-07-22 01:40:00+00:00,2.269927909906334,2.2319684131844375,0.037959496721896274,1,1.2295576136930157
2025-07-22 01:45:00+00:00,2.259383605261363,2.2319684131844375,0.027415192076925395,1,1.235295829207695
2025-07-22 01:50:00+00:00,2.2669755046057425,2.2319684131844375,0.03500709142130477,1,1.2311589333405704
2025-07-22 01:55:00+00:00,2.2711994686920804,2.2711994686920804,0.0,0,0.0
2025-07-22 05:05:00+00:00,2.270347768891321,2.270347768891321,0.0,1,1.2504689258471926
2025-07-22 05:10:00+00:00,2.2738196661683028,2.270347768891321,0.0034718972769817,1,1.248559583728644
2025-07-22 05:15:00+00:00,2.2898771910743423,2.270347768891321,0.019529422183021197,1,1.2398041899064143
2025-07-22 05:20:00+00:00,2.305211404047677,2.270347768891321,0.03486363515635583,1,1.231557041093999
2025-07-22 05:25:00+00:00,2.302607481089941,2.270347768891321,0.032259712198619714,1,1.2329497576900332
2025-07-22 05:30:00+00:00,2.2962423360821416,2.270347768891321,0.025894567190820453,1,1.2363674736130044
2025-07-22 05:35:00+00:00,2.279477773761883,2.279477773761883,0.0,0,0.0
2025-07-22 14:10:00+00:00,2.2786229695967224,2.2786229695967224,0.0,1,1.2504689258471926
2025-07-22 14:15:00+00:00,2.283362479748693,2.2786229695967224,0.004739510151970754,1,1.2478733632848136
2025-07-22 14:20:00+00:00,2.2792979761290475,2.2786229695967224,0.0006750065323251987,1,1.2500986036241852
2025-07-22 14:25:00+00:00,2.279428155960282,2.2786229695967224,0.0008051863635592899,1,1.2500272095665044
2025-07-22 14:30:00+00:00,2.284201416438868,2.2786229695967224,0.005578446842145798,1,1.2474150469815237
2025-07-22 14:35:00+00:00,2.2865446534010836,2.2786229695967224,0.007921683804361338,1,1.2461367036782502
2025-07-22 14:40:00+00:00,2.287558170887895,2.287558170887895,0.0,0,0.0
2025-07-22 18:55:00+00:00,2.286700336573812,2.286700336573812,0.0,1,1.2504689258471926
2025-07-22 19:00:00+00:00,2.2803613126081923,2.286700336573812,-0.006339023965619753,1,1.2539450208174858
2025-07-22 19:05:00+00:00,2.277123908034995,2.286700336573812,-0.009576428538816765,1,1.2557277640975542
2025-07-22 19:10:00+00:00,2.2808973067428275,2.286700336573812,-0.0058030298309844,1,1.2536503529364171
2025-07-22 19:15:00+00:00,2.2826625140928933,2.286700336573812,-0.004037822480918856,1,1.2526808917025494
2025-07-22 19:20:00+00:00,2.2797252662350918,2.286700336573812,-0.006975070338720375,1,1.2542948731415229
2025-07-22 19:25:00+00:00,2.273555134497735,2.273555134497735,0.0,0,0.0
2025-07-29 20:20:00+00:00,2.2727025513222987,2.2727025513222987,0.0,1,1.2504689258471926
2025-07-29 20:25:00+00:00,2.273378936037785,2.2727025513222987,0.0006763847154863837,1,1.2500968813739963
2025-07-29 20:30:00+00:00,2.2693761879179246,2.2727025513222987,-0.0033263634043742907,1,1.2523018145922982
2025-07-29 20:35:00+00:00,2.26109772213231,2.2727025513222987,-0.011604829189988876,1,1.2568868166573963
2025-07-29 20:40:00+00:00,2.2584332494852326,2.2727025513222987,-0.014269301837065906,1,1.25836967675265
2025-07-29 20:45:00+00:00,2.261196764179934,2.2727025513222987,-0.011505787142364504,1,1.2568317641091504
2025-07-29 20:50:00+00:00,2.2600470548616234,2.2600470548616234,0.0,0,0.0
2025-07-31 13:40:00+00:00,2.2591995372160505,2.2591995372160505,0.0,1,1.2504689258471926
2025-07-31 13:45:00+00:00,2.257299654466472,2.2591995372160505,-0.0018998827495785833,1,1.2515213976962005
2025-07-31 13:50:00+00:00,2.2585312367513746,2.2591995372160505,-0.0006683004646758615,1,1.250838940195725
2025-07-31 13:55:00+00:00,2.2648299686309454,2.2591995372160505,0.005630431414894776,1,1.2473602246992226
2025-07-31 14:00:00+00:00,2.2626317374596363,2.2591995372160505,0.003432200243585976,1,1.2485720817073203
2025-07-31 14:05:00+00:00,2.2596172250064726,2.2591995372160505,0.0004176877904221782,1,1.2502377780240796
2025-07-31 14:10:00+00:00,2.2575763136739786,2.2575763136739786,0.0,0,0.0
2025-08-01 00:20:00+00:00,2.255037492617051,2.255037492617051,0.0,3,3.7528142588017888
2025-08-01 00:25:00+00:00,2.2585996658307166,2.255037492617051,0.003562173213665533,3,3.7468954699917103
2025-08-01 00:30:00+00:00,2.2412755497143637,2.255037492617051,-0.013761942902687103,3,3.775857394020304
2025-08-01 00:35:00+00:00,2.216265420033978,2.255037492617051,-0.03877207258307282,3,3.818467219642022
2025-08-01 00:40:00+00:00,2.2447150985998223,2.255037492617051,-0.01032239401722847,3,3.770071694935661
2025-08-01 00:45:00+00:00,2.212271052672152,2.255037492617051,-0.04276643994489916,3,3.825361655482476
2025-08-01 00:50:00+00:00,2.18151515890305,2.18151515890305,0.0,0,0.0
2025-08-01 09:05:00+00:00,2.180697090718461,2.180697090718461,0.0,1,1.2504689258471928
2025-08-01 09:10:00+00:00,2.177459467657307,2.180697090718461,-0.003237623061154268,1,1.2523282243056553
2025-08-01 09:15:00+00:00,2.1780140824423064,2.180697090718461,-0.002683008276154486,1,1.2520093284112388
2025-08-01 09:20:00+00:00,2.1818466128155767,2.180697090718461,0.0011495220971157918,1,1.2498101070037533
2025-08-01 09:25:00+00:00,2.1848116687815384,2.180697090718461,0.004114578063077515,1,1.248113962220639
2025-08-01 09:30:00+00:00,2.1854397581748075,2.180697090718461,0.004742667456346463,1,1.2477552576906563
2025-08-01 09:35:00+00:00,2.1812845206856033,2.1812845206856033,0.0,0,0.0
2025-08-01 14:10:00+00:00,2.180466538990346,2.180466538990346,0.0,1,1.2504689258471926
2025-08-01 14:15:00+00:00,2.184127470355378,2.180466538990346,0.003660931365031587,1,1.248372948861524
2025-08-01 14:20:00+00:00,2.1876863134916826,2.180466538990346,0.007219774501336474,1,1.2463421442287002
2025-08-01 14:25:00+00:00,2.193481601080556,2.180466538990346,0.013015062090209825,1,1.2430492462365856
2025-08-01 14:30:00+00:00,2.2007678516378073,2.180466538990346,0.020301312647461347,1,1.2389337879630826
2025-08-01 14:35:00+00:00,2.2020024069619426,2.180466538990346,0.021535867971596456,1,1.2382391782299846
2025-08-01 14:40:00+00:00,2.1974451471214684,2.1974451471214684,0.0,0,0.0
2025-08-03 00:45:00+00:00,2.196621105191298,2.196621105191298,0.0,1,1.2504689258471928
2025-08-03 00:50:00+00:00,2.2002517028191892,2.196621105191298,0.0036305976278915024,1,1.24840554850263
2025-08-03 00:55:00+00:00,2.2057840420616905,2.196621105191298,0.00916293687039284,1,1.2452744155925914
2025-08-03 01:00:00+00:00,2.2085502116829407,2.196621105191298,0.011929106491642898,1,1.2437147316694863
2025-08-03 01:05:00+00:00,2.202153444433799,2.196621105191298,0.0055323392425013366,1,1.2473274470699174
2025-08-03 01:10:00+00:00,2.204746728453722,2.196621105191298,0.008125623262423838,1,1.2458603060625844
2025-08-03 01:15:00+00:00,2.210492339374021,2.210492339374021,0.0,0,0.0
2025-08-06 15:00:00+00:00,2.2096634047467556,2.2096634047467556,0.0,1,1.2504689258471926
2025-08-06 15:05:00+00:00,2.204391190477661,2.2096634047467556,-0.005272214269094493,1,1.2534596564137046
2025-08-06 15:10:00+00:00,2.203944840066168,2.2096634047467556,-0.005718564680587661,1,1.253713511330243
2025-08-06 15:15:00+00:00,2.205893423583011,2.2096634047467556,-0.003769981163744608,1,1.2526060392026668
2025-08-06 15:20:00+00:00,2.2064141657297536,2.2096634047467556,-0.003249239017002118,1,1.252310408052356
2025-08-06 15:25:00+00:00,2.203121731511639,2.2096634047467556,-0.00654167323511638,1,1.2541819113743005
2025-08-06 15:30:00+00:00,2.2028927302331556,2.2028927302331556,0.0,0,0.0
2025-08-07 10:05:00+00:00,2.2020666454593183,2.2020666454593183,0.0,1,1.2504689258471926
2025-08-07 10:10:00+00:00,2.1993060550389836,2.2020666454593183,-0.0027605904203346454,1,1.252038526644549
2025-08-07 10:15:00+00:00,2.2200762115348365,2.2020666454593183,0.01800956607551827,1,1.2403249485240637
2025-08-07 10:20:00+00:00,2.217074617188917,2.2020666454593183,0.015007971729598661,1,1.242004166861475
2025-08-07 10:25:00+00:00,2.215446014903905,2.2020666454593183,0.013379369444586372,1,1.2429171797764988
2025-08-07 10:30:00+00:00,2.2220407586858157,2.2020666454593183,0.01997411322649739,1,1.239228354397972
2025-08-07 10:35:00+00:00,2.2231061895703554,2.2231061895703554,0.0,0,0.0
2025-08-08 00:40:00+00:00,2.2214391725524854,2.2214391725524854,0.0,2,2.5014069534547385
2025-08-08 00:45:00+00:00,2.2174660942695237,2.2214391725524854,-0.003973078282961654,2,2.5058887742452813
2025-08-08 00:50:00+00:00,2.20254788142172,2.2214391725524854,-0.018891291130765337,2,2.5228615639959324
2025-08-08 00:55:00+00:00,2.19909819779984,2.2214391725524854,-0.022340974752645314,2,2.526819129067967
2025-08-08 01:00:00+00:00,2.1947974218583752,2.2214391725524854,-0.026641750694110098,2,2.5317705121935803
2025-08-08 01:05:00+00:00,2.182168039246787,2.2214391725524854,-0.039271133305698425,2,2.5464232327486234
2025-08-08 01:10:00+00:00,2.1827607695535844,2.1827607695535844,0.0,0,0.0
2025-08-08 03:25:00+00:00,2.181942234265002,2.181942234265002,0.0,1,1.2504689258471928
2025-08-08 03:30:00+00:00,2.1804996283461784,2.181942234265002,-0.0014426059188234865,1,1.2512962288424703
2025-08-08 03:35:00+00:00,2.1725618445823165,2.181942234265002,-0.009380389682685489,1,1.2558680291407476
2025-08-08 03:40:00+00:00,2.17038067965242,2.181942234265002,-0.01156155461258183,1,1.2571301373632455
2025-08-08 03:45:00+00:00,2.165196961733585,2.181942234265002,-0.016745272531416767,1,1.2601398441633787
2025-08-08 03:50:00+00:00,2.1644376954605202,2.181942234265002,-0.01750453880448174,1,1.2605818904671484
2025-08-08 03:55:00+00:00,2.166780468836154,2.166780468836154,0.0,0,0.0
2025-08-10 03:10:00+00:00,2.1659679261603406,2.1659679261603406,0.0,1,1.2504689258471928
2025-08-10 03:15:00+00:00,2.1660759246438834,2.1659679261603406,0.00010799848354276161,1,1.2504065786569707
2025-08-10 03:20:00+00:00,2.166944508192375,2.1659679261603406,0.0009765820320342539,1,1.2499053740441897
2025-08-10 03:25:00+00:00,2.173233696478677,2.1659679261603406,0.007265770318336725,1,1.2462882341801418
2025-08-10 03:30:00+00:00,2.176742498273775,2.1659679261603406,0.010774572113434617,1,1.2442792788734076
2025-08-10 03:35:00+00:00,2.176583947308574,2.1659679261603406,0.010616021148233427,1,1.2443699170869664
2025-08-10 03:40:00+00:00,2.175810467914042,2.175810467914042,0.0,0,0.0
2025-08-11 01:35:00+00:00,2.174994538988574,2.174994538988574,0.0,1,1.2504689258471928
2025-08-11 01:40:00+00:00,2.1747356082468245,2.174994538988574,-0.00025893074174974424,1,1.2506178105416248
2025-08-11 01:45:00+00:00,2.1748264611386663,2.174994538988574,-0.0001680778499080148,1,1.250565566260664
2025-08-11 01:50:00+00:00,2.172230339754281,2.174994538988574,-0.0027641992342928774,1,1.2520601683522234
2025-08-11 01:55:00+00:00,2.1739497307323914,2.174994538988574,-0.0010448082561829084,1,1.251069905823572
2025-08-11 02:00:00+00:00,2.181956141825966,2.174994538988574,0.006961602837392072,1,1.2464792636100026
2025-08-11 02:05:00+00:00,2.195299636094072,2.195299636094072,0.0,0,0.0
2025-08-12 12:35:00+00:00,2.1928308500297327,2.1928308500297327,0.0,3,3.7528142588017888
2025-08-12 12:40:00+00:00,2.214769937261328,2.1928308500297327,0.021939087231595284,3,3.715639598805439
2025-08-12 12:45:00+00:00,2.2443315095970586,2.1928308500297327,0.051500659567326135,3,3.6666984560625324
2025-08-12 12:50:00+00:00,2.245158676496152,2.1928308500297327,0.05232782646641948,3,3.6653475619704743
2025-08-12 12:55:00+00:00,2.23829203456453,2.1928308500297327,0.045461184534797396,3,3.676592130987534
2025-08-12 13:00:00+00:00,2.243539194978283,2.1928308500297327,0.05070834494855057,3,3.6679933649261187
2025-08-12 13:05:00+00:00,2.198801088123723,2.198801088123723,0.0,0,0.0
2025-08-12 20:20:00+00:00,2.1971522965140333,2.1971522965140333,0.0,2,2.501406953454738
2025-08-12 20:25:00+00:00,2.200144242157655,2.1971522965140333,0.002991945643621992,2,2.498005324827892
2025-08-12 20:30:00+00:00,2.199703076927057,2.1971522965140333,0.0025507804130236807,2,2.498506316578425
2025-08-12 20:35:00+00:00,2.1999345293639343,2.1971522965140333,0.002782232849901081,2,2.4982434517668564
2025-08-12 20:40:00+00:00,2.194678417391828,2.1971522965140333,-0.0024738791222055564,2,2.504226582239189
2025-08-12 20:45:00+00:00,2.194884639436882,2.1971522965140333,-0.002267657077151127,2,2.5039912957381176
2025-08-12 20:50:00+00:00,2.1902354002640254,2.1902354002640254,0.0,0,0.0
2025-08-13 07:05:00+00:00,2.189414061988926,2.189414061988926,0.0,1,1.2504689258471928
2025-08-13 07:10:00+00:00,2.1896399952124512,2.189414061988926,0.00022593322352487517,1,1.2503398989405086
2025-08-13 07:15:00+00:00,2.204680692664279,2.189414061988926,0.015266630675352626,1,1.241809872712907
2025-08-13 07:20:00+00:00,2.193835897935064,2.189414061988926,0.00442183594613795,1,1.24794851470293
2025-08-13 07:25:00+00:00,2.1878648055990384,2.189414061988926,-0.001549256389887811,1,1.2513543996519578
2025-08-13 07:30:00+00:00,2.190382347232606,2.189414061988926,0.000968285243679426,1,1.2499161408002775
2025-08-13 07:35:00+00:00,2.192594969387704,2.192594969387704,0.0,0,0.0
2025-08-13 13:50:00+00:00,2.1917727462741836,2.1917727462741836,0.0,1,1.2504689258471928
2025-08-13 13:55:00+00:00,2.2125446871754892,2.1917727462741836,0.02077194090130558,1,1.2387292006442745
2025-08-13 14:00:00+00:00,2.208333240687978,2.1917727462741836,0.016560494413794646,1,1.2410915441732817
2025-08-13 14:05:00+00:00,2.210001969753191,2.1917727462741836,0.018229223479007545,1,1.2401544203332593
2025-08-13 14:10:00+00:00,2.2158979948357067,2.1917727462741836,0.0241252485615231,1,1.2368546377685752
2025-08-13 14:15:00+00:00,2.2147341865052868,2.1917727462741836,0.022961440231103337,1,1.2375045856222384
2025-08-13 14:20:00+00:00,2.210653752910299,2.210653752910299,0.0,0,0.0
2025-08-14 17:25:00+00:00,2.209824757752958,2.209824757752958,0.0,1,1.2504689258471928
2025-08-14 17:30:00+00:00,2.2191096773604846,2.209824757752958,0.009284919607526573,1,1.2452368710431185
2025-08-14 17:35:00+00:00,2.2177597422402413,2.209824757752958,0.007934984487283428,1,1.2459948381723915
2025-08-14 17:40:00+00:00,2.2062688310947567,2.209824757752958,-0.003555926658201275,1,1.252484353761508
2025-08-14 17:45:00+00:00,2.2020873247466857,2.209824757752958,-0.007737433006272349,1,1.2548626751011107
2025-08-14 17:50:00+00:00,2.1925060779176424,2.209824757752958,-0.01731867983531539,1,1.2603464222832925
2025-08-14 17:55:00+00:00,2.1861127160451526,2.1861127160451526,0.0,0,0.0
2025-08-17 08:55:00+00:00,2.1852929237766356,2.1852929237766356,0.0,1,1.2504689258471926
2025-08-17 09:00:00+00:00,2.1893921628290824,2.1852929237766356,0.004099239052446644,1,1.2481276499708414
2025-08-17 09:05:00+00:00,2.1951878469091253,2.1852929237766356,0.009894923132489594,1,1.2448323722746832
2025-08-17 09:10:00+00:00,2.19449960942462,2.1852929237766356,0.009206685647984544,1,1.245222775762041
2025-08-17 09:15:00+00:00,2.1956466718987957,2.1852929237766356,0.010353748122160033,1,1.244572239254348
2025-08-17 09:20:00+00:00,2.2017442145246733,2.1852929237766356,0.016451290748037774,1,1.2411255026944084
2025-08-17 09:25:00+00:00,2.2009727196234903,2.2009727196234903,0.0,0,0.0
2025-08-18 09:40:00+00:00,2.2001473548536317,2.2001473548536317,0.0,1,1.2504689258471926
2025-08-18 09:45:00+00:00,2.2118930323544985,2.2001473548536317,0.011745677500866782,1,1.2438286387659399
2025-08-18 09:50:00+00:00,2.2254462319680393,2.2001473548536317,0.02529887711440758,1,1.2362535926542548
2025-08-18 09:55:00+00:00,2.2136748246150346,2.2001473548536317,0.013527469761402922,1,1.24282747806368
2025-08-18 10:00:00+00:00,2.2092685874364513,2.2001473548536317,0.00912123258281972,1,1.245306213637775
2025-08-18 10:05:00+00:00,2.209172100490935,2.2001473548536317,0.009024745637302982,1,1.2453606031499185
2025-08-18 10:10:00+00:00,2.205214126223309,2.205214126223309,0.0,0,0.0
2025-08-22 12:45:00+00:00,2.2043871709259752,2.2043871709259752,0.0,1,1.2504689258471926
2025-08-22 12:50:00+00:00,2.213569644487579,2.2043871709259752,0.009182473561603828,1,1.2452816493231433
2025-08-22 12:55:00+00:00,2.2069363572209593,2.2043871709259752,0.002549186294983855,1,1.249024535193315
2025-08-22 13:00:00+00:00,2.205801748291978,2.2043871709259752,0.0014145773660026479,1,1.2496670019930827
2025-08-22 13:05:00+00:00,2.2104261392297957,2.2043871709259752,0.006038968303820235,1,1.2470525971700739
2025-08-22 13:10:00+00:00,2.2035472656149113,2.2043871709259752,-0.0008399053110640148,1,1.2509455552839779
2025-08-22 13:15:00+00:00,2.201445717170085,2.201445717170085,0.0,0,0.0
2025-08-23 04:40:00+00:00,2.2006201750261463,2.2006201750261463,0.0,1,1.2504689258471928
2025-08-23 04:45:00+00:00,2.2080461792975483,2.2006201750261463,0.007426004271402077,1,1.2462634034846347
2025-08-23 04:50:00+00:00,2.200080101988226,2.2006201750261463,-0.0005400730379199344,1,1.250775889466834
2025-08-23 04:55:00+00:00,2.1991349741718658,2.2006201750261463,-0.0014852008542806598,1,1.2513134385936733
2025-08-23 05:00:00+00:00,2.2123667636009094,2.2006201750261463,0.011746588574763385,1,1.2438295456869406
2025-08-23 05:05:00+00:00,2.217902512239591,2.2006201750261463,0.01728233721344462,1,1.2407250234294067
2025-08-23 05:10:00+00:00,2.2216675909179737,2.2216675909179737,0.0,0,0.0
2025-08-24 19:45:00+00:00,2.2208344655713796,2.2208344655713796,0.0,1,1.2504689258471926
2025-08-24 19:50:00+00:00,2.2114093943844457,2.2208344655713796,-0.009425071186933904,1,1.2557984494863192
2025-08-24 19:55:00+00:00,2.200041994338042,2.2208344655713796,-0.020792471233337793,1,1.2622870362449825
2025-08-24 20:00:00+00:00,2.214370649858719,2.2208344655713796,-0.006463815712660721,1,1.2541190829207614
2025-08-24 20:05:00+00:00,2.2009972380394203,2.2208344655713796,-0.019837227531959486,1,1.2617391974199874
2025-08-24 20:10:00+00:00,2.196221019532528,2.2208344655713796,-0.024613446038851638,1,1.2644831571817747
2025-08-24 20:15:00+00:00,2.1965660280843005,2.1965660280843005,0.0,0,0.0
2025-08-25 01:25:00+00:00,2.195742315823769,2.195742315823769,0.0,1,1.2504689258471926
2025-08-25 01:30:00+00:00,2.196535261781154,2.195742315823769,0.000792945957384857,1,1.2500175084277507
2025-08-25 01:35:00+00:00,2.18754854093079,2.195742315823769,-0.00819377489297899,1,1.2551527354620857
2025-08-25 01:40:00+00:00,2.18437675710125,2.195742315823769,-0.011365558722519029,1,1.2569752567542571
2025-08-25 01:45:00+00:00,2.1738041443361156,2.195742315823769,-0.021938171487653504,1,1.2630887388173235
2025-08-25 01:50:00+00:00,2.187812856249918,2.195742315823769,-0.007929459573850705,1,1.2550010972198655
2025-08-25 01:55:00+00:00,2.188442878244593,2.188442878244593,0.0,0,0.0
2025-08-27 02:25:00+00:00,2.1876222121652513,2.1876222121652513,0.0,1,1.2504689258471926
2025-08-27 02:30:00+00:00,2.176076892252892,2.1876222121652513,-0.011545319912358971,1,1.2571033714592792
2025-08-27 02:35:00+00:00,2.1845984379024905,2.1876222121652513,-0.003023774262760647,1,1.2521997408513401
2025-08-27 02:40:00+00:00,2.1914706521360374,2.1876222121652513,0.003848439970786223,1,1.2482729783031241
2025-08-27 02:45:00+00:00,2.1910583192820248,2.1876222121652513,0.003436107116773283,1,1.2485078894212815
2025-08-27 02:50:00+00:00,2.1852856593258454,2.1876222121652513,-0.0023365528394057476,1,1.2518059532087225
2025-08-27 02:55:00+00:00,2.1813037746990718,2.1813037746990718,0.0,0,0.0
2025-08-27 03:50:00+00:00,2.1804857857835596,2.1804857857835596,0.0,1,1.2504689258471926
2025-08-27 03:55:00+00:00,2.1906471387712885,2.1804857857835596,0.010161352987728795,1,1.2446686050511897
2025-08-27 04:00:00+00:00,2.189427776412761,2.1804857857835596,0.008941990629201292,1,1.245361800808634
2025-08-27 04:05:00+00:00,2.199724614106992,2.1804857857835596,0.019238828323432603,1,1.239532303674636
2025-08-27 04:10:00+00:00,2.224247345984044,2.1804857857835596,0.04376156020048459,1,1.2258662343901923
2025-08-27 04:15:00+00:00,2.2253312236360685,2.1804857857835596,0.044845437852508975,1,1.2252691596708363
2025-08-27 04:20:00+00:00,2.2277648676766297,2.2277648676766297,0.0,0,0.0
2025-08-28 17:05:00+00:00,2.226929455851251,2.226929455851251,0.0,1,1.2504689258471926
2025-08-28 17:10:00+00:00,2.2328819950915455,2.226929455851251,0.0059525392402942565,1,1.2471353572276969
2025-08-28 17:15:00+00:00,2.2286802026866317,2.226929455851251,0.0017507468353807364,1,1.2494866159976101
2025-08-28 17:20:00+00:00,2.2184622075201372,2.226929455851251,-0.00846724833111387,1,1.2552416151855992
2025-08-28 17:25:00+00:00,2.2342507607992066,2.226929455851251,0.007321304947955245,1,1.2463713265558782
2025-08-28 17:30:00+00:00,2.239089188416986,2.226929455851251,0.0121597325657346,1,1.2436780540057661
2025-08-28 17:35:00+00:00,2.23217391030874,2.23217391030874,0.0,0,0.0
2025-08-29 12:35:00+00:00,2.231336845092374,2.231336845092374,0.0,1,1.2504689258471928
2025-08-29 12:40:00+00:00,2.223848973571211,2.231336845092374,-0.007487871521162855,1,1.2546793514512813
2025-08-29 12:45:00+00:00,2.2120260185377965,2.231336845092374,-0.01931082655457776,1,1.2613854287890913
2025-08-29 12:50:00+00:00,2.220170720894149,2.231336845092374,-0.011166124198225257,1,1.2567580328967658
2025-08-29 12:55:00+00:00,2.224374438239363,2.231336845092374,-0.006962406853010951,1,1.2543829581562886
2025-08-29 13:00:00+00:00,2.2234548750700975,2.231336845092374,-0.007881970022276396,1,1.2549017383579504
2025-08-29 13:05:00+00:00,2.2140790089962654,2.2140790089962654,0.0,0,0.0
2025-09-01 00:45:00+00:00,2.213248729367892,2.213248729367892,0.0,1,1.2504689258471926
2025-09-01 00:50:00+00:00,2.2128949809787017,2.213248729367892,-0.0003537483891900848,1,1.2506688229828693
2025-09-01 00:55:00+00:00,2.21903733937282,2.213248729367892,0.0057886100049284375,1,1.2472069361516713
2025-09-01 01:00:00+00:00,2.216400305926131,2.213248729367892,0.0031515765582389933,1,1.2486908406597068
2025-09-01 01:05:00+00:00,2.21919813409518,2.213248729367892,0.005949404727287902,1,1.2471165682435776
2025-09-01 01:10:00+00:00,2.213120093590004,2.213248729367892,-0.00012863577788769462,1,1.2505416083208942
2025-09-01 01:15:00+00:00,2.214637416908074,2.214637416908074,0.0,0,0.0
2025-09-03 01:55:00+00:00,2.2138069278767336,2.2138069278767336,0.0,1,1.2504689258471926
2025-09-03 02:00:00+00:00,2.232927731564372,2.2138069278767336,0.01912080368763808,1,1.2397610240594958
2025-09-03 02:05:00+00:00,2.2308178497781497,2.2138069278767336,0.0170109219014161,1,1.2409335757333992
2025-09-03 02:10:00+00:00,2.2247519396427604,2.2138069278767336,0.010945011766026984,1,1.24431705027735
2025-09-03 02:15:00+00:00,2.229894776496678,2.2138069278767336,0.016087848619944136,1,1.2414472648275727
2025-09-03 02:20:00+00:00,2.2339826724574827,2.2138069278767336,0.020175744580749073,1,1.2391755787836258
2025-09-03 02:25:00+00:00,2.2274818761256703,2.2274818761256703,0.0,0,0.0
2025-09-03 13:45:00+00:00,2.226646570422123,2.226646570422123,0.0,1,1.2504689258471928
2025-09-03 13:50:00+00:00,2.236382861366839,2.226646570422123,0.009736290944716102,1,1.2450248985790113
2025-09-03 13:55:00+00:00,2.2287765809977307,2.226646570422123,0.002130010575607746,1,1.2492738702013142
2025-09-03 14:00:00+00:00,2.2260857096492557,2.226646570422123,-0.0005608607728672088,1,1.2507839806382808
2025-09-03 14:05:00+00:00,2.2309696096377056,2.226646570422123,0.00432303921558242,1,1.248045842098785
2025-09-03 14:10:00+00:00,2.2429178346417067,2.226646570422123,0.016271264219583585,1,1.2413973896649104
2025-09-03 14:15:00+00:00,2.2252378003328355,2.2252378003328355,0.0,0,0.0
2025-09-04 23:00:00+00:00,2.2244033361577107,2.2244033361577107,0.0,1,1.2504689258471926
2025-09-04 23:05:00+00:00,2.228022058630301,2.2244033361577107,0.0036187224725903106,1,1.2484379315912288
2025-09-04 23:10:00+00:00,2.2251520373589364,2.2244033361577107,0.0007487012012258158,1,1.25004817815393
2025-09-04 23:15:00+00:00,2.222306972794279,2.2244033361577107,-0.0020963633634317903,1,1.2516485276192915
2025-09-04 23:20:00+00:00,2.2172781963927135,2.2244033361577107,-0.007125139764997151,1,1.2544872605256927
2025-09-04 23:25:00+00:00,2.217667521017351,2.2244033361577107,-0.0067358151403598,1,1.254267027881625
2025-09-04 23:30:00+00:00,2.2135562412515286,2.2135562412515286,0.0,0,0.0
2025-09-07 08:10:00+00:00,2.2127261576610593,2.2127261576610593,0.0,1,1.2504689258471926
2025-09-07 08:15:00+00:00,2.2149489607632153,2.2127261576610593,0.0022228031021560416,1,1.249214022796711
2025-09-07 08:20:00+00:00,2.2168859748950944,2.2127261576610593,0.004159817234035316,1,1.2481225164029222
2025-09-07 08:25:00+00:00,2.217203518195403,2.2127261576610593,0.0044773605343435855,1,1.2479437628785859
2025-09-07 08:30:00+00:00,2.2139963308622916,2.2127261576610593,0.0012701732012324624,1,1.2497515298441169
2025-09-07 08:35:00+00:00,2.2108844065192725,2.2127261576610593,-0.001841751141786917,1,1.2515106142164067
2025-09-07 08:40:00+00:00,2.2111022158198197,2.2111022158198197,0.0,0,0.0
2025-09-09 06:15:00+00:00,2.2102730524888874,2.2102730524888874,0.0,1,1.2504689258471926
2025-09-09 06:20:00+00:00,2.2232633544203693,2.2102730524888874,0.012990301931481863,1,1.2431625629413343
2025-09-09 06:25:00+00:00,2.2202068127894328,2.2102730524888874,0.009933760300545172,1,1.244874015273506
2025-09-09 06:30:00+00:00,2.222244507210057,2.2102730524888874,0.011971454721169632,1,1.2437325239447738
2025-09-09 06:35:00+00:00,2.2301405730899777,2.2102730524888874,0.019867520601090344,1,1.2393289477466776
2025-09-09 06:40:00+00:00,2.2373998594634528,2.2102730524888874,0.027126806974565446,1,1.235307921418023
2025-09-09 06:45:00+00:00,2.2327500190938494,2.2327500190938494,0.0,0,0.0
2025-09-09 14:15:00+00:00,2.2319127378366894,2.2319127378366894,0.0,1,1.2504689258471926
2025-09-09 14:20:00+00:00,2.2217834566134838,2.2319127378366894,-0.010129281223205708,1,1.2561699096100714
2025-09-09 14:25:00+00:00,2.2125517066379037,2.2319127378366894,-0.01936103119878554,1,1.2614112092812049
2025-09-09 14:30:00+00:00,2.2131928003862082,2.2319127378366894,-0.018719937450481033,1,1.261045817327928
2025-09-09 14:35:00+00:00,2.178958394226766,2.2319127378366894,-0.05295434360992334,1,1.2808585658459601
2025-09-09 14:40:00+00:00,2.194216425436405,2.2319127378366894,-0.037696312400284364,1,1.271951796328489
2025-09-09 14:45:00+00:00,2.1894043629397593,2.1894043629397593,0.0,0,0.0
2025-09-10 12:35:00+00:00,2.187762617552543,2.187762617552543,0.0,2,2.501406953454738
2025-09-10 12:40:00+00:00,2.165931255867101,2.187762617552543,-0.02183136168544205,2,2.5266197203767837
2025-09-10 12:45:00+00:00,2.1876664076583325,2.187762617552543,-9.620989421061212e-05,2,2.501516961131195
2025-09-10 12:50:00+00:00,2.164239674225748,2.187762617552543,-0.023522943326795265,2,2.5285945402567487
2025-09-10 12:55:00+00:00,2.176567621545293,2.187762617552543,-0.011194996007250015,2,2.5142727337683093
2025-09-10 13:00:00+00:00,2.1771608571932486,2.187762617552543,-0.010601760359294578,2,2.5135876414337552
2025-09-10 13:05:00+00:00,2.179078853007885,2.179078853007885,0.0,0,0.0
2025-09-11 22:25:00+00:00,2.178261698438007,2.178261698438007,0.0,1,1.2504689258471926
2025-09-11 22:30:00+00:00,2.178737893254701,2.178261698438007,0.00047619481669375666,1,1.2501956176981177
2025-09-11 22:35:00+00:00,2.1804886791727944,2.178261698438007,0.0022269807347873576,1,1.2491917946087179
2025-09-11 22:40:00+00:00,2.1818722501824923,2.178261698438007,0.003610551744485161,1,1.24839965586071
2025-09-11 22:45:00+00:00,2.181140189494142,2.178261698438007,0.0028784910561346425,1,1.2488186588738166
2025-09-11 22:50:00+00:00,2.1840944926603973,2.178261698438007,0.005832794222390367,1,1.2471294513187459
2025-09-11 22:55:00+00:00,2.182595029099435,2.182595029099435,0.0,0,0.0
2025-09-12 17:30:00+00:00,2.1817765559635225,2.1817765559635225,0.0,1,1.2504689258471928
2025-09-12 17:35:00+00:00,2.1790089406168947,2.1817765559635225,-0.0027676153466277007,1,1.2520571786189671
2025-09-12 17:40:00+00:00,2.182847890936411,2.1817765559635225,0.0010713349728884549,1,1.2498551995777936
2025-09-12 17:45:00+00:00,2.1887699925920985,2.1817765559635225,0.006993436628575933,1,1.2464734968078175
2025-09-12 17:50:00+00:00,2.18624045168389,2.1817765559635225,0.004463895720367553,1,1.2479157012546085
2025-09-12 17:55:00+00:00,2.184871523662977,2.1817765559635225,0.003094967699454796,1,1.2486975809910978
2025-09-12 18:00:00+00:00,2.184558958708707,2.184558958708707,0.0,0,0.0
2025-09-16 16:00:00+00:00,2.183739749099191,2.183739749099191,0.0,1,1.2504689258471926
2025-09-16 16:05:00+00:00,2.1824978572336593,2.183739749099191,-0.001241891865532006,1,1.2511804716486985
2025-09-16 16:10:00+00:00,2.1822598475971913,2.183739749099191,-0.001479901501999996,1,1.2513169324874664
2025-09-16 16:15:00+00:00,2.1799504471641336,2.183739749099191,-0.003789301935057728,1,1.2526425552187255
2025-09-16 16:20:00+00:00,2.1803204225396335,2.183739749099191,-0.003419326559557729,1,1.2524299961402785
2025-09-16 16:25:00+00:00,2.1788994343139865,2.183739749099191,-0.0048403147852046045,1,1.2532467792602038
2025-09-16 16:30:00+00:00,2.181553751478274,2.181553751478274,0.0,0,0.0
2025-09-17 18:05:00+00:00,2.179100423735807,2.179100423735807,0.0,3,3.7528142588017888
2025-09-17 18:10:00+00:00,2.1520481978408,2.179100423735807,-0.02705222589500699,3,3.799988843075955
2025-09-17 18:15:00+00:00,2.105177421331374,2.179100423735807,-0.07392300240443297,3,3.8845937918072995
2025-09-17 18:20:00+00:00,2.1284397260576986,2.179100423735807,-0.05066069767810815,3,3.842137995001447
2025-09-17 18:25:00+00:00,2.1460969519131803,2.179100423735807,-0.0330034718226267,3,3.81052642298687
2025-09-17 18:30:00+00:00,2.1766627832244216,2.179100423735807,-0.002437640511385391,3,3.7570170283531694
2025-09-17 18:35:00+00:00,2.12680320588099,2.12680320588099,0.0,0,0.0
2025-09-17 21:15:00+00:00,2.126005654678784,2.126005654678784,0.0,1,1.2504689258471928
2025-09-17 21:20:00+00:00,2.126081460717857,2.126005654678784,7.580603907244383e-05,1,1.2504243400220476
2025-09-17 21:25:00+00:00,2.1266029143805665,2.126005654678784,0.0005972597017821932,1,1.2501177297246402
2025-09-17 21:30:00+00:00,2.126230775643302,2.126005654678784,0.00022512096451784454,1,1.25033652875563
2025-09-17 21:35:00+00:00,2.1256656760793087,2.126005654678784,-0.00033997859947566345,1,1.2506689256302637
2025-09-17 21:40:00+00:00,2.1281029550931194,2.126005654678784,0.0020973004143352513,1,1.2492365564310346
2025-09-17 21:45:00+00:00,2.129131640286748,2.129131640286748,0.0,0,0.0
2025-09-20 14:50:00+00:00,2.1283332159216406,2.1283332159216406,0.0,1,1.2504689258471926
2025-09-20 14:55:00+00:00,2.1347055279485794,2.1283332159216406,0.0063723120269386264,1,1.2467361495597078
2025-09-20 15:00:00+00:00,2.1318616862175483,2.1283332159216406,0.0035284702959077056,1,1.248399259466239
2025-09-20 15:05:00+00:00,2.1489510684716113,2.1283332159216406,0.020617852549970922,1,1.2384714521449298
2025-09-20 15:10:00+00:00,2.151768578334762,2.1283332159216406,0.023435362413121195,1,1.2368498067845588
2025-09-20 15:15:00+00:00,2.1626699716370457,2.1283332159216406,0.03433675571540501,1,1.2306152049375623
2025-09-20 15:20:00+00:00,2.1569211561105144,2.1569211561105144,0.0,0,0.0
2025-09-20 21:40:00+00:00,2.156112310676973,2.156112310676973,0.0,1,1.2504689258471926
2025-09-20 21:45:00+00:00,2.1718943308432133,2.156112310676973,0.015782020166240515,1,1.2413824221786116
2025-09-20 21:50:00+00:00,2.1612603172550875,2.156112310676973,0.0051480065781148035,1,1.247490375690789
2025-09-20 21:55:00+00:00,2.162794319215233,2.156112310676973,0.006682008538260176,1,1.2466055700185295
2025-09-20 22:00:00+00:00,2.166928324497659,2.156112310676973,0.010816013820686072,1,1.2442273307600837
2025-09-20 22:05:00+00:00,2.1625083188497825,2.156112310676973,0.006396008172809719,1,1.2467704385859657
2025-09-20 22:10:00+00:00,2.158995469961069,2.158995469961069,0.0,0,0.0
2025-09-21 00:45:00+00:00,2.158185846659834,2.158185846659834,0.0,1,1.2504689258471928
2025-09-21 00:50:00+00:00,2.1497901941493094,2.158185846659834,-0.008395652510524569,1,1.2553524268535672
2025-09-21 00:55:00+00:00,2.1490015116407446,2.158185846659834,-0.009184335019089081,1,1.255813140583074
2025-09-21 01:00:00+00:00,2.1614677835503113,2.158185846659834,0.0032819368904776114,1,1.2485702345368865
2025-09-21 01:05:00+00:00,2.153072131039787,2.158185846659834,-0.005113715620046957,1,1.2534388878778657
2025-09-21 01:10:00+00:00,2.1505534352866293,2.158185846659834,-0.007632411373204507,1,1.2549068966015455
2025-09-21 01:15:00+00:00,2.1469452611485527,2.1469452611485527,0.0,0,0.0
2025-09-22 06:10:00+00:00,2.1461401566756217,2.1461401566756217,0.0,1,1.2504689258471928
2025-09-22 06:15:00+00:00,2.156280011498427,2.1461401566756217,0.010139854822804896,1,1.2445886258393526
2025-09-22 06:20:00+00:00,2.1745076076679926,2.1461401566756217,0.028367450992370622,1,1.2341559840821856
2025-09-22 06:25:00+00:00,2.1743868951105783,2.1461401566756217,0.02824673843495637,1,1.2342244990853903
2025-09-22 06:30:00+00:00,2.1635227649432873,2.1461401566756217,0.017382608267665366,1,1.2404221577516141
2025-09-22 06:35:00+00:00,2.173059056979021,2.1461401566756217,0.026918900303399003,1,1.2349786665101203
2025-09-22 06:40:00+00:00,2.1749096287692056,2.1749096287692056,0.0,0,0.0
2025-09-24 04:30:00+00:00,2.171649098947324,2.171649098947324,0.0,4,5.004691017933514
2025-09-24 04:35:00+00:00,2.2000852287005666,2.171649098947324,0.028436129753242438,4,4.940005322441208
2025-09-24 04:40:00+00:00,2.228550322918561,2.171649098947324,0.056901223971236994,4,4.876907031370748
2025-09-24 04:45:00+00:00,2.2174295976704683,2.171649098947324,0.04578049872314437,4,4.90136541472296
2025-09-24 04:50:00+00:00,2.1883213170076137,2.171649098947324,0.016672218060289828,4,4.966561653965402
2025-09-24 04:55:00+00:00,2.1840157050135893,2.171649098947324,0.012366606066265157,4,4.976352832379224
2025-09-24 05:00:00+00:00,2.187304628705548,2.187304628705548,0.0,0,0.0
2025-09-25 12:35:00+00:00,2.1848448336520483,2.1848448336520483,0.0,3,3.752814258801789
2025-09-25 12:40:00+00:00,2.169528677572198,2.1848448336520483,-0.015316156079850377,3,3.7793078882802513
2025-09-25 12:45:00+00:00,2.1911787427118976,2.1848448336520483,0.006333909059849206,3,3.7419662235546336
2025-09-25 12:50:00+00:00,2.2016766095661255,2.1848448336520483,0.016831775914077078,3,3.724124064984563
2025-09-25 12:55:00+00:00,2.1920961179500766,2.1848448336520483,0.00725128429802816,3,3.740400239687648
2025-09-25 13:00:00+00:00,2.1723109082713505,2.1848448336520483,-0.01253392538069776,3,3.7744674640167233
2025-09-25 13:05:00+00:00,2.146626377386679,2.146626377386679,0.0,0,0.0
2025-09-25 21:10:00+00:00,2.1458213924951592,2.1458213924951592,0.0,1,1.2504689258471926
2025-09-25 21:15:00+00:00,2.141768816244623,2.1458213924951592,-0.004052576250536222,1,1.252835017197709
2025-09-25 21:20:00+00:00,2.1419230834976646,2.1458213924951592,-0.003898308997494512,1,1.2527447845380462
2025-09-25 21:25:00+00:00,2.1423834365702334,2.1458213924951592,-0.003437955924926014,1,1.252475596072124
2025-09-25 21:30:00+00:00,2.137978249455602,2.1458213924951592,-0.00784314303955732,1,1.2550562534565537
2025-09-25 21:35:00+00:00,2.1346676252315993,2.1458213924951592,-0.011153767263560125,1,1.2570027015059209
2025-09-25 21:40:00+00:00,2.1317812567672965,2.1317812567672965,0.0,0,0.0
2025-09-26 00:55:00+00:00,2.130981838796009,2.130981838796009,0.0,1,1.2504689258471926
2025-09-26 01:00:00+00:00,2.134807139159831,2.130981838796009,0.0038253003638222278,1,1.2482282460456091
2025-09-26 01:05:00+00:00,2.134890904861229,2.130981838796009,0.003909066065219907,1,1.2481792699062213
2025-09-26 01:10:00+00:00,2.132461699520699,2.130981838796009,0.001479860724690165,1,1.2496011401086622
2025-09-26 01:15:00+00:00,2.1393304870353003,2.130981838796009,0.008348648239291585,1,1.2455890228778623
2025-09-26 01:20:00+00:00,2.1441888977163592,2.130981838796009,0.013207058920350477,1,1.2427667048351727
2025-09-26 01:25:00+00:00,2.1412115715087348,2.1412115715087348,0.0,0,0.0
2025-09-28 22:10:00+00:00,2.1396059639379805,2.1396059639379805,0.0,2,2.501406953454738
2025-09-28 22:15:00+00:00,2.1307757952345994,2.1396059639379805,-0.008830168703381033,2,2.5117730583467752
2025-09-28 22:20:00+00:00,2.1450133234349855,2.1396059639379805,0.005407359497005036,2,2.495101162018451
2025-09-28 22:25:00+00:00,2.147099421068367,2.1396059639379805,0.00749345713038656,2,2.492676949810083
2025-09-28 22:30:00+00:00,2.149821346963853,2.1396059639379805,0.010215383025872259,2,2.489520928520988
2025-09-28 22:35:00+00:00,2.157848705391908,2.1396059639379805,0.01824274145392736,2,2.4802597246388776
2025-09-28 22:40:00+00:00,2.153224297814704,2.153224297814704,0.0,0,0.0
2025-09-29 13:45:00+00:00,2.1516096823885094,2.1516096823885094,0.0,2,2.5014069534547385
2025-09-29 13:50:00+00:00,2.145725470113421,2.1516096823885094,-0.005884212275088134,2,2.508266549290981
2025-09-29 13:55:00+00:00,2.166905931591501,2.1516096823885094,0.01529624920299192,2,2.4837494522405357
2025-09-29 14:00:00+00:00,2.164319299922794,2.1516096823885094,0.01270961753428479,2,2.4867178428058874
2025-09-29 14:05:00+00:00,2.1800872610235102,2.1516096823885094,0.028477578635000965,2,2.4687321085122007
2025-09-29 14:10:00+00:00,2.1798640301649828,2.1516096823885094,0.02825434777647333,2,2.468984921155756
2025-09-29 14:15:00+00:00,2.194900378639217,2.194900378639217,0.0,0,0.0
2025-10-01 08:30:00+00:00,2.1940772909972273,2.1940772909972273,0.0,1,1.2504689258471926
2025-10-01 08:35:00+00:00,2.196574427403379,2.1940772909972273,0.002497136406151631,1,1.2490473525826866
2025-10-01 08:40:00+00:00,2.2006743103853994,2.1940772909972273,0.006597019388172057,1,1.2467203621868679
2025-10-01 08:45:00+00:00,2.2072307841012657,2.1940772909972273,0.013153493104038393,1,1.243017038844066
2025-10-01 08:50:00+00:00,2.220663326832352,2.1940772909972273,0.02658603583512484,1,1.235498168564185
2025-10-01 08:55:00+00:00,2.2181638053866526,2.1940772909972273,0.024086514389425384,1,1.2368903805193838
2025-10-01 09:00:00+00:00,2.217717553993156,2.217717553993156,0.0,0,0.0
2025-10-01 23:20:00+00:00,2.216885909910409,2.216885909910409,0.0,1,1.2504689258471926
2025-10-01 23:25:00+00:00,2.2164665244987978,2.216885909910409,-0.0004193854116111343,1,1.2507055314622004
2025-10-01 23:30:00+00:00,2.2167148756364,2.216885909910409,-0.00017103427400876937,1,1.2505654078292705
2025-10-01 23:35:00+00:00,2.210895024449571,2.216885909910409,-0.005990885460837843,1,1.253857334624743
2025-10-01 23:40:00+00:00,2.213141899364293,2.216885909910409,-0.003744010546115739,1,1.2525843658229605
2025-10-01 23:45:00+00:00,2.215578552035107,2.216885909910409,-0.001307357875301831,1,1.2512067965024782
2025-10-01 23:50:00+00:00,2.2166025126785946,2.2166025126785946,0.0,0,0.0
2025-10-02 12:40:00+00:00,2.21577128673634,2.21577128673634,0.0,1,1.2504689258471926
2025-10-02 12:45:00+00:00,2.2171809141185808,2.21577128673634,0.0014096273822404755,1,1.2496739094246307
2025-10-02 12:50:00+00:00,2.21331749092281,2.21577128673634,-0.0024537958135304344,1,1.2518552589999272
2025-10-02 12:55:00+00:00,2.213943991981583,2.21577128673634,-0.0018272947547568897,1,1.2515010094579178
2025-10-02 13:00:00+00:00,2.213369699344374,2.21577128673634,-0.0024015873919660748,1,1.251825730545138
2025-10-02 13:05:00+00:00,2.2122211140699553,2.21577128673634,-0.003550172666384753,1,1.2524756785051758
2025-10-02 13:10:00+00:00,2.2057774828095202,2.2057774828095202,0.0,0,0.0
2025-10-02 15:10:00+00:00,2.2041234598848716,2.2041234598848716,0.0,2,2.501406953454738
2025-10-02 15:15:00+00:00,2.2192619898271517,2.2041234598848716,0.01513852994228014,2,2.4843437927119854
2025-10-02 15:20:00+00:00,2.2198312651922256,2.2041234598848716,0.01570780530735406,2,2.48370668315247
2025-10-02 15:25:00+00:00,2.2388810886106176,2.2041234598848716,0.034757628725746226,2,2.462573727955418
2025-10-02 15:30:00+00:00,2.2344244320150906,2.2041234598848716,0.030300972130219168,2,2.4674854382327562
2025-10-02 15:35:00+00:00,2.2328978777402035,2.2041234598848716,0.02877441785533176,2,2.469172371827663
2025-10-02 15:40:00+00:00,2.2272753333218325,2.2272753333218325,0.0,0,0.0
2025-10-03 21:00:00+00:00,2.2264401050718368,2.2264401050718368,0.0,1,1.2504689258471928
2025-10-03 21:05:00+00:00,2.223049175866069,2.2264401050718368,-0.0033909292057680124,1,1.252376329267501
2025-10-03 21:10:00+00:00,2.2153960370336065,2.2264401050718368,-0.011044068038230036,1,1.2567026933839627
2025-10-03 21:15:00+00:00,2.225239150978127,2.2264401050718368,-0.0012009540937095108,1,1.2511437997253072
2025-10-03 21:20:00+00:00,2.219987920333084,2.2264401050718368,-0.0064521847387528225,1,1.2541032954064764
2025-10-03 21:25:00+00:00,2.2224369247594717,2.2264401050718368,-0.004003180312365036,1,1.252721341890774
2025-10-03 21:30:00+00:00,2.2232971611123604,2.2232971611123604,0.0,0,0.0
2025-10-03 22:50:00+00:00,2.2224634246769432,2.2224634246769432,0.0,1,1.2504689258471926
2025-10-03 22:55:00+00:00,2.2158863952516197,2.2224634246769432,-0.0065770294253233485,1,1.2541804748410281
2025-10-03 23:00:00+00:00,2.203478665981152,2.2224634246769432,-0.01898475869579128,1,1.2612427314575245
2025-10-03 23:05:00+00:00,2.1808089049832287,2.2224634246769432,-0.04165451969371454,1,1.2743534956410236
2025-10-03 23:10:00+00:00,2.1872459976122687,2.2224634246769432,-0.035217427064674574,1,1.270603057188953
2025-10-03 23:15:00+00:00,2.1875958396029778,2.2224634246769432,-0.03486758507396565,1,1.270399861381537
2025-10-03 23:20:00+00:00,2.191356694645534,2.191356694645534,0.0,0,0.0
2025-10-05 02:30:00+00:00,2.190534935885042,2.190534935885042,0.0,1,1.2504689258471928
2025-10-05 02:35:00+00:00,2.217738658439702,2.188870695814692,0.028867962625009805,3,3.7365370973437786
2025-10-05 02:40:00+00:00,2.1947071805929195,2.188870695814692,0.0058364847782274715,3,3.7757486933790663
2025-10-05 02:45:00+00:00,2.178482599344048,2.188870695814692,-0.010388096470644285,3,3.8038691573522443
2025-10-05 02:50:00+00:00,2.1925271714799206,2.188870695814692,0.0036564756652286293,3,3.779502884737344
2025-10-05 02:55:00+00:00,2.1968120581124633,2.188870695814692,0.007941362297771041,3,3.7721309562518544
2025-10-05 03:00:00+00:00,2.2252126092830204,2.214597471285359,0.010615137997661311,2,2.493005332624772
2025-10-05 03:05:00+00:00,2.2441849301795576,2.2441849301795576,0.0,0,0.0
2025-10-06 00:20:00+00:00,2.2425021070704285,2.2425021070704285,0.0,2,2.5014069534547385
2025-10-06 00:25:00+00:00,2.220040380306914,2.2425021070704285,-0.022461726763514357,2,2.526715465863458
2025-10-06 00:30:00+00:00,2.2056350019688824,2.2425021070704285,-0.03686710510154592,2,2.543217875466963
2025-10-06 00:35:00+00:00,2.2093261465038,2.2425021070704285,-0.03317596056662847,2,2.538968894492837
2025-10-06 00:40:00+00:00,2.194969762568114,2.2425021070704285,-0.047532344502314736,2,2.5555752336195576
2025-10-06 00:45:00+00:00,2.205235117245747,2.2425021070704285,-0.03726698982468143,2,2.543679048050354
2025-10-06 00:50:00+00:00,2.1992772834821315,2.1992772834821315,0.0,0,0.0
2025-10-06 05:30:00+00:00,2.1984525545008258,2.1984525545008258,0.0,1,1.2504689258471928
2025-10-06 05:35:00+00:00,2.1943817949702322,2.1984525545008258,-0.004070759530593494,1,1.2527886490190088
2025-10-06 05:40:00+00:00,2.1869532337929347,2.1984525545008258,-0.01149932070789087,1,1.2570440747764773
2025-10-06 05:45:00+00:00,2.1851823384039197,2.1984525545008258,-0.013270216096906007,1,1.2580627968834097
2025-10-06 05:50:00+00:00,2.1939448207833325,2.1984525545008258,-0.004507733717493214,1,1.2530381704728193
2025-10-06 05:55:00+00:00,2.192127928111486,2.1984525545008258,-0.006324626389339948,1,1.2540767211159094
2025-10-06 06:00:00+00:00,2.18688745997835,2.18688745997835,0.0,0,0.0
2025-10-06 13:40:00+00:00,2.186067377180858,2.186067377180858,0.0,1,1.2504689258471928
2025-10-06 13:45:00+00:00,2.1777871023661697,2.186067377180858,-0.008280274814688232,1,1.2552233971827946
2025-10-06 13:50:00+00:00,2.179189836555649,2.186067377180858,-0.006877540625209207,1,1.2544154158196632
2025-10-06 13:55:00+00:00,2.1891332687848672,2.186067377180858,0.0030658916040091685,1,1.2487176381410052
2025-10-06 14:00:00+00:00,2.196851266181832,2.186067377180858,0.01078388900097384,1,1.2443306322343803
2025-10-06 14:05:00+00:00,2.2007280210092945,2.186067377180858,0.014660643828436657,1,1.242138646337249
2025-10-06 14:10:00+00:00,2.2071938698035694,2.2071938698035694,0.0,0,0.0
2025-10-07 04:40:00+00:00,2.206366172102393,2.206366172102393,0.0,1,1.2504689258471928
2025-10-07 04:45:00+00:00,2.2012826501828173,2.206366172102393,-0.005083521919575325,1,1.2533566904846711
2025-10-07 04:50:00+00:00,2.216399439048923,2.206366172102393,0.010033266946530393,1,1.244808263639685
2025-10-07 04:55:00+00:00,2.218406092438229,2.206366172102393,0.012039920335836105,1,1.2436822756026962
2025-10-07 05:00:00+00:00,2.2251841216643293,2.206366172102393,0.018817949561936335,1,1.2398939532207653
2025-10-07 05:05:00+00:00,2.2206357073152354,2.206366172102393,0.014269535212842653,1,1.2424335644814535
2025-10-07 05:10:00+00:00,2.21666425263748,2.21666425263748,0.0,0,0.0
2025-10-07 10:35:00+00:00,2.215833003542741,2.215833003542741,0.0,1,1.2504689258471926
2025-10-07 10:40:00+00:00,2.2157044376674886,2.215833003542741,-0.0001285658752524734,1,1.2505414840951226
2025-10-07 10:45:00+00:00,2.215040180645351,2.215833003542741,-0.0007928228973904577,1,1.2509165025573352
2025-10-07 10:50:00+00:00,2.207819063985333,2.215833003542741,-0.008013939557408277,1,1.2550078767755661
2025-10-07 10:55:00+00:00,2.211740323180536,2.215833003542741,-0.004092680362205377,1,1.252782836554849
2025-10-07 11:00:00+00:00,2.2143544959773376,2.215833003542741,-0.0014785075654037518,1,1.2513038543875532
2025-10-07 11:05:00+00:00,2.2092591453533887,2.2092591453533887,0.0,0,0.0
2025-10-08 00:20:00+00:00,2.2084306731738814,2.2084306731738814,0.0,1,1.2504689258471926
2025-10-08 00:25:00+00:00,2.2020056519418274,2.2084306731738814,-0.006425021232054022,1,1.2541175492698924
2025-10-08 00:30:00+00:00,2.200321423075173,2.2084306731738814,-0.008109250098708725,1,1.255077509463211
2025-10-08 00:35:00+00:00,2.1909022171912884,2.2084306731738814,-0.017528455982593057,1,1.260473383988831
2025-10-08 00:40:00+00:00,2.1986164012595473,2.2084306731738814,-0.009814271914334352,1,1.2560508191013589
2025-10-08 00:45:00+00:00,2.2135665315697297,2.2084306731738814,0.00513585839584842,1,1.247567620989188
2025-10-08 00:50:00+00:00,2.1882647584512993,2.1882647584512993,0.0,0,0.0
2025-10-08 14:05:00+00:00,2.1874441591668803,2.1874441591668803,0.0,1,1.2504689258471926
2025-10-08 14:10:00+00:00,2.182695531293812,2.1874441591668803,-0.004748627873068182,1,1.2531894205339456
2025-10-08 14:15:00+00:00,2.1764671266633644,2.1874441591668803,-0.010977032503516101,1,1.2567756776816228
2025-10-08 14:20:00+00:00,2.1850910715362923,2.1874441591668803,-0.002353087630588143,1,1.2518155346911788
2025-10-08 14:25:00+00:00,2.173628866325438,2.1874441591668803,-0.013815292841442282,1,1.2584167382209341
2025-10-08 14:30:00+00:00,2.1719550204851226,2.1874441591668803,-0.015489138681757659,1,1.2593865537110283
2025-10-08 14:35:00+00:00,2.164317744662608,2.164317744662608,0.0,0,0.0
2025-10-08 15:25:00+00:00,2.1635061255083596,2.1635061255083596,0.0,1,1.2504689258471926
2025-10-08 15:30:00+00:00,2.1597383321391304,2.1635061255083596,-0.00376779336922942,1,1.2526504440696191
2025-10-08 15:35:00+00:00,2.151838120235907,2.1635061255083596,-0.011668005272452396,1,1.2572493977993409
2025-10-08 15:40:00+00:00,2.150744244741615,2.1635061255083596,-0.012761880766744808,1,1.2578888389183065
2025-10-08 15:45:00+00:00,2.151108869906379,2.1635061255083596,-0.012397255601980671,1,1.2576756196193848
2025-10-08 15:50:00+00:00,2.1408993652929835,2.1635061255083596,-0.022606760215376217,1,1.2636732135506166
2025-10-08 15:55:00+00:00,2.1462863739397253,2.1462863739397253,0.0,0,0.0
2025-10-10 11:10:00+00:00,2.145481516549498,2.145481516549498,0.0,1,1.2504689258471926
2025-10-10 11:15:00+00:00,2.1316987375836,2.145481516549498,-0.01378277896589796,1,1.2585539973935653
2025-10-10 11:20:00+00:00,2.12763134256767,2.145481516549498,-0.017850173981828383,1,1.2609599763589343
2025-10-10 11:25:00+00:00,2.1261771961630105,2.145481516549498,-0.019304320386487498,1,1.2618223788056122
2025-10-10 11:30:00+00:00,2.128010685108016,2.145481516549498,-0.0174708314414824,1,1.2607351956451653
2025-10-10 11:35:00+00:00,2.134080165753548,2.145481516549498,-0.011401350795949622,1,1.2571495722033168
2025-10-10 11:40:00+00:00,2.134687305596831,2.134687305596831,0.0,0,0.0
2025-10-10 15:40:00+00:00,2.1338867978572322,2.1338867978572322,0.0,1,1.2504689258471926
2025-10-10 15:45:00+00:00,2.1415732577220234,2.1338867978572322,0.007686459864791189,1,1.2459807864963506
2025-10-10 15:50:00+00:00,2.135277211948708,2.1338867978572322,0.0013904140914755042,1,1.2496546664125296
2025-10-10 15:55:00+00:00,2.132581465465396,2.1338867978572322,-0.001305332391836271,1,1.2512343257253804
2025-10-10 16:00:00+00:00,2.129151329574671,2.1338867978572322,-0.004735468282561418,1,1.2532501071819457
2025-10-10 16:05:00+00:00,2.1247629050669543,2.1338867978572322,-0.00912389279027791,1,1.2558385340937392
2025-10-10 16:10:00+00:00,2.1314428699193355,2.1314428699193355,0.0,0,0.0
2025-10-10 21:05:00+00:00,2.1306435788431157,2.1306435788431157,0.0,1,1.2504689258471928
2025-10-10 21:10:00+00:00,2.1161761200182037,2.1306435788431157,-0.014467458824912006,1,1.2590178871200242
2025-10-10 21:15:00+00:00,2.064172034237319,2.1306435788431157,-0.06647154460579667,1,1.2907371784947133
2025-10-10 21:20:00+00:00,1.8627094847111652,2.1306435788431157,-0.26793409413195063,1,1.4303376931654488
2025-10-10 21:25:00+00:00,1.9785339696185242,2.1299013502687933,-0.151367380650269,2,2.5970738506607236
2025-10-10 21:30:00+00:00,1.7614536239060288,2.1299013502687933,-0.3684477263627646,2,2.9171354643705083
2025-10-10 21:35:00+00:00,1.9710367594102907,2.0442108564415604,-0.07317409703126984,1,1.2552253203442416
2025-10-10 21:40:00+00:00,1.961152676586895,2.0442108564415604,-0.0830581798546654,1,1.2615515748864927
2025-10-10 21:45:00+00:00,2.068966612268822,2.0442108564415604,0.024755755827261725,1,1.1958120701754453
2025-10-10 21:50:00+00:00,2.078167463560647,2.0442108564415604,0.03395660711908651,1,1.1905177475457367
2025-10-10 21:55:00+00:00,2.102089893276043,2.102089893276043,0.0,0,0.0
2025-10-12 14:50:00+00:00,2.101301609566064,2.101301609566064,0.0,1,1.2504689258471928
2025-10-12 14:55:00+00:00,2.137906279897868,2.101301609566064,0.03660467033180413,1,1.2290587250253924
2025-10-12 15:00:00+00:00,2.1239527503180335,2.101301609566064,0.022651140751969397,1,1.2371331547755022
2025-10-12 15:05:00+00:00,2.145336601098603,2.101301609566064,0.04403499153253859,1,1.2248019099890817
2025-10-12 15:10:00+00:00,2.1510260660754668,2.101301609566064,0.04972445650940281,1,1.2215623083494824
2025-10-12 15:15:00+00:00,2.161677971782444,2.101301609566064,0.06037636221637976,1,1.2155429258634747
2025-10-12 15:20:00+00:00,2.1903375050394693,2.1903375050394693,0.0,0,0.0
2025-10-16 09:45:00+00:00,2.1886950599269017,2.1886950599269017,0.0,2,2.501406953454738
2025-10-16 09:50:00+00:00,2.217013640665644,2.1886950599269017,0.02831858073874255,2,2.469455731562124
2025-10-16 09:55:00+00:00,2.191037712295697,2.1886950599269017,0.0023426523687955884,2,2.4987324550232652
2025-10-16 10:00:00+00:00,2.1932861899726372,2.1886950599269017,0.004591130045735723,2,2.4961708448825317
2025-10-16 10:05:00+00:00,2.193669460756839,2.1886950599269017,0.004974400829937397,2,2.495734722041632
2025-10-16 10:10:00+00:00,2.1988675553030586,2.1886950599269017,0.010172495376156747,2,2.489834837341361
2025-10-16 10:15:00+00:00,2.217040281608285,2.217040281608285,0.0,0,0.0
2025-10-18 07:05:00+00:00,2.216208891502682,2.216208891502682,0.0,1,1.2504689258471926
2025-10-18 07:10:00+00:00,2.219492422725443,2.216208891502682,0.0032835312227611963,1,1.2486189741559544
2025-10-18 07:15:00+00:00,2.210285797465072,2.216208891502682,-0.005923094037609992,1,1.2538199155913228
2025-10-18 07:20:00+00:00,2.2012773163302124,2.216208891502682,-0.014931575172469602,1,1.2589510333166196
2025-10-18 07:25:00+00:00,2.198149469777496,2.216208891502682,-0.018059421725185962,1,1.2607424518273893
2025-10-18 07:30:00+00:00,2.198913739975897,2.216208891502682,-0.017295151526784864,1,1.2603042591569478
2025-10-18 07:35:00+00:00,2.199688732602119,2.199688732602119,0.0,0,0.0
2025-10-19 08:20:00+00:00,2.198863849327393,2.198863849327393,0.0,1,1.2504689258471928
2025-10-19 08:25:00+00:00,2.165605955280073,2.198863849327393,-0.03325789404731986,1,1.2696727717471796
2025-10-19 08:30:00+00:00,2.1608248267525383,2.198863849327393,-0.038039022574854836,1,1.2724821011451382
2025-10-19 08:35:00+00:00,2.1538876402652947,2.198863849327393,-0.04497620906209848,1,1.2765804791070618
2025-10-19 08:40:00+00:00,2.152949615049058,2.198863849327393,-0.04591423427833502,1,1.2771366763685248
2025-10-19 08:45:00+00:00,2.1522215954782475,2.198863849327393,-0.04664225384914564,1,1.2775686860170432
2025-10-19 08:50:00+00:00,2.1496046640292183,2.1496046640292183,0.0,0,0.0
2025-10-20 03:55:00+00:00,2.1479927628193525,2.1479927628193525,0.0,2,2.5014069534547385
2025-10-20 04:00:00+00:00,2.1416491925347136,2.1479927628193525,-0.006343570284638965,2,2.5088161271303506
2025-10-20 04:05:00+00:00,2.1526645539019342,2.1479927628193525,0.0046717910825818795,2,2.495978308904488
2025-10-20 04:10:00+00:00,2.148308362936351,2.1479927628193525,0.0003156001169984878,2,2.5010394809164422
2025-10-20 04:15:00+00:00,2.152659320243267,2.1479927628193525,0.004666557423914603,2,2.4959843772583543
2025-10-20 04:20:00+00:00,2.137151972111552,2.1479927628193525,-0.010840790707800328,2,2.514095442439753
2025-10-20 04:25:00+00:00,2.1289418381543195,2.1289418381543195,0.0,0,0.0
2025-10-22 11:15:00+00:00,2.128143484965012,2.128143484965012,0.0,1,1.2504689258471924
2025-10-22 11:20:00+00:00,2.129479770225764,2.128143484965012,0.0013362852607520744,1,1.2496842350424233
2025-10-22 11:25:00+00:00,2.132388974595527,2.128143484965012,0.004245489630515345,1,1.2479792989914857
2025-10-22 11:30:00+00:00,2.1268071997042592,2.128143484965012,-0.00133628526075237,1,1.2512546027035014
2025-10-22 11:35:00+00:00,2.1314633186596934,2.128143484965012,0.003319833694681443,1,1.2485212738102855
2025-10-22 11:40:00+00:00,2.1357088082902087,2.128143484965012,0.007565323325196788,1,1.2460393885921959
2025-10-22 11:45:00+00:00,2.1285491804741943,2.1285491804741943,0.0,0,0.0
2025-10-22 13:40:00+00:00,2.1277509745315166,2.1277509745315166,0.0,1,1.2504689258471926
2025-10-22 13:45:00+00:00,2.118656158887529,2.1277509745315166,-0.009094815643987576,1,1.2558368494252625
2025-10-22 13:50:00+00:00,2.1142155323018414,2.1277509745315166,-0.013535442229675046,1,1.2584745665433335
2025-10-22 13:55:00+00:00,2.124338884451856,2.1277509745315166,-0.0034120900796606943,1,1.2524774154756768
2025-10-22 14:00:00+00:00,2.1360553635527335,2.1277509745315166,0.008304389021217015,1,1.2456074505332257
2025-10-22 14:05:00+00:00,2.124081136640083,2.1277509745315166,-0.003669837891433485,1,1.2526293980471357
2025-10-22 14:10:00+00:00,2.124286919792788,2.124286919792788,0.0,0,0.0
2025-10-22 15:00:00+00:00,2.1234903121978657,2.1234903121978657,0.0,1,1.2504689258471926
2025-10-22 15:05:00+00:00,2.1178864429174538,2.1234903121978657,-0.00560386928041197,1,1.2537776322337408
2025-10-22 15:10:00+00:00,2.112641000700488,2.1234903121978657,-0.010849311497377516,1,1.2568906164656217
2025-10-22 15:15:00+00:00,2.105320817212422,2.1234903121978657,-0.018169494985443426,1,1.2612608149939104
2025-10-22 15:20:00+00:00,2.0943818989491834,2.1234903121978657,-0.029108413248682328,1,1.2678483571087302
2025-10-22 15:25:00+00:00,2.093017118976832,2.1234903121978657,-0.030473193221033663,1,1.2686750746878994
2025-10-22 15:30:00+00:00,2.0888292399354613,2.0888292399354613,0.0,0,0.0
2025-10-23 06:20:00+00:00,2.0880459289704856,2.0880459289704856,0.0,1,1.2504689258471926
2025-10-23 06:25:00+00:00,2.091018420489064,2.0880459289704856,0.0029724915185784955,1,1.2486913191843791
2025-10-23 06:30:00+00:00,2.0886071353691937,2.0880459289704856,0.0005612063987080123,1,1.2501329262469387
2025-10-23 06:35:00+00:00,2.0867594346412446,2.0880459289704856,-0.0012864943292409821,1,1.2512398442172208
2025-10-23 06:40:00+00:00,2.088902006527836,2.0880459289704856,0.0008560775573507041,1,1.2499564564349193
2025-10-23 06:45:00+00:00,2.09203857957824,2.0880459289704856,0.003992650607754447,1,1.2480824089036242
2025-10-23 06:50:00+00:00,2.092594078793232,2.092594078793232,0.0,0,0.0
2025-10-23 15:10:00+00:00,2.0918093560136843,2.0918093560136843,0.0,1,1.2504689258471928
2025-10-23 15:15:00+00:00,2.1221336310788446,2.0918093560136843,0.030324275065160104,1,1.2326003227052935
2025-10-23 15:20:00+00:00,2.0940702742929473,2.0918093560136843,0.0022609182792628067,1,1.2491188240445907
2025-10-23 15:25:00+00:00,2.1222734816940565,2.0918093560136843,0.030464125680372316,1,1.2325190985299326
2025-10-23 15:30:00+00:00,2.129032928095976,2.0918093560136843,0.03722357208229155,1,1.2286059853620184
2025-10-23 15:35:00+00:00,2.1701023920966,2.0918093560136843,0.07829303608291568,1,1.2053544607009965
2025-10-23 15:40:00+00:00,2.139785881071428,2.139785881071428,0.0,0,0.0
2025-10-23 16:55:00+00:00,2.1389834613660264,2.1389834613660264,0.0,1,1.2504689258471928
2025-10-23 17:00:00+00:00,2.1332384422129533,2.1389834613660264,-0.00574501915307318,1,1.2538365606071693
2025-10-23 17:05:00+00:00,2.11519921837169,2.1389834613660264,-0.023784242994336343,1,1.2645297559245183
2025-10-23 17:10:00+00:00,2.111028457136007,2.1389834613660264,-0.027955004230019183,1,1.2670280887487633
2025-10-23 17:15:00+00:00,2.111859883395408,2.1389834613660264,-0.02712357797061869,1,1.2665292675756983
2025-10-23 17:20:00+00:00,2.11457224119247,2.1389834613660264,-0.024411220173556583,1,1.2649046928900025
2025-10-23 17:25:00+00:00,2.1126112766993783,2.1126112766993783,0.0,0,0.0
2025-10-24 04:35:00+00:00,2.111819047470616,2.111819047470616,0.0,1,1.2504689258471928
2025-10-24 04:40:00+00:00,2.109653336161068,2.111819047470616,-0.0021657113095480186,1,1.2517526223903763
2025-10-24 04:45:00+00:00,2.1192118768174075,2.111819047470616,0.007392829346791461,1,1.2461066893604207
2025-10-24 04:50:00+00:00,2.1189645579332925,2.111819047470616,0.007145510462676614,1,1.2462521310171708
2025-10-24 04:55:00+00:00,2.1270859753440985,2.111819047470616,0.015266927873482416,1,1.2414938213520152
2025-10-24 05:00:00+00:00,2.1266247590466945,2.111819047470616,0.014805711576078514,1,1.2417630729823737
2025-10-24 05:05:00+00:00,2.116013301689147,2.116013301689147,0.0,0,0.0
2025-10-26 22:05:00+00:00,2.1136336793062718,2.1136336793062718,0.0,3,3.752814258801789
2025-10-26 22:10:00+00:00,2.1019470912012164,2.1136336793062718,-0.011686588105055405,3,3.773679481652062
2025-10-26 22:15:00+00:00,2.090841734176035,2.1136336793062718,-0.022791945130237128,3,3.793723111572651
2025-10-26 22:20:00+00:00,2.0747219175221234,2.1136336793062718,-0.03891176178414824,3,3.823198927332719
2025-10-26 22:25:00+00:00,2.0764896126207355,2.1136336793062718,-0.03714406668553612,3,3.819944275846004
2025-10-26 22:30:00+00:00,2.074652393580394,2.1136336793062718,-0.03898128572587781,3,3.8233270470409972
2025-10-26 22:35:00+00:00,2.086736733608717,2.086736733608717,0.0,0,0.0
2025-10-29 17:40:00+00:00,2.085171974505864,2.085171974505864,0.0,2,2.5014069534547385
2025-10-29 17:45:00+00:00,2.08075286977642,2.085171974505864,-0.004419104729443705,2,2.5067194436878832
2025-10-29 17:50:00+00:00,2.0782181859604796,2.085171974505864,-0.006953788545384495,2,2.5097767459711284
2025-10-29 17:55:00+00:00,2.070928411814119,2.085171974505864,-0.014243562691744706,2,2.5186112887450576
2025-10-29 18:00:00+00:00,2.0916643988513925,2.085171974505864,0.006492424345528761,2,2.4936427081907264
2025-10-29 18:05:00+00:00,2.0668141610872532,2.085171974505864,-0.018357813418610543,2,2.523624897864109
2025-10-29 18:10:00+00:00,2.0542542493010507,2.0542542493010507,0.0,0,0.0
2025-10-30 04:40:00+00:00,2.051174600770844,2.051174600770844,0.0,4,5.004691017933514
2025-10-30 04:45:00+00:00,2.0028799046962704,2.051174600770844,-0.04829469607457342,4,5.125367265716278
2025-10-30 04:50:00+00:00,1.9979591885095653,2.051174600770844,-0.0532154122612784,4,5.137990385253586
2025-10-30 04:55:00+00:00,2.007588839159289,2.051174600770844,-0.04358576161155514,4,5.113345372546527
2025-10-30 05:00:00+00:00,1.9668674212870434,2.051174600770844,-0.08430717948380048,4,5.219210501729624
2025-10-30 05:05:00+00:00,1.9629943260538298,2.051174600770844,-0.08818027471701387,4,5.229508289678927
2025-10-30 05:10:00+00:00,1.9723768729102333,1.9723768729102333,0.0,0,0.0
2025-10-31 18:40:00+00:00,1.9708978676210485,1.9708978676210485,0.0,2,2.501406953454738
2025-10-31 18:45:00+00:00,1.9654229349783026,1.9708978676210485,-0.005474932642745826,2,2.5083749369551507
2025-10-31 18:50:00+00:00,1.952986225467404,1.9708978676210485,-0.01791164215364448,2,2.52434838829266
2025-10-31 18:55:00+00:00,1.952977705412912,1.9708978676210485,-0.017920162208136473,2,2.5243594010071244
2025-10-31 19:00:00+00:00,1.956002036041771,1.9708978676210485,-0.014895831579277598,2,2.5204562877618213
2025-10-31 19:05:00+00:00,1.9377233897202166,1.9708978676210485,-0.03317447790083186,2,2.5442318840607276
2025-10-31 19:10:00+00:00,1.9448320894015714,1.9448320894015714,0.0,0,0.0
2025-11-03 08:55:00+00:00,1.9441027773680457,1.9441027773680457,0.0,1,1.2504689258471928
2025-11-03 09:00:00+00:00,1.940905068881628,1.9441027773680457,-0.0031977084864176202,1,1.2525291168170105
2025-11-03 09:05:00+00:00,1.9473004858544636,1.9441027773680457,0.00319770848641789,1,1.2484155010546505
2025-11-03 09:10:00+00:00,1.952037831760268,1.9441027773680457,0.007935054392222272,1,1.2453857564634143
2025-11-03 09:15:00+00:00,1.9549512994923377,1.9441027773680457,0.010848522124291953,1,1.2435297556431495
2025-11-03 09:20:00+00:00,1.948626942708089,1.9441027773680457,0.004524165340043225,1,1.2475656876495025
2025-11-03 09:25:00+00:00,1.9388019265354195,1.9388019265354195,0.0,0,0.0
2025-11-03 15:40:00+00:00,1.9380748758129687,1.9380748758129687,0.0,1,1.2504689258471928
2025-11-03 15:45:00+00:00,1.9140458151087407,1.9380748758129687,-0.024029060704227955,1,1.2661673973731868
2025-11-03 15:50:00+00:00,1.8908749351439493,1.9380748758129687,-0.04719994066901942,1,1.2816830786245401
2025-11-03 15:55:00+00:00,1.8850107000911318,1.9380748758129687,-0.05306417572183692,1,1.2856703720844178
2025-11-03 16:00:00+00:00,1.899313712415077,1.9380748758129687,-0.03876116339789163,1,1.2759884753781217
2025-11-03 16:05:00+00:00,1.8874422121862027,1.9380748758129687,-0.05063266362676592,1,1.2840140972380603
2025-11-03 16:10:00+00:00,1.8967272700905136,1.8967272700905136,0.0,0,0.0
2025-11-04 08:25:00+00:00,1.8960159973642297,1.8960159973642297,0.0,1,1.2504689258471926
2025-11-04 08:30:00+00:00,1.8920191666254276,1.8960159973642297,-0.003996830738802137,1,1.2531105019627544
2025-11-04 08:35:00+00:00,1.8983313870872767,1.8960159973642297,0.0023153897230470317,1,1.2489437322379047
2025-11-04 08:40:00+00:00,1.8988835359613694,1.8960159973642297,0.0028675385971397528,1,1.24858056995728
2025-11-04 08:45:00+00:00,1.897379327917545,1.8960159973642297,0.001363330553315335,1,1.2495704220701698
2025-11-04 08:50:00+00:00,1.891991900014361,1.8960159973642297,-0.0040240973498685394,1,1.2531285612772156
2025-11-04 08:55:00+00:00,1.886347642902665,1.886347642902665,0.0,0,0.0
2025-11-04 14:45:00+00:00,1.8835197126462706,1.8835197126462706,0.0,4,5.0046910179335145
2025-11-04 14:50:00+00:00,1.915443196259971,1.8835197126462706,0.03192348361370044,4,4.921280989374803
2025-11-04 14:55:00+00:00,1.9626022200291067,1.8835197126462706,0.07908250738283601,4,4.803028393518124
2025-11-04 15:00:00+00:00,1.955882256689665,1.8835197126462706,0.07236254404339433,4,4.819530498699735
2025-11-04 15:05:00+00:00,1.9821147366880552,1.8835197126462706,0.0985950240417845,4,4.755745978526083
2025-11-04 15:10:00+00:00,1.932434751873775,1.8835197126462706,0.04891503922750438,4,4.878009039550346
2025-11-04 15:15:00+00:00,1.8980238543417374,1.8980238543417374,0.0,0,0.0
2025-11-04 17:25:00+00:00,1.8966006033605856,1.8966006033605856,0.0,2,2.501406953454738
2025-11-04 17:30:00+00:00,1.885264826726291,1.8966006033605856,-0.011335776634294427,2,2.516447487863409
2025-11-04 17:35:00+00:00,1.920798840149515,1.8966006033605856,0.02419823678892946,2,2.469894211724604
2025-11-04 17:40:00+00:00,1.9151644048437815,1.8966006033605856,0.01856380148319597,2,2.4771606683863774
2025-11-04 17:45:00+00:00,1.9001752584024156,1.8966006033605856,0.0035746550418300853,2,2.4967012470004013
2025-11-04 17:50:00+00:00,1.8995358829771294,1.8966006033605856,0.00293527961654375,2,2.4975416256612726
2025-11-04 17:55:00+00:00,1.8937687562832308,1.8937687562832308,0.0,0,0.0
2025-11-04 20:30:00+00:00,1.8930585929996246,1.8930585929996246,0.0,1,1.2504689258471928
2025-11-04 20:35:00+00:00,1.8811241633648017,1.8930585929996246,-0.011934429634822984,1,1.258402284897433
2025-11-04 20:40:00+00:00,1.9109214052513122,1.8930585929996246,0.017862812251687444,1,1.2387798571143842
2025-11-04 20:45:00+00:00,1.923037051822022,1.8930585929996246,0.029978458822397278,1,1.2309752134578869
2025-11-04 20:50:00+00:00,1.9139762050276878,1.8930585929996246,0.0209176120280631,1,1.2368027037827225
2025-11-04 20:55:00+00:00,1.9035173990136562,1.8930585929996246,0.01045880601403155,1,1.243598270538874
2025-11-04 21:00:00+00:00,1.9105736758394791,1.9105736758394791,0.0,0,0.0
2025-11-04 22:00:00+00:00,1.9098572107110394,1.9098572107110394,0.0,1,1.2504689258471926
2025-11-04 22:05:00+00:00,1.917214240341628,1.9098572107110394,0.007357029630588548,1,1.2456704339801863
2025-11-04 22:10:00+00:00,1.9260479156086563,1.9098572107110394,0.016190704897616787,1,1.2399572593419312
2025-11-04 22:15:00+00:00,1.9240925509836277,1.9098572107110394,0.014235340272588435,1,1.241217369496313
2025-11-04 22:20:00+00:00,1.933278715854194,1.9098572107110394,0.023421505143154633,1,1.2353196025044668
2025-11-04 22:25:00+00:00,1.929308444441377,1.9098572107110394,0.019451233730337733,1,1.237861733140782
2025-11-04 22:30:00+00:00,1.9289944843331928,1.9289944843331928,0.0,0,0.0
2025-11-05 01:50:00+00:00,1.9275480097347921,1.9275480097347921,0.0,2,2.5014069534547385
2025-11-05 01:55:00+00:00,1.9794437379277425,1.9275480097347921,0.05189572819295045,2,2.435826743788187
2025-11-05 02:00:00+00:00,1.9956471841699126,1.9275480097347921,0.06809917443512052,2,2.4160493061673036
2025-11-05 02:05:00+00:00,2.032673952911859,1.9275480097347921,0.10512594317706705,2,2.3720390512021896
2025-11-05 02:10:00+00:00,2.0423046623214716,1.9275480097347921,0.11475665258667961,2,2.3608534434758606
2025-11-05 02:15:00+00:00,2.0427510480653517,1.9275480097347921,0.11520303833055945,2,2.360337545407148
2025-11-05 02:20:00+00:00,2.0533309918138056,2.0533309918138056,0.0,0,0.0
2025-11-06 13:20:00+00:00,2.0525609926918755,2.0525609926918755,0.0,1,1.2504689258471926
2025-11-06 13:25:00+00:00,2.0636035041050156,2.0525609926918755,0.011042511413139895,1,1.2437775641791315
2025-11-06 13:30:00+00:00,2.0588024121862594,2.0525609926918755,0.006241419494383642,1,1.24667803212922
2025-11-06 13:35:00+00:00,2.0568819754187566,2.0525609926918755,0.004320982726881027,1,1.2478420105969934
2025-11-06 13:40:00+00:00,2.0584823393916754,2.0525609926918755,0.005921346699799778,1,1.2468718777182999
2025-11-06 13:45:00+00:00,2.057362084610632,2.0525609926918755,0.004801091918756823,1,1.2475508122591912
2025-11-06 13:50:00+00:00,2.058032413064329,2.058032413064329,0.0,0,0.0
2025-11-07 14:45:00+00:00,2.055717994723527,2.055717994723527,0.0,3,3.7528142588017883
2025-11-07 14:50:00+00:00,2.0322466517683733,2.055717994723527,-0.023471342955153664,3,3.7961572213495094
2025-11-07 14:55:00+00:00,2.0588644552267295,2.055717994723527,0.0031464605032021963,3,3.7470790187711986
2025-11-07 15:00:00+00:00,2.0749107424847284,2.055717994723527,0.01919274776120122,3,3.7181010463300224
2025-11-07 15:05:00+00:00,2.0555465303313065,2.055717994723527,-0.00017146439222064016,3,3.7531273015894397
2025-11-07 15:10:00+00:00,2.0837455913828413,2.055717994723527,0.02802759665931416,3,3.702336712589817
2025-11-07 15:15:00+00:00,2.1175047398453564,2.1175047398453564,0.0,0,0.0
2025-11-09 14:30:00+00:00,2.1167106755679144,2.1167106755679144,0.0,1,1.2504689258471928
2025-11-09 14:35:00+00:00,2.1173629781801515,2.1167106755679144,0.0006523026122371425,1,1.2500836899876555
2025-11-09 14:40:00+00:00,2.1023600180986897,2.1167106755679144,-0.014350657469224775,1,1.2590045957972764
2025-11-09 14:45:00+00:00,2.0984462024252646,2.1167106755679144,-0.01826447314264998,1,1.261352767465557
2025-11-09 14:50:00+00:00,2.088009360629465,2.1167106755679144,-0.02870131493844955,1,1.2676575951789553
2025-11-09 14:55:00+00:00,2.094043159792661,2.1167106755679144,-0.022667515775253336,1,1.2640049525382147
2025-11-09 15:00:00+00:00,2.0795507406582323,2.0795507406582323,0.0,0,0.0
2025-11-11 01:20:00+00:00,2.077212123275797,2.077212123275797,0.0,3,3.7528142588017888
2025-11-11 01:25:00+00:00,2.052733168152269,2.077212123275797,-0.024478955123527928,3,3.797566773767402
2025-11-11 01:30:00+00:00,2.035762000630843,2.077212123275797,-0.04145012264495385,3,3.829225259322902
2025-11-11 01:35:00+00:00,2.0165495992361255,2.077212123275797,-0.060662524039671345,3,3.8657076809508006
2025-11-11 01:40:00+00:00,1.9936962079647274,2.077212123275797,-0.08351591531106958,3,3.91001961263863
2025-11-11 01:45:00+00:00,1.9859335514203942,2.077212123275797,-0.09127857185540272,3,3.925303175028123
2025-11-11 01:50:00+00:00,2.009331243804261,2.009331243804261,0.0,0,0.0
2025-11-12 17:40:00+00:00,2.008577744587835,2.008577744587835,0.0,1,1.2504689258471926
2025-11-12 17:45:00+00:00,1.9962511311349036,2.008577744587835,-0.012326613452931134,1,1.2581904228289162
2025-11-12 17:50:00+00:00,1.9927760752146622,2.008577744587835,-0.015801669373172535,1,1.2603844887513365
2025-11-12 17:55:00+00:00,2.0009646765864675,2.008577744587835,-0.007613068001367296,1,1.255226583529742
2025-11-12 18:00:00+00:00,1.9942986888149359,2.008577744587835,-0.014279055772898966,1,1.259422206333507
2025-11-12 18:05:00+00:00,2.007193550405768,2.008577744587835,-0.0013841941820666795,1,1.251331270094793
2025-11-12 18:10:00+00:00,2.0018940660861326,2.0018940660861326,0.0,0,0.0
2025-11-14 04:45:00+00:00,1.998892913662887,1.998892913662887,0.0,4,5.004691017933514
2025-11-14 04:50:00+00:00,1.971004076321819,1.998892913662887,-0.027888837341067854,4,5.0755051859092175
2025-11-14 04:55:00+00:00,2.0204526112707577,1.998892913662887,0.021559697607870812,4,4.951287327906054
2025-11-14 05:00:00+00:00,2.0393961111126986,1.998892913662887,0.04050319744981144,4,4.905295913975968
2025-11-14 05:05:00+00:00,2.086458732993095,1.998892913662887,0.08756581933020785,4,4.794650980932057
2025-11-14 05:10:00+00:00,2.042645310724743,1.998892913662887,0.043752397061856005,4,4.897493146898898
2025-11-14 05:15:00+00:00,2.019056084208558,2.019056084208558,0.0,0,0.0
2025-11-14 07:00:00+00:00,2.016785497796635,2.016785497796635,0.0,3,3.752814258801789
2025-11-14 07:05:00+00:00,1.9884270338449395,2.016785497796635,-0.0283584639516955,3,3.8063359853042957
2025-11-14 07:10:00+00:00,1.9779343401805323,2.016785497796635,-0.038851157616102874,3,3.826528120435517
2025-11-14 07:15:00+00:00,2.0028774290008897,2.016785497796635,-0.01390806879574514,3,3.778873965768034
2025-11-14 07:20:00+00:00,1.9957101242122568,2.016785497796635,-0.02107537358437825,3,3.792445246056638
2025-11-14 07:25:00+00:00,2.002942248304718,2.016785497796635,-0.013843249491916912,3,3.778751673685013
2025-11-14 07:30:00+00:00,2.023733283067831,2.023733283067831,0.0,0,0.0
2025-11-14 12:50:00+00:00,2.022215767693023,2.022215767693023,0.0,2,2.501406953454738
2025-11-14 12:55:00+00:00,2.0256268321565134,2.022215767693023,0.003411064463490444,2,2.4971946966697245
2025-11-14 13:00:00+00:00,2.047303720557689,2.022215767693023,0.025087952864666134,2,2.470754354568958
2025-11-14 13:05:00+00:00,2.055793618540468,2.022215767693023,0.03357785084744515,2,2.4605507756583034
2025-11-14 13:10:00+00:00,2.040780191645619,2.022215767693023,0.018564423952596127,2,2.4786523327699594
2025-11-14 13:15:00+00:00,2.0257077760228994,2.022215767693023,0.003492008329876389,2,2.497094912981149
2025-11-14 13:20:00+00:00,2.0089940139917037,2.0089940139917037,0.0,0,0.0
2025-11-14 13:55:00+00:00,2.008240641236457,2.008240641236457,0.0,1,1.2504689258471926
2025-11-14 14:00:00+00:00,2.008087753678236,2.008240641236457,-0.0001528875582210037,1,1.250564131417942
2025-11-14 14:05:00+00:00,2.0178242771228403,2.008240641236457,0.00958363588638328,1,1.2445298363990054
2025-11-14 14:10:00+00:00,2.0238110320342333,2.008240641236457,0.015570390797776303,1,1.2408483192056992
2025-11-14 14:15:00+00:00,2.018894490030388,2.008240641236457,0.010653848793930863,1,1.2438701130200376
2025-11-14 14:20:00+00:00,2.0251628799174513,2.008240641236457,0.016922238680994246,1,1.240020021299221
2025-11-14 14:25:00+00:00,2.0392074134552844,2.0392074134552844,0.0,0,0.0
2025-11-17 00:30:00+00:00,2.036914165298238,2.036914165298238,0.0,3,3.752814258801789
2025-11-17 00:35:00+00:00,2.0391778974553065,2.036914165298238,0.0022637321570685215,3,3.7486481846560484
2025-11-17 00:40:00+00:00,2.0732638460336816,2.036914165298238,0.036349680735443396,3,3.6870177127288737
2025-11-17 00:45:00+00:00,2.048326856958079,2.036914165298238,0.011412691659840964,3,3.7319046506272597
2025-11-17 00:50:00+00:00,2.0493494278267645,2.036914165298238,0.012435262528526603,3,3.7300425294444945
2025-11-17 00:55:00+00:00,2.0638442979355696,2.036914165298238,0.026930132637331516,3,3.7038455522700544
2025-11-17 01:00:00+00:00,2.074759467987445,2.074759467987445,0.0,0,0.0
2025-11-18 02:25:00+00:00,2.0739814331869497,2.0739814331869497,0.0,1,1.2504689258471926
2025-11-18 02:30:00+00:00,2.0855174336969067,2.0739814331869497,0.011536000509957118,1,1.243551980472784
2025-11-18 02:35:00+00:00,2.0997907902600748,2.0739814331869497,0.02580935707312508,1,1.23509891890853
2025-11-18 02:40:00+00:00,2.0870816371558845,2.0739814331869497,0.013100203968934744,1,1.2426199765326196
2025-11-18 02:45:00+00:00,2.098226586801098,2.0739814331869497,0.02424515361414803,1,1.2360196707535824
2025-11-18 02:50:00+00:00,2.0911876712357,2.0739814331869497,0.01720623804875044,1,1.2401800998816217
2025-11-18 02:55:00+00:00,2.0790691613576193,2.0790691613576193,0.0,0,0.0
2025-11-18 03:40:00+00:00,2.076731085548756,2.076731085548756,0.0,3,3.7528142588017883
2025-11-18 03:45:00+00:00,2.082268352833776,2.076731085548756,0.005537267285019678,3,3.7428345961931058
2025-11-18 03:50:00+00:00,2.0920455917930836,2.076731085548756,0.015314506244327309,3,3.7253423444105915
2025-11-18 03:55:00+00:00,2.0953181195111323,2.076731085548756,0.018587033962376036,3,3.719523998276044
2025-11-18 04:00:00+00:00,2.0993343239985065,2.076731085548756,0.022603238449750283,3,3.7124082336253146
2025-11-18 04:05:00+00:00,2.074755905838312,2.076731085548756,-0.0019751797104442036,3,3.7563869598410733
2025-11-18 04:10:00+00:00,2.0493063959522235,2.0493063959522235,0.0,0,0.0
2025-11-18 07:10:00+00:00,2.0485379060537414,2.0485379060537414,0.0,1,1.2504689258471926
2025-11-18 07:15:00+00:00,2.0459150096938234,2.0485379060537414,-0.002622896359917989,1,1.2520720473738713
2025-11-18 07:20:00+00:00,2.0331752273742194,2.0485379060537414,-0.015362678679521844,1,1.2599174731479226
2025-11-18 07:25:00+00:00,2.047226457873782,2.0485379060537414,-0.0013114481799591368,1,1.2512699731326997
2025-11-18 07:30:00+00:00,2.0524722505936195,2.0485379060537414,0.003934344539877979,1,1.248071926039146
2025-11-18 07:35:00+00:00,2.0534089992935907,2.0485379060537414,0.004871093239849035,1,1.2475025656464576
2025-11-18 07:40:00+00:00,2.0610712476948456,2.0610712476948456,0.0,0,0.0
2025-11-18 15:10:00+00:00,2.0595257340972184,2.0595257340972184,0.0,2,2.5014069534547385
2025-11-18 15:15:00+00:00,2.069962926356744,2.0595257340972184,0.010437192259525878,2,2.4887943288709384
2025-11-18 15:20:00+00:00,2.094421223001621,2.0595257340972184,0.034895488904402555,2,2.4597306098276537
2025-11-18 15:25:00+00:00,2.11352761002127,2.0595257340972184,0.05400187592405152,2,2.4374945317311996
2025-11-18 15:30:00+00:00,2.115862971770639,2.0595257340972184,0.05633723767342045,2,2.434804172492606
2025-11-18 15:35:00+00:00,2.100137242237808,2.0595257340972184,0.040611508140589815,2,2.453035872360576
2025-11-18 15:40:00+00:00,2.1199231708058948,2.1199231708058948,0.0,0,0.0
2025-11-19 21:25:00+00:00,2.1183335265419863,2.1183335265419863,0.0,2,2.501406953454738
2025-11-19 21:30:00+00:00,2.092406864414262,2.1183335265419863,-0.025926662127724348,2,2.532401467011888
2025-11-19 21:35:00+00:00,2.117087030204021,2.1183335265419863,-0.0012464963379655027,2,2.5028797292843374
2025-11-19 21:40:00+00:00,2.103095419592104,2.1183335265419863,-0.015238106949882532,2,2.519531051071439
2025-11-19 21:45:00+00:00,2.1098779702546775,2.1183335265419863,-0.008455556287308767,2,2.5114316030271726
2025-11-19 21:50:00+00:00,2.1090363571756408,2.1183335265419863,-0.009297169366345556,2,2.512433792333688
2025-11-19 21:55:00+00:00,2.1161327740630647,2.1161327740630647,0.0,0,0.0
2025-11-21 07:40:00+00:00,2.1129603599426683,2.1129603599426683,0.0,4,5.0046910179335145
2025-11-21 07:45:00+00:00,2.1758862779227655,2.1129603599426683,0.06292591798009733,4,4.859956994052974
2025-11-21 07:50:00+00:00,2.1077041228429194,2.1129603599426683,-0.005256237099748737,4,5.0171718221963815
2025-11-21 07:55:00+00:00,2.1010158851687186,2.1129603599426683,-0.01194447477394978,4,5.033143161507059
2025-11-21 08:00:00+00:00,2.125616962178629,2.1129603599426683,0.01265660223596072,4,4.974891489300214
2025-11-21 08:05:00+00:00,2.0896514252612497,2.1129603599426683,-0.023308934681418748,4,5.060515647164731
2025-11-21 08:10:00+00:00,2.1786310268055034,2.1786310268055034,0.0,0,0.0
2025-11-21 12:35:00+00:00,2.1761809858954226,2.1761809858954226,0.0,3,3.752814258801789
2025-11-21 12:40:00+00:00,2.3005661149224275,2.1761809858954226,0.12438512902700485,3,3.549910163689016
2025-11-21 12:45:00+00:00,2.314882406419151,2.1761809858954226,0.13870142052372847,3,3.527955895709949
2025-11-21 12:50:00+00:00,2.322086396661195,2.1761809858954226,0.14590541076577265,3,3.517010842208236
2025-11-21 12:55:00+00:00,2.3630964140661748,2.1761809858954226,0.18691542817075218,3,3.4559753825486443
2025-11-21 13:00:00+00:00,2.3211535708857696,2.1761809858954226,0.14497258499034713,3,3.5184242594018302
2025-11-21 13:05:00+00:00,2.3039062048259473,2.3039062048259473,0.0,0,0.0
2025-11-21 14:35:00+00:00,2.3013152821844534,2.3013152821844534,0.0,3,3.7528142588017883
2025-11-21 14:40:00+00:00,2.2863753393437163,2.3013152821844534,-0.014939942840737113,3,3.777336405080052
2025-11-21 14:45:00+00:00,2.293130385164641,2.3013152821844534,-0.008184897019812062,3,3.766209222490506
2025-11-21 14:50:00+00:00,2.2685262250832254,2.3013152821844534,-0.032789057101227884,3,3.8070570705716364
2025-11-21 14:55:00+00:00,2.342982923787061,2.3013152821844534,0.04166764160260797,3,3.686074156708274
2025-11-21 15:00:00+00:00,2.305775755680387,2.3013152821844534,0.00446047349593367,3,3.7455545205140086
2025-11-21 15:05:00+00:00,2.2656476061565205,2.2656476061565205,0.0,0,0.0
2025-11-24 05:10:00+00:00,2.264797988304212,2.264797988304212,0.0,1,1.2504689258471926
2025-11-24 05:15:00+00:00,2.271019239598768,2.264797988304212,0.006221251294555805,1,1.2470433796043068
2025-11-24 05:20:00+00:00,2.266572671716288,2.264797988304212,0.001774683412076075,1,1.2494898323957846
2025-11-24 05:25:00+00:00,2.2718277064864916,2.264797988304212,0.007029718182279392,1,1.246599598908664
2025-11-24 05:30:00+00:00,2.269037509788616,2.264797988304212,0.004239521484404376,1,1.2481325211584913
2025-11-24 05:35:00+00:00,2.2545442619233276,2.264797988304212,-0.010253726380884199,1,1.256156091289
2025-11-24 05:40:00+00:00,2.2628145449386325,2.2628145449386325,0.0,0,0.0
2025-11-24 14:35:00+00:00,2.261117752238224,2.261117752238224,0.0,2,2.501406953454738
2025-11-24 14:40:00+00:00,2.2352288240330163,2.261117752238224,-0.025888928205207724,2,2.530378817245021
2025-11-24 14:45:00+00:00,2.186516142265252,2.261117752238224,-0.07460160997297216,2,2.586752303675653
2025-11-24 14:50:00+00:00,2.1813332699507373,2.261117752238224,-0.07978448228748694,2,2.5928984561613437
2025-11-24 14:55:00+00:00,2.2014977583337223,2.261117752238224,-0.0596199939045018,2,2.5691489562585597
2025-11-24 15:00:00+00:00,2.246076703761351,2.261117752238224,-0.015041048476873256,2,2.518157843210326
2025-11-24 15:05:00+00:00,2.2505329787012522,2.2505329787012522,0.0,0,0.0
2025-11-26 17:30:00+00:00,2.2496890288342395,2.2496890288342395,0.0,1,1.2504689258471924
2025-11-26 17:35:00+00:00,2.2602660708822113,2.2496890288342395,0.010577042047971658,1,1.2446172862642448
2025-11-26 17:40:00+00:00,2.262989690953387,2.2496890288342395,0.013300662119147443,1,1.2431193277736017
2025-11-26 17:45:00+00:00,2.2767442897510644,2.2496890288342395,0.027055260916825016,1,1.2356092144560302
2025-11-26 17:50:00+00:00,2.2847246870225533,2.2496890288342395,0.03503565818831373,1,1.2312933104612598
2025-11-26 17:55:00+00:00,2.2812677846245215,2.2496890288342395,0.03157875579028206,1,1.2331591417443304
2025-11-26 18:00:00+00:00,2.286036142782963,2.286036142782963,0.0,0,0.0
2025-11-28 08:55:00+00:00,2.285178879229419,2.285178879229419,0.0,1,1.2504689258471928
2025-11-28 09:00:00+00:00,2.2883350154359325,2.285178879229419,0.0031561362065135254,1,1.2487442438293221
2025-11-28 09:05:00+00:00,2.2822188343256773,2.285178879229419,-0.002960044903741821,1,1.2520907879208776
2025-11-28 09:10:00+00:00,2.288755211084729,2.285178879229419,0.0035763318553094906,1,1.2485149851933721
2025-11-28 09:15:00+00:00,2.2858978806729144,2.285178879229419,0.0007190014434954032,1,1.250075606018546
2025-11-28 09:20:00+00:00,2.2841237212668863,2.285178879229419,-0.0010551579625327466,1,1.2510465838049132
2025-11-28 09:25:00+00:00,2.2811281287450247,2.2811281287450247,0.0,0,0.0
2025-12-01 01:05:00+00:00,2.280272705696745,2.280272705696745,0.0,1,1.2504689258471928
2025-12-01 01:10:00+00:00,2.2868592815283897,2.280272705696745,0.006586575831644515,1,1.2468673450801842
2025-12-01 01:15:00+00:00,2.2830227708635658,2.280272705696745,0.0027500651668205993,1,1.2489626460680108
2025-12-01 01:20:00+00:00,2.289371686742522,2.280272705696745,0.00909898104577675,1,1.2454990063183957
2025-12-01 01:25:00+00:00,2.285806787452199,2.280272705696745,0.005534081755453822,1,1.2474414620622916
2025-12-01 01:30:00+00:00,2.278812794558803,2.280272705696745,-0.0014599111379421748,1,1.2512700331241282
2025-12-01 01:35:00+00:00,2.277583905870585,2.277583905870585,0.0,0,0.0
2025-12-01 12:55:00+00:00,2.2750225847120844,2.2750225847120844,0.0,3,3.752814258801789
2025-12-01 13:00:00+00:00,2.2724012269300964,2.2750225847120844,-0.002621357781988172,3,3.7571433661553155
2025-12-01 13:05:00+00:00,2.309313110769279,2.2750225847120844,0.034290526057194785,3,3.697089474436629
2025-12-01 13:10:00+00:00,2.315178728234179,2.2750225847120844,0.040156143522094616,3,3.687722719150702
2025-12-01 13:15:00+00:00,2.3082116022671046,2.2750225847120844,0.033189017555020184,3,3.698853773465969
2025-12-01 13:20:00+00:00,2.296824246873457,2.2750225847120844,0.021801662161372748,3,3.7171922086008853
2025-12-01 13:25:00+00:00,2.2899278046257363,2.2899278046257363,0.0,0,0.0
2025-12-01 15:50:00+00:00,2.289069081699002,2.289069081699002,0.0,1,1.2504689258471926
2025-12-01 15:55:00+00:00,2.3102533546884603,2.289069081699002,0.021184272989458353,1,1.23900253189684
2025-12-01 16:00:00+00:00,2.3061086056253055,2.289069081699002,0.017039523926303528,1,1.2412293804376238
2025-12-01 16:05:00+00:00,2.298509899009521,2.289069081699002,0.009440817310519257,1,1.2453327945272918
2025-12-01 16:10:00+00:00,2.2869967071674244,2.289069081699002,-0.0020723745315774133,1,1.2516020450800858
2025-12-01 16:15:00+00:00,2.287457234841108,2.289069081699002,-0.001611846857893826,1,1.251350063373316
2025-12-01 16:20:00+00:00,2.284065609709112,2.284065609709112,0.0,0,0.0
2025-12-02 03:45:00+00:00,2.2832090851054714,2.2832090851054714,0.0,1,1.2504689258471926
2025-12-02 03:50:00+00:00,2.2776948457178325,2.2832090851054714,-0.005514239387638807,1,1.2534962782675085
2025-12-02 03:55:00+00:00,2.2788738879692696,2.2832090851054714,-0.004335197136201829,1,1.252847745199532
2025-12-02 04:00:00+00:00,2.2833141807936217,2.2832090851054714,0.00010509568815022827,1,1.2504113696451693
2025-12-02 04:05:00+00:00,2.284194357181881,2.2832090851054714,0.0009852720764094202,1,1.249929544375042
2025-12-02 04:10:00+00:00,2.2856230016926746,2.2832090851054714,0.0024139165872032694,1,1.249148267243543
2025-12-02 04:15:00+00:00,2.286067036229894,2.286067036229894,0.0,0,0.0
2025-12-03 02:15:00+00:00,2.285209761091308,2.285209761091308,0.0,1,1.2504689258471926
2025-12-03 02:20:00+00:00,2.2760928193595875,2.285209761091308,-0.00911694173172037,1,1.255477707667208
2025-12-03 02:25:00+00:00,2.2814259016496155,2.285209761091308,-0.003783859441692304,1,1.2525428913650685
2025-12-03 02:30:00+00:00,2.2821864292297076,2.285209761091308,-0.003023331861600214,1,1.2521254875097432
2025-12-03 02:35:00+00:00,2.2783650128704793,2.285209761091308,-0.00684474822082849,1,1.254225630724174
2025-12-03 02:40:00+00:00,2.2748534410809187,2.285209761091308,-0.010356320010389043,1,1.25616171296273
2025-12-03 02:45:00+00:00,2.2706254325935293,2.2706254325935293,0.0,0,0.0
2025-12-03 14:10:00+00:00,2.2697739480563066,2.2697739480563066,0.0,1,1.2504689258471928
2025-12-03 14:15:00+00:00,2.2707254975369096,2.2697739480563066,0.0009515494806027306,1,1.249944915763988
2025-12-03 14:20:00+00:00,2.2753246533598226,2.2697739480563066,0.005550705303515823,1,1.247418378977614
2025-12-03 14:25:00+00:00,2.2732312445024965,2.2697739480563066,0.0034572964461898163,1,1.2485671211874787
2025-12-03 14:30:00+00:00,2.2815414432997603,2.2697739480563066,0.011767495243453873,1,1.2440193883293857
2025-12-03 14:35:00+00:00,2.264857609073192,2.2697739480563066,-0.004916338983114528,1,1.2531833256852611
2025-12-03 14:40:00+00:00,2.2753929999871825,2.2753929999871825,0.0,0,0.0
2025-12-03 22:00:00+00:00,2.2745397276121873,2.2745397276121873,0.0,1,1.2504689258471928
2025-12-03 22:05:00+00:00,2.245207573091899,2.2745397276121873,-0.029332154520288423,1,1.2668054767279908
2025-12-03 22:10:00+00:00,2.2522472901767685,2.2745397276121873,-0.022292437435418963,1,1.2628458972463663
2025-12-03 22:15:00+00:00,2.257918173384024,2.2745397276121873,-0.016621554228163315,1,1.2596741917007606
2025-12-03 22:20:00+00:00,2.251856194783164,2.2745397276121873,-0.022683532829023224,1,1.2630652244016214
2025-12-03 22:25:00+00:00,2.247749693150324,2.2745397276121873,-0.026790034461863087,1,1.2653727675511965
2025-12-03 22:30:00+00:00,2.237119035935233,2.237119035935233,0.0,0,0.0
2025-12-04 15:40:00+00:00,2.236280116296757,2.236280116296757,0.0,1,1.2504689258471928
2025-12-04 15:45:00+00:00,2.2217236261788416,2.236280116296757,-0.014556490117915596,1,1.2586618614343978
2025-12-04 15:50:00+00:00,2.211631126363753,2.236280116296757,-0.024648989933004052,1,1.2644056061540119
2025-12-04 15:55:00+00:00,2.218424155085447,2.236280116296757,-0.01785596121131011,1,1.2605338742407142
2025-12-04 16:00:00+00:00,2.2180359820156355,2.236280116296757,-0.0182441342811215,1,1.2607544772009605
2025-12-04 16:05:00+00:00,2.2065848764562093,2.236280116296757,-0.029695239840547814,1,1.2672971816112857
2025-12-04 16:10:00+00:00,2.2082690817715056,2.2082690817715056,0.0,0,0.0
2025-12-05 07:10:00+00:00,2.2074409808658415,2.2074409808658415,0.0,1,1.2504689258471924
2025-12-05 07:15:00+00:00,2.195859424559438,2.2074409808658415,-0.011581556306403605,1,1.2570642370552463
2025-12-05 07:20:00+00:00,2.196252019688469,2.2074409808658415,-0.011188961177372777,1,1.2568395281912712
2025-12-05 07:25:00+00:00,2.1990001855916828,2.2074409808658415,-0.00844079527415882,1,1.2552688127544023
2025-12-05 07:30:00+00:00,2.1995890782852285,2.2074409808658415,-0.007851902580612885,1,1.2549327415129305
2025-12-05 07:35:00+00:00,2.195859424559438,2.2074409808658415,-0.011581556306403605,1,1.2570642370552463
2025-12-05 07:40:00+00:00,2.1903201821054057,2.1903201821054057,0.0,0,0.0
2025-12-05 15:05:00+00:00,2.1870365494529245,2.1870365494529245,0.0,4,5.004691017933513
2025-12-05 15:10:00+00:00,2.1473805832609076,2.1870365494529245,-0.03965596619201681,4,5.097113320414836
2025-12-05 15:15:00+00:00,2.154349466677388,2.1870365494529245,-0.032687082775536246,4,5.080625193005617
2025-12-05 15:20:00+00:00,2.137992550298827,2.1870365494529245,-0.04904399915409759,4,5.1194950017059275
2025-12-05 15:25:00+00:00,2.1582173692660533,2.1870365494529245,-0.028819180186871112,4,5.071519825021879
2025-12-05 15:30:00+00:00,2.1597647047006108,2.1870365494529245,-0.027271844752313614,4,5.0678864003644435
2025-12-05 15:35:00+00:00,2.1695037526506393,2.1695037526506393,0.0,0,0.0
2025-12-07 15:10:00+00:00,2.1678769299226164,2.1678769299226164,0.0,2,2.5014069534547385
2025-12-07 15:15:00+00:00,2.167994970225933,2.1678769299226164,0.00011804030331691849,2,2.50127075994896
2025-12-07 15:20:00+00:00,2.154909491685905,2.1678769299226164,-0.012967438236711638,2,2.5164594836417153
2025-12-07 15:25:00+00:00,2.159450635435866,2.1678769299226164,-0.008426294486750611,2,2.5111675801970863
2025-12-07 15:30:00+00:00,2.1562465041830814,2.1678769299226164,-0.011630425739534937,2,2.5148991157655285
2025-12-07 15:35:00+00:00,2.175351672975769,2.1678769299226164,0.007474743053152753,2,2.492811849278839
2025-12-07 15:40:00+00:00,2.172738801819126,2.172738801819126,0.0,0,0.0
2025-12-08 01:30:00+00:00,2.171924024768444,2.171924024768444,0.0,1,1.2504689258471926
2025-12-08 01:35:00+00:00,2.180895007675534,2.171924024768444,0.008970982907090015,1,1.2453251957179834
2025-12-08 01:40:00+00:00,2.1956774370707293,2.171924024768444,0.023753412302285424,1,1.2369410262270777
2025-12-08 01:45:00+00:00,2.182750469506074,2.171924024768444,0.010826444737630022,1,1.244266598594975
2025-12-08 01:50:00+00:00,2.1789957849527646,2.171924024768444,0.007071760184320863,1,1.2464106268717643
2025-12-08 01:55:00+00:00,2.177332871048036,2.171924024768444,0.005408846279592338,1,1.2473625592060373
2025-12-08 02:00:00+00:00,2.165840436293305,2.165840436293305,0.0,0,0.0
2025-12-09 15:05:00+00:00,2.165028246129695,2.165028246129695,0.0,1,1.2504689258471926
2025-12-09 15:10:00+00:00,2.154845469360777,2.165028246129695,-0.010182776768918102,1,1.2563780483849438
2025-12-09 15:15:00+00:00,2.148091410996283,2.165028246129695,-0.016936835133411772,1,1.2603283694109586
2025-12-09 15:20:00+00:00,2.159781790078704,2.165028246129695,-0.0052464560509907976,1,1.253506515242901
2025-12-09 15:25:00+00:00,2.1566459772666176,2.165028246129695,-0.008382268863077155,1,1.255329142522467
2025-12-09 15:30:00+00:00,2.1752885567318785,2.165028246129695,0.010260310602183525,1,1.2445707660201364
2025-12-09 15:35:00+00:00,2.167145111889462,2.167145111889462,0.0,0,0.0
2025-12-10 18:40:00+00:00,2.1663324324725033,2.1663324324725033,0.0,1,1.2504689258471926
2025-12-10 18:45:00+00:00,2.1396217180430623,2.1663324324725033,-0.026710714429440955,1,1.2660795910874685
2025-12-10 18:50:00+00:00,2.1487229709466407,2.1663324324725033,-0.01760946152586283,1,1.2607169125521942
2025-12-10 18:55:00+00:00,2.136964879662869,2.1663324324725033,-0.029367552809634205,1,1.2676536781873515
2025-12-10 19:00:00+00:00,2.130053936971534,2.1663324324725033,-0.03627849550096936,1,1.2717665702462582
2025-12-10 19:05:00+00:00,2.1150301485121092,2.1663324324725033,-0.051302283960394206,1,1.2808003667311874
2025-12-10 19:10:00+00:00,2.1314552895380694,2.1314552895380694,0.0,0,0.0
2025-12-11 18:45:00+00:00,2.1298569978068156,2.1298569978068156,0.0,2,2.501406953454738
2025-12-11 18:50:00+00:00,2.108542083486185,2.1298569978068156,-0.02131491432063047,2,2.526693275843791
2025-12-11 18:55:00+00:00,2.087317734962833,2.1298569978068156,-0.04253926284398282,2,2.5523853004933463
2025-12-11 19:00:00+00:00,2.0931774382325594,2.1298569978068156,-0.03667955957425603,2,2.5452400770556567
2025-12-11 19:05:00+00:00,2.096724444305042,2.1298569978068156,-0.0331325535017735,2,2.5409343219366356
2025-12-11 19:10:00+00:00,2.0868516585584067,2.1298569978068156,-0.043005339248408846,2,2.5529553489482453
2025-12-11 19:15:00+00:00,2.0923220614191624,2.0923220614191624,0.0,0,0.0
2025-12-15 15:10:00+00:00,2.0915374406461305,2.0915374406461305,0.0,1,1.2504689258471926
2025-12-15 15:15:00+00:00,2.0816249513246037,2.0915374406461305,-0.009912489321526831,1,1.2564235335042895
2025-12-15 15:20:00+00:00,2.061482154566388,2.0915374406461305,-0.030055286079742286,1,1.2687000811433542
2025-12-15 15:25:00+00:00,2.0457888114204352,2.0915374406461305,-0.04574862922569525,1,1.278432339728177
2025-12-15 15:30:00+00:00,2.0530986280691526,2.0915374406461305,-0.03843881257697808,1,1.2738806314597864
2025-12-15 15:35:00+00:00,2.058587432814781,2.0915374406461305,-0.03295000783134941,1,1.2704840878183243
2025-12-15 15:40:00+00:00,2.04367279043524,2.04367279043524,0.0,0,0.0
2025-12-15 19:05:00+00:00,2.0429064131388266,2.0429064131388266,0.0,1,1.2504689258471928
2025-12-15 19:10:00+00:00,2.0271785530537056,2.0429064131388266,-0.015727860085120976,1,1.2601706860976107
2025-12-15 19:15:00+00:00,2.0173691307186634,2.0429064131388266,-0.025537282420163333,1,1.2662982441562431
2025-12-15 19:20:00+00:00,2.030042869865697,2.0429064131388266,-0.012863543273129475,1,1.258392630995549
2025-12-15 19:25:00+00:00,2.0357801309499566,2.0429064131388266,-0.007126282188870135,1,1.2548462131084857
2025-12-15 19:30:00+00:00,2.028541691777485,2.0429064131388266,-0.014364721361342033,1,1.2593238770486501
2025-12-15 19:35:00+00:00,2.0332364968364645,2.0332364968364645,0.0,0,0.0
2025-12-17 14:55:00+00:00,2.030949963441949,2.030949963441949,0.0,3,3.752814258801789
2025-12-17 15:00:00+00:00,2.0963488286309224,2.030949963441949,0.06539886518897331,3,3.6357393758249326
2025-12-17 15:05:00+00:00,2.102977824773194,2.030949963441949,0.07202786133124489,3,3.6242788164159205
2025-12-17 15:10:00+00:00,2.119272171444695,2.030949963441949,0.08832220800274579,3,3.5964129970725747
2025-12-17 15:15:00+00:00,2.1493122297543055,2.030949963441949,0.11836226631235666,3,3.5461474029714086
2025-12-17 15:20:00+00:00,2.1200449072594716,2.030949963441949,0.08909494381752278,3,3.595102139402508
2025-12-17 15:25:00+00:00,2.100317996563882,2.100317996563882,0.0,0,0.0
2025-12-17 20:20:00+00:00,2.099530377315171,2.099530377315171,0.0,1,1.2504689258471926
2025-12-17 20:25:00+00:00,2.103366496717938,2.099530377315171,0.0038361194027672525,1,1.2481883208663274
2025-12-17 20:30:00+00:00,2.106989498376107,2.099530377315171,0.007459121060936065,1,1.2460420413714883
2025-12-17 20:35:00+00:00,2.0980385531029837,2.099530377315171,-0.001491824212187038,1,1.2513580800609736
2025-12-17 20:40:00+00:00,2.0942024337002163,2.099530377315171,-0.0053279436149542905,1,1.2536502935229978
2025-12-17 20:45:00+00:00,2.1001697305489655,2.099530377315171,0.0006393532337947363,1,1.2500882464478704
2025-12-17 20:50:00+00:00,2.0981034048326648,2.0981034048326648,0.0,0,0.0
2025-12-19 03:05:00+00:00,2.0965301223248316,2.0965301223248316,0.0,2,2.5014069534547385
2025-12-19 03:10:00+00:00,2.08847131472021,2.0965301223248316,-0.008058807604621632,2,2.5110591604238603
2025-12-19 03:15:00+00:00,2.103268069854939,2.0965301223248316,0.00673794753010733,2,2.49339354373042
2025-12-19 03:20:00+00:00,2.090406628823355,2.0965301223248316,-0.006123493501476541,2,2.508734403058479
2025-12-19 03:25:00+00:00,2.113212544458458,2.0965301223248316,0.01668242213362675,2,2.481659991969511
2025-12-19 03:30:00+00:00,2.1497891205883572,2.0965301223248316,0.05325899826352583,2,2.439436954949045
2025-12-19 03:35:00+00:00,2.1483707114416646,2.1483707114416646,0.0,0,0.0
2025-12-19 14:45:00+00:00,2.1451499676091603,2.1451499676091603,0.0,4,5.004691017933514
2025-12-19 14:50:00+00:00,2.083273059852141,2.1451499676091603,-0.06187690775701904,4,5.1533392246602086
2025-12-19 14:55:00+00:00,2.059825880319332,2.1451499676091603,-0.08532408728982804,4,5.212000139230009
2025-12-19 15:00:00+00:00,2.095400363199082,2.1451499676091603,-0.049749604410078294,4,5.123513846596548
2025-12-19 15:05:00+00:00,2.088550183538703,2.1451499676091603,-0.05659978407045747,4,5.140318322073484
2025-12-19 15:10:00+00:00,2.106639049156285,2.1451499676091603,-0.03851091845287523,4,5.096180467799482
2025-12-19 15:15:00+00:00,2.1413174948957026,2.1413174948957026,0.0,0,0.0
2025-12-22 00:15:00+00:00,2.138909415969342,2.138909415969342,0.0,3,3.7528142588017888
2025-12-22 00:20:00+00:00,2.104652294684441,2.138909415969342,-0.03425712128490112,3,3.813898274222376
2025-12-22 00:25:00+00:00,2.0859449195949487,2.138909415969342,-0.0529644963743935,3,3.848102449461529
2025-12-22 00:30:00+00:00,2.1012417294911594,2.138909415969342,-0.037667686478182555,3,3.8200886846459925
2025-12-22 00:35:00+00:00,2.0857383514734216,2.138909415969342,-0.053171064495920274,3,3.8484835592464006
2025-12-22 00:40:00+00:00,2.1081377986933463,2.138909415969342,-0.030771617275995547,3,3.8075925394964023
2025-12-22 00:45:00+00:00,2.0985354156295006,2.0985354156295006,0.0,0,0.0
2025-12-26 02:15:00+00:00,2.0961754484958814,2.0961754484958814,0.0,3,3.752814258801788
2025-12-26 02:20:00+00:00,2.1426579727629154,2.0961754484958814,0.04648252426703388,3,3.671401227850568
2025-12-26 02:25:00+00:00,2.172766070662122,2.0961754484958814,0.07659062216624063,3,3.6205264884628585
2025-12-26 02:30:00+00:00,2.1627226290010837,2.0961754484958814,0.06654718050520204,3,3.6373398079711103
2025-12-26 02:35:00+00:00,2.1721049650448196,2.0961754484958814,0.07592951654893805,3,3.6216284381557298
2025-12-26 02:40:00+00:00,2.1651037525051375,2.0961754484958814,0.06892830400925613,3,3.6333395584223442
2025-12-26 02:45:00+00:00,2.1720413505496894,2.1720413505496894,0.0,0,0.0
2025-12-26 09:50:00+00:00,2.171226835043233,2.171226835043233,0.0,1,1.2504689258471928
2025-12-26 09:55:00+00:00,2.164004206610329,2.171226835043233,-0.007222628432903982,1,1.2546425186667898
2025-12-26 10:00:00+00:00,2.1624721339124404,2.171226835043233,-0.008754701130792714,1,1.2555314103747177
2025-12-26 10:05:00+00:00,2.161596663799361,2.171226835043233,-0.009630171243872077,1,1.256039914224776
2025-12-26 10:10:00+00:00,2.1622532663841705,2.171226835043233,-0.008973568659062405,1,1.2556584977334124
2025-12-26 10:15:00+00:00,2.163785339082059,2.171226835043233,-0.007441495961173973,1,1.254769426129357
2025-12-26 10:20:00+00:00,2.1577180028971275,2.1577180028971275,0.0,0,0.0
2025-12-26 13:50:00+00:00,2.156908858646041,2.156908858646041,0.0,1,1.2504689258471926
2025-12-26 13:55:00+00:00,2.1551817170444263,2.156908858646041,-0.0017271416016149121,1,1.2514710394445179
2025-12-26 14:00:00+00:00,2.1553976097446284,2.156908858646041,-0.0015112489014128235,1,1.2513456874163313
2025-12-26 14:05:00+00:00,2.152806897342206,2.156908858646041,-0.0041019613038348925,1,1.2528515711052537
2025-12-26 14:10:00+00:00,2.1476254725373622,2.156908858646041,-0.00928338610867873,1,1.2558742379018262
2025-12-26 14:15:00+00:00,2.1502161849397843,2.156908858646041,-0.006692673706256661,1,1.2543610835563221
2025-12-26 14:20:00+00:00,2.1524295384915235,2.1524295384915235,0.0,0,0.0
2025-12-29 03:40:00+00:00,2.151622377414589,2.151622377414589,0.0,1,1.2504689258471928
2025-12-29 03:45:00+00:00,2.1569673328575916,2.151622377414589,0.0053449554430024205,1,1.2473702694189297
2025-12-29 03:50:00+00:00,2.1591692414121844,2.151622377414589,0.007546863997595369,1,1.246098208288056
2025-12-29 03:55:00+00:00,2.1589117601699135,2.151622377414589,0.007289382755324354,1,1.2462468234008093
2025-12-29 04:00:00+00:00,2.1622412589923816,2.151622377414589,0.010618881577792724,1,1.2443278065872316
2025-12-29 04:05:00+00:00,2.1603589823247455,2.151622377414589,0.00873660491015669,1,1.2454119639964365
2025-12-29 04:10:00+00:00,2.1618070017835636,2.1618070017835636,0.0,0,0.0
2025-12-29 12:25:00+00:00,2.1601859505363357,2.1601859505363357,0.0,2,2.501406953454738
2025-12-29 12:30:00+00:00,2.159835747034883,2.1601859505363357,-0.0003502035014524454,2,2.5018125405346168
2025-12-29 12:35:00+00:00,2.1653614525885714,2.1601859505363357,0.005175502052235645,2,2.4954282579322857
2025-12-29 12:40:00+00:00,2.16821326044984,2.1601859505363357,0.008027309913504468,2,2.4921460706802225
2025-12-29 12:45:00+00:00,2.159105668475995,2.1601859505363357,-0.0010802820603409231,2,2.5026585017679506
2025-12-29 12:50:00+00:00,2.158848382128715,2.1601859505363357,-0.001337568407620592,2,2.502956762576694
2025-12-29 12:55:00+00:00,2.161794296888124,2.161794296888124,0.0,0,0.0
2025-12-29 14:35:00+00:00,2.160983624026791,2.160983624026791,0.0,1,1.2504689258471926
2025-12-29 14:40:00+00:00,2.1559689729024134,2.160983624026791,-0.005014651124377608,1,1.253377439598463
2025-12-29 14:45:00+00:00,2.16054756740728,2.160983624026791,-0.0004360566195109659,1,1.250721304115014
2025-12-29 14:50:00+00:00,2.1598934824780134,2.160983624026791,-0.0010901415487777147,1,1.251100062587305
2025-12-29 14:55:00+00:00,2.1531346048755915,2.160983624026791,-0.007849019151199486,1,1.2550273749681762
2025-12-29 15:00:00+00:00,2.1487740386804806,2.160983624026791,-0.012209585346310345,1,1.2575742365025726
2025-12-29 15:05:00+00:00,2.147309280889881,2.147309280889881,0.0,0,0.0
2025-12-29 19:10:00+00:00,2.1465040399095474,2.1465040399095474,0.0,1,1.2504689258471928
2025-12-29 19:15:00+00:00,2.1422924472779963,2.1465040399095474,-0.004211592631551079,1,1.2529272576780188
2025-12-29 19:20:00+00:00,2.1432517037342063,2.1465040399095474,-0.0032523361753410175,1,1.2523664842704927
2025-12-29 19:25:00+00:00,2.142813186497082,2.1465040399095474,-0.003690853412465438,1,1.2526227755300434
2025-12-29 19:30:00+00:00,2.1431055313218317,2.1465040399095474,-0.003398508587715824,1,1.252451903036628
2025-12-29 19:35:00+00:00,2.1444484903605256,2.1465040399095474,-0.00205554954902156,1,1.2516675561002135
2025-12-29 19:40:00+00:00,2.138435857189337,2.138435857189337,0.0,0,0.0
2025-12-30 08:05:00+00:00,2.1368323310139874,2.1368323310139874,0.0,2,2.5014069534547385
2025-12-30 08:10:00+00:00,2.1463970046250767,2.1368323310139874,0.009564673611089466,2,2.4902603011687217
2025-12-30 08:15:00+00:00,2.1467141348750123,2.1368323310139874,0.009881803861024814,2,2.4898924194564414
2025-12-30 08:20:00+00:00,2.150182383493912,2.1368323310139874,0.013350052479924894,2,2.4858762178489493
2025-12-30 08:25:00+00:00,2.1343851846552124,2.1368323310139874,-0.0024471463587750182,2,2.504274902952312
2025-12-30 08:30:00+00:00,2.131835542186707,2.1368323310139874,-0.0049967888272807945,2,2.507269977159036
2025-12-30 08:35:00+00:00,2.1290053648729286,2.1290053648729286,0.0,0,0.0
2025-12-30 14:55:00+00:00,2.1282069878611014,2.1282069878611014,0.0,1,1.2504689258471924
2025-12-30 15:00:00+00:00,2.1230323819349746,2.1282069878611014,-0.005174605926126939,1,1.253516775691211
2025-12-30 15:05:00+00:00,2.112375157825212,2.1282069878611014,-0.0158318300358891,1,1.2598409407688014
2025-12-30 15:10:00+00:00,2.1137612129839964,2.1282069878611014,-0.01444577487710479,1,1.2590148261516563
2025-12-30 15:15:00+00:00,2.1150240632397774,2.1282069878611014,-0.013182924621323913,1,1.2582630866216566
2025-12-30 15:20:00+00:00,2.119089825038877,2.1282069878611014,-0.0091171628222243,1,1.2558489379006559
2025-12-30 15:25:00+00:00,2.117983435769543,2.117983435769543,0.0,0,0.0
2025-12-30 16:20:00+00:00,2.1171891919811294,2.1171891919811294,0.0,1,1.2504689258471926
2025-12-30 16:25:00+00:00,2.1270670618589937,2.1171891919811294,0.009877869877864523,1,1.244661883108711
2025-12-30 16:30:00+00:00,2.120972205976907,2.1171891919811294,0.0037830139957778027,1,1.2482385611896858
2025-12-30 16:35:00+00:00,2.1119350058758823,2.1171891919811294,-0.0052541861052472745,1,1.25357991005691
2025-12-30 16:40:00+00:00,2.1117248384316722,2.1171891919811294,-0.005464353549456989,1,1.2537046714278117
2025-12-30 16:45:00+00:00,2.1094129965453634,2.1171891919811294,-0.007776195435765908,1,1.2550786873162199
2025-12-30 16:50:00+00:00,2.104625571316962,2.104625571316962,0.0,0,0.0
2025-12-31 14:10:00+00:00,2.1038363367277184,2.1038363367277184,0.0,1,1.2504689258471926
2025-12-31 14:15:00+00:00,2.102100566657545,2.1038363367277184,-0.0017357700701734777,1,1.2515014770817032
2025-12-31 14:20:00+00:00,2.098201625846652,2.1038363367277184,-0.0056347108810664,1,1.2538270544350798
2025-12-31 14:25:00+00:00,2.0981841809213235,2.1038363367277184,-0.00565215580639495,1,1.253837479124932
2025-12-31 14:30:00+00:00,2.096596692716441,2.1038363367277184,-0.0072396440112772135,1,1.2547868520853422
2025-12-31 14:35:00+00:00,2.0893396037798353,2.1038363367277184,-0.014496732947882977,1,1.2591452147783162
2025-12-31 14:40:00+00:00,2.086265083972574,2.086265083972574,0.0,0,0.0
2026-01-02 14:40:00+00:00,2.0831374461927497,2.0831374461927497,0.0,4,5.004691017933514
2026-01-02 14:45:00+00:00,2.114033508381537,2.0831374461927497,0.03089606218878737,4,4.931548731251352
2026-01-02 14:50:00+00:00,2.168798004412494,2.0831374461927497,0.0856605582197443,4,4.807021790351548
2026-01-02 14:55:00+00:00,2.1713605000947167,2.0831374461927497,0.08822305390196704,4,4.8013488619817135
2026-01-02 15:00:00+00:00,2.1572307366026413,2.0831374461927497,0.07409329040989159,4,4.832797479281497
2026-01-02 15:05:00+00:00,2.1412329145738447,2.0831374461927497,0.05809546838109491,4,4.868904823535614
2026-01-02 15:10:00+00:00,2.1518650896026226,2.1518650896026226,0.0,0,0.0
2026-01-02 22:05:00+00:00,2.1510581401940216,2.1510581401940216,0.0,1,1.2504689258471928
2026-01-02 22:10:00+00:00,2.1534901757835367,2.1510581401940216,0.0024320355895150725,1,1.24905671372501
2026-01-02 22:15:00+00:00,2.144572711955316,2.1510581401940216,-0.006485428238705665,1,1.2542504840280384
2026-01-02 22:20:00+00:00,2.148828774236967,2.1510581401940216,-0.002229365957054886,1,1.2517662618132137
2026-01-02 22:25:00+00:00,2.149436783134345,2.1510581401940216,-0.0016213570596767149,1,1.2514121760217207
2026-01-02 22:30:00+00:00,2.146194069014992,2.1510581401940216,-0.0048640711790295475,1,1.2533029518797394
2026-01-02 22:35:00+00:00,2.1449817803414724,2.1449817803414724,0.0,0,0.0
2026-01-05 00:50:00+00:00,2.1441774121738444,2.1441774121738444,0.0,1,1.2504689258471926
2026-01-05 00:55:00+00:00,2.142198500648693,2.1441774121738444,-0.0019789115251511997,1,1.2516240790080473
2026-01-05 01:00:00+00:00,2.1441774121738444,2.1441774121738444,0.0,1,1.2504689258471926
2026-01-05 01:05:00+00:00,2.1402195891235425,2.1441774121738444,-0.003957823050302102,1,1.2527813683477451
2026-01-05 01:10:00+00:00,2.15882135745996,2.1441774121738444,0.014643945286115543,1,1.2419866128161416
2026-01-05 01:15:00+00:00,2.1609981601376265,2.1441774121738444,0.016820747963781923,1,1.2407355429011946
2026-01-05 01:20:00+00:00,2.1568296423772413,2.1568296423772413,0.0,0,0.0
2026-01-05 14:45:00+00:00,2.15602083126135,2.15602083126135,0.0,1,1.2504689258471926
2026-01-05 14:50:00+00:00,2.146046855800231,2.15602083126135,-0.009973975461119212,1,1.2562806099432704
2026-01-05 14:55:00+00:00,2.155340013823731,2.15602083126135,-0.0006808174376191579,1,1.2508639173772795
2026-01-05 15:00:00+00:00,2.1538251950250284,2.15602083126135,-0.002195636236321328,1,1.2517436694486352
2026-01-05 15:05:00+00:00,2.1509487413510877,2.15602083126135,-0.005072089910262113,1,1.253417620392978
2026-01-05 15:10:00+00:00,2.147714858522397,2.15602083126135,-0.008305972738952888,1,1.2553049313196045
2026-01-05 15:15:00+00:00,2.149322949310053,2.149322949310053,0.0,0,0.0
2026-01-06 06:45:00+00:00,2.1485169532040618,2.1485169532040618,0.0,1,1.2504689258471926
2026-01-06 06:50:00+00:00,2.151470956610787,2.1485169532040618,0.0029540034067250683,1,1.2487520123766174
2026-01-06 06:55:00+00:00,2.1458691070131595,2.1485169532040618,-0.0026478461909023,1,1.2520119134279937
2026-01-06 07:00:00+00:00,2.1425427502358385,2.1485169532040618,-0.005974202968223224,1,1.2539556964927934
2026-01-06 07:05:00+00:00,2.1390922756683195,2.1485169532040618,-0.00942467753574227,1,1.2559783966300244
2026-01-06 07:10:00+00:00,2.139944551161016,2.1485169532040618,-0.008572402043045858,1,1.2554781782452897
2026-01-06 07:15:00+00:00,2.1361431790515666,2.1361431790515666,0.0,0,0.0
2026-01-06 21:15:00+00:00,2.134541372062413,2.134541372062413,0.0,2,2.5014069534547376
2026-01-06 21:20:00+00:00,2.1892868270677495,2.134541372062413,0.054745455005336376,2,2.4388566013824122
2026-01-06 21:25:00+00:00,2.1816420721508223,2.134541372062413,0.047100700088409386,2,2.4474026691508604
2026-01-06 21:30:00+00:00,2.181118728666026,2.134541372062413,0.04657735660361303,2,2.4479899055193988
2026-01-06 21:35:00+00:00,2.2031323500147435,2.134541372062413,0.0685909779523308,2,2.4235296760442036
2026-01-06 21:40:00+00:00,2.177995630690466,2.134541372062413,0.04345425862805333,2,2.451500156968202
2026-01-06 21:45:00+00:00,2.1837317184713836,2.1837317184713836,0.0,0,0.0
2026-01-08 14:50:00+00:00,2.1812759414347647,2.1812759414347647,0.0,3,3.7528142588017883
2026-01-08 14:55:00+00:00,2.1882797078353304,2.1812759414347647,0.007003766400565693,3,3.7408030728828914
2026-01-08 15:00:00+00:00,2.1876499944061822,2.1812759414347647,0.0063740529714177785,3,3.7418798602743006
2026-01-08 15:05:00+00:00,2.1756620445711348,2.1812759414347647,-0.005613896863630004,3,3.762497707685701
2026-01-08 15:10:00+00:00,2.2125905830323616,2.1812759414347647,0.03131464159759704,3,3.6997009379741863
2026-01-08 15:15:00+00:00,2.21013515779061,2.1812759414347647,0.028859216355845527,3,3.703811247263648
2026-01-08 15:20:00+00:00,2.217255369646247,2.217255369646247,0.0,0,0.0
2026-01-09 01:30:00+00:00,2.21642389888263,2.21642389888263,0.0,1,1.2504689258471926
2026-01-09 01:35:00+00:00,2.1895577322608517,2.21642389888263,-0.026866166621778247,1,1.2658123470423386
2026-01-09 01:40:00+00:00,2.1779263248180896,2.21642389888263,-0.03849757406454044,1,1.2725725294170835
2026-01-09 01:45:00+00:00,2.180761314787054,2.21642389888263,-0.03566258409557563,1,1.2709181849772706
2026-01-09 01:50:00+00:00,2.186360640769371,2.21642389888263,-0.030063258113258884,1,1.2676633307314322
2026-01-09 01:55:00+00:00,2.1857600821466616,2.21642389888263,-0.030663816735968217,1,1.2680116334340854
2026-01-09 02:00:00+00:00,2.1856704779169793,2.1856704779169793,0.0,0,0.0
2026-01-09 03:50:00+00:00,2.1848508514877603,2.1848508514877603,0.0,1,1.2504689258471928
2026-01-09 03:55:00+00:00,2.183687353114251,2.1848508514877603,-0.0011634983735092223,1,1.2511351927279677
2026-01-09 04:00:00+00:00,2.1817481891584016,2.1848508514877603,-0.0031026623293588357,1,1.2522472166919103
2026-01-09 04:05:00+00:00,2.183687353114251,2.1848508514877603,-0.0011634983735092223,1,1.2511351927279677
2026-01-09 04:10:00+00:00,2.178257694037873,2.1848508514877603,-0.006593157449887413,1,1.2542538492457733
2026-01-09 04:15:00+00:00,2.174573282521759,2.1848508514877603,-0.010277568966001162,1,1.2563789500016018
2026-01-09 04:20:00+00:00,2.174917154466049,2.174917154466049,0.0,0,0.0
2026-01-09 15:25:00+00:00,2.172471290095756,2.172471290095756,0.0,3,3.752814258801789
2026-01-09 15:30:00+00:00,2.2305968889820296,2.172471290095756,0.05812559888627346,3,3.6550222384778706
2026-01-09 15:35:00+00:00,2.243808267848171,2.172471290095756,0.07133697775241486,3,3.633501735033514
2026-01-09 15:40:00+00:00,2.224209643287645,2.172471290095756,0.051738353191888714,3,3.6655183376769953
2026-01-09 15:45:00+00:00,2.18397484130062,2.172471290095756,0.011503551204864012,3,3.733047231191361
2026-01-09 15:50:00+00:00,2.18828392535442,2.172471290095756,0.015812635258663985,3,3.725696258993636
2026-01-09 15:55:00+00:00,2.1575039852351527,2.1575039852351527,0.0,0,0.0
2026-01-11 16:30:00+00:00,2.1566949212406894,2.1566949212406894,0.0,1,1.2504689258471928
2026-01-11 16:35:00+00:00,2.169389741780016,2.1566949212406894,0.0126948205393265,1,1.2431514400594113
2026-01-11 16:40:00+00:00,2.169197396014269,2.1566949212406894,0.012502474773579455,1,1.2432616720355867
2026-01-11 16:45:00+00:00,2.170159124843005,2.1566949212406894,0.013464203602315875,1,1.2427107075565438
2026-01-11 16:50:00+00:00,2.1536173889887316,2.1566949212406894,-0.003077532251957803,1,1.2522558534922992
2026-01-11 16:55:00+00:00,2.1553485008804576,2.1566949212406894,-0.0013464203602320066,1,1.251250078788775
2026-01-11 17:00:00+00:00,2.151461904634036,2.151461904634036,0.0,0,0.0
2026-01-12 03:15:00+00:00,2.1506551064197983,2.1506551064197983,0.0,1,1.2504689258471926
2026-01-12 03:20:00+00:00,2.144489495500933,2.1506551064197983,-0.00616561091886536,1,1.254064142741041
2026-01-12 03:25:00+00:00,2.145984189057021,2.1506551064197983,-0.004670917362777213,1,1.2531906779677988
2026-01-12 03:30:00+00:00,2.1420606184722883,2.1506551064197983,-0.008594487947509905,1,1.2554861228486456
2026-01-12 03:35:00+00:00,2.137576537804023,2.1506551064197983,-0.01307856861577554,1,1.2581198068141912
2026-01-12 03:40:00+00:00,2.1321582736632005,2.1506551064197983,-0.018496832756597574,1,1.2613169547549996
2026-01-12 03:45:00+00:00,2.127988414947764,2.127988414947764,0.0,0,0.0
2026-01-12 14:35:00+00:00,2.1271904192921585,2.1271904192921585,0.0,1,1.2504689258471926
2026-01-12 14:40:00+00:00,2.136169389783395,2.1271904192921585,0.008978970491236629,1,1.2452128241358351
2026-01-12 14:45:00+00:00,2.1312880468847593,2.1271904192921585,0.004097627592600861,1,1.248064766549377
2026-01-12 14:50:00+00:00,2.132421058525693,2.1271904192921585,0.005230639233534523,1,1.2474016367685647
2026-01-12 14:55:00+00:00,2.1311295426655614,2.1271904192921585,0.003939123373402863,1,1.2481575922211017
2026-01-12 15:00:00+00:00,2.13397381282117,2.1271904192921585,0.006783393529011743,1,1.246493983526505
2026-01-12 15:05:00+00:00,2.13136769496138,2.13136769496138,0.0,0,0.0
2026-01-13 22:10:00+00:00,2.128172441310887,2.128172441310887,0.0,4,5.004691017933515
2026-01-13 22:15:00+00:00,2.202390736550423,2.128172441310887,0.07421829523953626,4,4.836038094822594
2026-01-13 22:20:00+00:00,2.1944623305012834,2.128172441310887,0.06628988919039625,4,4.853510289788959
2026-01-13 22:25:00+00:00,2.1972551156839124,2.128172441310887,0.06908267437302541,4,4.847341314905566
2026-01-13 22:30:00+00:00,2.166576451419067,2.128172441310887,0.03840401010817984,4,4.915979537516958
2026-01-13 22:35:00+00:00,2.16536381594504,2.128172441310887,0.03719137463415291,4,4.918732558110027
2026-01-13 22:40:00+00:00,2.1738236806149405,2.1738236806149405,0.0,0,0.0
2026-01-14 14:50:00+00:00,2.17300849673471,2.17300849673471,0.0,1,1.2504689258471926
2026-01-14 14:55:00+00:00,2.184708178648559,2.17300849673471,0.01169968191384898,1,1.2437723387155353
2026-01-14 15:00:00+00:00,2.1792976859693454,2.17300849673471,0.006289189234635193,1,1.2468602239441362
2026-01-14 15:05:00+00:00,2.16678439613381,2.17300849673471,-0.006224100600900106,1,1.2540609050061065
2026-01-14 15:10:00+00:00,2.1737000634681434,2.17300849673471,0.0006915667334334457,1,1.2500710868238416
2026-01-14 15:15:00+00:00,2.1882555091871114,2.17300849673471,0.015247012452401388,1,1.2417560880621683
2026-01-14 15:20:00+00:00,2.1831363394011603,2.1831363394011603,0.0,0,0.0
2026-01-15 16:00:00+00:00,2.181499294150157,2.181499294150157,0.0,2,2.501406953454738
2026-01-15 16:05:00+00:00,2.1739506169747176,2.181499294150157,-0.0075486771754395485,2,2.5100926675774935
2026-01-15 16:10:00+00:00,2.1678162665152985,2.181499294150157,-0.0136830276348586,2,2.517195570321779
2026-01-15 16:15:00+00:00,2.1706001245434963,2.181499294150157,-0.010899169606661097,2,2.513967193515868
2026-01-15 16:20:00+00:00,2.1756221054291744,2.181499294150157,-0.005877188720982778,2,2.508164211848439
2026-01-15 16:25:00+00:00,2.1857242463143716,2.181499294150157,0.004224952164214578,2,2.4965717942440557
2026-01-15 16:30:00+00:00,2.169806676443182,2.169806676443182,0.0,0,0.0
2026-01-19 00:20:00+00:00,2.168992998939516,2.168992998939516,0.0,1,1.2504689258471926
2026-01-19 00:25:00+00:00,2.1637339403233327,2.168992998939516,-0.005259058616183271,1,1.2535082502558874
2026-01-19 00:30:00+00:00,2.166363469631424,2.168992998939516,-0.0026295293080916353,1,1.2519867434874303
2026-01-19 00:35:00+00:00,2.166565741116662,2.168992998939516,-0.002427257822853887,1,1.251869857480559
2026-01-19 00:40:00+00:00,2.16858845596904,2.168992998939516,-0.00040454297047579833,1,1.2507021966701362
2026-01-19 00:45:00+00:00,2.17142025676237,2.168992998939516,0.002427257822854188,1,1.2490711261936958
2026-01-19 00:50:00+00:00,2.1695952218325143,2.1695952218325143,0.0,0,0.0
2026-01-20 14:40:00+00:00,2.168781623624327,2.168781623624327,0.0,1,1.2504689258471928
2026-01-20 14:45:00+00:00,2.1626847700428944,2.168781623624327,-0.006096853581432396,1,1.2539941395328056
2026-01-20 14:50:00+00:00,2.144358537800315,2.168781623624327,-0.024423085824012078,1,1.2647110916780777
2026-01-20 14:55:00+00:00,2.144887665024837,2.168781623624327,-0.023893958599489805,1,1.264399097217634
2026-01-20 15:00:00+00:00,2.1469149951772195,2.168781623624327,-0.021866628447107246,1,1.2632051261381116
2026-01-20 15:05:00+00:00,2.1404465634886796,2.168781623624327,-0.028335060135647513,1,1.2670225333121174
2026-01-20 15:10:00+00:00,2.1290325850409078,2.1290325850409078,0.0,0,0.0
2026-01-20 22:40:00+00:00,2.1274361099973342,2.1274361099973342,0.0,2,2.501406953454738
2026-01-20 22:45:00+00:00,2.1279059662214634,2.1274361099973342,0.00046985622412927834,2,2.50085462565228
2026-01-20 22:50:00+00:00,2.1302513149655007,2.1274361099973342,0.002815204968166607,2,2.498101252745484
2026-01-20 22:55:00+00:00,2.124717471257415,2.1274361099973342,-0.002718638739919207,2,2.5046075775094465
2026-01-20 23:00:00+00:00,2.1233612681322165,2.1274361099973342,-0.004074841865117875,2,2.5062072848578816
2026-01-20 23:05:00+00:00,2.114231908069236,2.1274361099973342,-0.013204201928098189,2,2.5170292143768753
2026-01-20 23:10:00+00:00,2.1194208355046826,2.1194208355046826,0.0,0,0.0
2026-01-21 14:10:00+00:00,2.1186260526913685,2.1186260526913685,0.0,1,1.2504689258471926
2026-01-21 14:15:00+00:00,2.1337293054238793,2.1186260526913685,0.015103252732510775,1,1.241617686763953
2026-01-21 14:20:00+00:00,2.130212109582062,2.1186260526913685,0.011586056890693513,1,1.243667723258145
2026-01-21 14:25:00+00:00,2.136005138027408,2.1186260526913685,0.017379085336039386,1,1.2402947901274473
2026-01-21 14:30:00+00:00,2.1318672605664464,2.1186260526913685,0.013241207875077796,1,1.2427021575803594
2026-01-21 14:35:00+00:00,2.1444877868223804,2.1186260526913685,0.02586173413101185,1,1.2353887304280005
2026-01-21 14:40:00+00:00,2.1376930816906707,2.1376930816906707,0.0,0,0.0
2026-01-26 21:45:00+00:00,2.136891446785037,2.136891446785037,0.0,1,1.2504689258471926
2026-01-26 21:50:00+00:00,2.132958195236026,2.136891446785037,-0.003933251549011021,1,1.2527748354756907
2026-01-26 21:55:00+00:00,2.134469583562729,2.136891446785037,-0.002421863222307726,1,1.2518877629791292
2026-01-26 22:00:00+00:00,2.1306182747543225,2.136891446785037,-0.006273172030714141,1,1.2541506771885054
2026-01-26 22:05:00+00:00,2.1358079816592674,2.136891446785037,-0.0010834651257691833,1,1.2511032710147583
2026-01-26 22:10:00+00:00,2.1297351141055865,2.136891446785037,-0.007156332679450172,1,1.2546707496230267
2026-01-26 22:15:00+00:00,2.123825715035612,2.123825715035612,0.0,0,0.0
2026-01-27 20:50:00+00:00,2.123029280392474,2.123029280392474,0.0,1,1.2504689258471924
2026-01-27 20:55:00+00:00,2.1242500542443854,2.123029280392474,0.0012207738519114115,1,1.2497503005778876
2026-01-27 21:00:00+00:00,2.122467902635756,2.123029280392474,-0.0005613777567180378,1,1.25079966603863
2026-01-27 21:05:00+00:00,2.123026310139793,2.123029280392474,-2.9702526811601006e-06,1,1.2504706753350165
2026-01-27 21:10:00+00:00,2.124665889619732,2.123029280392474,0.0016366092272579096,1,1.2495057019386997
2026-01-27 21:15:00+00:00,2.122432259603583,2.123029280392474,-0.0005970207888910747,1,1.2508206713227972
2026-01-27 21:20:00+00:00,2.1187220070803363,2.1187220070803363,0.0,0,0.0
2026-01-28 19:50:00+00:00,2.117927486327681,2.117927486327681,0.0,1,1.2504689258471928
2026-01-28 19:55:00+00:00,2.120445508015863,2.117927486327681,0.0025180216881818605,1,1.248983998333716
2026-01-28 20:00:00+00:00,2.1180446036155036,2.117927486327681,0.00011711728782235742,1,1.250399781161169
2026-01-28 20:05:00+00:00,2.1216752395379985,2.117927486327681,0.0037477532103172015,1,1.2482600821731409
2026-01-28 20:10:00+00:00,2.1232563229236012,2.117927486327681,0.005328836595920203,1,1.247330564970942
2026-01-28 20:15:00+00:00,2.123227043601646,2.117927486327681,0.005299557273964613,1,1.247347765671784
2026-01-28 20:20:00+00:00,2.122491081492902,2.122491081492902,0.0,0,0.0
2026-01-30 01:55:00+00:00,2.1208995116570906,2.1208995116570906,0.0,2,2.501406953454738
2026-01-30 02:00:00+00:00,2.121121848187772,2.1208995116570906,0.00022233653068157015,2,2.501144755342768
2026-01-30 02:05:00+00:00,2.11032925504172,2.1208995116570906,-0.010570256615370652,2,2.513936047355285
2026-01-30 02:10:00+00:00,2.0993700884152666,2.1208995116570906,-0.021529423241823754,2,2.5270593380905604
2026-01-30 02:15:00+00:00,2.096208934975777,2.1208995116570906,-0.024690576681313532,2,2.530870228400734
2026-01-30 02:20:00+00:00,2.0808207096933757,2.1208995116570906,-0.04007880196371494,2,2.5495866901572555
2026-01-30 02:25:00+00:00,2.0576239408120793,2.0576239408120793,0.0,0,0.0
2026-01-30 11:55:00+00:00,2.0545392405870717,2.0545392405870717,0.0,4,5.0046910179335145
2026-01-30 12:00:00+00:00,2.0421752341365345,2.0545392405870717,-0.012364006450537307,4,5.034991077886421
2026-01-30 12:05:00+00:00,2.039772802160688,2.0545392405870717,-0.014766438426384127,4,5.040921259694318
2026-01-30 12:10:00+00:00,2.0150345936284153,2.0545392405870717,-0.03950464695865627,4,5.102807721451053
2026-01-30 12:15:00+00:00,2.0074749096823115,2.0545392405870717,-0.04706433090476011,4,5.122023709369932
2026-01-30 12:20:00+00:00,2.0097979400573345,2.0545392405870717,-0.04474130052973723,4,5.116103404437132
2026-01-30 12:25:00+00:00,1.987403791572902,1.987403791572902,0.0,0,0.0
2026-01-30 13:05:00+00:00,1.986658515151062,1.986658515151062,0.0,1,1.2504689258471926
2026-01-30 13:10:00+00:00,1.9872187891112485,1.986658515151062,0.0005602739601863541,1,1.2501163702146607
2026-01-30 13:15:00+00:00,1.991583028380068,1.986658515151062,0.0049245132290057945,1,1.2473769378757928
2026-01-30 13:20:00+00:00,1.9954164817918687,1.986658515151062,0.00875796664080673,1,1.2449805652779242
2026-01-30 13:25:00+00:00,1.994325421974664,1.986658515151062,0.007666906823601869,1,1.2456616719082707
2026-01-30 13:30:00+00:00,1.999574304338515,1.986658515151062,0.012915789187452889,1,1.242391810134783
2026-01-30 13:35:00+00:00,2.004579208034377,2.004579208034377,0.0,0,0.0
2026-01-30 18:30:00+00:00,2.0030760555223024,2.0030760555223024,0.0,2,2.501406953454738
2026-01-30 18:35:00+00:00,1.9915618753399227,2.0030760555223024,-0.011514180182379815,2,2.5158687940473734
2026-01-30 18:40:00+00:00,2.0024427657725394,2.0030760555223024,-0.000633289749762791,2,2.502198044920964
2026-01-30 18:45:00+00:00,2.0741990102768018,2.0030760555223024,0.07112295475449941,2,2.4156353121167116
2026-01-30 18:50:00+00:00,2.0927140694922124,2.0030760555223024,0.08963801396991002,2,2.3942632424686443
2026-01-30 18:55:00+00:00,2.111599838865358,2.0030760555223024,0.10852378334305562,2,2.372849382425844
2026-01-30 19:00:00+00:00,2.1160006413114214,2.1160006413114214,0.0,0,0.0
2026-01-30 21:00:00+00:00,2.1152071410709294,2.1152071410709294,0.0,1,1.2504689258471928
2026-01-30 21:05:00+00:00,2.101146334408499,2.1152071410709294,-0.014060806662430148,1,1.2588370254487202
2026-01-30 21:10:00+00:00,2.1013309401852487,2.1152071410709294,-0.013876200885680654,1,1.2587264343074391
2026-01-30 21:15:00+00:00,2.104930752831867,2.1152071410709294,-0.010276388239062564,1,1.2565737842353373
2026-01-30 21:20:00+00:00,2.1095458972506074,2.1152071410709294,-0.005661243820321959,1,1.2538247236462279
2026-01-30 21:25:00+00:00,2.108776706514151,2.1152071410709294,-0.0064304345567784815,1,1.2542820647955253
2026-01-30 21:30:00+00:00,2.107275550796119,2.107275550796119,0.0,0,0.0
2026-01-31 16:15:00+00:00,2.1064853224645703,2.1064853224645703,0.0,1,1.2504689258471928
2026-01-31 16:20:00+00:00,2.1236920555030943,2.1056886391875276,0.018003416315566696,2,2.49080621093966
2026-01-31 16:25:00+00:00,2.126195652846245,2.1056886391875276,0.020507013658717436,2,2.4878732843279137
2026-01-31 16:30:00+00:00,2.09399502607416,2.1056886391875276,-0.011693613113367408,2,2.526130815070514
2026-01-31 16:35:00+00:00,2.09041761776613,2.1056886391875276,-0.015271021421397475,2,2.530453875347178
2026-01-31 16:40:00+00:00,2.0770012828040336,2.1056886391875276,-0.028687356383493817,2,2.5467992753615487
2026-01-31 16:45:00+00:00,2.0700784925676396,2.0873815733597523,-0.017303080792112544,1,1.2828551830328236
2026-01-31 16:50:00+00:00,2.0550108874182453,2.0550108874182453,0.0,0,0.0
2026-02-01 14:45:00+00:00,2.0542402583354633,2.0542402583354633,0.0,1,1.2504689258471928
2026-02-01 14:50:00+00:00,2.066184355766244,2.0542402583354633,0.011944097430780592,1,1.2432402762628514
2026-02-01 14:55:00+00:00,2.08333485464121,2.0542402583354633,0.029094596305746925,1,1.2330056320759808
2026-02-01 15:00:00+00:00,2.0811910422818394,2.0542402583354633,0.02695078394637599,1,1.234275737827695
2026-02-01 15:05:00+00:00,2.0674434201677787,2.0542402583354633,0.013203161832315569,1,1.2424831481310112
2026-02-01 15:10:00+00:00,2.0623731337940288,2.0542402583354633,0.008132875458565472,1,1.2455377580230598
2026-02-01 15:15:00+00:00,2.0463235880547788,2.0463235880547788,0.0,0,0.0
2026-02-01 18:05:00+00:00,2.045556216709258,2.045556216709258,0.0,1,1.2504689258471928
2026-02-01 18:10:00+00:00,2.0616506851678795,2.045556216709258,0.016094468458621627,1,1.2407070234888915
2026-02-01 18:15:00+00:00,2.065108096475102,2.045556216709258,0.019551879765843865,1,1.2386298273850735
2026-02-01 18:20:00+00:00,2.0715415073885413,2.045556216709258,0.025985290679283245,1,1.234783119693826
2026-02-01 18:25:00+00:00,2.0616178616428114,2.045556216709258,0.016061644933553228,1,1.2407267770905872
2026-02-01 18:30:00+00:00,2.0686420960074847,2.045556216709258,0.023085879298226652,1,1.2365137932778578
2026-02-01 18:35:00+00:00,2.0636733134531875,2.0636733134531875,0.0,0,0.0
2026-02-02 03:50:00+00:00,2.0613525514789055,2.0613525514789055,0.0,3,3.7528142588017883
2026-02-02 03:55:00+00:00,2.0637055507781157,2.0613525514789055,0.002352999299210398,3,3.7485353686676324
2026-02-02 04:00:00+00:00,2.0926860704242176,2.0613525514789055,0.03133351894531226,3,3.696623854355427
2026-02-02 04:05:00+00:00,2.0296562182110627,2.0613525514789055,-0.03169633326784269,3,3.811420465297259
2026-02-02 04:10:00+00:00,2.058950141951104,2.0613525514789055,-0.002402409527801273,3,3.7571930907840287
2026-02-02 04:15:00+00:00,2.0119207848128267,2.0613525514789055,-0.049431766666078854,3,3.845018802928252
2026-02-02 04:20:00+00:00,2.0687695255877023,2.0687695255877023,0.0,0,0.0
2026-02-02 06:20:00+00:00,2.0672182393642258,2.0672182393642258,0.0,2,2.5014069534547385
2026-02-02 06:25:00+00:00,2.0517697890184463,2.0672182393642258,-0.015448450345779421,2,2.5202408700675374
2026-02-02 06:30:00+00:00,2.0347505846728535,2.0672182393642258,-0.03246765469137246,2,2.5413208464985013
2026-02-02 06:35:00+00:00,2.002512658870965,2.0672182393642258,-0.06470558049326056,2,2.5822329039206013
2026-02-02 06:40:00+00:00,1.9618786745822145,2.0672182393642258,-0.10533956478201126,2,2.635715523721313
2026-02-02 06:45:00+00:00,2.1022129852359117,2.0672182393642258,0.03499474587168589,2,2.459766976310371
2026-02-02 06:50:00+00:00,2.0725163143851604,2.0725163143851604,0.0,0,0.0
2026-02-03 15:30:00+00:00,2.070962218596978,2.070962218596978,0.0,2,2.5014069534547385
2026-02-03 15:35:00+00:00,2.079888338702789,2.070962218596978,0.008926120105810712,2,2.4906718296095933
2026-02-03 15:40:00+00:00,2.068372788360578,2.070962218596978,-0.0025894302364004086,2,2.5045385063523917
2026-02-03 15:45:00+00:00,2.0389996536279136,2.070962218596978,-0.03196256496906433,2,2.540618035281855
2026-02-03 15:50:00+00:00,2.080809391086811,2.070962218596978,0.009847172489832984,2,2.4895693551415787
2026-02-03 15:55:00+00:00,2.0809675563536403,2.070962218596978,0.010005337756662267,2,2.4893801338343344
2026-02-03 16:00:00+00:00,2.0928346366602897,2.0928346366602897,0.0,0,0.0
2026-02-04 01:05:00+00:00,2.092049823671542,2.092049823671542,0.0,1,1.2504689258471926
2026-02-04 01:10:00+00:00,2.0902034531259903,2.092049823671542,-0.0018463705455513963,1,1.2515735211866363
2026-02-04 01:15:00+00:00,2.0946874958794717,2.092049823671542,0.0026376722079299855,1,1.2488943104742194
2026-02-04 01:20:00+00:00,2.0896759186844043,2.092049823671542,-0.00237390498713751,1,1.2518894783801415
2026-02-04 01:25:00+00:00,2.092841125333921,2.092049823671542,0.0007913016623788794,1,1.2499961244826752
2026-02-04 01:30:00+00:00,2.0962700992042302,2.092049823671542,0.004220275532688325,1,1.2479514432889367
2026-02-04 01:35:00+00:00,2.100233096189757,2.100233096189757,0.0,0,0.0
2026-02-04 14:40:00+00:00,2.0994455087786856,2.0994455087786856,0.0,1,1.2504689258471928
2026-02-04 14:45:00+00:00,2.0826632035841044,2.0994455087786856,-0.01678230519458109,1,1.260545327597506
2026-02-04 14:50:00+00:00,2.0936179897896197,2.0994455087786856,-0.005827518989066006,1,1.2539495662725952
2026-02-04 14:55:00+00:00,2.0757318979026085,2.0994455087786856,-0.023713610876077325,1,1.2647545537503575
2026-02-04 15:00:00+00:00,2.050380409999055,2.0994455087786856,-0.04906509877963093,1,1.2803923396041452
2026-02-04 15:05:00+00:00,2.0493122293289607,2.0994455087786856,-0.050133279449724795,1,1.2810597295351318
2026-02-04 15:10:00+00:00,2.061888768968171,2.061888768968171,0.0,0,0.0
2026-02-04 22:25:00+00:00,2.060342642344553,2.060342642344553,0.0,2,2.5014069534547385
2026-02-04 22:30:00+00:00,2.084460202251069,2.060342642344553,0.024117559906516275,2,2.4724652485541743
2026-02-04 22:35:00+00:00,2.06893982117023,2.060342642344553,0.008597178825677027,2,2.4910127202950334
2026-02-04 22:40:00+00:00,2.054297679502645,2.060342642344553,-0.006044962841908285,2,2.5087675771058273
2026-02-04 22:45:00+00:00,2.005958381447884,2.060342642344553,-0.054384260896668944,2,2.5692234992133964
2026-02-04 22:50:00+00:00,2.018554259286229,2.060342642344553,-0.04178838305832396,2,2.553191418239294
2026-02-04 22:55:00+00:00,2.002637127336548,2.002637127336548,0.0,0,0.0
2026-02-05 01:30:00+00:00,2.0011354311118916,2.0011354311118916,0.0,2,2.501406953454738
2026-02-05 01:35:00+00:00,2.0086285744460795,2.0011354311118916,0.00749314333418788,2,2.492075511555611
2026-02-05 01:40:00+00:00,2.000286375474712,2.0011354311118916,-0.0008490556371792456,2,2.5024687182603933
2026-02-05 01:45:00+00:00,1.9767192372688074,2.0011354311118916,-0.024416193843084234,2,2.5323040256865923
2026-02-05 01:50:00+00:00,1.982387484111573,2.0011354311118916,-0.01874794700031868,2,2.525063400726254
2026-02-05 01:55:00+00:00,1.969656667349573,2.0011354311118916,-0.03147876376231864,2,2.541384072242237
2026-02-05 02:00:00+00:00,1.9652560231402585,1.9652560231402585,0.0,0,0.0
2026-02-05 07:05:00+00:00,1.964519052131581,1.964519052131581,0.0,1,1.2504689258471926
2026-02-05 07:10:00+00:00,1.945988022067533,1.964519052131581,-0.018531030064047944,1,1.2623767469623568
2026-02-05 07:15:00+00:00,1.9454508907613288,1.964519052131581,-0.01906816137025219,1,1.2627252841956724
2026-02-05 07:20:00+00:00,1.956999213844721,1.964519052131581,-0.0075198382868599725,1,1.2552738966609727
2026-02-05 07:25:00+00:00,1.9583420421102316,1.964519052131581,-0.006177010021349497,1,1.2544131597553922
2026-02-05 07:30:00+00:00,1.9631762238660702,1.964519052131581,-0.0013428282655107483,1,1.2513242566108589
2026-02-05 07:35:00+00:00,1.9592164650201669,1.9592164650201669,0.0,0,0.0
2026-02-05 15:40:00+00:00,1.9584817588457843,1.9584817588457843,0.0,1,1.2504689258471926
2026-02-05 15:45:00+00:00,1.963368302259127,1.9584817588457843,0.004886543413342772,1,1.2473566872080348
2026-02-05 15:50:00+00:00,1.9495710032096891,1.9584817588457843,-0.008910755636095275,1,1.2561843488866253
2026-02-05 15:55:00+00:00,1.9446844597963466,1.9584817588457843,-0.013797299049437776,1,1.2593408503566061
2026-02-05 16:00:00+00:00,1.9397979163830037,1.9584817588457843,-0.018683842462780546,1,1.2625132549073534
2026-02-05 16:05:00+00:00,1.9257131736033697,1.9584817588457843,-0.032768585242414716,1,1.271747327091621
2026-02-05 16:10:00+00:00,1.9255533548893802,1.9255533548893802,0.0,0,0.0
2026-02-05 21:00:00+00:00,1.9248312723812966,1.9248312723812966,0.0,1,1.2504689258471928
2026-02-05 21:05:00+00:00,1.9647801379266114,1.9248312723812966,0.03994886554531477,1,1.2250437833475438
2026-02-05 21:10:00+00:00,1.9467574152894318,1.9248312723812966,0.021926142908135153,1,1.236385013719789
2026-02-05 21:15:00+00:00,1.9329988250274526,1.9248312723812966,0.00816755264615592,1,1.2451852853958882
2026-02-05 21:20:00+00:00,1.9113689813478065,1.9248312723812966,-0.013462291033490153,1,1.2592763182305409
2026-02-05 21:25:00+00:00,1.9471052448185264,1.9248312723812966,0.02227397243722976,1,1.2361641467593378
2026-02-05 21:30:00+00:00,1.9377647195339787,1.9377647195339787,0.0,0,0.0
2026-02-05 22:30:00+00:00,1.934859707034951,1.934859707034951,0.0,4,5.004691017933514
2026-02-05 22:35:00+00:00,1.899408992719078,1.934859707034951,-0.035450714315872905,4,5.098098952820667
2026-02-05 22:40:00+00:00,1.8957803606683201,1.934859707034951,-0.039079346366630865,4,5.1078570058324715
2026-02-05 22:45:00+00:00,1.9319395871354224,1.934859707034951,-0.002920119899528584,4,5.012255590826877
2026-02-05 22:50:00+00:00,1.929475548047238,1.934859707034951,-0.005384158987712783,4,5.018656497906662
2026-02-05 22:55:00+00:00,1.962913434592783,1.934859707034951,0.028053727557832156,4,4.933164563504125
2026-02-05 23:00:00+00:00,1.903770547644785,1.903770547644785,0.0,0,0.0
2026-02-06 00:25:00+00:00,1.9016296088314903,1.9016296088314903,0.0,3,3.7528142588017888
2026-02-06 00:30:00+00:00,1.936047836909086,1.9016296088314903,0.03441822807759584,3,3.6860983364832025
2026-02-06 00:35:00+00:00,2.099587802314963,1.9016296088314903,0.1979581934834726,3,3.398982744667294
2026-02-06 00:40:00+00:00,2.2551636280805005,1.9016296088314903,0.3535340192490103,3,3.1644988514898755
2026-02-06 00:45:00+00:00,2.2303127420949584,1.9016296088314903,0.3286831332634679,3,3.1997587496537028
2026-02-06 00:50:00+00:00,2.2381275284076114,1.9016296088314903,0.3364979195761211,3,3.1885862715159727
2026-02-06 00:55:00+00:00,2.3406112093799036,2.3406112093799036,0.0,0,0.0
2026-02-06 05:55:00+00:00,2.33885608012132,2.33885608012132,0.0,2,2.501406953454738
2026-02-06 06:00:00+00:00,2.296869425133879,2.33885608012132,-0.0419866549874411,2,2.5471325439426558
2026-02-06 06:05:00+00:00,2.312693665965957,2.33885608012132,-0.026162414155363203,2,2.52970419214677
2026-02-06 06:10:00+00:00,2.3030408928830326,2.33885608012132,-0.03581518723828763,2,2.540306982835018
2026-02-06 06:15:00+00:00,2.2702834949071655,2.33885608012132,-0.06857258521415437,2,2.5769604875643926
2026-02-06 06:20:00+00:00,2.2412019399175547,2.33885608012132,-0.09765414020376537,2,2.610398803313805
2026-02-06 06:25:00+00:00,2.2462674479390774,2.2462674479390774,0.0,0,0.0
2026-02-13 14:35:00+00:00,2.2454250976461,2.2454250976461,0.0,1,1.2504689258471928
2026-02-13 14:40:00+00:00,2.227161079675314,2.2454250976461,-0.01826401797078588,1,1.2607234993228178
2026-02-13 14:45:00+00:00,2.2316409331398464,2.2454250976461,-0.013784164506253806,1,1.2581926905119611
2026-02-13 14:50:00+00:00,2.253695596349852,2.2454250976461,0.008270498703752096,1,1.245880017901039
2026-02-13 14:55:00+00:00,2.2399114318435984,2.2454250976461,-0.005513665802501709,1,1.2535470242289042
2026-02-13 15:00:00+00:00,2.239222223618286,2.2454250976461,-0.006202874027814384,1,1.25393285235744
2026-02-13 15:05:00+00:00,2.2383798733253086,2.2383798733253086,0.0,0,0.0
2026-02-15 03:50:00+00:00,2.2375404808728114,2.2375404808728114,0.0,1,1.2504689258471928
2026-02-15 03:55:00+00:00,2.238505575959171,2.2375404808728114,0.0009650950863593973,1,1.2499298066111537
2026-02-15 04:00:00+00:00,2.2397830254718207,2.2375404808728114,0.002242544599009334,1,1.2492169151372283
2026-02-15 04:05:00+00:00,2.2422938745139254,2.2375404808728114,0.004753393641114124,1,1.2478180819466265
2026-02-15 04:10:00+00:00,2.2524333797365887,2.2375404808728114,0.014892898863777102,1,1.24220093114756
2026-02-15 04:15:00+00:00,2.259008840864398,2.2375404808728114,0.021468359991586347,1,1.2385851666636265
2026-02-15 04:20:00+00:00,2.253355986611884,2.253355986611884,0.0,0,0.0
2026-02-17 18:25:00+00:00,2.252510978116905,2.252510978116905,0.0,1,1.2504689258471926
2026-02-17 18:30:00+00:00,2.2562545466320882,2.252510978116905,0.0037435685151834507,1,1.2483941528092815
2026-02-17 18:35:00+00:00,2.2577009253765903,2.252510978116905,0.0051899472596856075,1,1.2475943786908017
2026-02-17 18:40:00+00:00,2.263656602559837,2.252510978116905,0.011145624442932064,1,1.2443119597202243
2026-02-17 18:45:00+00:00,2.272263974108004,2.252510978116905,0.019752995991099243,1,1.239598486514126
2026-02-17 18:50:00+00:00,2.2668187835404647,2.252510978116905,0.01430780542356002,1,1.2425761616751554
2026-02-17 18:55:00+00:00,2.2700576679711393,2.2700576679711393,0.0,0,0.0
2026-02-18 14:55:00+00:00,2.26920639634565,2.26920639634565,0.0,1,1.2504689258471926
2026-02-18 15:00:00+00:00,2.2668902000474183,2.26920639634565,-0.002316196298232006,1,1.2517465931541671
2026-02-18 15:05:00+00:00,2.276432928796134,2.26920639634565,0.007226532450484009,1,1.2464993143745036
2026-02-18 15:10:00+00:00,2.2752748306470183,2.26920639634565,0.006068434301368007,1,1.247133773354758
2026-02-18 15:15:00+00:00,2.272263775459317,2.26920639634565,0.003057379113666651,1,1.2487863933800272
2026-02-18 15:20:00+00:00,2.273885112868079,2.26920639634565,0.004678716522428677,1,1.2478959772003873
2026-02-18 15:25:00+00:00,2.273821347983988,2.273821347983988,0.0,0,0.0
2026-02-20 05:35:00+00:00,2.2712642581159788,2.2712642581159788,0.0,3,3.752814258801789
2026-02-20 05:40:00+00:00,2.25691868198229,2.2712642581159788,-0.014345576133688757,3,3.776668145561213
2026-02-20 05:45:00+00:00,2.264058102849659,2.2712642581159788,-0.007206155266319658,3,3.76475890024034
2026-02-20 05:50:00+00:00,2.269961808310372,2.2712642581159788,-0.0013024498056068735,3,3.7549675338850794
2026-02-20 05:55:00+00:00,2.249599619435496,2.2712642581159788,-0.02166463868048244,3,3.7889555188951323
2026-02-20 06:00:00+00:00,2.244989355897956,2.2712642581159788,-0.02627490221802284,3,3.796736439293811
2026-02-20 06:05:00+00:00,2.242817183084526,2.242817183084526,0.0,0,0.0
2026-02-20 15:05:00+00:00,2.241135385593379,2.241135385593379,0.0,2,2.501406953454738
2026-02-20 15:10:00+00:00,2.2344148552674494,2.241135385593379,-0.006720530325929287,2,2.5089305255651513
2026-02-20 15:15:00+00:00,2.1834801671380273,2.241135385593379,-0.0576552184553514,2,2.5674570905330163
2026-02-20 15:20:00+00:00,2.199443119306135,2.241135385593379,-0.04169226628724411,2,2.5488231943571624
2026-02-20 15:25:00+00:00,2.220008724549184,2.241135385593379,-0.021126661044194726,2,2.5252115341551864
2026-02-20 15:30:00+00:00,2.2274430628287836,2.241135385593379,-0.01369232276459521,2,2.51678336057547
2026-02-20 15:35:00+00:00,2.1944263959359604,2.1944263959359604,0.0,0,0.0
2026-02-23 09:35:00+00:00,2.1936034860374845,2.1936034860374845,0.0,1,1.2504689258471926
2026-02-23 09:40:00+00:00,2.1978938501343825,2.1936034860374845,0.0042903640968981775,1,1.2480279676619674
2026-02-23 09:45:00+00:00,2.197758364952375,2.1936034860374845,0.004154878914890578,1,1.2481049048262371
2026-02-23 09:50:00+00:00,2.200332583410514,2.1936034860374845,0.006729097373029485,1,1.2466447188943823
2026-02-23 09:55:00+00:00,2.2035842277786895,2.1936034860374845,0.00998074174120517,1,1.244805149873962
2026-02-23 10:00:00+00:00,2.201461626593908,2.1936034860374845,0.00785814055642371,1,1.246005363792763
2026-02-23 10:05:00+00:00,2.196574161235213,2.196574161235213,0.0,0,0.0
2026-02-23 18:00:00+00:00,2.194927039507528,2.194927039507528,0.0,2,2.5014069534547385
2026-02-23 18:05:00+00:00,2.196639767418417,2.194927039507528,0.0017127279108886207,2,2.499456597475019
2026-02-23 18:10:00+00:00,2.2015128467867995,2.194927039507528,0.006585807279271452,2,2.493924015462109
2026-02-23 18:15:00+00:00,2.194755639629957,2.194927039507528,-0.0001713998775716122,2,2.501602301327566
2026-02-23 18:20:00+00:00,2.180453185518304,2.194927039507528,-0.014473853989224364,2,2.518011299400982
2026-02-23 18:25:00+00:00,2.1984589398527237,2.194927039507528,0.0035319003451956543,2,2.4973883566448416
2026-02-23 18:30:00+00:00,2.1955024813465154,2.1955024813465154,0.0,0,0.0
2026-02-24 01:25:00+00:00,2.192211079616644,2.192211079616644,0.0,4,5.004691017933514
2026-02-24 01:30:00+00:00,2.230558438263386,2.192211079616644,0.03834735864674212,4,4.918651271971851
2026-02-24 01:35:00+00:00,2.2519786414722796,2.192211079616644,0.059767561855635684,4,4.871866410064618
2026-02-24 01:40:00+00:00,2.191586890090201,2.192211079616644,-0.0006241895264425857,4,5.006116412350044
2026-02-24 01:45:00+00:00,2.2134295649787306,2.192211079616644,0.02121848536208653,4,4.956714807266603
2026-02-24 01:50:00+00:00,2.2056842215852948,2.192211079616644,0.013473141968650782,4,4.974120498394054
2026-02-24 01:55:00+00:00,2.205991462586382,2.205991462586382,0.0,0,0.0
2026-02-24 14:40:00+00:00,2.203510652727289,2.203510652727289,0.0,3,3.7528142588017896
2026-02-24 14:45:00+00:00,2.2233131039147485,2.203510652727289,0.01980245118745937,3,3.7193889526473516
2026-02-24 14:50:00+00:00,2.2632811746678443,2.203510652727289,0.059770521940555155,3,3.653706967359108
2026-02-24 14:55:00+00:00,2.2620401762332145,2.203510652727289,0.05852952350592515,3,3.655711460769406
2026-02-24 15:00:00+00:00,2.2336259340915174,2.203510652727289,0.03011528136422822,3,3.7022162353876893
2026-02-24 15:05:00+00:00,2.218509608527744,2.203510652727289,0.014998955800454444,3,3.7274421373655255
2026-02-24 15:10:00+00:00,2.2383126452103905,2.2383126452103905,0.0,0,0.0
2026-02-24 16:05:00+00:00,2.2374732779684368,2.2374732779684368,0.0,1,1.2504689258471926
2026-02-24 16:10:00+00:00,2.23567952825276,2.2374732779684368,-0.0017937497156768584,1,1.2514722128799964
2026-02-24 16:15:00+00:00,2.2331682786508122,2.2374732779684368,-0.00430499931762446,1,1.2528795224528972
2026-02-24 16:20:00+00:00,2.238549527797843,2.2374732779684368,0.0010762498294064255,1,1.2498677254040444
2026-02-24 16:25:00+00:00,2.230298279105729,2.2374732779684368,-0.007174998862707744,1,1.254491756876055
2026-02-24 16:30:00+00:00,2.2295807792194577,2.2374732779684368,-0.007892498748978797,1,1.2548954640219347
2026-02-24 16:35:00+00:00,2.212597664536411,2.212597664536411,0.0,0,0.0
2026-02-25 01:15:00+00:00,2.21176794041221,2.21176794041221,0.0,1,1.2504689258471926
2026-02-25 01:20:00+00:00,2.223430409153428,2.21176794041221,0.011662468741218257,1,1.243909892247796
2026-02-25 01:25:00+00:00,2.2305291197832546,2.21176794041221,0.018761179371044538,1,1.239951120180519
2026-02-25 01:30:00+00:00,2.226496815943614,2.21176794041221,0.014728875531404218,1,1.2421967374331768
2026-02-25 01:35:00+00:00,2.2288799243844055,2.21176794041221,0.017111983972195717,1,1.2408685862404119
2026-02-25 01:40:00+00:00,2.2348144970856327,2.21176794041221,0.023046556673422865,1,1.2375734470477335
2026-02-25 01:45:00+00:00,2.219800005374916,2.219800005374916,0.0,0,0.0
2026-02-26 15:40:00+00:00,2.2181354675302605,2.2181354675302605,0.0,2,2.501406953454738
2026-02-26 15:45:00+00:00,2.223098805943327,2.2181354675302605,0.004963338413066306,2,2.4958222582600835
2026-02-26 15:50:00+00:00,2.227305774245316,2.2181354675302605,0.009170306715055747,2,2.4911081120259606
2026-02-26 15:55:00+00:00,2.2243094149815836,2.2181354675302605,0.006173947451322947,2,2.494463874861002
2026-02-26 16:00:00+00:00,2.228382125025887,2.2181354675302605,0.010246657495626256,2,2.4899048596166216
2026-02-26 16:05:00+00:00,2.2209925444789125,2.2181354675302605,0.0028570769486519904,2,2.498189152402826
2026-02-26 16:10:00+00:00,2.2045517040743783,2.2045517040743783,0.0,0,0.0
2026-02-27 22:40:00+00:00,2.2037249971853505,2.2037249971853505,0.0,1,1.2504689258471926
2026-02-27 22:45:00+00:00,2.225228967041709,2.2037249971853505,0.02150396985635856,1,1.2383847554152934
2026-02-27 22:50:00+00:00,2.222134246430236,2.2037249971853505,0.01840924924488547,1,1.2401094283659373
2026-02-27 22:55:00+00:00,2.2225102405232184,2.2037249971853505,0.018785243337868084,1,1.2398996323383573
2026-02-27 23:00:00+00:00,2.224751743769846,2.2037249971853505,0.02102674658449559,1,1.2386503967509883
2026-02-27 23:05:00+00:00,2.2290178305940733,2.2037249971853505,0.02529283340872292,1,1.2362797606506952
2026-02-27 23:10:00+00:00,2.232355981350393,2.232355981350393,0.0,0,0.0
2026-02-28 13:50:00+00:00,2.2290093304578837,2.2290093304578837,0.0,4,5.004691017933514
2026-02-28 13:55:00+00:00,2.266947735731686,2.2290093304578837,0.037938405273802316,4,4.920935228986206
2026-02-28 14:00:00+00:00,2.2994632466571594,2.2290093304578837,0.07045391619927571,4,4.851350849486226
2026-02-28 14:05:00+00:00,2.2475139765332446,2.2290093304578837,0.01850464607536106,4,4.96348547395454
2026-02-28 14:10:00+00:00,2.2702266022423787,2.2290093304578837,0.0412172717844949,4,4.913827969425564
2026-02-28 14:15:00+00:00,2.2639876704399824,2.2290093304578837,0.03497833998209861,4,4.927369137511517
2026-02-28 14:20:00+00:00,2.278268684396043,2.278268684396043,0.0,0,0.0
2026-03-01 01:50:00+00:00,2.275706593150556,2.275706593150556,0.0,3,3.7528142588017883
2026-03-01 01:55:00+00:00,2.303137714584688,2.275706593150556,0.027431121434132028,3,3.7081170168604842
2026-03-01 02:00:00+00:00,2.313394745274988,2.275706593150556,0.037688152124432384,3,3.691676126207107
2026-03-01 02:05:00+00:00,2.407578642221268,2.275706593150556,0.1318720490707122,3,3.5472586447872927
2026-03-01 02:10:00+00:00,2.3802999834519922,2.275706593150556,0.10459339030143633,3,3.5879108561935147
2026-03-01 02:15:00+00:00,2.409655436694397,2.275706593150556,0.1339488435438412,3,3.5442013914405823
2026-03-01 02:20:00+00:00,2.3936876582201676,2.3936876582201676,0.0,0,0.0
2026-03-01 13:55:00+00:00,2.390099145901928,2.390099145901928,0.0,4,5.004691017933514
2026-03-01 14:00:00+00:00,2.332707390664881,2.390099145901928,-0.057391755237047294,4,5.127821764244744
2026-03-01 14:05:00+00:00,2.35661440465169,2.390099145901928,-0.03348474125023832,4,5.075801838372406
2026-03-01 14:10:00+00:00,2.373981133470901,2.390099145901928,-0.016118012431026733,4,5.038670088324256
2026-03-01 14:15:00+00:00,2.3724376455784624,2.390099145901928,-0.017661500323465473,4,5.0419482045225115
2026-03-01 14:20:00+00:00,2.3675977728679896,2.390099145901928,-0.022501373033938392,4,5.052255017530333
2026-03-01 14:25:00+00:00,2.3315273013615956,2.3315273013615956,0.0,0,0.0
2026-03-01 18:05:00+00:00,2.330652978623585,2.330652978623585,0.0,1,1.2504689258471928
2026-03-01 18:10:00+00:00,2.336676822495415,2.330652978623585,0.006023843871829965,1,1.247245275274995
2026-03-01 18:15:00+00:00,2.3297273635896207,2.330652978623585,-0.0009256150339642177,1,1.2509657448550127
2026-03-01 18:20:00+00:00,2.3282287487727267,2.330652978623585,-0.0024242298508585112,1,1.2517709560275208
2026-03-01 18:25:00+00:00,2.3244087502198587,2.330652978623585,-0.006244228403726223,1,1.2538281515358818
2026-03-01 18:30:00+00:00,2.3244381348241117,2.330652978623585,-0.006214843799473432,1,1.2538123011488649
2026-03-01 18:35:00+00:00,2.326693272439027,2.326693272439027,0.0,0,0.0
2026-03-01 22:15:00+00:00,2.3258207624618623,2.3258207624618623,0.0,1,1.2504689258471926
2026-03-01 22:20:00+00:00,2.3332269479632357,2.3258207624618623,0.007406185501373176,1,1.24649965708977
2026-03-01 22:25:00+00:00,2.3376140514767876,2.3258207624618623,0.011793289014925335,1,1.244160296141026
2026-03-01 22:30:00+00:00,2.3296889612587584,2.3258207624618623,0.0038681987968958976,1,1.2483926562356886
2026-03-01 22:35:00+00:00,2.3148294170999524,2.3258207624618623,-0.010991345361910026,1,1.2564064414700684
2026-03-01 22:40:00+00:00,2.3170465554347577,2.3258207624618623,-0.008774207027104644,1,1.2552042097415146
2026-03-01 22:45:00+00:00,2.323391538334728,2.323391538334728,0.0,0,0.0
2026-03-02 14:35:00+00:00,2.3199084108987913,2.3199084108987913,0.0,4,5.0046910179335145
2026-03-02 14:40:00+00:00,2.306807881572654,2.3199084108987913,-0.013100529326137351,4,5.033113021331559
2026-03-02 14:45:00+00:00,2.381206596412042,2.3199084108987913,0.061298185513250815,4,4.875857812567783
2026-03-02 14:50:00+00:00,2.4551643440870894,2.3199084108987913,0.1352559331882981,4,4.728980695086923
2026-03-02 14:55:00+00:00,2.4553895005094395,2.3199084108987913,0.1354810896106482,4,4.728547052939945
2026-03-02 15:00:00+00:00,2.483167418269724,2.3199084108987913,0.16325900737093274,4,4.675651227150749
2026-03-02 15:05:00+00:00,2.5293161737925045,2.5293161737925045,0.0,0,0.0
2026-03-04 14:35:00+00:00,2.526471760018867,2.526471760018867,0.0,3,3.752814258801789
2026-03-04 14:40:00+00:00,2.4328602301401006,2.526471760018867,-0.09361152987876631,3,3.897214943956256
2026-03-04 14:45:00+00:00,2.3597018293443934,2.526471760018867,-0.16676993067447332,3,4.018041231969172
2026-03-04 14:50:00+00:00,2.4036407839926444,2.526471760018867,-0.12283097602622228,3,3.9445907677225827
2026-03-04 14:55:00+00:00,2.4140243683380564,2.526471760018867,-0.11244739168081026,3,3.9276236685159662
2026-03-04 15:00:00+00:00,2.4056741322808883,2.526471760018867,-0.12079762773797834,3,3.9412566807081593
2026-03-04 15:05:00+00:00,2.4191765565201395,2.4191765565201395,0.0,0,0.0
2026-03-09 05:45:00+00:00,2.4182693653114447,2.4182693653114447,0.0,1,1.2504689258471926
2026-03-09 05:50:00+00:00,2.423994577911795,2.4182693653114447,0.005725212600350103,1,1.247515453708334
2026-03-09 05:55:00+00:00,2.4205305837334317,2.4182693653114447,0.002261218421986982,1,1.2493007590864624
2026-03-09 06:00:00+00:00,2.422503135973888,2.4182693653114447,0.004233770662443368,1,1.2482835009559177
2026-03-09 06:05:00+00:00,2.4216852484595526,2.4182693653114447,0.0034158831481080226,1,1.248705089802128
2026-03-09 06:10:00+00:00,2.419472141067821,2.4182693653114447,0.00120277575637614,1,1.2498472887212337
2026-03-09 06:15:00+00:00,2.4155339549530583,2.4155339549530583,0.0,0,0.0
2026-03-10 02:35:00+00:00,2.4146281297199508,2.4146281297199508,0.0,1,1.2504689258471928
2026-03-10 02:40:00+00:00,2.416246324368637,2.4146281297199508,0.0016181946486861511,1,1.2496314689605557
2026-03-10 02:45:00+00:00,2.4283633658980013,2.4146281297199508,0.013735236178050647,1,1.2433960609411319
2026-03-10 02:50:00+00:00,2.438827691292841,2.4146281297199508,0.024199561572890126,1,1.2380609972862442
2026-03-10 02:55:00+00:00,2.430361296890913,2.4146281297199508,0.015733167170962303,1,1.2423739003554621
2026-03-10 03:00:00+00:00,2.4262834463762233,2.4146281297199508,0.01165531665627261,1,1.2444619560838925
2026-03-10 03:05:00+00:00,2.416039559223763,2.416039559223763,0.0,0,0.0
2026-03-11 13:35:00+00:00,2.415133544389054,2.415133544389054,0.0,1,1.2504689258471926
2026-03-11 13:40:00+00:00,2.4373731411262525,2.415133544389054,0.022239596737198733,1,1.2390591321746534
2026-03-11 13:45:00+00:00,2.412060968524046,2.415133544389054,-0.0030725758650074508,1,1.2520618211726584
2026-03-11 13:50:00+00:00,2.404101533902312,2.415133544389054,-0.011032010486741723,1,1.2562071137351638
2026-03-11 13:55:00+00:00,2.3864415383353395,2.415133544389054,-0.02869200605371455,1,1.2655032191303277
2026-03-11 14:00:00+00:00,2.3943278163888593,2.415133544389054,-0.020805728000194697,1,1.261334988616789
2026-03-11 14:05:00+00:00,2.405287796918537,2.405287796918537,0.0,0,0.0
2026-03-12 09:45:00+00:00,2.4043858139946925,2.4043858139946925,0.0,1,1.2504689258471926
2026-03-12 09:50:00+00:00,2.3936890434239158,2.4043858139946925,-0.010696770570776889,1,1.256056944576033
2026-03-12 09:55:00+00:00,2.396184470119145,2.4043858139946925,-0.008201343875547922,1,1.2547488658077623
2026-03-12 10:00:00+00:00,2.396038538733459,2.4043858139946925,-0.008347275261233633,1,1.254825286632267
2026-03-12 10:05:00+00:00,2.3965347054447905,2.4043858139946925,-0.007851108549902014,1,1.2545654938012476
2026-03-12 10:10:00+00:00,2.3936890434239158,2.4043858139946925,-0.010696770570776889,1,1.256056944576033
2026-03-12 10:15:00+00:00,2.3948592861768114,2.3948592861768114,0.0,0,0.0
2026-03-13 00:15:00+00:00,2.393961213944495,2.393961213944495,0.0,1,1.2504689258471926
2026-03-13 00:20:00+00:00,2.400349695229453,2.393961213944495,0.006388481284958113,1,1.2471408285511725
2026-03-13 00:25:00+00:00,2.4109999715443258,2.393961213944495,0.017038757599830603,1,1.2416317474294827
2026-03-13 00:30:00+00:00,2.4092944112803782,2.393961213944495,0.015333197335883092,1,1.2425107092371208
2026-03-13 00:35:00+00:00,2.4285356578136508,2.393961213944495,0.03457444386915575,1,1.2326663181120647
2026-03-13 00:40:00+00:00,2.4202226307493744,2.393961213944495,0.026261416804879423,1,1.2369003039997657
2026-03-13 00:45:00+00:00,2.409546013003759,2.409546013003759,0.0,0,0.0
2026-03-13 12:50:00+00:00,2.4077391923364146,2.4077391923364146,0.0,2,2.501406953454738
2026-03-13 12:55:00+00:00,2.393955723678147,2.4077391923364146,-0.013783468658267701,2,2.515809084623456
2026-03-13 13:00:00+00:00,2.3987401322496416,2.4077391923364146,-0.00899906008677288,2,2.5107911761026913
2026-03-13 13:05:00+00:00,2.4007472259578257,2.4077391923364146,-0.00699196637858872,2,2.5086920824881562
2026-03-13 13:10:00+00:00,2.4046769639831695,2.4077391923364146,-0.003062228353244896,2,2.504592362310315
2026-03-13 13:15:00+00:00,2.4183662557432752,2.4077391923364146,0.010627063406860652,2,2.490414983054227
2026-03-13 13:20:00+00:00,2.5054331449423595,2.5054331449423595,0.0,0,0.0
2026-03-15 17:55:00+00:00,2.504493607513006,2.504493607513006,0.0,1,1.2504689258471926
2026-03-15 18:00:00+00:00,2.49509527311415,2.504493607513006,-0.00939833439885609,1,1.255179096736107
2026-03-15 18:05:00+00:00,2.4933636115005022,2.504493607513006,-0.011129996012503916,1,1.2560508289816752
2026-03-15 18:10:00+00:00,2.49365962203275,2.504493607513006,-0.010833985480256504,1,1.255901729132148
2026-03-15 18:15:00+00:00,2.4920611651586135,2.504493607513006,-0.012432442354392663,1,1.2567072891160833
2026-03-15 18:20:00+00:00,2.495139674693987,2.504493607513006,-0.009353932819019448,1,1.2551567605376814
2026-03-15 18:25:00+00:00,2.491713648793755,2.491713648793755,0.0,0,0.0
2026-03-15 22:35:00+00:00,2.490779256175457,2.490779256175457,0.0,1,1.2504689258471928
2026-03-15 22:40:00+00:00,2.5068698395083575,2.490779256175457,0.016090583332900393,1,1.2424426716957238
2026-03-15 22:45:00+00:00,2.5183010992502557,2.490779256175457,0.027521843074798474,1,1.2368028834675409
2026-03-15 22:50:00+00:00,2.524002259172164,2.490779256175457,0.033223002996706816,1,1.2340092207420412
2026-03-15 22:55:00+00:00,2.5305860859855356,2.490779256175457,0.03980682981007836,1,1.2307986984679866
2026-03-15 23:00:00+00:00,2.535983376977597,2.490779256175457,0.045204120802139654,1,1.2281792101903468
2026-03-15 23:05:00+00:00,2.5442663418980187,2.5442663418980187,0.0,0,0.0
2026-03-16 03:25:00+00:00,2.543312242019807,2.543312242019807,0.0,1,1.2504689258471926
2026-03-16 03:30:00+00:00,2.5343311827318513,2.543312242019807,-0.008981059287955758,1,1.2549002865301617
2026-03-16 03:35:00+00:00,2.595922029462463,2.5423384060702774,0.05358362339218579,2,2.4755954478602886
2026-03-16 03:40:00+00:00,2.608626873911686,2.5423384060702774,0.06628846784140849,2,2.463538508863449
2026-03-16 03:45:00+00:00,2.589977314115746,2.5423384060702774,0.04763890804546888,2,2.481277625140742
2026-03-16 03:50:00+00:00,2.5771461584961357,2.5423384060702774,0.03480775242585841,2,2.493631468262397
2026-03-16 03:55:00+00:00,2.588517171389183,2.5877023535310735,0.0008148178581093995,1,1.2540460877154975
2026-03-16 04:00:00+00:00,2.5805715961674043,2.5877023535310735,-0.0071307573636692064,1,1.257907293324487
2026-03-16 04:05:00+00:00,2.5859048908817255,2.5859048908817255,0.0,0,0.0
2026-03-16 13:35:00+00:00,2.5849351765476447,2.5849351765476447,0.0,1,1.2504689258471928
2026-03-16 13:40:00+00:00,2.579147260081325,2.5849351765476447,-0.005787916466319404,1,1.2532751284237387
2026-03-16 13:45:00+00:00,2.5502076777497282,2.5849351765476447,-0.03472749879791642,1,1.2674972088760905
2026-03-16 13:50:00+00:00,2.552590937471154,2.5849351765476447,-0.032344239076490935,1,1.2663137936251037
2026-03-16 13:55:00+00:00,2.5355676537466847,2.5849351765476447,-0.049367522800959796,1,1.2748155659841396
2026-03-16 14:00:00+00:00,2.539993707515047,2.5849351765476447,-0.04494146903259781,1,1.2725941422762395
2026-03-16 14:05:00+00:00,2.5492379634156475,2.5492379634156475,0.0,0,0.0
2026-03-18 17:40:00+00:00,2.5482819991793666,2.5482819991793666,0.0,1,1.2504689258471926
2026-03-18 17:45:00+00:00,2.537338942673068,2.5482819991793666,-0.01094305650629861,1,1.2558619586363005
2026-03-18 17:50:00+00:00,2.539809955432555,2.5482819991793666,-0.008472043746811646,1,1.2546401148848394
2026-03-18 17:55:00+00:00,2.535573933559149,2.5482819991793666,-0.012708065620217467,1,1.2567361622134394
2026-03-18 18:00:00+00:00,2.534161926268014,2.5482819991793666,-0.014120072911352624,1,1.2574364018491488
2026-03-18 18:05:00+00:00,2.5638140793818542,2.5482819991793666,0.01553208020248778,1,1.2428933439034116
2026-03-18 18:10:00+00:00,2.557210085981033,2.557210085981033,0.0,0,0.0
2026-03-19 03:20:00+00:00,2.55625113219879,2.55625113219879,0.0,1,1.2504689258471926
2026-03-19 03:25:00+00:00,2.562621093265771,2.55625113219879,0.006369961066980813,1,1.2473606089781681
2026-03-19 03:30:00+00:00,2.562362268662598,2.55625113219879,0.006111136463807967,1,1.2474866050633355
2026-03-19 03:35:00+00:00,2.5503700620489136,2.55625113219879,-0.005881070149876629,1,1.2533524663900266
2026-03-19 03:40:00+00:00,2.5420589164581355,2.55625113219879,-0.01419221574065484,1,1.2574502450674943
2026-03-19 03:45:00+00:00,2.5360771922959136,2.55625113219879,-0.02017393990287674,1,1.260416132910562
2026-03-19 03:50:00+00:00,2.5417326450392044,2.5417326450392044,0.0,0,0.0
2026-03-19 13:45:00+00:00,2.540779495297315,2.540779495297315,0.0,1,1.2504689258471926
2026-03-19 13:50:00+00:00,2.543976108405687,2.540779495297315,0.0031966131083722184,1,1.248897658983967
2026-03-19 13:55:00+00:00,2.5481540073984896,2.540779495297315,0.007374512101174992,1,1.2468499930044254
2026-03-19 14:00:00+00:00,2.540407796098667,2.540779495297315,-0.00037169919864791595,1,1.2506518879284714
2026-03-19 14:05:00+00:00,2.536586728336566,2.540779495297315,-0.0041927669607489575,1,1.252535847013012
2026-03-19 14:10:00+00:00,2.527621343665178,2.540779495297315,-0.01315815163213679,1,1.2569785479386542
2026-03-19 14:15:00+00:00,2.5240216956289148,2.5240216956289148,0.0,0,0.0
2026-03-20 08:10:00+00:00,2.522129034297744,2.522129034297744,0.0,2,2.5014069534547385
2026-03-20 08:15:00+00:00,2.527958045404178,2.522129034297744,0.0058290111064343945,2,2.495639164333433
2026-03-20 08:20:00+00:00,2.5190835624077366,2.522129034297744,-0.003045471890007168,2,2.50443105502719
2026-03-20 08:25:00+00:00,2.514741094244049,2.522129034297744,-0.007387940053694993,2,2.5087557197608676
2026-03-20 08:30:00+00:00,2.5072509726304806,2.522129034297744,-0.014878061667263161,2,2.5162503366320417
2026-03-20 08:35:00+00:00,2.508416793440797,2.522129034297744,-0.013712240856946728,2,2.5150808750760185
2026-03-20 08:40:00+00:00,2.50304138156607,2.50304138156607,0.0,0,0.0
2026-03-20 21:20:00+00:00,2.502102741047983,2.502102741047983,0.0,1,1.2504689258471926
2026-03-20 21:25:00+00:00,2.498339212190606,2.502102741047983,-0.0037635288573768344,1,1.252352647587105
2026-03-20 21:30:00+00:00,2.5008733807962216,2.502102741047983,-0.0012293602517610392,1,1.2510836218191295
2026-03-20 21:35:00+00:00,2.502195941644686,2.502102741047983,9.32005967033901e-05,1,1.2504223489792072
2026-03-20 21:40:00+00:00,2.502653068380901,2.502102741047983,0.0005503273329179355,1,1.250193950766726
2026-03-20 21:45:00+00:00,2.496688230191851,2.502102741047983,-0.005414510856131683,1,1.2531807893039026
2026-03-20 21:50:00+00:00,2.501780999717602,2.501780999717602,0.0,0,0.0
2026-03-22 00:10:00+00:00,2.4989675513998493,2.4989675513998493,0.0,3,3.7528142588017888
2026-03-22 00:15:00+00:00,2.482410867321951,2.4989675513998493,-0.016556684077898495,3,3.777844023577611
2026-03-22 00:20:00+00:00,2.512933127782242,2.4989675513998493,0.013965576382392535,3,3.7319580674448454
2026-03-22 00:25:00+00:00,2.510554630678086,2.4989675513998493,0.011587079278237041,3,3.735493721020267
2026-03-22 00:30:00+00:00,2.526889083607501,2.4989675513998493,0.02792153220765188,3,3.711346540698834
2026-03-22 00:35:00+00:00,2.551733307788072,2.4989675513998493,0.052765756388222645,3,3.6752120727324953
2026-03-22 00:40:00+00:00,2.533664074231319,2.533664074231319,0.0,0,0.0
2026-03-23 11:10:00+00:00,2.5298657153646396,2.5298657153646396,0.0,4,5.004691017933514
2026-03-23 11:15:00+00:00,2.530570707776565,2.5298657153646396,0.0007049924119255069,4,5.003296759641962
2026-03-23 11:20:00+00:00,2.510488224983052,2.5298657153646396,-0.019377490381587776,4,5.043320297727678
2026-03-23 11:25:00+00:00,2.4527567695864945,2.5298657153646396,-0.07710894577814523,4,5.162026817847854
2026-03-23 11:30:00+00:00,2.4953166758040237,2.5298657153646396,-0.03454903956061601,4,5.073983733220454
2026-03-23 11:35:00+00:00,2.5345550715910767,2.5298657153646396,0.004689356226437017,4,4.9954314917747045
2026-03-23 11:40:00+00:00,2.448023528182067,2.448023528182067,0.0,0,0.0
2026-03-24 20:25:00+00:00,2.446187854789239,2.446187854789239,0.0,2,2.5014069534547385
2026-03-24 20:30:00+00:00,2.441874218241214,2.446187854789239,-0.004313636548025287,2,2.5058257561822916
2026-03-24 20:35:00+00:00,2.4477892116370725,2.446187854789239,0.0016013568478333098,2,2.4997705195922597
2026-03-24 20:40:00+00:00,2.464318444410259,2.446187854789239,0.018130589621019842,2,2.4830034946602293
2026-03-24 20:45:00+00:00,2.4591181184943176,2.446187854789239,0.012930263705078385,2,2.488254331261181
2026-03-24 20:50:00+00:00,2.462432114127099,2.446187854789239,0.016244259337860105,2,2.4849055835171354
2026-03-24 20:55:00+00:00,2.459297847067091,2.459297847067091,0.0,0,0.0
2026-03-26 20:15:00+00:00,2.4574537195205504,2.4574537195205504,0.0,2,2.5014069534547385
2026-03-26 20:20:00+00:00,2.461154300710977,2.4574537195205504,0.0037005811904268823,2,2.497645848546004
2026-03-26 20:25:00+00:00,2.4679164875999318,2.4574537195205504,0.010462768079381572,2,2.4908022020550664
2026-03-26 20:30:00+00:00,2.4561226132977847,2.4574537195205504,-0.0013311062227655485,2,2.5027626017205806
2026-03-26 20:35:00+00:00,2.4582613140778995,2.4574537195205504,0.0008075945573491807,2,2.5005851845769724
2026-03-26 20:40:00+00:00,2.4649613842111124,2.4574537195205504,0.007507664690561903,2,2.493788284545169
2026-03-26 20:45:00+00:00,2.46111609738886,2.46111609738886,0.0,0,0.0
2026-03-28 13:45:00+00:00,2.4601931788523395,2.4601931788523395,0.0,1,1.2504689258471926
2026-03-28 13:50:00+00:00,2.4555188442273614,2.4601931788523395,-0.004674334624978139,1,1.2528493230537903
2026-03-28 13:55:00+00:00,2.4574917776729692,2.4601931788523395,-0.002701401179370454,1,1.2518435055148602
2026-03-28 14:00:00+00:00,2.45778012948425,2.4601931788523395,-0.002413049368089365,1,1.2516966366644187
2026-03-28 14:05:00+00:00,2.448689459223335,2.4601931788523395,-0.01150371962900474,1,1.2563435147516964
2026-03-28 14:10:00+00:00,2.4541833200487964,2.4601931788523395,-0.006009858803543273,1,1.2535311020184536
2026-03-28 14:15:00+00:00,2.45177311322251,2.45177311322251,0.0,0,0.0
2026-03-29 22:55:00+00:00,2.448097521719118,2.448097521719118,0.0,4,5.0046910179335145
2026-03-29 23:00:00+00:00,2.531576518530033,2.448097521719118,0.08347899681091497,4,4.839660815422284
2026-03-29 23:05:00+00:00,2.5708497287432173,2.448097521719118,0.12275220702409928,4,4.765728444175712
2026-03-29 23:10:00+00:00,2.5730167576421645,2.448097521719118,0.1249192359230467,4,4.761714684361522
2026-03-29 23:15:00+00:00,2.582526001537664,2.448097521719118,0.13442847981854608,4,4.744181344419382
2026-03-29 23:20:00+00:00,2.5872055616146494,2.448097521719118,0.13910803989553164,4,4.735600394398747
2026-03-29 23:25:00+00:00,2.5865707451445354,2.5865707451445354,0.0,0,0.0
2026-03-30 00:20:00+00:00,2.5826930709003313,2.5826930709003313,0.0,4,5.004691017933514
2026-03-30 00:25:00+00:00,2.5129656843574395,2.5826930709003313,-0.06972738654289169,4,5.143556433926816
2026-03-30 00:30:00+00:00,2.5065322444478575,2.5826930709003313,-0.07616082645247393,4,5.156758243443734
2026-03-30 00:35:00+00:00,2.495701350898564,2.5826930709003313,-0.08699172000176747,4,5.1791376437570245
2026-03-30 00:40:00+00:00,2.4529835479635365,2.5826930709003313,-0.12970952293679505,4,5.269330413872858
2026-03-30 00:45:00+00:00,2.4560951309513563,2.5826930709003313,-0.12659793994897478,4,5.262654793427058
2026-03-30 00:50:00+00:00,2.4573605940812455,2.4573605940812455,0.0,0,0.0
2026-03-31 13:50:00+00:00,2.456439083858465,2.456439083858465,0.0,1,1.2504689258471928
2026-03-31 13:55:00+00:00,2.4639252773361897,2.456439083858465,0.007486193477724708,1,1.24666960108565
2026-03-31 14:00:00+00:00,2.460960945690647,2.456439083858465,0.00452186183218206,1,1.2481712673987644
2026-03-31 14:05:00+00:00,2.460257544961197,2.456439083858465,0.003818461102731805,1,1.248528126208837
2026-03-31 14:10:00+00:00,2.456539569676958,2.456439083858465,0.00010048581849260121,1,1.2504177748724377
2026-03-31 14:15:00+00:00,2.467291552255703,2.456439083858465,0.01085246839723776,1,1.2449686944347043
2026-03-31 14:20:00+00:00,2.4752630369695474,2.4752630369695474,0.0,0,0.0
2026-03-31 16:40:00+00:00,2.473406937775685,2.473406937775685,0.0,2,2.501406953454738
2026-03-31 16:45:00+00:00,2.507515881050808,2.473406937775685,0.03410894327512335,2,2.4673811079842674
2026-03-31 16:50:00+00:00,2.5136597017705196,2.473406937775685,0.04025276399483475,2,2.461350400182419
2026-03-31 16:55:00+00:00,2.502360497755936,2.473406937775685,0.028953559980251044,2,2.4724644264580014
2026-03-31 17:00:00+00:00,2.5030192269869733,2.473406937775685,0.029612289211288237,2,2.4718137384517536
2026-03-31 17:05:00+00:00,2.51320533463982,2.473406937775685,0.039798396864135124,2,2.461795392361754
2026-03-31 17:10:00+00:00,2.4961393725661734,2.4961393725661734,0.0,0,0.0
2026-04-01 12:45:00+00:00,2.4923972690984395,2.4923972690984395,0.0,4,5.004691017933514
2026-04-01 12:50:00+00:00,2.436025345452018,2.4923972690984395,-0.05637192364642174,4,5.1205042874726
2026-04-01 12:55:00+00:00,2.4293803747520153,2.4923972690984395,-0.06301689434642418,4,5.134510163749988
2026-04-01 13:00:00+00:00,2.4305468372101138,2.4923972690984395,-0.06185043188832563,4,5.132046021419939
2026-04-01 13:05:00+00:00,2.404613544744145,2.4923972690984395,-0.08778372435429463,4,5.187394146158401
2026-04-01 13:10:00+00:00,2.407964167648247,2.4923972690984395,-0.08443310145019263,4,5.180176014812327
2026-04-01 13:15:00+00:00,2.4353612643347513,2.4353612643347513,0.0,0,0.0
2026-04-02 14:35:00+00:00,2.4344480038606258,2.4344480038606258,0.0,1,1.2504689258471928
2026-04-02 14:40:00+00:00,2.4405256258485446,2.4344480038606258,0.006077621987918792,1,1.2473548928051117
2026-04-02 14:45:00+00:00,2.4444892923624053,2.4344480038606258,0.010041288501779403,1,1.2453323440318527
2026-04-02 14:50:00+00:00,2.432016955065458,2.4344480038606258,-0.0024310487951677874,1,1.251718896974756
2026-04-02 14:55:00+00:00,2.4330210839156363,2.4344480038606258,-0.001426919944989509,1,1.2512023017569522
2026-04-02 15:00:00+00:00,2.436561959334685,2.4344480038606258,0.002113955474058857,1,1.2493840219231171
2026-04-02 15:05:00+00:00,2.435278756652599,2.435278756652599,0.0,0,0.0
2026-04-05 15:30:00+00:00,2.431627892770428,2.431627892770428,0.0,4,5.004691017933514
2026-04-05 15:35:00+00:00,2.418838961657618,2.431627892770428,-0.012788931112809914,4,5.031151914952217
2026-04-05 15:40:00+00:00,2.4110523085797797,2.431627892770428,-0.02057558419064811,4,5.047400353198134
2026-04-05 15:45:00+00:00,2.420422193852135,2.431627892770428,-0.011205698918292812,4,5.0278609677333845
2026-04-05 15:50:00+00:00,2.407478554586809,2.431627892770428,-0.024149338183618876,4,5.054892908897954
2026-04-05 15:55:00+00:00,2.406353670403264,2.431627892770428,-0.025274222367164027,4,5.057255890346886
2026-04-05 16:00:00+00:00,2.3875372352951714,2.3875372352951714,0.0,0,0.0
2026-04-06 07:25:00+00:00,2.3866419088319355,2.3866419088319355,0.0,1,1.2504689258471928
2026-04-06 07:30:00+00:00,2.3854070030322903,2.3866419088319355,-0.001234905799645236,1,1.251116283437257
2026-04-06 07:35:00+00:00,2.382393832881156,2.3866419088319355,-0.004248075950779532,1,1.2526986524766748
2026-04-06 07:40:00+00:00,2.3816528894013684,2.3866419088319355,-0.004989019430567137,1,1.2530883729530808
2026-04-06 07:45:00+00:00,2.3775530021465463,2.3866419088319355,-0.009088906685389414,1,1.2552492169152543
2026-04-06 07:50:00+00:00,2.381257719545482,2.3866419088319355,-0.005384189286453374,1,1.2532963230408383
2026-04-06 07:55:00+00:00,2.386882695704373,2.386882695704373,0.0,0,0.0
2026-04-07 09:10:00+00:00,2.385987614693484,2.385987614693484,0.0,1,1.2504689258471926
2026-04-07 09:15:00+00:00,2.3793352883670926,2.385987614693484,-0.006652326326391777,1,1.2539650818519466
2026-04-07 09:20:00+00:00,2.379881479370733,2.385987614693484,-0.006106135322751189,1,1.2536772925428892
2026-04-07 09:25:00+00:00,2.3773886076105275,2.385987614693484,-0.008599007082956618,1,1.254991868001435
2026-04-07 09:30:00+00:00,2.377822759433934,2.385987614693484,-0.008164855259549996,1,1.2547627268656243
2026-04-07 09:35:00+00:00,2.383788845781392,2.385987614693484,-0.002198768912091929,1,1.251622338493013
2026-04-07 09:40:00+00:00,2.3828797598729743,2.3828797598729743,0.0,0,0.0
2026-04-07 21:10:00+00:00,2.380200025294856,2.380200025294856,0.0,3,3.7528142588017888
2026-04-07 21:15:00+00:00,2.3915356848933342,2.380200025294856,0.011335659598478437,3,3.7350262637311697
2026-04-07 21:20:00+00:00,2.373675968537033,2.380200025294856,-0.006524056757822463,3,3.7631288820066904
2026-04-07 21:25:00+00:00,2.3646852254002617,2.380200025294856,-0.015514799894594148,3,3.777436632063767
2026-04-07 21:30:00+00:00,2.350230782147426,2.380200025294856,-0.029969243147429513,3,3.8006687094640377
2026-04-07 21:35:00+00:00,2.3598785359446075,2.380200025294856,-0.02032148935024843,3,3.785130657223191
2026-04-07 21:40:00+00:00,2.385210531510197,2.385210531510197,0.0,0,0.0
2026-04-08 13:10:00+00:00,2.3843160775608805,2.3843160775608805,0.0,1,1.2504689258471928
2026-04-08 13:15:00+00:00,2.3837247421454917,2.3843160775608805,-0.0005913354153887334,1,1.2507791322014008
2026-04-08 13:20:00+00:00,2.3826324142254,2.3843160775608805,-0.0016836633354805276,1,1.2513525571912627
2026-04-08 13:25:00+00:00,2.3772857565112644,2.3843160775608805,-0.007030321049616312,1,1.2541669238632898
2026-04-08 13:30:00+00:00,2.3779551153495158,2.3843160775608805,-0.006360962211364635,1,1.2538138946115132
2026-04-08 13:35:00+00:00,2.362954085679979,2.3843160775608805,-0.02136199188090165,1,1.261773634306469
2026-04-08 13:40:00+00:00,2.3479948831354895,2.3479948831354895,0.0,0,0.0
2026-04-08 23:15:00+00:00,2.3471143850543137,2.3471143850543137,0.0,1,1.2504689258471928
2026-04-08 23:20:00+00:00,2.3368410218058333,2.3471143850543137,-0.010273363248480388,1,1.2559663137252257
2026-04-08 23:25:00+00:00,2.3350697522802335,2.3471143850543137,-0.012044632774080185,1,1.256919028244571
2026-04-08 23:30:00+00:00,2.3332984827546333,2.3471143850543137,-0.013815902299680632,1,1.2578731892262591
2026-04-08 23:35:00+00:00,2.3354240061853533,2.3471143850543137,-0.011690378868960486,1,1.2567283697290312
2026-04-08 23:40:00+00:00,2.3354240061853533,2.3471143850543137,-0.011690378868960486,1,1.2567283697290312
2026-04-08 23:45:00+00:00,2.3338350002939374,2.3338350002939374,0.0,0,0.0
2026-04-09 15:15:00+00:00,2.3312104203821744,2.3312104203821744,0.0,3,3.752814258801788
2026-04-09 15:20:00+00:00,2.3351113459449064,2.3312104203821744,0.0039009255627320398,3,3.746544986417939
2026-04-09 15:25:00+00:00,2.3407915823272765,2.3312104203821744,0.009581161945101864,3,3.7374535058689196
2026-04-09 15:30:00+00:00,2.3232783414181024,2.3312104203821744,-0.007932078964071998,3,3.7656270236382827
2026-04-09 15:35:00+00:00,2.4384567510189323,2.3312104203821744,0.1072463306367581,3,3.5877608664668132
2026-04-09 15:40:00+00:00,2.4041253009231323,2.3312104203821744,0.07291488054095807,3,3.638994898692785
2026-04-09 15:45:00+00:00,2.4275758202149578,2.4275758202149578,0.0,0,0.0
2026-04-09 22:20:00+00:00,2.426665479282377,2.426665479282377,0.0,1,1.2504689258471928
2026-04-09 22:25:00+00:00,2.4181366966841282,2.426665479282377,-0.008528782598248878,1,1.2548793372309002
2026-04-09 22:30:00+00:00,2.408541816261098,2.426665479282377,-0.018123663021279456,1,1.259878385661271
2026-04-09 22:35:00+00:00,2.4042774249619736,2.426665479282377,-0.022388054320403555,1,1.2621129923543206
2026-04-09 22:40:00+00:00,2.3932610807725685,2.426665479282377,-0.033404398509808725,1,1.2679225846471962
2026-04-09 22:45:00+00:00,2.392194982947787,2.426665479282377,-0.03447049633459008,1,1.268487642896678
2026-04-09 22:50:00+00:00,2.3948383014311436,2.3948383014311436,0.0,0,0.0
2026-04-12 01:55:00+00:00,2.393940237068107,2.393940237068107,0.0,1,1.2504689258471926
2026-04-12 02:00:00+00:00,2.3909185370191954,2.393940237068107,-0.0030217000489115315,1,1.252049298392677
2026-04-12 02:05:00+00:00,2.385026221923819,2.393940237068107,-0.008914015144288055,1,1.2551425427827214
2026-04-12 02:10:00+00:00,2.3914725153614964,2.393940237068107,-0.0024677217066108735,1,1.251759264453191
2026-04-12 02:15:00+00:00,2.4011923171854943,2.393940237068107,0.00725208011738741,1,1.2466922600759243
2026-04-12 02:20:00+00:00,2.40814222729799,2.393940237068107,0.014201990229883069,1,1.2430943001849948
2026-04-12 02:25:00+00:00,2.4013014861720947,2.4013014861720947,0.0,0,0.0
2026-04-13 12:55:00+00:00,2.40040099811478,2.40040099811478,0.0,1,1.2504689258471928
2026-04-13 13:00:00+00:00,2.3940181930124282,2.40040099811478,-0.006382805102351729,1,1.2538028601771514
2026-04-13 13:05:00+00:00,2.4004420011454157,2.40040099811478,4.100303063580989e-05,1,1.250447566024439
2026-04-13 13:10:00+00:00,2.3969020728338335,2.40040099811478,-0.003498925280946438,1,1.2522943226321819
2026-04-13 13:15:00+00:00,2.404624310270297,2.40040099811478,0.004223312155517078,1,1.2482726906215607
2026-04-13 13:20:00+00:00,2.4020274516633453,2.40040099811478,0.0016264535485651227,1,1.249622212117753
2026-04-13 13:25:00+00:00,2.401632667650542,2.401632667650542,0.0,0,0.0
2026-04-13 13:50:00+00:00,2.4007320554001734,2.4007320554001734,0.0,1,1.2504689258471926
2026-04-13 13:55:00+00:00,2.3980781295222737,2.4007320554001734,-0.0026539258778997526,1,1.251852805630324
2026-04-13 14:00:00+00:00,2.4029353146195622,2.4007320554001734,0.002203259219388851,1,1.2493223668147169
2026-04-13 14:05:00+00:00,2.399530277644143,2.4007320554001734,-0.0012017777560300704,1,1.251095209146758
2026-04-13 14:10:00+00:00,2.399179759131968,2.4007320554001734,-0.001552296268205327,1,1.2512779932960616
2026-04-13 14:15:00+00:00,2.4007320554001734,2.4007320554001734,0.0,1,1.2504689258471926
2026-04-13 14:20:00+00:00,2.3982290728084315,2.3982290728084315,0.0,0,0.0
2026-04-13 22:15:00+00:00,2.39463375219917,2.39463375219917,0.0,4,5.0046910179335145
2026-04-13 22:20:00+00:00,2.4779223459925843,2.39463375219917,0.08328859379341447,4,4.8364719944728565
2026-04-13 22:25:00+00:00,2.4986518485328864,2.39463375219917,0.10401809633371638,4,4.796347293404802
2026-04-13 22:30:00+00:00,2.4919605176397597,2.39463375219917,0.09732676544058984,4,4.809226288313164
2026-04-13 22:35:00+00:00,2.5309507438987384,2.39463375219917,0.13631699169956862,4,4.735138390093893
2026-04-13 22:40:00+00:00,2.505046418917782,2.39463375219917,0.110412666718612,4,4.784103775629458
2026-04-13 22:45:00+00:00,2.523344590183694,2.523344590183694,0.0,0,0.0
2026-04-15 00:05:00+00:00,2.522398335962375,2.522398335962375,0.0,1,1.2504689258471926
2026-04-15 00:10:00+00:00,2.5253957574817467,2.522398335962375,0.0029974215193715,1,1.2489847297735535
2026-04-15 00:15:00+00:00,2.5222670929297477,2.522398335962375,-0.00013124303262753754,1,1.2505339924432304
2026-04-15 00:20:00+00:00,2.51586581985448,2.522398335962375,-0.006532516107895101,1,1.2537158034572997
2026-04-15 00:25:00+00:00,2.523549887732529,2.522398335962375,0.0011515517701538049,1,1.249898309148834
2026-04-15 00:30:00+00:00,2.523913981306916,2.522398335962375,0.001515645344540984,1,1.2497180019171419
2026-04-15 00:35:00+00:00,2.5200041747359365,2.5200041747359365,0.0,0,0.0
2026-04-16 14:00:00+00:00,2.5190591731704104,2.5190591731704104,0.0,1,1.2504689258471928
2026-04-16 14:05:00+00:00,2.5127398329871276,2.5190591731704104,-0.006319340183282989,1,1.2536137554182107
2026-04-16 14:10:00+00:00,2.5224047062086195,2.5190591731704104,0.00334553303820895,1,1.2488103953606382
2026-04-16 14:15:00+00:00,2.513111558880262,2.5190591731704104,-0.005947614290148428,1,1.2534283276399525
2026-04-16 14:20:00+00:00,2.4993577008342935,2.5190591731704104,-0.01970147233611704,1,1.2603258898750023
2026-04-16 14:25:00+00:00,2.497499071368622,2.5190591731704104,-0.021560101801788446,1,1.2612638196873192
2026-04-16 14:30:00+00:00,2.5036168617726475,2.5036168617726475,0.0,0,0.0
2026-04-16 18:30:00+00:00,2.5026780054494826,2.5026780054494826,0.0,1,1.2504689258471928
2026-04-16 18:35:00+00:00,2.5053584098742006,2.5026780054494826,0.0026804044247180445,1,1.2491310883431441
2026-04-16 18:40:00+00:00,2.508584822607658,2.5026780054494826,0.005906817158175491,1,1.2475245202044603
2026-04-16 18:45:00+00:00,2.51469018824174,2.5026780054494826,0.012012182792257103,1,1.2444956805609348
2026-04-16 18:50:00+00:00,2.529233864101786,2.5026780054494826,0.026555858652303702,1,1.237339544450234
2026-04-16 18:55:00+00:00,2.531268985979813,2.5026780054494826,0.028590980530330674,1,1.2363447324443169
2026-04-16 19:00:00+00:00,2.5306279523705064,2.5306279523705064,0.0,0,0.0
2026-04-17 09:30:00+00:00,2.5296789668883677,2.5296789668883677,0.0,1,1.2504689258471926
2026-04-17 09:35:00+00:00,2.4974727765122045,2.5296789668883677,-0.032206190376163034,1,1.2665943629947212
2026-04-17 09:40:00+00:00,2.4939336347126266,2.5296789668883677,-0.03574533217574113,1,1.2683917873490789
2026-04-17 09:45:00+00:00,2.497826690692163,2.5296789668883677,-0.03185227619620495,1,1.2664149007017647
2026-04-17 09:50:00+00:00,2.4988884332320365,2.5296789668883677,-0.03079053365633138,1,1.2658768188269105
2026-04-17 09:55:00+00:00,2.501011918311783,2.5296789668883677,-0.028667048576584593,1,1.2648020256530377
2026-04-17 10:00:00+00:00,2.502894246269307,2.502894246269307,0.0,0,0.0
2026-04-17 12:50:00+00:00,2.501955660926956,2.501955660926956,0.0,1,1.2504689258471928
2026-04-17 12:55:00+00:00,2.505347395081312,2.501955660926956,0.0033917341543563055,1,1.2487760435854018
2026-04-17 13:00:00+00:00,2.505885961353095,2.501955660926956,0.0039303004261391815,1,1.2485076560097268
2026-04-17 13:05:00+00:00,2.5035919157068762,2.501955660926956,0.001636254779920265,1,1.249651665756112
2026-04-17 13:10:00+00:00,2.521200154959129,2.501955660926956,0.01924449403217304,1,1.2409240106076986
2026-04-17 13:15:00+00:00,2.533916074643279,2.501955660926956,0.0319604137163233,1,1.234696696999752
2026-04-17 13:20:00+00:00,2.5284880666384346,2.5284880666384346,0.0,0,0.0
2026-04-20 07:25:00+00:00,2.52659205615709,2.52659205615709,0.0,2,2.501406953454738
2026-04-20 07:30:00+00:00,2.5077125135871814,2.52659205615709,-0.018879542569908855,2,2.5202390240395998
2026-04-20 07:35:00+00:00,2.491503424340032,2.52659205615709,-0.03508863181705824,2,2.5366350598088974
2026-04-20 07:40:00+00:00,2.474558007412973,2.52659205615709,-0.05203404874411727,2,2.554005571452387
2026-04-20 07:45:00+00:00,2.4722346477898305,2.52659205615709,-0.054357408367259635,2,2.5564057778516047
2026-04-20 07:50:00+00:00,2.4661240663284465,2.52659205615709,-0.06046798982864336,2,2.562740060042513
2026-04-20 07:55:00+00:00,2.448238884306241,2.448238884306241,0.0,0,0.0
2026-04-22 05:20:00+00:00,2.447320794724626,2.447320794724626,0.0,1,1.2504689258471928
2026-04-22 05:25:00+00:00,2.4468596671743836,2.447320794724626,-0.000461127550242247,1,1.250704585325407
2026-04-22 05:30:00+00:00,2.4445284112259342,2.447320794724626,-0.002792383498691673,1,1.2518973358334
2026-04-22 05:35:00+00:00,2.453315452877781,2.447320794724626,0.005994658153154987,1,1.2474134142810778
2026-04-22 05:40:00+00:00,2.447013376357798,2.447320794724626,-0.0003074183668280514,1,1.2506260222973664
2026-04-22 05:45:00+00:00,2.4566458185184232,2.447320794724626,0.009325023793797023,1,1.2457223513108757
2026-04-22 05:50:00+00:00,2.4615686779065484,2.4615686779065484,0.0,0,0.0
2026-04-22 09:10:00+00:00,2.4606455896523336,2.4606455896523336,0.0,1,1.2504689258471926
2026-04-22 09:15:00+00:00,2.4491993369228053,2.4606455896523336,-0.011446252729528346,1,1.2563129513374378
2026-04-22 09:20:00+00:00,2.4502399053527624,2.4606455896523336,-0.010405684299571099,1,1.255779420072825
2026-04-22 09:25:00+00:00,2.4519741860693576,2.4606455896523336,-0.008671403582975915,1,1.2548912076092098
2026-04-22 09:30:00+00:00,2.453361610642634,2.4606455896523336,-0.007283979009699701,1,1.2541815417814441
2026-04-22 09:35:00+00:00,2.4519741860693576,2.4606455896523336,-0.008671403582975915,1,1.2548912076092098
2026-04-22 09:40:00+00:00,2.4510510978151427,2.4510510978151427,0.0,0,0.0
2026-04-22 13:45:00+00:00,2.4501319536534623,2.4501319536534623,0.0,1,1.2504689258471926
2026-04-22 13:50:00+00:00,2.4530495579061644,2.4501319536534623,0.002917604252702098,1,1.2489816450687978
2026-04-22 13:55:00+00:00,2.4514966395135973,2.4501319536534623,0.0013646858601349071,1,1.2497728215841328
2026-04-22 14:00:00+00:00,2.4499437211210298,2.4501319536534623,-0.00018823253243262382,1,1.2505650010878648
2026-04-22 14:05:00+00:00,2.4541318949676496,2.4501319536534623,0.003999941314187559,1,1.2484308111358928
2026-04-22 14:10:00+00:00,2.4519672208446783,2.4501319536534623,0.0018352671912159563,1,1.2495329652953007
2026-04-22 14:15:00+00:00,2.4575420990519152,2.4575420990519152,0.0,0,0.0
2026-04-23 00:20:00+00:00,2.455699288069484,2.455699288069484,0.0,2,2.5014069534547385
2026-04-23 00:25:00+00:00,2.442491904688333,2.455699288069484,-0.013207383381150713,2,2.514932910516516
2026-04-23 00:30:00+00:00,2.4528220645983247,2.455699288069484,-0.0028772234711592964,2,2.5043411682521657
2026-04-23 00:35:00+00:00,2.453838587436251,2.455699288069484,-0.0018607006332327452,2,2.503303724304336
2026-04-23 00:40:00+00:00,2.4582931944319073,2.455699288069484,0.00259390636242321,2,2.498767554937803
2026-04-23 00:45:00+00:00,2.4540660319179324,2.455699288069484,-0.0016332561515516467,2,2.5030717164403824
2026-04-23 00:50:00+00:00,2.4515613392803886,2.4515613392803886,0.0,0,0.0
2026-04-26 21:55:00+00:00,2.4506420037781584,2.4506420037781584,0.0,1,1.2504689258471926
2026-04-26 22:00:00+00:00,2.4445580258653212,2.4506420037781584,-0.006083977912837217,1,1.2535810734194928
2026-04-26 22:05:00+00:00,2.4444643661668555,2.4506420037781584,-0.006177637611302782,1,1.2536291044020524
2026-04-26 22:10:00+00:00,2.4491122287032177,2.4506420037781584,-0.0015297750749409614,1,1.251249999157076
2026-04-26 22:15:00+00:00,2.4504976117430233,2.4506420037781584,-0.0001443920351350929,1,1.2505426079239312
2026-04-26 22:20:00+00:00,2.457658676188216,2.4506420037781584,0.007016672410057481,1,1.2468988081182186
2026-04-26 22:25:00+00:00,2.4537149129230302,2.4537149129230302,0.0,0,0.0
2026-04-27 01:00:00+00:00,2.452794769830684,2.452794769830684,0.0,1,1.2504689258471926
2026-04-27 01:05:00+00:00,2.4598919359257354,2.452794769830684,0.007097166095051503,1,1.2468611309136732
2026-04-27 01:10:00+00:00,2.4475585243211344,2.452794769830684,-0.00523624550954952,1,1.2531441478011252
2026-04-27 01:15:00+00:00,2.4479178745031627,2.452794769830684,-0.004876895327521311,1,1.252960188370823
2026-04-27 01:20:00+00:00,2.443002477370423,2.452794769830684,-0.009792292460261027,1,1.2554811833245343
2026-04-27 01:25:00+00:00,2.443130816721148,2.452794769830684,-0.009663953109536081,1,1.255415232030067
2026-04-27 01:30:00+00:00,2.4413122981737314,2.4413122981737314,0.0,0,0.0
2026-04-29 09:50:00+00:00,2.437652389068806,2.437652389068806,0.0,4,5.0046910179335145
2026-04-29 09:55:00+00:00,2.4420916285051963,2.437652389068806,0.004439239436390364,4,4.995593479792672
2026-04-29 10:00:00+00:00,2.4317646005398688,2.437652389068806,-0.00588778852893729,4,5.01680837598689
2026-04-29 10:05:00+00:00,2.4361920756910393,2.437652389068806,-0.001460313377766775,4,5.007690952675115
2026-04-29 10:10:00+00:00,2.4440059767640667,2.437652389068806,0.006353587695260754,4,4.991680516497579
2026-04-29 10:15:00+00:00,2.445256850146664,2.437652389068806,0.007604461077857696,4,4.989127017754843
2026-04-29 10:20:00+00:00,2.4432847247434024,2.4432847247434024,0.0,0,0.0
2026-05-01 03:20:00+00:00,2.440537060059964,2.440537060059964,0.0,3,3.752814258801789
2026-05-01 03:25:00+00:00,2.4477359051618484,2.440537060059964,0.00719884510188429,3,3.7417771495743253
2026-05-01 03:30:00+00:00,2.4358706116151687,2.440537060059964,-0.004666448444795495,3,3.7600036038261457
2026-05-01 03:35:00+00:00,2.4389822016438556,2.440537060059964,-0.0015548584161084596,3,3.755206689066535
2026-05-01 03:40:00+00:00,2.425786382507596,2.440537060059964,-0.014750677552368077,3,3.775634303239623
2026-05-01 03:45:00+00:00,2.428685977537086,2.440537060059964,-0.01185108252287781,3,3.7711265939021033
2026-05-01 03:50:00+00:00,2.42475770242657,2.42475770242657,0.0,0,0.0
2026-05-01 17:40:00+00:00,2.4238484182881597,2.4238484182881597,0.0,1,1.2504689258471928
2026-05-01 17:45:00+00:00,2.4210831317722534,2.4238484182881597,-0.0027652865159061863,1,1.2518971729048118
2026-05-01 17:50:00+00:00,2.4216701758370824,2.4238484182881597,-0.002178242451077271,1,1.2515936968937256
2026-05-01 17:55:00+00:00,2.4241960101686506,2.4238484182881597,0.00034759188049115054,1,1.2502896281156533
2026-05-01 18:00:00+00:00,2.4250302306818283,2.4238484182881597,0.001181812393668835,1,1.2498595232691276
2026-05-01 18:05:00+00:00,2.4249491259097145,2.4238484182881597,0.0011007076215549735,1,1.24990132603139
2026-05-01 18:10:00+00:00,2.4224640919130787,2.4224640919130787,0.0,0,0.0
2026-05-02 21:40:00+00:00,2.4206475845031568,2.4206475845031568,0.0,2,2.501406953454738
2026-05-02 21:45:00+00:00,2.4115091362458685,2.4206475845031568,-0.009138448257288274,2,2.510886070772184
2026-05-02 21:50:00+00:00,2.4085470912603073,2.4206475845031568,-0.012100493242849345,2,2.513973972819951
2026-05-02 21:55:00+00:00,2.404025593931093,2.4206475845031568,-0.01662199057206356,2,2.518702261334231
2026-05-02 22:00:00+00:00,2.4047542189547118,2.4206475845031568,-0.01589336554844504,2,2.5179391107884546
2026-05-02 22:05:00+00:00,2.4035944517388694,2.4206475845031568,-0.01705313276428717,2,2.51915405086708
2026-05-02 22:10:00+00:00,2.404796118568043,2.404796118568043,0.0,0,0.0
2026-05-03 22:05:00+00:00,2.4029928596535712,2.4029928596535712,0.0,2,2.5014069534547385
2026-05-03 22:10:00+00:00,2.390532382001498,2.4029928596535712,-0.012460477652073244,2,2.5144453568149836
2026-05-03 22:15:00+00:00,2.4205679743643715,2.4029928596535712,0.01757511471080052,2,2.4832448879350104
2026-05-03 22:20:00+00:00,2.419120397667962,2.4029928596535712,0.01612753801439066,2,2.484730836065049
2026-05-03 22:25:00+00:00,2.3978785991145526,2.4029928596535712,-0.005114260539018565,2,2.50674202207698
2026-05-03 22:30:00+00:00,2.4016824062740425,2.4029928596535712,-0.0013104533795288264,2,2.502771820510919
2026-05-03 22:35:00+00:00,2.4059229753520412,2.4059229753520412,0.0,0,0.0
2026-05-04 14:15:00+00:00,2.4041188714534454,2.4041188714534454,0.0,2,2.5014069534547385
2026-05-04 14:20:00+00:00,2.4094712913501226,2.4041188714534454,0.005352419896677019,2,2.4958503069010227
2026-05-04 14:25:00+00:00,2.42626954240107,2.4041188714534454,0.022150670947624383,2,2.4785703141762996
2026-05-04 14:30:00+00:00,2.423048371669928,2.4041188714534454,0.018929500216482327,2,2.481865295095562
2026-05-04 14:35:00+00:00,2.4298026828625456,2.4041188714534454,0.0256838114091002,2,2.4749662614170393
2026-05-04 14:40:00+00:00,2.4431652187917243,2.4041188714534454,0.03904634733827876,2,2.4614297943220937
2026-05-04 14:45:00+00:00,2.4391633646864137,2.4391633646864137,0.0,0,0.0
2026-05-04 16:20:00+00:00,2.437334335170247,2.437334335170247,0.0,2,2.5014069534547385
2026-05-04 16:25:00+00:00,2.4431973560026137,2.437334335170247,0.005863020832366544,2,2.495404245142084
2026-05-04 16:30:00+00:00,2.441119518931234,2.437334335170247,0.0037851837609868388,2,2.497528288397002
2026-05-04 16:35:00+00:00,2.441090309812479,2.437334335170247,0.003755974642232319,2,2.4975581728302307
2026-05-04 16:40:00+00:00,2.439286017337917,2.437334335170247,0.0019516821676700932,2,2.4994055680860514
2026-05-04 16:45:00+00:00,2.446310953223758,2.437334335170247,0.008976618053511186,2,2.492228163330789
2026-05-04 16:50:00+00:00,2.442696895006753,2.442696895006753,0.0,0,0.0
2026-05-05 13:05:00+00:00,2.4417808836711252,2.4417808836711252,0.0,1,1.2504689258471928
2026-05-05 13:10:00+00:00,2.4499754619361713,2.4417808836711252,0.008194578265045915,1,1.2462864082505614
2026-05-05 13:15:00+00:00,2.447837745867029,2.4417808836711252,0.006056862195903797,1,1.2473748000306824
2026-05-05 13:20:00+00:00,2.445343743786362,2.4417808836711252,0.003562860115237089,1,1.2486469955469783
2026-05-05 13:25:00+00:00,2.4460563158094093,2.4417808836711252,0.004275432138284236,1,1.248283246392906
2026-05-05 13:30:00+00:00,2.4407120256365538,2.4417808836711252,-0.001068858034571398,1,1.25101654217568
2026-05-05 13:35:00+00:00,2.4401523003124503,2.4401523003124503,0.0,0,0.0
2026-05-08 17:35:00+00:00,2.439237243199833,2.439237243199833,0.0,1,1.2504689258471928
2026-05-08 17:40:00+00:00,2.43805790607144,2.439237243199833,-0.0011793371283931441,1,1.251073802551918
2026-05-08 17:45:00+00:00,2.4385296409227974,2.439237243199833,-0.0007076022770356156,1,1.2508317816617962
2026-05-08 17:50:00+00:00,2.443482856862048,2.439237243199833,0.004245613662215048,1,1.2482962042580714
2026-05-08 17:55:00+00:00,2.441926131852569,2.439237243199833,0.002688888652735678,1,1.2490919916060417
2026-05-08 18:00:00+00:00,2.4369729159133184,2.439237243199833,-0.002264327286514647,1,1.2516308061829342
2026-05-08 18:05:00+00:00,2.4403034724629165,2.4403034724629165,0.0,0,0.0
2026-05-10 20:55:00+00:00,2.439388358660743,2.439388358660743,0.0,1,1.2504689258471926
2026-05-10 21:00:00+00:00,2.446508607519388,2.439388358660743,0.007120248858644837,1,1.246829596758111
2026-05-10 21:05:00+00:00,2.4584835715089275,2.439388358660743,0.0190952128481845,1,1.2407564467499916
2026-05-10 21:10:00+00:00,2.467869354095323,2.439388358660743,0.028480995434580027,1,1.236037610952408
2026-05-10 21:15:00+00:00,2.451039674974889,2.439388358660743,0.01165131631414622,1,1.2445246691528553
2026-05-10 21:20:00+00:00,2.463661934315215,2.439388358660743,0.024273575654472083,1,1.2381485049110486
2026-05-10 21:25:00+00:00,2.4640414112146134,2.4640414112146134,0.0,0,0.0
2026-05-11 22:55:00+00:00,2.463117395685408,2.463117395685408,0.0,1,1.2504689258471926
2026-05-11 23:00:00+00:00,2.464817685357451,2.463117395685408,0.0017002896720429296,1,1.2496063227376566
2026-05-11 23:05:00+00:00,2.459578955016562,2.463117395685408,-0.003538440668846013,1,1.2522678963959206
2026-05-11 23:10:00+00:00,2.4576488964699186,2.463117395685408,-0.005468499215489542,1,1.2532513364469375
2026-05-11 23:15:00+00:00,2.459624908791482,2.463117395685408,-0.003492486893925962,1,1.2522444999679347
2026-05-11 23:20:00+00:00,2.4603142154152833,2.463117395685408,-0.002803180270124848,1,1.2518936584278428
2026-05-11 23:25:00+00:00,2.4582873092879955,2.4582873092879955,0.0,0,0.0
2026-05-12 14:40:00+00:00,2.4573654515470125,2.4573654515470125,0.0,1,1.2504689258471928
2026-05-12 14:45:00+00:00,2.4563669726980315,2.4573654515470125,-0.0009984788489807712,1,1.2509772239914212
2026-05-12 14:50:00+00:00,2.447151282781089,2.4573654515470125,-0.010214168765923248,1,1.2556882601544004
2026-05-12 14:55:00+00:00,2.4443852265102652,2.4573654515470125,-0.012980225036747298,1,1.2571091918261068
2026-05-12 15:00:00+00:00,2.444466184254777,2.4573654515470125,-0.01289926729223549,1,1.2570675578998816
2026-05-12 15:05:00+00:00,2.445518634933432,2.4573654515470125,-0.011846816613580636,1,1.2565265677043753
2026-05-12 15:10:00+00:00,2.449697115096701,2.449697115096701,0.0,0,0.0
2026-05-14 17:00:00+00:00,2.44877847867854,2.44877847867854,0.0,1,1.2504689258471926
2026-05-14 17:05:00+00:00,2.453373202321578,2.44877847867854,0.004594723643038438,1,1.248127024039087
2026-05-14 17:10:00+00:00,2.4507241271267315,2.44877847867854,0.001945648448191869,1,1.249476169094951
2026-05-14 17:15:00+00:00,2.44243641306376,2.44877847867854,-0.006342065614780004,1,1.2537159114942082
2026-05-14 17:20:00+00:00,2.4313387336458026,2.44877847867854,-0.01743974503273725,1,1.259438412055079
2026-05-14 17:25:00+00:00,2.432143184446497,2.44877847867854,-0.016635294232042554,1,1.2590218427324
2026-05-14 17:30:00+00:00,2.4322048555156943,2.4322048555156943,0.0,0,0.0
2026-05-17 23:55:00+00:00,2.431292778694876,2.431292778694876,0.0,1,1.2504689258471926
2026-05-18 00:00:00+00:00,2.434524801447599,2.431292778694876,0.003232022752722999,1,1.2488088302024458
2026-05-18 00:05:00+00:00,2.429747028682705,2.431292778694876,-0.00154575001217137,1,1.2512644458476414
2026-05-18 00:10:00+00:00,2.4208940967948114,2.431292778694876,-0.010398681900064552,1,1.2558401763298206
2026-05-18 00:15:00+00:00,2.422861414992121,2.431292778694876,-0.008431363702755107,1,1.254820457572273
2026-05-18 00:20:00+00:00,2.4205193695191336,2.431292778694876,-0.010773409175742654,1,1.2560345964092008
2026-05-18 00:25:00+00:00,2.4223240654469813,2.4223240654469813,0.0,0,0.0
2026-05-18 19:05:00+00:00,2.41869262267383,2.41869262267383,0.0,4,5.0046910179335145
2026-05-18 19:10:00+00:00,2.404253424876358,2.41869262267383,-0.01443919779747216,4,5.034747634584436
2026-05-18 19:15:00+00:00,2.4038163467092515,2.41869262267383,-0.014876275964578366,4,5.035663086495302
2026-05-18 19:20:00+00:00,2.406408763773873,2.41869262267383,-0.012283858899956993,4,5.030238181502585
2026-05-18 19:25:00+00:00,2.4028839296699123,2.41869262267383,-0.01580869300391781,4,5.037617129305379
2026-05-18 19:30:00+00:00,2.4052854015556417,2.41869262267383,-0.013407221118188362,4,5.0325874991836175
2026-05-18 19:35:00+00:00,2.4102520468636515,2.4102520468636515,0.0,0,0.0
2026-05-20 14:20:00+00:00,2.4093482023460777,2.4093482023460777,0.0,1,1.2504689258471926
2026-05-20 14:25:00+00:00,2.4042470714627915,2.4093482023460777,-0.0051011308832861636,1,1.2531220665047988
2026-05-20 14:30:00+00:00,2.407566113906303,2.4093482023460777,-0.001782088439774612,1,1.2513945271024096
2026-05-20 14:35:00+00:00,2.4059513394466814,2.4093482023460777,-0.003396862899396187,1,1.252234411055233
2026-05-20 14:40:00+00:00,2.4032354055362815,2.4093482023460777,-0.006112796809796126,1,1.2536495807439452
2026-05-20 14:45:00+00:00,2.4069124220768656,2.4093482023460777,-0.0024357802692119733,1,1.2517343925542086
2026-05-20 14:50:00+00:00,2.406607795069609,2.406607795069609,0.0,0,0.0
2026-05-21 13:55:00+00:00,2.4057053171464577,2.4057053171464577,0.0,1,1.2504689258471928
2026-05-21 14:00:00+00:00,2.4075873854710057,2.4057053171464577,0.00188206832454794,1,1.2494914045450083
2026-05-21 14:05:00+00:00,2.4107189597371614,2.4057053171464577,0.005013642590703518,1,1.247868289120271
2026-05-21 14:10:00+00:00,2.410223062066585,2.4057053171464577,0.004517744920127301,1,1.2481250350569855
2026-05-21 14:15:00+00:00,2.406248071289844,2.4057053171464577,0.0005427541433864354,1,1.2501868696457656
2026-05-21 14:20:00+00:00,2.3993875027292018,2.4057053171464577,-0.006317814417255855,1,1.2537615288965385
2026-05-21 14:25:00+00:00,2.3991917766042725,2.3991917766042725,0.0,0,0.0
2026-05-21 17:15:00+00:00,2.397392720158163,2.397392720158163,0.0,2,2.501406953454738
2026-05-21 17:20:00+00:00,2.412361799942263,2.397392720158163,0.014969079784100198,2,2.4858853346578966
2026-05-21 17:25:00+00:00,2.432492008015356,2.397392720158163,0.03509928785719312,2,2.4653132674660534
2026-05-21 17:30:00+00:00,2.441002659737667,2.397392720158163,0.04360993957950403,2,2.456717855854314
2026-05-21 17:35:00+00:00,2.4350681490646533,2.397392720158163,0.03767542890649033,2,2.462705129081862
2026-05-21 17:40:00+00:00,2.4327624363297273,2.397392720158163,0.03536971617156458,2,2.465039220768619
2026-05-21 17:45:00+00:00,2.4285332284268266,2.4285332284268266,0.0,0,0.0
2026-05-22 15:30:00+00:00,2.4276225284661668,2.4276225284661668,0.0,1,1.2504689258471926
2026-05-22 15:35:00+00:00,2.427894980327446,2.4276225284661668,0.0002724518612793398,1,1.250328601579018
2026-05-22 15:40:00+00:00,2.4195990185803655,2.4276225284661668,-0.008023509885801383,1,1.254615542584667
2026-05-22 15:45:00+00:00,2.419950441995639,2.4276225284661668,-0.007672086470527822,1,1.2544333482425107
2026-05-22 15:50:00+00:00,2.4198240875092485,2.4276225284661668,-0.0077984409569181725,1,1.2544988502276535
2026-05-22 15:55:00+00:00,2.4225959890544413,2.4276225284661668,-0.005026539411725276,1,1.2530634696206107
2026-05-22 16:00:00+00:00,2.4218353350463704,2.4218353350463704,0.0,0,0.0
2026-05-23 20:35:00+00:00,2.420927146795728,2.420927146795728,0.0,1,1.2504689258471928
2026-05-23 20:40:00+00:00,2.4392097067617358,2.420927146795728,0.018282559966007937,1,1.2410963109961386
2026-05-23 20:45:00+00:00,2.4428860695258012,2.420927146795728,0.021958922730073403,1,1.2392285528876932
2026-05-23 20:50:00+00:00,2.4429337113758764,2.420927146795728,0.022006564580148415,1,1.2392043855758046
2026-05-23 20:55:00+00:00,2.44495451984986,2.420927146795728,0.02402737305413233,1,1.2381801560030095
2026-05-23 21:00:00+00:00,2.4604540017406946,2.420927146795728,0.039526854944966945,1,1.2303803146355294
2026-05-23 21:05:00+00:00,2.4491837110988954,2.4491837110988954,0.0,0,0.0
2026-05-24 14:25:00+00:00,2.4482652672072334,2.4482652672072334,0.0,1,1.2504689258471926
2026-05-24 14:30:00+00:00,2.446445568577123,2.4482652672072334,-0.0018196986301105586,1,1.2513990412033595
2026-05-24 14:35:00+00:00,2.451438075075118,2.4482652672072334,0.003172807867884954,1,1.2488504890256336
2026-05-24 14:40:00+00:00,2.4516713697712866,2.4482652672072334,0.0034061025640533754,1,1.2487316516484104
2026-05-24 14:45:00+00:00,2.450924826743549,2.4482652672072334,0.0026595595363153794,1,1.249112010889902
2026-05-24 14:50:00+00:00,2.4497116943234754,2.4482652672072334,0.0014464271162419003,1,1.2497305891006463
2026-05-24 14:55:00+00:00,2.4491198630064486,2.4491198630064486,0.0,0,0.0
2026-05-24 22:05:00+00:00,2.4454482491402607,2.4454482491402607,0.0,4,5.004691017933514
2026-05-24 22:10:00+00:00,2.493336372075832,2.4454482491402607,0.04788812293557143,4,4.908568705113837
2026-05-24 22:15:00+00:00,2.505941220896391,2.4454482491402607,0.06049297175613025,4,4.883878674103791
2026-05-24 22:20:00+00:00,2.4913716459483903,2.4454482491402607,0.04592339680812955,4,4.912439662383084
2026-05-24 22:25:00+00:00,2.5032023613968852,2.4454482491402607,0.057754112256624315,4,4.889222332174462
2026-05-24 22:30:00+00:00,2.489071158887289,2.4454482491402607,0.043622909747028364,4,4.916979911801588
2026-05-24 22:35:00+00:00,2.4825640516440473,2.4825640516440473,0.0,0,0.0
2026-05-25 12:15:00+00:00,2.4816330901246806,2.4816330901246806,0.0,1,1.2504689258471928
2026-05-25 12:20:00+00:00,2.4956085535312695,2.4816330901246806,0.013975463406589086,1,1.243466272049775
2026-05-25 12:25:00+00:00,2.490204707680722,2.4816330901246806,0.00857161755604138,1,1.2461646446107884
2026-05-25 12:30:00+00:00,2.493745158410391,2.4816330901246806,0.012112068285710495,1,1.244395424323615
2026-05-25 12:35:00+00:00,2.498310476456544,2.4816330901246806,0.016677386331863282,1,1.24212146320439
2026-05-25 12:40:00+00:00,2.50036021108951,2.4816330901246806,0.01872712096482925,1,1.2411032021673647
2026-05-25 12:45:00+00:00,2.5003143622525608,2.5003143622525608,0.0,0,0.0
2026-05-26 13:50:00+00:00,2.499376744366716,2.499376744366716,0.0,1,1.2504689258471926
2026-05-26 13:55:00+00:00,2.4919279806177257,2.499376744366716,-0.007448763748990442,1,1.254206773680893
2026-05-26 14:00:00+00:00,2.4941064307863123,2.499376744366716,-0.005270313580403923,1,1.2531113003988221
2026-05-26 14:05:00+00:00,2.4918754391479823,2.499376744366716,-0.00750130521873397,1,1.2542332187696867
2026-05-26 14:10:00+00:00,2.4946237621807077,2.499376744366716,-0.004752982186008274,1,1.2528514320266066
2026-05-26 14:15:00+00:00,2.5012884455350672,2.499376744366716,0.0019117011683513212,1,1.2495132092400991
2026-05-26 14:20:00+00:00,2.5049623520320763,2.5049623520320763,0.0,0,0.0
2026-05-27 22:05:00+00:00,2.504022991150064,2.504022991150064,0.0,1,1.2504689258471928
2026-05-27 22:10:00+00:00,2.498471376942375,2.504022991150064,-0.005551614207689236,1,1.2532474732098218
2026-05-27 22:15:00+00:00,2.4939221375221856,2.504022991150064,-0.01010085362787868,1,1.2555335601419677
2026-05-27 22:20:00+00:00,2.4943076662866086,2.504022991150064,-0.009715324863455816,1,1.255339500560355
2026-05-27 22:25:00+00:00,2.4935828722094935,2.504022991150064,-0.0104401189405708,1,1.2557043822111373
2026-05-27 22:30:00+00:00,2.4998284381931435,2.504022991150064,-0.004194552956920756,1,1.2525671330882628
2026-05-27 22:35:00+00:00,2.500415771218246,2.500415771218246,0.0,0,0.0
2026-05-28 03:25:00+00:00,2.499478115304039,2.499478115304039,0.0,1,1.2504689258471928
2026-05-28 03:30:00+00:00,2.4879928640276203,2.499478115304039,-0.01148525127641883,1,1.2562414302761078
2026-05-28 03:35:00+00:00,2.483015921807838,2.499478115304039,-0.016462193496200893,1,1.2587594330636327
2026-05-28 03:40:00+00:00,2.478421821297271,2.499478115304039,-0.021056294006767798,1,1.2610927192316395
2026-05-28 03:45:00+00:00,2.473827720786703,2.499478115304039,-0.025650394517335747,1,1.2634346716063396
2026-05-28 03:50:00+00:00,2.4742105624959176,2.499478115304039,-0.025267552808121638,1,1.2632391767295128
2026-05-28 03:55:00+00:00,2.461787655305292,2.461787655305292,0.0,0,0.0
2026-05-28 14:15:00+00:00,2.459941660752702,2.459941660752702,0.0,2,2.5014069534547385
2026-05-28 14:20:00+00:00,2.484072199609004,2.459941660752702,0.02413053885630179,2,2.4771080229746727
2026-05-28 14:25:00+00:00,2.4451613782150843,2.459941660752702,-0.014780282537617779,2,2.5165272239788097
2026-05-28 14:30:00+00:00,2.44506703264896,2.459941660752702,-0.014874628103742106,2,2.5166243269140023
2026-05-28 14:35:00+00:00,2.437855441996026,2.459941660752702,-0.02208621875667617,2,2.524068929313421
2026-05-28 14:40:00+00:00,2.4349084986001786,2.459941660752702,-0.025033162152523578,2,2.5271237826133213
2026-05-28 14:45:00+00:00,2.429512413176713,2.429512413176713,0.0,0,0.0
2026-05-29 13:40:00+00:00,2.427690620517014,2.427690620517014,0.0,2,2.5014069534547385
2026-05-29 13:45:00+00:00,2.434515787161358,2.427690620517014,0.006825166644344162,2,2.4943942573807663
2026-05-29 13:50:00+00:00,2.4295031867080192,2.427690620517014,0.001812566191005148,2,2.4995407424126688
2026-05-29 13:55:00+00:00,2.421113062958451,2.427690620517014,-0.006577557558563107,2,2.508202649395362
2026-05-29 14:00:00+00:00,2.4243067277322976,2.427690620517014,-0.0033838927847163877,2,2.5048984641800964
2026-05-29 14:05:00+00:00,2.425342945876229,2.427690620517014,-0.0023476746407849153,2,2.5038282562568406
2026-05-29 14:10:00+00:00,2.406545327262807,2.406545327262807,0.0,0,0.0
2026-05-30 02:00:00+00:00,2.4056428727650836,2.4056428727650836,0.0,1,1.2504689258471926
2026-05-30 02:05:00+00:00,2.420320071786911,2.4056428727650836,0.014677199021827165,1,1.2428858869304762
2026-05-30 02:10:00+00:00,2.409461705112456,2.4056428727650836,0.0038188323473722936,1,1.2484870179491436
2026-05-30 02:15:00+00:00,2.4032043412661594,2.4056428727650836,-0.0024385314989240742,1,1.2517377766942652
2026-05-30 02:20:00+00:00,2.4103819056780877,2.4056428727650836,0.004739032913003994,1,1.2480103887239595
2026-05-30 02:25:00+00:00,2.4123603368941957,2.4056428727650836,0.006717464129112218,1,1.2469868672071627
2026-05-30 02:30:00+00:00,2.4106757119156854,2.4106757119156854,0.0,0,0.0
2026-05-30 15:50:00+00:00,2.409771708523717,2.409771708523717,0.0,1,1.2504689258471926
2026-05-30 15:55:00+00:00,2.4162537971580296,2.409771708523717,0.006482088634312396,1,1.2471142904933532
2026-05-30 16:00:00+00:00,2.4199081290055617,2.409771708523717,0.010136420481844786,1,1.2452310084734135
2026-05-30 16:05:00+00:00,2.426912265046665,2.409771708523717,0.01714055652294781,1,1.241637237280461
2026-05-30 16:10:00+00:00,2.4369616776273775,2.409771708523717,0.02718996910366038,1,1.2365170398692502
2026-05-30 16:15:00+00:00,2.456799479085408,2.409771708523717,0.04702777056169087,1,1.226532594762835
2026-05-30 16:20:00+00:00,2.4423657470674582,2.4423657470674582,0.0,0,0.0
2026-05-31 16:40:00+00:00,2.441449859912308,2.441449859912308,0.0,1,1.2504689258471928
2026-05-31 16:45:00+00:00,2.4386067741501862,2.441449859912308,-0.0028430857621216934,1,1.2519268035324094
2026-05-31 16:50:00+00:00,2.4394252382332215,2.441449859912308,-0.0020246216790866297,1,1.2515067631445258
2026-05-31 16:55:00+00:00,2.4417513993113205,2.441449859912308,0.00030153939901238306,1,1.2503145015890598
2026-05-31 17:00:00+00:00,2.4449391015294566,2.441449859912308,0.003489241617148519,1,1.2486843463399617
2026-05-31 17:05:00+00:00,2.4462314132395124,2.441449859912308,0.004781553327204204,1,1.2480246829106538
2026-05-31 17:10:00+00:00,2.4564724838478376,2.4564724838478376,0.0,0,0.0
2026-06-01 09:35:00+00:00,2.4555513066663948,2.4555513066663948,0.0,1,1.2504689258471926
2026-06-01 09:40:00+00:00,2.4564652635881554,2.4555513066663948,0.000913956921760859,1,1.2500036741104124
2026-06-01 09:45:00+00:00,2.51117211361928,2.4555513066663948,0.055620806952885356,1,1.2227718634483573
2026-06-01 09:50:00+00:00,2.543595823462707,2.4555513066663948,0.08804451679631245,1,1.2071849530833358
2026-06-01 09:55:00+00:00,2.495721889465701,2.4555513066663948,0.04017058279930621,1,1.2303416569652987
2026-06-01 10:00:00+00:00,2.4832746666264796,2.4555513066663948,0.027723359960084844,1,1.236508649677961
2026-06-01 10:05:00+00:00,2.453193911465042,2.453193911465042,0.0,0,0.0
2026-06-01 15:35:00+00:00,2.4513543610118367,2.4513543610118367,0.0,2,2.5014069534547385
2026-06-01 15:40:00+00:00,2.4439599260046876,2.4513543610118367,-0.007394435007149201,2,2.5089751999496754
2026-06-01 15:45:00+00:00,2.446920813207075,2.4513543610118367,-0.004433547804761467,2,2.505939224073161
2026-06-01 15:50:00+00:00,2.435467660119397,2.4513543610118367,-0.015886700892439612,2,2.517723780292774
2026-06-01 15:55:00+00:00,2.4309254364130712,2.4513543610118367,-0.020428924598765632,2,2.5224281881160353
2026-06-01 16:00:00+00:00,2.426924365581417,2.4513543610118367,-0.024429995430419245,2,2.52658670825434
2026-06-01 16:05:00+00:00,2.4311440686245684,2.4311440686245684,0.0,0,0.0
2026-06-02 02:25:00+00:00,2.4302323895988343,2.4302323895988343,0.0,1,1.2504689258471928
2026-06-02 02:30:00+00:00,2.4408405281613774,2.4302323895988343,0.010608138562543312,1,1.245034262058021
2026-06-02 02:35:00+00:00,2.4396900923383886,2.4302323895988343,0.009457702739554295,1,1.2456213579438542
2026-06-02 02:40:00+00:00,2.4381044729269283,2.4302323895988343,0.007872083328093925,1,1.2464314468577695
2026-06-02 02:45:00+00:00,2.432037755178731,2.4302323895988343,0.001805365579896503,1,1.249540669880505
2026-06-02 02:50:00+00:00,2.4342696868502975,2.4302323895988343,0.00403729725146319,1,1.2483949918107815
2026-06-02 02:55:00+00:00,2.434943627236024,2.434943627236024,0.0,0,0.0
2026-06-02 22:25:00+00:00,2.432205342768821,2.432205342768821,0.0,3,3.752814258801789
2026-06-02 22:30:00+00:00,2.421730794719849,2.432205342768821,-0.010474548048971893,3,3.769046051930238
2026-06-02 22:35:00+00:00,2.383755965980757,2.432205342768821,-0.04844937678806409,3,3.8290894793508436
2026-06-02 22:40:00+00:00,2.371380369022002,2.432205342768821,-0.060824973746819104,3,3.8490724684716477
2026-06-02 22:45:00+00:00,2.3720762238524844,2.432205342768821,-0.06012911891633685,3,3.847943332888596
2026-06-02 22:50:00+00:00,2.33212209206212,2.432205342768821,-0.10008325070670068,3,3.9138666546423653
2026-06-02 22:55:00+00:00,2.27974794502123,2.27974794502123,0.0,0,0.0
2026-06-03 01:55:00+00:00,2.278893039541847,2.278893039541847,0.0,1,1.2504689258471926
2026-06-03 02:00:00+00:00,2.2752254694644174,2.278893039541847,-0.003667570077429883,1,1.2524846304341637
2026-06-03 02:05:00+00:00,2.2740681851708433,2.278893039541847,-0.004824854371004105,1,1.2531220259178157
2026-06-03 02:10:00+00:00,2.2741745532125317,2.278893039541847,-0.004718486329315324,1,1.253063414701845
2026-06-03 02:15:00+00:00,2.2713621821902796,2.278893039541847,-0.0075308573515676155,1,1.2546149414747145
2026-06-03 02:20:00+00:00,2.2757488002295263,2.278893039541847,-0.0031442393123209946,1,1.2521966093046497
2026-06-03 02:25:00+00:00,2.264214543364587,2.264214543364587,0.0,0,0.0
2026-06-03 03:55:00+00:00,2.2633654629108255,2.2633654629108255,0.0,1,1.2504689258471926
2026-06-03 04:00:00+00:00,2.2539175474904787,2.2633654629108255,-0.009447915420346944,1,1.2557106103357536
2026-06-03 04:05:00+00:00,2.278093095771955,2.2633654629108255,0.014727632861129459,1,1.2423847754328359
2026-06-03 04:10:00+00:00,2.2734308891429595,2.2633654629108255,0.01006542623213414,1,1.2449325786510677
2026-06-03 04:15:00+00:00,2.2731838848182453,2.2633654629108255,0.009818421907419638,1,1.245067853114765
2026-06-03 04:20:00+00:00,2.2730295071152984,2.2633654629108255,0.009664044204472762,1,1.245152414584194
2026-06-03 04:25:00+00:00,2.2775682084943814,2.2775682084943814,0.0,0,0.0
2026-06-03 10:10:00+00:00,2.276714120416196,2.276714120416196,0.0,1,1.2504689258471928
2026-06-03 10:15:00+00:00,2.2650223227285626,2.276714120416196,-0.01169179768763315,1,1.25692370977977
2026-06-03 10:20:00+00:00,2.2631414028946453,2.276714120416196,-0.013572717521550691,1,1.2579683518566736
2026-06-03 10:25:00+00:00,2.264691280837793,2.276714120416196,-0.012022839578402595,1,1.257107440959803
2026-06-03 10:30:00+00:00,2.2674750421919914,2.276714120416196,-0.009239078224204406,1,1.2555640999981155
2026-06-03 10:35:00+00:00,2.266180969346256,2.276714120416196,-0.010533151069939621,1,1.256281073368674
2026-06-03 10:40:00+00:00,2.266034107125624,2.266034107125624,0.0,0,0.0
2026-06-04 00:35:00+00:00,2.265184344335452,2.265184344335452,0.0,1,1.2504689258471926
2026-06-04 00:40:00+00:00,2.2397137061413486,2.265184344335452,-0.02547063819410306,1,1.2646896012379305
2026-06-04 00:45:00+00:00,2.2644449249437764,2.265184344335452,-0.0007394193916755806,1,1.2508772470928426
2026-06-04 00:50:00+00:00,2.248649668151386,2.265184344335452,-0.01653467618406555,1,1.259663821370477
2026-06-04 00:55:00+00:00,2.2460695664442625,2.265184344335452,-0.019114777891189313,1,1.261110820530465
2026-06-04 01:00:00+00:00,2.2536840129457736,2.265184344335452,-0.011500331389678169,1,1.2568499477460615
2026-06-04 01:05:00+00:00,2.2588282669264186,2.2588282669264186,0.0,0,0.0
2026-06-04 05:35:00+00:00,2.2579812063263214,2.2579812063263214,0.0,1,1.2504689258471926
2026-06-04 05:40:00+00:00,2.2536398366714705,2.2579812063263214,-0.004341369654850918,1,1.2528778058113597
2026-06-04 05:45:00+00:00,2.260541162900914,2.2579812063263214,0.002559956574592643,1,1.249052828586686
2026-06-04 05:50:00+00:00,2.2524346337480368,2.2579812063263214,-0.005546572578284478,1,1.2535481790917407
2026-06-04 05:55:00+00:00,2.249857082970182,2.2579812063263214,-0.008124123356139648,1,1.2549843076834426
2026-06-04 06:00:00+00:00,2.246333843767005,2.2579812063263214,-0.011647362559316294,1,1.2569526749074287
2026-06-04 06:05:00+00:00,2.2541299355192703,2.2541299355192703,0.0,0,0.0
2026-06-04 15:10:00+00:00,2.2532846367934507,2.2532846367934507,0.0,1,1.2504689258471926
2026-06-04 15:15:00+00:00,2.2464835206313345,2.2532846367934507,-0.006801116162116412,1,1.2542546577894476
2026-06-04 15:20:00+00:00,2.231281025680721,2.2532846367934507,-0.022003611112729384,1,1.2628003317240029
2026-06-04 15:25:00+00:00,2.2204792529526545,2.2532846367934507,-0.03280538384079616,1,1.2689433669115964
2026-06-04 15:30:00+00:00,2.2288806317411507,2.2532846367934507,-0.024404005052299917,1,1.2641603050756443
2026-06-04 15:35:00+00:00,2.227280369114771,2.2532846367934507,-0.026004267678679752,1,1.2650685825058312
2026-06-04 15:40:00+00:00,2.2236346107927853,2.2236346107927853,0.0,0,0.0
2026-06-04 17:55:00+00:00,2.2219671975333077,2.2219671975333077,0.0,2,2.501406953454738
2026-06-04 18:00:00+00:00,2.211332223451108,2.2219671975333077,-0.01063497408219983,2,2.5134369857750327
2026-06-04 18:05:00+00:00,2.191559229207493,2.2219671975333077,-0.030407968325815098,2,2.5361140708335053
2026-06-04 18:10:00+00:00,2.1894299073762262,2.2219671975333077,-0.03253729015708173,2,2.538580559045535
2026-06-04 18:15:00+00:00,2.1728506031683996,2.2219671975333077,-0.04911659436490798,2,2.5579504592508773
2026-06-04 18:20:00+00:00,2.1956903528649607,2.2219671975333077,-0.02627684466834683,2,2.5313424504534336
2026-06-04 18:25:00+00:00,2.213872156809542,2.213872156809542,0.0,0,0.0
2026-06-05 14:10:00+00:00,2.2122120640177068,2.2122120640177068,0.0,2,2.5014069534547385
2026-06-05 14:15:00+00:00,2.1886693576752014,2.2122120640177068,-0.023542706342505104,2,2.528313662383509
2026-06-05 14:20:00+00:00,2.1884528937072787,2.2122120640177068,-0.02375917031042805,2,2.52856374261557
2026-06-05 14:25:00+00:00,2.1677750822226667,2.2122120640177068,-0.04443698179504015,2,2.5526830181001006
2026-06-05 14:30:00+00:00,2.1616780341897552,2.2122120640177068,-0.05053402982795156,2,2.559882902045809
2026-06-05 14:35:00+00:00,2.201029616799184,2.2122120640177068,-0.011182447218522877,2,2.514115483596978
2026-06-05 14:40:00+00:00,2.2003084896266722,2.2003084896266722,0.0,0,0.0
2026-06-05 16:20:00+00:00,2.199483373943062,2.199483373943062,0.0,1,1.2504689258471926
2026-06-05 16:25:00+00:00,2.1995308336616572,2.199483373943062,4.7459718594991434e-05,1,1.2504419442280108
2026-06-05 16:30:00+00:00,2.1842962639925747,2.199483373943062,-0.015187109950487339,1,1.2591632634146601
2026-06-05 16:35:00+00:00,2.1687769360119193,2.199483373943062,-0.030706437931142673,1,1.2681735804009973
2026-06-05 16:40:00+00:00,2.16626157092637,2.199483373943062,-0.033221803016692183,1,1.2696461262788215
2026-06-05 16:45:00+00:00,2.162797011468915,2.199483373943062,-0.03668636247414732,1,1.271679957688378
2026-06-05 16:50:00+00:00,2.179389612509771,2.179389612509771,0.0,0,0.0
2026-06-05 19:25:00+00:00,2.1785723414050797,2.1785723414050797,0.0,1,1.2504689258471928
2026-06-05 19:30:00+00:00,2.190782784247699,2.1785723414050797,0.012210442842618923,1,1.2434993716516263
2026-06-05 19:35:00+00:00,2.1663618985624606,2.1785723414050797,-0.012210442842619226,1,1.2575170461800238
2026-06-05 19:40:00+00:00,2.175519730694425,2.1785723414050797,-0.0030526107106547307,1,1.2522235386794853
2026-06-05 19:45:00+00:00,2.175519730694425,2.1785723414050797,-0.0030526107106547307,1,1.2522235386794853
2026-06-05 19:50:00+00:00,2.226105851042419,2.1785723414050797,0.047533509637339294,1,1.223767959803679
2026-06-05 19:55:00+00:00,2.2191833585164176,2.2191833585164176,0.0,0,0.0
2026-06-07 22:15:00+00:00,2.2158564554465365,2.2158564554465365,0.0,4,5.0046910179335145
2026-06-07 22:20:00+00:00,2.1171857864582786,2.2158564554465365,-0.09867066898825813,4,5.237932811817415
2026-06-07 22:25:00+00:00,2.0794606667796813,2.2158564554465365,-0.13639578866685506,4,5.332958240935185
2026-06-07 22:30:00+00:00,2.0815370407543488,2.2158564554465365,-0.1343194146921877,4,5.327638510619239
2026-06-07 22:35:00+00:00,2.0844374058512414,2.2158564554465365,-0.13141904959529516,4,5.320225432758668
2026-06-07 22:40:00+00:00,2.086550776938971,2.2158564554465365,-0.12930567850756575,4,5.314836821691033
2026-06-07 22:45:00+00:00,2.1083563412851114,2.1083563412851114,0.0,0,0.0
2026-06-11 17:30:00+00:00,2.106775370516758,2.106775370516758,0.0,2,2.5014069534547385
2026-06-11 17:35:00+00:00,2.1464338656004727,2.106775370516758,0.03965849508371478,2,2.4551898130360175
2026-06-11 17:40:00+00:00,2.1461603947135086,2.106775370516758,0.039385024196750634,2,2.4555026614780493
2026-06-11 17:45:00+00:00,2.1572333880855714,2.106775370516758,0.05045801756881355,2,2.4428986637623646
2026-06-11 17:50:00+00:00,2.191956601635255,2.106775370516758,0.08518123111849711,2,2.404200227890607
2026-06-11 17:55:00+00:00,2.1742969441027684,2.106775370516758,0.06752157358601044,2,2.4237271617711103
2026-06-11 18:00:00+00:00,2.1867352909480133,2.1867352909480133,0.0,0,0.0
2026-06-13 21:45:00+00:00,2.1859152652139078,2.1859152652139078,0.0,1,1.2504689258471926
2026-06-13 21:50:00+00:00,2.1886794856409226,2.1859152652139078,0.0027642204270148887,1,1.248889630308101
2026-06-13 21:55:00+00:00,2.191838594700368,2.1859152652139078,0.005923329486459955,1,1.2470895987935118
2026-06-13 22:00:00+00:00,2.185520376581477,2.1859152652139078,-0.0003948886324307851,1,1.2506948656139028
2026-06-13 22:05:00+00:00,2.177622603932864,2.1859152652139078,-0.008292661281043452,1,1.2552308690901555
2026-06-13 22:10:00+00:00,2.1807817129923093,2.1859152652139078,-0.005133552221598385,1,1.253412525151093
2026-06-13 22:15:00+00:00,2.176012800933897,2.176012800933897,0.0,0,0.0
2026-06-14 21:20:00+00:00,2.1735657044234964,2.1735657044234964,0.0,3,3.7528142588017883
2026-06-14 21:25:00+00:00,2.198309979805854,2.1735657044234964,0.02474427538235737,3,3.7105724137791722
2026-06-14 21:30:00+00:00,2.2099707938597932,2.1735657044234964,0.03640508943629663,3,3.6909937410333726
2026-06-14 21:35:00+00:00,2.243623472211933,2.1735657044234964,0.0700577677884367,3,3.6356315883793444
2026-06-14 21:40:00+00:00,2.2586546375323913,2.1735657044234964,0.08508893310889479,3,3.6114367519749115
2026-06-14 21:45:00+00:00,2.2936365158654133,2.1735657044234964,0.12007081144191668,3,3.5563561669776314
2026-06-14 21:50:00+00:00,2.3150269357156024,2.3150269357156024,0.0,0,0.0
2026-06-15 13:20:00+00:00,2.314158800614709,2.314158800614709,0.0,1,1.2504689258471926
2026-06-15 13:25:00+00:00,2.3129850105918686,2.314158800614709,-0.0011737900228406034,1,1.2511035118658267
2026-06-15 13:30:00+00:00,2.311028693887133,2.314158800614709,-0.003130106727576335,1,1.2521625877250275
2026-06-15 13:35:00+00:00,2.3172889073422867,2.314158800614709,0.003130106727577299,1,1.2487798394389251
2026-06-15 13:40:00+00:00,2.303203427068192,2.314158800614709,-0.010955373546517332,1,1.2564168825191773
2026-06-15 13:45:00+00:00,2.3020296370453504,2.314158800614709,-0.01212916356935858,1,1.2570575213613095
2026-06-15 13:50:00+00:00,2.301552765285404,2.301552765285404,0.0,0,0.0
2026-06-16 08:55:00+00:00,2.2998269243672977,2.2998269243672977,0.0,2,2.501406953454738
2026-06-16 09:00:00+00:00,2.2880642307197734,2.2998269243672977,-0.011762693647524422,2,2.5142664192364395
2026-06-16 09:05:00+00:00,2.2827718443501035,2.2998269243672977,-0.017055080017194177,2,2.520095503452551
2026-06-16 09:10:00+00:00,2.2789090421434675,2.2998269243672977,-0.020917882223830144,2,2.5243671221488873
2026-06-16 09:15:00+00:00,2.2784181014503777,2.2998269243672977,-0.0214088229169202,2,2.5249110585509777
2026-06-16 09:20:00+00:00,2.2578443317787267,2.2998269243672977,-0.04198259258857105,2,2.54791837479014
2026-06-16 09:25:00+00:00,2.2566869865539165,2.2566869865539165,0.0,0,0.0
2026-06-16 17:50:00+00:00,2.2558407289339586,2.2558407289339586,0.0,1,1.2504689258471928
2026-06-16 17:55:00+00:00,2.2552752030670495,2.2558407289339586,-0.0005655258669090102,1,1.2507824895853878
2026-06-16 18:00:00+00:00,2.2535629164144653,2.2558407289339586,-0.0022778125194933977,1,1.2517328505212213
2026-06-16 18:05:00+00:00,2.2660987397976076,2.2558407289339586,0.010258010863648968,1,1.2448083941145192
2026-06-16 18:10:00+00:00,2.2673554639462936,2.2558407289339586,0.01151473501233524,1,1.2441184357933621
2026-06-16 18:15:00+00:00,2.2680623712799295,2.2558407289339586,0.012221642345970798,1,1.2437306702462985
2026-06-16 18:20:00+00:00,2.263367395954621,2.263367395954621,0.0,0,0.0
2026-06-17 17:55:00+00:00,2.2616701886936954,2.2616701886936954,0.0,2,2.501406953454738
2026-06-17 18:00:00+00:00,2.261902177630527,2.2616701886936954,0.00023198893683153382,2,2.5011504000345886
2026-06-17 18:05:00+00:00,2.160005594575055,2.2616701886936954,-0.10166459411864026,2,2.6191402238162675
2026-06-17 18:10:00+00:00,2.1945794047466984,2.2616701886936954,-0.0670907839469971,2,2.5778778039123535
2026-06-17 18:15:00+00:00,2.183373012680723,2.2616701886936954,-0.07829717601297242,2,2.591109033391254
2026-06-17 18:20:00+00:00,2.2004554569648462,2.2616701886936954,-0.061214731728848996,2,2.570993890611656
2026-06-17 18:25:00+00:00,2.1885269025249774,2.1885269025249774,0.0,0,0.0
2026-06-19 03:25:00+00:00,2.1877062049365303,2.1877062049365303,0.0,1,1.2504689258471928
2026-06-19 03:30:00+00:00,2.187518932479736,2.1877062049365303,-0.0001872724567942823,1,1.250575977897994
2026-06-19 03:35:00+00:00,2.18309843146471,2.1877062049365303,-0.004607773471820604,1,1.2531082376898515
2026-06-19 03:40:00+00:00,2.1786517994092005,2.1877062049365303,-0.009054405527329666,1,1.2556658337500597
2026-06-19 03:45:00+00:00,2.1814304000472173,2.1877062049365303,-0.0062758048893129725,1,1.254066427284138
2026-06-19 03:50:00+00:00,2.1800498100750367,2.1877062049365303,-0.007656394861493688,1,1.2548606070895514
2026-06-19 03:55:00+00:00,2.183518958299201,2.183518958299201,0.0,0,0.0
2026-06-19 12:55:00+00:00,2.1810634205280284,2.1810634205280284,0.0,3,3.752814258801789
2026-06-19 13:00:00+00:00,2.1906660624453034,2.1810634205280284,0.009602641917275173,3,3.7363640420722293
2026-06-19 13:05:00+00:00,2.193414934261215,2.1810634205280284,0.012351513733186537,3,3.7316814871899737
2026-06-19 13:10:00+00:00,2.1939751769488356,2.1810634205280284,0.01291175642080719,3,3.7307285833979464
2026-06-19 13:15:00+00:00,2.184159661921212,2.1810634205280284,0.003096241393183588,3,3.747494309417315
2026-06-19 13:20:00+00:00,2.1708845891150848,2.1810634205280284,-0.010178831412943453,3,3.7704104331244443
2026-06-19 13:25:00+00:00,2.1707229796841245,2.1707229796841245,0.0,0,0.0
2026-06-20 05:10:00+00:00,2.169908958566743,2.169908958566743,0.0,1,1.2504689258471928
2026-06-20 05:15:00+00:00,2.1948913631937383,2.1690855655331576,0.025805797660580762,2,2.486704928278284
2026-06-20 05:20:00+00:00,2.18117521138995,2.1690855655331576,0.01208964585679253,2,2.5023423801021374
2026-06-20 05:25:00+00:00,2.166459572588789,2.1690855655331576,-0.002625992944368386,2,2.5193394970058325
2026-06-20 05:30:00+00:00,2.1549991573857183,2.1690855655331576,-0.014086408147439299,2,2.5327374960603692
2026-06-20 05:35:00+00:00,2.1658812048873854,2.1690855655331576,-0.00320436064577202,2,2.5200122507056433
2026-06-20 05:40:00+00:00,2.171501257675663,2.178517964075124,-0.00701670639946097,1,1.2639382250332991
2026-06-20 05:45:00+00:00,2.1681061306223657,2.1681061306223657,0.0,0,0.0
2026-06-20 14:50:00+00:00,2.164855800308688,2.164855800308688,0.0,4,5.0046910179335145
2026-06-20 14:55:00+00:00,2.1450249312365237,2.164855800308688,-0.019830869072164265,4,5.050959651401594
2026-06-20 15:00:00+00:00,2.1533255084730505,2.164855800308688,-0.011530291835637254,4,5.031489357412103
2026-06-20 15:05:00+00:00,2.1641843227859194,2.164855800308688,-0.0006714775227685915,4,5.00624381428804
2026-06-20 15:10:00+00:00,2.1395478720799144,2.164855800308688,-0.0253079282287738,4,5.063889675155388
2026-06-20 15:15:00+00:00,2.1636220382027287,2.164855800308688,-0.0012337621059591605,4,5.00754484268707
2026-06-20 15:20:00+00:00,2.204146110296219,2.204146110296219,0.0,0,0.0
2026-06-20 22:15:00+00:00,2.2033195555048577,2.2033195555048577,0.0,1,1.2504689258471928
2026-06-20 22:20:00+00:00,2.1897953429382735,2.2033195555048577,-0.013524212566584348,1,1.258191842792652
2026-06-20 22:25:00+00:00,2.21383838750109,2.2033195555048577,0.010518831996232237,1,1.2445274476337163
2026-06-20 22:30:00+00:00,2.22510856463991,2.2033195555048577,0.021789009135052273,1,1.2382239148480134
2026-06-20 22:35:00+00:00,2.2326220160657906,2.2033195555048577,0.029302460560932702,1,1.2340569151626086
2026-06-20 22:40:00+00:00,2.223981546926028,2.2033195555048577,0.02066199142117027,1,1.2388513932044392
2026-06-20 22:45:00+00:00,2.2220279744207847,2.2220279744207847,0.0,0,0.0
2026-06-24 11:50:00+00:00,2.2211947139303767,2.2211947139303767,0.0,1,1.2504689258471928
2026-06-24 11:55:00+00:00,2.214981096098238,2.2211947139303767,-0.006213617832138492,1,1.2539768275759553
2026-06-24 12:00:00+00:00,2.2157458490621944,2.2211947139303767,-0.005448864868182521,1,1.2535440241043716
2026-06-24 12:05:00+00:00,2.2176099344118354,2.2211947139303767,-0.003584779518541343,1,1.25249031622987
2026-06-24 12:10:00+00:00,2.2138339666523055,2.2211947139303767,-0.007360747278071216,1,1.2546265934414618
2026-06-24 12:15:00+00:00,2.2113485195194498,2.2211947139303767,-0.009846194410926736,1,1.2560367321156458
2026-06-24 12:20:00+00:00,2.209798303125334,2.209798303125334,0.0,0,0.0
2026-06-24 20:05:00+00:00,2.2064854697218785,2.2064854697218785,0.0,4,5.0046910179335145
2026-06-24 20:10:00+00:00,2.2884942844684946,2.2064854697218785,0.08200881474661621,4,4.825346554921632
2026-06-24 20:15:00+00:00,2.2899701500562153,2.2064854697218785,0.0834846803343368,4,4.822236661576926
2026-06-24 20:20:00+00:00,2.3044682302967123,2.2064854697218785,0.09798276057483397,4,4.791898567460867
2026-06-24 20:25:00+00:00,2.2910627236441754,2.2064854697218785,0.08457725392229683,4,4.819937008949803
2026-06-24 20:30:00+00:00,2.3056519505309776,2.2064854697218785,0.09916648080909889,4,4.789438409806308
2026-06-24 20:35:00+00:00,2.285892765728677,2.285892765728677,0.0,0,0.0
2026-06-25 11:15:00+00:00,2.2850355559415285,2.2850355559415285,0.0,1,1.2504689258471928
2026-06-25 11:20:00+00:00,2.280778772392685,2.2850355559415285,-0.004256783548843287,1,1.252802767084369
2026-06-25 11:25:00+00:00,2.280221336451765,2.2850355559415285,-0.004814219489763177,1,1.2531090344094278
2026-06-25 11:30:00+00:00,2.278042268682715,2.2850355559415285,-0.006993287258813541,1,1.2543076993971352
2026-06-25 11:35:00+00:00,2.2797652525001033,2.2850355559415285,-0.005270303441424992,1,1.2533597281682038
2026-06-25 11:40:00+00:00,2.2826537841939616,2.2850355559415285,-0.002381771747567149,1,1.251773692947406
2026-06-25 11:45:00+00:00,2.280478998546457,2.280478998546457,0.0,0,0.0
2026-06-25 12:35:00+00:00,2.279623818922002,2.279623818922002,0.0,1,1.2504689258471926
2026-06-25 12:40:00+00:00,2.27504420942441,2.279623818922002,-0.004579609497592034,1,1.2529860898414267
2026-06-25 12:45:00+00:00,2.2742115531521208,2.279623818922002,-0.005412265769881523,1,1.253444845195717
2026-06-25 12:50:00+00:00,2.2779585063774235,2.279623818922002,-0.0016653125445786625,1,1.251383087181997
2026-06-25 12:55:00+00:00,2.272546240607541,2.279623818922002,-0.007077578314460819,1,1.2543633644264127
2026-06-25 13:00:00+00:00,2.2708809280629625,2.279623818922002,-0.008742890859039482,1,1.2552832308185362
2026-06-25 13:05:00+00:00,2.269193092166218,2.269193092166218,0.0,0,0.0
2026-06-25 14:05:00+00:00,2.266641207133702,2.266641207133702,0.0,3,3.7528142588017888
2026-06-25 14:10:00+00:00,2.3520243832588275,2.266641207133702,0.08538317612512554,3,3.6165796163784862
2026-06-25 14:15:00+00:00,2.332931234265949,2.266641207133702,0.06629002713224705,3,3.6461783857060563
2026-06-25 14:20:00+00:00,2.317258232529532,2.266641207133702,0.05061702539582971,3,3.6708396683236937
2026-06-25 14:25:00+00:00,2.3198453582373504,2.266641207133702,0.05320415110364838,3,3.6667458938652033
2026-06-25 14:30:00+00:00,2.32882090995229,2.266641207133702,0.06217970281858778,3,3.6526138207395786
2026-06-25 14:35:00+00:00,2.435611250125244,2.435611250125244,0.0,0,0.0
2026-06-25 16:10:00+00:00,2.4346978959064467,2.4346978959064467,0.0,1,1.2504689258471928
2026-06-25 16:15:00+00:00,2.418784217263529,2.4346978959064467,-0.015913678642917872,1,1.2586960179940896
2026-06-25 16:20:00+00:00,2.4201482468614937,2.4346978959064467,-0.014549649044953242,1,1.2579865992113308
2026-06-25 16:25:00+00:00,2.418329540730874,2.4346978959064467,-0.016368355175572863,1,1.258932668761278
2026-06-25 16:30:00+00:00,2.4206029233941484,2.4346978959064467,-0.014094972512298251,1,1.2577503039563234
2026-06-25 16:35:00+00:00,2.399233126359373,2.4346978959064467,-0.03546476954707397,1,1.2689529955250074
2026-06-25 16:40:00+00:00,2.39877444867323,2.39877444867323,0.0,0,0.0
2026-06-25 20:05:00+00:00,2.3978749082549777,2.3978749082549777,0.0,1,1.2504689258471926
2026-06-25 20:10:00+00:00,2.392074211463536,2.3978749082549777,-0.005800696791441751,1,1.2535012695141232
2026-06-25 20:15:00+00:00,2.3903264690536474,2.3978749082549777,-0.007548439201330302,1,1.2544177959208471
2026-06-25 20:20:00+00:00,2.391707587337324,2.3978749082549777,-0.006167320917653647,1,1.2536934183412098
2026-06-25 20:25:00+00:00,2.39305354988287,2.3978749082549777,-0.004821358372107529,1,1.2529882839388613
2026-06-25 20:30:00+00:00,2.392666836763441,2.3978749082549777,-0.005208071491536779,1,1.253190797301961
2026-06-25 20:35:00+00:00,2.387498385286552,2.387498385286552,0.0,0,0.0
2026-06-25 23:30:00+00:00,2.3866030733920693,2.3866030733920693,0.0,1,1.2504689258471928
2026-06-25 23:35:00+00:00,2.383981753250121,2.3866030733920693,-0.0026213201419484763,1,1.2518438857762002
2026-06-25 23:40:00+00:00,2.3761177928242754,2.3866030733920693,-0.010485280567793905,1,1.255986967742427
2026-06-25 23:45:00+00:00,2.3691276057790804,2.3866030733920693,-0.01747546761298907,1,1.2596927976054662
2026-06-25 23:50:00+00:00,2.363448078804859,2.3866030733920693,-0.023154994587210327,1,1.2627199253377794
2026-06-25 23:55:00+00:00,2.359516098591936,2.3866030733920693,-0.02708697480013304,1,1.264824166018254
2026-06-26 00:00:00+00:00,2.358620786697454,2.358620786697454,0.0,0,0.0
2026-06-26 02:30:00+00:00,2.3559683332311834,2.3559683332311834,0.0,3,3.7528142588017888
2026-06-26 02:35:00+00:00,2.365732046013908,2.3559683332311834,0.009763712782724938,3,3.7373258603537933
2026-06-26 02:40:00+00:00,2.3492864721074547,2.3559683332311834,-0.006681861123728546,3,3.7634880459274465
2026-06-26 02:45:00+00:00,2.3515539207517966,2.3559683332311834,-0.004414412479386881,3,3.759859162153007
2026-06-26 02:50:00+00:00,2.325309191710719,2.3559683332311834,-0.030659141520464124,3,3.8022950176921677
2026-06-26 02:55:00+00:00,2.301695128562894,2.3559683332311834,-0.054273204668289256,3,3.8413043693392313
2026-06-26 03:00:00+00:00,2.3069551893783022,2.3069551893783022,0.0,0,0.0
2026-06-26 19:10:00+00:00,2.3043608379153167,2.3043608379153167,0.0,3,3.7528142588017883
2026-06-26 19:15:00+00:00,2.294178957386603,2.3043608379153167,-0.010181880528713527,3,3.7694697626396843
2026-06-26 19:20:00+00:00,2.2928833873648182,2.3043608379153167,-0.011477450550498368,3,3.7715996625069916
2026-06-26 19:25:00+00:00,2.2855743992609994,2.3043608379153167,-0.018786438654317335,3,3.78366077811738
2026-06-26 19:30:00+00:00,2.289617408663014,2.3043608379153167,-0.014743429252302629,3,3.776979584987872
2026-06-26 19:35:00+00:00,2.3163926282893303,2.3043608379153167,0.01203179037401389,3,3.733321417250199
2026-06-26 19:40:00+00:00,2.2985346721456565,2.2985346721456565,0.0,0,0.0
2026-06-28 22:05:00+00:00,2.2968110943729854,2.2968110943729854,0.0,2,2.5014069534547385
2026-06-28 22:10:00+00:00,2.2846349346368466,2.2968110943729854,-0.012176159736138552,2,2.5147384184378714
2026-06-28 22:15:00+00:00,2.2769672105291776,2.2968110943729854,-0.019843883843807537,2,2.523206840954617
2026-06-28 22:20:00+00:00,2.2434767227734413,2.2968110943729854,-0.05333437159954401,2,2.5608731233610222
2026-06-28 22:25:00+00:00,2.269714627294137,2.2968110943729854,-0.027096467078848448,2,2.5312694261858995
2026-06-28 22:30:00+00:00,2.262767821168221,2.2968110943729854,-0.0340432732047644,2,2.539040545163141
2026-06-28 22:35:00+00:00,2.2454635028846535,2.2454635028846535,0.0,0,0.0
2026-06-29 12:05:00+00:00,2.244621454071072,2.244621454071072,0.0,1,1.2504689258471926
2026-06-29 12:10:00+00:00,2.2506755393919087,2.244621454071072,0.006054085320836872,1,1.2471052932686026
2026-06-29 12:15:00+00:00,2.2601312668107707,2.244621454071072,0.015509812739698712,1,1.2418877698933308
2026-06-29 12:20:00+00:00,2.262504505483812,2.244621454071072,0.017883051412740054,1,1.2405851001855164
2026-06-29 12:25:00+00:00,2.248446556402915,2.244621454071072,0.003825102331842893,1,1.2483416030560264
2026-06-29 12:30:00+00:00,2.2490189257299424,2.244621454071072,0.004397471658870577,1,1.2480239034426228
2026-06-29 12:35:00+00:00,2.245007905276476,2.245007905276476,0.0,0,0.0
2026-06-29 16:50:00+00:00,2.2441660273119974,2.2441660273119974,0.0,1,1.2504689258471928
2026-06-29 16:55:00+00:00,2.2416488862524964,2.2441660273119974,-0.0025171410595012573,1,1.2518730737921202
2026-06-29 17:00:00+00:00,2.2393331164777552,2.2441660273119974,-0.0048329108342420775,1,1.2531676778886558
2026-06-29 17:05:00+00:00,2.2457769975900783,2.2441660273119974,0.0016109702780810042,1,1.2495719230390934
2026-06-29 17:10:00+00:00,2.245374255020558,2.2441660273119974,0.0012082277085607531,1,1.2497960530726322
2026-06-29 17:15:00+00:00,2.2582706760134834,2.2433188581200456,0.014951817893437762,2,2.493127705152371
2026-06-29 17:20:00+00:00,2.2858660183003394,2.2649298784063183,0.020936139894021138,1,1.2353730638187224
2026-06-29 17:25:00+00:00,2.2747862915116834,2.2649298784063183,0.009856413105365166,1,1.241390154778102
2026-06-29 17:30:00+00:00,2.2829475413702047,2.2649298784063183,0.018017662963886343,1,1.2369523413630066
2026-06-29 17:35:00+00:00,2.279330028049618,2.2649298784063183,0.014400149643299569,1,1.2389155022553502
2026-06-29 17:40:00+00:00,2.2772853466075476,2.2649298784063183,0.012355468201229276,1,1.2400278738514388
2026-06-29 17:45:00+00:00,2.2889334528949155,2.2889334528949155,0.0,0,0.0
2026-07-01 01:40:00+00:00,2.2880751028500796,2.2880751028500796,0.0,1,1.2504689258471928
2026-07-01 01:45:00+00:00,2.291568081780492,2.2880751028500796,0.003492978930412265,1,1.2485628678749916
2026-07-01 01:50:00+00:00,2.286563216447364,2.2880751028500796,-0.0015118864027156285,1,1.2512957418094228
2026-07-01 01:55:00+00:00,2.287814432780646,2.2880751028500796,-0.0002606700694335757,1,1.2506114023597346
2026-07-01 02:00:00+00:00,2.2847906599752146,2.2880751028500796,-0.00328444287486515,1,1.2522665057417919
2026-07-01 02:05:00+00:00,2.2861982783501573,2.2880751028500796,-0.0018768244999224437,1,1.2514954819156872
2026-07-01 02:10:00+00:00,2.2820554854304564,2.2820554854304564,0.0,0,0.0
2026-07-01 13:50:00+00:00,2.28119971462342,2.28119971462342,0.0,1,1.2504689258471928
2026-07-01 13:55:00+00:00,2.2777228700371945,2.28119971462342,-0.0034768445862256056,1,1.2523777121057265
2026-07-01 14:00:00+00:00,2.2800580641622714,2.28119971462342,-0.0011416504611486827,1,1.2510950495623228
2026-07-01 14:05:00+00:00,2.274349811856528,2.28119971462342,-0.00684990276689178,1,1.2542350969570277
2026-07-01 14:10:00+00:00,2.2790202001066815,2.28119971462342,-0.002179514516738567,1,1.2516647972907573
2026-07-01 14:15:00+00:00,2.291578355179316,2.28119971462342,0.01037864055589631,1,1.2448055072351463
2026-07-01 14:20:00+00:00,2.2936286037279308,2.2936286037279308,0.0,0,0.0
2026-07-02 09:40:00+00:00,2.2927684930015326,2.2927684930015326,0.0,1,1.2504689258471928
2026-07-02 09:45:00+00:00,2.2808435155705213,2.2927684930015326,-0.01192497743101111,1,1.2570067762596
2026-07-02 09:50:00+00:00,2.2762543114279747,2.2927684930015326,-0.016514181573558034,1,1.2595410540315775
2026-07-02 09:55:00+00:00,2.2782707799148514,2.2927684930015326,-0.014497713086681421,1,1.2584262502664705
2026-07-02 10:00:00+00:00,2.281173799201993,2.2927684930015326,-0.011594693799539792,1,1.2568247783938553
2026-07-02 10:05:00+00:00,2.280634915382224,2.2927684930015326,-0.012133577619308987,1,1.257121749440292
2026-07-02 10:10:00+00:00,2.2797748046558257,2.2797748046558257,0.0,0,0.0
2026-07-04 00:10:00+00:00,2.27891988910408,2.27891988910408,0.0,1,1.2504689258471928
2026-07-04 00:15:00+00:00,2.273923839684758,2.27891988910408,-0.004996049419321906,1,1.2532163373663598
2026-07-04 00:20:00+00:00,2.2745760891103086,2.27891988910408,-0.00434379999377124,1,1.2528569694647755
2026-07-04 00:25:00+00:00,2.2708211254034927,2.27891988910408,-0.008098763700587168,1,1.25492865727741
2026-07-04 00:30:00+00:00,2.271015894329178,2.27891988910408,-0.007903994774901666,1,1.254821030947273
2026-07-04 00:35:00+00:00,2.271468845319144,2.27891988910408,-0.0074510437849359444,1,1.2545708085286962
2026-07-04 00:40:00+00:00,2.2668952021397795,2.2668952021397795,0.0,0,0.0
2026-07-04 15:10:00+00:00,2.266045116438977,2.266045116438977,0.0,1,1.2504689258471926
2026-07-04 15:15:00+00:00,2.258805747236379,2.266045116438977,-0.007239369202598024,1,1.2544766216137098
2026-07-04 15:20:00+00:00,2.261292795299416,2.266045116438977,-0.004752321139561191,1,1.2530969048170193
2026-07-04 15:25:00+00:00,2.2766586336506633,2.266045116438977,0.010613517211686335,1,1.244639385453657
2026-07-04 15:30:00+00:00,2.2725874785411064,2.266045116438977,0.006542362102129209,1,1.2468690553966149
2026-07-04 15:35:00+00:00,2.273949810601114,2.266045116438977,0.00790469416213671,1,1.2461220513594637
2026-07-04 15:40:00+00:00,2.2674127806033035,2.2674127806033035,0.0,0,0.0
2026-07-05 12:25:00+00:00,2.2665625008105774,2.2665625008105774,0.0,1,1.2504689258471926
2026-07-05 12:30:00+00:00,2.279130227707053,2.2665625008105774,0.012567726896475593,1,1.2435735094460036
2026-07-05 12:35:00+00:00,2.284488560879969,2.2665625008105774,0.01792606006939184,1,1.2406566722585775
2026-07-05 12:40:00+00:00,2.276548485360103,2.2665625008105774,0.009985984549525564,1,1.244983796295385
2026-07-05 12:45:00+00:00,2.2752332581267507,2.2665625008105774,0.00867075731617321,1,1.245703474854988
2026-07-05 12:50:00+00:00,2.272700227899554,2.2665625008105774,0.006137727088976599,1,1.24709186938111
2026-07-05 12:55:00+00:00,2.2770134328007283,2.2770134328007283,0.0,0,0.0
2026-07-06 15:45:00+00:00,2.276159552763428,2.276159552763428,0.0,1,1.2504689258471926
2026-07-06 15:50:00+00:00,2.271546192964862,2.276159552763428,-0.004613359798566017,1,1.2530085453758317
2026-07-06 15:55:00+00:00,2.2896151855092466,2.276159552763428,0.013455632745818525,1,1.243120157926388
2026-07-06 16:00:00+00:00,2.293571782280934,2.276159552763428,0.017412229517505817,1,1.2409756751412102
2026-07-06 16:05:00+00:00,2.289983613548716,2.276159552763428,0.013824060785287839,1,1.242920156354368
2026-07-06 16:10:00+00:00,2.3024941482802443,2.276159552763428,0.026334595516816335,1,1.2361667859728613
2026-07-06 16:15:00+00:00,2.3119722719584836,2.3119722719584836,0.0,0,0.0
2026-07-06 21:10:00+00:00,2.3093722783939117,2.3093722783939117,0.0,3,3.7528142588017896
2026-07-06 21:15:00+00:00,2.2849408512700693,2.3093722783939117,-0.024431427123842425,3,3.7929407277308513
2026-07-06 21:20:00+00:00,2.2754574990498773,2.3093722783939117,-0.03391477934403443,3,3.8087484467879653
2026-07-06 21:25:00+00:00,2.2718911205602557,2.3093722783939117,-0.03748115783365588,3,3.814727359426021
2026-07-06 21:30:00+00:00,2.2607632335648793,2.3093722783939117,-0.04860904482903232,3,3.83350413991485
2026-07-06 21:35:00+00:00,2.264964925502176,2.3093722783939117,-0.04440735289173556,3,3.8263926816953795
2026-07-06 21:40:00+00:00,2.250364510487237,2.250364510487237,0.0,0,0.0
2026-07-09 01:10:00+00:00,2.2469908619919203,2.2469908619919203,0.0,4,5.0046910179335145
2026-07-09 01:15:00+00:00,2.2062149237747004,2.2469908619919203,-0.04077593821722014,4,5.097189246254071
2026-07-09 01:20:00+00:00,2.2219934224980675,2.2469908619919203,-0.024997439493852972,4,5.060993822271059
2026-07-09 01:25:00+00:00,2.2038839092610636,2.2469908619919203,-0.04310695273085672,4,5.102580465846828
2026-07-09 01:30:00+00:00,2.194869883668945,2.2469908619919203,-0.052120978322975686,4,5.1235360547166815
2026-07-09 01:35:00+00:00,2.1711078067539984,2.2469908619919203,-0.07588305523792176,4,5.17961150957431
2026-07-09 01:40:00+00:00,2.1600880557004616,2.1600880557004616,0.0,0,0.0
2026-07-10 01:50:00+00:00,2.158468293421069,2.158468293421069,0.0,2,2.5014069534547385
2026-07-10 01:55:00+00:00,2.161719269491753,2.158468293421069,0.0032509760706842293,2,2.4976451263463386
2026-07-10 02:00:00+00:00,2.1562559573212945,2.158468293421069,-0.0022123360997742657,2,2.5039734172757724
2026-07-10 02:05:00+00:00,2.1581174341252467,2.158468293421069,-0.0003508592958220043,2,2.501813623577678
2026-07-10 02:10:00+00:00,2.1544348050781887,2.158468293421069,-0.004033488342880032,2,2.5060900358872065
2026-07-10 02:15:00+00:00,2.1597190642307496,2.158468293421069,0.0012507708096808992,2,2.499958298927244
2026-07-10 02:20:00+00:00,2.1627533869443245,2.1627533869443245,0.0,0,0.0
2026-07-14 12:35:00+00:00,2.1611316260413114,2.1611316260413114,0.0,2,2.501406953454738
2026-07-14 12:40:00+00:00,2.156095188486576,2.1611316260413114,-0.005036437554735186,2,2.507250007132205
2026-07-14 12:45:00+00:00,2.1609657095503194,2.1611316260413114,-0.00016591649099216652,2,2.5015990086374864
2026-07-14 12:50:00+00:00,2.1835568663368865,2.1611316260413114,0.02242524029557529,2,2.4757173765662057
2026-07-14 12:55:00+00:00,2.191195122445485,2.1611316260413114,0.030063496404173357,2,2.4670873083531952
2026-07-14 13:00:00+00:00,2.2062147128403566,2.1611316260413114,0.04508308679904538,2,2.450291735091812
2026-07-14 13:05:00+00:00,2.1919287765736777,2.1919287765736777,0.0,0,0.0
2026-07-15 12:50:00+00:00,2.1911068032824628,2.1911068032824628,0.0,1,1.2504689258471926
2026-07-15 12:55:00+00:00,2.22489363748696,2.1911068032824628,0.03378683420449708,1,1.2314795298762482
2026-07-15 13:00:00+00:00,2.221328048175166,2.1911068032824628,0.030221244892703,1,1.2334562528789703
2026-07-15 13:05:00+00:00,2.2355904054223408,2.1911068032824628,0.04448360213987812,1,1.2255871934642166
2026-07-15 13:10:00+00:00,2.2283585851649526,2.1911068032824628,0.03725178188248991,1,1.2295646620601133
2026-07-15 13:15:00+00:00,2.2375888607220964,2.1911068032824628,0.04648205743963342,1,1.224492586110254
2026-07-15 13:20:00+00:00,2.239441079414726,2.239441079414726,0.0,0,0.0
2026-07-16 14:10:00+00:00,2.238601289009946,2.238601289009946,0.0,1,1.2504689258471926
2026-07-16 14:15:00+00:00,2.2396415025605982,2.238601289009946,0.0010402135506522884,1,1.2498881388239798
2026-07-16 14:20:00+00:00,2.24155722918305,2.238601289009946,0.0029559401731041094,1,1.2488199332250067
2026-07-16 14:25:00+00:00,2.2387313157037774,2.238601289009946,0.00013002669383161376,1,1.2503962979534269
2026-07-16 14:30:00+00:00,2.2450029365695863,2.238601289009946,0.00640164755964032,1,1.2469032016260084
2026-07-16 14:35:00+00:00,2.2449899339002033,2.238601289009946,0.00638864489025747,1,1.2469104235158879
2026-07-16 14:40:00+00:00,2.2410381712897207,2.2410381712897207,0.0,0,0.0
2026-07-17 17:10:00+00:00,2.2401977819754872,2.2401977819754872,0.0,1,1.2504689258471926
2026-07-17 17:15:00+00:00,2.2327741760019553,2.2401977819754872,-0.007423605973531857,1,1.2546265288360705
2026-07-17 17:20:00+00:00,2.2301759139112196,2.2401977819754872,-0.010021868064267572,1,1.256088229021949
2026-07-17 17:25:00+00:00,2.2286911927165134,2.2401977819754872,-0.011506589258974005,1,1.2569250164701808
2026-07-17 17:30:00+00:00,2.2320318154046026,2.2401977819754872,-0.008165966570884607,1,1.255043810208573
2026-07-17 17:35:00+00:00,2.231660635105926,2.2401977819754872,-0.00853714686956145,1,1.2552525550011269
2026-07-17 17:40:00+00:00,2.2300778851943392,2.2300778851943392,0.0,0,0.0
2026-07-20 11:35:00+00:00,2.2275699882700017,2.2275699882700017,0.0,3,3.752814258801789
2026-07-20 11:40:00+00:00,2.240925076609638,2.2275699882700017,0.013355088339636452,3,3.730448867619514
2026-07-20 11:45:00+00:00,2.2360926729073705,2.2275699882700017,0.008522684637368709,3,3.7385107136858333
2026-07-20 11:50:00+00:00,2.246589859956711,2.2275699882700017,0.01901987168670927,3,3.7210425291511275
2026-07-20 11:55:00+00:00,2.243572972905968,2.2275699882700017,0.016002984635966538,3,3.7260461395337745
2026-07-20 12:00:00+00:00,2.249820616449538,2.2275699882700017,0.02225062817953615,3,3.715699088779374
2026-07-20 12:05:00+00:00,2.22549530195705,2.22549530195705,0.0,0,0.0
2026-07-21 13:50:00+00:00,2.224660741218816,2.224660741218816,0.0,1,1.2504689258471926
2026-07-21 13:55:00+00:00,2.2280051519164243,2.224660741218816,0.0033444106976081235,1,1.2485918737905435
2026-07-21 14:00:00+00:00,2.229750424914677,2.224660741218816,0.005089683695860584,1,1.2476145744216027
2026-07-21 14:05:00+00:00,2.2327023579523906,2.224660741218816,0.008041616733574416,1,1.2459650600259868
2026-07-21 14:10:00+00:00,2.231395490850828,2.224660741218816,0.00673474963201173,1,1.2466947875679313
2026-07-21 14:15:00+00:00,2.236564505137518,2.224660741218816,0.011903763918701776,1,1.2438135010442124
2026-07-21 14:20:00+00:00,2.2320139325130537,2.2320139325130537,0.0,0,0.0
2026-07-22 13:35:00+00:00,2.2311769272883613,2.2311769272883613,0.0,1,1.2504689258471928
2026-07-22 13:40:00+00:00,2.2335760471451658,2.2311769272883613,0.00239911985680435,1,1.249125777117535
2026-07-22 13:45:00+00:00,2.239833992313817,2.2311769272883613,0.008657065025455449,1,1.245635803910246
2026-07-22 13:50:00+00:00,2.2429557386335137,2.2311769272883613,0.011778811345152369,1,1.2439021277080984
2026-07-22 13:55:00+00:00,2.2431725265723816,2.2311769272883613,0.011995599284020511,1,1.2437819127111578
2026-07-22 14:00:00+00:00,2.243577197391602,2.2311769272883613,0.012400270103240425,1,1.24355757354149
2026-07-22 14:05:00+00:00,2.2457174131940274,2.2457174131940274,0.0,0,0.0
2026-07-22 16:35:00+00:00,2.2448752691640794,2.2448752691640794,0.0,1,1.2504689258471928
2026-07-22 16:40:00+00:00,2.2508443824473106,2.2448752691640794,0.005969113283231298,1,1.2471527522664023
2026-07-22 16:45:00+00:00,2.250991163921488,2.2448752691640794,0.006115894757408442,1,1.2470714285711184
2026-07-22 16:50:00+00:00,2.248398024544347,2.2448752691640794,0.0035227553802676713,1,1.248509710402108
2026-07-22 16:55:00+00:00,2.2494744220216507,2.2448752691640794,0.004599152857571094,1,1.2479122852037996
2026-07-22 17:00:00+00:00,2.2516761441343176,2.2448752691640794,0.006800874970238233,1,1.2466920581830712
2026-07-22 17:05:00+00:00,2.2516657617913776,2.2516657617913776,0.0,0,0.0
2026-07-24 15:15:00+00:00,2.250821387130706,2.250821387130706,0.0,1,1.2504689258471926
2026-07-24 15:20:00+00:00,2.2436025612880295,2.250821387130706,-0.007218825842676213,1,1.2544923289013357
2026-07-24 15:25:00+00:00,2.2474019433104906,2.250821387130706,-0.0034194438202153113,1,1.2523715264272033
2026-07-24 15:30:00+00:00,2.2519612017374446,2.250821387130706,0.0011398146067386455,1,1.249836009638044
2026-07-24 15:35:00+00:00,2.255000707355413,2.250821387130706,0.004179320224707117,1,1.2481513611319737
2026-07-24 15:40:00+00:00,2.2569003983666436,2.250821387130706,0.006079011235937568,1,1.2471007600850184
2026-07-24 15:45:00+00:00,2.249597074267788,2.249597074267788,0.0,0,0.0
2026-07-24 19:05:00+00:00,2.2487534753649374,2.2487534753649374,0.0,1,1.2504689258471928
2026-07-24 19:10:00+00:00,2.248106684861622,2.2487534753649374,-0.0006467905033152769,1,1.250828691436333
2026-07-24 19:15:00+00:00,2.2478579192834243,2.2487534753649374,-0.0008955560815130761,1,1.250967117944513
2026-07-24 19:20:00+00:00,2.249002240943135,2.2487534753649374,0.0002487655781977992,1,1.2503306095664468
2026-07-24 19:25:00+00:00,2.2488032284805772,2.2487534753649374,4.9753115639684714e-05,1,1.2504412601429267
2026-07-24 19:30:00+00:00,2.2500968094872063,2.2487534753649374,0.0013433341222689897,1,1.249722381267491
2026-07-24 19:35:00+00:00,2.2502980260127874,2.2502980260127874,0.0,0,0.0
2026-07-26 22:05:00+00:00,2.2477673899593347,2.2477673899593347,0.0,3,3.7528142588017888
2026-07-26 22:10:00+00:00,2.2461317746176577,2.2477673899593347,-0.0016356153416768372,3,3.755547028377254
2026-07-26 22:15:00+00:00,2.249889717315402,2.2477673899593347,0.0021223273560674674,3,3.7492742184600787
2026-07-26 22:20:00+00:00,2.2538761432638914,2.2477673899593347,0.0061087533045566834,3,3.742642885111465
2026-07-26 22:25:00+00:00,2.2539052570750644,2.2477673899593347,0.00613786711572978,3,3.742594541199092
2026-07-26 22:30:00+00:00,2.258416099784813,2.2477673899593347,0.010648709825478287,3,3.735119277759675
2026-07-26 22:35:00+00:00,2.26894124134996,2.26894124134996,0.0,0,0.0
2026-07-27 14:50:00+00:00,2.268090388384454,2.268090388384454,0.0,1,1.2504689258471926
2026-07-27 14:55:00+00:00,2.265081980480251,2.268090388384454,-0.0030084079042029285,1,1.2521297578315966
2026-07-27 15:00:00+00:00,2.268842490360505,2.268090388384454,0.0007521019760508896,1,1.2500544060406764
2026-07-27 15:05:00+00:00,2.2726030002407587,2.268090388384454,0.004512611856304707,1,1.2479859224805152
2026-07-27 15:10:00+00:00,2.2639538275161746,2.268090388384454,-0.004136560868279263,1,1.2527537077905302
2026-07-27 15:15:00+00:00,2.271474847276682,2.268090388384454,0.0033844588922283736,1,1.2486057484139876
2026-07-27 15:20:00+00:00,2.267239535418948,2.267239535418948,0.0,0,0.0
2026-07-28 11:20:00+00:00,2.2663893205931656,2.2663893205931656,0.0,1,1.2504689258471928
2026-07-28 11:25:00+00:00,2.2611448550534923,2.2663893205931656,-0.005244465539673303,1,1.2533692447610303
2026-07-28 11:30:00+00:00,2.2609397143946275,2.2663893205931656,-0.005449606198538095,1,1.253482966056222
2026-07-28 11:35:00+00:00,2.26328099365341,2.2663893205931656,-0.0031083269397551797,1,1.2521862849645262
2026-07-28 11:40:00+00:00,2.2622240733023027,2.2663893205931656,-0.00416524729086275,1,1.2527713115247046
2026-07-28 11:45:00+00:00,2.25864303093125,2.2663893205931656,-0.007746289661915361,1,1.2547575603858
2026-07-28 11:50:00+00:00,2.2622523956460068,2.2622523956460068,0.0,0,0.0
2026-07-28 14:25:00+00:00,2.2614040509976396,2.2614040509976396,0.0,1,1.2504689258471926
2026-07-28 14:30:00+00:00,2.2600793753697666,2.2614040509976396,-0.0013246756278729591,1,1.251201849534535
2026-07-28 14:35:00+00:00,2.2589337099618767,2.2614040509976396,-0.002470341035762976,1,1.251836422683352
2026-07-28 14:40:00+00:00,2.2617933982261023,2.2614040509976396,0.0003893472284625235,1,1.250253668958151
2026-07-28 14:45:00+00:00,2.2676425571640406,2.2614040509976396,0.00623850616640103,1,1.2470287636928243
2026-07-28 14:50:00+00:00,2.273773657198452,2.2614040509976396,0.01236960620081242,1,1.2436662222754833
2026-07-28 14:55:00+00:00,2.2715603596227156,2.2715603596227156,0.0,0,0.0
2026-07-29 02:30:00+00:00,2.270708524487857,2.270708524487857,0.0,1,1.2504689258471926
2026-07-29 02:35:00+00:00,2.267241081605122,2.270708524487857,-0.0034674428827348885,1,1.2523813513109816
2026-07-29 02:40:00+00:00,2.2784139531161567,2.270708524487857,0.007705428628299542,1,1.2462399317933053
2026-07-29 02:45:00+00:00,2.2753317816648364,2.270708524487857,0.004623257176979221,1,1.2479280922498248
2026-07-29 02:50:00+00:00,2.2664705387422925,2.270708524487857,-0.004237985745564654,1,1.2528071294074967
2026-07-29 02:55:00+00:00,2.269937981625027,2.270708524487857,-0.0007705428628297651,1,1.2508934043632587
2026-07-29 03:00:00+00:00,2.268315603627338,2.268315603627338,0.0,0,0.0
2026-07-29 08:00:00+00:00,2.267464985275978,2.267464985275978,0.0,1,1.2504689258471926
2026-07-29 08:05:00+00:00,2.2615116485480447,2.267464985275978,-0.005953336727933582,1,1.253760734044672
2026-07-29 08:10:00+00:00,2.257326629660092,2.267464985275978,-0.010138355615886241,1,1.25608517051922
2026-07-29 08:15:00+00:00,2.2527584752401433,2.267464985275978,-0.014706510035834888,1,1.2586322660408238
2026-07-29 08:20:00+00:00,2.2548215127201194,2.267464985275978,-0.012643472555858456,1,1.2574806868476587
2026-07-29 08:25:00+00:00,2.2530679308621395,2.267464985275978,-0.014397054413838564,1,1.2584593947192728
2026-07-29 08:30:00+00:00,2.249255380128812,2.249255380128812,0.0,0,0.0
2026-07-29 20:15:00+00:00,2.2475687548952537,2.2475687548952537,0.0,2,2.5014069534547376
2026-07-29 20:20:00+00:00,2.25133225820308,2.2475687548952537,0.0037635033078263725,2,2.497225405702626
2026-07-29 20:25:00+00:00,2.2485078403689402,2.2475687548952537,0.0009390854736867911,2,2.5003622450967797
2026-07-29 20:30:00+00:00,2.2360775858069175,2.2475687548952537,-0.01149116908833614,2,2.5142616461735128
2026-07-29 20:35:00+00:00,2.2449839506479017,2.2475687548952537,-0.0025848042473517584,2,2.5042869951208617
2026-07-29 20:40:00+00:00,2.2577353083471174,2.2475687548952537,0.010166553451863947,2,2.490143149676172
2026-07-29 20:45:00+00:00,2.2483216416659335,2.2483216416659335,0.0,0,0.0
2026-07-30 10:05:00+00:00,2.2474785210503088,2.2474785210503088,0.0,1,1.2504689258471926
2026-07-30 10:10:00+00:00,2.2433276902390307,2.2474785210503088,-0.004150830811278076,1,1.2527826693847672
2026-07-30 10:15:00+00:00,2.242507177171685,2.2474785210503088,-0.004971343878623438,1,1.2532410512179395
2026-07-30 10:20:00+00:00,2.242072787900738,2.2474785210503088,-0.005405733149571129,1,1.253483859778615
2026-07-30 10:25:00+00:00,2.2404317617660467,2.2474785210503088,-0.007046759284262165,1,1.254401986279236
2026-07-30 10:30:00+00:00,2.247575051999408,2.2474785210503088,9.653094909941759e-05,1,1.2504152195417575
2026-07-30 10:35:00+00:00,2.2627078034597488,2.2627078034597488,0.0,0,0.0
2026-07-30 13:45:00+00:00,2.2610110908004386,2.2610110908004386,0.0,2,2.5014069534547385
2026-07-30 13:50:00+00:00,2.2731522946190212,2.2610110908004386,0.012141203818582608,2,2.4880466116390996
2026-07-30 13:55:00+00:00,2.260629180812746,2.2610110908004386,-0.0003819099876926103,2,2.5018295403641337
2026-07-30 14:00:00+00:00,2.2603070669145313,2.2610110908004386,-0.0007040238859073949,2,2.502186073366977
2026-07-30 14:05:00+00:00,2.248602026330275,2.2610110908004386,-0.012409064470163954,2,2.5152111392502094
2026-07-30 14:10:00+00:00,2.236498648091922,2.2610110908004386,-0.024512442708516685,2,2.5288228406449926
2026-07-30 14:15:00+00:00,2.2296317846534084,2.2296317846534084,0.0,0,0.0
2026-07-31 14:15:00+00:00,2.2287956727341633,2.2287956727341633,0.0,1,1.2504689258471926
2026-07-31 14:20:00+00:00,2.234107210473264,2.2287956727341633,0.005311537739100608,1,1.2474959651673858
2026-07-31 14:25:00+00:00,2.2303132549453353,2.2287956727341633,0.0015175822111718675,1,1.2496180635778316
2026-07-31 14:30:00+00:00,2.221966552783891,2.2287956727341633,-0.0068291199502721655,1,1.2543121890493318
2026-07-31 14:35:00+00:00,2.221587157231098,2.2287956727341633,-0.007208515503065288,1,1.2545263964752216
2026-07-31 14:40:00+00:00,2.2128610595168614,2.2287956727341633,-0.01593461321730213,1,1.2594734399751517
2026-07-31 14:45:00+00:00,2.20861038762248,2.20861038762248,0.0,0,0.0
