hypothesis,minutes,period,samples,mean_return,median_return,trimmed_mean_5,winsorized_mean_5,win_rate,profit_factor,q10,q90
UP_CONTINUE_LONG,5,2024-01,37,-0.0008726911374567567,-0.0008170421495854002,-0.0009455804777773012,-0.0009433887014326776,0.2702702702702703,0.3016211753313638,-0.0030033643326870633,0.0012685799377708978
UP_CONTINUE_LONG,5,2024-02,47,0.00011781669366487626,-0.00021274332627647604,-2.4756045046283775e-05,1.268266539930027e-05,0.48936170212765956,1.1757522880033842,-0.002246266849682032,0.0020630769050810956
UP_CONTINUE_LONG,5,2024-03,49,-0.0005891877169493234,-0.0009372112628562406,-0.0007185178975955433,-0.0006930785862687384,0.2653061224489796,0.5175173315584001,-0.00258244151607998,0.0026662043884835515
UP_CONTINUE_LONG,5,2024-04,32,-0.0006349367979805419,-0.0010600885065210723,-0.0007265932491175535,-0.0006654588442686017,0.15625,0.4774752379965721,-0.002418527517782065,0.0020643843487817377
UP_CONTINUE_LONG,5,2024-05,51,-0.0006704261028705817,-0.0009573920590889123,-0.0007478839552389273,-0.0007282943299515176,0.29411764705882354,0.3892218219030615,-0.002972199241132189,0.001163640903982955
UP_CONTINUE_LONG,5,2024-06,18,-0.000311170481539599,-0.0006239868633247763,-0.000311170481539599,-0.00043563358086005997,0.2777777777777778,0.458350319726652,-0.0012460753280700836,0.00056470101432411
UP_CONTINUE_LONG,5,2024-07,30,-0.0006156221142904883,-0.000492428608202266,-0.0006565295830997465,-0.0006650808356444331,0.4666666666666667,0.5005404615467928,-0.003357604109047473,0.001590469313195221
UP_CONTINUE_LONG,5,2024-08,26,-0.00040789250930867345,-0.0008344638612725157,-0.0006485135544586363,-0.0006185225068790017,0.3076923076923077,0.5474230501481578,-0.0021214122010418494,0.00028804875131531796
UP_CONTINUE_LONG,5,2024-09,36,-0.0015545969257177146,-0.0011009421957937741,-0.0015201148571571048,-0.0015406473601415924,0.08333333333333333,0.05482314243500962,-0.00437190258096155,-0.0001482273688545138
UP_CONTINUE_LONG,5,2024-10,31,-0.0005609180299631408,-0.0006068662455368073,-0.000617112076748551,-0.0005893695705295828,0.22580645161290322,0.3569777972293245,-0.0020878693104181105,0.0008391940513311941
UP_CONTINUE_LONG,5,2024-11,30,-0.00046158112628833447,-0.000699631929005195,-0.0004974000014576827,-0.0004723562691384221,0.3,0.5736194933606137,-0.002852732707327143,0.002024040599220591
UP_CONTINUE_LONG,5,2024-12,28,7.039152380393326e-05,-0.00014267955720532685,-1.2860525241859575e-05,-2.440826270720382e-06,0.4642857142857143,1.1029013059244521,-0.0022663725735285628,0.0020950245655529283
UP_CONTINUE_LONG,5,2025-01,28,-0.0005127187528590983,-0.0007340810034087813,-0.0005843722586732638,-0.0005829152951149316,0.2857142857142857,0.4451515166793994,-0.0025165335595336395,0.001183124962195637
UP_CONTINUE_LONG,5,2025-02,20,-0.0015307684039242702,-0.001473943596384985,-0.0015653689615626847,-0.0015476363383057975,0.1,0.09177140045074145,-0.0033565448004725155,9.986165468905088e-05
UP_CONTINUE_LONG,5,2025-03,26,-0.0014864831015141454,-0.0013600290127537377,-0.0014224410195387248,-0.0014241431627769624,0.23076923076923078,0.22413071591260855,-0.004034563950286573,0.0011851724649490254
UP_CONTINUE_LONG,5,2025-04,43,-0.0005571682724073958,-0.0006340640062677088,-0.0006267490966021494,-0.0005461366137674276,0.27906976744186046,0.5572828388280675,-0.003397566392378137,0.001747836857529507
UP_CONTINUE_LONG,5,2025-05,53,-0.0013360175332914842,-0.0010113815563935306,-0.0012112979940651027,-0.001261054577117229,0.1509433962264151,0.06744039034138714,-0.002986799983791032,0.00032238767604353467
UP_CONTINUE_LONG,5,2025-06,47,-0.0007454172011571867,-0.0009476809679439085,-0.00079348480313823,-0.0007482046052976432,0.2127659574468085,0.3007845145849921,-0.0025713990216685626,0.0015925178724674588
UP_CONTINUE_LONG,5,2025-07,31,-0.00045811503537358453,-0.0005259551129315859,-0.0004684724208499242,-0.00045691850392255717,0.3548387096774194,0.4946822083720297,-0.00275183511002881,0.0018428942000152
UP_CONTINUE_LONG,5,2025-08,50,-0.0006936336129013182,-0.001117328659444427,-0.0008140729219538951,-0.0007435862053011373,0.22,0.3710732331285967,-0.0021785845606305137,0.0012240675987252438
UP_CONTINUE_LONG,5,2025-09,39,-0.0007081360589250664,-0.0008595492494701367,-0.0006956107545561649,-0.0006807095114924434,0.2564102564102564,0.2295911238011924,-0.0017686176702413452,0.0008081167374305105
UP_CONTINUE_LONG,5,2025-10,45,0.00016041717609760792,-0.0005671644588101759,6.515040125675751e-05,0.00020707305383458005,0.37777777777777777,1.1167699558500037,-0.002961710226280067,0.006157182822631958
UP_CONTINUE_LONG,5,2025-11,29,-0.0008986179487267072,-0.0007355416707990997,-0.0008513961611766175,-0.0008537985759808564,0.20689655172413793,0.19470665038391746,-0.002278766329628267,0.0006067593226879221
UP_CONTINUE_LONG,5,2025-12,35,-0.0012634003045740357,-0.0012505651784988185,-0.0012314750291013451,-0.0012771196474712417,0.3142857142857143,0.11420209579846811,-0.0033502236018206,0.0005525613956595573
UP_CONTINUE_LONG,5,2026-01,19,-0.0007018148483059704,-0.0007025208743892225,-0.0007018148483059704,-0.0007304050112758949,0.15789473684210525,0.13701090818369366,-0.0016135946295503293,0.00017230735487709956
UP_CONTINUE_LONG,5,2026-02,43,-0.0005319425039191388,-0.0011722041208154892,-0.000719665524348694,-0.000640044411285487,0.3023255813953488,0.5460454821892712,-0.0023467861776293336,0.0021002633224149548
UP_CONTINUE_LONG,5,2026-03,50,-0.0003378609027984118,-0.0007938893910002348,-0.0004382455744367831,-0.00035302969594902035,0.38,0.6950087201932524,-0.003336555439036281,0.0024763575060666536
UP_CONTINUE_LONG,5,2026-04,56,-0.0006318458158324873,-0.0005824445030320863,-0.0006293840776360236,-0.0006618507815353747,0.26785714285714285,0.2964357833101138,-0.0021041590800515257,0.0010324768976592187
UP_CONTINUE_LONG,5,2026-05,48,-0.0007135200040400726,-0.0007352213994035844,-0.000704280380203053,-0.0006904998805292193,0.14583333333333334,0.1322748701457445,-0.0017308263743938783,0.00017441320030899964
UP_CONTINUE_LONG,5,2026-06,41,-0.0005999945002644196,-0.000886985220261049,-0.0008422410133412611,-0.0008283966924440268,0.24390243902439024,0.3964581299189376,-0.0019862043078245455,0.000696197281226208
UP_CONTINUE_LONG,5,2026-07,50,-0.000749995639706757,-0.0007987913457742185,-0.0008108221275097971,-0.0008075197618791829,0.18,0.20290068543586368,-0.002072061046257955,0.00044927954772411397
UP_CONTINUE_LONG,15,2024-01,37,-0.0004109819272677394,-0.00037439731855088917,-0.00047524748562338134,-0.0004633644469086016,0.35135135135135137,0.7058959566511519,-0.004110165046309366,0.003387570726631428
UP_CONTINUE_LONG,15,2024-02,47,0.0007114650989007027,0.00019786824391958616,0.0006101149372662375,0.0006812637893171972,0.574468085106383,1.86296714763358,-0.002721031765862202,0.0053377516122271595
UP_CONTINUE_LONG,15,2024-03,49,0.0002663338414050119,-0.00025004025959625084,1.3976903123481127e-05,9.844151475801075e-05,0.4489795918367347,1.1805945814134338,-0.003500060870110299,0.005336559946251797
UP_CONTINUE_LONG,15,2024-04,32,6.72777555261947e-05,-0.0006068132770907891,-6.575659749340421e-05,-5.8705299256717274e-05,0.46875,1.0637037007597694,-0.0031738346240619323,0.00382810464204746
UP_CONTINUE_LONG,15,2024-05,51,-0.0007297084020248815,-0.001847692983266324,-0.000785985700619593,-0.00069013341687091,0.3333333333333333,0.6277106501323659,-0.004206724168481512,0.004545374873018582
UP_CONTINUE_LONG,15,2024-06,18,-0.00012326698693933543,-0.00017281078092485855,-0.00012326698693933543,-0.00016441111248117576,0.3888888888888889,0.7597397938432482,-0.0017431728276306561,0.0012105313382343452
UP_CONTINUE_LONG,15,2024-07,30,-0.0005965618173448237,-0.00039836908655805855,-0.000498245223090755,-0.0004740064953655492,0.43333333333333335,0.604049926237217,-0.0035576642917527256,0.002790495257527862
UP_CONTINUE_LONG,15,2024-08,26,0.0005169662526683364,-9.060428591174338e-05,0.0003494731595932848,0.000416543115343342,0.38461538461538464,1.3870485864327413,-0.004224812885847206,0.005729910862186594
UP_CONTINUE_LONG,15,2024-09,36,-0.0011952657563055484,-0.0013877924871179663,-0.00121059766744411,-0.001205056588258401,0.3055555555555556,0.3525686556957307,-0.004929735559147729,0.0027465216696763058
UP_CONTINUE_LONG,15,2024-10,31,-0.00014467536467464232,-0.0007885303708460961,-0.0003176915795070153,-0.0002281262273106293,0.25806451612903225,0.8368624084907662,-0.0020372536136662005,0.002341423649046149
UP_CONTINUE_LONG,15,2024-11,30,-7.864825239071102e-05,-9.073400913346349e-05,-0.00021711714151510846,-0.00014662835520206922,0.4666666666666667,0.9434743586532089,-0.004425841094289306,0.004502100461106843
UP_CONTINUE_LONG,15,2024-12,28,0.001113641991969808,0.0006261138252769311,0.0009932683173057184,0.0010426716676052714,0.5714285714285714,2.1594718551313394,-0.00297865346438858,0.007158111505099375
UP_CONTINUE_LONG,15,2025-01,28,-0.0004983872658645203,-0.0012741003228606378,-0.0006047051646206355,-0.0004503372644095573,0.2857142857142857,0.6301115139944984,-0.002727449603025777,0.0036561272840578227
UP_CONTINUE_LONG,15,2025-02,20,-0.001927744083522353,-0.0022985321980511057,-0.0019645718173909262,-0.0019262419974299103,0.25,0.17527515922956255,-0.00498471764688747,0.0008974232407982039
UP_CONTINUE_LONG,15,2025-03,26,-0.0014012288350880456,-0.0010239497489464393,-0.0015371225732056664,-0.001632599041993767,0.2692307692307692,0.3683125291740434,-0.00704110574457396,0.0021261472931451315
UP_CONTINUE_LONG,15,2025-04,43,-0.0010685657069548625,-0.0012072772051751716,-0.0010970362470073146,-0.0011696056596324335,0.3488372093023256,0.44396829206612043,-0.004928269242774074,0.002458731128101624
UP_CONTINUE_LONG,15,2025-05,53,-0.0021398454689646428,-0.0018207776353537757,-0.0020207637603454594,-0.0020509846121980835,0.1509433962264151,0.09054357003431077,-0.00526803274068397,0.0008094831668244124
UP_CONTINUE_LONG,15,2025-06,47,-0.0006798021194340947,-0.0006307744387511021,-0.0007050505970323351,-0.0006853689902264024,0.3829787234042553,0.488959843995244,-0.0033642944430303016,0.002140464626332395
UP_CONTINUE_LONG,15,2025-07,31,-0.0003485802831474744,-0.0006,-0.0003770902075395606,-0.00032004165181995995,0.3548387096774194,0.7066335780659897,-0.0031515342778485993,0.0033463299131807796
UP_CONTINUE_LONG,15,2025-08,50,-0.0006917172833335633,-0.0008156918063998536,-0.0007882869943782938,-0.0007817051137043732,0.32,0.5604044671118381,-0.004371832158598676,0.0027129846383656684
UP_CONTINUE_LONG,15,2025-09,39,-0.00036552357186373923,-0.0003361110487790192,-0.00036361397599876807,-0.00033640477655732745,0.41025641025641024,0.6112298038907275,-0.002446137747398035,0.0018072156543009993
UP_CONTINUE_LONG,15,2025-10,45,-0.000662395166430298,-0.0014000659914291218,-0.0009121499093965608,-0.0008227347142328494,0.26666666666666666,0.6899359172703107,-0.005334633198407678,0.0056735159258704
UP_CONTINUE_LONG,15,2025-11,29,-0.0010908988272670997,-0.0009750723823895407,-0.0009054944416773537,-0.0009048421415296401,0.27586206896551724,0.3298680878028067,-0.0035840174756500915,0.001501023951544034
UP_CONTINUE_LONG,15,2025-12,35,-0.0012380257106766788,-0.0015121740147350897,-0.0014237444607430295,-0.0013883249510573896,0.14285714285714285,0.2744792399477612,-0.003218469320937255,0.0010637142946585034
UP_CONTINUE_LONG,15,2026-01,19,-0.0005623777762009647,-0.0004787918856677503,-0.0005623777762009647,-0.0005876741731935729,0.2631578947368421,0.339376730456754,-0.002520251215373403,0.0009820523847134724
UP_CONTINUE_LONG,15,2026-02,43,0.00016254688947210555,-0.00012535342913884081,-0.00022045548109153165,-0.0001162104142518247,0.4883720930232558,1.1131022289996442,-0.0045508639559421965,0.0045298143031713214
UP_CONTINUE_LONG,15,2026-03,50,-0.0001528004612940241,-0.000963219133256265,-0.0005739249367352494,-0.000534216761496977,0.36,0.8794012664976545,-0.003248428611235354,0.0023593502833810795
UP_CONTINUE_LONG,15,2026-04,56,-0.0009060502219438166,-0.0011558918323499416,-0.0009291254452699691,-0.000929400713207032,0.2857142857142857,0.3156679050544536,-0.0033220373056289214,0.0013551697150791416
UP_CONTINUE_LONG,15,2026-05,48,-0.0005745741096692229,-0.0007280961909635447,-0.0005322212892964249,-0.0005568155542733771,0.3958333333333333,0.2940387826743373,-0.001605278124669384,0.0007775301921583385
UP_CONTINUE_LONG,15,2026-06,41,-0.000639513907525857,-0.0007602820964897722,-0.0007906552579264737,-0.000828483723111396,0.2926829268292683,0.4742287900950323,-0.0035233523296490203,0.001265671641791078
UP_CONTINUE_LONG,15,2026-07,50,-0.0010902538051276894,-0.0010092718020545226,-0.00100578286301667,-0.0010221888524720626,0.26,0.19210841050685037,-0.003211848944223127,0.0007098551988498973
UP_CONTINUE_LONG,30,2024-01,37,-0.0014459009125582785,-0.001391014080050667,-0.0015364120990841972,-0.00151889145394794,0.24324324324324326,0.42764481656329234,-0.006646110008485539,0.002860258324456819
UP_CONTINUE_LONG,30,2024-02,47,0.0003353556051506549,-0.0002474665181325214,0.0001470751813824107,0.0002078285831525875,0.48936170212765956,1.3029966738655008,-0.0038542753909670538,0.0038971469173015414
UP_CONTINUE_LONG,30,2024-03,49,4.895528545984281e-05,-0.001193759719280995,-0.0005114915384681867,-0.0002910682509799523,0.40816326530612246,1.019279466919907,-0.005994133175152759,0.0065862380701623875
UP_CONTINUE_LONG,30,2024-04,32,-0.00014966804876965709,-0.00011295319848010296,-0.00023820651913298042,-0.00029009172498203575,0.4375,0.8958861142995549,-0.0035165747566124443,0.0030548903351432367
UP_CONTINUE_LONG,30,2024-05,51,-0.0010017067234437598,-0.001021024267838743,-0.0009308157019989968,-0.0009406817864848746,0.35294117647058826,0.5315176838603686,-0.0058228570685699525,0.00392606173619019
UP_CONTINUE_LONG,30,2024-06,18,0.0007221124870428371,0.00020996749794914896,0.0007221124870428371,0.0006071580347362321,0.5555555555555556,3.8436476386869103,-0.0007234907476402202,0.002944345948877359
UP_CONTINUE_LONG,30,2024-07,30,-0.0009574247888138944,-2.6684319531339014e-06,-0.0009015588420267376,-0.0009465925352410514,0.5,0.5723673179097899,-0.007239923705618366,0.005203420808509374
UP_CONTINUE_LONG,30,2024-08,26,-0.00038739282195326296,-0.0013348445919280187,-0.0005809676650703026,-0.0004359545022445674,0.38461538461538464,0.7910936642210485,-0.005015432113590578,0.005266512087112419
UP_CONTINUE_LONG,30,2024-09,36,-0.0014587854463919707,-0.001765708760501649,-0.0014873430909646324,-0.001454324774996495,0.3611111111111111,0.33534572815321095,-0.004798371160912484,0.0022966990900954894
UP_CONTINUE_LONG,30,2024-10,31,-0.00014890207003710753,-0.0005224933168764373,-0.0002606947835620131,-0.00028255100375789517,0.41935483870967744,0.882109371762006,-0.0037828562184205154,0.0028220836331653183
UP_CONTINUE_LONG,30,2024-11,30,-0.0006709523944386539,-0.0010163947120863208,-0.0007771211934171101,-0.0007049252665033121,0.36666666666666664,0.6450712794349315,-0.00468565763658586,0.005314211443121986
UP_CONTINUE_LONG,30,2024-12,28,0.0005125044759967087,7.32418351228509e-05,0.00040543041511928045,0.0005274513496737785,0.5,1.3750471828091602,-0.004704156548928939,0.005373618847020171
UP_CONTINUE_LONG,30,2025-01,28,-0.0010023097671491709,-0.00131214540854575,-0.0011086827469903283,-0.001095938033589713,0.2857142857142857,0.46992540298602525,-0.004456774497079229,0.0025940150530094027
UP_CONTINUE_LONG,30,2025-02,20,-0.002009834446257147,-0.002368583035313742,-0.0021507194443394634,-0.0021641364521432353,0.35,0.22969324592417972,-0.00649465065745558,0.0018195764902570592
UP_CONTINUE_LONG,30,2025-03,26,-0.0011193285190150301,-0.000369096532897028,-0.0009013458894311944,-0.001029650299387279,0.5,0.5355998412804598,-0.005314017424400307,0.0033601124615572527
UP_CONTINUE_LONG,30,2025-04,43,-7.015819622336426e-05,-0.0006221090973407944,-0.0002754528600198575,-0.0001359458166679298,0.4186046511627907,0.9641517318317202,-0.005330530791814025,0.0059557257755647585
UP_CONTINUE_LONG,30,2025-05,53,-0.002466127529585755,-0.0014342602892102978,-0.002326339470327074,-0.002401630929723147,0.18867924528301888,0.1107233069182897,-0.007456878660915911,0.0010295238632342287
UP_CONTINUE_LONG,30,2025-06,47,-0.001039887654101509,-0.0010162586671000444,-0.0011005105085041206,-0.0010743458833887532,0.3191489361702128,0.44168042127009055,-0.0046445158568279455,0.0026095479432164622
UP_CONTINUE_LONG,30,2025-07,31,0.0006117918101950364,0.0006987524105629867,0.00031525018701823975,0.0003441640008653707,0.5483870967741935,1.538784659903094,-0.0036275456473594085,0.005064127225011528
UP_CONTINUE_LONG,30,2025-08,50,-0.0006554573264760315,-0.0009842793122822983,-0.0008761340875627016,-0.0008387023298540331,0.36,0.6832412327552001,-0.004923573262944913,0.004882257366550437
UP_CONTINUE_LONG,30,2025-09,39,0.00012241979720570452,0.00021335477562083374,4.729991271521646e-05,8.554286305365095e-06,0.5384615384615384,1.0960671395559753,-0.004330883432572706,0.004972937907990562
UP_CONTINUE_LONG,30,2025-10,45,0.00020259901875569367,-0.001370297334771075,-5.680461160801312e-06,8.934278104233039e-05,0.4,1.092366039335332,-0.005363401670525512,0.008356410912862502
UP_CONTINUE_LONG,30,2025-11,29,-0.0003270933655077059,-0.00043986729121632203,-0.0002775190201184315,-0.0002529095921393094,0.4482758620689655,0.6580949097525643,-0.002407462320906272,0.0023345615938752617
UP_CONTINUE_LONG,30,2025-12,35,-0.0017108904416264698,-0.0016179924242422754,-0.0017373542309073954,-0.0017500177354879457,0.2571428571428571,0.1502916400627817,-0.004493015758824392,0.0008646898734112404
UP_CONTINUE_LONG,30,2026-01,19,-0.0005408965114139345,-0.001334268301637364,-0.0005408965114139345,-0.00046455677591547643,0.47368421052631576,0.5890497713221976,-0.0029902140165574344,0.0024118325990091227
UP_CONTINUE_LONG,30,2026-02,43,0.0003116313836775324,0.0007192553205745306,0.0005502811821832624,0.0005423373381244951,0.5116279069767442,1.1760896256993973,-0.004749796223935587,0.006873967505904523
UP_CONTINUE_LONG,30,2026-03,50,-0.00011905697304475924,-0.0012049517652587653,-0.0006213649830456012,-0.0005574632847535119,0.38,0.9177041511558404,-0.003529354246161164,0.002075936917883106
UP_CONTINUE_LONG,30,2026-04,56,-0.0010326695088497624,-0.001517267247949216,-0.0009749796176141028,-0.0009393985861166661,0.30357142857142855,0.4259675593316114,-0.004148545425807348,0.003399013548667385
UP_CONTINUE_LONG,30,2026-05,48,-0.0010955053966397118,-0.0011011473571822632,-0.0009565864115212663,-0.000984721830776484,0.2916666666666667,0.2887010847261653,-0.002989620064967768,0.0015421880490000606
UP_CONTINUE_LONG,30,2026-06,41,-0.0003858554539381468,-0.0012551187547132463,-0.0005295460178784475,-0.00042606452305419276,0.43902439024390244,0.8097280470754101,-0.004797761194029814,0.0038745762711864147
UP_CONTINUE_LONG,30,2026-07,50,-0.0008705164424808747,-0.0009744504499124111,-0.0009102242163610395,-0.0008943506905834655,0.26,0.32835766226529767,-0.003690216282896596,0.0014467126631202212
UP_CONTINUE_LONG,60,2024-01,37,-0.0014434411257827752,-0.003273622432344258,-0.0018788855657011236,-0.0017260319169008014,0.32432432432432434,0.611628309505222,-0.007634561920906989,0.006499032738257665
UP_CONTINUE_LONG,60,2024-02,47,0.0017892875032772398,0.0009171218032077328,0.0014576322452932318,0.0015747553322268126,0.5957446808510638,2.7951471828513514,-0.0031072422754061073,0.007066603989031139
UP_CONTINUE_LONG,60,2024-03,49,0.0009682150793147663,-0.00028261525033730303,0.0008574878896444846,0.0009705891895225633,0.4897959183673469,1.3116389194853701,-0.00860126958347771,0.011325568794016564
UP_CONTINUE_LONG,60,2024-04,32,-0.0009120754805965263,-0.0017328438624200741,-0.0013223866577707058,-0.0013051472659264083,0.40625,0.7274205290953326,-0.0073521543997816735,0.004990301446543467
UP_CONTINUE_LONG,60,2024-05,51,-0.001648263160102708,-0.0017274336581014176,-0.0014827929315020683,-0.0014875942279226353,0.3333333333333333,0.4002296475478803,-0.007102449922567099,0.003909856610517282
UP_CONTINUE_LONG,60,2024-06,18,0.0005315581817897764,0.00014688974893677434,0.0005315581817897764,5.9453606548205964e-05,0.5555555555555556,1.7207206150998315,-0.0020578718737459417,0.002038711635123459
UP_CONTINUE_LONG,60,2024-07,30,-0.0003869010936639006,0.0011829142796572663,-0.00019268895774320508,-0.0002946561199579863,0.5666666666666667,0.8493141351300738,-0.009605185172077178,0.005654615529524646
UP_CONTINUE_LONG,60,2024-08,26,-0.0009242948286273915,3.208273310355617e-05,-0.0009850919483794529,-0.0011025348182367315,0.5384615384615384,0.6345995420156286,-0.009421618643072404,0.00444088989349305
UP_CONTINUE_LONG,60,2024-09,36,-0.001343994302814867,-0.0012396848488300909,-0.0014696435417890336,-0.0014793001599398064,0.3333333333333333,0.41559803584418487,-0.005975371179581978,0.0025432068856437347
UP_CONTINUE_LONG,60,2024-10,31,-0.0003359500053086821,-0.0006846596681342015,-0.00027222921207501095,-0.0002543752927658097,0.41935483870967744,0.7734660138324962,-0.00393554538786629,0.004080575611213378
UP_CONTINUE_LONG,60,2024-11,30,-0.0011936587978358423,-0.0015191388690816258,-0.0012063215009353897,-0.0011639431707791005,0.3333333333333333,0.48610778681379846,-0.005368168368497482,0.0026477202325209154
UP_CONTINUE_LONG,60,2024-12,28,0.00039852951783235453,-0.00038823470900679554,0.00016912863945428382,0.00024772473849404467,0.42857142857142855,1.2463380335007246,-0.00510853633321826,0.007167242507387874
UP_CONTINUE_LONG,60,2025-01,28,0.0005709855224276701,-0.0014682999573849102,0.00010439914328276273,0.00031773142079998803,0.42857142857142855,1.2784454885303442,-0.0054686987083988,0.00793011229923573
UP_CONTINUE_LONG,60,2025-02,20,-0.0020690436989634353,-0.0016537803835523605,-0.0020474065999698484,-0.001999769088433739,0.3,0.21511465597780152,-0.005819942546116463,0.0015026414987279442
UP_CONTINUE_LONG,60,2025-03,26,-0.0006253350624202593,0.0003140224495971517,-0.00035080721404709067,-0.0005787692060775547,0.5,0.7750416981261498,-0.00842134521620137,0.005734595793785369
UP_CONTINUE_LONG,60,2025-04,43,-0.0003490060446358034,-0.0015525768285686407,-0.0006207410734884159,-0.00046479479071987216,0.3488372093023256,0.8641204344892607,-0.006563720462892374,0.0070109919330445785
UP_CONTINUE_LONG,60,2025-05,53,-0.0018100657747356606,-0.002127083333333401,-0.0018822039525018901,-0.0018285444657361392,0.3018867924528302,0.38513584443523985,-0.0071827372635902215,0.004091175234985592
UP_CONTINUE_LONG,60,2025-06,47,-6.052630974555687e-05,0.00019380755221758475,-9.22638722356385e-05,-3.4114463897150246e-05,0.5106382978723404,0.9656555038334996,-0.004886633335235046,0.006175527000614989
UP_CONTINUE_LONG,60,2025-07,31,0.0015696859336461956,0.0007525013676980447,0.0012910765153642122,0.0014485361961332672,0.5806451612903226,2.219195163563192,-0.003801098002846625,0.006042988687187712
UP_CONTINUE_LONG,60,2025-08,50,-0.0009666532148796353,-0.0009859536205727541,-0.0011739237462979903,-0.0009640436644393108,0.38,0.6551142160698264,-0.007397184261869371,0.0068905125561800305
UP_CONTINUE_LONG,60,2025-09,39,0.0006356957759302669,0.0006940385137936162,0.00048733874486558157,0.0005834606945765209,0.5641025641025641,1.3617062612305584,-0.006079069013540116,0.006823678297038057
UP_CONTINUE_LONG,60,2025-10,45,-0.00035923474000501917,-0.0007282223660765691,-0.0006483691361512141,-0.0005531673527813839,0.37777777777777777,0.8720622574488036,-0.007690322199169607,0.009235872387796534
UP_CONTINUE_LONG,60,2025-11,29,0.0005275373390816942,0.0004586872278375293,0.0007530660266521204,0.0007198809089210784,0.5862068965517241,1.4723852346885729,-0.0031658714340055505,0.004639445491736028
UP_CONTINUE_LONG,60,2025-12,35,-0.0030458106252458004,-0.0024740671746473313,-0.0027858347543049072,-0.0028374565195792337,0.2857142857142857,0.08378753875844479,-0.008072802431765268,0.0008741563516577296
UP_CONTINUE_LONG,60,2026-01,19,0.0006030098691665026,2.784319340880584e-05,0.0006030098691665026,0.0005655860061417967,0.5263157894736842,1.5505309599255457,-0.004311259836318592,0.006414326697894411
UP_CONTINUE_LONG,60,2026-02,43,-0.00017661312532112037,0.00040245923497044314,0.00013533241556448064,-6.794835626846096e-05,0.5581395348837209,0.9141829968224616,-0.005120968904451417,0.005552439334314732
UP_CONTINUE_LONG,60,2026-03,50,-0.0008400742202563943,-0.0007273515689862447,-0.0012428419046063542,-0.0012989816912378357,0.42,0.678653496254154,-0.008668095286197997,0.004474425997230403
UP_CONTINUE_LONG,60,2026-04,56,-0.002054425392860924,-0.0014700293099301313,-0.0016690958064308951,-0.001707594163904982,0.32142857142857145,0.24575221996920593,-0.005644738305656882,0.002565231566316651
UP_CONTINUE_LONG,60,2026-05,48,-0.0008298137415558952,-0.00023216758411532753,-0.0006995232537520148,-0.0007712522963803577,0.4791666666666667,0.5291236264905868,-0.005608524838600536,0.0032256906321072518
UP_CONTINUE_LONG,60,2026-06,41,-0.00027738748822419255,-0.0004129951378735835,-0.00037657603224335907,-0.0004260151733283368,0.4634146341463415,0.8785609146993356,-0.006725864954875548,0.006257847964595543
UP_CONTINUE_LONG,60,2026-07,50,-0.0008964132712317768,-0.0011132278045067993,-0.0011328432962990174,-0.0010654562406908017,0.3,0.5470023240312648,-0.005372273571429763,0.003299346825389573
UP_REVERSE_SHORT,5,2024-01,37,-0.00032730886254324305,-0.0003829578504145997,-0.0002544195222226987,-0.00025661129856732284,0.40540540540540543,0.6286620973318259,-0.0024685799377708977,0.0018033643326870632
UP_REVERSE_SHORT,5,2024-02,47,-0.0013178166936648765,-0.0009872566737235237,-0.0011752439549537162,-0.0012126826653993004,0.2127659574468085,0.14787340007685731,-0.0032630769050810957,0.001046266849682032
UP_REVERSE_SHORT,5,2024-03,49,-0.0006108122830506763,-0.00026278873714375925,-0.0004814821024044568,-0.000506921413731262,0.42857142857142855,0.46269127151133,-0.003866204388483551,0.0013824415160799805
UP_REVERSE_SHORT,5,2024-04,32,-0.0005650632020194578,-0.00013991149347892748,-0.00047340675088244655,-0.0005345411557313982,0.34375,0.4113160419457152,-0.003264384348781734,0.0012185275177820651
UP_REVERSE_SHORT,5,2024-05,51,-0.0005295738971294182,-0.00024260794091108759,-0.000452116044761073,-0.0004717056700484823,0.39215686274509803,0.43992329437866456,-0.0023636409039829546,0.0017721992411321892
UP_REVERSE_SHORT,5,2024-06,18,-0.0008888295184604007,-0.0005760131366752236,-0.0008888295184604007,-0.00076436641913994,0.1111111111111111,0.03280739251221723,-0.0017647010143241096,4.607532807008394e-05
UP_REVERSE_SHORT,5,2024-07,30,-0.0005843778857095113,-0.0007075713917977338,-0.0005434704169002531,-0.0005349191643555668,0.43333333333333335,0.5312271460905277,-0.00279046931319522,0.0021576041090474738
UP_REVERSE_SHORT,5,2024-08,26,-0.0007921074906913262,-0.0003655361387274841,-0.0005514864455413634,-0.000581477493120998,0.46153846153846156,0.23534795050546606,-0.0014880487513153177,0.0009214122010418498
UP_REVERSE_SHORT,5,2024-09,36,0.0003545969257177145,-9.905780420622564e-05,0.0003201148571571049,0.00034064736014159235,0.4722222222222222,1.8156202756468176,-0.001051772631145486,0.0031719025809615504
UP_REVERSE_SHORT,5,2024-10,31,-0.0006390819700368589,-0.0005931337544631926,-0.0005828879232514486,-0.0006106304294704168,0.22580645161290322,0.2671046417991363,-0.002039194051331194,0.0008878693104181107
UP_REVERSE_SHORT,5,2024-11,30,-0.0007384188737116652,-0.0005003680709948049,-0.000702599998542317,-0.0007276437308615779,0.26666666666666666,0.3858552798173422,-0.003224040599220589,0.0016527327073271433
UP_REVERSE_SHORT,5,2024-12,28,-0.001270391523803933,-0.001057320442794673,-0.0011871394747581402,-0.0011975591737292796,0.2857142857142857,0.14535755650644386,-0.003295024565552928,0.0010663725735285633
UP_REVERSE_SHORT,5,2025-01,28,-0.0006872812471409014,-0.0004659189965912186,-0.0006156277413267359,-0.0006170847048850681,0.2857142857142857,0.27188428470014436,-0.002383124962195637,0.00131653355953364
UP_REVERSE_SHORT,5,2025-02,20,0.00033076840392427044,0.00027394359638498514,0.000365368961562685,0.0003476363383057977,0.6,1.7528015294427426,-0.0012998616546890487,0.002156544800472517
UP_REVERSE_SHORT,5,2025-03,26,0.0002864831015141454,0.00016002901275373796,0.0002224410195387251,0.00022414316277696243,0.5384615384615384,1.34626918158068,-0.002385172464949025,0.0028345639502865734
UP_REVERSE_SHORT,5,2025-04,43,-0.0006428317275926039,-0.0005659359937322911,-0.0005732509033978511,-0.000653863386232572,0.3953488372093023,0.4941509004532124,-0.002947836857529506,0.0021975663923781397
UP_REVERSE_SHORT,5,2025-05,53,0.0001360175332914842,-0.00018861844360646915,1.1297994065102945e-05,6.105457711722905e-05,0.4339622641509434,1.2563890760026777,-0.0015223876760435344,0.0017867999837910336
UP_REVERSE_SHORT,5,2025-06,47,-0.0004545827988428133,-0.0002523190320560914,-0.0004065151968617699,-0.0004517953947023566,0.40425531914893614,0.4372721509015957,-0.0027925178724674585,0.001371399021668563
UP_REVERSE_SHORT,5,2025-07,31,-0.0007418849646264151,-0.000674044887068414,-0.0007315275791500755,-0.0007430814960774425,0.25806451612903225,0.29624373314739455,-0.0030428942000151997,0.0015518351100288104
UP_REVERSE_SHORT,5,2025-08,50,-0.0005063663870986816,-8.267134055557287e-05,-0.00038592707804610505,-0.00045641379469886257,0.44,0.3861006520189507,-0.002424067598725243,0.000978584560630514
UP_REVERSE_SHORT,5,2025-09,39,-0.0004918639410749333,-0.00034045075052986315,-0.0005043892454438348,-0.0005192904885075564,0.28205128205128205,0.30728217464354013,-0.002008116737430509,0.0005686176702413457
UP_REVERSE_SHORT,5,2025-10,45,-0.001360417176097608,-0.000632835541189824,-0.0012651504012567572,-0.001407073053834581,0.37777777777777777,0.35743169834821653,-0.007357182822631958,0.0017617102262800675
UP_REVERSE_SHORT,5,2025-11,29,-0.0003013820512732924,-0.0004644583292009002,-0.0003486038388233821,-0.00034620142401914345,0.3793103448275862,0.5869310419456402,-0.0018067593226879222,0.001078766329628267
UP_REVERSE_SHORT,5,2025-12,35,6.340030457403569e-05,5.056517849881873e-05,3.147502910134526e-05,7.71196474712418e-05,0.5428571428571428,1.1118138411259568,-0.001752561395659557,0.0021502236018206026
UP_REVERSE_SHORT,5,2026-01,19,-0.0004981851516940292,-0.0004974791256107774,-0.0004981851516940292,-0.000469594988724105,0.21052631578947367,0.19954490280576423,-0.0013723073548770996,0.0004135946295503294
UP_REVERSE_SHORT,5,2026-02,43,-0.0006680574960808609,-2.7795879184510622e-05,-0.00048033447565130617,-0.0005599555887145128,0.4883720930232558,0.3695790010170292,-0.0033002633224149527,0.0011467861776293339
UP_REVERSE_SHORT,5,2026-03,50,-0.000862139097201588,-0.0004061106089997651,-0.0007617544255632173,-0.0008469703040509797,0.34,0.37188376486247476,-0.0036763575060666507,0.0021365554390362818
UP_REVERSE_SHORT,5,2026-04,56,-0.0005681541841675124,-0.0006175554969679136,-0.0005706159223639765,-0.000538149218464625,0.32142857142857145,0.33173327141055575,-0.0022324768976592184,0.000904159080051526
UP_REVERSE_SHORT,5,2026-05,48,-0.0004864799959599271,-0.0004647786005964155,-0.0004957196197969469,-0.0005095001194707804,0.22916666666666666,0.23382564732455655,-0.0013744132003089984,0.0005308263743938788
UP_REVERSE_SHORT,5,2026-06,41,-0.0006000054997355801,-0.00031301477973895095,-0.00035775898665873894,-0.00037160330755597296,0.4146341463414634,0.3045386824356086,-0.0018961972812262078,0.0007862043078245457
UP_REVERSE_SHORT,5,2026-07,50,-0.00045000436029324283,-0.0004012086542257814,-0.000389177872490203,-0.000392480238120817,0.34,0.37691085187009554,-0.0016492795477241133,0.0008720610462579555
UP_REVERSE_SHORT,15,2024-01,37,-0.0007890180727322603,-0.0008256026814491107,-0.0007247525143766184,-0.0007366355530913986,0.40540540540540543,0.5005373150190118,-0.004587570726631429,0.002910165046309365
UP_REVERSE_SHORT,15,2024-02,47,-0.0019114650989007034,-0.001397868243919586,-0.0018101149372662375,-0.0018812637893171982,0.2553191489361702,0.17744095978987148,-0.00653775161222716,0.001521031765862202
UP_REVERSE_SHORT,15,2024-03,49,-0.0014663338414050116,-0.0009499597404037491,-0.0012139769031234812,-0.0012984415147580125,0.42857142857142855,0.38042730988053536,-0.006536559946251796,0.0023000608701103
UP_REVERSE_SHORT,15,2024-04,32,-0.0012672777555261944,-0.0005931867229092108,-0.0011342434025065963,-0.0011412947007432826,0.375,0.27493060438190303,-0.005028104642047459,0.001973834624061935
UP_REVERSE_SHORT,15,2024-05,51,-0.00047029159797511844,0.0006476929832663242,-0.00041401429938040744,-0.0005098665831290896,0.5490196078431373,0.71816308413827,-0.005745374873018582,0.0030067241684815123
UP_REVERSE_SHORT,15,2024-06,18,-0.0010767330130606644,-0.0010271892190751412,-0.0010767330130606644,-0.0010355888875188239,0.2222222222222222,0.08975268035274471,-0.0024105313382343442,0.0005431728276306564
UP_REVERSE_SHORT,15,2024-07,30,-0.000603438182655176,-0.0008016309134419413,-0.0007017547769092447,-0.0007259935046344506,0.43333333333333335,0.6030115760310611,-0.003990495257527859,0.002357664291752728
UP_REVERSE_SHORT,15,2024-08,26,-0.0017169662526683364,-0.0011093957140882564,-0.0015494731595932845,-0.0016165431153433419,0.4230769230769231,0.3208786530933904,-0.006929910862186594,0.0030248128858472063
UP_REVERSE_SHORT,15,2024-09,36,-4.734243694451646e-06,0.0001877924871179665,1.059766744411025e-05,5.056588258400904e-06,0.5555555555555556,0.9957491025709919,-0.0039465216696763054,0.0037297355591477295
UP_REVERSE_SHORT,15,2024-10,31,-0.0010553246353253573,-0.0004114696291539038,-0.0008823084204929844,-0.0009718737726893703,0.3548387096774194,0.16669945120326718,-0.0035414236490461486,0.0008372536136662007
UP_REVERSE_SHORT,15,2024-11,30,-0.001121351747609289,-0.0011092659908665363,-0.0009828828584848915,-0.001053371644797931,0.43333333333333335,0.4261787065993215,-0.005702100461106839,0.0032258410942893065
UP_REVERSE_SHORT,15,2024-12,28,-0.002313641991969808,-0.0018261138252769309,-0.0021932683173057185,-0.0022426716676052713,0.2857142857142857,0.18923737583715294,-0.008358111505099373,0.0017786534643885812
UP_REVERSE_SHORT,15,2025-01,28,-0.0007016127341354794,7.410032286063798e-05,-0.0005952948353793642,-0.0007496627355904424,0.5,0.45428786587917636,-0.004856127284057819,0.0015274496030257775
UP_REVERSE_SHORT,15,2025-02,20,0.0007277440835223532,0.001098532198051106,0.0007645718173909263,0.0007262419974299108,0.7,1.9509632537397121,-0.002097423240798201,0.0037847176468874715
UP_REVERSE_SHORT,15,2025-03,26,0.00020122883508804588,-0.0001760502510535605,0.0003371225732056668,0.000432599041993767,0.46153846153846156,1.1569006497786296,-0.0033261472931451312,0.005841105744573961
UP_REVERSE_SHORT,15,2025-04,43,-0.00013143429304513738,7.277205175171861e-06,-0.00010296375299268582,-3.039434036756634e-05,0.5116279069767442,0.903720875507569,-0.0036587311281016215,0.00372826924277408
UP_REVERSE_SHORT,15,2025-05,53,0.0009398454689646425,0.0006207776353537759,0.0008207637603454596,0.0008509846121980831,0.5660377358490566,2.5843091264351097,-0.00200948316682441,0.004068032740683971
UP_REVERSE_SHORT,15,2025-06,47,-0.0005201978805659048,-0.0005692255612488978,-0.0004949494029676648,-0.0005146310097735977,0.40425531914893614,0.573655785623482,-0.003340464626332395,0.002164294443030302
UP_REVERSE_SHORT,15,2025-07,31,-0.0008514197168525252,-0.0006,-0.0008229097924604392,-0.0008799583481800397,0.41935483870967744,0.38883516136489416,-0.004546329913180779,0.0019515342778485996
UP_REVERSE_SHORT,15,2025-08,50,-0.0005082827166664365,-0.0003843081936001463,-0.00041171300562170646,-0.0004182948862956267,0.42,0.6468384441849907,-0.003912984638365668,0.003171832158598676
UP_REVERSE_SHORT,15,2025-09,39,-0.0008344764281362607,-0.0008638889512209807,-0.0008363860240012319,-0.0008635952234426722,0.3333333333333333,0.3363340020074797,-0.003007215654300998,0.001246137747398038
UP_REVERSE_SHORT,15,2025-10,45,-0.0005376048335697017,0.000200065991429122,-0.000287850090603439,-0.00037726528576715083,0.5333333333333333,0.7196521975282714,-0.006873515925870398,0.004134633198407679
UP_REVERSE_SHORT,15,2025-11,29,-0.00010910117273290004,-0.00022492761761045918,-0.0002945055583226459,-0.0002951578584703603,0.41379310344827586,0.8947054077415891,-0.002701023951544034,0.002384017475650092
UP_REVERSE_SHORT,15,2025-12,35,3.802571067667878e-05,0.0003121740147350899,0.00022374446074302975,0.00018832495105738936,0.6857142857142857,1.0520968232905767,-0.0022637142946585025,0.002018469320937257
UP_REVERSE_SHORT,15,2026-01,19,-0.000637622223799035,-0.0007212081143322496,-0.000637622223799035,-0.0006123258268064269,0.3157894736842105,0.2923130350592269,-0.0021820523847134723,0.001320251215373403
UP_REVERSE_SHORT,15,2026-02,43,-0.0013625468894721054,-0.001074646570861159,-0.0009795445189084689,-0.0010837895857481752,0.37209302325581395,0.40087960416628504,-0.00572981430317132,0.003350863955942197
UP_REVERSE_SHORT,15,2026-03,50,-0.0010471995387059756,-0.00023678086674373486,-0.000626075063264751,-0.0006657832385030232,0.44,0.3559331093490036,-0.0035593502833810788,0.002048428611235354
UP_REVERSE_SHORT,15,2026-04,56,-0.0002939497780561832,-4.4108167650058175e-05,-0.0002708745547300309,-0.0002705992867929677,0.4642857142857143,0.6540661963203285,-0.0025551697150791412,0.0021220373056289217
UP_REVERSE_SHORT,15,2026-05,48,-0.0006254258903307768,-0.0004719038090364552,-0.0006677787107035749,-0.0006431844457266226,0.22916666666666666,0.26493608041136274,-0.001977530192158338,0.00040527812466938464
UP_REVERSE_SHORT,15,2026-06,41,-0.0005604860924741427,-0.00043971790351022774,-0.00040934474207352634,-0.0003715162768886037,0.3170731707317073,0.5052917553551276,-0.0024656716417910778,0.0023233523296490206
UP_REVERSE_SHORT,15,2026-07,50,-0.00010974619487231038,-0.0001907281979454772,-0.00019421713698333017,-0.00017781114752793713,0.44,0.8476732099127852,-0.001909855198849896,0.0020118489442231286
UP_REVERSE_SHORT,30,2024-01,37,0.00024590091255827836,0.00019101408005066714,0.0003364120990841973,0.0003188914539479393,0.5405405405405406,1.1667591789293121,-0.004060258324456821,0.005446110008485539
UP_REVERSE_SHORT,30,2024-02,47,-0.001535355605150655,-0.0009525334818674785,-0.0013470751813824107,-0.0014078285831525888,0.2978723404255319,0.28683822331700815,-0.0050971469173015415,0.002654275390967054
UP_REVERSE_SHORT,30,2024-03,49,-0.0012489552854598426,-6.240280719004812e-06,-0.0006885084615318136,-0.0009089317490200513,0.4897959183673469,0.5997649753209296,-0.007786238070162387,0.004794133175152762
UP_REVERSE_SHORT,30,2024-04,32,-0.0010503319512303426,-0.0010870468015198968,-0.0009617934808670199,-0.0009099082750179642,0.375,0.470755031671808,-0.004254890335143235,0.002316574756612446
UP_REVERSE_SHORT,30,2024-05,51,-0.00019829327655624011,-0.0001789757321612567,-0.00026918429800100365,-0.00025931821351512526,0.49019607843137253,0.8800763615609215,-0.00512606173619019,0.004622857068569953
UP_REVERSE_SHORT,30,2024-06,18,-0.0019221124870428372,-0.0014099674979491487,-0.0019221124870428372,-0.001807158034736232,0.05555555555555555,0.00591139338235137,-0.004144345948877358,-0.00047650925235977957
UP_REVERSE_SHORT,30,2024-07,30,-0.0002425752111861054,-0.0011973315680468659,-0.00029844115797326244,-0.00025340746475894897,0.36666666666666664,0.8776470465605144,-0.006403420808509374,0.006039923705618369
UP_REVERSE_SHORT,30,2024-08,26,-0.0008126071780467368,0.00013484459192801893,-0.0006190323349296971,-0.0007640454977554322,0.5,0.5898263712443195,-0.006466512087112419,0.0038154321135905785
UP_REVERSE_SHORT,30,2024-09,36,0.0002587854463919706,0.0005657087605016492,0.00028734309096463265,0.00025432477499649504,0.5833333333333334,1.214447585653653,-0.003496699090095489,0.0035983711609124842
UP_REVERSE_SHORT,30,2024-10,31,-0.001051097929962892,-0.0006775066831235626,-0.000939305216437987,-0.0009174489962421045,0.3870967741935484,0.38591785884089147,-0.004022083633165318,0.0025828562184205157
UP_REVERSE_SHORT,30,2024-11,30,-0.0005290476055613458,-0.000183605287913679,-0.0004228788065828898,-0.0004950747334966879,0.4666666666666667,0.7002843885101878,-0.006514211443121986,0.00348565763658586
UP_REVERSE_SHORT,30,2024-12,28,-0.0017125044759967085,-0.0012732418351228507,-0.0016054304151192805,-0.0017274513496737785,0.35714285714285715,0.33768716437504975,-0.0065736188470201665,0.0035041565489289392
UP_REVERSE_SHORT,30,2025-01,28,-0.00019769023285082877,0.0001121454085457502,-9.131725300967165e-05,-0.00010406196641028697,0.5357142857142857,0.8510793648083184,-0.0037940150530094024,0.0032567744970792307
UP_REVERSE_SHORT,30,2025-02,20,0.0008098344462571467,0.0011685830353137423,0.0009507194443394633,0.000964136452143235,0.6,1.7772030161398817,-0.003019576490257058,0.005294650657455581
UP_REVERSE_SHORT,30,2025-03,26,-8.067148098496964e-05,-0.0008309034671029718,-0.00029865411056880534,-0.00017034970061272054,0.46153846153846156,0.9576593210459876,-0.004560112461557252,0.004114017424400308
UP_REVERSE_SHORT,30,2025-04,43,-0.0011298418037766357,-0.0005778909026592055,-0.0009245471399801431,-0.0010640541833320705,0.3953488372093023,0.5456777907620909,-0.007155725775564758,0.004130530791814025
UP_REVERSE_SHORT,30,2025-05,53,0.001266127529585756,0.000234260289210298,0.001126339470327074,0.0012016309297231472,0.5849056603773585,3.0129934761217965,-0.0022295238632342278,0.006256878660915911
UP_REVERSE_SHORT,30,2025-06,47,-0.00016011234589849115,-0.0001837413328999554,-9.948949149587936e-05,-0.00012565411661124684,0.48936170212765956,0.8807915929403372,-0.003809547943216462,0.003444515856827946
UP_REVERSE_SHORT,30,2025-07,31,-0.0018117918101950368,-0.0018987524105629865,-0.00151525018701824,-0.0015441640008653711,0.3548387096774194,0.2689989808980142,-0.006264127225011528,0.002427545647359409
UP_REVERSE_SHORT,30,2025-08,50,-0.0005445426735239682,-0.00021572068771770145,-0.00032386591243729857,-0.00036129767014596726,0.48,0.7227010474201764,-0.006082257366550436,0.0037235732629449137
UP_REVERSE_SHORT,30,2025-09,39,-0.001322419797205705,-0.0014133547756208335,-0.0012472999127152167,-0.001208554286305365,0.2564102564102564,0.38301640074078974,-0.00617293790799056,0.003130883432572714
UP_REVERSE_SHORT,30,2025-10,45,-0.0014025990187556936,0.00017029733477107515,-0.0011943195388391984,-0.0012893427810423312,0.5111111111111111,0.5284380588308697,-0.0095564109128625,0.004163401670525517
UP_REVERSE_SHORT,30,2025-11,29,-0.0008729066344922938,-0.0007601327087836779,-0.0009224809798815682,-0.0009470904078606906,0.2413793103448276,0.3447583555638827,-0.0035345615938752618,0.0012074623209062723
UP_REVERSE_SHORT,30,2025-12,35,0.0005108904416264697,0.0004179924242422756,0.0005373542309073956,0.0005500177354879459,0.5714285714285714,1.7136346491401915,-0.00206468987341124,0.003293015758824392
UP_REVERSE_SHORT,30,2026-01,19,-0.0006591034885860651,0.00013426830163736417,-0.0006591034885860651,-0.0007354432240845235,0.5263157894736842,0.5094984809860406,-0.0036118325990091233,0.0017902140165574339
UP_REVERSE_SHORT,30,2026-02,43,-0.0015116313836775323,-0.0019192553205745304,-0.0017502811821832626,-0.0017423373381244953,0.32558139534883723,0.4595306699301949,-0.008073967505904521,0.003549796223935587
UP_REVERSE_SHORT,30,2026-03,50,-0.0010809430269552406,4.951765258765536e-06,-0.0005786350169543991,-0.0006425367152464883,0.52,0.41069506375937925,-0.0032759369178831034,0.0023293542461611653
UP_REVERSE_SHORT,30,2026-04,56,-0.0001673304911502373,0.00031726724794921615,-0.00022502038238589718,-0.00026060141388333354,0.5178571428571429,0.864224079081258,-0.004599013548667385,0.002948545425807348
UP_REVERSE_SHORT,30,2026-05,48,-0.00010449460336028779,-9.885264281773662e-05,-0.00024341358847873365,-0.00021527816922351571,0.4791666666666667,0.8831837832519955,-0.0027421880490000597,0.00178962006496777
UP_REVERSE_SHORT,30,2026-06,41,-0.000814144546061853,5.5118754713246484e-05,-0.0006704539821215527,-0.000773935476945807,0.5121951219512195,0.6277601226523358,-0.005074576271186414,0.0035977611940298145
UP_REVERSE_SHORT,30,2026-07,50,-0.00032948355751912504,-0.00022554955008758867,-0.0002897757836389606,-0.0003056493094165344,0.34,0.6325998076077649,-0.00264671266312022,0.0024902162828965967
UP_REVERSE_SHORT,60,2024-01,37,0.00024344112578277507,0.0020736224323442583,0.0006788855657011237,0.0005260319169008008,0.6486486486486487,1.0909135355934765,-0.007699032738257671,0.00643456192090699
UP_REVERSE_SHORT,60,2024-02,47,-0.0029892875032772387,-0.0021171218032077325,-0.002657632245293232,-0.0027747553322268145,0.2765957446808511,0.1640209584781506,-0.008266603989031139,0.0019072422754061074
UP_REVERSE_SHORT,60,2024-03,49,-0.002168215079314767,-0.0009173847496626969,-0.0020574878896444846,-0.002170589189522564,0.4489795918367347,0.5391621997323389,-0.01252556879401656,0.007401269583477711
UP_REVERSE_SHORT,60,2024-04,32,-0.00028792451940347363,0.0005328438624200743,0.0001223866577707053,0.00010514726592640773,0.53125,0.903403133315906,-0.006190301446543466,0.006152154399781674
UP_REVERSE_SHORT,60,2024-05,51,0.0004482631601027082,0.0005274336581014178,0.00028279293150206816,0.0002875942279226354,0.5490196078431373,1.28323676578189,-0.005109856610517282,0.0059024499225671
UP_REVERSE_SHORT,60,2024-06,18,-0.0017315581817897762,-0.0013468897489367741,-0.0017315581817897762,-0.0012594536065482066,0.2777777777777778,0.13351667787345076,-0.003238711635123458,0.000857871873745942
UP_REVERSE_SHORT,60,2024-07,30,-0.0008130989063360991,-0.002382914279657266,-0.001007311042256795,-0.0009053438800420134,0.3333333333333333,0.7233703305008989,-0.0068546155295246426,0.008405185172077181
UP_REVERSE_SHORT,60,2024-08,26,-0.00027570517137260817,-0.001232082733103556,-0.00021490805162054671,-9.746518176326827e-05,0.4230769230769231,0.8780218497319476,-0.00564088989349305,0.008221618643072404
UP_REVERSE_SHORT,60,2024-09,36,0.00014399430281486684,3.9684848830091077e-05,0.00026964354178903374,0.0002793001599398065,0.5277777777777778,1.0986671504628471,-0.0037432068856437344,0.004775371179581978
UP_REVERSE_SHORT,60,2024-10,31,-0.0008640499946913176,-0.0005153403318657984,-0.0009277707879249891,-0.00094562470723419,0.41935483870967744,0.5030451169672746,-0.005280575611213378,0.00273554538786629
UP_REVERSE_SHORT,60,2024-11,30,-6.341202164157391e-06,0.00031913886908162606,6.321500935389504e-06,-3.605682922090021e-05,0.5,0.9960842514114903,-0.003847720232520911,0.004168168368497484
UP_REVERSE_SHORT,60,2024-12,28,-0.0015985295178323543,-0.0008117652909932043,-0.0013691286394542838,-0.0014477247384940446,0.32142857142857145,0.40651102596772287,-0.008367242507387872,0.003908536333218261
UP_REVERSE_SHORT,60,2025-01,28,-0.0017709855224276702,0.00026829995738491045,-0.0013043991432827627,-0.0015177314207999884,0.5357142857142857,0.43722681624622856,-0.009130112299235726,0.0042686987083988
UP_REVERSE_SHORT,60,2025-02,20,0.000869043698963435,0.0004537803835523608,0.0008474065999698485,0.0007997690884337388,0.5,1.8085177072151675,-0.0027026414987279413,0.004619942546116463
UP_REVERSE_SHORT,60,2025-03,26,-0.0005746649375797404,-0.0015140224495971515,-0.000849192785952909,-0.000621230793922445,0.34615384615384615,0.8000685607317505,-0.006934595793785369,0.00722134521620137
UP_REVERSE_SHORT,60,2025-04,43,-0.0008509939553641965,0.00035257682856864095,-0.0005792589265115848,-0.000735205209280128,0.5581395348837209,0.686307939934421,-0.008210991933044575,0.005363720462892377
UP_REVERSE_SHORT,60,2025-05,53,0.0006100657747356605,0.0009270833333334011,0.0006822039525018902,0.0006285444657361387,0.6226415094339622,1.3996629607014288,-0.0052911752349855895,0.0059827372635902236
UP_REVERSE_SHORT,60,2025-06,47,-0.0011394736902544432,-0.0013938075522175845,-0.0011077361277643614,-0.0011658855361028502,0.425531914893617,0.5161947025539104,-0.007375527000614989,0.0036866333352350454
UP_REVERSE_SHORT,60,2025-07,31,-0.002769685933646197,-0.0019525013676980445,-0.0024910765153642127,-0.0026485361961332684,0.3548387096774194,0.22780313723158171,-0.007242988687187712,0.0026010980028466253
UP_REVERSE_SHORT,60,2025-08,50,-0.00023334678512036444,-0.00021404637942724566,-2.6076253702009988e-05,-0.0002359563355606894,0.5,0.9019657175558495,-0.008090512556180028,0.006197184261869371
UP_REVERSE_SHORT,60,2025-09,39,-0.0018356957759302673,-0.001894038513793616,-0.0016873387448655818,-0.0017834606945765208,0.3333333333333333,0.41607049164352483,-0.00802367829703805,0.00487906901354012
UP_REVERSE_SHORT,60,2025-10,45,-0.0008407652599949812,-0.00047177763392343083,-0.0005516308638487856,-0.0006468326472186161,0.4666666666666667,0.7221617524253867,-0.010435872387796528,0.006490322199169609
UP_REVERSE_SHORT,60,2025-11,29,-0.0017275373390816945,-0.001658687227837529,-0.0019530660266521204,-0.001919880908921079,0.20689655172413793,0.3080957614369449,-0.005839445491736027,0.0019658714340055504
UP_REVERSE_SHORT,60,2025-12,35,0.0018458106252458,0.0012740671746473316,0.0015858347543049075,0.001637456519579233,0.6571428571428571,3.7464852654826855,-0.002074156351657729,0.00687280243176527
UP_REVERSE_SHORT,60,2026-01,19,-0.0018030098691665022,-0.0012278431934088056,-0.0018030098691665028,-0.0017655860061417965,0.2631578947368421,0.2729139280958095,-0.007614326697894413,0.0031112598363185915
UP_REVERSE_SHORT,60,2026-02,43,-0.0010233868746788793,-0.001602459234970443,-0.0013353324155644809,-0.0011320516437315394,0.37209302325581395,0.6059303730229931,-0.006752439334314729,0.003920968904451419
UP_REVERSE_SHORT,60,2026-03,50,-0.0003599257797436055,-0.00047264843101375517,4.2841904606353954e-05,9.898169123783572e-05,0.46,0.8470385176271913,-0.005674425997230403,0.007468095286197996
UP_REVERSE_SHORT,60,2026-04,56,0.0008544253928609238,0.00027002930993013155,0.00046909580643089515,0.0005075941639049825,0.5,1.733485035964926,-0.0037652315663166507,0.004444738305656882
UP_REVERSE_SHORT,60,2026-05,48,-0.00037018625844410444,-0.0009678324158846723,-0.0005004767462479853,-0.00042874770361964236,0.375,0.7668797078455714,-0.004425690632107248,0.004408524838600539
UP_REVERSE_SHORT,60,2026-06,41,-0.0009226125117758072,-0.0007870048621264164,-0.0008234239677566412,-0.000773984826671663,0.43902439024390244,0.6480404679948607,-0.007457847964595542,0.0055258649548755485
UP_REVERSE_SHORT,60,2026-07,50,-0.00030358672876822296,-8.677219549320045e-05,-6.715670370098288e-05,-0.00013454375930919846,0.5,0.8072611795282897,-0.0044993468253895705,0.0041722735714297635
DOWN_CONTINUE_SHORT,5,2024-01,35,-0.0010446028596019566,-0.0009410341034102426,-0.0008792890536176664,-0.0008719559076950319,0.2571428571428571,0.32328687224819375,-0.003080471129888384,0.0015749877289458446
DOWN_CONTINUE_SHORT,5,2024-02,43,-0.000906435729702082,-0.0007894704687075421,-0.0009223521561896188,-0.0009289543525065875,0.2558139534883721,0.19020329128917476,-0.0025873366390323886,0.0005789225213382885
DOWN_CONTINUE_SHORT,5,2024-03,38,-0.0003344730375550123,-5.677077788880322e-05,-0.0002977886045560571,-0.000329494665155017,0.47368421052631576,0.652380450519722,-0.0024201284800475556,0.002213370167207587
DOWN_CONTINUE_SHORT,5,2024-04,56,-0.0006778607960105877,-0.0008082802519565163,-0.0007813829037734293,-0.0007609831680377274,0.32142857142857145,0.409372952567614,-0.003023749446660128,0.0013155279530512771
DOWN_CONTINUE_SHORT,5,2024-05,42,-0.0005311838709793004,-0.0007233815151632233,-0.0006068491515245723,-0.0005712962761245605,0.23809523809523808,0.37448952614802766,-0.0021473949073011803,0.0009563210634892408
DOWN_CONTINUE_SHORT,5,2024-06,20,-0.0002466025203977255,-0.00020431050941811465,-0.00021641919903095502,-0.0002521660865791895,0.4,0.6414970983357208,-0.0018458443431545782,0.001519538240725916
DOWN_CONTINUE_SHORT,5,2024-07,28,-0.000624709605097904,-0.0006502575546826866,-0.0006061963732722815,-0.0006053697835445386,0.35714285714285715,0.36239821174192915,-0.002398451163554926,0.0014638384456045824
DOWN_CONTINUE_SHORT,5,2024-08,21,-0.00020331379595264884,-0.000376560472826814,-0.0002121210554969691,-0.00022856219818743554,0.47619047619047616,0.7465535810122947,-0.0019335873499713545,0.0018146894671117637
DOWN_CONTINUE_SHORT,5,2024-09,37,-0.0012504084114068445,-0.001110496595380383,-0.0012435490262457205,-0.0012516478620609747,0.16216216216216217,0.13280496302755246,-0.0035194351377462623,0.0009256971379359774
DOWN_CONTINUE_SHORT,5,2024-10,32,-0.0007003464096211921,-0.0009885818867163103,-0.0007850118227318622,-0.0007182587310896622,0.25,0.4327860308764785,-0.0023568428341180997,0.00170506691688639
DOWN_CONTINUE_SHORT,5,2024-11,38,-0.000744025779450014,-0.0007035372665505462,-0.0007380530960452911,-0.0007455812991599666,0.34210526315789475,0.33169466498651917,-0.0028644948436173704,0.001446323791565487
DOWN_CONTINUE_SHORT,5,2024-12,20,-0.0007727815714714252,-0.0009752366262087524,-0.0006821998958472839,-0.0006761186242865054,0.35,0.32397076208581554,-0.00257346550934534,0.001388602375049964
DOWN_CONTINUE_SHORT,5,2025-01,29,-0.00021411163307611877,-0.00040542944501060715,-0.0002175915570140631,-0.00021857364681327892,0.41379310344827586,0.7516593221780814,-0.002403187232620651,0.0018046854327634866
DOWN_CONTINUE_SHORT,5,2025-02,18,-0.00031371743398164845,-0.00042252209669375537,-0.00031371743398164845,-0.0004036454105638633,0.4444444444444444,0.5638523858931708,-0.001812373136210143,0.0008816756032689841
DOWN_CONTINUE_SHORT,5,2025-03,28,0.00019126891923176202,4.984898253467321e-05,0.00013793850786183602,0.00016844790988154376,0.5,1.3055639447135008,-0.0016224671324992716,0.0022355798513502127
DOWN_CONTINUE_SHORT,5,2025-04,32,-0.0007948139150785391,-0.0010753842923956862,-0.0008381646275695371,-0.0008100917570644575,0.25,0.32367181930476735,-0.002595382019580538,0.0017015344625299102
DOWN_CONTINUE_SHORT,5,2025-05,52,-0.0009335856920464241,-0.0008059987946656516,-0.0009147801441417915,-0.0009402510367539184,0.21153846153846154,0.14888202058530878,-0.0024410137034786223,0.0005281207654894373
DOWN_CONTINUE_SHORT,5,2025-06,28,-0.0005858867899916022,-0.0006702905433664913,-0.0005948833075539533,-0.0005877757868868193,0.25,0.3042532874037241,-0.0017710165825521643,0.001143896585160576
DOWN_CONTINUE_SHORT,5,2025-07,36,-0.00020932344520964392,-0.0004720438933287324,-0.00030520072581692896,-0.00027775324632289014,0.3055555555555556,0.70068335214039,-0.0017265663618647002,0.0016219168904586974
DOWN_CONTINUE_SHORT,5,2025-08,37,-0.0008963422599617883,-0.0007244709982575198,-0.0008707551842492353,-0.000871541516774681,0.35135135135135137,0.22345230197494265,-0.002955449069587534,0.0011029256397493642
DOWN_CONTINUE_SHORT,5,2025-09,52,-0.0006932531214805545,-0.0009344427440820085,-0.0008300127021950536,-0.0008270821207886515,0.2692307692307692,0.35683511448869515,-0.0024611887195743246,0.0010327660358008923
DOWN_CONTINUE_SHORT,5,2025-10,29,5.535919683860589e-05,-0.00014932708900978694,-0.00020680264079504036,-0.00021601819452180587,0.41379310344827586,1.0737951378950403,-0.0026748263697531573,0.0021983658189911556
DOWN_CONTINUE_SHORT,5,2025-11,67,-0.000776541255686594,-0.0010096873500252228,-0.0009316689960079564,-0.0008953330817998802,0.16417910447761194,0.28703875091845443,-0.002147027080243568,0.0009957265384851648
DOWN_CONTINUE_SHORT,5,2025-12,29,-0.0009759742817202305,-0.0010057801122658853,-0.0010951318658578941,-0.001094554309658007,0.10344827586206896,0.2030253689259941,-0.002295664563616317,-8.542981458823324e-05
DOWN_CONTINUE_SHORT,5,2026-01,19,-0.0006350056648908559,-0.0006840920484499463,-0.0006350056648908559,-0.0006344416652417303,0.15789473684210525,0.25474723219637685,-0.0017398868355440681,0.0007846022733360991
DOWN_CONTINUE_SHORT,5,2026-02,55,-0.00012269234030836765,-0.0006239364473244574,-0.00027956412618540056,-0.00023815422950938323,0.36363636363636365,0.865951190056766,-0.002177171194704885,0.003093255113599992
DOWN_CONTINUE_SHORT,5,2026-03,71,-0.0007705071953465815,-0.0010519774011300102,-0.0009689610588256589,-0.0009527712609765244,0.23943661971830985,0.4699393516995738,-0.0029043711366688145,0.0009322852502221985
DOWN_CONTINUE_SHORT,5,2026-04,43,-0.0001702365573283999,-0.0007627494333540369,-0.0003568898013325419,-0.00023935458665308738,0.27906976744186046,0.7900187357919577,-0.0017766248991719405,0.0021615372868548236
DOWN_CONTINUE_SHORT,5,2026-05,37,-0.00014598909547201112,-0.0002758158634103663,-0.0001835605820957646,-0.00018399023176023427,0.40540540540540543,0.7523398323460643,-0.0015670131765821208,0.0013985770046128338
DOWN_CONTINUE_SHORT,5,2026-06,63,-0.0009899006158999427,-0.0009495403544340192,-0.0009776637220816845,-0.0009593375378716667,0.20634920634920634,0.1543606559257284,-0.002538749442001475,0.0005150405154696012
DOWN_CONTINUE_SHORT,5,2026-07,37,-0.0006085396977640637,-0.0007144457566850665,-0.0006534593243039647,-0.0006632690941337494,0.13513513513513514,0.20186906789849485,-0.0015662781309282218,0.00017398733892994884
DOWN_CONTINUE_SHORT,15,2024-01,35,-0.0019377339988599406,-0.0020008405043026693,-0.0017989099565595358,-0.0018014053231746032,0.3142857142857143,0.2920831857615152,-0.006776224936921581,0.003116323574966498
DOWN_CONTINUE_SHORT,15,2024-02,43,-0.00041987498181729,-3.545533813715748e-05,-0.0003896652221786341,-0.00047077134518477143,0.4883720930232558,0.6363139717817977,-0.0039036571620983053,0.002632357701350264
DOWN_CONTINUE_SHORT,15,2024-03,38,-0.0005373210840663666,-0.00019032251556167998,-9.750802582728515e-05,-2.9685536642282018e-05,0.42105263157894735,0.749048928585628,-0.005025322969267853,0.0053880487122076786
DOWN_CONTINUE_SHORT,15,2024-04,56,-0.0008304418413284412,-0.0010917715300364332,-0.0008851649637609175,-0.0008016660211079661,0.3392857142857143,0.525098210880205,-0.004014630841732435,0.0038097208977438853
DOWN_CONTINUE_SHORT,15,2024-05,42,-0.00046285444977815305,-0.000538173995114532,-0.0005737778919398282,-0.0005909573561221615,0.35714285714285715,0.6223365322451122,-0.0031553445458444066,0.0018240714397211204
DOWN_CONTINUE_SHORT,15,2024-06,20,-0.0007098290279154533,-0.0005684275544949985,-0.0006929487625138113,-0.0007374376106448711,0.35,0.36576252616324434,-0.00409366680270049,0.0014507436739889313
DOWN_CONTINUE_SHORT,15,2024-07,28,-0.0015431249930298342,-0.001415925063004541,-0.001446403457978625,-0.0014927364314241776,0.25,0.16955520167183447,-0.00531351135781115,0.001211734927927711
DOWN_CONTINUE_SHORT,15,2024-08,21,2.825411965411751e-05,-0.000509686975055667,-0.00013754020031744003,-0.00011959146027703944,0.47619047619047616,1.0213213584014378,-0.00381851626400238,0.00417840923570938
DOWN_CONTINUE_SHORT,15,2024-09,37,-0.0013100133188985973,-0.001002175243490843,-0.0012813486001471185,-0.0012943628950890288,0.3783783783783784,0.19936431261993412,-0.004606829897107744,0.0012281820311758284
DOWN_CONTINUE_SHORT,15,2024-10,32,-0.0002793536753231997,-0.00021790645622844437,-0.0003369787089112094,-0.000349472209770612,0.4375,0.7151255323648732,-0.0025686593370954905,0.0022287496613409797
DOWN_CONTINUE_SHORT,15,2024-11,38,-0.000648488985648643,-0.0007958170325826458,-0.0007128694224145663,-0.0007104472637978963,0.39473684210526316,0.5408140469316822,-0.0039190930014390436,0.001936471406680375
DOWN_CONTINUE_SHORT,15,2024-12,20,-8.327420766979717e-05,-0.00018581835374205044,-0.00017425056788432947,-0.0001359753643305167,0.5,0.9256846228390871,-0.0028296904345850296,0.002995681030186783
DOWN_CONTINUE_SHORT,15,2025-01,29,0.00017634587039584,-0.00030536653805674993,0.00019514824384038698,0.0002061673209501927,0.4827586206896552,1.1595924238068869,-0.0036909106590152997,0.004479006289319832
DOWN_CONTINUE_SHORT,15,2025-02,18,-0.00021891328911151017,-0.0006355344312326089,-0.00021891328911151017,-8.61490575461488e-05,0.3333333333333333,0.8301285994242782,-0.002913392262853142,0.004967618358605109
DOWN_CONTINUE_SHORT,15,2025-03,28,-0.000197658589744289,-0.0005332107581217488,-0.0002493758129467421,-0.00030382053997713684,0.39285714285714285,0.8507723100125651,-0.003729081868735616,0.0033659408744082368
DOWN_CONTINUE_SHORT,15,2025-04,32,-0.0012175730761306812,-0.001425056260157053,-0.0012337812663429555,-0.001180087765511128,0.28125,0.4457537590760701,-0.005545996445604806,0.002376885259360274
DOWN_CONTINUE_SHORT,15,2025-05,52,-0.0002216184232347358,-0.0005460207691984181,-0.0004781321656773865,-0.000431050697969529,0.3076923076923077,0.7725354879771971,-0.002461210477793662,0.0013710551378917418
DOWN_CONTINUE_SHORT,15,2025-06,28,-0.00016133425074911154,-0.0002646314269984623,-0.00014671447957347332,-0.0001366349010868427,0.42857142857142855,0.8304577079055423,-0.002957741526095891,0.0027048695810043336
DOWN_CONTINUE_SHORT,15,2025-07,36,-0.0004719611694368692,-0.0008537861746624292,-0.0005327824738230594,-0.0005541674511952788,0.3333333333333333,0.5954846202610553,-0.002943536656204015,0.0023465553993328066
DOWN_CONTINUE_SHORT,15,2025-08,37,0.0004224992709241927,-0.0001662964123076532,0.00022361651300281977,0.0002902843081572389,0.4594594594594595,1.4004905737207998,-0.0031301303298654874,0.004879003881125121
DOWN_CONTINUE_SHORT,15,2025-09,52,-0.0010159432648657275,-0.0008861555952732297,-0.0009591218603937785,-0.0009687873946987476,0.34615384615384615,0.3583063880339964,-0.004468879863918905,0.002293425006544337
DOWN_CONTINUE_SHORT,15,2025-10,29,-0.0010816007172325512,-0.0008994854295799154,-0.0009897486896030807,-0.0009852943365794573,0.3793103448275862,0.34422700168491205,-0.004194180910859457,0.0014433042109905925
DOWN_CONTINUE_SHORT,15,2025-11,67,0.00035222592765524023,-0.0005298737727910779,0.00020296823757312752,0.00031736157507599415,0.43283582089552236,1.32378156763627,-0.0035166137355104646,0.005528030547594188
DOWN_CONTINUE_SHORT,15,2025-12,29,-0.0011823603838615403,-0.001976431432278391,-0.00147759750307878,-0.0014338765183205097,0.27586206896551724,0.35580168617529506,-0.0037152591622402692,0.0016700348081024167
DOWN_CONTINUE_SHORT,15,2026-01,19,-0.000400868378144145,-0.00042727537702542614,-0.000400868378144145,-0.0004156300568373754,0.3157894736842105,0.5669045440487747,-0.0030938540813620677,0.001648510333557929
DOWN_CONTINUE_SHORT,15,2026-02,55,-0.00017508288020619628,-0.0004822093751914552,-0.0002125404328559474,-0.00019504329814089971,0.4,0.8501069786620301,-0.003375454597382243,0.0032850185596275294
DOWN_CONTINUE_SHORT,15,2026-03,71,-9.608700987505386e-05,-0.00048668555240789443,-0.0007456276177823656,-0.0006304235981933652,0.38028169014084506,0.9510497514177704,-0.005519345612630188,0.0034796736261099477
DOWN_CONTINUE_SHORT,15,2026-04,43,0.0008945093497035056,-0.0008303882041239102,0.00010645846085126392,0.0007648962636329676,0.27906976744186046,1.768772804854291,-0.00307317301668879,0.0043818600004440905
DOWN_CONTINUE_SHORT,15,2026-05,37,0.0007791490512936721,0.00012971850005187916,0.0007316986818711741,0.0007247345564970124,0.5405405405405406,2.2417876498387144,-0.0016098676489786571,0.004470890532731798
DOWN_CONTINUE_SHORT,15,2026-06,63,-0.0011893746294278924,-0.0013571168988491637,-0.0012152353459415916,-0.001155541538042254,0.25396825396825395,0.3589900861832402,-0.003748841059251639,0.002355832134687199
DOWN_CONTINUE_SHORT,15,2026-07,37,-0.0007357993540264081,-0.0007577314709333421,-0.0008176513166714728,-0.0008296931017255673,0.35135135135135137,0.3385911221008696,-0.0028354680802857627,0.0010447331399106477
DOWN_CONTINUE_SHORT,30,2024-01,35,-0.0015181924738774742,-0.0010197498809985765,-0.0015987480012926835,-0.0014569718335744077,0.4,0.5645528447988005,-0.006818243695524039,0.005455485479862699
DOWN_CONTINUE_SHORT,30,2024-02,43,-0.0004068158746704314,-0.00013672246587199618,-0.00033568271670320266,-0.0004387599532965139,0.4883720930232558,0.7258317837470152,-0.004727453895197863,0.003828449952862492
DOWN_CONTINUE_SHORT,30,2024-03,38,-0.00047822489339176066,-0.0004233721723928657,-0.00018483802218872622,-0.0001608217827369328,0.5,0.7730938908665804,-0.004843385994812621,0.006098186385923933
DOWN_CONTINUE_SHORT,30,2024-04,56,-1.2970920469295572e-05,-0.0013523982400425842,-0.00035762082836933966,-0.00018137456888658618,0.375,0.9942053096940756,-0.0062870574368308445,0.008807744737344182
DOWN_CONTINUE_SHORT,30,2024-05,42,-0.0013344660190194788,-0.0016006457669984313,-0.0016657910468045023,-0.0015493527748538783,0.14285714285714285,0.303419625431704,-0.004738086527729889,0.0007423331359827979
DOWN_CONTINUE_SHORT,30,2024-06,20,-0.0009844155575008,-0.0016639471539010124,-0.0010351414506173488,-0.000965341265741761,0.3,0.45850181879089885,-0.004492921669636573,0.0023414798789069863
DOWN_CONTINUE_SHORT,30,2024-07,28,-0.0038893337682306037,-0.0027824877627318882,-0.0036803351801448416,-0.0038194481767048843,0.25,0.08536212329577025,-0.011036476427042906,0.0014590903899425755
DOWN_CONTINUE_SHORT,30,2024-08,21,0.00038832117656106585,-0.0009180083590768045,-0.0002852034555820824,-0.00019190237982577953,0.47619047619047616,1.2458182011148273,-0.004316156432489903,0.00500512395640822
DOWN_CONTINUE_SHORT,30,2024-09,37,-0.00068252412135173,-0.00021531063666086977,-0.0006665642913397672,-0.0006226971520430741,0.4864864864864865,0.5618514919480745,-0.004047630663977419,0.002532806556702827
DOWN_CONTINUE_SHORT,30,2024-10,32,-0.0009807640075104006,-0.000695235252693171,-0.0008999880612819308,-0.0008724331521895071,0.4375,0.44211761129055865,-0.004459506270850366,0.0020302765924757335
DOWN_CONTINUE_SHORT,30,2024-11,38,8.642442338759833e-05,-0.00035522428763896604,-7.015130827179791e-05,8.8836491750839e-05,0.47368421052631576,1.053762716327725,-0.003942509319780329,0.003935217966565555
DOWN_CONTINUE_SHORT,30,2024-12,20,-0.0010972845833961292,-0.0020347247458261768,-0.0012164457940535907,-0.0011566782674660302,0.3,0.5521582804467055,-0.006499401145855387,0.005015623237046234
DOWN_CONTINUE_SHORT,30,2025-01,29,0.00013745641687271307,-0.00024526427811284387,-9.356710912449779e-05,-3.300176603871673e-05,0.41379310344827586,1.1187486266341093,-0.0028467125293948786,0.0018554615084821475
DOWN_CONTINUE_SHORT,30,2025-02,18,-0.0006407998748680655,-0.0013472149059887244,-0.0006407998748680655,-0.0006670596925067644,0.2777777777777778,0.6161121179608422,-0.004874478762066836,0.0035415717193065816
DOWN_CONTINUE_SHORT,30,2025-03,28,-0.0002693627477492293,-0.0002960953883811673,3.463530729481674e-05,0.00017094181239255685,0.5,0.8829902329847553,-0.005086532123420206,0.005827189514286038
DOWN_CONTINUE_SHORT,30,2025-04,32,-0.001045542870545993,-0.0012283236329963636,-0.0010126903368659697,-0.001043531839983307,0.375,0.5558455414548442,-0.00712300662896339,0.003454430392158304
DOWN_CONTINUE_SHORT,30,2025-05,52,-0.0004060637203599736,-0.0004762915417520602,-0.000625659368393003,-0.0006375445671025604,0.4230769230769231,0.7754103293573477,-0.005213257798750192,0.0029969504886283474
DOWN_CONTINUE_SHORT,30,2025-06,28,-0.0008692839226881728,-0.0006697775061234695,-0.0009175201853052823,-0.0008881907275477502,0.39285714285714285,0.5198254788466616,-0.005040247863689328,0.0027273924124906162
DOWN_CONTINUE_SHORT,30,2025-07,36,-0.000729739364008344,-0.0010059693545548358,-0.0007763681931446198,-0.0007240861217671641,0.3055555555555556,0.5420179746718649,-0.0037331086445298693,0.0029453563116945587
DOWN_CONTINUE_SHORT,30,2025-08,37,0.0009366087601783233,0.000437704681954077,0.0008687474686598591,0.000939170721057055,0.5675675675675675,1.847988776481806,-0.003584056569077653,0.007160072518989446
DOWN_CONTINUE_SHORT,30,2025-09,52,-0.0006844945700566229,-0.0014051406596765174,-0.0007863008162849726,-0.0007711326532544407,0.36538461538461536,0.60105831206268,-0.004638205288863849,0.003984251093458913
DOWN_CONTINUE_SHORT,30,2025-10,29,0.0002871865980665711,-0.0004903373804062244,0.00013045749213908602,0.00018705973646452942,0.4827586206896552,1.1641567856537318,-0.005346505785358046,0.006527891736850933
DOWN_CONTINUE_SHORT,30,2025-11,67,-0.0002458006932348133,-0.0007976531291612015,-0.0005340539951409855,-0.000350750269342784,0.40298507462686567,0.8848476624870113,-0.00620274377101373,0.005414862520402396
DOWN_CONTINUE_SHORT,30,2025-12,29,-0.0007008034800775407,-0.0011751646262017738,-0.0009187485980155264,-0.0008720236751841657,0.3793103448275862,0.598639466060776,-0.00407894666802837,0.003114144656945395
DOWN_CONTINUE_SHORT,30,2026-01,19,-9.828582546239512e-05,-0.0006,-9.828582546239512e-05,-0.0001762502813884596,0.42105263157894735,0.8930615691309852,-0.0019787268276200134,0.0024305177963557245
DOWN_CONTINUE_SHORT,30,2026-02,55,-0.0010939214337427473,-0.000876108424327015,-0.001026099719729272,-0.0009562837972097481,0.34545454545454546,0.42429067788344865,-0.004435590628681995,0.0027645667140423513
DOWN_CONTINUE_SHORT,30,2026-03,71,-0.0009733790584173564,-0.0012251048194056972,-0.0012943145460247187,-0.0011734850713122867,0.36619718309859156,0.627426440313091,-0.008355841038316502,0.004522780721268594
DOWN_CONTINUE_SHORT,30,2026-04,43,0.0005396156080741773,-0.0011795467626756866,-0.0002642554217045734,0.000343086547731717,0.20930232558139536,1.3287901035049228,-0.0033032331067681876,0.0048937756020427286
DOWN_CONTINUE_SHORT,30,2026-05,37,0.0005394044094040229,-3.493041441477937e-05,0.00031426624162064754,0.00020141955308772917,0.4864864864864865,1.4875419545220203,-0.00337046101000038,0.004172941998805424
DOWN_CONTINUE_SHORT,30,2026-06,63,-0.001313514748069824,-0.00151338230309268,-0.001415006992268852,-0.0014456331568962295,0.31746031746031744,0.36504154080457657,-0.005026890724310839,0.0024949196920335936
DOWN_CONTINUE_SHORT,30,2026-07,37,-0.0015405188298014648,-0.000621328555736888,-0.0014132383583060869,-0.0014604625262828407,0.2972972972972973,0.23317198744831516,-0.004773958466982874,0.0014535143336500188
DOWN_CONTINUE_SHORT,60,2024-01,35,-0.0007184023946304442,-0.0017076674015613184,-0.0005938618840896741,-0.0005871096879529828,0.37142857142857144,0.7539101787475386,-0.007553786409896922,0.006573986333419458
DOWN_CONTINUE_SHORT,60,2024-02,43,-0.00012650477344664806,-0.0003212931995539397,-0.00018499218952509202,-0.0001682898300476149,0.4418604651162791,0.9295474668502282,-0.005924392756092156,0.0046696342315804265
DOWN_CONTINUE_SHORT,60,2024-03,38,-0.0010295697612308133,-0.0011400529641204075,-0.000940945249046367,-0.0010936415437775133,0.42105263157894735,0.6304525554534647,-0.008960601955153757,0.006014468971991228
DOWN_CONTINUE_SHORT,60,2024-04,56,0.0002303949065662511,-0.0008961249698780754,9.419411763291907e-05,0.0001106403318077953,0.4642857142857143,1.0911784201713957,-0.007266380948127659,0.007049171951733369
DOWN_CONTINUE_SHORT,60,2024-05,42,-0.0015015816375747555,-0.0016091366648368181,-0.001552151715410752,-0.001529792331872199,0.30952380952380953,0.3089227669504942,-0.005226184227500096,0.0018843472538913723
DOWN_CONTINUE_SHORT,60,2024-06,20,-0.00144006236847578,-0.0018096267240558898,-0.001366816653520377,-0.001391100614090608,0.35,0.2991206451218386,-0.003908392251614367,0.0024059216980734568
DOWN_CONTINUE_SHORT,60,2024-07,28,-0.005367854009010326,-0.003839578827129441,-0.0050103642630206086,-0.00511857888298982,0.21428571428571427,0.0815086837754039,-0.013701799765797017,0.0018305109402806177
DOWN_CONTINUE_SHORT,60,2024-08,21,0.001342973540778045,-0.0006,5.786335001994423e-05,0.00043153297983200307,0.47619047619047616,1.5442071247015727,-0.00685317395950975,0.005793792619973304
DOWN_CONTINUE_SHORT,60,2024-09,37,-0.00047802795060774357,-0.0004998872868937182,-0.00035772828040834506,-0.00038364126403668823,0.43243243243243246,0.7686229737899862,-0.004906754864086537,0.004505844159886574
DOWN_CONTINUE_SHORT,60,2024-10,32,-0.0013119586099647022,-0.0010037104090675035,-0.0013532652262741474,-0.0013664628743539717,0.40625,0.47405564470236444,-0.006465856104964972,0.0024662962654284043
DOWN_CONTINUE_SHORT,60,2024-11,38,0.00105262779966801,0.0017055055216600341,0.0012840491485559041,0.0014014307166380722,0.5789473684210527,1.4116261170574,-0.005190758588293453,0.009574435016444803
DOWN_CONTINUE_SHORT,60,2024-12,20,-0.0035339950954234034,-0.004563646092043027,-0.002137701462616232,-0.001956713146059545,0.3,0.29531169028908666,-0.00599834191050439,0.006392618795037421
DOWN_CONTINUE_SHORT,60,2025-01,29,0.0007927530068485635,0.0005643797839155923,0.0005643788061665667,0.0005563372116340391,0.5517241379310345,1.6035328156806004,-0.003263758742706434,0.004058094873273598
DOWN_CONTINUE_SHORT,60,2025-02,18,-0.0018312838376405894,-0.0019811526128258976,-0.0018312838376405894,-0.001778206099446006,0.3333333333333333,0.262908106985555,-0.006595794313917013,0.002035513951289326
DOWN_CONTINUE_SHORT,60,2025-03,28,-0.00024348541364976734,-0.0015504936024202769,-0.0004686704629761124,-0.000340095845799954,0.35714285714285715,0.8916346972251913,-0.005064971127430206,0.005149834871941961
DOWN_CONTINUE_SHORT,60,2025-04,32,-0.0021634020091822123,-0.0018492016319529674,-0.0024371650594131934,-0.0024992871607047353,0.25,0.4361976747034857,-0.01081336781400244,0.004636605705084153
DOWN_CONTINUE_SHORT,60,2025-05,52,0.0001980294231968102,0.00024493933082074873,8.279070329833318e-06,-4.185813834338061e-06,0.5,1.0888214278353676,-0.006682596665155093,0.004791264284568742
DOWN_CONTINUE_SHORT,60,2025-06,28,-0.0012132311600214283,-0.0003461496443107997,-0.0012211407122807631,-0.0012921317811465983,0.5,0.5477900493543129,-0.008121318012376188,0.0040802439241682045
DOWN_CONTINUE_SHORT,60,2025-07,36,0.0003723513802228389,-1.5333904055957995e-05,0.0004956439772989306,0.0006223392554932283,0.5,1.279791502251015,-0.002838215675554489,0.005746571483257846
DOWN_CONTINUE_SHORT,60,2025-08,37,0.002259058866765233,0.002383322736831773,0.002055580580544749,0.0019932129380471008,0.6216216216216216,4.316830058188188,-0.0023081576577741675,0.006101277447813592
DOWN_CONTINUE_SHORT,60,2025-09,52,-0.00021904349985062214,-0.0006278145750687297,-0.00047846675139169917,-0.0003499313789186796,0.40384615384615385,0.8987346365084973,-0.0060650924960269125,0.005921626262101032
DOWN_CONTINUE_SHORT,60,2025-10,29,-0.0003221115857198742,-0.0014872651356994775,-0.0004553757474922398,-0.00046262287029189247,0.4482758620689655,0.8867499972872812,-0.009337385415317655,0.006580935471063798
DOWN_CONTINUE_SHORT,60,2025-11,67,-0.0005594010344368915,-0.0003479650681404539,-0.0006679386565056019,-0.0005594216403420468,0.47761194029850745,0.7993074333998207,-0.007652162715795918,0.0075254407190022965
DOWN_CONTINUE_SHORT,60,2025-12,29,0.0013336418038594191,0.00031036414565848217,0.0010115851584353655,0.0011646709535991257,0.5172413793103449,1.9382022504207248,-0.0040776118282672014,0.009702102842769778
DOWN_CONTINUE_SHORT,60,2026-01,19,0.002351382188154453,0.0004458130129019639,0.0023513821881544538,0.0014568587696053602,0.5789473684210527,4.404711775190237,-0.0018162956491269305,0.005305083226002648
DOWN_CONTINUE_SHORT,60,2026-02,55,-0.0008976513811167746,-0.0010572473708275291,-0.0008228573514140494,-0.0009053414254699716,0.43636363636363634,0.6080110568848475,-0.00683937416022997,0.004732277363426297
DOWN_CONTINUE_SHORT,60,2026-03,71,-1.6385663489194893e-05,-9.686685267336012e-05,-6.117891073299877e-05,-6.973378995706839e-06,0.4788732394366197,0.9935123403308007,-0.007846376811594235,0.008357850343346285
DOWN_CONTINUE_SHORT,60,2026-04,43,-0.0002009956001541432,-0.0007674025403335388,-0.0005892222607507443,-0.00034684688735411385,0.32558139534883723,0.8899240016703769,-0.005313881139017273,0.006263174116470369
DOWN_CONTINUE_SHORT,60,2026-05,37,-0.00019272485423713436,-0.00037433322520137255,-0.00022333882709122963,-0.00023631074111638746,0.43243243243243246,0.8845849247697735,-0.004104800632611093,0.0047136640757178706
DOWN_CONTINUE_SHORT,60,2026-06,63,-0.0006342453756420202,-0.0007392395101191823,-0.0007476887040963275,-0.0007745615169581719,0.42857142857142855,0.6707136973757272,-0.004836574329989829,0.003639581111052737
DOWN_CONTINUE_SHORT,60,2026-07,37,-0.001228706739336751,-0.0011065513980817558,-0.0009523036564427272,-0.0009333786542940766,0.35135135135135137,0.43765049072462237,-0.004500213224968629,0.003402048556503834
DOWN_REVERSE_LONG,5,2024-01,35,-0.00015539714039804328,-0.0002589658965897573,-0.0003207109463823332,-0.0003280440923049678,0.42857142857142855,0.8396057102779559,-0.0027749877289458425,0.001880471129888385
DOWN_REVERSE_LONG,5,2024-02,43,-0.0002935642702979179,-0.0004105295312924578,-0.0002776478438103815,-0.0002710456474934125,0.37209302325581395,0.6008630263170329,-0.001778922521338288,0.0013873366390323892
DOWN_REVERSE_LONG,5,2024-03,38,-0.0008655269624449876,-0.0011432292221111966,-0.000902211395443943,-0.000870505334844983,0.3684210526315789,0.3458792668634078,-0.003413370167207585,0.0012201284800475575
DOWN_REVERSE_LONG,5,2024-04,56,-0.000522139203989412,-0.0003917197480434836,-0.00041861709622657064,-0.0004390168319622723,0.39285714285714285,0.4854393310868677,-0.002515527953051277,0.0018237494466601285
DOWN_REVERSE_LONG,5,2024-05,42,-0.0006688161290206993,-0.00047661848483677657,-0.0005931508484754274,-0.0006287037238754395,0.23809523809523808,0.23862861865916335,-0.002156321063489241,0.0009473949073011803
DOWN_REVERSE_LONG,5,2024-06,20,-0.0009533974796022742,-0.0009956894905818851,-0.0009835808009690447,-0.00094783391342081,0.3,0.18741306361210766,-0.0027195382407259154,0.0006458443431545801
DOWN_REVERSE_LONG,5,2024-07,28,-0.0005752903949020957,-0.0005497424453173133,-0.0005938036267277182,-0.0005946302164554612,0.35714285714285715,0.38420227125865625,-0.002663838445604582,0.0011984511635549262
DOWN_REVERSE_LONG,5,2024-08,21,-0.000996686204047351,-0.0008234395271731859,-0.0009878789445030307,-0.0009714378018125642,0.2857142857142857,0.23241144333083408,-0.0030146894671117634,0.0007335873499713547
DOWN_REVERSE_LONG,5,2024-09,37,5.040841140684439e-05,-8.950340461961689e-05,4.354902624572045e-05,5.1647862060974277e-05,0.4864864864864865,1.0889492636541447,-0.002125697137935977,0.002319435137746262
DOWN_REVERSE_LONG,5,2024-10,32,-0.0004996535903788075,-0.0002114181132836895,-0.0004149881772681378,-0.0004817412689103376,0.46875,0.49600604654725966,-0.002905066916886389,0.0011568428341181
DOWN_REVERSE_LONG,5,2024-11,38,-0.0004559742205499857,-0.0004964627334494537,-0.00046194690395470864,-0.00045441870084003303,0.39473684210526316,0.5186499400210307,-0.002646323791565485,0.0016644948436173714
DOWN_REVERSE_LONG,5,2024-12,20,-0.0004272184285285745,-0.00022476337379124741,-0.0005178001041527158,-0.0005238813757134942,0.45,0.5320530517755877,-0.0025886023750499635,0.0013734655093453404
DOWN_REVERSE_LONG,5,2025-01,29,-0.000985888366923881,-0.0007945705549893927,-0.0009824084429859365,-0.0009814263531867206,0.27586206896551724,0.24571558260855605,-0.0030046854327634865,0.0012031872326206507
DOWN_REVERSE_LONG,5,2025-02,18,-0.0008862825660183512,-0.0007774779033062444,-0.0008862825660183512,-0.0007963545894361366,0.3888888888888889,0.14932362474983513,-0.0020816756032689837,0.0006123731362101434
DOWN_REVERSE_LONG,5,2025-03,28,-0.0013912689192317623,-0.001249848982534673,-0.001337938507861836,-0.0013684479098815439,0.21428571428571427,0.12712518558061164,-0.0034355798513502115,0.00042246713249927234
DOWN_REVERSE_LONG,5,2025-04,32,-0.0004051860849214606,-0.0001246157076043136,-0.0003618353724304628,-0.00038990824293554213,0.46875,0.490278377029633,-0.002901534462529908,0.0013953820195805398
DOWN_REVERSE_LONG,5,2025-05,52,-0.0002664143079535759,-0.0003940012053343483,-0.0002852198558582081,-0.0002597489632460818,0.3269230769230769,0.5900768440412422,-0.0017281207654894373,0.0012410137034786224
DOWN_REVERSE_LONG,5,2025-06,28,-0.0006141132100083975,-0.0005297094566335086,-0.0006051166924460464,-0.0006122242131131807,0.25,0.2602779107817332,-0.0023438965851605756,0.0005710165825521646
DOWN_REVERSE_LONG,5,2025-07,36,-0.0009906765547903562,-0.0007279561066712675,-0.0008947992741830708,-0.0009222467536771099,0.19444444444444445,0.12108723342369247,-0.002821916890458697,0.0005265663618647004
DOWN_REVERSE_LONG,5,2025-08,37,-0.0003036577400382115,-0.0004755290017424801,-0.00032924481575076465,-0.0003284584832253188,0.43243243243243246,0.625447334866379,-0.002302925639749364,0.0017554490695875342
DOWN_REVERSE_LONG,5,2025-09,52,-0.0005067468785194452,-0.00026555725591799137,-0.0003699872978049461,-0.00037291787921134854,0.4423076923076923,0.42692787962704665,-0.002232766035800892,0.001261188719574325
DOWN_REVERSE_LONG,5,2025-10,29,-0.0012553591968386057,-0.0010506729109902128,-0.0009931973592049593,-0.000983981805478194,0.20689655172413793,0.19137172923042953,-0.0033983658189911553,0.0014748263697531578
DOWN_REVERSE_LONG,5,2025-11,67,-0.00042345874431340587,-0.000190312649974777,-0.0002683310039920435,-0.0003046669182001197,0.43283582089552236,0.40421472972930406,-0.0021957265384851647,0.0009470270802435682
DOWN_REVERSE_LONG,5,2025-12,29,-0.00022402571827976917,-0.00019421988773411444,-0.00010486813414210575,-0.00010544569034199321,0.4482758620689655,0.6376216651884933,-0.0011145701854117665,0.0010956645636163171
DOWN_REVERSE_LONG,5,2026-01,19,-0.0005649943351091438,-0.0005159079515500536,-0.0005649943351091438,-0.0005655583347582696,0.21052631578947367,0.20162375050830153,-0.0019846022733360997,0.0005398868355440682
DOWN_REVERSE_LONG,5,2026-02,55,-0.0010773076596916325,-0.0005760635526755425,-0.0009204358738145993,-0.0009618457704906171,0.32727272727272727,0.22638252959035665,-0.0042932551135999916,0.0009771711947048852
DOWN_REVERSE_LONG,5,2026-03,71,-0.0004294928046534185,-0.00014802259886998956,-0.00023103894117434083,-0.00024722873902347566,0.4507042253521127,0.6173363465564463,-0.0021322852502221983,0.0017043711366688148
DOWN_REVERSE_LONG,5,2026-04,43,-0.0010297634426716,-0.00043725056664596304,-0.0008431101986674583,-0.0009606454133469126,0.20930232558139536,0.1322514690310612,-0.0033615372868548202,0.0005766248991719415
DOWN_REVERSE_LONG,5,2026-05,37,-0.001054010904527989,-0.0009241841365896336,-0.0010164394179042354,-0.0010160097682397659,0.16216216216216217,0.10374275008406197,-0.0025985770046128335,0.00036701317658212107
DOWN_REVERSE_LONG,5,2026-06,63,-0.00021009938410005734,-0.00025045964556598074,-0.00022233627791831513,-0.00024066246212833318,0.38095238095238093,0.6565962081859902,-0.0017150405154696007,0.0013387494420014753
DOWN_REVERSE_LONG,5,2026-07,37,-0.000591460302235936,-0.00048555424331493343,-0.000546540675696035,-0.0005367309058662506,0.21621621621621623,0.12367098734898857,-0.001373987338929949,0.0003662781309282218
DOWN_REVERSE_LONG,15,2024-01,35,0.0007377339988599406,0.0008008405043026695,0.000598909956559536,0.0006014053231746022,0.5714285714285714,1.5895562806580403,-0.004316323574966495,0.005576224936921585
DOWN_REVERSE_LONG,15,2024-02,43,-0.0007801250181827099,-0.0011645446618628423,-0.0008103347778213662,-0.0007292286548152284,0.32558139534883723,0.46690434602843056,-0.0038323577013502632,0.002703657162098308
DOWN_REVERSE_LONG,15,2024-03,38,-0.0006626789159336331,-0.0010096774844383198,-0.0011024919741727149,-0.0011703144633577183,0.39473684210526316,0.7042761895963908,-0.006588048712207671,0.0038253229692678547
DOWN_REVERSE_LONG,15,2024-04,56,-0.0003695581586715585,-0.00010822846996356658,-0.00031483503623908244,-0.00039833397889203363,0.48214285714285715,0.7354600096567198,-0.005009720897743885,0.0028146308417324357
DOWN_REVERSE_LONG,15,2024-05,42,-0.0007371455502218466,-0.0006618260048854679,-0.0006262221080601718,-0.0006090426438778387,0.35714285714285715,0.46703265235050434,-0.0030240714397211203,0.001955344545844407
DOWN_REVERSE_LONG,15,2024-06,20,-0.0004901709720845464,-0.0006315724455050014,-0.0005070512374861884,-0.00046256238935512856,0.3,0.519229488555672,-0.0026507436739889303,0.0028936668027004903
DOWN_REVERSE_LONG,15,2024-07,28,0.0003431249930298347,0.0002159250630045412,0.0002464034579786251,0.0002927364314241778,0.5357142857142857,1.4571607375253597,-0.0024117349279277104,0.004113511357811152
DOWN_REVERSE_LONG,15,2024-08,21,-0.0012282541196541171,-0.0006903130249443329,-0.0010624597996825597,-0.0010804085397229603,0.42857142857142855,0.37831849129815087,-0.00537840923570938,0.0026185162640023803
DOWN_REVERSE_LONG,15,2024-09,37,0.0001100133188985972,-0.00019782475650915673,8.134860014711855e-05,9.436289508902875e-05,0.43243243243243246,1.1238566182109648,-0.002428182031175829,0.003406829897107744
DOWN_REVERSE_LONG,15,2024-10,32,-0.0009206463246768,-0.0009820935437715554,-0.0008630212910887906,-0.0008505277902293878,0.375,0.3265688326448548,-0.003428749661340979,0.001368659337095491
DOWN_REVERSE_LONG,15,2024-11,38,-0.0005515110143513567,-0.0004041829674173541,-0.00048713057758543353,-0.0004895527362021035,0.39473684210526316,0.5902647541163429,-0.003136471406680374,0.002719093001439048
DOWN_REVERSE_LONG,15,2024-12,20,-0.0011167257923302026,-0.0010141816462579493,-0.0010257494321156701,-0.0010640246356694828,0.35,0.3440313684514761,-0.004195681030186781,0.001629690434585031
DOWN_REVERSE_LONG,15,2025-01,29,-0.0013763458703958402,-0.00089463346194325,-0.001395148243840387,-0.0014061673209501925,0.3103448275862069,0.2985719793513753,-0.0056790062893198314,0.0024909106590153
DOWN_REVERSE_LONG,15,2025-02,18,-0.0009810867108884895,-0.000564465568767391,-0.0009810867108884895,-0.001113850942453851,0.3888888888888889,0.40485735887930596,-0.006167618358605109,0.0017133922628531431
DOWN_REVERSE_LONG,15,2025-03,28,-0.0010023414102557106,-0.0006667892418782511,-0.0009506241870532576,-0.0008961794600228629,0.39285714285714285,0.4225975175753985,-0.004565940874408235,0.0025290818687356198
DOWN_REVERSE_LONG,15,2025-04,32,1.7573076130681514e-05,0.0002250562601570533,3.3781266342955185e-05,-1.9912234488871864e-05,0.5,1.0124001825514595,-0.0035768852593602734,0.004345996445604807
DOWN_REVERSE_LONG,15,2025-05,52,-0.0009783815767652642,-0.0006539792308015818,-0.0007218678343226132,-0.0007689493020304713,0.34615384615384615,0.2754494120434881,-0.0025710551378917415,0.0012612104777936616
DOWN_REVERSE_LONG,15,2025-06,28,-0.001038665749250888,-0.0009353685730015376,-0.0010532855204265263,-0.0010633650989131573,0.32142857142857145,0.30339174671106,-0.0039048695810043324,0.0017577415260958914
DOWN_REVERSE_LONG,15,2025-07,36,-0.0007280388305631305,-0.0003462138253375707,-0.0006672175261769402,-0.0006458325488047209,0.3055555555555556,0.4254879501636939,-0.0035465553993328063,0.0017435366562040151
DOWN_REVERSE_LONG,15,2025-08,37,-0.001622499270924193,-0.0010337035876923466,-0.0014236165130028199,-0.0014902843081572394,0.2972972972972973,0.26314830523861543,-0.006079003881125122,0.0019301303298654877
DOWN_REVERSE_LONG,15,2025-09,52,-0.00018405673513427237,-0.0003138444047267702,-0.00024087813960622118,-0.00023121260530125238,0.4423076923076923,0.8302875700513036,-0.0034934250065443368,0.003268879863918905
DOWN_REVERSE_LONG,15,2025-10,29,-0.00011839928276744905,-0.00030051457042008453,-0.00021025131039691897,-0.00021470566342054242,0.41379310344827586,0.894820056046558,-0.0026433042109905926,0.002994180910859457
DOWN_REVERSE_LONG,15,2025-11,67,-0.0015522259276552401,-0.000670126227208922,-0.0014029682375731275,-0.001517361575075994,0.34328358208955223,0.25720971170709084,-0.006728030547594187,0.0023166137355104645
DOWN_REVERSE_LONG,15,2025-12,29,-1.763961613845943e-05,0.0007764314322783911,0.00027759750307877995,0.0002338765183205093,0.6551724137931034,0.982658306798508,-0.0028700348081024166,0.002515259162240269
DOWN_REVERSE_LONG,15,2026-01,19,-0.0007991316218558547,-0.0007727246229745738,-0.0007991316218558547,-0.0007843699431626246,0.2631578947368421,0.34089830830516094,-0.002848510333557929,0.001893854081362068
DOWN_REVERSE_LONG,15,2026-02,55,-0.0010249171197938038,-0.0007177906248085447,-0.0009874595671440524,-0.0010049567018591003,0.38181818181818183,0.3619217370022888,-0.004485018559627529,0.0021754545973822433
DOWN_REVERSE_LONG,15,2026-03,71,-0.001103912990124946,-0.0007133144475921055,-0.0004543723822176341,-0.0005695764018066352,0.4225352112676056,0.5514866535599203,-0.004679673626109947,0.004319345612630188
DOWN_REVERSE_LONG,15,2026-04,43,-0.0020945093497035058,-0.0003696117958760897,-0.0013064584608512646,-0.001964896263632968,0.3488372093023256,0.1920414056719525,-0.005581860000444071,0.001873173016688792
DOWN_REVERSE_LONG,15,2026-05,37,-0.0019791490512936724,-0.001329718500051879,-0.0019316986818711742,-0.001924734556497013,0.1891891891891892,0.10139933517190297,-0.0056708905327317975,0.00040986764897865696
DOWN_REVERSE_LONG,15,2026-06,63,-1.0625370572107665e-05,0.00015711689884916394,1.523534594159185e-05,-4.4458461957745996e-05,0.5714285714285714,0.9898712575620997,-0.0035558321346871972,0.0025488410592516397
DOWN_REVERSE_LONG,15,2026-07,37,-0.0004642006459735915,-0.0004422685290666578,-0.00038234868332852703,-0.0003703068982744327,0.3783783783783784,0.5045134247806203,-0.002244733139910648,0.001635468080285763
DOWN_REVERSE_LONG,30,2024-01,35,0.0003181924738774741,-0.00018025011900142326,0.00039874800129268377,0.0002569718335744062,0.4857142857142857,1.1285421775643427,-0.006655485479862698,0.00561824369552404
DOWN_REVERSE_LONG,30,2024-02,43,-0.0007931841253295682,-0.0010632775341280036,-0.0008643172832967979,-0.0007612400467034857,0.32558139534883723,0.5488248637144936,-0.005028449952862489,0.0035274538951978658
DOWN_REVERSE_LONG,30,2024-03,38,-0.0007217751066082391,-0.0007766278276071341,-0.001015161977811274,-0.0010391782172630678,0.42105263157894735,0.6788106363065877,-0.007298186385923932,0.003643385994812622
DOWN_REVERSE_LONG,30,2024-04,56,-0.0011870290795307039,0.00015239824004258443,-0.0008423791716306605,-0.0010186254311134132,0.5357142857142857,0.5646293499542203,-0.010007744737344181,0.005087057436830845
DOWN_REVERSE_LONG,30,2024-05,42,0.00013446601901947902,0.0004006457669984315,0.0004657910468045021,0.00034935277485387744,0.6190476190476191,1.1500258297607573,-0.001942333135982798,0.0035380865277298895
DOWN_REVERSE_LONG,30,2024-06,20,-0.0002155844424991997,0.00046394715390101263,-0.00016485854938265085,-0.0002346587342582385,0.6,0.830585567759712,-0.0035414798789069825,0.003292921669636574
DOWN_REVERSE_LONG,30,2024-07,28,0.002689333768230603,0.0015824877627318885,0.0024803351801448415,0.0026194481767048837,0.6785714285714286,4.938175263502082,-0.0026590903899425746,0.009836476427042908
DOWN_REVERSE_LONG,30,2024-08,21,-0.0015883211765610656,-0.00028199164092319537,-0.0009147965444179173,-0.00100809762017422,0.42857142857142855,0.3781880723630458,-0.00620512395640822,0.0031161564324899034
DOWN_REVERSE_LONG,30,2024-09,37,-0.0005174758786482697,-0.00098468936333913,-0.0005334357086602326,-0.0005773028479569263,0.40540540540540543,0.6624801652940501,-0.003732806556702827,0.002847630663977419
DOWN_REVERSE_LONG,30,2024-10,32,-0.0002192359924895991,-0.0005047647473068289,-0.0003000119387180693,-0.00032756684781049287,0.40625,0.841065792766706,-0.003230276592475733,0.003259506270850366
DOWN_REVERSE_LONG,30,2024-11,38,-0.0012864244233875986,-0.0008447757123610339,-0.0011298486917282022,-0.0012888364917508393,0.39473684210526316,0.446963603936169,-0.005135217966565552,0.0027425093197803317
DOWN_REVERSE_LONG,30,2024-12,20,-0.00010271541660387059,0.0008347247458261771,1.6445794053590976e-05,-4.332173253396915e-05,0.6,0.9408170903021575,-0.00621562323704623,0.005299401145855391
DOWN_REVERSE_LONG,30,2025-01,29,-0.0013374564168727133,-0.000954735721887156,-0.0011064328908755021,-0.0011669982339612842,0.3103448275862069,0.3290614038404175,-0.0030554615084821476,0.0016467125293948785
DOWN_REVERSE_LONG,30,2025-02,18,-0.0005592001251319342,0.00014721490598872458,-0.0005592001251319342,-0.0005329403074932354,0.5555555555555556,0.6060282322481286,-0.0047415717193065796,0.003674478762066836
DOWN_REVERSE_LONG,30,2025-03,28,-0.0009306372522507704,-0.0009039046116188325,-0.0012346353072948167,-0.0013709418123925576,0.42857142857142855,0.6508185190083976,-0.007027189514286035,0.0038865321234202066
DOWN_REVERSE_LONG,30,2025-04,32,-0.00015445712945400675,2.8323632996363787e-05,-0.00018730966313403087,-0.00015646816001669281,0.5,0.916142626603883,-0.004654430392158303,0.005923006628963393
DOWN_REVERSE_LONG,30,2025-05,52,-0.0007939362796400263,-0.0007237084582479397,-0.0005743406316069966,-0.0005624554328974407,0.38461538461538464,0.6078641246550149,-0.0041969504886283475,0.004013257798750192
DOWN_REVERSE_LONG,30,2025-06,28,-0.0003307160773118268,-0.0005302224938765304,-0.0002824798146947174,-0.0003118092724522497,0.4642857142857143,0.7835829639707965,-0.003927392412490615,0.0038402478636893286
DOWN_REVERSE_LONG,30,2025-07,36,-0.0004702606359916557,-0.000194030645445164,-0.00042363180685538,-0.0004759138782328355,0.3888888888888889,0.6545897855938824,-0.004145356311694558,0.0025331086445298696
DOWN_REVERSE_LONG,30,2025-08,37,-0.002136608760178324,-0.0016377046819540768,-0.002068747468659859,-0.0021391707210570558,0.35135135135135137,0.23024768534579731,-0.008360072518989447,0.0023840565690776516
DOWN_REVERSE_LONG,30,2025-09,52,-0.0005155054299433771,0.00020514065967651765,-0.000413699183715027,-0.0004288673467455596,0.5576923076923077,0.657934287986392,-0.0051842510934589124,0.0034382052888638492
DOWN_REVERSE_LONG,30,2025-10,29,-0.0014871865980665715,-0.0007096626195937755,-0.0013304574921390862,-0.00138705973646453,0.4482758620689655,0.4390818125147456,-0.0077278917368509325,0.004146505785358046
DOWN_REVERSE_LONG,30,2025-11,67,-0.0009541993067651866,-0.00040234687083879836,-0.0006659460048590147,-0.0008492497306572164,0.417910447761194,0.6114897336415843,-0.0066148625204023965,0.00500274377101373
DOWN_REVERSE_LONG,30,2025-12,29,-0.000499196519922459,-2.483537379822595e-05,-0.0002812514019844735,-0.000327976324815834,0.4827586206896552,0.6814254579606243,-0.004314144656945395,0.002878946668028371
DOWN_REVERSE_LONG,30,2026-01,19,-0.0011017141745376046,-0.0006,-0.0011017141745376046,-0.0010237497186115407,0.3684210526315789,0.22496844698166774,-0.003630517796355725,0.000778726827620013
DOWN_REVERSE_LONG,30,2026-02,55,-0.00010607856625725288,-0.00032389157567298485,-0.00017390028027072798,-0.00024371620279025225,0.4909090909090909,0.9203497691911663,-0.003964566714042349,0.0032355906286819953
DOWN_REVERSE_LONG,30,2026-03,71,-0.0002266209415826436,2.510481940569745e-05,9.431454602471891e-05,-2.651492868771323e-05,0.5070422535211268,0.8949550250687829,-0.005722780721268594,0.007155841038316502
DOWN_REVERSE_LONG,30,2026-04,43,-0.001739615608074177,-2.0453237324313226e-05,-0.0009357445782954274,-0.0015430865477317173,0.4883720930232558,0.3236196663859806,-0.006093775602042716,0.00210323310676819
DOWN_REVERSE_LONG,30,2026-05,37,-0.001739404409404023,-0.0011650695855852204,-0.0015142662416206475,-0.0014014195530877309,0.32432432432432434,0.2460309813641764,-0.005372941998805425,0.00217046101000038
DOWN_REVERSE_LONG,30,2026-06,63,0.0001135147480698238,0.00031338230309268026,0.00021500699226885222,0.00024563315689622923,0.5238095238095238,1.0919057449920344,-0.003694919692033593,0.0038268907243108395
DOWN_REVERSE_LONG,30,2026-07,37,0.00034051882980146473,-0.0005786714442631119,0.0002132383583060868,0.00026046252628284,0.43243243243243246,1.3311817060747597,-0.002653514333650019,0.0035739584669828746
DOWN_REVERSE_LONG,60,2024-01,35,-0.00048159760536955565,0.0005076674015613187,-0.0006061381159103256,-0.0006128903120470174,0.5428571428571428,0.8219979114640896,-0.007773986333419457,0.006353786409896924
DOWN_REVERSE_LONG,60,2024-02,43,-0.0010734952265533519,-0.0008787068004460602,-0.0010150078104749084,-0.0010317101699523852,0.3953488372093023,0.5348838391763381,-0.005869634231580422,0.004724392756092159
DOWN_REVERSE_LONG,60,2024-03,38,-0.00017043023876918656,-5.994703587959224e-05,-0.00025905475095363314,-0.00010635845622248717,0.47368421052631576,0.9259053747602928,-0.007214468971991227,0.007760601955153765
DOWN_REVERSE_LONG,60,2024-04,56,-0.0014303949065662509,-0.0003038750301219245,-0.001294194117632919,-0.001310640331807795,0.44642857142857145,0.5715485158282786,-0.008249171951733369,0.006066380948127659
DOWN_REVERSE_LONG,60,2024-05,42,0.00030158163757475556,0.00040913666483681835,0.0003521517154107518,0.0003297923318721992,0.5238095238095238,1.2642908673420967,-0.003084347253891372,0.004026184227500096
DOWN_REVERSE_LONG,60,2024-06,20,0.00024006236847578036,0.0006096267240558902,0.00016681665352037727,0.00019110061409060843,0.6,1.2210926619538403,-0.0036059216980734547,0.0027083922516143717
DOWN_REVERSE_LONG,60,2024-07,28,0.0041678540090103276,0.0026395788271294414,0.0038103642630206093,0.00391857888298982,0.7142857142857143,6.25872837571397,-0.0030305109402806165,0.012501799765797019
DOWN_REVERSE_LONG,60,2024-08,21,-0.002542973540778046,-0.0006,-0.0012578633500199444,-0.0016315329798320029,0.47619047619047616,0.4234581406688522,-0.006993792619973304,0.00565317395950975
DOWN_REVERSE_LONG,60,2024-09,37,-0.0007219720493922561,-0.0007001127131062817,-0.0008422717195916548,-0.0008163587359633121,0.43243243243243246,0.6699157499798037,-0.005705844159886574,0.0037067548640865367
DOWN_REVERSE_LONG,60,2024-10,32,0.00011195860996470255,-0.00019628959093249629,0.000153265226274147,0.00016646287435397153,0.5,1.0640555176609598,-0.003666296265428403,0.0052658561049649735
DOWN_REVERSE_LONG,60,2024-11,38,-0.0022526277996680107,-0.002905505521660034,-0.002484049148555904,-0.002601430716638074,0.34210526315789475,0.48333881527362366,-0.010774435016444794,0.003990758588293456
DOWN_REVERSE_LONG,60,2024-12,20,0.0023339950954234024,0.0033636460920430274,0.0009377014626162319,0.0007567131460595464,0.7,2.267799599228191,-0.007592618795037419,0.004798341910504391
DOWN_REVERSE_LONG,60,2025-01,29,-0.0019927530068485637,-0.0017643797839155921,-0.0017643788061665667,-0.0017563372116340403,0.3448275862068966,0.2882632265686904,-0.005258094873273599,0.002063758742706433
DOWN_REVERSE_LONG,60,2025-02,18,0.0006312838376405894,0.0007811526128258978,0.0006312838376405894,0.0005782060994460061,0.5555555555555556,1.5492429960306466,-0.0032355139512893253,0.0053957943139170145
DOWN_REVERSE_LONG,60,2025-03,28,-0.0009565145863502326,0.0003504936024202771,-0.0007313295370238872,-0.0008599041542000467,0.5714285714285714,0.6179112759850683,-0.006349834871941961,0.0038649711274302066
DOWN_REVERSE_LONG,60,2025-04,32,0.0009634020091822126,0.0006492016319529676,0.0012371650594131928,0.0012992871607047348,0.625,1.469932987078582,-0.005836605705084152,0.00961336781400244
DOWN_REVERSE_LONG,60,2025-05,52,-0.0013980294231968103,-0.0014449393308207485,-0.001208279070329833,-0.001195814186165663,0.36538461538461536,0.5510128099910426,-0.0059912642845687415,0.0054825966651550935
DOWN_REVERSE_LONG,60,2025-06,28,1.3231160021428604e-05,-0.0008538503556892001,2.1140712280763106e-05,9.213178114659843e-05,0.4642857142857143,1.0063610649882393,-0.005280243924168203,0.006921318012376189
DOWN_REVERSE_LONG,60,2025-07,36,-0.001572351380222839,-0.0011846660959440418,-0.0016956439772989305,-0.0018223392554932284,0.3333333333333333,0.34449302778059887,-0.0069465714832578455,0.0016382156755544892
DOWN_REVERSE_LONG,60,2025-08,37,-0.003459058866765233,-0.0035833227368317726,-0.003255580580544749,-0.003193212938047103,0.16216216216216217,0.09411678865810987,-0.007301277447813592,0.0011081576577741676
DOWN_REVERSE_LONG,60,2025-09,52,-0.000980956500149378,-0.0005721854249312702,-0.0007215332486083005,-0.000850068621081321,0.4423076923076923,0.6121683712224097,-0.007121626262101032,0.004865092496026913
DOWN_REVERSE_LONG,60,2025-10,29,-0.0008778884142801253,0.0002872651356994777,-0.0007446242525077601,-0.0007373771297081086,0.5172413793103449,0.7158753511158712,-0.007780935471063798,0.008137385415317656
DOWN_REVERSE_LONG,60,2025-11,67,-0.0006405989655631082,-0.000852034931859546,-0.0005320613434943983,-0.0006405783596579548,0.4626865671641791,0.7744807493796124,-0.008725440719002296,0.006452162715795918
DOWN_REVERSE_LONG,60,2025-12,29,-0.0025336418038594192,-0.001510364145658482,-0.002211585158435366,-0.002364670953599126,0.3793103448275862,0.26678347425797827,-0.010902102842769778,0.0028776118282672018
DOWN_REVERSE_LONG,60,2026-01,19,-0.003551382188154454,-0.0016458130129019637,-0.003551382188154454,-0.0026568587696053627,0.3157894736842105,0.06925315276245912,-0.00650508322600265,0.0006162956491269303
DOWN_REVERSE_LONG,60,2026-02,55,-0.00030234861888322556,-0.00014275262917247064,-0.0003771426485859506,-0.00029465857453002853,0.4909090909090909,0.8472659757506423,-0.0059322773634262966,0.005639374160229973
DOWN_REVERSE_LONG,60,2026-03,71,-0.0011836143365108053,-0.0011031331473266397,-0.001138821089267001,-0.0011930266210042932,0.43661971830985913,0.6232234905540539,-0.009557850343346285,0.006646376811594235
DOWN_REVERSE_LONG,60,2026-04,43,-0.0009990043998458567,-0.0004325974596664611,-0.0006107777392492564,-0.0008531531126458864,0.46511627906976744,0.5360726438962724,-0.0074631741164703485,0.004113881139017274
DOWN_REVERSE_LONG,60,2026-05,37,-0.0010072751457628657,-0.0008256667747986273,-0.0009766611729087704,-0.0009636892588836134,0.4864864864864865,0.5141368008831099,-0.005913664075717872,0.0029048006326110923
DOWN_REVERSE_LONG,60,2026-06,63,-0.0005657546243579804,-0.0004607604898808176,-0.00045231129590367217,-0.00042543848304182815,0.49206349206349204,0.6966434607823532,-0.004839581111052737,0.0036365743299898302
DOWN_REVERSE_LONG,60,2026-07,37,2.8706739336751037e-05,-9.344860191824397e-05,-0.00024769634355727285,-0.00026662134570592546,0.4864864864864865,1.0194980703945553,-0.004602048556503834,0.0033002132249686294
