lookback_days,rebalance_days,rebalance_time,entry_time,exit_time,gross_return,turnover,long_count,short_count
7,1,2024-04-01 00:00:00+00:00,2024-04-01 04:00:00+00:00,2024-04-02 04:00:00+00:00,-0.0024734083555149992,0.9999999999999999,4,4
7,1,2024-04-02 00:00:00+00:00,2024-04-02 04:00:00+00:00,2024-04-03 04:00:00+00:00,0.015180988236288313,1.0898086109191563,4,4
7,1,2024-04-03 00:00:00+00:00,2024-04-03 04:00:00+00:00,2024-04-04 04:00:00+00:00,0.0032859973492724535,0.8353219340798801,4,4
7,1,2024-04-04 00:00:00+00:00,2024-04-04 04:00:00+00:00,2024-04-05 04:00:00+00:00,-0.002914227097411154,0.5559385218386289,4,4
7,1,2024-04-05 00:00:00+00:00,2024-04-05 04:00:00+00:00,2024-04-06 04:00:00+00:00,-0.0029822455785593004,0.5777106104259186,4,4
7,1,2024-04-06 00:00:00+00:00,2024-04-06 04:00:00+00:00,2024-04-07 04:00:00+00:00,-0.004523164214942936,0.4267113502551696,4,4
7,1,2024-04-07 00:00:00+00:00,2024-04-07 04:00:00+00:00,2024-04-08 04:00:00+00:00,-0.007623825797970504,0.5294594073649698,4,4
7,1,2024-04-08 00:00:00+00:00,2024-04-08 04:00:00+00:00,2024-04-09 04:00:00+00:00,-0.0064465248635914105,0.27358549716214553,4,4
7,1,2024-04-09 00:00:00+00:00,2024-04-09 04:00:00+00:00,2024-04-10 04:00:00+00:00,0.009621832089920358,0.5410007044163595,4,4
7,1,2024-04-10 00:00:00+00:00,2024-04-10 04:00:00+00:00,2024-04-11 04:00:00+00:00,0.0075845481019001845,0.8402120120348112,4,4
7,1,2024-04-11 00:00:00+00:00,2024-04-11 04:00:00+00:00,2024-04-12 04:00:00+00:00,-0.00475062080403039,0.2486992521537666,4,4
7,1,2024-04-12 00:00:00+00:00,2024-04-12 04:00:00+00:00,2024-04-13 04:00:00+00:00,0.02924136553322721,0.5224192007911438,4,4
7,1,2024-04-13 00:00:00+00:00,2024-04-13 04:00:00+00:00,2024-04-14 04:00:00+00:00,0.02048627861354551,0.9835993511136898,4,4
7,1,2024-04-14 00:00:00+00:00,2024-04-14 04:00:00+00:00,2024-04-15 04:00:00+00:00,-0.016046201036819377,0.5118648086400106,4,4
7,1,2024-04-15 00:00:00+00:00,2024-04-15 04:00:00+00:00,2024-04-16 04:00:00+00:00,-0.0005085934899611354,0.5398626322781709,4,4
7,1,2024-04-16 00:00:00+00:00,2024-04-16 04:00:00+00:00,2024-04-17 04:00:00+00:00,-0.001733258626926,0.4322340189230665,4,4
7,1,2024-04-17 00:00:00+00:00,2024-04-17 04:00:00+00:00,2024-04-18 04:00:00+00:00,-0.0035906371929980653,0.7860552986381061,4,4
7,1,2024-04-18 00:00:00+00:00,2024-04-18 04:00:00+00:00,2024-04-19 04:00:00+00:00,0.002483796875806425,0.5368122215394384,4,4
7,1,2024-04-19 00:00:00+00:00,2024-04-19 04:00:00+00:00,2024-04-20 04:00:00+00:00,-0.009857729199871485,0.7187741270127952,4,4
7,1,2024-04-20 00:00:00+00:00,2024-04-20 04:00:00+00:00,2024-04-21 04:00:00+00:00,0.0022529805664190817,0.5246796081631444,4,4
7,1,2024-04-21 00:00:00+00:00,2024-04-21 04:00:00+00:00,2024-04-22 04:00:00+00:00,0.00344215543479159,1.5661198314842257,4,4
7,1,2024-04-22 00:00:00+00:00,2024-04-22 04:00:00+00:00,2024-04-23 04:00:00+00:00,0.0037598611721413153,0.5865638191437167,4,4
7,1,2024-04-23 00:00:00+00:00,2024-04-23 04:00:00+00:00,2024-04-24 04:00:00+00:00,-0.011819679535207881,0.8648966473060501,4,4
7,1,2024-04-24 00:00:00+00:00,2024-04-24 04:00:00+00:00,2024-04-25 04:00:00+00:00,0.01621150475372764,1.109563497265782,4,4
7,1,2024-04-25 00:00:00+00:00,2024-04-25 04:00:00+00:00,2024-04-26 04:00:00+00:00,0.009191105448750332,0.597127634484331,4,4
7,1,2024-04-26 00:00:00+00:00,2024-04-26 04:00:00+00:00,2024-04-27 04:00:00+00:00,-0.0024558498838677615,0.5182887483833287,4,4
7,1,2024-04-27 00:00:00+00:00,2024-04-27 04:00:00+00:00,2024-04-28 04:00:00+00:00,-0.0035609692295225683,0.30187487067494023,4,4
7,1,2024-04-28 00:00:00+00:00,2024-04-28 04:00:00+00:00,2024-04-29 04:00:00+00:00,0.008204902178299115,0.5349386576182088,4,4
7,1,2024-04-29 00:00:00+00:00,2024-04-29 04:00:00+00:00,2024-04-30 04:00:00+00:00,-0.008743920964125079,0.8031700584389272,4,4
7,1,2024-04-30 00:00:00+00:00,2024-04-30 04:00:00+00:00,2024-05-01 04:00:00+00:00,0.003417519320402287,0.7856695450466349,4,4
7,1,2024-05-01 00:00:00+00:00,2024-05-01 04:00:00+00:00,2024-05-02 04:00:00+00:00,-0.004223211479762222,0.8180548684992086,4,4
7,1,2024-05-02 00:00:00+00:00,2024-05-02 04:00:00+00:00,2024-05-03 04:00:00+00:00,-0.008055130133623939,1.068205019737653,4,4
7,1,2024-05-03 00:00:00+00:00,2024-05-03 04:00:00+00:00,2024-05-04 04:00:00+00:00,-0.016662610741005748,1.339213282339569,4,4
7,1,2024-05-04 00:00:00+00:00,2024-05-04 04:00:00+00:00,2024-05-05 04:00:00+00:00,-0.009843451414839149,0.5386249967205597,4,4
7,1,2024-05-05 00:00:00+00:00,2024-05-05 04:00:00+00:00,2024-05-06 04:00:00+00:00,-0.002192093602307583,0.8229236919529903,4,4
7,1,2024-05-06 00:00:00+00:00,2024-05-06 04:00:00+00:00,2024-05-07 04:00:00+00:00,-0.005425211532210758,1.343759549832046,4,4
7,1,2024-05-07 00:00:00+00:00,2024-05-07 04:00:00+00:00,2024-05-08 04:00:00+00:00,-0.01064554028114062,0.6000000000000001,4,4
7,1,2024-05-08 00:00:00+00:00,2024-05-08 04:00:00+00:00,2024-05-09 04:00:00+00:00,-0.008311670274393558,0.5342426503604447,4,4
7,1,2024-05-09 00:00:00+00:00,2024-05-09 04:00:00+00:00,2024-05-10 04:00:00+00:00,0.012754630327426717,0.9158943550079648,4,4
7,1,2024-05-10 00:00:00+00:00,2024-05-10 04:00:00+00:00,2024-05-11 04:00:00+00:00,-0.00039978981879333023,1.4150950483269638,4,4
7,1,2024-05-11 00:00:00+00:00,2024-05-11 04:00:00+00:00,2024-05-12 04:00:00+00:00,-0.0011439472744083105,0.6000000000000001,4,4
7,1,2024-05-12 00:00:00+00:00,2024-05-12 04:00:00+00:00,2024-05-13 04:00:00+00:00,-0.005040217522309077,0.8548373571409951,4,4
7,1,2024-05-13 00:00:00+00:00,2024-05-13 04:00:00+00:00,2024-05-14 04:00:00+00:00,-0.0018384634425105558,0.8239346304603559,4,4
7,1,2024-05-14 00:00:00+00:00,2024-05-14 04:00:00+00:00,2024-05-15 04:00:00+00:00,-0.004398623266486854,0.48538516940311655,4,4
7,1,2024-05-15 00:00:00+00:00,2024-05-15 04:00:00+00:00,2024-05-16 04:00:00+00:00,-0.01061327459710089,1.2076279616238614,4,4
7,1,2024-05-16 00:00:00+00:00,2024-05-16 04:00:00+00:00,2024-05-17 04:00:00+00:00,-0.025286247133468158,0.860536873158493,4,4
7,1,2024-05-17 00:00:00+00:00,2024-05-17 04:00:00+00:00,2024-05-18 04:00:00+00:00,-0.011518923392875146,0.7453960023159463,4,4
7,1,2024-05-18 00:00:00+00:00,2024-05-18 04:00:00+00:00,2024-05-19 04:00:00+00:00,0.004020572733088583,0.5825637589727992,4,4
7,1,2024-05-19 00:00:00+00:00,2024-05-19 04:00:00+00:00,2024-05-20 04:00:00+00:00,0.011363312579938296,0.5330623251432401,4,4
7,1,2024-05-20 00:00:00+00:00,2024-05-20 04:00:00+00:00,2024-05-21 04:00:00+00:00,-0.04194608000874411,0.27096943781796407,4,4
7,1,2024-05-21 00:00:00+00:00,2024-05-21 04:00:00+00:00,2024-05-22 04:00:00+00:00,-0.017934690852155225,0.5383587041751448,4,4
7,1,2024-05-22 00:00:00+00:00,2024-05-22 04:00:00+00:00,2024-05-23 04:00:00+00:00,-0.0019817549082811092,1.2088425787671921,4,4
7,1,2024-05-23 00:00:00+00:00,2024-05-23 04:00:00+00:00,2024-05-24 04:00:00+00:00,0.0053762058229986235,0.4541611135603183,4,4
7,1,2024-05-24 00:00:00+00:00,2024-05-24 04:00:00+00:00,2024-05-25 04:00:00+00:00,-0.0131080468026013,0.52339836479731,4,4
7,1,2024-05-25 00:00:00+00:00,2024-05-25 04:00:00+00:00,2024-05-26 04:00:00+00:00,-0.0050306783885154145,0.8012650806397416,4,4
7,1,2024-05-26 00:00:00+00:00,2024-05-26 04:00:00+00:00,2024-05-27 04:00:00+00:00,0.012725124773157197,0.5605022103611113,4,4
7,1,2024-05-27 00:00:00+00:00,2024-05-27 04:00:00+00:00,2024-05-28 04:00:00+00:00,-0.01384557928808396,0.45489952227430297,4,4
7,1,2024-05-28 00:00:00+00:00,2024-05-28 04:00:00+00:00,2024-05-29 04:00:00+00:00,-0.0003540979423048516,0.46220176220625586,4,4
7,1,2024-05-29 00:00:00+00:00,2024-05-29 04:00:00+00:00,2024-05-30 04:00:00+00:00,-0.002757294007099163,0.7141908276677429,4,4
7,1,2024-05-30 00:00:00+00:00,2024-05-30 04:00:00+00:00,2024-05-31 04:00:00+00:00,-0.00619147887034072,0.7647313199305764,4,4
7,1,2024-05-31 00:00:00+00:00,2024-05-31 04:00:00+00:00,2024-06-01 04:00:00+00:00,0.004726283983816891,0.5198503677830181,4,4
7,1,2024-06-01 00:00:00+00:00,2024-06-01 04:00:00+00:00,2024-06-02 04:00:00+00:00,0.0006677740349549165,1.5614313565805809,4,4
7,1,2024-06-02 00:00:00+00:00,2024-06-02 04:00:00+00:00,2024-06-03 04:00:00+00:00,0.005365137841185925,0.7591920680641246,4,4
7,1,2024-06-03 00:00:00+00:00,2024-06-03 04:00:00+00:00,2024-06-04 04:00:00+00:00,0.008054282013897412,0.8409915591089203,4,4
7,1,2024-06-04 00:00:00+00:00,2024-06-04 04:00:00+00:00,2024-06-05 04:00:00+00:00,0.009444763207242933,0.7915101802351854,4,4
7,1,2024-06-05 00:00:00+00:00,2024-06-05 04:00:00+00:00,2024-06-06 04:00:00+00:00,-0.0007233166498029749,0.9802752086310825,4,4
7,1,2024-06-06 00:00:00+00:00,2024-06-06 04:00:00+00:00,2024-06-07 04:00:00+00:00,0.008392895064840146,0.7063539543328414,4,4
7,1,2024-06-07 00:00:00+00:00,2024-06-07 04:00:00+00:00,2024-06-08 04:00:00+00:00,0.028950022524120895,0.25352698593896134,4,4
7,1,2024-06-08 00:00:00+00:00,2024-06-08 04:00:00+00:00,2024-06-09 04:00:00+00:00,0.0006485893973604486,0.6616223175925879,4,4
7,1,2024-06-09 00:00:00+00:00,2024-06-09 04:00:00+00:00,2024-06-10 04:00:00+00:00,-0.008308641769410607,0.2519405444469165,4,4
7,1,2024-06-10 00:00:00+00:00,2024-06-10 04:00:00+00:00,2024-06-11 04:00:00+00:00,-0.004141045383270463,0.28016036384904636,4,4
7,1,2024-06-11 00:00:00+00:00,2024-06-11 04:00:00+00:00,2024-06-12 04:00:00+00:00,-0.004725979181157407,0.5267158202056326,4,4
7,1,2024-06-12 00:00:00+00:00,2024-06-12 04:00:00+00:00,2024-06-13 04:00:00+00:00,0.0034635619246669042,0.30247384977375924,4,4
7,1,2024-06-13 00:00:00+00:00,2024-06-13 04:00:00+00:00,2024-06-14 04:00:00+00:00,0.002937450524972733,0.8199160006876676,4,4
7,1,2024-06-14 00:00:00+00:00,2024-06-14 04:00:00+00:00,2024-06-15 04:00:00+00:00,-0.011401563192687918,0.600178340930285,4,4
7,1,2024-06-15 00:00:00+00:00,2024-06-15 04:00:00+00:00,2024-06-16 04:00:00+00:00,0.0034083921411453564,0.6059189581276581,4,4
7,1,2024-06-16 00:00:00+00:00,2024-06-16 04:00:00+00:00,2024-06-17 04:00:00+00:00,-0.007975076906708824,0.6248941737238541,4,4
7,1,2024-06-17 00:00:00+00:00,2024-06-17 04:00:00+00:00,2024-06-18 04:00:00+00:00,0.018925467213080187,0.4654373197562524,4,4
7,1,2024-06-18 00:00:00+00:00,2024-06-18 04:00:00+00:00,2024-06-19 04:00:00+00:00,0.005634760756265759,0.4623893349005155,4,4
7,1,2024-06-19 00:00:00+00:00,2024-06-19 04:00:00+00:00,2024-06-20 04:00:00+00:00,-0.005959251266809415,0.817429111256516,4,4
7,1,2024-06-20 00:00:00+00:00,2024-06-20 04:00:00+00:00,2024-06-21 04:00:00+00:00,-0.016334031392986184,0.29389489675476765,4,4
7,1,2024-06-21 00:00:00+00:00,2024-06-21 04:00:00+00:00,2024-06-22 04:00:00+00:00,0.0005422942193614531,0.01566193851084928,4,4
7,1,2024-06-22 00:00:00+00:00,2024-06-22 04:00:00+00:00,2024-06-23 04:00:00+00:00,-0.0022670623204108474,0.7692176186058207,4,4
7,1,2024-06-23 00:00:00+00:00,2024-06-23 04:00:00+00:00,2024-06-24 04:00:00+00:00,0.004395425732286878,0.7423446006570409,4,4
7,1,2024-06-24 00:00:00+00:00,2024-06-24 04:00:00+00:00,2024-06-25 04:00:00+00:00,-0.004988157214882195,0.3101840985979745,4,4
7,1,2024-06-25 00:00:00+00:00,2024-06-25 04:00:00+00:00,2024-06-26 04:00:00+00:00,-0.004690035638157931,0.5501377908479883,4,4
7,1,2024-06-26 00:00:00+00:00,2024-06-26 04:00:00+00:00,2024-06-27 04:00:00+00:00,-0.004664689594082059,1.6938943643845215,4,4
7,1,2024-06-27 00:00:00+00:00,2024-06-27 04:00:00+00:00,2024-06-28 04:00:00+00:00,0.0030878426442713823,1.2827436997778827,4,4
7,1,2024-06-28 00:00:00+00:00,2024-06-28 04:00:00+00:00,2024-06-29 04:00:00+00:00,-0.004057551785905497,0.5284146160945793,4,4
7,1,2024-06-29 00:00:00+00:00,2024-06-29 04:00:00+00:00,2024-06-30 04:00:00+00:00,-0.013063155727023643,0.4913017890877674,4,4
7,1,2024-06-30 00:00:00+00:00,2024-06-30 04:00:00+00:00,2024-07-01 04:00:00+00:00,0.013265911014138855,0.6894685544770576,4,4
7,1,2024-07-01 00:00:00+00:00,2024-07-01 04:00:00+00:00,2024-07-02 04:00:00+00:00,-0.00660444178453446,0.5698332607095241,4,4
7,1,2024-07-02 00:00:00+00:00,2024-07-02 04:00:00+00:00,2024-07-03 04:00:00+00:00,0.004146435534092678,0.6000000000000001,4,4
7,1,2024-07-03 00:00:00+00:00,2024-07-03 04:00:00+00:00,2024-07-04 04:00:00+00:00,-0.00045552721326605136,1.4267704796956047,4,4
7,1,2024-07-04 00:00:00+00:00,2024-07-04 04:00:00+00:00,2024-07-05 04:00:00+00:00,-0.0050374814392440265,0.7932266382501109,4,4
7,1,2024-07-05 00:00:00+00:00,2024-07-05 04:00:00+00:00,2024-07-06 04:00:00+00:00,0.01878959360717538,0.7948865163337188,4,4
7,1,2024-07-06 00:00:00+00:00,2024-07-06 04:00:00+00:00,2024-07-07 04:00:00+00:00,0.008475785256922613,0.8021166807388902,4,4
7,1,2024-07-07 00:00:00+00:00,2024-07-07 04:00:00+00:00,2024-07-08 04:00:00+00:00,-0.0044718564905206915,0.7860282500855833,4,4
7,1,2024-07-08 00:00:00+00:00,2024-07-08 04:00:00+00:00,2024-07-09 04:00:00+00:00,-0.0058310731824429765,0.5627012390838247,4,4
7,1,2024-07-09 00:00:00+00:00,2024-07-09 04:00:00+00:00,2024-07-10 04:00:00+00:00,0.005429236071556489,0.5493257885107012,4,4
7,1,2024-07-10 00:00:00+00:00,2024-07-10 04:00:00+00:00,2024-07-11 04:00:00+00:00,-0.0027664245234920674,0.22775832135858942,4,4
7,1,2024-07-11 00:00:00+00:00,2024-07-11 04:00:00+00:00,2024-07-12 04:00:00+00:00,-0.011149460324945057,1.0217223321689566,4,4
7,1,2024-07-12 00:00:00+00:00,2024-07-12 04:00:00+00:00,2024-07-13 04:00:00+00:00,-0.0019365630403624778,0.9860880021998114,4,4
7,1,2024-07-13 00:00:00+00:00,2024-07-13 04:00:00+00:00,2024-07-14 04:00:00+00:00,0.0010949266444204317,1.2519956304249742,4,4
7,1,2024-07-14 00:00:00+00:00,2024-07-14 04:00:00+00:00,2024-07-15 04:00:00+00:00,-0.014999369135420066,1.1293636986758,4,4
7,1,2024-07-15 00:00:00+00:00,2024-07-15 04:00:00+00:00,2024-07-16 04:00:00+00:00,-0.00490492521383399,0.796792919875363,4,4
7,1,2024-07-16 00:00:00+00:00,2024-07-16 04:00:00+00:00,2024-07-17 04:00:00+00:00,-0.007192065725726683,0.5701663468857796,4,4
7,1,2024-07-17 00:00:00+00:00,2024-07-17 04:00:00+00:00,2024-07-18 04:00:00+00:00,0.00902464142262756,0.7826800998948508,4,4
7,1,2024-07-18 00:00:00+00:00,2024-07-18 04:00:00+00:00,2024-07-19 04:00:00+00:00,-0.005655840934027219,0.5705654653805927,4,4
7,1,2024-07-19 00:00:00+00:00,2024-07-19 04:00:00+00:00,2024-07-20 04:00:00+00:00,-0.004205956114080331,0.6,4,4
7,1,2024-07-20 00:00:00+00:00,2024-07-20 04:00:00+00:00,2024-07-21 04:00:00+00:00,0.0035920382657388195,0.24812270299065792,4,4
7,1,2024-07-21 00:00:00+00:00,2024-07-21 04:00:00+00:00,2024-07-22 04:00:00+00:00,-0.009764428175849745,0.5242673482533599,4,4
7,1,2024-07-22 00:00:00+00:00,2024-07-22 04:00:00+00:00,2024-07-23 04:00:00+00:00,0.00028310331971484427,0.5793971353761631,4,4
7,1,2024-07-23 00:00:00+00:00,2024-07-23 04:00:00+00:00,2024-07-24 04:00:00+00:00,-0.02110667382204335,0.6022677203755504,4,4
7,1,2024-07-24 00:00:00+00:00,2024-07-24 04:00:00+00:00,2024-07-25 04:00:00+00:00,0.007391754303882399,0.52046730623453,4,4
7,1,2024-07-25 00:00:00+00:00,2024-07-25 04:00:00+00:00,2024-07-26 04:00:00+00:00,0.0008062930942893011,0.5332798846096786,4,4
7,1,2024-07-26 00:00:00+00:00,2024-07-26 04:00:00+00:00,2024-07-27 04:00:00+00:00,0.0002687429502024668,0.7769208212414467,4,4
7,1,2024-07-27 00:00:00+00:00,2024-07-27 04:00:00+00:00,2024-07-28 04:00:00+00:00,0.0020410440044497996,0.5409140404664277,4,4
7,1,2024-07-28 00:00:00+00:00,2024-07-28 04:00:00+00:00,2024-07-29 04:00:00+00:00,0.0045900341902527985,0.47153608550487436,4,4
7,1,2024-07-29 00:00:00+00:00,2024-07-29 04:00:00+00:00,2024-07-30 04:00:00+00:00,-0.0015001187780129283,0.002380381252121866,4,4
7,1,2024-07-30 00:00:00+00:00,2024-07-30 04:00:00+00:00,2024-07-31 04:00:00+00:00,0.012851193030569683,0.509592026229201,4,4
7,1,2024-07-31 00:00:00+00:00,2024-07-31 04:00:00+00:00,2024-08-01 04:00:00+00:00,-0.00430392296558451,0.6000000000000001,4,4
7,1,2024-08-01 00:00:00+00:00,2024-08-01 04:00:00+00:00,2024-08-02 04:00:00+00:00,0.002974399085537806,0.5918248194540607,4,4
7,1,2024-08-02 00:00:00+00:00,2024-08-02 04:00:00+00:00,2024-08-03 04:00:00+00:00,0.0028867237856863397,0.5431181487841177,4,4
7,1,2024-08-03 00:00:00+00:00,2024-08-03 04:00:00+00:00,2024-08-04 04:00:00+00:00,0.009531158938189333,0.5311998263384843,4,4
7,1,2024-08-04 00:00:00+00:00,2024-08-04 04:00:00+00:00,2024-08-05 04:00:00+00:00,-0.0072903511050184736,0.7945362698428771,4,4
7,1,2024-08-05 00:00:00+00:00,2024-08-05 04:00:00+00:00,2024-08-06 04:00:00+00:00,-0.002551837448384407,1.097647356816474,4,4
7,1,2024-08-06 00:00:00+00:00,2024-08-06 04:00:00+00:00,2024-08-07 04:00:00+00:00,-0.008029436978846003,1.0692528014292861,4,4
7,1,2024-08-07 00:00:00+00:00,2024-08-07 04:00:00+00:00,2024-08-08 04:00:00+00:00,0.03201534365022473,1.0590300878956131,4,4
7,1,2024-08-08 00:00:00+00:00,2024-08-08 04:00:00+00:00,2024-08-09 04:00:00+00:00,-0.021552228854463725,0.26468971110576595,4,4
7,1,2024-08-09 00:00:00+00:00,2024-08-09 04:00:00+00:00,2024-08-10 04:00:00+00:00,-0.004068614172227116,0.30980767840988893,4,4
7,1,2024-08-10 00:00:00+00:00,2024-08-10 04:00:00+00:00,2024-08-11 04:00:00+00:00,-0.006315364694684693,0.4893146686230719,4,4
7,1,2024-08-11 00:00:00+00:00,2024-08-11 04:00:00+00:00,2024-08-12 04:00:00+00:00,-0.007221089829489713,0.008322187117863117,4,4
7,1,2024-08-12 00:00:00+00:00,2024-08-12 04:00:00+00:00,2024-08-13 04:00:00+00:00,-0.00525595442701568,0.30136336416682913,4,4
7,1,2024-08-13 00:00:00+00:00,2024-08-13 04:00:00+00:00,2024-08-14 04:00:00+00:00,-0.010470645327755814,1.3182648670058383,4,4
7,1,2024-08-14 00:00:00+00:00,2024-08-14 04:00:00+00:00,2024-08-15 04:00:00+00:00,-0.0028711874376998584,0.716745900605742,4,4
7,1,2024-08-15 00:00:00+00:00,2024-08-15 04:00:00+00:00,2024-08-16 04:00:00+00:00,0.0036477598797573785,0.5457800499170113,4,4
7,1,2024-08-16 00:00:00+00:00,2024-08-16 04:00:00+00:00,2024-08-17 04:00:00+00:00,0.002463460145911983,1.1459532486445934,4,4
7,1,2024-08-17 00:00:00+00:00,2024-08-17 04:00:00+00:00,2024-08-18 04:00:00+00:00,0.0013655265140555106,0.5480702369415095,4,4
7,1,2024-08-18 00:00:00+00:00,2024-08-18 04:00:00+00:00,2024-08-19 04:00:00+00:00,-0.0084231434216972,0.5142967066428519,4,4
7,1,2024-08-19 00:00:00+00:00,2024-08-19 04:00:00+00:00,2024-08-20 04:00:00+00:00,0.0018173844653493051,0.5068353043853216,4,4
7,1,2024-08-20 00:00:00+00:00,2024-08-20 04:00:00+00:00,2024-08-21 04:00:00+00:00,-0.002779121418472503,0.4562537566546916,4,4
7,1,2024-08-21 00:00:00+00:00,2024-08-21 04:00:00+00:00,2024-08-22 04:00:00+00:00,-0.011146538338340867,0.9661578248246152,4,4
7,1,2024-08-22 00:00:00+00:00,2024-08-22 04:00:00+00:00,2024-08-23 04:00:00+00:00,0.011325248434065556,0.7809226744794058,4,4
7,1,2024-08-23 00:00:00+00:00,2024-08-23 04:00:00+00:00,2024-08-24 04:00:00+00:00,-0.017215692912829567,0.7366352474923528,4,4
7,1,2024-08-24 00:00:00+00:00,2024-08-24 04:00:00+00:00,2024-08-25 04:00:00+00:00,-0.004698434608435295,0.21345684344290733,4,4
7,1,2024-08-25 00:00:00+00:00,2024-08-25 04:00:00+00:00,2024-08-26 04:00:00+00:00,0.0005814452079004996,0.537672944396759,4,4
7,1,2024-08-26 00:00:00+00:00,2024-08-26 04:00:00+00:00,2024-08-27 04:00:00+00:00,-0.00014654958405814836,0.7131325700916163,4,4
7,1,2024-08-27 00:00:00+00:00,2024-08-27 04:00:00+00:00,2024-08-28 04:00:00+00:00,-0.012368679901249338,0.5548653228722433,4,4
7,1,2024-08-28 00:00:00+00:00,2024-08-28 04:00:00+00:00,2024-08-29 04:00:00+00:00,-0.021794450195759228,0.24345916401659806,4,4
7,1,2024-08-29 00:00:00+00:00,2024-08-29 04:00:00+00:00,2024-08-30 04:00:00+00:00,-0.008011755191477598,0.48383662480794454,4,4
7,1,2024-08-30 00:00:00+00:00,2024-08-30 04:00:00+00:00,2024-08-31 04:00:00+00:00,-0.000870841661364175,0.7526377530027759,4,4
7,1,2024-08-31 00:00:00+00:00,2024-08-31 04:00:00+00:00,2024-09-01 04:00:00+00:00,0.00269334944304544,1.3237601257929863,4,4
7,1,2024-09-01 00:00:00+00:00,2024-09-01 04:00:00+00:00,2024-09-02 04:00:00+00:00,0.004351469214434863,1.0486301919587848,4,4
7,1,2024-09-02 00:00:00+00:00,2024-09-02 04:00:00+00:00,2024-09-03 04:00:00+00:00,0.0016675284630297826,0.5007353006867705,4,4
7,1,2024-09-03 00:00:00+00:00,2024-09-03 04:00:00+00:00,2024-09-04 04:00:00+00:00,0.00643482878068677,1.0007434100578623,4,4
7,1,2024-09-04 00:00:00+00:00,2024-09-04 04:00:00+00:00,2024-09-05 04:00:00+00:00,-0.009535310905704704,0.7833436877381198,4,4
7,1,2024-09-05 00:00:00+00:00,2024-09-05 04:00:00+00:00,2024-09-06 04:00:00+00:00,0.002957315359670593,1.0261765007444263,4,4
7,1,2024-09-06 00:00:00+00:00,2024-09-06 04:00:00+00:00,2024-09-07 04:00:00+00:00,-0.007814619000674384,0.9847194486019806,4,4
7,1,2024-09-07 00:00:00+00:00,2024-09-07 04:00:00+00:00,2024-09-08 04:00:00+00:00,-0.01385034435302549,0.6000000000000001,4,4
7,1,2024-09-08 00:00:00+00:00,2024-09-08 04:00:00+00:00,2024-09-09 04:00:00+00:00,-0.01011478995554055,1.0628238515106674,4,4
7,1,2024-09-09 00:00:00+00:00,2024-09-09 04:00:00+00:00,2024-09-10 04:00:00+00:00,0.006295846443218888,0.7692170577010891,4,4
7,1,2024-09-10 00:00:00+00:00,2024-09-10 04:00:00+00:00,2024-09-11 04:00:00+00:00,0.002835576061845532,0.5415925825303631,4,4
7,1,2024-09-11 00:00:00+00:00,2024-09-11 04:00:00+00:00,2024-09-12 04:00:00+00:00,-0.005088304998827304,0.5417941008879545,4,4
7,1,2024-09-12 00:00:00+00:00,2024-09-12 04:00:00+00:00,2024-09-13 04:00:00+00:00,-0.007597881172379271,0.5390478511438069,4,4
7,1,2024-09-13 00:00:00+00:00,2024-09-13 04:00:00+00:00,2024-09-14 04:00:00+00:00,-0.008324184013828381,0.5487438030909235,4,4
7,1,2024-09-14 00:00:00+00:00,2024-09-14 04:00:00+00:00,2024-09-15 04:00:00+00:00,-0.002130312724284955,0.5011988603214379,4,4
7,1,2024-09-15 00:00:00+00:00,2024-09-15 04:00:00+00:00,2024-09-16 04:00:00+00:00,0.009080423326667671,0.9954029512416303,4,4
7,1,2024-09-16 00:00:00+00:00,2024-09-16 04:00:00+00:00,2024-09-17 04:00:00+00:00,-0.0004917775709351764,0.9820786234365719,4,4
7,1,2024-09-17 00:00:00+00:00,2024-09-17 04:00:00+00:00,2024-09-18 04:00:00+00:00,0.004307030854119306,0.49388473839238123,4,4
7,1,2024-09-18 00:00:00+00:00,2024-09-18 04:00:00+00:00,2024-09-19 04:00:00+00:00,-0.010403429936796597,0.7307168352448135,4,4
7,1,2024-09-19 00:00:00+00:00,2024-09-19 04:00:00+00:00,2024-09-20 04:00:00+00:00,-0.011677566926046316,0.5175226168365942,4,4
7,1,2024-09-20 00:00:00+00:00,2024-09-20 04:00:00+00:00,2024-09-21 04:00:00+00:00,-0.0061915638028943835,0.753950281869022,4,4
7,1,2024-09-21 00:00:00+00:00,2024-09-21 04:00:00+00:00,2024-09-22 04:00:00+00:00,-0.0032508184499986247,1.006727900335397,4,4
7,1,2024-09-22 00:00:00+00:00,2024-09-22 04:00:00+00:00,2024-09-23 04:00:00+00:00,0.008276857049203539,0.5029096309904908,4,4
7,1,2024-09-23 00:00:00+00:00,2024-09-23 04:00:00+00:00,2024-09-24 04:00:00+00:00,-0.0074143284257869035,0.8018261598824374,4,4
7,1,2024-09-24 00:00:00+00:00,2024-09-24 04:00:00+00:00,2024-09-25 04:00:00+00:00,-0.006456371233923253,0.3022371760369682,4,4
7,1,2024-09-25 00:00:00+00:00,2024-09-25 04:00:00+00:00,2024-09-26 04:00:00+00:00,-0.006092627308905344,0.7411967626517428,4,4
7,1,2024-09-26 00:00:00+00:00,2024-09-26 04:00:00+00:00,2024-09-27 04:00:00+00:00,0.01245656296536091,1.0240699286400945,4,4
7,1,2024-09-27 00:00:00+00:00,2024-09-27 04:00:00+00:00,2024-09-28 04:00:00+00:00,-0.005469501890834535,0.5031430721675144,4,4
7,1,2024-09-28 00:00:00+00:00,2024-09-28 04:00:00+00:00,2024-09-29 04:00:00+00:00,-0.005679363421932998,1.0078986936383143,4,4
7,1,2024-09-29 00:00:00+00:00,2024-09-29 04:00:00+00:00,2024-09-30 04:00:00+00:00,-0.017486181678046102,0.7507009404677234,4,4
7,1,2024-09-30 00:00:00+00:00,2024-09-30 04:00:00+00:00,2024-10-01 04:00:00+00:00,-0.004196620334182073,0.7931239320022014,4,4
7,1,2024-10-01 00:00:00+00:00,2024-10-01 04:00:00+00:00,2024-10-02 04:00:00+00:00,-0.007556155370561768,0.5661013800898896,4,4
7,1,2024-10-02 00:00:00+00:00,2024-10-02 04:00:00+00:00,2024-10-03 04:00:00+00:00,-0.01846440024597506,0.7282735172233272,4,4
7,1,2024-10-03 00:00:00+00:00,2024-10-03 04:00:00+00:00,2024-10-04 04:00:00+00:00,-0.011104426306276744,0.9818589704745873,4,4
7,1,2024-10-04 00:00:00+00:00,2024-10-04 04:00:00+00:00,2024-10-05 04:00:00+00:00,0.0005528828515407392,1.1050581346311907,4,4
7,1,2024-10-05 00:00:00+00:00,2024-10-05 04:00:00+00:00,2024-10-06 04:00:00+00:00,0.0034357885133856035,0.9995621250848894,4,4
7,1,2024-10-06 00:00:00+00:00,2024-10-06 04:00:00+00:00,2024-10-07 04:00:00+00:00,0.010901904674244706,0.995817858145432,4,4
7,1,2024-10-07 00:00:00+00:00,2024-10-07 04:00:00+00:00,2024-10-08 04:00:00+00:00,0.0013980790060962617,1.0483622042871028,4,4
7,1,2024-10-08 00:00:00+00:00,2024-10-08 04:00:00+00:00,2024-10-09 04:00:00+00:00,0.00340342056331984,0.6035929555554789,4,4
7,1,2024-10-09 00:00:00+00:00,2024-10-09 04:00:00+00:00,2024-10-10 04:00:00+00:00,-0.0044078661392414845,0.5816392518460529,4,4
7,1,2024-10-10 00:00:00+00:00,2024-10-10 04:00:00+00:00,2024-10-11 04:00:00+00:00,-0.0032832805052759643,0.9883256515798051,4,4
7,1,2024-10-11 00:00:00+00:00,2024-10-11 04:00:00+00:00,2024-10-12 04:00:00+00:00,-0.002671842263993123,1.1378424128014724,4,4
7,1,2024-10-12 00:00:00+00:00,2024-10-12 04:00:00+00:00,2024-10-13 04:00:00+00:00,-0.0009360254931692922,1.3090479447455814,4,4
7,1,2024-10-13 00:00:00+00:00,2024-10-13 04:00:00+00:00,2024-10-14 04:00:00+00:00,0.010318315877806726,0.5399680449240476,4,4
7,1,2024-10-14 00:00:00+00:00,2024-10-14 04:00:00+00:00,2024-10-15 04:00:00+00:00,-0.01621502213800719,0.600516714432763,4,4
7,1,2024-10-15 00:00:00+00:00,2024-10-15 04:00:00+00:00,2024-10-16 04:00:00+00:00,-0.0107235834961475,0.5389909519774445,4,4
7,1,2024-10-16 00:00:00+00:00,2024-10-16 04:00:00+00:00,2024-10-17 04:00:00+00:00,0.01412847901498494,1.2827116349707777,4,4
7,1,2024-10-17 00:00:00+00:00,2024-10-17 04:00:00+00:00,2024-10-18 04:00:00+00:00,0.009996301241337031,0.7502785049588802,4,4
7,1,2024-10-18 00:00:00+00:00,2024-10-18 04:00:00+00:00,2024-10-19 04:00:00+00:00,0.000548588632460404,0.49052199697236165,4,4
7,1,2024-10-19 00:00:00+00:00,2024-10-19 04:00:00+00:00,2024-10-20 04:00:00+00:00,0.008297183103414343,0.2615348074928764,4,4
7,1,2024-10-20 00:00:00+00:00,2024-10-20 04:00:00+00:00,2024-10-21 04:00:00+00:00,-0.011937404220748536,0.4434380762120437,4,4
7,1,2024-10-21 00:00:00+00:00,2024-10-21 04:00:00+00:00,2024-10-22 04:00:00+00:00,-0.002226184183145954,0.29086691126455694,4,4
7,1,2024-10-22 00:00:00+00:00,2024-10-22 04:00:00+00:00,2024-10-23 04:00:00+00:00,0.0034203738745005943,0.3080426080603752,4,4
7,1,2024-10-23 00:00:00+00:00,2024-10-23 04:00:00+00:00,2024-10-24 04:00:00+00:00,0.008200901812126554,0.5863481816091314,4,4
7,1,2024-10-24 00:00:00+00:00,2024-10-24 04:00:00+00:00,2024-10-25 04:00:00+00:00,0.0012618148719477345,1.1311945216441754,4,4
7,1,2024-10-25 00:00:00+00:00,2024-10-25 04:00:00+00:00,2024-10-26 04:00:00+00:00,-0.008696246424251456,0.5891922765864764,4,4
7,1,2024-10-26 00:00:00+00:00,2024-10-26 04:00:00+00:00,2024-10-27 04:00:00+00:00,0.002463670763083528,0.7312525284033664,4,4
7,1,2024-10-27 00:00:00+00:00,2024-10-27 04:00:00+00:00,2024-10-28 04:00:00+00:00,0.004788294839851029,1.1086249667385237,4,4
7,1,2024-10-28 00:00:00+00:00,2024-10-28 04:00:00+00:00,2024-10-29 04:00:00+00:00,0.0066081652935826695,0.7595417909259908,4,4
7,1,2024-10-29 00:00:00+00:00,2024-10-29 04:00:00+00:00,2024-10-30 04:00:00+00:00,-0.002121602178953548,0.7103957254008657,4,4
7,1,2024-10-30 00:00:00+00:00,2024-10-30 04:00:00+00:00,2024-10-31 04:00:00+00:00,-0.0051023023393700654,0.6033536783745541,4,4
7,1,2024-10-31 00:00:00+00:00,2024-10-31 04:00:00+00:00,2024-11-01 04:00:00+00:00,-0.0002611244359086145,0.5708818645904417,4,4
7,1,2024-11-01 00:00:00+00:00,2024-11-01 04:00:00+00:00,2024-11-02 04:00:00+00:00,0.008505137258599072,0.5387568861765442,4,4
7,1,2024-11-02 00:00:00+00:00,2024-11-02 04:00:00+00:00,2024-11-03 04:00:00+00:00,0.00721914309255688,0.7762781013998409,4,4
7,1,2024-11-03 00:00:00+00:00,2024-11-03 04:00:00+00:00,2024-11-04 04:00:00+00:00,0.0037136056190301883,0.5709152449962411,4,4
7,1,2024-11-04 00:00:00+00:00,2024-11-04 04:00:00+00:00,2024-11-05 04:00:00+00:00,0.009720376529064208,0.2993203292302591,4,4
7,1,2024-11-05 00:00:00+00:00,2024-11-05 04:00:00+00:00,2024-11-06 04:00:00+00:00,0.011996745355617868,0.2822652821621018,4,4
7,1,2024-11-06 00:00:00+00:00,2024-11-06 04:00:00+00:00,2024-11-07 04:00:00+00:00,-0.02020226866766836,0.7756556885531971,4,4
7,1,2024-11-07 00:00:00+00:00,2024-11-07 04:00:00+00:00,2024-11-08 04:00:00+00:00,0.013344358086624476,0.9614882251218153,4,4
7,1,2024-11-08 00:00:00+00:00,2024-11-08 04:00:00+00:00,2024-11-09 04:00:00+00:00,-0.006245260941008378,0.8217609885796833,4,4
7,1,2024-11-09 00:00:00+00:00,2024-11-09 04:00:00+00:00,2024-11-10 04:00:00+00:00,0.005643786566103856,0.79656631588533,4,4
7,1,2024-11-10 00:00:00+00:00,2024-11-10 04:00:00+00:00,2024-11-11 04:00:00+00:00,-0.009768951073087048,0.8195622774639086,4,4
7,1,2024-11-11 00:00:00+00:00,2024-11-11 04:00:00+00:00,2024-11-12 04:00:00+00:00,-0.017922085335410773,1.0233433595869126,4,4
7,1,2024-11-12 00:00:00+00:00,2024-11-12 04:00:00+00:00,2024-11-13 04:00:00+00:00,-0.016090238619517847,0.5867234575833217,4,4
7,1,2024-11-13 00:00:00+00:00,2024-11-13 04:00:00+00:00,2024-11-14 04:00:00+00:00,-0.016490810685588622,0.3254068309115995,4,4
7,1,2024-11-14 00:00:00+00:00,2024-11-14 04:00:00+00:00,2024-11-15 04:00:00+00:00,0.038000523733761345,0.567598731913163,4,4
7,1,2024-11-15 00:00:00+00:00,2024-11-15 04:00:00+00:00,2024-11-16 04:00:00+00:00,0.027396215577896434,0.8237925158116153,4,4
7,1,2024-11-16 00:00:00+00:00,2024-11-16 04:00:00+00:00,2024-11-17 04:00:00+00:00,-0.011469541365120827,0.30349830912643877,4,4
7,1,2024-11-17 00:00:00+00:00,2024-11-17 04:00:00+00:00,2024-11-18 04:00:00+00:00,0.016368088922019002,0.60148568473106,4,4
7,1,2024-11-18 00:00:00+00:00,2024-11-18 04:00:00+00:00,2024-11-19 04:00:00+00:00,-0.003118669701571315,0.8948769381475925,4,4
7,1,2024-11-19 00:00:00+00:00,2024-11-19 04:00:00+00:00,2024-11-20 04:00:00+00:00,0.00190880780388401,0.6877800520638624,4,4
7,1,2024-11-20 00:00:00+00:00,2024-11-20 04:00:00+00:00,2024-11-21 04:00:00+00:00,0.008170831433653995,0.78716114656912,4,4
7,1,2024-11-21 00:00:00+00:00,2024-11-21 04:00:00+00:00,2024-11-22 04:00:00+00:00,0.03405965527585378,0.5165485644955301,4,4
7,1,2024-11-22 00:00:00+00:00,2024-11-22 04:00:00+00:00,2024-11-23 04:00:00+00:00,0.024080872930124078,0.3043694368920649,4,4
7,1,2024-11-23 00:00:00+00:00,2024-11-23 04:00:00+00:00,2024-11-24 04:00:00+00:00,-0.013571340154585571,0.6097343499629694,4,4
7,1,2024-11-24 00:00:00+00:00,2024-11-24 04:00:00+00:00,2024-11-25 04:00:00+00:00,-0.0311784121989543,0.6000000000000001,4,4
7,1,2024-11-25 00:00:00+00:00,2024-11-25 04:00:00+00:00,2024-11-26 04:00:00+00:00,0.0027569425984737277,1.047800747833172,4,4
7,1,2024-11-26 00:00:00+00:00,2024-11-26 04:00:00+00:00,2024-11-27 04:00:00+00:00,-0.011083592404914074,0.7486665214370645,4,4
7,1,2024-11-27 00:00:00+00:00,2024-11-27 04:00:00+00:00,2024-11-28 04:00:00+00:00,0.016644024198130724,0.5816322109842222,4,4
7,1,2024-11-28 00:00:00+00:00,2024-11-28 04:00:00+00:00,2024-11-29 04:00:00+00:00,-0.003266996820812001,1.0907871808689982,4,4
7,1,2024-11-29 00:00:00+00:00,2024-11-29 04:00:00+00:00,2024-11-30 04:00:00+00:00,0.021349910264992417,0.23447681781536056,4,4
7,1,2024-11-30 00:00:00+00:00,2024-11-30 04:00:00+00:00,2024-12-01 04:00:00+00:00,0.018725115571100667,0.4888656474484408,4,4
7,1,2024-12-01 00:00:00+00:00,2024-12-01 04:00:00+00:00,2024-12-02 04:00:00+00:00,-0.0024606841584068357,1.069282606403993,4,4
7,1,2024-12-02 00:00:00+00:00,2024-12-02 04:00:00+00:00,2024-12-03 04:00:00+00:00,0.020068380038663337,0.2521728457798661,4,4
7,1,2024-12-03 00:00:00+00:00,2024-12-03 04:00:00+00:00,2024-12-04 04:00:00+00:00,-0.025603142832182665,1.0045125365876748,4,4
7,1,2024-12-04 00:00:00+00:00,2024-12-04 04:00:00+00:00,2024-12-05 04:00:00+00:00,-0.016967765445088472,0.4639733588043814,4,4
7,1,2024-12-05 00:00:00+00:00,2024-12-05 04:00:00+00:00,2024-12-06 04:00:00+00:00,0.008147538323264583,0.2804520177326687,4,4
7,1,2024-12-06 00:00:00+00:00,2024-12-06 04:00:00+00:00,2024-12-07 04:00:00+00:00,0.017027016369280557,0.30585984578833736,4,4
7,1,2024-12-07 00:00:00+00:00,2024-12-07 04:00:00+00:00,2024-12-08 04:00:00+00:00,-0.016368050324508394,0.3025368399277151,4,4
7,1,2024-12-08 00:00:00+00:00,2024-12-08 04:00:00+00:00,2024-12-09 04:00:00+00:00,0.010090105769938169,0.21082368833313242,4,4
7,1,2024-12-09 00:00:00+00:00,2024-12-09 04:00:00+00:00,2024-12-10 04:00:00+00:00,-0.021790392334517433,0.4926713811079676,4,4
7,1,2024-12-10 00:00:00+00:00,2024-12-10 04:00:00+00:00,2024-12-11 04:00:00+00:00,-0.005773719124487835,1.1941588665963023,4,4
7,1,2024-12-11 00:00:00+00:00,2024-12-11 04:00:00+00:00,2024-12-12 04:00:00+00:00,-0.02585250790817598,1.0284703092089909,4,4
7,1,2024-12-12 00:00:00+00:00,2024-12-12 04:00:00+00:00,2024-12-13 04:00:00+00:00,0.011877469194739608,0.9404938074057105,4,4
7,1,2024-12-13 00:00:00+00:00,2024-12-13 04:00:00+00:00,2024-12-14 04:00:00+00:00,-0.0002279268092963624,1.0917592134236627,4,4
7,1,2024-12-14 00:00:00+00:00,2024-12-14 04:00:00+00:00,2024-12-15 04:00:00+00:00,0.013881543684442879,1.1619145777010387,4,4
7,1,2024-12-15 00:00:00+00:00,2024-12-15 04:00:00+00:00,2024-12-16 04:00:00+00:00,-0.014401397595924431,0.2504962732647709,4,4
7,1,2024-12-16 00:00:00+00:00,2024-12-16 04:00:00+00:00,2024-12-17 04:00:00+00:00,0.012246990132715671,0.562774586784629,4,4
7,1,2024-12-17 00:00:00+00:00,2024-12-17 04:00:00+00:00,2024-12-18 04:00:00+00:00,0.006472061994421841,0.7936531566800916,4,4
7,1,2024-12-18 00:00:00+00:00,2024-12-18 04:00:00+00:00,2024-12-19 04:00:00+00:00,0.002271432859836945,0.5149544698812855,4,4
7,1,2024-12-19 00:00:00+00:00,2024-12-19 04:00:00+00:00,2024-12-20 04:00:00+00:00,0.012546451971955606,0.4378765449427503,4,4
7,1,2024-12-20 00:00:00+00:00,2024-12-20 04:00:00+00:00,2024-12-21 04:00:00+00:00,0.0015950157684220677,1.072608955420244,4,4
7,1,2024-12-21 00:00:00+00:00,2024-12-21 04:00:00+00:00,2024-12-22 04:00:00+00:00,0.01914831901897511,0.9849602409487539,4,4
7,1,2024-12-22 00:00:00+00:00,2024-12-22 04:00:00+00:00,2024-12-23 04:00:00+00:00,-0.013641847681232472,0.5219496641578345,4,4
7,1,2024-12-23 00:00:00+00:00,2024-12-23 04:00:00+00:00,2024-12-24 04:00:00+00:00,-0.009961968593933506,0.001430403605623548,4,4
7,1,2024-12-24 00:00:00+00:00,2024-12-24 04:00:00+00:00,2024-12-25 04:00:00+00:00,-0.009153609470941425,0.8021099737659694,4,4
7,1,2024-12-25 00:00:00+00:00,2024-12-25 04:00:00+00:00,2024-12-26 04:00:00+00:00,0.00297212696692709,0.7445379421223498,4,4
7,1,2024-12-26 00:00:00+00:00,2024-12-26 04:00:00+00:00,2024-12-27 04:00:00+00:00,-0.0018597822113342894,0.4560741540504086,4,4
7,1,2024-12-27 00:00:00+00:00,2024-12-27 04:00:00+00:00,2024-12-28 04:00:00+00:00,-0.011512554569147238,0.551696895627733,4,4
7,1,2024-12-28 00:00:00+00:00,2024-12-28 04:00:00+00:00,2024-12-29 04:00:00+00:00,-0.006640191627739968,1.0714060877182279,4,4
7,1,2024-12-29 00:00:00+00:00,2024-12-29 04:00:00+00:00,2024-12-30 04:00:00+00:00,0.0015666010638866247,0.9822737943161667,4,4
7,1,2024-12-30 00:00:00+00:00,2024-12-30 04:00:00+00:00,2024-12-31 04:00:00+00:00,0.005400637368968205,1.010220522134027,4,4
7,1,2024-12-31 00:00:00+00:00,2024-12-31 04:00:00+00:00,2025-01-01 04:00:00+00:00,-0.006695567548945653,0.2971509447733499,4,4
7,1,2025-01-01 00:00:00+00:00,2025-01-01 04:00:00+00:00,2025-01-02 04:00:00+00:00,-0.035444676547339515,0.741554106530651,4,4
7,1,2025-01-02 00:00:00+00:00,2025-01-02 04:00:00+00:00,2025-01-03 04:00:00+00:00,-0.008903156744774815,0.7785054954997686,4,4
7,1,2025-01-03 00:00:00+00:00,2025-01-03 04:00:00+00:00,2025-01-04 04:00:00+00:00,0.01070662181381173,1.3442752794703674,4,4
7,1,2025-01-04 00:00:00+00:00,2025-01-04 04:00:00+00:00,2025-01-05 04:00:00+00:00,-0.015616272958008466,0.2515808752226203,4,4
7,1,2025-01-05 00:00:00+00:00,2025-01-05 04:00:00+00:00,2025-01-06 04:00:00+00:00,-0.004423849624036532,0.5119775130940025,4,4
7,1,2025-01-06 00:00:00+00:00,2025-01-06 04:00:00+00:00,2025-01-07 04:00:00+00:00,-0.0019539756867540067,0.7489907891209201,4,4
7,1,2025-01-07 00:00:00+00:00,2025-01-07 04:00:00+00:00,2025-01-08 04:00:00+00:00,-0.00446413753176603,0.7803580921547153,4,4
7,1,2025-01-08 00:00:00+00:00,2025-01-08 04:00:00+00:00,2025-01-09 04:00:00+00:00,-0.01975290247634563,0.5308645437825982,4,4
7,1,2025-01-09 00:00:00+00:00,2025-01-09 04:00:00+00:00,2025-01-10 04:00:00+00:00,-0.00910927643831795,0.786026136266814,4,4
7,1,2025-01-10 00:00:00+00:00,2025-01-10 04:00:00+00:00,2025-01-11 04:00:00+00:00,0.00028596644288268096,0.870056696347867,4,4
7,1,2025-01-11 00:00:00+00:00,2025-01-11 04:00:00+00:00,2025-01-12 04:00:00+00:00,-0.009997309638707194,1.0537249931229034,4,4
7,1,2025-01-12 00:00:00+00:00,2025-01-12 04:00:00+00:00,2025-01-13 04:00:00+00:00,-0.0029349522811893064,0.9676496818995588,4,4
7,1,2025-01-13 00:00:00+00:00,2025-01-13 04:00:00+00:00,2025-01-14 04:00:00+00:00,0.00580535401037195,0.6294688397019069,4,4
7,1,2025-01-14 00:00:00+00:00,2025-01-14 04:00:00+00:00,2025-01-15 04:00:00+00:00,0.001043512660866764,1.088524679091793,4,4
7,1,2025-01-15 00:00:00+00:00,2025-01-15 04:00:00+00:00,2025-01-16 04:00:00+00:00,-0.005224584533979824,0.8795324207542737,4,4
7,1,2025-01-16 00:00:00+00:00,2025-01-16 04:00:00+00:00,2025-01-17 04:00:00+00:00,0.011857822666442861,0.606474883479684,4,4
7,1,2025-01-17 00:00:00+00:00,2025-01-17 04:00:00+00:00,2025-01-18 04:00:00+00:00,-0.01802527403399389,0.7808352952078251,4,4
7,1,2025-01-18 00:00:00+00:00,2025-01-18 04:00:00+00:00,2025-01-19 04:00:00+00:00,0.0012885130542100972,0.3054685828466882,4,4
7,1,2025-01-19 00:00:00+00:00,2025-01-19 04:00:00+00:00,2025-01-20 04:00:00+00:00,0.005012798956202328,0.5430427870831491,4,4
7,1,2025-01-20 00:00:00+00:00,2025-01-20 04:00:00+00:00,2025-01-21 04:00:00+00:00,0.004885021531562592,0.5531558680561482,4,4
7,1,2025-01-21 00:00:00+00:00,2025-01-21 04:00:00+00:00,2025-01-22 04:00:00+00:00,-0.00032147916811416793,0.5988067934633174,4,4
7,1,2025-01-22 00:00:00+00:00,2025-01-22 04:00:00+00:00,2025-01-23 04:00:00+00:00,0.0001911598544792198,0.25205405975017825,4,4
7,1,2025-01-23 00:00:00+00:00,2025-01-23 04:00:00+00:00,2025-01-24 04:00:00+00:00,0.00388691901478839,0.5485435038652025,4,4
7,1,2025-01-24 00:00:00+00:00,2025-01-24 04:00:00+00:00,2025-01-25 04:00:00+00:00,-0.003747543004344337,0.7666184398725577,4,4
7,1,2025-01-25 00:00:00+00:00,2025-01-25 04:00:00+00:00,2025-01-26 04:00:00+00:00,-0.0010232555643581009,0.743548251910494,4,4
7,1,2025-01-26 00:00:00+00:00,2025-01-26 04:00:00+00:00,2025-01-27 04:00:00+00:00,0.007919036639708783,0.7365624046042097,4,4
7,1,2025-01-27 00:00:00+00:00,2025-01-27 04:00:00+00:00,2025-01-28 04:00:00+00:00,0.002413196346069535,0.5428310676303298,4,4
7,1,2025-01-28 00:00:00+00:00,2025-01-28 04:00:00+00:00,2025-01-29 04:00:00+00:00,-0.005311123708933349,0.7709116929957112,4,4
7,1,2025-01-29 00:00:00+00:00,2025-01-29 04:00:00+00:00,2025-01-30 04:00:00+00:00,-0.0064214458611357534,1.200994460899282,4,4
7,1,2025-01-30 00:00:00+00:00,2025-01-30 04:00:00+00:00,2025-01-31 04:00:00+00:00,0.0027078032200525577,0.7508845937579768,4,4
7,1,2025-01-31 00:00:00+00:00,2025-01-31 04:00:00+00:00,2025-02-01 04:00:00+00:00,-0.010913520708710855,0.007291455947272471,4,4
7,1,2025-02-01 00:00:00+00:00,2025-02-01 04:00:00+00:00,2025-02-02 04:00:00+00:00,0.02397873594547835,0.5919665396335146,4,4
7,1,2025-02-02 00:00:00+00:00,2025-02-02 04:00:00+00:00,2025-02-03 04:00:00+00:00,0.008299345051034475,1.1003042998642054,4,4
7,1,2025-02-03 00:00:00+00:00,2025-02-03 04:00:00+00:00,2025-02-04 04:00:00+00:00,-0.02833435285424678,0.7893970330186726,4,4
7,1,2025-02-04 00:00:00+00:00,2025-02-04 04:00:00+00:00,2025-02-05 04:00:00+00:00,0.0015833166813846826,1.029533715591629,4,4
7,1,2025-02-05 00:00:00+00:00,2025-02-05 04:00:00+00:00,2025-02-06 04:00:00+00:00,-0.000603170608775661,0.2249592890338819,4,4
7,1,2025-02-06 00:00:00+00:00,2025-02-06 04:00:00+00:00,2025-02-07 04:00:00+00:00,-0.0006599582811969464,0.7050556810374462,4,4
7,1,2025-02-07 00:00:00+00:00,2025-02-07 04:00:00+00:00,2025-02-08 04:00:00+00:00,-0.0019924605951329765,0.5569382177969784,4,4
7,1,2025-02-08 00:00:00+00:00,2025-02-08 04:00:00+00:00,2025-02-09 04:00:00+00:00,-0.006722620793774269,0.4909209038392711,4,4
7,1,2025-02-09 00:00:00+00:00,2025-02-09 04:00:00+00:00,2025-02-10 04:00:00+00:00,0.004334746142881027,0.7486478326490663,4,4
7,1,2025-02-10 00:00:00+00:00,2025-02-10 04:00:00+00:00,2025-02-11 04:00:00+00:00,-0.0012250350221867578,0.6,4,4
7,1,2025-02-11 00:00:00+00:00,2025-02-11 04:00:00+00:00,2025-02-12 04:00:00+00:00,-0.005570396629124473,1.5144522229398372,4,4
7,1,2025-02-12 00:00:00+00:00,2025-02-12 04:00:00+00:00,2025-02-13 04:00:00+00:00,0.018199780277349982,0.7035705089818469,4,4
7,1,2025-02-13 00:00:00+00:00,2025-02-13 04:00:00+00:00,2025-02-14 04:00:00+00:00,0.002814486002421533,1.0022172376247533,4,4
7,1,2025-02-14 00:00:00+00:00,2025-02-14 04:00:00+00:00,2025-02-15 04:00:00+00:00,-0.00728913838658664,0.4675622173583917,4,4
7,1,2025-02-15 00:00:00+00:00,2025-02-15 04:00:00+00:00,2025-02-16 04:00:00+00:00,0.0029557326934615477,0.2402114156026931,4,4
7,1,2025-02-16 00:00:00+00:00,2025-02-16 04:00:00+00:00,2025-02-17 04:00:00+00:00,-0.0003844513411495592,0.2639709361635113,4,4
7,1,2025-02-17 00:00:00+00:00,2025-02-17 04:00:00+00:00,2025-02-18 04:00:00+00:00,0.010801896403161928,0.799285313784836,4,4
7,1,2025-02-18 00:00:00+00:00,2025-02-18 04:00:00+00:00,2025-02-19 04:00:00+00:00,0.006588516033774489,0.7473406665869647,4,4
7,1,2025-02-19 00:00:00+00:00,2025-02-19 04:00:00+00:00,2025-02-20 04:00:00+00:00,0.005139808008289164,0.4639113690893406,4,4
7,1,2025-02-20 00:00:00+00:00,2025-02-20 04:00:00+00:00,2025-02-21 04:00:00+00:00,-0.007386434972489581,0.7876505190157376,4,4
7,1,2025-02-21 00:00:00+00:00,2025-02-21 04:00:00+00:00,2025-02-22 04:00:00+00:00,-0.01420013609141089,0.8012896129205975,4,4
7,1,2025-02-22 00:00:00+00:00,2025-02-22 04:00:00+00:00,2025-02-23 04:00:00+00:00,-0.005171185250372744,0.5211208264458589,4,4
7,1,2025-02-23 00:00:00+00:00,2025-02-23 04:00:00+00:00,2025-02-24 04:00:00+00:00,0.013663877135076507,1.0239537366529834,4,4
7,1,2025-02-24 00:00:00+00:00,2025-02-24 04:00:00+00:00,2025-02-25 04:00:00+00:00,0.0028191583239382933,0.733830686821886,4,4
7,1,2025-02-25 00:00:00+00:00,2025-02-25 04:00:00+00:00,2025-02-26 04:00:00+00:00,0.0013843793983167344,0.48716820384178927,4,4
7,1,2025-02-26 00:00:00+00:00,2025-02-26 04:00:00+00:00,2025-02-27 04:00:00+00:00,0.010558805199066733,0.7444242931255463,4,4
7,1,2025-02-27 00:00:00+00:00,2025-02-27 04:00:00+00:00,2025-02-28 04:00:00+00:00,0.0027508652449591926,0.5629641346989491,4,4
7,1,2025-02-28 00:00:00+00:00,2025-02-28 04:00:00+00:00,2025-03-01 04:00:00+00:00,-0.011068356455855617,0.521975508620758,4,4
7,1,2025-03-01 00:00:00+00:00,2025-03-01 04:00:00+00:00,2025-03-02 04:00:00+00:00,-0.0033439941324700474,0.012492351324757803,4,4
7,1,2025-03-02 00:00:00+00:00,2025-03-02 04:00:00+00:00,2025-03-03 04:00:00+00:00,-0.02976529539506887,0.3014360438300947,4,4
7,1,2025-03-03 00:00:00+00:00,2025-03-03 04:00:00+00:00,2025-03-04 04:00:00+00:00,-0.009148188399412477,0.5351777075993757,4,4
7,1,2025-03-04 00:00:00+00:00,2025-03-04 04:00:00+00:00,2025-03-05 04:00:00+00:00,0.013907635497802853,1.190326616494724,4,4
7,1,2025-03-05 00:00:00+00:00,2025-03-05 04:00:00+00:00,2025-03-06 04:00:00+00:00,-0.004432764294362479,0.3087744671257758,4,4
7,1,2025-03-06 00:00:00+00:00,2025-03-06 04:00:00+00:00,2025-03-07 04:00:00+00:00,0.008213280517458633,0.6026770902056211,4,4
7,1,2025-03-07 00:00:00+00:00,2025-03-07 04:00:00+00:00,2025-03-08 04:00:00+00:00,-0.012833809436834409,0.6,4,4
7,1,2025-03-08 00:00:00+00:00,2025-03-08 04:00:00+00:00,2025-03-09 04:00:00+00:00,-0.0024671456026752357,0.6,4,4
7,1,2025-03-09 00:00:00+00:00,2025-03-09 04:00:00+00:00,2025-03-10 04:00:00+00:00,0.004931491325494693,0.003430211755236362,4,4
7,1,2025-03-10 00:00:00+00:00,2025-03-10 04:00:00+00:00,2025-03-11 04:00:00+00:00,0.007991657395546182,0.24919046801095213,4,4
7,1,2025-03-11 00:00:00+00:00,2025-03-11 04:00:00+00:00,2025-03-12 04:00:00+00:00,-0.0016561422041679553,1.0473369253081164,4,4
7,1,2025-03-12 00:00:00+00:00,2025-03-12 04:00:00+00:00,2025-03-13 04:00:00+00:00,-0.010005010967511132,0.7547480546645182,4,4
7,1,2025-03-13 00:00:00+00:00,2025-03-13 04:00:00+00:00,2025-03-14 04:00:00+00:00,0.005292823043169411,0.9703743884722202,4,4
7,1,2025-03-14 00:00:00+00:00,2025-03-14 04:00:00+00:00,2025-03-15 04:00:00+00:00,-0.005144996728812126,0.8155443989279418,4,4
7,1,2025-03-15 00:00:00+00:00,2025-03-15 04:00:00+00:00,2025-03-16 04:00:00+00:00,0.010187843276565845,1.07814714085125,4,4
7,1,2025-03-16 00:00:00+00:00,2025-03-16 04:00:00+00:00,2025-03-17 04:00:00+00:00,-0.0008970727420043369,0.9830998707169558,4,4
7,1,2025-03-17 00:00:00+00:00,2025-03-17 04:00:00+00:00,2025-03-18 04:00:00+00:00,0.002206584121497275,0.30213912915968555,4,4
7,1,2025-03-18 00:00:00+00:00,2025-03-18 04:00:00+00:00,2025-03-19 04:00:00+00:00,-0.0053666610296391245,0.8099251127356898,4,4
7,1,2025-03-19 00:00:00+00:00,2025-03-19 04:00:00+00:00,2025-03-20 04:00:00+00:00,-0.013191788602014618,0.7460881976860955,4,4
7,1,2025-03-20 00:00:00+00:00,2025-03-20 04:00:00+00:00,2025-03-21 04:00:00+00:00,0.008255708781430065,0.3016892432807145,4,4
7,1,2025-03-21 00:00:00+00:00,2025-03-21 04:00:00+00:00,2025-03-22 04:00:00+00:00,-0.009727882718517229,1.0528145400497464,4,4
7,1,2025-03-22 00:00:00+00:00,2025-03-22 04:00:00+00:00,2025-03-23 04:00:00+00:00,0.0044689305551583545,0.20986973278181378,4,4
7,1,2025-03-23 00:00:00+00:00,2025-03-23 04:00:00+00:00,2025-03-24 04:00:00+00:00,-0.003336642634055773,1.2594835799362367,4,4
7,1,2025-03-24 00:00:00+00:00,2025-03-24 04:00:00+00:00,2025-03-25 04:00:00+00:00,0.0012204272309170145,0.5507581328860249,4,4
7,1,2025-03-25 00:00:00+00:00,2025-03-25 04:00:00+00:00,2025-03-26 04:00:00+00:00,0.011457732550276694,1.3883218788123428,4,4
7,1,2025-03-26 00:00:00+00:00,2025-03-26 04:00:00+00:00,2025-03-27 04:00:00+00:00,0.001102800048130263,0.5202771855771806,4,4
7,1,2025-03-27 00:00:00+00:00,2025-03-27 04:00:00+00:00,2025-03-28 04:00:00+00:00,-0.00830251195774272,0.3057502076695251,4,4
7,1,2025-03-28 00:00:00+00:00,2025-03-28 04:00:00+00:00,2025-03-29 04:00:00+00:00,-0.008793170844679616,0.9500958471437534,4,4
7,1,2025-03-29 00:00:00+00:00,2025-03-29 04:00:00+00:00,2025-03-30 04:00:00+00:00,-0.013392431935527905,0.26003415039102384,4,4
7,1,2025-03-30 00:00:00+00:00,2025-03-30 04:00:00+00:00,2025-03-31 04:00:00+00:00,-0.005883570274655329,0.536904646475155,4,4
7,1,2025-03-31 00:00:00+00:00,2025-03-31 04:00:00+00:00,2025-04-01 04:00:00+00:00,0.0008757663016184612,1.5114020429420263,4,4
7,1,2025-04-01 00:00:00+00:00,2025-04-01 04:00:00+00:00,2025-04-02 04:00:00+00:00,0.0003764057464832459,0.8164592232524082,4,4
7,1,2025-04-02 00:00:00+00:00,2025-04-02 04:00:00+00:00,2025-04-03 04:00:00+00:00,0.0004200950565661438,0.5433733796089326,4,4
7,1,2025-04-03 00:00:00+00:00,2025-04-03 04:00:00+00:00,2025-04-04 04:00:00+00:00,0.0008935655262981186,0.5928176362551293,4,4
7,1,2025-04-04 00:00:00+00:00,2025-04-04 04:00:00+00:00,2025-04-05 04:00:00+00:00,-0.0010475326758505009,0.6833814205321691,4,4
7,1,2025-04-05 00:00:00+00:00,2025-04-05 04:00:00+00:00,2025-04-06 04:00:00+00:00,0.0028742671857621338,0.9948221178560355,4,4
7,1,2025-04-06 00:00:00+00:00,2025-04-06 04:00:00+00:00,2025-04-07 04:00:00+00:00,0.0012724089859853863,0.47853550066008943,4,4
7,1,2025-04-07 00:00:00+00:00,2025-04-07 04:00:00+00:00,2025-04-08 04:00:00+00:00,-0.012392562322033784,0.778737493307992,4,4
7,1,2025-04-08 00:00:00+00:00,2025-04-08 04:00:00+00:00,2025-04-09 04:00:00+00:00,-0.00903285030117559,0.5124900376888957,4,4
7,1,2025-04-09 00:00:00+00:00,2025-04-09 04:00:00+00:00,2025-04-10 04:00:00+00:00,0.009312931423385568,0.5616800513011653,4,4
7,1,2025-04-10 00:00:00+00:00,2025-04-10 04:00:00+00:00,2025-04-11 04:00:00+00:00,0.013042116552756389,1.031480594239974,4,4
7,1,2025-04-11 00:00:00+00:00,2025-04-11 04:00:00+00:00,2025-04-12 04:00:00+00:00,0.005041567141871326,0.30695902151845034,4,4
7,1,2025-04-12 00:00:00+00:00,2025-04-12 04:00:00+00:00,2025-04-13 04:00:00+00:00,0.01209318153258421,0.592359489836362,4,4
7,1,2025-04-13 00:00:00+00:00,2025-04-13 04:00:00+00:00,2025-04-14 04:00:00+00:00,-0.004534339414841621,0.5422037218017155,4,4
7,1,2025-04-14 00:00:00+00:00,2025-04-14 04:00:00+00:00,2025-04-15 04:00:00+00:00,0.000447135413131943,0.00420758276136117,4,4
7,1,2025-04-15 00:00:00+00:00,2025-04-15 04:00:00+00:00,2025-04-16 04:00:00+00:00,-0.0018609269908997396,0.8405665175504149,4,4
7,1,2025-04-16 00:00:00+00:00,2025-04-16 04:00:00+00:00,2025-04-17 04:00:00+00:00,0.008659197781418267,1.1020274077471348,4,4
7,1,2025-04-17 00:00:00+00:00,2025-04-17 04:00:00+00:00,2025-04-18 04:00:00+00:00,-0.0032346854783217166,0.7957498455791884,4,4
7,1,2025-04-18 00:00:00+00:00,2025-04-18 04:00:00+00:00,2025-04-19 04:00:00+00:00,-0.005639750388094984,0.526916903079879,4,4
7,1,2025-04-19 00:00:00+00:00,2025-04-19 04:00:00+00:00,2025-04-20 04:00:00+00:00,-0.015112130501198112,1.0156076879965887,4,4
7,1,2025-04-20 00:00:00+00:00,2025-04-20 04:00:00+00:00,2025-04-21 04:00:00+00:00,-0.0025977942679594563,1.0156076879965887,4,4
7,1,2025-04-21 00:00:00+00:00,2025-04-21 04:00:00+00:00,2025-04-22 04:00:00+00:00,-0.009416019786399707,1.2804775824733956,4,4
7,1,2025-04-22 00:00:00+00:00,2025-04-22 04:00:00+00:00,2025-04-23 04:00:00+00:00,-0.011247118782961132,0.7811368590847714,4,4
7,1,2025-04-23 00:00:00+00:00,2025-04-23 04:00:00+00:00,2025-04-24 04:00:00+00:00,0.005592027399097902,0.7832611053091098,4,4
7,1,2025-04-24 00:00:00+00:00,2025-04-24 04:00:00+00:00,2025-04-25 04:00:00+00:00,0.009492470462028911,0.8028587399844574,4,4
7,1,2025-04-25 00:00:00+00:00,2025-04-25 04:00:00+00:00,2025-04-26 04:00:00+00:00,0.018940836390190688,0.5578514897702799,4,4
7,1,2025-04-26 00:00:00+00:00,2025-04-26 04:00:00+00:00,2025-04-27 04:00:00+00:00,-0.007057018164344439,0.4692825960965809,4,4
7,1,2025-04-27 00:00:00+00:00,2025-04-27 04:00:00+00:00,2025-04-28 04:00:00+00:00,-0.02122148481520204,0.2845651105101564,4,4
7,1,2025-04-28 00:00:00+00:00,2025-04-28 04:00:00+00:00,2025-04-29 04:00:00+00:00,0.0036407990207701227,0.5835666199016862,4,4
7,1,2025-04-29 00:00:00+00:00,2025-04-29 04:00:00+00:00,2025-04-30 04:00:00+00:00,-0.0015043464750970571,0.7432627446047835,4,4
7,1,2025-04-30 00:00:00+00:00,2025-04-30 04:00:00+00:00,2025-05-01 04:00:00+00:00,0.0018531342263843121,1.0432627446047835,4,4
7,1,2025-05-01 00:00:00+00:00,2025-05-01 04:00:00+00:00,2025-05-02 04:00:00+00:00,0.0033222494677110272,0.7925306232796505,4,4
7,1,2025-05-02 00:00:00+00:00,2025-05-02 04:00:00+00:00,2025-05-03 04:00:00+00:00,-0.003443172561382523,0.7620517145057724,4,4
7,1,2025-05-03 00:00:00+00:00,2025-05-03 04:00:00+00:00,2025-05-04 04:00:00+00:00,0.009602247234112172,0.7866191901956123,4,4
7,1,2025-05-04 00:00:00+00:00,2025-05-04 04:00:00+00:00,2025-05-05 04:00:00+00:00,-0.0012399555787398365,0.7316527194622326,4,4
7,1,2025-05-05 00:00:00+00:00,2025-05-05 04:00:00+00:00,2025-05-06 04:00:00+00:00,0.004988980264285831,0.2967806291622473,4,4
7,1,2025-05-06 00:00:00+00:00,2025-05-06 04:00:00+00:00,2025-05-07 04:00:00+00:00,0.025619066560756874,0.509392985830672,4,4
7,1,2025-05-07 00:00:00+00:00,2025-05-07 04:00:00+00:00,2025-05-08 04:00:00+00:00,-0.0009664959198252623,0.8538581346330014,4,4
7,1,2025-05-08 00:00:00+00:00,2025-05-08 04:00:00+00:00,2025-05-09 04:00:00+00:00,-0.027624576091704104,0.4799740452852196,4,4
7,1,2025-05-09 00:00:00+00:00,2025-05-09 04:00:00+00:00,2025-05-10 04:00:00+00:00,-0.004536367281746001,0.010687397018270109,4,4
7,1,2025-05-10 00:00:00+00:00,2025-05-10 04:00:00+00:00,2025-05-11 04:00:00+00:00,-0.02853033503879082,0.5044094739040993,4,4
7,1,2025-05-11 00:00:00+00:00,2025-05-11 04:00:00+00:00,2025-05-12 04:00:00+00:00,0.004296805154801658,0.7518764937437256,4,4
7,1,2025-05-12 00:00:00+00:00,2025-05-12 04:00:00+00:00,2025-05-13 04:00:00+00:00,-0.020683788778530686,1.4946069773074937,4,4
7,1,2025-05-13 00:00:00+00:00,2025-05-13 04:00:00+00:00,2025-05-14 04:00:00+00:00,0.013284808562103853,0.7579547911766482,4,4
7,1,2025-05-14 00:00:00+00:00,2025-05-14 04:00:00+00:00,2025-05-15 04:00:00+00:00,-0.0029101219193140536,0.7662982135822893,4,4
7,1,2025-05-15 00:00:00+00:00,2025-05-15 04:00:00+00:00,2025-05-16 04:00:00+00:00,-0.01477699819709312,0.5103197776316664,4,4
7,1,2025-05-16 00:00:00+00:00,2025-05-16 04:00:00+00:00,2025-05-17 04:00:00+00:00,-0.016112490731854622,0.4735637208509418,4,4
7,1,2025-05-17 00:00:00+00:00,2025-05-17 04:00:00+00:00,2025-05-18 04:00:00+00:00,0.0015386209585647181,0.8074063396140161,4,4
7,1,2025-05-18 00:00:00+00:00,2025-05-18 04:00:00+00:00,2025-05-19 04:00:00+00:00,0.0016611214807370476,1.329841534857585,4,4
7,1,2025-05-19 00:00:00+00:00,2025-05-19 04:00:00+00:00,2025-05-20 04:00:00+00:00,-0.007177335063637177,0.8089046361648042,4,4
7,1,2025-05-20 00:00:00+00:00,2025-05-20 04:00:00+00:00,2025-05-21 04:00:00+00:00,-0.00196174337424442,0.7821888474857425,4,4
7,1,2025-05-21 00:00:00+00:00,2025-05-21 04:00:00+00:00,2025-05-22 04:00:00+00:00,-0.003964328252291749,1.1996370900360958,4,4
7,1,2025-05-22 00:00:00+00:00,2025-05-22 04:00:00+00:00,2025-05-23 04:00:00+00:00,-0.021012832351851852,0.5709153569872225,4,4
7,1,2025-05-23 00:00:00+00:00,2025-05-23 04:00:00+00:00,2025-05-24 04:00:00+00:00,0.016581183176755672,0.5719019703203803,4,4
7,1,2025-05-24 00:00:00+00:00,2025-05-24 04:00:00+00:00,2025-05-25 04:00:00+00:00,0.001653395840710266,0.7047000149912797,4,4
7,1,2025-05-25 00:00:00+00:00,2025-05-25 04:00:00+00:00,2025-05-26 04:00:00+00:00,0.006336768511116295,0.443406506573069,4,4
7,1,2025-05-26 00:00:00+00:00,2025-05-26 04:00:00+00:00,2025-05-27 04:00:00+00:00,0.0074624644857310225,0.498867145823243,4,4
7,1,2025-05-27 00:00:00+00:00,2025-05-27 04:00:00+00:00,2025-05-28 04:00:00+00:00,0.0038911765302927295,0.47040199742420075,4,4
7,1,2025-05-28 00:00:00+00:00,2025-05-28 04:00:00+00:00,2025-05-29 04:00:00+00:00,0.001691243237358091,0.47393362618289037,4,4
7,1,2025-05-29 00:00:00+00:00,2025-05-29 04:00:00+00:00,2025-05-30 04:00:00+00:00,0.012862448864804116,0.684955479694899,4,4
7,1,2025-05-30 00:00:00+00:00,2025-05-30 04:00:00+00:00,2025-05-31 04:00:00+00:00,-0.029702006327203344,1.3435332791810441,4,4
7,1,2025-05-31 00:00:00+00:00,2025-05-31 04:00:00+00:00,2025-06-01 04:00:00+00:00,-0.007918647731334215,1.1907506009571023,4,4
7,1,2025-06-01 00:00:00+00:00,2025-06-01 04:00:00+00:00,2025-06-02 04:00:00+00:00,0.0008229989651063311,0.2827969329153503,4,4
7,1,2025-06-02 00:00:00+00:00,2025-06-02 04:00:00+00:00,2025-06-03 04:00:00+00:00,0.004408449845846721,0.5607582668034906,4,4
7,1,2025-06-03 00:00:00+00:00,2025-06-03 04:00:00+00:00,2025-06-04 04:00:00+00:00,0.006984411336408,0.4694524812538441,4,4
7,1,2025-06-04 00:00:00+00:00,2025-06-04 04:00:00+00:00,2025-06-05 04:00:00+00:00,0.007591928700694181,0.7019882602933762,4,4
7,1,2025-06-05 00:00:00+00:00,2025-06-05 04:00:00+00:00,2025-06-06 04:00:00+00:00,0.00612348088958147,0.5164665273446474,4,4
7,1,2025-06-06 00:00:00+00:00,2025-06-06 04:00:00+00:00,2025-06-07 04:00:00+00:00,-0.011395694117924425,1.0188157939175657,4,4
7,1,2025-06-07 00:00:00+00:00,2025-06-07 04:00:00+00:00,2025-06-08 04:00:00+00:00,-0.005763209645144693,1.0389022097045388,4,4
7,1,2025-06-08 00:00:00+00:00,2025-06-08 04:00:00+00:00,2025-06-09 04:00:00+00:00,-0.00010181299449074383,1.0709253798153298,4,4
7,1,2025-06-09 00:00:00+00:00,2025-06-09 04:00:00+00:00,2025-06-10 04:00:00+00:00,-0.009013428554635121,1.0256515641570423,4,4
7,1,2025-06-10 00:00:00+00:00,2025-06-10 04:00:00+00:00,2025-06-11 04:00:00+00:00,-0.018652799080517736,0.544344171094193,4,4
7,1,2025-06-11 00:00:00+00:00,2025-06-11 04:00:00+00:00,2025-06-12 04:00:00+00:00,0.0007975594842565858,0.8296157026391779,4,4
7,1,2025-06-12 00:00:00+00:00,2025-06-12 04:00:00+00:00,2025-06-13 04:00:00+00:00,-0.007232876573774501,0.7107262269204089,4,4
7,1,2025-06-13 00:00:00+00:00,2025-06-13 04:00:00+00:00,2025-06-14 04:00:00+00:00,0.003106859338432392,0.7629184805230254,4,4
7,1,2025-06-14 00:00:00+00:00,2025-06-14 04:00:00+00:00,2025-06-15 04:00:00+00:00,-0.005428634162687856,1.0971729164047983,4,4
7,1,2025-06-15 00:00:00+00:00,2025-06-15 04:00:00+00:00,2025-06-16 04:00:00+00:00,-0.0033153736721019014,0.7890781368363524,4,4
7,1,2025-06-16 00:00:00+00:00,2025-06-16 04:00:00+00:00,2025-06-17 04:00:00+00:00,0.00526345079560803,0.48796953446868097,4,4
7,1,2025-06-17 00:00:00+00:00,2025-06-17 04:00:00+00:00,2025-06-18 04:00:00+00:00,0.01161237146187027,0.5255032588151702,4,4
7,1,2025-06-18 00:00:00+00:00,2025-06-18 04:00:00+00:00,2025-06-19 04:00:00+00:00,-0.00045500605723563115,0.7791711585198985,4,4
7,1,2025-06-19 00:00:00+00:00,2025-06-19 04:00:00+00:00,2025-06-20 04:00:00+00:00,0.005949557567373956,0.6382910266470826,4,4
7,1,2025-06-20 00:00:00+00:00,2025-06-20 04:00:00+00:00,2025-06-21 04:00:00+00:00,0.00786982931651549,0.5346483855269858,4,4
7,1,2025-06-21 00:00:00+00:00,2025-06-21 04:00:00+00:00,2025-06-22 04:00:00+00:00,0.017096481402434964,0.44288350758801487,4,4
7,1,2025-06-22 00:00:00+00:00,2025-06-22 04:00:00+00:00,2025-06-23 04:00:00+00:00,-0.00409775863985216,0.7043192439333892,4,4
7,1,2025-06-23 00:00:00+00:00,2025-06-23 04:00:00+00:00,2025-06-24 04:00:00+00:00,-0.015822846917751474,0.46240025366602533,4,4
7,1,2025-06-24 00:00:00+00:00,2025-06-24 04:00:00+00:00,2025-06-25 04:00:00+00:00,-0.002125128857958331,0.9771672731072457,4,4
7,1,2025-06-25 00:00:00+00:00,2025-06-25 04:00:00+00:00,2025-06-26 04:00:00+00:00,-0.0035193144639986814,0.5756168728263482,4,4
7,1,2025-06-26 00:00:00+00:00,2025-06-26 04:00:00+00:00,2025-06-27 04:00:00+00:00,0.0008832390415115321,0.8333745027630725,4,4
7,1,2025-06-27 00:00:00+00:00,2025-06-27 04:00:00+00:00,2025-06-28 04:00:00+00:00,0.00534626707049106,1.0134607054022429,4,4
7,1,2025-06-28 00:00:00+00:00,2025-06-28 04:00:00+00:00,2025-06-29 04:00:00+00:00,-0.0045591550294857555,0.530446943229201,4,4
7,1,2025-06-29 00:00:00+00:00,2025-06-29 04:00:00+00:00,2025-06-30 04:00:00+00:00,0.004765358131238509,0.539533656676778,4,4
7,1,2025-06-30 00:00:00+00:00,2025-06-30 04:00:00+00:00,2025-07-01 04:00:00+00:00,0.003056784041926677,0.9966842399378011,4,4
7,1,2025-07-01 00:00:00+00:00,2025-07-01 04:00:00+00:00,2025-07-02 04:00:00+00:00,0.0032464669710105375,1.0300329013973064,4,4
7,1,2025-07-02 00:00:00+00:00,2025-07-02 04:00:00+00:00,2025-07-03 04:00:00+00:00,-0.027988165243477078,1.380334006465628,4,4
7,1,2025-07-03 00:00:00+00:00,2025-07-03 04:00:00+00:00,2025-07-04 04:00:00+00:00,-0.005483815161356351,0.006818508926006564,4,4
7,1,2025-07-04 00:00:00+00:00,2025-07-04 04:00:00+00:00,2025-07-05 04:00:00+00:00,-0.002397079657031693,1.405110751392049,4,4
7,1,2025-07-05 00:00:00+00:00,2025-07-05 04:00:00+00:00,2025-07-06 04:00:00+00:00,0.001144417559040779,0.5971044884510563,4,4
7,1,2025-07-06 00:00:00+00:00,2025-07-06 04:00:00+00:00,2025-07-07 04:00:00+00:00,-0.006219390182856788,1.5924905133099811,4,4
7,1,2025-07-07 00:00:00+00:00,2025-07-07 04:00:00+00:00,2025-07-08 04:00:00+00:00,0.005281539086409038,0.7853328411641498,4,4
7,1,2025-07-08 00:00:00+00:00,2025-07-08 04:00:00+00:00,2025-07-09 04:00:00+00:00,0.0023291372590995103,0.7892794911049241,4,4
7,1,2025-07-09 00:00:00+00:00,2025-07-09 04:00:00+00:00,2025-07-10 04:00:00+00:00,-0.014363921046586481,0.8881702835333845,4,4
7,1,2025-07-10 00:00:00+00:00,2025-07-10 04:00:00+00:00,2025-07-11 04:00:00+00:00,-0.014000249701593328,0.8900369348389097,4,4
7,1,2025-07-11 00:00:00+00:00,2025-07-11 04:00:00+00:00,2025-07-12 04:00:00+00:00,0.017896687709185975,0.5633820134778708,4,4
7,1,2025-07-12 00:00:00+00:00,2025-07-12 04:00:00+00:00,2025-07-13 04:00:00+00:00,-0.0004966329300504762,0.8051935661387284,4,4
7,1,2025-07-13 00:00:00+00:00,2025-07-13 04:00:00+00:00,2025-07-14 04:00:00+00:00,0.005592366335137702,0.5494380426076887,4,4
7,1,2025-07-14 00:00:00+00:00,2025-07-14 04:00:00+00:00,2025-07-15 04:00:00+00:00,0.00025290292221555755,0.0056333716189748695,4,4
7,1,2025-07-15 00:00:00+00:00,2025-07-15 04:00:00+00:00,2025-07-16 04:00:00+00:00,-0.004844855915265001,0.30041702788821284,4,4
7,1,2025-07-16 00:00:00+00:00,2025-07-16 04:00:00+00:00,2025-07-17 04:00:00+00:00,0.004779138120147428,0.20311038509122464,4,4
7,1,2025-07-17 00:00:00+00:00,2025-07-17 04:00:00+00:00,2025-07-18 04:00:00+00:00,0.02722059754439875,0.30243670021112706,4,4
7,1,2025-07-18 00:00:00+00:00,2025-07-18 04:00:00+00:00,2025-07-19 04:00:00+00:00,-0.002446135068086162,0.552354546420595,4,4
7,1,2025-07-19 00:00:00+00:00,2025-07-19 04:00:00+00:00,2025-07-20 04:00:00+00:00,0.010819121483261718,0.7724054599427028,4,4
7,1,2025-07-20 00:00:00+00:00,2025-07-20 04:00:00+00:00,2025-07-21 04:00:00+00:00,-0.007930716696830944,0.92549088951836,4,4
7,1,2025-07-21 00:00:00+00:00,2025-07-21 04:00:00+00:00,2025-07-22 04:00:00+00:00,0.002072153069409513,0.5146763304001248,4,4
7,1,2025-07-22 00:00:00+00:00,2025-07-22 04:00:00+00:00,2025-07-23 04:00:00+00:00,0.004749485878879903,0.5192144875021448,4,4
7,1,2025-07-23 00:00:00+00:00,2025-07-23 04:00:00+00:00,2025-07-24 04:00:00+00:00,0.0007715536822492583,0.7663155381530699,4,4
7,1,2025-07-24 00:00:00+00:00,2025-07-24 04:00:00+00:00,2025-07-25 04:00:00+00:00,-0.006157643922039012,1.0450246273812984,4,4
7,1,2025-07-25 00:00:00+00:00,2025-07-25 04:00:00+00:00,2025-07-26 04:00:00+00:00,-0.0020948944380171416,0.4932521458513959,4,4
7,1,2025-07-26 00:00:00+00:00,2025-07-26 04:00:00+00:00,2025-07-27 04:00:00+00:00,-0.0018631371416405972,0.731577470471618,4,4
7,1,2025-07-27 00:00:00+00:00,2025-07-27 04:00:00+00:00,2025-07-28 04:00:00+00:00,0.006806387780587789,0.7625266274106117,4,4
7,1,2025-07-28 00:00:00+00:00,2025-07-28 04:00:00+00:00,2025-07-29 04:00:00+00:00,0.012663891668852498,0.4134658781919893,4,4
7,1,2025-07-29 00:00:00+00:00,2025-07-29 04:00:00+00:00,2025-07-30 04:00:00+00:00,-0.0027376392952292955,0.43980947409799676,4,4
7,1,2025-07-30 00:00:00+00:00,2025-07-30 04:00:00+00:00,2025-07-31 04:00:00+00:00,0.004054885108805592,0.9947678881110893,4,4
7,1,2025-07-31 00:00:00+00:00,2025-07-31 04:00:00+00:00,2025-08-01 04:00:00+00:00,0.011617262343137646,0.26703842336866285,4,4
7,1,2025-08-01 00:00:00+00:00,2025-08-01 04:00:00+00:00,2025-08-02 04:00:00+00:00,-0.002320194134707948,0.3011619587742551,4,4
7,1,2025-08-02 00:00:00+00:00,2025-08-02 04:00:00+00:00,2025-08-03 04:00:00+00:00,-0.0005203614834397245,0.6,4,4
7,1,2025-08-03 00:00:00+00:00,2025-08-03 04:00:00+00:00,2025-08-04 04:00:00+00:00,0.003728131077775757,0.9710002796537907,4,4
7,1,2025-08-04 00:00:00+00:00,2025-08-04 04:00:00+00:00,2025-08-05 04:00:00+00:00,0.008389838967070747,0.8144084368222431,4,4
7,1,2025-08-05 00:00:00+00:00,2025-08-05 04:00:00+00:00,2025-08-06 04:00:00+00:00,0.0005883694231308993,0.5065175822922796,4,4
7,1,2025-08-06 00:00:00+00:00,2025-08-06 04:00:00+00:00,2025-08-07 04:00:00+00:00,-0.0034903624526466514,0.8262149056540113,4,4
7,1,2025-08-07 00:00:00+00:00,2025-08-07 04:00:00+00:00,2025-08-08 04:00:00+00:00,0.01789878476349102,0.5262149056540113,4,4
7,1,2025-08-08 00:00:00+00:00,2025-08-08 04:00:00+00:00,2025-08-09 04:00:00+00:00,-0.010334579060755203,0.8382525953731166,4,4
7,1,2025-08-09 00:00:00+00:00,2025-08-09 04:00:00+00:00,2025-08-10 04:00:00+00:00,-0.002589114394756638,1.0184068290661958,4,4
7,1,2025-08-10 00:00:00+00:00,2025-08-10 04:00:00+00:00,2025-08-11 04:00:00+00:00,0.0036960053082042412,0.4112603900810843,4,4
7,1,2025-08-11 00:00:00+00:00,2025-08-11 04:00:00+00:00,2025-08-12 04:00:00+00:00,0.001603594522881674,0.983207502902694,4,4
7,1,2025-08-12 00:00:00+00:00,2025-08-12 04:00:00+00:00,2025-08-13 04:00:00+00:00,-0.00025972177712449765,0.6,4,4
7,1,2025-08-13 00:00:00+00:00,2025-08-13 04:00:00+00:00,2025-08-14 04:00:00+00:00,-0.009819317085755883,0.30550844123075394,4,4
7,1,2025-08-14 00:00:00+00:00,2025-08-14 04:00:00+00:00,2025-08-15 04:00:00+00:00,0.0003591964324436408,0.8999999999999999,4,4
7,1,2025-08-15 00:00:00+00:00,2025-08-15 04:00:00+00:00,2025-08-16 04:00:00+00:00,-0.005521758635279064,0.5895229301915631,4,4
7,1,2025-08-16 00:00:00+00:00,2025-08-16 04:00:00+00:00,2025-08-17 04:00:00+00:00,0.005864184431366341,0.24458342158434282,4,4
7,1,2025-08-17 00:00:00+00:00,2025-08-17 04:00:00+00:00,2025-08-18 04:00:00+00:00,0.00991701785452111,0.5155288491128991,4,4
7,1,2025-08-18 00:00:00+00:00,2025-08-18 04:00:00+00:00,2025-08-19 04:00:00+00:00,0.0012718466346247556,0.4495676871094061,4,4
7,1,2025-08-19 00:00:00+00:00,2025-08-19 04:00:00+00:00,2025-08-20 04:00:00+00:00,-0.002222864609220316,0.6,4,4
7,1,2025-08-20 00:00:00+00:00,2025-08-20 04:00:00+00:00,2025-08-21 04:00:00+00:00,0.01570305111657113,0.2469962802333911,4,4
7,1,2025-08-21 00:00:00+00:00,2025-08-21 04:00:00+00:00,2025-08-22 04:00:00+00:00,-0.010988850355242236,0.47628990893880113,4,4
7,1,2025-08-22 00:00:00+00:00,2025-08-22 04:00:00+00:00,2025-08-23 04:00:00+00:00,0.014176711468708351,0.48002809420365894,4,4
7,1,2025-08-23 00:00:00+00:00,2025-08-23 04:00:00+00:00,2025-08-24 04:00:00+00:00,0.0012446972530460734,0.5045705447121046,4,4
7,1,2025-08-24 00:00:00+00:00,2025-08-24 04:00:00+00:00,2025-08-25 04:00:00+00:00,-0.0026058295089799958,0.4876985921112126,4,4
7,1,2025-08-25 00:00:00+00:00,2025-08-25 04:00:00+00:00,2025-08-26 04:00:00+00:00,-0.014936504172082518,0.5927536930750412,4,4
7,1,2025-08-26 00:00:00+00:00,2025-08-26 04:00:00+00:00,2025-08-27 04:00:00+00:00,0.0013109066879674978,0.7948991139179225,4,4
7,1,2025-08-27 00:00:00+00:00,2025-08-27 04:00:00+00:00,2025-08-28 04:00:00+00:00,0.0015890821556887326,0.30352574033350105,4,4
7,1,2025-08-28 00:00:00+00:00,2025-08-28 04:00:00+00:00,2025-08-29 04:00:00+00:00,0.002481362943937125,0.4322104757077844,4,4
7,1,2025-08-29 00:00:00+00:00,2025-08-29 04:00:00+00:00,2025-08-30 04:00:00+00:00,-0.008146775195620591,0.2624081850386529,4,4
7,1,2025-08-30 00:00:00+00:00,2025-08-30 04:00:00+00:00,2025-08-31 04:00:00+00:00,-0.000859399121310602,0.300696183454504,4,4
7,1,2025-08-31 00:00:00+00:00,2025-08-31 04:00:00+00:00,2025-09-01 04:00:00+00:00,0.0014419651141846434,0.686779640797192,4,4
7,1,2025-09-01 00:00:00+00:00,2025-09-01 04:00:00+00:00,2025-09-02 04:00:00+00:00,-0.005357315148995612,0.5200483987006758,4,4
7,1,2025-09-02 00:00:00+00:00,2025-09-02 04:00:00+00:00,2025-09-03 04:00:00+00:00,-0.009587589854875674,1.1878834009567507,4,4
7,1,2025-09-03 00:00:00+00:00,2025-09-03 04:00:00+00:00,2025-09-04 04:00:00+00:00,0.0028336700365893938,1.2465326691039942,4,4
7,1,2025-09-04 00:00:00+00:00,2025-09-04 04:00:00+00:00,2025-09-05 04:00:00+00:00,-5.356132119440629e-05,1.272065416586901,4,4
7,1,2025-09-05 00:00:00+00:00,2025-09-05 04:00:00+00:00,2025-09-06 04:00:00+00:00,0.0032507737303728614,0.5355706989474085,4,4
7,1,2025-09-06 00:00:00+00:00,2025-09-06 04:00:00+00:00,2025-09-07 04:00:00+00:00,0.0002833037596068716,1.535634231105652,4,4
7,1,2025-09-07 00:00:00+00:00,2025-09-07 04:00:00+00:00,2025-09-08 04:00:00+00:00,-0.000662582538833538,0.9526028529812911,4,4
7,1,2025-09-08 00:00:00+00:00,2025-09-08 04:00:00+00:00,2025-09-09 04:00:00+00:00,-0.004617082583950717,0.4905453898527824,4,4
7,1,2025-09-09 00:00:00+00:00,2025-09-09 04:00:00+00:00,2025-09-10 04:00:00+00:00,0.008634518337181653,0.30077565612667057,4,4
7,1,2025-09-10 00:00:00+00:00,2025-09-10 04:00:00+00:00,2025-09-11 04:00:00+00:00,0.001309111494151651,0.8268943568928191,4,4
7,1,2025-09-11 00:00:00+00:00,2025-09-11 04:00:00+00:00,2025-09-12 04:00:00+00:00,-0.006956455170889433,0.30715713132448524,4,4
7,1,2025-09-12 00:00:00+00:00,2025-09-12 04:00:00+00:00,2025-09-13 04:00:00+00:00,0.004011065887709652,0.28375709950210765,4,4
7,1,2025-09-13 00:00:00+00:00,2025-09-13 04:00:00+00:00,2025-09-14 04:00:00+00:00,0.010325807658770994,0.5523602866496087,4,4
7,1,2025-09-14 00:00:00+00:00,2025-09-14 04:00:00+00:00,2025-09-15 04:00:00+00:00,0.00015183710069577088,0.278975764222092,4,4
7,1,2025-09-15 00:00:00+00:00,2025-09-15 04:00:00+00:00,2025-09-16 04:00:00+00:00,0.0110482501639589,0.3065861356679997,4,4
7,1,2025-09-16 00:00:00+00:00,2025-09-16 04:00:00+00:00,2025-09-17 04:00:00+00:00,-0.007672548579190392,0.2712019264840065,4,4
7,1,2025-09-17 00:00:00+00:00,2025-09-17 04:00:00+00:00,2025-09-18 04:00:00+00:00,0.013636920415099755,0.30440833421008534,4,4
7,1,2025-09-18 00:00:00+00:00,2025-09-18 04:00:00+00:00,2025-09-19 04:00:00+00:00,0.0029531955079688038,0.5770733282830851,4,4
7,1,2025-09-19 00:00:00+00:00,2025-09-19 04:00:00+00:00,2025-09-20 04:00:00+00:00,0.006777489319778068,0.8476262829680259,4,4
7,1,2025-09-20 00:00:00+00:00,2025-09-20 04:00:00+00:00,2025-09-21 04:00:00+00:00,0.013510076050552456,0.809610010082334,4,4
7,1,2025-09-21 00:00:00+00:00,2025-09-21 04:00:00+00:00,2025-09-22 04:00:00+00:00,0.00864781392892091,0.599598733061864,4,4
7,1,2025-09-22 00:00:00+00:00,2025-09-22 04:00:00+00:00,2025-09-23 04:00:00+00:00,0.014535269443993378,0.5875938436375938,4,4
7,1,2025-09-23 00:00:00+00:00,2025-09-23 04:00:00+00:00,2025-09-24 04:00:00+00:00,0.0015956966254931666,0.5999999999999999,4,4
7,1,2025-09-24 00:00:00+00:00,2025-09-24 04:00:00+00:00,2025-09-25 04:00:00+00:00,-0.0011242679054401334,0.3017674826950559,4,4
7,1,2025-09-25 00:00:00+00:00,2025-09-25 04:00:00+00:00,2025-09-26 04:00:00+00:00,-0.012395575478176586,0.9813704681329016,4,4
7,1,2025-09-26 00:00:00+00:00,2025-09-26 04:00:00+00:00,2025-09-27 04:00:00+00:00,-0.006064063873160571,0.8259319629149876,4,4
7,1,2025-09-27 00:00:00+00:00,2025-09-27 04:00:00+00:00,2025-09-28 04:00:00+00:00,0.00022070506245262973,0.6006599431438571,4,4
7,1,2025-09-28 00:00:00+00:00,2025-09-28 04:00:00+00:00,2025-09-29 04:00:00+00:00,0.004196796513704979,0.3000557220884763,4,4
7,1,2025-09-29 00:00:00+00:00,2025-09-29 04:00:00+00:00,2025-09-30 04:00:00+00:00,0.002421107985507395,0.6,4,4
7,1,2025-09-30 00:00:00+00:00,2025-09-30 04:00:00+00:00,2025-10-01 04:00:00+00:00,-0.00592805102833444,0.5693081358208755,4,4
7,1,2025-10-01 00:00:00+00:00,2025-10-01 04:00:00+00:00,2025-10-02 04:00:00+00:00,-0.006982880086647139,1.0650965246293782,4,4
7,1,2025-10-02 00:00:00+00:00,2025-10-02 04:00:00+00:00,2025-10-03 04:00:00+00:00,0.009445820974522913,0.6093758222491434,4,4
7,1,2025-10-03 00:00:00+00:00,2025-10-03 04:00:00+00:00,2025-10-04 04:00:00+00:00,-0.004464355462086429,1.0794394376896277,4,4
7,1,2025-10-04 00:00:00+00:00,2025-10-04 04:00:00+00:00,2025-10-05 04:00:00+00:00,0.006848798667477176,0.5430329851686845,4,4
7,1,2025-10-05 00:00:00+00:00,2025-10-05 04:00:00+00:00,2025-10-06 04:00:00+00:00,0.007234293115858165,0.5183287724644823,4,4
7,1,2025-10-06 00:00:00+00:00,2025-10-06 04:00:00+00:00,2025-10-07 04:00:00+00:00,-0.010588981874578279,0.27323802806300007,4,4
7,1,2025-10-07 00:00:00+00:00,2025-10-07 04:00:00+00:00,2025-10-08 04:00:00+00:00,0.027097927353698127,0.2732133809363884,4,4
7,1,2025-10-08 00:00:00+00:00,2025-10-08 04:00:00+00:00,2025-10-09 04:00:00+00:00,-0.0021687288546499385,0.31116343158306625,4,4
7,1,2025-10-09 00:00:00+00:00,2025-10-09 04:00:00+00:00,2025-10-10 04:00:00+00:00,0.01081053196837523,0.5239745955058005,4,4
7,1,2025-10-10 00:00:00+00:00,2025-10-10 04:00:00+00:00,2025-10-11 04:00:00+00:00,0.04782646154389656,0.23323376572848784,4,4
7,1,2025-10-11 00:00:00+00:00,2025-10-11 04:00:00+00:00,2025-10-12 04:00:00+00:00,0.0035138832248994495,1.0531883716680273,4,4
7,1,2025-10-12 00:00:00+00:00,2025-10-12 04:00:00+00:00,2025-10-13 04:00:00+00:00,0.0014611350581738985,0.9289094790959281,4,4
7,1,2025-10-13 00:00:00+00:00,2025-10-13 04:00:00+00:00,2025-10-14 04:00:00+00:00,-0.001468997459750935,0.8044241157359513,4,4
7,1,2025-10-14 00:00:00+00:00,2025-10-14 04:00:00+00:00,2025-10-15 04:00:00+00:00,-0.01105476875769288,0.8064536668774724,4,4
7,1,2025-10-15 00:00:00+00:00,2025-10-15 04:00:00+00:00,2025-10-16 04:00:00+00:00,-0.0018208269863490036,0.5601444070001925,4,4
7,1,2025-10-16 00:00:00+00:00,2025-10-16 04:00:00+00:00,2025-10-17 04:00:00+00:00,0.006768853744961673,0.5601444070001926,4,4
7,1,2025-10-17 00:00:00+00:00,2025-10-17 04:00:00+00:00,2025-10-18 04:00:00+00:00,-0.005893096166117023,0.2634156133645288,4,4
7,1,2025-10-18 00:00:00+00:00,2025-10-18 04:00:00+00:00,2025-10-19 04:00:00+00:00,-0.003051209976667831,0.5052920486393064,4,4
7,1,2025-10-19 00:00:00+00:00,2025-10-19 04:00:00+00:00,2025-10-20 04:00:00+00:00,-0.000602812826715351,0.2369039696212495,4,4
7,1,2025-10-20 00:00:00+00:00,2025-10-20 04:00:00+00:00,2025-10-21 04:00:00+00:00,0.002583771878678886,0.7173500634747175,4,4
7,1,2025-10-21 00:00:00+00:00,2025-10-21 04:00:00+00:00,2025-10-22 04:00:00+00:00,0.0032157603259313013,0.9856113289193134,4,4
7,1,2025-10-22 00:00:00+00:00,2025-10-22 04:00:00+00:00,2025-10-23 04:00:00+00:00,-0.00248812992146622,1.3195984396741205,4,4
7,1,2025-10-23 00:00:00+00:00,2025-10-23 04:00:00+00:00,2025-10-24 04:00:00+00:00,-0.006947294464459351,0.4569575239518773,4,4
7,1,2025-10-24 00:00:00+00:00,2025-10-24 04:00:00+00:00,2025-10-25 04:00:00+00:00,0.012361869363270434,0.3015384696064232,4,4
7,1,2025-10-25 00:00:00+00:00,2025-10-25 04:00:00+00:00,2025-10-26 04:00:00+00:00,0.003947302518338494,0.8217352892479839,4,4
7,1,2025-10-26 00:00:00+00:00,2025-10-26 04:00:00+00:00,2025-10-27 04:00:00+00:00,-0.015063821929918801,0.690689354511694,4,4
7,1,2025-10-27 00:00:00+00:00,2025-10-27 04:00:00+00:00,2025-10-28 04:00:00+00:00,0.012162223301588474,0.4583717957850965,4,4
7,1,2025-10-28 00:00:00+00:00,2025-10-28 04:00:00+00:00,2025-10-29 04:00:00+00:00,0.006113378759665916,0.7755838504123493,4,4
7,1,2025-10-29 00:00:00+00:00,2025-10-29 04:00:00+00:00,2025-10-30 04:00:00+00:00,-0.007065248514022307,0.7381524488705007,4,4
7,1,2025-10-30 00:00:00+00:00,2025-10-30 04:00:00+00:00,2025-10-31 04:00:00+00:00,0.01839219153496149,0.7508481505234417,4,4
7,1,2025-10-31 00:00:00+00:00,2025-10-31 04:00:00+00:00,2025-11-01 04:00:00+00:00,0.00020126949720546431,1.095235346104574,4,4
7,1,2025-11-01 00:00:00+00:00,2025-11-01 04:00:00+00:00,2025-11-02 04:00:00+00:00,-0.00320725546263275,1.236888532047971,4,4
7,1,2025-11-02 00:00:00+00:00,2025-11-02 04:00:00+00:00,2025-11-03 04:00:00+00:00,0.008620334089862921,0.5331917049758474,4,4
7,1,2025-11-03 00:00:00+00:00,2025-11-03 04:00:00+00:00,2025-11-04 04:00:00+00:00,0.004751453622768145,0.8771126745055657,4,4
7,1,2025-11-04 00:00:00+00:00,2025-11-04 04:00:00+00:00,2025-11-05 04:00:00+00:00,0.006089192993982992,0.8189097748991268,4,4
7,1,2025-11-05 00:00:00+00:00,2025-11-05 04:00:00+00:00,2025-11-06 04:00:00+00:00,-0.012155613581054985,0.5198078957453067,4,4
7,1,2025-11-06 00:00:00+00:00,2025-11-06 04:00:00+00:00,2025-11-07 04:00:00+00:00,0.08347291138549859,0.8370114355863005,4,4
7,1,2025-11-07 00:00:00+00:00,2025-11-07 04:00:00+00:00,2025-11-08 04:00:00+00:00,0.04284064810665829,0.8378353079448917,4,4
7,1,2025-11-08 00:00:00+00:00,2025-11-08 04:00:00+00:00,2025-11-09 04:00:00+00:00,0.0008426448536513892,0.6364939142392219,4,4
7,1,2025-11-09 00:00:00+00:00,2025-11-09 04:00:00+00:00,2025-11-10 04:00:00+00:00,-0.004512897925517383,0.5487921694347045,4,4
7,1,2025-11-10 00:00:00+00:00,2025-11-10 04:00:00+00:00,2025-11-11 04:00:00+00:00,-0.01915552925034728,0.3062458473338647,4,4
7,1,2025-11-11 00:00:00+00:00,2025-11-11 04:00:00+00:00,2025-11-12 04:00:00+00:00,-0.014643991767339841,0.24877954952554346,4,4
7,1,2025-11-12 00:00:00+00:00,2025-11-12 04:00:00+00:00,2025-11-13 04:00:00+00:00,-0.0040175232655613995,0.006811059144622558,4,4
7,1,2025-11-13 00:00:00+00:00,2025-11-13 04:00:00+00:00,2025-11-14 04:00:00+00:00,-0.0005461989685390835,0.2408530386425567,4,4
7,1,2025-11-14 00:00:00+00:00,2025-11-14 04:00:00+00:00,2025-11-15 04:00:00+00:00,0.014887410574424113,0.49635832694910526,4,4
7,1,2025-11-15 00:00:00+00:00,2025-11-15 04:00:00+00:00,2025-11-16 04:00:00+00:00,-0.005861504783083008,0.3097298195882911,4,4
7,1,2025-11-16 00:00:00+00:00,2025-11-16 04:00:00+00:00,2025-11-17 04:00:00+00:00,-0.0041303994633023365,0.8172650673609985,4,4
7,1,2025-11-17 00:00:00+00:00,2025-11-17 04:00:00+00:00,2025-11-18 04:00:00+00:00,0.00038040100522954926,0.6912407351622987,4,4
7,1,2025-11-18 00:00:00+00:00,2025-11-18 04:00:00+00:00,2025-11-19 04:00:00+00:00,-0.005371241854888603,0.5177108506878315,4,4
7,1,2025-11-19 00:00:00+00:00,2025-11-19 04:00:00+00:00,2025-11-20 04:00:00+00:00,-0.001319875815802599,0.5652348996393226,4,4
7,1,2025-11-20 00:00:00+00:00,2025-11-20 04:00:00+00:00,2025-11-21 04:00:00+00:00,0.00751596957781525,0.5480721426403968,4,4
7,1,2025-11-21 00:00:00+00:00,2025-11-21 04:00:00+00:00,2025-11-22 04:00:00+00:00,-0.032993624396397275,0.5563393698552708,4,4
7,1,2025-11-22 00:00:00+00:00,2025-11-22 04:00:00+00:00,2025-11-23 04:00:00+00:00,-0.006149602364703058,0.8267469516112357,4,4
7,1,2025-11-23 00:00:00+00:00,2025-11-23 04:00:00+00:00,2025-11-24 04:00:00+00:00,0.0013188998930670312,1.0615703806058427,4,4
7,1,2025-11-24 00:00:00+00:00,2025-11-24 04:00:00+00:00,2025-11-25 04:00:00+00:00,0.010746783126559523,0.3014318295348162,4,4
7,1,2025-11-25 00:00:00+00:00,2025-11-25 04:00:00+00:00,2025-11-26 04:00:00+00:00,-0.0020031553024560176,0.5994480054074631,4,4
7,1,2025-11-26 00:00:00+00:00,2025-11-26 04:00:00+00:00,2025-11-27 04:00:00+00:00,-0.0025268150599075806,0.848038337276686,4,4
7,1,2025-11-27 00:00:00+00:00,2025-11-27 04:00:00+00:00,2025-11-28 04:00:00+00:00,-0.003090855603288263,0.548038337276686,4,4
7,1,2025-11-28 00:00:00+00:00,2025-11-28 04:00:00+00:00,2025-11-29 04:00:00+00:00,0.0012721364564009367,0.5663363533418675,4,4
7,1,2025-11-29 00:00:00+00:00,2025-11-29 04:00:00+00:00,2025-11-30 04:00:00+00:00,0.00010043676972884118,0.5972065122373178,4,4
7,1,2025-11-30 00:00:00+00:00,2025-11-30 04:00:00+00:00,2025-12-01 04:00:00+00:00,0.006457429071008675,0.3009433879369887,4,4
7,1,2025-12-01 00:00:00+00:00,2025-12-01 04:00:00+00:00,2025-12-02 04:00:00+00:00,-0.0013659765429556163,0.006779936594800223,4,4
7,1,2025-12-02 00:00:00+00:00,2025-12-02 04:00:00+00:00,2025-12-03 04:00:00+00:00,-0.006087312356503317,0.7763280685833133,4,4
7,1,2025-12-03 00:00:00+00:00,2025-12-03 04:00:00+00:00,2025-12-04 04:00:00+00:00,0.006301965612178198,0.7182143147296604,4,4
7,1,2025-12-04 00:00:00+00:00,2025-12-04 04:00:00+00:00,2025-12-05 04:00:00+00:00,0.0058092666397417635,0.7328565490203907,4,4
7,1,2025-12-05 00:00:00+00:00,2025-12-05 04:00:00+00:00,2025-12-06 04:00:00+00:00,0.010317760543287511,0.6006520426937995,4,4
7,1,2025-12-06 00:00:00+00:00,2025-12-06 04:00:00+00:00,2025-12-07 04:00:00+00:00,-0.0024132814971160807,0.5057133002833616,4,4
7,1,2025-12-07 00:00:00+00:00,2025-12-07 04:00:00+00:00,2025-12-08 04:00:00+00:00,0.0021636348852740097,0.5657210183086085,4,4
7,1,2025-12-08 00:00:00+00:00,2025-12-08 04:00:00+00:00,2025-12-09 04:00:00+00:00,-0.0024262387475036252,0.2652040536862673,4,4
7,1,2025-12-09 00:00:00+00:00,2025-12-09 04:00:00+00:00,2025-12-10 04:00:00+00:00,0.006481680716283168,0.004999134068489938,4,4
7,1,2025-12-10 00:00:00+00:00,2025-12-10 04:00:00+00:00,2025-12-11 04:00:00+00:00,0.008241495074011052,0.3043618968029858,4,4
7,1,2025-12-11 00:00:00+00:00,2025-12-11 04:00:00+00:00,2025-12-12 04:00:00+00:00,-0.01029136470907359,1.0383792033026231,4,4
7,1,2025-12-12 00:00:00+00:00,2025-12-12 04:00:00+00:00,2025-12-13 04:00:00+00:00,-0.002326992407871432,0.5603221797788672,4,4
7,1,2025-12-13 00:00:00+00:00,2025-12-13 04:00:00+00:00,2025-12-14 04:00:00+00:00,-0.00310027422638096,1.0006916048479562,4,4
7,1,2025-12-14 00:00:00+00:00,2025-12-14 04:00:00+00:00,2025-12-15 04:00:00+00:00,0.0006907153150532137,1.0700415716357594,4,4
7,1,2025-12-15 00:00:00+00:00,2025-12-15 04:00:00+00:00,2025-12-16 04:00:00+00:00,0.006040744896999002,1.1417158170555886,4,4
7,1,2025-12-16 00:00:00+00:00,2025-12-16 04:00:00+00:00,2025-12-17 04:00:00+00:00,-0.006104813368784963,0.5422059363992767,4,4
7,1,2025-12-17 00:00:00+00:00,2025-12-17 04:00:00+00:00,2025-12-18 04:00:00+00:00,0.004308998910617051,0.7554656994846475,4,4
7,1,2025-12-18 00:00:00+00:00,2025-12-18 04:00:00+00:00,2025-12-19 04:00:00+00:00,-0.007302869591460386,0.8391211412859352,4,4
7,1,2025-12-19 00:00:00+00:00,2025-12-19 04:00:00+00:00,2025-12-20 04:00:00+00:00,-0.009634602437524467,0.30504666241564665,4,4
7,1,2025-12-20 00:00:00+00:00,2025-12-20 04:00:00+00:00,2025-12-21 04:00:00+00:00,0.0050830460350460615,0.9242197625380144,4,4
7,1,2025-12-21 00:00:00+00:00,2025-12-21 04:00:00+00:00,2025-12-22 04:00:00+00:00,0.0011100912481066343,1.0190466309444957,4,4
7,1,2025-12-22 00:00:00+00:00,2025-12-22 04:00:00+00:00,2025-12-23 04:00:00+00:00,-0.0011463325780159224,0.8311231878039111,4,4
7,1,2025-12-23 00:00:00+00:00,2025-12-23 04:00:00+00:00,2025-12-24 04:00:00+00:00,-0.0014291998454223197,0.2667192748124226,4,4
7,1,2025-12-24 00:00:00+00:00,2025-12-24 04:00:00+00:00,2025-12-25 04:00:00+00:00,-0.0020349675904421886,0.0030865510364127824,4,4
7,1,2025-12-25 00:00:00+00:00,2025-12-25 04:00:00+00:00,2025-12-26 04:00:00+00:00,0.007369533044462655,0.5450454046302937,4,4
7,1,2025-12-26 00:00:00+00:00,2025-12-26 04:00:00+00:00,2025-12-27 04:00:00+00:00,-0.0070878246273800415,0.6,4,4
7,1,2025-12-27 00:00:00+00:00,2025-12-27 04:00:00+00:00,2025-12-28 04:00:00+00:00,-0.0025096402874289344,1.100636299369385,4,4
7,1,2025-12-28 00:00:00+00:00,2025-12-28 04:00:00+00:00,2025-12-29 04:00:00+00:00,-0.007741356232727313,0.6022114970518508,4,4
7,1,2025-12-29 00:00:00+00:00,2025-12-29 04:00:00+00:00,2025-12-30 04:00:00+00:00,-0.007292819179751378,0.48436836121623383,4,4
7,1,2025-12-30 00:00:00+00:00,2025-12-30 04:00:00+00:00,2025-12-31 04:00:00+00:00,0.0032269199349385285,0.6000000000000001,4,4
7,1,2025-12-31 00:00:00+00:00,2025-12-31 04:00:00+00:00,2026-01-01 04:00:00+00:00,0.0070535210935761235,0.5378213157312826,4,4
7,1,2026-01-01 00:00:00+00:00,2026-01-01 04:00:00+00:00,2026-01-02 04:00:00+00:00,-0.015528634705985476,1.097363803183402,4,4
7,1,2026-01-02 00:00:00+00:00,2026-01-02 04:00:00+00:00,2026-01-03 04:00:00+00:00,-0.02671759504033483,0.491110875843873,4,4
7,1,2026-01-03 00:00:00+00:00,2026-01-03 04:00:00+00:00,2026-01-04 04:00:00+00:00,-0.011879512176510537,1.6,4,4
7,1,2026-01-04 00:00:00+00:00,2026-01-04 04:00:00+00:00,2026-01-05 04:00:00+00:00,9.913306691311432e-05,1.108328495497108,4,4
7,1,2026-01-05 00:00:00+00:00,2026-01-05 04:00:00+00:00,2026-01-06 04:00:00+00:00,0.012975359771430266,1.288913622649579,4,4
7,1,2026-01-06 00:00:00+00:00,2026-01-06 04:00:00+00:00,2026-01-07 04:00:00+00:00,-0.007532440575616013,0.5199945425994206,4,4
7,1,2026-01-07 00:00:00+00:00,2026-01-07 04:00:00+00:00,2026-01-08 04:00:00+00:00,-0.003997827184855662,0.9866525007949376,4,4
7,1,2026-01-08 00:00:00+00:00,2026-01-08 04:00:00+00:00,2026-01-09 04:00:00+00:00,-0.003770742426478576,0.6866525007949377,4,4
7,1,2026-01-09 00:00:00+00:00,2026-01-09 04:00:00+00:00,2026-01-10 04:00:00+00:00,-0.008664917253542188,0.4455210138614017,4,4
7,1,2026-01-10 00:00:00+00:00,2026-01-10 04:00:00+00:00,2026-01-11 04:00:00+00:00,-0.0021237278561693604,1.076808006875737,4,4
7,1,2026-01-11 00:00:00+00:00,2026-01-11 04:00:00+00:00,2026-01-12 04:00:00+00:00,0.00520203047042205,0.5698994738888925,4,4
7,1,2026-01-12 00:00:00+00:00,2026-01-12 04:00:00+00:00,2026-01-13 04:00:00+00:00,0.0028340279484607507,0.7499926115496716,4,4
7,1,2026-01-13 00:00:00+00:00,2026-01-13 04:00:00+00:00,2026-01-14 04:00:00+00:00,0.004928544315004332,0.8252100211995179,4,4
7,1,2026-01-14 00:00:00+00:00,2026-01-14 04:00:00+00:00,2026-01-15 04:00:00+00:00,0.008943913115406373,0.43818630763437705,4,4
7,1,2026-01-15 00:00:00+00:00,2026-01-15 04:00:00+00:00,2026-01-16 04:00:00+00:00,0.004239480414627539,0.553867374225864,4,4
7,1,2026-01-16 00:00:00+00:00,2026-01-16 04:00:00+00:00,2026-01-17 04:00:00+00:00,-0.0013989164023656634,0.467454569433286,4,4
7,1,2026-01-17 00:00:00+00:00,2026-01-17 04:00:00+00:00,2026-01-18 04:00:00+00:00,0.0007010811026700814,0.2186858179397062,4,4
7,1,2026-01-18 00:00:00+00:00,2026-01-18 04:00:00+00:00,2026-01-19 04:00:00+00:00,0.008119139784795757,0.30180669752647904,4,4
7,1,2026-01-19 00:00:00+00:00,2026-01-19 04:00:00+00:00,2026-01-20 04:00:00+00:00,-0.0007777361495511924,0.2906812474146212,4,4
7,1,2026-01-20 00:00:00+00:00,2026-01-20 04:00:00+00:00,2026-01-21 04:00:00+00:00,-0.0071704034654845065,0.4729400669214813,4,4
7,1,2026-01-21 00:00:00+00:00,2026-01-21 04:00:00+00:00,2026-01-22 04:00:00+00:00,0.0028728741959602212,0.2899795872944064,4,4
7,1,2026-01-22 00:00:00+00:00,2026-01-22 04:00:00+00:00,2026-01-23 04:00:00+00:00,0.0006502722217044978,1.1110153949974004,4,4
7,1,2026-01-23 00:00:00+00:00,2026-01-23 04:00:00+00:00,2026-01-24 04:00:00+00:00,-0.0021520255588929104,1.1164182866347876,4,4
7,1,2026-01-24 00:00:00+00:00,2026-01-24 04:00:00+00:00,2026-01-25 04:00:00+00:00,-0.00017688784516569776,0.5999999999999999,4,4
7,1,2026-01-25 00:00:00+00:00,2026-01-25 04:00:00+00:00,2026-01-26 04:00:00+00:00,0.003478537953190716,0.30060951162761607,4,4
7,1,2026-01-26 00:00:00+00:00,2026-01-26 04:00:00+00:00,2026-01-27 04:00:00+00:00,-0.0009492008457500836,0.3036672099440441,4,4
7,1,2026-01-27 00:00:00+00:00,2026-01-27 04:00:00+00:00,2026-01-28 04:00:00+00:00,-0.0019781386748054758,0.8767435124906935,4,4
7,1,2026-01-28 00:00:00+00:00,2026-01-28 04:00:00+00:00,2026-01-29 04:00:00+00:00,-0.0005672383508000052,0.739290904590691,4,4
7,1,2026-01-29 00:00:00+00:00,2026-01-29 04:00:00+00:00,2026-01-30 04:00:00+00:00,0.0053643248218339665,1.4025818096007474,4,4
7,1,2026-01-30 00:00:00+00:00,2026-01-30 04:00:00+00:00,2026-01-31 04:00:00+00:00,-0.0044698008629920054,0.683786238169144,4,4
7,1,2026-01-31 00:00:00+00:00,2026-01-31 04:00:00+00:00,2026-02-01 04:00:00+00:00,0.0029161020657499787,0.7639394181266894,4,4
7,1,2026-02-01 00:00:00+00:00,2026-02-01 04:00:00+00:00,2026-02-02 04:00:00+00:00,0.006830912250681198,0.9605746196299203,4,4
7,1,2026-02-02 00:00:00+00:00,2026-02-02 04:00:00+00:00,2026-02-03 04:00:00+00:00,-0.004270358206289514,1.5102361284710413,4,4
7,1,2026-02-03 00:00:00+00:00,2026-02-03 04:00:00+00:00,2026-02-04 04:00:00+00:00,0.010875968976410811,0.579795400823329,4,4
7,1,2026-02-04 00:00:00+00:00,2026-02-04 04:00:00+00:00,2026-02-05 04:00:00+00:00,0.012741078825736545,0.29642029449845175,4,4
7,1,2026-02-05 00:00:00+00:00,2026-02-05 04:00:00+00:00,2026-02-06 04:00:00+00:00,-0.01061338684324185,0.4988951498294288,4,4
7,1,2026-02-06 00:00:00+00:00,2026-02-06 04:00:00+00:00,2026-02-07 04:00:00+00:00,-0.0008430557792032077,0.011041355166831024,4,4
7,1,2026-02-07 00:00:00+00:00,2026-02-07 04:00:00+00:00,2026-02-08 04:00:00+00:00,-0.00023886060709452377,0.28600775494329084,4,4
7,1,2026-02-08 00:00:00+00:00,2026-02-08 04:00:00+00:00,2026-02-09 04:00:00+00:00,-0.004504536836720567,0.5152630212042741,4,4
7,1,2026-02-09 00:00:00+00:00,2026-02-09 04:00:00+00:00,2026-02-10 04:00:00+00:00,-0.0006180393413798358,0.5338680165763519,4,4
7,1,2026-02-10 00:00:00+00:00,2026-02-10 04:00:00+00:00,2026-02-11 04:00:00+00:00,-6.733197421716973e-05,1.0007871553172039,4,4
7,1,2026-02-11 00:00:00+00:00,2026-02-11 04:00:00+00:00,2026-02-12 04:00:00+00:00,-0.001177266098521152,0.5406328766339148,4,4
7,1,2026-02-12 00:00:00+00:00,2026-02-12 04:00:00+00:00,2026-02-13 04:00:00+00:00,0.005267975370737737,1.22134832712323,4,4
7,1,2026-02-13 00:00:00+00:00,2026-02-13 04:00:00+00:00,2026-02-14 04:00:00+00:00,-0.0017237924250814024,0.511110227701058,4,4
7,1,2026-02-14 00:00:00+00:00,2026-02-14 04:00:00+00:00,2026-02-15 04:00:00+00:00,0.006937653849316196,1.2630006762637058,4,4
7,1,2026-02-15 00:00:00+00:00,2026-02-15 04:00:00+00:00,2026-02-16 04:00:00+00:00,-0.0046234637154495585,0.5380020309249127,4,4
7,1,2026-02-16 00:00:00+00:00,2026-02-16 04:00:00+00:00,2026-02-17 04:00:00+00:00,-0.0036606561785877643,0.8060151371729976,4,4
7,1,2026-02-17 00:00:00+00:00,2026-02-17 04:00:00+00:00,2026-02-18 04:00:00+00:00,0.0008374201337162696,0.5273971732753762,4,4
7,1,2026-02-18 00:00:00+00:00,2026-02-18 04:00:00+00:00,2026-02-19 04:00:00+00:00,-0.004842024201947904,0.506890690308924,4,4
7,1,2026-02-19 00:00:00+00:00,2026-02-19 04:00:00+00:00,2026-02-20 04:00:00+00:00,0.0008406319720941475,0.22136566062435548,4,4
7,1,2026-02-20 00:00:00+00:00,2026-02-20 04:00:00+00:00,2026-02-21 04:00:00+00:00,0.015907346909957872,0.9559955799841597,4,4
7,1,2026-02-21 00:00:00+00:00,2026-02-21 04:00:00+00:00,2026-02-22 04:00:00+00:00,0.005782875046202363,0.5651108629575566,4,4
7,1,2026-02-22 00:00:00+00:00,2026-02-22 04:00:00+00:00,2026-02-23 04:00:00+00:00,0.0012481036355705515,0.5910088073650057,4,4
7,1,2026-02-23 00:00:00+00:00,2026-02-23 04:00:00+00:00,2026-02-24 04:00:00+00:00,-0.008323478856128757,1.117258940564081,4,4
7,1,2026-02-24 00:00:00+00:00,2026-02-24 04:00:00+00:00,2026-02-25 04:00:00+00:00,0.0011877222613745396,0.8131369033992855,4,4
7,1,2026-02-25 00:00:00+00:00,2026-02-25 04:00:00+00:00,2026-02-26 04:00:00+00:00,0.0015246232531229975,0.5282198416367606,4,4
7,1,2026-02-26 00:00:00+00:00,2026-02-26 04:00:00+00:00,2026-02-27 04:00:00+00:00,0.0009985317455261022,0.8132349479061627,4,4
7,1,2026-02-27 00:00:00+00:00,2026-02-27 04:00:00+00:00,2026-02-28 04:00:00+00:00,-0.002422533779892673,1.2865112442651547,4,4
7,1,2026-02-28 00:00:00+00:00,2026-02-28 04:00:00+00:00,2026-03-01 04:00:00+00:00,-0.0009493489996561825,0.8365799011438394,4,4
7,1,2026-03-01 00:00:00+00:00,2026-03-01 04:00:00+00:00,2026-03-02 04:00:00+00:00,0.011282242006175502,0.8450100680530936,4,4
7,1,2026-03-02 00:00:00+00:00,2026-03-02 04:00:00+00:00,2026-03-03 04:00:00+00:00,0.01662014522996216,0.6,4,4
7,1,2026-03-03 00:00:00+00:00,2026-03-03 04:00:00+00:00,2026-03-04 04:00:00+00:00,0.010323697611526848,0.5220420938671659,4,4
7,1,2026-03-04 00:00:00+00:00,2026-03-04 04:00:00+00:00,2026-03-05 04:00:00+00:00,-0.01943461270591828,0.5618833211066692,4,4
7,1,2026-03-05 00:00:00+00:00,2026-03-05 04:00:00+00:00,2026-03-06 04:00:00+00:00,0.00861038896381312,0.5477765505240981,4,4
7,1,2026-03-06 00:00:00+00:00,2026-03-06 04:00:00+00:00,2026-03-07 04:00:00+00:00,0.0020429665322824345,1.0962075632475186,4,4
7,1,2026-03-07 00:00:00+00:00,2026-03-07 04:00:00+00:00,2026-03-08 04:00:00+00:00,0.0004100353748415779,0.23919202282645893,4,4
7,1,2026-03-08 00:00:00+00:00,2026-03-08 04:00:00+00:00,2026-03-09 04:00:00+00:00,0.0009338467920668092,0.5047698948996937,4,4
7,1,2026-03-09 00:00:00+00:00,2026-03-09 04:00:00+00:00,2026-03-10 04:00:00+00:00,0.002056660617547895,0.5522179588623657,4,4
7,1,2026-03-10 00:00:00+00:00,2026-03-10 04:00:00+00:00,2026-03-11 04:00:00+00:00,0.003179608655188311,0.500313456993806,4,4
7,1,2026-03-11 00:00:00+00:00,2026-03-11 04:00:00+00:00,2026-03-12 04:00:00+00:00,-0.0003885274929581797,0.670848529343417,4,4
7,1,2026-03-12 00:00:00+00:00,2026-03-12 04:00:00+00:00,2026-03-13 04:00:00+00:00,-0.005253285036669402,0.850357141408316,4,4
7,1,2026-03-13 00:00:00+00:00,2026-03-13 04:00:00+00:00,2026-03-14 04:00:00+00:00,-0.0052725518687570146,1.5543867141350727,4,4
7,1,2026-03-14 00:00:00+00:00,2026-03-14 04:00:00+00:00,2026-03-15 04:00:00+00:00,0.00546105964861146,0.7701391890775305,4,4
7,1,2026-03-15 00:00:00+00:00,2026-03-15 04:00:00+00:00,2026-03-16 04:00:00+00:00,0.0027800810334122983,1.0465436980509035,4,4
7,1,2026-03-16 00:00:00+00:00,2026-03-16 04:00:00+00:00,2026-03-17 04:00:00+00:00,-0.01176575304894832,0.8506375704417806,4,4
7,1,2026-03-17 00:00:00+00:00,2026-03-17 04:00:00+00:00,2026-03-18 04:00:00+00:00,-0.0009966983880650864,0.46583588633518314,4,4
7,1,2026-03-18 00:00:00+00:00,2026-03-18 04:00:00+00:00,2026-03-19 04:00:00+00:00,-0.005783906512781534,1.1097445867430709,4,4
7,1,2026-03-19 00:00:00+00:00,2026-03-19 04:00:00+00:00,2026-03-20 04:00:00+00:00,-0.00240122568099787,0.938743949660344,4,4
7,1,2026-03-20 00:00:00+00:00,2026-03-20 04:00:00+00:00,2026-03-21 04:00:00+00:00,0.0015756939514077965,0.7003981203157661,4,4
7,1,2026-03-21 00:00:00+00:00,2026-03-21 04:00:00+00:00,2026-03-22 04:00:00+00:00,0.0020408216496112346,0.7288209413454684,4,4
7,1,2026-03-22 00:00:00+00:00,2026-03-22 04:00:00+00:00,2026-03-23 04:00:00+00:00,-0.0032043760990283915,0.7224875469898393,4,4
7,1,2026-03-23 00:00:00+00:00,2026-03-23 04:00:00+00:00,2026-03-24 04:00:00+00:00,0.013342443764109053,0.006044404582525795,4,4
7,1,2026-03-24 00:00:00+00:00,2026-03-24 04:00:00+00:00,2026-03-25 04:00:00+00:00,-0.0038720596800896163,1.3121223501132864,4,4
7,1,2026-03-25 00:00:00+00:00,2026-03-25 04:00:00+00:00,2026-03-26 04:00:00+00:00,0.0002719738904105205,1.2527654268845732,4,4
7,1,2026-03-26 00:00:00+00:00,2026-03-26 04:00:00+00:00,2026-03-27 04:00:00+00:00,-0.006689571147771968,0.3221191315928506,4,4
7,1,2026-03-27 00:00:00+00:00,2026-03-27 04:00:00+00:00,2026-03-28 04:00:00+00:00,0.007318788496668716,0.24200775472650526,4,4
7,1,2026-03-28 00:00:00+00:00,2026-03-28 04:00:00+00:00,2026-03-29 04:00:00+00:00,0.002503618681389542,0.4909885466939068,4,4
7,1,2026-03-29 00:00:00+00:00,2026-03-29 04:00:00+00:00,2026-03-30 04:00:00+00:00,-0.0016293763895808876,0.7325042592146578,4,4
7,1,2026-03-30 00:00:00+00:00,2026-03-30 04:00:00+00:00,2026-03-31 04:00:00+00:00,-0.00021889514332212824,0.734037938397808,4,4
7,1,2026-03-31 00:00:00+00:00,2026-03-31 04:00:00+00:00,2026-04-01 04:00:00+00:00,0.001788291926635838,0.5415202523525449,4,4
7,1,2026-04-01 00:00:00+00:00,2026-04-01 04:00:00+00:00,2026-04-02 04:00:00+00:00,0.0035804492088814454,0.8193353364697356,4,4
7,1,2026-04-02 00:00:00+00:00,2026-04-02 04:00:00+00:00,2026-04-03 04:00:00+00:00,-0.002855249934249464,0.5871566234914329,4,4
7,1,2026-04-03 00:00:00+00:00,2026-04-03 04:00:00+00:00,2026-04-04 04:00:00+00:00,-0.004058870681326819,0.6035051126673765,4,4
7,1,2026-04-04 00:00:00+00:00,2026-04-04 04:00:00+00:00,2026-04-05 04:00:00+00:00,-0.002514326929693077,0.2068636592731481,4,4
7,1,2026-04-05 00:00:00+00:00,2026-04-05 04:00:00+00:00,2026-04-06 04:00:00+00:00,0.003966996932520795,0.5537846459428093,4,4
7,1,2026-04-06 00:00:00+00:00,2026-04-06 04:00:00+00:00,2026-04-07 04:00:00+00:00,-0.005073174227289814,0.5533257553074044,4,4
7,1,2026-04-07 00:00:00+00:00,2026-04-07 04:00:00+00:00,2026-04-08 04:00:00+00:00,0.011802006504877317,0.5580263989879365,4,4
7,1,2026-04-08 00:00:00+00:00,2026-04-08 04:00:00+00:00,2026-04-09 04:00:00+00:00,0.012755089670211679,0.9834969860157472,4,4
7,1,2026-04-09 00:00:00+00:00,2026-04-09 04:00:00+00:00,2026-04-10 04:00:00+00:00,0.010394585181321636,0.9518323808757576,4,4
7,1,2026-04-10 00:00:00+00:00,2026-04-10 04:00:00+00:00,2026-04-11 04:00:00+00:00,0.01026910396143825,0.46181715503452714,4,4
7,1,2026-04-11 00:00:00+00:00,2026-04-11 04:00:00+00:00,2026-04-12 04:00:00+00:00,0.001217919334085803,0.30464393505387566,4,4
7,1,2026-04-12 00:00:00+00:00,2026-04-12 04:00:00+00:00,2026-04-13 04:00:00+00:00,0.004116803146077542,0.23524783658021228,4,4
7,1,2026-04-13 00:00:00+00:00,2026-04-13 04:00:00+00:00,2026-04-14 04:00:00+00:00,0.003159867826792979,0.29644371802461467,4,4
7,1,2026-04-14 00:00:00+00:00,2026-04-14 04:00:00+00:00,2026-04-15 04:00:00+00:00,0.003297959865718479,0.3076729916473896,4,4
7,1,2026-04-15 00:00:00+00:00,2026-04-15 04:00:00+00:00,2026-04-16 04:00:00+00:00,-0.007866645659728663,0.30135319708205505,4,4
7,1,2026-04-16 00:00:00+00:00,2026-04-16 04:00:00+00:00,2026-04-17 04:00:00+00:00,-0.0064378340993427605,0.007988359565386918,4,4
7,1,2026-04-17 00:00:00+00:00,2026-04-17 04:00:00+00:00,2026-04-18 04:00:00+00:00,0.0031479813268588813,0.48364131477655753,4,4
7,1,2026-04-18 00:00:00+00:00,2026-04-18 04:00:00+00:00,2026-04-19 04:00:00+00:00,-0.0044616864538763925,0.794825860362915,4,4
7,1,2026-04-19 00:00:00+00:00,2026-04-19 04:00:00+00:00,2026-04-20 04:00:00+00:00,0.001435976064009409,0.6000000000000001,4,4
7,1,2026-04-20 00:00:00+00:00,2026-04-20 04:00:00+00:00,2026-04-21 04:00:00+00:00,0.0005066390884367454,0.3018259311855737,4,4
7,1,2026-04-21 00:00:00+00:00,2026-04-21 04:00:00+00:00,2026-04-22 04:00:00+00:00,-0.005437833677570048,0.30048625656240413,4,4
7,1,2026-04-22 00:00:00+00:00,2026-04-22 04:00:00+00:00,2026-04-23 04:00:00+00:00,-0.0051526722285592935,0.3027005700954086,4,4
7,1,2026-04-23 00:00:00+00:00,2026-04-23 04:00:00+00:00,2026-04-24 04:00:00+00:00,0.009647977849978142,0.006741150008256022,4,4
7,1,2026-04-24 00:00:00+00:00,2026-04-24 04:00:00+00:00,2026-04-25 04:00:00+00:00,-0.004523440059402431,0.8612862668175114,4,4
7,1,2026-04-25 00:00:00+00:00,2026-04-25 04:00:00+00:00,2026-04-26 04:00:00+00:00,0.0013029484280084888,1.0721188359534461,4,4
7,1,2026-04-26 00:00:00+00:00,2026-04-26 04:00:00+00:00,2026-04-27 04:00:00+00:00,0.0025795630412784043,0.980840135787399,4,4
7,1,2026-04-27 00:00:00+00:00,2026-04-27 04:00:00+00:00,2026-04-28 04:00:00+00:00,0.004598767835826606,0.7585609404889562,4,4
7,1,2026-04-28 00:00:00+00:00,2026-04-28 04:00:00+00:00,2026-04-29 04:00:00+00:00,0.0006542620595233653,0.749896679141643,4,4
7,1,2026-04-29 00:00:00+00:00,2026-04-29 04:00:00+00:00,2026-04-30 04:00:00+00:00,0.007637023272809771,0.7359521005358051,4,4
7,1,2026-04-30 00:00:00+00:00,2026-04-30 04:00:00+00:00,2026-05-01 04:00:00+00:00,0.0035920434586363247,0.5089630478686148,4,4
7,1,2026-05-01 00:00:00+00:00,2026-05-01 04:00:00+00:00,2026-05-02 04:00:00+00:00,0.003588344043637875,0.9387305852799712,4,4
7,1,2026-05-02 00:00:00+00:00,2026-05-02 04:00:00+00:00,2026-05-03 04:00:00+00:00,0.0027995581523588588,0.47593501757161094,4,4
7,1,2026-05-03 00:00:00+00:00,2026-05-03 04:00:00+00:00,2026-05-04 04:00:00+00:00,0.008798037227979467,0.7980725881611765,4,4
7,1,2026-05-04 00:00:00+00:00,2026-05-04 04:00:00+00:00,2026-05-05 04:00:00+00:00,0.003771827937075924,0.2753465305026004,4,4
7,1,2026-05-05 00:00:00+00:00,2026-05-05 04:00:00+00:00,2026-05-06 04:00:00+00:00,0.016219908972943654,0.4910905693372396,4,4
7,1,2026-05-06 00:00:00+00:00,2026-05-06 04:00:00+00:00,2026-05-07 04:00:00+00:00,-0.02492410284556791,0.8329516775321291,4,4
7,1,2026-05-07 00:00:00+00:00,2026-05-07 04:00:00+00:00,2026-05-08 04:00:00+00:00,-0.006136785837307697,0.55245116151532,4,4
7,1,2026-05-08 00:00:00+00:00,2026-05-08 04:00:00+00:00,2026-05-09 04:00:00+00:00,0.005356931800982139,0.9362118018985922,4,4
7,1,2026-05-09 00:00:00+00:00,2026-05-09 04:00:00+00:00,2026-05-10 04:00:00+00:00,-0.011496402047764784,0.6021034626076311,4,4
7,1,2026-05-10 00:00:00+00:00,2026-05-10 04:00:00+00:00,2026-05-11 04:00:00+00:00,-0.010556757987607497,0.6036225454073321,4,4
7,1,2026-05-11 00:00:00+00:00,2026-05-11 04:00:00+00:00,2026-05-12 04:00:00+00:00,-0.010274091084916467,0.3112597976860151,4,4
7,1,2026-05-12 00:00:00+00:00,2026-05-12 04:00:00+00:00,2026-05-13 04:00:00+00:00,0.009698372112206212,0.3167795860029658,4,4
7,1,2026-05-13 00:00:00+00:00,2026-05-13 04:00:00+00:00,2026-05-14 04:00:00+00:00,-0.019066371006672755,0.6049246674375522,4,4
7,1,2026-05-14 00:00:00+00:00,2026-05-14 04:00:00+00:00,2026-05-15 04:00:00+00:00,-0.0030764063630603754,0.5777344304072844,4,4
7,1,2026-05-15 00:00:00+00:00,2026-05-15 04:00:00+00:00,2026-05-16 04:00:00+00:00,-0.0032705211571026956,0.5073959539532056,4,4
7,1,2026-05-16 00:00:00+00:00,2026-05-16 04:00:00+00:00,2026-05-17 04:00:00+00:00,0.0057549863230297125,1.125486225905364,4,4
7,1,2026-05-17 00:00:00+00:00,2026-05-17 04:00:00+00:00,2026-05-18 04:00:00+00:00,0.003147146469802531,0.30219820178570694,4,4
7,1,2026-05-18 00:00:00+00:00,2026-05-18 04:00:00+00:00,2026-05-19 04:00:00+00:00,0.00292473084400695,0.3033914158576173,4,4
7,1,2026-05-19 00:00:00+00:00,2026-05-19 04:00:00+00:00,2026-05-20 04:00:00+00:00,0.0017773002339776696,0.5999999999999999,4,4
7,1,2026-05-20 00:00:00+00:00,2026-05-20 04:00:00+00:00,2026-05-21 04:00:00+00:00,0.004701434943958992,0.0013697078176075211,4,4
7,1,2026-05-21 00:00:00+00:00,2026-05-21 04:00:00+00:00,2026-05-22 04:00:00+00:00,0.028388041469249763,0.30017840502089194,4,4
7,1,2026-05-22 00:00:00+00:00,2026-05-22 04:00:00+00:00,2026-05-23 04:00:00+00:00,0.012130189878959238,0.604626683901951,4,4
7,1,2026-05-23 00:00:00+00:00,2026-05-23 04:00:00+00:00,2026-05-24 04:00:00+00:00,0.011446016587652819,0.8685776056039501,4,4
7,1,2026-05-24 00:00:00+00:00,2026-05-24 04:00:00+00:00,2026-05-25 04:00:00+00:00,-0.0008457083141767811,0.4941955276941831,4,4
7,1,2026-05-25 00:00:00+00:00,2026-05-25 04:00:00+00:00,2026-05-26 04:00:00+00:00,0.027029364371976464,0.5704574400166398,4,4
7,1,2026-05-26 00:00:00+00:00,2026-05-26 04:00:00+00:00,2026-05-27 04:00:00+00:00,-0.0015175094457028446,0.5518624389370734,4,4
7,1,2026-05-27 00:00:00+00:00,2026-05-27 04:00:00+00:00,2026-05-28 04:00:00+00:00,-0.002421314931098455,0.004572887095181277,4,4
7,1,2026-05-28 00:00:00+00:00,2026-05-28 04:00:00+00:00,2026-05-29 04:00:00+00:00,6.0278381705211256e-05,0.2090465681237852,4,4
7,1,2026-05-29 00:00:00+00:00,2026-05-29 04:00:00+00:00,2026-05-30 04:00:00+00:00,0.01795981103232326,0.5564468205861575,4,4
7,1,2026-05-30 00:00:00+00:00,2026-05-30 04:00:00+00:00,2026-05-31 04:00:00+00:00,-0.01065339082517859,0.7597654313493728,4,4
7,1,2026-05-31 00:00:00+00:00,2026-05-31 04:00:00+00:00,2026-06-01 04:00:00+00:00,0.001015391560941574,0.527158289419901,4,4
7,1,2026-06-01 00:00:00+00:00,2026-06-01 04:00:00+00:00,2026-06-02 04:00:00+00:00,0.006681835619966085,0.5268558395827865,4,4
7,1,2026-06-02 00:00:00+00:00,2026-06-02 04:00:00+00:00,2026-06-03 04:00:00+00:00,-0.0007888914062664405,0.5212750513283027,4,4
7,1,2026-06-03 00:00:00+00:00,2026-06-03 04:00:00+00:00,2026-06-04 04:00:00+00:00,0.007664487653798128,0.530478062510114,4,4
7,1,2026-06-04 00:00:00+00:00,2026-06-04 04:00:00+00:00,2026-06-05 04:00:00+00:00,-0.017592650873948033,0.5206181018460275,4,4
7,1,2026-06-05 00:00:00+00:00,2026-06-05 04:00:00+00:00,2026-06-06 04:00:00+00:00,-0.007418326010251233,0.012603776770764477,4,4
7,1,2026-06-06 00:00:00+00:00,2026-06-06 04:00:00+00:00,2026-06-07 04:00:00+00:00,-0.005267343979435093,0.310696990066199,4,4
7,1,2026-06-07 00:00:00+00:00,2026-06-07 04:00:00+00:00,2026-06-08 04:00:00+00:00,0.009605600973447476,0.2861142626593851,4,4
7,1,2026-06-08 00:00:00+00:00,2026-06-08 04:00:00+00:00,2026-06-09 04:00:00+00:00,-0.008562566017955728,0.5865364110033489,4,4
7,1,2026-06-09 00:00:00+00:00,2026-06-09 04:00:00+00:00,2026-06-10 04:00:00+00:00,0.011059122942899565,0.23892993782744776,4,4
7,1,2026-06-10 00:00:00+00:00,2026-06-10 04:00:00+00:00,2026-06-11 04:00:00+00:00,-0.012422337457744662,1.1952821916643954,4,4
7,1,2026-06-11 00:00:00+00:00,2026-06-11 04:00:00+00:00,2026-06-12 04:00:00+00:00,0.0004817665882041592,0.23988370729364622,4,4
7,1,2026-06-12 00:00:00+00:00,2026-06-12 04:00:00+00:00,2026-06-13 04:00:00+00:00,-0.006770964171618574,1.346580473221325,4,4
7,1,2026-06-13 00:00:00+00:00,2026-06-13 04:00:00+00:00,2026-06-14 04:00:00+00:00,-0.008080792701344952,0.7082097679320392,4,4
7,1,2026-06-14 00:00:00+00:00,2026-06-14 04:00:00+00:00,2026-06-15 04:00:00+00:00,0.0016617516834481327,1.2079442116911179,4,4
7,1,2026-06-15 00:00:00+00:00,2026-06-15 04:00:00+00:00,2026-06-16 04:00:00+00:00,-0.00447285903548654,1.5346895384467234,4,4
7,1,2026-06-16 00:00:00+00:00,2026-06-16 04:00:00+00:00,2026-06-17 04:00:00+00:00,-0.007225413247053799,0.6,4,4
7,1,2026-06-17 00:00:00+00:00,2026-06-17 04:00:00+00:00,2026-06-18 04:00:00+00:00,0.004689501892134134,0.600991434816815,4,4
7,1,2026-06-18 00:00:00+00:00,2026-06-18 04:00:00+00:00,2026-06-19 04:00:00+00:00,0.0008520887804965762,1.3178086766424149,4,4
7,1,2026-06-19 00:00:00+00:00,2026-06-19 04:00:00+00:00,2026-06-20 04:00:00+00:00,0.0013238167342913263,0.6000000000000001,4,4
7,1,2026-06-20 00:00:00+00:00,2026-06-20 04:00:00+00:00,2026-06-21 04:00:00+00:00,0.0035348347923274724,0.7998164447430872,4,4
7,1,2026-06-21 00:00:00+00:00,2026-06-21 04:00:00+00:00,2026-06-22 04:00:00+00:00,-0.0006495654079734549,0.7250185204288426,4,4
7,1,2026-06-22 00:00:00+00:00,2026-06-22 04:00:00+00:00,2026-06-23 04:00:00+00:00,-0.007303416132872355,0.16431720474559644,4,4
7,1,2026-06-23 00:00:00+00:00,2026-06-23 04:00:00+00:00,2026-06-24 04:00:00+00:00,-0.00174088798323739,0.002394383017569765,4,4
7,1,2026-06-24 00:00:00+00:00,2026-06-24 04:00:00+00:00,2026-06-25 04:00:00+00:00,0.004331692788939052,0.8099437376366505,4,4
7,1,2026-06-25 00:00:00+00:00,2026-06-25 04:00:00+00:00,2026-06-26 04:00:00+00:00,0.0002488387731171102,0.8270431739707023,4,4
7,1,2026-06-26 00:00:00+00:00,2026-06-26 04:00:00+00:00,2026-06-27 04:00:00+00:00,0.0014253685413786327,0.9,4,4
7,1,2026-06-27 00:00:00+00:00,2026-06-27 04:00:00+00:00,2026-06-28 04:00:00+00:00,-0.00466064330937748,0.8361596197009135,4,4
7,1,2026-06-28 00:00:00+00:00,2026-06-28 04:00:00+00:00,2026-06-29 04:00:00+00:00,0.010607588807252785,0.4932031041109121,4,4
7,1,2026-06-29 00:00:00+00:00,2026-06-29 04:00:00+00:00,2026-06-30 04:00:00+00:00,0.0028941886304882257,0.19587387125463068,4,4
7,1,2026-06-30 00:00:00+00:00,2026-06-30 04:00:00+00:00,2026-07-01 04:00:00+00:00,0.0023861595217044953,0.5712440048858907,4,4
7,1,2026-07-01 00:00:00+00:00,2026-07-01 04:00:00+00:00,2026-07-02 04:00:00+00:00,-0.0034216598645102334,0.3038066053654347,4,4
7,1,2026-07-02 00:00:00+00:00,2026-07-02 04:00:00+00:00,2026-07-03 04:00:00+00:00,0.00259142507608616,0.5191940706516452,4,4
7,1,2026-07-03 00:00:00+00:00,2026-07-03 04:00:00+00:00,2026-07-04 04:00:00+00:00,0.0012457388301782726,0.7351446848911483,4,4
7,1,2026-07-04 00:00:00+00:00,2026-07-04 04:00:00+00:00,2026-07-05 04:00:00+00:00,0.006352981289496348,0.8005686367300954,4,4
7,1,2026-07-05 00:00:00+00:00,2026-07-05 04:00:00+00:00,2026-07-06 04:00:00+00:00,-0.005265437866275159,0.5576491289051584,4,4
7,1,2026-07-06 00:00:00+00:00,2026-07-06 04:00:00+00:00,2026-07-07 04:00:00+00:00,0.002036813862191813,0.5247067474907898,4,4
7,1,2026-07-07 00:00:00+00:00,2026-07-07 04:00:00+00:00,2026-07-08 04:00:00+00:00,0.004719564422828471,0.506181490493147,4,4
7,1,2026-07-08 00:00:00+00:00,2026-07-08 04:00:00+00:00,2026-07-09 04:00:00+00:00,-0.01924080349113675,0.5213814970152191,4,4
7,1,2026-07-09 00:00:00+00:00,2026-07-09 04:00:00+00:00,2026-07-10 04:00:00+00:00,-0.013249924067131769,0.308559474013605,4,4
7,1,2026-07-10 00:00:00+00:00,2026-07-10 04:00:00+00:00,2026-07-11 04:00:00+00:00,0.005239661909721391,1.070244159657246,4,4
7,1,2026-07-11 00:00:00+00:00,2026-07-11 04:00:00+00:00,2026-07-12 04:00:00+00:00,0.017244567982920816,0.7540232689742192,4,4
7,1,2026-07-12 00:00:00+00:00,2026-07-12 04:00:00+00:00,2026-07-13 04:00:00+00:00,-0.009023133733357424,0.5385048995867099,4,4
7,1,2026-07-13 00:00:00+00:00,2026-07-13 04:00:00+00:00,2026-07-14 04:00:00+00:00,0.0028192545497829355,0.2942278895442652,4,4
7,1,2026-07-14 00:00:00+00:00,2026-07-14 04:00:00+00:00,2026-07-15 04:00:00+00:00,0.004320158753816935,0.4906093233344469,4,4
7,1,2026-07-15 00:00:00+00:00,2026-07-15 04:00:00+00:00,2026-07-16 04:00:00+00:00,0.005594191050923436,0.5266143098294939,4,4
7,1,2026-07-16 00:00:00+00:00,2026-07-16 04:00:00+00:00,2026-07-17 04:00:00+00:00,0.001382050017180511,0.2767147100891797,4,4
7,1,2026-07-17 00:00:00+00:00,2026-07-17 04:00:00+00:00,2026-07-18 04:00:00+00:00,-0.004866136599074877,0.7781951793060993,4,4
7,1,2026-07-18 00:00:00+00:00,2026-07-18 04:00:00+00:00,2026-07-19 04:00:00+00:00,0.008365125621984146,0.5573434325609163,4,4
7,1,2026-07-19 00:00:00+00:00,2026-07-19 04:00:00+00:00,2026-07-20 04:00:00+00:00,0.008050360112123962,0.7207454294859295,4,4
7,1,2026-07-20 00:00:00+00:00,2026-07-20 04:00:00+00:00,2026-07-21 04:00:00+00:00,0.0012731517449197445,0.5513101505064106,4,4
7,1,2026-07-21 00:00:00+00:00,2026-07-21 04:00:00+00:00,2026-07-22 04:00:00+00:00,-0.006156085819890397,0.002538203815814516,4,4
7,1,2026-07-22 00:00:00+00:00,2026-07-22 04:00:00+00:00,2026-07-23 04:00:00+00:00,0.003997506168669887,0.3059702770507712,4,4
7,1,2026-07-23 00:00:00+00:00,2026-07-23 04:00:00+00:00,2026-07-24 04:00:00+00:00,-0.0006255705557023758,0.7723999627869298,4,4
7,1,2026-07-24 00:00:00+00:00,2026-07-24 04:00:00+00:00,2026-07-25 04:00:00+00:00,0.0010101546894308944,0.5713033822097322,4,4
7,1,2026-07-25 00:00:00+00:00,2026-07-25 04:00:00+00:00,2026-07-26 04:00:00+00:00,-0.02441411080568601,1.0437922531430157,4,4
7,1,2026-07-26 00:00:00+00:00,2026-07-26 04:00:00+00:00,2026-07-27 04:00:00+00:00,0.006830699048484361,0.8052393156463475,4,4
7,1,2026-07-27 00:00:00+00:00,2026-07-27 04:00:00+00:00,2026-07-28 04:00:00+00:00,0.011054705575132738,1.0150810714966205,4,4
7,1,2026-07-28 00:00:00+00:00,2026-07-28 04:00:00+00:00,2026-07-29 04:00:00+00:00,0.005856429271781713,1.0715515163107439,4,4
7,1,2026-07-29 00:00:00+00:00,2026-07-29 04:00:00+00:00,2026-07-30 04:00:00+00:00,-0.0010600635397185424,1.0676839714563648,4,4
7,1,2026-07-30 00:00:00+00:00,2026-07-30 04:00:00+00:00,2026-07-31 04:00:00+00:00,-0.008791871788124413,1.303808244630773,4,4
7,7,2024-04-01 00:00:00+00:00,2024-04-01 04:00:00+00:00,2024-04-08 04:00:00+00:00,0.013357197918002375,0.9999999999999999,4,4
7,7,2024-04-08 00:00:00+00:00,2024-04-08 04:00:00+00:00,2024-04-15 04:00:00+00:00,0.039572363136703474,1.1908120421414239,4,4
7,7,2024-04-15 00:00:00+00:00,2024-04-15 04:00:00+00:00,2024-04-22 04:00:00+00:00,-0.03729963995145952,1.479482711828706,4,4
7,7,2024-04-22 00:00:00+00:00,2024-04-22 04:00:00+00:00,2024-04-29 04:00:00+00:00,-0.015616099803645507,1.9999999999999998,4,4
7,7,2024-04-29 00:00:00+00:00,2024-04-29 04:00:00+00:00,2024-05-06 04:00:00+00:00,-0.015305760150980173,1.6691808533279955,4,4
7,7,2024-05-06 00:00:00+00:00,2024-05-06 04:00:00+00:00,2024-05-13 04:00:00+00:00,-0.022605009725330704,1.5944334642162468,4,4
7,7,2024-05-13 00:00:00+00:00,2024-05-13 04:00:00+00:00,2024-05-20 04:00:00+00:00,0.009955541511559854,1.7,4,4
7,7,2024-05-20 00:00:00+00:00,2024-05-20 04:00:00+00:00,2024-05-27 04:00:00+00:00,-0.05780725834243285,1.6082553944803146,4,4
7,7,2024-05-27 00:00:00+00:00,2024-05-27 04:00:00+00:00,2024-06-03 04:00:00+00:00,-0.021721089660769966,1.811885907573273,4,4
7,7,2024-06-03 00:00:00+00:00,2024-06-03 04:00:00+00:00,2024-06-10 04:00:00+00:00,0.03283549856701408,1.749481378873735,4,4
7,7,2024-06-10 00:00:00+00:00,2024-06-10 04:00:00+00:00,2024-06-17 04:00:00+00:00,-0.007215120651146125,1.7,4,4
7,7,2024-06-17 00:00:00+00:00,2024-06-17 04:00:00+00:00,2024-06-24 04:00:00+00:00,0.014082619299054251,2.0,4,4
7,7,2024-06-24 00:00:00+00:00,2024-06-24 04:00:00+00:00,2024-07-01 04:00:00+00:00,-0.033120639488074526,1.2817543760059036,4,4
7,7,2024-07-01 00:00:00+00:00,2024-07-01 04:00:00+00:00,2024-07-08 04:00:00+00:00,-0.0012597510770007078,1.9999999999999998,4,4
7,7,2024-07-08 00:00:00+00:00,2024-07-08 04:00:00+00:00,2024-07-15 04:00:00+00:00,0.012422068622810974,0.9353054208730582,4,4
7,7,2024-07-15 00:00:00+00:00,2024-07-15 04:00:00+00:00,2024-07-22 04:00:00+00:00,-0.0324070604884551,1.7696233513830737,4,4
7,7,2024-07-22 00:00:00+00:00,2024-07-22 04:00:00+00:00,2024-07-29 04:00:00+00:00,0.015413341412633268,1.772147439758331,4,4
7,7,2024-07-29 00:00:00+00:00,2024-07-29 04:00:00+00:00,2024-08-05 04:00:00+00:00,0.03267864340888174,1.4677310256690164,4,4
7,7,2024-08-05 00:00:00+00:00,2024-08-05 04:00:00+00:00,2024-08-12 04:00:00+00:00,-0.00883100944352699,1.5637047911090929,4,4
7,7,2024-08-12 00:00:00+00:00,2024-08-12 04:00:00+00:00,2024-08-19 04:00:00+00:00,-0.01676111496189406,1.5839077592170443,4,4
7,7,2024-08-19 00:00:00+00:00,2024-08-19 04:00:00+00:00,2024-08-26 04:00:00+00:00,-0.030535251174901114,1.833098129424396,4,4
7,7,2024-08-26 00:00:00+00:00,2024-08-26 04:00:00+00:00,2024-09-02 04:00:00+00:00,-0.048961692935013776,1.7794096947118831,4,4
7,7,2024-09-02 00:00:00+00:00,2024-09-02 04:00:00+00:00,2024-09-09 04:00:00+00:00,-0.017426187428755322,1.770413558915418,4,4
7,7,2024-09-09 00:00:00+00:00,2024-09-09 04:00:00+00:00,2024-09-16 04:00:00+00:00,-0.02400833064709735,1.7861802567376812,4,4
7,7,2024-09-16 00:00:00+00:00,2024-09-16 04:00:00+00:00,2024-09-23 04:00:00+00:00,-0.029613395441567013,2.0,4,4
7,7,2024-09-23 00:00:00+00:00,2024-09-23 04:00:00+00:00,2024-09-30 04:00:00+00:00,-0.04618100774298626,1.7159319625287188,4,4
7,7,2024-09-30 00:00:00+00:00,2024-09-30 04:00:00+00:00,2024-10-07 04:00:00+00:00,0.00016147662143104098,1.753478176012646,4,4
7,7,2024-10-07 00:00:00+00:00,2024-10-07 04:00:00+00:00,2024-10-14 04:00:00+00:00,0.004184425726521673,1.753478176012646,4,4
7,7,2024-10-14 00:00:00+00:00,2024-10-14 04:00:00+00:00,2024-10-21 04:00:00+00:00,-0.03627018347911562,1.7159238206553575,4,4
7,7,2024-10-21 00:00:00+00:00,2024-10-21 04:00:00+00:00,2024-10-28 04:00:00+00:00,0.03864720306526643,1.7197903630618934,4,4
7,7,2024-10-28 00:00:00+00:00,2024-10-28 04:00:00+00:00,2024-11-04 04:00:00+00:00,0.010097904561173444,1.5465299294398296,4,4
7,7,2024-11-04 00:00:00+00:00,2024-11-04 04:00:00+00:00,2024-11-11 04:00:00+00:00,0.12811511143810472,1.5282053080146856,4,4
7,7,2024-11-11 00:00:00+00:00,2024-11-11 04:00:00+00:00,2024-11-18 04:00:00+00:00,-0.013097128778992155,1.101747639532369,4,4
7,7,2024-11-18 00:00:00+00:00,2024-11-18 04:00:00+00:00,2024-11-25 04:00:00+00:00,-0.004241823378248837,1.219989078219588,4,4
7,7,2024-11-25 00:00:00+00:00,2024-11-25 04:00:00+00:00,2024-12-02 04:00:00+00:00,0.11202866118160199,1.4773484785923467,4,4
7,7,2024-12-02 00:00:00+00:00,2024-12-02 04:00:00+00:00,2024-12-09 04:00:00+00:00,0.029740607742873973,1.5428666801898432,4,4
7,7,2024-12-09 00:00:00+00:00,2024-12-09 04:00:00+00:00,2024-12-16 04:00:00+00:00,0.008370535009160879,1.214817328857165,4,4
7,7,2024-12-16 00:00:00+00:00,2024-12-16 04:00:00+00:00,2024-12-23 04:00:00+00:00,0.03001867984714586,1.067242458632077,4,4
7,7,2024-12-23 00:00:00+00:00,2024-12-23 04:00:00+00:00,2024-12-30 04:00:00+00:00,-0.009566108517350833,1.214099345699243,4,4
7,7,2024-12-30 00:00:00+00:00,2024-12-30 04:00:00+00:00,2025-01-06 04:00:00+00:00,-0.022597619522586012,1.7,4,4
7,7,2025-01-06 00:00:00+00:00,2025-01-06 04:00:00+00:00,2025-01-13 04:00:00+00:00,-0.016063436948522383,1.498491085030519,4,4
7,7,2025-01-13 00:00:00+00:00,2025-01-13 04:00:00+00:00,2025-01-20 04:00:00+00:00,-0.012561686413113553,1.5892515131015568,4,4
7,7,2025-01-20 00:00:00+00:00,2025-01-20 04:00:00+00:00,2025-01-27 04:00:00+00:00,0.021620911614983092,1.0501562965592128,4,4
7,7,2025-01-27 00:00:00+00:00,2025-01-27 04:00:00+00:00,2025-02-03 04:00:00+00:00,0.079020395971802,1.2721736000478407,4,4
7,7,2025-02-03 00:00:00+00:00,2025-02-03 04:00:00+00:00,2025-02-10 04:00:00+00:00,-0.0057183916620467505,1.467428589519135,4,4
7,7,2025-02-10 00:00:00+00:00,2025-02-10 04:00:00+00:00,2025-02-17 04:00:00+00:00,0.008635284067941172,1.2776994792897376,4,4
7,7,2025-02-17 00:00:00+00:00,2025-02-17 04:00:00+00:00,2025-02-24 04:00:00+00:00,0.013984800943169971,1.304504201066727,4,4
7,7,2025-02-24 00:00:00+00:00,2025-02-24 04:00:00+00:00,2025-03-03 04:00:00+00:00,-0.04578737796500629,1.6999999999999997,4,4
7,7,2025-03-03 00:00:00+00:00,2025-03-03 04:00:00+00:00,2025-03-10 04:00:00+00:00,-0.0265886809288069,1.32083501743807,4,4
7,7,2025-03-10 00:00:00+00:00,2025-03-10 04:00:00+00:00,2025-03-17 04:00:00+00:00,0.0038534447268698292,2.0,4,4
7,7,2025-03-17 00:00:00+00:00,2025-03-17 04:00:00+00:00,2025-03-24 04:00:00+00:00,0.02044932458540255,1.5174845517638296,4,4
7,7,2025-03-24 00:00:00+00:00,2025-03-24 04:00:00+00:00,2025-03-31 04:00:00+00:00,-0.0012126581099110257,1.19007488726431,4,4
7,7,2025-03-31 00:00:00+00:00,2025-03-31 04:00:00+00:00,2025-04-07 04:00:00+00:00,0.02765235757151198,1.9999999999999998,4,4
7,7,2025-04-07 00:00:00+00:00,2025-04-07 04:00:00+00:00,2025-04-14 04:00:00+00:00,-0.028482235188068892,1.2618630600713918,4,4
7,7,2025-04-14 00:00:00+00:00,2025-04-14 04:00:00+00:00,2025-04-21 04:00:00+00:00,0.003728983911111633,1.7,4,4
7,7,2025-04-21 00:00:00+00:00,2025-04-21 04:00:00+00:00,2025-04-28 04:00:00+00:00,-0.02479910911178446,1.5287525636042067,4,4
7,7,2025-04-28 00:00:00+00:00,2025-04-28 04:00:00+00:00,2025-05-05 04:00:00+00:00,-0.012294308584622465,1.5333044709488193,4,4
7,7,2025-05-05 00:00:00+00:00,2025-05-05 04:00:00+00:00,2025-05-12 04:00:00+00:00,-0.07873913528121307,1.7000000000000002,4,4
7,7,2025-05-12 00:00:00+00:00,2025-05-12 04:00:00+00:00,2025-05-19 04:00:00+00:00,-0.028916099478404716,1.7701068573251677,4,4
7,7,2025-05-19 00:00:00+00:00,2025-05-19 04:00:00+00:00,2025-05-26 04:00:00+00:00,-0.0004755311718445815,1.7880375770721835,4,4
7,7,2025-05-26 00:00:00+00:00,2025-05-26 04:00:00+00:00,2025-06-02 04:00:00+00:00,0.014678119487286168,1.467447242845978,4,4
7,7,2025-06-02 00:00:00+00:00,2025-06-02 04:00:00+00:00,2025-06-09 04:00:00+00:00,0.015052497936034713,1.2991982721946707,4,4
7,7,2025-06-09 00:00:00+00:00,2025-06-09 04:00:00+00:00,2025-06-16 04:00:00+00:00,-0.0043025516431855,1.3190755157082725,4,4
7,7,2025-06-16 00:00:00+00:00,2025-06-16 04:00:00+00:00,2025-06-23 04:00:00+00:00,0.03963432447404742,1.4236691153020442,4,4
7,7,2025-06-23 00:00:00+00:00,2025-06-23 04:00:00+00:00,2025-06-30 04:00:00+00:00,-0.02453608453523995,0.898828004225459,4,4
7,7,2025-06-30 00:00:00+00:00,2025-06-30 04:00:00+00:00,2025-07-07 04:00:00+00:00,-0.004539179637729743,0.8028472559450307,4,4
7,7,2025-07-07 00:00:00+00:00,2025-07-07 04:00:00+00:00,2025-07-14 04:00:00+00:00,0.009878524585904746,1.749301281250199,4,4
7,7,2025-07-14 00:00:00+00:00,2025-07-14 04:00:00+00:00,2025-07-21 04:00:00+00:00,0.036926293501002065,1.0970293003799745,4,4
7,7,2025-07-21 00:00:00+00:00,2025-07-21 04:00:00+00:00,2025-07-28 04:00:00+00:00,-0.002905346168839709,1.3621356551017074,4,4
7,7,2025-07-28 00:00:00+00:00,2025-07-28 04:00:00+00:00,2025-08-04 04:00:00+00:00,0.008506175742766632,1.4515095437791365,4,4
7,7,2025-08-04 00:00:00+00:00,2025-08-04 04:00:00+00:00,2025-08-11 04:00:00+00:00,-0.03521227922376092,1.7468933022646358,4,4
7,7,2025-08-11 00:00:00+00:00,2025-08-11 04:00:00+00:00,2025-08-18 04:00:00+00:00,0.04637189163456873,2.0,4,4
7,7,2025-08-18 00:00:00+00:00,2025-08-18 04:00:00+00:00,2025-08-25 04:00:00+00:00,0.011385551561703539,1.2617965579325072,4,4
7,7,2025-08-25 00:00:00+00:00,2025-08-25 04:00:00+00:00,2025-09-01 04:00:00+00:00,-1.8573374763434722e-05,1.2493596054449165,4,4
7,7,2025-09-01 00:00:00+00:00,2025-09-01 04:00:00+00:00,2025-09-08 04:00:00+00:00,0.004705925019387699,1.2442887853136049,4,4
7,7,2025-09-08 00:00:00+00:00,2025-09-08 04:00:00+00:00,2025-09-15 04:00:00+00:00,0.004889212072909651,1.5798474033080931,4,4
7,7,2025-09-15 00:00:00+00:00,2025-09-15 04:00:00+00:00,2025-09-22 04:00:00+00:00,0.04474460103645135,1.3381787387541384,4,4
7,7,2025-09-22 00:00:00+00:00,2025-09-22 04:00:00+00:00,2025-09-29 04:00:00+00:00,-0.0024131236041638722,1.0200987243293596,4,4
7,7,2025-09-29 00:00:00+00:00,2025-09-29 04:00:00+00:00,2025-10-06 04:00:00+00:00,-0.021478355476929084,1.5862705254967617,4,4
7,7,2025-10-06 00:00:00+00:00,2025-10-06 04:00:00+00:00,2025-10-13 04:00:00+00:00,0.08047435558095999,1.7519790300807183,4,4
7,7,2025-10-13 00:00:00+00:00,2025-10-13 04:00:00+00:00,2025-10-20 04:00:00+00:00,-0.016440682266937966,1.5573206130052553,4,4
7,7,2025-10-20 00:00:00+00:00,2025-10-20 04:00:00+00:00,2025-10-27 04:00:00+00:00,0.006640960905604621,1.333710386275584,4,4
7,7,2025-10-27 00:00:00+00:00,2025-10-27 04:00:00+00:00,2025-11-03 04:00:00+00:00,0.03601260731711159,1.9999999999999996,4,4
7,7,2025-11-03 00:00:00+00:00,2025-11-03 04:00:00+00:00,2025-11-10 04:00:00+00:00,0.09655965979506119,1.8070356376456875,4,4
7,7,2025-11-10 00:00:00+00:00,2025-11-10 04:00:00+00:00,2025-11-17 04:00:00+00:00,-0.02487951552102688,1.16059433692483,4,4
7,7,2025-11-17 00:00:00+00:00,2025-11-17 04:00:00+00:00,2025-11-24 04:00:00+00:00,-0.016600655494708374,0.9957126285279717,4,4
7,7,2025-11-24 00:00:00+00:00,2025-11-24 04:00:00+00:00,2025-12-01 04:00:00+00:00,0.0036571832769714038,1.4,4,4
7,7,2025-12-01 00:00:00+00:00,2025-12-01 04:00:00+00:00,2025-12-08 04:00:00+00:00,0.009449480777788524,1.5280195657316633,4,4
7,7,2025-12-08 00:00:00+00:00,2025-12-08 04:00:00+00:00,2025-12-15 04:00:00+00:00,0.015375768146445801,1.3823668951104349,4,4
7,7,2025-12-15 00:00:00+00:00,2025-12-15 04:00:00+00:00,2025-12-22 04:00:00+00:00,0.013388711575622308,0.7514665401668054,4,4
7,7,2025-12-22 00:00:00+00:00,2025-12-22 04:00:00+00:00,2025-12-29 04:00:00+00:00,-0.014574097707368469,1.2615500387134853,4,4
7,7,2025-12-29 00:00:00+00:00,2025-12-29 04:00:00+00:00,2026-01-05 04:00:00+00:00,-0.006075962280890992,1.9999999999999998,4,4
7,7,2026-01-05 00:00:00+00:00,2026-01-05 04:00:00+00:00,2026-01-12 04:00:00+00:00,0.003995679368817863,2.0,4,4
7,7,2026-01-12 00:00:00+00:00,2026-01-12 04:00:00+00:00,2026-01-19 04:00:00+00:00,0.005417030499653449,1.4457749345000195,4,4
7,7,2026-01-19 00:00:00+00:00,2026-01-19 04:00:00+00:00,2026-01-26 04:00:00+00:00,-0.011368959058012166,1.2917985331352937,4,4
7,7,2026-01-26 00:00:00+00:00,2026-01-26 04:00:00+00:00,2026-02-02 04:00:00+00:00,0.004800514139478233,2.0,4,4
7,7,2026-02-02 00:00:00+00:00,2026-02-02 04:00:00+00:00,2026-02-09 04:00:00+00:00,-0.0048711877726131236,1.0387039048835658,4,4
7,7,2026-02-09 00:00:00+00:00,2026-02-09 04:00:00+00:00,2026-02-16 04:00:00+00:00,0.03393089580984325,1.0271160852056682,4,4
7,7,2026-02-16 00:00:00+00:00,2026-02-16 04:00:00+00:00,2026-02-23 04:00:00+00:00,-0.033636166086746445,1.0008927057733048,4,4
7,7,2026-02-23 00:00:00+00:00,2026-02-23 04:00:00+00:00,2026-03-02 04:00:00+00:00,-0.01725993636973192,2.0,4,4
7,7,2026-03-02 00:00:00+00:00,2026-03-02 04:00:00+00:00,2026-03-09 04:00:00+00:00,-0.002452279687215231,1.5265118926124548,4,4
7,7,2026-03-09 00:00:00+00:00,2026-03-09 04:00:00+00:00,2026-03-16 04:00:00+00:00,-0.0012802105772208288,1.3707763175650065,4,4
7,7,2026-03-16 00:00:00+00:00,2026-03-16 04:00:00+00:00,2026-03-23 04:00:00+00:00,-0.010830274587522216,0.7508876684146791,4,4
7,7,2026-03-23 00:00:00+00:00,2026-03-23 04:00:00+00:00,2026-03-30 04:00:00+00:00,0.006933323062117241,2.0,4,4
7,7,2026-03-30 00:00:00+00:00,2026-03-30 04:00:00+00:00,2026-04-06 04:00:00+00:00,0.0009863112374069432,1.7831041468928466,4,4
7,7,2026-04-06 00:00:00+00:00,2026-04-06 04:00:00+00:00,2026-04-13 04:00:00+00:00,0.004853065198191483,1.5166645397061354,4,4
7,7,2026-04-13 00:00:00+00:00,2026-04-13 04:00:00+00:00,2026-04-20 04:00:00+00:00,-0.0015340621667698914,1.5040445318125353,4,4
7,7,2026-04-20 00:00:00+00:00,2026-04-20 04:00:00+00:00,2026-04-27 04:00:00+00:00,0.020574072953514464,1.3070091041565217,4,4
7,7,2026-04-27 00:00:00+00:00,2026-04-27 04:00:00+00:00,2026-05-04 04:00:00+00:00,0.015161916397256392,1.5643977317418623,4,4
7,7,2026-05-04 00:00:00+00:00,2026-05-04 04:00:00+00:00,2026-05-11 04:00:00+00:00,-0.02156523564579716,0.9741246226863519,4,4
7,7,2026-05-11 00:00:00+00:00,2026-05-11 04:00:00+00:00,2026-05-18 04:00:00+00:00,-0.028440049893937242,1.4534869766881053,4,4
7,7,2026-05-18 00:00:00+00:00,2026-05-18 04:00:00+00:00,2026-05-25 04:00:00+00:00,0.014972729062245532,2.0,4,4
7,7,2026-05-25 00:00:00+00:00,2026-05-25 04:00:00+00:00,2026-06-01 04:00:00+00:00,0.04385271283720372,1.3835524124477439,4,4
7,7,2026-06-01 00:00:00+00:00,2026-06-01 04:00:00+00:00,2026-06-08 04:00:00+00:00,0.0009773070912675527,1.5223591879840765,4,4
7,7,2026-06-08 00:00:00+00:00,2026-06-08 04:00:00+00:00,2026-06-15 04:00:00+00:00,-0.0013277314162990876,1.3000000000000003,4,4
7,7,2026-06-15 00:00:00+00:00,2026-06-15 04:00:00+00:00,2026-06-22 04:00:00+00:00,0.012554022253544878,1.8553375636478555,4,4
7,7,2026-06-22 00:00:00+00:00,2026-06-22 04:00:00+00:00,2026-06-29 04:00:00+00:00,0.00021108798419558483,1.5242705118706694,4,4
7,7,2026-06-29 00:00:00+00:00,2026-06-29 04:00:00+00:00,2026-07-06 04:00:00+00:00,-0.0077115470245676734,1.4638312139958591,4,4
7,7,2026-07-06 00:00:00+00:00,2026-07-06 04:00:00+00:00,2026-07-13 04:00:00+00:00,-0.005801175545291359,1.4915461245479396,4,4
7,7,2026-07-13 00:00:00+00:00,2026-07-13 04:00:00+00:00,2026-07-20 04:00:00+00:00,0.008520399542140553,1.425024798345662,4,4
7,7,2026-07-20 00:00:00+00:00,2026-07-20 04:00:00+00:00,2026-07-27 04:00:00+00:00,0.0061609161841034675,2.558068910489083,4,4
28,1,2024-04-01 00:00:00+00:00,2024-04-01 04:00:00+00:00,2024-04-02 04:00:00+00:00,-0.004514666132866177,1.0,4,4
28,1,2024-04-02 00:00:00+00:00,2024-04-02 04:00:00+00:00,2024-04-03 04:00:00+00:00,0.008234573215444406,0.27312539780623873,4,4
28,1,2024-04-03 00:00:00+00:00,2024-04-03 04:00:00+00:00,2024-04-04 04:00:00+00:00,0.005773935607649223,0.4957673650844484,4,4
28,1,2024-04-04 00:00:00+00:00,2024-04-04 04:00:00+00:00,2024-04-05 04:00:00+00:00,-0.008477135368190655,0.27392742028175254,4,4
28,1,2024-04-05 00:00:00+00:00,2024-04-05 04:00:00+00:00,2024-04-06 04:00:00+00:00,0.0027048122927623482,0.49524355232439793,4,4
28,1,2024-04-06 00:00:00+00:00,2024-04-06 04:00:00+00:00,2024-04-07 04:00:00+00:00,-0.000397585872342795,0.19639643444023558,4,4
28,1,2024-04-07 00:00:00+00:00,2024-04-07 04:00:00+00:00,2024-04-08 04:00:00+00:00,-0.010966479489320625,0.3045988243484452,4,4
28,1,2024-04-08 00:00:00+00:00,2024-04-08 04:00:00+00:00,2024-04-09 04:00:00+00:00,-0.015875640138836154,0.010606579196375088,4,4
28,1,2024-04-09 00:00:00+00:00,2024-04-09 04:00:00+00:00,2024-04-10 04:00:00+00:00,0.0020478828578662563,0.7566991923407792,4,4
28,1,2024-04-10 00:00:00+00:00,2024-04-10 04:00:00+00:00,2024-04-11 04:00:00+00:00,0.012960204048538268,0.5252344757963875,4,4
28,1,2024-04-11 00:00:00+00:00,2024-04-11 04:00:00+00:00,2024-04-12 04:00:00+00:00,0.009168329762612802,0.5341219236197761,4,4
28,1,2024-04-12 00:00:00+00:00,2024-04-12 04:00:00+00:00,2024-04-13 04:00:00+00:00,0.03849067546909787,0.015785639683970523,4,4
28,1,2024-04-13 00:00:00+00:00,2024-04-13 04:00:00+00:00,2024-04-14 04:00:00+00:00,0.00974249641172644,0.316946853302,4,4
28,1,2024-04-14 00:00:00+00:00,2024-04-14 04:00:00+00:00,2024-04-15 04:00:00+00:00,-0.012719414848036773,0.008685549624100633,4,4
28,1,2024-04-15 00:00:00+00:00,2024-04-15 04:00:00+00:00,2024-04-16 04:00:00+00:00,-0.0008733051704205392,0.25192880417494345,4,4
28,1,2024-04-16 00:00:00+00:00,2024-04-16 04:00:00+00:00,2024-04-17 04:00:00+00:00,-0.0006109624218342735,0.2380518668806768,4,4
28,1,2024-04-17 00:00:00+00:00,2024-04-17 04:00:00+00:00,2024-04-18 04:00:00+00:00,-0.0059883924230176005,0.30190796222412825,4,4
28,1,2024-04-18 00:00:00+00:00,2024-04-18 04:00:00+00:00,2024-04-19 04:00:00+00:00,-0.002611979333410399,0.5654407228696612,4,4
28,1,2024-04-19 00:00:00+00:00,2024-04-19 04:00:00+00:00,2024-04-20 04:00:00+00:00,-0.0063026826516601065,0.28348602030665393,4,4
28,1,2024-04-20 00:00:00+00:00,2024-04-20 04:00:00+00:00,2024-04-21 04:00:00+00:00,-0.019036741667114446,0.3009913697083586,4,4
28,1,2024-04-21 00:00:00+00:00,2024-04-21 04:00:00+00:00,2024-04-22 04:00:00+00:00,-0.004031391124801608,0.5593566324515625,4,4
28,1,2024-04-22 00:00:00+00:00,2024-04-22 04:00:00+00:00,2024-04-23 04:00:00+00:00,0.008535408988961048,0.4589122288495551,4,4
28,1,2024-04-23 00:00:00+00:00,2024-04-23 04:00:00+00:00,2024-04-24 04:00:00+00:00,0.007453559030881309,0.45376703559508336,4,4
28,1,2024-04-24 00:00:00+00:00,2024-04-24 04:00:00+00:00,2024-04-25 04:00:00+00:00,0.01927950187458865,0.30092535623235817,4,4
28,1,2024-04-25 00:00:00+00:00,2024-04-25 04:00:00+00:00,2024-04-26 04:00:00+00:00,0.013825389259311984,0.3016334061010254,4,4
28,1,2024-04-26 00:00:00+00:00,2024-04-26 04:00:00+00:00,2024-04-27 04:00:00+00:00,0.01069707765163444,0.23857877827446666,4,4
28,1,2024-04-27 00:00:00+00:00,2024-04-27 04:00:00+00:00,2024-04-28 04:00:00+00:00,-0.03801790662541739,0.010542415391295953,4,4
28,1,2024-04-28 00:00:00+00:00,2024-04-28 04:00:00+00:00,2024-04-29 04:00:00+00:00,0.00962899454496655,0.5618310494691802,4,4
28,1,2024-04-29 00:00:00+00:00,2024-04-29 04:00:00+00:00,2024-04-30 04:00:00+00:00,-0.008628873312595346,0.5684884706648594,4,4
28,1,2024-04-30 00:00:00+00:00,2024-04-30 04:00:00+00:00,2024-05-01 04:00:00+00:00,-0.0032869989793439525,0.2695475470323204,4,4
28,1,2024-05-01 00:00:00+00:00,2024-05-01 04:00:00+00:00,2024-05-02 04:00:00+00:00,-0.021140180721136916,0.548462260909546,4,4
28,1,2024-05-02 00:00:00+00:00,2024-05-02 04:00:00+00:00,2024-05-03 04:00:00+00:00,0.0004944379660888655,0.8402459124609358,4,4
28,1,2024-05-03 00:00:00+00:00,2024-05-03 04:00:00+00:00,2024-05-04 04:00:00+00:00,-0.0001928726557990706,0.8409072131704416,4,4
28,1,2024-05-04 00:00:00+00:00,2024-05-04 04:00:00+00:00,2024-05-05 04:00:00+00:00,-0.004331594774786113,0.6011974429943266,4,4
28,1,2024-05-05 00:00:00+00:00,2024-05-05 04:00:00+00:00,2024-05-06 04:00:00+00:00,0.00895374262738633,0.0008821168199786428,4,4
28,1,2024-05-06 00:00:00+00:00,2024-05-06 04:00:00+00:00,2024-05-07 04:00:00+00:00,-0.00039130525405946595,0.26764890317809265,4,4
28,1,2024-05-07 00:00:00+00:00,2024-05-07 04:00:00+00:00,2024-05-08 04:00:00+00:00,0.0007391095006704727,0.266184465847077,4,4
28,1,2024-05-08 00:00:00+00:00,2024-05-08 04:00:00+00:00,2024-05-09 04:00:00+00:00,-0.01497420417339229,0.5650080038455583,4,4
28,1,2024-05-09 00:00:00+00:00,2024-05-09 04:00:00+00:00,2024-05-10 04:00:00+00:00,0.010002374635059035,0.0032114648796135875,4,4
28,1,2024-05-10 00:00:00+00:00,2024-05-10 04:00:00+00:00,2024-05-11 04:00:00+00:00,0.0018780849298636049,0.5633246253243819,4,4
28,1,2024-05-11 00:00:00+00:00,2024-05-11 04:00:00+00:00,2024-05-12 04:00:00+00:00,0.006325686767308241,0.5547602718580797,4,4
28,1,2024-05-12 00:00:00+00:00,2024-05-12 04:00:00+00:00,2024-05-13 04:00:00+00:00,-0.006212357578303242,0.7929506128688812,4,4
28,1,2024-05-13 00:00:00+00:00,2024-05-13 04:00:00+00:00,2024-05-14 04:00:00+00:00,-0.00402262652229197,0.3024080221695273,4,4
28,1,2024-05-14 00:00:00+00:00,2024-05-14 04:00:00+00:00,2024-05-15 04:00:00+00:00,0.0015257198549952491,0.600286853144775,4,4
28,1,2024-05-15 00:00:00+00:00,2024-05-15 04:00:00+00:00,2024-05-16 04:00:00+00:00,0.010099177480959086,0.5203946320917878,4,4
28,1,2024-05-16 00:00:00+00:00,2024-05-16 04:00:00+00:00,2024-05-17 04:00:00+00:00,-0.002532026419935128,0.2272890975065317,4,4
28,1,2024-05-17 00:00:00+00:00,2024-05-17 04:00:00+00:00,2024-05-18 04:00:00+00:00,-0.011802694370708232,0.3087885782105327,4,4
28,1,2024-05-18 00:00:00+00:00,2024-05-18 04:00:00+00:00,2024-05-19 04:00:00+00:00,0.0028613109368370525,0.6079162470959336,4,4
28,1,2024-05-19 00:00:00+00:00,2024-05-19 04:00:00+00:00,2024-05-20 04:00:00+00:00,0.01955241194653399,0.6000000000000001,4,4
28,1,2024-05-20 00:00:00+00:00,2024-05-20 04:00:00+00:00,2024-05-21 04:00:00+00:00,-0.04064814682407636,0.5935206641828037,4,4
28,1,2024-05-21 00:00:00+00:00,2024-05-21 04:00:00+00:00,2024-05-22 04:00:00+00:00,-0.01076856432245619,0.016521541599013784,4,4
28,1,2024-05-22 00:00:00+00:00,2024-05-22 04:00:00+00:00,2024-05-23 04:00:00+00:00,0.0046566301233170945,0.7813867401776833,4,4
28,1,2024-05-23 00:00:00+00:00,2024-05-23 04:00:00+00:00,2024-05-24 04:00:00+00:00,0.029789765646475,0.5003177793700327,4,4
28,1,2024-05-24 00:00:00+00:00,2024-05-24 04:00:00+00:00,2024-05-25 04:00:00+00:00,-0.010694358340226603,0.2767560042228885,4,4
28,1,2024-05-25 00:00:00+00:00,2024-05-25 04:00:00+00:00,2024-05-26 04:00:00+00:00,0.003330551674508532,0.30862786049124447,4,4
28,1,2024-05-26 00:00:00+00:00,2024-05-26 04:00:00+00:00,2024-05-27 04:00:00+00:00,0.003948606298412656,0.30328143940319996,4,4
28,1,2024-05-27 00:00:00+00:00,2024-05-27 04:00:00+00:00,2024-05-28 04:00:00+00:00,0.007772028677306369,0.5316099115788105,4,4
28,1,2024-05-28 00:00:00+00:00,2024-05-28 04:00:00+00:00,2024-05-29 04:00:00+00:00,0.0005777030867290507,0.5418442323983367,4,4
28,1,2024-05-29 00:00:00+00:00,2024-05-29 04:00:00+00:00,2024-05-30 04:00:00+00:00,-0.0010124400857992816,0.546789617810215,4,4
28,1,2024-05-30 00:00:00+00:00,2024-05-30 04:00:00+00:00,2024-05-31 04:00:00+00:00,-0.007155335501994218,0.5303581136274397,4,4
28,1,2024-05-31 00:00:00+00:00,2024-05-31 04:00:00+00:00,2024-06-01 04:00:00+00:00,0.004158866092962595,0.6012306221859132,4,4
28,1,2024-06-01 00:00:00+00:00,2024-06-01 04:00:00+00:00,2024-06-02 04:00:00+00:00,-0.0016856751358632087,0.010940607434115915,4,4
28,1,2024-06-02 00:00:00+00:00,2024-06-02 04:00:00+00:00,2024-06-03 04:00:00+00:00,-0.0003270208134610315,0.0014207122647636183,4,4
28,1,2024-06-03 00:00:00+00:00,2024-06-03 04:00:00+00:00,2024-06-04 04:00:00+00:00,0.0006843639551969917,0.2868202683871094,4,4
28,1,2024-06-04 00:00:00+00:00,2024-06-04 04:00:00+00:00,2024-06-05 04:00:00+00:00,-0.0030645972481200866,0.0017876842010027677,4,4
28,1,2024-06-05 00:00:00+00:00,2024-06-05 04:00:00+00:00,2024-06-06 04:00:00+00:00,-0.0016355103386131733,0.5565552893679542,4,4
28,1,2024-06-06 00:00:00+00:00,2024-06-06 04:00:00+00:00,2024-06-07 04:00:00+00:00,0.006285443036603522,0.004528365874479773,4,4
28,1,2024-06-07 00:00:00+00:00,2024-06-07 04:00:00+00:00,2024-06-08 04:00:00+00:00,-0.005644704966008268,0.5237755365334129,4,4
28,1,2024-06-08 00:00:00+00:00,2024-06-08 04:00:00+00:00,2024-06-09 04:00:00+00:00,0.009254830927169722,0.3066987995227816,4,4
28,1,2024-06-09 00:00:00+00:00,2024-06-09 04:00:00+00:00,2024-06-10 04:00:00+00:00,-0.004333927194761505,0.7804985612076284,4,4
28,1,2024-06-10 00:00:00+00:00,2024-06-10 04:00:00+00:00,2024-06-11 04:00:00+00:00,-0.002298691524791387,0.48090072911256976,4,4
28,1,2024-06-11 00:00:00+00:00,2024-06-11 04:00:00+00:00,2024-06-12 04:00:00+00:00,-0.004108858510935821,0.5736982988290458,4,4
28,1,2024-06-12 00:00:00+00:00,2024-06-12 04:00:00+00:00,2024-06-13 04:00:00+00:00,0.006392834691659536,0.8446024047998407,4,4
28,1,2024-06-13 00:00:00+00:00,2024-06-13 04:00:00+00:00,2024-06-14 04:00:00+00:00,0.004015520866206001,0.03120090686666767,4,4
28,1,2024-06-14 00:00:00+00:00,2024-06-14 04:00:00+00:00,2024-06-15 04:00:00+00:00,0.0011466483137178409,0.31631327753883925,4,4
28,1,2024-06-15 00:00:00+00:00,2024-06-15 04:00:00+00:00,2024-06-16 04:00:00+00:00,-0.005416169864336641,0.6000000000000001,4,4
28,1,2024-06-16 00:00:00+00:00,2024-06-16 04:00:00+00:00,2024-06-17 04:00:00+00:00,-0.0026076670450528687,0.4897118056549796,4,4
28,1,2024-06-17 00:00:00+00:00,2024-06-17 04:00:00+00:00,2024-06-18 04:00:00+00:00,0.02694252091140891,0.0015412929736108721,4,4
28,1,2024-06-18 00:00:00+00:00,2024-06-18 04:00:00+00:00,2024-06-19 04:00:00+00:00,-0.008395888081031413,0.048980384009857755,4,4
28,1,2024-06-19 00:00:00+00:00,2024-06-19 04:00:00+00:00,2024-06-20 04:00:00+00:00,-0.0013471495263256664,0.803309389389545,4,4
28,1,2024-06-20 00:00:00+00:00,2024-06-20 04:00:00+00:00,2024-06-21 04:00:00+00:00,-0.012893714126140252,0.5253059541520044,4,4
28,1,2024-06-21 00:00:00+00:00,2024-06-21 04:00:00+00:00,2024-06-22 04:00:00+00:00,0.0007136603007373787,0.5437902432540738,4,4
28,1,2024-06-22 00:00:00+00:00,2024-06-22 04:00:00+00:00,2024-06-23 04:00:00+00:00,0.003758272809735957,0.7859083189691429,4,4
28,1,2024-06-23 00:00:00+00:00,2024-06-23 04:00:00+00:00,2024-06-24 04:00:00+00:00,7.444983842828067e-05,0.3079544740518317,4,4
28,1,2024-06-24 00:00:00+00:00,2024-06-24 04:00:00+00:00,2024-06-25 04:00:00+00:00,-0.010263078514336874,0.25190877477953644,4,4
28,1,2024-06-25 00:00:00+00:00,2024-06-25 04:00:00+00:00,2024-06-26 04:00:00+00:00,0.0005413486901622209,0.5530248721741132,4,4
28,1,2024-06-26 00:00:00+00:00,2024-06-26 04:00:00+00:00,2024-06-27 04:00:00+00:00,-0.00025229898763942877,0.2509910534016568,4,4
28,1,2024-06-27 00:00:00+00:00,2024-06-27 04:00:00+00:00,2024-06-28 04:00:00+00:00,-0.01060603797251462,0.550424636782985,4,4
28,1,2024-06-28 00:00:00+00:00,2024-06-28 04:00:00+00:00,2024-06-29 04:00:00+00:00,0.0026211328223071386,0.5576548125296298,4,4
28,1,2024-06-29 00:00:00+00:00,2024-06-29 04:00:00+00:00,2024-06-30 04:00:00+00:00,0.005113500670199293,0.7758867114989267,4,4
28,1,2024-06-30 00:00:00+00:00,2024-06-30 04:00:00+00:00,2024-07-01 04:00:00+00:00,-0.00958810759137194,0.5310996902272259,4,4
28,1,2024-07-01 00:00:00+00:00,2024-07-01 04:00:00+00:00,2024-07-02 04:00:00+00:00,-0.0012795908967655337,0.3005728979213284,4,4
28,1,2024-07-02 00:00:00+00:00,2024-07-02 04:00:00+00:00,2024-07-03 04:00:00+00:00,0.008819462447612097,0.5451075057988699,4,4
28,1,2024-07-03 00:00:00+00:00,2024-07-03 04:00:00+00:00,2024-07-04 04:00:00+00:00,-0.006166184139422973,0.5469491715598256,4,4
28,1,2024-07-04 00:00:00+00:00,2024-07-04 04:00:00+00:00,2024-07-05 04:00:00+00:00,-0.008542261002670894,0.6017576672990578,4,4
28,1,2024-07-05 00:00:00+00:00,2024-07-05 04:00:00+00:00,2024-07-06 04:00:00+00:00,0.012715723265501227,0.005542226404690945,4,4
28,1,2024-07-06 00:00:00+00:00,2024-07-06 04:00:00+00:00,2024-07-07 04:00:00+00:00,-0.002520379416357659,0.5244397969024182,4,4
28,1,2024-07-07 00:00:00+00:00,2024-07-07 04:00:00+00:00,2024-07-08 04:00:00+00:00,-0.004972271719771131,0.5060057134905066,4,4
28,1,2024-07-08 00:00:00+00:00,2024-07-08 04:00:00+00:00,2024-07-09 04:00:00+00:00,-0.00080500154524099,0.29766320539553404,4,4
28,1,2024-07-09 00:00:00+00:00,2024-07-09 04:00:00+00:00,2024-07-10 04:00:00+00:00,0.009572344105952032,0.3124336848256458,4,4
28,1,2024-07-10 00:00:00+00:00,2024-07-10 04:00:00+00:00,2024-07-11 04:00:00+00:00,-0.00021323050996702392,0.808973530112587,4,4
28,1,2024-07-11 00:00:00+00:00,2024-07-11 04:00:00+00:00,2024-07-12 04:00:00+00:00,0.005574186421965327,0.45494006205838816,4,4
28,1,2024-07-12 00:00:00+00:00,2024-07-12 04:00:00+00:00,2024-07-13 04:00:00+00:00,0.010882830771749823,0.731219501937584,4,4
28,1,2024-07-13 00:00:00+00:00,2024-07-13 04:00:00+00:00,2024-07-14 04:00:00+00:00,0.007657327583555571,0.42587196241523056,4,4
28,1,2024-07-14 00:00:00+00:00,2024-07-14 04:00:00+00:00,2024-07-15 04:00:00+00:00,-0.005105960250534248,0.012688274130995325,4,4
28,1,2024-07-15 00:00:00+00:00,2024-07-15 04:00:00+00:00,2024-07-16 04:00:00+00:00,0.007896182122128916,0.5483765978049693,4,4
28,1,2024-07-16 00:00:00+00:00,2024-07-16 04:00:00+00:00,2024-07-17 04:00:00+00:00,0.011547999819173685,0.5924191755209329,4,4
28,1,2024-07-17 00:00:00+00:00,2024-07-17 04:00:00+00:00,2024-07-18 04:00:00+00:00,0.004461533064490194,0.5631117118678082,4,4
28,1,2024-07-18 00:00:00+00:00,2024-07-18 04:00:00+00:00,2024-07-19 04:00:00+00:00,-0.006166782247168778,0.7969727309213275,4,4
28,1,2024-07-19 00:00:00+00:00,2024-07-19 04:00:00+00:00,2024-07-20 04:00:00+00:00,-0.0010432318336821875,0.015929415626258298,4,4
28,1,2024-07-20 00:00:00+00:00,2024-07-20 04:00:00+00:00,2024-07-21 04:00:00+00:00,0.0037348736373565995,0.8000425416111258,4,4
28,1,2024-07-21 00:00:00+00:00,2024-07-21 04:00:00+00:00,2024-07-22 04:00:00+00:00,0.004116018759312988,0.5608214068768658,4,4
28,1,2024-07-22 00:00:00+00:00,2024-07-22 04:00:00+00:00,2024-07-23 04:00:00+00:00,0.0014634933446795312,0.5388495514502384,4,4
28,1,2024-07-23 00:00:00+00:00,2024-07-23 04:00:00+00:00,2024-07-24 04:00:00+00:00,-0.020942732402495508,0.5264947653930279,4,4
28,1,2024-07-24 00:00:00+00:00,2024-07-24 04:00:00+00:00,2024-07-25 04:00:00+00:00,0.023185366334786767,0.8555983132568967,4,4
28,1,2024-07-25 00:00:00+00:00,2024-07-25 04:00:00+00:00,2024-07-26 04:00:00+00:00,0.0004776663285173291,0.30254039290275037,4,4
28,1,2024-07-26 00:00:00+00:00,2024-07-26 04:00:00+00:00,2024-07-27 04:00:00+00:00,-7.947137144873224e-05,0.5161885057515563,4,4
28,1,2024-07-27 00:00:00+00:00,2024-07-27 04:00:00+00:00,2024-07-28 04:00:00+00:00,0.0033119776745304734,0.002542420895036465,4,4
28,1,2024-07-28 00:00:00+00:00,2024-07-28 04:00:00+00:00,2024-07-29 04:00:00+00:00,-0.0011687949605884533,0.2669988677847035,4,4
28,1,2024-07-29 00:00:00+00:00,2024-07-29 04:00:00+00:00,2024-07-30 04:00:00+00:00,-0.01509542648499377,0.0029689565129132484,4,4
28,1,2024-07-30 00:00:00+00:00,2024-07-30 04:00:00+00:00,2024-07-31 04:00:00+00:00,0.017732595781991028,0.7451484793887343,4,4
28,1,2024-07-31 00:00:00+00:00,2024-07-31 04:00:00+00:00,2024-08-01 04:00:00+00:00,-0.009178244964359842,0.49065705752692657,4,4
28,1,2024-08-01 00:00:00+00:00,2024-08-01 04:00:00+00:00,2024-08-02 04:00:00+00:00,0.0024237146120153364,0.8152709923429888,4,4
28,1,2024-08-02 00:00:00+00:00,2024-08-02 04:00:00+00:00,2024-08-03 04:00:00+00:00,0.004723280392487752,0.3203325021154207,4,4
28,1,2024-08-03 00:00:00+00:00,2024-08-03 04:00:00+00:00,2024-08-04 04:00:00+00:00,-0.005046539360364633,0.006152372722572352,4,4
28,1,2024-08-04 00:00:00+00:00,2024-08-04 04:00:00+00:00,2024-08-05 04:00:00+00:00,0.02473348314134268,0.3030621530672949,4,4
28,1,2024-08-05 00:00:00+00:00,2024-08-05 04:00:00+00:00,2024-08-06 04:00:00+00:00,-0.0008701338014840895,0.008950134981014574,4,4
28,1,2024-08-06 00:00:00+00:00,2024-08-06 04:00:00+00:00,2024-08-07 04:00:00+00:00,0.0028662695666561893,0.6108526119333173,4,4
28,1,2024-08-07 00:00:00+00:00,2024-08-07 04:00:00+00:00,2024-08-08 04:00:00+00:00,0.038201458219417075,0.005765238210868412,4,4
28,1,2024-08-08 00:00:00+00:00,2024-08-08 04:00:00+00:00,2024-08-09 04:00:00+00:00,-0.01944820433350867,0.3020283171101549,4,4
28,1,2024-08-09 00:00:00+00:00,2024-08-09 04:00:00+00:00,2024-08-10 04:00:00+00:00,-0.007418693099327408,0.5398232837544403,4,4
28,1,2024-08-10 00:00:00+00:00,2024-08-10 04:00:00+00:00,2024-08-11 04:00:00+00:00,-0.0018763573128289025,0.23281934706501273,4,4
28,1,2024-08-11 00:00:00+00:00,2024-08-11 04:00:00+00:00,2024-08-12 04:00:00+00:00,-0.002892099972477767,0.28370068950056987,4,4
28,1,2024-08-12 00:00:00+00:00,2024-08-12 04:00:00+00:00,2024-08-13 04:00:00+00:00,-0.01031538631956123,0.5312793775003876,4,4
28,1,2024-08-13 00:00:00+00:00,2024-08-13 04:00:00+00:00,2024-08-14 04:00:00+00:00,-0.0038316336233292837,0.006352818030467319,4,4
28,1,2024-08-14 00:00:00+00:00,2024-08-14 04:00:00+00:00,2024-08-15 04:00:00+00:00,-0.0013066404665699949,0.012261764350791488,4,4
28,1,2024-08-15 00:00:00+00:00,2024-08-15 04:00:00+00:00,2024-08-16 04:00:00+00:00,0.01187946911556049,0.23888666209546505,4,4
28,1,2024-08-16 00:00:00+00:00,2024-08-16 04:00:00+00:00,2024-08-17 04:00:00+00:00,-0.0028294218416948535,0.3015418432227753,4,4
28,1,2024-08-17 00:00:00+00:00,2024-08-17 04:00:00+00:00,2024-08-18 04:00:00+00:00,0.0031886771988432873,0.2382025166209072,4,4
28,1,2024-08-18 00:00:00+00:00,2024-08-18 04:00:00+00:00,2024-08-19 04:00:00+00:00,-0.004250144020464617,0.2825747695852344,4,4
28,1,2024-08-19 00:00:00+00:00,2024-08-19 04:00:00+00:00,2024-08-20 04:00:00+00:00,0.007174272228902686,0.25916112615248516,4,4
28,1,2024-08-20 00:00:00+00:00,2024-08-20 04:00:00+00:00,2024-08-21 04:00:00+00:00,-0.014256757861037379,0.28819140687479394,4,4
28,1,2024-08-21 00:00:00+00:00,2024-08-21 04:00:00+00:00,2024-08-22 04:00:00+00:00,-0.009920233442141725,0.5866869550222727,4,4
28,1,2024-08-22 00:00:00+00:00,2024-08-22 04:00:00+00:00,2024-08-23 04:00:00+00:00,-0.006657773544277008,0.27154128931911753,4,4
28,1,2024-08-23 00:00:00+00:00,2024-08-23 04:00:00+00:00,2024-08-24 04:00:00+00:00,-0.01599637572013693,0.5509330639472767,4,4
28,1,2024-08-24 00:00:00+00:00,2024-08-24 04:00:00+00:00,2024-08-25 04:00:00+00:00,-0.0026029830743285257,0.7644020184209228,4,4
28,1,2024-08-25 00:00:00+00:00,2024-08-25 04:00:00+00:00,2024-08-26 04:00:00+00:00,-0.0049073568838794955,0.6934750364086626,4,4
28,1,2024-08-26 00:00:00+00:00,2024-08-26 04:00:00+00:00,2024-08-27 04:00:00+00:00,0.0031130041613065093,0.5140787371496659,4,4
28,1,2024-08-27 00:00:00+00:00,2024-08-27 04:00:00+00:00,2024-08-28 04:00:00+00:00,0.00879237859658883,0.251713381598572,4,4
28,1,2024-08-28 00:00:00+00:00,2024-08-28 04:00:00+00:00,2024-08-29 04:00:00+00:00,-0.016103084002237866,0.4883403410113263,4,4
28,1,2024-08-29 00:00:00+00:00,2024-08-29 04:00:00+00:00,2024-08-30 04:00:00+00:00,-0.005037545848851207,0.466935832905659,4,4
28,1,2024-08-30 00:00:00+00:00,2024-08-30 04:00:00+00:00,2024-08-31 04:00:00+00:00,0.0034990190061144335,0.5382564558678544,4,4
28,1,2024-08-31 00:00:00+00:00,2024-08-31 04:00:00+00:00,2024-09-01 04:00:00+00:00,-0.0025570541870019578,0.30206088542453224,4,4
28,1,2024-09-01 00:00:00+00:00,2024-09-01 04:00:00+00:00,2024-09-02 04:00:00+00:00,0.0033896994661939055,0.5792298415291395,4,4
28,1,2024-09-02 00:00:00+00:00,2024-09-02 04:00:00+00:00,2024-09-03 04:00:00+00:00,0.002158469840691046,0.030760133981551196,4,4
28,1,2024-09-03 00:00:00+00:00,2024-09-03 04:00:00+00:00,2024-09-04 04:00:00+00:00,0.010969910346429392,0.5730603869110911,4,4
28,1,2024-09-04 00:00:00+00:00,2024-09-04 04:00:00+00:00,2024-09-05 04:00:00+00:00,-0.008557154772876763,0.5623785690114904,4,4
28,1,2024-09-05 00:00:00+00:00,2024-09-05 04:00:00+00:00,2024-09-06 04:00:00+00:00,0.001435498261787938,0.467441694152593,4,4
28,1,2024-09-06 00:00:00+00:00,2024-09-06 04:00:00+00:00,2024-09-07 04:00:00+00:00,6.0432165119120654e-05,0.7218960708614671,4,4
28,1,2024-09-07 00:00:00+00:00,2024-09-07 04:00:00+00:00,2024-09-08 04:00:00+00:00,0.00020624202435330814,0.44170140119190143,4,4
28,1,2024-09-08 00:00:00+00:00,2024-09-08 04:00:00+00:00,2024-09-09 04:00:00+00:00,0.000353142891713652,0.0018451336393066758,4,4
28,1,2024-09-09 00:00:00+00:00,2024-09-09 04:00:00+00:00,2024-09-10 04:00:00+00:00,-0.0020508570890232425,0.592110166864176,4,4
28,1,2024-09-10 00:00:00+00:00,2024-09-10 04:00:00+00:00,2024-09-11 04:00:00+00:00,0.003490784264575611,0.5703815315535646,4,4
28,1,2024-09-11 00:00:00+00:00,2024-09-11 04:00:00+00:00,2024-09-12 04:00:00+00:00,0.002021055245919695,0.0022685587953994585,4,4
28,1,2024-09-12 00:00:00+00:00,2024-09-12 04:00:00+00:00,2024-09-13 04:00:00+00:00,-0.00453435892999574,0.26862006317018583,4,4
28,1,2024-09-13 00:00:00+00:00,2024-09-13 04:00:00+00:00,2024-09-14 04:00:00+00:00,-0.002018368504419394,0.5664099559619731,4,4
28,1,2024-09-14 00:00:00+00:00,2024-09-14 04:00:00+00:00,2024-09-15 04:00:00+00:00,-0.000990909374468715,0.30114906916524775,4,4
28,1,2024-09-15 00:00:00+00:00,2024-09-15 04:00:00+00:00,2024-09-16 04:00:00+00:00,-0.0035953769589510826,0.300359972641432,4,4
28,1,2024-09-16 00:00:00+00:00,2024-09-16 04:00:00+00:00,2024-09-17 04:00:00+00:00,-0.006574047963463524,0.30226804295360377,4,4
28,1,2024-09-17 00:00:00+00:00,2024-09-17 04:00:00+00:00,2024-09-18 04:00:00+00:00,0.0006994726066191853,0.5499838227282283,4,4
28,1,2024-09-18 00:00:00+00:00,2024-09-18 04:00:00+00:00,2024-09-19 04:00:00+00:00,0.01161705931924038,0.5706672734388679,4,4
28,1,2024-09-19 00:00:00+00:00,2024-09-19 04:00:00+00:00,2024-09-20 04:00:00+00:00,-0.0005317904830077877,0.5706672734388678,4,4
28,1,2024-09-20 00:00:00+00:00,2024-09-20 04:00:00+00:00,2024-09-21 04:00:00+00:00,-0.004810284655033939,0.7001503674413149,4,4
28,1,2024-09-21 00:00:00+00:00,2024-09-21 04:00:00+00:00,2024-09-22 04:00:00+00:00,0.0033912649432196965,0.29229124370293263,4,4
28,1,2024-09-22 00:00:00+00:00,2024-09-22 04:00:00+00:00,2024-09-23 04:00:00+00:00,0.004616578804762737,0.004534394810764605,4,4
28,1,2024-09-23 00:00:00+00:00,2024-09-23 04:00:00+00:00,2024-09-24 04:00:00+00:00,-0.004882848757427007,0.30112908377150005,4,4
28,1,2024-09-24 00:00:00+00:00,2024-09-24 04:00:00+00:00,2024-09-25 04:00:00+00:00,-0.023676748855271965,0.5446390466491942,4,4
28,1,2024-09-25 00:00:00+00:00,2024-09-25 04:00:00+00:00,2024-09-26 04:00:00+00:00,-0.00435440259880345,0.5015511805741485,4,4
28,1,2024-09-26 00:00:00+00:00,2024-09-26 04:00:00+00:00,2024-09-27 04:00:00+00:00,0.008821857142287365,1.041737720182829,4,4
28,1,2024-09-27 00:00:00+00:00,2024-09-27 04:00:00+00:00,2024-09-28 04:00:00+00:00,0.00850132464677121,0.8340554319177242,4,4
28,1,2024-09-28 00:00:00+00:00,2024-09-28 04:00:00+00:00,2024-09-29 04:00:00+00:00,-0.015037007785001475,0.5675530307700314,4,4
28,1,2024-09-29 00:00:00+00:00,2024-09-29 04:00:00+00:00,2024-09-30 04:00:00+00:00,-0.009930314857248592,0.010782995682537252,4,4
28,1,2024-09-30 00:00:00+00:00,2024-09-30 04:00:00+00:00,2024-10-01 04:00:00+00:00,-0.0015302099133317091,0.5023005913145924,4,4
28,1,2024-10-01 00:00:00+00:00,2024-10-01 04:00:00+00:00,2024-10-02 04:00:00+00:00,-0.017329666712881456,0.7744446638689572,4,4
28,1,2024-10-02 00:00:00+00:00,2024-10-02 04:00:00+00:00,2024-10-03 04:00:00+00:00,-0.010900575833685542,0.5190717039995482,4,4
28,1,2024-10-03 00:00:00+00:00,2024-10-03 04:00:00+00:00,2024-10-04 04:00:00+00:00,-0.018643401836684666,0.5267964092693457,4,4
28,1,2024-10-04 00:00:00+00:00,2024-10-04 04:00:00+00:00,2024-10-05 04:00:00+00:00,0.01068398584572272,0.23080564651345245,4,4
28,1,2024-10-05 00:00:00+00:00,2024-10-05 04:00:00+00:00,2024-10-06 04:00:00+00:00,-0.0031668197654709535,0.8714269267939876,4,4
28,1,2024-10-06 00:00:00+00:00,2024-10-06 04:00:00+00:00,2024-10-07 04:00:00+00:00,0.00790672364195932,0.20827136122864687,4,4
28,1,2024-10-07 00:00:00+00:00,2024-10-07 04:00:00+00:00,2024-10-08 04:00:00+00:00,0.0009746215120380796,0.7870207494332707,4,4
28,1,2024-10-08 00:00:00+00:00,2024-10-08 04:00:00+00:00,2024-10-09 04:00:00+00:00,0.00106227228705326,0.22144022119942125,4,4
28,1,2024-10-09 00:00:00+00:00,2024-10-09 04:00:00+00:00,2024-10-10 04:00:00+00:00,-0.006087321231455769,0.27935993007263876,4,4
28,1,2024-10-10 00:00:00+00:00,2024-10-10 04:00:00+00:00,2024-10-11 04:00:00+00:00,-0.005269092115678199,0.5643640476846212,4,4
28,1,2024-10-11 00:00:00+00:00,2024-10-11 04:00:00+00:00,2024-10-12 04:00:00+00:00,0.012960928496709082,0.2890347700836139,4,4
28,1,2024-10-12 00:00:00+00:00,2024-10-12 04:00:00+00:00,2024-10-13 04:00:00+00:00,0.0017931803054829381,0.6003402414941665,4,4
28,1,2024-10-13 00:00:00+00:00,2024-10-13 04:00:00+00:00,2024-10-14 04:00:00+00:00,0.01178549623360524,0.30128189751059986,4,4
28,1,2024-10-14 00:00:00+00:00,2024-10-14 04:00:00+00:00,2024-10-15 04:00:00+00:00,-0.01940411825450873,0.25871070532353807,4,4
28,1,2024-10-15 00:00:00+00:00,2024-10-15 04:00:00+00:00,2024-10-16 04:00:00+00:00,-0.008820428957307145,0.5715047252379474,4,4
28,1,2024-10-16 00:00:00+00:00,2024-10-16 04:00:00+00:00,2024-10-17 04:00:00+00:00,0.005899065828908333,0.7393840594683476,4,4
28,1,2024-10-17 00:00:00+00:00,2024-10-17 04:00:00+00:00,2024-10-18 04:00:00+00:00,-0.0015369154198580067,0.6880961406582374,4,4
28,1,2024-10-18 00:00:00+00:00,2024-10-18 04:00:00+00:00,2024-10-19 04:00:00+00:00,0.0009856786949632374,0.44138780559611523,4,4
28,1,2024-10-19 00:00:00+00:00,2024-10-19 04:00:00+00:00,2024-10-20 04:00:00+00:00,0.0024697531993239075,0.7399678679758577,4,4
28,1,2024-10-20 00:00:00+00:00,2024-10-20 04:00:00+00:00,2024-10-21 04:00:00+00:00,-0.017271458141332498,0.009329240446168466,4,4
28,1,2024-10-21 00:00:00+00:00,2024-10-21 04:00:00+00:00,2024-10-22 04:00:00+00:00,-0.00506842072623581,0.23846193128495985,4,4
28,1,2024-10-22 00:00:00+00:00,2024-10-22 04:00:00+00:00,2024-10-23 04:00:00+00:00,0.003332035940864701,0.5094557347947204,4,4
28,1,2024-10-23 00:00:00+00:00,2024-10-23 04:00:00+00:00,2024-10-24 04:00:00+00:00,0.01035989975475427,0.24037935617196116,4,4
28,1,2024-10-24 00:00:00+00:00,2024-10-24 04:00:00+00:00,2024-10-25 04:00:00+00:00,0.010420565188732718,0.5287951409967918,4,4
28,1,2024-10-25 00:00:00+00:00,2024-10-25 04:00:00+00:00,2024-10-26 04:00:00+00:00,0.01225481832369391,0.24112663042217095,4,4
28,1,2024-10-26 00:00:00+00:00,2024-10-26 04:00:00+00:00,2024-10-27 04:00:00+00:00,0.00692686902759903,0.547698907629619,4,4
28,1,2024-10-27 00:00:00+00:00,2024-10-27 04:00:00+00:00,2024-10-28 04:00:00+00:00,0.012985049610149738,0.3052547321290592,4,4
28,1,2024-10-28 00:00:00+00:00,2024-10-28 04:00:00+00:00,2024-10-29 04:00:00+00:00,0.008894041928223179,0.30070378130791603,4,4
28,1,2024-10-29 00:00:00+00:00,2024-10-29 04:00:00+00:00,2024-10-30 04:00:00+00:00,0.0005763782044275879,0.0064135873788867676,4,4
28,1,2024-10-30 00:00:00+00:00,2024-10-30 04:00:00+00:00,2024-10-31 04:00:00+00:00,-0.003464514253940753,0.28413700996736396,4,4
28,1,2024-10-31 00:00:00+00:00,2024-10-31 04:00:00+00:00,2024-11-01 04:00:00+00:00,-0.006421446801855473,0.022767008821803714,4,4
28,1,2024-11-01 00:00:00+00:00,2024-11-01 04:00:00+00:00,2024-11-02 04:00:00+00:00,0.013315778373668884,0.008627180504113291,4,4
28,1,2024-11-02 00:00:00+00:00,2024-11-02 04:00:00+00:00,2024-11-03 04:00:00+00:00,0.008342296224195054,0.56679216122523,4,4
28,1,2024-11-03 00:00:00+00:00,2024-11-03 04:00:00+00:00,2024-11-04 04:00:00+00:00,0.0058201689024594844,0.2870007780886584,4,4
28,1,2024-11-04 00:00:00+00:00,2024-11-04 04:00:00+00:00,2024-11-05 04:00:00+00:00,0.006581325283713448,0.013468648095562627,4,4
28,1,2024-11-05 00:00:00+00:00,2024-11-05 04:00:00+00:00,2024-11-06 04:00:00+00:00,-0.0020351200586465473,0.30091083453777323,4,4
28,1,2024-11-06 00:00:00+00:00,2024-11-06 04:00:00+00:00,2024-11-07 04:00:00+00:00,-0.03527804379635625,0.25831896633147167,4,4
28,1,2024-11-07 00:00:00+00:00,2024-11-07 04:00:00+00:00,2024-11-08 04:00:00+00:00,0.015486258966207238,0.610670583922451,4,4
28,1,2024-11-08 00:00:00+00:00,2024-11-08 04:00:00+00:00,2024-11-09 04:00:00+00:00,-0.00042871235379300047,0.5866733520678566,4,4
28,1,2024-11-09 00:00:00+00:00,2024-11-09 04:00:00+00:00,2024-11-10 04:00:00+00:00,-0.009729928057111495,0.30009612941615593,4,4
28,1,2024-11-10 00:00:00+00:00,2024-11-10 04:00:00+00:00,2024-11-11 04:00:00+00:00,0.008256007493764535,0.004830533597059178,4,4
28,1,2024-11-11 00:00:00+00:00,2024-11-11 04:00:00+00:00,2024-11-12 04:00:00+00:00,0.0008775390527302682,0.301475310921827,4,4
28,1,2024-11-12 00:00:00+00:00,2024-11-12 04:00:00+00:00,2024-11-13 04:00:00+00:00,0.025727958410670854,0.3069254351239191,4,4
28,1,2024-11-13 00:00:00+00:00,2024-11-13 04:00:00+00:00,2024-11-14 04:00:00+00:00,0.013457647371369352,0.5598084025837079,4,4
28,1,2024-11-14 00:00:00+00:00,2024-11-14 04:00:00+00:00,2024-11-15 04:00:00+00:00,-0.0027860131489376456,0.6062821052414409,4,4
28,1,2024-11-15 00:00:00+00:00,2024-11-15 04:00:00+00:00,2024-11-16 04:00:00+00:00,0.016650265440526626,0.3009129011554959,4,4
28,1,2024-11-16 00:00:00+00:00,2024-11-16 04:00:00+00:00,2024-11-17 04:00:00+00:00,-0.01789619456114762,0.570096840049286,4,4
28,1,2024-11-17 00:00:00+00:00,2024-11-17 04:00:00+00:00,2024-11-18 04:00:00+00:00,0.01592565093045634,0.2818375430796729,4,4
28,1,2024-11-18 00:00:00+00:00,2024-11-18 04:00:00+00:00,2024-11-19 04:00:00+00:00,0.0071060918627826215,0.2529572505765607,4,4
28,1,2024-11-19 00:00:00+00:00,2024-11-19 04:00:00+00:00,2024-11-20 04:00:00+00:00,0.01879937492250651,0.25450435888428957,4,4
28,1,2024-11-20 00:00:00+00:00,2024-11-20 04:00:00+00:00,2024-11-21 04:00:00+00:00,0.019840446451197525,0.0011538124539371142,4,4
28,1,2024-11-21 00:00:00+00:00,2024-11-21 04:00:00+00:00,2024-11-22 04:00:00+00:00,5.227204714907015e-05,0.27364314029424364,4,4
28,1,2024-11-22 00:00:00+00:00,2024-11-22 04:00:00+00:00,2024-11-23 04:00:00+00:00,0.024826388507676954,0.2911186733621524,4,4
28,1,2024-11-23 00:00:00+00:00,2024-11-23 04:00:00+00:00,2024-11-24 04:00:00+00:00,-0.021645970951838518,0.009096183559989965,4,4
28,1,2024-11-24 00:00:00+00:00,2024-11-24 04:00:00+00:00,2024-11-25 04:00:00+00:00,-0.019535838010545245,0.003304806569015384,4,4
28,1,2024-11-25 00:00:00+00:00,2024-11-25 04:00:00+00:00,2024-11-26 04:00:00+00:00,-0.0005035260107110352,0.004174692400574914,4,4
28,1,2024-11-26 00:00:00+00:00,2024-11-26 04:00:00+00:00,2024-11-27 04:00:00+00:00,-0.018208648516346508,0.2768230436991746,4,4
28,1,2024-11-27 00:00:00+00:00,2024-11-27 04:00:00+00:00,2024-11-28 04:00:00+00:00,0.010758242859455144,0.30099307226750277,4,4
28,1,2024-11-28 00:00:00+00:00,2024-11-28 04:00:00+00:00,2024-11-29 04:00:00+00:00,0.012275252233232057,0.5917090553257807,4,4
28,1,2024-11-29 00:00:00+00:00,2024-11-29 04:00:00+00:00,2024-11-30 04:00:00+00:00,0.02322283777417871,0.5946273682387508,4,4
28,1,2024-11-30 00:00:00+00:00,2024-11-30 04:00:00+00:00,2024-12-01 04:00:00+00:00,0.002637724445466969,0.3033082866772524,4,4
28,1,2024-12-01 00:00:00+00:00,2024-12-01 04:00:00+00:00,2024-12-02 04:00:00+00:00,0.028701837221567744,0.3030532462608048,4,4
28,1,2024-12-02 00:00:00+00:00,2024-12-02 04:00:00+00:00,2024-12-03 04:00:00+00:00,0.02268107798525583,0.6080626610936669,4,4
28,1,2024-12-03 00:00:00+00:00,2024-12-03 04:00:00+00:00,2024-12-04 04:00:00+00:00,-0.04459814303548519,0.2338604322326291,4,4
28,1,2024-12-04 00:00:00+00:00,2024-12-04 04:00:00+00:00,2024-12-05 04:00:00+00:00,0.006553933173441556,0.3302493921085251,4,4
28,1,2024-12-05 00:00:00+00:00,2024-12-05 04:00:00+00:00,2024-12-06 04:00:00+00:00,-0.01503506385417979,0.28220399128209306,4,4
28,1,2024-12-06 00:00:00+00:00,2024-12-06 04:00:00+00:00,2024-12-07 04:00:00+00:00,0.004070049558876334,0.29349026833909964,4,4
28,1,2024-12-07 00:00:00+00:00,2024-12-07 04:00:00+00:00,2024-12-08 04:00:00+00:00,0.012794068835458562,0.001047509651785905,4,4
28,1,2024-12-08 00:00:00+00:00,2024-12-08 04:00:00+00:00,2024-12-09 04:00:00+00:00,-0.00010324322804337004,0.009275765361061242,4,4
28,1,2024-12-09 00:00:00+00:00,2024-12-09 04:00:00+00:00,2024-12-10 04:00:00+00:00,-0.02528711797675845,0.01025672865124988,4,4
28,1,2024-12-10 00:00:00+00:00,2024-12-10 04:00:00+00:00,2024-12-11 04:00:00+00:00,0.013573803618162326,0.2807421901571813,4,4
28,1,2024-12-11 00:00:00+00:00,2024-12-11 04:00:00+00:00,2024-12-12 04:00:00+00:00,0.029320146920132656,0.206995431190019,4,4
28,1,2024-12-12 00:00:00+00:00,2024-12-12 04:00:00+00:00,2024-12-13 04:00:00+00:00,0.014775691554004372,0.21666223441324864,4,4
28,1,2024-12-13 00:00:00+00:00,2024-12-13 04:00:00+00:00,2024-12-14 04:00:00+00:00,-0.0012228951703853897,0.021638650048279848,4,4
28,1,2024-12-14 00:00:00+00:00,2024-12-14 04:00:00+00:00,2024-12-15 04:00:00+00:00,0.0016808238354505548,0.28147363102606315,4,4
28,1,2024-12-15 00:00:00+00:00,2024-12-15 04:00:00+00:00,2024-12-16 04:00:00+00:00,-0.005322593694494778,0.5754455875723611,4,4
28,1,2024-12-16 00:00:00+00:00,2024-12-16 04:00:00+00:00,2024-12-17 04:00:00+00:00,0.011742878326500592,0.5756219845943672,4,4
28,1,2024-12-17 00:00:00+00:00,2024-12-17 04:00:00+00:00,2024-12-18 04:00:00+00:00,8.085459017454985e-05,0.27504558457138184,4,4
28,1,2024-12-18 00:00:00+00:00,2024-12-18 04:00:00+00:00,2024-12-19 04:00:00+00:00,0.002469478709975853,0.30424168749795366,4,4
28,1,2024-12-19 00:00:00+00:00,2024-12-19 04:00:00+00:00,2024-12-20 04:00:00+00:00,0.014402851442467878,0.3025309276809367,4,4
28,1,2024-12-20 00:00:00+00:00,2024-12-20 04:00:00+00:00,2024-12-21 04:00:00+00:00,-0.0010070409739829664,0.27428184270663103,4,4
28,1,2024-12-21 00:00:00+00:00,2024-12-21 04:00:00+00:00,2024-12-22 04:00:00+00:00,0.010892775475118814,0.3158636620081141,4,4
28,1,2024-12-22 00:00:00+00:00,2024-12-22 04:00:00+00:00,2024-12-23 04:00:00+00:00,-0.0085802263165899,0.8364529152901179,4,4
28,1,2024-12-23 00:00:00+00:00,2024-12-23 04:00:00+00:00,2024-12-24 04:00:00+00:00,-0.000555804153800684,0.5370840362374707,4,4
28,1,2024-12-24 00:00:00+00:00,2024-12-24 04:00:00+00:00,2024-12-25 04:00:00+00:00,-0.008717766574515017,0.006201533958382147,4,4
28,1,2024-12-25 00:00:00+00:00,2024-12-25 04:00:00+00:00,2024-12-26 04:00:00+00:00,0.008594485211856361,0.22713862375288668,4,4
28,1,2024-12-26 00:00:00+00:00,2024-12-26 04:00:00+00:00,2024-12-27 04:00:00+00:00,0.0006427857179934016,0.22600451201844218,4,4
28,1,2024-12-27 00:00:00+00:00,2024-12-27 04:00:00+00:00,2024-12-28 04:00:00+00:00,-0.008005303852559213,0.24347439962037593,4,4
28,1,2024-12-28 00:00:00+00:00,2024-12-28 04:00:00+00:00,2024-12-29 04:00:00+00:00,-0.013003283868650253,0.24588049328599146,4,4
28,1,2024-12-29 00:00:00+00:00,2024-12-29 04:00:00+00:00,2024-12-30 04:00:00+00:00,-2.9716901556813523e-05,0.0017812129313863334,4,4
28,1,2024-12-30 00:00:00+00:00,2024-12-30 04:00:00+00:00,2024-12-31 04:00:00+00:00,0.005002756223884371,0.24806533238125328,4,4
28,1,2024-12-31 00:00:00+00:00,2024-12-31 04:00:00+00:00,2025-01-01 04:00:00+00:00,-8.03396994266889e-06,0.3041618799423146,4,4
28,1,2025-01-01 00:00:00+00:00,2025-01-01 04:00:00+00:00,2025-01-02 04:00:00+00:00,-0.029571803044255284,0.8134675893528741,4,4
28,1,2025-01-02 00:00:00+00:00,2025-01-02 04:00:00+00:00,2025-01-03 04:00:00+00:00,-0.010723450797519489,0.2530131854431059,4,4
28,1,2025-01-03 00:00:00+00:00,2025-01-03 04:00:00+00:00,2025-01-04 04:00:00+00:00,-0.012271999829612043,0.8325095896213702,4,4
28,1,2025-01-04 00:00:00+00:00,2025-01-04 04:00:00+00:00,2025-01-05 04:00:00+00:00,-0.011595083549569722,0.563917772121155,4,4
28,1,2025-01-05 00:00:00+00:00,2025-01-05 04:00:00+00:00,2025-01-06 04:00:00+00:00,-0.03287264895066634,0.195593388599081,4,4
28,1,2025-01-06 00:00:00+00:00,2025-01-06 04:00:00+00:00,2025-01-07 04:00:00+00:00,0.010673948480040552,0.4648387911521237,4,4
28,1,2025-01-07 00:00:00+00:00,2025-01-07 04:00:00+00:00,2025-01-08 04:00:00+00:00,0.02280316106817001,0.1960704978915651,4,4
28,1,2025-01-08 00:00:00+00:00,2025-01-08 04:00:00+00:00,2025-01-09 04:00:00+00:00,0.014654928532072264,0.25889372040446634,4,4
28,1,2025-01-09 00:00:00+00:00,2025-01-09 04:00:00+00:00,2025-01-10 04:00:00+00:00,-0.0029785541531694775,0.24420919446077563,4,4
28,1,2025-01-10 00:00:00+00:00,2025-01-10 04:00:00+00:00,2025-01-11 04:00:00+00:00,0.003134408513006572,0.23724708727329696,4,4
28,1,2025-01-11 00:00:00+00:00,2025-01-11 04:00:00+00:00,2025-01-12 04:00:00+00:00,0.0036973940881641957,0.9195446668612047,4,4
28,1,2025-01-12 00:00:00+00:00,2025-01-12 04:00:00+00:00,2025-01-13 04:00:00+00:00,0.0032858450449943233,0.3015146017234209,4,4
28,1,2025-01-13 00:00:00+00:00,2025-01-13 04:00:00+00:00,2025-01-14 04:00:00+00:00,0.0017928456252440214,0.001521880639947848,4,4
28,1,2025-01-14 00:00:00+00:00,2025-01-14 04:00:00+00:00,2025-01-15 04:00:00+00:00,0.012264291462102488,0.493856415984321,4,4
28,1,2025-01-15 00:00:00+00:00,2025-01-15 04:00:00+00:00,2025-01-16 04:00:00+00:00,-0.004535933167135495,0.5268968156946334,4,4
28,1,2025-01-16 00:00:00+00:00,2025-01-16 04:00:00+00:00,2025-01-17 04:00:00+00:00,0.006336088517985813,0.2305012941152877,4,4
28,1,2025-01-17 00:00:00+00:00,2025-01-17 04:00:00+00:00,2025-01-18 04:00:00+00:00,-0.006438806737347948,0.30227947663126503,4,4
28,1,2025-01-18 00:00:00+00:00,2025-01-18 04:00:00+00:00,2025-01-19 04:00:00+00:00,0.001288513054210099,0.49493024154729914,4,4
28,1,2025-01-19 00:00:00+00:00,2025-01-19 04:00:00+00:00,2025-01-20 04:00:00+00:00,-0.0030764456312897498,0.5398948138154999,4,4
28,1,2025-01-20 00:00:00+00:00,2025-01-20 04:00:00+00:00,2025-01-21 04:00:00+00:00,-0.0016728340562199467,0.24487851149611037,4,4
28,1,2025-01-21 00:00:00+00:00,2025-01-21 04:00:00+00:00,2025-01-22 04:00:00+00:00,-0.006393821303499647,0.5704989464735737,4,4
28,1,2025-01-22 00:00:00+00:00,2025-01-22 04:00:00+00:00,2025-01-23 04:00:00+00:00,0.009107328538001964,0.5506449310506885,4,4
28,1,2025-01-23 00:00:00+00:00,2025-01-23 04:00:00+00:00,2025-01-24 04:00:00+00:00,-0.0012976959774779898,0.5334363518190498,4,4
28,1,2025-01-24 00:00:00+00:00,2025-01-24 04:00:00+00:00,2025-01-25 04:00:00+00:00,-0.0013154796131108815,0.22250827075426505,4,4
28,1,2025-01-25 00:00:00+00:00,2025-01-25 04:00:00+00:00,2025-01-26 04:00:00+00:00,-0.00018885604721499086,0.3028596894373817,4,4
28,1,2025-01-26 00:00:00+00:00,2025-01-26 04:00:00+00:00,2025-01-27 04:00:00+00:00,0.009645702452163821,0.52921924849279,4,4
28,1,2025-01-27 00:00:00+00:00,2025-01-27 04:00:00+00:00,2025-01-28 04:00:00+00:00,0.002284907257816199,0.003954431153722543,4,4
28,1,2025-01-28 00:00:00+00:00,2025-01-28 04:00:00+00:00,2025-01-29 04:00:00+00:00,0.012016821351599502,0.005512744996430452,4,4
28,1,2025-01-29 00:00:00+00:00,2025-01-29 04:00:00+00:00,2025-01-30 04:00:00+00:00,0.001871423370460432,0.23140211280202333,4,4
28,1,2025-01-30 00:00:00+00:00,2025-01-30 04:00:00+00:00,2025-01-31 04:00:00+00:00,0.0022837788237633767,0.007562736820851498,4,4
28,1,2025-01-31 00:00:00+00:00,2025-01-31 04:00:00+00:00,2025-02-01 04:00:00+00:00,-0.013512714624802875,0.5231964130828983,4,4
28,1,2025-02-01 00:00:00+00:00,2025-02-01 04:00:00+00:00,2025-02-02 04:00:00+00:00,0.01615276261062683,0.0012789307208317807,4,4
28,1,2025-02-02 00:00:00+00:00,2025-02-02 04:00:00+00:00,2025-02-03 04:00:00+00:00,0.05184322904844946,0.2359654820307287,4,4
28,1,2025-02-03 00:00:00+00:00,2025-02-03 04:00:00+00:00,2025-02-04 04:00:00+00:00,-0.02872642954807129,0.006560920767209363,4,4
28,1,2025-02-04 00:00:00+00:00,2025-02-04 04:00:00+00:00,2025-02-05 04:00:00+00:00,3.1985249685628075e-05,0.5007284771267118,4,4
28,1,2025-02-05 00:00:00+00:00,2025-02-05 04:00:00+00:00,2025-02-06 04:00:00+00:00,0.0035233604560619162,0.006658506678157997,4,4
28,1,2025-02-06 00:00:00+00:00,2025-02-06 04:00:00+00:00,2025-02-07 04:00:00+00:00,0.008394108687713028,0.0019552392071931074,4,4
28,1,2025-02-07 00:00:00+00:00,2025-02-07 04:00:00+00:00,2025-02-08 04:00:00+00:00,0.006331434849679379,0.30115423845893213,4,4
28,1,2025-02-08 00:00:00+00:00,2025-02-08 04:00:00+00:00,2025-02-09 04:00:00+00:00,-0.009086767726449833,0.30184369471943545,4,4
28,1,2025-02-09 00:00:00+00:00,2025-02-09 04:00:00+00:00,2025-02-10 04:00:00+00:00,0.013463630550887935,0.0031903489165856225,4,4
28,1,2025-02-10 00:00:00+00:00,2025-02-10 04:00:00+00:00,2025-02-11 04:00:00+00:00,-0.006286470506500996,0.0012891383164650577,4,4
28,1,2025-02-11 00:00:00+00:00,2025-02-11 04:00:00+00:00,2025-02-12 04:00:00+00:00,-0.005541818336354419,0.2249117809101015,4,4
28,1,2025-02-12 00:00:00+00:00,2025-02-12 04:00:00+00:00,2025-02-13 04:00:00+00:00,-0.019231277843098034,0.28029481667649253,4,4
28,1,2025-02-13 00:00:00+00:00,2025-02-13 04:00:00+00:00,2025-02-14 04:00:00+00:00,0.0027469141729613154,0.279321409961362,4,4
28,1,2025-02-14 00:00:00+00:00,2025-02-14 04:00:00+00:00,2025-02-15 04:00:00+00:00,-0.012371783894533639,0.301792406253605,4,4
28,1,2025-02-15 00:00:00+00:00,2025-02-15 04:00:00+00:00,2025-02-16 04:00:00+00:00,0.024061923769770347,0.0026675320259085533,4,4
28,1,2025-02-16 00:00:00+00:00,2025-02-16 04:00:00+00:00,2025-02-17 04:00:00+00:00,-0.010969189978117473,0.009896883853127689,4,4
28,1,2025-02-17 00:00:00+00:00,2025-02-17 04:00:00+00:00,2025-02-18 04:00:00+00:00,0.002394327791362551,0.22811714542837702,4,4
28,1,2025-02-18 00:00:00+00:00,2025-02-18 04:00:00+00:00,2025-02-19 04:00:00+00:00,0.022251563805974955,0.30112591506247516,4,4
28,1,2025-02-19 00:00:00+00:00,2025-02-19 04:00:00+00:00,2025-02-20 04:00:00+00:00,-0.00859464171786372,0.0014988231513659855,4,4
28,1,2025-02-20 00:00:00+00:00,2025-02-20 04:00:00+00:00,2025-02-21 04:00:00+00:00,-0.012221948418001852,0.30086682846996365,4,4
28,1,2025-02-21 00:00:00+00:00,2025-02-21 04:00:00+00:00,2025-02-22 04:00:00+00:00,-0.003589536297912962,0.5481773426091981,4,4
28,1,2025-02-22 00:00:00+00:00,2025-02-22 04:00:00+00:00,2025-02-23 04:00:00+00:00,-0.005273452615542902,0.2617066751752546,4,4
28,1,2025-02-23 00:00:00+00:00,2025-02-23 04:00:00+00:00,2025-02-24 04:00:00+00:00,0.007424866541201304,0.5244169885166007,4,4
28,1,2025-02-24 00:00:00+00:00,2025-02-24 04:00:00+00:00,2025-02-25 04:00:00+00:00,0.01889880958730392,0.47276553837944935,4,4
28,1,2025-02-25 00:00:00+00:00,2025-02-25 04:00:00+00:00,2025-02-26 04:00:00+00:00,0.0002710729884118782,0.48210821235838636,4,4
28,1,2025-02-26 00:00:00+00:00,2025-02-26 04:00:00+00:00,2025-02-27 04:00:00+00:00,0.01711948351052675,0.3049241041052908,4,4
28,1,2025-02-27 00:00:00+00:00,2025-02-27 04:00:00+00:00,2025-02-28 04:00:00+00:00,0.012108627739522851,0.003793115367992289,4,4
28,1,2025-02-28 00:00:00+00:00,2025-02-28 04:00:00+00:00,2025-03-01 04:00:00+00:00,-0.024543219510568457,0.30122187225050495,4,4
28,1,2025-03-01 00:00:00+00:00,2025-03-01 04:00:00+00:00,2025-03-02 04:00:00+00:00,-0.006196446290734572,0.2613521702409451,4,4
28,1,2025-03-02 00:00:00+00:00,2025-03-02 04:00:00+00:00,2025-03-03 04:00:00+00:00,-0.022656518425004466,0.554558451385571,4,4
28,1,2025-03-03 00:00:00+00:00,2025-03-03 04:00:00+00:00,2025-03-04 04:00:00+00:00,0.008685851127595134,0.2815558790243544,4,4
28,1,2025-03-04 00:00:00+00:00,2025-03-04 04:00:00+00:00,2025-03-05 04:00:00+00:00,-0.01115253641026523,0.3312814639722934,4,4
28,1,2025-03-05 00:00:00+00:00,2025-03-05 04:00:00+00:00,2025-03-06 04:00:00+00:00,-0.021237822835904637,0.3099727461427083,4,4
28,1,2025-03-06 00:00:00+00:00,2025-03-06 04:00:00+00:00,2025-03-07 04:00:00+00:00,0.01147628996738132,0.28185431156285956,4,4
28,1,2025-03-07 00:00:00+00:00,2025-03-07 04:00:00+00:00,2025-03-08 04:00:00+00:00,0.001632764690471725,0.28045813734793235,4,4
28,1,2025-03-08 00:00:00+00:00,2025-03-08 04:00:00+00:00,2025-03-09 04:00:00+00:00,-0.006314802997408272,0.30137742414858,4,4
28,1,2025-03-09 00:00:00+00:00,2025-03-09 04:00:00+00:00,2025-03-10 04:00:00+00:00,0.0008027733101275795,0.5519784315892631,4,4
28,1,2025-03-10 00:00:00+00:00,2025-03-10 04:00:00+00:00,2025-03-11 04:00:00+00:00,0.011260536170773156,0.6,4,4
28,1,2025-03-11 00:00:00+00:00,2025-03-11 04:00:00+00:00,2025-03-12 04:00:00+00:00,0.002628648007176762,0.5866557128604283,4,4
28,1,2025-03-12 00:00:00+00:00,2025-03-12 04:00:00+00:00,2025-03-13 04:00:00+00:00,-0.0140254813329136,0.002681687963850085,4,4
28,1,2025-03-13 00:00:00+00:00,2025-03-13 04:00:00+00:00,2025-03-14 04:00:00+00:00,0.005377841006766736,0.5817103730595059,4,4
28,1,2025-03-14 00:00:00+00:00,2025-03-14 04:00:00+00:00,2025-03-15 04:00:00+00:00,0.0007643960468306328,0.6002333343028874,4,4
28,1,2025-03-15 00:00:00+00:00,2025-03-15 04:00:00+00:00,2025-03-16 04:00:00+00:00,-0.006756998230865592,0.6000000000000001,4,4
28,1,2025-03-16 00:00:00+00:00,2025-03-16 04:00:00+00:00,2025-03-17 04:00:00+00:00,0.002482942141654434,0.5676441091905094,4,4
28,1,2025-03-17 00:00:00+00:00,2025-03-17 04:00:00+00:00,2025-03-18 04:00:00+00:00,0.00896883737246119,0.3017442797024324,4,4
28,1,2025-03-18 00:00:00+00:00,2025-03-18 04:00:00+00:00,2025-03-19 04:00:00+00:00,-0.0066427119969536385,0.0019121606589308643,4,4
28,1,2025-03-19 00:00:00+00:00,2025-03-19 04:00:00+00:00,2025-03-20 04:00:00+00:00,-0.0002792634010471088,0.0033887582198849353,4,4
28,1,2025-03-20 00:00:00+00:00,2025-03-20 04:00:00+00:00,2025-03-21 04:00:00+00:00,0.0059185161994088215,0.008850653677945047,4,4
28,1,2025-03-21 00:00:00+00:00,2025-03-21 04:00:00+00:00,2025-03-22 04:00:00+00:00,-0.0009490486513670958,0.003211221260669833,4,4
28,1,2025-03-22 00:00:00+00:00,2025-03-22 04:00:00+00:00,2025-03-23 04:00:00+00:00,-0.00466637670286944,0.00570491475622012,4,4
28,1,2025-03-23 00:00:00+00:00,2025-03-23 04:00:00+00:00,2025-03-24 04:00:00+00:00,-0.0001322252829427644,0.0008240422027379624,4,4
28,1,2025-03-24 00:00:00+00:00,2025-03-24 04:00:00+00:00,2025-03-25 04:00:00+00:00,-0.0036258652259736853,0.0032109619086014424,4,4
28,1,2025-03-25 00:00:00+00:00,2025-03-25 04:00:00+00:00,2025-03-26 04:00:00+00:00,-0.0105761793188923,0.00442560521208267,4,4
28,1,2025-03-26 00:00:00+00:00,2025-03-26 04:00:00+00:00,2025-03-27 04:00:00+00:00,-0.009333468650788096,0.005558586860285125,4,4
28,1,2025-03-27 00:00:00+00:00,2025-03-27 04:00:00+00:00,2025-03-28 04:00:00+00:00,0.0007942727427248837,0.8407310663503137,4,4
28,1,2025-03-28 00:00:00+00:00,2025-03-28 04:00:00+00:00,2025-03-29 04:00:00+00:00,0.014333801917521509,0.6060508758154965,4,4
28,1,2025-03-29 00:00:00+00:00,2025-03-29 04:00:00+00:00,2025-03-30 04:00:00+00:00,0.013563753659424178,0.008872660880842112,4,4
28,1,2025-03-30 00:00:00+00:00,2025-03-30 04:00:00+00:00,2025-03-31 04:00:00+00:00,-0.0025199988052655555,0.2622070472892608,4,4
28,1,2025-03-31 00:00:00+00:00,2025-03-31 04:00:00+00:00,2025-04-01 04:00:00+00:00,0.004164514068715017,0.3072115329866968,4,4
28,1,2025-04-01 00:00:00+00:00,2025-04-01 04:00:00+00:00,2025-04-02 04:00:00+00:00,0.0012748469949806474,0.6281514180273852,4,4
28,1,2025-04-02 00:00:00+00:00,2025-04-02 04:00:00+00:00,2025-04-03 04:00:00+00:00,-0.0003027460388755935,0.29119646182087505,4,4
28,1,2025-04-03 00:00:00+00:00,2025-04-03 04:00:00+00:00,2025-04-04 04:00:00+00:00,-0.0031716942686294777,0.22888937896671513,4,4
28,1,2025-04-04 00:00:00+00:00,2025-04-04 04:00:00+00:00,2025-04-05 04:00:00+00:00,0.002461829225740238,0.0075976602824171235,4,4
28,1,2025-04-05 00:00:00+00:00,2025-04-05 04:00:00+00:00,2025-04-06 04:00:00+00:00,0.0012001175643259101,0.30551505925551425,4,4
28,1,2025-04-06 00:00:00+00:00,2025-04-06 04:00:00+00:00,2025-04-07 04:00:00+00:00,0.030255891970741515,0.5087420948633199,4,4
28,1,2025-04-07 00:00:00+00:00,2025-04-07 04:00:00+00:00,2025-04-08 04:00:00+00:00,-0.012188131846155276,0.2022716744456864,4,4
28,1,2025-04-08 00:00:00+00:00,2025-04-08 04:00:00+00:00,2025-04-09 04:00:00+00:00,0.0016136235790875503,0.6672719681164674,4,4
28,1,2025-04-09 00:00:00+00:00,2025-04-09 04:00:00+00:00,2025-04-10 04:00:00+00:00,-0.006545383327833193,0.21425860140392688,4,4
28,1,2025-04-10 00:00:00+00:00,2025-04-10 04:00:00+00:00,2025-04-11 04:00:00+00:00,0.008398651611895938,0.3145884402858258,4,4
28,1,2025-04-11 00:00:00+00:00,2025-04-11 04:00:00+00:00,2025-04-12 04:00:00+00:00,0.005898937647006447,0.7456910732488503,4,4
28,1,2025-04-12 00:00:00+00:00,2025-04-12 04:00:00+00:00,2025-04-13 04:00:00+00:00,-0.00022153239172947783,0.4925062081264149,4,4
28,1,2025-04-13 00:00:00+00:00,2025-04-13 04:00:00+00:00,2025-04-14 04:00:00+00:00,-0.008282060892738228,0.4556312627987471,4,4
28,1,2025-04-14 00:00:00+00:00,2025-04-14 04:00:00+00:00,2025-04-15 04:00:00+00:00,0.003869303253448684,0.3031491915467493,4,4
28,1,2025-04-15 00:00:00+00:00,2025-04-15 04:00:00+00:00,2025-04-16 04:00:00+00:00,-0.001836891060192258,0.5247659406003514,4,4
28,1,2025-04-16 00:00:00+00:00,2025-04-16 04:00:00+00:00,2025-04-17 04:00:00+00:00,0.009954003607546301,0.5397690949546985,4,4
28,1,2025-04-17 00:00:00+00:00,2025-04-17 04:00:00+00:00,2025-04-18 04:00:00+00:00,-0.0017174992709787932,0.005946854852111702,4,4
28,1,2025-04-18 00:00:00+00:00,2025-04-18 04:00:00+00:00,2025-04-19 04:00:00+00:00,-0.011201487498740073,0.2532436454165435,4,4
28,1,2025-04-19 00:00:00+00:00,2025-04-19 04:00:00+00:00,2025-04-20 04:00:00+00:00,-0.019424252042285452,0.300246962617425,4,4
28,1,2025-04-20 00:00:00+00:00,2025-04-20 04:00:00+00:00,2025-04-21 04:00:00+00:00,-0.004290456456082004,0.278142637470232,4,4
28,1,2025-04-21 00:00:00+00:00,2025-04-21 04:00:00+00:00,2025-04-22 04:00:00+00:00,0.017502329183302003,0.004848814235616131,4,4
28,1,2025-04-22 00:00:00+00:00,2025-04-22 04:00:00+00:00,2025-04-23 04:00:00+00:00,-0.022746638231678294,0.30128611193602084,4,4
28,1,2025-04-23 00:00:00+00:00,2025-04-23 04:00:00+00:00,2025-04-24 04:00:00+00:00,-0.006457452444466621,0.3037835611423984,4,4
28,1,2025-04-24 00:00:00+00:00,2025-04-24 04:00:00+00:00,2025-04-25 04:00:00+00:00,-0.010327760095870896,0.27937622308320603,4,4
28,1,2025-04-25 00:00:00+00:00,2025-04-25 04:00:00+00:00,2025-04-26 04:00:00+00:00,-0.017697218751452918,0.24686163653812626,4,4
28,1,2025-04-26 00:00:00+00:00,2025-04-26 04:00:00+00:00,2025-04-27 04:00:00+00:00,-0.0010742269951677986,0.5148091156383641,4,4
28,1,2025-04-27 00:00:00+00:00,2025-04-27 04:00:00+00:00,2025-04-28 04:00:00+00:00,-0.0017527195502468449,0.5592484716490069,4,4
28,1,2025-04-28 00:00:00+00:00,2025-04-28 04:00:00+00:00,2025-04-29 04:00:00+00:00,-0.002467897403674387,0.0022646167937644818,4,4
28,1,2025-04-29 00:00:00+00:00,2025-04-29 04:00:00+00:00,2025-04-30 04:00:00+00:00,0.0006327808045314021,0.30217436152967175,4,4
28,1,2025-04-30 00:00:00+00:00,2025-04-30 04:00:00+00:00,2025-05-01 04:00:00+00:00,-0.0001026847444769391,0.30155093756158446,4,4
28,1,2025-05-01 00:00:00+00:00,2025-05-01 04:00:00+00:00,2025-05-02 04:00:00+00:00,-0.00020898709878207442,0.30458295639186533,4,4
28,1,2025-05-02 00:00:00+00:00,2025-05-02 04:00:00+00:00,2025-05-03 04:00:00+00:00,-0.00589924780200911,0.5790202956649442,4,4
28,1,2025-05-03 00:00:00+00:00,2025-05-03 04:00:00+00:00,2025-05-04 04:00:00+00:00,-0.004171425043760677,0.280315545084875,4,4
28,1,2025-05-04 00:00:00+00:00,2025-05-04 04:00:00+00:00,2025-05-05 04:00:00+00:00,0.0003118962494847461,0.264150818613919,4,4
28,1,2025-05-05 00:00:00+00:00,2025-05-05 04:00:00+00:00,2025-05-06 04:00:00+00:00,0.006499983000698735,0.3034224407578957,4,4
28,1,2025-05-06 00:00:00+00:00,2025-05-06 04:00:00+00:00,2025-05-07 04:00:00+00:00,0.024328435173572548,0.5779434170920583,4,4
28,1,2025-05-07 00:00:00+00:00,2025-05-07 04:00:00+00:00,2025-05-08 04:00:00+00:00,0.007785442958268714,0.8261091546295468,4,4
28,1,2025-05-08 00:00:00+00:00,2025-05-08 04:00:00+00:00,2025-05-09 04:00:00+00:00,-0.021774202775028353,1.0166107837992229,4,4
28,1,2025-05-09 00:00:00+00:00,2025-05-09 04:00:00+00:00,2025-05-10 04:00:00+00:00,0.0032756696028683283,0.7593868336676826,4,4
28,1,2025-05-10 00:00:00+00:00,2025-05-10 04:00:00+00:00,2025-05-11 04:00:00+00:00,-0.007288320723488799,0.5554408608039427,4,4
28,1,2025-05-11 00:00:00+00:00,2025-05-11 04:00:00+00:00,2025-05-12 04:00:00+00:00,0.005057589748344462,0.5342954043005698,4,4
28,1,2025-05-12 00:00:00+00:00,2025-05-12 04:00:00+00:00,2025-05-13 04:00:00+00:00,-0.011584178415652922,0.9772943145299092,4,4
28,1,2025-05-13 00:00:00+00:00,2025-05-13 04:00:00+00:00,2025-05-14 04:00:00+00:00,-0.008179153072374854,0.42809919168673216,4,4
28,1,2025-05-14 00:00:00+00:00,2025-05-14 04:00:00+00:00,2025-05-15 04:00:00+00:00,0.007591421922596904,0.3010072885232694,4,4
28,1,2025-05-15 00:00:00+00:00,2025-05-15 04:00:00+00:00,2025-05-16 04:00:00+00:00,0.006715486446433595,0.5305758601106803,4,4
28,1,2025-05-16 00:00:00+00:00,2025-05-16 04:00:00+00:00,2025-05-17 04:00:00+00:00,0.0006675789591257496,0.2338034116418115,4,4
28,1,2025-05-17 00:00:00+00:00,2025-05-17 04:00:00+00:00,2025-05-18 04:00:00+00:00,0.0006799861514623475,0.22345800095040397,4,4
28,1,2025-05-18 00:00:00+00:00,2025-05-18 04:00:00+00:00,2025-05-19 04:00:00+00:00,0.0012860351891801295,0.25180977956673023,4,4
28,1,2025-05-19 00:00:00+00:00,2025-05-19 04:00:00+00:00,2025-05-20 04:00:00+00:00,0.003710132307389384,0.5821289944623115,4,4
28,1,2025-05-20 00:00:00+00:00,2025-05-20 04:00:00+00:00,2025-05-21 04:00:00+00:00,0.0033406254766059694,0.2997948088954505,4,4
28,1,2025-05-21 00:00:00+00:00,2025-05-21 04:00:00+00:00,2025-05-22 04:00:00+00:00,-0.0011262404800303676,0.3060838426383211,4,4
28,1,2025-05-22 00:00:00+00:00,2025-05-22 04:00:00+00:00,2025-05-23 04:00:00+00:00,-0.004821835757790868,0.303379720949955,4,4
28,1,2025-05-23 00:00:00+00:00,2025-05-23 04:00:00+00:00,2025-05-24 04:00:00+00:00,0.013008097658550587,0.3017298330436762,4,4
28,1,2025-05-24 00:00:00+00:00,2025-05-24 04:00:00+00:00,2025-05-25 04:00:00+00:00,0.003974302622868776,0.0022620354669967008,4,4
28,1,2025-05-25 00:00:00+00:00,2025-05-25 04:00:00+00:00,2025-05-26 04:00:00+00:00,-0.000567444628997737,0.5749693064914256,4,4
28,1,2025-05-26 00:00:00+00:00,2025-05-26 04:00:00+00:00,2025-05-27 04:00:00+00:00,0.005710864811601216,0.002589002670331686,4,4
28,1,2025-05-27 00:00:00+00:00,2025-05-27 04:00:00+00:00,2025-05-28 04:00:00+00:00,0.004202389753491655,0.5563357950717542,4,4
28,1,2025-05-28 00:00:00+00:00,2025-05-28 04:00:00+00:00,2025-05-29 04:00:00+00:00,-0.003952121722107225,0.00027018877784838746,4,4
28,1,2025-05-29 00:00:00+00:00,2025-05-29 04:00:00+00:00,2025-05-30 04:00:00+00:00,0.02440476701853143,0.25635753436516956,4,4
28,1,2025-05-30 00:00:00+00:00,2025-05-30 04:00:00+00:00,2025-05-31 04:00:00+00:00,0.009619729209642758,0.2562318942090771,4,4
28,1,2025-05-31 00:00:00+00:00,2025-05-31 04:00:00+00:00,2025-06-01 04:00:00+00:00,-0.013296361456541152,0.30255757558333174,4,4
28,1,2025-06-01 00:00:00+00:00,2025-06-01 04:00:00+00:00,2025-06-02 04:00:00+00:00,0.003933946869467558,0.30062894028056325,4,4
28,1,2025-06-02 00:00:00+00:00,2025-06-02 04:00:00+00:00,2025-06-03 04:00:00+00:00,-0.0037420448635726994,0.3002713251782239,4,4
28,1,2025-06-03 00:00:00+00:00,2025-06-03 04:00:00+00:00,2025-06-04 04:00:00+00:00,-0.001614398227058166,0.3001334628316831,4,4
28,1,2025-06-04 00:00:00+00:00,2025-06-04 04:00:00+00:00,2025-06-05 04:00:00+00:00,0.008137850446622411,0.0016459654570321475,4,4
28,1,2025-06-05 00:00:00+00:00,2025-06-05 04:00:00+00:00,2025-06-06 04:00:00+00:00,0.006192446314070384,0.5121867407343561,4,4
28,1,2025-06-06 00:00:00+00:00,2025-06-06 04:00:00+00:00,2025-06-07 04:00:00+00:00,-0.006907495233578518,0.004243614326876172,4,4
28,1,2025-06-07 00:00:00+00:00,2025-06-07 04:00:00+00:00,2025-06-08 04:00:00+00:00,0.005000210843620257,0.27314771252431946,4,4
28,1,2025-06-08 00:00:00+00:00,2025-06-08 04:00:00+00:00,2025-06-09 04:00:00+00:00,0.002142819357456899,0.2849343475709498,4,4
28,1,2025-06-09 00:00:00+00:00,2025-06-09 04:00:00+00:00,2025-06-10 04:00:00+00:00,-0.010315661232575017,0.5448367037098905,4,4
28,1,2025-06-10 00:00:00+00:00,2025-06-10 04:00:00+00:00,2025-06-11 04:00:00+00:00,-0.019843161599016116,0.5264597805103212,4,4
28,1,2025-06-11 00:00:00+00:00,2025-06-11 04:00:00+00:00,2025-06-12 04:00:00+00:00,0.005835088651378913,0.5265300666051468,4,4
28,1,2025-06-12 00:00:00+00:00,2025-06-12 04:00:00+00:00,2025-06-13 04:00:00+00:00,0.013820573763329014,0.5272400914763158,4,4
28,1,2025-06-13 00:00:00+00:00,2025-06-13 04:00:00+00:00,2025-06-14 04:00:00+00:00,-0.0008059855285026359,0.2705366510678793,4,4
28,1,2025-06-14 00:00:00+00:00,2025-06-14 04:00:00+00:00,2025-06-15 04:00:00+00:00,0.00015150457806989838,0.5369540796798482,4,4
28,1,2025-06-15 00:00:00+00:00,2025-06-15 04:00:00+00:00,2025-06-16 04:00:00+00:00,0.0011422545506259833,0.2512525388984476,4,4
28,1,2025-06-16 00:00:00+00:00,2025-06-16 04:00:00+00:00,2025-06-17 04:00:00+00:00,0.0024853954206452197,0.5174933237062037,4,4
28,1,2025-06-17 00:00:00+00:00,2025-06-17 04:00:00+00:00,2025-06-18 04:00:00+00:00,0.0033547421723015025,0.5109298632359488,4,4
28,1,2025-06-18 00:00:00+00:00,2025-06-18 04:00:00+00:00,2025-06-19 04:00:00+00:00,0.00125885275332316,0.5707742738804813,4,4
28,1,2025-06-19 00:00:00+00:00,2025-06-19 04:00:00+00:00,2025-06-20 04:00:00+00:00,0.003138758919959297,0.2827083378804395,4,4
28,1,2025-06-20 00:00:00+00:00,2025-06-20 04:00:00+00:00,2025-06-21 04:00:00+00:00,0.006593076255775012,0.23679053465945246,4,4
28,1,2025-06-21 00:00:00+00:00,2025-06-21 04:00:00+00:00,2025-06-22 04:00:00+00:00,0.006146135536167827,0.005348747945656346,4,4
28,1,2025-06-22 00:00:00+00:00,2025-06-22 04:00:00+00:00,2025-06-23 04:00:00+00:00,0.0019200821302871743,0.0014653724222659509,4,4
28,1,2025-06-23 00:00:00+00:00,2025-06-23 04:00:00+00:00,2025-06-24 04:00:00+00:00,-0.01888717270134184,0.49020604637787113,4,4
28,1,2025-06-24 00:00:00+00:00,2025-06-24 04:00:00+00:00,2025-06-25 04:00:00+00:00,0.0003747914085236805,0.271230644824929,4,4
28,1,2025-06-25 00:00:00+00:00,2025-06-25 04:00:00+00:00,2025-06-26 04:00:00+00:00,0.010913055451260678,0.001923218868440893,4,4
28,1,2025-06-26 00:00:00+00:00,2025-06-26 04:00:00+00:00,2025-06-27 04:00:00+00:00,0.003490174168563997,0.005432864563853779,4,4
28,1,2025-06-27 00:00:00+00:00,2025-06-27 04:00:00+00:00,2025-06-28 04:00:00+00:00,0.00351917554663748,0.0021386162403533027,4,4
28,1,2025-06-28 00:00:00+00:00,2025-06-28 04:00:00+00:00,2025-06-29 04:00:00+00:00,-0.0033048879900345607,0.27358978151061397,4,4
28,1,2025-06-29 00:00:00+00:00,2025-06-29 04:00:00+00:00,2025-06-30 04:00:00+00:00,-0.0070117684445366564,0.48056335512952003,4,4
28,1,2025-06-30 00:00:00+00:00,2025-06-30 04:00:00+00:00,2025-07-01 04:00:00+00:00,0.006473198822210627,0.0037461663811083484,4,4
28,1,2025-07-01 00:00:00+00:00,2025-07-01 04:00:00+00:00,2025-07-02 04:00:00+00:00,0.009044554611013954,0.5178782190044207,4,4
28,1,2025-07-02 00:00:00+00:00,2025-07-02 04:00:00+00:00,2025-07-03 04:00:00+00:00,-0.023972388603737845,0.48794526616042305,4,4
28,1,2025-07-03 00:00:00+00:00,2025-07-03 04:00:00+00:00,2025-07-04 04:00:00+00:00,-0.0037731646496605045,0.007475410468602145,4,4
28,1,2025-07-04 00:00:00+00:00,2025-07-04 04:00:00+00:00,2025-07-05 04:00:00+00:00,0.01209787501910479,0.3093905156967963,4,4
28,1,2025-07-05 00:00:00+00:00,2025-07-05 04:00:00+00:00,2025-07-06 04:00:00+00:00,0.002727424133052855,0.8009538384127991,4,4
28,1,2025-07-06 00:00:00+00:00,2025-07-06 04:00:00+00:00,2025-07-07 04:00:00+00:00,-0.012416395281605298,0.4750403841237444,4,4
28,1,2025-07-07 00:00:00+00:00,2025-07-07 04:00:00+00:00,2025-07-08 04:00:00+00:00,0.009467582162474602,0.2654936152640285,4,4
28,1,2025-07-08 00:00:00+00:00,2025-07-08 04:00:00+00:00,2025-07-09 04:00:00+00:00,-0.0029190871829723347,0.27817107794138846,4,4
28,1,2025-07-09 00:00:00+00:00,2025-07-09 04:00:00+00:00,2025-07-10 04:00:00+00:00,-0.020204608466378095,0.27703437322505287,4,4
28,1,2025-07-10 00:00:00+00:00,2025-07-10 04:00:00+00:00,2025-07-11 04:00:00+00:00,-0.030563899021297046,0.22427738589897508,4,4
28,1,2025-07-11 00:00:00+00:00,2025-07-11 04:00:00+00:00,2025-07-12 04:00:00+00:00,0.0020968196279748247,0.2940467780314612,4,4
28,1,2025-07-12 00:00:00+00:00,2025-07-12 04:00:00+00:00,2025-07-13 04:00:00+00:00,0.0005379419761938676,0.5775215124801917,4,4
28,1,2025-07-13 00:00:00+00:00,2025-07-13 04:00:00+00:00,2025-07-14 04:00:00+00:00,0.00023289975572278465,0.5405059487292354,4,4
28,1,2025-07-14 00:00:00+00:00,2025-07-14 04:00:00+00:00,2025-07-15 04:00:00+00:00,0.011503872642968087,0.2926773076383632,4,4
28,1,2025-07-15 00:00:00+00:00,2025-07-15 04:00:00+00:00,2025-07-16 04:00:00+00:00,-0.014554048570722681,0.3046848554270221,4,4
28,1,2025-07-16 00:00:00+00:00,2025-07-16 04:00:00+00:00,2025-07-17 04:00:00+00:00,0.007488085419451866,0.5250888545915917,4,4
28,1,2025-07-17 00:00:00+00:00,2025-07-17 04:00:00+00:00,2025-07-18 04:00:00+00:00,0.011654837519419082,0.31093017331955203,4,4
28,1,2025-07-18 00:00:00+00:00,2025-07-18 04:00:00+00:00,2025-07-19 04:00:00+00:00,-0.00028293328902702884,0.5835282259513106,4,4
28,1,2025-07-19 00:00:00+00:00,2025-07-19 04:00:00+00:00,2025-07-20 04:00:00+00:00,0.008680787778325276,0.7873370568470279,4,4
28,1,2025-07-20 00:00:00+00:00,2025-07-20 04:00:00+00:00,2025-07-21 04:00:00+00:00,-0.014772106678063973,0.7374396323459738,4,4
28,1,2025-07-21 00:00:00+00:00,2025-07-21 04:00:00+00:00,2025-07-22 04:00:00+00:00,-0.010353869101506574,0.546991447307132,4,4
28,1,2025-07-22 00:00:00+00:00,2025-07-22 04:00:00+00:00,2025-07-23 04:00:00+00:00,-0.009021236534888916,0.5159786590613146,4,4
28,1,2025-07-23 00:00:00+00:00,2025-07-23 04:00:00+00:00,2025-07-24 04:00:00+00:00,0.0010460623047919768,0.251448428755995,4,4
28,1,2025-07-24 00:00:00+00:00,2025-07-24 04:00:00+00:00,2025-07-25 04:00:00+00:00,0.0035548294091268533,0.30618730170054564,4,4
28,1,2025-07-25 00:00:00+00:00,2025-07-25 04:00:00+00:00,2025-07-26 04:00:00+00:00,-0.006975678638665166,0.22538339667357302,4,4
28,1,2025-07-26 00:00:00+00:00,2025-07-26 04:00:00+00:00,2025-07-27 04:00:00+00:00,-0.004528636256957496,0.008046987103113024,4,4
28,1,2025-07-27 00:00:00+00:00,2025-07-27 04:00:00+00:00,2025-07-28 04:00:00+00:00,0.006236704480923586,0.0013426673055451227,4,4
28,1,2025-07-28 00:00:00+00:00,2025-07-28 04:00:00+00:00,2025-07-29 04:00:00+00:00,-0.001832571241350894,0.2824264171279069,4,4
28,1,2025-07-29 00:00:00+00:00,2025-07-29 04:00:00+00:00,2025-07-30 04:00:00+00:00,0.004179991875531133,0.2853034196438497,4,4
28,1,2025-07-30 00:00:00+00:00,2025-07-30 04:00:00+00:00,2025-07-31 04:00:00+00:00,0.0003480356923163965,0.5054501465650806,4,4
28,1,2025-07-31 00:00:00+00:00,2025-07-31 04:00:00+00:00,2025-08-01 04:00:00+00:00,0.010936944348532474,0.5087361125874832,4,4
28,1,2025-08-01 00:00:00+00:00,2025-08-01 04:00:00+00:00,2025-08-02 04:00:00+00:00,0.0019597636069670268,0.7063150603084045,4,4
28,1,2025-08-02 00:00:00+00:00,2025-08-02 04:00:00+00:00,2025-08-03 04:00:00+00:00,-0.004957293699096946,0.22742666647624085,4,4
28,1,2025-08-03 00:00:00+00:00,2025-08-03 04:00:00+00:00,2025-08-04 04:00:00+00:00,-0.00019004355413379612,0.5151584814830902,4,4
28,1,2025-08-04 00:00:00+00:00,2025-08-04 04:00:00+00:00,2025-08-05 04:00:00+00:00,-0.00029178583424742974,0.7170788710627874,4,4
28,1,2025-08-05 00:00:00+00:00,2025-08-05 04:00:00+00:00,2025-08-06 04:00:00+00:00,0.002135558849038908,0.5128884633666022,4,4
28,1,2025-08-06 00:00:00+00:00,2025-08-06 04:00:00+00:00,2025-08-07 04:00:00+00:00,-0.003184168058964599,0.3033915782625525,4,4
28,1,2025-08-07 00:00:00+00:00,2025-08-07 04:00:00+00:00,2025-08-08 04:00:00+00:00,-0.0006146000512737629,0.6000000000000001,4,4
28,1,2025-08-08 00:00:00+00:00,2025-08-08 04:00:00+00:00,2025-08-09 04:00:00+00:00,-0.007767881990151735,0.014699178769100457,4,4
28,1,2025-08-09 00:00:00+00:00,2025-08-09 04:00:00+00:00,2025-08-10 04:00:00+00:00,-0.011030767351390037,0.30539097205119947,4,4
28,1,2025-08-10 00:00:00+00:00,2025-08-10 04:00:00+00:00,2025-08-11 04:00:00+00:00,0.005939060538623743,0.2126678579869265,4,4
28,1,2025-08-11 00:00:00+00:00,2025-08-11 04:00:00+00:00,2025-08-12 04:00:00+00:00,0.014872086209947684,0.002921301708474988,4,4
28,1,2025-08-12 00:00:00+00:00,2025-08-12 04:00:00+00:00,2025-08-13 04:00:00+00:00,0.013412300222716347,0.23314718341814628,4,4
28,1,2025-08-13 00:00:00+00:00,2025-08-13 04:00:00+00:00,2025-08-14 04:00:00+00:00,-0.026592653446795764,0.019033496061668542,4,4
28,1,2025-08-14 00:00:00+00:00,2025-08-14 04:00:00+00:00,2025-08-15 04:00:00+00:00,0.012045988956428446,0.232998037455896,4,4
28,1,2025-08-15 00:00:00+00:00,2025-08-15 04:00:00+00:00,2025-08-16 04:00:00+00:00,-0.00786141516957074,0.23945944392087537,4,4
28,1,2025-08-16 00:00:00+00:00,2025-08-16 04:00:00+00:00,2025-08-17 04:00:00+00:00,0.0065088819090731095,0.006091936976718351,4,4
28,1,2025-08-17 00:00:00+00:00,2025-08-17 04:00:00+00:00,2025-08-18 04:00:00+00:00,0.01503062075857016,0.5251856979830543,4,4
28,1,2025-08-18 00:00:00+00:00,2025-08-18 04:00:00+00:00,2025-08-19 04:00:00+00:00,0.001610409697757574,0.23751249345383618,4,4
28,1,2025-08-19 00:00:00+00:00,2025-08-19 04:00:00+00:00,2025-08-20 04:00:00+00:00,0.00041025449525095535,0.0043391349045115435,4,4
28,1,2025-08-20 00:00:00+00:00,2025-08-20 04:00:00+00:00,2025-08-21 04:00:00+00:00,0.009078505535455382,0.46976345851629897,4,4
28,1,2025-08-21 00:00:00+00:00,2025-08-21 04:00:00+00:00,2025-08-22 04:00:00+00:00,0.003746745617923074,0.004218174701144356,4,4
28,1,2025-08-22 00:00:00+00:00,2025-08-22 04:00:00+00:00,2025-08-23 04:00:00+00:00,0.017275148969009564,0.3014506909918866,4,4
28,1,2025-08-23 00:00:00+00:00,2025-08-23 04:00:00+00:00,2025-08-24 04:00:00+00:00,0.0019598655206030423,0.013329113907517232,4,4
28,1,2025-08-24 00:00:00+00:00,2025-08-24 04:00:00+00:00,2025-08-25 04:00:00+00:00,0.004064207380894954,0.0018861579870848855,4,4
28,1,2025-08-25 00:00:00+00:00,2025-08-25 04:00:00+00:00,2025-08-26 04:00:00+00:00,-0.005383535983149318,0.0032015693000353035,4,4
28,1,2025-08-26 00:00:00+00:00,2025-08-26 04:00:00+00:00,2025-08-27 04:00:00+00:00,0.00441176979564585,0.3021753677770788,4,4
28,1,2025-08-27 00:00:00+00:00,2025-08-27 04:00:00+00:00,2025-08-28 04:00:00+00:00,-0.008417894370592186,0.5261627901882944,4,4
28,1,2025-08-28 00:00:00+00:00,2025-08-28 04:00:00+00:00,2025-08-29 04:00:00+00:00,0.0014440023046817978,0.5355789103838033,4,4
28,1,2025-08-29 00:00:00+00:00,2025-08-29 04:00:00+00:00,2025-08-30 04:00:00+00:00,-0.004832713396124457,0.3013247746553569,4,4
28,1,2025-08-30 00:00:00+00:00,2025-08-30 04:00:00+00:00,2025-08-31 04:00:00+00:00,0.005517265029265827,0.001882473600524917,4,4
28,1,2025-08-31 00:00:00+00:00,2025-08-31 04:00:00+00:00,2025-09-01 04:00:00+00:00,0.0066378805981312326,0.3039650369967977,4,4
28,1,2025-09-01 00:00:00+00:00,2025-09-01 04:00:00+00:00,2025-09-02 04:00:00+00:00,-0.009654132404024636,0.0027765279394207226,4,4
28,1,2025-09-02 00:00:00+00:00,2025-09-02 04:00:00+00:00,2025-09-03 04:00:00+00:00,-0.0006735325521966878,0.21014395730817173,4,4
28,1,2025-09-03 00:00:00+00:00,2025-09-03 04:00:00+00:00,2025-09-04 04:00:00+00:00,0.0005734846800214468,0.4642192500787219,4,4
28,1,2025-09-04 00:00:00+00:00,2025-09-04 04:00:00+00:00,2025-09-05 04:00:00+00:00,-0.009514097520805663,0.5030544028793493,4,4
28,1,2025-09-05 00:00:00+00:00,2025-09-05 04:00:00+00:00,2025-09-06 04:00:00+00:00,-0.001720545821224332,0.31425804390441564,4,4
28,1,2025-09-06 00:00:00+00:00,2025-09-06 04:00:00+00:00,2025-09-07 04:00:00+00:00,-0.0013776718330494545,0.5186690154303555,4,4
28,1,2025-09-07 00:00:00+00:00,2025-09-07 04:00:00+00:00,2025-09-08 04:00:00+00:00,-0.0010622775223815878,0.1881678861588254,4,4
28,1,2025-09-08 00:00:00+00:00,2025-09-08 04:00:00+00:00,2025-09-09 04:00:00+00:00,-0.0005063189005025583,0.5305590101646622,4,4
28,1,2025-09-09 00:00:00+00:00,2025-09-09 04:00:00+00:00,2025-09-10 04:00:00+00:00,0.008098016268140114,0.5214445781864141,4,4
28,1,2025-09-10 00:00:00+00:00,2025-09-10 04:00:00+00:00,2025-09-11 04:00:00+00:00,0.010812197582515521,0.011118051322120431,4,4
28,1,2025-09-11 00:00:00+00:00,2025-09-11 04:00:00+00:00,2025-09-12 04:00:00+00:00,0.00438563627544619,0.01747099487984327,4,4
28,1,2025-09-12 00:00:00+00:00,2025-09-12 04:00:00+00:00,2025-09-13 04:00:00+00:00,0.0120405732323802,0.46435782399391035,4,4
28,1,2025-09-13 00:00:00+00:00,2025-09-13 04:00:00+00:00,2025-09-14 04:00:00+00:00,0.009273806759422637,0.004701686548205686,4,4
28,1,2025-09-14 00:00:00+00:00,2025-09-14 04:00:00+00:00,2025-09-15 04:00:00+00:00,0.0006944535285000081,0.20212536830793887,4,4
28,1,2025-09-15 00:00:00+00:00,2025-09-15 04:00:00+00:00,2025-09-16 04:00:00+00:00,0.0009811780562739545,0.003406560898754296,4,4
28,1,2025-09-16 00:00:00+00:00,2025-09-16 04:00:00+00:00,2025-09-17 04:00:00+00:00,0.00025876647655981517,0.5943585657655059,4,4
28,1,2025-09-17 00:00:00+00:00,2025-09-17 04:00:00+00:00,2025-09-18 04:00:00+00:00,0.01404004955537316,0.3044083342100852,4,4
28,1,2025-09-18 00:00:00+00:00,2025-09-18 04:00:00+00:00,2025-09-19 04:00:00+00:00,0.0031600849274625712,0.246701621187593,4,4
28,1,2025-09-19 00:00:00+00:00,2025-09-19 04:00:00+00:00,2025-09-20 04:00:00+00:00,0.0067774893197780715,0.007527824039874301,4,4
28,1,2025-09-20 00:00:00+00:00,2025-09-20 04:00:00+00:00,2025-09-21 04:00:00+00:00,0.012763046207123643,0.263842701441829,4,4
28,1,2025-09-21 00:00:00+00:00,2025-09-21 04:00:00+00:00,2025-09-22 04:00:00+00:00,0.0024044047180811655,0.00820342044758511,4,4
28,1,2025-09-22 00:00:00+00:00,2025-09-22 04:00:00+00:00,2025-09-23 04:00:00+00:00,0.010831700918999564,0.3008455136019693,4,4
28,1,2025-09-23 00:00:00+00:00,2025-09-23 04:00:00+00:00,2025-09-24 04:00:00+00:00,-0.004332477817899822,0.01848219841976076,4,4
28,1,2025-09-24 00:00:00+00:00,2025-09-24 04:00:00+00:00,2025-09-25 04:00:00+00:00,-2.176722659906049e-05,0.014499899927483295,4,4
28,1,2025-09-25 00:00:00+00:00,2025-09-25 04:00:00+00:00,2025-09-26 04:00:00+00:00,-0.018482406293929426,0.2889672034337789,4,4
28,1,2025-09-26 00:00:00+00:00,2025-09-26 04:00:00+00:00,2025-09-27 04:00:00+00:00,4.118724238576753e-05,0.012733085256124668,4,4
28,1,2025-09-27 00:00:00+00:00,2025-09-27 04:00:00+00:00,2025-09-28 04:00:00+00:00,-0.0007953812295450392,0.007062394278280898,4,4
28,1,2025-09-28 00:00:00+00:00,2025-09-28 04:00:00+00:00,2025-09-29 04:00:00+00:00,0.008353255083494722,0.23016867254973378,4,4
28,1,2025-09-29 00:00:00+00:00,2025-09-29 04:00:00+00:00,2025-09-30 04:00:00+00:00,-0.0027138790660110965,0.22710878513549443,4,4
28,1,2025-09-30 00:00:00+00:00,2025-09-30 04:00:00+00:00,2025-10-01 04:00:00+00:00,-0.004103936589163509,0.006129455178564017,4,4
28,1,2025-10-01 00:00:00+00:00,2025-10-01 04:00:00+00:00,2025-10-02 04:00:00+00:00,-0.010370063579267197,0.5896079933475892,4,4
28,1,2025-10-02 00:00:00+00:00,2025-10-02 04:00:00+00:00,2025-10-03 04:00:00+00:00,0.011743540644221347,0.22681347949662534,4,4
28,1,2025-10-03 00:00:00+00:00,2025-10-03 04:00:00+00:00,2025-10-04 04:00:00+00:00,0.009539853776257563,0.0034817173096203524,4,4
28,1,2025-10-04 00:00:00+00:00,2025-10-04 04:00:00+00:00,2025-10-05 04:00:00+00:00,0.005945913560290578,0.004174466990049919,4,4
28,1,2025-10-05 00:00:00+00:00,2025-10-05 04:00:00+00:00,2025-10-06 04:00:00+00:00,0.0021038070484965293,0.22628663290041368,4,4
28,1,2025-10-06 00:00:00+00:00,2025-10-06 04:00:00+00:00,2025-10-07 04:00:00+00:00,-0.00012148633656488975,0.4687432614162043,4,4
28,1,2025-10-07 00:00:00+00:00,2025-10-07 04:00:00+00:00,2025-10-08 04:00:00+00:00,0.024014259621886837,0.4603198750336121,4,4
28,1,2025-10-08 00:00:00+00:00,2025-10-08 04:00:00+00:00,2025-10-09 04:00:00+00:00,-0.006135502091491233,0.543268898504159,4,4
28,1,2025-10-09 00:00:00+00:00,2025-10-09 04:00:00+00:00,2025-10-10 04:00:00+00:00,-0.007892289520373064,0.30283042428278084,4,4
28,1,2025-10-10 00:00:00+00:00,2025-10-10 04:00:00+00:00,2025-10-11 04:00:00+00:00,0.05582353326611536,0.5284187841363405,4,4
28,1,2025-10-11 00:00:00+00:00,2025-10-11 04:00:00+00:00,2025-10-12 04:00:00+00:00,-0.0035726492933436226,0.3827311818405085,4,4
28,1,2025-10-12 00:00:00+00:00,2025-10-12 04:00:00+00:00,2025-10-13 04:00:00+00:00,-0.006394856817634662,0.5302336080062844,4,4
28,1,2025-10-13 00:00:00+00:00,2025-10-13 04:00:00+00:00,2025-10-14 04:00:00+00:00,-0.013391375512999546,0.7104774540051211,4,4
28,1,2025-10-14 00:00:00+00:00,2025-10-14 04:00:00+00:00,2025-10-15 04:00:00+00:00,-0.00584012647208295,0.6033156363076252,4,4
28,1,2025-10-15 00:00:00+00:00,2025-10-15 04:00:00+00:00,2025-10-16 04:00:00+00:00,0.011272830992905112,0.008781332638898562,4,4
28,1,2025-10-16 00:00:00+00:00,2025-10-16 04:00:00+00:00,2025-10-17 04:00:00+00:00,0.007393812066102925,0.0018508829719126318,4,4
28,1,2025-10-17 00:00:00+00:00,2025-10-17 04:00:00+00:00,2025-10-18 04:00:00+00:00,-0.005139005840061151,0.004718955037848721,4,4
28,1,2025-10-18 00:00:00+00:00,2025-10-18 04:00:00+00:00,2025-10-19 04:00:00+00:00,-0.0014948119179612285,0.5438650473133685,4,4
28,1,2025-10-19 00:00:00+00:00,2025-10-19 04:00:00+00:00,2025-10-20 04:00:00+00:00,-0.0038647660518377524,0.0009684903732338351,4,4
28,1,2025-10-20 00:00:00+00:00,2025-10-20 04:00:00+00:00,2025-10-21 04:00:00+00:00,0.0029404425921418804,0.0009786869833453005,4,4
28,1,2025-10-21 00:00:00+00:00,2025-10-21 04:00:00+00:00,2025-10-22 04:00:00+00:00,3.085549671614498e-05,0.00789963680223095,4,4
28,1,2025-10-22 00:00:00+00:00,2025-10-22 04:00:00+00:00,2025-10-23 04:00:00+00:00,0.01117506994913519,0.00461749606607266,4,4
28,1,2025-10-23 00:00:00+00:00,2025-10-23 04:00:00+00:00,2025-10-24 04:00:00+00:00,0.00439721213812563,0.003151126440356797,4,4
28,1,2025-10-24 00:00:00+00:00,2025-10-24 04:00:00+00:00,2025-10-25 04:00:00+00:00,-0.0027834146689056606,0.0011321409879339744,4,4
28,1,2025-10-25 00:00:00+00:00,2025-10-25 04:00:00+00:00,2025-10-26 04:00:00+00:00,0.0021216638413593288,0.22263961965104734,4,4
28,1,2025-10-26 00:00:00+00:00,2025-10-26 04:00:00+00:00,2025-10-27 04:00:00+00:00,-0.013442739933167885,0.0003049829724550701,4,4
28,1,2025-10-27 00:00:00+00:00,2025-10-27 04:00:00+00:00,2025-10-28 04:00:00+00:00,0.010630200951792831,0.00245859718347842,4,4
28,1,2025-10-28 00:00:00+00:00,2025-10-28 04:00:00+00:00,2025-10-29 04:00:00+00:00,0.004602496618151063,0.0020315634249147424,4,4
28,1,2025-10-29 00:00:00+00:00,2025-10-29 04:00:00+00:00,2025-10-30 04:00:00+00:00,-0.010181491813357273,0.2246217541929567,4,4
28,1,2025-10-30 00:00:00+00:00,2025-10-30 04:00:00+00:00,2025-10-31 04:00:00+00:00,0.025856852025322064,0.2239864714776856,4,4
28,1,2025-10-31 00:00:00+00:00,2025-10-31 04:00:00+00:00,2025-11-01 04:00:00+00:00,0.00032784389997937875,0.3008363250613096,4,4
28,1,2025-11-01 00:00:00+00:00,2025-11-01 04:00:00+00:00,2025-11-02 04:00:00+00:00,-0.013178613862817186,0.5654845065515621,4,4
28,1,2025-11-02 00:00:00+00:00,2025-11-02 04:00:00+00:00,2025-11-03 04:00:00+00:00,0.00947668683822334,0.5994251980179877,4,4
28,1,2025-11-03 00:00:00+00:00,2025-11-03 04:00:00+00:00,2025-11-04 04:00:00+00:00,0.002964670317315071,0.0025777619010050046,4,4
28,1,2025-11-04 00:00:00+00:00,2025-11-04 04:00:00+00:00,2025-11-05 04:00:00+00:00,-0.00019502227099560312,0.30072833476715505,4,4
28,1,2025-11-05 00:00:00+00:00,2025-11-05 04:00:00+00:00,2025-11-06 04:00:00+00:00,0.001600292767688772,0.5759017473176297,4,4
28,1,2025-11-06 00:00:00+00:00,2025-11-06 04:00:00+00:00,2025-11-07 04:00:00+00:00,-0.0016392860985531242,0.5116435747808121,4,4
28,1,2025-11-07 00:00:00+00:00,2025-11-07 04:00:00+00:00,2025-11-08 04:00:00+00:00,0.019086992561566086,0.5724236435235253,4,4
28,1,2025-11-08 00:00:00+00:00,2025-11-08 04:00:00+00:00,2025-11-09 04:00:00+00:00,0.020363541828848253,0.572208301767684,4,4
28,1,2025-11-09 00:00:00+00:00,2025-11-09 04:00:00+00:00,2025-11-10 04:00:00+00:00,0.005201674594080864,1.3935357969787432,4,4
28,1,2025-11-10 00:00:00+00:00,2025-11-10 04:00:00+00:00,2025-11-11 04:00:00+00:00,-0.02036227507356926,0.24554525840586452,4,4
28,1,2025-11-11 00:00:00+00:00,2025-11-11 04:00:00+00:00,2025-11-12 04:00:00+00:00,-0.009960223393213476,0.005206521796790126,4,4
28,1,2025-11-12 00:00:00+00:00,2025-11-12 04:00:00+00:00,2025-11-13 04:00:00+00:00,0.00013341932444981084,0.6004711019430469,4,4
28,1,2025-11-13 00:00:00+00:00,2025-11-13 04:00:00+00:00,2025-11-14 04:00:00+00:00,0.004181579605304743,0.001994913544866417,4,4
28,1,2025-11-14 00:00:00+00:00,2025-11-14 04:00:00+00:00,2025-11-15 04:00:00+00:00,0.019304145029082176,0.002963520468705433,4,4
28,1,2025-11-15 00:00:00+00:00,2025-11-15 04:00:00+00:00,2025-11-16 04:00:00+00:00,-0.008400161797894046,0.26115640810614144,4,4
28,1,2025-11-16 00:00:00+00:00,2025-11-16 04:00:00+00:00,2025-11-17 04:00:00+00:00,-0.0148687596774153,0.5964191471587927,4,4
28,1,2025-11-17 00:00:00+00:00,2025-11-17 04:00:00+00:00,2025-11-18 04:00:00+00:00,0.0169914379065865,0.002376378631195275,4,4
28,1,2025-11-18 00:00:00+00:00,2025-11-18 04:00:00+00:00,2025-11-19 04:00:00+00:00,-0.011818021641462282,0.3003950646646719,4,4
28,1,2025-11-19 00:00:00+00:00,2025-11-19 04:00:00+00:00,2025-11-20 04:00:00+00:00,-0.001844588055162518,0.24803514628141388,4,4
28,1,2025-11-20 00:00:00+00:00,2025-11-20 04:00:00+00:00,2025-11-21 04:00:00+00:00,-0.0030121347763051656,0.24889083041884227,4,4
28,1,2025-11-21 00:00:00+00:00,2025-11-21 04:00:00+00:00,2025-11-22 04:00:00+00:00,-0.0062235721449423916,0.29594118178248585,4,4
28,1,2025-11-22 00:00:00+00:00,2025-11-22 04:00:00+00:00,2025-11-23 04:00:00+00:00,-0.004579948058881421,0.507527521238915,4,4
28,1,2025-11-23 00:00:00+00:00,2025-11-23 04:00:00+00:00,2025-11-24 04:00:00+00:00,-0.006712766952262698,0.30047117310710747,4,4
28,1,2025-11-24 00:00:00+00:00,2025-11-24 04:00:00+00:00,2025-11-25 04:00:00+00:00,-0.0010616716383858834,0.0009692567042220851,4,4
28,1,2025-11-25 00:00:00+00:00,2025-11-25 04:00:00+00:00,2025-11-26 04:00:00+00:00,-0.0015374357408630209,0.21869327843587522,4,4
28,1,2025-11-26 00:00:00+00:00,2025-11-26 04:00:00+00:00,2025-11-27 04:00:00+00:00,-0.012901161060768567,0.0012493281211072294,4,4
28,1,2025-11-27 00:00:00+00:00,2025-11-27 04:00:00+00:00,2025-11-28 04:00:00+00:00,-0.005890775699950919,0.0014307580078084664,4,4
28,1,2025-11-28 00:00:00+00:00,2025-11-28 04:00:00+00:00,2025-11-29 04:00:00+00:00,0.0052903056965247245,0.21944114541227594,4,4
28,1,2025-11-29 00:00:00+00:00,2025-11-29 04:00:00+00:00,2025-11-30 04:00:00+00:00,-0.00028707812155294877,0.30051086603193,4,4
28,1,2025-11-30 00:00:00+00:00,2025-11-30 04:00:00+00:00,2025-12-01 04:00:00+00:00,-0.016336147159707735,0.3001433597216764,4,4
28,1,2025-12-01 00:00:00+00:00,2025-12-01 04:00:00+00:00,2025-12-02 04:00:00+00:00,-0.005482408935658154,0.30304170422172116,4,4
28,1,2025-12-02 00:00:00+00:00,2025-12-02 04:00:00+00:00,2025-12-03 04:00:00+00:00,-0.004327880685801758,0.0037862278771020608,4,4
28,1,2025-12-03 00:00:00+00:00,2025-12-03 04:00:00+00:00,2025-12-04 04:00:00+00:00,-0.00877573542007214,0.49414213504717075,4,4
28,1,2025-12-04 00:00:00+00:00,2025-12-04 04:00:00+00:00,2025-12-05 04:00:00+00:00,-0.0082129880698063,0.24911317290067592,4,4
28,1,2025-12-05 00:00:00+00:00,2025-12-05 04:00:00+00:00,2025-12-06 04:00:00+00:00,0.004437821297351913,0.3136417807606838,4,4
28,1,2025-12-06 00:00:00+00:00,2025-12-06 04:00:00+00:00,2025-12-07 04:00:00+00:00,0.0022088365447167735,0.7835290479150254,4,4
28,1,2025-12-07 00:00:00+00:00,2025-12-07 04:00:00+00:00,2025-12-08 04:00:00+00:00,0.002821607269085761,0.8464914819378151,4,4
28,1,2025-12-08 00:00:00+00:00,2025-12-08 04:00:00+00:00,2025-12-09 04:00:00+00:00,-0.009740143622498212,0.3031296680605919,4,4
28,1,2025-12-09 00:00:00+00:00,2025-12-09 04:00:00+00:00,2025-12-10 04:00:00+00:00,-0.005680130259130403,0.30038571239210743,4,4
28,1,2025-12-10 00:00:00+00:00,2025-12-10 04:00:00+00:00,2025-12-11 04:00:00+00:00,0.022409362131897717,0.5602365330803853,4,4
28,1,2025-12-11 00:00:00+00:00,2025-12-11 04:00:00+00:00,2025-12-12 04:00:00+00:00,0.006286451012071086,0.7734255205863718,4,4
28,1,2025-12-12 00:00:00+00:00,2025-12-12 04:00:00+00:00,2025-12-13 04:00:00+00:00,-0.0030140616804676104,0.5701021430230081,4,4
28,1,2025-12-13 00:00:00+00:00,2025-12-13 04:00:00+00:00,2025-12-14 04:00:00+00:00,0.0034642905222056226,0.5687948532804463,4,4
28,1,2025-12-14 00:00:00+00:00,2025-12-14 04:00:00+00:00,2025-12-15 04:00:00+00:00,0.003406233482966695,0.003266050040494073,4,4
28,1,2025-12-15 00:00:00+00:00,2025-12-15 04:00:00+00:00,2025-12-16 04:00:00+00:00,-0.0007893879688686658,0.003323327657375738,4,4
28,1,2025-12-16 00:00:00+00:00,2025-12-16 04:00:00+00:00,2025-12-17 04:00:00+00:00,-0.004683884499349691,0.014256398277952914,4,4
28,1,2025-12-17 00:00:00+00:00,2025-12-17 04:00:00+00:00,2025-12-18 04:00:00+00:00,0.012824023079955352,0.24368554308229257,4,4
28,1,2025-12-18 00:00:00+00:00,2025-12-18 04:00:00+00:00,2025-12-19 04:00:00+00:00,-0.0009929004319652087,0.5191029478796424,4,4
28,1,2025-12-19 00:00:00+00:00,2025-12-19 04:00:00+00:00,2025-12-20 04:00:00+00:00,-0.006330997369528091,0.2966411712357533,4,4
28,1,2025-12-20 00:00:00+00:00,2025-12-20 04:00:00+00:00,2025-12-21 04:00:00+00:00,-0.002270262601156463,0.3045512143279649,4,4
28,1,2025-12-21 00:00:00+00:00,2025-12-21 04:00:00+00:00,2025-12-22 04:00:00+00:00,0.006096984507472069,0.5774232104109072,4,4
28,1,2025-12-22 00:00:00+00:00,2025-12-22 04:00:00+00:00,2025-12-23 04:00:00+00:00,0.0006969063389212645,0.2964186819056486,4,4
28,1,2025-12-23 00:00:00+00:00,2025-12-23 04:00:00+00:00,2025-12-24 04:00:00+00:00,-0.0019632933763323933,0.0020751153748855278,4,4
28,1,2025-12-24 00:00:00+00:00,2025-12-24 04:00:00+00:00,2025-12-25 04:00:00+00:00,-0.0007685815832613253,0.3003279113467425,4,4
28,1,2025-12-25 00:00:00+00:00,2025-12-25 04:00:00+00:00,2025-12-26 04:00:00+00:00,0.0053321977901790284,0.0022977670336665618,4,4
28,1,2025-12-26 00:00:00+00:00,2025-12-26 04:00:00+00:00,2025-12-27 04:00:00+00:00,-0.004239653173180601,0.2807507139339728,4,4
28,1,2025-12-27 00:00:00+00:00,2025-12-27 04:00:00+00:00,2025-12-28 04:00:00+00:00,-0.008579122460424693,0.47235629196102336,4,4
28,1,2025-12-28 00:00:00+00:00,2025-12-28 04:00:00+00:00,2025-12-29 04:00:00+00:00,0.0020491439348471778,0.5620029841564281,4,4
28,1,2025-12-29 00:00:00+00:00,2025-12-29 04:00:00+00:00,2025-12-30 04:00:00+00:00,0.0039005244319013253,0.562002984156428,4,4
28,1,2025-12-30 00:00:00+00:00,2025-12-30 04:00:00+00:00,2025-12-31 04:00:00+00:00,0.00363101039247674,0.0018843414995043661,4,4
28,1,2025-12-31 00:00:00+00:00,2025-12-31 04:00:00+00:00,2026-01-01 04:00:00+00:00,0.017326328098803946,0.27221728760322866,4,4
28,1,2026-01-01 00:00:00+00:00,2026-01-01 04:00:00+00:00,2026-01-02 04:00:00+00:00,-0.022995596008799944,0.4581892889541498,4,4
28,1,2026-01-02 00:00:00+00:00,2026-01-02 04:00:00+00:00,2026-01-03 04:00:00+00:00,-0.03602158227314593,0.21487534940154346,4,4
28,1,2026-01-03 00:00:00+00:00,2026-01-03 04:00:00+00:00,2026-01-04 04:00:00+00:00,-0.013064635181867037,1.0899126733506599,4,4
28,1,2026-01-04 00:00:00+00:00,2026-01-04 04:00:00+00:00,2026-01-05 04:00:00+00:00,-0.0041321234845812915,0.555210812881541,4,4
28,1,2026-01-05 00:00:00+00:00,2026-01-05 04:00:00+00:00,2026-01-06 04:00:00+00:00,-0.011294366534187725,0.528759506396647,4,4
28,1,2026-01-06 00:00:00+00:00,2026-01-06 04:00:00+00:00,2026-01-07 04:00:00+00:00,-0.007175050034587314,0.5752558235793757,4,4
28,1,2026-01-07 00:00:00+00:00,2026-01-07 04:00:00+00:00,2026-01-08 04:00:00+00:00,-0.00037671919716759754,0.6000000000000001,4,4
28,1,2026-01-08 00:00:00+00:00,2026-01-08 04:00:00+00:00,2026-01-09 04:00:00+00:00,0.004891750018758451,1.0372830528341002,4,4
28,1,2026-01-09 00:00:00+00:00,2026-01-09 04:00:00+00:00,2026-01-10 04:00:00+00:00,-0.00045116193830351415,0.30289301924416967,4,4
28,1,2026-01-10 00:00:00+00:00,2026-01-10 04:00:00+00:00,2026-01-11 04:00:00+00:00,-0.001780212490068928,0.5869884625122979,4,4
28,1,2026-01-11 00:00:00+00:00,2026-01-11 04:00:00+00:00,2026-01-12 04:00:00+00:00,-0.003506324597659369,0.6002829674960931,4,4
28,1,2026-01-12 00:00:00+00:00,2026-01-12 04:00:00+00:00,2026-01-13 04:00:00+00:00,0.004101151573881705,0.21589533700278607,4,4
28,1,2026-01-13 00:00:00+00:00,2026-01-13 04:00:00+00:00,2026-01-14 04:00:00+00:00,0.002784052263790621,0.8803909614325278,4,4
28,1,2026-01-14 00:00:00+00:00,2026-01-14 04:00:00+00:00,2026-01-15 04:00:00+00:00,0.019456905362449785,1.0495885631652722,4,4
28,1,2026-01-15 00:00:00+00:00,2026-01-15 04:00:00+00:00,2026-01-16 04:00:00+00:00,0.004936921552128269,0.9143677011706617,4,4
28,1,2026-01-16 00:00:00+00:00,2026-01-16 04:00:00+00:00,2026-01-17 04:00:00+00:00,-0.008036440240758046,0.5143677011706618,4,4
28,1,2026-01-17 00:00:00+00:00,2026-01-17 04:00:00+00:00,2026-01-18 04:00:00+00:00,0.0019708429743108876,0.30107562789127135,4,4
28,1,2026-01-18 00:00:00+00:00,2026-01-18 04:00:00+00:00,2026-01-19 04:00:00+00:00,0.012139590481416527,0.5342948573365608,4,4
28,1,2026-01-19 00:00:00+00:00,2026-01-19 04:00:00+00:00,2026-01-20 04:00:00+00:00,0.00021985132866645697,0.30236691938039606,4,4
28,1,2026-01-20 00:00:00+00:00,2026-01-20 04:00:00+00:00,2026-01-21 04:00:00+00:00,-0.012377876728858284,0.3028864509090376,4,4
28,1,2026-01-21 00:00:00+00:00,2026-01-21 04:00:00+00:00,2026-01-22 04:00:00+00:00,0.003072190135579034,0.005410665942381071,4,4
28,1,2026-01-22 00:00:00+00:00,2026-01-22 04:00:00+00:00,2026-01-23 04:00:00+00:00,-0.0014595394248191282,0.2635593723687642,4,4
28,1,2026-01-23 00:00:00+00:00,2026-01-23 04:00:00+00:00,2026-01-24 04:00:00+00:00,-0.00027716276992203765,0.2090761088251244,4,4
28,1,2026-01-24 00:00:00+00:00,2026-01-24 04:00:00+00:00,2026-01-25 04:00:00+00:00,0.0015504351753681412,0.5329590947195688,4,4
28,1,2026-01-25 00:00:00+00:00,2026-01-25 04:00:00+00:00,2026-01-26 04:00:00+00:00,0.0009273866095993958,0.5647296321927697,4,4
28,1,2026-01-26 00:00:00+00:00,2026-01-26 04:00:00+00:00,2026-01-27 04:00:00+00:00,0.001326950249003471,0.2789546170824856,4,4
28,1,2026-01-27 00:00:00+00:00,2026-01-27 04:00:00+00:00,2026-01-28 04:00:00+00:00,0.0001083893289906292,0.8286552223314271,4,4
28,1,2026-01-28 00:00:00+00:00,2026-01-28 04:00:00+00:00,2026-01-29 04:00:00+00:00,0.0037775701907321914,0.5908212024738025,4,4
28,1,2026-01-29 00:00:00+00:00,2026-01-29 04:00:00+00:00,2026-01-30 04:00:00+00:00,-0.0006271760762535383,0.5896687891457877,4,4
28,1,2026-01-30 00:00:00+00:00,2026-01-30 04:00:00+00:00,2026-01-31 04:00:00+00:00,-0.0002924250349746003,0.5395798932864928,4,4
28,1,2026-01-31 00:00:00+00:00,2026-01-31 04:00:00+00:00,2026-02-01 04:00:00+00:00,7.11692804901097e-05,0.2730306040121404,4,4
28,1,2026-02-01 00:00:00+00:00,2026-02-01 04:00:00+00:00,2026-02-02 04:00:00+00:00,0.0016444340753992192,0.5351901841709016,4,4
28,1,2026-02-02 00:00:00+00:00,2026-02-02 04:00:00+00:00,2026-02-03 04:00:00+00:00,-0.006629638992485334,0.7755112667994555,4,4
28,1,2026-02-03 00:00:00+00:00,2026-02-03 04:00:00+00:00,2026-02-04 04:00:00+00:00,-0.0026153378417205406,0.5462360817051628,4,4
28,1,2026-02-04 00:00:00+00:00,2026-02-04 04:00:00+00:00,2026-02-05 04:00:00+00:00,-0.0014253837904657646,1.2747119206732425,4,4
28,1,2026-02-05 00:00:00+00:00,2026-02-05 04:00:00+00:00,2026-02-06 04:00:00+00:00,-0.0056001317459152405,0.8001671849257712,4,4
28,1,2026-02-06 00:00:00+00:00,2026-02-06 04:00:00+00:00,2026-02-07 04:00:00+00:00,-0.005747326950552044,0.5705209761918053,4,4
28,1,2026-02-07 00:00:00+00:00,2026-02-07 04:00:00+00:00,2026-02-08 04:00:00+00:00,-0.0034758227413242858,1.2567889008162125,4,4
28,1,2026-02-08 00:00:00+00:00,2026-02-08 04:00:00+00:00,2026-02-09 04:00:00+00:00,0.0025155511131639587,0.4454299278278546,4,4
28,1,2026-02-09 00:00:00+00:00,2026-02-09 04:00:00+00:00,2026-02-10 04:00:00+00:00,0.002443864050816062,0.0035504534326235293,4,4
28,1,2026-02-10 00:00:00+00:00,2026-02-10 04:00:00+00:00,2026-02-11 04:00:00+00:00,0.001195497757210802,0.8039201173779562,4,4
28,1,2026-02-11 00:00:00+00:00,2026-02-11 04:00:00+00:00,2026-02-12 04:00:00+00:00,-0.001990525268583383,0.5128847101031604,4,4
28,1,2026-02-12 00:00:00+00:00,2026-02-12 04:00:00+00:00,2026-02-13 04:00:00+00:00,0.004610242470097099,0.2776076137426919,4,4
28,1,2026-02-13 00:00:00+00:00,2026-02-13 04:00:00+00:00,2026-02-14 04:00:00+00:00,-0.0030240466815974485,0.5165935323057341,4,4
28,1,2026-02-14 00:00:00+00:00,2026-02-14 04:00:00+00:00,2026-02-15 04:00:00+00:00,0.02371505464749445,0.006761555857779336,4,4
28,1,2026-02-15 00:00:00+00:00,2026-02-15 04:00:00+00:00,2026-02-16 04:00:00+00:00,-0.011362088039318543,0.4953749300828644,4,4
28,1,2026-02-16 00:00:00+00:00,2026-02-16 04:00:00+00:00,2026-02-17 04:00:00+00:00,-0.002190839934426277,0.2579824976889436,4,4
28,1,2026-02-17 00:00:00+00:00,2026-02-17 04:00:00+00:00,2026-02-18 04:00:00+00:00,0.0012220902110493953,0.29228566819433827,4,4
28,1,2026-02-18 00:00:00+00:00,2026-02-18 04:00:00+00:00,2026-02-19 04:00:00+00:00,0.013953061677842302,0.29396866428767177,4,4
28,1,2026-02-19 00:00:00+00:00,2026-02-19 04:00:00+00:00,2026-02-20 04:00:00+00:00,0.03563822212623899,0.256844802180712,4,4
28,1,2026-02-20 00:00:00+00:00,2026-02-20 04:00:00+00:00,2026-02-21 04:00:00+00:00,0.010239069755065023,0.5486672897996625,4,4
28,1,2026-02-21 00:00:00+00:00,2026-02-21 04:00:00+00:00,2026-02-22 04:00:00+00:00,0.006313558363824521,0.297248012749229,4,4
28,1,2026-02-22 00:00:00+00:00,2026-02-22 04:00:00+00:00,2026-02-23 04:00:00+00:00,0.0017687571547626022,0.3039979645660691,4,4
28,1,2026-02-23 00:00:00+00:00,2026-02-23 04:00:00+00:00,2026-02-24 04:00:00+00:00,-0.013361443913385469,0.005529275095978586,4,4
28,1,2026-02-24 00:00:00+00:00,2026-02-24 04:00:00+00:00,2026-02-25 04:00:00+00:00,0.0017809731712474788,0.007184524515870483,4,4
28,1,2026-02-25 00:00:00+00:00,2026-02-25 04:00:00+00:00,2026-02-26 04:00:00+00:00,0.0011054698720880905,0.002741648170113728,4,4
28,1,2026-02-26 00:00:00+00:00,2026-02-26 04:00:00+00:00,2026-02-27 04:00:00+00:00,-0.006004017878790785,0.286242205104314,4,4
28,1,2026-02-27 00:00:00+00:00,2026-02-27 04:00:00+00:00,2026-02-28 04:00:00+00:00,-0.004578250280923743,0.5183976292468251,4,4
28,1,2026-02-28 00:00:00+00:00,2026-02-28 04:00:00+00:00,2026-03-01 04:00:00+00:00,-0.0005950051221459999,0.005433272774593614,4,4
28,1,2026-03-01 00:00:00+00:00,2026-03-01 04:00:00+00:00,2026-03-02 04:00:00+00:00,0.002552076509517315,0.5638568587438848,4,4
28,1,2026-03-02 00:00:00+00:00,2026-03-02 04:00:00+00:00,2026-03-03 04:00:00+00:00,0.012742588907730397,0.5994793694305346,4,4
28,1,2026-03-03 00:00:00+00:00,2026-03-03 04:00:00+00:00,2026-03-04 04:00:00+00:00,-0.00581804221472115,0.28428313905562247,4,4
28,1,2026-03-04 00:00:00+00:00,2026-03-04 04:00:00+00:00,2026-03-05 04:00:00+00:00,-0.010797679491428017,0.009948815431398556,4,4
28,1,2026-03-05 00:00:00+00:00,2026-03-05 04:00:00+00:00,2026-03-06 04:00:00+00:00,0.0022083677240606553,0.5844720525722231,4,4
28,1,2026-03-06 00:00:00+00:00,2026-03-06 04:00:00+00:00,2026-03-07 04:00:00+00:00,0.00022585992379822901,0.813672816484289,4,4
28,1,2026-03-07 00:00:00+00:00,2026-03-07 04:00:00+00:00,2026-03-08 04:00:00+00:00,0.00662829706455828,0.8579029825370994,4,4
28,1,2026-03-08 00:00:00+00:00,2026-03-08 04:00:00+00:00,2026-03-09 04:00:00+00:00,0.0005236885461155404,0.8155617766406755,4,4
28,1,2026-03-09 00:00:00+00:00,2026-03-09 04:00:00+00:00,2026-03-10 04:00:00+00:00,-0.0020785730068478567,0.590716770984291,4,4
28,1,2026-03-10 00:00:00+00:00,2026-03-10 04:00:00+00:00,2026-03-11 04:00:00+00:00,2.406479133758646e-06,0.3015686583643111,4,4
28,1,2026-03-11 00:00:00+00:00,2026-03-11 04:00:00+00:00,2026-03-12 04:00:00+00:00,-0.0029957898340825994,0.5999999999999999,4,4
28,1,2026-03-12 00:00:00+00:00,2026-03-12 04:00:00+00:00,2026-03-13 04:00:00+00:00,0.0007834517087327423,0.2927445942833038,4,4
28,1,2026-03-13 00:00:00+00:00,2026-03-13 04:00:00+00:00,2026-03-14 04:00:00+00:00,-0.004620554338650467,0.0010013035669112214,4,4
28,1,2026-03-14 00:00:00+00:00,2026-03-14 04:00:00+00:00,2026-03-15 04:00:00+00:00,0.004331924188186055,0.5472814862714803,4,4
28,1,2026-03-15 00:00:00+00:00,2026-03-15 04:00:00+00:00,2026-03-16 04:00:00+00:00,-0.0004471160155352545,0.5933349561421998,4,4
28,1,2026-03-16 00:00:00+00:00,2026-03-16 04:00:00+00:00,2026-03-17 04:00:00+00:00,-0.008756215713471021,0.5266082931786557,4,4
28,1,2026-03-17 00:00:00+00:00,2026-03-17 04:00:00+00:00,2026-03-18 04:00:00+00:00,0.0003083510593770763,0.3009958840067141,4,4
28,1,2026-03-18 00:00:00+00:00,2026-03-18 04:00:00+00:00,2026-03-19 04:00:00+00:00,0.001917716642697213,0.5890336646117282,4,4
28,1,2026-03-19 00:00:00+00:00,2026-03-19 04:00:00+00:00,2026-03-20 04:00:00+00:00,0.002882447897713441,0.58916066759072,4,4
28,1,2026-03-20 00:00:00+00:00,2026-03-20 04:00:00+00:00,2026-03-21 04:00:00+00:00,0.00249821288518828,0.5698699547119475,4,4
28,1,2026-03-21 00:00:00+00:00,2026-03-21 04:00:00+00:00,2026-03-22 04:00:00+00:00,0.0056489848763850116,0.5103600615622459,4,4
28,1,2026-03-22 00:00:00+00:00,2026-03-22 04:00:00+00:00,2026-03-23 04:00:00+00:00,-0.0012104548767342621,0.845490241710396,4,4
28,1,2026-03-23 00:00:00+00:00,2026-03-23 04:00:00+00:00,2026-03-24 04:00:00+00:00,-0.00736488397340645,0.5206273873756921,4,4
28,1,2026-03-24 00:00:00+00:00,2026-03-24 04:00:00+00:00,2026-03-25 04:00:00+00:00,0.0005131506154549697,0.2708838396771943,4,4
28,1,2026-03-25 00:00:00+00:00,2026-03-25 04:00:00+00:00,2026-03-26 04:00:00+00:00,0.0009281675013293948,0.5335547551432345,4,4
28,1,2026-03-26 00:00:00+00:00,2026-03-26 04:00:00+00:00,2026-03-27 04:00:00+00:00,-0.0012194237530315337,0.5337730027239134,4,4
28,1,2026-03-27 00:00:00+00:00,2026-03-27 04:00:00+00:00,2026-03-28 04:00:00+00:00,0.004924548879391342,0.3006746953179227,4,4
28,1,2026-03-28 00:00:00+00:00,2026-03-28 04:00:00+00:00,2026-03-29 04:00:00+00:00,0.004567269086051241,0.2730029972169372,4,4
28,1,2026-03-29 00:00:00+00:00,2026-03-29 04:00:00+00:00,2026-03-30 04:00:00+00:00,-0.0005651278495536045,0.8443624896126525,4,4
28,1,2026-03-30 00:00:00+00:00,2026-03-30 04:00:00+00:00,2026-03-31 04:00:00+00:00,-0.004784920896365592,0.3046027243339129,4,4
28,1,2026-03-31 00:00:00+00:00,2026-03-31 04:00:00+00:00,2026-04-01 04:00:00+00:00,0.0012504014136691098,0.016650316012376806,4,4
28,1,2026-04-01 00:00:00+00:00,2026-04-01 04:00:00+00:00,2026-04-02 04:00:00+00:00,0.0016280824213525235,0.46431908642250574,4,4
28,1,2026-04-02 00:00:00+00:00,2026-04-02 04:00:00+00:00,2026-04-03 04:00:00+00:00,-0.00653909360181129,0.5766206531293872,4,4
28,1,2026-04-03 00:00:00+00:00,2026-04-03 04:00:00+00:00,2026-04-04 04:00:00+00:00,-0.005642536505704801,0.8586960225661319,4,4
28,1,2026-04-04 00:00:00+00:00,2026-04-04 04:00:00+00:00,2026-04-05 04:00:00+00:00,0.002021306564217571,0.26407648414333496,4,4
28,1,2026-04-05 00:00:00+00:00,2026-04-05 04:00:00+00:00,2026-04-06 04:00:00+00:00,-0.0010765559982062333,0.5000398731173722,4,4
28,1,2026-04-06 00:00:00+00:00,2026-04-06 04:00:00+00:00,2026-04-07 04:00:00+00:00,-0.007181365582468199,0.008879198234276103,4,4
28,1,2026-04-07 00:00:00+00:00,2026-04-07 04:00:00+00:00,2026-04-08 04:00:00+00:00,-0.0010808024836531718,0.7806126180824637,4,4
28,1,2026-04-08 00:00:00+00:00,2026-04-08 04:00:00+00:00,2026-04-09 04:00:00+00:00,0.007515502436305029,0.5272378343027635,4,4
28,1,2026-04-09 00:00:00+00:00,2026-04-09 04:00:00+00:00,2026-04-10 04:00:00+00:00,0.0052381511525777325,0.9994768540197512,4,4
28,1,2026-04-10 00:00:00+00:00,2026-04-10 04:00:00+00:00,2026-04-11 04:00:00+00:00,0.013718473646161985,0.45870040739352747,4,4
28,1,2026-04-11 00:00:00+00:00,2026-04-11 04:00:00+00:00,2026-04-12 04:00:00+00:00,-0.001339942041096857,0.7264043441970643,4,4
28,1,2026-04-12 00:00:00+00:00,2026-04-12 04:00:00+00:00,2026-04-13 04:00:00+00:00,-2.642503349646716e-05,0.28324869625115073,4,4
28,1,2026-04-13 00:00:00+00:00,2026-04-13 04:00:00+00:00,2026-04-14 04:00:00+00:00,0.002500367390729602,0.4725426948791382,4,4
28,1,2026-04-14 00:00:00+00:00,2026-04-14 04:00:00+00:00,2026-04-15 04:00:00+00:00,-0.0024506646593022803,0.5489496944599618,4,4
28,1,2026-04-15 00:00:00+00:00,2026-04-15 04:00:00+00:00,2026-04-16 04:00:00+00:00,-0.006951198839581346,0.3042295611248764,4,4
28,1,2026-04-16 00:00:00+00:00,2026-04-16 04:00:00+00:00,2026-04-17 04:00:00+00:00,-0.007220030703624871,0.009640950500201403,4,4
28,1,2026-04-17 00:00:00+00:00,2026-04-17 04:00:00+00:00,2026-04-18 04:00:00+00:00,-0.00043461168303482803,0.4622846912286716,4,4
28,1,2026-04-18 00:00:00+00:00,2026-04-18 04:00:00+00:00,2026-04-19 04:00:00+00:00,0.0011559404664266562,0.006664405963794737,4,4
28,1,2026-04-19 00:00:00+00:00,2026-04-19 04:00:00+00:00,2026-04-20 04:00:00+00:00,0.0015550711613637,0.30279053726192906,4,4
28,1,2026-04-20 00:00:00+00:00,2026-04-20 04:00:00+00:00,2026-04-21 04:00:00+00:00,-0.0007339143401306927,0.3015222232359621,4,4
28,1,2026-04-21 00:00:00+00:00,2026-04-21 04:00:00+00:00,2026-04-22 04:00:00+00:00,-0.003003621990867511,0.005290786600880004,4,4
28,1,2026-04-22 00:00:00+00:00,2026-04-22 04:00:00+00:00,2026-04-23 04:00:00+00:00,0.0010234651568743146,0.5469085761082667,4,4
28,1,2026-04-23 00:00:00+00:00,2026-04-23 04:00:00+00:00,2026-04-24 04:00:00+00:00,-0.0001845909113829306,0.4774191696839301,4,4
28,1,2026-04-24 00:00:00+00:00,2026-04-24 04:00:00+00:00,2026-04-25 04:00:00+00:00,-0.0025820340695235982,0.24010126360113915,4,4
28,1,2026-04-25 00:00:00+00:00,2026-04-25 04:00:00+00:00,2026-04-26 04:00:00+00:00,-2.9201226871573144e-06,0.3031135357485357,4,4
28,1,2026-04-26 00:00:00+00:00,2026-04-26 04:00:00+00:00,2026-04-27 04:00:00+00:00,0.006235794358910146,0.576573995387057,4,4
28,1,2026-04-27 00:00:00+00:00,2026-04-27 04:00:00+00:00,2026-04-28 04:00:00+00:00,-0.005511653694676571,0.3186080489490936,4,4
28,1,2026-04-28 00:00:00+00:00,2026-04-28 04:00:00+00:00,2026-04-29 04:00:00+00:00,-0.0013724375500815819,0.29794714552052787,4,4
28,1,2026-04-29 00:00:00+00:00,2026-04-29 04:00:00+00:00,2026-04-30 04:00:00+00:00,-0.004466450375756369,0.5974463907182702,4,4
28,1,2026-04-30 00:00:00+00:00,2026-04-30 04:00:00+00:00,2026-05-01 04:00:00+00:00,-0.0012775371515122132,0.3020121669451405,4,4
28,1,2026-05-01 00:00:00+00:00,2026-05-01 04:00:00+00:00,2026-05-02 04:00:00+00:00,0.00780565067951787,0.5923131131586773,4,4
28,1,2026-05-02 00:00:00+00:00,2026-05-02 04:00:00+00:00,2026-05-03 04:00:00+00:00,-0.0022678964406719626,0.5523490350405439,4,4
28,1,2026-05-03 00:00:00+00:00,2026-05-03 04:00:00+00:00,2026-05-04 04:00:00+00:00,-0.0001617789231849508,0.5521009686463285,4,4
28,1,2026-05-04 00:00:00+00:00,2026-05-04 04:00:00+00:00,2026-05-05 04:00:00+00:00,-0.004742185410780129,0.26954543509697704,4,4
28,1,2026-05-05 00:00:00+00:00,2026-05-05 04:00:00+00:00,2026-05-06 04:00:00+00:00,-0.0038810565546435792,0.01444271438323623,4,4
28,1,2026-05-06 00:00:00+00:00,2026-05-06 04:00:00+00:00,2026-05-07 04:00:00+00:00,-0.018666400711893603,0.30281252262328884,4,4
28,1,2026-05-07 00:00:00+00:00,2026-05-07 04:00:00+00:00,2026-05-08 04:00:00+00:00,-0.0030085375469439514,0.7580119434561973,4,4
28,1,2026-05-08 00:00:00+00:00,2026-05-08 04:00:00+00:00,2026-05-09 04:00:00+00:00,0.0127642295408356,0.7440800168443871,4,4
28,1,2026-05-09 00:00:00+00:00,2026-05-09 04:00:00+00:00,2026-05-10 04:00:00+00:00,-0.0064287764400722475,0.3089628825193589,4,4
28,1,2026-05-10 00:00:00+00:00,2026-05-10 04:00:00+00:00,2026-05-11 04:00:00+00:00,-0.00911683637235398,0.588422236929317,4,4
28,1,2026-05-11 00:00:00+00:00,2026-05-11 04:00:00+00:00,2026-05-12 04:00:00+00:00,0.007897095318105708,0.5998699350005108,4,4
28,1,2026-05-12 00:00:00+00:00,2026-05-12 04:00:00+00:00,2026-05-13 04:00:00+00:00,0.0001955513756111576,0.6054296257241333,4,4
28,1,2026-05-13 00:00:00+00:00,2026-05-13 04:00:00+00:00,2026-05-14 04:00:00+00:00,0.005182844190403308,0.30507267733359333,4,4
28,1,2026-05-14 00:00:00+00:00,2026-05-14 04:00:00+00:00,2026-05-15 04:00:00+00:00,-0.003891300975816704,0.5885311210820336,4,4
28,1,2026-05-15 00:00:00+00:00,2026-05-15 04:00:00+00:00,2026-05-16 04:00:00+00:00,-0.004816901278560726,0.30491297222778546,4,4
28,1,2026-05-16 00:00:00+00:00,2026-05-16 04:00:00+00:00,2026-05-17 04:00:00+00:00,0.005304792838071474,0.8318664709856238,4,4
28,1,2026-05-17 00:00:00+00:00,2026-05-17 04:00:00+00:00,2026-05-18 04:00:00+00:00,0.0004917561442282,0.8986894758667179,4,4
28,1,2026-05-18 00:00:00+00:00,2026-05-18 04:00:00+00:00,2026-05-19 04:00:00+00:00,0.015883423996476465,0.003925390051552458,4,4
28,1,2026-05-19 00:00:00+00:00,2026-05-19 04:00:00+00:00,2026-05-20 04:00:00+00:00,0.001524493990134758,0.29622822467260335,4,4
28,1,2026-05-20 00:00:00+00:00,2026-05-20 04:00:00+00:00,2026-05-21 04:00:00+00:00,0.008809572319320957,0.001976559665155961,4,4
28,1,2026-05-21 00:00:00+00:00,2026-05-21 04:00:00+00:00,2026-05-22 04:00:00+00:00,0.03069412166432323,0.29245534460859546,4,4
28,1,2026-05-22 00:00:00+00:00,2026-05-22 04:00:00+00:00,2026-05-23 04:00:00+00:00,0.005537282185273829,0.29389190889920636,4,4
28,1,2026-05-23 00:00:00+00:00,2026-05-23 04:00:00+00:00,2026-05-24 04:00:00+00:00,0.010439273035217217,0.015555415794150138,4,4
28,1,2026-05-24 00:00:00+00:00,2026-05-24 04:00:00+00:00,2026-05-25 04:00:00+00:00,0.0023536391431972625,0.30502172088475876,4,4
28,1,2026-05-25 00:00:00+00:00,2026-05-25 04:00:00+00:00,2026-05-26 04:00:00+00:00,0.024556009600770028,0.0063840754713689885,4,4
28,1,2026-05-26 00:00:00+00:00,2026-05-26 04:00:00+00:00,2026-05-27 04:00:00+00:00,-0.007448383661606833,0.012664056329180717,4,4
28,1,2026-05-27 00:00:00+00:00,2026-05-27 04:00:00+00:00,2026-05-28 04:00:00+00:00,-0.0031220060354519366,0.0028178853716716162,4,4
28,1,2026-05-28 00:00:00+00:00,2026-05-28 04:00:00+00:00,2026-05-29 04:00:00+00:00,-0.0018649017861589795,0.303572103208454,4,4
28,1,2026-05-29 00:00:00+00:00,2026-05-29 04:00:00+00:00,2026-05-30 04:00:00+00:00,0.01578928175929187,0.00515030310873292,4,4
28,1,2026-05-30 00:00:00+00:00,2026-05-30 04:00:00+00:00,2026-05-31 04:00:00+00:00,0.009035066205003835,0.28639766899209873,4,4
28,1,2026-05-31 00:00:00+00:00,2026-05-31 04:00:00+00:00,2026-06-01 04:00:00+00:00,0.0021943519713639426,0.3003024498371146,4,4
28,1,2026-06-01 00:00:00+00:00,2026-06-01 04:00:00+00:00,2026-06-02 04:00:00+00:00,0.03240142946395811,0.28186906885290547,4,4
28,1,2026-06-02 00:00:00+00:00,2026-06-02 04:00:00+00:00,2026-06-03 04:00:00+00:00,-0.0014053870299517313,0.24553776583623116,4,4
28,1,2026-06-03 00:00:00+00:00,2026-06-03 04:00:00+00:00,2026-06-04 04:00:00+00:00,0.014288512814744983,0.2270527622911711,4,4
28,1,2026-06-04 00:00:00+00:00,2026-06-04 04:00:00+00:00,2026-06-05 04:00:00+00:00,-0.03540907586618383,0.5060212167202583,4,4
28,1,2026-06-05 00:00:00+00:00,2026-06-05 04:00:00+00:00,2026-06-06 04:00:00+00:00,-0.012139845522311132,0.5060212167202583,4,4
28,1,2026-06-06 00:00:00+00:00,2026-06-06 04:00:00+00:00,2026-06-07 04:00:00+00:00,0.0012596016734897882,0.04324595360666633,4,4
28,1,2026-06-07 00:00:00+00:00,2026-06-07 04:00:00+00:00,2026-06-08 04:00:00+00:00,0.009605600973447473,0.5754563014500398,4,4
28,1,2026-06-08 00:00:00+00:00,2026-06-08 04:00:00+00:00,2026-06-09 04:00:00+00:00,-0.003312848045446151,0.556151919433818,4,4
28,1,2026-06-09 00:00:00+00:00,2026-06-09 04:00:00+00:00,2026-06-10 04:00:00+00:00,0.0056053278504439715,0.23147491838137302,4,4
28,1,2026-06-10 00:00:00+00:00,2026-06-10 04:00:00+00:00,2026-06-11 04:00:00+00:00,-0.01040242875766827,0.23507372955042508,4,4
28,1,2026-06-11 00:00:00+00:00,2026-06-11 04:00:00+00:00,2026-06-12 04:00:00+00:00,0.0043832934986495955,0.006811805296574436,4,4
28,1,2026-06-12 00:00:00+00:00,2026-06-12 04:00:00+00:00,2026-06-13 04:00:00+00:00,-0.012484388459822615,0.21878809499879487,4,4
28,1,2026-06-13 00:00:00+00:00,2026-06-13 04:00:00+00:00,2026-06-14 04:00:00+00:00,0.004844896785686459,0.0014033720866546973,4,4
28,1,2026-06-14 00:00:00+00:00,2026-06-14 04:00:00+00:00,2026-06-15 04:00:00+00:00,0.006383366705613411,0.3008424206973573,4,4
28,1,2026-06-15 00:00:00+00:00,2026-06-15 04:00:00+00:00,2026-06-16 04:00:00+00:00,0.003561616170752527,0.007775084223294343,4,4
28,1,2026-06-16 00:00:00+00:00,2026-06-16 04:00:00+00:00,2026-06-17 04:00:00+00:00,-0.007365318996696385,0.011251934717430731,4,4
28,1,2026-06-17 00:00:00+00:00,2026-06-17 04:00:00+00:00,2026-06-18 04:00:00+00:00,-0.00045061985000500234,0.5038239249931327,4,4
28,1,2026-06-18 00:00:00+00:00,2026-06-18 04:00:00+00:00,2026-06-19 04:00:00+00:00,0.0011598183313278657,0.3018921340368458,4,4
28,1,2026-06-19 00:00:00+00:00,2026-06-19 04:00:00+00:00,2026-06-20 04:00:00+00:00,0.0013207818500943162,0.009676829073077792,4,4
28,1,2026-06-20 00:00:00+00:00,2026-06-20 04:00:00+00:00,2026-06-21 04:00:00+00:00,-0.002216002350593209,0.6042190485093297,4,4
28,1,2026-06-21 00:00:00+00:00,2026-06-21 04:00:00+00:00,2026-06-22 04:00:00+00:00,-0.006994236477080685,0.30670675576364714,4,4
28,1,2026-06-22 00:00:00+00:00,2026-06-22 04:00:00+00:00,2026-06-23 04:00:00+00:00,-0.006276748237488248,0.3005878624377228,4,4
28,1,2026-06-23 00:00:00+00:00,2026-06-23 04:00:00+00:00,2026-06-24 04:00:00+00:00,-0.0050658855007286625,0.006602687294787177,4,4
28,1,2026-06-24 00:00:00+00:00,2026-06-24 04:00:00+00:00,2026-06-25 04:00:00+00:00,-0.006494744446549829,0.30103903216679695,4,4
28,1,2026-06-25 00:00:00+00:00,2026-06-25 04:00:00+00:00,2026-06-26 04:00:00+00:00,0.011186645375652508,0.2795801720725589,4,4
28,1,2026-06-26 00:00:00+00:00,2026-06-26 04:00:00+00:00,2026-06-27 04:00:00+00:00,0.002382635840034149,0.2809869723525491,4,4
28,1,2026-06-27 00:00:00+00:00,2026-06-27 04:00:00+00:00,2026-06-28 04:00:00+00:00,0.002537638523876754,0.2929352878133011,4,4
28,1,2026-06-28 00:00:00+00:00,2026-06-28 04:00:00+00:00,2026-06-29 04:00:00+00:00,0.0035034647288314843,0.86268267065227,4,4
28,1,2026-06-29 00:00:00+00:00,2026-06-29 04:00:00+00:00,2026-06-30 04:00:00+00:00,0.0013247914082299896,0.30002261216533777,4,4
28,1,2026-06-30 00:00:00+00:00,2026-06-30 04:00:00+00:00,2026-07-01 04:00:00+00:00,-0.0036460442035239366,0.002632411251416056,4,4
28,1,2026-07-01 00:00:00+00:00,2026-07-01 04:00:00+00:00,2026-07-02 04:00:00+00:00,0.0019756170500892676,0.21944423623224074,4,4
28,1,2026-07-02 00:00:00+00:00,2026-07-02 04:00:00+00:00,2026-07-03 04:00:00+00:00,-0.0076859333553615725,0.5975298282570034,4,4
28,1,2026-07-03 00:00:00+00:00,2026-07-03 04:00:00+00:00,2026-07-04 04:00:00+00:00,-0.009461020332905825,0.6,4,4
28,1,2026-07-04 00:00:00+00:00,2026-07-04 04:00:00+00:00,2026-07-05 04:00:00+00:00,0.013525002970741733,1.0896242445718118,4,4
28,1,2026-07-05 00:00:00+00:00,2026-07-05 04:00:00+00:00,2026-07-06 04:00:00+00:00,-0.010438629855394453,0.8033535583628223,4,4
28,1,2026-07-06 00:00:00+00:00,2026-07-06 04:00:00+00:00,2026-07-07 04:00:00+00:00,0.004843999252919506,0.4668817073998925,4,4
28,1,2026-07-07 00:00:00+00:00,2026-07-07 04:00:00+00:00,2026-07-08 04:00:00+00:00,-0.006567765499689765,0.3013084567700577,4,4
28,1,2026-07-08 00:00:00+00:00,2026-07-08 04:00:00+00:00,2026-07-09 04:00:00+00:00,-0.005413273977434416,0.5715714831055358,4,4
28,1,2026-07-09 00:00:00+00:00,2026-07-09 04:00:00+00:00,2026-07-10 04:00:00+00:00,0.002709362199666384,0.5701993689760942,4,4
28,1,2026-07-10 00:00:00+00:00,2026-07-10 04:00:00+00:00,2026-07-11 04:00:00+00:00,-0.0021522385078599415,0.49400177711159227,4,4
28,1,2026-07-11 00:00:00+00:00,2026-07-11 04:00:00+00:00,2026-07-12 04:00:00+00:00,0.013397350818536647,0.30065117680555054,4,4
28,1,2026-07-12 00:00:00+00:00,2026-07-12 04:00:00+00:00,2026-07-13 04:00:00+00:00,-0.00880526906682024,0.5656086361630763,4,4
28,1,2026-07-13 00:00:00+00:00,2026-07-13 04:00:00+00:00,2026-07-14 04:00:00+00:00,-0.00576760860520828,0.304543707154635,4,4
28,1,2026-07-14 00:00:00+00:00,2026-07-14 04:00:00+00:00,2026-07-15 04:00:00+00:00,0.003882700677778425,0.24862021893042796,4,4
28,1,2026-07-15 00:00:00+00:00,2026-07-15 04:00:00+00:00,2026-07-16 04:00:00+00:00,-0.00836962848071166,0.5337340954377314,4,4
28,1,2026-07-16 00:00:00+00:00,2026-07-16 04:00:00+00:00,2026-07-17 04:00:00+00:00,0.006052546386360063,0.2919889101644818,4,4
28,1,2026-07-17 00:00:00+00:00,2026-07-17 04:00:00+00:00,2026-07-18 04:00:00+00:00,0.0030837910370022626,0.5718988623290976,4,4
28,1,2026-07-18 00:00:00+00:00,2026-07-18 04:00:00+00:00,2026-07-19 04:00:00+00:00,0.004297380272251091,0.5718988623290977,4,4
28,1,2026-07-19 00:00:00+00:00,2026-07-19 04:00:00+00:00,2026-07-20 04:00:00+00:00,0.003050595448750022,0.28438298637779547,4,4
28,1,2026-07-20 00:00:00+00:00,2026-07-20 04:00:00+00:00,2026-07-21 04:00:00+00:00,2.808079132026256e-05,0.8189502842192354,4,4
28,1,2026-07-21 00:00:00+00:00,2026-07-21 04:00:00+00:00,2026-07-22 04:00:00+00:00,-0.0023888036438492978,0.22805636411673158,4,4
28,1,2026-07-22 00:00:00+00:00,2026-07-22 04:00:00+00:00,2026-07-23 04:00:00+00:00,0.00015156762435117148,0.9818742078580698,4,4
28,1,2026-07-23 00:00:00+00:00,2026-07-23 04:00:00+00:00,2026-07-24 04:00:00+00:00,0.004334581414499798,0.520124936577594,4,4
28,1,2026-07-24 00:00:00+00:00,2026-07-24 04:00:00+00:00,2026-07-25 04:00:00+00:00,0.003668735521430467,0.31149202150162303,4,4
28,1,2026-07-25 00:00:00+00:00,2026-07-25 04:00:00+00:00,2026-07-26 04:00:00+00:00,-0.01488571013340701,0.2312795277355593,4,4
28,1,2026-07-26 00:00:00+00:00,2026-07-26 04:00:00+00:00,2026-07-27 04:00:00+00:00,0.007644684296071502,0.5314555663757409,4,4
28,1,2026-07-27 00:00:00+00:00,2026-07-27 04:00:00+00:00,2026-07-28 04:00:00+00:00,0.011163091428073148,0.22920410590758084,4,4
28,1,2026-07-28 00:00:00+00:00,2026-07-28 04:00:00+00:00,2026-07-29 04:00:00+00:00,0.006256765227992308,0.012738921019922758,4,4
28,1,2026-07-29 00:00:00+00:00,2026-07-29 04:00:00+00:00,2026-07-30 04:00:00+00:00,-0.005106581635907314,0.29030837467939014,4,4
28,1,2026-07-30 00:00:00+00:00,2026-07-30 04:00:00+00:00,2026-07-31 04:00:00+00:00,-0.0002669434983760483,1.0127644129142723,4,4
28,7,2024-04-01 00:00:00+00:00,2024-04-01 04:00:00+00:00,2024-04-08 04:00:00+00:00,0.007032342049607133,1.0,4,4
28,7,2024-04-08 00:00:00+00:00,2024-04-08 04:00:00+00:00,2024-04-15 04:00:00+00:00,0.05174164847606235,0.7461627886152151,4,4
28,7,2024-04-15 00:00:00+00:00,2024-04-15 04:00:00+00:00,2024-04-22 04:00:00+00:00,-0.027169955516108145,0.9637221206745282,4,4
28,7,2024-04-22 00:00:00+00:00,2024-04-22 04:00:00+00:00,2024-04-29 04:00:00+00:00,0.03550476641004688,0.40744295901075755,4,4
28,7,2024-04-29 00:00:00+00:00,2024-04-29 04:00:00+00:00,2024-05-06 04:00:00+00:00,-0.022872052723451317,1.022336678332096,4,4
28,7,2024-05-06 00:00:00+00:00,2024-05-06 04:00:00+00:00,2024-05-13 04:00:00+00:00,-0.0023624201549130967,1.0182304022146922,4,4
28,7,2024-05-13 00:00:00+00:00,2024-05-13 04:00:00+00:00,2024-05-20 04:00:00+00:00,-0.012232522059589033,1.0936480377752797,4,4
28,7,2024-05-20 00:00:00+00:00,2024-05-20 04:00:00+00:00,2024-05-27 04:00:00+00:00,-0.04412156100905691,1.6167620303515655,4,4
28,7,2024-05-27 00:00:00+00:00,2024-05-27 04:00:00+00:00,2024-06-03 04:00:00+00:00,0.011733497239462674,0.7396378697081327,4,4
28,7,2024-06-03 00:00:00+00:00,2024-06-03 04:00:00+00:00,2024-06-10 04:00:00+00:00,0.0003954144575796974,0.8510397858099512,4,4
28,7,2024-06-10 00:00:00+00:00,2024-06-10 04:00:00+00:00,2024-06-17 04:00:00+00:00,0.010073856951750386,0.5497095495279742,4,4
28,7,2024-06-17 00:00:00+00:00,2024-06-17 04:00:00+00:00,2024-06-24 04:00:00+00:00,0.020288842562192426,0.7424122995807468,4,4
28,7,2024-06-24 00:00:00+00:00,2024-06-24 04:00:00+00:00,2024-07-01 04:00:00+00:00,-0.021021099536149897,0.8163985959222444,4,4
28,7,2024-07-01 00:00:00+00:00,2024-07-01 04:00:00+00:00,2024-07-08 04:00:00+00:00,0.007889919640720843,1.0809141758365448,4,4
28,7,2024-07-08 00:00:00+00:00,2024-07-08 04:00:00+00:00,2024-07-15 04:00:00+00:00,0.02457129281805568,1.7,4,4
28,7,2024-07-15 00:00:00+00:00,2024-07-15 04:00:00+00:00,2024-07-22 04:00:00+00:00,0.02021643969150943,0.38775827549817876,4,4
28,7,2024-07-22 00:00:00+00:00,2024-07-22 04:00:00+00:00,2024-07-29 04:00:00+00:00,0.010441470909439091,0.5774808421692714,4,4
28,7,2024-07-29 00:00:00+00:00,2024-07-29 04:00:00+00:00,2024-08-05 04:00:00+00:00,0.0018343435399479704,0.5780281445733725,4,4
28,7,2024-08-05 00:00:00+00:00,2024-08-05 04:00:00+00:00,2024-08-12 04:00:00+00:00,0.013116000159918036,0.8651257621686005,4,4
28,7,2024-08-12 00:00:00+00:00,2024-08-12 04:00:00+00:00,2024-08-19 04:00:00+00:00,0.0002842664969562158,0.7822108809890875,4,4
28,7,2024-08-19 00:00:00+00:00,2024-08-19 04:00:00+00:00,2024-08-26 04:00:00+00:00,-0.06148218620024702,0.8032644323026614,4,4
28,7,2024-08-26 00:00:00+00:00,2024-08-26 04:00:00+00:00,2024-09-02 04:00:00+00:00,0.003933679730290584,0.9966434341767296,4,4
28,7,2024-09-02 00:00:00+00:00,2024-09-02 04:00:00+00:00,2024-09-09 04:00:00+00:00,-0.007472147138426644,0.4907441137551555,4,4
28,7,2024-09-09 00:00:00+00:00,2024-09-09 04:00:00+00:00,2024-09-16 04:00:00+00:00,-0.0069569274925870665,1.2851897595804367,4,4
28,7,2024-09-16 00:00:00+00:00,2024-09-16 04:00:00+00:00,2024-09-23 04:00:00+00:00,0.0017525448583027119,0.86746210700299,4,4
28,7,2024-09-23 00:00:00+00:00,2024-09-23 04:00:00+00:00,2024-09-30 04:00:00+00:00,-0.018769566421474683,1.0479375107850322,4,4
28,7,2024-09-30 00:00:00+00:00,2024-09-30 04:00:00+00:00,2024-10-07 04:00:00+00:00,0.004985787499324119,1.3479375107850324,4,4
28,7,2024-10-07 00:00:00+00:00,2024-10-07 04:00:00+00:00,2024-10-14 04:00:00+00:00,0.004666962383714533,1.5490902402253024,4,4
28,7,2024-10-14 00:00:00+00:00,2024-10-14 04:00:00+00:00,2024-10-21 04:00:00+00:00,-0.02702364251686984,1.033295920460319,4,4
28,7,2024-10-21 00:00:00+00:00,2024-10-21 04:00:00+00:00,2024-10-28 04:00:00+00:00,0.04658472431405595,0.9664292106244108,4,4
28,7,2024-10-28 00:00:00+00:00,2024-10-28 04:00:00+00:00,2024-11-04 04:00:00+00:00,0.010627119158769838,0.2527104129320528,4,4
28,7,2024-11-04 00:00:00+00:00,2024-11-04 04:00:00+00:00,2024-11-11 04:00:00+00:00,-0.02766780924709338,0.5982685387827049,4,4
28,7,2024-11-11 00:00:00+00:00,2024-11-11 04:00:00+00:00,2024-11-18 04:00:00+00:00,-0.07561818789384717,1.0700784464435442,4,4
28,7,2024-11-18 00:00:00+00:00,2024-11-18 04:00:00+00:00,2024-11-25 04:00:00+00:00,0.038248481815386134,0.8551779013803678,4,4
28,7,2024-11-25 00:00:00+00:00,2024-11-25 04:00:00+00:00,2024-12-02 04:00:00+00:00,0.09094048644524258,0.058968237016550185,4,4
28,7,2024-12-02 00:00:00+00:00,2024-12-02 04:00:00+00:00,2024-12-09 04:00:00+00:00,-0.015722267698170853,0.8426819850960073,4,4
28,7,2024-12-09 00:00:00+00:00,2024-12-09 04:00:00+00:00,2024-12-16 04:00:00+00:00,-0.020001779463293616,0.2769412341130425,4,4
28,7,2024-12-16 00:00:00+00:00,2024-12-16 04:00:00+00:00,2024-12-23 04:00:00+00:00,0.017645821777252144,1.2903556198764603,4,4
28,7,2024-12-23 00:00:00+00:00,2024-12-23 04:00:00+00:00,2024-12-30 04:00:00+00:00,-0.014070293648203095,0.5875500284042602,4,4
28,7,2024-12-30 00:00:00+00:00,2024-12-30 04:00:00+00:00,2025-01-06 04:00:00+00:00,-0.04531855367005054,0.2547730757955173,4,4
28,7,2025-01-06 00:00:00+00:00,2025-01-06 04:00:00+00:00,2025-01-13 04:00:00+00:00,0.06503791745686413,0.8430089961182287,4,4
28,7,2025-01-13 00:00:00+00:00,2025-01-13 04:00:00+00:00,2025-01-20 04:00:00+00:00,0.020775301543313206,1.2145827390334194,4,4
28,7,2025-01-20 00:00:00+00:00,2025-01-20 04:00:00+00:00,2025-01-27 04:00:00+00:00,-0.00970204174137719,1.024223411059758,4,4
28,7,2025-01-27 00:00:00+00:00,2025-01-27 04:00:00+00:00,2025-02-03 04:00:00+00:00,0.06919240064786236,1.0895161487528036,4,4
28,7,2025-02-03 00:00:00+00:00,2025-02-03 04:00:00+00:00,2025-02-10 04:00:00+00:00,-0.0004822873711688089,0.5329992413633771,4,4
28,7,2025-02-10 00:00:00+00:00,2025-02-10 04:00:00+00:00,2025-02-17 04:00:00+00:00,-0.006316661050101504,0.5031168888976831,4,4
28,7,2025-02-17 00:00:00+00:00,2025-02-17 04:00:00+00:00,2025-02-24 04:00:00+00:00,0.0001725493490223615,0.30802096467995266,4,4
28,7,2025-02-24 00:00:00+00:00,2025-02-24 04:00:00+00:00,2025-03-03 04:00:00+00:00,0.050947612971595294,1.0654144474028406,4,4
28,7,2025-03-03 00:00:00+00:00,2025-03-03 04:00:00+00:00,2025-03-10 04:00:00+00:00,0.0009517960320655459,0.5895897368325222,4,4
28,7,2025-03-10 00:00:00+00:00,2025-03-10 04:00:00+00:00,2025-03-17 04:00:00+00:00,0.008112294736188803,0.798223335914573,4,4
28,7,2025-03-17 00:00:00+00:00,2025-03-17 04:00:00+00:00,2025-03-24 04:00:00+00:00,0.0022225819748535316,0.8657517506788983,4,4
28,7,2025-03-24 00:00:00+00:00,2025-03-24 04:00:00+00:00,2025-03-31 04:00:00+00:00,0.000882054578428406,0.01843483121350195,4,4
28,7,2025-03-31 00:00:00+00:00,2025-03-31 04:00:00+00:00,2025-04-07 04:00:00+00:00,0.04598881859962799,0.5717187817366838,4,4
28,7,2025-04-07 00:00:00+00:00,2025-04-07 04:00:00+00:00,2025-04-14 04:00:00+00:00,-0.01885225308653594,0.49612372264766036,4,4
28,7,2025-04-14 00:00:00+00:00,2025-04-14 04:00:00+00:00,2025-04-21 04:00:00+00:00,-0.0058971068036485705,0.7549427955550545,4,4
28,7,2025-04-21 00:00:00+00:00,2025-04-21 04:00:00+00:00,2025-04-28 04:00:00+00:00,-0.0020914740675446646,0.5436263978558299,4,4
28,7,2025-04-28 00:00:00+00:00,2025-04-28 04:00:00+00:00,2025-05-05 04:00:00+00:00,-0.0073179743178858805,0.798589888428645,4,4
28,7,2025-05-05 00:00:00+00:00,2025-05-05 04:00:00+00:00,2025-05-12 04:00:00+00:00,-0.035666810293370835,0.5694139123878872,4,4
28,7,2025-05-12 00:00:00+00:00,2025-05-12 04:00:00+00:00,2025-05-19 04:00:00+00:00,-0.009918200739388212,1.4888849277695444,4,4
28,7,2025-05-19 00:00:00+00:00,2025-05-19 04:00:00+00:00,2025-05-26 04:00:00+00:00,0.012260201939908682,0.8070511933129003,4,4
28,7,2025-05-26 00:00:00+00:00,2025-05-26 04:00:00+00:00,2025-06-02 04:00:00+00:00,0.04037314215040366,0.5623409944295553,4,4
28,7,2025-06-02 00:00:00+00:00,2025-06-02 04:00:00+00:00,2025-06-09 04:00:00+00:00,0.019819785732832447,0.5397029281112764,4,4
28,7,2025-06-09 00:00:00+00:00,2025-06-09 04:00:00+00:00,2025-06-16 04:00:00+00:00,0.011357809982466487,0.5524702735100546,4,4
28,7,2025-06-16 00:00:00+00:00,2025-06-16 04:00:00+00:00,2025-06-23 04:00:00+00:00,0.028451091338821278,0.7355019510607168,4,4
28,7,2025-06-23 00:00:00+00:00,2025-06-23 04:00:00+00:00,2025-06-30 04:00:00+00:00,-0.009664735240286455,0.7351654768815727,4,4
28,7,2025-06-30 00:00:00+00:00,2025-06-30 04:00:00+00:00,2025-07-07 04:00:00+00:00,-0.0027607350023389366,0.4768727417319554,4,4
28,7,2025-07-07 00:00:00+00:00,2025-07-07 04:00:00+00:00,2025-07-14 04:00:00+00:00,-0.04688437279224545,0.7068158312678839,4,4
28,7,2025-07-14 00:00:00+00:00,2025-07-14 04:00:00+00:00,2025-07-21 04:00:00+00:00,-0.0005326290648582574,0.8784984691024185,4,4
28,7,2025-07-21 00:00:00+00:00,2025-07-21 04:00:00+00:00,2025-07-28 04:00:00+00:00,-0.011769618951612396,0.8856137286685986,4,4
28,7,2025-07-28 00:00:00+00:00,2025-07-28 04:00:00+00:00,2025-08-04 04:00:00+00:00,0.005846049395909377,0.6879921801635718,4,4
28,7,2025-08-04 00:00:00+00:00,2025-08-04 04:00:00+00:00,2025-08-11 04:00:00+00:00,-0.009970959323295484,0.4823317803462856,4,4
28,7,2025-08-11 00:00:00+00:00,2025-08-11 04:00:00+00:00,2025-08-18 04:00:00+00:00,0.025756884042548774,0.7243870080269228,4,4
28,7,2025-08-18 00:00:00+00:00,2025-08-18 04:00:00+00:00,2025-08-25 04:00:00+00:00,0.014051512762610685,0.9569303057736522,4,4
28,7,2025-08-25 00:00:00+00:00,2025-08-25 04:00:00+00:00,2025-09-01 04:00:00+00:00,-0.0010797475829809663,0.7210352013244423,4,4
28,7,2025-09-01 00:00:00+00:00,2025-09-01 04:00:00+00:00,2025-09-08 04:00:00+00:00,-0.022229990664194503,0.24744184467070213,4,4
28,7,2025-09-08 00:00:00+00:00,2025-09-08 04:00:00+00:00,2025-09-15 04:00:00+00:00,0.017510146776076596,0.5251525604119966,4,4
28,7,2025-09-15 00:00:00+00:00,2025-09-15 04:00:00+00:00,2025-09-22 04:00:00+00:00,0.026905187585243885,0.9451066122368325,4,4
28,7,2025-09-22 00:00:00+00:00,2025-09-22 04:00:00+00:00,2025-09-29 04:00:00+00:00,-0.005165133500971629,1.0367178010218314,4,4
28,7,2025-09-29 00:00:00+00:00,2025-09-29 04:00:00+00:00,2025-10-06 04:00:00+00:00,0.016078625923697333,0.2752905759962102,4,4
28,7,2025-10-06 00:00:00+00:00,2025-10-06 04:00:00+00:00,2025-10-13 04:00:00+00:00,0.08434232585409346,0.8200516028271688,4,4
28,7,2025-10-13 00:00:00+00:00,2025-10-13 04:00:00+00:00,2025-10-20 04:00:00+00:00,-0.01457315998120568,1.024904531108556,4,4
28,7,2025-10-20 00:00:00+00:00,2025-10-20 04:00:00+00:00,2025-10-27 04:00:00+00:00,0.003797175292709144,0.9,4,4
28,7,2025-10-27 00:00:00+00:00,2025-10-27 04:00:00+00:00,2025-11-03 04:00:00+00:00,0.02393932633235414,0.2385391117774215,4,4
28,7,2025-11-03 00:00:00+00:00,2025-11-03 04:00:00+00:00,2025-11-10 04:00:00+00:00,-0.016189406830372382,0.8226279452107816,4,4
28,7,2025-11-10 00:00:00+00:00,2025-11-10 04:00:00+00:00,2025-11-17 04:00:00+00:00,-0.02132282267337069,1.1274374770665272,4,4
28,7,2025-11-17 00:00:00+00:00,2025-11-17 04:00:00+00:00,2025-11-24 04:00:00+00:00,-0.013798918867767088,0.5609774423979761,4,4
28,7,2025-11-24 00:00:00+00:00,2025-11-24 04:00:00+00:00,2025-12-01 04:00:00+00:00,-0.02372365804637904,0.5870603787964352,4,4
28,7,2025-12-01 00:00:00+00:00,2025-12-01 04:00:00+00:00,2025-12-08 04:00:00+00:00,-0.022000467364546767,0.3023390699247924,4,4
28,7,2025-12-08 00:00:00+00:00,2025-12-08 04:00:00+00:00,2025-12-15 04:00:00+00:00,0.016530138838600265,1.5471905239269428,4,4
28,7,2025-12-15 00:00:00+00:00,2025-12-15 04:00:00+00:00,2025-12-22 04:00:00+00:00,0.0049145066785924,0.5448124330397545,4,4
28,7,2025-12-22 00:00:00+00:00,2025-12-22 04:00:00+00:00,2025-12-29 04:00:00+00:00,-0.013033762810824235,0.8461421034980088,4,4
28,7,2025-12-29 00:00:00+00:00,2025-12-29 04:00:00+00:00,2026-01-05 04:00:00+00:00,-0.044801251716519996,0.5841536080596909,4,4
28,7,2026-01-05 00:00:00+00:00,2026-01-05 04:00:00+00:00,2026-01-12 04:00:00+00:00,-0.005201796187712362,1.290530464004484,4,4
28,7,2026-01-12 00:00:00+00:00,2026-01-12 04:00:00+00:00,2026-01-19 04:00:00+00:00,0.006710947167917042,1.0197488315939989,4,4
28,7,2026-01-19 00:00:00+00:00,2026-01-19 04:00:00+00:00,2026-01-26 04:00:00+00:00,-0.018622668428484028,1.2335244138619912,4,4
28,7,2026-01-26 00:00:00+00:00,2026-01-26 04:00:00+00:00,2026-02-02 04:00:00+00:00,0.0010109243994305128,0.7503105553997076,4,4
28,7,2026-02-02 00:00:00+00:00,2026-02-02 04:00:00+00:00,2026-02-09 04:00:00+00:00,-0.029497831097430392,1.0533498722876558,4,4
28,7,2026-02-09 00:00:00+00:00,2026-02-09 04:00:00+00:00,2026-02-16 04:00:00+00:00,0.014665472272832625,1.093173494360968,4,4
28,7,2026-02-16 00:00:00+00:00,2026-02-16 04:00:00+00:00,2026-02-23 04:00:00+00:00,0.005485597068573302,1.046062669652976,4,4
28,7,2026-02-23 00:00:00+00:00,2026-02-23 04:00:00+00:00,2026-03-02 04:00:00+00:00,-0.038578505756881314,0.5343770482799983,4,4
28,7,2026-03-02 00:00:00+00:00,2026-03-02 04:00:00+00:00,2026-03-09 04:00:00+00:00,-0.004594181839019662,0.764069484902842,4,4
28,7,2026-03-09 00:00:00+00:00,2026-03-09 04:00:00+00:00,2026-03-16 04:00:00+00:00,-0.006117436865873538,1.1748577119714572,4,4
28,7,2026-03-16 00:00:00+00:00,2026-03-16 04:00:00+00:00,2026-03-23 04:00:00+00:00,0.0076893807436337475,1.0804739862343118,4,4
28,7,2026-03-23 00:00:00+00:00,2026-03-23 04:00:00+00:00,2026-03-30 04:00:00+00:00,-0.0033271797333456234,1.1107002476704635,4,4
28,7,2026-03-30 00:00:00+00:00,2026-03-30 04:00:00+00:00,2026-04-06 04:00:00+00:00,-0.0068543304537548155,1.1597971239380271,4,4
28,7,2026-04-06 00:00:00+00:00,2026-04-06 04:00:00+00:00,2026-04-13 04:00:00+00:00,-0.01196406655621366,0.8967349998869795,4,4
28,7,2026-04-13 00:00:00+00:00,2026-04-13 04:00:00+00:00,2026-04-20 04:00:00+00:00,-0.0063933333198194124,1.007796670241461,4,4
28,7,2026-04-20 00:00:00+00:00,2026-04-20 04:00:00+00:00,2026-04-27 04:00:00+00:00,0.024527545595479715,0.7329084232874888,4,4
28,7,2026-04-27 00:00:00+00:00,2026-04-27 04:00:00+00:00,2026-05-04 04:00:00+00:00,-0.01434354485463559,0.5103143980658018,4,4
28,7,2026-05-04 00:00:00+00:00,2026-05-04 04:00:00+00:00,2026-05-11 04:00:00+00:00,-0.03308015751571056,0.8348154387554414,4,4
28,7,2026-05-11 00:00:00+00:00,2026-05-11 04:00:00+00:00,2026-05-18 04:00:00+00:00,0.0059009448479183935,1.2811452125001135,4,4
28,7,2026-05-18 00:00:00+00:00,2026-05-18 04:00:00+00:00,2026-05-25 04:00:00+00:00,0.08319740312837563,1.132031112635223,4,4
28,7,2026-05-25 00:00:00+00:00,2026-05-25 04:00:00+00:00,2026-06-01 04:00:00+00:00,0.03892897949140504,0.6098323523412736,4,4
28,7,2026-06-01 00:00:00+00:00,2026-06-01 04:00:00+00:00,2026-06-08 04:00:00+00:00,0.00216693232224675,0.8693235790361284,4,4
28,7,2026-06-08 00:00:00+00:00,2026-06-08 04:00:00+00:00,2026-06-15 04:00:00+00:00,-0.010494223676418044,0.508685744300071,4,4
28,7,2026-06-15 00:00:00+00:00,2026-06-15 04:00:00+00:00,2026-06-22 04:00:00+00:00,-0.020349599115768564,0.5188274644772307,4,4
28,7,2026-06-22 00:00:00+00:00,2026-06-22 04:00:00+00:00,2026-06-29 04:00:00+00:00,-0.0037959643970032608,0.815295092869086,4,4
28,7,2026-06-29 00:00:00+00:00,2026-06-29 04:00:00+00:00,2026-07-06 04:00:00+00:00,-0.016554200614384416,0.9000000000000001,4,4
28,7,2026-07-06 00:00:00+00:00,2026-07-06 04:00:00+00:00,2026-07-13 04:00:00+00:00,-0.03081955486059862,0.976828652599975,4,4
28,7,2026-07-13 00:00:00+00:00,2026-07-13 04:00:00+00:00,2026-07-20 04:00:00+00:00,-0.007050204447659813,0.8727281677153753,4,4
28,7,2026-07-20 00:00:00+00:00,2026-07-20 04:00:00+00:00,2026-07-27 04:00:00+00:00,0.012388359811657368,2.313035148396675,4,4
