hypothesis,year,horizon,minutes,feature,bucket,cost,samples,mean_return,median_return,win_rate,profit_factor,q10,q90
DOWN_REVERSAL_LONG,2024,6,30,abs_return_z,Q1,0.0,1626,0.0001725775567108584,0.0003238609450779,0.5276752767527675,1.0765224514342118,-0.00686801236990145,0.00706656176677895
DOWN_REVERSAL_LONG,2024,6,30,abs_return_z,Q1,0.0002,1626,-2.7422443289141528e-05,0.0001238609450779,0.509840098400984,0.9883392798985647,-0.00706801236990145,0.00686656176677895
DOWN_REVERSAL_LONG,2024,6,30,abs_return_z,Q1,0.0004,1626,-0.0002274224432891416,-7.613905492210001e-05,0.49384993849938497,0.9072267851720767,-0.0072680123699014505,0.00666656176677895
DOWN_REVERSAL_LONG,2024,6,30,abs_return_z,Q2,0.0,1574,-0.00018431220859770848,0.00024715772923265,0.5203303684879288,0.9262334059107135,-0.00767434765137782,0.006879048682995582
DOWN_REVERSAL_LONG,2024,6,30,abs_return_z,Q2,0.0002,1574,-0.0003843122085977084,4.7157729232649996e-05,0.5025412960609911,0.8519763371211523,-0.00787434765137782,0.006679048682995583
DOWN_REVERSAL_LONG,2024,6,30,abs_return_z,Q2,0.0004,1574,-0.0005843122085977085,-0.00015284227076735,0.48538754764930114,0.7833789006008051,-0.00807434765137782,0.006479048682995582
DOWN_REVERSAL_LONG,2024,6,30,abs_return_z,Q3,0.0,1528,-0.0003583432063325497,0.00025941946399725,0.5170157068062827,0.8686951375090936,-0.008310607788461878,0.007229517128375759
DOWN_REVERSAL_LONG,2024,6,30,abs_return_z,Q3,0.0002,1528,-0.0005583432063325497,5.941946399724997e-05,0.5032722513089005,0.8024823833102938,-0.008510607788461879,0.0070295171283757596
DOWN_REVERSAL_LONG,2024,6,30,abs_return_z,Q3,0.0004,1528,-0.0007583432063325499,-0.00014058053600275004,0.487565445026178,0.7409774433869596,-0.008710607788461878,0.006829517128375759
DOWN_REVERSAL_LONG,2024,6,30,abs_return_z,Q4,0.0,1584,0.0007382373186496856,0.0009387336075421999,0.5650252525252525,1.2633482573029438,-0.00857283672822022,0.00987488615602344
DOWN_REVERSAL_LONG,2024,6,30,abs_return_z,Q4,0.0002,1584,0.0005382373186496856,0.0007387336075422,0.55239898989899,1.1861474453482534,-0.008772836728220221,0.00967488615602344
DOWN_REVERSAL_LONG,2024,6,30,abs_return_z,Q4,0.0004,1584,0.0003382373186496856,0.0005387336075421999,0.5353535353535354,1.113403742219321,-0.00897283672822022,0.00947488615602344
DOWN_REVERSAL_LONG,2025,6,30,abs_return_z,Q1,0.0,1688,-0.0001331644315138852,0.00021865594474705,0.523696682464455,0.9443784279668515,-0.00714291077731299,0.0066016266465048394
DOWN_REVERSAL_LONG,2025,6,30,abs_return_z,Q1,0.0002,1688,-0.0003331644315138852,1.865594474704999e-05,0.5011848341232228,0.866288983226486,-0.007342910777312989,0.00640162664650484
DOWN_REVERSAL_LONG,2025,6,30,abs_return_z,Q1,0.0004,1688,-0.0005331644315138853,-0.00018134405525295,0.4792654028436019,0.7943993472879293,-0.00754291077731299,0.006201626646504839
DOWN_REVERSAL_LONG,2025,6,30,abs_return_z,Q2,0.0,1558,-0.0001921460219187928,6.209435381243633e-05,0.5044929396662388,0.9161065204147514,-0.00696934922961301,0.006520592940843907
DOWN_REVERSAL_LONG,2025,6,30,abs_return_z,Q2,0.0002,1558,-0.0003921460219187928,-0.00013790564618756368,0.4871630295250321,0.8359963600978043,-0.007169349229613009,0.006320592940843907
DOWN_REVERSAL_LONG,2025,6,30,abs_return_z,Q2,0.0004,1558,-0.0005921460219187927,-0.0003379056461875637,0.4711168164313222,0.762712861174629,-0.00736934922961301,0.0061205929408439065
DOWN_REVERSAL_LONG,2025,6,30,abs_return_z,Q3,0.0,1539,0.00015178808571730495,0.0002052030370049,0.52046783625731,1.0627174165920408,-0.007294962299729899,0.007373616112281721
DOWN_REVERSAL_LONG,2025,6,30,abs_return_z,Q3,0.0002,1539,-4.821191428269501e-05,5.203037004899996e-06,0.5003248862897985,0.9808565307045392,-0.007494962299729899,0.007173616112281721
DOWN_REVERSAL_LONG,2025,6,30,abs_return_z,Q3,0.0004,1539,-0.00024821191428269504,-0.0001947969629951,0.47823261858349575,0.9052797718635753,-0.007694962299729899,0.006973616112281721
DOWN_REVERSAL_LONG,2025,6,30,abs_return_z,Q4,0.0,1499,-2.2174949983155625e-05,0.0003623626041791,0.5290193462308206,0.992927378025202,-0.009500812765348018,0.00897508601864232
DOWN_REVERSAL_LONG,2025,6,30,abs_return_z,Q4,0.0002,1499,-0.0002221749499831555,0.0001623626041791,0.5163442294863242,0.9312367130450172,-0.009700812765348019,0.00877508601864232
DOWN_REVERSAL_LONG,2025,6,30,abs_return_z,Q4,0.0004,1499,-0.00042217494998315566,-3.7637395820900015e-05,0.4983322214809873,0.8732051288038987,-0.009900812765348018,0.008575086018642321
DOWN_REVERSAL_LONG,2026,6,30,abs_return_z,Q1,0.0,790,0.00023290050273513786,0.0004292216647434,0.5594936708860759,1.148722083464419,-0.004852962365042689,0.005320999698768281
DOWN_REVERSAL_LONG,2026,6,30,abs_return_z,Q1,0.0002,790,3.290050273513786e-05,0.0002292216647434,0.5354430379746835,1.0198598461815653,-0.005052962365042689,0.005120999698768281
DOWN_REVERSAL_LONG,2026,6,30,abs_return_z,Q1,0.0004,790,-0.00016709949726486213,2.9221664743399984e-05,0.5050632911392405,0.9046571634077889,-0.0052529623650426896,0.004920999698768281
DOWN_REVERSAL_LONG,2026,6,30,abs_return_z,Q2,0.0,972,0.0001684107562458377,0.000329454362331,0.5493827160493827,1.0996700316572579,-0.00539166634178822,0.00557536530799762
DOWN_REVERSAL_LONG,2026,6,30,abs_return_z,Q2,0.0002,972,-3.1589243754162286e-05,0.00012945436233099999,0.5154320987654321,0.982283975083478,-0.00559166634178822,0.0053753653079976205
DOWN_REVERSAL_LONG,2026,6,30,abs_return_z,Q2,0.0004,972,-0.00023158924375416234,-7.054563766900002e-05,0.49176954732510286,0.8769752288486473,-0.00579166634178822,0.00517536530799762
DOWN_REVERSAL_LONG,2026,6,30,abs_return_z,Q3,0.0,1037,0.00012206977132309621,0.0006817826426894,0.5670202507232401,1.0660172615423906,-0.00587072980341038,0.00578647315540022
DOWN_REVERSAL_LONG,2026,6,30,abs_return_z,Q3,0.0002,1037,-7.793022867690378e-05,0.0004817826426894,0.5467695274831244,0.9597763812006965,-0.006070729803410379,0.00558647315540022
DOWN_REVERSAL_LONG,2026,6,30,abs_return_z,Q3,0.0004,1037,-0.0002779302286769038,0.00028178264268939997,0.5265188042430087,0.863149510432738,-0.00627072980341038,0.00538647315540022
DOWN_REVERSAL_LONG,2026,6,30,abs_return_z,Q4,0.0,1021,-0.00048322649674644846,3.163555836760423e-05,0.5024485798237023,0.8155719925854384,-0.0082748481371658,0.00641230980437
DOWN_REVERSAL_LONG,2026,6,30,abs_return_z,Q4,0.0002,1021,-0.0006832264967464485,-0.00016836444163239578,0.48188050930460335,0.7489828189783856,-0.008474848137165801,0.00621230980437
DOWN_REVERSAL_LONG,2026,6,30,abs_return_z,Q4,0.0004,1021,-0.0008832264967464484,-0.0003683644416323958,0.4720861900097943,0.687504626378338,-0.0086748481371658,0.00601230980437
DOWN_REVERSAL_LONG,2024,6,30,range_ratio,Q1,0.0,1679,-0.00022606994082056291,0.0001764671280954,0.5134008338296605,0.9044425023624056,-0.00714093241183682,0.006213439586624901
DOWN_REVERSAL_LONG,2024,6,30,range_ratio,Q1,0.0002,1679,-0.0004260699408205628,-2.3532871904599997e-05,0.49791542584871945,0.8271321960130258,-0.0073409324118368195,0.006013439586624901
DOWN_REVERSAL_LONG,2024,6,30,range_ratio,Q1,0.0004,1679,-0.0006260699408205629,-0.0002235328719046,0.4794520547945205,0.7560921641681267,-0.00754093241183682,0.005813439586624901
DOWN_REVERSAL_LONG,2024,6,30,range_ratio,Q2,0.0,1599,-4.209928461266991e-06,0.0004864838568441,0.5428392745465916,0.9982554465332106,-0.007535720724954879,0.007305263397402461
DOWN_REVERSAL_LONG,2024,6,30,range_ratio,Q2,0.0002,1599,-0.000204209928461267,0.00028648385684410004,0.5228267667292058,0.9185304149558723,-0.007735720724954879,0.007105263397402461
DOWN_REVERSAL_LONG,2024,6,30,range_ratio,Q2,0.0004,1599,-0.00040420992846126706,8.64838568441e-05,0.5078173858661663,0.8447546915541255,-0.00793572072495488,0.006905263397402461
DOWN_REVERSAL_LONG,2024,6,30,range_ratio,Q3,0.0,1544,3.961546648185414e-05,0.000324070313186,0.5252590673575129,1.0159485238799264,-0.00781652887339069,0.007474321164013221
DOWN_REVERSAL_LONG,2024,6,30,range_ratio,Q3,0.0002,1544,-0.00016038453351814575,0.00012407031318599997,0.5103626943005182,0.9378438307646929,-0.00801652887339069,0.007274321164013222
DOWN_REVERSAL_LONG,2024,6,30,range_ratio,Q3,0.0004,1544,-0.00036038453351814584,-7.592968681400004e-05,0.49222797927461137,0.8655272737765495,-0.008216528873390689,0.007074321164013221
DOWN_REVERSAL_LONG,2024,6,30,range_ratio,Q4,0.0,1490,0.0006291677921767362,0.00084825230233615,0.5510067114093959,1.206299630702835,-0.00893992830280137,0.009987116517280075
DOWN_REVERSAL_LONG,2024,6,30,range_ratio,Q4,0.0002,1490,0.00042916779217673626,0.00064825230233615,0.5395973154362416,1.1366513302393844,-0.009139928302801371,0.009787116517280075
DOWN_REVERSAL_LONG,2024,6,30,range_ratio,Q4,0.0004,1490,0.00022916779217673614,0.00044825230233615,0.525503355704698,1.070861154513178,-0.00933992830280137,0.009587116517280076
DOWN_REVERSAL_LONG,2025,6,30,range_ratio,Q1,0.0,1704,-0.0001244333643348035,3.316101410255623e-05,0.5017605633802817,0.9383597612014831,-0.006283251628910669,0.005940088446442612
DOWN_REVERSAL_LONG,2025,6,30,range_ratio,Q1,0.0002,1704,-0.0003244333643348035,-0.00016683898589744378,0.477112676056338,0.8470072227234874,-0.006483251628910669,0.005740088446442612
DOWN_REVERSAL_LONG,2025,6,30,range_ratio,Q1,0.0004,1704,-0.0005244333643348036,-0.0003668389858974438,0.4642018779342723,0.7644232485739153,-0.0066832516289106695,0.0055400884464426115
DOWN_REVERSAL_LONG,2025,6,30,range_ratio,Q2,0.0,1559,-0.00011986066098875415,0.0002290600900969,0.5246953175112251,0.9504336701478606,-0.00740901813636948,0.006599363389461001
DOWN_REVERSAL_LONG,2025,6,30,range_ratio,Q2,0.0002,1559,-0.00031986066098875406,2.906009009689999e-05,0.5067350865939705,0.8728342752889607,-0.0076090181363694795,0.006399363389461002
DOWN_REVERSAL_LONG,2025,6,30,range_ratio,Q2,0.0004,1559,-0.0005198606609887542,-0.00017093990990310002,0.4759461193072482,0.8013665414313017,-0.00780901813636948,0.006199363389461001
DOWN_REVERSAL_LONG,2025,6,30,range_ratio,Q3,0.0,1510,-1.0400219090062536e-05,0.0003542378815115,0.5317880794701987,0.9958148815301877,-0.00780773248718182,0.007373149599503373
DOWN_REVERSAL_LONG,2025,6,30,range_ratio,Q3,0.0002,1510,-0.0002104002190900624,0.0001542378815115,0.5152317880794702,0.9184679683298304,-0.008007732487181821,0.007173149599503373
DOWN_REVERSAL_LONG,2025,6,30,range_ratio,Q3,0.0004,1510,-0.0004104002190900625,-4.576211848850002e-05,0.4947019867549669,0.8468375387332082,-0.00820773248718182,0.006973149599503373
DOWN_REVERSAL_LONG,2025,6,30,range_ratio,Q4,0.0,1511,6.010463632245659e-05,0.0003370358430292,0.5215089344804765,1.0179060715787545,-0.0102162317685855,0.010246756550496
DOWN_REVERSAL_LONG,2025,6,30,range_ratio,Q4,0.0002,1511,-0.00013989536367754342,0.0001370358430292,0.5082726671078756,0.9594970505828941,-0.0104162317685855,0.010046756550496
DOWN_REVERSAL_LONG,2025,6,30,range_ratio,Q4,0.0004,1511,-0.00033989536367754337,-6.296415697080001e-05,0.4937127729980146,0.9043540551254455,-0.0106162317685855,0.009846756550496001
DOWN_REVERSAL_LONG,2026,6,30,range_ratio,Q1,0.0,721,0.00013862948880309973,0.0003203759077317,0.5492371705963939,1.0914183965170277,-0.0047964732727263,0.0048218275902622
DOWN_REVERSAL_LONG,2026,6,30,range_ratio,Q1,0.0002,721,-6.137051119690026e-05,0.00012037590773169999,0.5242718446601942,0.9618644258967636,-0.004996473272726299,0.0046218275902622005
DOWN_REVERSAL_LONG,2026,6,30,range_ratio,Q1,0.0004,721,-0.00026137051119690027,-7.962409226830002e-05,0.4882108183079057,0.8470021816305392,-0.0051964732727263,0.0044218275902622
DOWN_REVERSAL_LONG,2026,6,30,range_ratio,Q2,0.0,946,0.00017857482109131907,0.00037479780124455,0.5613107822410148,1.1141631916634993,-0.00498138638209405,0.00528824080514415
DOWN_REVERSAL_LONG,2026,6,30,range_ratio,Q2,0.0002,946,-2.1425178908680912e-05,0.00017479780124454998,0.5274841437632135,0.9870528442390993,-0.00518138638209405,0.00508824080514415
DOWN_REVERSAL_LONG,2026,6,30,range_ratio,Q2,0.0004,946,-0.00022142517890868098,-2.5202198755450026e-05,0.4978858350951374,0.8736675135511922,-0.00538138638209405,0.0048882408051441496
DOWN_REVERSAL_LONG,2026,6,30,range_ratio,Q3,0.0,1050,2.2381556939605936e-05,0.00054471428273445,0.5495238095238095,1.0117109936823911,-0.00580442765685026,0.005796948769320201
DOWN_REVERSAL_LONG,2026,6,30,range_ratio,Q3,0.0002,1050,-0.000177618443060394,0.00034471428273445,0.5295238095238095,0.9113315890178769,-0.00600442765685026,0.005596948769320201
DOWN_REVERSAL_LONG,2026,6,30,range_ratio,Q3,0.0004,1050,-0.0003776184430603942,0.00014471428273444994,0.5161904761904762,0.8200905717635117,-0.00620442765685026,0.005396948769320201
DOWN_REVERSAL_LONG,2026,6,30,range_ratio,Q4,0.0,1103,-0.00028239848145998993,0.0001904489834785,0.5194922937443336,0.892307233698806,-0.007927518247767459,0.007014729862590261
DOWN_REVERSAL_LONG,2026,6,30,range_ratio,Q4,0.0002,1103,-0.0004823984814599899,-9.55101652150002e-06,0.4986400725294651,0.8226928516210885,-0.00812751824776746,0.006814729862590262
DOWN_REVERSAL_LONG,2026,6,30,range_ratio,Q4,0.0004,1103,-0.00068239848145999,-0.00020955101652150003,0.48957388939256574,0.7581677386528494,-0.008327518247767458,0.006614729862590261
DOWN_REVERSAL_LONG,2024,6,30,volume_ratio_7d,Q1,0.0,1544,-0.0004260229034096475,0.00012504155446230002,0.5090673575129534,0.826603480425923,-0.00702621856043174,0.005895300610238591
DOWN_REVERSAL_LONG,2024,6,30,volume_ratio_7d,Q1,0.0002,1544,-0.0006260229034096476,-7.49584455377e-05,0.4948186528497409,0.7551427063136616,-0.00722621856043174,0.005695300610238591
DOWN_REVERSAL_LONG,2024,6,30,volume_ratio_7d,Q1,0.0004,1544,-0.0008260229034096476,-0.0002749584455377,0.4734455958549223,0.6894381755974026,-0.00742621856043174,0.00549530061023859
DOWN_REVERSAL_LONG,2024,6,30,volume_ratio_7d,Q2,0.0,1649,7.649068337382482e-05,0.0004764930114358,0.5415403274711946,1.0306494312612637,-0.00784321399560158,0.007461569948398921
DOWN_REVERSAL_LONG,2024,6,30,volume_ratio_7d,Q2,0.0002,1649,-0.00012350931662617517,0.00027649301143579995,0.5191024863553669,0.9523012119893978,-0.00804321399560158,0.007261569948398922
DOWN_REVERSAL_LONG,2024,6,30,volume_ratio_7d,Q2,0.0004,1649,-0.00032350931662617524,7.649301143579997e-05,0.5033353547604609,0.8796121975290421,-0.00824321399560158,0.007061569948398921
DOWN_REVERSAL_LONG,2024,6,30,volume_ratio_7d,Q3,0.0,1602,2.170809847282907e-06,0.0003244199404213,0.5224719101123596,1.0008326089000288,-0.00796816252424706,0.007723224866367473
DOWN_REVERSAL_LONG,2024,6,30,volume_ratio_7d,Q3,0.0002,1602,-0.00019782919015271704,0.00012441994042129999,0.5081148564294632,0.9268414751120493,-0.00816816252424706,0.007523224866367474
DOWN_REVERSAL_LONG,2024,6,30,volume_ratio_7d,Q3,0.0004,1602,-0.00039782919015271713,-7.558005957870002e-05,0.49563046192259674,0.8581084164062616,-0.008368162524247059,0.007323224866367473
DOWN_REVERSAL_LONG,2024,6,30,volume_ratio_7d,Q4,0.0,1517,0.0007518073651613317,0.0008840564143663,0.5576796308503625,1.2765087070591488,-0.008402509324957121,0.00956144270507835
DOWN_REVERSAL_LONG,2024,6,30,volume_ratio_7d,Q4,0.0002,1517,0.0005518073651613317,0.0006840564143663,0.5471324983520105,1.196479011417084,-0.008602509324957121,0.00936144270507835
DOWN_REVERSAL_LONG,2024,6,30,volume_ratio_7d,Q4,0.0004,1517,0.00035180736516133166,0.00048405641436629997,0.5306526038233356,1.121291482953887,-0.00880250932495712,0.00916144270507835
DOWN_REVERSAL_LONG,2025,6,30,volume_ratio_7d,Q1,0.0,1708,1.7485839849404038e-05,0.00020946721501449998,0.5269320843091335,1.009136692159913,-0.006009857861446089,0.00591355233462877
DOWN_REVERSAL_LONG,2025,6,30,volume_ratio_7d,Q1,0.0002,1708,-0.0001825141601505959,9.467215014499989e-06,0.5005854800936768,0.9092442600260854,-0.006209857861446089,0.00571355233462877
DOWN_REVERSAL_LONG,2025,6,30,volume_ratio_7d,Q1,0.0004,1708,-0.00038251416015059594,-0.00019053278498550003,0.4806791569086651,0.8189356033405781,-0.0064098578614460895,0.00551355233462877
DOWN_REVERSAL_LONG,2025,6,30,volume_ratio_7d,Q2,0.0,1540,-0.00013739719661462395,7.22708734239852e-05,0.5064935064935064,0.9445121737213026,-0.00772539494843262,0.007153946856174251
DOWN_REVERSAL_LONG,2025,6,30,volume_ratio_7d,Q2,0.0002,1540,-0.00033739719661462396,-0.00012772912657601482,0.4896103896103896,0.8690629582534976,-0.00792539494843262,0.006953946856174251
DOWN_REVERSAL_LONG,2025,6,30,volume_ratio_7d,Q2,0.0004,1540,-0.000537397196614624,-0.0003277291265760148,0.4662337662337662,0.7995752345247596,-0.00812539494843262,0.006753946856174251
DOWN_REVERSAL_LONG,2025,6,30,volume_ratio_7d,Q3,0.0,1551,0.000242743047180305,0.0003709568692835,0.5299806576402321,1.099655460372894,-0.0073875429784672,0.007677835968882
DOWN_REVERSAL_LONG,2025,6,30,volume_ratio_7d,Q3,0.0002,1551,4.274304718030507e-05,0.00017095686928349997,0.5157962604771116,1.0168858542236403,-0.0075875429784672,0.007477835968882
DOWN_REVERSAL_LONG,2025,6,30,volume_ratio_7d,Q3,0.0004,1551,-0.000157256952819695,-2.9043130716500042e-05,0.49645390070921985,0.9402077285160513,-0.0077875429784672,0.007277835968882
DOWN_REVERSAL_LONG,2025,6,30,volume_ratio_7d,Q4,0.0,1485,-0.00034919329730885487,0.0001510802235988,0.5131313131313131,0.89977976681628,-0.01076852948133978,0.00868524853736501
DOWN_REVERSAL_LONG,2025,6,30,volume_ratio_7d,Q4,0.0002,1485,-0.0005491932973088547,-4.89197764012e-05,0.4983164983164983,0.8467374599237084,-0.01096852948133978,0.00848524853736501
DOWN_REVERSAL_LONG,2025,6,30,volume_ratio_7d,Q4,0.0004,1485,-0.0007491932973088549,-0.0002489197764012,0.48282828282828283,0.796703362377489,-0.011168529481339779,0.00828524853736501
DOWN_REVERSAL_LONG,2026,6,30,volume_ratio_7d,Q1,0.0,852,0.0004087388234393264,0.0006214168182274,0.5892018779342723,1.313597229297625,-0.00436280005142651,0.00467105334003609
DOWN_REVERSAL_LONG,2026,6,30,volume_ratio_7d,Q1,0.0002,852,0.00020873882343932644,0.00042141681822740004,0.5633802816901409,1.150371172988465,-0.004562800051426509,0.0044710533400360904
DOWN_REVERSAL_LONG,2026,6,30,volume_ratio_7d,Q1,0.0004,852,8.738823439326392e-06,0.0002214168182274,0.5258215962441315,1.0059056420232892,-0.00476280005142651,0.00427105334003609
DOWN_REVERSAL_LONG,2026,6,30,volume_ratio_7d,Q2,0.0,915,0.00010625136846926513,0.0004341018925608,0.5475409836065573,1.0558114491873627,-0.00594228192134408,0.005908426466871421
DOWN_REVERSAL_LONG,2026,6,30,volume_ratio_7d,Q2,0.0002,915,-9.374863153073486e-05,0.0002341018925608,0.5224043715846994,0.9530473193990758,-0.0061422819213440795,0.005708426466871422
DOWN_REVERSAL_LONG,2026,6,30,volume_ratio_7d,Q2,0.0004,915,-0.0002937486315307349,3.410189256079999e-05,0.5038251366120219,0.859750911583557,-0.00634228192134408,0.005508426466871421
DOWN_REVERSAL_LONG,2026,6,30,volume_ratio_7d,Q3,0.0,951,0.00010454512440032611,0.0002723079803257,0.5278654048370137,1.0523612084414067,-0.0064169238058916,0.0064080721365835
DOWN_REVERSAL_LONG,2026,6,30,volume_ratio_7d,Q3,0.0002,951,-9.545487559967385e-05,7.230798032570001e-05,0.5057833859095688,0.9543948257479692,-0.006616923805891599,0.0062080721365835
DOWN_REVERSAL_LONG,2026,6,30,volume_ratio_7d,Q3,0.0004,951,-0.00029545487559967383,-0.0001276920196743,0.491062039957939,0.8652961254784574,-0.0068169238058916,0.0060080721365834994
DOWN_REVERSAL_LONG,2026,6,30,volume_ratio_7d,Q4,0.0,1102,-0.0005117868794090327,0.00013594474724105,0.5190562613430127,0.7927234943853718,-0.006725824409573689,0.0059318470531191
DOWN_REVERSAL_LONG,2026,6,30,volume_ratio_7d,Q4,0.0002,1102,-0.0007117868794090325,-6.405525275895001e-05,0.49364791288566245,0.7228146686430036,-0.006925824409573689,0.0057318470531191
DOWN_REVERSAL_LONG,2026,6,30,volume_ratio_7d,Q4,0.0004,1102,-0.0009117868794090324,-0.00026405525275895,0.48003629764065336,0.6585844041544757,-0.007125824409573689,0.0055318470531191
DOWN_REVERSAL_LONG,2024,6,30,directional_close_extremity,Q1,0.0,1562,0.00016062094570982067,0.00044631813049415,0.530729833546735,1.0624569675606887,-0.008172198273450119,0.00797390615340108
DOWN_REVERSAL_LONG,2024,6,30,directional_close_extremity,Q1,0.0002,1562,-3.937905429017929e-05,0.00024631813049414997,0.5185659411011524,0.985233353115854,-0.00837219827345012,0.00777390615340108
DOWN_REVERSAL_LONG,2024,6,30,directional_close_extremity,Q1,0.0004,1562,-0.00023937905429017927,4.631813049414999e-05,0.5038412291933418,0.9134112097598794,-0.008572198273450118,0.007573906153401079
DOWN_REVERSAL_LONG,2024,6,30,directional_close_extremity,Q2,0.0,1592,0.0004800463423253823,0.00053185753280335,0.5458542713567839,1.2009158235408866,-0.007476602635602789,0.008460283482583292
DOWN_REVERSAL_LONG,2024,6,30,directional_close_extremity,Q2,0.0002,1592,0.00028004634232538223,0.00033185753280335,0.5288944723618091,1.1128478820955743,-0.0076766026356027885,0.008260283482583291
DOWN_REVERSAL_LONG,2024,6,30,directional_close_extremity,Q2,0.0004,1592,8.004634232538233e-05,0.00013185753280334998,0.510678391959799,1.0310556159713173,-0.007876602635602787,0.008060283482583292
DOWN_REVERSAL_LONG,2024,6,30,directional_close_extremity,Q3,0.0,1571,9.600289824376506e-05,0.0005284982518902,0.5404201145767027,1.0360456211012412,-0.0079977860799779,0.0077081522963535
DOWN_REVERSAL_LONG,2024,6,30,directional_close_extremity,Q3,0.0002,1571,-0.00010399710175623484,0.0003284982518902,0.5251432208784214,0.9622766075650399,-0.008197786079977901,0.0075081522963535005
DOWN_REVERSAL_LONG,2024,6,30,directional_close_extremity,Q3,0.0004,1571,-0.00030399710175623486,0.00012849825189019994,0.5073201782304265,0.8934706507857559,-0.0083977860799779,0.0073081522963535
DOWN_REVERSAL_LONG,2024,6,30,directional_close_extremity,Q4,0.0,1587,-0.0003488475507105702,0.0001800311578676,0.5135475740390675,0.8683530061240953,-0.007647084871951819,0.006653318126213842
DOWN_REVERSAL_LONG,2024,6,30,directional_close_extremity,Q4,0.0002,1587,-0.0005488475507105702,-1.996884213240001e-05,0.4959042218021424,0.8003447476289502,-0.007847084871951819,0.006453318126213843
DOWN_REVERSAL_LONG,2024,6,30,directional_close_extremity,Q4,0.0004,1587,-0.0007488475507105701,-0.00021996884213240002,0.4807813484562067,0.7373597725316597,-0.00804708487195182,0.006253318126213842
DOWN_REVERSAL_LONG,2025,6,30,directional_close_extremity,Q1,0.0,1517,-4.925447724247774e-05,0.0003392551837184,0.5260382333553065,0.9832104482624416,-0.008382100752206221,0.008112095801388582
DOWN_REVERSAL_LONG,2025,6,30,directional_close_extremity,Q1,0.0002,1517,-0.0002492544772424776,0.00013925518371839997,0.5108767303889256,0.9177398597084635,-0.008582100752206221,0.007912095801388581
DOWN_REVERSAL_LONG,2025,6,30,directional_close_extremity,Q1,0.0004,1517,-0.00044925447724247786,-6.074481628160004e-05,0.4917600527356625,0.8564522902125759,-0.00878210075220622,0.007712095801388583
DOWN_REVERSAL_LONG,2025,6,30,directional_close_extremity,Q2,0.0,1575,-0.00015121546077262018,0.0001494768310912,0.5104761904761905,0.9426171090527574,-0.00787395106738404,0.007279413280365921
DOWN_REVERSAL_LONG,2025,6,30,directional_close_extremity,Q2,0.0002,1575,-0.00035121546077262014,-5.052316890880002e-05,0.49714285714285716,0.8715659617972549,-0.00807395106738404,0.007079413280365921
DOWN_REVERSAL_LONG,2025,6,30,directional_close_extremity,Q2,0.0004,1575,-0.00055121546077262,-0.00025052316890880003,0.47619047619047616,0.8057202560489714,-0.00827395106738404,0.006879413280365921
DOWN_REVERSAL_LONG,2025,6,30,directional_close_extremity,Q3,0.0,1571,-7.086761051611252e-05,0.0002914870441679,0.5327816677275621,0.9711611761771569,-0.0073795180722892,0.0070851734281256
DOWN_REVERSAL_LONG,2025,6,30,directional_close_extremity,Q3,0.0002,1571,-0.0002708676105161125,9.148704416790001e-05,0.5066836409929981,0.8939215950644535,-0.007579518072289199,0.006885173428125601
DOWN_REVERSAL_LONG,2025,6,30,directional_close_extremity,Q3,0.0004,1571,-0.0004708676105161125,-0.0001085129558321,0.4907702100572883,0.8225668328606671,-0.0077795180722892,0.0066851734281256
DOWN_REVERSAL_LONG,2025,6,30,directional_close_extremity,Q4,0.0,1621,6.195740910783028e-05,9.568778952262492e-05,0.5089450956199877,1.0281099137845662,-0.006905736694125,0.0069346197555488
DOWN_REVERSAL_LONG,2025,6,30,directional_close_extremity,Q4,0.0002,1621,-0.00013804259089216975,-0.00010431221047737509,0.4904380012338063,0.94009434065896,-0.007105736694124999,0.0067346197555488005
DOWN_REVERSAL_LONG,2025,6,30,directional_close_extremity,Q4,0.0004,1621,-0.0003380425908921697,-0.0003043122104773751,0.46822948797038866,0.8596346672168119,-0.007305736694125,0.0065346197555488
DOWN_REVERSAL_LONG,2026,6,30,directional_close_extremity,Q1,0.0,1025,-4.4904915971178736e-05,0.0002647302045368,0.535609756097561,0.9780306633764213,-0.006035972006114119,0.00613592126664484
DOWN_REVERSAL_LONG,2026,6,30,directional_close_extremity,Q1,0.0002,1025,-0.0002449049159711788,6.47302045368e-05,0.5063414634146342,0.8855536100354485,-0.006235972006114119,0.00593592126664484
DOWN_REVERSAL_LONG,2026,6,30,directional_close_extremity,Q1,0.0004,1025,-0.0004449049159711789,-0.0001352697954632,0.4878048780487805,0.8014153741237524,-0.0064359720061141195,0.00573592126664484
DOWN_REVERSAL_LONG,2026,6,30,directional_close_extremity,Q2,0.0,937,0.00020681799310523846,0.0005818604989451,0.5506937033084311,1.114944668537693,-0.00521348888913156,0.00568617266185586
DOWN_REVERSAL_LONG,2026,6,30,directional_close_extremity,Q2,0.0002,937,6.817993105238405e-06,0.0003818604989451,0.528281750266809,1.0036046228298845,-0.005413488889131559,0.00548617266185586
DOWN_REVERSAL_LONG,2026,6,30,directional_close_extremity,Q2,0.0004,937,-0.0001931820068947617,0.00018186049894509997,0.5165421558164355,0.9027956104248771,-0.00561348888913156,0.00528617266185586
DOWN_REVERSAL_LONG,2026,6,30,directional_close_extremity,Q3,0.0,962,-0.00010824201161717262,0.0003361112176155,0.5457380457380457,0.9476955582909049,-0.006070443642829099,0.005897905394611439
DOWN_REVERSAL_LONG,2026,6,30,directional_close_extremity,Q3,0.0002,962,-0.0003082420116171726,0.0001361112176155,0.5197505197505198,0.8574620215689647,-0.006270443642829099,0.0056979053946114395
DOWN_REVERSAL_LONG,2026,6,30,directional_close_extremity,Q3,0.0004,962,-0.0005082420116171727,-6.38887823845e-05,0.49480249480249483,0.7752385871296654,-0.006470443642829099,0.005497905394611439
DOWN_REVERSAL_LONG,2026,6,30,directional_close_extremity,Q4,0.0,896,-7.00149035466407e-05,0.00035135487714085,0.5435267857142857,0.9631050323188883,-0.00605844976871145,0.0056569588293196495
DOWN_REVERSAL_LONG,2026,6,30,directional_close_extremity,Q4,0.0002,896,-0.0002700149035466407,0.00015135487714085,0.5234375,0.8643833101103728,-0.00625844976871145,0.005456958829319651
DOWN_REVERSAL_LONG,2026,6,30,directional_close_extremity,Q4,0.0004,896,-0.0004700149035466407,-4.864512285915001e-05,0.4966517857142857,0.7750596095049959,-0.00645844976871145,0.00525695882931965
DOWN_REVERSAL_LONG,2024,12,60,abs_return_z,Q1,0.0,1626,0.00019744102552853498,0.00032128907618595,0.5153751537515375,1.064743844229258,-0.00911704760454915,0.00941947728497015
DOWN_REVERSAL_LONG,2024,12,60,abs_return_z,Q1,0.0002,1626,-2.558974471464955e-06,0.00012128907618595,0.504920049200492,0.9991869401109087,-0.00931704760454915,0.009219477284970148
DOWN_REVERSAL_LONG,2024,12,60,abs_return_z,Q1,0.0004,1626,-0.00020255897447146498,-7.871092381405001e-05,0.4944649446494465,0.9376219838682144,-0.00951704760454915,0.00901947728497015
DOWN_REVERSAL_LONG,2024,12,60,abs_return_z,Q2,0.0,1574,0.00021466446988002957,0.0005459176737316,0.5285895806861499,1.0696308806712576,-0.009914733370283979,0.00979001403425562
DOWN_REVERSAL_LONG,2024,12,60,abs_return_z,Q2,0.0002,1574,1.4664469880029582e-05,0.0003459176737316,0.5165184243964421,1.0046139423583627,-0.01011473337028398,0.00959001403425562
DOWN_REVERSAL_LONG,2024,12,60,abs_return_z,Q2,0.0004,1574,-0.00018533553011997042,0.0001459176737316,0.5069885641677255,0.9434306822826236,-0.010314733370283978,0.009390014034255621
DOWN_REVERSAL_LONG,2024,12,60,abs_return_z,Q3,0.0,1528,-0.0006883423371355291,0.00021467768478570002,0.5117801047120419,0.8220411659976925,-0.01231705416876925,0.009114081619867558
DOWN_REVERSAL_LONG,2024,12,60,abs_return_z,Q3,0.0002,1528,-0.000888342337135529,1.4677684785699996e-05,0.5013089005235603,0.7760434300956519,-0.01251705416876925,0.008914081619867557
DOWN_REVERSAL_LONG,2024,12,60,abs_return_z,Q3,0.0004,1528,-0.0010883423371355289,-0.0001853223152143,0.49214659685863876,0.7324231383627302,-0.012717054168769249,0.008714081619867559
DOWN_REVERSAL_LONG,2024,12,60,abs_return_z,Q4,0.0,1584,0.0012378646926312184,0.0014585777780191,0.586489898989899,1.3301930253134797,-0.011096479561961619,0.013912258906803822
DOWN_REVERSAL_LONG,2024,12,60,abs_return_z,Q4,0.0002,1584,0.0010378646926312183,0.0012585777780191,0.577020202020202,1.2707902902795527,-0.01129647956196162,0.013712258906803821
DOWN_REVERSAL_LONG,2024,12,60,abs_return_z,Q4,0.0004,1584,0.0008378646926312182,0.0010585777780191,0.5669191919191919,1.2138217876280428,-0.011496479561961618,0.013512258906803822
DOWN_REVERSAL_LONG,2025,12,60,abs_return_z,Q1,0.0,1688,-6.188884545328798e-06,0.00012258159491025,0.5077014218009479,0.9980438413709529,-0.00978314085999911,0.00926269838222377
DOWN_REVERSAL_LONG,2025,12,60,abs_return_z,Q1,0.0002,1688,-0.0002061888845453288,-7.741840508975002e-05,0.49703791469194314,0.9368168075396331,-0.00998314085999911,0.00906269838222377
DOWN_REVERSAL_LONG,2025,12,60,abs_return_z,Q1,0.0004,1688,-0.0004061888845453288,-0.00027741840508975,0.4822274881516588,0.8793044497270197,-0.010183140859999109,0.00886269838222377
DOWN_REVERSAL_LONG,2025,12,60,abs_return_z,Q2,0.0,1558,0.00014782601685097013,0.00049407311515575,0.5385109114249037,1.051495718996221,-0.009103795997110678,0.00913941554689145
DOWN_REVERSAL_LONG,2025,12,60,abs_return_z,Q2,0.0002,1558,-5.217398314902988e-05,0.00029407311515575,0.5218228498074454,0.9824019811071174,-0.009303795997110679,0.00893941554689145
DOWN_REVERSAL_LONG,2025,12,60,abs_return_z,Q2,0.0004,1558,-0.0002521739831490299,9.407311515574997e-05,0.5089858793324775,0.9176338845479516,-0.009503795997110678,0.008739415546891451
DOWN_REVERSAL_LONG,2025,12,60,abs_return_z,Q3,0.0,1539,6.975783344127129e-06,0.000306536899379,0.5237166991552956,1.0020942791372422,-0.01011516484417696,0.009618514305559843
DOWN_REVERSAL_LONG,2025,12,60,abs_return_z,Q3,0.0002,1539,-0.00019302421665587274,0.00010653689937899997,0.5087719298245614,0.9436859114805007,-0.010315164844176961,0.009418514305559842
DOWN_REVERSAL_LONG,2025,12,60,abs_return_z,Q3,0.0004,1539,-0.0003930242166558728,-9.346310062100004e-05,0.49317738791423,0.8885836638357143,-0.01051516484417696,0.009218514305559844
DOWN_REVERSAL_LONG,2025,12,60,abs_return_z,Q4,0.0,1499,0.0002371058852209092,0.0004404783268348,0.5290193462308206,1.0672607882888823,-0.0111638858488131,0.01104165565510754
DOWN_REVERSAL_LONG,2025,12,60,abs_return_z,Q4,0.0002,1499,3.7105885220909315e-05,0.0002404783268348,0.5150100066711141,1.0102477397741274,-0.0113638858488131,0.01084165565510754
DOWN_REVERSAL_LONG,2025,12,60,abs_return_z,Q4,0.0004,1499,-0.0001628941147790908,4.047832683479999e-05,0.5030020013342228,0.956200465051687,-0.011563885848813099,0.010641655655107541
DOWN_REVERSAL_LONG,2026,12,60,abs_return_z,Q1,0.0,790,-0.00010301793443764271,7.257121626724761e-05,0.5050632911392405,0.956585244979817,-0.00678190019406084,0.0067859783116033
DOWN_REVERSAL_LONG,2026,12,60,abs_return_z,Q1,0.0002,790,-0.00030301793443764254,-0.0001274287837327524,0.4911392405063291,0.877492557443251,-0.0069819001940608395,0.006585978311603301
DOWN_REVERSAL_LONG,2026,12,60,abs_return_z,Q1,0.0004,790,-0.0005030179344376426,-0.0003274287837327524,0.4810126582278481,0.804753917464283,-0.00718190019406084,0.0063859783116033
DOWN_REVERSAL_LONG,2026,12,60,abs_return_z,Q2,0.0,972,0.0002635635837988799,0.0003833521067957,0.5370370370370371,1.1147754783651793,-0.0070466660269568595,0.00767497194683906
DOWN_REVERSAL_LONG,2026,12,60,abs_return_z,Q2,0.0002,972,6.356358379887986e-05,0.0001833521067957,0.5154320987654321,1.0265841139607492,-0.007246666026956859,0.007474971946839061
DOWN_REVERSAL_LONG,2026,12,60,abs_return_z,Q2,0.0004,972,-0.00013643641620112012,-1.6647893204299998e-05,0.49897119341563784,0.9451899547287091,-0.00744666602695686,0.00727497194683906
DOWN_REVERSAL_LONG,2026,12,60,abs_return_z,Q3,0.0,1037,1.2903218137824136e-05,0.0003306857770961,0.5294117647058824,1.0050665082993036,-0.007684051631464879,0.00780424045111482
DOWN_REVERSAL_LONG,2026,12,60,abs_return_z,Q3,0.0002,1037,-0.0001870967818621758,0.00013068577709609997,0.5110896817743491,0.9291963760434714,-0.00788405163146488,0.00760424045111482
DOWN_REVERSAL_LONG,2026,12,60,abs_return_z,Q3,0.0004,1037,-0.00038709678186217583,-6.931422290390004e-05,0.49373191899710706,0.8588204490650717,-0.008084051631464879,0.007404240451114819
DOWN_REVERSAL_LONG,2026,12,60,abs_return_z,Q4,0.0,1021,-0.000458341769788779,0.0003947715396246,0.5181194906953966,0.8666464835325297,-0.010851592064984,0.0090672425524362
DOWN_REVERSAL_LONG,2026,12,60,abs_return_z,Q4,0.0002,1021,-0.0006583417697887788,0.00019477153962459996,0.5093046033300686,0.8137352339011034,-0.011051592064984,0.0088672425524362
DOWN_REVERSAL_LONG,2026,12,60,abs_return_z,Q4,0.0004,1021,-0.0008583417697887791,-5.228460375400045e-06,0.49951028403525954,0.7637654486719873,-0.011251592064983999,0.008667242552436201
DOWN_REVERSAL_LONG,2024,12,60,range_ratio,Q1,0.0,1679,-0.000201906182101412,0.0001977125259873,0.5122096486003573,0.9362468747903413,-0.009656056105663759,0.00873827570132374
DOWN_REVERSAL_LONG,2024,12,60,range_ratio,Q1,0.0002,1679,-0.00040190618210141196,-2.287474012700009e-06,0.4997022036926742,0.8769231383973307,-0.00985605610566376,0.00853827570132374
DOWN_REVERSAL_LONG,2024,12,60,range_ratio,Q1,0.0004,1679,-0.0006019061821014119,-0.00020228747401270002,0.48957712924359736,0.8212210654922085,-0.010056056105663758,0.008338275701323741
DOWN_REVERSAL_LONG,2024,12,60,range_ratio,Q2,0.0,1599,0.0001572825633977569,0.0007280213245375,0.5365853658536586,1.048928404172988,-0.01042517720507056,0.009718948168439441
DOWN_REVERSAL_LONG,2024,12,60,range_ratio,Q2,0.0002,1599,-4.271743660224298e-05,0.0005280213245375,0.5284552845528455,0.9870866221003194,-0.01062517720507056,0.00951894816843944
DOWN_REVERSAL_LONG,2024,12,60,range_ratio,Q2,0.0004,1599,-0.00024271743660224317,0.00032802132453749996,0.5190744215134458,0.9286821921278718,-0.01082517720507056,0.009318948168439442
DOWN_REVERSAL_LONG,2024,12,60,range_ratio,Q3,0.0,1544,3.870225369717634e-05,0.0005655672049931001,0.5356217616580311,1.0114686738789949,-0.010370173218418339,0.010479140353544641
DOWN_REVERSAL_LONG,2024,12,60,range_ratio,Q3,0.0002,1544,-0.00016129774630282355,0.00036556720499310004,0.522020725388601,0.9535013604449346,-0.01057017321841834,0.01027914035354464
DOWN_REVERSAL_LONG,2024,12,60,range_ratio,Q3,0.0004,1544,-0.00036129774630282364,0.0001655672049931,0.5116580310880829,0.8986710038397515,-0.010770173218418338,0.010079140353544642
DOWN_REVERSAL_LONG,2024,12,60,range_ratio,Q4,0.0,1490,0.0010709133867464046,0.0011896074465814,0.5610738255033557,1.266307745351638,-0.011977486023459409,0.013872768367432937
DOWN_REVERSAL_LONG,2024,12,60,range_ratio,Q4,0.0002,1490,0.0008709133867464046,0.0009896074465813999,0.553020134228188,1.2118975600092223,-0.01217748602345941,0.013672768367432937
DOWN_REVERSAL_LONG,2024,12,60,range_ratio,Q4,0.0004,1490,0.0006709133867464046,0.0007896074465814001,0.5436241610738255,1.1597195839517156,-0.012377486023459408,0.013472768367432938
DOWN_REVERSAL_LONG,2025,12,60,range_ratio,Q1,0.0,1704,-0.0001429671931460942,2.6119208065278343e-06,0.5,0.9489050689085513,-0.009032202267445201,0.00799098710121292
DOWN_REVERSAL_LONG,2025,12,60,range_ratio,Q1,0.0002,1704,-0.0003429671931460943,-0.00019738807919347218,0.48826291079812206,0.8817063269867738,-0.009232202267445202,0.007790987101212921
DOWN_REVERSAL_LONG,2025,12,60,range_ratio,Q1,0.0004,1704,-0.0005429671931460943,-0.0003973880791934722,0.47417840375586856,0.8191679580880318,-0.0094322022674452,0.00759098710121292
DOWN_REVERSAL_LONG,2025,12,60,range_ratio,Q2,0.0,1559,-0.00010259492179280459,0.0004580520732881,0.5349583066067992,0.9677326139500289,-0.0098169902664832,0.0090904468779734
DOWN_REVERSAL_LONG,2025,12,60,range_ratio,Q2,0.0002,1559,-0.0003025949217928045,0.0002580520732881,0.5189223861449648,0.9075787701976031,-0.0100169902664832,0.008890446877973399
DOWN_REVERSAL_LONG,2025,12,60,range_ratio,Q2,0.0004,1559,-0.0005025949217928045,5.805207328809999e-05,0.5028864656831302,0.8509523230027802,-0.010216990266483199,0.0086904468779734
DOWN_REVERSAL_LONG,2025,12,60,range_ratio,Q3,0.0,1510,0.00021692857842895444,0.0004783870759277,0.5370860927152318,1.0689632140466645,-0.01009444883401601,0.009948717948717923
DOWN_REVERSAL_LONG,2025,12,60,range_ratio,Q3,0.0002,1510,1.692857842895445e-05,0.00027838707592769995,0.5211920529801325,1.0052251413669198,-0.01029444883401601,0.009748717948717922
DOWN_REVERSAL_LONG,2025,12,60,range_ratio,Q3,0.0004,1510,-0.00018307142157104555,7.838707592769997e-05,0.5072847682119205,0.9451434349580125,-0.010494448834016009,0.009548717948717924
DOWN_REVERSAL_LONG,2025,12,60,range_ratio,Q4,0.0,1511,0.0004381356561365035,0.0004776015524714,0.528127068166777,1.1151583473495952,-0.0115309539756961,0.0120499741258224
DOWN_REVERSAL_LONG,2025,12,60,range_ratio,Q4,0.0002,1511,0.00023813565613650363,0.00027760155247139994,0.5155526141628061,1.0610526542728316,-0.0117309539756961,0.0118499741258224
DOWN_REVERSAL_LONG,2025,12,60,range_ratio,Q4,0.0004,1511,3.8135656136503636e-05,7.760155247139996e-05,0.5043017868960953,1.0095373229273799,-0.0119309539756961,0.011649974125822402
DOWN_REVERSAL_LONG,2026,12,60,range_ratio,Q1,0.0,721,-0.00018994386191270064,0.0001288161793122,0.5131761442441054,0.9150339265698787,-0.0065727699530516,0.0067359962183879
DOWN_REVERSAL_LONG,2026,12,60,range_ratio,Q1,0.0002,721,-0.00038994386191270057,-7.11838206878e-05,0.492371705963939,0.8329865376120722,-0.0067727699530516,0.0065359962183879
DOWN_REVERSAL_LONG,2026,12,60,range_ratio,Q1,0.0004,721,-0.0005899438619127006,-0.0002711838206878,0.47572815533980584,0.7580142108844424,-0.0069727699530516005,0.0063359962183879
DOWN_REVERSAL_LONG,2026,12,60,range_ratio,Q2,0.0,946,-4.669075365047481e-05,0.00022808587474705,0.5169133192389006,0.9792871784373265,-0.0064094853717009004,0.006122030150904
DOWN_REVERSAL_LONG,2026,12,60,range_ratio,Q2,0.0002,946,-0.0002466907536504747,2.808587474704998e-05,0.5010570824524313,0.8951330690809643,-0.006609485371700899,0.005922030150904001
DOWN_REVERSAL_LONG,2026,12,60,range_ratio,Q2,0.0004,946,-0.0004466907536504748,-0.00017191412525295003,0.4915433403805497,0.8179017679093608,-0.0068094853717009,0.005722030150904001
DOWN_REVERSAL_LONG,2026,12,60,range_ratio,Q3,0.0,1050,-0.0001757797276541523,0.0003762032891333,0.5371428571428571,0.936899110886925,-0.0083744364347492,0.008277000553750462
DOWN_REVERSAL_LONG,2026,12,60,range_ratio,Q3,0.0002,1050,-0.00037577972765415223,0.0001762032891333,0.5190476190476191,0.8695199588406692,-0.0085744364347492,0.008077000553750461
DOWN_REVERSAL_LONG,2026,12,60,range_ratio,Q3,0.0004,1050,-0.0005757797276541522,-2.3796710866700005e-05,0.4980952380952381,0.8066626613071555,-0.008774436434749198,0.007877000553750462
DOWN_REVERSAL_LONG,2026,12,60,range_ratio,Q4,0.0,1103,7.787943511388944e-05,0.0004414660641565,0.5222121486854034,1.0239440388116188,-0.01074525835646434,0.009909315320440662
DOWN_REVERSAL_LONG,2026,12,60,range_ratio,Q4,0.0002,1103,-0.0001221205648861105,0.00024146606415649999,0.5122393472348141,0.9635384709988071,-0.01094525835646434,0.009709315320440661
DOWN_REVERSAL_LONG,2026,12,60,range_ratio,Q4,0.0004,1103,-0.0003221205648861106,4.1466064156499977e-05,0.5040797824116047,0.9065641530845333,-0.011145258356464339,0.009509315320440663
DOWN_REVERSAL_LONG,2024,12,60,volume_ratio_7d,Q1,0.0,1544,-0.0003769357042589757,0.00016919106287045002,0.5090673575129534,0.8887129119385093,-0.01039482435087805,0.008881951448416222
DOWN_REVERSAL_LONG,2024,12,60,volume_ratio_7d,Q1,0.0002,1544,-0.0005769357042589758,-3.080893712955001e-05,0.49805699481865284,0.8345093790776144,-0.01059482435087805,0.008681951448416221
DOWN_REVERSAL_LONG,2024,12,60,volume_ratio_7d,Q1,0.0004,1544,-0.0007769357042589755,-0.00023080893712955,0.49093264248704666,0.7834267748520829,-0.010794824350878049,0.008481951448416222
DOWN_REVERSAL_LONG,2024,12,60,volume_ratio_7d,Q2,0.0,1649,0.0002828517170018804,0.0007412991058599,0.5397210430563978,1.0884260924227318,-0.009523406405220699,0.010150861423210204
DOWN_REVERSAL_LONG,2024,12,60,volume_ratio_7d,Q2,0.0002,1649,8.28517170018804e-05,0.0005412991058599,0.530018192844148,1.0251701718642066,-0.0097234064052207,0.009950861423210203
DOWN_REVERSAL_LONG,2024,12,60,volume_ratio_7d,Q2,0.0004,1649,-0.00011714828299811962,0.0003412991058599,0.5160703456640389,0.96541612950593,-0.009923406405220698,0.009750861423210204
DOWN_REVERSAL_LONG,2024,12,60,volume_ratio_7d,Q3,0.0,1602,-5.76656319079089e-05,0.00046210846107695,0.5249687890137328,0.9839023592617802,-0.01075251605413535,0.01033119431377108
DOWN_REVERSAL_LONG,2024,12,60,volume_ratio_7d,Q3,0.0002,1602,-0.00025766563190790883,0.00026210846107695,0.5162297128589264,0.9299448351143597,-0.01095251605413535,0.01013119431377108
DOWN_REVERSAL_LONG,2024,12,60,volume_ratio_7d,Q3,0.0004,1602,-0.0004576656319079088,6.210846107694999e-05,0.5043695380774033,0.8787944114070614,-0.011152516054135348,0.009931194313771081
DOWN_REVERSAL_LONG,2024,12,60,volume_ratio_7d,Q4,0.0,1517,0.0011706382026641748,0.0011891469180937,0.5695451549110085,1.327857533288833,-0.01132742240159148,0.013541849437480241
DOWN_REVERSAL_LONG,2024,12,60,volume_ratio_7d,Q4,0.0002,1517,0.0009706382026641751,0.0009891469180937,0.5563612392880686,1.2653413007006442,-0.011527422401591481,0.01334184943748024
DOWN_REVERSAL_LONG,2024,12,60,volume_ratio_7d,Q4,0.0004,1517,0.0007706382026641751,0.0007891469180937001,0.5504284772577456,1.2056375376967934,-0.01172742240159148,0.013141849437480242
DOWN_REVERSAL_LONG,2025,12,60,volume_ratio_7d,Q1,0.0,1708,0.00025247679707766235,0.00056833682032315,0.5398126463700235,1.0994782925189344,-0.00817232149644526,0.00848482402631182
DOWN_REVERSAL_LONG,2025,12,60,volume_ratio_7d,Q1,0.0002,1708,5.24767970776624e-05,0.00036833682032315004,0.5257611241217799,1.0199430902894893,-0.00837232149644526,0.008284824026311819
DOWN_REVERSAL_LONG,2025,12,60,volume_ratio_7d,Q1,0.0004,1708,-0.00014752320292233764,0.00016833682032315,0.5134660421545667,0.945907322406748,-0.008572321496445259,0.00808482402631182
DOWN_REVERSAL_LONG,2025,12,60,volume_ratio_7d,Q2,0.0,1540,-0.00016624248070988066,0.0001079786682364,0.5116883116883116,0.9490927484777141,-0.01040953779587734,0.009198905741542675
DOWN_REVERSAL_LONG,2025,12,60,volume_ratio_7d,Q2,0.0002,1540,-0.00036624248070988067,-9.202133176360001e-05,0.4954545454545455,0.8911682309944032,-0.01060953779587734,0.008998905741542674
DOWN_REVERSAL_LONG,2025,12,60,volume_ratio_7d,Q2,0.0004,1540,-0.0005662424807098808,-0.00029202133176360005,0.4798701298701299,0.8367075337306755,-0.010809537795877339,0.008798905741542675
DOWN_REVERSAL_LONG,2025,12,60,volume_ratio_7d,Q3,0.0,1551,0.00034319788502796725,0.0003442964248761,0.5235332043842682,1.1086744993857576,-0.0096395833015573,0.0105657414828022
DOWN_REVERSAL_LONG,2025,12,60,volume_ratio_7d,Q3,0.0002,1551,0.00014319788502796733,0.00014429642487610002,0.5093488072211476,1.0439970645804386,-0.0098395833015573,0.010365741482802199
DOWN_REVERSAL_LONG,2025,12,60,volume_ratio_7d,Q3,0.0004,1551,-5.680211497203276e-05,-5.570357512389999e-05,0.4977433913604126,0.9830653948799907,-0.0100395833015573,0.0101657414828022
DOWN_REVERSAL_LONG,2025,12,60,volume_ratio_7d,Q4,0.0,1485,-8.18136829223954e-05,0.0003005638818074,0.5205387205387205,0.9796198518021407,-0.01182713984084258,0.010977111112582993
DOWN_REVERSAL_LONG,2025,12,60,volume_ratio_7d,Q4,0.0002,1485,-0.0002818136829223954,0.00010056388180739999,0.509090909090909,0.9314582953735847,-0.01202713984084258,0.010777111112582992
DOWN_REVERSAL_LONG,2025,12,60,volume_ratio_7d,Q4,0.0004,1485,-0.0004818136829223953,-9.943611819260002e-05,0.49292929292929294,0.8855924983814033,-0.01222713984084258,0.010577111112582993
DOWN_REVERSAL_LONG,2026,12,60,volume_ratio_7d,Q1,0.0,852,0.0001735687649727908,0.00030512512406990003,0.5293427230046949,1.0856976242285408,-0.0060464397004724195,0.0063173720452175085
DOWN_REVERSAL_LONG,2026,12,60,volume_ratio_7d,Q1,0.0002,852,-2.643123502720917e-05,0.00010512512406989999,0.5046948356807511,0.9875428873465147,-0.006246439700472419,0.006117372045217509
DOWN_REVERSAL_LONG,2026,12,60,volume_ratio_7d,Q1,0.0004,852,-0.0002264312350272092,-9.487487593010002e-05,0.4953051643192488,0.8980881044530025,-0.00644643970047242,0.005917372045217508
DOWN_REVERSAL_LONG,2026,12,60,volume_ratio_7d,Q2,0.0,915,-0.0002009659425754783,0.0004026575397624,0.5289617486338798,0.9273179846536568,-0.007994811947883419,0.007582028419946341
DOWN_REVERSAL_LONG,2026,12,60,volume_ratio_7d,Q2,0.0002,915,-0.00040096594257547837,0.00020265753976239997,0.5147540983606558,0.8598339939009194,-0.008194811947883419,0.007382028419946341
DOWN_REVERSAL_LONG,2026,12,60,volume_ratio_7d,Q2,0.0004,915,-0.0006009659425754784,2.6575397623999626e-06,0.5005464480874317,0.7968958574194028,-0.008394811947883418,0.007182028419946341
DOWN_REVERSAL_LONG,2026,12,60,volume_ratio_7d,Q3,0.0,951,0.0001099224893550756,0.0004096707707843,0.5352260778128286,1.0394490729880557,-0.0090519294902333,0.0087895403842053
DOWN_REVERSAL_LONG,2026,12,60,volume_ratio_7d,Q3,0.0002,951,-9.007751064492433e-05,0.00020967077078429998,0.5215562565720294,0.9687315080164289,-0.009251929490233301,0.0085895403842053
DOWN_REVERSAL_LONG,2026,12,60,volume_ratio_7d,Q3,0.0004,951,-0.00029007751064492426,9.670770784299973e-06,0.501577287066246,0.9026022608134182,-0.0094519294902333,0.0083895403842053
DOWN_REVERSAL_LONG,2026,12,60,volume_ratio_7d,Q4,0.0,1102,-0.00031607959362575156,6.72756996740187e-05,0.5036297640653358,0.8960656873641419,-0.00963786372075252,0.008347913523752347
DOWN_REVERSAL_LONG,2026,12,60,volume_ratio_7d,Q4,0.0002,1102,-0.0005160795936257515,-0.0001327243003259813,0.49183303085299457,0.835733028729831,-0.00983786372075252,0.008147913523752347
DOWN_REVERSAL_LONG,2026,12,60,volume_ratio_7d,Q4,0.0004,1102,-0.0007160795936257515,-0.0003327243003259813,0.4809437386569873,0.779277965611211,-0.01003786372075252,0.007947913523752348
DOWN_REVERSAL_LONG,2024,12,60,directional_close_extremity,Q1,0.0,1562,0.0004446014378766267,0.00065293834705665,0.532010243277849,1.1301214502683992,-0.01078722335156563,0.010876506881673855
DOWN_REVERSAL_LONG,2024,12,60,directional_close_extremity,Q1,0.0002,1562,0.0002446014378766269,0.00045293834705664997,0.5211267605633803,1.0696590039481746,-0.01098722335156563,0.010676506881673854
DOWN_REVERSAL_LONG,2024,12,60,directional_close_extremity,Q1,0.0004,1562,4.460143787662683e-05,0.00025293834705664994,0.5115236875800256,1.0123606782052064,-0.011187223351565629,0.010476506881673855
DOWN_REVERSAL_LONG,2024,12,60,directional_close_extremity,Q2,0.0,1592,0.0006206276275764787,0.00089404476204475,0.5496231155778895,1.1907929700212694,-0.01032852306590527,0.011301181985558326
DOWN_REVERSAL_LONG,2024,12,60,directional_close_extremity,Q2,0.0002,1592,0.0004206276275764788,0.00069404476204475,0.5389447236180904,1.125780462622111,-0.01052852306590527,0.011101181985558326
DOWN_REVERSAL_LONG,2024,12,60,directional_close_extremity,Q2,0.0004,1592,0.00022062762757647878,0.0004940447620447499,0.5295226130653267,1.0641828340506279,-0.01072852306590527,0.010901181985558327
DOWN_REVERSAL_LONG,2024,12,60,directional_close_extremity,Q3,0.0,1571,0.00014806040134786116,0.000965077386019,0.5550604710375557,1.0412754289380228,-0.0108968310588452,0.0105037551367437
DOWN_REVERSAL_LONG,2024,12,60,directional_close_extremity,Q3,0.0002,1571,-5.193959865213873e-05,0.000765077386019,0.5442393380012731,0.9858750360540831,-0.011096831058845201,0.0103037551367437
DOWN_REVERSAL_LONG,2024,12,60,directional_close_extremity,Q3,0.0004,1571,-0.0002519395986521387,0.000565077386019,0.5353278166772756,0.9331587050886657,-0.0112968310588452,0.0101037551367437
DOWN_REVERSAL_LONG,2024,12,60,directional_close_extremity,Q4,0.0,1587,-0.00021877627882621888,0.0001338986833296,0.5059861373660995,0.9369715129433047,-0.010129596880952019,0.009494932736752998
DOWN_REVERSAL_LONG,2024,12,60,directional_close_extremity,Q4,0.0002,1587,-0.0004187762788262189,-6.610131667040002e-05,0.4959042218021424,0.882718375370291,-0.01032959688095202,0.009294932736752998
DOWN_REVERSAL_LONG,2024,12,60,directional_close_extremity,Q4,0.0004,1587,-0.000618776278826219,-0.0002661013166704,0.4845620667926906,0.8315233228794184,-0.010529596880952018,0.009094932736752999
DOWN_REVERSAL_LONG,2025,12,60,directional_close_extremity,Q1,0.0,1517,0.00034662500480103916,0.0006705502703154,0.5504284772577456,1.1002748310620398,-0.01088083292170532,0.010652825136137583
DOWN_REVERSAL_LONG,2025,12,60,directional_close_extremity,Q1,0.0002,1517,0.00014662500480103937,0.0004705502703154,0.5398813447593935,1.0413267225391156,-0.01108083292170532,0.010452825136137583
DOWN_REVERSAL_LONG,2025,12,60,directional_close_extremity,Q1,0.0004,1517,-5.3374995198960825e-05,0.00027055027031539994,0.5207646671061306,0.9853451324264392,-0.011280832921705319,0.010252825136137584
DOWN_REVERSAL_LONG,2025,12,60,directional_close_extremity,Q2,0.0,1575,0.00022170252015393127,0.0002106445723915,0.5168253968253969,1.0701784609238851,-0.009855095082483679,0.00993395449345638
DOWN_REVERSAL_LONG,2025,12,60,directional_close_extremity,Q2,0.0002,1575,2.170252015393129e-05,1.0644572391500004e-05,0.5009523809523809,1.0066624808773221,-0.01005509508248368,0.00973395449345638
DOWN_REVERSAL_LONG,2025,12,60,directional_close_extremity,Q2,0.0004,1575,-0.00017829747984606867,-0.0001893554276085,0.49333333333333335,0.9469055868898297,-0.010255095082483678,0.00953395449345638
DOWN_REVERSAL_LONG,2025,12,60,directional_close_extremity,Q3,0.0,1571,-9.938044798795171e-05,0.0002695293247907,0.5181413112667091,0.9685264147077467,-0.0094190637337846,0.0092785932001824
DOWN_REVERSAL_LONG,2025,12,60,directional_close_extremity,Q3,0.0002,1571,-0.0002993804479879516,6.952932479069998e-05,0.501591343093571,0.9080443497162834,-0.0096190637337846,0.0090785932001824
DOWN_REVERSAL_LONG,2025,12,60,directional_close_extremity,Q3,0.0004,1571,-0.0004993804479879518,-0.00013047067520930003,0.49013367281986,0.8512177307078862,-0.009819063733784598,0.0088785932001824
DOWN_REVERSAL_LONG,2025,12,60,directional_close_extremity,Q4,0.0,1621,-8.196259597933065e-05,0.0002109579111921,0.51326341764343,0.9736560284358797,-0.0093489524667718,0.0085827139133305
DOWN_REVERSAL_LONG,2025,12,60,directional_close_extremity,Q4,0.0002,1621,-0.00028196259597933063,1.0957911192099987e-05,0.500308451573103,0.9121557531284135,-0.009548952466771801,0.0083827139133305
DOWN_REVERSAL_LONG,2025,12,60,directional_close_extremity,Q4,0.0004,1621,-0.0004819625959793306,-0.00018904208880790002,0.48303516347933373,0.8544441019606897,-0.0097489524667718,0.008182713913330501
DOWN_REVERSAL_LONG,2026,12,60,directional_close_extremity,Q1,0.0,1025,0.0004633284044112943,0.0006051271580771,0.5375609756097561,1.1799365351142386,-0.00809948576622794,0.009180105893769821
DOWN_REVERSAL_LONG,2026,12,60,directional_close_extremity,Q1,0.0002,1025,0.00026332840441129456,0.00040512715807710005,0.5219512195121951,1.0986458480479964,-0.008299485766227941,0.00898010589376982
DOWN_REVERSAL_LONG,2026,12,60,directional_close_extremity,Q1,0.0004,1025,6.332840441129445e-05,0.0002051271580771,0.511219512195122,1.022897234356104,-0.00849948576622794,0.008780105893769822
DOWN_REVERSAL_LONG,2026,12,60,directional_close_extremity,Q2,0.0,937,0.000181413608117141,0.0005784184530575,0.5528281750266809,1.0735336673925056,-0.007230049044657379,0.007455071823429239
DOWN_REVERSAL_LONG,2026,12,60,directional_close_extremity,Q2,0.0002,937,-1.85863918828589e-05,0.0003784184530575,0.5389541088580576,0.9927329550257556,-0.007430049044657379,0.007255071823429239
DOWN_REVERSAL_LONG,2026,12,60,directional_close_extremity,Q2,0.0004,937,-0.000218586391882859,0.00017841845305749995,0.5208110992529349,0.9175667964541127,-0.007630049044657379,0.007055071823429238
DOWN_REVERSAL_LONG,2026,12,60,directional_close_extremity,Q3,0.0,962,-0.0004956386506177317,-4.61850651256035e-05,0.49272349272349275,0.8340455484139349,-0.009060961045081299,0.007735382635740328
DOWN_REVERSAL_LONG,2026,12,60,directional_close_extremity,Q3,0.0002,962,-0.0006956386506177316,-0.0002461850651256035,0.47713097713097713,0.7748430886084529,-0.0092609610450813,0.007535382635740329
DOWN_REVERSAL_LONG,2026,12,60,directional_close_extremity,Q3,0.0004,962,-0.0008956386506177316,-0.0004461850651256035,0.4656964656964657,0.7196873718841301,-0.009460961045081298,0.007335382635740328
DOWN_REVERSAL_LONG,2026,12,60,directional_close_extremity,Q4,0.0,896,-0.0004998643503702302,0.00011224902117594999,0.5089285714285714,0.8158960124074388,-0.00817748198227905,0.007102084130737801
DOWN_REVERSAL_LONG,2026,12,60,directional_close_extremity,Q4,0.0002,896,-0.0006998643503702302,-8.775097882405002e-05,0.49107142857142855,0.7513765558501634,-0.008377481982279049,0.0069020841307378
DOWN_REVERSAL_LONG,2026,12,60,directional_close_extremity,Q4,0.0004,896,-0.0008998643503702303,-0.00028775097882405005,0.4765625,0.6916311589960196,-0.008577481982279048,0.0067020841307378
UP_CONTINUATION_LONG,2024,6,30,abs_return_z,Q1,0.0,1752,-2.9685467306586782e-05,-0.00010131358090427746,0.488013698630137,0.9873616456005266,-0.006787182806361159,0.0075652343424054275
UP_CONTINUATION_LONG,2024,6,30,abs_return_z,Q1,0.0002,1752,-0.00022968546730658683,-0.0003013135809042775,0.4737442922374429,0.9063525335079844,-0.006987182806361159,0.007365234342405428
UP_CONTINUATION_LONG,2024,6,30,abs_return_z,Q1,0.0004,1752,-0.0004296854673065868,-0.0005013135809042775,0.4560502283105023,0.832134994076349,-0.0071871828063611596,0.007165234342405427
UP_CONTINUATION_LONG,2024,6,30,abs_return_z,Q2,0.0,1603,0.00016592738760426272,-1.7619395430434892e-05,0.4978165938864629,1.0762958497981954,-0.0065649656868503594,0.007351890057948278
UP_CONTINUATION_LONG,2024,6,30,abs_return_z,Q2,0.0002,1603,-3.407261239573733e-05,-0.0002176193954304349,0.4878353087960075,0.9850316304173697,-0.006764965686850359,0.007151890057948278
UP_CONTINUATION_LONG,2024,6,30,abs_return_z,Q2,0.0004,1603,-0.0002340726123957373,-0.0004176193954304349,0.46600124766063633,0.9016965162259819,-0.00696496568685036,0.006951890057948278
UP_CONTINUATION_LONG,2024,6,30,abs_return_z,Q3,0.0,1562,0.000266356308603353,3.18471576543633e-05,0.5025608194622279,1.1155319101729801,-0.00708443388194669,0.007950259441284246
UP_CONTINUATION_LONG,2024,6,30,abs_return_z,Q3,0.0002,1562,6.635630860335304e-05,-0.0001681528423456367,0.4833546734955186,1.0275706606445687,-0.00728443388194669,0.007750259441284246
UP_CONTINUATION_LONG,2024,6,30,abs_return_z,Q3,0.0004,1562,-0.00013364369139664701,-0.0003681528423456367,0.46094750320102434,0.9468066954270262,-0.0074844338819466906,0.007550259441284245
UP_CONTINUATION_LONG,2024,6,30,abs_return_z,Q4,0.0,1454,0.0008007970281499327,0.0004037769530987,0.5192572214580468,1.2903375026224706,-0.00792494256851437,0.01058400756965608
UP_CONTINUATION_LONG,2024,6,30,abs_return_z,Q4,0.0002,1454,0.0006007970281499328,0.0002037769530987,0.5103163686382394,1.2104102085032467,-0.00812494256851437,0.01038400756965608
UP_CONTINUATION_LONG,2024,6,30,abs_return_z,Q4,0.0004,1454,0.0004007970281499327,3.7769530986999918e-06,0.5,1.1356730096781065,-0.00832494256851437,0.010184007569656081
UP_CONTINUATION_LONG,2025,6,30,abs_return_z,Q1,0.0,1599,-0.00016263859540630312,-0.0002377538593474,0.47842401500938087,0.9306020853451087,-0.00713233679805824,0.006616087758773103
UP_CONTINUATION_LONG,2025,6,30,abs_return_z,Q1,0.0002,1599,-0.0003626385954063031,-0.0004377538593474,0.4634146341463415,0.8519592644871464,-0.007332336798058239,0.006416087758773103
UP_CONTINUATION_LONG,2025,6,30,abs_return_z,Q1,0.0004,1599,-0.0005626385954063032,-0.0006377538593474,0.450281425891182,0.7800389139459616,-0.00753233679805824,0.006216087758773103
UP_CONTINUATION_LONG,2025,6,30,abs_return_z,Q2,0.0,1613,9.525458544318595e-05,-2.1522501775561587e-05,0.49783013019218847,1.0449766685763953,-0.006354954599102179,0.0066476524890935595
UP_CONTINUATION_LONG,2025,6,30,abs_return_z,Q2,0.0002,1613,-0.00010474541455681403,-0.0002215225017755616,0.48543087414755115,0.9528074768611904,-0.0065549545991021784,0.00644765248909356
UP_CONTINUATION_LONG,2025,6,30,abs_return_z,Q2,0.0004,1613,-0.0003047454145568141,-0.0004215225017755616,0.47055176689398637,0.8688737882033564,-0.006754954599102179,0.006247652489093559
UP_CONTINUATION_LONG,2025,6,30,abs_return_z,Q3,0.0,1615,-0.00012023147483001002,-7.476449185062073e-05,0.4891640866873065,0.9474497928451735,-0.0067644184309912795,0.00665630260228061
UP_CONTINUATION_LONG,2025,6,30,abs_return_z,Q3,0.0002,1615,-0.00032023147483001003,-0.0002747644918506207,0.465015479876161,0.8661634725925117,-0.006964418430991279,0.0064563026022806105
UP_CONTINUATION_LONG,2025,6,30,abs_return_z,Q3,0.0004,1615,-0.00052023147483001,-0.00047476449185062075,0.4470588235294118,0.7920569090237846,-0.00716441843099128,0.00625630260228061
UP_CONTINUATION_LONG,2025,6,30,abs_return_z,Q4,0.0,1597,0.00047503306543431354,-0.0001479338571288,0.48778960551033185,1.1725217723197128,-0.008457014217076798,0.009443657330064874
UP_CONTINUATION_LONG,2025,6,30,abs_return_z,Q4,0.0002,1597,0.0002750330654343137,-0.00034793385712880004,0.4765184721352536,1.0962695768236725,-0.008657014217076799,0.009243657330064874
UP_CONTINUATION_LONG,2025,6,30,abs_return_z,Q4,0.0004,1597,7.503306543431362e-05,-0.0005479338571288,0.4633688165309956,1.0253248581706635,-0.008857014217076797,0.009043657330064875
UP_CONTINUATION_LONG,2026,6,30,abs_return_z,Q1,0.0,809,-7.847386545249909e-05,-0.0002374169040835,0.46971569839307786,0.9503200707872828,-0.0044278457450254586,0.004539882563713086
UP_CONTINUATION_LONG,2026,6,30,abs_return_z,Q1,0.0002,809,-0.00027847386545249906,-0.0004374169040835,0.44499381953028433,0.8350271817251157,-0.004627845745025458,0.004339882563713086
UP_CONTINUATION_LONG,2026,6,30,abs_return_z,Q1,0.0004,809,-0.0004784738654524991,-0.0006374169040835,0.415327564894932,0.734484204710014,-0.004827845745025459,0.004139882563713086
UP_CONTINUATION_LONG,2026,6,30,abs_return_z,Q2,0.0,943,-0.00024399913127252023,-0.0001009899823547,0.48568398727465534,0.8698571918545374,-0.0055281531298036,0.005222943476330806
UP_CONTINUATION_LONG,2026,6,30,abs_return_z,Q2,0.0002,943,-0.00044399913127252024,-0.0003009899823547,0.4602332979851538,0.7757849912080684,-0.0057281531298036,0.005022943476330807
UP_CONTINUATION_LONG,2026,6,30,abs_return_z,Q2,0.0004,943,-0.0006439991312725202,-0.0005009899823547,0.43478260869565216,0.6919646255389714,-0.0059281531298036,0.004822943476330806
UP_CONTINUATION_LONG,2026,6,30,abs_return_z,Q3,0.0,982,-6.470402719887718e-05,-0.0001120802313255,0.4816700610997963,0.9645808312650063,-0.00579246090555172,0.005529808680730767
UP_CONTINUATION_LONG,2026,6,30,abs_return_z,Q3,0.0002,982,-0.00026470402719887715,-0.0003120802313255,0.46334012219959264,0.8630382262913193,-0.005992460905551719,0.005329808680730767
UP_CONTINUATION_LONG,2026,6,30,abs_return_z,Q3,0.0004,982,-0.0004647040271988772,-0.0005120802313255,0.4409368635437882,0.772436911579873,-0.00619246090555172,0.0051298086807307665
UP_CONTINUATION_LONG,2026,6,30,abs_return_z,Q4,0.0,1109,0.000613342228152068,-0.0002052873818058,0.47971145175834085,1.2761006237343004,-0.007062973505977939,0.008399449776315583
UP_CONTINUATION_LONG,2026,6,30,abs_return_z,Q4,0.0002,1109,0.0004133422281520679,-0.0004052873818058,0.4598737601442741,1.177623571780397,-0.007262973505977939,0.008199449776315582
UP_CONTINUATION_LONG,2026,6,30,abs_return_z,Q4,0.0004,1109,0.00021334222815206792,-0.0006052873818058,0.43733092876465285,1.0875506032282898,-0.00746297350597794,0.007999449776315583
UP_CONTINUATION_LONG,2024,6,30,range_ratio,Q1,0.0,1780,5.4275550050226895e-05,-9.590232137507426e-05,0.4887640449438202,1.0260324114576453,-0.006322618933966929,0.006862488704402494
UP_CONTINUATION_LONG,2024,6,30,range_ratio,Q1,0.0002,1780,-0.00014572444994977312,-0.00029590232137507424,0.4752808988764045,0.9334170894130712,-0.006522618933966929,0.006662488704402494
UP_CONTINUATION_LONG,2024,6,30,range_ratio,Q1,0.0004,1780,-0.00034572444994977313,-0.0004959023213750742,0.4533707865168539,0.8494119230650266,-0.0067226189339669295,0.0064624887044024935
UP_CONTINUATION_LONG,2024,6,30,range_ratio,Q2,0.0,1667,0.0004713180069942821,0.0002136014853517,0.5206958608278345,1.2286531832670886,-0.00652349419491748,0.008364559631095243
UP_CONTINUATION_LONG,2024,6,30,range_ratio,Q2,0.0002,1667,0.0002713180069942821,1.3601485351699986e-05,0.5032993401319736,1.1256791493789808,-0.00672349419491748,0.008164559631095242
UP_CONTINUATION_LONG,2024,6,30,range_ratio,Q2,0.0004,1667,7.131800699428202e-05,-0.00018639851464830002,0.4793041391721656,1.0315449072156875,-0.00692349419491748,0.007964559631095243
UP_CONTINUATION_LONG,2024,6,30,range_ratio,Q3,0.0,1505,-0.00010410955961277775,-0.0003532241932546,0.4744186046511628,0.9611689186951924,-0.00772672296913772,0.00842646225988506
UP_CONTINUATION_LONG,2024,6,30,range_ratio,Q3,0.0002,1505,-0.0003041095596127777,-0.0005532241932546,0.46245847176079735,0.8909013622506763,-0.00792672296913772,0.00822646225988506
UP_CONTINUATION_LONG,2024,6,30,range_ratio,Q3,0.0004,1505,-0.0005041095596127776,-0.0007532241932546001,0.4504983388704319,0.825930407396126,-0.00812672296913772,0.008026462259885061
UP_CONTINUATION_LONG,2024,6,30,range_ratio,Q4,0.0,1419,0.0007531835003842784,0.000390640731344,0.5221987315010571,1.2651684123363585,-0.008269978956770958,0.010883470993972163
UP_CONTINUATION_LONG,2024,6,30,range_ratio,Q4,0.0002,1419,0.0005531835003842785,0.00019064073134399999,0.5130373502466525,1.1883578166282056,-0.008469978956770959,0.010683470993972162
UP_CONTINUATION_LONG,2024,6,30,range_ratio,Q4,0.0004,1419,0.0003531835003842784,-9.359268656000024e-06,0.4996476391825229,1.1163516976966708,-0.008669978956770958,0.010483470993972163
UP_CONTINUATION_LONG,2025,6,30,range_ratio,Q1,0.0,1647,0.00010317504055612506,-8.067769261799196e-05,0.49058894960534305,1.0523716269945642,-0.00596763255235648,0.0064614995893866635
UP_CONTINUATION_LONG,2025,6,30,range_ratio,Q1,0.0002,1647,-9.68249594438749e-05,-0.00028067769261799194,0.47358834244080145,0.953304146919039,-0.006167632552356479,0.006261499589386664
UP_CONTINUATION_LONG,2025,6,30,range_ratio,Q1,0.0004,1647,-0.00029682495944387494,-0.000480677692617992,0.461445051608986,0.8638310086259451,-0.00636763255235648,0.006061499589386663
UP_CONTINUATION_LONG,2025,6,30,range_ratio,Q2,0.0,1595,-0.00045269775145305674,-0.0002034036205845,0.47774294670846396,0.8043119229520586,-0.0070614021575565195,0.005662138125537465
UP_CONTINUATION_LONG,2025,6,30,range_ratio,Q2,0.0002,1595,-0.0006526977514530565,-0.0004034036205845,0.4633228840125392,0.7302314662531041,-0.007261402157556519,0.005462138125537465
UP_CONTINUATION_LONG,2025,6,30,range_ratio,Q2,0.0004,1595,-0.0008526977514530568,-0.0006034036205845,0.4470219435736677,0.6627613538999424,-0.00746140215755652,0.0052621381255374645
UP_CONTINUATION_LONG,2025,6,30,range_ratio,Q3,0.0,1590,0.00010444448576016011,-0.0001345328641822,0.4867924528301887,1.0455823715736356,-0.00715511305652133,0.007116862553807232
UP_CONTINUATION_LONG,2025,6,30,range_ratio,Q3,0.0002,1590,-9.555551423983988e-05,-0.0003345328641822,0.469811320754717,0.9601143170266652,-0.00735511305652133,0.006916862553807232
UP_CONTINUATION_LONG,2025,6,30,range_ratio,Q3,0.0004,1590,-0.0002955555142398399,-0.0005345328641822001,0.4559748427672956,0.8819351785387042,-0.007555113056521331,0.0067168625538072315
UP_CONTINUATION_LONG,2025,6,30,range_ratio,Q4,0.0,1592,0.0005302119317376545,-2.0073003094311925e-05,0.4981155778894472,1.1804373639868826,-0.00872442106611893,0.010184932658594353
UP_CONTINUATION_LONG,2025,6,30,range_ratio,Q4,0.0002,1592,0.0003302119317376545,-0.00022007300309431193,0.4836683417085427,1.10860789462437,-0.00892442106611893,0.009984932658594353
UP_CONTINUATION_LONG,2025,6,30,range_ratio,Q4,0.0004,1592,0.00013021193173765456,-0.00042007300309431194,0.4667085427135678,1.041397873865868,-0.009124421066118929,0.009784932658594354
UP_CONTINUATION_LONG,2026,6,30,range_ratio,Q1,0.0,733,-0.00013807187759847203,-0.0002081093267662,0.4733969986357435,0.9054497552367565,-0.00441413975849302,0.004066516311216981
UP_CONTINUATION_LONG,2026,6,30,range_ratio,Q1,0.0002,733,-0.000338071877598472,-0.0004081093267662,0.4461118690313779,0.7844303219890837,-0.00461413975849302,0.003866516311216981
UP_CONTINUATION_LONG,2026,6,30,range_ratio,Q1,0.0004,733,-0.0005380718775984721,-0.0006081093267662,0.41609822646657574,0.6801602740046119,-0.00481413975849302,0.003666516311216981
UP_CONTINUATION_LONG,2026,6,30,range_ratio,Q2,0.0,897,-0.00012275565643160604,-0.000274130174207,0.47045707915273133,0.9244635020116411,-0.00486069168747906,0.00479268117384972
UP_CONTINUATION_LONG,2026,6,30,range_ratio,Q2,0.0002,897,-0.00032275565643160605,-0.00047413017420699997,0.4459308807134894,0.8137928672324443,-0.00506069168747906,0.004592681173849721
UP_CONTINUATION_LONG,2026,6,30,range_ratio,Q2,0.0004,897,-0.0005227556564316061,-0.000674130174207,0.42028985507246375,0.7169017625599323,-0.00526069168747906,0.00439268117384972
UP_CONTINUATION_LONG,2026,6,30,range_ratio,Q3,0.0,1064,0.0002716548388795664,0.00012300192470445,0.5112781954887218,1.1476207011524513,-0.005302098954376849,0.0065177622747947615
UP_CONTINUATION_LONG,2026,6,30,range_ratio,Q3,0.0002,1064,7.165483887956648e-05,-7.699807529555001e-05,0.4906015037593985,1.036932989076124,-0.005502098954376849,0.006317762274794762
UP_CONTINUATION_LONG,2026,6,30,range_ratio,Q3,0.0004,1064,-0.00012834516112043357,-0.00027699807529555,0.45958646616541354,0.9372323475025207,-0.005702098954376849,0.006117762274794761
UP_CONTINUATION_LONG,2026,6,30,range_ratio,Q4,0.0,1149,0.00021354081801676193,-0.0003625158600688,0.46127067014795475,1.0870912115819944,-0.00771970600917316,0.008102824164467585
UP_CONTINUATION_LONG,2026,6,30,range_ratio,Q4,0.0002,1149,1.3540818016761977e-05,-0.0005625158600688,0.44386422976501305,1.0052866770333964,-0.00791970600917316,0.007902824164467585
UP_CONTINUATION_LONG,2026,6,30,range_ratio,Q4,0.0004,1149,-0.00018645918198323806,-0.0007625158600688,0.4290687554395126,0.9302590315143958,-0.00811970600917316,0.007702824164467585
UP_CONTINUATION_LONG,2024,6,30,volume_ratio_7d,Q1,0.0,1606,6.965053509545254e-05,4.817672209078694e-05,0.5037359900373599,1.0331009658843102,-0.00636316061550585,0.006857400400121
UP_CONTINUATION_LONG,2024,6,30,volume_ratio_7d,Q1,0.0002,1606,-0.0001303494649045474,-0.00015182327790921307,0.48941469489414696,0.9408800407188201,-0.00656316061550585,0.006657400400121
UP_CONTINUATION_LONG,2024,6,30,volume_ratio_7d,Q1,0.0004,1606,-0.00033034946490454744,-0.0003518232779092131,0.4663760896637609,0.8569507035874065,-0.00676316061550585,0.006457400400120999
UP_CONTINUATION_LONG,2024,6,30,volume_ratio_7d,Q2,0.0,1620,0.0003567741308975806,6.792027241075971e-06,0.5006172839506173,1.1552538012004656,-0.0069015828638336,0.008155240512288033
UP_CONTINUATION_LONG,2024,6,30,volume_ratio_7d,Q2,0.0002,1620,0.00015677413089758055,-0.00019320797275892404,0.4845679012345679,1.0653314593964023,-0.0071015828638336,0.007955240512288032
UP_CONTINUATION_LONG,2024,6,30,volume_ratio_7d,Q2,0.0004,1620,-4.322586910241945e-05,-0.00039320797275892405,0.4654320987654321,0.982742591294322,-0.0073015828638336,0.0077552405122880315
UP_CONTINUATION_LONG,2024,6,30,volume_ratio_7d,Q3,0.0,1641,4.549102233350301e-05,-0.0001313301113678,0.49055453991468617,1.0182939513591116,-0.007205133124427,0.0084273398865875
UP_CONTINUATION_LONG,2024,6,30,volume_ratio_7d,Q3,0.0002,1641,-0.00015450897766649692,-0.0003313301113678,0.4765386959171237,0.9403431161585183,-0.0074051331244269995,0.0082273398865875
UP_CONTINUATION_LONG,2024,6,30,volume_ratio_7d,Q3,0.0004,1641,-0.0003545089776664969,-0.0005313301113678,0.46008531383302864,0.8685125589429538,-0.007605133124427,0.008027339886587501
UP_CONTINUATION_LONG,2024,6,30,volume_ratio_7d,Q4,0.0,1504,0.0006847715940892798,0.00022618621696675,0.5106382978723404,1.2555473372244654,-0.007489703406608569,0.01048271268317538
UP_CONTINUATION_LONG,2024,6,30,volume_ratio_7d,Q4,0.0002,1504,0.00048477159408927983,2.6186216966749996e-05,0.5026595744680851,1.1744874756389763,-0.007689703406608569,0.01028271268317538
UP_CONTINUATION_LONG,2024,6,30,volume_ratio_7d,Q4,0.0004,1504,0.0002847715940892798,-0.00017381378303325,0.4886968085106383,1.0989055313074185,-0.007889703406608568,0.010082712683175381
UP_CONTINUATION_LONG,2025,6,30,volume_ratio_7d,Q1,0.0,1712,-0.0001178396097600258,-8.317177208516657e-05,0.49007009345794394,0.9423691195435784,-0.006037194870577629,0.005835037018141842
UP_CONTINUATION_LONG,2025,6,30,volume_ratio_7d,Q1,0.0002,1712,-0.0003178396097600258,-0.00028317177208516656,0.4725467289719626,0.8520605373891014,-0.006237194870577629,0.005635037018141842
UP_CONTINUATION_LONG,2025,6,30,volume_ratio_7d,Q1,0.0004,1712,-0.0005178396097600259,-0.0004831717720851666,0.4591121495327103,0.7703965834950598,-0.006437194870577629,0.0054350370181418415
UP_CONTINUATION_LONG,2025,6,30,volume_ratio_7d,Q2,0.0,1615,-5.839125773773303e-06,-1.2027170302908452e-05,0.4978328173374613,0.997365039197267,-0.00662179001616872,0.006758517524557121
UP_CONTINUATION_LONG,2025,6,30,volume_ratio_7d,Q2,0.0002,1615,-0.00020583912577377327,-0.00021202717030290846,0.4804953560371517,0.9112173117476698,-0.0068217900161687195,0.0065585175245571215
UP_CONTINUATION_LONG,2025,6,30,volume_ratio_7d,Q2,0.0004,1615,-0.00040583912577377336,-0.00041202717030290847,0.46439628482972134,0.8325609136360062,-0.00702179001616872,0.006358517524557121
UP_CONTINUATION_LONG,2025,6,30,volume_ratio_7d,Q3,0.0,1563,0.00017608115804828764,-0.0001467528767881,0.4856046065259117,1.072746296039142,-0.00760188694097,0.007548497376928198
UP_CONTINUATION_LONG,2025,6,30,volume_ratio_7d,Q3,0.0002,1563,-2.3918841951712268e-05,-0.0003467528767881,0.4708893154190659,0.9905260801283886,-0.00780188694097,0.0073484973769281986
UP_CONTINUATION_LONG,2025,6,30,volume_ratio_7d,Q3,0.0004,1563,-0.0002239188419517123,-0.0005467528767881,0.45873320537428025,0.9149174193537213,-0.00800188694097,0.007148497376928198
UP_CONTINUATION_LONG,2025,6,30,volume_ratio_7d,Q4,0.0,1534,0.0002568430612240206,-0.00034503297917815,0.4791395045632334,1.089685093886602,-0.00870110849148055,0.009617570616049852
UP_CONTINUATION_LONG,2025,6,30,volume_ratio_7d,Q4,0.0002,1534,5.684306122402059e-05,-0.00054503297917815,0.4661016949152542,1.0191426298823734,-0.00890110849148055,0.009417570616049852
UP_CONTINUATION_LONG,2025,6,30,volume_ratio_7d,Q4,0.0004,1534,-0.00014315693877597942,-0.00074503297917815,0.4485006518904824,0.9534909839165273,-0.009101108491480549,0.009217570616049853
UP_CONTINUATION_LONG,2026,6,30,volume_ratio_7d,Q1,0.0,842,-3.334157646095802e-05,-0.00011662750484334999,0.4833729216152019,0.9757916539862392,-0.004009887604581429,0.00397342614850482
UP_CONTINUATION_LONG,2026,6,30,volume_ratio_7d,Q1,0.0002,842,-0.00023334157646095788,-0.00031662750484335,0.45368171021377673,0.8427112848383078,-0.004209887604581429,0.00377342614850482
UP_CONTINUATION_LONG,2026,6,30,volume_ratio_7d,Q1,0.0004,842,-0.000433341576460958,-0.00051662750484335,0.42161520190023755,0.7284733951243403,-0.0044098876045814295,0.0035734261485048198
UP_CONTINUATION_LONG,2026,6,30,volume_ratio_7d,Q2,0.0,924,7.40724211858544e-05,0.0,0.49783549783549785,1.042826505303747,-0.005311705687615819,0.00598705575846486
UP_CONTINUATION_LONG,2026,6,30,volume_ratio_7d,Q2,0.0002,924,-0.00012592757881414564,-0.0002,0.474025974025974,0.9312701082884387,-0.005511705687615819,0.0057870557584648605
UP_CONTINUATION_LONG,2026,6,30,volume_ratio_7d,Q2,0.0004,924,-0.00032592757881414565,-0.0004,0.44264069264069267,0.8319878567944294,-0.005711705687615819,0.00558705575846486
UP_CONTINUATION_LONG,2026,6,30,volume_ratio_7d,Q3,0.0,955,-7.171054160571704e-05,-0.00026235267614,0.4680628272251309,0.9659312441426738,-0.00615477113769108,0.00647539436848216
UP_CONTINUATION_LONG,2026,6,30,volume_ratio_7d,Q3,0.0002,955,-0.00027171054160571697,-0.00046235267613999997,0.4523560209424084,0.8772216331810039,-0.006354771137691079,0.006275394368482161
UP_CONTINUATION_LONG,2026,6,30,volume_ratio_7d,Q3,0.0004,955,-0.0004717105416057171,-0.0006623526761400001,0.4324607329842932,0.7971001622813494,-0.00655477113769108,0.00607539436848216
UP_CONTINUATION_LONG,2026,6,30,volume_ratio_7d,Q4,0.0,1122,0.0003130079285277582,-0.0002344665421897,0.4714795008912656,1.1385156271953125,-0.0073485332718320594,0.007799856570133709
UP_CONTINUATION_LONG,2026,6,30,volume_ratio_7d,Q4,0.0002,1122,0.00011300792852775806,-0.00043446654218970004,0.45187165775401067,1.0477381096694238,-0.007548533271832059,0.00759985657013371
UP_CONTINUATION_LONG,2026,6,30,volume_ratio_7d,Q4,0.0004,1122,-8.699207147224183e-05,-0.0006344665421897,0.43404634581105167,0.9648978820182439,-0.00774853327183206,0.007399856570133709
UP_CONTINUATION_LONG,2024,6,30,directional_close_extremity,Q1,0.0,1489,0.00014251730375293997,4.732383701666621e-05,0.5016789791806582,1.0565898340745696,-0.00686384996335158,0.00835746136488358
UP_CONTINUATION_LONG,2024,6,30,directional_close_extremity,Q1,0.0002,1489,-5.7482696247059975e-05,-0.0001526761629833338,0.48690396239086636,0.9780554105759334,-0.00706384996335158,0.00815746136488358
UP_CONTINUATION_LONG,2024,6,30,directional_close_extremity,Q1,0.0004,1489,-0.00025748269624706,-0.0003526761629833338,0.46877098723975824,0.905484325587314,-0.00726384996335158,0.00795746136488358
UP_CONTINUATION_LONG,2024,6,30,directional_close_extremity,Q2,0.0,1576,0.0002104224801062121,-0.0002776045938065,0.4815989847715736,1.0876350071546235,-0.0072047409497871,0.0088963519095084
UP_CONTINUATION_LONG,2024,6,30,directional_close_extremity,Q2,0.0002,1576,1.0422480106212127e-05,-0.0004776045938065,0.4676395939086294,1.0041585931489654,-0.0074047409497871,0.0086963519095084
UP_CONTINUATION_LONG,2024,6,30,directional_close_extremity,Q2,0.0004,1576,-0.00018957751989378784,-0.0006776045938065,0.4498730964467005,0.9274954895918407,-0.0076047409497871,0.008496351909508402
UP_CONTINUATION_LONG,2024,6,30,directional_close_extremity,Q3,0.0,1660,0.0003757171038374189,3.18471576543633e-05,0.5030120481927711,1.1614551944216183,-0.00677333637393929,0.008631408570829053
UP_CONTINUATION_LONG,2024,6,30,directional_close_extremity,Q3,0.0002,1660,0.00017571710383741885,-0.0001681528423456367,0.49096385542168675,1.0723721563785524,-0.006973336373939289,0.008431408570829052
UP_CONTINUATION_LONG,2024,6,30,directional_close_extremity,Q3,0.0004,1660,-2.4282896162581178e-05,-0.0003681528423456367,0.4710843373493976,0.9904078903233582,-0.00717333637393929,0.008231408570829053
UP_CONTINUATION_LONG,2024,6,30,directional_close_extremity,Q4,0.0,1646,0.00038083572920492067,0.000273199618373,0.5176184690157959,1.1642774064027985,-0.006948749777303,0.008089592683529549
UP_CONTINUATION_LONG,2024,6,30,directional_close_extremity,Q4,0.0002,1646,0.00018083572920492072,7.3199618373e-05,0.5054678007290401,1.0748551080241027,-0.007148749777302999,0.00788959268352955
UP_CONTINUATION_LONG,2024,6,30,directional_close_extremity,Q4,0.0004,1646,-1.9164270795079406e-05,-0.000126800381627,0.488456865127582,0.9923837829061689,-0.007348749777303,0.007689592683529549
UP_CONTINUATION_LONG,2025,6,30,directional_close_extremity,Q1,0.0,1542,0.00036877227500069015,6.277120458608731e-05,0.5058365758754864,1.1504347230306942,-0.007742335539852729,0.007983238999476611
UP_CONTINUATION_LONG,2025,6,30,directional_close_extremity,Q1,0.0002,1542,0.00016877227500069016,-0.0001372287954139127,0.4883268482490272,1.0661287435167843,-0.007942335539852729,0.007783238999476612
UP_CONTINUATION_LONG,2025,6,30,directional_close_extremity,Q1,0.0004,1542,-3.122772499930987e-05,-0.0003372287954139127,0.4727626459143969,0.9882425665258057,-0.008142335539852727,0.007583238999476612
UP_CONTINUATION_LONG,2025,6,30,directional_close_extremity,Q2,0.0,1602,-0.00023430959228456138,-0.00031899139255074996,0.4737827715355805,0.9093754119335041,-0.00786981240663989,0.007091936103621852
UP_CONTINUATION_LONG,2025,6,30,directional_close_extremity,Q2,0.0002,1602,-0.0004343095922845613,-0.00051899139255075,0.46254681647940077,0.8386666207112194,-0.008069812406639891,0.006891936103621852
UP_CONTINUATION_LONG,2025,6,30,directional_close_extremity,Q2,0.0004,1602,-0.0006343095922845615,-0.0007189913925507499,0.4444444444444444,0.773559975961944,-0.00826981240663989,0.0066919361036218514
UP_CONTINUATION_LONG,2025,6,30,directional_close_extremity,Q3,0.0,1637,0.00013092200826156616,-0.0002218386877798,0.4844227244960293,1.0569446140452081,-0.0070669370698584,0.007470247247977043
UP_CONTINUATION_LONG,2025,6,30,directional_close_extremity,Q3,0.0002,1637,-6.90779917384338e-05,-0.0004218386877798,0.4715943799633476,0.9712580734789676,-0.0072669370698584,0.007270247247977043
UP_CONTINUATION_LONG,2025,6,30,directional_close_extremity,Q3,0.0004,1637,-0.00026907799173843383,-0.0006218386877798,0.46059865607819184,0.8928045005602545,-0.0074669370698584,0.0070702472479770425
UP_CONTINUATION_LONG,2025,6,30,directional_close_extremity,Q4,0.0,1643,3.069890272546093e-05,-8.067769261799196e-05,0.48995739500912966,1.0141277864410374,-0.00648980749194964,0.00678732750726474
UP_CONTINUATION_LONG,2025,6,30,directional_close_extremity,Q4,0.0002,1643,-0.00016930109727453905,-0.00028067769261799194,0.46865489957395007,0.9256512006316505,-0.00668980749194964,0.00658732750726474
UP_CONTINUATION_LONG,2025,6,30,directional_close_extremity,Q4,0.0004,1643,-0.00036930109727453906,-0.000480677692617992,0.4540474741326841,0.8451576931469412,-0.00688980749194964,0.00638732750726474
UP_CONTINUATION_LONG,2026,6,30,directional_close_extremity,Q1,0.0,1129,0.0002784941408803643,-0.0002232765838683,0.46944198405668736,1.1401493067552506,-0.0060805375309685395,0.006790774379617863
UP_CONTINUATION_LONG,2026,6,30,directional_close_extremity,Q1,0.0002,1129,7.849414088036439e-05,-0.0004232765838683,0.45172719220549157,1.037469832541737,-0.006280537530968539,0.006590774379617863
UP_CONTINUATION_LONG,2026,6,30,directional_close_extremity,Q1,0.0004,1129,-0.00012150585911963574,-0.0006232765838683,0.4286979627989371,0.9449358719562577,-0.00648053753096854,0.006390774379617862
UP_CONTINUATION_LONG,2026,6,30,directional_close_extremity,Q2,0.0,981,-0.00036784300141755034,-0.0003526922172584,0.46687054026503566,0.8314849961074059,-0.0068849442129939,0.0059232552150401
UP_CONTINUATION_LONG,2026,6,30,directional_close_extremity,Q2,0.0002,981,-0.0005678430014175503,-0.0005526922172584,0.44240570846075433,0.7522371908833556,-0.0070849442129938996,0.0057232552150401
UP_CONTINUATION_LONG,2026,6,30,directional_close_extremity,Q2,0.0004,981,-0.0007678430014175505,-0.0007526922172584,0.4138634046890928,0.6808525101500051,-0.0072849442129939,0.0055232552150401
UP_CONTINUATION_LONG,2026,6,30,directional_close_extremity,Q3,0.0,862,-0.00011281673829083725,-0.00018598552455629998,0.4791183294663573,0.9412082188002088,-0.00577826369732769,0.006098776343656189
UP_CONTINUATION_LONG,2026,6,30,directional_close_extremity,Q3,0.0002,862,-0.0003128167382908372,-0.0003859855245563,0.4547563805104408,0.8455429029715184,-0.00597826369732769,0.005898776343656189
UP_CONTINUATION_LONG,2026,6,30,directional_close_extremity,Q3,0.0004,862,-0.0005128167382908372,-0.0005859855245563,0.42691415313225056,0.7600080627074037,-0.00617826369732769,0.005698776343656189
UP_CONTINUATION_LONG,2026,6,30,directional_close_extremity,Q4,0.0,871,0.0005358929576506025,6.192238029623098e-05,0.5074626865671642,1.369146976925068,-0.0046685082872928,0.0055116111620485
UP_CONTINUATION_LONG,2026,6,30,directional_close_extremity,Q4,0.0002,871,0.00033589295765060266,-0.00013807761970376903,0.4856486796785304,1.216335495298141,-0.0048685082872927995,0.0053116111620485
UP_CONTINUATION_LONG,2026,6,30,directional_close_extremity,Q4,0.0004,871,0.0001358929576506026,-0.00033807761970376904,0.4661308840413318,1.0819871620008314,-0.0050685082872928,0.0051116111620485
UP_CONTINUATION_LONG,2024,12,60,abs_return_z,Q1,0.0,1752,-0.0002208828490367151,-4.756043656528597e-05,0.4960045662100457,0.9311851160446524,-0.009731474608945028,0.008870340599590822
UP_CONTINUATION_LONG,2024,12,60,abs_return_z,Q1,0.0002,1752,-0.000420882849036715,-0.00024756043656528595,0.4817351598173516,0.8729199016155311,-0.009931474608945029,0.008670340599590822
UP_CONTINUATION_LONG,2024,12,60,abs_return_z,Q1,0.0004,1752,-0.0006208828490367151,-0.000447560436565286,0.4657534246575342,0.8183043092929247,-0.010131474608945028,0.008470340599590823
UP_CONTINUATION_LONG,2024,12,60,abs_return_z,Q2,0.0,1603,0.0005249092171782091,0.0005008012820513,0.5321272613849033,1.1880321396804672,-0.00849998833768668,0.009678304179602299
UP_CONTINUATION_LONG,2024,12,60,abs_return_z,Q2,0.0002,1603,0.0003249092171782092,0.0003008012820513,0.5202744853399875,1.1125598063357445,-0.008699988337686681,0.009478304179602298
UP_CONTINUATION_LONG,2024,12,60,abs_return_z,Q2,0.0004,1603,0.00012490921717820926,0.00010080128205129999,0.5077978789769183,1.0418595762944527,-0.00889998833768668,0.0092783041796023
UP_CONTINUATION_LONG,2024,12,60,abs_return_z,Q3,0.0,1562,3.108369789195876e-05,-0.0003592194253175,0.47759282970550576,1.0094829807908736,-0.00956374650739804,0.0103891870048166
UP_CONTINUATION_LONG,2024,12,60,abs_return_z,Q3,0.0002,1562,-0.00016891630210804105,-0.0005592194253175001,0.46286811779769527,0.950078734584258,-0.00976374650739804,0.010189187004816599
UP_CONTINUATION_LONG,2024,12,60,abs_return_z,Q3,0.0004,1562,-0.00036891630210804117,-0.0007592194253175,0.4513444302176697,0.8943605374726347,-0.00996374650739804,0.0099891870048166
UP_CONTINUATION_LONG,2024,12,60,abs_return_z,Q4,0.0,1454,0.0010046838337957839,0.0003522421898932,0.517193947730399,1.2579132397504251,-0.011439048734834971,0.014596813442803367
UP_CONTINUATION_LONG,2024,12,60,abs_return_z,Q4,0.0002,1454,0.0008046838337957841,0.00015224218989319998,0.5068775790921596,1.2015257777313544,-0.011639048734834971,0.014396813442803367
UP_CONTINUATION_LONG,2024,12,60,abs_return_z,Q4,0.0004,1454,0.0006046838337957841,-4.7757810106800026e-05,0.4951856946354883,1.1477529848464112,-0.01183904873483497,0.014196813442803368
UP_CONTINUATION_LONG,2025,12,60,abs_return_z,Q1,0.0,1599,-0.00015660038702180478,6.872184245221291e-05,0.5046904315196998,0.9507130338230471,-0.0097906857114618,0.00946284540980564
UP_CONTINUATION_LONG,2025,12,60,abs_return_z,Q1,0.0002,1599,-0.00035660038702180474,-0.0001312781575477871,0.4878048780487805,0.8912080310068161,-0.0099906857114618,0.00926284540980564
UP_CONTINUATION_LONG,2025,12,60,abs_return_z,Q1,0.0004,1599,-0.0005566003870218048,-0.0003312781575477871,0.47592245153220764,0.835401671450047,-0.010190685711461799,0.00906284540980564
UP_CONTINUATION_LONG,2025,12,60,abs_return_z,Q2,0.0,1613,-7.3648749758205e-05,0.0002239405635398,0.5207687538747675,0.9752809514858488,-0.008857144113919418,0.008707776663104719
UP_CONTINUATION_LONG,2025,12,60,abs_return_z,Q2,0.0002,1613,-0.00027364874975820494,2.3940563539799994e-05,0.5027898326100434,0.9110660816865312,-0.009057144113919419,0.008507776663104719
UP_CONTINUATION_LONG,2025,12,60,abs_return_z,Q2,0.0004,1613,-0.0004736487497582049,-0.00017605943646020002,0.47985120892746436,0.850993070189697,-0.009257144113919417,0.00830777666310472
UP_CONTINUATION_LONG,2025,12,60,abs_return_z,Q3,0.0,1615,0.00011495667725039249,0.0001381597126277,0.5108359133126935,1.037105650881939,-0.00964220315788434,0.009665975946375496
UP_CONTINUATION_LONG,2025,12,60,abs_return_z,Q3,0.0002,1615,-8.50433227496075e-05,-6.184028737230002e-05,0.49473684210526314,0.973402780344556,-0.00984220315788434,0.009465975946375495
UP_CONTINUATION_LONG,2025,12,60,abs_return_z,Q3,0.0004,1615,-0.00028504332274960765,-0.00026184028737230006,0.4773993808049536,0.9136399038905595,-0.010042203157884339,0.009265975946375496
UP_CONTINUATION_LONG,2025,12,60,abs_return_z,Q4,0.0,1597,0.0004726873576075014,-8.026050265996787e-05,0.4946775203506575,1.126859399217788,-0.011044519305609618,0.01288885764085077
UP_CONTINUATION_LONG,2025,12,60,abs_return_z,Q4,0.0002,1597,0.0002726873576075014,-0.00028026050265996785,0.4815278647463995,1.07122674091153,-0.011244519305609619,0.01268885764085077
UP_CONTINUATION_LONG,2025,12,60,abs_return_z,Q4,0.0004,1597,7.26873576075014e-05,-0.0004802605026599679,0.47088290544771444,1.018479784270835,-0.011444519305609618,0.01248885764085077
UP_CONTINUATION_LONG,2026,12,60,abs_return_z,Q1,0.0,809,-0.0003023303674622256,-0.0003888450088098,0.45982694684796044,0.8672353862410705,-0.0071982858278394,0.006603766568000524
UP_CONTINUATION_LONG,2026,12,60,abs_return_z,Q1,0.0002,809,-0.0005023303674622256,-0.0005888450088098001,0.4437577255871446,0.7895330901153199,-0.0073982858278393996,0.006403766568000524
UP_CONTINUATION_LONG,2026,12,60,abs_return_z,Q1,0.0004,809,-0.0007023303674622256,-0.0007888450088098,0.4227441285537701,0.7191523712109572,-0.0075982858278394,0.006203766568000524
UP_CONTINUATION_LONG,2026,12,60,abs_return_z,Q2,0.0,943,-0.0001902325934064419,-0.0001365444025329,0.47613997879109227,0.9219725065105664,-0.00734540244449466,0.006836510516324762
UP_CONTINUATION_LONG,2026,12,60,abs_return_z,Q2,0.0002,943,-0.00039023259340644184,-0.0003365444025329,0.46447507953340406,0.8466070859451167,-0.0075454024444946595,0.0066365105163247624
UP_CONTINUATION_LONG,2026,12,60,abs_return_z,Q2,0.0004,943,-0.0005902325934064419,-0.0005365444025329,0.45068928950159065,0.7774576877614645,-0.00774540244449466,0.006436510516324762
UP_CONTINUATION_LONG,2026,12,60,abs_return_z,Q3,0.0,982,-0.0002451474361056158,-0.00023317261327115,0.4786150712830957,0.9067413153756139,-0.0083016156458376,0.00804127760577467
UP_CONTINUATION_LONG,2026,12,60,abs_return_z,Q3,0.0002,982,-0.0004451474361056159,-0.00043317261327115,0.46334012219959264,0.837182967771106,-0.008501615645837601,0.007841277605774669
UP_CONTINUATION_LONG,2026,12,60,abs_return_z,Q3,0.0004,982,-0.0006451474361056158,-0.00063317261327115,0.4429735234215886,0.7731178351710257,-0.0087016156458376,0.007641277605774668
UP_CONTINUATION_LONG,2026,12,60,abs_return_z,Q4,0.0,1109,0.0005455733001792313,-6.416096703409924e-05,0.49594229035166815,1.1754140624280844,-0.0093900529087663,0.01060974397925656
UP_CONTINUATION_LONG,2026,12,60,abs_return_z,Q4,0.0002,1109,0.0003455733001792313,-0.0002641609670340992,0.48512173128944996,1.1075899973761485,-0.0095900529087663,0.01040974397925656
UP_CONTINUATION_LONG,2026,12,60,abs_return_z,Q4,0.0004,1109,0.00014557330017923127,-0.00046416096703409926,0.4743011722272317,1.0438988762792714,-0.009790052908766299,0.010209743979256562
UP_CONTINUATION_LONG,2024,12,60,range_ratio,Q1,0.0,1780,-9.671103765030018e-05,0.0001197872804236,0.505056179775281,0.9672858661136401,-0.008791763809760341,0.008881493808295563
UP_CONTINUATION_LONG,2024,12,60,range_ratio,Q1,0.0002,1780,-0.00029671103765030015,-8.021271957640001e-05,0.49550561797752807,0.902911871075871,-0.008991763809760342,0.008681493808295563
UP_CONTINUATION_LONG,2024,12,60,range_ratio,Q1,0.0004,1780,-0.0004967110376503001,-0.00028021271957640005,0.4820224719101124,0.8427325114311477,-0.00919176380976034,0.008481493808295564
UP_CONTINUATION_LONG,2024,12,60,range_ratio,Q2,0.0,1667,0.0005672225665409847,0.000244043805863,0.5218956208758249,1.2041804452939018,-0.00863934631771794,0.01026879196859359
UP_CONTINUATION_LONG,2024,12,60,range_ratio,Q2,0.0002,1667,0.00036722256654098497,4.4043805862999986e-05,0.5050989802039592,1.1277034054054245,-0.00883934631771794,0.01006879196859359
UP_CONTINUATION_LONG,2024,12,60,range_ratio,Q2,0.0004,1667,0.00016722256654098488,-0.00015595619413700002,0.4913017396520696,1.0561901523297363,-0.009039346317717939,0.00986879196859359
UP_CONTINUATION_LONG,2024,12,60,range_ratio,Q3,0.0,1505,-0.00028631545064486586,-0.0003822295128962,0.4764119601328904,0.9205265134220357,-0.01104418502374056,0.010272856597096808
UP_CONTINUATION_LONG,2024,12,60,range_ratio,Q3,0.0002,1505,-0.00048631545064486574,-0.0005822295128962,0.45980066445182727,0.86887487133912,-0.01124418502374056,0.010072856597096808
UP_CONTINUATION_LONG,2024,12,60,range_ratio,Q3,0.0004,1505,-0.0006863154506448659,-0.0007822295128962001,0.4478405315614618,0.820243521459599,-0.011444185023740559,0.009872856597096809
UP_CONTINUATION_LONG,2024,12,60,range_ratio,Q4,0.0,1419,0.001142562463625715,0.0003630270874057,0.5172656800563777,1.2912151975581205,-0.01111627376119508,0.014655939545585781
UP_CONTINUATION_LONG,2024,12,60,range_ratio,Q4,0.0002,1419,0.0009425624636257153,0.0001630270874057,0.5088090204369274,1.2344220305604299,-0.011316273761195081,0.01445593954558578
UP_CONTINUATION_LONG,2024,12,60,range_ratio,Q4,0.0004,1419,0.0007425624636257151,-3.697291259430001e-05,0.49612403100775193,1.1802254789711353,-0.01151627376119508,0.014255939545585782
UP_CONTINUATION_LONG,2025,12,60,range_ratio,Q1,0.0,1647,-5.0596832807063865e-05,4.968532626703493e-05,0.50394656952034,0.9812361230979456,-0.00823259613038038,0.008217177283349919
UP_CONTINUATION_LONG,2025,12,60,range_ratio,Q1,0.0002,1647,-0.0002505968328070638,-0.00015031467373296509,0.4869459623557984,0.9104213139744805,-0.00843259613038038,0.008017177283349919
UP_CONTINUATION_LONG,2025,12,60,range_ratio,Q1,0.0004,1647,-0.0004505968328070638,-0.0003503146737329651,0.46751669702489373,0.8447250226779327,-0.00863259613038038,0.00781717728334992
UP_CONTINUATION_LONG,2025,12,60,range_ratio,Q2,0.0,1595,-0.0002249335199343106,0.0001699524133242,0.5153605015673981,0.9264341271207122,-0.00940065635544742,0.008688713860814141
UP_CONTINUATION_LONG,2025,12,60,range_ratio,Q2,0.0002,1595,-0.00042493351993431056,-3.0047586675800014e-05,0.496551724137931,0.8653555547034115,-0.00960065635544742,0.00848871386081414
UP_CONTINUATION_LONG,2025,12,60,range_ratio,Q2,0.0004,1595,-0.0006249335199343106,-0.00023004758667580002,0.47711598746081507,0.8082413494322795,-0.00980065635544742,0.008288713860814142
UP_CONTINUATION_LONG,2025,12,60,range_ratio,Q3,0.0,1590,8.689441651956152e-05,0.00022376035362865,0.519496855345912,1.0268153762587566,-0.009649610634091919,0.009986649513660982
UP_CONTINUATION_LONG,2025,12,60,range_ratio,Q3,0.0002,1590,-0.00011310558348043843,2.3760353628649993e-05,0.5031446540880503,0.9661162807055154,-0.00984961063409192,0.009786649513660982
UP_CONTINUATION_LONG,2025,12,60,range_ratio,Q3,0.0004,1590,-0.00031310558348043844,-0.00017623964637135002,0.48742138364779874,0.9089646000535594,-0.010049610634091918,0.009586649513660983
UP_CONTINUATION_LONG,2025,12,60,range_ratio,Q4,0.0,1592,0.000549797184241878,-0.0001127127924295,0.49246231155778897,1.1374064172753133,-0.01197664138558568,0.014275475856025578
UP_CONTINUATION_LONG,2025,12,60,range_ratio,Q4,0.0002,1592,0.00034979718424187815,-0.0003127127924295,0.4805276381909548,1.0852333269890857,-0.01217664138558568,0.014075475856025577
UP_CONTINUATION_LONG,2025,12,60,range_ratio,Q4,0.0004,1592,0.000149797184241878,-0.0005127127924295001,0.4723618090452261,1.0355918954831236,-0.012376641385585679,0.013875475856025579
UP_CONTINUATION_LONG,2026,12,60,range_ratio,Q1,0.0,733,-0.00034205686390914933,-0.0002659641001132,0.4638472032742155,0.8334066910616575,-0.00632521693818374,0.0055184026758612415
UP_CONTINUATION_LONG,2026,12,60,range_ratio,Q1,0.0002,733,-0.0005420568639091493,-0.0004659641001132,0.44747612551159616,0.7492836188122602,-0.006525216938183739,0.005318402675861242
UP_CONTINUATION_LONG,2026,12,60,range_ratio,Q1,0.0004,733,-0.0007420568639091492,-0.0006659641001132001,0.4229195088676671,0.6738575034691059,-0.00672521693818374,0.005118402675861241
UP_CONTINUATION_LONG,2026,12,60,range_ratio,Q2,0.0,897,-0.0001646473795739603,-0.0004089884107666,0.44816053511705684,0.9276460669074887,-0.00670462595340082,0.006932516443813119
UP_CONTINUATION_LONG,2026,12,60,range_ratio,Q2,0.0002,897,-0.00036464737957396027,-0.0006089884107666,0.4358974358974359,0.8472262536284095,-0.006904625953400819,0.006732516443813119
UP_CONTINUATION_LONG,2026,12,60,range_ratio,Q2,0.0004,897,-0.0005646473795739604,-0.0008089884107666001,0.41917502787068006,0.7742916109320652,-0.00710462595340082,0.0065325164438131186
UP_CONTINUATION_LONG,2026,12,60,range_ratio,Q3,0.0,1064,0.00017819585803963104,1.5622156616323934e-05,0.5009398496240601,1.06804050818411,-0.00885973307635049,0.009042647042656228
UP_CONTINUATION_LONG,2026,12,60,range_ratio,Q3,0.0002,1064,-2.1804141960368933e-05,-0.00018437784338367608,0.4859022556390977,0.9919837733360408,-0.00905973307635049,0.008842647042656228
UP_CONTINUATION_LONG,2026,12,60,range_ratio,Q3,0.0004,1064,-0.0002218041419603689,-0.0003843778433836761,0.4718045112781955,0.9214574489307277,-0.00925973307635049,0.008642647042656229
UP_CONTINUATION_LONG,2026,12,60,range_ratio,Q4,0.0,1149,0.00012980625983717911,-0.0001166861143524,0.4926022628372498,1.0388498406667093,-0.00972919986174822,0.010467241574474682
UP_CONTINUATION_LONG,2026,12,60,range_ratio,Q4,0.0002,1149,-7.019374016282076e-05,-0.0003166861143524,0.4821583986074848,0.9796171870924001,-0.009929199861748221,0.010267241574474681
UP_CONTINUATION_LONG,2026,12,60,range_ratio,Q4,0.0004,1149,-0.00027019374016282085,-0.0005166861143524,0.4699738903394256,0.9238634818470953,-0.01012919986174822,0.010067241574474682
UP_CONTINUATION_LONG,2024,12,60,volume_ratio_7d,Q1,0.0,1606,-7.825525083041124e-05,0.00020494888580060002,0.5130759651307597,0.974787069264946,-0.009444809024085999,0.0089793569058066
UP_CONTINUATION_LONG,2024,12,60,volume_ratio_7d,Q1,0.0002,1606,-0.00027825525083041106,4.948885800599992e-06,0.5,0.9131086238149166,-0.009644809024086001,0.008779356905806598
UP_CONTINUATION_LONG,2024,12,60,volume_ratio_7d,Q1,0.0004,1606,-0.00047825525083041126,-0.0001950511141994,0.48194271481942713,0.8552630167838744,-0.009844809024086,0.0085793569058066
UP_CONTINUATION_LONG,2024,12,60,volume_ratio_7d,Q2,0.0,1620,0.0001787928844895548,0.00012822105023245,0.5104938271604939,1.0577230732488416,-0.00968334858886959,0.00996346860864301
UP_CONTINUATION_LONG,2024,12,60,volume_ratio_7d,Q2,0.0002,1620,-2.1207115510445188e-05,-7.177894976755001e-05,0.49444444444444446,0.9933663002814711,-0.00988334858886959,0.00976346860864301
UP_CONTINUATION_LONG,2024,12,60,volume_ratio_7d,Q2,0.0004,1620,-0.00022120711551044527,-0.00027177894976755,0.4839506172839506,0.9329470304091525,-0.01008334858886959,0.009563468608643011
UP_CONTINUATION_LONG,2024,12,60,volume_ratio_7d,Q3,0.0,1641,0.00034097296620747795,-4.726940409038871e-05,0.49786715417428395,1.1069881145368026,-0.009759409079302,0.0108792364312868
UP_CONTINUATION_LONG,2024,12,60,volume_ratio_7d,Q3,0.0002,1641,0.00014097296620747802,-0.0002472694040903887,0.48567946374162096,1.042864147199159,-0.009959409079302,0.0106792364312868
UP_CONTINUATION_LONG,2024,12,60,volume_ratio_7d,Q3,0.0004,1641,-5.902703379252204e-05,-0.00044726940409038873,0.47227300426569163,0.9826025060221711,-0.010159409079301998,0.0104792364312868
UP_CONTINUATION_LONG,2024,12,60,volume_ratio_7d,Q4,0.0,1504,0.0008246692662797503,-6.115768072190164e-06,0.5,1.2195196300029094,-0.01041593154892514,0.013712027980120983
UP_CONTINUATION_LONG,2024,12,60,volume_ratio_7d,Q4,0.0002,1504,0.0006246692662797503,-0.00020611576807219017,0.4900265957446808,1.161931900662604,-0.01061593154892514,0.013512027980120982
UP_CONTINUATION_LONG,2024,12,60,volume_ratio_7d,Q4,0.0004,1504,0.00042466926627975033,-0.0004061157680721902,0.4800531914893617,1.1072211657788407,-0.010815931548925139,0.013312027980120983
UP_CONTINUATION_LONG,2025,12,60,volume_ratio_7d,Q1,0.0,1712,-0.00024177743275531662,0.00013278922525145,0.5116822429906542,0.9141824087982641,-0.0086467571126651,0.007934348660868193
UP_CONTINUATION_LONG,2025,12,60,volume_ratio_7d,Q1,0.0002,1712,-0.00044177743275531663,-6.721077474855001e-05,0.4947429906542056,0.8485297616225879,-0.0088467571126651,0.007734348660868193
UP_CONTINUATION_LONG,2025,12,60,volume_ratio_7d,Q1,0.0004,1712,-0.0006417774327553166,-0.00026721077474855,0.477803738317757,0.7874739812048401,-0.009046757112665098,0.007534348660868192
UP_CONTINUATION_LONG,2025,12,60,volume_ratio_7d,Q2,0.0,1615,7.14022641119922e-05,0.0002214348981399,0.518266253869969,1.0233120147846757,-0.00927439423768958,0.00989072444718992
UP_CONTINUATION_LONG,2025,12,60,volume_ratio_7d,Q2,0.0002,1615,-0.0001285977358880077,2.1434898139899988e-05,0.503405572755418,0.9593119233955774,-0.00947439423768958,0.00969072444718992
UP_CONTINUATION_LONG,2025,12,60,volume_ratio_7d,Q2,0.0004,1615,-0.0003285977358880078,-0.00017856510186010002,0.48297213622291024,0.8992624808466068,-0.00967439423768958,0.009490724447189921
UP_CONTINUATION_LONG,2025,12,60,volume_ratio_7d,Q3,0.0,1563,0.00034374543808489693,0.0001443001443002,0.5131158029430583,1.1045225565653536,-0.010238217715574559,0.010673780078432499
UP_CONTINUATION_LONG,2025,12,60,volume_ratio_7d,Q3,0.0002,1563,0.000143745438084897,-5.569985569980001e-05,0.4964811260396673,1.0424304040145527,-0.01043821771557456,0.010473780078432499
UP_CONTINUATION_LONG,2025,12,60,volume_ratio_7d,Q3,0.0004,1563,-5.6254561915103085e-05,-0.00025569985569980005,0.4836852207293666,0.9838810167468237,-0.010638217715574558,0.0102737800784325
UP_CONTINUATION_LONG,2025,12,60,volume_ratio_7d,Q4,0.0,1534,0.0002168653717472319,-0.00022061563675715,0.4869621903520209,1.0560980519245395,-0.01152965577181713,0.012987243444984243
UP_CONTINUATION_LONG,2025,12,60,volume_ratio_7d,Q4,0.0002,1534,1.6865371747232012e-05,-0.00042061563675715,0.47131681877444587,1.0042484282017803,-0.011729655771817131,0.012787243444984242
UP_CONTINUATION_LONG,2025,12,60,volume_ratio_7d,Q4,0.0004,1534,-0.00018313462825276792,-0.00062061563675715,0.4589308996088657,0.9550789078204569,-0.01192965577181713,0.012587243444984244
UP_CONTINUATION_LONG,2026,12,60,volume_ratio_7d,Q1,0.0,842,-0.00021695096309094414,-0.0002536504567091,0.4667458432304038,0.8913977731445936,-0.00619745439037513,0.00599364506880301
UP_CONTINUATION_LONG,2026,12,60,volume_ratio_7d,Q1,0.0002,842,-0.00041695096309094426,-0.0004536504567091,0.4513064133016627,0.8019913361139633,-0.006397454390375129,0.00579364506880301
UP_CONTINUATION_LONG,2026,12,60,volume_ratio_7d,Q1,0.0004,842,-0.0006169509630909443,-0.0006536504567091,0.4311163895486936,0.721806058392437,-0.00659745439037513,0.00559364506880301
UP_CONTINUATION_LONG,2026,12,60,volume_ratio_7d,Q2,0.0,924,2.9724588420788256e-05,-0.00020133142799500002,0.474025974025974,1.0122932559756908,-0.007667800107704699,0.008037834227905853
UP_CONTINUATION_LONG,2026,12,60,volume_ratio_7d,Q2,0.0002,924,-0.00017027541157921172,-0.000401331427995,0.4588744588744589,0.9325491424944446,-0.007867800107704699,0.007837834227905852
UP_CONTINUATION_LONG,2026,12,60,volume_ratio_7d,Q2,0.0004,924,-0.00037027541157921167,-0.000601331427995,0.44155844155844154,0.8594439202478162,-0.0080678001077047,0.007637834227905853
UP_CONTINUATION_LONG,2026,12,60,volume_ratio_7d,Q3,0.0,955,-1.8468390357138256e-05,-0.0001208897485491,0.48795811518324606,0.9935824147138972,-0.008929891615587299,0.00915874533146974
UP_CONTINUATION_LONG,2026,12,60,volume_ratio_7d,Q3,0.0002,955,-0.00021846839035713828,-0.0003208897485491,0.4743455497382199,0.926724285234428,-0.0091298916155873,0.00895874533146974
UP_CONTINUATION_LONG,2026,12,60,volume_ratio_7d,Q3,0.0004,955,-0.00041846839035713834,-0.0005208897485491001,0.4649214659685864,0.8644739456154347,-0.009329891615587298,0.00875874533146974
UP_CONTINUATION_LONG,2026,12,60,volume_ratio_7d,Q4,0.0,1122,0.00010086979393642706,-0.00017229211170299998,0.48484848484848486,1.0322679936634134,-0.00952187339425328,0.009442792137603379
UP_CONTINUATION_LONG,2026,12,60,volume_ratio_7d,Q4,0.0002,1122,-9.91302060635728e-05,-0.000372292111703,0.4750445632798574,0.9693078071783263,-0.00972187339425328,0.009242792137603378
UP_CONTINUATION_LONG,2026,12,60,volume_ratio_7d,Q4,0.0004,1122,-0.0002991302060635728,-0.000572292111703,0.4572192513368984,0.9103527742623108,-0.009921873394253279,0.00904279213760338
UP_CONTINUATION_LONG,2024,12,60,directional_close_extremity,Q1,0.0,1489,0.0002884098926540603,-8.978111364488228e-05,0.4949630624580255,1.0847242848230114,-0.009123084900340918,0.010303610574836803
UP_CONTINUATION_LONG,2024,12,60,directional_close_extremity,Q1,0.0002,1489,8.840989265406046e-05,-0.00028978111364488226,0.4822028206850235,1.025215466479846,-0.009323084900340919,0.010103610574836802
UP_CONTINUATION_LONG,2024,12,60,directional_close_extremity,Q1,0.0004,1489,-0.00011159010734593956,-0.0004897811136448822,0.46877098723975824,0.9690963460735977,-0.009523084900340918,0.009903610574836803
UP_CONTINUATION_LONG,2024,12,60,directional_close_extremity,Q2,0.0,1576,0.00016956209302395494,0.00011576126226584999,0.5076142131979695,1.0504234210331727,-0.0102827727329156,0.0113509116664947
UP_CONTINUATION_LONG,2024,12,60,directional_close_extremity,Q2,0.0002,1576,-3.0437906976044903e-05,-8.423873773415002e-05,0.49619289340101524,0.9912090922358934,-0.010482772732915601,0.0111509116664947
UP_CONTINUATION_LONG,2024,12,60,directional_close_extremity,Q2,0.0004,1576,-0.000230437906976045,-0.00028423873773415005,0.48286802030456855,0.935353358997106,-0.0106827727329156,0.0109509116664947
UP_CONTINUATION_LONG,2024,12,60,directional_close_extremity,Q3,0.0,1660,0.0005484581180677567,0.00018517628860099998,0.5114457831325301,1.168627931028508,-0.00982268206160602,0.011309261431297334
UP_CONTINUATION_LONG,2024,12,60,directional_close_extremity,Q3,0.0002,1660,0.000348458118067757,-1.4823711399000015e-05,0.49819277108433735,1.1039695817208373,-0.01002268206160602,0.011109261431297333
UP_CONTINUATION_LONG,2024,12,60,directional_close_extremity,Q3,0.0004,1660,0.00014845811806775682,-0.00021482371139900004,0.4867469879518072,1.0429900841619348,-0.01022268206160602,0.010909261431297335
UP_CONTINUATION_LONG,2024,12,60,directional_close_extremity,Q4,0.0,1646,0.00021670297041951936,8.522946691214006e-05,0.5066828675577156,1.0697356471305413,-0.009492661321469049,0.010088244974349899
UP_CONTINUATION_LONG,2024,12,60,directional_close_extremity,Q4,0.0002,1646,1.6702970419519326e-05,-0.00011477053308785995,0.49270959902794653,1.0052073642057775,-0.009692661321469051,0.0098882449743499
UP_CONTINUATION_LONG,2024,12,60,directional_close_extremity,Q4,0.0004,1646,-0.0001832970295804807,-0.00031477053308785996,0.4787363304981774,0.944627809661463,-0.00989266132146905,0.009688244974349901
UP_CONTINUATION_LONG,2025,12,60,directional_close_extremity,Q1,0.0,1542,0.00043344436988120423,0.00025706800483354995,0.5188067444876784,1.1255245767966637,-0.01034597117234869,0.011653769980753684
UP_CONTINUATION_LONG,2025,12,60,directional_close_extremity,Q1,0.0002,1542,0.00023344436988120414,5.706800483354997e-05,0.503242542153048,1.0657473711427223,-0.01054597117234869,0.011453769980753684
UP_CONTINUATION_LONG,2025,12,60,directional_close_extremity,Q1,0.0004,1542,3.344436988120424e-05,-0.00014293199516645004,0.490272373540856,1.0091594841111167,-0.01074597117234869,0.011253769980753685
UP_CONTINUATION_LONG,2025,12,60,directional_close_extremity,Q2,0.0,1602,-0.0001161145167963342,-6.771990578230414e-05,0.49563046192259674,0.9663019555590524,-0.01046262251722821,0.01020632158565784
UP_CONTINUATION_LONG,2025,12,60,directional_close_extremity,Q2,0.0002,1602,-0.00031611451679633407,-0.0002677199057823041,0.48002496878901374,0.9109010554588776,-0.01066262251722821,0.01000632158565784
UP_CONTINUATION_LONG,2025,12,60,directional_close_extremity,Q2,0.0004,1602,-0.0005161145167963342,-0.00046771990578230415,0.4637952559300874,0.8587505245451116,-0.010862622517228209,0.009806321585657841
UP_CONTINUATION_LONG,2025,12,60,directional_close_extremity,Q3,0.0,1637,-9.048912201330013e-05,-4.1664151229081625e-05,0.4972510690287111,0.9726373321052598,-0.01024527096663952,0.009791480783236465
UP_CONTINUATION_LONG,2025,12,60,directional_close_extremity,Q3,0.0002,1637,-0.0002904891220133,-0.00024166415122908163,0.4770922419059255,0.914800056495601,-0.01044527096663952,0.009591480783236465
UP_CONTINUATION_LONG,2025,12,60,directional_close_extremity,Q3,0.0004,1637,-0.0004904891220133002,-0.00044166415122908164,0.4593769089798412,0.8604957452175461,-0.010645270966639519,0.009391480783236466
UP_CONTINUATION_LONG,2025,12,60,directional_close_extremity,Q4,0.0,1643,0.00014431662929847598,0.0002765526327093,0.519780888618381,1.0517484501200511,-0.00826953433326156,0.00882545990394212
UP_CONTINUATION_LONG,2025,12,60,directional_close_extremity,Q4,0.0002,1643,-5.5683370701524024e-05,7.655263270929999e-05,0.5069993913572732,0.9807075829229802,-0.00846953433326156,0.00862545990394212
UP_CONTINUATION_LONG,2025,12,60,directional_close_extremity,Q4,0.0004,1643,-0.0002556833707015241,-0.00012344736729070002,0.49117468046256846,0.9143885105818009,-0.008669534333261559,0.00842545990394212
UP_CONTINUATION_LONG,2026,12,60,directional_close_extremity,Q1,0.0,1129,8.081732033325936e-05,-0.0001193370825067,0.491585473870682,1.0279589937251765,-0.00891641241356724,0.009446393270653641
UP_CONTINUATION_LONG,2026,12,60,directional_close_extremity,Q1,0.0002,1129,-0.00011918267966674064,-0.0003193370825067,0.4782993799822852,0.9601841417853879,-0.00911641241356724,0.00924639327065364
UP_CONTINUATION_LONG,2026,12,60,directional_close_extremity,Q1,0.0004,1129,-0.0003191826796667406,-0.0005193370825067,0.4641275465013286,0.8970157037704091,-0.009316412413567239,0.009046393270653642
UP_CONTINUATION_LONG,2026,12,60,directional_close_extremity,Q2,0.0,981,-0.00020805067776041652,-0.0002752635243447,0.46687054026503566,0.9258238364635895,-0.0090671101666205,0.0080955212049147
UP_CONTINUATION_LONG,2026,12,60,directional_close_extremity,Q2,0.0002,981,-0.00040805067776041655,-0.0004752635243447,0.45769622833843016,0.8598973719831179,-0.0092671101666205,0.007895521204914699
UP_CONTINUATION_LONG,2026,12,60,directional_close_extremity,Q2,0.0004,981,-0.0006080506777604164,-0.0006752635243447,0.4444444444444444,0.7988173243459402,-0.0094671101666205,0.007695521204914699
UP_CONTINUATION_LONG,2026,12,60,directional_close_extremity,Q3,0.0,862,-0.0005143582261759024,-0.00049429833434965,0.4396751740139211,0.8147663526172568,-0.00830434523224239,0.007371747825876706
UP_CONTINUATION_LONG,2026,12,60,directional_close_extremity,Q3,0.0002,862,-0.0007143582261759022,-0.0006942983343496501,0.425754060324826,0.7528004136385564,-0.00850434523224239,0.0071717478258767065
UP_CONTINUATION_LONG,2026,12,60,directional_close_extremity,Q3,0.0004,862,-0.0009143582261759022,-0.00089429833434965,0.4095127610208817,0.6958484176244919,-0.008704345232242389,0.006971747825876706
UP_CONTINUATION_LONG,2026,12,60,directional_close_extremity,Q4,0.0,871,0.00057010695289803,0.0001591517105561,0.5154994259471871,1.2816106801724905,-0.006605908618264,0.0080543167143714
UP_CONTINUATION_LONG,2026,12,60,directional_close_extremity,Q4,0.0002,871,0.00037010695289803,-4.084828944390001e-05,0.49827784156142363,1.1743380358083473,-0.006805908618263999,0.007854316714371399
UP_CONTINUATION_LONG,2026,12,60,directional_close_extremity,Q4,0.0004,871,0.00017010695289803,-0.00024084828944390002,0.4764638346727899,1.076428988552216,-0.007005908618264,0.007654316714371399
