timestamp,symbol,trade_return,pnl,equity,concurrent_after_exit
2024-01-09 21:45:00+00:00,BNBUSDT,-0.0083029164737782,-0.00207572911844455,0.9979242708815554,2
2024-01-09 21:45:00+00:00,BTCUSDT,-0.042265176126345595,-0.010566294031586399,0.9873579768499691,1
2024-01-09 21:45:00+00:00,SOLUSDT,-0.0618751767671981,-0.015468794191799525,0.9718891826581696,0
2024-01-10 21:30:00+00:00,BTCUSDT,-0.0077711458663047,-0.001888173151080072,0.9700010095070896,1
2024-01-10 21:55:00+00:00,ETHUSDT,-0.0029805123821057,-0.0007241819357368158,0.9692768275713527,0
2024-01-11 09:20:00+00:00,BNBUSDT,-0.0064971737059383,-0.0015743899794679712,0.9677024375918847,0
2024-01-12 15:00:00+00:00,ETHUSDT,0.0031671642897932,0.0007662181508717124,0.9684686557427564,0
2024-01-12 23:05:00+00:00,BNBUSDT,0.0055175622364302,0.0013358965205231383,0.9698045522632796,2
2024-01-12 23:05:00+00:00,BTCUSDT,0.0072151121605667,0.0017469024937943117,0.9715514547570738,1
2024-01-12 23:05:00+00:00,SOLUSDT,0.006585073298778599,0.0015943592714089071,0.9731458140284828,0
2024-01-15 12:55:00+00:00,BNBUSDT,-0.006129492798998,-0.001491222564865658,0.9716545914636171,0
2024-01-17 12:10:00+00:00,BNBUSDT,0.0014226585233267,0.00034558317156880935,0.972000174635186,0
2024-01-19 17:20:00+00:00,SOLUSDT,0.0090868332207969,0.002208100869373849,0.9742082755045598,0
2024-01-19 19:00:00+00:00,ETHUSDT,0.0039894412012022,0.0009716366582125086,0.9751799121627723,0
2024-01-22 15:05:00+00:00,ETHUSDT,-0.007108366567314501,-0.0017329840711836355,0.9734469280915887,0
2024-01-22 19:25:00+00:00,SOLUSDT,-0.0226289045151738,-0.0055070093965934545,0.9679399186949953,0
2024-01-23 10:05:00+00:00,BNBUSDT,0.0060465782241371,0.0014631811086635485,0.9694030998036588,0
2024-01-23 15:00:00+00:00,ETHUSDT,-0.0008326185260913,-0.00020178574503671495,0.9692013140586221,0
2024-01-25 10:35:00+00:00,BNBUSDT,0.0079018867924529,0.0019146297656969554,0.9711159438243191,0
2024-01-28 11:15:00+00:00,SOLUSDT,-0.0074300365118108004,-0.0018038567299540743,0.969312087094365,0
2024-01-29 16:20:00+00:00,BTCUSDT,0.0108265807616585,0.0026235838985447252,0.9719356709929098,0
2024-01-30 14:50:00+00:00,SOLUSDT,0.0021631497203404,0.000525610593724293,0.972461281586634,0
2024-01-30 19:05:00+00:00,ETHUSDT,-0.0023584604651553003,-0.0005733778716290831,0.971887903715005,0
2024-01-31 16:05:00+00:00,BNBUSDT,0.0052361239288069,0.0012722313771900285,0.973160135092195,1
2024-01-31 16:05:00+00:00,BTCUSDT,0.0034064906790669,0.0008276817712757582,0.9739878168634708,0
2024-01-31 17:20:00+00:00,ETHUSDT,-0.0011518186750049,-0.00028046433917264956,0.9737073525242982,0
2024-01-31 22:05:00+00:00,BNBUSDT,-0.0007668011604255,-0.00018665998195761832,0.9735206925423405,0
2024-02-01 12:45:00+00:00,BTCUSDT,-1.3395948958900043e-05,-3.260308376932554e-06,0.9735174322339636,0
2024-02-04 14:45:00+00:00,BNBUSDT,0.0045160315417861994,0.0010991088576118222,0.9746165410915754,0
2024-02-04 21:25:00+00:00,ETHUSDT,-0.0015395641058972,-0.00037512116091956827,0.9742414199306558,0
2024-02-05 00:55:00+00:00,BNBUSDT,-0.0034702900444211,-0.0008452250751120078,0.9733961948555439,0
2024-02-06 16:55:00+00:00,ETHUSDT,-0.0042768567768643,-0.001040769028135464,0.9723554258274084,0
2024-02-07 15:20:00+00:00,BTCUSDT,-0.0059844873297320005,-0.0014547621814650724,0.9709006636459433,0
2024-02-08 03:10:00+00:00,BNBUSDT,-0.0015526639344262,-0.00037687061108837973,0.9705237930348549,0
2024-02-08 14:20:00+00:00,SOLUSDT,0.010060900083376801,0.0024410857275658855,0.9729648787624208,0
2024-02-08 15:50:00+00:00,ETHUSDT,0.00031786337754729994,7.731747564958057e-05,0.9730421962380703,0
2024-02-09 09:25:00+00:00,BNBUSDT,-0.0034333044447194,-0.0008351875243109234,0.9722070087137594,0
2024-02-09 12:40:00+00:00,BTCUSDT,-0.0037090403572331,-0.0009014887577260515,0.9713055199560334,0
2024-02-09 15:05:00+00:00,BTCUSDT,-0.0081774764620638,-0.001985707006728276,0.9693198129493051,0
2024-02-09 18:55:00+00:00,BTCUSDT,-0.008429274435363699,-0.002042665679746275,0.9672771472695588,0
2024-02-12 15:40:00+00:00,SOLUSDT,0.009780890106000301,0.002365207869872256,0.9696423551394311,1
2024-02-12 16:05:00+00:00,BTCUSDT,0.008379743227431001,0.0020263835309702162,0.9716687386704013,0
2024-02-12 18:00:00+00:00,SOLUSDT,-0.0026993520007997,-0.0006557189884611171,0.9710130196819402,0
2024-02-12 21:25:00+00:00,ETHUSDT,-0.00033194089444803476,-8.05797325684776e-05,0.9709324399493717,0
2024-02-12 23:10:00+00:00,ETHUSDT,-0.0003849581083315453,-9.344207885016047e-05,0.9708389978705215,0
2024-02-13 00:40:00+00:00,SOLUSDT,0.011423757091603102,0.0027726572216820546,0.9736116550922036,0
2024-02-13 15:00:00+00:00,BTCUSDT,-0.0057803290270282,-0.001406948927745608,0.972204706164458,0
2024-02-14 09:25:00+00:00,BTCUSDT,0.0205426063900726,0.004992904652328162,0.9771976108167861,0
2024-02-14 14:55:00+00:00,SOLUSDT,-0.0054479087836984,-0.001330920861844465,0.9758666899549416,0
2024-02-15 00:55:00+00:00,BTCUSDT,-0.0006310046410932,-0.00015394410261245677,0.9757127458523291,1
2024-02-15 00:55:00+00:00,ETHUSDT,0.0051020877980596,0.0012447393828379798,0.9769574852351671,0
2024-02-15 15:05:00+00:00,BNBUSDT,0.008221884616450901,0.0020081079296953947,0.9789655931648625,1
2024-02-15 15:05:00+00:00,BTCUSDT,-0.007684536219123,-0.0018768662949582412,0.9770887268699043,0
2024-02-16 02:10:00+00:00,BNBUSDT,0.017243933674468,0.004212213300053752,0.9813009401699581,0
2024-02-17 21:55:00+00:00,BNBUSDT,-0.0044395480225988,-0.0010891331621264702,0.9802118070078316,1
2024-02-17 21:55:00+00:00,BTCUSDT,-0.0030156631611388002,-0.0007398182738153531,0.9794719887340163,0
2024-02-18 22:45:00+00:00,BTCUSDT,-0.0020860921322079,-0.0005108172023540141,0.9789611715316623,0
2024-02-19 13:40:00+00:00,SOLUSDT,-0.0021712060062388,-0.0005313815938760293,0.9784297899377863,0
2024-02-20 14:05:00+00:00,ETHUSDT,0.0050629097182288,0.0012384254230201454,0.9796682153608064,0
2024-02-21 08:25:00+00:00,BNBUSDT,0.0017469399135649,0.0004278553768661717,0.9800960707376726,0
2024-02-22 01:20:00+00:00,BNBUSDT,-0.0023604767879548,-0.0005783735062354954,0.9795176972314371,0
2024-02-22 21:00:00+00:00,BTCUSDT,0.0009531070455881,0.00023339630462737852,0.9797510935360645,2
2024-02-22 21:00:00+00:00,ETHUSDT,-0.0036753184429181,-0.0009000098644498421,0.9788510836716147,1
2024-02-22 21:00:00+00:00,SOLUSDT,0.0009031360873576,0.0002211594451437816,0.9790722431167584,0
2024-02-22 23:05:00+00:00,BTCUSDT,-0.0012197804076367,-0.00029856328495368446,0.9787736798318047,0
2024-02-26 16:30:00+00:00,ETHUSDT,0.003871061573148,0.0009472232952013908,0.9797209031270061,0
2024-02-26 19:45:00+00:00,BTCUSDT,0.0124391459378589,0.003046722823091938,0.982767625950098,0
2024-02-27 02:15:00+00:00,BTCUSDT,0.0230327874257085,0.005658969454344203,0.9884265954044422,0
2024-02-28 09:25:00+00:00,BNBUSDT,0.0095405057015371,0.0023575223922517466,0.990784117796694,0
2024-02-28 13:40:00+00:00,BTCUSDT,0.0074573026990378,0.0018471442689522678,0.9926312620656462,1
2024-02-28 13:50:00+00:00,BNBUSDT,0.0015177084597645001,0.00037593035934508734,0.9930071924249914,0
2024-02-28 18:15:00+00:00,BNBUSDT,-0.0079569810953978,-0.0019753348644299252,0.9910318575605614,1
2024-02-28 18:15:00+00:00,ETHUSDT,-0.0165157318968687,-0.004100060140438366,0.986931797420123,0
2024-02-28 21:05:00+00:00,BTCUSDT,-0.004393779366024701,-0.0010840901417945516,0.9858477072783285,0
2024-02-29 00:30:00+00:00,SOLUSDT,-0.013295554383232499,-0.0032768479514260224,0.9825708593269025,1
2024-02-29 00:50:00+00:00,ETHUSDT,0.0100503396579995,0.002477026077301817,0.9850478854042043,0
2024-02-29 01:30:00+00:00,SOLUSDT,-0.0070579083949656,-0.0017380944349593614,0.983309790969245,0
2024-02-29 07:55:00+00:00,SOLUSDT,0.010109713034941101,0.0024852449527867464,0.9857950359220318,0
2024-02-29 12:05:00+00:00,ETHUSDT,-0.0048136513811463,-0.0011863184090483137,0.9846087175129835,0
2024-03-01 02:10:00+00:00,SOLUSDT,0.0067992257296008995,0.0016736442314259053,0.9862823617444094,0
2024-03-04 08:40:00+00:00,BTCUSDT,0.0065345858999839995,0.001611236703614484,0.9878935984480239,0
2024-03-05 04:35:00+00:00,ETHUSDT,-0.0036117053567611,-0.0008919951503561819,0.9870016032976677,0
2024-03-05 08:45:00+00:00,BTCUSDT,0.0038799180709989,0.0009573713391848771,0.9879589746368526,0
2024-03-05 16:10:00+00:00,SOLUSDT,-0.0344764060239939,-0.008515318686157205,0.9794436559506954,0
2024-03-05 16:55:00+00:00,ETHUSDT,-0.009769202973446599,-0.002392095969009235,0.9770515599816861,0
2024-03-05 20:35:00+00:00,SOLUSDT,-0.0103551203590371,-0.002529371625148829,0.9745221883565373,0
2024-03-05 23:00:00+00:00,BTCUSDT,0.0032593527074937,0.0007940778832831413,0.9753162662398204,0
2024-03-07 11:55:00+00:00,SOLUSDT,-0.0146696629213483,-0.0035768902168615397,0.9717393760229588,0
2024-03-08 16:50:00+00:00,SOLUSDT,0.014061729074889801,0.003416083959259328,0.9751554599822181,0
2024-03-11 07:35:00+00:00,ETHUSDT,0.0157671041653947,0.0038438444287482534,0.9789993044109664,0
2024-03-12 15:05:00+00:00,BNBUSDT,0.0050001892849849995,0.0012237954579808704,0.9802230998689473,0
2024-03-12 18:05:00+00:00,BNBUSDT,0.010125723291680601,0.00248136696834659,0.9827044668372938,1
2024-03-12 18:05:00+00:00,ETHUSDT,0.009551341056813,0.0023406112846536967,0.9850450781219475,0
2024-03-14 16:15:00+00:00,ETHUSDT,-0.0049303870267132,-0.001214163368475035,0.9838309147534725,0
2024-03-14 19:30:00+00:00,BTCUSDT,-0.0072507405242826,-0.001783375670661256,0.9820475390828113,1
2024-03-14 19:30:00+00:00,ETHUSDT,-0.009104267213926799,-0.002239264885309413,0.9798082741975018,0
2024-03-14 20:20:00+00:00,BNBUSDT,0.0184168333908245,0.00451124143521167,0.9843195156327135,1
2024-03-14 20:35:00+00:00,ETHUSDT,0.0059657770800626,0.0014613294362657869,0.9857808450689792,0
2024-03-14 21:45:00+00:00,BTCUSDT,-0.0007785006029274,-0.00019185774556012053,0.9855889873234192,1
2024-03-14 21:45:00+00:00,ETHUSDT,-0.001372390321613,-0.0003382190227510378,0.9852507683006682,0
2024-03-15 03:30:00+00:00,BNBUSDT,-0.016560752458315602,-0.004079123520798157,0.98117164477987,2
2024-03-15 03:30:00+00:00,BTCUSDT,-0.0234906787330316,-0.005786052317405888,0.975385592462464,1
2024-03-15 03:30:00+00:00,SOLUSDT,-0.0325837417286726,-0.008025789143071305,0.9673598033193928,0
2024-03-15 04:45:00+00:00,SOLUSDT,-0.028958229153168803,-0.0070032567145218196,0.9603565466048709,0
2024-03-15 09:50:00+00:00,BNBUSDT,0.015432409030734602,0.003705153760637526,0.9640617003655084,2
2024-03-15 09:50:00+00:00,BTCUSDT,0.0112556904559235,0.0027023690039760244,0.9667640693694844,1
2024-03-15 09:50:00+00:00,ETHUSDT,0.009939669251355301,0.00238640660915655,0.969150475978641,0
2024-03-15 12:05:00+00:00,BNBUSDT,0.0103102690544163,0.0024980505403888525,0.9716485265190299,2
2024-03-15 12:05:00+00:00,ETHUSDT,0.007829632682696201,0.0018970230602932368,0.9735455495793232,1
2024-03-15 12:05:00+00:00,SOLUSDT,-0.0004942146327100879,-0.00011974208663164773,0.9734258074926915,0
2024-03-15 16:15:00+00:00,BNBUSDT,-0.0067621368700979,-0.0016456096357877874,0.9717801978569037,0
2024-03-15 19:15:00+00:00,BTCUSDT,0.0142557620217073,0.0034633668095139136,0.9752435646664176,0
2024-03-15 23:30:00+00:00,BNBUSDT,0.008317126782676801,0.002027806092830064,0.9772713707592476,0
2024-03-16 06:05:00+00:00,SOLUSDT,0.008517873583755302,0.0020810684982876322,0.9793524392575352,0
2024-03-16 23:55:00+00:00,BTCUSDT,-0.0087525660491952,-0.0021429617275105016,0.9772094775300247,1
2024-03-16 23:55:00+00:00,ETHUSDT,-0.0027017598695386,-0.0006614937796301871,0.9765479837503945,0
2024-03-17 23:10:00+00:00,SOLUSDT,-0.014148566836849499,-0.0034541886043707687,0.9730937951460238,0
2024-03-19 09:45:00+00:00,BNBUSDT,0.0009899220860575,0.00024082175990514034,0.9733346169059289,1
2024-03-19 09:45:00+00:00,ETHUSDT,-0.0018360381269653,-0.0004466593272503652,0.9728879575786785,0
2024-03-19 16:05:00+00:00,SOLUSDT,0.015533018320484199,0.003777971617212017,0.9766659291958906,0
2024-03-21 20:45:00+00:00,BTCUSDT,-0.0023610536275677,-0.000576490158762434,0.9760894390371281,1
2024-03-21 20:45:00+00:00,ETHUSDT,-0.0009406198148664,-0.00022966783137663978,0.9758597712057514,0
2024-03-27 13:35:00+00:00,BTCUSDT,0.0055831422639464,0.0013620909830759735,0.9772218621888273,0
2024-03-29 05:00:00+00:00,BNBUSDT,0.0063457241345187,0.001550295088917737,0.978772157277745,0
2024-03-31 05:45:00+00:00,ETHUSDT,0.006763440131507,0.0016549667220334954,0.9804271239997785,0
2024-03-31 19:10:00+00:00,BTCUSDT,-0.0011853082616398,-0.0002905270925031715,0.9801365969072753,0
2024-04-01 13:55:00+00:00,BNBUSDT,-0.0024111543011662,-0.0005908151428408447,0.9795457817644344,0
2024-04-03 14:35:00+00:00,BNBUSDT,0.0064687952777033,0.0015841202818429902,0.9811299020462774,3
2024-04-03 14:35:00+00:00,BTCUSDT,0.0033933732582986,0.000830991115279657,0.981960893161557,2
2024-04-03 14:35:00+00:00,ETHUSDT,0.0020840195735966,0.0005103481456077662,0.9824712413071648,1
2024-04-03 14:35:00+00:00,SOLUSDT,0.0029072823407974998,0.0007119540383316055,0.9831831953454964,0
2024-04-04 03:05:00+00:00,BNBUSDT,-0.0039725380552965,-0.0009764331647094994,0.9822067621807868,0
2024-04-04 21:00:00+00:00,ETHUSDT,0.0042409527087825,0.0010413731071637741,0.9832481352879506,0
2024-04-05 08:55:00+00:00,BTCUSDT,-0.0080439806054873,-0.001977307232659457,0.9812708280552912,0
2024-04-08 09:25:00+00:00,BTCUSDT,0.0022448194858637,0.0005506939689320315,0.9818215220242232,1
2024-04-08 09:25:00+00:00,ETHUSDT,0.0015473684210526,0.00037959687295822334,0.9822011188971814,0
2024-04-09 16:45:00+00:00,SOLUSDT,-0.0017735553243947,-0.00043549700601163197,0.9817656218911698,0
2024-04-10 14:25:00+00:00,BTCUSDT,0.009121700295243,0.0022388429407660276,0.9840044648319358,1
2024-04-10 14:25:00+00:00,ETHUSDT,0.005517928811562,0.0013543282028085925,0.9853587930347444,0
2024-04-11 13:05:00+00:00,BNBUSDT,0.0051916275809117994,0.0012789039717532851,0.9866376970064976,3
2024-04-11 13:05:00+00:00,BTCUSDT,0.0027190334529408997,0.0006698058803527346,0.9873075028868503,2
2024-04-11 13:05:00+00:00,ETHUSDT,-0.0003522965024918442,-8.678461412143135e-05,0.9872207182727288,1
2024-04-11 13:05:00+00:00,SOLUSDT,-0.0020061695465615,-0.000494199200755725,0.9867265190719731,0
2024-04-12 06:25:00+00:00,BNBUSDT,0.0029094583359977996,0.000717709924066011,0.9874442289960391,0
2024-04-12 19:15:00+00:00,BTCUSDT,0.0006952688592076,0.00017163480565630108,0.9876158638016954,1
2024-04-12 19:15:00+00:00,ETHUSDT,-0.0017484107352093,-0.0004316145225992863,0.9871842492790961,0
2024-04-12 20:35:00+00:00,SOLUSDT,0.009781084928040302,0.0024139332454556368,0.9895981825245518,0
2024-04-13 19:15:00+00:00,SOLUSDT,7.161842549839999e-05,1.771836592712166e-05,0.9896159008904789,0
2024-04-13 20:45:00+00:00,BNBUSDT,0.009112485136742001,0.0022544650469870087,0.9918703659374659,1
2024-04-13 20:45:00+00:00,ETHUSDT,0.0077177395584084,0.0019093994464831037,0.993779765383949,0
2024-04-13 22:05:00+00:00,BNBUSDT,0.016571870870303897,0.004117197486365926,0.9978969628703149,1
2024-04-13 22:30:00+00:00,SOLUSDT,0.0105276912345968,0.0026155516312880663,1.000512514501603,0
2024-04-13 23:05:00+00:00,ETHUSDT,0.0164019627427453,0.004102592246626426,1.0046151067482294,0
2024-04-14 22:35:00+00:00,BTCUSDT,0.0095715917465568,0.0024039414160544077,1.0070190481642838,2
2024-04-14 22:35:00+00:00,ETHUSDT,0.0098268173439128,0.002468042288737578,1.0094870904530213,1
2024-04-14 22:35:00+00:00,SOLUSDT,0.028534465851805798,0.0071665388644288975,1.0166536293174502,0
2024-04-17 16:45:00+00:00,BNBUSDT,-0.0117560454241817,-0.002987956561728782,1.0136656727557214,0
2024-04-19 07:10:00+00:00,BTCUSDT,0.027616206434870498,0.006998400118690971,1.0206640728744123,0
2024-04-23 10:55:00+00:00,BNBUSDT,-0.0048944187490807005,-0.0012488893436973984,1.0194151835307148,0
2024-04-25 09:40:00+00:00,BNBUSDT,-0.0015598464428651,-0.00039753278695826464,1.0190176507437565,0
2024-04-28 19:20:00+00:00,ETHUSDT,-0.006528461639595,-0.0016631544107377075,1.0173544963330188,0
2024-04-29 13:10:00+00:00,BNBUSDT,-0.0016069698257544,-0.0004087144944256816,1.0169457818385932,1
2024-04-29 13:10:00+00:00,BTCUSDT,0.00038287849533629993,9.738078969490137e-05,1.017043162628288,0
2024-04-30 20:35:00+00:00,BNBUSDT,-0.0020969612148143,-0.0005331750164558982,1.0165099876118322,1
2024-04-30 20:35:00+00:00,SOLUSDT,0.0013268382795871,0.00033736295004188524,1.016847350561874,0
2024-05-01 19:25:00+00:00,BTCUSDT,-0.019088977173254203,-0.0048526439658899065,1.0119947065959842,0
2024-05-02 11:35:00+00:00,ETHUSDT,-0.0026090571342503002,-0.000660088002266948,1.0113346185937173,0
2024-05-02 22:10:00+00:00,BTCUSDT,-0.0046828099534587005,-0.0011839719545570044,1.0101506466391603,1
2024-05-02 22:35:00+00:00,SOLUSDT,-0.0133560589674995,-0.003376861200452826,1.0067737854387075,0
2024-05-03 09:10:00+00:00,BNBUSDT,-0.0026603259813875,-0.0006695866146956095,1.006104198824012,0
2024-05-03 13:05:00+00:00,BNBUSDT,0.0127432704690999,0.0032052644814278618,1.0093094633054398,2
2024-05-03 13:05:00+00:00,ETHUSDT,0.010472415933816,0.0026340854107109414,1.0119435487161508,1
2024-05-03 13:05:00+00:00,SOLUSDT,0.0213276289072554,0.005364454248637508,1.0173080029647883,0
2024-05-03 13:35:00+00:00,BTCUSDT,0.00514930056884,0.0013096061695880173,1.0186176091343764,0
2024-05-04 02:00:00+00:00,BTCUSDT,-0.0116359373745989,-0.002963142677137816,1.0156544664572387,0
2024-05-04 04:35:00+00:00,SOLUSDT,-0.0063649916695806006,-0.0016161580545431633,1.0140383084026956,0
2024-05-09 02:55:00+00:00,BNBUSDT,0.0071720607784076995,0.001818186094874466,1.01585649449757,0
2024-05-10 16:40:00+00:00,ETHUSDT,-0.0026454065007255,-0.0006718383435870226,1.015184656153983,0
2024-05-12 18:10:00+00:00,BNBUSDT,-0.0013532888465203,-0.0003434595180829328,1.0148411966359001,0
2024-05-13 07:15:00+00:00,ETHUSDT,0.0026739778851993,0.0006784157291983978,1.0155196123650985,0
2024-05-13 08:25:00+00:00,BTCUSDT,0.008655295099865,0.0021974054811801104,1.0177170178462787,1
2024-05-13 08:25:00+00:00,ETHUSDT,0.009230257801899601,0.0023433769562537523,1.0200603948025324,0
2024-05-14 14:55:00+00:00,BNBUSDT,-0.012242910872036999,-0.0031221271244155696,1.016938267678117,3
2024-05-14 14:55:00+00:00,BTCUSDT,-0.0048759297498945,-0.0012434357064266992,1.0156948319716903,2
2024-05-14 14:55:00+00:00,ETHUSDT,-0.0065117197566336,-0.00166058685644878,1.0140342451152415,1
2024-05-14 14:55:00+00:00,SOLUSDT,-0.0102732562331863,-0.0026198354522828987,1.0114144096629587,0
2024-05-15 13:05:00+00:00,BNBUSDT,0.0009963798851479,0.00025193824333422744,1.0116663479062928,3
2024-05-15 13:05:00+00:00,BTCUSDT,-0.0005333166034066,-0.00013485102439948516,1.0115314968818934,2
2024-05-15 13:05:00+00:00,ETHUSDT,-0.001794752202419,-0.0004538095598252269,1.0110776873220682,1
2024-05-15 13:05:00+00:00,SOLUSDT,0.0025534445640475,0.0006456476565882982,1.0117233349786565,0
2024-05-15 20:15:00+00:00,ETHUSDT,-0.0020143331613142,-0.0005094869659307256,1.0112138480127257,0
2024-05-16 00:40:00+00:00,SOLUSDT,-0.0057754409541407,-0.0014600514678017264,1.009753796544924,0
2024-05-16 03:50:00+00:00,SOLUSDT,0.0028833366064414997,0.0007278650212678154,1.0104816615661918,0
2024-05-17 07:25:00+00:00,SOLUSDT,0.0042397885787061,0.0010710571519250756,1.0115527187181168,0
2024-05-17 08:45:00+00:00,ETHUSDT,-0.0053216444005214,-0.0013457809653496164,1.0102069377527672,0
2024-05-17 15:30:00+00:00,BTCUSDT,0.008354393294787701,0.0021099165167774337,1.0123168542695447,0
2024-05-17 16:00:00+00:00,ETHUSDT,-0.0005350365080845001,-0.00013540661869586572,1.0121814476508488,0
2024-05-20 16:35:00+00:00,BTCUSDT,-0.0031277284656895,-0.0007914571815650916,1.0113899904692838,0
2024-05-20 19:55:00+00:00,BNBUSDT,0.0126498986915759,0.0031984952292775887,1.0145884856985614,2
2024-05-20 19:55:00+00:00,BTCUSDT,0.0086938006014342,0.0021982057268565974,1.016786691425418,1
2024-05-20 19:55:00+00:00,ETHUSDT,0.0475288446382439,0.012017549431422393,1.0288042408568403,0
2024-05-20 21:05:00+00:00,BNBUSDT,-0.0031845221318573,-0.0008190624685893141,1.027985178388251,1
2024-05-20 21:05:00+00:00,ETHUSDT,0.00034630066480799995,8.906889814150337e-05,1.0280742472863924,0
2024-05-20 22:05:00+00:00,ETHUSDT,0.0185630961073976,0.004771060264479437,1.032845307550872,0
2024-05-21 00:50:00+00:00,BTCUSDT,-0.0047420178333372,-0.0012244427168712198,1.0316208648340006,0
2024-05-21 08:20:00+00:00,BNBUSDT,-0.0073433410658108,-0.0018938859652706925,1.02972697886873,0
2024-05-21 10:45:00+00:00,ETHUSDT,-0.0018970381181318,-0.0004883578325456698,1.0292386210361844,0
2024-05-21 12:55:00+00:00,ETHUSDT,-0.0041997951734459,-0.0010806478482379702,1.0281579731879464,0
2024-05-22 16:40:00+00:00,SOLUSDT,-0.009207198927819299,-0.002366613747091231,1.0257913594408552,0
2024-05-23 19:10:00+00:00,ETHUSDT,3.7895764884500005e-05,9.71828704448057e-06,1.0258010777278996,0
2024-05-23 20:50:00+00:00,BNBUSDT,0.007527885105082799,0.0019305281634514346,1.027731605891351,1
2024-05-23 20:50:00+00:00,ETHUSDT,0.0075526181181854,0.0019368709513254612,1.0296684768426765,0
2024-05-23 22:05:00+00:00,ETHUSDT,0.0025107779858357,0.0006463172360913921,1.0303147940787678,0
2024-05-30 14:20:00+00:00,BTCUSDT,0.0010744384531217001,0.00027675245839459855,1.0305915465371625,0
2024-05-30 18:50:00+00:00,BNBUSDT,-0.0014640597203517,-0.000377211892855006,1.0302143346443073,0
2024-05-31 13:05:00+00:00,BTCUSDT,-0.0017903785225705,-0.0004611184045978564,1.0297532162397094,0
2024-06-02 12:20:00+00:00,BTCUSDT,-0.0017513533363004,-0.0004508654327068706,1.0293023508070025,0
2024-06-03 06:45:00+00:00,BNBUSDT,0.0278046294495235,0.0071548426139280375,1.0364571934209306,0
2024-06-03 13:10:00+00:00,BTCUSDT,-0.0024538001034783,-0.0006358146921167769,1.0358213787288137,0
2024-06-04 16:50:00+00:00,BTCUSDT,-0.0009511925353588,-0.00024631639085297705,1.0355750623379607,0
2024-06-04 20:15:00+00:00,BNBUSDT,-0.0014442929390878,-0.0003739184376075312,1.0352011439003532,0
2024-06-05 18:35:00+00:00,ETHUSDT,0.0002802334002358,7.252448412079643e-05,1.035273668384474,0
2024-06-07 18:40:00+00:00,BNBUSDT,0.0040968833481746,0.0010603488632019962,1.036334017247676,3
2024-06-07 18:40:00+00:00,BTCUSDT,-0.0039524081034086,-0.0010229560090420859,1.035311061238634,2
2024-06-07 18:40:00+00:00,ETHUSDT,0.0014203701328296,0.0003676179494695607,1.0356786791881036,1
2024-06-07 18:40:00+00:00,SOLUSDT,-0.0031965248517841004,-0.0008273195023471657,1.0348513596857565,0
2024-06-12 13:05:00+00:00,BTCUSDT,0.0038919074102124994,0.001006886418807369,1.0358582461045638,2
2024-06-12 13:05:00+00:00,ETHUSDT,0.0064355648466145,0.001664963257966218,1.03752320936253,1
2024-06-12 13:05:00+00:00,SOLUSDT,0.010064066848851501,0.0026037033156255805,1.0401269126781556,0
2024-06-14 20:00:00+00:00,ETHUSDT,0.00036706048315989995,9.544737177881472e-05,1.0402223600499345,0
2024-06-14 21:50:00+00:00,ETHUSDT,0.016635189351112398,0.004326073981672919,1.0445484340316074,0
2024-06-17 16:55:00+00:00,BNBUSDT,0.0083387417551141,0.0021775549105246027,1.0467259889421319,1
2024-06-17 16:55:00+00:00,BTCUSDT,0.0015621154923403,0.00040792632282514343,1.047133915264957,0
2024-06-18 14:45:00+00:00,SOLUSDT,0.011418342776203901,0.0029891334942709325,1.050123048759228,0
2024-06-18 20:30:00+00:00,SOLUSDT,0.0101905609464609,0.002675335732416061,1.052798384491644,0
2024-06-19 01:35:00+00:00,ETHUSDT,0.0034720462143781,0.0009138411613443979,1.0537122256529883,0
2024-06-20 07:50:00+00:00,BTCUSDT,-0.0023056722577514,-0.0006073787615853946,1.0531048468914028,0
2024-06-20 11:30:00+00:00,BTCUSDT,0.0027423689533947,0.0007220005091961155,1.053826847400599,1
2024-06-20 11:30:00+00:00,SOLUSDT,0.008542552182844701,0.002249050777144122,1.0560758981777432,0
2024-06-24 08:55:00+00:00,BTCUSDT,-0.0010046875249293,-0.0002652565700694211,1.0558106416076738,0
2024-06-24 18:05:00+00:00,BTCUSDT,-0.0007402116946524,-0.00019538084606411348,1.0556152607616096,0
2024-06-25 10:25:00+00:00,BTCUSDT,-0.0034150018294914,-0.0009012320116849845,1.0547140287499246,2
2024-06-25 10:25:00+00:00,ETHUSDT,-0.0036915226318009003,-0.0009742069063939727,1.0537398218435305,1
2024-06-25 10:25:00+00:00,SOLUSDT,0.0028580887337185,0.0007542605209810183,1.0544940823645115,0
2024-06-25 15:50:00+00:00,BTCUSDT,0.0021291828793773998,0.0005613026866438249,1.0550553850511553,0
2024-06-26 02:15:00+00:00,BNBUSDT,0.0012662658467034,0.0003339951501176957,1.055389380201273,0
2024-06-26 20:25:00+00:00,ETHUSDT,-0.0073820177061854,-0.0019477257728914583,1.0534416544283816,0
2024-06-27 12:40:00+00:00,ETHUSDT,-0.0049882229794953005,-0.0013137004670443,1.0521279539613373,0
2024-06-28 16:25:00+00:00,SOLUSDT,-0.0116021552807171,-0.003051737974260652,1.0490762159870766,0
2024-06-30 23:00:00+00:00,BNBUSDT,0.0005243251570496001,0.00013751426292610603,1.0492137302500026,2
2024-06-30 23:00:00+00:00,BTCUSDT,-0.0012514897098421,-0.0003282270222869787,1.0488855032277156,1
2024-06-30 23:00:00+00:00,ETHUSDT,-0.0032766620312413,-0.0008593670512007877,1.0480261361765149,0
2024-07-03 11:10:00+00:00,BNBUSDT,8.210842082699999e-05,2.151294275671902e-05,1.0480476491192716,0
2024-07-03 21:40:00+00:00,BTCUSDT,0.005179985648598,0.0013572179453711748,1.0494048670646428,1
2024-07-03 21:40:00+00:00,ETHUSDT,0.0031006760241842,0.0008124140544566852,1.0502172811190995,0
2024-07-04 08:35:00+00:00,BNBUSDT,-0.001808027634889,-0.0004747054667253304,1.0497425756523742,0
2024-07-04 14:20:00+00:00,BTCUSDT,0.0018375940270225,0.0004822501717325044,1.0502248258241067,2
2024-07-04 14:20:00+00:00,ETHUSDT,-0.0018357823892314999,-0.000481774733402286,1.0497430510907044,1
2024-07-04 14:20:00+00:00,SOLUSDT,0.0058661649713084,0.0015394907815457538,1.0512825418722502,0
2024-07-05 00:50:00+00:00,BNBUSDT,-0.004806574765535,-0.0012632670343026625,1.0500192748379475,0
2024-07-05 02:20:00+00:00,BNBUSDT,-0.007734384858044,-0.0020303132949902407,1.0479889615429574,1
2024-07-05 02:20:00+00:00,ETHUSDT,-0.0087355940523711,-0.0022931355330373473,1.04569582600992,0
2024-07-05 03:50:00+00:00,BNBUSDT,-0.0065742801977467,-0.001718674340450849,1.0439771516694691,0
2024-07-05 04:55:00+00:00,BNBUSDT,0.0201313487084071,0.005254167020966923,1.049231318690436,2
2024-07-05 04:55:00+00:00,ETHUSDT,0.0066591438955163,0.00173799851914956,1.0509693172095855,1
2024-07-05 04:55:00+00:00,SOLUSDT,0.009858016836964101,0.002572886084640863,1.0535422032942263,0
2024-07-05 06:20:00+00:00,BTCUSDT,-0.0066080132164707,-0.0017404552008694772,1.0518017480933568,0
2024-07-05 07:15:00+00:00,BNBUSDT,-0.010698639484436199,-0.002813211927987651,1.0489885361653692,0
2024-07-05 09:45:00+00:00,BNBUSDT,0.021172084721043198,0.0055523185397740715,1.0545408547051434,1
2024-07-05 09:45:00+00:00,SOLUSDT,0.016424293112251,0.004307223797342784,1.058848078502486,0
2024-07-05 10:45:00+00:00,BNBUSDT,0.0033197377269669997,0.0008787744783328046,1.0597268529808188,2
2024-07-05 10:45:00+00:00,ETHUSDT,0.0009898968874526,0.0002620376042986943,1.0599888905851176,1
2024-07-05 10:45:00+00:00,SOLUSDT,0.0065646553468320995,0.00173774317500606,1.0617266337601237,0
2024-07-05 13:40:00+00:00,BTCUSDT,0.0109831424361012,0.0029152737116974227,1.0646419074718212,0
2024-07-06 01:05:00+00:00,SOLUSDT,-0.0193797820893782,-0.005158132042505961,1.0594837754293152,0
2024-07-08 02:00:00+00:00,BNBUSDT,0.0101305112122675,0.002683278066550545,1.0621670534958656,1
2024-07-08 02:00:00+00:00,BTCUSDT,0.0024480666009419998,0.0006484217112171101,1.0628154752070826,0
2024-07-09 14:45:00+00:00,BTCUSDT,-0.0044746823407381,-0.0011889404095930761,1.0616265347974896,2
2024-07-09 14:45:00+00:00,ETHUSDT,-0.0068775966952620005,-0.001827404049989386,1.0597991307475,1
2024-07-09 14:45:00+00:00,SOLUSDT,-0.0068335841539556,-0.0018157097474884778,1.0579834210000116,0
2024-07-11 13:05:00+00:00,BTCUSDT,-0.0065349693251533,-0.0017284723006889564,1.0562549486993227,1
2024-07-11 13:05:00+00:00,SOLUSDT,-0.0152879108788336,-0.004043589062882917,1.0522113596364397,0
2024-07-15 03:00:00+00:00,BNBUSDT,0.0019405606459222998,0.0005104699889257177,1.0527218296253655,2
2024-07-15 03:00:00+00:00,BTCUSDT,0.0036530872434664997,0.0009609549738296048,1.0536827845991952,1
2024-07-15 03:00:00+00:00,ETHUSDT,0.008195519910834202,0.0021558547870765923,1.0558386393862718,0
2024-07-15 08:15:00+00:00,BNBUSDT,-0.0032341740788935,-0.0008536914897493155,1.0549849478965225,0
2024-07-15 19:55:00+00:00,ETHUSDT,-0.0047408091713507005,-0.0012503705791561937,1.0537345773173663,0
2024-07-15 22:45:00+00:00,BTCUSDT,0.0039992387133007,0.0010535340287877904,1.0547881113461541,0
2024-07-18 16:40:00+00:00,ETHUSDT,0.0028485684523983997,0.0007511590344863862,1.0555392703806405,0
2024-07-19 06:35:00+00:00,SOLUSDT,0.0041284996830659,0.0010894483858075214,1.056628718766448,0
2024-07-19 14:10:00+00:00,BTCUSDT,0.0084416277988316,0.002229916591345666,1.0588586353577938,2
2024-07-19 14:10:00+00:00,ETHUSDT,0.0062088031824915,0.0016400999379472597,1.0604987352957411,1
2024-07-19 14:10:00+00:00,SOLUSDT,0.0125282913199222,0.0033094381014255516,1.0638081733971667,0
2024-07-21 17:20:00+00:00,SOLUSDT,-0.0035676716482074,-0.0009488295648400934,1.0628593438323266,0
2024-07-27 04:10:00+00:00,BNBUSDT,-0.0010332363511895,-0.00027454622756224484,1.0625847976047644,0
2024-07-27 21:00:00+00:00,BNBUSDT,0.0007066346203724999,0.0001877148012672581,1.0627725124060317,2
2024-07-27 21:00:00+00:00,BTCUSDT,0.0063155176000045995,0.0016776932476925538,1.0644502056537242,1
2024-07-27 21:25:00+00:00,ETHUSDT,0.0096293677619549,0.0025580049485996728,1.0670082106023238,0
2024-07-29 00:40:00+00:00,BTCUSDT,0.0009567335910935001,0.00025521064926395273,1.0672634212515877,0
2024-07-29 03:20:00+00:00,BNBUSDT,0.0011639188780143,0.0003105520109522128,1.06757397326254,0
2024-07-30 05:30:00+00:00,SOLUSDT,-0.0121529545244803,-0.003243544487144599,1.0643304287753954,0
2024-08-01 05:40:00+00:00,BNBUSDT,0.004648543689320299,0.0012368966245088582,1.0655673253999043,0
2024-08-02 07:10:00+00:00,BNBUSDT,0.0010057530443338,0.00026792439536589465,1.0658352497952701,0
2024-08-02 16:05:00+00:00,SOLUSDT,0.0054889566026236,0.0014625808579181805,1.0672978306531884,0
2024-08-02 21:50:00+00:00,ETHUSDT,0.0037253987607100995,0.0009940275039059913,1.0682918581570944,0
2024-08-03 17:00:00+00:00,BNBUSDT,-0.000494037991348661,-0.00013194419094451492,1.06815991396615,2
2024-08-03 17:00:00+00:00,BTCUSDT,-0.0021590163934426003,-0.000576614908685606,1.0675832990574643,1
2024-08-03 17:00:00+00:00,SOLUSDT,-0.0058107901937103,-0.0015519049633499497,1.0660313940941144,0
2024-08-04 18:20:00+00:00,BTCUSDT,0.0069996429905767,0.001865459793851394,1.0678968538879658,1
2024-08-04 18:20:00+00:00,ETHUSDT,0.000924242187529,0.0002463177969130334,1.0681431716848788,0
2024-08-05 00:50:00+00:00,BTCUSDT,-0.01810261404054,-0.004834045894262404,1.0633091257906164,1
2024-08-05 00:50:00+00:00,ETHUSDT,-0.0261046206405269,-0.006970868071650739,1.0563382577189657,0
2024-08-05 01:45:00+00:00,SOLUSDT,0.0275598349809295,0.007278127016694318,1.0636163847356601,2
2024-08-05 01:50:00+00:00,BNBUSDT,-0.0168794496691048,-0.0044576021136792845,1.0591587826219808,1
2024-08-05 01:50:00+00:00,BTCUSDT,0.0063473354647161995,0.001676233321489028,1.0608350159434699,0
2024-08-05 02:55:00+00:00,BNBUSDT,0.0019080337328005001,0.0005060272488390242,1.061341043192309,3
2024-08-05 02:55:00+00:00,BTCUSDT,0.0009826394974629,0.0002606045967394347,1.0616016477890484,2
2024-08-05 02:55:00+00:00,ETHUSDT,0.008618542227331601,0.002285712845285197,1.0638873606343335,1
2024-08-05 02:55:00+00:00,SOLUSDT,-0.0043678877918244,-0.0011584020788198313,1.0627289585555137,0
2024-08-05 05:55:00+00:00,BNBUSDT,-0.0016380493844144,-0.00043520062909030395,1.0622937579264236,1
2024-08-05 05:55:00+00:00,BTCUSDT,-0.006625485039299,-0.0017602737039348409,1.0605334842224887,0
2024-08-05 06:40:00+00:00,SOLUSDT,-0.0491004518338395,-0.013018168315060074,1.0475153159074286,2
2024-08-05 07:00:00+00:00,BNBUSDT,0.0302281701131485,0.00801449664294187,1.0555298125503705,1
2024-08-05 07:00:00+00:00,BTCUSDT,0.0306357928414317,0.008122571031010484,1.063652383581381,0
2024-08-05 07:50:00+00:00,SOLUSDT,0.016200523097994197,0.004307931252111687,1.0679603148334926,0
2024-08-05 10:30:00+00:00,BTCUSDT,-0.028659213453475302,-0.0076517256556634375,1.0603085891778292,0
2024-08-05 11:15:00+00:00,SOLUSDT,-0.0203789248262148,-0.005401987257861214,1.054906601919968,0
2024-08-05 11:45:00+00:00,BTCUSDT,-0.0123250129177964,-0.003250434373933077,1.051656167546035,1
2024-08-05 11:45:00+00:00,ETHUSDT,-0.014271862133814699,-0.003763870396663182,1.0478922971493718,0
2024-08-05 12:15:00+00:00,SOLUSDT,0.0245900482108895,0.0064419305266807,1.0543342276760526,0
2024-08-05 14:20:00+00:00,BTCUSDT,0.0272744315317543,0.007189091676083886,1.0615233193521365,1
2024-08-05 14:20:00+00:00,SOLUSDT,0.0555740779131738,0.014648413128848717,1.0761717324809852,0
2024-08-08 13:05:00+00:00,BNBUSDT,-0.0087886189026235,-0.002364515807637867,1.0738072166733472,3
2024-08-08 13:05:00+00:00,BTCUSDT,-0.0079532350567434,-0.0021397616874610126,1.0716674549858862,2
2024-08-08 13:05:00+00:00,ETHUSDT,-0.0175355377013554,-0.004717812497013319,1.066949642488873,1
2024-08-08 13:05:00+00:00,SOLUSDT,-0.0179224484633867,-0.004821908103286009,1.0621277343855868,0
2024-08-08 22:15:00+00:00,BTCUSDT,0.0026335592659944,0.0006992940841402003,1.062827028469727,0
2024-08-12 14:40:00+00:00,BNBUSDT,0.0281168481792938,0.007470836550083321,1.0702978650198103,1
2024-08-12 14:40:00+00:00,ETHUSDT,0.0249147774966286,0.006620024732931549,1.0769178897527418,0
2024-08-12 23:50:00+00:00,ETHUSDT,-0.0071718776040435,-0.0019308808237278692,1.0749870089290139,1
2024-08-12 23:50:00+00:00,SOLUSDT,-0.0045145278138006,-0.0012154439416170503,1.073771564987397,0
2024-08-16 03:05:00+00:00,ETHUSDT,-0.0062700515887964,-0.0016831507767634062,1.0720884142106335,0
2024-08-16 13:50:00+00:00,BTCUSDT,-0.0032113367838171,-0.0008607092400146877,1.071227704970619,2
2024-08-16 13:50:00+00:00,ETHUSDT,-0.0025361703106841003,-0.0006797497016373517,1.0705479552689816,1
2024-08-16 13:50:00+00:00,SOLUSDT,-0.0035459241152087,-0.0009503860403963347,1.0695975692285853,0
2024-08-17 15:45:00+00:00,BNBUSDT,-0.0035976203755345004,-0.000962001502169733,1.0686355677264157,0
2024-08-18 10:50:00+00:00,SOLUSDT,-0.0130368766413197,-0.0034829175177439812,1.0651526502086717,0
2024-08-19 18:05:00+00:00,BTCUSDT,-0.004994560823474901,-0.001329992424438174,1.0638226577842336,1
2024-08-19 18:05:00+00:00,SOLUSDT,-0.0166486898980003,-0.00443334904183934,1.0593893087423942,0
2024-08-20 00:55:00+00:00,SOLUSDT,0.0106110454980809,0.002810307038811505,1.0621996157812057,0
2024-08-20 05:50:00+00:00,ETHUSDT,-0.0060278905626031005,-0.0016007057598920423,1.0605989100213136,0
2024-08-20 15:50:00+00:00,BNBUSDT,-0.008686951144093999,-0.0023033427287086246,1.0582955672926049,1
2024-08-20 15:50:00+00:00,ETHUSDT,-0.0047126642896686,-0.0012495616522297213,1.0570460056403752,0
2024-08-21 14:30:00+00:00,BNBUSDT,-0.0049329769558621,-0.0013035958967775125,1.0557424097435977,3
2024-08-21 14:30:00+00:00,BTCUSDT,-0.0060423611111111,-0.001596763419284182,1.0541456463243135,2
2024-08-21 14:30:00+00:00,ETHUSDT,0.0021840789879664997,0.0005771679925582655,1.0547228143168719,1
2024-08-21 14:30:00+00:00,SOLUSDT,-0.0023401114501979,-0.000618401365296249,1.0541044129515755,0
2024-08-23 14:35:00+00:00,BTCUSDT,0.0005759836567395,0.00015178672858927311,1.0542561996801647,0
2024-08-23 20:35:00+00:00,SOLUSDT,-0.0032234578431955003,-0.0008495876038991271,1.0534066120762655,0
2024-08-23 22:20:00+00:00,BNBUSDT,2.054266825899997e-05,5.409945643429948e-06,1.053412022021909,0
2024-08-27 01:35:00+00:00,BTCUSDT,0.0016128160390826002,0.00042473995121984203,1.0538367619731288,0
2024-08-27 16:45:00+00:00,ETHUSDT,-0.0063861214969565,-0.001682482399979907,1.0521542795731489,0
2024-08-28 10:25:00+00:00,BTCUSDT,-1.771658275360002e-05,-4.660144590903026e-06,1.052149619428558,1
2024-08-28 10:25:00+00:00,ETHUSDT,0.0042395588042193995,0.0011151674848403658,1.0532647869133984,0
2024-08-28 17:00:00+00:00,BNBUSDT,0.0136634180550027,0.003597799276552775,1.0568625861899512,2
2024-08-28 17:00:00+00:00,ETHUSDT,0.0119250924381934,0.0031400699864590877,1.0600026561764102,1
2024-08-28 17:00:00+00:00,SOLUSDT,0.005264426696689199,0.001386208815727389,1.0613888649921377,0
2024-08-28 19:25:00+00:00,BTCUSDT,-0.0007755239232313,-0.0002057831141631798,1.0611830818779746,1
2024-08-28 19:25:00+00:00,SOLUSDT,0.0021289793316567,0.0005649187391047061,1.0617480006170794,0
2024-09-02 08:45:00+00:00,SOLUSDT,0.0085203990133264,0.0022616291542147606,1.0640096297712942,0
2024-09-02 21:25:00+00:00,BNBUSDT,-0.0024994496037525,-0.0006648596118801765,1.063344770159414,1
2024-09-02 21:25:00+00:00,BTCUSDT,0.0023863169156181,0.0006347660444759478,1.06397953620389,0
2024-09-04 01:40:00+00:00,BNBUSDT,0.0113007609447574,0.003005944597188503,1.0669854808010784,1
2024-09-04 01:40:00+00:00,BTCUSDT,0.0112101545104077,0.0029818437491893825,1.0699673245502677,0
2024-09-05 14:10:00+00:00,BTCUSDT,0.0004239716133013,0.00011340894319231315,1.07008073349346,0
2024-09-06 19:35:00+00:00,ETHUSDT,-0.0030470100003138004,-0.0008151366740244248,1.0692655968194356,0
2024-09-07 05:40:00+00:00,ETHUSDT,-0.0032697503625758,-0.0008740578932225447,1.068391538926213,0
2024-09-08 22:50:00+00:00,BTCUSDT,-0.0026216556797902003,-0.0007002386865664249,1.0676913002396466,0
2024-09-09 16:45:00+00:00,BTCUSDT,0.0058625138446288,0.0015648387573611632,1.0692561389970079,2
2024-09-09 16:45:00+00:00,ETHUSDT,-0.0019323795665555999,-0.0005157962129930683,1.0687403427840148,1
2024-09-09 16:45:00+00:00,SOLUSDT,0.0041511757843681,0.0011080435676838279,1.0698483863516985,0
2024-09-10 15:00:00+00:00,SOLUSDT,-0.005971543177619601,-0.001597161458151456,1.0682512248935472,0
2024-09-10 17:45:00+00:00,SOLUSDT,-0.0028904130118572,-0.0007719218100911753,1.067479303083456,0
2024-09-11 15:30:00+00:00,ETHUSDT,0.0012718931374415,0.0003394298999881707,1.067818732983444,0
2024-09-12 02:30:00+00:00,BNBUSDT,-0.0064312746338153004,-0.0017168588827373044,1.066101874100707,1
2024-09-12 02:30:00+00:00,BTCUSDT,-0.0035864722895629,-0.0009574255740303219,1.0651444485266766,0
2024-09-13 15:55:00+00:00,BTCUSDT,0.0142741931149665,0.0038010193884010692,1.0689454679150776,1
2024-09-13 15:55:00+00:00,SOLUSDT,0.0078543858352668,0.002091513867255249,1.0710369817823329,0
2024-09-16 11:20:00+00:00,SOLUSDT,-0.0007783808327404,-0.00020841866444387422,1.070828563117889,0
2024-09-17 15:35:00+00:00,BTCUSDT,0.0048376218526046,0.001295065914333071,1.0721236290322222,0
2024-09-17 20:25:00+00:00,BTCUSDT,-8.382393319690003e-05,-2.2467404864703757e-05,1.0721011616273575,2
2024-09-17 20:25:00+00:00,ETHUSDT,0.0018088490151683,0.00048482744262839976,1.0725859890699858,1
2024-09-17 20:25:00+00:00,SOLUSDT,-0.000747968168477,-0.00020047858679703647,1.0723855104831888,0
2024-09-18 16:40:00+00:00,BTCUSDT,0.0060018958620457,0.0016090865394717039,1.0739945970226605,0
2024-09-18 19:05:00+00:00,SOLUSDT,-0.0161759394300452,-0.00434321788740859,1.069651379135252,0
2024-09-19 03:00:00+00:00,SOLUSDT,0.0049018692205593,0.0013108227930279744,1.07096220192828,0
2024-09-19 12:40:00+00:00,BNBUSDT,0.0011094205600838,0.00029703687147296305,1.071259238799753,0
2024-09-19 16:50:00+00:00,ETHUSDT,0.0082188268773672,0.0022011235561188343,1.0734603623558718,0
2024-09-20 04:20:00+00:00,ETHUSDT,0.019768902534339598,0.005305283319472525,1.0787656456753443,1
2024-09-20 04:40:00+00:00,SOLUSDT,0.0055986730415391,0.0015024883979706531,1.080268134073315,0
2024-09-20 14:50:00+00:00,ETHUSDT,0.0050630603378666,0.0013673656859719398,1.0816354997592867,0
2024-09-21 00:55:00+00:00,ETHUSDT,-0.0068170295113691,-0.0018433852806008808,1.079792114478686,0
2024-09-22 20:40:00+00:00,BNBUSDT,0.0048027725524087996,0.0012964989824314232,1.0810886134611173,0
2024-09-26 16:05:00+00:00,BNBUSDT,-0.0004997224392107476,-0.00013506105973043865,1.080953552401387,0
2024-09-27 17:00:00+00:00,ETHUSDT,0.0057592820714151,0.0015563791035944426,1.0825099315049813,0
2024-10-01 15:45:00+00:00,BNBUSDT,0.017398476479295297,0.004708505895473245,1.0872184374004545,0
2024-10-01 17:25:00+00:00,ETHUSDT,-0.0165312885446267,-0.004493280424926268,1.0827251569755283,0
2024-10-02 14:20:00+00:00,BTCUSDT,0.0068281198550125,0.0018482442854665325,1.0845734012609949,1
2024-10-02 14:20:00+00:00,ETHUSDT,0.0042687098239313,0.0011554598785497492,1.0857288611395446,0
2024-10-02 15:35:00+00:00,BTCUSDT,0.0063548628493949,0.0017249145010428816,1.0874537756405875,0
2024-10-02 16:35:00+00:00,BTCUSDT,-0.0026273578771863,-0.0007142825608763202,1.0867394930797112,0
2024-10-04 16:30:00+00:00,ETHUSDT,0.0066364238410596,0.001803015970223805,1.088542509049935,0
2024-10-07 01:10:00+00:00,BTCUSDT,0.011127304550943101,0.0030281360037115908,1.0915706450536466,0
2024-10-07 23:40:00+00:00,ETHUSDT,-0.001108647143163,-0.0003025416692998296,1.0912681033843468,0
2024-10-08 08:50:00+00:00,BNBUSDT,0.0066482097547222,0.0018137448124842521,1.093081848196831,0
2024-10-11 02:25:00+00:00,ETHUSDT,-0.0032582840310541,-0.000890392782653709,1.0921914554141772,0
2024-10-11 18:05:00+00:00,BTCUSDT,0.002583092616327,0.0007053079210239502,1.0928967633352011,0
2024-10-11 19:40:00+00:00,BTCUSDT,-0.0054189178245134,-0.001480579437797531,1.0914161838974037,0
2024-10-13 22:35:00+00:00,ETHUSDT,-0.0053469593953894,-0.001458939504692567,1.089957244392711,0
2024-10-14 04:10:00+00:00,BNBUSDT,0.0035564616447823997,0.0009690977835338483,1.090926342176245,0
2024-10-14 08:05:00+00:00,ETHUSDT,-0.0012295739150357,-0.00033534364339130534,1.0905909985328537,0
2024-10-14 16:35:00+00:00,BNBUSDT,-0.0013475304986378,-0.00036740115801571813,1.090223597374838,0
2024-10-14 23:30:00+00:00,BTCUSDT,-0.0049159095493423,-0.0013398601483133204,1.0888837372265248,0
2024-10-15 12:05:00+00:00,BNBUSDT,-0.0032979612588337,-0.0008977740951867833,1.087985963131338,0
2024-10-15 13:05:00+00:00,BNBUSDT,0.009188716769261801,0.0024992987160365942,1.0904852618473746,0
2024-10-15 14:15:00+00:00,BTCUSDT,0.0133831969669137,0.003648544762204969,1.0941338066095796,1
2024-10-15 14:15:00+00:00,ETHUSDT,0.0142911799497828,0.0038960802774117118,1.0980298868869913,0
2024-10-15 15:20:00+00:00,BTCUSDT,-0.0067513117697318,-0.0018532855247143554,1.096176601362277,3
2024-10-15 15:20:00+00:00,ETHUSDT,-0.0120934238962641,-0.003319735218222827,1.092856866144054,2
2024-10-15 15:20:00+00:00,SOLUSDT,-0.0084192984743773,-0.0023111603378720815,1.090545705806182,1
2024-10-15 15:45:00+00:00,BNBUSDT,0.0130319140906438,0.00357735778871765,1.0941230635948997,0
2024-10-16 12:00:00+00:00,SOLUSDT,-0.0111315214630429,-0.0030448135914042194,1.0910782500034955,0
2024-10-16 14:40:00+00:00,ETHUSDT,-0.009882185273158999,-0.002695559353512159,1.0883826906499834,1
2024-10-16 14:40:00+00:00,SOLUSDT,-0.0100141520317908,-0.002731555868528813,1.0856511347814546,0
2024-10-20 14:35:00+00:00,ETHUSDT,0.013534019526280701,0.0036733059142152517,1.08932444069567,0
2024-10-20 22:35:00+00:00,ETHUSDT,0.0052056561839796,0.0014176621277668833,1.0907421028234368,1
2024-10-20 22:35:00+00:00,SOLUSDT,0.0025097963142579,0.0006834956165722602,1.091425598440009,0
2024-10-21 14:40:00+00:00,BNBUSDT,-0.0034083230270415,-0.000929982749866408,1.0904956156901426,0
2024-10-22 14:40:00+00:00,BTCUSDT,0.0029346168312664,0.000800046697056627,1.0912956623871992,2
2024-10-22 14:40:00+00:00,SOLUSDT,0.008375071633237701,0.002283244724284149,1.0935789071114834,1
2024-10-22 15:05:00+00:00,BNBUSDT,0.0013082851831382,0.0003566698140711456,1.0939355769255545,0
2024-10-23 08:40:00+00:00,ETHUSDT,-0.0065716319728126,-0.001797235503380293,1.0921383414221741,0
2024-10-23 18:55:00+00:00,BTCUSDT,0.0048162692693105,0.001315008082906839,1.0934533495050809,0
2024-10-24 01:20:00+00:00,BTCUSDT,0.0042390232129929,0.0011587935327192192,1.0946121430378002,1
2024-10-24 01:20:00+00:00,ETHUSDT,0.0040974148717664,0.0011200830039612255,1.0957322260417615,0
2024-10-25 16:30:00+00:00,ETHUSDT,0.0011687703771782,0.0003201648417792846,1.0960523908835407,0
2024-10-25 18:45:00+00:00,BTCUSDT,0.0053434168848089,0.0014641662130205689,1.0975165570965613,2
2024-10-25 18:45:00+00:00,ETHUSDT,0.0003854892876892,0.00010562911385793518,1.0976221862104192,1
2024-10-25 18:45:00+00:00,SOLUSDT,0.0043270148900968,0.0011856587539198196,1.098807844964339,0
2024-10-25 23:50:00+00:00,BNBUSDT,-0.0069291198746408,-0.0019034428192384071,1.0969044021451007,2
2024-10-25 23:50:00+00:00,BTCUSDT,0.001423420997417,0.00039101653966219096,1.0972954186847628,1
2024-10-25 23:50:00+00:00,SOLUSDT,0.0061571761245251,0.0016913883571138264,1.0989868070418767,0
2024-10-27 13:55:00+00:00,ETHUSDT,-0.0051634487368855,-0.0014186405101685516,1.097568166531708,0
2024-10-28 10:25:00+00:00,ETHUSDT,-0.00011980283591120003,-3.2872944739088724e-05,1.0975352935869689,0
2024-10-29 02:40:00+00:00,ETHUSDT,0.007798899368041501,0.0021398918268896636,1.0996751854138584,0
2024-10-29 14:10:00+00:00,BTCUSDT,0.0020968754028347,0.0005764704618505019,1.100251655875709,0
2024-10-29 16:15:00+00:00,BTCUSDT,0.003059502895619,0.0008415557817653327,1.1010932116574743,0
2024-10-29 17:25:00+00:00,ETHUSDT,-0.0007560345990676,-0.00020811614120287868,1.1008850955162715,0
2024-10-30 14:35:00+00:00,ETHUSDT,-0.0007273972653131,-0.00020019520197562168,1.1006849003142958,0
2024-10-30 20:35:00+00:00,BTCUSDT,-0.0030193778701253,-0.0008308459074975142,1.0998540544067983,0
2024-10-31 14:40:00+00:00,BNBUSDT,0.0008390294269488001,0.0002307024792490626,1.1000847568860475,0
2024-11-01 16:25:00+00:00,BNBUSDT,0.0028786313458083997,0.0007916846160545473,1.100876441502102,0
2024-11-03 16:25:00+00:00,BTCUSDT,0.0041670806469589995,0.001146860228519125,1.1020233017306211,1
2024-11-03 16:25:00+00:00,SOLUSDT,0.0034716123392033,0.0009554540595642292,1.1029787557901853,0
2024-11-04 17:55:00+00:00,BTCUSDT,0.0020382751603114997,0.0005620435500696046,1.1035407993402548,0
2024-11-05 14:55:00+00:00,BTCUSDT,0.0089825207060782,0.0024781445200189817,1.1060189438602739,1
2024-11-05 14:55:00+00:00,ETHUSDT,0.004294358227534,0.0011847498777665677,1.1072036937380405,0
2024-11-05 20:35:00+00:00,BNBUSDT,0.0011982951518380001,0.000331689204575855,1.1075353829426164,1
2024-11-05 20:35:00+00:00,SOLUSDT,0.0042576336801356,0.0011785169343074059,1.108713899876924,0
2024-11-06 02:50:00+00:00,BTCUSDT,0.0131309779768983,0.0036396244504912287,1.1123535243274152,1
2024-11-06 02:50:00+00:00,SOLUSDT,0.0179857012750454,0.004985249250669237,1.1173387735780844,0
2024-11-06 09:10:00+00:00,SOLUSDT,0.0062863970185246,0.001756008783725801,1.1190947823618103,0
2024-11-06 23:20:00+00:00,ETHUSDT,-0.0026084014318047003,-0.0007297621081594288,1.1183650202536508,0
2024-11-08 00:40:00+00:00,ETHUSDT,-0.0056145735758633,-0.001569785672721493,1.1167952345809293,0
2024-11-08 19:10:00+00:00,ETHUSDT,0.00016723029549989998,4.669049927296223e-05,1.1168419250802022,0
2024-11-09 00:55:00+00:00,BNBUSDT,0.0131453670196874,0.0036703242520383693,1.1205122493322406,0
2024-11-09 01:55:00+00:00,BNBUSDT,0.0022765394108406997,0.0006377225739836516,1.1211499719062243,0
2024-11-09 06:15:00+00:00,ETHUSDT,0.0076989438026406004,0.002157917657009527,1.1233078895632338,0
2024-11-10 05:05:00+00:00,BTCUSDT,0.015473260253725902,0.004345308830068877,1.1276531983933027,1
2024-11-10 05:05:00+00:00,ETHUSDT,0.0021851197982345,0.0006136405772494088,1.1282668389705521,0
2024-11-10 21:50:00+00:00,ETHUSDT,0.0072530612244898,0.002045847115153747,1.1303126860857058,0
2024-11-10 22:50:00+00:00,SOLUSDT,-0.0135901262483512,-0.003840273026004425,1.1264724130597015,0
2024-11-11 10:50:00+00:00,BNBUSDT,-0.0038136737480551,-0.0010739995673985162,1.125398413492303,0
2024-11-11 16:55:00+00:00,ETHUSDT,-0.008405377105706399,-0.0023648495148916268,1.1230335639774114,1
2024-11-11 16:55:00+00:00,SOLUSDT,-0.017479419299743802,-0.004917827687174604,1.1181157362902368,0
2024-11-12 00:55:00+00:00,BTCUSDT,0.0119996849279099,0.0033542591371052088,1.121469995427342,1
2024-11-12 00:55:00+00:00,ETHUSDT,0.010168716357111501,0.002842450444189575,1.1243124458715315,0
2024-11-12 03:30:00+00:00,BNBUSDT,0.0056211278450212,0.001579975998998089,1.1258924218705295,1
2024-11-12 03:30:00+00:00,BTCUSDT,-0.0007543008823345,-0.00021201746748513898,1.1256804044030444,0
2024-11-12 11:25:00+00:00,BNBUSDT,0.010632649597284301,0.0029922413246367147,1.1286726457276812,3
2024-11-12 11:25:00+00:00,ETHUSDT,0.0067382436812985,0.0018962772180325885,1.1305689229457139,2
2024-11-12 11:25:00+00:00,SOLUSDT,0.0100854187145999,0.0028382395543062123,1.1334071625000202,1
2024-11-12 11:50:00+00:00,BTCUSDT,-0.0013148023238947,-0.0003700118029179621,1.1330371506971022,0
2024-11-13 15:25:00+00:00,BTCUSDT,0.0011208279238843,0.00031748491932490395,1.133354635616427,0
2024-11-13 19:55:00+00:00,BTCUSDT,-0.0059365212867994,-0.0016820459799574243,1.1316725896364697,0
2024-11-13 20:40:00+00:00,SOLUSDT,0.0046854640485944,0.0013256028083803504,1.13299819244485,0
2024-11-14 08:05:00+00:00,BNBUSDT,0.0164180549958147,0.004650406658429549,1.1376485991032796,0
2024-11-18 19:10:00+00:00,BNBUSDT,-0.0209994291151284,-0.005972492778698612,1.131676106324581,0
2024-11-21 04:00:00+00:00,BTCUSDT,0.00037416443001739996,0.00010585823632181184,1.1317819645609029,0
2024-11-21 15:30:00+00:00,SOLUSDT,-0.032605543642284095,-0.009225591559760138,1.1225563730011427,0
2024-11-21 16:15:00+00:00,ETHUSDT,0.0058099688587429,0.0016305043923300047,1.1241868773934727,0
2024-11-22 00:55:00+00:00,BNBUSDT,0.0019337037625019,0.0005434610986427551,1.1247303384921155,0
2024-11-22 03:45:00+00:00,SOLUSDT,-0.0002473690235433,-6.955586139557997e-05,1.1246607826307198,0
2024-11-23 08:35:00+00:00,BNBUSDT,-0.0030382471307199,-0.0008542493489652454,1.1238065332817546,0
2024-11-24 13:25:00+00:00,BNBUSDT,0.011100471457499301,0.003118695586611339,1.126925228868366,0
2024-11-26 08:30:00+00:00,BNBUSDT,-0.0216484227252192,-0.006099038433564196,1.1208261904348018,0
2024-11-26 11:40:00+00:00,SOLUSDT,-0.023122297622696002,-0.006479019189636509,1.1143471712451654,0
2024-11-27 16:05:00+00:00,BTCUSDT,-0.000567821136233,-0.00015818746923361478,1.1141889837759318,0
2024-11-30 07:45:00+00:00,BNBUSDT,0.011290929451287901,0.0031450573028040515,1.1173340410787358,0
2024-12-03 21:45:00+00:00,SOLUSDT,0.030034030779872,0.00838951124528938,1.1257235523240252,0
2024-12-03 23:30:00+00:00,BNBUSDT,-0.0064027433351894,-0.0018019297429770972,1.1239216225810482,0
2024-12-04 00:35:00+00:00,BNBUSDT,0.0259080225382346,0.007279646682259749,1.131201269263308,0
2024-12-04 01:25:00+00:00,ETHUSDT,0.009450681812590902,0.002672655815451622,1.1338739250787597,0
2024-12-04 02:05:00+00:00,BTCUSDT,-0.004642322453829,-0.001315952095551087,1.1325579729832087,0
2024-12-04 19:50:00+00:00,BTCUSDT,0.0006525564818557,0.0001847645115868864,1.1327427374947956,0
2024-12-05 03:00:00+00:00,BTCUSDT,0.021621545463786997,0.0061229121493795655,1.1388656496441751,0
2024-12-05 20:40:00+00:00,BTCUSDT,-0.0041669507747485,-0.0011863992752798123,1.1376792503688953,1
2024-12-05 20:40:00+00:00,ETHUSDT,-0.0069153868771157,-0.001968924142086794,1.1357103262268085,0
2024-12-05 23:05:00+00:00,BNBUSDT,0.008430491417556,0.0023936490395212087,1.1381039752663296,3
2024-12-05 23:05:00+00:00,BTCUSDT,0.0055597215862833995,0.001578558304122037,1.1396825335704517,2
2024-12-05 23:05:00+00:00,ETHUSDT,0.0012251783732361,0.0003478619324885004,1.1400303955029403,1
2024-12-05 23:05:00+00:00,SOLUSDT,0.016526406926407,0.00469230275043667,1.144722698253377,0
2024-12-06 16:30:00+00:00,BNBUSDT,-0.0023231818429810002,-0.0006648497469576159,1.1440578485064192,0
2024-12-06 18:15:00+00:00,BTCUSDT,0.0077819021209801,0.0022257365494540086,1.1462835850558732,0
2024-12-09 21:40:00+00:00,BNBUSDT,0.019146139526637598,0.005486726364143526,1.1517703114200168,1
2024-12-09 21:40:00+00:00,BTCUSDT,0.010865531332323701,0.0031137450522882326,1.154884056472305,0
2024-12-09 23:00:00+00:00,BNBUSDT,0.0066530602608747,0.0019208783055084165,1.1568049347778135,1
2024-12-09 23:00:00+00:00,SOLUSDT,0.0046742688439893,0.0013495596408971188,1.1581544944187108,0
2024-12-10 18:20:00+00:00,SOLUSDT,-0.0071864653030014,-0.0020807592724137983,1.156073735146297,0
2024-12-12 03:30:00+00:00,ETHUSDT,0.008673685024553101,0.0025068548609544013,1.1585805900072514,0
2024-12-13 09:30:00+00:00,BNBUSDT,-0.0078825174825174,-0.0022831329389093706,1.156297457068342,0
2024-12-14 01:35:00+00:00,BTCUSDT,0.0027229439801701,0.000787133300002559,1.1570845903683444,0
2024-12-16 15:10:00+00:00,BTCUSDT,0.0058743047302113995,0.0016992668706138714,1.1587838572389584,0
2024-12-19 02:50:00+00:00,BNBUSDT,0.00012927166338329998,3.7449479181749144e-05,1.15882130671814,3
2024-12-19 02:50:00+00:00,BTCUSDT,-0.0018200146911893,-0.0005272509110219772,1.1582940558071182,2
2024-12-19 02:50:00+00:00,ETHUSDT,0.001556767918998,0.0004509893835005922,1.1587450451906187,1
2024-12-19 02:50:00+00:00,SOLUSDT,-0.0073006019674058,-0.002114954926989205,1.1566300902636295,0
2024-12-19 18:30:00+00:00,BNBUSDT,-0.0019050142305801,-0.0005508491953673399,1.156079241068262,2
2024-12-19 18:30:00+00:00,BTCUSDT,-0.0043115157452424,-0.0012467072113981942,1.154832533856864,1
2024-12-19 18:30:00+00:00,ETHUSDT,0.0030812155220242,0.0008909566468401366,1.1557234905037042,0
2024-12-19 19:00:00+00:00,SOLUSDT,-0.0066803165688025,-0.0019301496956415384,1.1537933408080625,0
2024-12-19 19:30:00+00:00,BTCUSDT,-0.0081930089448695,-0.00236325979044283,1.1514300810176197,0
2024-12-19 20:30:00+00:00,BNBUSDT,-0.0004759439837175746,-0.00013700405493294391,1.1512930769626868,3
2024-12-19 20:30:00+00:00,BTCUSDT,-0.0065478488703559,-0.0018848475388212559,1.1494082294238654,2
2024-12-19 20:30:00+00:00,ETHUSDT,-0.020400116313558102,-0.005872326894922268,1.143535902528943,1
2024-12-19 20:30:00+00:00,SOLUSDT,-0.0014952331281943999,-0.00043041410048427666,1.1431054884284588,0
2024-12-19 21:40:00+00:00,BTCUSDT,0.0085411958694891,0.002440871969038868,1.1455463603974978,1
2024-12-19 21:40:00+00:00,ETHUSDT,0.0123509901615086,0.0035296211602865945,1.1490759815577845,0
2024-12-20 07:35:00+00:00,BNBUSDT,0.0054708996596366,0.0015716198491002688,1.1506476014068847,1
2024-12-20 07:35:00+00:00,SOLUSDT,0.0013116182572614,0.0003767872590979385,1.1510243886659826,0
2024-12-20 10:50:00+00:00,BNBUSDT,-0.008227635772764199,-0.0023675523588780703,1.1486568363071046,3
2024-12-20 10:50:00+00:00,BTCUSDT,-0.000179325665692,-5.160205368131367e-05,1.1486052342534232,2
2024-12-20 10:50:00+00:00,ETHUSDT,-0.0064769393362924,-0.0018637787849956537,1.1467414554684277,1
2024-12-20 10:50:00+00:00,SOLUSDT,0.0033473823432159,0.0009632296788078464,1.1477046851472354,0
2024-12-20 12:20:00+00:00,BNBUSDT,0.0098363967883305,0.0028223196697335336,1.150527004816969,0
2024-12-20 14:05:00+00:00,BNBUSDT,-0.004583908045977,-0.0013184774986235808,1.1492085273183452,2
2024-12-20 14:05:00+00:00,BTCUSDT,-0.0051190947565263,-0.0014724141894001137,1.1477361131289452,1
2024-12-20 14:05:00+00:00,SOLUSDT,-0.0013615384615383,-0.000391621692024191,1.147344491436921,0
2025-01-02 00:55:00+00:00,ETHUSDT,0.0040091293522041,0.0011499631194273616,1.1484944545563485,0
2025-01-02 05:05:00+00:00,SOLUSDT,0.0091606083122801,0.0026302269617541215,1.1511246815181027,0
2025-01-03 09:45:00+00:00,SOLUSDT,-0.0045548630783759005,-0.0013108038276135059,1.1498138776904892,0
2025-01-03 16:55:00+00:00,BTCUSDT,-0.006393017468532301,-0.0018376950514090399,1.1479761826390802,0
2025-01-06 02:25:00+00:00,BTCUSDT,-0.0005983914100568,-0.00017173477166025543,1.1478044478674199,1
2025-01-06 02:25:00+00:00,ETHUSDT,0.0038711275612380996,0.0011109905600647613,1.1489154384274847,0
2025-01-06 16:25:00+00:00,ETHUSDT,0.0055703746450538995,0.0015999723568818614,1.1505154107843665,0
2025-01-06 22:20:00+00:00,BNBUSDT,-0.0048291734893833,-0.0013890096302217,1.1491264011541449,0
2025-01-08 13:35:00+00:00,ETHUSDT,-0.0034799417308320002,-0.0009997232293442757,1.1481266779248005,1
2025-01-08 13:35:00+00:00,SOLUSDT,-0.0028857954545455002,-0.0008290359362872151,1.1472976419885133,0
2025-01-08 18:15:00+00:00,BNBUSDT,0.0074062303932298,0.002124287666544052,1.1494219296550574,1
2025-01-08 18:15:00+00:00,SOLUSDT,0.013666163063297801,0.003919789164388021,1.1533417188194455,0
2025-01-09 09:10:00+00:00,ETHUSDT,-0.0002705723711144,-7.801560089153375e-05,1.153263703218554,0
2025-01-09 21:15:00+00:00,SOLUSDT,0.011236126366157501,0.0032395541757166083,1.1565032573942706,0
2025-01-10 14:15:00+00:00,BTCUSDT,0.005949627288213,0.001720190834775044,1.1582234482290457,0
2025-01-13 01:00:00+00:00,BTCUSDT,8.30476526509e-05,2.404693465516336e-05,1.1582474951637007,0
2025-01-13 10:10:00+00:00,ETHUSDT,-0.0038328848877200003,-0.0011098573301131232,1.1571376378335876,1
2025-01-13 10:10:00+00:00,SOLUSDT,-0.002950454646263,-0.0008543391759070556,1.1562832986576805,0
2025-01-13 12:40:00+00:00,ETHUSDT,-0.011389368062595799,-0.0032923340182611765,1.1529909646394194,0
2025-01-13 13:40:00+00:00,SOLUSDT,0.00016589893045079995,4.7819991963278944e-05,1.1530387846313828,0
2025-01-13 15:10:00+00:00,BNBUSDT,0.012450887715931001,0.003589089109889724,1.1566278737412725,2
2025-01-13 15:10:00+00:00,ETHUSDT,0.025092631508274798,0.007233194334376078,1.1638610680756485,1
2025-01-13 15:15:00+00:00,BTCUSDT,0.0123782986025448,0.00356816459412065,1.167429232669769,0
2025-01-14 14:05:00+00:00,BTCUSDT,-0.0067041577889051,-0.001956657445799634,1.1654725752239694,2
2025-01-14 14:05:00+00:00,ETHUSDT,-0.0058641244043512,-0.001711487563412947,1.1637610876605564,1
2025-01-14 14:05:00+00:00,SOLUSDT,0.0006124154100283,0.00017873791305112006,1.1639398255736075,0
2025-01-15 14:05:00+00:00,BNBUSDT,0.0036509010749918,0.0010623572901031129,1.1650021828637107,3
2025-01-15 14:05:00+00:00,BTCUSDT,0.0068868122607698,0.0020039587653896455,1.1670061416291004,2
2025-01-15 14:05:00+00:00,ETHUSDT,0.0092314409307238,0.0026862104366749302,1.1696923520657754,1
2025-01-15 14:05:00+00:00,SOLUSDT,0.0179429193222446,0.005221119596553673,1.174913471662329,0
2025-01-16 11:45:00+00:00,SOLUSDT,0.0200470037087645,0.005888373680973021,1.180801845343302,0
2025-01-16 13:05:00+00:00,SOLUSDT,-0.012885027181424499,-0.0038036659682811635,1.1769981793750208,0
2025-01-17 02:10:00+00:00,SOLUSDT,-0.0036600596125186003,-0.0010769708750846092,1.1759212084999362,0
2025-01-18 04:35:00+00:00,SOLUSDT,0.0174812112498876,0.005139131764752627,1.1810603402646889,0
2025-01-18 06:35:00+00:00,SOLUSDT,0.0163906390012615,0.004839583418996397,1.1858999236836854,0
2025-01-18 08:45:00+00:00,SOLUSDT,0.0104681754251374,0.0031035521094444686,1.1890034757931298,0
2025-01-18 16:40:00+00:00,SOLUSDT,-0.0717693571482402,-0.021333503776174028,1.1676699720169559,0
2025-01-18 17:45:00+00:00,SOLUSDT,0.0047154983614417995,0.001376536459937687,1.1690465084768935,0
2025-01-19 10:00:00+00:00,BTCUSDT,0.0091469489937685,0.0026733021960953247,1.171719810672989,0
2025-01-19 14:30:00+00:00,ETHUSDT,0.0224398584984845,0.00657330668784323,1.1782931173608322,0
2025-01-19 15:35:00+00:00,ETHUSDT,-0.0127634155030337,-0.003759761160310288,1.174533356200522,0
2025-01-19 23:25:00+00:00,BTCUSDT,-0.0188315279663832,-0.005529564436185012,1.169003791764337,0
2025-01-20 00:05:00+00:00,ETHUSDT,-0.0065416868546186,-0.0019118141843960158,1.1670919775799409,0
2025-01-20 17:00:00+00:00,BTCUSDT,0.0096134908049513,0.0028049569987492976,1.1698969345786903,0
2025-01-20 18:20:00+00:00,BTCUSDT,0.011328209120462401,0.003313209281073831,1.1732101438597642,0
2025-01-21 16:40:00+00:00,BTCUSDT,0.00027001866344600003,7.919715874657573e-05,1.1732893410185108,0
2025-01-23 15:05:00+00:00,BTCUSDT,0.0152231828618826,0.004465299547055631,1.1777546405655663,0
2025-01-23 20:55:00+00:00,ETHUSDT,-0.009639022754637,-0.0028381009449477035,1.1749165396206187,0
2025-01-27 08:05:00+00:00,ETHUSDT,-0.0018778292910996,-0.0005515731731742454,1.1743649664474445,0
2025-01-28 15:35:00+00:00,SOLUSDT,0.00010261780104720003,3.01276876209264e-05,1.1743950941350654,0
2025-01-29 20:05:00+00:00,BNBUSDT,0.00021734901299429995,6.381340364390111e-05,1.1744589075387093,2
2025-01-29 20:05:00+00:00,ETHUSDT,0.0011709316110308,0.00034378408489056005,1.1748026916235998,1
2025-01-29 20:05:00+00:00,SOLUSDT,0.0081507757404794,0.0023930577607535284,1.1771957493843535,0
2025-01-31 11:40:00+00:00,ETHUSDT,0.0072205424371798,0.00212499796632435,1.1793207473506777,0
2025-01-31 15:55:00+00:00,ETHUSDT,0.0075587890596171,0.0022285591907134413,1.1815493065413911,0
2025-02-02 04:40:00+00:00,SOLUSDT,-0.0018304787335495,-0.0005407002195660439,1.181008606321825,0
2025-02-02 20:05:00+00:00,SOLUSDT,0.017118538794605,0.005054285411020636,1.1860628917328457,0
2025-02-02 23:20:00+00:00,BNBUSDT,0.0021477290914732,0.0006368354442228652,1.1866997271770685,1
2025-02-02 23:30:00+00:00,SOLUSDT,-0.025797917076046402,-0.007649488031974939,1.1790502391450937,0
2025-02-03 01:00:00+00:00,ETHUSDT,-0.0057453512709744,-0.0016935144475037336,1.17735672469759,2
2025-02-03 01:20:00+00:00,BNBUSDT,-0.0093832246964233,-0.00276582333056751,1.1745909013670226,1
2025-02-03 01:20:00+00:00,BTCUSDT,-0.0116517085697718,-0.0034344874439095944,1.171156413923113,0
2025-02-03 02:30:00+00:00,BTCUSDT,0.0046134677395181,0.001350773083390997,1.172507187006504,3
2025-02-03 02:30:00+00:00,SOLUSDT,0.0127023280996211,0.0037191032564067596,1.1762262902629108,2
2025-02-03 02:45:00+00:00,BNBUSDT,0.0142093388811834,0.0041603395920762525,1.180386629854987,1
2025-02-03 02:45:00+00:00,ETHUSDT,0.0176157403254086,0.005157696817026577,1.1855443266720136,0
2025-02-03 03:50:00+00:00,BNBUSDT,-0.0044932837830559,-0.0013317467742823214,1.1842125798977312,0
2025-02-03 05:50:00+00:00,SOLUSDT,0.0056216160576427,0.0016642971137038937,1.1858768770114352,0
2025-02-03 08:20:00+00:00,BTCUSDT,-0.0005512462057158,-0.000163427532224664,1.1857134494792105,0
2025-02-03 09:35:00+00:00,SOLUSDT,-0.017282527843572,-0.005123031426280564,1.18059041805293,0
2025-02-03 15:05:00+00:00,BNBUSDT,-0.0031794184066984,-0.0009383977264823113,1.1796520203264478,2
2025-02-03 15:05:00+00:00,BTCUSDT,0.0021987309443757,0.0006489501712016053,1.1803009704976495,1
2025-02-03 15:30:00+00:00,SOLUSDT,0.0381790871286135,0.011268466108512265,1.1915694366061618,0
2025-02-04 15:05:00+00:00,BTCUSDT,-0.0037857900810149003,-0.00112775793848603,1.1904416786676757,0
2025-02-07 02:25:00+00:00,BTCUSDT,-0.0043812502558643,-0.0013039057273135702,1.189137772940362,0
2025-02-09 07:45:00+00:00,BNBUSDT,0.006697277255295,0.0019909963400314094,1.1911287692803934,0
2025-02-11 05:10:00+00:00,BNBUSDT,0.0085033934285986,0.002532159137328409,1.1936609284177218,0
2025-02-12 14:15:00+00:00,BNBUSDT,-0.0020231992633173,-0.0006037534777563447,1.1930571749399654,0
2025-02-12 21:20:00+00:00,BNBUSDT,-0.0048407754277092,-0.0014438304640753852,1.19161334447589,0
2025-02-12 22:50:00+00:00,ETHUSDT,0.0163064879815947,0.004857757170100991,1.196471101645991,0
2025-02-13 13:40:00+00:00,BNBUSDT,0.025199212764461697,0.0075375324642268015,1.2040086341102179,0
2025-02-13 15:15:00+00:00,BNBUSDT,0.0142460068770051,0.004288078820376921,1.2082967129305948,0
2025-02-14 17:30:00+00:00,BTCUSDT,-0.0034893156387385002,-0.001054032154166262,1.2072426807764285,0
2025-02-17 14:45:00+00:00,ETHUSDT,-0.0033017421107776,-0.0009965009992618933,1.2062461797771666,0
2025-02-19 10:35:00+00:00,BTCUSDT,-0.0030269802172729,-0.0009128208308366234,1.20533335894633,0
2025-02-19 17:35:00+00:00,SOLUSDT,-0.0120675330676369,-0.0036363500416526735,1.2016970089046772,0
2025-02-19 19:45:00+00:00,BTCUSDT,-0.000121795305947,-3.659026371378499e-05,1.2016604186409634,0
2025-02-21 09:50:00+00:00,BTCUSDT,-0.0061724744538915,-0.001854304559078478,1.199806114081885,2
2025-02-21 09:50:00+00:00,ETHUSDT,-0.0159828694730949,-0.004801495405530773,1.195004618676354,1
2025-02-21 09:50:00+00:00,SOLUSDT,-0.0139960044395115,-0.004204611138521042,1.190800007537833,0
2025-02-21 16:25:00+00:00,BTCUSDT,0.0032964940888707997,0.0009813662964689427,1.191781373834302,1
2025-02-21 16:45:00+00:00,SOLUSDT,5.8111435606799993e-05,1.7299774489652934e-05,1.1917986736087915,0
2025-02-22 10:40:00+00:00,ETHUSDT,-0.0033195162361597,-0.0009890487618194946,1.190809624846972,0
2025-02-22 18:25:00+00:00,BNBUSDT,-0.0038601043997017,-0.0011491623680197319,1.1896604624789522,0
2025-02-23 23:45:00+00:00,ETHUSDT,-0.0084887507882656,-0.002524682797159156,1.187135779681793,0
2025-02-24 15:45:00+00:00,BTCUSDT,-0.008322604841099599,-0.0024700154967555593,1.1846657641850373,0
2025-02-24 20:20:00+00:00,SOLUSDT,0.009272470148756,0.0027461944836647437,1.187411958668702,0
2025-02-25 00:50:00+00:00,BTCUSDT,-0.00017355368301860002,-5.151992967182072e-05,1.1873604387390302,0
2025-02-25 08:10:00+00:00,ETHUSDT,0.0071881307791971,0.002133725528925249,1.1894941642679555,1
2025-02-25 08:10:00+00:00,SOLUSDT,0.007781154127100101,0.0023097586445623977,1.191803922912518,0
2025-02-25 11:05:00+00:00,BTCUSDT,-0.0036144864982499,-0.0010769397969821403,1.1907269831155358,0
2025-02-25 12:10:00+00:00,SOLUSDT,0.030913719778619297,0.009202450072218607,1.1999294331877544,0
2025-02-25 16:10:00+00:00,BNBUSDT,-0.0005152339248675,-0.0001545610878563403,1.199774872099898,1
2025-02-25 16:10:00+00:00,BTCUSDT,-0.0018410828116973,-0.0005522923636729146,1.199222579736225,0
2025-02-25 17:10:00+00:00,BTCUSDT,0.005010094619052699,0.0015020546484457394,1.2007246343846707,0
2025-02-26 19:15:00+00:00,BNBUSDT,-0.0023065934976871,-0.0006923959085461005,1.2000322384761246,2
2025-02-26 19:15:00+00:00,BTCUSDT,-0.0019407301762335,-0.0005825706328243166,1.1994496678433002,1
2025-02-26 19:15:00+00:00,ETHUSDT,-0.0034540014752379,-0.0010368261646297853,1.1984128416786703,0
2025-02-26 20:55:00+00:00,BTCUSDT,0.0167169976860778,0.005008466175327063,1.2034213078539975,0
2025-02-26 21:55:00+00:00,BTCUSDT,-0.009104687384034799,-0.002739193699824237,1.2006821141541733,0
2025-02-28 02:10:00+00:00,BTCUSDT,0.00014510137185869994,4.355515548249367e-05,1.2007256693096557,0
2025-02-28 09:00:00+00:00,BNBUSDT,0.008386041331518301,0.002517333772661437,1.2032430030823171,0
2025-02-28 15:10:00+00:00,BTCUSDT,0.011759640011139601,0.0035374261405426467,1.2067804292228599,0
2025-02-28 17:10:00+00:00,BTCUSDT,-0.0074656858461937,-0.0022523608924781657,1.2045280683303816,0
2025-03-02 15:55:00+00:00,SOLUSDT,0.0990962216624684,0.029841045114483093,1.2343691134448647,1
2025-03-02 16:00:00+00:00,BTCUSDT,0.0113323305937828,0.003412527569952621,1.2377816410148172,0
2025-03-02 17:05:00+00:00,ETHUSDT,0.0475954066386252,0.014728180133481258,1.2525098211482986,0
2025-03-03 15:35:00+00:00,BTCUSDT,0.0036937993295612995,0.0011566299844066321,1.2536664511327051,0
2025-03-04 15:10:00+00:00,BTCUSDT,-0.0228715380621874,-0.0071683199885922665,1.2464981311441128,1
2025-03-04 15:10:00+00:00,ETHUSDT,-0.0365316803171397,-0.011449635504275756,1.235048495639837,0
2025-03-04 21:55:00+00:00,ETHUSDT,-0.0093455445094276,-0.0028855501718259243,1.2321629454680112,0
2025-03-06 02:20:00+00:00,BTCUSDT,-0.0045413821236512004,-0.0013989306934934587,1.2307640147745178,0
2025-03-10 01:15:00+00:00,BNBUSDT,0.0079124921283217,0.0024346026446812464,1.2331986174191991,0
2025-03-10 09:50:00+00:00,BNBUSDT,-0.0065676331049024,-0.0020247990161705504,1.2311738184030285,2
2025-03-10 09:50:00+00:00,BTCUSDT,-0.0039113779720918,-0.0012058764768468797,1.2299679419261818,1
2025-03-10 09:50:00+00:00,SOLUSDT,-0.0052663679901127,-0.001623619431056927,1.228344322495125,0
2025-03-10 20:05:00+00:00,BTCUSDT,-0.005935276052376,-0.0018226406603443343,1.2265216818347806,0
2025-03-11 14:00:00+00:00,ETHUSDT,-0.0094526962763103,-0.002898484233673369,1.2236231976011072,0
2025-03-11 14:40:00+00:00,BNBUSDT,-0.018978161107775202,-0.005805529544821216,1.217817668056286,1
2025-03-11 14:40:00+00:00,BTCUSDT,-0.0208996662558096,-0.006393329113182426,1.2114243389431036,0
2025-03-11 15:25:00+00:00,ETHUSDT,0.009753824855839201,0.0029540052070379545,1.2143783441501417,0
2025-03-13 13:35:00+00:00,BNBUSDT,-0.0028768630863722,-0.0008734000577938346,1.2135049440923478,0
2025-03-16 16:40:00+00:00,BTCUSDT,-0.0066511825922422,-0.002017810739936717,1.211487133352411,1
2025-03-16 16:40:00+00:00,SOLUSDT,-0.0062922558922559,-0.0019089209086866855,1.2095782124437244,0
2025-03-19 11:05:00+00:00,ETHUSDT,-0.00021840468515930001,-6.604438716608014e-05,1.2095121680565584,0
2025-03-19 14:40:00+00:00,ETHUSDT,-0.0033491420454266002,-0.0010127070141233258,1.208499461042435,0
2025-03-20 14:50:00+00:00,ETHUSDT,-0.0018754850158513,-0.0005666306577123648,1.2079328303847228,0
2025-03-21 19:05:00+00:00,SOLUSDT,-0.0057822152886113,-0.001746131919866516,1.2061866984648562,0
2025-03-24 06:40:00+00:00,ETHUSDT,-0.0015805804197834,-0.00047661876954918387,1.205710079695307,0
2025-03-24 12:20:00+00:00,SOLUSDT,-0.0017928546556167,-0.0005404157324264285,1.2051696639628806,0
2025-03-24 14:35:00+00:00,BTCUSDT,-0.0024384130131377,-0.0007346753479114693,1.2044349886149692,0
2025-03-24 16:25:00+00:00,BNBUSDT,0.0061462038357901,0.0018506757367462822,1.2062856643517155,0
2025-03-27 14:00:00+00:00,BNBUSDT,0.0037842993676003994,0.0011412365191879061,1.2074269008709033,0
2025-03-27 15:10:00+00:00,ETHUSDT,-0.00042475799064149966,-0.00012821605606510452,1.2072986848148382,0
2025-03-29 18:00:00+00:00,BNBUSDT,-0.0023952446668771003,-0.0007229439340326196,1.2065757408808055,2
2025-03-29 18:00:00+00:00,BTCUSDT,0.0013126664280862,0.00039619511305726517,1.2069719359938629,1
2025-03-29 18:00:00+00:00,ETHUSDT,-0.0006201019071829,-0.00018716205424827202,1.2067847739396147,0
2025-03-29 20:30:00+00:00,BTCUSDT,-0.0017116077893787,-0.0005163855547946645,1.20626838838482,0
2025-03-31 01:35:00+00:00,BNBUSDT,0.003617872028275,0.0010910311652324509,1.2073594195500523,2
2025-03-31 01:35:00+00:00,ETHUSDT,0.0066029178824508,0.0019912227781753084,1.2093506423282276,1
2025-03-31 01:35:00+00:00,SOLUSDT,0.006714308553157499,0.0020248145393839275,1.2113754568676116,0
2025-03-31 13:25:00+00:00,ETHUSDT,-0.0057955558950131,-0.0017551485425308184,1.2096203083250807,0
2025-03-31 14:25:00+00:00,BTCUSDT,0.0054995261215344,0.001663084620693069,1.2112833929457738,0
2025-04-01 15:25:00+00:00,SOLUSDT,0.010023197492163101,0.003035233166618223,1.214318626112392,0
2025-04-02 14:35:00+00:00,BTCUSDT,-0.0018607516337199,-0.0005648863418487844,1.2137537397705431,0
2025-04-02 20:30:00+00:00,BTCUSDT,-0.0121058242433871,-0.0036733723621039994,1.210080367408439,2
2025-04-02 20:45:00+00:00,BNBUSDT,-0.0136401315789473,-0.004138940178727392,1.2059414272297118,1
2025-04-02 20:45:00+00:00,ETHUSDT,-0.033015836656992995,-0.010018273803519658,1.195923153426192,0
2025-04-03 00:40:00+00:00,SOLUSDT,0.015800169635284,0.004723947173724401,1.2006471005999164,0
2025-04-03 05:35:00+00:00,BNBUSDT,-0.0003835320466372579,-0.00011512165994554392,1.2005319789399709,0
2025-04-04 15:25:00+00:00,BTCUSDT,0.0135525008341168,0.004067552661491962,1.2045995316014628,0
2025-04-07 00:05:00+00:00,BNBUSDT,0.00613582905176,0.001847804200434186,1.206447335801897,0
2025-04-07 01:50:00+00:00,ETHUSDT,-0.0023550647420002,-0.0007103153959067808,1.2057370204059903,0
2025-04-07 07:30:00+00:00,SOLUSDT,0.0027915988880880998,0.0008414835313730052,1.2065785039373633,0
2025-04-07 08:35:00+00:00,BNBUSDT,0.0152223658330991,0.0045917448483219865,1.2111702487856852,0
2025-04-07 13:00:00+00:00,BTCUSDT,-0.0016687633562536,-0.0005052891323395269,1.2106649596533456,1
2025-04-07 13:00:00+00:00,SOLUSDT,0.0068442486539401,0.0020723875862359306,1.2127373472395815,0
2025-04-07 14:20:00+00:00,ETHUSDT,0.0600398512656971,0.018203142488155133,1.2309404897277365,1
2025-04-07 14:20:00+00:00,SOLUSDT,0.0699703703703704,0.021213920337083504,1.25215441006482,0
2025-04-09 02:05:00+00:00,BNBUSDT,0.013159259327771301,0.004119356150113863,1.256273766214934,2
2025-04-09 02:05:00+00:00,BTCUSDT,0.010080108356360801,0.0031554630330871054,1.259429229248021,1
2025-04-09 02:05:00+00:00,ETHUSDT,0.016600607164541398,0.00519663086770854,1.2646258601157294,0
2025-04-09 17:55:00+00:00,BNBUSDT,0.0070181919023847,0.0022188467427526246,1.266844706858482,1
2025-04-09 18:05:00+00:00,SOLUSDT,0.009691507739673201,0.0030640328277756175,1.2699087396862576,0
2025-04-09 18:45:00+00:00,ETHUSDT,-0.0170154252636129,-0.005402009312935091,1.2645067303733226,0
2025-04-10 16:25:00+00:00,ETHUSDT,-0.010824753979787499,-0.0034219935655191752,1.2610847368078035,0
2025-04-11 14:10:00+00:00,BTCUSDT,-0.0073092556388538,-0.0023043976808962245,1.2587803391269072,0
2025-04-16 12:20:00+00:00,BNBUSDT,0.0010099521991814,0.0003178269929468821,1.2590981661198541,0
2025-04-16 18:35:00+00:00,SOLUSDT,0.0115263881210014,0.003628213536284634,1.2627263796561388,0
2025-04-16 20:20:00+00:00,SOLUSDT,0.0054890147225367,0.0017327809221170032,1.2644591605782558,0
2025-04-21 01:00:00+00:00,BTCUSDT,0.0044362093772336,0.0014023513963215464,1.2658615119745773,1
2025-04-21 01:00:00+00:00,ETHUSDT,-7.059466984880001e-05,-2.231601924457819e-05,1.2658391959553328,0
2025-04-21 15:50:00+00:00,BTCUSDT,-0.0028352820122296003,-0.0008972527756668338,1.264941943179666,0
2025-04-22 01:50:00+00:00,BTCUSDT,-5.020953467690004e-05,-1.587803659008619e-05,1.264926065143076,0
2025-04-22 08:05:00+00:00,ETHUSDT,0.0055504643962845995,0.0017552317721272544,1.2666812969152033,0
2025-04-23 00:00:00+00:00,BTCUSDT,-0.0020876365393084,-0.0006610925397746827,1.2660202043754285,0
2025-04-23 01:40:00+00:00,ETHUSDT,-0.0038164462205211003,-0.0012079245060229887,1.2648122798694055,0
2025-04-23 05:25:00+00:00,BNBUSDT,0.0019682844536725,0.0006223775868202555,1.2654346574562256,1
2025-04-23 05:30:00+00:00,ETHUSDT,-0.0099585239348523,-0.003148915840543645,1.262285741615682,0
2025-04-23 14:20:00+00:00,BTCUSDT,-0.0128112719742996,-0.004042871486279744,1.2582428701294024,0
2025-04-25 08:25:00+00:00,SOLUSDT,-0.0027898721095465,-0.0008775841726024397,1.2573652859567999,0
2025-04-26 09:00:00+00:00,ETHUSDT,-0.0125466129005783,-0.003943918879381227,1.2534213670774186,0
2025-04-28 04:05:00+00:00,SOLUSDT,0.0007439337864207,0.00023311562589762856,1.2536544827033163,0
2025-04-28 19:35:00+00:00,ETHUSDT,0.0011524235055837,0.0003611852234369189,1.2540156679267531,0
2025-05-01 15:45:00+00:00,ETHUSDT,-0.006362853827189601,-0.001994779598005866,1.2520208883287474,0
2025-05-02 16:35:00+00:00,ETHUSDT,-0.0074050571268028005,-0.002317821550506191,1.2497030667782412,0
2025-05-05 02:45:00+00:00,BTCUSDT,0.0016178640000085,0.0005054624006101837,1.2502085291788514,1
2025-05-05 02:45:00+00:00,SOLUSDT,0.0062128358624529995,0.001941050007674338,1.2521495791865258,0
2025-05-05 11:15:00+00:00,BNBUSDT,0.0018937713986945002,0.0005928212649876992,1.2527424004515135,0
2025-05-05 14:30:00+00:00,BTCUSDT,-0.0035594972832144003,-0.0011147832927436623,1.25162761715877,0
2025-05-05 16:50:00+00:00,SOLUSDT,0.001739111233784,0.0005441799123787791,1.2521717970711488,0
2025-05-06 00:55:00+00:00,BNBUSDT,-0.0015347707095654999,-0.0004804491493721985,1.2516913479217766,0
2025-05-06 10:40:00+00:00,BNBUSDT,-0.0007351768057651,-0.00023005361174223602,1.2514612943100343,0
2025-05-06 16:45:00+00:00,BTCUSDT,-0.0039572843073216,-0.0012380970352983691,1.250223197274736,2
2025-05-06 16:45:00+00:00,ETHUSDT,-0.0048376529496014006,-0.001513533855432731,1.2487096634193033,1
2025-05-06 16:45:00+00:00,SOLUSDT,-0.0031194756293144,-0.000975975752157602,1.2477336876671457,0
2025-05-06 19:30:00+00:00,ETHUSDT,-0.0010819299736171,-0.00033749011894472047,1.2473961975482009,0
2025-05-06 22:35:00+00:00,BNBUSDT,0.0029309461552552997,0.0009140127723209949,1.248310210320522,3
2025-05-06 22:35:00+00:00,BTCUSDT,0.0040130311495724,0.0012514599491547742,1.2495616702696768,2
2025-05-06 22:35:00+00:00,ETHUSDT,0.005230938880851,0.0016312633173951447,1.251192933587072,1
2025-05-06 22:35:00+00:00,SOLUSDT,0.0029614598339847997,0.0009235284340260913,1.252116462021098,0
2025-05-06 23:55:00+00:00,BTCUSDT,0.000378673648877,0.0001185358773731222,1.2522349978984713,0
2025-05-07 00:55:00+00:00,ETHUSDT,-1.9246543302499993e-05,-6.025298777989728e-06,1.2522289725996933,0
2025-05-08 01:30:00+00:00,BTCUSDT,0.0017488871834227002,0.0005475018002225448,1.252776474399916,2
2025-05-08 01:30:00+00:00,ETHUSDT,0.000410430459043,0.0001284882280127591,1.2529049626279287,1
2025-05-08 01:30:00+00:00,SOLUSDT,-0.0004,-0.00012522289725996934,1.2527797397306688,0
2025-05-08 03:00:00+00:00,BNBUSDT,0.0022259723529704,0.0006971632662504805,1.2534769029969193,0
2025-05-08 04:15:00+00:00,ETHUSDT,0.00962277904328,0.0030154828183485685,1.256492385815268,0
2025-05-08 08:05:00+00:00,ETHUSDT,-0.0050028731836196,-0.001571518015604354,1.2549208677996635,0
2025-05-08 15:40:00+00:00,ETHUSDT,0.0177879823704205,0.005580627568173302,1.2605014953678368,1
2025-05-08 15:55:00+00:00,BTCUSDT,0.003085402513232,0.0009679839998540911,1.2614694793676908,0
2025-05-08 21:25:00+00:00,BNBUSDT,0.0012778255381026,0.0004029844790682566,1.261872463846759,1
2025-05-08 21:25:00+00:00,ETHUSDT,0.013237133273232301,0.004174559904626272,1.2660470237513854,0
2025-05-09 09:00:00+00:00,ETHUSDT,-0.0068601452708686,-0.0021713166256713333,1.263875707125714,2
2025-05-09 09:20:00+00:00,BNBUSDT,-0.0021820533038952,-0.0006906455227658489,1.2631850616029483,1
2025-05-09 09:20:00+00:00,SOLUSDT,-0.0057947131810825005,-0.0018340948441006057,1.2613509667588476,0
2025-05-09 10:05:00+00:00,ETHUSDT,-0.004040698911636,-0.001274184869643373,1.2600767818892042,0
2025-05-09 11:40:00+00:00,SOLUSDT,-0.0070441376940259,-0.002219038589168149,1.2578577433000362,0
2025-05-09 14:20:00+00:00,BTCUSDT,-0.0039895333413723,-0.0012545663513997035,1.2566031769486365,0
2025-05-09 15:15:00+00:00,BNBUSDT,0.0010004500322575,0.0003142921722282851,1.2569174691208649,0
2025-05-09 16:45:00+00:00,ETHUSDT,0.0049320006952894,0.0015497794579063745,1.2584672485787713,0
2025-05-10 00:40:00+00:00,BNBUSDT,-0.0061029433112621,-0.0019200885692890577,1.2565471600094822,0
2025-05-10 08:25:00+00:00,ETHUSDT,0.0074781907298703,0.0023491748309069404,1.2588963348403892,0
2025-05-10 23:45:00+00:00,SOLUSDT,-0.0023731649565903,-0.0007468921664557951,1.2581494426739335,0
2025-05-11 01:05:00+00:00,SOLUSDT,0.015897224913100298,0.005000271166119828,1.2631497138400534,0
2025-05-12 07:35:00+00:00,BTCUSDT,-0.0036482747977994003,-0.0011520793167125478,1.2619976345233408,2
2025-05-12 07:35:00+00:00,ETHUSDT,0.018612505760773498,0.005877595331391847,1.2678752298547327,1
2025-05-12 07:35:00+00:00,SOLUSDT,-0.0014056427733393,-0.00044388431672621895,1.2674313455380064,0
2025-05-12 09:10:00+00:00,BNBUSDT,0.00040878278191339997,0.00012952602782831748,1.2675608715658346,0
2025-05-12 12:35:00+00:00,BNBUSDT,0.007570516401713999,0.002399022592090011,1.2699598941579247,0
2025-05-12 19:25:00+00:00,BTCUSDT,0.0037290528719946,0.0011839368976568918,1.2711438310555816,0
2025-05-17 21:25:00+00:00,SOLUSDT,-0.0038567018296679,-0.0012256056847507813,1.2699182253708308,0
2025-05-18 22:55:00+00:00,BTCUSDT,0.0083112159294082,0.00263864114593696,1.2725568665167677,0
2025-05-19 00:25:00+00:00,BTCUSDT,-0.0024094287132136,-0.0007665337633456567,1.2717903327534221,1
2025-05-19 00:25:00+00:00,ETHUSDT,-0.0156682448522202,-0.004984683143239703,1.2668056496101825,0
2025-05-19 07:40:00+00:00,ETHUSDT,0.007702152474633599,0.002439282567256223,1.2692449321774386,0
2025-05-20 21:20:00+00:00,BTCUSDT,-0.006270160592221101,-0.00198959238890383,1.2672553397885349,0
2025-05-21 05:10:00+00:00,BTCUSDT,-0.0012354351007405,-0.00039140293209389627,1.266863936856441,0
2025-05-21 18:05:00+00:00,BTCUSDT,-0.008520157490863899,-0.0026984700653781835,1.2641654667910627,1
2025-05-21 18:05:00+00:00,ETHUSDT,-0.0150144613384693,-0.004755319900258011,1.2594101468908048,0
2025-05-21 23:55:00+00:00,SOLUSDT,-0.0034375974323705,-0.0010823362718132962,1.2583278106189915,0
2025-05-22 08:50:00+00:00,ETHUSDT,-0.0088087268545313,-0.0027710664943007713,1.2555567441246906,0
2025-05-23 14:05:00+00:00,BTCUSDT,0.0046319926873855995,0.0014539324143458098,1.2570106765390365,1
2025-05-23 14:05:00+00:00,SOLUSDT,0.007297885870474499,0.0022907274556316364,1.2593014039946682,0
2025-05-24 00:40:00+00:00,BNBUSDT,0.0021484663693455,0.0006763916788380288,1.259977795673506,0
2025-05-27 13:40:00+00:00,BTCUSDT,0.00010766722821869994,3.3914579219318465e-05,1.2600117102527255,0
2025-05-29 03:00:00+00:00,ETHUSDT,0.0085965070241957,0.0027079248794390984,1.2627196351321646,0
2025-05-29 21:25:00+00:00,BNBUSDT,-0.0056121676138873,-0.0017716485604270804,1.2609479865717375,0
2025-05-31 00:55:00+00:00,BNBUSDT,-0.0019631465219989,-0.0006188564135649555,1.2603291301581725,0
2025-05-31 02:10:00+00:00,ETHUSDT,0.0026362142654003,0.0008306244080056314,1.2611597545661781,0
2025-06-01 16:40:00+00:00,BTCUSDT,-0.0004389913230042227,-0.00013840954729417182,1.2610213450188839,0
2025-06-02 04:45:00+00:00,BNBUSDT,-0.000643142618342,-0.00020275414240514887,1.2608185908764786,0
2025-06-03 15:15:00+00:00,BTCUSDT,0.00046547507055499996,0.00014671990563632113,1.260965310782115,0
2025-06-05 21:20:00+00:00,BNBUSDT,-0.0026324609319338,-0.0008298604792894202,1.2601354503028257,1
2025-06-05 21:20:00+00:00,ETHUSDT,-0.007859530915793899,-0.002477648960958924,1.2576578013418667,0
2025-06-09 21:35:00+00:00,ETHUSDT,0.0089747962209291,0.0028218056206762462,1.260479606962543,0
2025-06-10 00:15:00+00:00,SOLUSDT,-0.0061578008915305,-0.0019404456118774906,1.2585391613506656,0
2025-06-11 02:40:00+00:00,SOLUSDT,-0.010538805069402399,-0.0033158747234209593,1.2552232866272446,0
2025-06-11 13:05:00+00:00,BTCUSDT,-0.0015319289637108,-0.00048072822717713483,1.2547425584000675,2
2025-06-11 13:05:00+00:00,ETHUSDT,-0.0026366982345043003,-0.0008274112559396853,1.2539151471441279,1
2025-06-11 13:05:00+00:00,SOLUSDT,0.0042346454797159,0.0013288564041875493,1.2552440035483154,0
2025-06-11 14:10:00+00:00,BTCUSDT,-0.00027793880544,-8.722025472048548e-05,1.255156783293595,0
2025-06-13 01:50:00+00:00,BNBUSDT,0.0016060960437922001,0.0005039755859966967,1.2556607588795918,1
2025-06-13 02:15:00+00:00,BTCUSDT,0.0014708947341465,0.00046155087576870216,1.2561223097553604,0
2025-06-13 03:20:00+00:00,BTCUSDT,0.00471980458496,0.0014821629592134738,1.2576044727145739,0
2025-06-13 04:25:00+00:00,BTCUSDT,-0.0062370770752748,-0.0019609440066327803,1.255643528707941,0
2025-06-13 15:40:00+00:00,BTCUSDT,0.0016121966274102002,0.0005060860655530964,1.256149614773494,0
2025-06-16 02:10:00+00:00,SOLUSDT,0.0170369611719711,0.005350243053270618,1.2614998578267647,0
2025-06-17 00:50:00+00:00,SOLUSDT,0.0061342045606081995,0.0019345745452718837,1.2634344323720366,0
2025-06-17 03:25:00+00:00,ETHUSDT,0.004996258850828,0.0015781113662949094,1.2650125437383315,1
2025-06-17 03:25:00+00:00,SOLUSDT,0.0021531914893614997,0.0006801040667874366,1.265692647805119,0
2025-06-18 18:10:00+00:00,BNBUSDT,-0.0010091941454882,-0.00031933240253809603,1.2653733154025808,0
2025-06-18 19:45:00+00:00,SOLUSDT,-0.0015687061735185999,-0.0004962497329194318,1.2648770656696613,0
2025-06-20 18:15:00+00:00,BNBUSDT,0.0011602814747781,0.0003669033567920476,1.2652439690264534,1
2025-06-20 18:15:00+00:00,ETHUSDT,0.006893149752398,0.002179746758008684,1.2674237157844621,0
2025-06-22 00:20:00+00:00,SOLUSDT,0.0117523894728994,0.0037238142837720885,1.2711475300682342,0
2025-06-22 02:35:00+00:00,BTCUSDT,-0.0083009823947087,-0.002637943317043465,1.2685095867511909,0
2025-06-22 14:20:00+00:00,BNBUSDT,-0.0056864579110383,-0.0018033315937023085,1.2667062551574886,0
2025-06-22 15:20:00+00:00,BNBUSDT,-0.0044959530026108,-0.0014237629478252984,1.2652824922096633,0
2025-06-22 21:10:00+00:00,BTCUSDT,0.0020730404259809,0.0006557454391591237,1.2659382376488224,0
2025-06-23 14:10:00+00:00,BNBUSDT,0.005346108902444999,0.0016919609205599756,1.2676301985693823,3
2025-06-23 14:10:00+00:00,BTCUSDT,0.0055515141974457,0.0017569685248492064,1.2693871670942316,2
2025-06-23 14:10:00+00:00,ETHUSDT,0.0153158690977172,0.004847236083406043,1.2742344031776376,1
2025-06-23 14:10:00+00:00,SOLUSDT,0.0109998075357169,0.003481269241560422,1.277715672419198,0
2025-06-23 16:30:00+00:00,BNBUSDT,-0.0046738475875254,-0.0014929620782699658,1.276222710340928,0
2025-06-23 18:35:00+00:00,SOLUSDT,0.0035045553145335,0.0011181482705134116,1.2773408586114414,0
2025-06-23 22:35:00+00:00,BTCUSDT,0.011037701641520301,0.0035247268229691145,1.2808655854344104,2
2025-06-23 22:35:00+00:00,ETHUSDT,0.0145989458148851,0.004661957495501811,1.2855275429299122,1
2025-06-23 22:35:00+00:00,SOLUSDT,0.0185447095144539,0.005921978793473078,1.2914495217233852,0
2025-06-24 17:15:00+00:00,ETHUSDT,-0.004724622000502,-0.0015254027057180228,1.2899241190176671,0
2025-06-25 04:10:00+00:00,BNBUSDT,0.0007862030718037,0.00025353557619134284,1.2901776545938584,0
2025-06-26 03:25:00+00:00,ETHUSDT,-0.0024909545227386003,-0.0008034434659617128,1.2893742111278967,0
2025-06-27 01:45:00+00:00,BNBUSDT,0.0013272232163696,0.0004278218468992957,1.2898020329747961,0
2025-06-30 16:10:00+00:00,SOLUSDT,0.0097883890811227,0.0031562710340950887,1.2929583040088912,0
2025-07-02 15:45:00+00:00,ETHUSDT,0.00013801000538019996,4.4610295623160325e-05,1.2930029143045143,0
2025-07-02 16:40:00+00:00,BNBUSDT,-0.0021309110612742,-0.0006888185530878165,1.2923140957514265,0
2025-07-02 20:30:00+00:00,ETHUSDT,-0.0022243689603785003,-0.0007186458404122706,1.2915954499110143,0
2025-07-02 23:05:00+00:00,ETHUSDT,-0.0091256765075881,-0.002946670563640156,1.2886487793473742,0
2025-07-04 14:55:00+00:00,BNBUSDT,0.0001799844319969,5.798417964858392e-05,1.2887067635270228,1
2025-07-04 14:55:00+00:00,BTCUSDT,-0.0014287760715952999,-0.00046029763515550493,1.2882464658918673,0
2025-07-08 14:15:00+00:00,BTCUSDT,-0.0042363288690858,-0.0013643589234888683,1.2868821069683785,0
2025-07-08 16:55:00+00:00,BNBUSDT,-0.0014013351134844999,-0.0004508382708524262,1.286431268697526,0
2025-07-09 06:10:00+00:00,ETHUSDT,-0.00636958319111,-0.0020485077464035186,1.2843827609511227,1
2025-07-09 06:10:00+00:00,SOLUSDT,-0.0028194075720918,-0.0009067435149853665,1.2834760174361373,0
2025-07-09 12:45:00+00:00,ETHUSDT,0.0028619229884494,0.000918302379855991,1.2843943198159933,0
2025-07-09 18:40:00+00:00,ETHUSDT,0.004320910858094999,0.0013874383406421167,1.2857817581566353,1
2025-07-09 18:40:00+00:00,SOLUSDT,-0.0021440733802726,-0.000688458917722701,1.2850932992389126,0
2025-07-09 21:35:00+00:00,BNBUSDT,-0.0014025587693964,-0.0004506047190850222,1.2846426945198275,1
2025-07-09 21:35:00+00:00,BTCUSDT,-0.0011105758726618,-0.00035679840306352176,1.284285896116764,0
2025-07-10 15:50:00+00:00,BTCUSDT,-0.0005141511469043,-0.00016507926661036274,1.2841208168501537,0
2025-07-10 18:25:00+00:00,SOLUSDT,-0.0050572280178837,-0.0016235229433305752,1.282497293906823,0
2025-07-10 21:50:00+00:00,BNBUSDT,0.0051706222971486995,0.0016578272759768722,1.2841551211828,3
2025-07-10 21:50:00+00:00,BTCUSDT,0.00020111790755999998,6.448329305047564e-05,1.2842196044758505,2
2025-07-10 21:50:00+00:00,ETHUSDT,0.0381189723168817,0.012221869710727471,1.296441474186578,1
2025-07-10 21:50:00+00:00,SOLUSDT,0.0027230863441518,0.0008730877168623268,1.2973145619034403,0
2025-07-10 22:50:00+00:00,BNBUSDT,-0.0008218427253950001,-0.000266547133812336,1.297048014769628,0
2025-07-11 05:40:00+00:00,ETHUSDT,0.0040886813704682995,0.0013258040136478674,1.2983738187832758,0
2025-07-11 16:55:00+00:00,BTCUSDT,0.0012995571936828,0.0004218277590723036,1.2987956465423482,0
2025-07-11 23:05:00+00:00,BNBUSDT,0.0013484555309474001,0.0004378420432876085,1.2992334885856358,1
2025-07-11 23:05:00+00:00,ETHUSDT,0.000158829506198,5.157176779810833e-05,1.2992850603534338,0
2025-07-13 14:50:00+00:00,BTCUSDT,-0.0063589957351874,-0.0020655370393950472,1.297219523314039,1
2025-07-13 14:50:00+00:00,ETHUSDT,-0.011735659446438099,-0.0038119917480381677,1.2934075315660007,0
2025-07-14 04:15:00+00:00,BNBUSDT,-0.000987081346564,-0.00031917461197854686,1.2930883569540221,1
2025-07-14 04:15:00+00:00,BTCUSDT,-0.0033319074402103003,-0.0010773785444121993,1.2920109784096099,0
2025-07-15 13:05:00+00:00,ETHUSDT,0.0020221533875211996,0.000653161094176393,1.2926641395037863,1
2025-07-15 13:05:00+00:00,SOLUSDT,-0.0016457178449082,-0.0005315713807464995,1.2921325681230398,0
2025-07-15 23:35:00+00:00,ETHUSDT,-0.0047579101173063,-0.0015369626546933956,1.2905956054683463,1
2025-07-15 23:35:00+00:00,SOLUSDT,-0.0020481504089853,-0.0006616204619661074,1.2899339850063802,0
2025-07-16 15:05:00+00:00,ETHUSDT,0.005527797633205499,0.0017826235073274018,1.2917166085137077,0
2025-07-16 20:50:00+00:00,ETHUSDT,-0.011370938280058899,-0.0036720074576840935,1.2880446010560236,0
2025-07-17 02:25:00+00:00,BNBUSDT,0.009581469002695301,0.0030853398547768312,1.2911299409108004,0
2025-07-17 06:55:00+00:00,BNBUSDT,0.0061239864770472,0.001976715574562123,1.2931066564853624,1
2025-07-17 06:55:00+00:00,ETHUSDT,0.0016204379562043002,0.000523048990660919,1.2936297054760233,0
2025-07-17 21:45:00+00:00,ETHUSDT,-0.0059559381959272,-0.0019261946435576752,1.2917035108324657,0
2025-07-18 05:40:00+00:00,SOLUSDT,-0.0011082152974503,-0.0003578713976186994,1.291345639434847,0
2025-07-22 01:55:00+00:00,SOLUSDT,0.0139562361474913,0.00450558117299647,1.2958512206078434,0
2025-07-22 05:35:00+00:00,SOLUSDT,0.0031159235668788998,0.0010094433393651918,1.2968606639472087,0
2025-07-22 14:40:00+00:00,BTCUSDT,0.0030358766096418,0.0009842772389104665,1.297844941186119,0
2025-07-22 19:25:00+00:00,BTCUSDT,-0.0046971122372725,-0.001524030838831882,1.2963209103472872,0
2025-07-23 01:10:00+00:00,BNBUSDT,-0.0074568649132178005,-0.002416622478159811,1.2939042878691274,0
2025-07-29 20:50:00+00:00,BTCUSDT,-0.0045531126669935,-0.001472823000743532,1.292431464868384,0
2025-07-31 14:10:00+00:00,BTCUSDT,-0.0006745804410859,-0.0002179622469110526,1.292213502621473,0
2025-08-01 00:50:00+00:00,BNBUSDT,-0.009911231888658799,-0.0032018569185343557,1.2890116457029386,2
2025-08-01 00:50:00+00:00,BTCUSDT,-0.0054833768825122,-0.0017714234118861758,1.2872402222910524,1
2025-08-01 00:50:00+00:00,ETHUSDT,-0.010969105691056899,-0.003543606621416442,1.2836966156696359,0
2025-08-01 09:35:00+00:00,BTCUSDT,0.00011542090679299998,3.704135685692364e-05,1.2837336570264928,0
2025-08-01 14:40:00+00:00,BTCUSDT,0.0061270127423030995,0.0019663631185811697,1.285700020145074,0
2025-08-03 01:15:00+00:00,SOLUSDT,0.0049499496475326,0.0015910375903874412,1.2872910577354613,0
2025-08-06 15:30:00+00:00,BTCUSDT,-0.0025503770107675,-0.0008207693799537748,1.2864702883555075,0
2025-08-07 10:35:00+00:00,ETHUSDT,0.0075406967338115,0.0024252205753869786,1.2888955089308944,0
2025-08-08 01:10:00+00:00,BTCUSDT,-0.0052986769741753,-0.0017073602388225212,1.287188148692072,1
2025-08-08 01:10:00+00:00,ETHUSDT,-0.008823282686691,-0.002843072357225936,1.284345076334846,0
2025-08-08 03:55:00+00:00,ETHUSDT,-0.0056569132963476005,-0.0018163571848542912,1.2825287191499917,0
2025-08-10 03:40:00+00:00,BTCUSDT,0.0035339783915397,0.0011331071950012898,1.283661826344993,0
2025-08-11 02:05:00+00:00,BTCUSDT,0.0073657595061446,0.0023637860750188927,1.286025612420012,0
2025-08-12 13:05:00+00:00,BTCUSDT,-0.0005059910159996,-0.00016267935155747743,1.2858629330684546,2
2025-08-12 13:05:00+00:00,ETHUSDT,0.0061664618763813996,0.0019825569777595113,1.2878454900462142,1
2025-08-12 13:05:00+00:00,SOLUSDT,-0.0037852403520651,-0.0012169790104803657,1.2866285110357338,0
2025-08-12 20:50:00+00:00,BNBUSDT,2.9584019474499955e-05,9.515910731732007e-06,1.2866380269464657,1
2025-08-12 20:50:00+00:00,ETHUSDT,-0.0027471831628728,-0.0008836510455973672,1.2857543759008683,0
2025-08-13 07:35:00+00:00,BNBUSDT,0.0010618504196926,0.0003413197059179835,1.2860956956067862,0
2025-08-13 14:20:00+00:00,BTCUSDT,0.006789008467036,0.0021828286417232565,1.2882785242485095,0
2025-08-14 10:50:00+00:00,BNBUSDT,-0.0073155496133055,-0.0023561163649739912,1.2859224078835356,0
2025-08-14 13:40:00+00:00,BNBUSDT,0.0023584883483851,0.0007582082539801577,1.2866806161375157,0
2025-08-14 14:50:00+00:00,BNBUSDT,0.0099351856440023,0.00319585269646637,1.289876468833982,0
2025-08-14 17:55:00+00:00,BNBUSDT,-0.0086810061124547,-0.002799356377564821,1.2870771124564173,0
2025-08-17 09:25:00+00:00,ETHUSDT,0.0056379642803489,0.0018141236965209713,1.2888912361529383,0
2025-08-18 10:10:00+00:00,ETHUSDT,0.0017416480402516002,0.0005611987238858068,1.2894524348768241,0
2025-08-20 19:35:00+00:00,BNBUSDT,0.0039724696356275,0.0012805776610335324,1.2907330125378578,0
2025-08-22 13:15:00+00:00,BTCUSDT,-0.0011670904819306,-0.0003766005534116359,1.2903564119844462,0
2025-08-22 14:15:00+00:00,BTCUSDT,0.023496998334235998,0.007579875615742318,1.2979362876001885,2
2025-08-22 14:15:00+00:00,ETHUSDT,0.0677730451727522,0.021862845849593082,1.3197991334497816,1
2025-08-22 14:35:00+00:00,SOLUSDT,0.032482639264467206,0.010478545463270749,1.3302776789130524,0
2025-08-22 15:35:00+00:00,BTCUSDT,0.0031544860776899,0.0010490856043982146,1.3313267645174507,0
2025-08-23 05:10:00+00:00,SOLUSDT,0.0075485795593936,0.002512406500377511,1.3338391710178281,0
2025-08-24 20:15:00+00:00,BNBUSDT,-0.008838818565400799,-0.0029473906070127975,1.3308917804108154,0
2025-08-25 01:55:00+00:00,SOLUSDT,-0.0027584905660376,-0.0009178131051700549,1.3299739673056452,0
2025-08-27 02:55:00+00:00,SOLUSDT,-0.0024097472742802004,-0.0008012252856446008,1.3291727420200006,0
2025-08-27 04:20:00+00:00,SOLUSDT,0.017239751552795,0.005728651960793023,1.3349013939807937,0
2025-08-28 17:35:00+00:00,BNBUSDT,0.0017833062801489998,0.0005951345098164009,1.33549652849061,0
2025-08-29 13:05:00+00:00,SOLUSDT,-0.0062851224105461,-0.0020984397901057127,1.3333980887005041,0
2025-09-01 01:15:00+00:00,BNBUSDT,0.00040176620962109995,0.00013392857400330518,1.3335320172745075,0
2025-09-02 03:30:00+00:00,BTCUSDT,-0.0013073586788858,-0.000435851164088979,1.3330961661104186,0
2025-09-03 02:25:00+00:00,SOLUSDT,0.0048398418520457995,0.0016129936543857507,1.3347091597648044,0
2025-09-03 14:15:00+00:00,ETHUSDT,-0.0006059597043233001,-0.0002021949919521703,1.3345069647728522,0
2025-09-03 15:15:00+00:00,BTCUSDT,-0.0038355398279829003,-0.001279638653526712,1.3332273261193255,0
2025-09-04 23:30:00+00:00,BTCUSDT,-0.0039996622849241,-0.0013331147633774175,1.331894211355948,0
2025-09-07 08:40:00+00:00,BNBUSDT,-0.0006869078222548,-0.00022872213804907214,1.331665489217899,0
2025-09-08 01:10:00+00:00,BNBUSDT,-0.0030791467426323003,-0.0010250983633502855,1.3306403908545488,0
2025-09-09 06:45:00+00:00,SOLUSDT,0.0080324025435442,0.0026720598150106814,1.3333124506695595,0
2025-09-09 14:45:00+00:00,SOLUSDT,-0.0153308586392244,-0.005110206175783219,1.3282022444937762,0
2025-09-10 13:05:00+00:00,ETHUSDT,-0.0013210018122938,-0.0004386393930172428,1.327763605100759,1
2025-09-10 13:05:00+00:00,SOLUSDT,-0.0020527448965918,-0.0006816150947565933,1.3270819900060025,0
2025-09-11 22:55:00+00:00,BTCUSDT,0.0014908853065859,0.0004946317598836813,1.3275766217658862,0
2025-09-12 18:00:00+00:00,BNBUSDT,0.000919851216772,0.00030529324272235295,1.3278819150086085,0
2025-09-12 22:50:00+00:00,SOLUSDT,-0.011028693368351898,-0.003661200617502465,1.324220714391106,0
2025-09-13 15:40:00+00:00,BNBUSDT,-0.0024927169202006,-0.000825226845210709,1.3233954875458953,0
2025-09-16 16:30:00+00:00,BTCUSDT,-0.0009005268476560001,-0.0002979382916504701,1.323097549254245,0
2025-09-17 18:35:00+00:00,BNBUSDT,-0.0012787897809302,-0.0004229909062900301,1.3226745583479549,2
2025-09-17 18:35:00+00:00,BTCUSDT,-0.0072907613679909005,-0.0024115971245465715,1.3202629612234082,1
2025-09-17 18:35:00+00:00,SOLUSDT,-0.0109192291508878,-0.0036118013323212894,1.316651159891087,0
2025-09-17 21:45:00+00:00,BTCUSDT,0.0010758438577937,0.00035412776580644417,1.3170052876568934,0
2025-09-18 00:05:00+00:00,BNBUSDT,-0.0008247100342801,-0.0002715368689826474,1.3167337507879107,0
2025-09-20 15:20:00+00:00,BNBUSDT,0.0106416336868766,0.003503049559758002,1.3202368003476688,0
2025-09-20 22:10:00+00:00,BNBUSDT,0.0009693610291423001,0.0003199465258741384,1.3205567468735429,0
2025-09-21 01:15:00+00:00,BNBUSDT,-0.0042651168490811,-0.0014080822078145182,1.3191486646657284,0
2025-09-21 02:25:00+00:00,BNBUSDT,0.008781088080479602,0.002895890153919203,1.3220445548196476,0
2025-09-22 06:40:00+00:00,SOLUSDT,0.0106201511335013,0.003510078244351775,1.3255546330639993,0
2025-09-24 05:00:00+00:00,BNBUSDT,0.0015770503204012001,0.0005226165896957188,1.326077249653695,3
2025-09-24 05:00:00+00:00,BTCUSDT,0.0008054916843398001,0.0002669308085177866,1.3263441804622127,2
2025-09-24 05:00:00+00:00,ETHUSDT,0.0027532666970441,0.0009124013565819052,1.3272565818187947,1
2025-09-24 05:00:00+00:00,SOLUSDT,0.00022563164733629997,7.47717688731237e-05,1.3273313535876679,0
2025-09-25 03:05:00+00:00,BTCUSDT,-0.0034853631891756,-0.00115655795990827,1.3261747956277596,1
2025-09-25 03:05:00+00:00,SOLUSDT,-0.0087443959795183,-0.0029016777379501464,1.3232731178898094,0
2025-09-25 05:15:00+00:00,ETHUSDT,-0.0066146724726419,-0.0021882545666731855,1.3210848633231362,0
2025-09-25 13:05:00+00:00,BNBUSDT,-0.002704822943097,-0.000893325162023646,1.3201915381611127,2
2025-09-25 13:05:00+00:00,BTCUSDT,-0.0061304199436916,-0.0020247012483563115,1.3181668369127564,1
2025-09-25 13:05:00+00:00,ETHUSDT,-0.0054493136246141,-0.0017997514362445555,1.316367085476512,0
2025-09-25 21:40:00+00:00,BTCUSDT,-0.0053324469225819,-0.0017548644034843328,1.3146122210730276,0
2025-09-26 01:25:00+00:00,BNBUSDT,0.0037389427358935,0.001228814953624454,1.315841036026652,0
2025-09-28 22:40:00+00:00,BTCUSDT,0.0026530445164590997,0.0008727462112905924,1.3167137822379424,1
2025-09-28 22:40:00+00:00,ETHUSDT,0.0022359167430699997,0.0007355277509176415,1.31744930998886,0
2025-09-29 14:15:00+00:00,ETHUSDT,0.0076169407315577,0.0025087333277541836,1.3199580433166143,1
2025-09-29 14:15:00+00:00,SOLUSDT,0.008270243341636301,0.002723906595969677,1.322681949912584,0
2025-10-01 09:00:00+00:00,BTCUSDT,0.0085164322448511,0.0028161328019795143,1.3254980827145635,0
2025-10-01 23:50:00+00:00,BTCUSDT,-0.00020223023443320003,-6.701394700203083e-05,1.3254310687675614,0
2025-10-02 13:10:00+00:00,BNBUSDT,-0.0037068907689698,-0.0012283070484300626,1.3242027617191314,0
2025-10-02 15:40:00+00:00,BTCUSDT,0.0021302754899414,0.0007052291717507444,1.324907990890882,1
2025-10-02 15:40:00+00:00,ETHUSDT,0.006068849789099,0.002009096912795866,1.326917087803678,0
2025-10-03 14:55:00+00:00,BNBUSDT,0.0076852530286561005,0.0025494233919546873,1.3294665111956327,0
2025-10-03 16:05:00+00:00,BTCUSDT,0.007713043713993099,0.0025635583292854527,1.332030069524918,1
2025-10-03 16:05:00+00:00,SOLUSDT,0.0092380381237952,0.0030704155786835633,1.3351004851036017,0
2025-10-03 17:10:00+00:00,ETHUSDT,-0.0169437564675214,-0.005655404369816278,1.3294450807337854,0
2025-10-03 17:40:00+00:00,BTCUSDT,0.0011394432414856,0.00037870680304209737,1.3298237875368275,0
2025-10-03 21:30:00+00:00,BNBUSDT,-0.0012288928359976,-0.0004085527314108005,1.3294152348054167,0
2025-10-03 23:20:00+00:00,BNBUSDT,-0.0112930085012463,-0.003753274387085979,1.3256619604183306,0
2025-10-05 03:00:00+00:00,BTCUSDT,0.0092920904920787,0.003079542724528395,1.328741503142859,2
2025-10-05 03:05:00+00:00,ETHUSDT,0.0064475326829096,0.0021368122040718,1.3308783153469308,1
2025-10-05 03:05:00+00:00,SOLUSDT,0.0040190278138809,0.0013319680726812879,1.3322102834196121,0
2025-10-05 05:20:00+00:00,BTCUSDT,-0.0020921459683425,-0.0006967945933601902,1.3315134888262519,1
2025-10-05 05:20:00+00:00,ETHUSDT,-0.0013316199690335,-0.00044349945408833353,1.3310699893721636,0
2025-10-06 00:50:00+00:00,BTCUSDT,-0.0067911540763721,-0.002259875346065334,1.3288101140260982,1
2025-10-06 00:50:00+00:00,ETHUSDT,-0.008820765652070699,-0.0029352641106890225,1.3258748499154092,0
2025-10-06 06:00:00+00:00,BNBUSDT,-0.004306870905942201,-0.0014275929540052894,1.3244472569614039,0
2025-10-06 07:00:00+00:00,BNBUSDT,-0.0048753771986113,-0.0016142949893382275,1.3228329619720656,0
2025-10-06 14:10:00+00:00,ETHUSDT,0.007628424259351701,0.002522782764544443,1.32535574473661,0
2025-10-07 05:10:00+00:00,BNBUSDT,0.0036325513362371,0.0012036056953831223,1.326559350431993,0
2025-10-07 11:05:00+00:00,BNBUSDT,-0.0024725228325508,-0.0008199870706692152,1.3257393633613237,0
2025-10-07 16:30:00+00:00,BNBUSDT,-0.0064082554991144,-0.0021239191414131565,1.3236154442199106,0
2025-10-08 00:50:00+00:00,BNBUSDT,-0.0074023265794765005,-0.00244945844593866,1.321165985773972,0
2025-10-08 14:35:00+00:00,ETHUSDT,-0.0085547043642522,-0.0028255461061005393,1.3183404396678713,0
2025-10-08 15:55:00+00:00,SOLUSDT,-0.0064649624870838,-0.002130755371914588,1.3162096842959567,0
2025-10-10 11:40:00+00:00,BNBUSDT,-0.0041234000769816,-0.0013568147783874689,1.3148528695175692,0
2025-10-10 16:10:00+00:00,BTCUSDT,-0.0010158916836163,-0.0003339370238304816,1.3145189324937387,0
2025-10-10 21:35:00+00:00,BTCUSDT,-0.032262436079922095,-0.010602395758856669,1.3039165367348822,2
2025-10-10 21:35:00+00:00,ETHUSDT,-0.0435461950597952,-0.014310574461041526,1.2896059622738407,1
2025-10-10 21:55:00+00:00,BNBUSDT,0.0232940212638652,0.007655107991315633,1.2972610702651564,0
2025-10-12 15:20:00+00:00,ETHUSDT,0.0337847147339242,0.010956898798583376,1.3082179690637397,0
2025-10-16 10:15:00+00:00,BTCUSDT,0.0008977552341895001,0.00029361488229693244,1.3085115839460366,1
2025-10-16 10:15:00+00:00,ETHUSDT,0.009258577618280901,0.003028059402051609,1.3115396433480881,0
2025-10-18 07:35:00+00:00,ETHUSDT,-0.0060611578689328,-0.0019873622074241455,1.309552281140664,0
2025-10-19 08:50:00+00:00,ETHUSDT,-0.018014965719683,-0.005897884863220434,1.3036543962774434,0
2025-10-20 04:25:00+00:00,BTCUSDT,-0.0033889103807505003,-0.0011044919791139136,1.3025499042983295,1
2025-10-20 04:25:00+00:00,SOLUSDT,-0.0039025354174289,-0.0012718893633899032,1.3012780149349397,0
2025-10-21 15:20:00+00:00,BTCUSDT,0.014579508141213601,0.004742998353181557,1.3060210132881211,0
2025-10-22 11:45:00+00:00,ETHUSDT,5.244963555569996e-05,1.7125081543761983e-05,1.3060381383696649,0
2025-10-22 14:10:00+00:00,BTCUSDT,-0.0014019402212571,-0.00045774684916904474,1.3055803915204958,0
2025-10-22 15:30:00+00:00,BTCUSDT,-0.010130684618577,-0.0033066057976731057,1.3022737857228226,2
2025-10-22 15:30:00+00:00,ETHUSDT,-0.013153254506989199,-0.004293157792250921,1.2979806279305717,1
2025-10-22 15:30:00+00:00,SOLUSDT,-0.0144237324703343,-0.004707835571451486,1.2932727923591203,0
2025-10-23 06:50:00+00:00,BTCUSDT,0.0016418943533697001,0.000530854323785276,1.2938036466829055,0
2025-10-23 15:40:00+00:00,BNBUSDT,0.018241454960213097,0.00590021523708142,1.299703861919987,0
2025-10-23 17:25:00+00:00,ETHUSDT,-0.009959747145707099,-0.0032361804572555207,1.2964676814627314,0
2025-10-24 05:05:00+00:00,ETHUSDT,0.0014882729642848001,0.00048237444984749534,1.2969500559125788,0
2025-10-26 22:35:00+00:00,BTCUSDT,-0.0029952205414581,-0.0009711628621786469,1.2959788930504001,2
2025-10-26 22:35:00+00:00,ETHUSDT,0.0007447118658804,0.00024146352402308643,1.2962203565744232,1
2025-10-26 22:35:00+00:00,SOLUSDT,-0.0082241802053223,-0.0026665877442819705,1.2935537688301413,0
2025-10-29 18:10:00+00:00,ETHUSDT,-0.00398739692787,-0.0012894780809669915,1.2922642907491744,1
2025-10-29 18:10:00+00:00,SOLUSDT,-0.0080686342767772,-0.0026093030695093023,1.289654987679665,0
2025-10-29 19:20:00+00:00,BNBUSDT,0.008642117711270901,0.002786337552613822,1.2924413252322788,1
2025-10-29 19:20:00+00:00,ETHUSDT,0.008783854291063601,0.0028320353743804,1.2952733606066593,0
2025-10-30 05:10:00+00:00,BNBUSDT,-0.0023020360843415003,-0.0007454415038007026,1.2945279191028587,3
2025-10-30 05:10:00+00:00,BTCUSDT,-0.0068902417843594,-0.0022311866578549064,1.2922967324450039,2
2025-10-30 05:10:00+00:00,ETHUSDT,-0.011358294546682099,-0.0036780240870603036,1.2886187083579437,1
2025-10-30 05:10:00+00:00,SOLUSDT,-0.010558828382838299,-0.0034191422808769853,1.2851995660770668,0
2025-10-30 07:15:00+00:00,BTCUSDT,0.0025410437999006,0.000816437097253768,1.2860160031743206,0
2025-10-31 15:25:00+00:00,BTCUSDT,-0.0019020334387707999,-0.0006115113602079833,1.2854044918141128,0
2025-10-31 19:10:00+00:00,ETHUSDT,-0.005544115447613,-0.0017816077248744401,1.2836228840892383,1
2025-10-31 19:10:00+00:00,SOLUSDT,-0.0052301400740621005,-0.001680711386004105,1.2819421727032343,0
2025-11-03 09:25:00+00:00,BNBUSDT,-0.0022804867830033,-0.0007308630453560649,1.2812113096578783,0
2025-11-03 16:10:00+00:00,BNBUSDT,-0.0107785349370449,-0.0034523952157211233,1.2777589144421573,1
2025-11-03 16:10:00+00:00,SOLUSDT,-0.0171610953729934,-0.005496747369499158,1.2722621670726582,0
2025-11-04 08:55:00+00:00,BTCUSDT,-0.0041779102463595,-0.0013288492859671,1.270933317786691,0
2025-11-04 15:15:00+00:00,BNBUSDT,0.0009817938196132001,0.0003119486191358681,1.271245266405827,3
2025-11-04 15:15:00+00:00,BTCUSDT,0.0010679496064933001,0.0003393231841523803,1.2715845895899793,2
2025-11-04 15:15:00+00:00,ETHUSDT,0.0044116887722533,0.001401740562090545,1.2729863301520699,1
2025-11-04 15:15:00+00:00,SOLUSDT,-0.000707087581378,-0.0002246652914416271,1.2727616648606281,0
2025-11-04 17:55:00+00:00,BNBUSDT,0.0006025224759071,0.0001917168773878671,1.272953381738016,1
2025-11-04 17:55:00+00:00,SOLUSDT,-0.001996831885539,-0.0006353727687713512,1.2723180089692447,0
2025-11-04 19:15:00+00:00,BNBUSDT,-0.0011520816545797,-0.0003664535592312093,1.2719515554100136,1
2025-11-04 19:15:00+00:00,ETHUSDT,-0.0039862726291088,-0.001267951613669076,1.2706836037963445,0
2025-11-04 21:00:00+00:00,BNBUSDT,0.0072990376202974,0.0023186918569011485,1.2730022956532456,0
2025-11-04 22:20:00+00:00,ETHUSDT,0.0395932425540594,0.01260057216591835,1.285602867819164,1
2025-11-04 22:30:00+00:00,BTCUSDT,0.007913205191365201,0.0025183820936457704,1.2881212499128099,0
2025-11-05 02:20:00+00:00,BNBUSDT,0.0200438805088544,0.006454737103542134,1.294575987016352,1
2025-11-05 02:20:00+00:00,SOLUSDT,0.0319333333333333,0.010283501311803922,1.304859488328156,0
2025-11-05 03:30:00+00:00,BNBUSDT,0.00036777450567950003,0.00011997351332527322,1.3049794618414812,0
2025-11-06 13:50:00+00:00,SOLUSDT,0.0020317246539468996,0.0006628397363794236,1.3056423015778607,0
2025-11-07 15:15:00+00:00,BNBUSDT,0.009886249188907301,0.003226976286244297,1.308869277864105,2
2025-11-07 15:15:00+00:00,BTCUSDT,0.0030015934302014,0.0009797518386522855,1.3098490297027572,1
2025-11-07 15:15:00+00:00,ETHUSDT,0.0108393162393162,0.0035380674505577714,1.313387097153315,0
2025-11-09 15:00:00+00:00,SOLUSDT,-0.014139141149651799,-0.004642541387695541,1.3087445557656194,0
2025-11-11 01:50:00+00:00,BNBUSDT,-0.0029666534023079,-0.000970647872278504,1.307773907893341,2
2025-11-11 01:50:00+00:00,ETHUSDT,-0.008445224831864198,-0.002763160505229722,1.3050107473881114,1
2025-11-11 01:50:00+00:00,SOLUSDT,-0.0150161070673868,-0.004913062093309029,1.3000976852948023,0
2025-11-12 18:10:00+00:00,ETHUSDT,-0.0027610559198982003,-0.0008974106026072903,1.299200274692195,0
2025-11-14 05:15:00+00:00,BNBUSDT,0.0046920528781646,0.0015239790970454378,1.3007242537892403,3
2025-11-14 05:15:00+00:00,BTCUSDT,-0.0014580263911972,-0.00047356707198796793,1.3002506867172523,2
2025-11-14 05:15:00+00:00,ETHUSDT,0.0024884029036384,0.0008082334339879662,1.3010589201512404,1
2025-11-14 05:15:00+00:00,SOLUSDT,0.0019389325962149999,0.0006297654404030447,1.3016886855916434,0
2025-11-14 07:30:00+00:00,BNBUSDT,0.0013981130644828,0.0004549769893037801,1.3021436625809473,2
2025-11-14 07:30:00+00:00,BTCUSDT,0.0009687955624366001,0.0003152675555687787,1.3024589301365161,1
2025-11-14 07:30:00+00:00,SOLUSDT,8.651654156229997e-05,2.8154400817041258e-05,1.302487084537333,0
2025-11-14 13:20:00+00:00,BNBUSDT,-0.0007548891525912,-0.0002458083428768425,1.3022412761944562,1
2025-11-14 13:20:00+00:00,SOLUSDT,-0.0046735042735042,-0.0015217947389423133,1.3007194814555139,0
2025-11-14 14:25:00+00:00,ETHUSDT,0.012231255146867901,0.003977357963046026,1.3046968394185599,0
2025-11-17 01:00:00+00:00,BNBUSDT,0.0047527577989136,0.0015502270196911213,1.306247066438251,2
2025-11-17 01:00:00+00:00,BTCUSDT,0.0055817505914159,0.0018206230887607504,1.3080676895270118,1
2025-11-17 01:00:00+00:00,ETHUSDT,0.0042179236969027995,0.0013757779290644325,1.3094434674560762,0
2025-11-18 02:55:00+00:00,SOLUSDT,0.0018617611580217,0.0006094677465837437,1.31005293520266,0
2025-11-18 04:10:00+00:00,BNBUSDT,-0.0073744564676754,-0.0024152320852505993,1.3076377031174093,3
2025-11-18 04:10:00+00:00,BTCUSDT,-0.0042767344083898,-0.0014006871161983173,1.3062370160012111,2
2025-11-18 04:10:00+00:00,ETHUSDT,-0.0030478669222615,-0.000998216751903944,1.305238799249307,1
2025-11-18 04:10:00+00:00,SOLUSDT,-0.0035317575124898,-0.001156697323915327,1.3040821019253916,0
2025-11-18 07:40:00+00:00,SOLUSDT,0.0047927155708331,0.0015625236488856456,1.3056446255742773,0
2025-11-18 15:40:00+00:00,BTCUSDT,0.011295460243065,0.0036869642399364345,1.3093315898142137,1
2025-11-18 15:40:00+00:00,ETHUSDT,0.011952183585060101,0.0039013260654277046,1.3132329158796414,0
2025-11-19 21:55:00+00:00,BNBUSDT,-0.001590727901982,-0.0005222490602727316,1.3127106668193687,1
2025-11-19 21:55:00+00:00,SOLUSDT,0.0005604728481712999,0.00018400784816884094,1.3128946746675374,0
2025-11-21 08:10:00+00:00,BNBUSDT,0.0039995672556798,0.0013127526377391667,1.3142074273052766,3
2025-11-21 08:10:00+00:00,BTCUSDT,0.0019702096064881,0.0006466694250842627,1.3148540967303608,2
2025-11-21 08:10:00+00:00,ETHUSDT,0.0051521441939647,0.0016910556688438817,1.3165451523992047,1
2025-11-21 08:10:00+00:00,SOLUSDT,0.013324562233790901,0.004373436699755065,1.3209185890989597,0
2025-11-21 13:05:00+00:00,BNBUSDT,0.015004683520715502,0.004954991346514983,1.3258735804454747,2
2025-11-21 13:05:00+00:00,BTCUSDT,0.0183136278652333,0.006047702870256841,1.3319212833157315,1
2025-11-21 13:05:00+00:00,SOLUSDT,0.0132997340639859,0.004391966488797907,1.3363132498045294,0
2025-11-21 15:05:00+00:00,BNBUSDT,-0.0028497676944427,-0.0009520455822371713,1.3353612042222922,3
2025-11-21 15:05:00+00:00,ETHUSDT,-0.0063244916316556,-0.0021128754914148114,1.3332483287308774,2
2025-11-21 15:05:00+00:00,SOLUSDT,-0.0035157501168405,-0.0011745358660339457,1.3320737928648434,1
2025-11-21 15:25:00+00:00,BTCUSDT,-0.0160512103009117,-0.005362361250126814,1.3267114316147166,0
2025-11-24 05:40:00+00:00,ETHUSDT,-0.0008003537037939001,-0.0002654596020396365,1.3264459720126769,0
2025-11-24 15:05:00+00:00,ETHUSDT,-0.0036185818519876003,-0.0011999633304917811,1.3252460086821851,1
2025-11-24 15:05:00+00:00,SOLUSDT,-0.00032366412213740114,-0.00010733074277354371,1.3251386779394116,0
2025-11-26 18:00:00+00:00,BTCUSDT,0.012820357725999201,0.004247187971935225,1.3293858659113469,0
2025-11-28 09:25:00+00:00,ETHUSDT,-0.0015175630589858,-0.0005043567203112275,1.3288815091910358,0
2025-12-01 01:35:00+00:00,BNBUSDT,-0.0010429719592785001,-0.0003464965378224862,1.3285350126532132,0
2025-12-01 13:25:00+00:00,BNBUSDT,-0.0015561537806228999,-0.0005168511956575475,1.3280181614575557,2
2025-12-01 13:25:00+00:00,BTCUSDT,0.005774191621325499,0.0019178039346749375,1.3299359653922307,1
2025-12-01 13:25:00+00:00,ETHUSDT,0.0007202297179927999,0.00023921259937669616,1.3301751779916073,0
2025-12-01 16:20:00+00:00,SOLUSDT,-0.0018479929209235,-0.0006145385781291617,1.3295606394134782,0
2025-12-01 18:45:00+00:00,BNBUSDT,-0.0044506143227764005,-0.001479340406193344,1.328081299007285,0
2025-12-02 04:15:00+00:00,BTCUSDT,0.0009010049141404,0.00029915194419588245,1.328380450951481,0
2025-12-02 15:45:00+00:00,BNBUSDT,0.0010343909575993,0.0003435161816789731,1.3287239671331599,2
2025-12-02 15:45:00+00:00,BTCUSDT,-0.0016360380125832999,-0.0005433202282322921,1.3281806469049275,1
2025-12-02 15:45:00+00:00,ETHUSDT,0.0144302861456488,0.004792227504378965,1.3329728744093066,0
2025-12-03 02:45:00+00:00,ETHUSDT,-0.0052037273244027,-0.0017341068423128293,1.3312387675669937,0
2025-12-03 14:40:00+00:00,BNBUSDT,0.0018797371597156002,0.0006255947449624192,1.3318643623119562,0
2025-12-03 22:30:00+00:00,SOLUSDT,-0.013256651770367599,-0.004414015514133077,1.3274503467978231,0
2025-12-04 16:10:00+00:00,SOLUSDT,-0.010116823986674,-0.0033573953774007344,1.3240929514204225,0
2025-12-05 07:40:00+00:00,SOLUSDT,-0.0063024320864742,-0.0020862514756265988,1.322006699944796,0
2025-12-05 15:35:00+00:00,BNBUSDT,-0.0012468627079549,-0.0004120902134569223,1.321594609731339,3
2025-12-05 15:35:00+00:00,BTCUSDT,0.00014201969265059997,4.693774630204846e-05,1.321641547477641,2
2025-12-05 15:35:00+00:00,ETHUSDT,-0.0015739180229819999,-0.0005201825428865178,1.3211213649347546,1
2025-12-05 15:35:00+00:00,SOLUSDT,-0.0041305244678518,-0.001365145255196498,1.319756219679558,0
2025-12-07 15:40:00+00:00,BNBUSDT,0.0014521043541495,0.00047910593825314257,1.3202353256178112,1
2025-12-07 15:40:00+00:00,SOLUSDT,0.00014079110012360003,4.6452482515912136e-05,1.320281778100327,0
2025-12-08 02:00:00+00:00,ETHUSDT,-0.0023399704815122,-0.0007723550970083015,1.3195094230033189,0
2025-12-09 15:35:00+00:00,ETHUSDT,0.0006819101441803001,0.00022494671522186444,1.3197343697185406,0
2025-12-09 16:45:00+00:00,SOLUSDT,0.0124059997169944,0.004093156054309,1.3238275257728496,0
2025-12-10 19:10:00+00:00,ETHUSDT,-0.012974871273949999,-0.0042941229339536115,1.3195334028388959,0
2025-12-10 20:05:00+00:00,BTCUSDT,-0.0030245140137014,-0.0009977368171083338,1.3185356660217875,1
2025-12-10 20:05:00+00:00,SOLUSDT,-0.0068627315812147,-0.0022639008890325473,1.316271765132755,0
2025-12-10 20:40:00+00:00,ETHUSDT,-0.0042185975386042,-0.0013882052071308112,1.3148835599256241,0
2025-12-11 19:15:00+00:00,BTCUSDT,-0.0042558676031386,-0.001398992586146754,1.3134845673394773,1
2025-12-11 19:15:00+00:00,ETHUSDT,-0.010035861624941099,-0.0032989973650808775,1.3101855699743965,0
2025-12-15 15:40:00+00:00,ETHUSDT,-0.0184010641023113,-0.0060272021647555345,1.304158367809641,0
2025-12-15 16:15:00+00:00,BTCUSDT,-0.0041489618083119,-0.0013527258150081458,1.3028056419946328,0
2025-12-15 19:35:00+00:00,ETHUSDT,-0.0038853090172239002,-0.0012654506271329799,1.3015401913674998,0
2025-12-17 15:25:00+00:00,BNBUSDT,0.0052989259716437,0.0017241912807938388,1.3032643826482937,2
2025-12-17 15:25:00+00:00,ETHUSDT,0.015311470453257,0.004982123545962483,1.308246506194256,1
2025-12-17 15:25:00+00:00,SOLUSDT,0.0063938931297707995,0.002080477221926307,1.3103269834161824,0
2025-12-17 16:35:00+00:00,SOLUSDT,-0.019878995540952703,-0.006511996065130074,1.3038149873510523,0
2025-12-17 20:50:00+00:00,ETHUSDT,-0.001329874060403,-0.0004334774328107075,1.3033815099182415,1
2025-12-17 20:50:00+00:00,SOLUSDT,-0.0006435262602483001,-0.00020975979571642684,1.303171750122525,0
2025-12-18 14:50:00+00:00,BTCUSDT,-0.008334118061030099,-0.002715196804830085,1.300456553317695,0
2025-12-18 15:50:00+00:00,SOLUSDT,0.0057402818231913995,0.0018662467787149254,1.30232280009641,0
2025-12-18 19:40:00+00:00,ETHUSDT,-0.0068835490983096,-0.002241150734077919,1.3000816493623322,0
2025-12-18 20:35:00+00:00,BTCUSDT,-0.001831392543821,-0.0005952399597501707,1.299486409402582,0
2025-12-18 21:35:00+00:00,BTCUSDT,0.0071400476893912,0.002319598733712543,1.3018060081362945,0
2025-12-19 03:35:00+00:00,BNBUSDT,0.0084526443666629,0.002750925805290292,1.3045569339415848,1
2025-12-19 03:35:00+00:00,BTCUSDT,0.011118210377646301,0.003618438267335814,1.3081753722089207,0
2025-12-19 15:15:00+00:00,BNBUSDT,0.00028204000517410003,9.223944718660855e-05,1.3082676116561072,3
2025-12-19 15:15:00+00:00,BTCUSDT,0.0023690155076169,0.0007747719358613608,1.3090423835919685,2
2025-12-19 15:15:00+00:00,ETHUSDT,-0.0022680844948986,-0.0007417630695788145,1.3083006205223897,1
2025-12-19 15:15:00+00:00,SOLUSDT,-0.0022131651556956,-0.0007238020378279764,1.3075768184845618,0
2025-12-22 00:45:00+00:00,BNBUSDT,-0.00550227640024,-0.0017986622674621268,1.3057781562170996,2
2025-12-22 00:45:00+00:00,ETHUSDT,-0.0045478786047625005,-0.0014866751592173394,1.3042914810578823,1
2025-12-22 00:45:00+00:00,SOLUSDT,-0.005339239513916,-0.0017453664541833354,1.302546114603699,0
2025-12-24 17:05:00+00:00,BTCUSDT,-0.0023049753473777,-0.0007505841707460335,1.301795530432953,0
2025-12-26 02:45:00+00:00,BNBUSDT,0.0062669056238573,0.0020395574326956423,1.3038350878656486,2
2025-12-26 02:45:00+00:00,BTCUSDT,0.011147922973017301,0.00362807907497119,1.3074631669406198,1
2025-12-26 02:45:00+00:00,SOLUSDT,0.011219343752557101,0.003651322887867427,1.3111144898284872,0
2025-12-26 10:20:00+00:00,SOLUSDT,-0.0050755340588472,-0.0016636515620431394,1.309450838266444,0
2025-12-26 14:20:00+00:00,SOLUSDT,-0.0017607620267349,-0.0005764078279739344,1.30887443043847,0
2025-12-29 02:35:00+00:00,BTCUSDT,0.0021731217955573,0.0007110858881083715,1.3095855163265784,0
2025-12-29 04:10:00+00:00,ETHUSDT,0.0036853501587279,0.0012065702976154786,1.3107920866241938,0
2025-12-29 12:55:00+00:00,BNBUSDT,0.00045728042464730003,0.00014984989049895796,1.3109419365146928,1
2025-12-29 12:55:00+00:00,ETHUSDT,-6.208028835830002e-05,-2.0343587678851934e-05,1.310921592927014,0
2025-12-29 15:05:00+00:00,SOLUSDT,-0.0051603679199612,-0.0016912094334312494,1.3092303834935828,0
2025-12-29 19:40:00+00:00,ETHUSDT,-0.0031058763465565,-0.0010165769200714536,1.3082138065735114,0
2025-12-30 08:35:00+00:00,BNBUSDT,-0.0030442083682788003,-0.0009956188543672369,1.3072181877191442,1
2025-12-30 08:35:00+00:00,ETHUSDT,-8.38944207365e-05,-2.7437959875494096e-05,1.3071907497592687,0
2025-12-30 15:25:00+00:00,BNBUSDT,-0.0039416256756286,-0.0012881141555488333,1.30590263560372,0
2025-12-30 16:50:00+00:00,SOLUSDT,-0.004845502897515301,-0.0015819387511726733,1.3043206968525474,0
2025-12-31 14:40:00+00:00,ETHUSDT,-0.0067790988362454,-0.002210529729530973,1.3021101671230164,0
2026-01-02 10:40:00+00:00,ETHUSDT,-1.4332451963299994e-05,-4.66560785530379e-06,1.302105501515161,0
2026-01-02 15:10:00+00:00,BNBUSDT,0.0067526980482203,0.0021981813196645856,1.3043036828348256,3
2026-01-02 15:10:00+00:00,BTCUSDT,0.0024758114177122997,0.000805941916929309,1.3051096247517548,2
2026-01-02 15:10:00+00:00,ETHUSDT,0.010492931573748001,0.0034157259822998522,1.3085253507340546,1
2026-01-02 15:10:00+00:00,SOLUSDT,0.0062489361702126,0.0020341935414627268,1.3105595442755174,0
2026-01-02 16:10:00+00:00,BNBUSDT,0.00031665832461200003,0.0001037498973986379,1.310663294172916,0
2026-01-02 22:35:00+00:00,SOLUSDT,-0.0023590114526822,-0.000772967430391022,1.3098903267425248,0
2026-01-05 01:20:00+00:00,SOLUSDT,0.0046188205771640995,0.0015125370987466448,1.3114028638412714,2
2026-01-05 01:40:00+00:00,BNBUSDT,0.0011033936901682,0.0003613311803350159,1.3117641950216063,1
2026-01-05 01:40:00+00:00,BTCUSDT,0.0019031426753279002,0.0006232270452057265,1.3123874220668121,0
2026-01-05 15:15:00+00:00,ETHUSDT,-0.0025843434343434,-0.0008479149543833066,1.3115395071124287,0
2026-01-05 20:35:00+00:00,SOLUSDT,-0.0022699654775603,-0.0007442873509004162,1.3107952197615282,0
2026-01-06 07:15:00+00:00,ETHUSDT,-0.0047056453848285,-0.0015420343690815239,1.3092531853924467,0
2026-01-06 14:45:00+00:00,SOLUSDT,0.006340935216064499,0.002075472407499897,1.3113286577999466,0
2026-01-06 21:45:00+00:00,BTCUSDT,0.0073838275582816994,0.0024206561703569492,1.3137493139703036,1
2026-01-06 21:45:00+00:00,SOLUSDT,0.0108423916935193,0.0035544847367009885,1.3173037987070046,0
2026-01-08 15:20:00+00:00,BNBUSDT,0.0035870872741688995,0.0011813209231390615,1.3184851196301437,2
2026-01-08 15:20:00+00:00,BTCUSDT,0.0049654444016672995,0.001635249693146191,1.32012036932329,1
2026-01-08 15:20:00+00:00,ETHUSDT,0.0043335893026083,0.0014271634125904882,1.3215475327358803,0
2026-01-09 02:00:00+00:00,ETHUSDT,-0.0111960321076799,-0.0036990221520840174,1.3178485105837963,0
2026-01-09 04:20:00+00:00,SOLUSDT,-0.0037359358364681,-0.0012308493694315288,1.3166176612143647,0
2026-01-09 15:55:00+00:00,BTCUSDT,0.0010097077250003001,0.000332349755849993,1.3169500109702148,2
2026-01-09 15:55:00+00:00,ETHUSDT,-0.0013106266591585,-0.00043139855167661514,1.3165186124185382,1
2026-01-09 15:55:00+00:00,SOLUSDT,-0.0055090163344607,-0.0018133170504673448,1.314705295368071,0
2026-01-11 17:00:00+00:00,SOLUSDT,-0.0020403965480352,-0.0006706300365881525,1.3140346653314827,0
2026-01-12 00:50:00+00:00,SOLUSDT,0.0010261266400454,0.000337091494009944,1.3143717568254927,0
2026-01-12 03:45:00+00:00,SOLUSDT,-0.008528386827844799,-0.0028023676944504395,1.3115693891310423,0
2026-01-12 15:05:00+00:00,BTCUSDT,0.0014704129364159,0.00048213714919634603,1.3120515262802386,0
2026-01-13 22:40:00+00:00,BNBUSDT,-0.0049937773282338,-0.0016380232913532024,1.3104135029888855,3
2026-01-13 22:40:00+00:00,BTCUSDT,0.0069947499598684995,0.0022943680901985255,1.312707871079084,2
2026-01-13 22:40:00+00:00,ETHUSDT,0.009798164391131,0.0032139241360320285,1.315921795215116,1
2026-01-13 22:40:00+00:00,SOLUSDT,0.0049516295025728,0.0016241982616062253,1.3175459934767224,0
2026-01-14 15:20:00+00:00,ETHUSDT,0.0036271993149269996,0.0011947504812308953,1.3187407439579533,0
2026-01-15 16:30:00+00:00,BNBUSDT,-0.0011568408821994,-0.00038139330140815294,1.3183593506565452,3
2026-01-15 16:30:00+00:00,BTCUSDT,-0.0039112642722657,-0.001289485889055958,1.3170698647674892,2
2026-01-15 16:30:00+00:00,ETHUSDT,-0.0044433533999014,-0.0014649077920635184,1.3156049569754258,1
2026-01-15 16:30:00+00:00,SOLUSDT,-0.0033290745519212,-0.0010975465628230133,1.3145074104126029,0
2026-01-19 00:50:00+00:00,SOLUSDT,0.00012203743754180002,4.0104778999115323e-05,1.314547515191602,0
2026-01-20 15:10:00+00:00,BTCUSDT,-0.0147567574203434,-0.004849614699799412,1.3096979004918026,1
2026-01-20 15:10:00+00:00,ETHUSDT,-0.026225896046871103,-0.008618796620521917,1.3010791038712806,0
2026-01-20 15:45:00+00:00,BNBUSDT,0.0019710072348959,0.000641109081725542,1.301720212953006,1
2026-01-20 15:45:00+00:00,SOLUSDT,-0.0035215857655688,-0.001145465413018028,1.300574747539988,0
2026-01-20 23:10:00+00:00,BNBUSDT,-0.0033672593720608,-0.0010948431269299085,1.299479904413058,1
2026-01-20 23:10:00+00:00,SOLUSDT,0.00015555555555539995,5.057790684872672e-05,1.2995304823199068,0
2026-01-21 14:40:00+00:00,SOLUSDT,0.0070970714564621,0.002305715173218759,1.3018361974931256,0
2026-01-21 17:20:00+00:00,BNBUSDT,-0.0056317744625436,-0.0018329119628641628,1.3000032855302615,2
2026-01-21 17:20:00+00:00,BTCUSDT,-0.010101242368525299,-0.003287540738749357,1.296715744791512,1
2026-01-21 17:20:00+00:00,ETHUSDT,-0.0090138101810784,-0.0029336260927649814,1.293782118698747,0
2026-01-21 20:00:00+00:00,BNBUSDT,0.0080522042578263,0.0026044494712213957,1.2963865681699684,3
2026-01-21 20:00:00+00:00,BTCUSDT,0.007472442990345599,0.0024169282809762323,1.2988034964509447,2
2026-01-21 20:00:00+00:00,ETHUSDT,0.0233563689997319,0.007554513142395718,1.3063580095933405,1
2026-01-21 20:00:00+00:00,SOLUSDT,0.015519629057187,0.005019754640756509,1.311377764234097,0
2026-01-23 16:20:00+00:00,BTCUSDT,-0.0017517410625308,-0.0005742985695246755,1.3108034656645722,1
2026-01-23 16:20:00+00:00,ETHUSDT,-0.001803250130181,-0.000591185531017901,1.3102122801335543,0
2026-01-23 18:00:00+00:00,ETHUSDT,-0.004146767870548,-0.0013582865467138146,1.3088539935868404,0
2026-01-26 22:15:00+00:00,ETHUSDT,-0.0049896567468295005,-0.0016326830399288285,1.3072213105469115,0
2026-01-27 21:20:00+00:00,BTCUSDT,-0.0017224582955727,-0.000562908547625236,1.3066584019992862,0
2026-01-28 20:20:00+00:00,BNBUSDT,0.0016231501442736998,0.0005302256934303958,1.3071886276927165,0
2026-01-30 02:25:00+00:00,BNBUSDT,-0.011628533685601,-0.0038001717476398244,1.3033884559450766,1
2026-01-30 02:25:00+00:00,BTCUSDT,-0.0124256381947468,-0.004060663234999318,1.2993277927100773,0
2026-01-30 12:25:00+00:00,BNBUSDT,-0.0053930618973634,-0.001751838802762502,1.2975759539073148,3
2026-01-30 12:25:00+00:00,BTCUSDT,-0.0065177262590986,-0.002117165718430773,1.2954587881888842,2
2026-01-30 12:25:00+00:00,ETHUSDT,-0.007459665560544,-0.002423137696784254,1.2930356504921,1
2026-01-30 12:25:00+00:00,SOLUSDT,-0.0071475230611546,-0.0023217438405985953,1.2907139066515012,0
2026-01-30 13:35:00+00:00,BNBUSDT,0.0071137098497257,0.0022954410577311806,1.2930093477092324,0
2026-01-30 19:00:00+00:00,BTCUSDT,0.016927870224074,0.005471973609134115,1.2984813213183666,2
2026-01-30 19:00:00+00:00,ETHUSDT,0.0238138717517292,0.0076978896950336715,1.3061792110134003,1
2026-01-30 19:00:00+00:00,SOLUSDT,0.0210607130494981,0.006807924710605714,1.312987135724006,0
2026-01-30 21:30:00+00:00,BNBUSDT,-0.0030987099701046002,-0.0010171415820217648,1.3119699941419842,0
2026-01-31 16:45:00+00:00,SOLUSDT,-0.0070500415627597,-0.0023123607469486473,1.3096576333950356,1
2026-01-31 16:50:00+00:00,BNBUSDT,-0.0122895439031958,-0.004030878210670863,1.3056267551843648,0
2026-01-31 17:50:00+00:00,SOLUSDT,-0.014643094986045399,-0.004779604148121724,1.3008471510362432,0
2026-02-01 15:15:00+00:00,BNBUSDT,-0.0031818991097923,-0.001034791097964518,1.2998123599382787,0
2026-02-01 18:35:00+00:00,ETHUSDT,0.0069827886067232,0.002269078734463752,1.3020814386727424,0
2026-02-01 23:45:00+00:00,BNBUSDT,0.013228869269226501,0.004306266282522018,1.3063877049552644,2
2026-02-01 23:45:00+00:00,BTCUSDT,0.008697817202812801,0.002831316584187755,1.3092190215394521,1
2026-02-01 23:45:00+00:00,SOLUSDT,0.0161132105684546,0.005245178099652551,1.3144641996391047,0
2026-02-02 04:20:00+00:00,BNBUSDT,-0.0007467221422094001,-0.0002453848807530192,1.3142188147583516,2
2026-02-02 04:20:00+00:00,BTCUSDT,0.0010800249350592,0.0003549135279632168,1.3145737282863148,1
2026-02-02 04:20:00+00:00,ETHUSDT,0.0022441487546910996,0.0007374632991765324,1.3153111915854914,0
2026-02-02 06:50:00+00:00,BNBUSDT,0.0015472496776966001,0.0005087787043128457,1.3158199702898041,1
2026-02-02 06:50:00+00:00,SOLUSDT,0.00030168404169999993,9.92020990926885e-05,1.3159191723888968,0
2026-02-03 16:00:00+00:00,ETHUSDT,0.0035466052653381997,0.001166761466388487,1.3170859338552852,1
2026-02-03 16:00:00+00:00,SOLUSDT,0.0046980392156863,0.0015455599691391244,1.3186314938244243,0
2026-02-04 01:35:00+00:00,SOLUSDT,0.0030281105061502,0.000998240470047568,1.3196297342944718,0
2026-02-04 15:10:00+00:00,ETHUSDT,-0.0144057415402699,-0.0047525612202753,1.3148771730741966,0
2026-02-04 19:00:00+00:00,BNBUSDT,-0.0068667514001983,-0.0022572336673240055,1.3126199394068725,1
2026-02-04 19:00:00+00:00,ETHUSDT,0.011284664819735701,0.0037094870443159793,1.3163294264511884,0
2026-02-04 22:55:00+00:00,BNBUSDT,-0.0106970579834333,-0.0035202130500119654,1.3128092134011764,1
2026-02-04 22:55:00+00:00,SOLUSDT,-0.0118967462039046,-0.003915009276805274,1.3088942041243712,0
2026-02-05 02:00:00+00:00,BTCUSDT,-0.0079704606711688,-0.002608122444173522,1.3062860816801978,1
2026-02-05 02:00:00+00:00,SOLUSDT,-0.0065648280337442,-0.0021481663411102437,1.3041379153390875,0
2026-02-05 07:35:00+00:00,SOLUSDT,-0.0022585328523013,-0.0007363595814312651,1.3034015557576561,0
2026-02-05 16:10:00+00:00,SOLUSDT,-0.013545539906103299,-0.0044138194467981135,1.298987736310858,0
2026-02-05 17:25:00+00:00,ETHUSDT,-0.0112762804416278,-0.0036619375012191245,1.295325798809639,0
2026-02-05 21:30:00+00:00,ETHUSDT,0.005273394456130199,0.001707690971581293,1.2970334897812201,1
2026-02-05 21:55:00+00:00,BTCUSDT,-0.0101898070832133,-0.003299779999944846,1.2937337097812753,0
2026-02-05 23:00:00+00:00,BNBUSDT,-0.0048654371937066005,-0.0015736450275804594,1.2921600647536948,3
2026-02-05 23:00:00+00:00,BTCUSDT,-0.0035304961196518003,-0.0011418804605613803,1.2910181842931334,2
2026-02-05 23:00:00+00:00,ETHUSDT,-0.0033173177743052,-0.0010729314576688074,1.2899452528354647,1
2026-02-05 23:00:00+00:00,SOLUSDT,-0.0015271133375077,-0.0004939195008475754,1.2894513333346171,0
2026-02-06 00:55:00+00:00,BNBUSDT,0.0601707629586489,0.019396817631197754,1.308848150965815,2
2026-02-06 00:55:00+00:00,BTCUSDT,0.0453521697361562,0.014619853933976122,1.323468004899791,1
2026-02-06 00:55:00+00:00,SOLUSDT,0.078721497958609,0.02537688512620668,1.3488448900259977,0
2026-02-06 06:25:00+00:00,BTCUSDT,-0.0156057030746881,-0.005262418211889011,1.3435824718141087,1
2026-02-06 06:25:00+00:00,ETHUSDT,-0.0162463190743479,-0.005478441116291516,1.3381040306978171,0
2026-02-13 15:05:00+00:00,SOLUSDT,-0.0026091310751105,-0.0008728222020560723,1.3372312084957612,0
2026-02-15 04:20:00+00:00,BTCUSDT,0.0055524831830541,0.0018562384492569561,1.339087446945018,0
2026-02-16 13:00:00+00:00,BNBUSDT,0.0057038128804868,0.0019094760569957944,1.3409969230020138,2
2026-02-16 13:00:00+00:00,BTCUSDT,0.0035140661662881,0.0011764104727526499,1.3421733334747665,1
2026-02-16 13:00:00+00:00,SOLUSDT,-0.0015596892032935,-0.0005221400583165005,1.3416511934164501,0
2026-02-17 18:55:00+00:00,ETHUSDT,0.0061295314041763995,0.0020559232808742187,1.3437071166973242,0
2026-02-18 15:25:00+00:00,BNBUSDT,0.0015263733572769,0.0005127496857275395,1.3442198663830518,0
2026-02-20 06:05:00+00:00,BTCUSDT,-0.0024348173305732,-0.0008182324566925615,1.3434016339263593,2
2026-02-20 06:05:00+00:00,ETHUSDT,-0.0030520193597413,-0.0010256462639874845,1.3423759876623718,1
2026-02-20 06:05:00+00:00,SOLUSDT,-0.0048263667902859,-0.001621924530488428,1.3407540631318833,0
2026-02-20 15:35:00+00:00,BNBUSDT,-0.0032650496500081,-0.0010944071461439235,1.3396596559857394,2
2026-02-20 15:35:00+00:00,ETHUSDT,-0.009326707302789899,-0.003126205177964341,1.336533450807775,1
2026-02-20 15:35:00+00:00,SOLUSDT,-0.0075369097180919,-0.002526285581997473,1.3340071652257777,0
2026-02-23 10:05:00+00:00,BNBUSDT,0.0009829892324410001,0.0003278286698540204,1.3343349938956317,0
2026-02-23 18:30:00+00:00,ETHUSDT,-0.0021445074852789,-0.0007153728455696894,1.333619621050062,1
2026-02-23 18:30:00+00:00,SOLUSDT,0.0021549310168626,0.0007188499663077162,1.3343384710163697,0
2026-02-24 01:55:00+00:00,BNBUSDT,0.0005696888636249999,0.00019003944181110888,1.3345285104581808,3
2026-02-24 01:55:00+00:00,BTCUSDT,-0.0005339123745933001,-0.00017810495539288582,1.334350405502788,2
2026-02-24 01:55:00+00:00,ETHUSDT,0.0016374344625246001,0.0005462229492786465,1.3348966284520667,1
2026-02-24 01:55:00+00:00,SOLUSDT,0.0029526756931012,0.0009849671924349636,1.3358815956445016,0
2026-02-24 15:10:00+00:00,BNBUSDT,0.0005971803864934001,0.00019944057189910089,1.3360810362164006,2
2026-02-24 15:10:00+00:00,ETHUSDT,0.007556423617784199,0.0025236218099728386,1.3386046580263735,1
2026-02-24 15:10:00+00:00,SOLUSDT,0.0041733699202925,0.0013937820170837778,1.3399984400434573,0
2026-02-24 16:35:00+00:00,SOLUSDT,-0.0089908449801256,-0.003011929562010213,1.3369865104814471,0
2026-02-25 01:45:00+00:00,BTCUSDT,0.0028041212838444997,0.0009372680825635032,1.3379237785640106,0
2026-02-25 15:20:00+00:00,BTCUSDT,0.0003624086120716,0.00012121877491174343,1.3380449973389223,2
2026-02-25 15:20:00+00:00,ETHUSDT,-0.0001134382383992,-3.7942929138175676e-05,1.3380070544097842,1
2026-02-25 15:20:00+00:00,SOLUSDT,-0.0040248830682881,-0.0013462466907505808,1.3366608077190336,0
2026-02-25 22:05:00+00:00,BTCUSDT,-0.0037579874606248,-0.0012557886386291863,1.3354050190804043,1
2026-02-25 22:05:00+00:00,ETHUSDT,0.007482296142980499,0.002500323001517331,1.3379053420819216,0
2026-02-26 16:10:00+00:00,BTCUSDT,-0.0028427303867929,-0.000950826042647207,1.3369545160392744,1
2026-02-26 16:10:00+00:00,SOLUSDT,-0.0022535681186283,-0.000753765206164577,1.3362007508331097,0
2026-02-27 23:10:00+00:00,ETHUSDT,0.010289770985957,0.003437299929334123,1.339638050762444,0
2026-02-28 14:20:00+00:00,BNBUSDT,0.0035745892370119,0.0011971639394367584,1.3408352147018807,3
2026-02-28 14:20:00+00:00,BTCUSDT,0.0043906976744185,0.0014704864185112988,1.342305701120392,2
2026-02-28 14:20:00+00:00,ETHUSDT,0.0054605733629534995,0.0018287979639980874,1.3441344990843902,1
2026-02-28 14:20:00+00:00,SOLUSDT,0.0038372881355932,0.001285144299544982,1.3454196433839352,0
2026-02-28 20:05:00+00:00,BTCUSDT,-0.0011471450004679,-0.00038584785435979654,1.3450337955295755,0
2026-02-28 21:20:00+00:00,SOLUSDT,-0.010446093842335299,-0.0035125873123035933,1.3415212082172718,0
2026-03-01 02:20:00+00:00,BNBUSDT,0.009506862666517001,0.0031884144726853905,1.3447096226899573,2
2026-03-01 02:20:00+00:00,BTCUSDT,0.0057851689598075,0.0019402317131755038,1.346649854403133,1
2026-03-01 02:20:00+00:00,ETHUSDT,0.025857963625027,0.008672251651071121,1.355322106054204,0
2026-03-01 14:25:00+00:00,BNBUSDT,-0.0012440028027264,-0.0004215061246321192,1.3549005999295718,3
2026-03-01 14:25:00+00:00,BTCUSDT,-0.0040579060685481,-0.0013749424497486865,1.3535256574798231,2
2026-03-01 14:25:00+00:00,ETHUSDT,-0.0048327208179212,-0.001637473339229239,1.3518881841405939,1
2026-03-01 14:25:00+00:00,SOLUSDT,-0.0098568100565101,-0.0033397881411913813,1.3485483959994025,0
2026-03-01 18:35:00+00:00,ETHUSDT,-0.0014586651744528999,-0.0004917701453271616,1.3480566258540754,0
2026-03-01 22:45:00+00:00,BNBUSDT,-0.0009352537589409999,-0.00031519375664883627,1.3477414320974266,0
2026-03-02 15:05:00+00:00,BNBUSDT,0.0185140011492052,0.006238021605670804,1.3539794537030974,3
2026-03-02 15:05:00+00:00,BTCUSDT,0.014662879025828001,0.004940442394235188,1.3589198960973325,2
2026-03-02 15:05:00+00:00,ETHUSDT,0.015811315651986898,0.00532739130003832,1.3642472873973708,1
2026-03-02 15:05:00+00:00,SOLUSDT,0.0227591448931116,0.007668360632888766,1.3719156480302594,0
2026-03-02 17:15:00+00:00,BNBUSDT,-0.007271376422589701,-0.0024939287742172748,1.3694217192560423,3
2026-03-02 17:15:00+00:00,BTCUSDT,-0.0067774724700279,-0.0023245301339313925,1.3670971891221109,2
2026-03-02 17:15:00+00:00,ETHUSDT,-0.010869239392437599,-0.003727919901168013,1.363369269220943,1
2026-03-02 17:15:00+00:00,SOLUSDT,-0.0177487544483985,-0.006087448490201145,1.3572818207307418,0
2026-03-03 16:40:00+00:00,ETHUSDT,-0.014796661295649499,-0.005020809846023812,1.352261010884718,0
2026-03-04 09:20:00+00:00,BTCUSDT,0.007986261155937901,0.0026998773959794856,1.3549608882806974,0
2026-03-04 15:05:00+00:00,BTCUSDT,-0.011005265338821499,-0.003727926024813587,1.3512329622558839,2
2026-03-04 15:05:00+00:00,ETHUSDT,-0.0113588520744897,-0.0038477000741749014,1.3473852621817088,1
2026-03-04 15:05:00+00:00,SOLUSDT,-0.0118854517611026,-0.00402608056896024,1.3433591816127486,0
2026-03-09 06:15:00+00:00,BNBUSDT,-0.0010045756833296,-0.0003373764919564298,1.343021805120792,0
2026-03-10 03:05:00+00:00,BTCUSDT,0.000367450933875,0.00012337365412653083,1.3431451787749187,0
2026-03-11 14:05:00+00:00,ETHUSDT,-0.00336012790078,-0.0011282848974999364,1.3420168938774188,0
2026-03-12 10:15:00+00:00,ETHUSDT,-0.0032685282169014,-0.0010966050212991788,1.3409202888561196,0
2026-03-13 00:45:00+00:00,BTCUSDT,0.0051060842653159995,0.0017117129969928043,1.3426320018531124,0
2026-03-13 13:20:00+00:00,ETHUSDT,0.022984730050775597,0.0077150085300315575,1.3503470103831439,1
2026-03-13 13:20:00+00:00,SOLUSDT,0.009254415798134802,0.0031063187022576993,1.3534533290854016,0
2026-03-15 18:25:00+00:00,ETHUSDT,-0.0041807183364839,-0.001414601787620629,1.352038727297781,0
2026-03-15 23:05:00+00:00,ETHUSDT,0.017072787330022397,0.00577076741327729,1.3578094947110582,0
2026-03-16 03:55:00+00:00,ETHUSDT,0.014163898936604101,0.004807969114562227,1.3626174638256203,1
2026-03-16 04:05:00+00:00,BTCUSDT,-0.0006537265235124,-0.00022190902014239711,1.362395554805478,0
2026-03-16 14:05:00+00:00,SOLUSDT,-0.0111436275542447,-0.003795507161077705,1.3586000476444002,0
2026-03-16 19:40:00+00:00,BNBUSDT,-0.00038530297908616584,-0.00013086816143599857,1.3584691794829642,2
2026-03-16 19:40:00+00:00,ETHUSDT,-0.0039462203521469,-0.00134033378961052,1.3571288456933537,1
2026-03-16 19:40:00+00:00,SOLUSDT,-0.0014510826150934,-0.0004928602275004636,1.3566359854658532,0
2026-03-17 01:45:00+00:00,BTCUSDT,-0.0027597193661866,-0.0009359836504889394,1.3557000018153642,0
2026-03-18 18:10:00+00:00,SOLUSDT,0.002701805694029,0.0009157094960749691,1.3566157113114392,0
2026-03-19 03:50:00+00:00,ETHUSDT,-0.0046419771302101,-0.001574344776597852,1.3550413665348413,0
2026-03-19 14:15:00+00:00,ETHUSDT,-0.0053744492072703,-0.0018206502495479104,1.3532207162852934,0
2026-03-20 08:40:00+00:00,ETHUSDT,-0.0008618809640379,-0.0002915787938770066,1.3529291374914163,1
2026-03-20 08:40:00+00:00,SOLUSDT,-0.0053900199600798,-0.0018234716677928038,1.3511056658236236,0
2026-03-20 21:50:00+00:00,BTCUSDT,-0.00020283212503010003,-6.851190833480345e-05,1.3510371539152888,0
2026-03-22 00:40:00+00:00,BNBUSDT,0.0044271467261429,0.001495309928213373,1.3525324638435021,2
2026-03-22 00:40:00+00:00,BTCUSDT,0.0012291094685991,0.00041514313957661527,1.3529476069830788,1
2026-03-22 00:40:00+00:00,ETHUSDT,0.0051431570930719,0.0017371490802907724,1.3546847560633697,0
2026-03-23 11:40:00+00:00,BNBUSDT,-0.007701072779192701,-0.00260813147482673,1.352076624588543,3
2026-03-23 11:40:00+00:00,BTCUSDT,-0.0080691856055285,-0.0027328006834138577,1.3493438239051292,2
2026-03-23 11:40:00+00:00,ETHUSDT,-0.0008262930115748,-0.0002798416367055188,1.3490639822684236,1
2026-03-23 11:40:00+00:00,SOLUSDT,-0.0096592592592593,-0.0032713128183456323,1.345792669450078,0
2026-03-24 20:55:00+00:00,BNBUSDT,0.0025775971263822996,0.0008672278293702212,1.3466598972794481,1
2026-03-24 20:55:00+00:00,ETHUSDT,0.0015072756269762,0.0005071201224063351,1.3471670174018544,0
2026-03-26 20:45:00+00:00,BNBUSDT,0.0010448343203721,0.0003518915837636939,1.347518908985618,1
2026-03-26 20:45:00+00:00,SOLUSDT,-5.3459628046700046e-05,-1.8004761916771356e-05,1.3475009042237014,0
2026-03-28 14:15:00+00:00,ETHUSDT,-0.0028369909574808,-0.0009557119701199606,1.3465451922535814,0
2026-03-29 23:25:00+00:00,BNBUSDT,0.00686444577432,0.002310821613724002,1.3488560138673054,3
2026-03-29 23:25:00+00:00,BTCUSDT,0.0090237956572582,0.003037737164539944,1.3518937510318454,2
2026-03-29 23:25:00+00:00,ETHUSDT,0.0135915846235549,0.004575420732488888,1.3564691717643342,1
2026-03-29 23:25:00+00:00,SOLUSDT,0.015334265734265802,0.0051620704503036125,1.361631242214638,0
2026-03-30 00:50:00+00:00,BNBUSDT,-0.0069375460562783,-0.002361594863632871,1.359269647351005,3
2026-03-30 00:50:00+00:00,BTCUSDT,-0.009079151046238298,-0.003090613929335946,1.3561790334216692,2
2026-03-30 00:50:00+00:00,ETHUSDT,-0.010091660514410999,-0.003435280060561465,1.3527437533611077,1
2026-03-30 00:50:00+00:00,SOLUSDT,-0.0130811594202898,-0.004452928837764228,1.3482908245233436,0
2026-03-31 14:20:00+00:00,BNBUSDT,0.0060281858776189,0.0020319369268286904,1.3503227614501723,0
2026-03-31 17:10:00+00:00,BNBUSDT,0.0026356938845457,0.0008897593611292702,1.3512125208113015,2
2026-03-31 17:10:00+00:00,ETHUSDT,0.003887121812895,0.001312217265120394,1.3525247380764218,1
2026-03-31 17:10:00+00:00,SOLUSDT,0.0032612155235537997,0.001100923387862334,1.353625661464284,0
2026-04-01 13:15:00+00:00,BNBUSDT,-0.0031360445538141,-0.0010612575958845192,1.3525644038683995,3
2026-04-01 13:15:00+00:00,BTCUSDT,-0.0038063012201784,-0.0012880767517240747,1.3512763271166754,2
2026-04-01 13:15:00+00:00,ETHUSDT,-0.007158524054180201,-0.0024224904644869157,1.3488538366521885,1
2026-04-01 13:15:00+00:00,SOLUSDT,-0.0045906130268198,-0.0015534928987388779,1.3473003437534496,0
2026-04-02 15:05:00+00:00,BNBUSDT,0.00017289677441759995,5.823597090167376e-05,1.3473585797243512,0
2026-04-05 16:00:00+00:00,BNBUSDT,-0.0023175132880306,-0.0007806303530633052,1.346577949371288,3
2026-04-05 16:00:00+00:00,BTCUSDT,-0.0034528378053948,-0.0011630526603738209,1.345414896710914,2
2026-04-05 16:00:00+00:00,ETHUSDT,-0.0037204367053887003,-0.001253190578831716,1.3441617061320823,1
2026-04-05 16:00:00+00:00,SOLUSDT,-0.0054031269543465005,-0.001819987364819665,1.3423417187672626,0
2026-04-06 07:55:00+00:00,BNBUSDT,-1.931874606920001e-05,-6.483089700739561e-06,1.342335235677562,0
2026-04-07 09:40:00+00:00,ETHUSDT,-0.0011416447615471,-0.0003831174975128451,1.3419521181800491,0
2026-04-07 21:40:00+00:00,BNBUSDT,0.00035197802916359994,0.00011808441544723301,1.3420702025954963,2
2026-04-07 21:40:00+00:00,BTCUSDT,-0.0006834260193674,-0.00022928124857736043,1.341840921346919,1
2026-04-07 21:40:00+00:00,ETHUSDT,0.0017147583935321002,0.000575280914591855,1.3424162022615107,0
2026-04-07 23:05:00+00:00,BNBUSDT,0.0006847216151019001,0.00022979534753786514,1.3426459976090486,2
2026-04-07 23:05:00+00:00,BTCUSDT,0.0066653915828085,0.0022369324137949064,1.3448829300228435,1
2026-04-07 23:05:00+00:00,ETHUSDT,0.0201803294506856,0.006772600305393871,1.3516555303282374,0
2026-04-08 13:40:00+00:00,BTCUSDT,-0.012282134514522399,-0.00415030376019738,1.34750522656804,0
2026-04-08 23:45:00+00:00,SOLUSDT,-0.004624502112251,-0.001557885191633291,1.3459473413764067,0
2026-04-09 15:45:00+00:00,BTCUSDT,0.0100459295516861,0.0033803230429366457,1.3493276644193433,2
2026-04-09 15:45:00+00:00,ETHUSDT,0.0121794224818267,0.004098215327228671,1.353425879746572,1
2026-04-09 15:45:00+00:00,SOLUSDT,0.0105196796893957,0.0035397337275183817,1.3569656134740904,0
2026-04-09 22:50:00+00:00,SOLUSDT,-0.0105885466682282,-0.0035920734313628286,1.3533735400427276,0
2026-04-12 02:25:00+00:00,BNBUSDT,0.0023590383741861998,0.0007981650288922545,1.3541717050716198,0
2026-04-13 13:25:00+00:00,ETHUSDT,0.00031033399357959993,0.00010506137830684298,1.3542767664499267,0
2026-04-13 14:20:00+00:00,BNBUSDT,-0.0009337603416064001,-0.0003161424840174736,1.3539606239659092,0
2026-04-13 22:45:00+00:00,BNBUSDT,0.0035341800254659,0.0011962851481219156,1.3551569091140312,3
2026-04-13 22:45:00+00:00,BTCUSDT,0.0064407116619008995,0.0021801174951329625,1.3573370266091642,2
2026-04-13 22:45:00+00:00,ETHUSDT,0.0208413600746106,0.007054595222729489,1.3643916218318937,1
2026-04-13 22:45:00+00:00,SOLUSDT,0.0117505249498643,0.003977437023261313,1.368369058855155,0
2026-04-14 00:00:00+00:00,ETHUSDT,-0.00821168192004,-0.0028091528651357565,1.3655599059900192,0
2026-04-15 00:35:00+00:00,BTCUSDT,-0.0008590437661989,-0.0002932689311529705,1.3652666370588662,0
2026-04-16 14:30:00+00:00,SOLUSDT,-0.005002312957281,-0.0017073727471757557,1.3635592643116905,0
2026-04-16 19:00:00+00:00,BNBUSDT,0.008831062047963401,0.0030104191173029667,1.3665696834289935,0
2026-04-17 10:00:00+00:00,SOLUSDT,-0.008567375251733999,-0.002926978821394881,1.3636427046075987,0
2026-04-17 13:20:00+00:00,BTCUSDT,0.0083805519053876,0.0028570196165917778,1.3664997242241905,0
2026-04-20 07:55:00+00:00,BNBUSDT,-0.0080513163127335,-0.0027505303802480134,1.3637491938439426,2
2026-04-20 07:55:00+00:00,BTCUSDT,-0.0092734972463619,-0.0031680578574368318,1.3605811359865057,1
2026-04-20 07:55:00+00:00,ETHUSDT,-0.0157228827168733,-0.0053713287241541645,1.3552098072623515,0
2026-04-22 05:50:00+00:00,ETHUSDT,0.0045557166535518,0.001543487972000455,1.356753295234352,0
2026-04-22 09:40:00+00:00,SOLUSDT,-0.0032181715702851,-0.0010915662206534547,1.3556617290136985,0
2026-04-22 14:15:00+00:00,BNBUSDT,0.0023186016864545998,0.00078580989278828,1.3564475389064867,0
2026-04-23 00:50:00+00:00,BNBUSDT,-0.0006815139192993,-0.00023110946964101237,1.3562164294368457,1
2026-04-23 00:50:00+00:00,BTCUSDT,-0.0008657935271289,-0.00029360087476879075,1.355922828562077,0
2026-04-26 22:25:00+00:00,BTCUSDT,0.0009027598642989,0.0003060181771781203,1.3562288467392551,0
2026-04-27 01:30:00+00:00,ETHUSDT,-0.0038437019586839,-0.0013032348686588206,1.3549256118705963,0
2026-04-29 05:05:00+00:00,ETHUSDT,-0.0003957002377770632,-0.00013403609669685696,1.3547915757738995,0
2026-04-29 10:20:00+00:00,BNBUSDT,0.00033141258029639997,0.00011224874297276343,1.3549038245168723,3
2026-04-29 10:20:00+00:00,BTCUSDT,0.00048502985526469993,0.0001642785904778623,1.3550681031073502,2
2026-04-29 10:20:00+00:00,ETHUSDT,-2.424796218580003e-05,-8.212733724751489e-06,1.3550598903736255,1
2026-04-29 10:20:00+00:00,SOLUSDT,0.0006546051089759001,0.00022171337177477623,1.3552816037454003,0
2026-05-01 03:50:00+00:00,BNBUSDT,-0.0022861841044655,-0.0007746058148893112,1.3545069979305109,2
2026-05-01 03:50:00+00:00,BTCUSDT,-0.001482902957128,-0.0005024377744838081,1.354004560156027,1
2026-05-01 03:50:00+00:00,ETHUSDT,-0.0016992353322018,-0.0005757355965418259,1.3534288245594852,0
2026-05-01 18:10:00+00:00,BTCUSDT,-0.0005567306246543,-0.0001883738187305343,1.3532404507407547,0
2026-05-02 22:10:00+00:00,BTCUSDT,-0.0023426093351762,-0.0007925284281608352,1.3524479223125938,1
2026-05-02 22:10:00+00:00,ETHUSDT,-0.0030933369930692,-0.0010465071866985038,1.3514014151258953,0
2026-05-03 22:35:00+00:00,ETHUSDT,0.00022836624775569994,7.715361759601092e-05,1.3514785687434914,1
2026-05-03 22:35:00+00:00,SOLUSDT,0.0005466335344929,0.00018468033301724372,1.3516632490765086,0
2026-05-04 14:45:00+00:00,BTCUSDT,0.006746441224322199,0.0022797291662427607,1.3539429782427514,1
2026-05-04 14:45:00+00:00,SOLUSDT,0.0047081016868613995,0.0015909420057614175,1.3555339202485128,0
2026-05-04 16:50:00+00:00,ETHUSDT,0.0005384487993375,0.00018247140295476655,1.3557163916514676,1
2026-05-04 16:50:00+00:00,SOLUSDT,0.0010207909069381,0.0003459291749589594,1.3560623208264266,0
2026-05-05 13:35:00+00:00,SOLUSDT,-0.0006333722287047,-0.00021472305360107545,1.3558475977728255,0
2026-05-07 08:05:00+00:00,SOLUSDT,0.00037786420713409996,0.0001280815693817757,1.3559756793422073,0
2026-05-08 18:05:00+00:00,BNBUSDT,0.00024956154595649993,8.459984670401412e-05,1.3560602791889114,0
2026-05-10 21:25:00+00:00,SOLUSDT,0.0079819628647214,0.0027060056977024063,1.3587662848866138,0
2026-05-10 22:55:00+00:00,BNBUSDT,0.0050046709642355995,0.0017000445432885781,1.3604663294299024,0
2026-05-11 23:25:00+00:00,BNBUSDT,-0.0016681835136143,-0.0005673768753955811,1.3598989525545069,0
2026-05-12 15:10:00+00:00,ETHUSDT,-0.0025955053614240002,-0.0008824062555875262,1.3590165462989194,0
2026-05-14 15:20:00+00:00,BTCUSDT,0.0036256890288504998,0.0012318428454855723,1.360248389144405,0
2026-05-14 17:30:00+00:00,BNBUSDT,-0.0015716290036759,-0.0005344514551456923,1.3597139376892593,3
2026-05-14 17:30:00+00:00,BTCUSDT,-0.0055124644424676,-0.0018745802195205908,1.3578393574697387,2
2026-05-14 17:30:00+00:00,ETHUSDT,-0.0081533443046395,-0.002772643364131397,1.3550667141056074,1
2026-05-14 17:30:00+00:00,SOLUSDT,-0.0099421893427682,-0.0033809617595172785,1.3516857523460901,0
2026-05-18 00:25:00+00:00,BNBUSDT,-0.0030499861337933,-0.0010306557004753848,1.3506550966456148,0
2026-05-18 19:35:00+00:00,BNBUSDT,0.0012203415181352001,0.00041206512277938874,1.3510671617683943,3
2026-05-18 19:35:00+00:00,BTCUSDT,-0.0014385163159123,-0.0004857348484237053,1.3505814269199705,2
2026-05-18 19:35:00+00:00,ETHUSDT,-0.0011545414855448,-0.00038984683543497083,1.3501915800845354,1
2026-05-18 19:35:00+00:00,SOLUSDT,-0.0018181044670291,-0.0006139080161567533,1.3495776720683788,0
2026-05-20 14:50:00+00:00,BTCUSDT,-0.0010095836362954,-0.0003406278834074686,1.3492370441849713,0
2026-05-20 15:50:00+00:00,BTCUSDT,-0.0013782743189459,-0.0004649046920426551,1.3487721394929286,2
2026-05-20 15:50:00+00:00,ETHUSDT,-0.0017590509994394,-0.0005933441927635589,1.3481787953001652,1
2026-05-20 15:50:00+00:00,SOLUSDT,-0.0005162790697675001,-0.0001741457115169171,1.3480046495886482,0
2026-05-20 17:20:00+00:00,SOLUSDT,-0.0014378228782288,-0.00048454798128433883,1.347520101607364,0
2026-05-21 14:25:00+00:00,BTCUSDT,-0.002265218796525,-0.0007631069657140696,1.3467569946416498,0
2026-05-21 17:45:00+00:00,BNBUSDT,0.00575991318038,0.001939300841051349,1.348696295482701,1
2026-05-21 17:45:00+00:00,BTCUSDT,0.0044254500871136,0.001490001464814435,1.3501862969475156,0
2026-05-22 16:00:00+00:00,BTCUSDT,-0.0020063995837669,-0.0006772533060508169,1.3495090436414647,0
2026-05-23 21:05:00+00:00,BTCUSDT,0.0092339341099758,0.0031153193974504355,1.3526243630389152,1
2026-05-23 21:05:00+00:00,ETHUSDT,0.0197785244214709,0.006672824394164637,1.35929718743308,0
2026-05-24 14:55:00+00:00,BNBUSDT,0.0001791446947298,6.087771992244371e-05,1.3593580651530024,0
2026-05-24 22:35:00+00:00,BNBUSDT,0.0017094144082174,0.0005809265656247673,1.359938991718627,3
2026-05-24 22:35:00+00:00,BTCUSDT,0.0030771159530653,0.0010457255970525707,1.3609847173156797,2
2026-05-24 22:35:00+00:00,ETHUSDT,0.0030899830774172997,0.001050098354368375,1.3620348156700481,1
2026-05-24 22:35:00+00:00,SOLUSDT,0.003855319148936,0.0013101897947112402,1.3633450054647593,0
2026-05-25 12:45:00+00:00,BNBUSDT,0.0059199927943075995,0.0020177481521266574,1.365362753616886,0
2026-05-26 14:20:00+00:00,BTCUSDT,0.0016871697254349,0.0005758996755347101,1.3659386532924207,0
2026-05-27 22:35:00+00:00,ETHUSDT,-0.0012520236793633,-0.00042754688461993194,1.3655111064078007,0
2026-05-28 03:55:00+00:00,SOLUSDT,-0.012158941695247298,-0.00415079248175627,1.3613603139260444,0
2026-05-28 14:45:00+00:00,BTCUSDT,-0.0066060185279946,-0.0022482928642679986,1.3591120210617764,1
2026-05-28 14:45:00+00:00,SOLUSDT,-0.0034837547798199,-0.0011856613751742443,1.3579263596866022,0
2026-05-29 14:10:00+00:00,BTCUSDT,-0.0039675734761638,-0.0013469181518190566,1.3565794415347832,1
2026-05-29 14:10:00+00:00,ETHUSDT,-0.0031963981990994,-0.001085118342652965,1.3554943231921301,0
2026-05-29 17:05:00+00:00,BNBUSDT,0.000938563068111,0.0003180542276955623,1.3558123774198256,2
2026-05-29 17:05:00+00:00,BTCUSDT,-0.0020800707682541,-0.0007048810295515813,1.355107496390274,1
2026-05-29 17:05:00+00:00,ETHUSDT,-0.0027297789898077,-0.0009250499810633713,1.3541824464092107,0
2026-05-30 02:30:00+00:00,BNBUSDT,0.0015730502745447,0.0005325492672769056,1.3547149956764877,0
2026-05-30 16:20:00+00:00,BNBUSDT,0.0107165651257472,0.0036294728694983543,1.358344468545986,0
2026-05-30 18:20:00+00:00,BNBUSDT,0.0017348314606740998,0.0005891246796165542,1.3589335932256026,0
2026-05-30 19:30:00+00:00,BNBUSDT,-0.0007625158600688,-0.0002590521044037013,1.358674541121199,0
2026-05-31 17:10:00+00:00,BNBUSDT,0.0048206795349361,0.001637433638755415,1.3603119747599544,0
2026-06-01 10:05:00+00:00,BNBUSDT,-0.0008677334769604001,-0.0002950970599023308,1.360016877700052,0
2026-06-01 14:30:00+00:00,BNBUSDT,-0.017529717221405502,-0.005960177820605186,1.354056699879447,0
2026-06-01 16:05:00+00:00,BNBUSDT,-0.008556225333996,-0.002896403559793886,1.3511602963196532,2
2026-06-01 16:05:00+00:00,ETHUSDT,-0.0030124201338612004,-0.0010197469162766246,1.3501405494033765,1
2026-06-01 16:05:00+00:00,SOLUSDT,-0.0037796470146451004,-0.0012794640908398872,1.3488610853125367,0
2026-06-02 02:55:00+00:00,BTCUSDT,0.0014502948420018,0.0004890615686514305,1.3493501468811882,0
2026-06-02 22:55:00+00:00,BTCUSDT,-0.0121022113912415,-0.004082530179589726,1.3452676167015984,2
2026-06-02 22:55:00+00:00,ETHUSDT,-0.0170654411378509,-0.005756813876487846,1.3395108028251106,1
2026-06-02 22:55:00+00:00,SOLUSDT,-0.0212443972384492,-0.007166532633525934,1.3323442701915846,0
2026-06-03 00:05:00+00:00,SOLUSDT,0.007625027203481999,0.002539790326153551,1.3348840605177381,0
2026-06-03 02:25:00+00:00,BTCUSDT,-0.0052509189721843,-0.0017523420097597516,1.3331317185079783,0
2026-06-03 04:25:00+00:00,ETHUSDT,0.0049181624794090995,0.0016391395995190281,1.3347708581074973,0
2026-06-03 05:35:00+00:00,BTCUSDT,-0.0015447761194028,-0.0005154805366198113,1.3342553775708774,1
2026-06-03 05:35:00+00:00,SOLUSDT,-0.0018749262536872,-0.0006256492311305848,1.333629728339747,0
2026-06-03 10:40:00+00:00,ETHUSDT,-0.0038513742071881003,-0.0012840767844167437,1.3323456515553302,0
2026-06-03 21:40:00+00:00,ETHUSDT,0.0064064600300905,0.002133904790738527,1.3344795563460687,0
2026-06-04 01:05:00+00:00,ETHUSDT,-0.0023439476578207,-0.0007819875576267438,1.333697568788442,0
2026-06-04 03:35:00+00:00,BNBUSDT,0.009228072919212101,0.00307686460423891,1.336774433392681,1
2026-06-04 03:35:00+00:00,ETHUSDT,0.012236248557697801,0.004079863738123159,1.3408542971308042,0
2026-06-04 04:05:00+00:00,BTCUSDT,0.0005437696456984001,0.00018227896652099867,1.341036576097325,0
2026-06-04 06:05:00+00:00,BTCUSDT,-0.0014639888834192,-0.0004908156599162575,1.340545760437409,0
2026-06-04 12:55:00+00:00,BTCUSDT,0.007927023784496301,0.0026566345317982553,1.3432023949692071,2
2026-06-04 12:55:00+00:00,ETHUSDT,0.0068393986427542994,0.0022921317136214113,1.3454945266828284,1
2026-06-04 12:55:00+00:00,SOLUSDT,0.014354809778678,0.004810819847673064,1.3503053465305015,0
2026-06-04 14:05:00+00:00,BTCUSDT,0.0048103774266165,0.0016238695894974738,1.351929216119999,2
2026-06-04 14:05:00+00:00,ETHUSDT,0.0005843350113900001,0.00019725767251121967,1.3521264737925103,1
2026-06-04 14:05:00+00:00,SOLUSDT,0.0016002857551078002,0.0005402186027746659,1.352666692395285,0
2026-06-04 15:40:00+00:00,ETHUSDT,-0.0073861283435610004,-0.002497742449022931,1.3501689499462621,1
2026-06-04 15:40:00+00:00,SOLUSDT,-0.0106229163708649,-0.003592316287742387,1.3465766336585197,0
2026-06-04 18:25:00+00:00,BTCUSDT,-0.0004078651844463984,-0.0001373054317645856,1.346439328226755,1
2026-06-04 18:25:00+00:00,SOLUSDT,-0.0027054755043229,-0.0009107825242641791,1.3455285457024908,0
2026-06-05 14:40:00+00:00,BTCUSDT,-0.0045613007214774,-0.001534340081570302,1.3439942056209204,1
2026-06-05 14:40:00+00:00,SOLUSDT,5.9911083857199995e-05,2.015301838345957e-05,1.3440143586393039,0
2026-06-05 16:50:00+00:00,BNBUSDT,-0.0074057979017116,-0.0024883746792703047,1.3415259839600335,0
2026-06-05 17:20:00+00:00,ETHUSDT,-0.0052133496907939,-0.001748461018417506,1.339777522941616,1
2026-06-05 17:20:00+00:00,SOLUSDT,-0.0057623410448904,-0.0019325825600399705,1.337844940381576,0
2026-06-05 19:55:00+00:00,SOLUSDT,0.0148072995037617,0.0049524676804555525,1.3427974080620315,0
2026-06-07 22:45:00+00:00,BNBUSDT,-0.0022756786995294003,-0.0007639438648275133,1.342033464197204,3
2026-06-07 22:45:00+00:00,BTCUSDT,-0.0081343325150018,-0.0027306901543647805,1.3393027740428392,2
2026-06-07 22:45:00+00:00,ETHUSDT,-0.012922466432506599,-0.004338063607834617,1.3349647104350046,1
2026-06-07 22:45:00+00:00,SOLUSDT,-0.0158508988263259,-0.0053211364648609785,1.3296435739701438,0
2026-06-11 18:00:00+00:00,BTCUSDT,0.009634581199132401,0.00320263974482999,1.3328462137149737,1
2026-06-11 18:00:00+00:00,ETHUSDT,0.0205133408729413,0.006818857968091375,1.3396650716830651,0
2026-06-13 22:15:00+00:00,SOLUSDT,-0.0037227390927478,-0.0012468058833858325,1.3384182657996793,0
2026-06-14 21:50:00+00:00,BTCUSDT,0.0099045632728615,0.0033141120997916213,1.341732377899471,2
2026-06-14 21:50:00+00:00,ETHUSDT,0.021178426316195098,0.007086398155622033,1.348818776055093,1
2026-06-14 21:50:00+00:00,SOLUSDT,0.0206480476121353,0.006908931019295834,1.3557277070743887,0
2026-06-15 13:50:00+00:00,SOLUSDT,-0.0044562466197944,-0.0015103642530029644,1.3542173428213857,0
2026-06-16 09:25:00+00:00,BTCUSDT,-0.0053259906498783005,-0.0018031372264424345,1.3524142055949433,1
2026-06-16 09:25:00+00:00,ETHUSDT,-0.0098727464878353,-0.003342461128776372,1.3490717444661668,0
2026-06-16 18:20:00+00:00,ETHUSDT,0.0025682183450372,0.0008661777007273368,1.3499379221668941,0
2026-06-17 17:00:00+00:00,BTCUSDT,-0.0063375231226659,-0.002138815698974063,1.34779910646792,0
2026-06-17 18:25:00+00:00,ETHUSDT,-0.013515102205035899,-0.0045539106689425,1.3432451957989775,1
2026-06-17 18:25:00+00:00,SOLUSDT,-0.0125424716675662,-0.004226183026611232,1.3390190127723662,0
2026-06-19 03:55:00+00:00,BTCUSDT,-0.0016306173782915,-0.000545856918022337,1.338473155854344,0
2026-06-19 13:25:00+00:00,BTCUSDT,-0.0006136489811015,-0.00020533817208043183,1.3382678176822635,2
2026-06-19 13:25:00+00:00,ETHUSDT,-0.001617566050003,-0.0005412671839375902,1.337726550498326,1
2026-06-19 13:25:00+00:00,SOLUSDT,-0.0018592149423608,-0.000622127322828303,1.3371044231754976,0
2026-06-20 05:40:00+00:00,SOLUSDT,0.0033762237762236997,0.0011285909362047475,1.3382330141117023,1
2026-06-20 05:45:00+00:00,ETHUSDT,-0.0038935103995558,-0.001301507494231465,1.3369315066174707,0
2026-06-20 15:20:00+00:00,BNBUSDT,0.0018657580919932998,0.000623597694228085,1.3375551043116989,3
2026-06-20 15:20:00+00:00,BTCUSDT,0.0038718398005328,0.001294096154476951,1.3388492004661758,2
2026-06-20 15:20:00+00:00,ETHUSDT,0.0040473120261767,0.0013527447412268558,1.3402019452074028,1
2026-06-20 15:20:00+00:00,SOLUSDT,0.0043222222222221995,0.0014446287668727594,1.3416465739742756,0
2026-06-20 22:45:00+00:00,SOLUSDT,0.006690264521407,0.0022439926185318366,1.3438905665928074,0
2026-06-24 12:20:00+00:00,BNBUSDT,-0.0042030665450603,-0.00141211537016709,1.3424784512226402,0
2026-06-24 20:35:00+00:00,BNBUSDT,0.0051370390280615,0.0017240910495655648,1.3442025422722057,3
2026-06-24 20:35:00+00:00,BTCUSDT,0.0073409947203125995,0.0024637818056397094,1.3466663240778454,2
2026-06-24 20:35:00+00:00,ETHUSDT,0.0072919222289035,0.0024473121150735784,1.349113636192919,1
2026-06-24 20:35:00+00:00,SOLUSDT,0.0085955022488754,0.002884819136637742,1.3519984553295568,0
2026-06-25 11:45:00+00:00,BNBUSDT,-0.0016946705684135,-0.0005727979976968785,1.35142565733186,0
2026-06-25 13:05:00+00:00,SOLUSDT,-0.0037591353877611004,-0.0012700480031011252,1.3501556093287588,0
2026-06-25 14:35:00+00:00,BNBUSDT,0.014557225981795801,0.0049136300788969875,1.3550692394076558,3
2026-06-25 14:35:00+00:00,BTCUSDT,0.019089485868211898,0.006443444106042091,1.361512683513698,2
2026-06-25 14:35:00+00:00,ETHUSDT,0.0155550865278876,0.005250446832305412,1.3667631303460033,1
2026-06-25 14:35:00+00:00,SOLUSDT,0.0246499462117721,0.008320315786869072,1.3750834461328723,0
2026-06-25 16:40:00+00:00,SOLUSDT,-0.011899402628434799,-0.00409066789330767,1.3709927782395646,0
2026-06-25 20:35:00+00:00,BTCUSDT,-0.003560608136514,-0.001220392010325432,1.369772386229239,0
2026-06-26 00:00:00+00:00,SOLUSDT,-0.009476269945835199,-0.0032450832240647756,1.3665273030051743,0
2026-06-26 03:00:00+00:00,BNBUSDT,-0.0039157306409445,-0.0013377382080161525,1.3651895647971581,2
2026-06-26 03:00:00+00:00,BTCUSDT,-0.0058623454954764,-0.0020027637948044743,1.3631868010023536,1
2026-06-26 03:00:00+00:00,SOLUSDT,-0.0071537145429984,-0.002443936560228124,1.3607428644421253,0
2026-06-26 14:25:00+00:00,SOLUSDT,0.0165226393629124,0.005620765903708408,1.3663636303458337,0
2026-06-26 15:40:00+00:00,BNBUSDT,0.0059537137279261,0.002033734475832233,1.368397364821666,2
2026-06-26 15:40:00+00:00,ETHUSDT,0.0068705086813942,0.0023469032960580865,1.3707442681177242,1
2026-06-26 15:40:00+00:00,SOLUSDT,0.010965230812403401,0.003745623145103877,1.374489891262828,0
2026-06-26 17:05:00+00:00,BNBUSDT,-0.0025812552772305,-0.0008869773213305378,1.3736029139414976,1
2026-06-26 17:05:00+00:00,SOLUSDT,-0.0062936403508771005,-0.0021626362603811033,1.3714402776811165,0
2026-06-26 19:40:00+00:00,BTCUSDT,-0.0030462207670876,-0.0010444274636731506,1.3703958502174434,2
2026-06-26 19:40:00+00:00,ETHUSDT,-0.0033755136077629,-0.0011573288298866848,1.3692385213875566,1
2026-06-26 19:40:00+00:00,SOLUSDT,0.0041032751091702,0.001406849188780598,1.3706453705763373,0
2026-06-28 22:35:00+00:00,ETHUSDT,-0.0082728668400683,-0.002834791658933527,1.3678105789174038,1
2026-06-28 22:35:00+00:00,SOLUSDT,-0.009802189166432699,-0.003358831300621126,1.3644517476167826,0
2026-06-29 12:35:00+00:00,BTCUSDT,3.768247131429996e-05,1.2853978459828965e-05,1.3644646015952424,0
2026-06-29 17:20:00+00:00,BNBUSDT,0.0076010046104443,0.0025928254318783707,1.3670574270271207,1
2026-06-29 17:45:00+00:00,ETHUSDT,0.008400158427605801,0.0028654297055650166,1.3699228567326858,0
2026-07-01 02:10:00+00:00,BNBUSDT,-0.0022039029901056,-0.000754794270041793,1.3691680624626439,0
2026-07-01 14:20:00+00:00,BNBUSDT,0.0042570856830998,0.0014571664391168034,1.3706252289017606,0
2026-07-02 10:10:00+00:00,ETHUSDT,-0.0046320984660159,-0.0015872177550696343,1.369038011146691,0
2026-07-02 14:05:00+00:00,ETHUSDT,0.0009245188362989,0.0003164253572285748,1.3693544365039196,0
2026-07-04 00:40:00+00:00,BTCUSDT,-0.0043196051784564005,-0.0014787676287661444,1.3678756688751534,0
2026-07-04 15:40:00+00:00,ETHUSDT,0.00038265633560299997,0.0001308565727530672,1.3680065254479066,0
2026-07-05 12:55:00+00:00,BNBUSDT,0.0035873504743569994,0.0012268797144972545,1.3692334051624038,0
2026-07-06 16:15:00+00:00,ETHUSDT,0.0124823479753497,0.004272811955677526,1.3735062171180814,0
2026-07-06 21:40:00+00:00,BTCUSDT,-0.0041679489906335,-0.0014311759628165362,1.372075041155265,2
2026-07-06 21:40:00+00:00,ETHUSDT,-0.0072719664354073,-0.002497022777426485,1.3695780183778383,1
2026-07-06 21:40:00+00:00,SOLUSDT,-0.0092878212827289,-0.003189220068827444,1.3663887983090108,0
2026-07-09 01:40:00+00:00,BNBUSDT,-0.0057428317008015005,-0.0019617352266372637,1.3644270630823736,3
2026-07-09 01:40:00+00:00,BTCUSDT,-0.0063392022491654005,-0.0021654537358687226,1.362261609346505,2
2026-07-09 01:40:00+00:00,ETHUSDT,-0.009041919007661499,-0.0030886942118215,1.3591729151346834,1
2026-07-09 01:40:00+00:00,SOLUSDT,-0.0101902097902099,-0.0034809471274404057,1.355691968007243,0
2026-07-10 02:20:00+00:00,BNBUSDT,-0.0013377767743953,-0.0004534033070085864,1.3552385647002345,1
2026-07-10 02:20:00+00:00,BTCUSDT,0.0027258434442023,0.0009238510158375644,1.356162415716072,0
2026-07-14 13:05:00+00:00,BTCUSDT,0.0048960424692167,0.0016599571956253507,1.3578223729116974,1
2026-07-14 13:05:00+00:00,SOLUSDT,0.0062981875492514995,0.0021353413103564504,1.3599577142220538,0
2026-07-14 13:55:00+00:00,BNBUSDT,-0.0019151515151514,-0.0006511312692335503,1.3593065829528204,1
2026-07-14 13:55:00+00:00,ETHUSDT,-0.0048627641445125,-0.0016532884026930453,1.3576532945501274,0
2026-07-15 13:20:00+00:00,ETHUSDT,0.017540819956866398,0.005953588000887572,1.363606882551015,0
2026-07-16 14:40:00+00:00,BTCUSDT,0.0007705323135045001,0.0002626757914806732,1.3638695583424958,0
2026-07-17 17:40:00+00:00,SOLUSDT,-0.0037125745329269003,-0.0012658668471341524,1.3626036914953616,0
2026-07-20 01:40:00+00:00,BNBUSDT,-0.0025472339088386,-0.000867717581821409,1.3617359739135402,3
2026-07-20 01:40:00+00:00,BTCUSDT,-0.0021269562165806,-0.0007245495980904334,1.3610114243154496,2
2026-07-20 01:40:00+00:00,ETHUSDT,-0.0057501997054741,-0.0019588108363786374,1.359052613479071,1
2026-07-20 01:40:00+00:00,SOLUSDT,-0.0064794205148104005,-0.002207220578057857,1.3568453929010131,0
2026-07-20 12:05:00+00:00,BNBUSDT,-0.00032987500219121524,-0.0001118973442390905,1.356733495556774,3
2026-07-20 12:05:00+00:00,BTCUSDT,-0.000444761375563418,-0.00015086810584338524,1.3565826274509307,2
2026-07-20 12:05:00+00:00,ETHUSDT,-0.0030552049436630003,-0.0010363601880443852,1.3555462672628864,1
2026-07-20 12:05:00+00:00,SOLUSDT,-0.0002698763825634,-9.154513158348516e-05,1.355454722131303,0
2026-07-20 16:15:00+00:00,BTCUSDT,0.0045824334333704995,0.0015528202590286008,1.3570075423903316,0
2026-07-21 14:20:00+00:00,BTCUSDT,0.0025432556519966,0.0008628042754965566,1.3578703466658282,0
2026-07-22 14:05:00+00:00,ETHUSDT,0.0051116111620485,0.0017352263051579283,1.3596055729709862,0
2026-07-22 17:05:00+00:00,BNBUSDT,0.0023190016383726,0.0007882318878150586,1.3603938048588011,0
2026-07-24 15:45:00+00:00,SOLUSDT,-0.0005349892008639,-0.00018194899863040257,1.3602118558601708,0
2026-07-24 19:35:00+00:00,BNBUSDT,0.00044927192625469995,0.0001527762501491948,1.36036463211032,0
2026-07-26 22:35:00+00:00,BNBUSDT,-0.00013951549882780002,-4.744798755914199e-05,1.3603171841227608,2
2026-07-26 22:35:00+00:00,BTCUSDT,0.0030390165640847,0.0010335426625445628,1.3613507267853053,1
2026-07-26 22:35:00+00:00,SOLUSDT,0.004332483239122,0.0014734392419280817,1.3628241660272333,0
2026-07-26 23:40:00+00:00,ETHUSDT,-0.0067341452725772,-0.0022943639787515644,1.3605298020484817,0
2026-07-27 14:10:00+00:00,BNBUSDT,-0.0006258120548896,-0.00021285898778962528,1.360316943060692,1
2026-07-27 14:10:00+00:00,SOLUSDT,-0.0011794232268122,-0.00040116011232654603,1.3599157829483655,0
2026-07-27 15:20:00+00:00,SOLUSDT,-0.0004,-0.00013599157829483654,1.3597797913700707,0
2026-07-28 11:50:00+00:00,BTCUSDT,-0.0015597222331497,-0.0005302196931968899,1.3592495716768738,0
2026-07-28 14:55:00+00:00,BTCUSDT,0.0034915740063744998,0.0011864801181606613,1.3604360517950345,1
2026-07-28 14:55:00+00:00,ETHUSDT,0.0053740041973388,0.0018261532258556214,1.3622622050208901,0
2026-07-28 15:55:00+00:00,BNBUSDT,-0.0034619878564345003,-0.0011790338027655018,1.3610831712181246,3
2026-07-28 15:55:00+00:00,BTCUSDT,-0.0006474507095413,-0.0002204994078055178,1.3608626718103192,2
2026-07-28 15:55:00+00:00,ETHUSDT,-0.0029273579989577,-0.0009969572906364144,1.3598657145196829,1
2026-07-28 15:55:00+00:00,SOLUSDT,-0.0042962783823728,-0.0014631644156386883,1.3584025501040442,0
2026-07-29 03:00:00+00:00,SOLUSDT,-0.0009427408412483,-0.00032015539070973066,1.3580823947133345,0
2026-07-29 08:30:00+00:00,ETHUSDT,-0.0065222474572925,-0.0022144373614281887,1.3558679573519063,0
2026-07-29 18:25:00+00:00,ETHUSDT,-0.0031930769351471004,-0.001082347675431346,1.354785609676475,0
2026-07-29 19:10:00+00:00,BTCUSDT,0.00010962442082819993,3.7129396951790824e-05,1.3548227390734269,0
2026-07-29 20:45:00+00:00,BTCUSDT,-0.0007664357439983,-0.00025959614350188915,1.354563142929925,1
2026-07-29 20:45:00+00:00,SOLUSDT,0.0008345679012344001,0.0002826728924732878,1.3548458158223982,0
2026-07-30 10:35:00+00:00,BNBUSDT,0.0053188981246136,0.001801571717229584,1.3566473875396277,0
2026-07-30 11:45:00+00:00,BNBUSDT,-0.0018902877271418,-0.0006411134766812858,1.3560062740629464,0
2026-07-30 14:15:00+00:00,BTCUSDT,-0.0048636812368443,-0.0016487955680507755,1.3543574784948955,1
2026-07-30 14:15:00+00:00,ETHUSDT,-0.0064331199626816,-0.0021808377577989596,1.3521766407370965,0
2026-07-31 14:45:00+00:00,SOLUSDT,-0.0073425537707594,-0.0024821074230442367,1.3496945333140522,0
