variant,period,symbol,cost,samples,mean_return,median_return,trimmed_mean_5,winsorized_mean_5,win_rate,profit_factor,max_losing_streak,q10,q90
CANDIDATE_FIRST_30M,2024-01,BNBUSDT,0.0004,13,0.000202768489457856,-0.0007668011604255339,0.00020276848945785593,0.0002004808371282047,0.46153846153846156,1.0964403094741322,2,-0.006423637524550263,0.005940775026595802
CANDIDATE_FIRST_30M,2024-01,BNBUSDT,0.0006,13,2.7684894578561293e-06,-0.0009668011604255338,2.7684894578561377e-06,4.808371282049735e-07,0.46153846153846156,1.0012525850697767,2,-0.0066236375245502625,0.005740775026595802
CANDIDATE_FIRST_30M,2024-01,BNBUSDT,0.0008,13,-0.00019723151054214436,-0.0011668011604255338,-0.00019723151054214426,-0.00019951916287179564,0.46153846153846156,0.9149098739531316,2,-0.006823637524550263,0.0055407750265958015
CANDIDATE_FIRST_30M,2024-01,BTCUSDT,0.0004,14,-0.0012805122529288037,0.002641759256191767,-0.0012805122529288035,8.705178415314397e-05,0.6428571428571429,0.7285482471917193,3,-0.009916912240716934,0.008361743163565463
CANDIDATE_FIRST_30M,2024-01,BTCUSDT,0.0006,14,-0.0014805122529288057,0.0024417592561917674,-0.0014805122529288068,-0.00011294821584685564,0.5714285714285714,0.6913626714035273,3,-0.010116912240716935,0.008161743163565462
CANDIDATE_FIRST_30M,2024-01,BTCUSDT,0.0008,14,-0.0016805122529288063,0.0022417592561917673,-0.001680512252928806,-0.0003129482158468559,0.5714285714285714,0.6558193687435401,3,-0.010316912240716935,0.007961743163565462
CANDIDATE_FIRST_30M,2024-01,ETHUSDT,0.0004,17,-0.00128097348066157,-0.0005597144305979236,-0.00128097348066157,-0.001634031157601496,0.35294117647058826,0.5629069371718407,6,-0.009345931203683587,0.0034960750543568068
CANDIDATE_FIRST_30M,2024-01,ETHUSDT,0.0006,17,-0.0014809734806615698,-0.0007597144305979236,-0.0014809734806615698,-0.0018340311576014957,0.35294117647058826,0.5160339299083787,6,-0.009545931203683588,0.003296075054356807
CANDIDATE_FIRST_30M,2024-01,ETHUSDT,0.0008,17,-0.0016809734806615701,-0.0009597144305979237,-0.0016809734806615697,-0.0020340311576014965,0.35294117647058826,0.47296461588494476,6,-0.009745931203683588,0.003096075054356807
CANDIDATE_FIRST_30M,2024-01,SOLUSDT,0.0004,9,-0.004532926351231907,0.0021631497203404406,-0.004532926351231905,-0.0037936388664853854,0.5555555555555556,0.5793539033661199,3,-0.030478158965578747,0.013609293989842414
CANDIDATE_FIRST_30M,2024-01,SOLUSDT,0.0006,9,-0.004732926351231907,0.001963149720340441,-0.004732926351231909,-0.003993638866485387,0.5555555555555556,0.5643875588845111,3,-0.030678158965578746,0.013409293989842412
CANDIDATE_FIRST_30M,2024-01,SOLUSDT,0.0008,9,-0.004932926351231908,0.0017631497203404408,-0.00493292635123191,-0.0041936388664853864,0.5555555555555556,0.5496641130723757,3,-0.030878158965578745,0.013209293989842413
CANDIDATE_FIRST_30M,2024-02,BNBUSDT,0.0004,31,-0.0003726699789682151,-0.0013423040680612837,0.00024049493747552582,0.00022565214512005759,0.4838709677419355,0.8984917493498756,4,-0.007956981095397818,0.00954050570153715
CANDIDATE_FIRST_30M,2024-02,BNBUSDT,0.0006,31,-0.000572669978968215,-0.0015423040680612836,4.0494937475525366e-05,2.5652145120057546e-05,0.4838709677419355,0.8482813695105174,4,-0.008156981095397819,0.00934050570153715
CANDIDATE_FIRST_30M,2024-02,BNBUSDT,0.0008,31,-0.0007726699789682154,-0.0017423040680612837,-0.0001595050625244749,-0.0001743478548799428,0.4838709677419355,0.800744173212413,4,-0.00835698109539782,0.00914050570153715
CANDIDATE_FIRST_30M,2024-02,BTCUSDT,0.0004,30,0.0002026857772619689,-0.0016529362699223447,-0.0002336600946609584,-5.922811041740823e-05,0.4,1.0671180490321122,4,-0.008356156331576192,0.008785683498473824
CANDIDATE_FIRST_30M,2024-02,BTCUSDT,0.0006,30,2.685777261968979e-06,-0.0018529362699223444,-0.0004336600946609589,-0.0002592281104174081,0.4,1.000855386630874,4,-0.008556156331576192,0.008585683498473823
CANDIDATE_FIRST_30M,2024-02,BTCUSDT,0.0008,30,-0.00019731422273803136,-0.0020529362699223445,-0.0006336600946609592,-0.00045922811041740856,0.4,0.9394711962986718,4,-0.008756156331576193,0.008385683498473823
CANDIDATE_FIRST_30M,2024-02,ETHUSDT,0.0004,26,0.0016714481729875235,0.0010386688344943943,0.0016898020159686773,0.001711686322682105,0.6153846153846154,1.92338300933037,3,-0.004545254079005345,0.0109877231784153
CANDIDATE_FIRST_30M,2024-02,ETHUSDT,0.0006,26,0.001471448172987523,0.0008386688344943945,0.0014898020159686773,0.0015116863226821047,0.5769230769230769,1.7794545087469842,3,-0.004745254079005345,0.010787723178415299
CANDIDATE_FIRST_30M,2024-02,ETHUSDT,0.0008,26,0.0012714481729875229,0.0006386688344943944,0.0012898020159686772,0.0013116863226821046,0.5384615384615384,1.643586549944146,3,-0.004945254079005345,0.010587723178415298
CANDIDATE_FIRST_30M,2024-02,SOLUSDT,0.0004,18,0.001111342445351974,0.0016995259076364013,0.0011113424453519738,0.0018590032639155209,0.6111111111111112,1.2576967687796456,3,-0.014458051561970662,0.01215454003556076
CANDIDATE_FIRST_30M,2024-02,SOLUSDT,0.0006,18,0.0009113424453519731,0.0014995259076364016,0.0009113424453519731,0.00165900326391552,0.6111111111111112,1.2075773445372353,3,-0.014658051561970663,0.011954540035560759
CANDIDATE_FIRST_30M,2024-02,SOLUSDT,0.0008,18,0.0007113424453519729,0.0012995259076364015,0.000711342445351973,0.00145900326391552,0.5555555555555556,1.1590613821352254,4,-0.014858051561970663,0.011754540035560758
CANDIDATE_FIRST_30M,2024-03,BNBUSDT,0.0004,22,0.001295654078503785,0.003461592295801519,0.0016383930932866563,0.0014248371207204276,0.5909090909090909,1.3412838823376287,2,-0.014376115656124741,0.011118827369173936
CANDIDATE_FIRST_30M,2024-03,BNBUSDT,0.0006,22,0.0010956540785037854,0.0032615922958015194,0.0014383930932866558,0.0012248371207204277,0.5909090909090909,1.2825139688708125,2,-0.014576115656124742,0.010918827369173935
CANDIDATE_FIRST_30M,2024-03,BNBUSDT,0.0008,22,0.0008956540785037854,0.0030615922958015193,0.0012383930932866553,0.0010248371207204274,0.5909090909090909,1.2261725348314234,2,-0.014776115656124742,0.010718827369173935
CANDIDATE_FIRST_30M,2024-03,BTCUSDT,0.0004,23,-0.0022274935817871745,-0.001160860517180828,-0.0016865397978349423,-0.0019888279221539256,0.391304347826087,0.5068146976074053,5,-0.009129045263106315,0.006344297172776559
CANDIDATE_FIRST_30M,2024-03,BTCUSDT,0.0006,23,-0.0024274935817871763,-0.0013608605171808279,-0.0018865397978349435,-0.0021888279221539265,0.391304347826087,0.4766397346186387,5,-0.009329045263106316,0.0061442971727765595
CANDIDATE_FIRST_30M,2024-03,BTCUSDT,0.0008,23,-0.002627493581787176,-0.001560860517180828,-0.0020865397978349423,-0.002388827922153926,0.391304347826087,0.44800824047465526,5,-0.009529045263106316,0.005944297172776559
CANDIDATE_FIRST_30M,2024-03,ETHUSDT,0.0004,22,0.00015600406038495323,-0.0020140764111529095,-0.00021519182742412625,6.310593673522227e-05,0.3181818181818182,1.0491070129840405,5,-0.008909534119051786,0.009900836431901096
CANDIDATE_FIRST_30M,2024-03,ETHUSDT,0.0006,22,-4.3995939615046395e-05,-0.002214076411152909,-0.00041519182742412697,-0.00013689406326477797,0.3181818181818182,0.9867209408714677,5,-0.009109534119051787,0.009700836431901096
CANDIDATE_FIRST_30M,2024-03,ETHUSDT,0.0008,22,-0.00024399593961504693,-0.0024140764111529093,-0.0006151918274241274,-0.0003368940632647785,0.3181818181818182,0.9292672236605929,5,-0.009309534119051787,0.009500836431901095
CANDIDATE_FIRST_30M,2024-03,SOLUSDT,0.0004,18,-0.006468005086918878,-0.009588027620453398,-0.006468005086918877,-0.006386540675751978,0.3333333333333333,0.3778200494367239,5,-0.03004588292582,0.014452855172090898
CANDIDATE_FIRST_30M,2024-03,SOLUSDT,0.0006,18,-0.0066680050869188795,-0.009788027620453398,-0.00666800508691888,-0.0065865406757519805,0.3333333333333333,0.36670388053461805,5,-0.03024588292582,0.014252855172090897
CANDIDATE_FIRST_30M,2024-03,SOLUSDT,0.0008,18,-0.006868005086918879,-0.009988027620453399,-0.006868005086918881,-0.0067865406757519784,0.3333333333333333,0.35586572755426427,5,-0.030445882925819998,0.014052855172090897
CANDIDATE_FIRST_30M,2024-04,BNBUSDT,0.0004,17,-0.00036384769155845144,-0.0016069698257544114,-0.0003638476915584513,-0.0006792266262504658,0.4117647058823529,0.8805881641949853,4,-0.008348017284796637,0.0075262712213188376
CANDIDATE_FIRST_30M,2024-04,BNBUSDT,0.0006,17,-0.0005638476915584513,-0.0018069698257544113,-0.0005638476915584513,-0.0008792266262504659,0.4117647058823529,0.8218291209345062,4,-0.008548017284796637,0.007326271221318838
CANDIDATE_FIRST_30M,2024-04,BNBUSDT,0.0008,17,-0.0007638476915584517,-0.0020069698257544114,-0.0007638476915584518,-0.001079226626250466,0.4117647058823529,0.7672822728077792,4,-0.008748017284796638,0.007126271221318837
CANDIDATE_FIRST_30M,2024-04,BTCUSDT,0.0004,18,0.004459129416972924,0.0016025346038685663,0.004459129416972924,0.004143249539306871,0.7777777777777778,5.961833729105449,2,-0.00262400818570737,0.01792231924048724
CANDIDATE_FIRST_30M,2024-04,BTCUSDT,0.0006,18,0.0042591294169729245,0.0014025346038685667,0.0042591294169729245,0.003943249539306871,0.7777777777777778,5.51595050699512,2,-0.0028240081857073703,0.01772231924048724
CANDIDATE_FIRST_30M,2024-04,BTCUSDT,0.0008,18,0.004059129416972926,0.0012025346038685666,0.004059129416972925,0.0037432495393068723,0.6666666666666666,5.092939748804287,2,-0.0030240081857073704,0.017522319240487243
CANDIDATE_FIRST_30M,2024-04,ETHUSDT,0.0004,15,0.004199491070709154,0.0042409527087825085,0.004199491070709154,0.00406368956116822,0.6666666666666666,3.764072865932129,2,-0.004616441277840732,0.013771904583212355
CANDIDATE_FIRST_30M,2024-04,ETHUSDT,0.0006,15,0.003999491070709152,0.004040952708782509,0.003999491070709154,0.003863689561168219,0.6666666666666666,3.5217799792420466,2,-0.004816441277840732,0.013571904583212356
CANDIDATE_FIRST_30M,2024-04,ETHUSDT,0.0008,15,0.0037994910707091537,0.0038409527087825087,0.0037994910707091537,0.0036636895611682208,0.6666666666666666,3.299034967376265,2,-0.005016441277840732,0.013371904583212357
CANDIDATE_FIRST_30M,2024-04,SOLUSDT,0.0004,16,0.007877462943526556,0.002117060310192387,0.007877462943526556,0.006855927676445408,0.625,4.160449848636957,4,-0.009051239264803158,0.02970682026360345
CANDIDATE_FIRST_30M,2024-04,SOLUSDT,0.0006,16,0.007677462943526555,0.0019170603101923873,0.007677462943526554,0.006655927676445407,0.5625,3.9809173077741358,4,-0.009251239264803156,0.02950682026360345
CANDIDATE_FIRST_30M,2024-04,SOLUSDT,0.0008,16,0.0074774629435265545,0.0017170603101923873,0.0074774629435265545,0.006455927676445407,0.5625,3.807870422858203,4,-0.009451239264803157,0.029306820263603452
CANDIDATE_FIRST_30M,2024-05,BNBUSDT,0.0004,16,0.0016769511593107533,0.0002148746608850009,0.001676951159310753,0.0017826700725946682,0.5,1.7611566218092207,2,-0.006889424988284587,0.012696584580337912
CANDIDATE_FIRST_30M,2024-05,BNBUSDT,0.0006,16,0.0014769511593107527,1.487466088500092e-05,0.0014769511593107527,0.0015826700725946677,0.5,1.6412711376521383,2,-0.0070894249882845865,0.012496584580337911
CANDIDATE_FIRST_30M,2024-05,BNBUSDT,0.0008,16,0.0012769511593107522,-0.00018512533911499917,0.0012769511593107522,0.0013826700725946672,0.5,1.531362966413749,2,-0.007289424988284587,0.01229658458033791
CANDIDATE_FIRST_30M,2024-05,BTCUSDT,0.0004,21,0.0011068525458413645,-0.00048814973701998243,0.0009502915108944211,0.0008472902904261025,0.47619047619047616,1.4667034265981254,4,-0.00608075254952527,0.008655295099865025
CANDIDATE_FIRST_30M,2024-05,BTCUSDT,0.0006,21,0.0009068525458413646,-0.0006881497370199824,0.000750291510894421,0.0006472902904261028,0.47619047619047616,1.366197635217843,4,-0.00628075254952527,0.008455295099865024
CANDIDATE_FIRST_30M,2024-05,BTCUSDT,0.0008,21,0.0007068525458413645,-0.0008881497370199824,0.0005502915108944205,0.0004472902904261022,0.47619047619047616,1.2738503170295266,4,-0.00648075254952527,0.008255295099865024
CANDIDATE_FIRST_30M,2024-05,ETHUSDT,0.0004,28,0.0016390827999398269,-0.00024857037160002054,0.0004689235975484853,0.0005156039307419824,0.5,1.6664304186194576,4,-0.006755981607421324,0.00960290524147456
CANDIDATE_FIRST_30M,2024-05,ETHUSDT,0.0006,28,0.001439082799939826,-0.0004485703716000205,0.0002689235975484853,0.0003156039307419826,0.4642857142857143,1.5609835477054796,4,-0.006955981607421323,0.009402905241474559
CANDIDATE_FIRST_30M,2024-05,ETHUSDT,0.0008,28,0.0012390827999398258,-0.0006485703716000206,6.892359754848476e-05,0.00011560393074198187,0.42857142857142855,1.4633218156527987,4,-0.007155981607421324,0.009202905241474558
CANDIDATE_FIRST_30M,2024-05,SOLUSDT,0.0004,21,-0.0015099659104855108,0.0008271946330688622,-0.0019235565301714904,-0.0019449661008084903,0.5238095238095238,0.7024722708301523,3,-0.013356058967499517,0.009808939434012133
CANDIDATE_FIRST_30M,2024-05,SOLUSDT,0.0006,21,-0.001709965910485511,0.0006271946330688622,-0.002123556530171491,-0.0021449661008084908,0.5238095238095238,0.6692702002335412,3,-0.013556058967499517,0.009608939434012132
CANDIDATE_FIRST_30M,2024-05,SOLUSDT,0.0008,21,-0.0019099659104855112,0.0004271946330688621,-0.002323556530171491,-0.0023449661008084913,0.5238095238095238,0.6372691896147539,3,-0.013756058967499518,0.009408939434012132
CANDIDATE_FIRST_30M,2024-06,BNBUSDT,0.0004,20,0.0016972705486175805,0.00089529550187657,0.0009708388359351707,0.0011301575232686727,0.55,1.6100703272979082,4,-0.010937611086644893,0.01099523552502811
CANDIDATE_FIRST_30M,2024-06,BNBUSDT,0.0006,20,0.0014972705486175802,0.0006952955018765701,0.0007708388359351707,0.0009301575232686732,0.55,1.5213174223897408,4,-0.011137611086644893,0.01079523552502811
CANDIDATE_FIRST_30M,2024-06,BNBUSDT,0.0008,20,0.0012972705486175803,0.0004952955018765699,0.0005708388359351702,0.0007301575232686728,0.55,1.4379578454886386,4,-0.011337611086644894,0.01059523552502811
CANDIDATE_FIRST_30M,2024-06,BTCUSDT,0.0004,18,-0.0001394038898077356,-0.0008457021150056639,-0.00013940388980773562,-9.324127286597357e-05,0.4444444444444444,0.8932731645751586,3,-0.0035762237116665927,0.0031139578943170996
CANDIDATE_FIRST_30M,2024-06,BTCUSDT,0.0006,18,-0.0003394038898077353,-0.0010457021150056638,-0.0003394038898077353,-0.00029324127286597327,0.4444444444444444,0.7605254405207796,3,-0.0037762237116665924,0.0029139578943171
CANDIDATE_FIRST_30M,2024-06,BTCUSDT,0.0008,18,-0.0005394038898077356,-0.0012457021150056639,-0.0005394038898077357,-0.0004932412728659735,0.4444444444444444,0.6470786547539608,3,-0.003976223711666593,0.0027139578943171
CANDIDATE_FIRST_30M,2024-06,ETHUSDT,0.0004,16,0.000393093333587985,-4.6206070341714086e-05,0.0003930933335879849,3.722534208437043e-05,0.5,1.2110141046227894,6,-0.004729538326699856,0.006542554492813224
CANDIDATE_FIRST_30M,2024-06,ETHUSDT,0.0006,16,0.00019309333358798544,-0.000246206070341714,0.00019309333358798544,-0.00016277465791562917,0.5,1.0983726072843496,6,-0.004929538326699855,0.0063425544928132245
CANDIDATE_FIRST_30M,2024-06,ETHUSDT,0.0008,16,-6.906666412014864e-06,-0.0004462060703417141,-6.906666412015081e-06,-0.0003627746579156296,0.375,0.9966673442360736,6,-0.005129538326699856,0.006142554492813224
CANDIDATE_FIRST_30M,2024-06,SOLUSDT,0.0004,11,0.0036500907809452854,0.008542552182844788,0.003650090780945284,0.0038497658146104323,0.7272727272727273,2.206262245815074,1,-0.011602155280717107,0.011418342776203972
CANDIDATE_FIRST_30M,2024-06,SOLUSDT,0.0006,11,0.0034500907809452835,0.008342552182844788,0.003450090780945285,0.00364976581461043,0.7272727272727273,2.1199787188978787,1,-0.011802155280717107,0.011218342776203972
CANDIDATE_FIRST_30M,2024-06,SOLUSDT,0.0008,11,0.0032500907809452835,0.008142552182844787,0.0032500907809452848,0.00344976581461043,0.7272727272727273,2.036697623156297,1,-0.012002155280717108,0.011018342776203971
CANDIDATE_FIRST_30M,2024-07,BNBUSDT,0.0004,23,0.0020619646862046373,0.0007066346203725264,0.0017596067879095064,0.0020812930001050463,0.6086956521739131,2.1789556619437214,2,-0.006220739111304451,0.011287227904754895
CANDIDATE_FIRST_30M,2024-07,BNBUSDT,0.0006,23,0.0018619646862046357,0.0005066346203725264,0.0015596067879095066,0.0018812930001050447,0.5217391304347826,2.013500459900134,4,-0.006420739111304451,0.011087227904754894
CANDIDATE_FIRST_30M,2024-07,BNBUSDT,0.0008,23,0.001661964686204636,0.0003066346203725263,0.0013596067879095065,0.001681293000105045,0.5217391304347826,1.8598677398640637,4,-0.006620739111304451,0.010887227904754894
CANDIDATE_FIRST_30M,2024-07,BTCUSDT,0.0004,24,0.0007303491458639533,0.0013021011247109197,0.0007405763520640739,0.0007103629760137447,0.625,1.4163590494438072,3,-0.006586100049075561,0.00761960648551232
CANDIDATE_FIRST_30M,2024-07,BTCUSDT,0.0006,24,0.0005303491458639535,0.0011021011247109198,0.0005405763520640743,0.0005103629760137446,0.5833333333333334,1.2887475123500045,3,-0.00678610004907556,0.007419606485512319
CANDIDATE_FIRST_30M,2024-07,BTCUSDT,0.0008,24,0.0003303491458639533,0.0009021011247109197,0.000340576352064074,0.0003103629760137446,0.5833333333333334,1.1720518146648569,3,-0.006986100049075561,0.007219606485512319
CANDIDATE_FIRST_30M,2024-07,ETHUSDT,0.0004,27,0.001527263605695194,0.0026542343378154866,0.001233065958332849,0.0012022627547986263,0.6296296296296297,1.7140232122558854,2,-0.007620795638105692,0.00882865900947945
CANDIDATE_FIRST_30M,2024-07,ETHUSDT,0.0006,27,0.0013272636056951934,0.002454234337815487,0.001033065958332849,0.0010022627547986265,0.6296296296296297,1.5997497047098632,2,-0.007820795638105692,0.008628659009479449
CANDIDATE_FIRST_30M,2024-07,ETHUSDT,0.0008,27,0.0011272636056951937,0.002254234337815487,0.0008330659583328486,0.0008022627547986263,0.6296296296296297,1.4928783152757241,2,-0.008020795638105692,0.008428659009479448
CANDIDATE_FIRST_30M,2024-07,SOLUSDT,0.0004,24,-0.0001229789837469203,-0.0025819766846420953,-0.0004557546890473928,-0.00034514245138313394,0.4583333333333333,0.9750257875192513,7,-0.013106402744278376,0.015255492574552429
CANDIDATE_FIRST_30M,2024-07,SOLUSDT,0.0006,24,-0.00032297898374691967,-0.002781976684642095,-0.0006557546890473942,-0.0005451424513831339,0.4583333333333333,0.9358222830732654,7,-0.013306402744278377,0.01505549257455243
CANDIDATE_FIRST_30M,2024-07,SOLUSDT,0.0008,24,-0.0005229789837469201,-0.0029819766846420955,-0.0008557546890473927,-0.0007451424513831343,0.4166666666666667,0.8984278737643702,8,-0.013506402744278377,0.01485549257455243
CANDIDATE_FIRST_30M,2024-08,BNBUSDT,0.0004,30,0.0018078027729549742,-0.0011250733203236214,0.00101139160787211,0.0013638676041683843,0.43333333333333335,1.4042394763832335,5,-0.009470087268043012,0.018005258237485614
CANDIDATE_FIRST_30M,2024-08,BNBUSDT,0.0006,30,0.0016078027729549734,-0.0013250733203236213,0.0008113916078721096,0.0011638676041683842,0.4,1.350175214590913,5,-0.009670087268043012,0.017805258237485615
CANDIDATE_FIRST_30M,2024-08,BNBUSDT,0.0008,30,0.0014078027729549733,-0.0015250733203236214,0.0006113916078721098,0.0009638676041683842,0.4,1.2988062352524434,5,-0.009870087268043013,0.017605258237485617
CANDIDATE_FIRST_30M,2024-08,BTCUSDT,0.0004,35,0.0013783275308104231,-1.771658275355714e-05,0.0009755374289345316,0.0008651210860009249,0.4857142857142857,1.4367576188402005,3,-0.007422135049765698,0.012978030148796373
CANDIDATE_FIRST_30M,2024-08,BTCUSDT,0.0006,35,0.0011783275308104222,-0.00021771658275355707,0.0007755374289345319,0.0006651210860009252,0.4857142857142857,1.361597121321952,3,-0.007622135049765698,0.012778030148796372
CANDIDATE_FIRST_30M,2024-08,BTCUSDT,0.0008,35,0.0009783275308104225,-0.00041771658275355716,0.0005755374289345317,0.00046512108600092473,0.4857142857142857,1.2910361894194116,3,-0.0078221350497657,0.012578030148796372
CANDIDATE_FIRST_30M,2024-08,ETHUSDT,0.0004,31,0.0014130231068401834,0.0005679749750000078,0.0007421143579765361,0.0008062360576238899,0.5161290322580645,1.366281171098157,6,-0.010594070512145714,0.01690239366282049
CANDIDATE_FIRST_30M,2024-08,ETHUSDT,0.0006,31,0.0012130231068401835,0.0003679749750000078,0.0005421143579765359,0.0006062360576238903,0.5161290322580645,1.306742718054262,6,-0.010794070512145714,0.016702393662820492
CANDIDATE_FIRST_30M,2024-08,ETHUSDT,0.0008,31,0.0010130231068401832,0.0001679749750000077,0.00034211435797653624,0.00040623605762389,0.5161290322580645,1.2500486757531126,6,-0.010994070512145715,0.016502393662820494
CANDIDATE_FIRST_30M,2024-08,SOLUSDT,0.0004,34,-1.223583892508452e-05,-0.002057809150828027,-0.0007925793165279088,-0.0009247502583527208,0.4411764705882353,0.9983643437343588,5,-0.02282662600991404,0.022979494812876727
CANDIDATE_FIRST_30M,2024-08,SOLUSDT,0.0006,34,-0.0002122358389250862,-0.0022578091508280267,-0.0009925793165279084,-0.0011247502583527208,0.4117647058823529,0.9720561525440826,5,-0.02302662600991404,0.02277949481287673
CANDIDATE_FIRST_30M,2024-08,SOLUSDT,0.0008,34,-0.00041223583892508554,-0.0024578091508280268,-0.001192579316527908,-0.0013247502583527207,0.4117647058823529,0.9465512419980773,5,-0.02322662600991404,0.02257949481287673
CANDIDATE_FIRST_30M,2024-09,BNBUSDT,0.0004,11,-7.83329424840633e-05,-0.0004997224392107476,-7.833294248406358e-05,-0.0003555377434021232,0.45454545454545453,0.9554077207262034,3,-0.006031791861664071,0.004802772552408863
CANDIDATE_FIRST_30M,2024-09,BNBUSDT,0.0006,11,-0.00027833294248406313,-0.0006997224392107476,-0.00027833294248406313,-0.0005555377434021229,0.45454545454545453,0.8508189292715914,3,-0.00623179186166407,0.004602772552408863
CANDIDATE_FIRST_30M,2024-09,BNBUSDT,0.0008,11,-0.00047833294248406365,-0.0008997224392107477,-0.0004783329424840634,-0.0007555377434021234,0.36363636363636365,0.7585573580644893,3,-0.006431791861664071,0.004402772552408863
CANDIDATE_FIRST_30M,2024-09,BTCUSDT,0.0004,17,0.002519769979037672,0.004101354243149791,0.0025197699790376715,0.0027482188990105676,0.6470588235294118,2.8343734163802448,2,-0.0036251465052216324,0.008244440388887143
CANDIDATE_FIRST_30M,2024-09,BTCUSDT,0.0006,17,0.0023197699790376714,0.003901354243149791,0.0023197699790376714,0.002548218899010568,0.6470588235294118,2.6062342516915153,2,-0.003825146505221632,0.008044440388887145
CANDIDATE_FIRST_30M,2024-09,BTCUSDT,0.0008,17,0.002119769979037671,0.003701354243149791,0.002119769979037671,0.002348218899010568,0.6470588235294118,2.3993569810145083,2,-0.004025146505221632,0.007844440388887144
CANDIDATE_FIRST_30M,2024-09,ETHUSDT,0.0004,19,0.00042750489993480137,0.0005555149925872808,0.0004275048999348014,-4.1057823896195513e-05,0.5263157894736842,1.1777575392168216,5,-0.007203871932089467,0.006251191032605562
CANDIDATE_FIRST_30M,2024-09,ETHUSDT,0.0006,19,0.00022750489993480166,0.00035551499258728084,0.00022750489993480166,-0.00024105782389619517,0.5263157894736842,1.0910119460685161,5,-0.007403871932089467,0.0060511910326055615
CANDIDATE_FIRST_30M,2024-09,ETHUSDT,0.0008,19,2.7504899934801402e-05,0.00015551499258728075,2.7504899934801036e-05,-0.0004410578238961957,0.5263157894736842,1.0106013864394914,5,-0.007603871932089467,0.005851191032605561
CANDIDATE_FIRST_30M,2024-09,SOLUSDT,0.0004,17,0.0011604711882372894,0.0013962941997811122,0.0011604711882372898,0.0011790234759934222,0.5882352941176471,1.4343523961302314,3,-0.008879763581975219,0.010410703148962511
CANDIDATE_FIRST_30M,2024-09,SOLUSDT,0.0006,17,0.0009604711882372899,0.0011962941997811123,0.0009604711882372899,0.0009790234759934223,0.5882352941176471,1.3487447993848212,3,-0.009079763581975219,0.01021070314896251
CANDIDATE_FIRST_30M,2024-09,SOLUSDT,0.0008,17,0.0007604711882372894,0.0009962941997811122,0.0007604711882372893,0.0007790234759934218,0.5294117647058824,1.2674499180037697,3,-0.00927976358197522,0.01001070314896251
CANDIDATE_FIRST_30M,2024-10,BNBUSDT,0.0004,19,0.0007182794720729679,0.0008390294269488678,0.0007182794720729682,0.00041958367547001094,0.5263157894736842,1.2975305849457524,3,-0.006717717170680126,0.007156311157630134
CANDIDATE_FIRST_30M,2024-10,BNBUSDT,0.0006,19,0.0005182794720729684,0.0006390294269488678,0.0005182794720729684,0.00021958367547001106,0.5263157894736842,1.2065785643964946,3,-0.006917717170680126,0.006956311157630134
CANDIDATE_FIRST_30M,2024-10,BNBUSDT,0.0008,19,0.00031827947207296804,0.0004390294269488677,0.0003182794720729679,1.9583675470010527e-05,0.5263157894736842,1.1222454355391436,3,-0.007117717170680126,0.006756311157630134
CANDIDATE_FIRST_30M,2024-10,BTCUSDT,0.0004,27,0.002204461824041685,0.002100379766064098,0.0020497310193812275,0.0021539194126833825,0.6666666666666666,2.975158307432734,2,-0.0047974048110575925,0.008547793733384844
CANDIDATE_FIRST_30M,2024-10,BTCUSDT,0.0006,27,0.0020044618240416846,0.0019003797660640982,0.0018497310193812272,0.001953919412683382,0.6666666666666666,2.694731926571616,2,-0.004997404811057592,0.008347793733384843
CANDIDATE_FIRST_30M,2024-10,BTCUSDT,0.0008,27,0.0018044618240416848,0.0017003797660640981,0.001649731019381227,0.0017539194126833814,0.6666666666666666,2.444231409243065,2,-0.005197404811057593,0.008147793733384843
CANDIDATE_FIRST_30M,2024-10,ETHUSDT,0.0004,31,0.0004614454092989641,-2.5419367447198857e-05,0.0005705143545900611,0.0005301264420206788,0.4838709677419355,1.2076206716327889,3,-0.006571631972812675,0.007798899368041523
CANDIDATE_FIRST_30M,2024-10,ETHUSDT,0.0006,31,0.00026144540929896415,-0.00022541936744719878,0.0003705143545900614,0.00033012644202067893,0.4838709677419355,1.1124125743818012,3,-0.006771631972812674,0.007598899368041524
CANDIDATE_FIRST_30M,2024-10,ETHUSDT,0.0008,31,6.144540929896381e-05,-0.0004254193674471989,0.0001705143545900607,0.00013012644202067846,0.45161290322580644,1.025291792073254,3,-0.006971631972812675,0.007398899368041523
CANDIDATE_FIRST_30M,2024-10,SOLUSDT,0.0004,19,0.0005125440244885991,0.0014929310854776116,0.000512544024488599,0.0005117828403571991,0.5789473684210527,1.2187715711792384,4,-0.008738269185860025,0.008298119437544306
CANDIDATE_FIRST_30M,2024-10,SOLUSDT,0.0006,19,0.00031254402448859897,0.0012929310854776117,0.00031254402448859897,0.00031178284035719917,0.5789473684210527,1.128775914504273,4,-0.008938269185860026,0.008098119437544305
CANDIDATE_FIRST_30M,2024-10,SOLUSDT,0.0008,19,0.00011254402448859843,0.0010929310854776116,0.00011254402448859843,0.00011178284035719863,0.5263157894736842,1.0447394442281732,7,-0.009138269185860026,0.007898119437544305
CANDIDATE_FIRST_30M,2024-11,BNBUSDT,0.0004,30,0.0014318906961013835,0.0021159760427536646,0.002133096167773958,0.0018493536172201318,0.6333333333333333,1.3993577196088343,3,-0.009322778443290398,0.013472635817300188
CANDIDATE_FIRST_30M,2024-11,BNBUSDT,0.0006,30,0.0012318906961013827,0.001915976042753665,0.0019330961677739582,0.0016493536172201317,0.6333333333333333,1.336690957461216,3,-0.009522778443290397,0.013272635817300187
CANDIDATE_FIRST_30M,2024-11,BNBUSDT,0.0008,30,0.001031890696101383,0.0017159760427536649,0.001733096167773958,0.0014493536172201311,0.6333333333333333,1.2764868840005907,3,-0.009722778443290399,0.013072635817300187
CANDIDATE_FIRST_30M,2024-11,BTCUSDT,0.0004,23,0.00247080358301211,0.0006903253702538862,0.002463665432975681,0.0025635813337250906,0.6086956521739131,2.6026721082583655,2,-0.004933794790081002,0.012354752029575257
CANDIDATE_FIRST_30M,2024-11,BTCUSDT,0.0006,23,0.002270803583012108,0.0004903253702538863,0.002263665432975681,0.0023635813337250897,0.6086956521739131,2.4017839064683972,2,-0.005133794790081002,0.012154752029575257
CANDIDATE_FIRST_30M,2024-11,BTCUSDT,0.0008,23,0.0020708035830121077,0.00029032537025388617,0.0020636654329756806,0.0021635813337250896,0.5217391304347826,2.21563899416523,3,-0.005333794790081003,0.011954752029575256
CANDIDATE_FIRST_30M,2024-11,ETHUSDT,0.0004,18,0.004219270935018275,0.0049936064137881655,0.004219270935018276,0.004298174996974527,0.7222222222222222,3.1156795796617063,3,-0.007508199820176907,0.016733568921915114
CANDIDATE_FIRST_30M,2024-11,ETHUSDT,0.0006,18,0.004019270935018275,0.004793606413788166,0.004019270935018275,0.004098174996974527,0.6666666666666666,2.95903128177058,3,-0.007708199820176908,0.016533568921915116
CANDIDATE_FIRST_30M,2024-11,ETHUSDT,0.0008,18,0.0038192709350182755,0.004593606413788165,0.0038192709350182755,0.003898174996974527,0.6666666666666666,2.8029638975342,3,-0.007908199820176908,0.016333568921915113
CANDIDATE_FIRST_30M,2024-11,SOLUSDT,0.0004,22,-0.0015084057528489644,0.0016121216578300459,-0.0014494875575087767,-0.0015369068887771539,0.5,0.7766724470311527,4,-0.018401514787981643,0.01588924589939239
CANDIDATE_FIRST_30M,2024-11,SOLUSDT,0.0006,22,-0.0017084057528489642,0.0014121216578300462,-0.0016494875575087775,-0.0017369068887771537,0.5,0.7507516311693206,4,-0.01860151478798164,0.01568924589939239
CANDIDATE_FIRST_30M,2024-11,SOLUSDT,0.0008,22,-0.0019084057528489641,0.0012121216578300461,-0.0018494875575087756,-0.0019369068887771534,0.5,0.7255762843034893,4,-0.01880151478798164,0.015489245899392394
CANDIDATE_FIRST_30M,2024-12,BNBUSDT,0.0004,24,0.0026702526624214143,-0.00017333616016711428,0.0023495069304995636,0.002600650513860356,0.5,2.0589101195396724,3,-0.008005998593957186,0.018164593284648367
CANDIDATE_FIRST_30M,2024-12,BNBUSDT,0.0006,24,0.002470252662421415,-0.0003733361601671142,0.002149506930499564,0.0024006505138603564,0.4583333333333333,1.9411755278374674,4,-0.008205998593957186,0.01796459328464837
CANDIDATE_FIRST_30M,2024-12,BNBUSDT,0.0008,24,0.0022702526624214145,-0.0005733361601671143,0.0019495069304995636,0.0022006505138603564,0.4583333333333333,1.8306878013682046,4,-0.008405998593957187,0.01776459328464837
CANDIDATE_FIRST_30M,2024-12,BTCUSDT,0.0004,25,0.0012040789554956625,0.0006525564818557598,0.0008068676813315402,0.0008805452386102689,0.52,1.4924382652043922,3,-0.0075349449150641,0.009935797147189934
CANDIDATE_FIRST_30M,2024-12,BTCUSDT,0.0006,25,0.0010040789554956627,0.00045255648185575984,0.0006068676813315397,0.000680545238610269,0.52,1.3951298215063412,3,-0.0077349449150641,0.009735797147189933
CANDIDATE_FIRST_30M,2024-12,BTCUSDT,0.0008,25,0.0008040789554956624,0.00025255648185575975,0.0004068676813315392,0.0004805452386102685,0.52,1.3049060389971259,3,-0.0079349449150641,0.009535797147189932
CANDIDATE_FIRST_30M,2024-12,ETHUSDT,0.0004,19,0.0017248750060566264,0.0012251783732361691,0.001724875006056626,0.0021236362234293084,0.631578947368421,1.6809119955648042,2,-0.007413374867619681,0.0123834026644301
CANDIDATE_FIRST_30M,2024-12,ETHUSDT,0.0006,19,0.0015248750060566254,0.0010251783732361693,0.0015248750060566259,0.001923636223429307,0.631578947368421,1.5849453051593787,2,-0.007613374867619682,0.012183402664430099
CANDIDATE_FIRST_30M,2024-12,ETHUSDT,0.0008,19,0.0013248750060566258,0.0008251783732361691,0.0013248750060566254,0.0017236362234293067,0.631578947368421,1.4942545654749781,2,-0.007813374867619682,0.011983402664430098
CANDIDATE_FIRST_30M,2024-12,SOLUSDT,0.0004,22,0.0044201476294471985,0.0011195259427900343,0.004215832616909643,0.004592829309530418,0.5454545454545454,2.3333300541228064,5,-0.011199992509159627,0.0230911490650928
CANDIDATE_FIRST_30M,2024-12,SOLUSDT,0.0006,22,0.004220147629447197,0.0009195259427900344,0.004015832616909644,0.004392829309530416,0.5454545454545454,2.239023188093703,5,-0.011399992509159627,0.022891149065092802
CANDIDATE_FIRST_30M,2024-12,SOLUSDT,0.0008,22,0.0040201476294472,0.0007195259427900342,0.003815832616909643,0.004192829309530418,0.5454545454545454,2.149619671090972,5,-0.011599992509159628,0.022691149065092803
CANDIDATE_FIRST_30M,2025-01,BNBUSDT,0.0004,16,0.0007235016324844041,0.0003706816387322846,0.0007235016324844041,0.0005663115592064287,0.5625,1.386035555162674,2,-0.00483087941197079,0.008189600406510468
CANDIDATE_FIRST_30M,2025-01,BNBUSDT,0.0006,16,0.0005235016324844043,0.00017068163873228462,0.0005235016324844043,0.0003663115592064288,0.5625,1.266863394991058,2,-0.005030879411970789,0.007989600406510467
CANDIDATE_FIRST_30M,2025-01,BNBUSDT,0.0008,16,0.0003235016324844039,-2.931836126771547e-05,0.00032350163248440374,0.00016631155920642846,0.5,1.1569939305229306,2,-0.00523087941197079,0.007789600406510467
CANDIDATE_FIRST_30M,2025-01,BTCUSDT,0.0004,29,0.00031609759967342007,8.304765265094749e-05,-0.00022360276681873432,-0.0002255602936028639,0.5172413793103449,1.076114319929639,2,-0.009627676071931355,0.01016645236447009
CANDIDATE_FIRST_30M,2025-01,BTCUSDT,0.0006,29,0.0001160975996734201,-0.00011695234734905244,-0.00042360276681873457,-0.00042556029360286404,0.4827586206896552,1.0272944976752367,4,-0.009827676071931355,0.00996645236447009
CANDIDATE_FIRST_30M,2025-01,BTCUSDT,0.0008,29,-8.390240032658012e-05,-0.0003169523473490525,-0.0006236027668187349,-0.0006255602936028641,0.4482758620689655,0.9807627147614847,4,-0.010027676071931356,0.00976645236447009
CANDIDATE_FIRST_30M,2025-01,ETHUSDT,0.0004,26,-0.00020770415173871362,0.0004501796199582579,-0.00031643689693566557,-0.00026644898407040597,0.5,0.9513849805700626,4,-0.0127662865282248,0.008395114995170495
CANDIDATE_FIRST_30M,2025-01,ETHUSDT,0.0006,26,-0.0004077041517387131,0.0002501796199582579,-0.0005164368969356655,-0.00046644898407040573,0.5,0.9067556544759446,4,-0.012966286528224801,0.008195114995170494
CANDIDATE_FIRST_30M,2025-01,ETHUSDT,0.0008,26,-0.0006077041517387135,5.017961995825782e-05,-0.0007164368969356656,-0.0006664489840704058,0.5,0.8641220823611104,4,-0.013166286528224802,0.007995114995170494
CANDIDATE_FIRST_30M,2025-01,SOLUSDT,0.0004,35,0.0032779820873489714,0.0037320437724197133,0.0041150454687479,0.004173290561479521,0.6285714285714286,1.8791619989195927,2,-0.009951452821816108,0.018699647386771726
CANDIDATE_FIRST_30M,2025-01,SOLUSDT,0.0006,35,0.003077982087348971,0.0035320437724197136,0.003915045468747901,0.003973290561479524,0.5428571428571428,1.8083095546341448,3,-0.010151452821816107,0.018499647386771727
CANDIDATE_FIRST_30M,2025-01,SOLUSDT,0.0008,35,0.002877982087348972,0.0033320437724197135,0.0037150454687479013,0.003773290561479523,0.5428571428571428,1.7380664773597931,3,-0.010351452821816107,0.018299647386771728
CANDIDATE_FIRST_30M,2025-02,BNBUSDT,0.0004,25,0.001986408241150822,0.0011300814003305075,0.0016488147047308106,0.0016506773954729393,0.52,1.7531867833086476,3,-0.009703136495544037,0.014231339678676447
CANDIDATE_FIRST_30M,2025-02,BNBUSDT,0.0006,25,0.001786408241150822,0.0009300814003305075,0.0014488147047308103,0.0014506773954729392,0.52,1.6535628378628118,3,-0.00990313649554404,0.014031339678676447
CANDIDATE_FIRST_30M,2025-02,BNBUSDT,0.0008,25,0.0015864082411508216,0.0007300814003305074,0.0012488147047308095,0.0012506773954729389,0.52,1.560699412538826,3,-0.010103136495544039,0.013831339678676446
CANDIDATE_FIRST_30M,2025-02,BTCUSDT,0.0004,32,-0.0008440487192458357,-0.001196164508706565,-0.0006972147622484133,-0.0005773066376005818,0.375,0.7452313145142628,4,-0.008236912941609041,0.009584865897110611
CANDIDATE_FIRST_30M,2025-02,BTCUSDT,0.0006,32,-0.0010440487192458353,-0.0013961645087065648,-0.0008972147622484141,-0.0007773066376005817,0.34375,0.696472392035697,4,-0.008436912941609042,0.00938486589711061
CANDIDATE_FIRST_30M,2025-02,BTCUSDT,0.0008,32,-0.0012440487192458354,-0.001596164508706565,-0.0010972147622484133,-0.000977306637600582,0.34375,0.6516212204230537,4,-0.008636912941609043,0.00918486589711061
CANDIDATE_FIRST_30M,2025-02,ETHUSDT,0.0004,19,-0.0023309457360164466,-0.003454001475237933,-0.002330945736016446,-0.002229294139557611,0.3157894736842105,0.536739756738072,7,-0.011194126886530186,0.009011802219676695
CANDIDATE_FIRST_30M,2025-02,ETHUSDT,0.0006,19,-0.002530945736016446,-0.003654001475237933,-0.0025309457360164467,-0.0024292941395576105,0.3157894736842105,0.5103089335469573,7,-0.011394126886530187,0.008811802219676696
CANDIDATE_FIRST_30M,2025-02,ETHUSDT,0.0008,19,-0.0027309457360164464,-0.003854001475237933,-0.002730945736016445,-0.002629294139557611,0.3157894736842105,0.48524159674327516,7,-0.011594126886530188,0.008611802219676695
CANDIDATE_FIRST_30M,2025-02,SOLUSDT,0.0004,30,-0.0018525790463669708,-0.0010649451455807975,-0.002167613360485071,-0.0022569299646826237,0.43333333333333335,0.6784543995038773,4,-0.017554101069673755,0.009615455943842572
CANDIDATE_FIRST_30M,2025-02,SOLUSDT,0.0006,30,-0.002052579046366971,-0.0012649451455807974,-0.002367613360485072,-0.0024569299646826233,0.4,0.6508948875455438,4,-0.017754101069673754,0.009415455943842571
CANDIDATE_FIRST_30M,2025-02,SOLUSDT,0.0008,30,-0.0022525790463669704,-0.0014649451455807975,-0.002567613360485071,-0.002656929964682623,0.4,0.6245416558434161,4,-0.017954101069673753,0.009215455943842571
CANDIDATE_FIRST_30M,2025-03,BNBUSDT,0.0004,15,-0.0024997035945234117,-0.002278196187819592,-0.0024997035945234125,-0.0024783704749837543,0.4666666666666667,0.44605246046030694,4,-0.016058290572333676,0.005532697884262338
CANDIDATE_FIRST_30M,2025-03,BNBUSDT,0.0006,15,-0.0026997035945234144,-0.0024781961878195917,-0.0026997035945234144,-0.002678370474983756,0.4666666666666667,0.41554665090241266,4,-0.01625829057233368,0.005332697884262339
CANDIDATE_FIRST_30M,2025-03,BNBUSDT,0.0008,15,-0.002899703594523414,-0.002678196187819592,-0.002899703594523412,-0.002878370474983756,0.4666666666666667,0.38641792502256045,4,-0.016458290572333677,0.005132697884262338
CANDIDATE_FIRST_30M,2025-03,BTCUSDT,0.0004,18,-0.002015393748242643,-0.0020750104012582813,-0.0020153937482426435,-0.0022967425018373916,0.3888888888888889,0.5689142603616156,6,-0.012159062719732069,0.007249367463208971
CANDIDATE_FIRST_30M,2025-03,BTCUSDT,0.0006,18,-0.0022153937482426427,-0.002275010401258281,-0.0022153937482426427,-0.002496742501837392,0.3888888888888889,0.538207551683386,6,-0.01235906271973207,0.007049367463208971
CANDIDATE_FIRST_30M,2025-03,BTCUSDT,0.0008,18,-0.002415393748242643,-0.002475010401258281,-0.0024153937482426424,-0.0026967425018373918,0.3888888888888889,0.5090265933320257,6,-0.012559062719732068,0.006849367463208971
CANDIDATE_FIRST_30M,2025-03,ETHUSDT,0.0004,21,-0.0020810216232737644,-0.0015805804197834168,-0.0028823779163281334,-0.0034975987039831515,0.2857142857142857,0.6548729589449906,6,-0.01242422685470128,0.009606521663372681
CANDIDATE_FIRST_30M,2025-03,ETHUSDT,0.0006,21,-0.002281021623273766,-0.0017805804197834167,-0.0030823779163281343,-0.0036975987039831533,0.2857142857142857,0.6304591723225065,6,-0.01262422685470128,0.00940652166337268
CANDIDATE_FIRST_30M,2025-03,ETHUSDT,0.0008,21,-0.0024810216232737663,-0.001980580419783417,-0.003282377916328133,-0.0038975987039831517,0.2857142857142857,0.6071498799036185,6,-0.012824226854701281,0.00920652166337268
CANDIDATE_FIRST_30M,2025-03,SOLUSDT,0.0004,13,0.005796517877911928,-0.001792854655616782,0.005796517877911928,0.004887646693613307,0.38461538461538464,1.6607527929943575,3,-0.03155492703820252,0.05590796585460356
CANDIDATE_FIRST_30M,2025-03,SOLUSDT,0.0006,13,0.005596517877911924,-0.001992854655616782,0.005596517877911924,0.004687646693613304,0.38461538461538464,1.6291280473600729,3,-0.03175492703820253,0.05570796585460355
CANDIDATE_FIRST_30M,2025-03,SOLUSDT,0.0008,13,0.005396517877911929,-0.002192854655616782,0.005396517877911927,0.004487646693613305,0.38461538461538464,1.5983664537325388,3,-0.031954927038202526,0.055507965854603554
CANDIDATE_FIRST_30M,2025-04,BNBUSDT,0.0004,18,-2.2360494280007365e-06,0.0005507489999858177,-2.2360494280007365e-06,8.987777189712701e-06,0.5555555555555556,0.9989678565537826,4,-0.005465238111458714,0.006400537906947502
CANDIDATE_FIRST_30M,2025-04,BNBUSDT,0.0006,18,-0.0002022360494280006,0.0003507489999858177,-0.0002022360494280006,-0.00019101222281028696,0.5,0.9103631928899852,4,-0.005665238111458713,0.006200537906947502
CANDIDATE_FIRST_30M,2025-04,BNBUSDT,0.0008,18,-0.0004022360494280011,0.0001507489999858176,-0.0004022360494280008,-0.0003910122228102873,0.5,0.8292840850149656,4,-0.005865238111458714,0.006000537906947502
CANDIDATE_FIRST_30M,2025-04,BTCUSDT,0.0004,26,-0.0007048252780183135,-0.0017647574949868235,-0.0007944452536788859,-0.0008134376279970683,0.34615384615384615,0.7912050324171696,6,-0.01007774248656994,0.009191108510883962
CANDIDATE_FIRST_30M,2025-04,BTCUSDT,0.0006,26,-0.0009048252780183134,-0.0019647574949868234,-0.0009944452536788859,-0.001013437627997068,0.34615384615384615,0.7419540765777474,6,-0.01027774248656994,0.008991108510883961
CANDIDATE_FIRST_30M,2025-04,BTCUSDT,0.0008,26,-0.0011048252780183135,-0.0021647574949868235,-0.0011944452536788864,-0.0012134376279970683,0.34615384615384615,0.6962445671967168,6,-0.01047774248656994,0.00879110851088396
CANDIDATE_FIRST_30M,2025-04,ETHUSDT,0.0004,26,0.0027723221969456497,-0.0012128297059245006,0.0018773484379951157,0.002165902603290885,0.46153846153846156,1.5701059861412243,5,-0.011685683440182991,0.02186607211918674
CANDIDATE_FIRST_30M,2025-04,ETHUSDT,0.0006,26,0.0025723221969456483,-0.0014128297059245003,0.0016773484379951156,0.001965902603290886,0.46153846153846156,1.5175166215159055,5,-0.011885683440182992,0.021666072119186742
CANDIDATE_FIRST_30M,2025-04,ETHUSDT,0.0008,26,0.002372322196945649,-0.0016128297059245004,0.0014773484379951157,0.0017659026032908855,0.46153846153846156,1.4671577582699706,5,-0.012085683440182992,0.021466072119186743
CANDIDATE_FIRST_30M,2025-04,SOLUSDT,0.0004,21,0.00307455875442421,0.0007439337864207478,0.0022372380050425167,0.002791047917561424,0.5238095238095238,1.527566086248713,5,-0.016171594953089664,0.017318715393133965
CANDIDATE_FIRST_30M,2025-04,SOLUSDT,0.0006,21,0.0028745587544242077,0.0005439337864207478,0.002037238005042517,0.002591047917561422,0.5238095238095238,1.4853168798405973,5,-0.016371594953089662,0.017118715393133966
CANDIDATE_FIRST_30M,2025-04,SOLUSDT,0.0008,21,0.002674558754424209,0.0003439337864207477,0.0018372380050425167,0.0023910479175614234,0.5238095238095238,1.4444048411736554,5,-0.01657159495308966,0.016918715393133967
CANDIDATE_FIRST_30M,2025-05,BNBUSDT,0.0004,26,-1.503204683946562e-05,0.0007046164070854792,-0.00010209963577189941,-0.00015820848810496737,0.5769230769230769,0.9935451950248051,2,-0.007460737093138424,0.007366322387470881
CANDIDATE_FIRST_30M,2025-05,BNBUSDT,0.0006,26,-0.00021503204683946542,0.0005046164070854792,-0.0003020996357718994,-0.0003582084881049673,0.5384615384615384,0.9110970717429299,3,-0.007660737093138425,0.007166322387470881
CANDIDATE_FIRST_30M,2025-05,BNBUSDT,0.0008,26,-0.00041503204683946554,0.0003046164070854791,-0.0005020996357718997,-0.0005582084881049676,0.5384615384615384,0.8347168204407619,3,-0.007860737093138425,0.0069663223874708805
CANDIDATE_FIRST_30M,2025-05,BTCUSDT,0.0004,30,-0.0008472161219620315,-0.00103910264216821,-0.0009002693606216173,-0.0009271879185149828,0.43333333333333335,0.5618165671756374,6,-0.006300966815616704,0.0037574506997523965
CANDIDATE_FIRST_30M,2025-05,BTCUSDT,0.0006,30,-0.0010472161219620315,-0.0012391026421682098,-0.0011002693606216177,-0.001127187918514983,0.4,0.4891341452256096,6,-0.006500966815616704,0.003557450699752397
CANDIDATE_FIRST_30M,2025-05,BTCUSDT,0.0008,30,-0.001247216121962032,-0.00143910264216821,-0.001300269360621618,-0.001327187918514983,0.3,0.42709283647276086,7,-0.006700966815616704,0.0033574506997523968
CANDIDATE_FIRST_30M,2025-05,ETHUSDT,0.0004,30,0.0017619015029884657,0.001523322362221702,0.0017825994350393094,0.0018058567353708903,0.5666666666666667,1.669230587983663,4,-0.0075454240995757255,0.011946767089120661
CANDIDATE_FIRST_30M,2025-05,ETHUSDT,0.0006,30,0.0015619015029884646,0.0013233223622217023,0.0015825994350393096,0.0016058567353708895,0.5333333333333333,1.5741531809114786,4,-0.007745424099575725,0.01174676708912066
CANDIDATE_FIRST_30M,2025-05,ETHUSDT,0.0008,30,0.001361901502988465,0.0011233223622217022,0.0013825994350393095,0.0014058567353708892,0.5333333333333333,1.4840268275136834,4,-0.007945424099575726,0.01154676708912066
CANDIDATE_FIRST_30M,2025-05,SOLUSDT,0.0004,20,0.0008840950288531768,-0.00010841702844559508,8.466309884778419e-05,0.0004927914852623683,0.5,1.3804652866602118,3,-0.007918185566127733,0.008157819774737186
CANDIDATE_FIRST_30M,2025-05,SOLUSDT,0.0006,20,0.0006840950288531773,-0.000308417028445595,-0.00011533690115221557,0.00029279148526236863,0.45,1.2821519680470772,3,-0.008118185566127733,0.007957819774737187
CANDIDATE_FIRST_30M,2025-05,SOLUSDT,0.0008,20,0.00048409502885317726,-0.0005084170284455951,-0.00031533690115221583,9.279148526236846e-05,0.45,1.1909974854327094,3,-0.008318185566127734,0.007757819774737186
CANDIDATE_FIRST_30M,2025-06,BNBUSDT,0.0004,14,0.00018359891309056595,0.0009732422732909422,0.00018359891309056598,0.00019620000773827644,0.5714285714285714,1.1342864655336524,2,-0.004620479212051098,0.0043664570781008615
CANDIDATE_FIRST_30M,2025-06,BNBUSDT,0.0006,14,-1.6401086909433732e-05,0.0007732422732909422,-1.6401086909433732e-05,-3.7999922617232605e-06,0.5714285714285714,0.9887117357865307,2,-0.004820479212051098,0.004166457078100862
CANDIDATE_FIRST_30M,2025-06,BNBUSDT,0.0008,14,-0.0002164010869094341,0.0005732422732909421,-0.000216401086909434,-0.0002037999922617236,0.5714285714285714,0.8593562363407873,2,-0.0050204792120510985,0.003966457078100861
CANDIDATE_FIRST_30M,2025-06,BTCUSDT,0.0004,22,0.0008318504676775521,0.0007641528729032791,0.0007781995521047248,0.0007181999595494675,0.5909090909090909,1.6242437435541182,5,-0.005682061098977687,0.006114815484045334
CANDIDATE_FIRST_30M,2025-06,BTCUSDT,0.0006,22,0.0006318504676775524,0.0005641528729032791,0.0005781995521047252,0.0005181999595494678,0.5454545454545454,1.4466361689148846,5,-0.005882061098977686,0.0059148154840453345
CANDIDATE_FIRST_30M,2025-06,BTCUSDT,0.0008,22,0.00043185046767755213,0.00036415287290327903,0.00037819955210472486,0.0003181999595494674,0.5454545454545454,1.286830189846147,5,-0.006082061098977687,0.005714815484045334
CANDIDATE_FIRST_30M,2025-06,ETHUSDT,0.0004,19,0.0013251497051148253,0.00018558294782451446,0.0013251497051148247,0.0021125639679604492,0.5263157894736842,1.4468607576498962,2,-0.00615395587511871,0.01364599031193725
CANDIDATE_FIRST_30M,2025-06,ETHUSDT,0.0006,19,0.0011251497051148252,-1.441705217548547e-05,0.0011251497051148252,0.0019125639679604491,0.47368421052631576,1.3675806486966817,2,-0.00635395587511871,0.01344599031193725
CANDIDATE_FIRST_30M,2025-06,ETHUSDT,0.0008,19,0.0009251497051148248,-0.00021441705217548556,0.0009251497051148251,0.0017125639679604488,0.47368421052631576,1.2921934510146902,2,-0.00655395587511871,0.01324599031193725
CANDIDATE_FIRST_30M,2025-06,SOLUSDT,0.0004,17,0.004765299234250909,0.003904635761589459,0.0047652992342509075,0.0047474195966952255,0.7058823529411765,3.4328715005618107,2,-0.007910202562679313,0.017154551160715226
CANDIDATE_FIRST_30M,2025-06,SOLUSDT,0.0006,17,0.004565299234250909,0.0037046357615894594,0.004565299234250909,0.004547419596695225,0.7058823529411765,3.2628076977176614,2,-0.008110202562679313,0.016954551160715228
CANDIDATE_FIRST_30M,2025-06,SOLUSDT,0.0008,17,0.004365299234250908,0.0035046357615894593,0.004365299234250909,0.004347419596695225,0.7058823529411765,3.1023797465280887,2,-0.008310202562679314,0.01675455116071523
CANDIDATE_FIRST_30M,2025-07,BNBUSDT,0.0004,29,0.001281082228313933,0.0007032808815214512,0.0010646603187145635,0.0011538500777352775,0.5517241379310345,2.236579733639397,5,-0.0029203020635006458,0.006486121413488409
CANDIDATE_FIRST_30M,2025-07,BNBUSDT,0.0006,29,0.0010810822283139334,0.0005032808815214513,0.0008646603187145635,0.000953850077735278,0.5172413793103449,1.959824065345246,8,-0.0031203020635006454,0.00628612141348841
CANDIDATE_FIRST_30M,2025-07,BNBUSDT,0.0008,29,0.0008810822283139331,0.00030328088152145117,0.0006646603187145633,0.0007538500777352777,0.5172413793103449,1.7204944819970978,8,-0.0033203020635006455,0.006086121413488409
CANDIDATE_FIRST_30M,2025-07,BTCUSDT,0.0004,21,-0.0004159154785629129,-0.0005141511469043843,-0.0003400103263856223,-0.000379679461499735,0.47619047619047616,0.6953534271232463,3,-0.004553112666993586,0.003035876609641841
CANDIDATE_FIRST_30M,2025-07,BTCUSDT,0.0006,21,-0.0006159154785629126,-0.0007141511469043843,-0.000540010326385622,-0.0005796794614997347,0.47619047619047616,0.5810102262794369,3,-0.004753112666993586,0.0028358766096418415
CANDIDATE_FIRST_30M,2025-07,BTCUSDT,0.0008,21,-0.0008159154785629129,-0.0009141511469043844,-0.0007400103263856222,-0.0007796794614997349,0.42857142857142855,0.48497782983301846,3,-0.004953112666993586,0.0026358766096418415
CANDIDATE_FIRST_30M,2025-07,ETHUSDT,0.0004,28,-0.0004520843189924114,-0.0010431794774991452,-0.0015016028385473517,-0.0015614102765628634,0.5,0.8638234279100871,4,-0.009799255039329378,0.005763349385382122
CANDIDATE_FIRST_30M,2025-07,ETHUSDT,0.0006,28,-0.000652084318992412,-0.001243179477499145,-0.001701602838547352,-0.001761410276562864,0.42857142857142855,0.8095283053259353,4,-0.009999255039329379,0.0055633493853821225
CANDIDATE_FIRST_30M,2025-07,ETHUSDT,0.0008,28,-0.0008520843189924118,-0.001443179477499145,-0.0019016028385473518,-0.001961410276562864,0.42857142857142855,0.7591491592117952,4,-0.010199255039329379,0.005363349385382122
CANDIDATE_FIRST_30M,2025-07,SOLUSDT,0.0004,15,0.0001282022119004635,-0.0012597959417632195,0.00012820221190046322,-0.0002336175646036687,0.4,1.0696612185397976,6,-0.00505004370420552,0.004112289256855073
CANDIDATE_FIRST_30M,2025-07,SOLUSDT,0.0006,15,-7.179778809953616e-05,-0.0014597959417632193,-7.179778809953616e-05,-0.0004336175646036686,0.4,0.9633753343463684,6,-0.00525004370420552,0.003912289256855073
CANDIDATE_FIRST_30M,2025-07,SOLUSDT,0.0008,15,-0.0002717977880995366,-0.0016597959417632194,-0.000271797788099536,-0.000633617564603669,0.4,0.8693510422091602,6,-0.00545004370420552,0.0037122892568550725
CANDIDATE_FIRST_30M,2025-08,BNBUSDT,0.0004,16,-0.0018837937792638448,-0.0018836733313203234,-0.0018837937792638446,-0.0020098781983239216,0.4375,0.5029966833185151,4,-0.009375025227029864,0.006953827639814959
CANDIDATE_FIRST_30M,2025-08,BNBUSDT,0.0006,16,-0.002083793779263845,-0.002083673331320323,-0.002083793779263845,-0.0022098781983239217,0.375,0.4675309537700661,5,-0.009575025227029865,0.006753827639814958
CANDIDATE_FIRST_30M,2025-08,BNBUSDT,0.0008,16,-0.0022837937792638454,-0.002283673331320323,-0.0022837937792638454,-0.0024098781983239222,0.375,0.4344882774789494,5,-0.009775025227029865,0.006553827639814958
CANDIDATE_FIRST_30M,2025-08,BTCUSDT,0.0004,20,0.0013964012799843441,-0.00033110364060761027,0.0005508002304423919,0.0006389406812960057,0.45,1.7731714134849448,3,-0.005230587569626732,0.007088897452583321
CANDIDATE_FIRST_30M,2025-08,BTCUSDT,0.0006,20,0.0011964012799843445,-0.0005311036406076103,0.0003508002304423923,0.00043894068129600607,0.4,1.6230288316853563,3,-0.005430587569626732,0.006888897452583321
CANDIDATE_FIRST_30M,2025-08,BTCUSDT,0.0008,20,0.000996401279984344,-0.0007311036406076103,0.00015080023044239176,0.00023894068129600563,0.4,1.4883605609314352,3,-0.005630587569626732,0.006688897452583321
CANDIDATE_FIRST_30M,2025-08,ETHUSDT,0.0004,21,0.0019600829962815648,-0.0011921601696756486,-0.0008232735031464442,-0.0007886419154990063,0.47619047619047616,1.6475757891619844,5,-0.008823282686691013,0.007540696733811592
CANDIDATE_FIRST_30M,2025-08,ETHUSDT,0.0006,21,0.0017600829962815634,-0.0013921601696756485,-0.0010232735031464445,-0.0009886419154990062,0.47619047619047616,1.5620462028529984,5,-0.009023282686691014,0.007340696733811592
CANDIDATE_FIRST_30M,2025-08,ETHUSDT,0.0008,21,0.0015600829962815635,-0.0015921601696756485,-0.001223273503146445,-0.0011886419154990065,0.47619047619047616,1.4820539115413078,5,-0.009223282686691014,0.0071406967338115915
CANDIDATE_FIRST_30M,2025-08,SOLUSDT,0.0004,17,0.001198023311205066,-0.0024097472742802715,0.0011980233112050657,-9.928074382721382e-05,0.4117647058823529,1.2713107012261733,4,-0.01081173658762462,0.011425048356754224
CANDIDATE_FIRST_30M,2025-08,SOLUSDT,0.0006,17,0.0009980233112050654,-0.002609747274280271,0.0009980233112050656,-0.0002992807438272135,0.4117647058823529,1.2201521344738993,4,-0.01101173658762462,0.011225048356754223
CANDIDATE_FIRST_30M,2025-08,SOLUSDT,0.0008,17,0.0007980233112050653,-0.0028097472742802713,0.0007980233112050657,-0.0004992807438272137,0.4117647058823529,1.171581690066509,4,-0.01121173658762462,0.011025048356754222
CANDIDATE_FIRST_30M,2025-09,BNBUSDT,0.0004,22,0.001268625019379714,0.0001214149879042562,0.0008949135874600168,0.0010653051152559397,0.5,1.9690467888974021,2,-0.004146519838436313,0.008648677653320473
CANDIDATE_FIRST_30M,2025-09,BNBUSDT,0.0006,22,0.0010686250193797145,-7.858501209574373e-05,0.0006949135874600172,0.0008653051152559403,0.5,1.7583486795473526,2,-0.004346519838436313,0.008448677653320472
CANDIDATE_FIRST_30M,2025-09,BNBUSDT,0.0008,22,0.0008686250193797143,-0.0002785850120957438,0.000494913587460017,0.0006653051152559399,0.5,1.5755733719970033,2,-0.004546519838436313,0.008248677653320472
CANDIDATE_FIRST_30M,2025-09,BTCUSDT,0.0004,22,-0.0009664236773918327,-0.0011039427632709038,-0.0011679825221860172,-0.001155775012589927,0.4090909090909091,0.5389505739867037,5,-0.00532878609752383,0.0028958227744661845
CANDIDATE_FIRST_30M,2025-09,BTCUSDT,0.0006,22,-0.001166423677391832,-0.0013039427632709037,-0.0013679825221860173,-0.0013557750125899274,0.4090909090909091,0.47323636485438014,5,-0.005528786097523829,0.002695822774466185
CANDIDATE_FIRST_30M,2025-09,BTCUSDT,0.0008,22,-0.0013664236773918326,-0.0015039427632709038,-0.0015679825221860178,-0.001555775012589928,0.4090909090909091,0.4141812905359482,5,-0.00572878609752383,0.0024958227744661847
CANDIDATE_FIRST_30M,2025-09,ETHUSDT,0.0004,17,-0.0011738698611161937,-0.0006059597043233552,-0.0011738698611161932,-0.0013336660760431714,0.4117647058823529,0.6281392123330998,5,-0.008991408175032854,0.0058178915944667965
CANDIDATE_FIRST_30M,2025-09,ETHUSDT,0.0006,17,-0.0013738698611161935,-0.0008059597043233551,-0.0013738698611161935,-0.0015336660760431713,0.4117647058823529,0.580419926961051,5,-0.009191408175032854,0.005617891594466797
CANDIDATE_FIRST_30M,2025-09,ETHUSDT,0.0008,17,-0.001573869861116194,-0.0010059597043233551,-0.001573869861116194,-0.0017336660760431718,0.4117647058823529,0.5360107642509145,5,-0.009391408175032855,0.005417891594466796
CANDIDATE_FIRST_30M,2025-09,SOLUSDT,0.0004,16,-0.0012283578359745478,-0.0009135566246277646,-0.0012283578359745476,-0.0011368457666460655,0.5,0.6976685574601471,3,-0.010973961259619901,0.008151322942590312
CANDIDATE_FIRST_30M,2025-09,SOLUSDT,0.0006,16,-0.0014283578359745482,-0.0011135566246277644,-0.0014283578359745482,-0.0013368457666460658,0.5,0.6568881457144438,3,-0.011173961259619902,0.007951322942590312
CANDIDATE_FIRST_30M,2025-09,SOLUSDT,0.0008,16,-0.0016283578359745485,-0.0013135566246277645,-0.0016283578359745487,-0.0015368457666460663,0.4375,0.6189950022531687,3,-0.011373961259619902,0.007751322942590311
CANDIDATE_FIRST_30M,2025-10,BNBUSDT,0.0004,24,0.0011506042048031948,-0.0017654644601696077,0.0007097040069389897,0.0009710204764210549,0.4166666666666667,1.3973868999653665,5,-0.007104105255367898,0.013368382320705119
CANDIDATE_FIRST_30M,2025-10,BNBUSDT,0.0006,24,0.0009506042048031948,-0.0019654644601696074,0.0005097040069389887,0.0007710204764210549,0.4166666666666667,1.3155959776202577,5,-0.007304105255367898,0.013168382320705118
CANDIDATE_FIRST_30M,2025-10,BNBUSDT,0.0008,24,0.0007506042048031947,-0.0021654644601696075,0.00030970400693898845,0.0005710204764210543,0.4166666666666667,1.2399047737035178,5,-0.007504105255367898,0.012968382320705117
CANDIDATE_FIRST_30M,2025-10,BTCUSDT,0.0004,27,1.985817787816431e-05,-0.00020223023443315357,0.0007015177830889435,0.0007688364152188814,0.48148148148148145,1.0069897969314872,4,-0.006830789159567052,0.008826695543742205
CANDIDATE_FIRST_30M,2025-10,BTCUSDT,0.0006,27,-0.00018014182212183592,-0.0004022302344331535,0.0005015177830889435,0.0005688364152188816,0.48148148148148145,0.9388256347793882,4,-0.007030789159567051,0.008626695543742204
CANDIDATE_FIRST_30M,2025-10,BTCUSDT,0.0008,27,-0.0003801418221218359,-0.0006022302344331536,0.0003015177830889431,0.000368836415218881,0.48148148148148145,0.875299186987276,4,-0.007230789159567052,0.008426695543742204
CANDIDATE_FIRST_30M,2025-10,ETHUSDT,0.0004,29,-0.001164160359301613,-0.002406062276109222,-0.0008888581516250305,-0.0006411676599791254,0.4482758620689655,0.8039980754841394,5,-0.013911354899095717,0.011440017993963273
CANDIDATE_FIRST_30M,2025-10,ETHUSDT,0.0006,29,-0.0013641603593016142,-0.0026060622761092216,-0.0010888581516250312,-0.0008411676599791254,0.41379310344827586,0.77470395681181,5,-0.014111354899095716,0.011240017993963274
CANDIDATE_FIRST_30M,2025-10,ETHUSDT,0.0008,29,-0.0015641603593016143,-0.0028060622761092217,-0.0012888581516250304,-0.0010411676599791253,0.41379310344827586,0.7465801575251012,5,-0.014311354899095716,0.011040017993963274
CANDIDATE_FIRST_30M,2025-10,SOLUSDT,0.0004,14,0.001202709395021323,-0.007266798381930549,0.0012027093950213214,-0.0024260632462180846,0.2857142857142857,1.1738992079258979,6,-0.013264261244085572,0.008651443962404207
CANDIDATE_FIRST_30M,2025-10,SOLUSDT,0.0006,14,0.0010027093950213193,-0.00746679838193055,0.0010027093950213198,-0.0026260632462180855,0.2857142857142857,1.1420472206700616,6,-0.013464261244085573,0.008451443962404206
CANDIDATE_FIRST_30M,2025-10,SOLUSDT,0.0008,14,0.0008027093950213219,-0.00766679838193055,0.0008027093950213239,-0.0028260632462180856,0.2857142857142857,1.1114588776141368,6,-0.013664261244085573,0.008251443962404206
CANDIDATE_FIRST_30M,2025-11,BNBUSDT,0.0004,28,0.0010525471399056492,0.0004851484907933527,0.0007922672602404779,0.0009186167906396544,0.5357142857142857,1.4881275493932586,4,-0.008027319861262637,0.011421779488449784
CANDIDATE_FIRST_30M,2025-11,BNBUSDT,0.0006,28,0.0008525471399056492,0.0002851484907933527,0.0005922672602404779,0.0007186167906396545,0.5357142857142857,1.3790526262989085,4,-0.008227319861262638,0.011221779488449784
CANDIDATE_FIRST_30M,2025-11,BNBUSDT,0.0008,28,0.0006525471399056489,8.514849079335263e-05,0.0003922672602404775,0.0005186167906396542,0.5,1.2784901594783942,4,-0.008427319861262638,0.011021779488449783
CANDIDATE_FIRST_30M,2025-11,BTCUSDT,0.0004,20,0.0020270715996520143,0.0010183725844649775,0.0016613657534034264,0.0018265157630503331,0.6,2.2396317725886177,3,-0.004489634710871226,0.011447949991358434
CANDIDATE_FIRST_30M,2025-11,BTCUSDT,0.0006,20,0.0018270715996520144,0.0008183725844649775,0.0014613657534034265,0.0016265157630503332,0.6,2.065210759188836,3,-0.004689634710871225,0.011247949991358433
CANDIDATE_FIRST_30M,2025-11,BTCUSDT,0.0008,20,0.0016270715996520141,0.0006183725844649775,0.001261365753403426,0.0014265157630503331,0.6,1.906335110953425,3,-0.004889634710871226,0.011047949991358432
CANDIDATE_FIRST_30M,2025-11,ETHUSDT,0.0004,28,0.000574745583353805,-0.0012707915883247041,-0.00029504110411510245,-0.0002466199393665799,0.35714285714285715,1.1876784411496544,4,-0.008927300386756175,0.011173176443039457
CANDIDATE_FIRST_30M,2025-11,ETHUSDT,0.0006,28,0.0003747455833538047,-0.001470791588324704,-0.0004950411041151025,-0.0004466199393665801,0.35714285714285715,1.1174395130641255,4,-0.009127300386756175,0.010973176443039457
CANDIDATE_FIRST_30M,2025-11,ETHUSDT,0.0008,28,0.00017474558335380447,-0.001670791588324704,-0.0006950411041151029,-0.0006466199393665805,0.35714285714285715,1.0526415341663813,4,-0.009327300386756176,0.010773176443039456
CANDIDATE_FIRST_30M,2025-11,SOLUSDT,0.0004,29,1.8745136185545755e-05,-0.0002740078115158081,-0.000526986259665151,-0.0004898245214473883,0.4827586206896552,1.0052705966577307,6,-0.013785996910481723,0.013304699697946943
CANDIDATE_FIRST_30M,2025-11,SOLUSDT,0.0006,29,-0.0001812548638144543,-0.00047400781151580803,-0.0007269862596651514,-0.0006898245214473884,0.4482758620689655,0.9505296716950405,6,-0.013985996910481724,0.013104699697946942
CANDIDATE_FIRST_30M,2025-11,SOLUSDT,0.0008,29,-0.00038125486381445457,-0.0006740078115158081,-0.0009269862596651511,-0.000889824521447389,0.4482758620689655,0.8989854121228655,6,-0.014185996910481724,0.012904699697946942
CANDIDATE_FIRST_30M,2025-12,BNBUSDT,0.0004,24,-0.0016556087961760609,-0.0022276737945359113,-0.0016692577388334165,-0.0015674935466500573,0.375,0.417322060095323,4,-0.006330808138514454,0.004709584172703373
CANDIDATE_FIRST_30M,2025-12,BNBUSDT,0.0006,24,-0.0018556087961760608,-0.002427673794535911,-0.0018692577388334179,-0.0017674935466500572,0.375,0.37445320808077726,4,-0.006530808138514453,0.004509584172703373
CANDIDATE_FIRST_30M,2025-12,BNBUSDT,0.0008,24,-0.0020556087961760613,-0.002627673794535911,-0.0020692577388334178,-0.0019674935466500575,0.3333333333333333,0.3361066902705868,4,-0.006730808138514454,0.004309584172703372
CANDIDATE_FIRST_30M,2025-12,BTCUSDT,0.0004,29,-0.0012945648510882706,-0.001831392543821075,-0.0012908329503271807,-0.0012285716266507703,0.41379310344827586,0.6028229460324601,4,-0.007963436667680046,0.006980453519129748
CANDIDATE_FIRST_30M,2025-12,BTCUSDT,0.0006,29,-0.0014945648510882707,-0.002031392543821075,-0.0014908329503271812,-0.0014285716266507701,0.3793103448275862,0.5576451170146892,5,-0.008163436667680046,0.006780453519129748
CANDIDATE_FIRST_30M,2025-12,BTCUSDT,0.0008,29,-0.0016945648510882712,-0.002231392543821075,-0.0016908329503271808,-0.0016285716266507707,0.3793103448275862,0.5162247551760165,5,-0.008363436667680047,0.006580453519129748
CANDIDATE_FIRST_30M,2025-12,ETHUSDT,0.0004,39,-0.0014061273275149163,-0.0023399704815122878,-0.001565481252705451,-0.0016416413627929072,0.28205128205128205,0.6977413449140027,8,-0.012486703325046665,0.014606523007170495
CANDIDATE_FIRST_30M,2025-12,ETHUSDT,0.0006,39,-0.0016061273275149164,-0.0025399704815122874,-0.001765481252705451,-0.0018416413627929075,0.28205128205128205,0.6650870525358291,8,-0.012686703325046665,0.014406523007170494
CANDIDATE_FIRST_30M,2025-12,ETHUSDT,0.0008,39,-0.001806127327514916,-0.0027399704815122875,-0.0019654812527054497,-0.002041641362792907,0.28205128205128205,0.6343313582818947,8,-0.012886703325046666,0.014206523007170494
CANDIDATE_FIRST_30M,2025-12,SOLUSDT,0.0004,32,-0.0010657424186238337,-0.0031718448117737273,-0.0016933101725127473,-0.0016262255328603234,0.3125,0.7723947433734337,7,-0.010092459791509677,0.011505984228848411
CANDIDATE_FIRST_30M,2025-12,SOLUSDT,0.0006,32,-0.0012657424186238338,-0.003371844811773727,-0.0018933101725127485,-0.0018262255328603235,0.28125,0.737494014835394,9,-0.010292459791509678,0.01130598422884841
CANDIDATE_FIRST_30M,2025-12,SOLUSDT,0.0008,32,-0.0014657424186238345,-0.0035718448117737275,-0.002093310172512747,-0.0020262255328603236,0.28125,0.7048156856235711,9,-0.010492459791509678,0.01110598422884841
CANDIDATE_FIRST_30M,2026-01,BNBUSDT,0.0004,34,-0.0012236709749636019,-0.0007617079078138685,-0.0011730697689411828,-0.00123930299115132,0.4117647058823529,0.5665852338794711,4,-0.008022688290944633,0.006670908789444052
CANDIDATE_FIRST_30M,2026-01,BNBUSDT,0.0006,34,-0.001423670974963602,-0.0009617079078138684,-0.0013730697689411826,-0.0014393029911513196,0.38235294117647056,0.5167167465285354,4,-0.008222688290944634,0.006470908789444053
CANDIDATE_FIRST_30M,2026-01,BNBUSDT,0.0008,34,-0.0016236709749636023,-0.0011617079078138685,-0.001573069768941183,-0.0016393029911513201,0.35294117647058826,0.47142892725466246,4,-0.008422688290944634,0.006270908789444052
CANDIDATE_FIRST_30M,2026-01,BTCUSDT,0.0004,31,-0.0005472809389036793,-0.0010337722667583145,-0.0006598904106808475,-0.0007021168157394931,0.45161290322580644,0.7926605458415737,7,-0.0067328155490079976,0.007383827558281775
CANDIDATE_FIRST_30M,2026-01,BTCUSDT,0.0006,31,-0.0007472809389036793,-0.0012337722667583144,-0.000859890410680848,-0.0009021168157394929,0.45161290322580644,0.7281841992437755,7,-0.006932815549007997,0.007183827558281775
CANDIDATE_FIRST_30M,2026-01,BTCUSDT,0.0008,31,-0.0009472809389036794,-0.0014337722667583145,-0.001059890410680848,-0.0011021168157394933,0.45161290322580644,0.6686549373351874,7,-0.007132815549007998,0.006983827558281775
CANDIDATE_FIRST_30M,2026-01,ETHUSDT,0.0004,41,-0.002145405932096302,-0.0033032014021107557,-0.0024560037148617193,-0.0024402872817055558,0.2926829268292683,0.5190311590961261,7,-0.010791029792746197,0.005809076540979907
CANDIDATE_FIRST_30M,2026-01,ETHUSDT,0.0006,41,-0.0023454059320963017,-0.0035032014021107553,-0.0026560037148617194,-0.0026402872817055554,0.2926829268292683,0.490356907371324,7,-0.010991029792746198,0.005609076540979908
CANDIDATE_FIRST_30M,2026-01,ETHUSDT,0.0008,41,-0.002545405932096302,-0.0037032014021107554,-0.002856003714861719,-0.0028402872817055564,0.2926829268292683,0.46339292914102065,7,-0.011191029792746198,0.005409076540979907
CANDIDATE_FIRST_30M,2026-01,SOLUSDT,0.0004,37,-0.0007502449164071852,-0.0022699654775603538,-0.0009764765705862436,-0.0009329700356994655,0.40540540540540543,0.7748351058362438,3,-0.00845045137177025,0.008595199551285043
CANDIDATE_FIRST_30M,2026-01,SOLUSDT,0.0006,37,-0.0009502449164071852,-0.0024699654775603534,-0.001176476570586244,-0.0011329700356994656,0.32432432432432434,0.7250977318342335,6,-0.00865045137177025,0.008395199551285044
CANDIDATE_FIRST_30M,2026-01,SOLUSDT,0.0008,37,-0.001150244916407186,-0.0026699654775603535,-0.0013764765705862438,-0.0013329700356994661,0.32432432432432434,0.6797580524118626,6,-0.00885045137177025,0.008195199551285044
CANDIDATE_FIRST_30M,2026-02,BNBUSDT,0.0004,27,-0.0011234978494675692,-0.0007467221422094324,-0.002510659244999695,-0.00252910656684232,0.48148148148148145,0.7632667369476542,7,-0.012661900300821236,0.006142552146009141
CANDIDATE_FIRST_30M,2026-02,BNBUSDT,0.0006,27,-0.0013234978494675689,-0.0009467221422094324,-0.0027106592449996953,-0.0027291065668423203,0.48148148148148145,0.7270880887161721,7,-0.012861900300821238,0.0059425521460091425
CANDIDATE_FIRST_30M,2026-02,BNBUSDT,0.0008,27,-0.0015234978494675694,-0.0011467221422094324,-0.002910659244999695,-0.00292910656684232,0.48148148148148145,0.69242435003585,7,-0.013061900300821237,0.005742552146009142
CANDIDATE_FIRST_30M,2026-02,BTCUSDT,0.0004,28,-0.00033533694317691714,-0.00032116643834272335,-0.0015006190980024813,-0.0016483136221610093,0.4642857142857143,0.9119547498062754,3,-0.014793040512927435,0.006320197796276974
CANDIDATE_FIRST_30M,2026-02,BTCUSDT,0.0006,28,-0.0005353369431769176,-0.0005211664383427233,-0.0017006190980024816,-0.0018483136221610099,0.4642857142857143,0.8632890753380771,3,-0.014993040512927436,0.006120197796276974
CANDIDATE_FIRST_30M,2026-02,BTCUSDT,0.0008,28,-0.0007353369431769178,-0.0007211664383427234,-0.0019006190980024814,-0.00204831362216101,0.42857142857142855,0.8172765806204662,4,-0.015193040512927436,0.0059201977962769735
CANDIDATE_FIRST_30M,2026-02,ETHUSDT,0.0004,33,0.0011882532935633295,0.0028616873375350684,0.0008232558056830689,0.0006528171211576002,0.6060606060606061,1.3223797680827825,4,-0.01395898591857052,0.01127001296480703
CANDIDATE_FIRST_30M,2026-02,ETHUSDT,0.0006,33,0.0009882532935633294,0.0026616873375350687,0.0006232558056830687,0.0004528171211576006,0.6060606060606061,1.2625073977300656,4,-0.01415898591857052,0.01107001296480703
CANDIDATE_FIRST_30M,2026-02,ETHUSDT,0.0008,33,0.0007882532935633291,0.0024616873375350686,0.0004232558056830684,0.0002528171211576004,0.6060606060606061,1.2050897019043367,4,-0.014358985918570521,0.01087001296480703
CANDIDATE_FIRST_30M,2026-02,SOLUSDT,0.0004,35,-0.000769922072403352,-0.001559689203293568,-0.0026297929676721613,-0.0025713719024321184,0.4,0.8420182690915697,8,-0.013524639819275784,0.0049537998566240755
CANDIDATE_FIRST_30M,2026-02,SOLUSDT,0.0006,35,-0.000969922072403352,-0.0017596892032935678,-0.002829792967672161,-0.002771371902432119,0.4,0.8057626113841975,8,-0.013724639819275785,0.004753799856624076
CANDIDATE_FIRST_30M,2026-02,SOLUSDT,0.0008,35,-0.001169922072403352,-0.001959689203293568,-0.0030297929676721606,-0.0029713719024321177,0.37142857142857144,0.7713342164505979,8,-0.013924639819275785,0.004553799856624075
CANDIDATE_FIRST_30M,2026-03,BNBUSDT,0.0004,21,-7.933613297607782e-05,-0.0009352537589410344,-0.0006567887980268485,-0.00048778575802775067,0.42857142857142855,0.968832411261281,5,-0.006937546056278321,0.006864445774320061
CANDIDATE_FIRST_30M,2026-03,BNBUSDT,0.0006,21,-0.00027933613297607745,-0.0011352537589410343,-0.0008567887980268483,-0.0006877857580277505,0.38095238095238093,0.8949954885897617,7,-0.00713754605627832,0.006664445774320061
CANDIDATE_FIRST_30M,2026-03,BNBUSDT,0.0008,21,-0.0004793361329760778,-0.0013352537589410344,-0.001056788798026849,-0.0008877857580277511,0.38095238095238093,0.8278270983340452,7,-0.007337546056278321,0.00646444577432006
CANDIDATE_FIRST_30M,2026-03,BTCUSDT,0.0004,25,-0.0004917273793398053,-0.00020283212503007208,-0.0006607720589142959,-0.0005600208369178545,0.48,0.8523043675574927,3,-0.010957538874618455,0.008608781856730155
CANDIDATE_FIRST_30M,2026-03,BTCUSDT,0.0006,25,-0.0006917273793398053,-0.000402832125030072,-0.0008607720589142978,-0.0007600208369178546,0.48,0.7985257624872343,3,-0.011157538874618456,0.008408781856730154
CANDIDATE_FIRST_30M,2026-03,BTCUSDT,0.0008,25,-0.0008917273793398056,-0.0006028321250300721,-0.0010607720589142972,-0.0009600208369178552,0.44,0.7480021673475311,3,-0.011357538874618456,0.008208781856730154
CANDIDATE_FIRST_30M,2026-03,ETHUSDT,0.0004,34,0.0007983540013598366,-0.002813640294953168,0.0005025854286517782,0.0006076347836126879,0.35294117647058826,1.2271685137198207,5,-0.00956281951533908,0.016062686507541547
CANDIDATE_FIRST_30M,2026-03,ETHUSDT,0.0006,34,0.0005983540013598369,-0.0030136402949531675,0.0003025854286517783,0.0004076347836126884,0.35294117647058826,1.1642124008790806,5,-0.009762819515339081,0.015862686507541548
CANDIDATE_FIRST_30M,2026-03,ETHUSDT,0.0008,34,0.00039835400135983636,-0.0032136402949531676,0.00010258542865177801,0.00020763478361268776,0.35294117647058826,1.1055747856596279,5,-0.009962819515339082,0.015662686507541546
CANDIDATE_FIRST_30M,2026-03,SOLUSDT,0.0004,25,-0.0038415301496023875,-0.005390019960079861,-0.004350129661518205,-0.004146255733012059,0.28,0.3718439647207904,4,-0.014017190069851557,0.00685713568830245
CANDIDATE_FIRST_30M,2026-03,SOLUSDT,0.0006,25,-0.004041530149602387,-0.005590019960079861,-0.0045501296615182004,-0.004346255733012059,0.28,0.35434346737444294,4,-0.014217190069851558,0.0066571356883024495
CANDIDATE_FIRST_30M,2026-03,SOLUSDT,0.0008,25,-0.004241530149602387,-0.0057900199600798615,-0.0047501296615182,-0.004546255733012059,0.28,0.33763005376588,4,-0.014417190069851558,0.006457135688302449
CANDIDATE_FIRST_30M,2026-04,BNBUSDT,0.0004,20,-0.0003094847564103328,0.0002521546773570197,-0.0003871911590798088,-0.0005456233434625067,0.55,0.7969514370176242,3,-0.004519386565664051,0.0027080743336188834
CANDIDATE_FIRST_30M,2026-04,BNBUSDT,0.0006,20,-0.0005094847564103326,5.215467735701976e-05,-0.0005871911590798084,-0.0007456233434625064,0.5,0.6846361779673872,5,-0.004719386565664051,0.0025080743336188837
CANDIDATE_FIRST_30M,2026-04,BNBUSDT,0.0008,20,-0.0007094847564103329,-0.00014784532264298033,-0.0007871911590798086,-0.0009456233434625065,0.4,0.5878387004420697,6,-0.004919386565664052,0.0023080743336188836
CANDIDATE_FIRST_30M,2026-04,BTCUSDT,0.0004,19,-0.00022454498804724563,-0.0008590437661989854,-0.0002245449880472454,-0.00016091690069588825,0.42105263157894735,0.9064885207896548,2,-0.007458399298189721,0.007815273242635446
CANDIDATE_FIRST_30M,2026-04,BTCUSDT,0.0006,19,-0.0004245449880472455,-0.0010590437661989853,-0.0004245449880472455,-0.00036091690069588807,0.42105263157894735,0.8313320061206426,2,-0.007658399298189721,0.007615273242635445
CANDIDATE_FIRST_30M,2026-04,BTCUSDT,0.0008,19,-0.000624544988047246,-0.0012590437661989854,-0.0006245449880472462,-0.0005609169006958886,0.42105263157894735,0.7627861099616347,2,-0.007858399298189721,0.007415273242635445
CANDIDATE_FIRST_30M,2026-04,ETHUSDT,0.0004,24,0.00018290166990168658,-0.0005257576464833709,-3.312896727712851e-05,0.0002559471884915167,0.375,1.0602482556618664,5,-0.008566406256281222,0.010672148221401164
CANDIDATE_FIRST_30M,2026-04,ETHUSDT,0.0006,24,-1.709833009831338e-05,-0.0007257576464833709,-0.00023312896727712966,5.5947188491516725e-05,0.375,0.9945905059735239,5,-0.008766406256281223,0.010472148221401165
CANDIDATE_FIRST_30M,2026-04,ETHUSDT,0.0008,24,-0.00021709833009831334,-0.0009257576464833709,-0.0004331289672771299,-0.00014405281150848322,0.3333333333333333,0.9340033646837426,5,-0.008966406256281223,0.010272148221401163
CANDIDATE_FIRST_30M,2026-04,SOLUSDT,0.0004,19,-0.0027050859512331264,-0.0045906130268198895,-0.0027050859512331264,-0.0024824803370245892,0.42105263157894735,0.4809205293017572,2,-0.012489984274500564,0.010765848741489493
CANDIDATE_FIRST_30M,2026-04,SOLUSDT,0.0006,19,-0.002905085951233127,-0.004790613026819889,-0.002905085951233127,-0.002682480337024589,0.3684210526315789,0.4548762679159153,4,-0.012689984274500564,0.010565848741489492
CANDIDATE_FIRST_30M,2026-04,SOLUSDT,0.0008,19,-0.0031050859512331266,-0.00499061302681989,-0.0031050859512331257,-0.0028824803370245894,0.3157894736842105,0.4311979055096504,4,-0.012889984274500565,0.010365848741489492
CANDIDATE_FIRST_30M,2026-05,BNBUSDT,0.0004,32,0.0006802106937481818,0.001396695896340017,0.0011532297233624667,0.0011134169354597959,0.65625,1.3275847479020173,3,-0.0029961330943658934,0.006775401754565525
CANDIDATE_FIRST_30M,2026-05,BNBUSDT,0.0006,32,0.0004802106937481822,0.0011966958963400172,0.0009532297233624668,0.0009134169354597958,0.625,1.223786434943865,3,-0.003196133094365893,0.006575401754565526
CANDIDATE_FIRST_30M,2026-05,BNBUSDT,0.0008,32,0.0002802106937481821,0.000996695896340017,0.0007532297233624666,0.0007134169354597959,0.59375,1.1259065604842677,3,-0.003396133094365893,0.006375401754565526
CANDIDATE_FIRST_30M,2026-05,BTCUSDT,0.0004,30,4.179839609799203e-05,-0.0009537917003005099,-3.805782674233792e-05,1.0258383769395339e-05,0.4,1.024861108080568,5,-0.005338527242597657,0.00569698651958155
CANDIDATE_FIRST_30M,2026-05,BTCUSDT,0.0006,30,-0.00015820160390200773,-0.0011537917003005098,-0.00023805782674233764,-0.0001897416162306045,0.4,0.9121725030495237,5,-0.005538527242597657,0.00549698651958155
CANDIDATE_FIRST_30M,2026-05,BTCUSDT,0.0008,30,-0.0003582016039020081,-0.0013537917003005099,-0.0004380578267423381,-0.0003897416162306046,0.4,0.813560615031107,5,-0.0057385272425976575,0.00529698651958155
CANDIDATE_FIRST_30M,2026-05,ETHUSDT,0.0004,21,-0.0007706915147774376,-0.0016992353322018868,-0.0011200968569471542,-0.001003852005283541,0.3333333333333333,0.6914284649743908,5,-0.004962062112299925,0.0030899830774173244
CANDIDATE_FIRST_30M,2026-05,ETHUSDT,0.0006,21,-0.0009706915147774371,-0.0018992353322018866,-0.0013200968569471543,-0.0012038520052835406,0.3333333333333333,0.6310481843656729,5,-0.005162062112299925,0.0028899830774173248
CANDIDATE_FIRST_30M,2026-05,ETHUSDT,0.0008,21,-0.0011706915147774372,-0.0020992353322018867,-0.0015200968569471548,-0.0014038520052835407,0.2857142857142857,0.5777411974603246,5,-0.005362062112299925,0.0026899830774173247
CANDIDATE_FIRST_30M,2026-05,SOLUSDT,0.0004,26,-0.00026318561655557627,-0.0005748256492361544,-0.00014304682828849427,-0.00011972587420215432,0.46153846153846156,0.851316662090494,4,-0.003436645700821794,0.005396292622031962
CANDIDATE_FIRST_30M,2026-05,SOLUSDT,0.0006,26,-0.00046318561655557614,-0.0007748256492361543,-0.0003430468282884941,-0.00031972587420215417,0.46153846153846156,0.7533361078802184,4,-0.003636645700821794,0.005196292622031962
CANDIDATE_FIRST_30M,2026-05,SOLUSDT,0.0008,26,-0.0006631856165555763,-0.0009748256492361543,-0.0005430468282884944,-0.0005197258742021544,0.38461538461538464,0.6669313208276532,5,-0.003836645700821794,0.004996292622031962
CANDIDATE_FIRST_30M,2026-06,BNBUSDT,0.0004,19,0.0007664884450787286,-0.0008677334769604968,0.0007664884450787288,0.001091903221531838,0.47368421052631576,1.2561597984829507,3,-0.007969205600209216,0.010293903531728918
CANDIDATE_FIRST_30M,2026-06,BNBUSDT,0.0006,19,0.0005664884450787291,-0.0010677334769604967,0.0005664884450787291,0.000891903221531838,0.47368421052631576,1.1828862362343149,3,-0.008169205600209216,0.010093903531728917
CANDIDATE_FIRST_30M,2026-06,BNBUSDT,0.0008,19,0.00036648844507872886,-0.0012677334769604968,0.00036648844507872853,0.0006919032215318378,0.47368421052631576,1.1144291578682413,3,-0.008369205600209217,0.009893903531728917
CANDIDATE_FIRST_30M,2026-06,BTCUSDT,0.0004,40,-0.0001607912631540642,-0.0015043825014110941,-0.0006180906264349974,-0.00046560527624177366,0.375,0.9475849366034735,6,-0.008355254901688413,0.010039298801795129
CANDIDATE_FIRST_30M,2026-06,BTCUSDT,0.0006,40,-0.0003607912631540637,-0.001704382501411094,-0.0008180906264349977,-0.0006656052762417733,0.35,0.8871367505087602,6,-0.008555254901688413,0.00983929880179513
CANDIDATE_FIRST_30M,2026-06,BTCUSDT,0.0008,40,-0.0005607912631540639,-0.001904382501411094,-0.0010180906264349978,-0.0008656052762417738,0.35,0.8314277508323967,6,-0.008755254901688414,0.009639298801795128
CANDIDATE_FIRST_30M,2026-06,ETHUSDT,0.0004,47,-2.984534771259307e-05,-0.001617566050003005,-0.00028907673557679645,-8.46385978228485e-05,0.44680851063829785,0.9917111262437959,4,-0.010927103634967093,0.012613097627076275
CANDIDATE_FIRST_30M,2026-06,ETHUSDT,0.0006,47,-0.00022984534771259294,-0.0018175660500030048,-0.0004890767355767965,-0.00028463859782284844,0.44680851063829785,0.9380686108147012,4,-0.011127103634967094,0.012413097627076274
CANDIDATE_FIRST_30M,2026-06,ETHUSDT,0.0008,47,-0.00042984534771259324,-0.002017566050003005,-0.0006890767355767961,-0.0004846385978228487,0.44680851063829785,0.887531813797549,4,-0.011327103634967094,0.012213097627076274
CANDIDATE_FIRST_30M,2026-06,SOLUSDT,0.0004,50,0.0007073216832201462,0.0001777090542390395,0.0003352109956805943,0.0005385939951364405,0.52,1.1967071983784947,4,-0.011190110580044597,0.014400058751186419
CANDIDATE_FIRST_30M,2026-06,SOLUSDT,0.0006,50,0.0005073216832201461,-2.2290945760960437e-05,0.0001352109956805941,0.0003385939951364406,0.5,1.137313940693244,4,-0.011390110580044598,0.014200058751186418
CANDIDATE_FIRST_30M,2026-06,SOLUSDT,0.0008,50,0.0003073216832201461,-0.00022229094576096053,-6.478900431940537e-05,0.00013859399513644057,0.48,1.0809443890954908,5,-0.011590110580044598,0.014000058751186418
CANDIDATE_FIRST_30M,2026-07,BNBUSDT,0.0004,26,-0.0006595538924243675,-0.0011137763509543204,-0.000696852817785238,-0.0006595956430508812,0.3076923076923077,0.5691035420443643,5,-0.0036454969343566066,0.003565977622725214
CANDIDATE_FIRST_30M,2026-07,BNBUSDT,0.0006,26,-0.0008595538924243671,-0.0013137763509543203,-0.0008968528177852377,-0.0008595956430508809,0.3076923076923077,0.4850246921084339,5,-0.0038454969343566063,0.0033659776227252143
CANDIDATE_FIRST_30M,2026-07,BNBUSDT,0.0008,26,-0.0010595538924243674,-0.0015137763509543204,-0.001096852817785238,-0.0010595956430508812,0.3076923076923077,0.4138268191529408,5,-0.004045496934356607,0.003165977622725214
CANDIDATE_FIRST_30M,2026-07,BTCUSDT,0.0004,26,-0.0005317176359513868,-0.0007069432267698291,-0.0008318490290141549,-0.0008325260257319588,0.4230769230769231,0.7248713444721021,3,-0.006017171287675693,0.004037003719872545
CANDIDATE_FIRST_30M,2026-07,BTCUSDT,0.0006,26,-0.0007317176359513867,-0.000906943226769829,-0.0010318490290141546,-0.0010325260257319584,0.38461538461538464,0.6433212241886399,5,-0.006217171287675693,0.0038370037198725455
CANDIDATE_FIRST_30M,2026-07,BTCUSDT,0.0008,26,-0.0009317176359513871,-0.001106943226769829,-0.0012318490290141551,-0.0012325260257319592,0.38461538461538464,0.5715358309933557,5,-0.006417171287675693,0.003637003719872545
CANDIDATE_FIRST_30M,2026-07,ETHUSDT,0.0004,32,-0.0020995544288914354,-0.003659012359852709,-0.0024257805160874456,-0.0021874831031080512,0.25,0.49138731837505356,6,-0.00891621694943012,0.005347764893809837
CANDIDATE_FIRST_30M,2026-07,ETHUSDT,0.0006,32,-0.002299554428891435,-0.0038590123598527086,-0.0026257805160874465,-0.002387483103108051,0.25,0.4624700614722167,6,-0.009116216949430121,0.005147764893809838
CANDIDATE_FIRST_30M,2026-07,ETHUSDT,0.0008,32,-0.002499554428891435,-0.004059012359852709,-0.002825780516087445,-0.0025874831031080514,0.21875,0.4355810523381492,6,-0.009316216949430122,0.004947764893809837
CANDIDATE_FIRST_30M,2026-07,SOLUSDT,0.0004,21,-0.002529894902376725,-0.0021567567567566835,-0.002562161364876662,-0.00250348038921976,0.23809523809523808,0.2742817240156103,5,-0.009287821282728913,0.004332483239122009
CANDIDATE_FIRST_30M,2026-07,SOLUSDT,0.0006,21,-0.002729894902376727,-0.002356756756756683,-0.002762161364876663,-0.0027034803892197617,0.23809523809523808,0.24970679055014186,5,-0.009487821282728914,0.00413248323912201
CANDIDATE_FIRST_30M,2026-07,SOLUSDT,0.0008,21,-0.002929894902376727,-0.0025567567567566832,-0.002962161364876663,-0.002903480389219762,0.23809523809523808,0.22710755276882777,5,-0.009687821282728914,0.003932483239122009
CANDIDATE_FIRST_60M,2024-01,BNBUSDT,0.0004,12,0.00029526176580065705,0.000327928681450607,0.000295261765800657,0.0002929899999455174,0.5,1.1340792761677112,2,-0.006460405615244291,0.005993676625366495
CANDIDATE_FIRST_60M,2024-01,BNBUSDT,0.0006,12,9.526176580065711e-05,0.00012792868145060707,9.526176580065711e-05,9.298999994551743e-05,0.5,1.0413796005160025,2,-0.006660405615244291,0.005793676625366496
CANDIDATE_FIRST_60M,2024-01,BNBUSDT,0.0008,12,-0.00010473823419934339,-7.207131854939297e-05,-0.00010473823419934357,-0.00010701000005448305,0.5,0.9563980056005164,2,-0.006860405615244291,0.005593676625366495
CANDIDATE_FIRST_60M,2024-01,BTCUSDT,0.0004,13,-0.0020600252301206275,0.001877027833316625,-0.002060025230120627,-0.0007761553320864167,0.6153846153846154,0.5944944824416504,3,-0.010223450294204394,0.006963847016808212
CANDIDATE_FIRST_60M,2024-01,BTCUSDT,0.0006,13,-0.0022600252301206293,0.0016770278333166251,-0.0022600252301206306,-0.0009761553320864162,0.5384615384615384,0.5625131037938593,3,-0.010423450294204394,0.006763847016808213
CANDIDATE_FIRST_60M,2024-01,BTCUSDT,0.0008,13,-0.0024600252301206302,0.001477027833316625,-0.0024600252301206294,-0.0011761553320864169,0.5384615384615384,0.532157554224336,3,-0.010623450294204395,0.006563847016808212
CANDIDATE_FIRST_60M,2024-01,ETHUSDT,0.0004,16,-0.0013900208463577767,-0.0006961664783446282,-0.0013900208463577767,-0.0017416993917471555,0.3125,0.5535979814971002,6,-0.009905322362775847,0.003578302745497708
CANDIDATE_FIRST_60M,2024-01,ETHUSDT,0.0006,16,-0.0015900208463577765,-0.0008961664783446281,-0.0015900208463577765,-0.0019416993917471554,0.3125,0.5109632316064247,6,-0.010105322362775847,0.0033783027454977084
CANDIDATE_FIRST_60M,2024-01,ETHUSDT,0.0008,16,-0.0017900208463577769,-0.0010961664783446282,-0.0017900208463577766,-0.002141699391747156,0.3125,0.47178824500846755,6,-0.010305322362775848,0.0031783027454977083
CANDIDATE_FIRST_60M,2024-01,SOLUSDT,0.0004,9,-0.004532926351231907,0.0021631497203404406,-0.004532926351231905,-0.0037936388664853854,0.5555555555555556,0.5793539033661199,3,-0.030478158965578747,0.013609293989842414
CANDIDATE_FIRST_60M,2024-01,SOLUSDT,0.0006,9,-0.004732926351231907,0.001963149720340441,-0.004732926351231909,-0.003993638866485387,0.5555555555555556,0.5643875588845111,3,-0.030678158965578746,0.013409293989842412
CANDIDATE_FIRST_60M,2024-01,SOLUSDT,0.0008,9,-0.004932926351231908,0.0017631497203404408,-0.00493292635123191,-0.0041936388664853864,0.5555555555555556,0.5496641130723757,3,-0.030878158965578745,0.013209293989842413
CANDIDATE_FIRST_60M,2024-02,BNBUSDT,0.0004,25,-0.0008440508953956044,-0.0015526639344262568,-0.00011191955869935605,-0.0001898126161803234,0.44,0.7906265180874985,5,-0.010324910118130411,0.009380461518900686
CANDIDATE_FIRST_60M,2024-02,BNBUSDT,0.0006,25,-0.0010440508953956044,-0.0017526639344262566,-0.00031191955869935736,-0.00038981261618032325,0.44,0.7480156905117766,5,-0.01052491011813041,0.009180461518900685
CANDIDATE_FIRST_60M,2024-02,BNBUSDT,0.0008,25,-0.0012440508953956045,-0.0019526639344262567,-0.0005119195586993574,-0.0005898126161803235,0.44,0.7076478979860193,5,-0.010724910118130412,0.008980461518900685
CANDIDATE_FIRST_60M,2024-02,BTCUSDT,0.0004,26,0.0010083242232614685,-0.0009253925243650092,0.0005066124546572066,0.0007825461395009602,0.4230769230769231,1.385679836362531,4,-0.007931006340593448,0.01040944458264499
CANDIDATE_FIRST_60M,2024-02,BTCUSDT,0.0006,26,0.0008083242232614686,-0.0011253925243650091,0.00030661245465720663,0.0005825461395009602,0.4230769230769231,1.2961120168983262,4,-0.008131006340593449,0.01020944458264499
CANDIDATE_FIRST_60M,2024-02,BTCUSDT,0.0008,26,0.0006083242232614682,-0.0013253925243650092,0.00010661245465720627,0.00038254613950096,0.4230769230769231,1.2138089473554043,4,-0.00833100634059345,0.010009444582644989
CANDIDATE_FIRST_60M,2024-02,ETHUSDT,0.0004,25,0.002398935375781775,0.0014058316766069727,0.0022577642363728724,0.0023758050410337835,0.64,2.9632645392385597,3,-0.004050320359519244,0.011175199882498448
CANDIDATE_FIRST_60M,2024-02,ETHUSDT,0.0006,25,0.0021989353757817746,0.0012058316766069728,0.002057764236372873,0.0021758050410337834,0.6,2.698446300455625,3,-0.0042503203595192435,0.010975199882498447
CANDIDATE_FIRST_60M,2024-02,ETHUSDT,0.0008,25,0.001998935375781775,0.0010058316766069727,0.0018577642363728723,0.0019758050410337833,0.56,2.4506482073596954,3,-0.004450320359519244,0.010775199882498447
CANDIDATE_FIRST_60M,2024-02,SOLUSDT,0.0004,17,-0.0008559560634009005,0.0003284983279647328,-0.0008559560634009007,-0.0001100418107340177,0.5294117647058824,0.8281713306778874,4,-0.01484555062155004,0.01127204279944909
CANDIDATE_FIRST_60M,2024-02,SOLUSDT,0.0006,17,-0.0010559560634009015,0.00012849832796473285,-0.0010559560634009015,-0.000310041810734018,0.5294117647058824,0.791953143173848,4,-0.01504555062155004,0.01107204279944909
CANDIDATE_FIRST_60M,2024-02,SOLUSDT,0.0008,17,-0.0012559560634009018,-7.150167203526724e-05,-0.0012559560634009018,-0.0005100418107340183,0.47058823529411764,0.7572512059351346,5,-0.01524555062155004,0.010872042799449089
CANDIDATE_FIRST_60M,2024-03,BNBUSDT,0.0004,18,0.002561607988155276,0.005672956709751942,0.0025616079881552755,0.0027096557328446414,0.6666666666666666,1.7313199927034726,3,-0.00987125492233197,0.012424812101353893
CANDIDATE_FIRST_60M,2024-03,BNBUSDT,0.0006,18,0.0023616079881552754,0.005472956709751942,0.002361607988155276,0.0025096557328446404,0.6666666666666666,1.6616288100037293,3,-0.010071254922331971,0.012224812101353892
CANDIDATE_FIRST_60M,2024-03,BNBUSDT,0.0008,18,0.0021616079881552753,0.005272956709751942,0.0021616079881552758,0.0023096557328446403,0.6666666666666666,1.5944931898750832,3,-0.010271254922331972,0.012024812101353892
CANDIDATE_FIRST_60M,2024-03,BTCUSDT,0.0004,21,-0.0019945310618744334,-0.000778500602927434,-0.0013721124038311512,-0.0018240535214238077,0.42857142857142855,0.5569271627675663,4,-0.009223165066584093,0.00653458589998408
CANDIDATE_FIRST_60M,2024-03,BTCUSDT,0.0006,21,-0.0021945310618744344,-0.0009785006029274339,-0.0015721124038311515,-0.0020240535214238087,0.42857142857142855,0.5245685810859525,4,-0.009423165066584093,0.0063345858999840805
CANDIDATE_FIRST_60M,2024-03,BTCUSDT,0.0008,21,-0.002394531061874434,-0.001178500602927434,-0.0017721124038311516,-0.0022240535214238084,0.42857142857142855,0.49377363556306825,4,-0.009623165066584094,0.00613458589998408
CANDIDATE_FIRST_60M,2024-03,ETHUSDT,0.0004,21,0.0003513665174416495,-0.0018360381269653555,-1.8801526877729435e-05,0.00027974184356113166,0.3333333333333333,1.1118944014787036,5,-0.009104267213926808,0.009939669251355322
CANDIDATE_FIRST_60M,2024-03,ETHUSDT,0.0006,21,0.00015136651744164989,-0.0020360381269653553,-0.0002188015268777297,7.974184356113206e-05,0.3333333333333333,1.046240032278887,5,-0.009304267213926808,0.009739669251355321
CANDIDATE_FIRST_60M,2024-03,ETHUSDT,0.0008,21,-4.8633482558350565e-05,-0.0022360381269653554,-0.0004188015268777304,-0.00012025815643886838,0.3333333333333333,0.9857247043640321,5,-0.009504267213926809,0.00953966925135532
CANDIDATE_FIRST_60M,2024-03,SOLUSDT,0.0004,15,-0.0068640556094541755,-0.010265200078334135,-0.00686405560945418,-0.006783549603124534,0.3333333333333333,0.38295216453026065,4,-0.031133536698471142,0.01484398126929194
CANDIDATE_FIRST_60M,2024-03,SOLUSDT,0.0006,15,-0.00706405560945418,-0.010465200078334135,-0.007064055609454177,-0.006983549603124538,0.3333333333333333,0.37249438653807204,4,-0.031333536698471144,0.01464398126929194
CANDIDATE_FIRST_60M,2024-03,SOLUSDT,0.0008,15,-0.0072640556094541765,-0.010665200078334136,-0.0072640556094541765,-0.007183549603124535,0.3333333333333333,0.36228143483520164,4,-0.03153353669847114,0.01444398126929194
CANDIDATE_FIRST_60M,2024-04,BNBUSDT,0.0004,17,-0.00036384769155845144,-0.0016069698257544114,-0.0003638476915584513,-0.0006792266262504658,0.4117647058823529,0.8805881641949853,4,-0.008348017284796637,0.0075262712213188376
CANDIDATE_FIRST_60M,2024-04,BNBUSDT,0.0006,17,-0.0005638476915584513,-0.0018069698257544113,-0.0005638476915584513,-0.0008792266262504659,0.4117647058823529,0.8218291209345062,4,-0.008548017284796637,0.007326271221318838
CANDIDATE_FIRST_60M,2024-04,BNBUSDT,0.0008,17,-0.0007638476915584517,-0.0020069698257544114,-0.0007638476915584518,-0.001079226626250466,0.4117647058823529,0.7672822728077792,4,-0.008748017284796638,0.007126271221318837
CANDIDATE_FIRST_60M,2024-04,BTCUSDT,0.0004,17,0.005049402683315736,0.002004064655861404,0.005049402683315736,0.004933036516457257,0.8235294117647058,9.097466172855187,1,-0.0012622931547760837,0.017998919492050146
CANDIDATE_FIRST_60M,2024-04,BTCUSDT,0.0006,17,0.004849402683315736,0.0018040646558614044,0.004849402683315736,0.004733036516457257,0.8235294117647058,8.360156417641628,1,-0.0014622931547760836,0.017798919492050147
CANDIDATE_FIRST_60M,2024-04,BTCUSDT,0.0008,17,0.004649402683315737,0.0016040646558614043,0.004649402683315736,0.004533036516457258,0.7058823529411765,7.655542976698137,1,-0.0016622931547760837,0.017598919492050148
CANDIDATE_FIRST_60M,2024-04,ETHUSDT,0.0004,14,0.004388928402827472,0.004539370757103822,0.004388928402827472,0.004253819758131136,0.6428571428571429,3.696175129528406,2,-0.005094446368279304,0.014429419123095618
CANDIDATE_FIRST_60M,2024-04,ETHUSDT,0.0006,14,0.00418892840282747,0.004339370757103823,0.004188928402827472,0.004053819758131135,0.6428571428571429,3.4651433280814747,2,-0.005294446368279303,0.014229419123095617
CANDIDATE_FIRST_60M,2024-04,ETHUSDT,0.0008,14,0.003988928402827471,0.004139370757103822,0.003988928402827471,0.003853819758131135,0.6428571428571429,3.2527508717544604,2,-0.005494446368279304,0.014029419123095618
CANDIDATE_FIRST_60M,2024-04,SOLUSDT,0.0004,12,0.005678109928968698,0.002117060310192387,0.005678109928968697,0.0055843638880522855,0.5833333333333334,2.9491012034786417,4,-0.012314343044459273,0.02711731937734774
CANDIDATE_FIRST_60M,2024-04,SOLUSDT,0.0006,12,0.0054781099289686955,0.0019170603101923873,0.005478109928968696,0.005384363888052284,0.5833333333333334,2.828152832206641,4,-0.012514343044459274,0.026917319377347742
CANDIDATE_FIRST_60M,2024-04,SOLUSDT,0.0008,12,0.005278109928968697,0.0017170603101923873,0.005278109928968697,0.0051843638880522845,0.5833333333333334,2.713749582311362,4,-0.012714343044459274,0.026717319377347743
CANDIDATE_FIRST_60M,2024-05,BNBUSDT,0.0004,14,0.0022081849352341815,0.0002148746608850009,0.002208184935234181,0.002355046351780926,0.5,2.107762047046602,2,-0.005460212877088022,0.01271525893584271
CANDIDATE_FIRST_60M,2024-05,BNBUSDT,0.0006,14,0.0020081849352341814,1.487466088500092e-05,0.0020081849352341814,0.0021550463517809263,0.5,1.9593050165393602,2,-0.0056602128770880215,0.01251525893584271
CANDIDATE_FIRST_60M,2024-05,BNBUSDT,0.0008,14,0.001808184935234181,-0.00018512533911499917,0.0018081849352341811,0.0019550463517809262,0.5,1.8243848454277003,2,-0.005860212877088022,0.01231525893584271
CANDIDATE_FIRST_60M,2024-05,BTCUSDT,0.0004,16,0.0012233445895668733,0.00027056092485756617,0.0012233445895668733,0.0009678379943924753,0.5,1.469579160621776,3,-0.007518497879502694,0.008674547850649651
CANDIDATE_FIRST_60M,2024-05,BTCUSDT,0.0006,16,0.0010233445895668734,7.056092485756618e-05,0.0010233445895668734,0.000767837994392475,0.5,1.378288865263385,3,-0.007718497879502694,0.00847454785064965
CANDIDATE_FIRST_60M,2024-05,BTCUSDT,0.0008,16,0.0008233445895668731,-0.0001294390751424339,0.0008233445895668729,0.0005678379943924745,0.5,1.293507232818022,3,-0.007918497879502695,0.00827454785064965
CANDIDATE_FIRST_60M,2024-05,ETHUSDT,0.0004,23,0.0027757056190603714,3.789576488451052e-05,0.0014351868750635236,0.001542954485084989,0.5217391304347826,2.19382923243096,3,-0.006273704685411174,0.010223984307432767
CANDIDATE_FIRST_60M,2024-05,ETHUSDT,0.0006,23,0.0025757056190603696,-0.0001621042351154894,0.0012351868750635237,0.0013429544850849893,0.4782608695652174,2.060946010972797,3,-0.006473704685411173,0.010023984307432766
CANDIDATE_FIRST_60M,2024-05,ETHUSDT,0.0008,23,0.00237570561906037,-0.0003621042351154895,0.0010351868750635234,0.001142954485084989,0.43478260869565216,1.937373908211439,3,-0.006673704685411174,0.009823984307432766
CANDIDATE_FIRST_60M,2024-05,SOLUSDT,0.0004,19,0.00045466528114511916,0.0011307975714804467,0.00045466528114511927,0.00010664149425288604,0.5789473684210527,1.1167828807785398,3,-0.01195089581613251,0.012075601760821142
CANDIDATE_FIRST_60M,2024-05,SOLUSDT,0.0006,19,0.0002546652811451191,0.0009307975714804468,0.0002546652811451191,-9.335850574711404e-05,0.5789473684210527,1.0640270590321481,3,-0.01215089581613251,0.011875601760821142
CANDIDATE_FIRST_60M,2024-05,SOLUSDT,0.0008,19,5.4665281145118856e-05,0.0007307975714804467,5.466528114511849e-05,-0.00029335850574711456,0.5789473684210527,1.01345880607799,3,-0.012350895816132511,0.011675601760821141
CANDIDATE_FIRST_60M,2024-06,BNBUSDT,0.0004,17,0.0028630172802170313,0.0032775875025985004,0.0028630172802170313,0.0023098913103194803,0.6470588235294118,2.370616135772274,3,-0.008291076472357606,0.01125743172476588
CANDIDATE_FIRST_60M,2024-06,BNBUSDT,0.0006,17,0.002663017280217031,0.0030775875025985007,0.002663017280217031,0.00210989131031948,0.6470588235294118,2.2331966942556223,3,-0.008491076472357605,0.011057431724765879
CANDIDATE_FIRST_60M,2024-06,BNBUSDT,0.0008,17,0.0024630172802170315,0.0028775875025985006,0.0024630172802170315,0.00190989131031948,0.6470588235294118,2.1044768603030954,3,-0.008691076472357605,0.010857431724765878
CANDIDATE_FIRST_60M,2024-06,BTCUSDT,0.0004,17,-0.000272850170348039,-0.0009511925353588465,-0.00027285017034803905,-0.00022684728564482972,0.4117647058823529,0.8027125835062018,3,-0.0036299643390583112,0.0032250935394450234
CANDIDATE_FIRST_60M,2024-06,BTCUSDT,0.0006,17,-0.0004728501703480387,-0.0011511925353588463,-0.0004728501703480387,-0.0004268472856448295,0.4117647058823529,0.6849042584576124,3,-0.003829964339058311,0.0030250935394450238
CANDIDATE_FIRST_60M,2024-06,BTCUSDT,0.0008,17,-0.000672850170348039,-0.0013511925353588464,-0.0006728501703480391,-0.0006268472856448297,0.4117647058823529,0.5842247484431111,3,-0.004029964339058311,0.002825093539445024
CANDIDATE_FIRST_60M,2024-06,ETHUSDT,0.0004,16,0.000393093333587985,-4.6206070341714086e-05,0.0003930933335879849,3.722534208437043e-05,0.5,1.2110141046227894,6,-0.004729538326699856,0.006542554492813224
CANDIDATE_FIRST_60M,2024-06,ETHUSDT,0.0006,16,0.00019309333358798544,-0.000246206070341714,0.00019309333358798544,-0.00016277465791562917,0.5,1.0983726072843496,6,-0.004929538326699855,0.0063425544928132245
CANDIDATE_FIRST_60M,2024-06,ETHUSDT,0.0008,16,-6.906666412014864e-06,-0.0004462060703417141,-6.906666412015081e-06,-0.0003627746579156296,0.375,0.9966673442360736,6,-0.005129538326699856,0.006142554492813224
CANDIDATE_FIRST_60M,2024-06,SOLUSDT,0.0004,11,0.0036500907809452854,0.008542552182844788,0.003650090780945284,0.0038497658146104323,0.7272727272727273,2.206262245815074,1,-0.011602155280717107,0.011418342776203972
CANDIDATE_FIRST_60M,2024-06,SOLUSDT,0.0006,11,0.0034500907809452835,0.008342552182844788,0.003450090780945285,0.00364976581461043,0.7272727272727273,2.1199787188978787,1,-0.011802155280717107,0.011218342776203972
CANDIDATE_FIRST_60M,2024-06,SOLUSDT,0.0008,11,0.0032500907809452835,0.008142552182844787,0.0032500907809452848,0.00344976581461043,0.7272727272727273,2.036697623156297,1,-0.012002155280717108,0.011018342776203971
CANDIDATE_FIRST_60M,2024-07,BNBUSDT,0.0004,22,0.002151617586606452,0.0009352767491934259,0.0018431070834367459,0.002205437355548849,0.5909090909090909,2.176728249325594,3,-0.006397509654525624,0.011431817491315815
CANDIDATE_FIRST_60M,2024-07,BNBUSDT,0.0006,22,0.0019516175866064504,0.0007352767491934259,0.0016431070834367462,0.002005437355548848,0.5454545454545454,2.018774922258428,3,-0.0065975096545256235,0.011231817491315814
CANDIDATE_FIRST_60M,2024-07,BNBUSDT,0.0008,22,0.0017516175866064507,0.0005352767491934258,0.0014431070834367461,0.001805437355548848,0.5454545454545454,1.8729453267187537,3,-0.006797509654525624,0.011031817491315814
CANDIDATE_FIRST_60M,2024-07,BTCUSDT,0.0004,21,0.0007071660842400288,0.0009567335910935619,0.0007165677901955444,0.0006677031793751492,0.6190476190476191,1.3686385514329633,3,-0.006608013216470798,0.008178501722158461
CANDIDATE_FIRST_60M,2024-07,BTCUSDT,0.0006,21,0.0005071660842400286,0.0007567335910935619,0.0005165677901955447,0.00046770317937514904,0.5714285714285714,1.2531801212000593,3,-0.006808013216470798,0.00797850172215846
CANDIDATE_FIRST_60M,2024-07,BTCUSDT,0.0008,21,0.0003071660842400281,0.0005567335910935618,0.0003165677901955444,0.00026770317937514857,0.5714285714285714,1.1470470109023034,3,-0.007008013216470798,0.00777850172215846
CANDIDATE_FIRST_60M,2024-07,ETHUSDT,0.0004,24,0.0018922750579750795,0.0029746222382913247,0.00159114240890695,0.001570532889086764,0.625,1.927930264583925,2,-0.006810432643536202,0.009303513333463308
CANDIDATE_FIRST_60M,2024-07,ETHUSDT,0.0006,24,0.0016922750579750796,0.002774622238291325,0.0013911424089069501,0.0013705328890867643,0.625,1.8004166331674512,2,-0.007010432643536201,0.009103513333463308
CANDIDATE_FIRST_60M,2024-07,ETHUSDT,0.0008,24,0.0014922750579750793,0.002574622238291325,0.0011911424089069498,0.001170532889086764,0.625,1.6816398331391182,2,-0.007210432643536202,0.008903513333463307
CANDIDATE_FIRST_60M,2024-07,SOLUSDT,0.0004,24,-0.0001229789837469203,-0.0025819766846420953,-0.0004557546890473928,-0.00034514245138313394,0.4583333333333333,0.9750257875192513,7,-0.013106402744278376,0.015255492574552429
CANDIDATE_FIRST_60M,2024-07,SOLUSDT,0.0006,24,-0.00032297898374691967,-0.002781976684642095,-0.0006557546890473942,-0.0005451424513831339,0.4583333333333333,0.9358222830732654,7,-0.013306402744278377,0.01505549257455243
CANDIDATE_FIRST_60M,2024-07,SOLUSDT,0.0008,24,-0.0005229789837469201,-0.0029819766846420955,-0.0008557546890473927,-0.0007451424513831343,0.4166666666666667,0.8984278737643702,8,-0.013506402744278377,0.01485549257455243
CANDIDATE_FIRST_60M,2024-08,BNBUSDT,0.0004,24,0.0019548820698387487,-0.000553067623790748,0.0009546387049045386,0.0015060260250721461,0.4583333333333333,1.4719779085552103,2,-0.008758118575064698,0.023780819142006547
CANDIDATE_FIRST_60M,2024-08,BNBUSDT,0.0006,24,0.0017548820698387486,-0.000753067623790748,0.0007546387049045373,0.0013060260250721465,0.4166666666666667,1.4121663036052898,4,-0.008958118575064698,0.02358081914200655
CANDIDATE_FIRST_60M,2024-08,BNBUSDT,0.0008,24,0.0015548820698387481,-0.0009530676237907479,0.0005546387049045378,0.0011060260250721464,0.4166666666666667,1.3554527567901502,4,-0.009158118575064699,0.02338081914200655
CANDIDATE_FIRST_60M,2024-08,BTCUSDT,0.0004,31,0.0015203314978488064,0.0005759836567395653,0.0010717775175788876,0.0010740539536694105,0.5161290322580645,1.4778971228924607,3,-0.007953235056743434,0.01298543156625316
CANDIDATE_FIRST_60M,2024-08,BTCUSDT,0.0006,31,0.001320331497848806,0.00037598365673956527,0.0008717775175788875,0.000874053953669411,0.5161290322580645,1.4027772488942234,3,-0.008153235056743435,0.012785431566253159
CANDIDATE_FIRST_60M,2024-08,BTCUSDT,0.0008,31,0.0011203314978488058,0.00017598365673956518,0.0006717775175788874,0.0006740539536694109,0.5161290322580645,1.331965525187575,3,-0.008353235056743435,0.012585431566253158
CANDIDATE_FIRST_60M,2024-08,ETHUSDT,0.0004,28,0.0015294635639319452,0.0007461085812645156,0.0007900992253603202,0.0009914716755940473,0.5357142857142857,1.4131023458408614,6,-0.01026008004675728,0.013670723768386166
CANDIDATE_FIRST_60M,2024-08,ETHUSDT,0.0006,28,0.0013294635639319453,0.0005461085812645156,0.0005900992253603203,0.0007914716755940477,0.5357142857142857,1.3502975101999115,6,-0.01046008004675728,0.013470723768386166
CANDIDATE_FIRST_60M,2024-08,ETHUSDT,0.0008,28,0.001129463563931945,0.0003461085812645155,0.00039009922536032023,0.000591471675594048,0.5357142857142857,1.2904925356690495,6,-0.010660080046757281,0.013270723768386165
CANDIDATE_FIRST_60M,2024-08,SOLUSDT,0.0004,31,-0.0008724780893336343,-0.0032234578431955983,-0.0024718419792332967,-0.0022893229028969025,0.3870967741935484,0.8712414970905095,5,-0.020378924826214884,0.019221536884180112
CANDIDATE_FIRST_60M,2024-08,SOLUSDT,0.0006,31,-0.001072478089333634,-0.003423457843195598,-0.0026718419792332937,-0.0024893229028969026,0.3548387096774194,0.8446031563703564,5,-0.020578924826214883,0.019021536884180113
CANDIDATE_FIRST_60M,2024-08,SOLUSDT,0.0008,31,-0.0012724780893336337,-0.003623457843195598,-0.0028718419792332947,-0.002689322902896901,0.3548387096774194,0.8190079848824785,5,-0.020778924826214882,0.018821536884180114
CANDIDATE_FIRST_60M,2024-09,BNBUSDT,0.0004,11,-7.83329424840633e-05,-0.0004997224392107476,-7.833294248406358e-05,-0.0003555377434021232,0.45454545454545453,0.9554077207262034,3,-0.006031791861664071,0.004802772552408863
CANDIDATE_FIRST_60M,2024-09,BNBUSDT,0.0006,11,-0.00027833294248406313,-0.0006997224392107476,-0.00027833294248406313,-0.0005555377434021229,0.45454545454545453,0.8508189292715914,3,-0.00623179186166407,0.004602772552408863
CANDIDATE_FIRST_60M,2024-09,BNBUSDT,0.0008,11,-0.00047833294248406365,-0.0008997224392107477,-0.0004783329424840634,-0.0007555377434021234,0.36363636363636365,0.7585573580644893,3,-0.006431791861664071,0.004402772552408863
CANDIDATE_FIRST_60M,2024-09,BTCUSDT,0.0004,16,0.0023749042369397336,0.0032438355793839692,0.0023749042369397336,0.002602460778318986,0.625,2.627211534921356,2,-0.003634815059136309,0.008738726075807236
CANDIDATE_FIRST_60M,2024-09,BTCUSDT,0.0006,16,0.0021749042369397335,0.0030438355793839696,0.0021749042369397335,0.002402460778318986,0.625,2.417343640747082,2,-0.003834815059136309,0.008538726075807235
CANDIDATE_FIRST_60M,2024-09,BTCUSDT,0.0008,16,0.001974904236939733,0.0028438355793839695,0.001974904236939733,0.0022024607783189855,0.625,2.227034812323245,2,-0.004034815059136309,0.008338726075807235
CANDIDATE_FIRST_60M,2024-09,ETHUSDT,0.0004,18,0.0007560524638222583,0.0007002021969960252,0.0007560524638222582,0.0002889359212376538,0.5555555555555556,1.3384599202028908,4,-0.007219250543463118,0.006497145513200777
CANDIDATE_FIRST_60M,2024-09,ETHUSDT,0.0006,18,0.0005560524638222585,0.0005002021969960252,0.0005560524638222585,8.893592123765402e-05,0.5555555555555556,1.2394001088777784,4,-0.007419250543463118,0.0062971455132007775
CANDIDATE_FIRST_60M,2024-09,ETHUSDT,0.0008,18,0.0003560524638222583,0.00030020219699602513,0.0003560524638222581,-0.00011106407876234641,0.5555555555555556,1.1476428271710721,4,-0.007619250543463118,0.006097145513200777
CANDIDATE_FIRST_60M,2024-09,SOLUSDT,0.0004,15,0.002300510362019874,0.00341134533560612,0.0023005103620198732,0.002521287649947808,0.6,2.1800141147785372,3,-0.005828136550082674,0.011355855216780552
CANDIDATE_FIRST_60M,2024-09,SOLUSDT,0.0006,15,0.0021005103620198736,0.00321134533560612,0.002100510362019874,0.0023212876499478065,0.6,2.034957610971187,3,-0.006028136550082674,0.011155855216780551
CANDIDATE_FIRST_60M,2024-09,SOLUSDT,0.0008,15,0.0019005103620198735,0.00301134533560612,0.0019005103620198735,0.002121287649947806,0.5333333333333333,1.8975362747551787,3,-0.006228136550082674,0.01095585521678055
CANDIDATE_FIRST_60M,2024-10,BNBUSDT,0.0004,16,0.0006382938657188463,-0.0002542505358444798,0.0006382938657188463,0.00034270948366383735,0.5,1.260503329172722,3,-0.006504491090504594,0.007918463261992038
CANDIDATE_FIRST_60M,2024-10,BNBUSDT,0.0006,16,0.0004382938657188466,-0.00045425053584447975,0.0004382938657188466,0.0001427094836638377,0.5,1.1718642405700899,3,-0.006704491090504593,0.0077184632619920375
CANDIDATE_FIRST_60M,2024-10,BNBUSDT,0.0008,16,0.00023829386571884632,-0.0006542505358444798,0.0002382938657188461,-5.7290516336162725e-05,0.5,1.0899143062467846,3,-0.006904491090504594,0.007518463261992037
CANDIDATE_FIRST_60M,2024-10,BTCUSDT,0.0004,25,0.0023777323200295315,0.002534575687724594,0.0022246136624410203,0.0023371695888889593,0.68,3.1145689314206417,2,-0.00483690639048584,0.009407630672570961
CANDIDATE_FIRST_60M,2024-10,BTCUSDT,0.0006,25,0.002177732320029531,0.0023345756877245945,0.0020246136624410206,0.0021371695888889593,0.68,2.832410063659227,2,-0.00503690639048584,0.009207630672570962
CANDIDATE_FIRST_60M,2024-10,BTCUSDT,0.0008,25,0.001977732320029531,0.0021345756877245944,0.00182461366244102,0.0019371695888889587,0.68,2.5790876867759747,2,-0.00523690639048584,0.00900763067257096
CANDIDATE_FIRST_60M,2024-10,ETHUSDT,0.0004,30,0.0004594234682310391,-7.261110167915385e-05,0.0005722433086348237,0.0005355658427451014,0.4666666666666667,1.2000428340946332,3,-0.006902687302847309,0.007996128300506203
CANDIDATE_FIRST_60M,2024-10,ETHUSDT,0.0006,30,0.0002594234682310392,-0.0002726111016791538,0.00037224330863482383,0.0003355658427451014,0.4666666666666667,1.107945040921035,3,-0.007102687302847309,0.0077961283005062035
CANDIDATE_FIRST_60M,2024-10,ETHUSDT,0.0008,30,5.942346823103901e-05,-0.00047261110167915387,0.00017224330863482317,0.000135565842745101,0.43333333333333335,1.0236705155910681,3,-0.007302687302847309,0.007596128300506203
CANDIDATE_FIRST_60M,2024-10,SOLUSDT,0.0004,17,0.0008119058691699062,0.0025097963142579173,0.0008119058691699063,0.0008111496600981889,0.5882352941176471,1.3439313330558944,6,-0.009057239897342726,0.008317357486467671
CANDIDATE_FIRST_60M,2024-10,SOLUSDT,0.0006,17,0.0006119058691699062,0.0023097963142579177,0.0006119058691699062,0.0006111496600981889,0.5882352941176471,1.250471531559488,6,-0.009257239897342728,0.00811735748646767
CANDIDATE_FIRST_60M,2024-10,SOLUSDT,0.0008,17,0.00041190586916990565,0.0021097963142579176,0.00041190586916990565,0.0004111496600981885,0.5882352941176471,1.163107228035133,6,-0.009457239897342727,0.00791735748646767
CANDIDATE_FIRST_60M,2024-11,BNBUSDT,0.0004,26,0.000718037782670304,0.0021159760427536646,0.0015215091109238227,0.0011528462980672704,0.6538461538461539,1.1810951300181474,2,-0.01451240096410732,0.012218148235487681
CANDIDATE_FIRST_60M,2024-11,BNBUSDT,0.0006,26,0.0005180377826703036,0.001915976042753665,0.001321509110923823,0.0009528462980672707,0.6538461538461539,1.1284113224633316,2,-0.014712400964107319,0.01201814823548768
CANDIDATE_FIRST_60M,2024-11,BNBUSDT,0.0008,26,0.0003180377826703037,0.0017159760427536649,0.001121509110923823,0.0007528462980672708,0.6538461538461539,1.077505215088441,2,-0.014912400964107318,0.01181814823548768
CANDIDATE_FIRST_60M,2024-11,BTCUSDT,0.0004,21,0.0025091018352434535,0.0006903253702538862,0.0025052436959643845,0.002609242233972487,0.5714285714285714,2.4859910824721925,2,-0.005094362649448336,0.012443518804991572
CANDIDATE_FIRST_60M,2024-11,BTCUSDT,0.0006,21,0.0023091018352434517,0.0004903253702538863,0.002305243695964385,0.0024092422339724853,0.5714285714285714,2.30147564080444,2,-0.005294362649448336,0.012243518804991572
CANDIDATE_FIRST_60M,2024-11,BTCUSDT,0.0008,21,0.0021091018352434516,0.00029032537025388617,0.0021052436959643843,0.002209242233972485,0.5238095238095238,2.133217273066105,4,-0.005494362649448336,0.012043518804991571
CANDIDATE_FIRST_60M,2024-11,ETHUSDT,0.0004,17,0.0048865042411508595,0.005692854600042274,0.004886504241150859,0.004965135278671277,0.7647058823529411,3.887055439354732,2,-0.0067308949878005725,0.01731210103793748
CANDIDATE_FIRST_60M,2024-11,ETHUSDT,0.0006,17,0.00468650424115086,0.005492854600042275,0.00468650424115086,0.004765135278671277,0.7058823529411765,3.6910070905507593,2,-0.006930894987800572,0.01711210103793748
CANDIDATE_FIRST_60M,2024-11,ETHUSDT,0.0008,17,0.00448650424115086,0.005292854600042274,0.004486504241150859,0.004565135278671278,0.7058823529411765,3.491995082397884,2,-0.007130894987800573,0.01691210103793748
CANDIDATE_FIRST_60M,2024-11,SOLUSDT,0.0004,17,-0.002204528393657863,0.0034716123392033007,-0.0022045283936578636,-0.0022488305553119304,0.5294117647058824,0.720314601249761,3,-0.020351300954416597,0.01710108027513857
CANDIDATE_FIRST_60M,2024-11,SOLUSDT,0.0006,17,-0.0024045283936578628,0.003271612339203301,-0.0024045283936578628,-0.0024488305553119305,0.5294117647058824,0.6985404834583782,3,-0.020551300954416596,0.01690108027513857
CANDIDATE_FIRST_60M,2024-11,SOLUSDT,0.0008,17,-0.0026045283936578624,0.003071612339203301,-0.002604528393657861,-0.00264883055531193,0.5294117647058824,0.6772742282026726,3,-0.020751300954416595,0.016701080275138572
CANDIDATE_FIRST_60M,2024-12,BNBUSDT,0.0004,21,0.0033865610526384307,-0.0004759439837175746,0.0028124944915756153,0.0030726007522040876,0.47619047619047616,2.512833154082213,3,-0.007882517482517492,0.0183372765167777
CANDIDATE_FIRST_60M,2024-12,BNBUSDT,0.0006,21,0.0031865610526384306,-0.0006759439837175746,0.002612494491575615,0.002872600752204087,0.42857142857142855,2.357898658721001,5,-0.008082517482517492,0.0181372765167777
CANDIDATE_FIRST_60M,2024-12,BNBUSDT,0.0008,21,0.0029865610526384327,-0.0008759439837175746,0.0024124944915756147,0.0026726007522040874,0.42857142857142855,2.213570102435591,5,-0.008282517482517493,0.017937276516777702
CANDIDATE_FIRST_60M,2024-12,BTCUSDT,0.0004,22,0.0009357367199439042,-0.0009996701784406477,0.00045210953109998736,0.0005858836759190731,0.45454545454545453,1.3367698249019169,5,-0.008028492937418195,0.010633097786040319
CANDIDATE_FIRST_60M,2024-12,BTCUSDT,0.0006,22,0.0007357367199439042,-0.0011996701784406476,0.00025210953109998727,0.0003858836759190733,0.45454545454545453,1.254786872255037,5,-0.008228492937418196,0.010433097786040318
CANDIDATE_FIRST_60M,2024-12,BTCUSDT,0.0008,22,0.0005357367199439037,-0.0013996701784406477,5.2109531099986566e-05,0.00018588367591907277,0.45454545454545453,1.178772789530337,5,-0.008428492937418196,0.010233097786040318
CANDIDATE_FIRST_60M,2024-12,ETHUSDT,0.0004,18,0.0013914167591198127,0.0012052172068273807,0.001391416759119813,0.0017889472319944312,0.6111111111111112,1.5203666919626015,2,-0.00766236886287166,0.012399608915890849
CANDIDATE_FIRST_60M,2024-12,ETHUSDT,0.0006,18,0.0011914167591198128,0.0010052172068273808,0.0011914167591198128,0.0015889472319944302,0.6111111111111112,1.432975799238453,2,-0.00786236886287166,0.012199608915890848
CANDIDATE_FIRST_60M,2024-12,ETHUSDT,0.0008,18,0.0009914167591198128,0.0008052172068273806,0.0009914167591198123,0.0013889472319944306,0.6111111111111112,1.3503893865013825,2,-0.00806236886287166,0.011999608915890848
CANDIDATE_FIRST_60M,2024-12,SOLUSDT,0.0004,20,0.004625105610914265,0.0011195259427900343,0.004420862039368878,0.004832661143029248,0.55,2.404692310351769,5,-0.01172909171234465,0.02388993868015475
CANDIDATE_FIRST_60M,2024-12,SOLUSDT,0.0006,20,0.004425105610914265,0.0009195259427900344,0.0042208620393688785,0.004632661143029247,0.55,2.3081922131808694,5,-0.011929091712344651,0.023689938680154753
CANDIDATE_FIRST_60M,2024-12,SOLUSDT,0.0008,20,0.004225105610914266,0.0007195259427900342,0.004020862039368879,0.004432661143029249,0.55,2.2166941207180137,5,-0.012129091712344652,0.023489938680154754
CANDIDATE_FIRST_60M,2025-01,BNBUSDT,0.0004,15,0.000573681542390481,0.0002173490129943726,0.0005736815423904807,0.00041719009166040725,0.5333333333333333,1.2869656699272318,2,-0.004831220596488284,0.008346274409166599
CANDIDATE_FIRST_60M,2025-01,BNBUSDT,0.0006,15,0.00037368154239048116,1.7349012994372667e-05,0.00037368154239048116,0.00021719009166040748,0.5333333333333333,1.178584552427571,2,-0.0050312205964882836,0.008146274409166598
CANDIDATE_FIRST_60M,2025-01,BNBUSDT,0.0008,15,0.0001736815423904807,-0.00018265098700562742,0.00017368154239048096,1.7190091660407122e-05,0.4666666666666667,1.0790189636846765,2,-0.005231220596488284,0.007946274409166598
CANDIDATE_FIRST_60M,2025-01,BTCUSDT,0.0004,26,0.0017591075724135718,0.0009100371543618428,0.001272195491171577,0.001299089139590493,0.5769230769230769,1.5125247456799487,2,-0.008708317996756408,0.011853253861503666
CANDIDATE_FIRST_60M,2025-01,BTCUSDT,0.0006,26,0.0015591075724135709,0.0007100371543618429,0.0010721954911715771,0.0010990891395904927,0.5384615384615384,1.4427581215770424,4,-0.008908317996756409,0.011653253861503666
CANDIDATE_FIRST_60M,2025-01,BTCUSDT,0.0008,26,0.0013591075724135716,0.0005100371543618428,0.0008721954911715769,0.0008990891395904929,0.5,1.3755831271980257,4,-0.00910831799675641,0.011453253861503665
CANDIDATE_FIRST_60M,2025-01,ETHUSDT,0.0004,25,4.5655156376485405e-05,0.0011709316110308347,-4.577385529727293e-05,1.819675925806164e-05,0.52,1.0109179575572764,3,-0.012766860733263007,0.008562380182281174
CANDIDATE_FIRST_60M,2025-01,ETHUSDT,0.0006,25,-0.00015434484362351425,0.0009709316110308347,-0.000245773855297274,-0.00018180324074193856,0.52,0.9639183705947437,3,-0.012966860733263008,0.008362380182281174
CANDIDATE_FIRST_60M,2025-01,ETHUSDT,0.0008,25,-0.0003543448436235145,0.0007709316110308346,-0.0004457738552972732,-0.0003818032407419387,0.52,0.9189820273160754,3,-0.013166860733263008,0.008162380182281173
CANDIDATE_FIRST_60M,2025-01,SOLUSDT,0.0004,30,0.0058936066661335156,0.006517078552276302,0.006247011006040894,0.0062431826972843135,0.7,3.875525573593757,2,-0.004824308277387689,0.019288419857687256
CANDIDATE_FIRST_60M,2025-01,SOLUSDT,0.0006,30,0.005693606666133522,0.006317078552276301,0.006047011006040895,0.00604318269728432,0.6,3.6913306414102687,3,-0.005024308277387688,0.019088419857687257
CANDIDATE_FIRST_60M,2025-01,SOLUSDT,0.0008,30,0.00549360666613352,0.006117078552276301,0.005847011006040895,0.005843182697284318,0.6,3.5021711537384306,3,-0.005224308277387689,0.018888419857687258
CANDIDATE_FIRST_60M,2025-02,BNBUSDT,0.0004,23,0.0016406165179251163,-0.0005152339248675638,0.0012379386710626558,0.0012737180142286413,0.4782608695652174,1.5368886530314088,3,-0.010234381682659376,0.014238673277840787
CANDIDATE_FIRST_60M,2025-02,BNBUSDT,0.0006,23,0.001440616517925116,-0.0007152339248675637,0.0010379386710626555,0.0010737180142286413,0.4782608695652174,1.4558720806645584,3,-0.010434381682659376,0.014038673277840787
CANDIDATE_FIRST_60M,2025-02,BNBUSDT,0.0008,23,0.0012406165179251155,-0.0009152339248675638,0.0008379386710626549,0.0008737180142286408,0.4782608695652174,1.3800348326787797,3,-0.010634381682659377,0.013838673277840786
CANDIDATE_FIRST_60M,2025-02,BTCUSDT,0.0004,30,-0.0011070166632580643,-0.001196164508706565,-0.0009684779910474142,-0.0008083369653117261,0.36666666666666664,0.675683530979557,4,-0.008400813095393155,0.007934795296095693
CANDIDATE_FIRST_60M,2025-02,BTCUSDT,0.0006,30,-0.0013070166632580644,-0.0013961645087065648,-0.001168477991047415,-0.0010083369653117256,0.3333333333333333,0.6309822990007783,4,-0.008600813095393156,0.007734795296095693
CANDIDATE_FIRST_60M,2025-02,BTCUSDT,0.0008,30,-0.0015070166632580643,-0.001596164508706565,-0.0013684779910474142,-0.0012083369653117266,0.3333333333333333,0.5899513169691329,4,-0.008800813095393156,0.007534795296095693
CANDIDATE_FIRST_60M,2025-02,ETHUSDT,0.0004,18,-0.0028683632317728584,-0.0039552731585125065,-0.0028683632317728584,-0.0027670253748092654,0.2777777777777778,0.47925601231122,7,-0.01136081589844101,0.00992363793991647
CANDIDATE_FIRST_60M,2025-02,ETHUSDT,0.0006,18,-0.0030683632317728585,-0.004155273158512506,-0.0030683632317728585,-0.002967025374809266,0.2777777777777778,0.4571811455105296,7,-0.011560815898441011,0.00972363793991647
CANDIDATE_FIRST_60M,2025-02,ETHUSDT,0.0008,18,-0.003268363231772859,-0.004355273158512507,-0.0032683632317728572,-0.003167025374809266,0.2777777777777778,0.4362063448520411,7,-0.011760815898441012,0.00952363793991647
CANDIDATE_FIRST_60M,2025-02,SOLUSDT,0.0004,26,-0.0009022081336144531,-0.0010649451455807975,-0.0013653638347390065,-0.0014037958677193727,0.46153846153846156,0.829934511815728,3,-0.01563926614154181,0.010987399124188625
CANDIDATE_FIRST_60M,2025-02,SOLUSDT,0.0006,26,-0.0011022081336144519,-0.0012649451455807974,-0.0015653638347390062,-0.0016037958677193721,0.4230769230769231,0.7965734795770677,3,-0.015839266141541807,0.010787399124188624
CANDIDATE_FIRST_60M,2025-02,SOLUSDT,0.0008,26,-0.0013022081336144524,-0.0014649451455807975,-0.001765363834739006,-0.0018037958677193724,0.4230769230769231,0.7646724028081229,3,-0.016039266141541806,0.010587399124188624
CANDIDATE_FIRST_60M,2025-03,BNBUSDT,0.0004,13,-0.003021887329640748,-0.002278196187819592,-0.0030218873296407483,-0.003000788639986141,0.46153846153846156,0.3943596090749163,3,-0.016406512555863763,0.005673822942152242
CANDIDATE_FIRST_60M,2025-03,BNBUSDT,0.0006,13,-0.0032218873296407497,-0.0024781961878195917,-0.0032218873296407497,-0.0032007886399861435,0.46153846153846156,0.36791853457280405,3,-0.01660651255586376,0.005473822942152242
CANDIDATE_FIRST_60M,2025-03,BNBUSDT,0.0008,13,-0.00342188732964075,-0.002678196187819592,-0.003421887329640748,-0.0034007886399861427,0.46153846153846156,0.34257160922290314,3,-0.01680651255586376,0.005273822942152242
CANDIDATE_FIRST_60M,2025-03,BTCUSDT,0.0004,16,-0.004021758182295384,-0.0031748954926148374,-0.004021758182295384,-0.004202739401008069,0.25,0.2533846284893885,9,-0.014656378015754246,0.004596662725547884
CANDIDATE_FIRST_60M,2025-03,BTCUSDT,0.0006,16,-0.004221758182295383,-0.003374895492614837,-0.004221758182295383,-0.004402739401008068,0.25,0.23748916079095594,9,-0.014856378015754245,0.004396662725547885
CANDIDATE_FIRST_60M,2025-03,BTCUSDT,0.0008,16,-0.004421758182295383,-0.0035748954926148376,-0.004421758182295382,-0.0046027394010080686,0.25,0.22243226017707282,9,-0.015056378015754244,0.004196662725547884
CANDIDATE_FIRST_60M,2025-03,ETHUSDT,0.0004,19,-0.0013089346590984638,-0.0015805804197834168,-0.0013089346590984628,-0.0019594986321675592,0.2631578947368421,0.7467077870179541,7,-0.010047002391988523,0.007233099277128561
CANDIDATE_FIRST_60M,2025-03,ETHUSDT,0.0006,19,-0.001508934659098465,-0.0017805804197834167,-0.001508934659098465,-0.0021594986321675606,0.2631578947368421,0.7161017556866472,7,-0.010247002391988523,0.0070330992771285615
CANDIDATE_FIRST_60M,2025-03,ETHUSDT,0.0008,19,-0.0017089346590984655,-0.001980580419783417,-0.001708934659098465,-0.0023594986321675607,0.2631578947368421,0.6871471389471707,7,-0.010447002391988524,0.006833099277128561
CANDIDATE_FIRST_60M,2025-03,SOLUSDT,0.0004,12,0.0007442569337660571,-0.0035296113228647672,0.0007442569337660574,-0.0025681467468287034,0.3333333333333333,1.078312774570869,3,-0.034712760931445846,0.013132140053447032
CANDIDATE_FIRST_60M,2025-03,SOLUSDT,0.0006,12,0.0005442569337660552,-0.003729611322864767,0.000544256933766054,-0.002768146746828705,0.3333333333333333,1.0564758811937163,3,-0.03491276093144585,0.012932140053447031
CANDIDATE_FIRST_60M,2025-03,SOLUSDT,0.0008,12,0.0003442569337660558,-0.003929611322864767,0.0003442569337660563,-0.0029681467468287057,0.3333333333333333,1.035234994455089,3,-0.03511276093144585,0.012732140053447031
CANDIDATE_FIRST_60M,2025-04,BNBUSDT,0.0004,17,-5.6317651755528754e-05,0.00018434680983165952,-5.63176517555287e-05,-4.513266190811856e-05,0.5294117647058824,0.9754484105006056,4,-0.00572183025543651,0.006488774192009972
CANDIDATE_FIRST_60M,2025-04,BNBUSDT,0.0006,17,-0.0002563176517555286,-1.5653190168340406e-05,-0.0002563176517555286,-0.00024513266190811833,0.47058823529411764,0.8927041962534884,4,-0.00592183025543651,0.006288774192009973
CANDIDATE_FIRST_60M,2025-04,BNBUSDT,0.0008,17,-0.0004563176517555289,-0.0002156531901683405,-0.00045631765175552913,-0.00044513266190811864,0.47058823529411764,0.8170903137848231,4,-0.0061218302554365105,0.006088774192009972
CANDIDATE_FIRST_60M,2025-04,BTCUSDT,0.0004,24,-0.0007868077838921577,-0.0015210624321907891,-0.0007341919634305858,-0.0007409377202894036,0.3333333333333333,0.7474576319558067,6,-0.008199718860916848,0.008321153260863978
CANDIDATE_FIRST_60M,2025-04,BTCUSDT,0.0006,24,-0.0009868077838921577,-0.001721062432190789,-0.0009341919634305872,-0.0009409377202894035,0.3333333333333333,0.6962622558907511,6,-0.008399718860916849,0.008121153260863977
CANDIDATE_FIRST_60M,2025-04,BTCUSDT,0.0008,24,-0.0011868077838921582,-0.001921062432190789,-0.0011341919634305876,-0.0011409377202894037,0.3333333333333333,0.6491033183727972,6,-0.00859971886091685,0.007921153260863976
CANDIDATE_FIRST_60M,2025-04,ETHUSDT,0.0004,24,0.0031359818653996074,-0.0012128297059245006,0.00219270682549484,0.002646782868715499,0.4583333333333333,1.6919793993093757,5,-0.010665845911778804,0.022716300316605983
CANDIDATE_FIRST_60M,2025-04,ETHUSDT,0.0006,24,0.0029359818653996064,-0.0014128297059245003,0.001992706825494839,0.0024467828687155,0.4583333333333333,1.6327228105300102,5,-0.010865845911778804,0.022516300316605984
CANDIDATE_FIRST_60M,2025-04,ETHUSDT,0.0008,24,0.0027359818653996068,-0.0016128297059245004,0.0017927068254948392,0.0022467828687154994,0.4583333333333333,1.5761699693879658,5,-0.011065845911778805,0.022316300316605985
CANDIDATE_FIRST_60M,2025-04,SOLUSDT,0.0004,20,0.0046643690161596255,0.0011800314093393775,0.003957176032005109,0.004977694403930736,0.55,1.9959948107696073,5,-0.010144345028858736,0.020069456919147226
CANDIDATE_FIRST_60M,2025-04,SOLUSDT,0.0006,20,0.004464369016159624,0.0009800314093393776,0.003757176032005108,0.004777694403930734,0.55,1.9353134996508077,5,-0.010344345028858736,0.019869456919147228
CANDIDATE_FIRST_60M,2025-04,SOLUSDT,0.0008,20,0.004264369016159626,0.0007800314093393775,0.003557176032005108,0.004577694403930736,0.55,1.8768781999252626,5,-0.010544345028858735,0.01966945691914723
CANDIDATE_FIRST_60M,2025-05,BNBUSDT,0.0004,23,0.0006513995601467752,0.0010004500322575275,0.0006153634210798261,0.0005575360924599941,0.6086956521739131,1.3412928405992608,2,-0.0064603097066825875,0.0074888387960168066
CANDIDATE_FIRST_60M,2025-05,BNBUSDT,0.0006,23,0.0004513995601467757,0.0008004500322575276,0.0004153634210798265,0.0003575360924599943,0.5652173913043478,1.2265068707542746,3,-0.006660309706682587,0.007288838796016807
CANDIDATE_FIRST_60M,2025-05,BNBUSDT,0.0008,23,0.0002513995601467757,0.0006004500322575275,0.00021536342107982635,0.00015753609245999404,0.5652173913043478,1.1208750460012202,3,-0.006860309706682588,0.007088838796016806
CANDIDATE_FIRST_60M,2025-05,BTCUSDT,0.0004,27,-0.000922112323219094,-0.0011802891985243532,-0.0009875236466183955,-0.0010157369617712286,0.4444444444444444,0.5580765352186796,6,-0.00639338548580346,0.003842644183025757
CANDIDATE_FIRST_60M,2025-05,BTCUSDT,0.0006,27,-0.001122112323219094,-0.001380289198524353,-0.0011875236466183951,-0.0012157369617712282,0.4074074074074074,0.490208271694558,6,-0.006593385485803459,0.0036426441830257573
CANDIDATE_FIRST_60M,2025-05,BTCUSDT,0.0008,27,-0.0013221123232190946,-0.0015802891985243531,-0.0013875236466183956,-0.0014157369617712285,0.2962962962962963,0.43196963355121165,7,-0.00679338548580346,0.0034426441830257572
CANDIDATE_FIRST_60M,2025-05,ETHUSDT,0.0004,26,0.001274108486119763,0.0002907698629021741,0.001257606655440023,0.0012993662867648718,0.5384615384615384,1.4278197839976403,4,-0.008106891990667097,0.012520263170948077
CANDIDATE_FIRST_60M,2025-05,ETHUSDT,0.0006,26,0.0010741084861197632,9.076986290217418e-05,0.0010576066554400232,0.0010993662867648719,0.5,1.349694564945923,4,-0.008306891990667097,0.012320263170948077
CANDIDATE_FIRST_60M,2025-05,ETHUSDT,0.0008,26,0.0008741084861197632,-0.00010923013709782591,0.0008576066554400229,0.0008993662867648719,0.5,1.2756082102297093,4,-0.008506891990667098,0.012120263170948076
CANDIDATE_FIRST_60M,2025-05,SOLUSDT,0.0004,19,0.0013504805279533868,0.00018316594310880985,0.0013504805279533872,0.000963368500745207,0.5263157894736842,1.6665196819886192,3,-0.007202306452126005,0.009017753678999745
CANDIDATE_FIRST_60M,2025-05,SOLUSDT,0.0006,19,0.0011504805279533876,-1.6834056891190077e-05,0.0011504805279533876,0.0007633685007452074,0.47368421052631576,1.5422215829733443,3,-0.007402306452126006,0.008817753678999746
CANDIDATE_FIRST_60M,2025-05,SOLUSDT,0.0008,19,0.0009504805279533874,-0.00021683405689119017,0.0009504805279533874,0.0005633685007452069,0.47368421052631576,1.426788364152738,3,-0.007602306452126006,0.008617753678999746
CANDIDATE_FIRST_60M,2025-06,BNBUSDT,0.0004,14,0.00018359891309056595,0.0009732422732909422,0.00018359891309056598,0.00019620000773827644,0.5714285714285714,1.1342864655336524,2,-0.004620479212051098,0.0043664570781008615
CANDIDATE_FIRST_60M,2025-06,BNBUSDT,0.0006,14,-1.6401086909433732e-05,0.0007732422732909422,-1.6401086909433732e-05,-3.7999922617232605e-06,0.5714285714285714,0.9887117357865307,2,-0.004820479212051098,0.004166457078100862
CANDIDATE_FIRST_60M,2025-06,BNBUSDT,0.0008,14,-0.0002164010869094341,0.0005732422732909421,-0.000216401086909434,-0.0002037999922617236,0.5714285714285714,0.8593562363407873,2,-0.0050204792120510985,0.003966457078100861
CANDIDATE_FIRST_60M,2025-06,BTCUSDT,0.0004,21,0.0009567717629151278,0.0010628306752515475,0.0009134467249687387,0.0008367739881121612,0.6190476190476191,1.7299591077485448,5,-0.005764217619496015,0.0061774045158897286
CANDIDATE_FIRST_60M,2025-06,BTCUSDT,0.0006,21,0.000756771762915128,0.0008628306752515475,0.000713446724968739,0.0006367739881121615,0.5714285714285714,1.5455311516028507,5,-0.005964217619496014,0.005977404515889729
CANDIDATE_FIRST_60M,2025-06,BTCUSDT,0.0008,21,0.0005567717629151275,0.0006628306752515474,0.0005134467249687387,0.00043677398811216105,0.5714285714285714,1.378001748915948,5,-0.006164217619496015,0.005777404515889728
CANDIDATE_FIRST_60M,2025-06,ETHUSDT,0.0004,19,0.0013251497051148253,0.00018558294782451446,0.0013251497051148247,0.0021125639679604492,0.5263157894736842,1.4468607576498962,2,-0.00615395587511871,0.01364599031193725
CANDIDATE_FIRST_60M,2025-06,ETHUSDT,0.0006,19,0.0011251497051148252,-1.441705217548547e-05,0.0011251497051148252,0.0019125639679604491,0.47368421052631576,1.3675806486966817,2,-0.00635395587511871,0.01344599031193725
CANDIDATE_FIRST_60M,2025-06,ETHUSDT,0.0008,19,0.0009251497051148248,-0.00021441705217548556,0.0009251497051148251,0.0017125639679604488,0.47368421052631576,1.2921934510146902,2,-0.00655395587511871,0.01324599031193725
CANDIDATE_FIRST_60M,2025-06,SOLUSDT,0.0004,17,0.004765299234250909,0.003904635761589459,0.0047652992342509075,0.0047474195966952255,0.7058823529411765,3.4328715005618107,2,-0.007910202562679313,0.017154551160715226
CANDIDATE_FIRST_60M,2025-06,SOLUSDT,0.0006,17,0.004565299234250909,0.0037046357615894594,0.004565299234250909,0.004547419596695225,0.7058823529411765,3.2628076977176614,2,-0.008110202562679313,0.016954551160715228
CANDIDATE_FIRST_60M,2025-06,SOLUSDT,0.0008,17,0.004365299234250908,0.0035046357615894593,0.004365299234250909,0.004347419596695225,0.7058823529411765,3.1023797465280887,2,-0.008310202562679314,0.01675455116071523
CANDIDATE_FIRST_60M,2025-07,BNBUSDT,0.0004,27,0.0018247851863583393,0.0010177559758414838,0.001467071613077913,0.001587351039907155,0.5925925925925926,3.748500463449923,5,-0.0017928101627068256,0.006848256349929609
CANDIDATE_FIRST_60M,2025-07,BNBUSDT,0.0006,27,0.0016247851863583388,0.0008177559758414838,0.0012670716130779131,0.0013873510399071548,0.5555555555555556,3.177578592013497,8,-0.0019928101627068257,0.006648256349929609
CANDIDATE_FIRST_60M,2025-07,BNBUSDT,0.0008,27,0.0014247851863583392,0.0006177559758414837,0.0010670716130779128,0.0011873510399071545,0.5555555555555556,2.706264248843709,8,-0.0021928101627068253,0.006448256349929608
CANDIDATE_FIRST_60M,2025-07,BTCUSDT,0.0004,20,-0.0005718012779906299,-0.000541104428230232,-0.0005089998172954583,-0.0005356558509701098,0.45,0.6011156142353812,3,-0.004567512624021486,0.0030506929233881544
CANDIDATE_FIRST_60M,2025-07,BTCUSDT,0.0006,20,-0.0007718012779906296,-0.000741104428230232,-0.0007089998172954581,-0.0007356558509701096,0.45,0.4999671931222404,3,-0.004767512624021485,0.0028506929233881547
CANDIDATE_FIRST_60M,2025-07,BTCUSDT,0.0008,20,-0.0009718012779906298,-0.0009411044282302321,-0.0009089998172954582,-0.0009356558509701097,0.4,0.4157900906443341,3,-0.004967512624021486,0.0026506929233881546
CANDIDATE_FIRST_60M,2025-07,ETHUSDT,0.0004,26,-0.0004532556685542542,-0.0010431794774991452,-0.00159033167720226,-0.0016381668485514341,0.5,0.8681087411165709,4,-0.01024830739382353,0.005920383886833203
CANDIDATE_FIRST_60M,2025-07,ETHUSDT,0.0006,26,-0.0006532556685542548,-0.001243179477499145,-0.0017903316772022598,-0.0018381668485514342,0.4230769230769231,0.8154933659475454,4,-0.01044830739382353,0.005720383886833203
CANDIDATE_FIRST_60M,2025-07,ETHUSDT,0.0008,26,-0.0008532556685542547,-0.001443179477499145,-0.0019903316772022605,-0.0020381668485514345,0.4230769230769231,0.7666110403810076,4,-0.01064830739382353,0.005520383886833203
CANDIDATE_FIRST_60M,2025-07,SOLUSDT,0.0004,15,0.0001282022119004635,-0.0012597959417632195,0.00012820221190046322,-0.0002336175646036687,0.4,1.0696612185397976,6,-0.00505004370420552,0.004112289256855073
CANDIDATE_FIRST_60M,2025-07,SOLUSDT,0.0006,15,-7.179778809953616e-05,-0.0014597959417632193,-7.179778809953616e-05,-0.0004336175646036686,0.4,0.9633753343463684,6,-0.00525004370420552,0.003912289256855073
CANDIDATE_FIRST_60M,2025-07,SOLUSDT,0.0008,15,-0.0002717977880995366,-0.0016597959417632194,-0.000271797788099536,-0.000633617564603669,0.4,0.8693510422091602,6,-0.00545004370420552,0.0037122892568550725
CANDIDATE_FIRST_60M,2025-08,BNBUSDT,0.0004,15,-0.0017588182657385513,-0.001025142077744889,-0.0017588182657385506,-0.001884342309602806,0.4666666666666667,0.5362291374690145,3,-0.009482266559355667,0.00755009924065244
CANDIDATE_FIRST_60M,2025-08,BNBUSDT,0.0006,15,-0.0019588182657385524,-0.001225142077744889,-0.0019588182657385533,-0.0020843423096028064,0.4,0.4990820288163309,4,-0.009682266559355668,0.0073500992406524395
CANDIDATE_FIRST_60M,2025-08,BNBUSDT,0.0008,15,-0.002158818265738553,-0.001425142077744889,-0.0021588182657385534,-0.0022843423096028073,0.4,0.4643738460987846,4,-0.009882266559355668,0.007150099240652439
CANDIDATE_FIRST_60M,2025-08,BTCUSDT,0.0004,19,0.001010697195742482,-0.000505991015999618,0.001010697195742482,0.00025533482585937234,0.42105263157894735,1.5316309008782445,3,-0.005238153059021022,0.006904358674857791
CANDIDATE_FIRST_60M,2025-08,BTCUSDT,0.0006,19,0.0008106971957424825,-0.000705991015999618,0.0008106971957424825,5.533482585937266e-05,0.3684210526315789,1.4010638808281872,3,-0.005438153059021022,0.006704358674857792
CANDIDATE_FIRST_60M,2025-08,BTCUSDT,0.0008,19,0.0006106971957424822,-0.0009059910159996181,0.000610697195742482,-0.00014466517414062776,0.3684210526315789,1.284351705994298,3,-0.005638153059021022,0.006504358674857791
CANDIDATE_FIRST_60M,2025-08,ETHUSDT,0.0004,18,0.002727406052466161,0.00010026859253993198,0.0027274060524661607,1.5871816170897511e-06,0.5,1.9096830887770966,3,-0.008834437681484153,0.007660842414759551
CANDIDATE_FIRST_60M,2025-08,ETHUSDT,0.0006,18,0.0025274060524661593,-9.97314074600679e-05,0.00252740605246616,-0.00019841281838291,0.5,1.8157676197796013,3,-0.009034437681484153,0.007460842414759551
CANDIDATE_FIRST_60M,2025-08,ETHUSDT,0.0008,18,0.0023274060524661605,-0.000299731407460068,0.00232740605246616,-0.0003984128183829102,0.5,1.7277251828450568,3,-0.009234437681484154,0.0072608424147595505
CANDIDATE_FIRST_60M,2025-08,SOLUSDT,0.0004,16,0.001202715438778206,-0.002584118920158962,0.001202715438778206,-8.952102228910216e-05,0.375,1.2563513461419902,4,-0.011022759274042547,0.01239416555609436
CANDIDATE_FIRST_60M,2025-08,SOLUSDT,0.0006,16,0.0010027154387782056,-0.0027841189201589615,0.0010027154387782051,-0.00028952102228910204,0.375,1.2081761527550687,4,-0.011222759274042548,0.012194165556094361
CANDIDATE_FIRST_60M,2025-08,SOLUSDT,0.0008,16,0.0008027154387782055,-0.0029841189201589616,0.000802715438778205,-0.0004895210222891023,0.375,1.1624381522449052,4,-0.011422759274042548,0.011994165556094363
CANDIDATE_FIRST_60M,2025-09,BNBUSDT,0.0004,21,0.0015666350284982429,0.0004017662096211353,0.0012046240484899857,0.0013935416075764352,0.5238095238095238,2.381648356643974,2,-0.003079146742632366,0.008781088080479683
CANDIDATE_FIRST_60M,2025-09,BNBUSDT,0.0006,21,0.0013666350284982432,0.00020176620962113537,0.001004624048489986,0.0011935416075764353,0.5238095238095238,2.1118750158362465,2,-0.0032791467426323655,0.008581088080479683
CANDIDATE_FIRST_60M,2025-09,BNBUSDT,0.0008,21,0.0011666350284982431,1.766209621135279e-06,0.0008046240484899858,0.0009935416075764353,0.5238095238095238,1.8809017147361315,2,-0.0034791467426323656,0.008381088080479682
CANDIDATE_FIRST_60M,2025-09,BTCUSDT,0.0004,21,-0.0007602610586009492,-0.000900526847656002,-0.0009507269353536821,-0.000956818283026165,0.42857142857142855,0.6088734034045246,4,-0.00533244692258199,0.0029227981364669644
CANDIDATE_FIRST_60M,2025-09,BTCUSDT,0.0006,21,-0.0009602610586009487,-0.001100526847656002,-0.0011507269353536818,-0.0011568182830261643,0.42857142857142855,0.533414007368882,4,-0.00553244692258199,0.0027227981364669647
CANDIDATE_FIRST_60M,2025-09,BTCUSDT,0.0008,21,-0.0011602610586009486,-0.001300526847656002,-0.001350726935353682,-0.0013568182830261649,0.42857142857142855,0.4658943592805586,4,-0.00573244692258199,0.0025227981364669646
CANDIDATE_FIRST_60M,2025-09,ETHUSDT,0.0004,16,-0.0019368567903416077,-0.0009634807583085876,-0.0019368567903416075,-0.002076408564751793,0.375,0.42253056231348174,5,-0.009157140167705512,0.004211888226477179
CANDIDATE_FIRST_60M,2025-09,ETHUSDT,0.0006,16,-0.0021368567903416076,-0.0011634807583085875,-0.0021368567903416076,-0.002276408564751793,0.375,0.3857916216575826,5,-0.009357140167705513,0.004011888226477179
CANDIDATE_FIRST_60M,2025-09,ETHUSDT,0.0008,16,-0.002336856790341608,-0.0013634807583085876,-0.002336856790341608,-0.0024764085647517933,0.375,0.35160113492532413,5,-0.009557140167705513,0.0038118882264771784
CANDIDATE_FIRST_60M,2025-09,SOLUSDT,0.0004,16,-0.0012283578359745478,-0.0009135566246277646,-0.0012283578359745476,-0.0011368457666460655,0.5,0.6976685574601471,3,-0.010973961259619901,0.008151322942590312
CANDIDATE_FIRST_60M,2025-09,SOLUSDT,0.0006,16,-0.0014283578359745482,-0.0011135566246277644,-0.0014283578359745482,-0.0013368457666460658,0.5,0.6568881457144438,3,-0.011173961259619902,0.007951322942590312
CANDIDATE_FIRST_60M,2025-09,SOLUSDT,0.0008,16,-0.0016283578359745485,-0.0013135566246277645,-0.0016283578359745487,-0.0015368457666460663,0.4375,0.6189950022531687,3,-0.011373961259619902,0.007751322942590311
CANDIDATE_FIRST_60M,2025-10,BNBUSDT,0.0004,22,0.0011464303988852253,-0.0017654644601696077,0.0006610228006428021,0.0010770692648549706,0.4090909090909091,1.4269678343873775,4,-0.006371812814335809,0.013110312161943017
CANDIDATE_FIRST_60M,2025-10,BNBUSDT,0.0006,22,0.0009464303988852257,-0.0019654644601696074,0.00046102280064280255,0.0008770692648549711,0.4090909090909091,1.3376210502677173,4,-0.006571812814335809,0.012910312161943016
CANDIDATE_FIRST_60M,2025-10,BNBUSDT,0.0008,22,0.0007464303988852253,-0.0021654644601696075,0.00026102280064280197,0.0006770692648549708,0.4090909090909091,1.255503069183721,4,-0.006771812814335809,0.012710312161943016
CANDIDATE_FIRST_60M,2025-10,BTCUSDT,0.0004,23,-0.0009801972361171208,-0.0004657131153136703,-0.0002315051662850136,-0.00022640198700372098,0.43478260869565216,0.6942563517488767,4,-0.006870424242761963,0.008124364622971171
CANDIDATE_FIRST_60M,2025-10,BTCUSDT,0.0006,23,-0.0011801972361171209,-0.0006657131153136702,-0.0004315051662850137,-0.0004264019870037209,0.43478260869565216,0.6444105359623332,4,-0.007070424242761963,0.007924364622971171
CANDIDATE_FIRST_60M,2025-10,BTCUSDT,0.0008,23,-0.001380197236117121,-0.0008657131153136703,-0.0006315051662850143,-0.0006264019870037213,0.43478260869565216,0.5978483404434299,4,-0.0072704242427619635,0.007724364622971171
CANDIDATE_FIRST_60M,2025-10,ETHUSDT,0.0004,28,-0.002354073706969685,-0.003196729601989623,-0.0021597147488184704,-0.0021745344475230625,0.42857142857142855,0.6173271783604538,5,-0.014290405095148938,0.008926271289228805
CANDIDATE_FIRST_60M,2025-10,ETHUSDT,0.0006,28,-0.002554073706969687,-0.0033967296019896225,-0.002359714748818471,-0.0023745344475230635,0.39285714285714285,0.5927307707430132,5,-0.014490405095148939,0.008726271289228805
CANDIDATE_FIRST_60M,2025-10,ETHUSDT,0.0008,28,-0.002754073706969686,-0.003596729601989623,-0.00255971474881847,-0.0025745344475230627,0.39285714285714285,0.569180915204443,5,-0.014690405095148937,0.008526271289228804
CANDIDATE_FIRST_60M,2025-10,SOLUSDT,0.0004,14,0.0032518135587621144,-0.005847551280573004,0.003251813558762113,-0.00046344754319003806,0.35714285714285715,1.5937499727068825,3,-0.010384177272444017,0.009027424691644217
CANDIDATE_FIRST_60M,2025-10,SOLUSDT,0.0006,14,0.0030518135587621095,-0.006047551280573004,0.0030518135587621104,-0.0006634475431900386,0.35714285714285715,1.5444504215421968,3,-0.010584177272444017,0.008827424691644216
CANDIDATE_FIRST_60M,2025-10,SOLUSDT,0.0008,14,0.002851813558762112,-0.0062475512805730046,0.0028518135587621125,-0.0008634475431900389,0.35714285714285715,1.497361768339844,3,-0.010784177272444018,0.008627424691644216
CANDIDATE_FIRST_60M,2025-11,BNBUSDT,0.0004,27,0.0015052899731521077,0.0006025224759071527,0.0012550993481318968,0.0014143005161217127,0.5555555555555556,1.825993869232824,4,-0.005704663378695973,0.011933622921630617
CANDIDATE_FIRST_60M,2025-11,BNBUSDT,0.0006,27,0.0013052899731521078,0.00040252247590715276,0.0010550993481318967,0.0012143005161217126,0.5555555555555556,1.6829375808493983,4,-0.005904663378695972,0.011733622921630616
CANDIDATE_FIRST_60M,2025-11,BNBUSDT,0.0008,27,0.0011052899731521077,0.00020252247590715267,0.0008550993481318964,0.0010143005161217127,0.5185185185185185,1.5522667401166723,4,-0.006104663378695973,0.011533622921630616
CANDIDATE_FIRST_60M,2025-11,BTCUSDT,0.0004,20,0.0020270715996520143,0.0010183725844649775,0.0016613657534034264,0.0018265157630503331,0.6,2.2396317725886177,3,-0.004489634710871226,0.011447949991358434
CANDIDATE_FIRST_60M,2025-11,BTCUSDT,0.0006,20,0.0018270715996520144,0.0008183725844649775,0.0014613657534034265,0.0016265157630503332,0.6,2.065210759188836,3,-0.004689634710871225,0.011247949991358433
CANDIDATE_FIRST_60M,2025-11,BTCUSDT,0.0008,20,0.0016270715996520141,0.0006183725844649775,0.001261365753403426,0.0014265157630503331,0.6,1.906335110953425,3,-0.004889634710871226,0.011047949991358432
CANDIDATE_FIRST_60M,2025-11,ETHUSDT,0.0004,26,0.0011762601896971136,-0.0012707915883247041,0.00021257653035752547,0.00030557200017412194,0.34615384615384615,1.4374104618906305,4,-0.007384858231759927,0.011395749912188237
CANDIDATE_FIRST_60M,2025-11,ETHUSDT,0.0006,26,0.0009762601896971129,-0.001470791588324704,1.2576530357525512e-05,0.00010557200017412203,0.34615384615384615,1.346202076929224,4,-0.007584858231759927,0.011195749912188236
CANDIDATE_FIRST_60M,2025-11,ETHUSDT,0.0008,26,0.0007762601896971126,-0.001670791588324704,-0.000187423469642475,-9.442799982587821e-05,0.34615384615384615,1.263078090169233,4,-0.007784858231759928,0.010995749912188236
CANDIDATE_FIRST_60M,2025-11,SOLUSDT,0.0004,28,0.0005086185642882154,-9.374563497670485e-05,-2.0419929241149057e-05,-3.144709602221596e-06,0.5,1.1592236928889719,5,-0.011746814282841233,0.013307182514927442
CANDIDATE_FIRST_60M,2025-11,SOLUSDT,0.0006,28,0.0003086185642882153,-0.0002937456349767048,-0.00022041992924114905,-0.00020314470960222157,0.4642857142857143,1.0935656372924258,5,-0.011946814282841233,0.013107182514927441
CANDIDATE_FIRST_60M,2025-11,SOLUSDT,0.0008,28,0.00010861856428821531,-0.0004937456349767049,-0.0004204199292411493,-0.0004031447096022219,0.4642857142857143,1.0318944734683784,5,-0.012146814282841234,0.01290718251492744
CANDIDATE_FIRST_60M,2025-12,BNBUSDT,0.0004,23,-0.0012291750385944426,-0.0015561537806229482,-0.0014157674971260208,-0.0013076527284007085,0.391304347826087,0.5016521938114638,4,-0.0056978604279419144,0.004906031439016846
CANDIDATE_FIRST_60M,2025-12,BNBUSDT,0.0006,23,-0.001429175038594442,-0.001756153780622948,-0.0016157674971260217,-0.0015076527284007082,0.391304347826087,0.447819628296862,4,-0.005897860427941914,0.004706031439016847
CANDIDATE_FIRST_60M,2025-12,BNBUSDT,0.0008,23,-0.0016291750385944428,-0.001956153780622948,-0.0018157674971260218,-0.001707652728400708,0.34782608695652173,0.39995924486488965,4,-0.006097860427941915,0.004506031439016846
CANDIDATE_FIRST_60M,2025-12,BTCUSDT,0.0004,28,-0.0010431522364474884,-0.001140454624759801,-0.0010199373691462965,-0.0009557543379950194,0.42857142857142855,0.6611134753102784,3,-0.007676964185037626,0.00700040279041243
CANDIDATE_FIRST_60M,2025-12,BTCUSDT,0.0006,28,-0.0012431522364474885,-0.0013404546247598008,-0.0012199373691462968,-0.001155754337995019,0.39285714285714285,0.6108499725969038,5,-0.007876964185037626,0.0068004027904124305
CANDIDATE_FIRST_60M,2025-12,BTCUSDT,0.0008,28,-0.0014431522364474886,-0.0015404546247598009,-0.0014199373691462973,-0.0013557543379950194,0.39285714285714285,0.5647860757826089,5,-0.008076964185037627,0.00660040279041243
CANDIDATE_FIRST_60M,2025-12,ETHUSDT,0.0004,35,-0.0021149661927108284,-0.0023399704815122878,-0.0023098475888780555,-0.00227491060380478,0.2571428571428571,0.5433608347340497,6,-0.01179926741434649,0.011574836523822993
CANDIDATE_FIRST_60M,2025-12,ETHUSDT,0.0006,35,-0.0023149661927108285,-0.0025399704815122874,-0.0025098475888780556,-0.00247491060380478,0.2571428571428571,0.5157139821458889,6,-0.01199926741434649,0.011374836523822993
CANDIDATE_FIRST_60M,2025-12,ETHUSDT,0.0008,35,-0.002514966192710828,-0.0027399704815122875,-0.002709847588878055,-0.0026749106038047796,0.2571428571428571,0.4897338991073287,6,-0.012199267414346491,0.011174836523822992
CANDIDATE_FIRST_60M,2025-12,SOLUSDT,0.0004,28,-0.0010865272964028709,-0.0031718448117737273,-0.0018122427722576972,-0.0016931750445065823,0.32142857142857145,0.7725406044873889,6,-0.011058772321782139,0.011314890577987558
CANDIDATE_FIRST_60M,2025-12,SOLUSDT,0.0006,28,-0.0012865272964028705,-0.003371844811773727,-0.0020122427722576975,-0.0018931750445065829,0.2857142857142857,0.7382247608670878,7,-0.01125877232178214,0.011114890577987558
CANDIDATE_FIRST_60M,2025-12,SOLUSDT,0.0008,28,-0.0014865272964028709,-0.0035718448117737275,-0.0022122427722576967,-0.002093175044506583,0.2857142857142857,0.706073679992439,7,-0.01145877232178214,0.010914890577987557
CANDIDATE_FIRST_60M,2026-01,BNBUSDT,0.0004,31,-0.0014883219657831303,-0.0014174164186942391,-0.0014507379447114626,-0.0015027814268550876,0.3870967741935484,0.5175188441644025,4,-0.008735610822629013,0.006752698048220385
CANDIDATE_FIRST_60M,2026-01,BNBUSDT,0.0006,31,-0.0016883219657831308,-0.001617416418694239,-0.0016507379447114636,-0.001702781426855088,0.3548387096774194,0.4744744281240151,4,-0.008935610822629014,0.006552698048220385
CANDIDATE_FIRST_60M,2026-01,BNBUSDT,0.0008,31,-0.0018883219657831306,-0.001817416418694239,-0.0018507379447114626,-0.0019027814268550878,0.3225806451612903,0.43537051483200684,4,-0.009135610822629014,0.006352698048220385
CANDIDATE_FIRST_60M,2026-01,BTCUSDT,0.0004,26,-0.0006597332233539734,-0.0008257474440693687,-0.0008051740254555762,-0.0008850259289138198,0.46153846153846156,0.7631654004645595,9,-0.008417028958766658,0.007189288759075163
CANDIDATE_FIRST_60M,2026-01,BTCUSDT,0.0006,26,-0.0008597332233539732,-0.0010257474440693685,-0.0010051740254555762,-0.0010850259289138197,0.46153846153846156,0.7028559001719075,9,-0.008617028958766659,0.006989288759075164
CANDIDATE_FIRST_60M,2026-01,BTCUSDT,0.0008,26,-0.0010597332233539735,-0.0012257474440693686,-0.0012051740254555767,-0.0012850259289138204,0.46153846153846156,0.6468748509008545,9,-0.00881702895876666,0.006789288759075163
CANDIDATE_FIRST_60M,2026-01,ETHUSDT,0.0004,36,-0.0022203167806039963,-0.0033878341331391336,-0.0022799817590177063,-0.0024184824971159352,0.2777777777777778,0.5239151424333875,7,-0.010993530950213092,0.007803620466055495
CANDIDATE_FIRST_60M,2026-01,ETHUSDT,0.0006,36,-0.002420316780603996,-0.003587834133139133,-0.002479981759017706,-0.0026184824971159353,0.2777777777777778,0.49662141228832357,7,-0.011193530950213092,0.007603620466055495
CANDIDATE_FIRST_60M,2026-01,ETHUSDT,0.0008,36,-0.002620316780603995,-0.0037878341331391333,-0.002679981759017705,-0.002818482497115935,0.2777777777777778,0.4709197496698383,7,-0.011393530950213093,0.007403620466055494
CANDIDATE_FIRST_60M,2026-01,SOLUSDT,0.0004,36,-0.0006628629926034062,-0.0022472527707095733,-0.0008906084057992735,-0.0008469018560750313,0.4166666666666667,0.8001204917483612,3,-0.008463440614449357,0.00896973157499077
CANDIDATE_FIRST_60M,2026-01,SOLUSDT,0.0006,36,-0.0008628629926034062,-0.002447252770709573,-0.0010906084057992736,-0.0010469018560750312,0.3333333333333333,0.7490878922406812,6,-0.008663440614449357,0.00876973157499077
CANDIDATE_FIRST_60M,2026-01,SOLUSDT,0.0008,36,-0.001062862992603407,-0.002647252770709573,-0.001290608405799274,-0.001246901856075032,0.3333333333333333,0.7024658530846158,6,-0.008863440614449358,0.008569731574990769
CANDIDATE_FIRST_60M,2026-02,BNBUSDT,0.0004,24,-0.0003534106049680943,-8.851663929220171e-05,-0.001859722441300103,-0.0017839836505250534,0.5,0.9147418576878575,6,-0.010873422307198065,0.005065045787444421
CANDIDATE_FIRST_60M,2026-02,BNBUSDT,0.0006,24,-0.000553410604968096,-0.0002885166392922017,-0.002059722441300105,-0.001983983650525054,0.5,0.8696379871917872,6,-0.011073422307198065,0.0048650457874444214
CANDIDATE_FIRST_60M,2026-02,BNBUSDT,0.0008,24,-0.0007534106049680954,-0.0004885166392922017,-0.0022597224413001033,-0.002183983650525054,0.5,0.8266101567681288,6,-0.011273422307198066,0.004665045787444421
CANDIDATE_FIRST_60M,2026-02,BTCUSDT,0.0004,25,-0.0003820840887074344,-0.0005339123745933701,-0.001703424537252029,-0.0018812767295020988,0.44,0.8984510208292783,3,-0.014873320035196723,0.005646575375709251
CANDIDATE_FIRST_60M,2026-02,BTCUSDT,0.0006,25,-0.0005820840887074348,-0.0007339123745933701,-0.0019034245372520312,-0.0020812767295020984,0.44,0.8497676780178347,3,-0.015073320035196723,0.005446575375709251
CANDIDATE_FIRST_60M,2026-02,BTCUSDT,0.0008,25,-0.0007820840887074345,-0.0009339123745933702,-0.0021034245372520293,-0.002281276729502098,0.4,0.8038937613980637,4,-0.015273320035196724,0.005246575375709251
CANDIDATE_FIRST_60M,2026-02,ETHUSDT,0.0004,33,0.0011882532935633295,0.0028616873375350684,0.0008232558056830689,0.0006528171211576002,0.6060606060606061,1.3223797680827825,4,-0.01395898591857052,0.01127001296480703
CANDIDATE_FIRST_60M,2026-02,ETHUSDT,0.0006,33,0.0009882532935633294,0.0026616873375350687,0.0006232558056830687,0.0004528171211576006,0.6060606060606061,1.2625073977300656,4,-0.01415898591857052,0.01107001296480703
CANDIDATE_FIRST_60M,2026-02,ETHUSDT,0.0008,33,0.0007882532935633291,0.0024616873375350686,0.0004232558056830684,0.0002528171211576004,0.6060606060606061,1.2050897019043367,4,-0.014358985918570521,0.01087001296480703
CANDIDATE_FIRST_60M,2026-02,SOLUSDT,0.0004,31,-0.0003336519198882052,-0.001559689203293568,-0.002419969135020633,-0.0023604888826695017,0.41935483870967744,0.9315344079663405,7,-0.013545539906103342,0.005124306950582591
CANDIDATE_FIRST_60M,2026-02,SOLUSDT,0.0006,31,-0.0005336519198882055,-0.0017596892032935678,-0.0026199691350206338,-0.002560488882669503,0.41935483870967744,0.8930430353316715,7,-0.013745539906103343,0.004924306950582592
CANDIDATE_FIRST_60M,2026-02,SOLUSDT,0.0008,31,-0.0007336519198882049,-0.001959689203293568,-0.0028199691350206326,-0.002760488882669501,0.3870967741935484,0.8563918966435308,7,-0.013945539906103343,0.004724306950582591
CANDIDATE_FIRST_60M,2026-03,BNBUSDT,0.0004,20,0.00026124656628483415,-0.0006602783690136001,-0.0003104442802397669,-0.00014618193470420927,0.45,1.1122100121675698,5,-0.006970929092909461,0.007128687463539766
CANDIDATE_FIRST_60M,2026-03,BNBUSDT,0.0006,20,6.124656628483452e-05,-0.0008602783690136,-0.0005104442802397665,-0.000346181934704209,0.4,1.0251145167398492,7,-0.007170929092909461,0.006928687463539767
CANDIDATE_FIRST_60M,2026-03,BNBUSDT,0.0008,20,-0.0001387534337151658,-0.0010602783690136,-0.0007104442802397671,-0.0005461819347042094,0.4,0.9457717286722501,7,-0.007370929092909461,0.006728687463539766
CANDIDATE_FIRST_60M,2026-03,BTCUSDT,0.0004,23,-0.0007728309213991743,-0.00020283212503007208,-0.0009548735255996907,-0.000965976408144318,0.4782608695652174,0.7527344396208707,3,-0.01052458955189872,0.007546042716711911
CANDIDATE_FIRST_60M,2026-03,BTCUSDT,0.0006,23,-0.0009728309213991746,-0.000402832125030072,-0.0011548735255996919,-0.0011659764081443182,0.4782608695652174,0.6988006757143486,3,-0.01072458955189872,0.007346042716711912
CANDIDATE_FIRST_60M,2026-03,BTCUSDT,0.0008,23,-0.0011728309213991748,-0.0006028321250300721,-0.0013548735255996922,-0.0013659764081443188,0.43478260869565216,0.6483919884269012,3,-0.010924589551898721,0.007146042716711911
CANDIDATE_FIRST_60M,2026-03,ETHUSDT,0.0004,30,0.0006254711247142425,-0.002813640294953168,0.00027510112185891937,0.0004816204117834884,0.3333333333333333,1.1749879193036774,5,-0.010169418402213713,0.015937462819790516
CANDIDATE_FIRST_60M,2026-03,ETHUSDT,0.0006,30,0.0004254711247142427,-0.0030136402949531675,7.510112185891907e-05,0.00028162041178348844,0.3333333333333333,1.1147533602060227,5,-0.010369418402213714,0.015737462819790517
CANDIDATE_FIRST_60M,2026-03,ETHUSDT,0.0008,30,0.0002254711247142427,-0.0032136402949531676,-0.0001248988781410807,8.162041178348824e-05,0.3333333333333333,1.0587006304182698,5,-0.010569418402213714,0.015537462819790517
CANDIDATE_FIRST_60M,2026-03,SOLUSDT,0.0004,22,-0.003281369437586827,-0.004336855542359674,-0.0038102428050884583,-0.0034528991252613123,0.2727272727272727,0.4279731884973698,4,-0.01296158865437108,0.00865509577067677
CANDIDATE_FIRST_60M,2026-03,SOLUSDT,0.0006,22,-0.0034813694375868285,-0.004536855542359674,-0.00401024280508846,-0.0036528991252613137,0.2727272727272727,0.4081161385652299,4,-0.01316158865437108,0.00845509577067677
CANDIDATE_FIRST_60M,2026-03,SOLUSDT,0.0008,22,-0.0036813694375868273,-0.004736855542359674,-0.004210242805088459,-0.0038528991252613125,0.2727272727272727,0.3892174939361331,4,-0.01336158865437108,0.00825509577067677
CANDIDATE_FIRST_60M,2026-04,BNBUSDT,0.0004,19,8.08462019374752e-05,0.00033141258029640886,8.084620193747502e-05,1.4118917308541995e-05,0.5789473684210527,1.0674960409737049,3,-0.003596988227667741,0.0027998638549352247
CANDIDATE_FIRST_60M,2026-04,BNBUSDT,0.0006,19,-0.00011915379806252464,0.00013141258029640893,-0.00011915379806252464,-0.0001858810826914577,0.5263157894736842,0.9071597891817235,5,-0.003796988227667741,0.002599863854935225
CANDIDATE_FIRST_60M,2026-04,BNBUSDT,0.0008,19,-0.0003191537980625249,-6.858741970359116e-05,-0.0003191537980625249,-0.00038588108269145793,0.42105263157894735,0.7694480119294758,6,-0.0039969882276677405,0.002399863854935225
CANDIDATE_FIRST_60M,2026-04,BTCUSDT,0.0004,18,-0.00018817175488615068,-0.0007712348927832343,-0.0001881717548861504,-0.00012474005052044558,0.4444444444444444,0.9243016650470998,2,-0.007685286541711255,0.00788593307547947
CANDIDATE_FIRST_60M,2026-04,BTCUSDT,0.0006,18,-0.00038817175488615053,-0.0009712348927832341,-0.00038817175488615053,-0.0003247400505204454,0.4444444444444444,0.8505262245262665,2,-0.007885286541711256,0.007685933075479469
CANDIDATE_FIRST_60M,2026-04,BTCUSDT,0.0008,18,-0.0005881717548861511,-0.0011712348927832342,-0.0005881717548861512,-0.0005247400505204459,0.4444444444444444,0.7828048242990212,2,-0.008085286541711256,0.007485933075479468
CANDIDATE_FIRST_60M,2026-04,ETHUSDT,0.0004,22,0.00044841204215981636,-0.00028455577591017766,0.0002373293784889325,0.0005723912870354726,0.4090909090909091,1.1464011775766085,5,-0.008667756066635855,0.011676997728351568
CANDIDATE_FIRST_60M,2026-04,ETHUSDT,0.0006,22,0.0002484120421598166,-0.0004845557759101776,3.732937848893222e-05,0.0003723912870354727,0.4090909090909091,1.078090449363104,5,-0.008867756066635856,0.011476997728351567
CANDIDATE_FIRST_60M,2026-04,ETHUSDT,0.0008,22,4.841204215981644e-05,-0.0006845557759101777,-0.00016267062151106832,0.00017239128703547263,0.36363636363636365,1.0146554892801847,5,-0.009067756066635856,0.011276997728351567
CANDIDATE_FIRST_60M,2026-04,SOLUSDT,0.0004,18,-0.0019448197867206138,-0.003904392298552539,-0.0019448197867206142,-0.0014926992308863542,0.4444444444444444,0.5763180523908555,2,-0.010866486002263085,0.01088893326753635
CANDIDATE_FIRST_60M,2026-04,SOLUSDT,0.0006,18,-0.0021448197867206145,-0.004104392298552539,-0.0021448197867206145,-0.0016926992308863547,0.3888888888888889,0.5440076579443159,4,-0.011066486002263086,0.01068893326753635
CANDIDATE_FIRST_60M,2026-04,SOLUSDT,0.0008,18,-0.0023448197867206146,-0.004304392298552539,-0.002344819786720614,-0.0018926992308863548,0.3333333333333333,0.5144796178330824,4,-0.011266486002263086,0.01048893326753635
CANDIDATE_FIRST_60M,2026-05,BNBUSDT,0.0004,29,0.0002627030938328955,0.0009385630681110872,0.000757353304521709,0.0005801861544444641,0.6206896551724138,1.114655112524382,3,-0.004457276402312303,0.00646131366106939
CANDIDATE_FIRST_60M,2026-05,BNBUSDT,0.0006,29,6.270309383289576e-05,0.0007385630681110872,0.0005573533045217093,0.00038018615444446413,0.5862068965517241,1.0264812767560554,3,-0.0046572764023123025,0.00626131366106939
CANDIDATE_FIRST_60M,2026-05,BNBUSDT,0.0008,29,-0.0001372969061671044,0.0005385630681110871,0.00035735330452170915,0.0001801861544444639,0.5517241379310345,0.9440921971190874,3,-0.004857276402312302,0.00606131366106939
CANDIDATE_FIRST_60M,2026-05,BTCUSDT,0.0004,28,0.0004908462290474244,-0.000727365194479956,0.00041767693331791223,0.0004971874496510379,0.42857142857142855,1.3621665074658786,5,-0.003657299823104509,0.005930198676190602
CANDIDATE_FIRST_60M,2026-05,BTCUSDT,0.0006,28,0.00029084622904742473,-0.0009273651944799559,0.00021767693331791252,0.0002971874496510382,0.42857142857142855,1.1979096246988186,5,-0.003857299823104509,0.005730198676190602
CANDIDATE_FIRST_60M,2026-05,BTCUSDT,0.0008,28,9.084622904742448e-05,-0.001127365194479956,1.7676933317912126e-05,9.718744965103796e-05,0.42857142857142855,1.0573568768058874,5,-0.004057299823104509,0.005530198676190602
CANDIDATE_FIRST_60M,2026-05,ETHUSDT,0.0004,21,-0.0007706915147774376,-0.0016992353322018868,-0.0011200968569471542,-0.001003852005283541,0.3333333333333333,0.6914284649743908,5,-0.004962062112299925,0.0030899830774173244
CANDIDATE_FIRST_60M,2026-05,ETHUSDT,0.0006,21,-0.0009706915147774371,-0.0018992353322018866,-0.0013200968569471543,-0.0012038520052835406,0.3333333333333333,0.6310481843656729,5,-0.005162062112299925,0.0028899830774173248
CANDIDATE_FIRST_60M,2026-05,ETHUSDT,0.0008,21,-0.0011706915147774372,-0.0020992353322018867,-0.0015200968569471548,-0.0014038520052835407,0.2857142857142857,0.5777411974603246,5,-0.005362062112299925,0.0026899830774173247
CANDIDATE_FIRST_60M,2026-05,SOLUSDT,0.0004,26,-0.00026318561655557627,-0.0005748256492361544,-0.00014304682828849427,-0.00011972587420215432,0.46153846153846156,0.851316662090494,4,-0.003436645700821794,0.005396292622031962
CANDIDATE_FIRST_60M,2026-05,SOLUSDT,0.0006,26,-0.00046318561655557614,-0.0007748256492361543,-0.0003430468282884941,-0.00031972587420215417,0.46153846153846156,0.7533361078802184,4,-0.003636645700821794,0.005196292622031962
CANDIDATE_FIRST_60M,2026-05,SOLUSDT,0.0008,26,-0.0006631856165555763,-0.0009748256492361543,-0.0005430468282884944,-0.0005197258742021544,0.38461538461538464,0.6669313208276532,5,-0.003836645700821794,0.004996292622031962
CANDIDATE_FIRST_60M,2026-06,BNBUSDT,0.0004,17,0.0007739798943556561,-0.0008677334769604968,0.0007739798943556563,0.0010972677768450196,0.47058823529411764,1.268360015715297,3,-0.007865968874625406,0.010383493158984972
CANDIDATE_FIRST_60M,2026-06,BNBUSDT,0.0006,17,0.0005739798943556566,-0.0010677334769604967,0.0005739798943556566,0.0008972677768450199,0.47058823529411764,1.191966989419897,3,-0.008065968874625407,0.010183493158984973
CANDIDATE_FIRST_60M,2026-06,BNBUSDT,0.0008,17,0.0003739798943556563,-0.0012677334769604968,0.0003739798943556563,0.0006972677768450195,0.47058823529411764,1.1207994152310654,3,-0.008265968874625407,0.00998349315898497
CANDIDATE_FIRST_60M,2026-06,BTCUSDT,0.0004,37,8.043382488283468e-06,-0.0014639888834192978,-0.00024478723356953513,-0.0002937048134066526,0.3783783783783784,1.0028417782445238,6,-0.007056246879600313,0.009742574028624107
CANDIDATE_FIRST_60M,2026-06,BTCUSDT,0.0006,37,-0.00019195661751171647,-0.0016639888834192977,-0.0004447872335695351,-0.0004937048134066527,0.35135135135135137,0.9351304177419956,6,-0.007256246879600314,0.009542574028624106
CANDIDATE_FIRST_60M,2026-06,BTCUSDT,0.0008,37,-0.00039195661751171673,-0.0018639888834192978,-0.0006447872335695353,-0.0006937048134066528,0.35135135135135137,0.8731057960563097,6,-0.007456246879600314,0.009342574028624106
CANDIDATE_FIRST_60M,2026-06,ETHUSDT,0.0004,43,-5.69626306999422e-05,-0.001617566050003005,-0.0003455631130104586,-7.642529086654637e-05,0.4418604651162791,0.9840485264443296,3,-0.011271354854637105,0.012222728670436321
CANDIDATE_FIRST_60M,2026-06,ETHUSDT,0.0006,43,-0.00025696263069994215,-0.0018175660500030048,-0.0005455631130104592,-0.0002764252908665461,0.4418604651162791,0.9302229296255806,3,-0.011471354854637105,0.012022728670436321
CANDIDATE_FIRST_60M,2026-06,ETHUSDT,0.0008,43,-0.00045696263069994224,-0.002017566050003005,-0.0007455631130104581,-0.00047642529086654607,0.4418604651162791,0.8795644607428045,3,-0.011671354854637106,0.01182272867043632
CANDIDATE_FIRST_60M,2026-06,SOLUSDT,0.0004,43,0.0010493582635686877,0.000295507024620845,0.0006455391531731697,0.00093819714185731,0.5348837209302325,1.3004545132158363,3,-0.011200156845312037,0.014716801558745022
CANDIDATE_FIRST_60M,2026-06,SOLUSDT,0.0006,43,0.0008493582635686872,9.550702462084507e-05,0.000445539153173169,0.0007381971418573097,0.5116279069767442,1.2366658168907678,3,-0.011400156845312037,0.014516801558745022
CANDIDATE_FIRST_60M,2026-06,SOLUSDT,0.0008,43,0.0006493582635686873,-0.00010449297537915502,0.00024553915317316905,0.0005381971418573096,0.4883720930232558,1.176027694747347,4,-0.011600156845312038,0.014316801558745021
CANDIDATE_FIRST_60M,2026-07,BNBUSDT,0.0004,23,-0.0007328613509561539,-0.000889775927513314,-0.0007824703569430336,-0.0007402067801323872,0.30434782608695654,0.5312601151546642,5,-0.0036977611590791825,0.0033336807071601814
CANDIDATE_FIRST_60M,2026-07,BNBUSDT,0.0006,23,-0.0009328613509561536,-0.0010897759275133138,-0.0009824703569430331,-0.000940206780132387,0.30434782608695654,0.45209655370094504,5,-0.003897761159079182,0.0031336807071601818
CANDIDATE_FIRST_60M,2026-07,BNBUSDT,0.0008,23,-0.0011328613509561537,-0.001289775927513314,-0.0011824703569430336,-0.001140206780132387,0.30434782608695654,0.384893537851691,5,-0.004097761159079182,0.0029336807071601817
CANDIDATE_FIRST_60M,2026-07,BTCUSDT,0.0004,25,-0.00044729512881664464,-0.0006474507095413525,-0.0007531346253052075,-0.0007595321034436101,0.44,0.7651042029528197,3,-0.006081577479973643,0.004146089662572152
CANDIDATE_FIRST_60M,2026-07,BTCUSDT,0.0006,25,-0.0006472951288166444,-0.0008474507095413525,-0.0009531346253052079,-0.0009595321034436098,0.4,0.6795319460453861,5,-0.006281577479973642,0.003946089662572152
CANDIDATE_FIRST_60M,2026-07,BTCUSDT,0.0008,25,-0.0008472951288166449,-0.0010474507095413524,-0.0011531346253052083,-0.00115953210344361,0.4,0.6040386319040191,5,-0.006481577479973643,0.003746089662572152
CANDIDATE_FIRST_60M,2026-07,ETHUSDT,0.0004,29,-0.001837235951365728,-0.0031930769351471875,-0.00218027838324828,-0.0018875275264934395,0.27586206896551724,0.5492024634894694,5,-0.009084862771484147,0.006795672952941029
CANDIDATE_FIRST_60M,2026-07,ETHUSDT,0.0006,29,-0.0020372359513657285,-0.003393076935147187,-0.0023802783832482803,-0.0020875275264934396,0.27586206896551724,0.5172828249714452,5,-0.009284862771484147,0.00659567295294103
CANDIDATE_FIRST_60M,2026-07,ETHUSDT,0.0008,29,-0.0022372359513657277,-0.0035930769351471873,-0.0025802783832482796,-0.0022875275264934397,0.2413793103448276,0.4875514501582326,5,-0.009484862771484148,0.00639567295294103
CANDIDATE_FIRST_60M,2026-07,SOLUSDT,0.0004,19,-0.0021348339855307,-0.001179423226812237,-0.0021348339855307,-0.0021085584961271927,0.2631578947368421,0.3311177934570169,5,-0.00946829898422512,0.004725624101147917
CANDIDATE_FIRST_60M,2026-07,SOLUSDT,0.0006,19,-0.0023348339855307015,-0.0013794232268122368,-0.0023348339855307015,-0.002308558496127194,0.2631578947368421,0.3007411827038274,5,-0.00966829898422512,0.004525624101147917
CANDIDATE_FIRST_60M,2026-07,SOLUSDT,0.0008,19,-0.0025348339855307015,-0.001579423226812237,-0.0025348339855307015,-0.0025085584961271946,0.2631578947368421,0.27293259487534255,5,-0.00986829898422512,0.004325624101147917
LEGACY_EVENT_FIRST_60M,2024-01,BNBUSDT,0.0004,9,0.0004920472851126568,0.0014226585233267479,0.0004920472851126568,0.0004898443606470662,0.5555555555555556,1.2041089214504204,2,-0.006858322259506311,0.006417639937800335
LEGACY_EVENT_FIRST_60M,2024-01,BNBUSDT,0.0006,9,0.0002920472851126566,0.001222658523326748,0.0002920472851126566,0.00028984436064706694,0.5555555555555556,1.1168376904375874,2,-0.00705832225950631,0.006217639937800335
LEGACY_EVENT_FIRST_60M,2024-01,BNBUSDT,0.0008,9,9.204728511265614e-05,0.001022658523326748,9.20472851126561e-05,8.984436064706666e-05,0.5555555555555556,1.0355602638188848,2,-0.007258322259506311,0.006017639937800335
LEGACY_EVENT_FIRST_60M,2024-01,BTCUSDT,0.0004,5,-0.00571762767827164,0.0034064906790669093,-0.005717627678271639,-0.004482325211913671,0.6,0.4286522819251704,2,-0.028467564022329278,0.009381993321221806
LEGACY_EVENT_FIRST_60M,2024-01,BTCUSDT,0.0006,5,-0.005917627678271644,0.0032064906790669097,-0.005917627678271644,-0.0046823252119136734,0.6,0.4133565410326745,2,-0.028667564022329284,0.009181993321221806
LEGACY_EVENT_FIRST_60M,2024-01,BTCUSDT,0.0008,5,-0.0061176276782716425,0.0030064906790669096,-0.006117627678271643,-0.004882325211913675,0.6,0.39830150584496526,2,-0.028867564022329283,0.008981993321221805
LEGACY_EVENT_FIRST_60M,2024-01,ETHUSDT,0.0004,7,-0.0010393101606680783,-0.001151818675004956,-0.0010393101606680781,-0.000897642563219517,0.2857142857142857,0.49589220243499416,4,-0.004631654056189282,0.0034960750543568068
LEGACY_EVENT_FIRST_60M,2024-01,ETHUSDT,0.0006,7,-0.001239310160668078,-0.0013518186750049559,-0.001239310160668078,-0.0010976425632195166,0.2857142857142857,0.43783717580085035,4,-0.004831654056189282,0.003296075054356807
LEGACY_EVENT_FIRST_60M,2024-01,ETHUSDT,0.0008,7,-0.0014393101606680783,-0.001551818675004956,-0.0014393101606680783,-0.0012976425632195171,0.2857142857142857,0.3868483390245668,4,-0.005031654056189282,0.003096075054356807
LEGACY_EVENT_FIRST_60M,2024-01,SOLUSDT,0.0004,6,-0.012349843592377827,-0.002633443395735224,-0.012349843592377827,-0.010818822245294244,0.5,0.19399823120992055,2,-0.042252040641186026,0.007835953259787766
LEGACY_EVENT_FIRST_60M,2024-01,SOLUSDT,0.0006,6,-0.012549843592377832,-0.002833443395735224,-0.012549843592377832,-0.01101882224529425,0.5,0.1862562333846493,2,-0.04245204064118603,0.007635953259787765
LEGACY_EVENT_FIRST_60M,2024-01,SOLUSDT,0.0008,6,-0.01274984359237783,-0.0030334433957352244,-0.012749843592377826,-0.011218822245294247,0.5,0.178613988449193,2,-0.04265204064118602,0.007435953259787765
LEGACY_EVENT_FIRST_60M,2024-02,BNBUSDT,0.0004,12,0.0016311449648377864,-1.7477737330839514e-05,0.001631144964837787,0.0014392868652484056,0.5,1.8432135739376854,3,-0.004342622224781101,0.009408643593028534
LEGACY_EVENT_FIRST_60M,2024-02,BNBUSDT,0.0006,12,0.0014311449648377872,-0.0002174777373308394,0.0014311449648377872,0.0012392868652484062,0.5,1.7034593713585608,3,-0.0045426222247811005,0.009208643593028533
LEGACY_EVENT_FIRST_60M,2024-02,BNBUSDT,0.0008,12,0.0012311449648377873,-0.0004174777373308395,0.0012311449648377867,0.001039286865248406,0.5,1.5768003401669963,3,-0.004742622224781101,0.009008643593028533
LEGACY_EVENT_FIRST_60M,2024-02,BTCUSDT,0.0004,18,0.0012044351798940409,-0.0016529362699223447,0.001204435179894041,0.0010987337575059499,0.3333333333333333,1.4240565833408152,5,-0.007832418292005294,0.014870184073523057
LEGACY_EVENT_FIRST_60M,2024-02,BTCUSDT,0.0006,18,0.001004435179894041,-0.0018529362699223444,0.001004435179894041,0.0008987337575059499,0.3333333333333333,1.3377838524224386,5,-0.008032418292005294,0.014670184073523058
LEGACY_EVENT_FIRST_60M,2024-02,BTCUSDT,0.0008,18,0.0008044351798940407,-0.0020529362699223445,0.0008044351798940406,0.0006987337575059492,0.3333333333333333,1.2589158626549999,5,-0.008232418292005295,0.014470184073523058
LEGACY_EVENT_FIRST_60M,2024-02,ETHUSDT,0.0004,12,-0.000594479956790922,-0.00035844950138979003,-0.0005944799567909223,-0.00028492947673422665,0.4166666666666667,0.7738044709809389,2,-0.004759971920718154,0.005098169990076529
LEGACY_EVENT_FIRST_60M,2024-02,ETHUSDT,0.0006,12,-0.0007944799567909215,-0.00055844950138979,-0.0007944799567909215,-0.00048492947673422636,0.4166666666666667,0.7105545804968122,2,-0.004959971920718153,0.004898169990076529
LEGACY_EVENT_FIRST_60M,2024-02,ETHUSDT,0.0008,12,-0.0009944799567909218,-0.00075844950138979,-0.0009944799567909214,-0.0006849294767342267,0.3333333333333333,0.653291556589598,5,-0.005159971920718154,0.004698169990076529
LEGACY_EVENT_FIRST_60M,2024-02,SOLUSDT,0.0004,10,0.0011606466834343976,-0.0006340349594405767,0.0011606466834343976,0.001382208770356623,0.5,1.3784068037929744,2,-0.007681672993792299,0.010241117440607385
LEGACY_EVENT_FIRST_60M,2024-02,SOLUSDT,0.0006,10,0.000960646683434397,-0.0008340349594405765,0.000960646683434397,0.0011822087703566224,0.5,1.3033117010896074,2,-0.007881672993792298,0.010041117440607384
LEGACY_EVENT_FIRST_60M,2024-02,SOLUSDT,0.0008,10,0.0007606466834343964,-0.0010340349594405765,0.0007606466834343964,0.0009822087703566218,0.5,1.2328135171292816,2,-0.008081672993792298,0.009841117440607384
LEGACY_EVENT_FIRST_60M,2024-03,BNBUSDT,0.0004,10,0.0051615307727481035,0.007331425458597841,0.005161530772748102,0.0054681693780138565,0.8,3.2130751898136296,1,-0.007741998428919671,0.01573085146674367
LEGACY_EVENT_FIRST_60M,2024-03,BNBUSDT,0.0006,10,0.004961530772748102,0.0071314254585978405,0.004961530772748102,0.005268169378013855,0.8,3.091452986211739,1,-0.007941998428919671,0.015530851466743666
LEGACY_EVENT_FIRST_60M,2024-03,BNBUSDT,0.0008,10,0.0047615307727481015,0.00693142545859784,0.004761530772748103,0.005068169378013855,0.8,2.9738642033811695,1,-0.008141998428919672,0.015330851466743666
LEGACY_EVENT_FIRST_60M,2024-03,BTCUSDT,0.0004,12,7.913363511746974e-05,0.0012404260522831502,7.913363511746908e-05,0.0006171271863615449,0.5,1.0216711225674682,3,-0.008602383496703957,0.010783580000329576
LEGACY_EVENT_FIRST_60M,2024-03,BTCUSDT,0.0006,12,-0.00012086636488253001,0.0010404260522831506,-0.0001208663648825303,0.0004171271863615446,0.5,0.9677824633567356,3,-0.008802383496703958,0.010583580000329575
LEGACY_EVENT_FIRST_60M,2024-03,BTCUSDT,0.0008,12,-0.0003208663648825302,0.0008404260522831505,-0.0003208663648825304,0.0002171271863615447,0.5,0.9166920734293316,3,-0.009002383496703958,0.010383580000329575
LEGACY_EVENT_FIRST_60M,2024-03,ETHUSDT,0.0004,14,0.00153932811885699,-0.00115650506823971,0.0015393281188569902,0.0012996406581114368,0.42857142857142855,1.6289138073670666,3,-0.007852103157762746,0.009823170792992643
LEGACY_EVENT_FIRST_60M,2024-03,ETHUSDT,0.0006,14,0.0013393281188569899,-0.00135650506823971,0.0013393281188569899,0.0010996406581114367,0.42857142857142855,1.5227903826353657,3,-0.008052103157762745,0.009623170792992642
LEGACY_EVENT_FIRST_60M,2024-03,ETHUSDT,0.0008,14,0.0011393281188569894,-0.00155650506823971,0.0011393281188569891,0.0008996406581114362,0.42857142857142855,1.425730951900466,3,-0.008252103157762746,0.009423170792992642
LEGACY_EVENT_FIRST_60M,2024-03,SOLUSDT,0.0004,11,-0.008252190449731833,-0.010355120359037117,-0.008252190449731831,-0.008233037038380608,0.36363636363636365,0.3309985261602602,3,-0.03258374172867266,0.014061729074889852
LEGACY_EVENT_FIRST_60M,2024-03,SOLUSDT,0.0006,11,-0.008452190449731835,-0.010555120359037117,-0.008452190449731837,-0.00843303703838061,0.36363636363636365,0.32178242477623403,3,-0.03278374172867267,0.013861729074889851
LEGACY_EVENT_FIRST_60M,2024-03,SOLUSDT,0.0008,11,-0.008652190449731834,-0.010755120359037118,-0.008652190449731834,-0.008633037038380609,0.36363636363636365,0.3127526606013624,3,-0.03298374172867267,0.01366172907488985
LEGACY_EVENT_FIRST_60M,2024-04,BNBUSDT,0.0004,12,0.0009963585990416454,-0.0015834081343097824,0.0009963585990416452,0.0009689613088621907,0.4166666666666667,1.4225150565034095,5,-0.004802230679702323,0.008848116150838206
LEGACY_EVENT_FIRST_60M,2024-04,BNBUSDT,0.0006,12,0.0007963585990416454,-0.0017834081343097823,0.0007963585990416454,0.0007689613088621908,0.4166666666666667,1.321783433967673,5,-0.005002230679702324,0.008648116150838206
LEGACY_EVENT_FIRST_60M,2024-04,BNBUSDT,0.0008,12,0.0005963585990416452,-0.0019834081343097824,0.0005963585990416448,0.0005689613088621903,0.4166666666666667,1.2301214989224531,5,-0.005202230679702324,0.008448116150838205
LEGACY_EVENT_FIRST_60M,2024-04,BTCUSDT,0.0004,9,0.005300099046981149,0.0027190334529409556,0.005300099046981149,0.004872643243092699,0.8888888888888888,6.930010744965057,1,-0.0013024933248284125,0.013180514684219572
LEGACY_EVENT_FIRST_60M,2024-04,BTCUSDT,0.0006,9,0.0051000990469811484,0.002519033452940956,0.0051000990469811484,0.0046726432430926985,0.8888888888888888,6.567806818016772,1,-0.0015024933248284126,0.012980514684219572
LEGACY_EVENT_FIRST_60M,2024-04,BTCUSDT,0.0008,9,0.00490009904698115,0.002319033452940956,0.00490009904698115,0.0044726432430927,0.7777777777777778,6.212192318294013,1,-0.0017024933248284127,0.012780514684219571
LEGACY_EVENT_FIRST_60M,2024-04,ETHUSDT,0.0004,10,0.0038707620282764426,0.003162486141189591,0.003870762028276442,0.003789982776026335,0.7,5.48567189183264,2,-0.0022264158256478754,0.010484331883796093
LEGACY_EVENT_FIRST_60M,2024-04,ETHUSDT,0.0006,10,0.003670762028276442,0.0029624861411895916,0.0036707620282764425,0.0035899827760263354,0.7,4.977348423330457,2,-0.0024264158256478755,0.010284331883796093
LEGACY_EVENT_FIRST_60M,2024-04,ETHUSDT,0.0008,10,0.0034707620282764416,0.0027624861411895915,0.0034707620282764416,0.0033899827760263354,0.7,4.5310839315146545,2,-0.0026264158256478756,0.010084331883796092
LEGACY_EVENT_FIRST_60M,2024-04,SOLUSDT,0.0004,8,0.0061711570236712395,0.002117060310192387,0.0061711570236712395,0.005393537506388142,0.75,14.06160048016373,2,-0.001843339591044801,0.015929723619759504
LEGACY_EVENT_FIRST_60M,2024-04,SOLUSDT,0.0006,8,0.00597115702367124,0.0019170603101923873,0.00597115702367124,0.005193537506388142,0.625,12.088225603091663,2,-0.0020433395910448007,0.0157297236197595
LEGACY_EVENT_FIRST_60M,2024-04,SOLUSDT,0.0008,8,0.00577115702367124,0.0017170603101923873,0.00577115702367124,0.0049935375063881425,0.625,10.406734899178225,2,-0.002243339591044801,0.015529723619759503
LEGACY_EVENT_FIRST_60M,2024-05,BNBUSDT,0.0004,11,0.0011673678464863173,-0.0013532888465203504,0.001167367846486317,0.0013858313932455077,0.45454545454545453,1.4545752754430237,2,-0.007343341065810849,0.012649898691575913
LEGACY_EVENT_FIRST_60M,2024-05,BNBUSDT,0.0006,11,0.0009673678464863169,-0.0015532888465203502,0.0009673678464863169,0.0011858313932455074,0.45454545454545453,1.361344886088769,2,-0.007543341065810848,0.012449898691575912
LEGACY_EVENT_FIRST_60M,2024-05,BNBUSDT,0.0008,11,0.0007673678464863164,-0.0017532888465203503,0.0007673678464863162,0.0009858313932455069,0.45454545454545453,1.2754151251362749,2,-0.007743341065810849,0.012249898691575912
LEGACY_EVENT_FIRST_60M,2024-05,BTCUSDT,0.0004,13,-0.0014269128967816526,-0.0017903785225705123,-0.0014269128967816524,-0.001084703621531527,0.38461538461538464,0.6325092121553273,2,-0.010283935849658053,0.008595114738849576
LEGACY_EVENT_FIRST_60M,2024-05,BTCUSDT,0.0006,13,-0.0016269128967816525,-0.001990378522570512,-0.0016269128967816534,-0.0012847036215315269,0.38461538461538464,0.5938739020766272,2,-0.010483935849658052,0.008395114738849576
LEGACY_EVENT_FIRST_60M,2024-05,BTCUSDT,0.0008,13,-0.0018269128967816522,-0.0021903785225705122,-0.0018269128967816533,-0.0014847036215315272,0.38461538461538464,0.5575418647569008,2,-0.010683935849658054,0.008195114738849575
LEGACY_EVENT_FIRST_60M,2024-05,ETHUSDT,0.0004,18,0.003965966774707994,-0.00024857037160002054,0.003965966774707994,0.0026543377636788785,0.5,3.5931913539393285,5,-0.004536349941568618,0.012899619985890537
LEGACY_EVENT_FIRST_60M,2024-05,ETHUSDT,0.0006,18,0.003765966774707994,-0.0004485703716000205,0.003765966774707994,0.002454337763678878,0.4444444444444444,3.2985880860937242,5,-0.004736349941568617,0.012699619985890538
LEGACY_EVENT_FIRST_60M,2024-05,ETHUSDT,0.0008,18,0.0035659667747079938,-0.0006485703716000206,0.0035659667747079938,0.002254337763678878,0.3888888888888889,3.034815130392547,5,-0.004936349941568618,0.012499619985890538
LEGACY_EVENT_FIRST_60M,2024-05,SOLUSDT,0.0004,9,-0.0015525275661973255,-0.005775440954140776,-0.001552527566197325,-0.002174973681496708,0.4444444444444444,0.689335334993939,2,-0.010889816780048987,0.007657356644416028
LEGACY_EVENT_FIRST_60M,2024-05,SOLUSDT,0.0006,9,-0.0017525275661973254,-0.005975440954140775,-0.0017525275661973254,-0.0023749736814967083,0.4444444444444444,0.6569422458438463,2,-0.011089816780048988,0.0074573566444160275
LEGACY_EVENT_FIRST_60M,2024-05,SOLUSDT,0.0008,9,-0.0019525275661973253,-0.006175440954140776,-0.0019525275661973257,-0.0025749736814967084,0.4444444444444444,0.6259282624632686,2,-0.011289816780048988,0.007257356644416028
LEGACY_EVENT_FIRST_60M,2024-06,BNBUSDT,0.0004,6,0.006764425436246273,0.002681574597439074,0.006764425436246273,0.006035372536318276,0.8333333333333334,29.10133008274028,1,-0.0004599838910190775,0.01807168560231882
LEGACY_EVENT_FIRST_60M,2024-06,BNBUSDT,0.0006,6,0.006564425436246271,0.002481574597439074,0.006564425436246273,0.0058353725363182755,0.8333333333333334,24.953488871227396,1,-0.0006599838910190775,0.01787168560231882
LEGACY_EVENT_FIRST_60M,2024-06,BNBUSDT,0.0008,6,0.0063644254362462726,0.002281574597439074,0.0063644254362462726,0.005635372536318277,0.8333333333333334,21.70525338364347,1,-0.0008599838910190776,0.017671685602318823
LEGACY_EVENT_FIRST_60M,2024-06,BTCUSDT,0.0004,13,-0.0005769417199913859,-0.0010046875249293704,-0.0005769417199913863,-0.0006051939745868023,0.3076923076923077,0.5792483273093765,4,-0.003222761484288816,0.0026197317385912473
LEGACY_EVENT_FIRST_60M,2024-06,BTCUSDT,0.0006,13,-0.0007769417199913857,-0.0012046875249293702,-0.0007769417199913857,-0.0008051939745868018,0.3076923076923077,0.48535939620309854,4,-0.0034227614842888155,0.0024197317385912477
LEGACY_EVENT_FIRST_60M,2024-06,BTCUSDT,0.0008,13,-0.000976941719991386,-0.0014046875249293703,-0.0009769417199913858,-0.0010051939745868022,0.3076923076923077,0.407245833218399,4,-0.0036227614842888156,0.0022197317385912476
LEGACY_EVENT_FIRST_60M,2024-06,ETHUSDT,0.0004,10,0.0009272039079607497,0.00032364694169790853,0.0009272039079607497,0.0005759415679593949,0.6,1.4794619475168225,4,-0.005227602452164359,0.007455527297064309
LEGACY_EVENT_FIRST_60M,2024-06,ETHUSDT,0.0006,10,0.0007272039079607503,0.0001236469416979086,0.0007272039079607503,0.0003759415679593954,0.6,1.3611026658580618,4,-0.005427602452164359,0.00725552729706431
LEGACY_EVENT_FIRST_60M,2024-06,ETHUSDT,0.0008,10,0.0005272039079607501,-7.635305830209149e-05,0.0005272039079607498,0.00017594156795939513,0.4,1.2499647346219638,4,-0.0056276024521643596,0.00705552729706431
LEGACY_EVENT_FIRST_60M,2024-06,SOLUSDT,0.0004,7,0.004039275907939801,0.008542552182844788,0.0040392759079398,0.004346897990762225,0.7142857142857143,2.910638726049657,1,-0.006558777023357342,0.010681673678358152
LEGACY_EVENT_FIRST_60M,2024-06,SOLUSDT,0.0006,7,0.0038392759079397985,0.008342552182844788,0.0038392759079397994,0.004146897990762224,0.7142857142857143,2.7682411315511866,1,-0.006758777023357341,0.010481673678358151
LEGACY_EVENT_FIRST_60M,2024-06,SOLUSDT,0.0008,7,0.003639275907939798,0.008142552182844787,0.0036392759079397993,0.003946897990762223,0.7142857142857143,2.6331465956853135,1,-0.006958777023357341,0.01028167367835815
LEGACY_EVENT_FIRST_60M,2024-07,BNBUSDT,0.0004,15,0.0015171725042058065,8.210842082707648e-05,0.0015171725042058075,0.0016069367061810889,0.5333333333333333,1.6341047763044028,4,-0.00727034299392515,0.01613101370995129
LEGACY_EVENT_FIRST_60M,2024-07,BNBUSDT,0.0006,15,0.0013171725042058072,-0.00011789157917292345,0.0013171725042058066,0.0014069367061810899,0.4666666666666667,1.5281759350061366,5,-0.007470342993925149,0.01593101370995129
LEGACY_EVENT_FIRST_60M,2024-07,BNBUSDT,0.0008,15,0.0011171725042058076,-0.00031789157917292354,0.0011171725042058063,0.0012069367061810902,0.4666666666666667,1.429602322601628,5,-0.00767034299392515,0.015731013709951287
LEGACY_EVENT_FIRST_60M,2024-07,BTCUSDT,0.0004,12,0.002183110731416565,0.0030505769222042957,0.002183110731416566,0.002069972488893759,0.75,2.4869921156932624,2,-0.00632894062671182,0.008229016778948986
LEGACY_EVENT_FIRST_60M,2024-07,BTCUSDT,0.0006,12,0.001983110731416566,0.002850576922204296,0.001983110731416566,0.0018699724888937596,0.75,2.3062776667957334,2,-0.00652894062671182,0.008029016778948985
LEGACY_EVENT_FIRST_60M,2024-07,BTCUSDT,0.0008,12,0.0017831107314165656,0.002650576922204296,0.0017831107314165654,0.0016699724888937593,0.75,2.1370873543961557,2,-0.0067289406267118206,0.007829016778948985
LEGACY_EVENT_FIRST_60M,2024-07,ETHUSDT,0.0004,11,0.0014038358006015358,0.0028485684523984036,0.0014038358006015358,0.001423115323601011,0.6363636363636364,1.6959146147594066,2,-0.006877596695262045,0.008195519910834293
LEGACY_EVENT_FIRST_60M,2024-07,ETHUSDT,0.0006,11,0.001203835800601536,0.002648568452398404,0.001203835800601536,0.001223115323601011,0.6363636363636364,1.5760034448818916,2,-0.007077596695262044,0.007995519910834293
LEGACY_EVENT_FIRST_60M,2024-07,ETHUSDT,0.0008,11,0.0010038358006015354,0.002448568452398404,0.0010038358006015354,0.0010231153236010108,0.6363636363636364,1.464156992424584,2,-0.007277596695262045,0.007795519910834292
LEGACY_EVENT_FIRST_60M,2024-07,SOLUSDT,0.0004,11,-0.00016836200222830532,0.004128499683065901,-0.00016836200222830516,-0.00015945884685486444,0.5454545454545454,0.9676350852056008,3,-0.015287910878833676,0.012528291319922237
LEGACY_EVENT_FIRST_60M,2024-07,SOLUSDT,0.0006,11,-0.00036836200222830457,0.003928499683065901,-0.0003683620022283049,-0.0003594588468548637,0.5454545454545454,0.9304045076645681,3,-0.015487910878833677,0.012328291319922236
LEGACY_EVENT_FIRST_60M,2024-07,SOLUSDT,0.0008,11,-0.0005683620022283038,0.003728499683065901,-0.0005683620022283047,-0.0005594588468548629,0.5454545454545454,0.8944312547102066,3,-0.015687910878833675,0.012128291319922236
LEGACY_EVENT_FIRST_60M,2024-08,BNBUSDT,0.0004,14,0.002469543218512635,-0.00023674766154478907,0.002469543218512635,0.0027471632714560156,0.5,1.7680001790923514,3,-0.008758118575064698,0.023780819142006575
LEGACY_EVENT_FIRST_60M,2024-08,BNBUSDT,0.0006,14,0.0022695432185126344,-0.000436747661544789,0.0022695432185126344,0.0025471632714560155,0.42857142857142855,1.6818785493079151,4,-0.008958118575064698,0.023580819142006576
LEGACY_EVENT_FIRST_60M,2024-08,BNBUSDT,0.0008,14,0.0020695432185126347,-0.0006367476615447891,0.0020695432185126347,0.0023471632714560146,0.42857142857142855,1.601147536583678,4,-0.009158118575064699,0.023380819142006577
LEGACY_EVENT_FIRST_60M,2024-08,BTCUSDT,0.0004,19,-0.0007265197283119275,-0.0007755239232313689,-0.0007265197283119278,-0.00038569266026287257,0.42105263157894735,0.8480854965187096,3,-0.013480533142345185,0.01105460069881222
LEGACY_EVENT_FIRST_60M,2024-08,BTCUSDT,0.0006,19,-0.0009265197283119269,-0.0009755239232313689,-0.0009265197283119274,-0.0005856926602628718,0.42105263157894735,0.8108454168181254,3,-0.013680533142345186,0.010854600698812219
LEGACY_EVENT_FIRST_60M,2024-08,BTCUSDT,0.0008,19,-0.0011265197283119265,-0.0011755239232313689,-0.001126519728311926,-0.0007856926602628717,0.42105263157894735,0.7753253234688887,3,-0.013880533142345185,0.01065460069881222
LEGACY_EVENT_FIRST_60M,2024-08,ETHUSDT,0.0004,16,-0.002155319089116921,-0.003624417300176419,-0.0021553190891169206,-0.0023625348134574094,0.4375,0.6211127306500074,5,-0.015903699917585102,0.010271817332762568
LEGACY_EVENT_FIRST_60M,2024-08,ETHUSDT,0.0006,16,-0.0023553190891169203,-0.0038244173001764185,-0.0023553190891169203,-0.002562534813457409,0.4375,0.5939839887113222,5,-0.0161036999175851,0.010071817332762568
LEGACY_EVENT_FIRST_60M,2024-08,ETHUSDT,0.0008,16,-0.0025553190891169195,-0.004024417300176419,-0.00255531908911692,-0.0027625348134574087,0.4375,0.5678874469185842,5,-0.0163036999175851,0.009871817332762567
LEGACY_EVENT_FIRST_60M,2024-08,SOLUSDT,0.0004,19,0.0003435684979652029,-0.0032234578431955983,0.0003435684979652037,0.00037707142785163605,0.42105263157894735,1.0463325803894166,5,-0.018413743735952417,0.02518400556489757
LEGACY_EVENT_FIRST_60M,2024-08,SOLUSDT,0.0006,19,0.00014356849796520177,-0.003423457843195598,0.00014356849796520158,0.00017707142785163674,0.42105263157894735,1.0190635245581314,5,-0.018613743735952416,0.02498400556489757
LEGACY_EVENT_FIRST_60M,2024-08,SOLUSDT,0.0008,19,-5.6431502034797634e-05,-0.003623457843195598,-5.64315020347972e-05,-2.2928572148362475e-05,0.42105263157894735,0.9926202913616774,5,-0.018813743735952414,0.02478400556489757
LEGACY_EVENT_FIRST_60M,2024-09,BNBUSDT,0.0004,6,0.0012970845634119254,0.0003048490604365521,0.0012970845634119254,0.0011901610899833514,0.5,1.8252533148440422,1,-0.004465362118783944,0.008051766748583168
LEGACY_EVENT_FIRST_60M,2024-09,BNBUSDT,0.0006,6,0.0010970845634119253,0.0001048490604365521,0.0010970845634119253,0.0009901610899833515,0.5,1.6562526667641466,1,-0.004665362118783944,0.007851766748583167
LEGACY_EVENT_FIRST_60M,2024-09,BNBUSDT,0.0008,6,0.0008970845634119247,-9.5150939563448e-05,0.0008970845634119247,0.0007901610899833511,0.5,1.5063293711099843,1,-0.004865362118783944,0.007651766748583167
LEGACY_EVENT_FIRST_60M,2024-09,BTCUSDT,0.0004,10,0.0038704715811022986,0.0036119693841114133,0.0038704715811022977,0.0037760065913369197,0.7,7.151464030635119,1,-0.0027181373407675347,0.011516558370863583
LEGACY_EVENT_FIRST_60M,2024-09,BTCUSDT,0.0006,10,0.0036704715811022976,0.0034119693841114136,0.0036704715811022976,0.003576006591336919,0.7,6.325735920681912,1,-0.0029181373407675343,0.011316558370863582
LEGACY_EVENT_FIRST_60M,2024-09,BTCUSDT,0.0008,10,0.0034704715811022975,0.003211969384111413,0.0034704715811022966,0.003376006591336919,0.7,5.6322662321431,1,-0.0031181373407675344,0.011116558370863582
LEGACY_EVENT_FIRST_60M,2024-09,ETHUSDT,0.0004,10,0.002682464453278421,0.0015403710763049587,0.0026824644532784216,0.0023223386104103587,0.6,2.7804555191126332,3,-0.0036244782774551895,0.009373834443064496
LEGACY_EVENT_FIRST_60M,2024-09,ETHUSDT,0.0006,10,0.002482464453278422,0.0013403710763049588,0.002482464453278422,0.0021223386104103595,0.6,2.5646274688662265,3,-0.003824478277455189,0.009173834443064495
LEGACY_EVENT_FIRST_60M,2024-09,ETHUSDT,0.0008,10,0.002282464453278422,0.0011403710763049587,0.002282464453278422,0.001922338610410359,0.6,2.3695195295979654,3,-0.00402447827745519,0.008973834443064495
LEGACY_EVENT_FIRST_60M,2024-09,SOLUSDT,0.0004,10,0.00044622582743201225,0.001701603807945551,0.00044622582743201187,0.0008754530657784844,0.5,1.1679798668483976,3,-0.0069919828028622176,0.00792098715307279
LEGACY_EVENT_FIRST_60M,2024-09,SOLUSDT,0.0006,10,0.00024622582743201243,0.0015016038079455514,0.00024622582743201243,0.0006754530657784848,0.5,1.0893279793514634,3,-0.007191982802862217,0.00772098715307279
LEGACY_EVENT_FIRST_60M,2024-09,SOLUSDT,0.0008,10,4.622582743201223e-05,0.0013016038079455513,4.622582743201223e-05,0.00047545306577848436,0.5,1.016183108654114,3,-0.007391982802862218,0.0075209871530727895
LEGACY_EVENT_FIRST_60M,2024-10,BNBUSDT,0.0004,11,0.0033625598808762498,0.0013082851831382584,0.0033625598808762493,0.0033241159926466046,0.6363636363636364,3.468685843666828,2,-0.003408323027041571,0.013031914090643816
LEGACY_EVENT_FIRST_60M,2024-10,BNBUSDT,0.0006,11,0.003162559880876249,0.0011082851831382586,0.0031625598808762497,0.003124115992646603,0.6363636363636364,3.204162878508887,2,-0.0036083230270415705,0.012831914090643815
LEGACY_EVENT_FIRST_60M,2024-10,BNBUSDT,0.0008,11,0.0029625598808762487,0.0009082851831382584,0.002962559880876249,0.002924115992646603,0.6363636363636364,2.965162340650573,2,-0.0038083230270415705,0.012631914090643815
LEGACY_EVENT_FIRST_60M,2024-10,BTCUSDT,0.0004,17,0.002438636908349525,0.002934616831266457,0.0024386369083495255,0.002395178156784714,0.7058823529411765,2.8236508862562966,2,-0.005117112859410788,0.008547793733384837
LEGACY_EVENT_FIRST_60M,2024-10,BTCUSDT,0.0006,17,0.0022386369083495254,0.002734616831266457,0.0022386369083495254,0.0021951781567847136,0.7058823529411765,2.6035489849792874,2,-0.005317112859410788,0.008347793733384836
LEGACY_EVENT_FIRST_60M,2024-10,BTCUSDT,0.0008,17,0.002038636908349525,0.002534616831266457,0.002038636908349525,0.0019951781567847135,0.7058823529411765,2.4012454110093886,2,-0.005517112859410788,0.008147793733384836
LEGACY_EVENT_FIRST_60M,2024-10,ETHUSDT,0.0004,21,-0.0002572435418558473,-0.0007273972653131673,-0.00016642135705941568,-8.197191210058774e-05,0.42857142857142855,0.9139635586428441,4,-0.009882185273159027,0.007798899368041523
LEGACY_EVENT_FIRST_60M,2024-10,ETHUSDT,0.0006,21,-0.0004572435418558471,-0.0009273972653131673,-0.00036642135705941564,-0.00028197191210058793,0.42857142857142855,0.8527027279704491,4,-0.010082185273159027,0.007598899368041524
LEGACY_EVENT_FIRST_60M,2024-10,ETHUSDT,0.0008,21,-0.0006572435418558473,-0.0011273972653131673,-0.0005664213570594163,-0.00048197191210058845,0.38095238095238093,0.7958363396495793,4,-0.010282185273159028,0.007398899368041523
LEGACY_EVENT_FIRST_60M,2024-10,SOLUSDT,0.0004,7,-0.0011708447152990592,0.0025097963142579173,-0.001170844715299059,-0.0012180101186187978,0.5714285714285714,0.7227829941584714,3,-0.01046109980429166,0.007044334328010172
LEGACY_EVENT_FIRST_60M,2024-10,SOLUSDT,0.0006,7,-0.0013708447152990587,0.0023097963142579177,-0.0013708447152990587,-0.0014180101186187985,0.5714285714285714,0.6818855652546996,3,-0.010661099804291661,0.0068443343280101725
LEGACY_EVENT_FIRST_60M,2024-10,SOLUSDT,0.0008,7,-0.0015708447152990585,0.0021097963142579176,-0.0015708447152990585,-0.0016180101186187982,0.5714285714285714,0.6425833568742435,3,-0.010861099804291662,0.006644334328010172
LEGACY_EVENT_FIRST_60M,2024-11,BNBUSDT,0.0004,14,0.001928285522747259,0.0025775853783245985,0.0019282855227472594,0.001806471141466989,0.7142857142857143,1.545376187313938,1,-0.01584370250500646,0.012589035749167591
LEGACY_EVENT_FIRST_60M,2024-11,BNBUSDT,0.0006,14,0.0017282855227472597,0.002377585378324599,0.0017282855227472595,0.0016064711414669889,0.7142857142857143,1.4810359174697207,1,-0.01604370250500646,0.01238903574916759
LEGACY_EVENT_FIRST_60M,2024-11,BNBUSDT,0.0008,14,0.0015282855227472599,0.0021775853783245988,0.0015282855227472594,0.0014064711414669888,0.7142857142857143,1.4187102247218955,1,-0.01624370250500646,0.01218903574916759
LEGACY_EVENT_FIRST_60M,2024-11,BTCUSDT,0.0004,12,0.004059445533043598,0.0015795515420979457,0.004059445533043597,0.0041639197144888035,0.6666666666666666,6.681886665293679,2,-0.0012587521797387197,0.013017848671999555
LEGACY_EVENT_FIRST_60M,2024-11,BTCUSDT,0.0006,12,0.0038594455330435962,0.001379551542097946,0.003859445533043597,0.003963919714488802,0.6666666666666666,5.9409094828419455,2,-0.0014587521797387196,0.012817848671999555
LEGACY_EVENT_FIRST_60M,2024-11,BTCUSDT,0.0008,12,0.003659445533043596,0.001179551542097946,0.0036594455330435966,0.003763919714488802,0.5833333333333334,5.3055334526688425,3,-0.0016587521797387197,0.012617848671999554
LEGACY_EVENT_FIRST_60M,2024-11,ETHUSDT,0.0004,11,0.002517026375652498,0.0042943582275340566,0.002517026375652498,0.002531618692714875,0.7272727272727273,2.6650651816488757,2,-0.005614573575863302,0.0076989438026406455
LEGACY_EVENT_FIRST_60M,2024-11,ETHUSDT,0.0006,11,0.0023170263756524985,0.004094358227534057,0.0023170263756524985,0.002331618692714875,0.6363636363636364,2.476572056040088,3,-0.0058145735758633015,0.007498943802640646
LEGACY_EVENT_FIRST_60M,2024-11,ETHUSDT,0.0008,11,0.002117026375652498,0.003894358227534057,0.002117026375652498,0.0021316186927148747,0.6363636363636364,2.289360116553264,3,-0.006014573575863302,0.007298943802640645
LEGACY_EVENT_FIRST_60M,2024-11,SOLUSDT,0.0004,11,-0.0036611389782286413,0.0034716123392033007,-0.00366113897822864,-0.003589186093722162,0.5454545454545454,0.5373353813972909,3,-0.023122297622696065,0.01008541871459996
LEGACY_EVENT_FIRST_60M,2024-11,SOLUSDT,0.0006,11,-0.0038611389782286414,0.003271612339203301,-0.0038611389782286436,-0.003789186093722162,0.5454545454545454,0.5176029695700468,3,-0.023322297622696064,0.009885418714599959
LEGACY_EVENT_FIRST_60M,2024-11,SOLUSDT,0.0008,11,-0.004061138978228641,0.003071612339203301,-0.004061138978228643,-0.003989186093722162,0.5454545454545454,0.4983137598526151,3,-0.023522297622696062,0.009685418714599959
LEGACY_EVENT_FIRST_60M,2024-12,BNBUSDT,0.0004,14,0.0031266669400661883,-0.00017333616016711428,0.003126666940066188,0.002828745720860642,0.5,2.376479144959532,2,-0.007438585238319083,0.016353216705145522
LEGACY_EVENT_FIRST_60M,2024-12,BNBUSDT,0.0006,14,0.002926666940066186,-0.0003733361601671142,0.0029266669400661873,0.0026287457208606408,0.42857142857142855,2.2314781142372717,4,-0.007638585238319084,0.016153216705145523
LEGACY_EVENT_FIRST_60M,2024-12,BNBUSDT,0.0008,14,0.0027266669400661868,-0.0005733361601671143,0.002726666940066187,0.002428745720860641,0.42857142857142855,2.094680405144602,4,-0.007838585238319084,0.015953216705145525
LEGACY_EVENT_FIRST_60M,2024-12,BTCUSDT,0.0004,16,0.001789976228915487,0.00023661540808190865,0.0017899762289154868,0.0013629049449959715,0.5,1.818740783469674,4,-0.0058334718134411155,0.009703363600906468
LEGACY_EVENT_FIRST_60M,2024-12,BTCUSDT,0.0006,16,0.0015899762289154871,3.661540808190869e-05,0.0015899762289154871,0.0011629049449959714,0.5,1.6954500465714322,4,-0.006033471813441115,0.009503363600906468
LEGACY_EVENT_FIRST_60M,2024-12,BTCUSDT,0.0008,16,0.0013899762289154868,-0.0001633845919180914,0.0013899762289154866,0.0009629049449959709,0.5,1.582492717523974,4,-0.006233471813441116,0.009303363600906467
LEGACY_EVENT_FIRST_60M,2024-12,ETHUSDT,0.0004,9,0.00028289736510498677,0.0015567679189980148,0.0002828973651049865,0.0007533160801060877,0.6666666666666666,1.0753445473470322,1,-0.009612332764404208,0.010030743482374494
LEGACY_EVENT_FIRST_60M,2024-12,ETHUSDT,0.0006,9,8.289736510498673e-05,0.0013567679189980149,8.289736510498673e-05,0.0005533160801060878,0.6666666666666666,1.0216930299544704,1,-0.009812332764404207,0.009830743482374494
LEGACY_EVENT_FIRST_60M,2024-12,ETHUSDT,0.0008,9,-0.0001171026348950135,0.0011567679189980148,-0.00011710263489501302,0.0003533160801060872,0.6666666666666666,0.9698813904390089,1,-0.010012332764404207,0.009630743482374493
LEGACY_EVENT_FIRST_60M,2024-12,SOLUSDT,0.0004,10,0.0031869551721803056,-2.496010213847116e-05,0.0031869551721803056,0.002584248248672575,0.5,2.326562834479868,4,-0.007197878969441862,0.01787716931175351
LEGACY_EVENT_FIRST_60M,2024-12,SOLUSDT,0.0006,10,0.002986955172180306,-0.00022496010213847104,0.0029869551721803064,0.002384248248672576,0.5,2.1936287642801435,4,-0.007397878969441862,0.01767716931175351
LEGACY_EVENT_FIRST_60M,2024-12,SOLUSDT,0.0008,10,0.0027869551721803067,-0.0004249601021384712,0.0027869551721803063,0.0021842482486725758,0.5,2.070910900370971,4,-0.0075978789694418625,0.017477169311753513
LEGACY_EVENT_FIRST_60M,2025-01,BNBUSDT,0.0004,5,0.0037792389415527428,0.0036509010749918415,0.0037792389415527428,0.003779313548739802,0.8,4.912925213663578,1,-0.002810564488432243,0.010433024786850532
LEGACY_EVENT_FIRST_60M,2025-01,BNBUSDT,0.0006,5,0.003579238941552743,0.003450901074991842,0.003579238941552743,0.003579313548739802,0.8,4.55847630739781,1,-0.003010564488432243,0.010233024786850533
LEGACY_EVENT_FIRST_60M,2025-01,BNBUSDT,0.0008,5,0.003379238941552743,0.0032509010749918418,0.0033792389415527426,0.003379313548739803,0.6,4.122088453067816,1,-0.0032105644884322434,0.01003302478685053
LEGACY_EVENT_FIRST_60M,2025-01,BTCUSDT,0.0004,13,0.0029501955088317208,0.005949627288213089,0.0029501955088317203,0.0033786179358228107,0.6923076923076923,2.1790952142054367,2,-0.006641929724830575,0.012168280706128388
LEGACY_EVENT_FIRST_60M,2025-01,BTCUSDT,0.0006,13,0.0027501955088317207,0.005749627288213089,0.0027501955088317207,0.0031786179358228106,0.6153846153846154,2.069025576805391,2,-0.006841929724830575,0.011968280706128388
LEGACY_EVENT_FIRST_60M,2025-01,BTCUSDT,0.0008,13,0.0025501955088317206,0.0055496272882130885,0.0025501955088317206,0.002978617935822811,0.5384615384615384,1.9588857077947972,2,-0.0070419297248305755,0.011768280706128387
LEGACY_EVENT_FIRST_60M,2025-01,ETHUSDT,0.0004,18,0.0016947766524335842,0.0004501796199582579,0.0016947766524335844,0.0016343923894363887,0.5,1.5480886150700182,4,-0.010164126347024703,0.013193966201052097
LEGACY_EVENT_FIRST_60M,2025-01,ETHUSDT,0.0006,18,0.0014947766524335845,0.0002501796199582579,0.0014947766524335845,0.0014343923894363886,0.5,1.468265231246732,4,-0.010364126347024704,0.012993966201052098
LEGACY_EVENT_FIRST_60M,2025-01,ETHUSDT,0.0008,18,0.0012947766524335842,5.017961995825782e-05,0.0012947766524335842,0.0012343923894363885,0.5,1.3932911518200035,4,-0.010564126347024704,0.012793966201052097
LEGACY_EVENT_FIRST_60M,2025-01,SOLUSDT,0.0004,19,0.0016544471353216403,0.004715498361441872,0.0016544471353216403,0.004344037715440916,0.6842105263157895,1.3184673334294588,2,-0.006220895898985689,0.01757355286435902
LEGACY_EVENT_FIRST_60M,2025-01,SOLUSDT,0.0006,19,0.0014544471353216397,0.004515498361441873,0.0014544471353216395,0.004144037715440915,0.5789473684210527,1.2762426343623572,2,-0.006420895898985689,0.017373552864359022
LEGACY_EVENT_FIRST_60M,2025-01,SOLUSDT,0.0008,19,0.001254447135321641,0.004315498361441872,0.0012544471353216407,0.003944037715440917,0.5789473684210527,1.2345059978102904,2,-0.00662089589898569,0.017173552864359024
LEGACY_EVENT_FIRST_60M,2025-02,BNBUSDT,0.0004,15,0.0032524777486716574,-0.0005152339248675638,0.0032524777486716565,0.00295330910646367,0.4666666666666667,2.5942563176928584,3,-0.004701778769847942,0.014231339678676447
LEGACY_EVENT_FIRST_60M,2025-02,BNBUSDT,0.0006,15,0.003052477748671656,-0.0007152339248675637,0.003052477748671657,0.0027533091064636684,0.4666666666666667,2.4218807253018513,3,-0.004901778769847941,0.014031339678676447
LEGACY_EVENT_FIRST_60M,2025-02,BNBUSDT,0.0008,15,0.002852477748671656,-0.0009152339248675638,0.002852477748671656,0.0025533091064636683,0.4666666666666667,2.2658238304540386,3,-0.005101778769847942,0.013831339678676446
LEGACY_EVENT_FIRST_60M,2025-02,BTCUSDT,0.0004,22,-0.0009955847958113993,-0.0018909064939654381,-0.001348407731207839,-0.0011322703764530524,0.3181818181818182,0.6663355617229593,6,-0.008236912941609041,0.004970431931099274
LEGACY_EVENT_FIRST_60M,2025-02,BTCUSDT,0.0006,22,-0.0011955847958113992,-0.002090906493965438,-0.0015484077312078403,-0.0013322703764530525,0.2727272727272727,0.6171248908914904,6,-0.008436912941609042,0.004770431931099274
LEGACY_EVENT_FIRST_60M,2025-02,BTCUSDT,0.0008,22,-0.0013955847958113997,-0.002290906493965438,-0.0017484077312078406,-0.0015322703764530528,0.2727272727272727,0.5729680740256624,6,-0.008636912941609043,0.004570431931099274
LEGACY_EVENT_FIRST_60M,2025-02,ETHUSDT,0.0004,9,9.090308129891697e-05,-0.003319516236159714,9.090308129891649e-05,0.00036578602978849225,0.3333333333333333,1.0203048504435503,4,-0.009987574525231512,0.016568338450357566
LEGACY_EVENT_FIRST_60M,2025-02,ETHUSDT,0.0006,9,-0.0001090969187010823,-0.0035195162361597136,-0.0001090969187010823,0.00016578602978849298,0.3333333333333333,0.976335997456473,4,-0.010187574525231512,0.016368338450357567
LEGACY_EVENT_FIRST_60M,2025-02,ETHUSDT,0.0008,9,-0.00030909691870108203,-0.0037195162361597137,-0.0003090969187010815,-3.4213970211506715e-05,0.3333333333333333,0.9348389114354446,4,-0.010387574525231513,0.016168338450357568
LEGACY_EVENT_FIRST_60M,2025-02,SOLUSDT,0.0004,13,0.0038978895700191125,0.005621616057642731,0.003897889570019112,0.003955582887672041,0.6153846153846154,1.7139549012677917,2,-0.01662522316275994,0.028154683581816463
LEGACY_EVENT_FIRST_60M,2025-02,SOLUSDT,0.0006,13,0.003697889570019112,0.0054216160576427315,0.0036978895700191115,0.003755582887672041,0.5384615384615384,1.66659730551749,3,-0.016825223162759938,0.027954683581816464
LEGACY_EVENT_FIRST_60M,2025-02,SOLUSDT,0.0008,13,0.0034978895700191123,0.005221616057642731,0.0034978895700191123,0.003555582887672041,0.5384615384615384,1.6202240643593164,3,-0.017025223162759937,0.027754683581816465
LEGACY_EVENT_FIRST_60M,2025-03,BNBUSDT,0.0004,8,-0.0011696293257424549,0.0006113136806989551,-0.0011696293257424549,-0.000703943838415026,0.5,0.6963766509386341,3,-0.01029079150576426,0.006676090323549655
LEGACY_EVENT_FIRST_60M,2025-03,BNBUSDT,0.0006,8,-0.0013696293257424545,0.0004113136806989555,-0.0013696293257424545,-0.0009039438384150257,0.5,0.6534547226521407,3,-0.010490791505764261,0.006476090323549655
LEGACY_EVENT_FIRST_60M,2025-03,BNBUSDT,0.0008,8,-0.0015696293257424546,0.0002113136806989554,-0.0015696293257424542,-0.0011039438384150262,0.5,0.6126512252662827,3,-0.010690791505764262,0.006276090323549655
LEGACY_EVENT_FIRST_60M,2025-03,BTCUSDT,0.0004,12,-0.00392684344899252,-0.0031748954926148374,-0.00392684344899252,-0.004103802862844924,0.3333333333333333,0.3166789720353711,7,-0.019474817889452933,0.005318953442337127
LEGACY_EVENT_FIRST_60M,2025-03,BTCUSDT,0.0006,12,-0.004126843448992522,-0.003374895492614837,-0.004126843448992522,-0.0043038028628449255,0.3333333333333333,0.29816029097615043,7,-0.019674817889452932,0.005118953442337128
LEGACY_EVENT_FIRST_60M,2025-03,BTCUSDT,0.0008,12,-0.004326843448992521,-0.0035748954926148376,-0.004326843448992519,-0.004503802862844924,0.3333333333333333,0.2804628324069654,7,-0.01987481788945293,0.004918953442337127
LEGACY_EVENT_FIRST_60M,2025-03,ETHUSDT,0.0004,13,-0.0004032153603861999,-0.0015805804197834168,-0.000403215360386199,-0.0008999506407841981,0.23076923076923078,0.9242448255073776,6,-0.009431265922933795,0.009123643461161594
LEGACY_EVENT_FIRST_60M,2025-03,ETHUSDT,0.0006,13,-0.0006032153603862007,-0.0017805804197834167,-0.0006032153603862015,-0.001099950640784198,0.23076923076923078,0.8898530031225188,6,-0.009631265922933795,0.008923643461161593
LEGACY_EVENT_FIRST_60M,2025-03,ETHUSDT,0.0008,13,-0.0008032153603862008,-0.001980580419783417,-0.0008032153603861998,-0.0012999506407841985,0.23076923076923078,0.8573406706586517,6,-0.009831265922933796,0.008723643461161593
LEGACY_EVENT_FIRST_60M,2025-03,SOLUSDT,0.0004,6,0.014446139398171515,-0.0035296113228647672,0.014446139398171513,0.01061814471043542,0.3333333333333333,5.530062891909748,4,-0.006037235590433665,0.052905265107812974
LEGACY_EVENT_FIRST_60M,2025-03,SOLUSDT,0.0006,6,0.01424613939817151,-0.003729611322864767,0.014246139398171513,0.010418144710435414,0.3333333333333333,5.288058055500992,4,-0.0062372355904336645,0.05270526510781297
LEGACY_EVENT_FIRST_60M,2025-03,SOLUSDT,0.0008,6,0.014046139398171517,-0.003929611322864767,0.014046139398171514,0.010218144710435419,0.3333333333333333,5.064728508767698,4,-0.006437235590433665,0.052505265107812976
LEGACY_EVENT_FIRST_60M,2025-04,BNBUSDT,0.0004,8,0.0038112773927856097,0.0040520567527163156,0.0038112773927856097,0.004300992712716082,0.75,3.1741978384777387,2,-0.0043605119063302765,0.013778191279369701
LEGACY_EVENT_FIRST_60M,2025-04,BNBUSDT,0.0006,8,0.003611277392785609,0.003852056752716316,0.003611277392785609,0.004100992712716083,0.75,3.002973716819049,2,-0.004560511906330276,0.0135781912793697
LEGACY_EVENT_FIRST_60M,2025-04,BNBUSDT,0.0008,8,0.0034112773927856086,0.0036520567527163154,0.0034112773927856086,0.0039009927127160813,0.75,2.8409901783782994,2,-0.004760511906330277,0.0133781912793697
LEGACY_EVENT_FIRST_60M,2025-04,BTCUSDT,0.0004,11,-0.0011509251240925525,-0.0018607516337199477,-0.0011509251240925517,-0.0012766953398581646,0.2727272727272727,0.6891605995697058,4,-0.012105824243387174,0.010080108356360818
LEGACY_EVENT_FIRST_60M,2025-04,BTCUSDT,0.0006,11,-0.0013509251240925524,-0.0020607516337199476,-0.0013509251240925529,-0.0014766953398581647,0.2727272727272727,0.6489362341668075,4,-0.012305824243387175,0.009880108356360818
LEGACY_EVENT_FIRST_60M,2025-04,BTCUSDT,0.0008,11,-0.001550925124092553,-0.0022607516337199477,-0.0015509251240925536,-0.001676695339858165,0.2727272727272727,0.611642005669759,4,-0.012505824243387175,0.009680108356360817
LEGACY_EVENT_FIRST_60M,2025-04,ETHUSDT,0.0004,12,-0.000521659336340627,-0.00308575548126071,-0.000521659336340625,-0.0017792725021136774,0.3333333333333333,0.9301374509131745,3,-0.01656854402730947,0.015495592887715763
LEGACY_EVENT_FIRST_60M,2025-04,ETHUSDT,0.0006,12,-0.0007216593363406285,-0.0032857554812607097,-0.0007216593363406296,-0.001979272502113678,0.3333333333333333,0.9050482165765742,3,-0.01676854402730947,0.015295592887715764
LEGACY_EVENT_FIRST_60M,2025-04,ETHUSDT,0.0008,12,-0.0009216593363406281,-0.00348575548126071,-0.0009216593363406278,-0.002179272502113676,0.3333333333333333,0.8808240978758782,3,-0.016968544027309473,0.015095592887715765
LEGACY_EVENT_FIRST_60M,2025-04,SOLUSDT,0.0004,10,0.013009055729993158,0.0082678781968067,0.013009055729993158,0.010730417962232794,0.9,47.62957733968515,1,0.0003905531968240177,0.021217189708792654
LEGACY_EVENT_FIRST_60M,2025-04,SOLUSDT,0.0006,10,0.012809055729993158,0.0080678781968067,0.012809055729993158,0.010530417962232792,0.9,43.841483717963406,1,0.00019055319682401774,0.021017189708792655
LEGACY_EVENT_FIRST_60M,2025-04,SOLUSDT,0.0008,10,0.01260905572999316,0.0078678781968067,0.012609055729993157,0.010330417962232791,0.9,40.52840520551641,1,-9.44680317598235e-06,0.020817189708792653
LEGACY_EVENT_FIRST_60M,2025-05,BNBUSDT,0.0004,14,9.47480545628037e-05,0.0007046164070854792,9.47480545628037e-05,-9.787454950180607e-05,0.5714285714285714,1.073163478665906,2,-0.004583133320889698,0.0027194540145698562
LEGACY_EVENT_FIRST_60M,2025-05,BNBUSDT,0.0006,14,-0.00010525194543719595,0.0005046164070854792,-0.00010525194543719595,-0.0002978745495018057,0.5714285714285714,0.9237709493678111,2,-0.004783133320889698,0.0025194540145698566
LEGACY_EVENT_FIRST_60M,2025-05,BNBUSDT,0.0008,14,-0.00030525194543719623,0.0003046164070854791,-0.0003052519454371961,-0.000497874549501806,0.5714285714285714,0.7918424999494447,2,-0.004983133320889698,0.0023194540145698565
LEGACY_EVENT_FIRST_60M,2025-05,BTCUSDT,0.0004,17,-0.00035094025968393516,0.00010766722821871111,-0.00035094025968393516,-0.0004181979699606333,0.5294117647058824,0.8223868717858069,4,-0.004901784241711859,0.00426061576469774
LEGACY_EVENT_FIRST_60M,2025-05,BTCUSDT,0.0006,17,-0.0005509402596839348,-9.233277178128882e-05,-0.0005509402596839348,-0.0006181979699606329,0.47058823529411764,0.7345400855676408,4,-0.005101784241711859,0.00406061576469774
LEGACY_EVENT_FIRST_60M,2025-05,BTCUSDT,0.0008,17,-0.0007509402596839352,-0.0002923327717812889,-0.0007509402596839352,-0.0008181979699606333,0.4117647058823529,0.6559352017671065,4,-0.005301784241711859,0.00386061576469774
LEGACY_EVENT_FIRST_60M,2025-05,ETHUSDT,0.0004,22,0.0009611338247786987,0.0001955919578702895,0.000910034161828905,0.0009608951276001933,0.5,1.281550090296282,4,-0.008668359881758469,0.012875697850237131
LEGACY_EVENT_FIRST_60M,2025-05,ETHUSDT,0.0006,22,0.0007611338247786992,-4.408042129710435e-06,0.0007100341618289048,0.0007608951276001937,0.5,1.216617523387024,4,-0.00886835988175847,0.01267569785023713
LEGACY_EVENT_FIRST_60M,2025-05,ETHUSDT,0.0008,22,0.0005611338247786992,-0.00020440804212971053,0.0005100341618289041,0.0005608951276001936,0.5,1.1552786231366514,4,-0.00906835988175847,0.01247569785023713
LEGACY_EVENT_FIRST_60M,2025-05,SOLUSDT,0.0004,13,0.0005136218628773731,-0.0014056427733393658,0.0005136218628773728,0.0001743950384304937,0.38461538461538464,1.243409963182722,4,-0.005407110910799617,0.007080875868870296
LEGACY_EVENT_FIRST_60M,2025-05,SOLUSDT,0.0006,13,0.0003136218628773735,-0.0016056427733393656,0.0003136218628773735,-2.5604961569505895e-05,0.38461538461538464,1.140436889480937,4,-0.0056071109107996165,0.006880875868870297
LEGACY_EVENT_FIRST_60M,2025-05,SOLUSDT,0.0008,13,0.00011362186287737303,-0.0018056427733393657,0.0001136218628773731,-0.0002256049615695064,0.38461538461538464,1.0482211913973882,4,-0.005807110910799617,0.006680875868870296
LEGACY_EVENT_FIRST_60M,2025-06,BNBUSDT,0.0004,11,-0.0008104675897954502,-0.0006431426183420182,-0.0008104675897954502,-0.0009344404323018154,0.45454545454545453,0.5342397307638778,2,-0.00467384758752547,0.0016060960437922049
LEGACY_EVENT_FIRST_60M,2025-06,BNBUSDT,0.0006,11,-0.0010104675897954498,-0.0008431426183420182,-0.0010104675897954498,-0.001134440432301815,0.45454545454545453,0.4535611435249502,2,-0.00487384758752547,0.001406096043792205
LEGACY_EVENT_FIRST_60M,2025-06,BNBUSDT,0.0008,11,-0.0012104675897954503,-0.0010431426183420182,-0.0012104675897954501,-0.0013344404323018153,0.45454545454545453,0.38187137315754366,2,-0.00507384758752547,0.001206096043792205
LEGACY_EVENT_FIRST_60M,2025-06,BTCUSDT,0.0004,12,0.0008453090599900409,0.0009681849023507997,0.0008453090599900409,0.0006884544626106756,0.5833333333333334,1.604262699097067,2,-0.005766562264118412,0.005468343236197205
LEGACY_EVENT_FIRST_60M,2025-06,BTCUSDT,0.0006,12,0.0006453090599900409,0.0007681849023507999,0.0006453090599900409,0.0004884544626106757,0.5833333333333334,1.4353597669448965,2,-0.005966562264118413,0.005268343236197205
LEGACY_EVENT_FIRST_60M,2025-06,BTCUSDT,0.0008,12,0.0004453090599900405,0.0005681849023507998,0.00044530905999004035,0.00028845446261067535,0.5833333333333334,1.284437743326876,2,-0.006166562264118413,0.0050683432361972045
LEGACY_EVENT_FIRST_60M,2025-06,ETHUSDT,0.0004,9,0.0036741348959131786,0.004996258850828062,0.0036741348959131786,0.0037816009240225013,0.5555555555555556,2.866958946631852,2,-0.005351603783560477,0.014742330471451572
LEGACY_EVENT_FIRST_60M,2025-06,ETHUSDT,0.0006,9,0.0034741348959131777,0.004796258850828062,0.0034741348959131777,0.0035816009240225,0.5555555555555556,2.6890418263147704,2,-0.0055516037835604765,0.014542330471451571
LEGACY_EVENT_FIRST_60M,2025-06,ETHUSDT,0.0008,9,0.0032741348959131776,0.004596258850828061,0.003274134895913177,0.003381600924022501,0.5555555555555556,2.5258652951129466,2,-0.005751603783560477,0.01434233047145157
LEGACY_EVENT_FIRST_60M,2025-06,SOLUSDT,0.0004,12,0.005490295123827651,0.005184425020162098,0.005490295123827652,0.005621986016282985,0.75,4.607030692985737,2,-0.0056988914197293565,0.016508504002063964
LEGACY_EVENT_FIRST_60M,2025-06,SOLUSDT,0.0006,12,0.00529029512382765,0.004984425020162098,0.005290295123827651,0.005421986016282985,0.75,4.36509361909782,2,-0.005898891419729356,0.016308504002063965
LEGACY_EVENT_FIRST_60M,2025-06,SOLUSDT,0.0008,12,0.00509029512382765,0.004784425020162098,0.005090295123827651,0.005221986016282986,0.75,4.1380715122374125,2,-0.006098891419729357,0.016108504002063966
LEGACY_EVENT_FIRST_60M,2025-07,BNBUSDT,0.0004,11,0.0007458112555003244,-0.0008218427253950274,0.0007458112555003244,0.0008307417703319394,0.45454545454545453,1.5777169498212227,2,-0.0021309110612742098,0.0061239864770472165
LEGACY_EVENT_FIRST_60M,2025-07,BNBUSDT,0.0006,11,0.0005458112555003247,-0.0010218427253950273,0.0005458112555003247,0.0006307417703319396,0.36363636363636365,1.3893441314068076,4,-0.0023309110612742094,0.005923986477047217
LEGACY_EVENT_FIRST_60M,2025-07,BNBUSDT,0.0008,11,0.0003458112555003245,-0.0012218427253950274,0.0003458112555003242,0.00043074177033193946,0.36363636363636365,1.2261466096758376,4,-0.0025309110612742095,0.005723986477047216
LEGACY_EVENT_FIRST_60M,2025-07,BTCUSDT,0.0004,12,-0.0018640823975093832,-0.001269675972128614,-0.0018640823975093832,-0.0018674940437530723,0.25,0.16861031704933666,4,-0.004682712280244683,0.0011897132650705807
LEGACY_EVENT_FIRST_60M,2025-07,BTCUSDT,0.0006,12,-0.0020640823975093827,-0.0014696759721286139,-0.0020640823975093827,-0.0020674940437530715,0.25,0.13713560674778671,4,-0.0048827122802446825,0.0009897132650705809
LEGACY_EVENT_FIRST_60M,2025-07,BTCUSDT,0.0008,12,-0.0022640823975093828,-0.001669675972128614,-0.0022640823975093823,-0.002267494043753072,0.16666666666666666,0.11514412280083866,5,-0.005082712280244683,0.0007897132650705807
LEGACY_EVENT_FIRST_60M,2025-07,ETHUSDT,0.0004,16,0.00045735258272477713,0.00014841975578912015,0.00045735258272477756,-0.0010532624258985214,0.5625,1.1419796414025334,3,-0.01024830739382353,0.004924354245650253
LEGACY_EVENT_FIRST_60M,2025-07,ETHUSDT,0.0006,16,0.0002573525827247766,-5.158024421087978e-05,0.0002573525827247766,-0.001253262425898521,0.4375,1.0776280200304937,4,-0.01044830739382353,0.004724354245650254
LEGACY_EVENT_FIRST_60M,2025-07,ETHUSDT,0.0008,16,5.7352582724776516e-05,-0.00025158024421087987,5.7352582724776516e-05,-0.0014532624258985216,0.4375,1.0167320786321903,4,-0.01064830739382353,0.004524354245650253
LEGACY_EVENT_FIRST_60M,2025-07,SOLUSDT,0.0004,9,0.0005524948374366706,-0.001645717844908234,0.0005524948374366705,0.0001701618536668676,0.3333333333333333,1.3354599701565522,3,-0.003266971661250184,0.0052839860830014036
LEGACY_EVENT_FIRST_60M,2025-07,SOLUSDT,0.0006,9,0.0003524948374366708,-0.0018457178449082338,0.0003524948374366708,-2.9838146333132445e-05,0.3333333333333333,1.19799629388291,3,-0.0034669716612501836,0.005083986083001405
LEGACY_EVENT_FIRST_60M,2025-07,SOLUSDT,0.0008,9,0.00015249483743667063,-0.002045717844908234,0.00015249483743667047,-0.00022983814633313236,0.3333333333333333,1.0796882117234707,3,-0.0036669716612501837,0.004883986083001404
LEGACY_EVENT_FIRST_60M,2025-08,BNBUSDT,0.0004,10,-0.001560572183248875,0.0005457172195835862,-0.0015605721832488756,-0.0017806358040791327,0.6,0.5508706159178165,1,-0.008946059897726654,0.004568741236465022
LEGACY_EVENT_FIRST_60M,2025-08,BNBUSDT,0.0006,10,-0.0017605721832488757,0.0003457172195835862,-0.0017605721832488757,-0.0019806358040791324,0.5,0.5070775566492948,2,-0.009146059897726655,0.004368741236465022
LEGACY_EVENT_FIRST_60M,2025-08,BNBUSDT,0.0008,10,-0.001960572183248876,0.00014571721958358608,-0.001960572183248876,-0.002180635804079133,0.5,0.4660318108895272,2,-0.009346059897726655,0.004168741236465022
LEGACY_EVENT_FIRST_60M,2025-08,BTCUSDT,0.0004,12,0.0029647626716964325,0.0016349534922414756,0.0029647626716964325,0.00223387963787435,0.5833333333333334,3.370938838611474,2,-0.005023846977834567,0.007308084402233806
LEGACY_EVENT_FIRST_60M,2025-08,BTCUSDT,0.0006,12,0.002764762671696433,0.001434953492241476,0.002764762671696433,0.0020338796378743503,0.5,3.061961682799499,2,-0.005223846977834567,0.007108084402233806
LEGACY_EVENT_FIRST_60M,2025-08,BTCUSDT,0.0008,12,0.0025647626716964324,0.0012349534922414759,0.0025647626716964324,0.00183387963787435,0.5,2.78004564834515,2,-0.005423846977834567,0.006908084402233805
LEGACY_EVENT_FIRST_60M,2025-08,ETHUSDT,0.0004,9,0.0067403701407308175,0.0017416480402516314,0.0067403701407308175,0.00415874678808305,0.5555555555555556,3.1514501405877873,2,-0.009252447287564202,0.019587166421599734
LEGACY_EVENT_FIRST_60M,2025-08,ETHUSDT,0.0006,9,0.006540370140730816,0.0015416480402516315,0.006540370140730816,0.0039587467880830484,0.5555555555555556,3.030016107039659,2,-0.009452447287564203,0.01938716642159973
LEGACY_EVENT_FIRST_60M,2025-08,ETHUSDT,0.0008,9,0.006340370140730817,0.0013416480402516314,0.006340370140730817,0.0037587467880830488,0.5555555555555556,2.9151027907754687,2,-0.009652447287564203,0.019187166421599733
LEGACY_EVENT_FIRST_60M,2025-08,SOLUSDT,0.0004,8,0.005872789927657424,0.0012701011866261937,0.005872789927657425,0.005315283430330313,0.5,4.0831124619296295,2,-0.004535204969609429,0.02181261786629671
LEGACY_EVENT_FIRST_60M,2025-08,SOLUSDT,0.0006,8,0.005672789927657423,0.001070101186626194,0.005672789927657423,0.005115283430330313,0.5,3.8295685231397925,2,-0.004735204969609429,0.02161261786629671
LEGACY_EVENT_FIRST_60M,2025-08,SOLUSDT,0.0008,8,0.005472789927657423,0.0008701011866261937,0.005472789927657423,0.004915283430330313,0.5,3.6001162717549757,2,-0.0049352049696094295,0.02141261786629671
LEGACY_EVENT_FIRST_60M,2025-09,BNBUSDT,0.0004,14,0.0008355344419078661,-0.00014257080631684368,0.0008355344419078661,0.0008042148651245617,0.5,1.762935111978081,3,-0.0029668496027717814,0.0072684444771038475
LEGACY_EVENT_FIRST_60M,2025-09,BNBUSDT,0.0006,14,0.0006355344419078661,-0.00034257080631684364,0.0006355344419078661,0.0006042148651245618,0.5,1.5317577059920557,3,-0.003166849602771781,0.007068444477103848
LEGACY_EVENT_FIRST_60M,2025-09,BNBUSDT,0.0008,14,0.00043553444190786583,-0.0005425708063168436,0.0004355344419078659,0.0004042148651245615,0.5,1.3362790205569646,3,-0.003366849602771781,0.006868444477103847
LEGACY_EVENT_FIRST_60M,2025-09,BTCUSDT,0.0004,12,-0.00218806780814253,-0.0023963609340307166,-0.0021880678081425296,-0.002188151123314664,0.3333333333333333,0.18664427880994988,3,-0.006050622641580649,0.0014493811617067648
LEGACY_EVENT_FIRST_60M,2025-09,BTCUSDT,0.0006,12,-0.0023880678081425293,-0.0025963609340307163,-0.0023880678081425297,-0.0023881511233146634,0.3333333333333333,0.15421914798911884,3,-0.006250622641580649,0.0012493811617067649
LEGACY_EVENT_FIRST_60M,2025-09,BTCUSDT,0.0008,12,-0.0025880678081425293,-0.0027963609340307164,-0.00258806780814253,-0.0025881511233146644,0.3333333333333333,0.12471832209536803,3,-0.006450622641580649,0.0010493811617067648
LEGACY_EVENT_FIRST_60M,2025-09,ETHUSDT,0.0004,7,-0.0001978319203144619,-0.0006059597043233552,-0.00019783192031446142,-0.0003563311425924239,0.42857142857142855,0.9010200394983929,2,-0.005915457163825266,0.004698736310849629
LEGACY_EVENT_FIRST_60M,2025-09,ETHUSDT,0.0006,7,-0.0003978319203144613,-0.0008059597043233551,-0.0003978319203144613,-0.000556331142592424,0.42857142857142855,0.8117210935431084,2,-0.006115457163825265,0.00449873631084963
LEGACY_EVENT_FIRST_60M,2025-09,ETHUSDT,0.0008,7,-0.0005978319203144616,-0.0010059597043233551,-0.0005978319203144618,-0.0007563311425924241,0.42857142857142855,0.73158633164302,2,-0.006315457163825266,0.004298736310849629
LEGACY_EVENT_FIRST_60M,2025-09,SOLUSDT,0.0004,10,-0.0016087651516510358,-0.0009135566246277646,-0.0016087651516510358,-0.0015209135650956934,0.5,0.6653698808950411,4,-0.011458909895439183,0.008505234120822847
LEGACY_EVENT_FIRST_60M,2025-09,SOLUSDT,0.0006,10,-0.0018087651516510365,-0.0011135566246277644,-0.0018087651516510365,-0.001720913565095694,0.5,0.6314353196712749,4,-0.011658909895439183,0.008305234120822846
LEGACY_EVENT_FIRST_60M,2025-09,SOLUSDT,0.0008,10,-0.002008765151651037,-0.0013135566246277645,-0.002008765151651037,-0.0019209135650956944,0.4,0.6002480510717217,4,-0.011858909895439184,0.008105234120822846
LEGACY_EVENT_FIRST_60M,2025-10,BNBUSDT,0.0004,15,0.0008917211344673457,-0.002472522832550883,0.0008917211344673469,0.0008374998633128405,0.3333333333333333,1.2779703534467595,4,-0.007004698147331689,0.014401720060636287
LEGACY_EVENT_FIRST_60M,2025-10,BNBUSDT,0.0006,15,0.0006917211344673463,-0.0026725228325508825,0.0006917211344673451,0.0006374998633128406,0.3333333333333333,1.2070212230699824,4,-0.007204698147331688,0.014201720060636289
LEGACY_EVENT_FIRST_60M,2025-10,BNBUSDT,0.0008,15,0.0004917211344673454,-0.0028725228325508826,0.0004917211344673452,0.0004374998633128402,0.3333333333333333,1.141517196328342,4,-0.007404698147331689,0.01400172006063629
LEGACY_EVENT_FIRST_60M,2025-10,BTCUSDT,0.0004,20,-0.0010310701158417804,-0.0006090609590247316,-0.00016324857656261797,-0.00023096425976179693,0.45,0.7014544692271623,4,-0.007214286067781183,0.008593998069573928
LEGACY_EVENT_FIRST_60M,2025-10,BTCUSDT,0.0006,20,-0.001231070115841781,-0.0008090609590247315,-0.0003632485765626179,-0.0004309642597617971,0.45,0.654547435179574,4,-0.0074142860677811825,0.008393998069573928
LEGACY_EVENT_FIRST_60M,2025-10,BTCUSDT,0.0008,20,-0.0014310701158417808,-0.0010090609590247316,-0.0005632485765626181,-0.0006309642597617975,0.45,0.6104494774122332,4,-0.007614286067781183,0.008193998069573927
LEGACY_EVENT_FIRST_60M,2025-10,ETHUSDT,0.0004,21,-0.0034770755159904986,-0.003987396927870024,-0.0033293213426278698,-0.0034292139814919814,0.42857142857142855,0.504205716566077,2,-0.016943756467521488,0.00878385429106361
LEGACY_EVENT_FIRST_60M,2025-10,ETHUSDT,0.0006,21,-0.0036770755159905,-0.004187396927870023,-0.0035293213426278703,-0.0036292139814919824,0.38095238095238093,0.48460305996488295,5,-0.017143756467521486,0.008583854291063609
LEGACY_EVENT_FIRST_60M,2025-10,ETHUSDT,0.0008,21,-0.0038770755159904993,-0.004387396927870024,-0.0037293213426278686,-0.0038292139814919803,0.38095238095238093,0.4658397622789757,5,-0.017343756467521485,0.008383854291063609
LEGACY_EVENT_FIRST_60M,2025-10,SOLUSDT,0.0004,9,-0.00484621637513012,-0.0064649624870838805,-0.00484621637513012,-0.004906398873904266,0.2222222222222222,0.2330994115700988,7,-0.011331809200337538,0.005062829875863796
LEGACY_EVENT_FIRST_60M,2025-10,SOLUSDT,0.0006,9,-0.0050462163751301215,-0.00666496248708388,-0.0050462163751301215,-0.0051063988739042665,0.2222222222222222,0.22063499391099786,7,-0.011531809200337539,0.004862829875863796
LEGACY_EVENT_FIRST_60M,2025-10,SOLUSDT,0.0008,9,-0.005246216375130122,-0.006864962487083881,-0.005246216375130122,-0.005306398873904268,0.2222222222222222,0.20875543643420294,7,-0.01173180920033754,0.004662829875863796
LEGACY_EVENT_FIRST_60M,2025-11,BNBUSDT,0.0004,19,0.002067412349662529,0.0006025224759071527,0.002067412349662529,0.001989959367194504,0.5789473684210527,2.3204708041302236,2,-0.00384821401538149,0.010909936055268951
LEGACY_EVENT_FIRST_60M,2025-11,BNBUSDT,0.0006,19,0.0018674123496625296,0.00040252247590715276,0.0018674123496625296,0.001789959367194504,0.5789473684210527,2.131851781779282,2,-0.00404821401538149,0.01070993605526895
LEGACY_EVENT_FIRST_60M,2025-11,BNBUSDT,0.0008,19,0.0016674123496625288,0.00020252247590715267,0.0016674123496625288,0.001589959367194504,0.5263157894736842,1.9606126198693965,2,-0.00424821401538149,0.01050993605526895
LEGACY_EVENT_FIRST_60M,2025-11,BTCUSDT,0.0004,13,0.0028437744981415305,0.0019702096064881493,0.00284377449814153,0.0031336763021394304,0.6923076923076923,2.4238652527316797,1,-0.004256969575983804,0.012515378229412424
LEGACY_EVENT_FIRST_60M,2025-11,BTCUSDT,0.0006,13,0.0026437744981415313,0.0017702096064881497,0.0026437744981415304,0.0029336763021394303,0.6923076923076923,2.2841586027982523,1,-0.004456969575983804,0.012315378229412423
LEGACY_EVENT_FIRST_60M,2025-11,BTCUSDT,0.0008,13,0.0024437744981415307,0.0015702096064881496,0.0024437744981415307,0.0027336763021394298,0.6923076923076923,2.1525615016283175,1,-0.0046569695759838044,0.012115378229412423
LEGACY_EVENT_FIRST_60M,2025-11,ETHUSDT,0.0004,16,0.0037740466589067084,0.0008440245999222332,0.003774046658906709,0.002590862867954381,0.5,2.979736197589934,4,-0.005155382130382235,0.01209171936596405
LEGACY_EVENT_FIRST_60M,2025-11,ETHUSDT,0.0006,16,0.003574046658906707,0.0006440245999222334,0.003574046658906708,0.002390862867954381,0.5,2.7813780006404856,4,-0.005355382130382235,0.01189171936596405
LEGACY_EVENT_FIRST_60M,2025-11,ETHUSDT,0.0008,16,0.0033740466589067064,0.0004440245999222333,0.0033740466589067064,0.00219086286795438,0.5,2.6018542150669313,4,-0.005555382130382236,0.011691719365964049
LEGACY_EVENT_FIRST_60M,2025-11,SOLUSDT,0.0004,18,0.0004869341065522053,-0.00011857379028750137,0.00048693410655220517,-0.00029052230316143073,0.5,1.1435326727532036,3,-0.014402230924972302,0.013307182514927442
LEGACY_EVENT_FIRST_60M,2025-11,SOLUSDT,0.0006,18,0.000286934106552205,-0.0003185737902875013,0.000286934106552205,-0.0004905223031614309,0.4444444444444444,1.08200926142013,3,-0.014602230924972303,0.013107182514927441
LEGACY_EVENT_FIRST_60M,2025-11,SOLUSDT,0.0008,18,8.693410655220471e-05,-0.0005185737902875014,8.693410655220488e-05,-0.0006905223031614311,0.4444444444444444,1.0240820545769294,3,-0.014802230924972303,0.01290718251492744
LEGACY_EVENT_FIRST_60M,2025-12,BNBUSDT,0.0004,15,0.0002892877099113088,0.00028204000517413375,0.0002892877099113085,0.0002363641321953467,0.5333333333333333,1.2087743816250422,3,-0.004247018863917318,0.005879713762971894
LEGACY_EVENT_FIRST_60M,2025-12,BNBUSDT,0.0006,15,8.928770991130907e-05,8.204000517413382e-05,8.928770991130907e-05,3.636413219534687e-05,0.5333333333333333,1.0603711049001672,3,-0.0044470188639173175,0.005679713762971894
LEGACY_EVENT_FIRST_60M,2025-12,BNBUSDT,0.0008,15,-0.00011071229008869132,-0.00011795999482586627,-0.00011071229008869099,-0.0001636358678046535,0.4666666666666667,0.9299368330042488,3,-0.004647018863917318,0.005479713762971894
LEGACY_EVENT_FIRST_60M,2025-12,BTCUSDT,0.0004,15,0.0010153111454254354,0.00014201969265066372,0.001015311145425435,0.001204242912343062,0.5333333333333333,1.596402971115319,5,-0.004213105285207952,0.00952694530234428
LEGACY_EVENT_FIRST_60M,2025-12,BTCUSDT,0.0006,15,0.0008153111454254354,-5.7980307349336205e-05,0.0008153111454254354,0.001004242912343062,0.4666666666666667,1.4530538705898743,7,-0.0044131052852079515,0.00932694530234428
LEGACY_EVENT_FIRST_60M,2025-12,BTCUSDT,0.0008,15,0.0006153111454254352,-0.0002579803073493363,0.0006153111454254354,0.0008042429123430618,0.4666666666666667,1.3227850717778225,7,-0.004613105285207952,0.009126945302344279
LEGACY_EVENT_FIRST_60M,2025-12,ETHUSDT,0.0004,21,-0.0023268766150662487,-0.0023399704815122878,-0.0024092008035440466,-0.0021104476378875285,0.23809523809523808,0.41615157560829763,5,-0.010035861624941122,0.003685350158727907
LEGACY_EVENT_FIRST_60M,2025-12,ETHUSDT,0.0006,21,-0.0025268766150662505,-0.0025399704815122874,-0.002609200803544048,-0.0023104476378875303,0.23809523809523808,0.3893177978421496,5,-0.010235861624941122,0.0034853501587279075
LEGACY_EVENT_FIRST_60M,2025-12,ETHUSDT,0.0008,21,-0.0027268766150662506,-0.0027399704815122875,-0.0028092008035440473,-0.0025104476378875304,0.23809523809523808,0.3643902162080294,5,-0.010435861624941123,0.0032853501587279074
LEGACY_EVENT_FIRST_60M,2025-12,SOLUSDT,0.0004,19,-0.002712312666565274,-0.004130524467851826,-0.002712312666565275,-0.0024548327178530106,0.2631578947368421,0.4105977857155596,5,-0.01074478954341278,0.0073589832543281075
LEGACY_EVENT_FIRST_60M,2025-12,SOLUSDT,0.0006,19,-0.0029123126665652746,-0.0043305244678518255,-0.0029123126665652746,-0.002654832717853011,0.21052631578947367,0.3871766435344023,6,-0.01094478954341278,0.007158983254328108
LEGACY_EVENT_FIRST_60M,2025-12,SOLUSDT,0.0008,19,-0.003112312666565275,-0.004530524467851826,-0.0031123126665652734,-0.0028548327178530113,0.21052631578947367,0.3661512688747637,6,-0.01114478954341278,0.006958983254328107
LEGACY_EVENT_FIRST_60M,2026-01,BNBUSDT,0.0004,16,-0.0010649745423382075,-0.00042009127879365465,-0.0010649745423382078,-0.0010779816137681656,0.5,0.6417205366009875,2,-0.008630154074072348,0.006933203948973077
LEGACY_EVENT_FIRST_60M,2026-01,BNBUSDT,0.0006,16,-0.0012649745423382076,-0.0006200912787936545,-0.0012649745423382076,-0.0012779816137681657,0.5,0.5882872677853553,2,-0.008830154074072349,0.006733203948973077
LEGACY_EVENT_FIRST_60M,2026-01,BNBUSDT,0.0008,16,-0.0014649745423382082,-0.0008200912787936546,-0.0014649745423382082,-0.0014779816137681662,0.4375,0.5389795060053336,2,-0.00903015407407235,0.006533203948973077
LEGACY_EVENT_FIRST_60M,2026-01,BTCUSDT,0.0004,16,-3.6463624024369755e-05,0.0012400603307081818,-3.646362402436997e-05,-0.00037041556190554767,0.5625,0.9886021851981824,4,-0.011263440281636105,0.0074281352743136965
LEGACY_EVENT_FIRST_60M,2026-01,BTCUSDT,0.0006,16,-0.00023646362402436963,0.001040060330708182,-0.00023646362402436963,-0.0005704155619055476,0.5625,0.928053884643488,4,-0.011463440281636105,0.007228135274313697
LEGACY_EVENT_FIRST_60M,2026-01,BTCUSDT,0.0008,16,-0.00043646362402437004,0.0008400603307081819,-0.00043646362402436994,-0.0007704155619055481,0.5625,0.8706458916088373,4,-0.011663440281636106,0.007028135274313696
LEGACY_EVENT_FIRST_60M,2026-01,ETHUSDT,0.0004,18,-0.00013729192444732506,-0.0021937967822622693,-0.00013729192444732468,0.0005508473538368293,0.3333333333333333,0.9682738810296971,4,-0.009668476759058896,0.014351962801543237
LEGACY_EVENT_FIRST_60M,2026-01,ETHUSDT,0.0006,18,-0.0003372919244473242,-0.002393796782262269,-0.0003372919244473242,0.00035084735383682984,0.3333333333333333,0.9243866101785319,4,-0.009868476759058897,0.014151962801543237
LEGACY_EVENT_FIRST_60M,2026-01,ETHUSDT,0.0008,18,-0.000537291924447324,-0.002593796782262269,-0.0005372919244473236,0.0001508473538368297,0.3333333333333333,0.8830468092717814,4,-0.010068476759058897,0.013951962801543236
LEGACY_EVENT_FIRST_60M,2026-01,SOLUSDT,0.0004,22,0.0008113551796055476,-0.0009591795552467028,0.0005716097943934689,0.0008224454889778979,0.5,1.2968338100337642,3,-0.007137774911315176,0.010467859669813659
LEGACY_EVENT_FIRST_60M,2026-01,SOLUSDT,0.0006,22,0.0006113551796055476,-0.0011591795552467025,0.0003716097943934689,0.0006224454889778981,0.4090909090909091,1.2153471135734664,4,-0.007337774911315175,0.010267859669813658
LEGACY_EVENT_FIRST_60M,2026-01,SOLUSDT,0.0008,22,0.0004113551796055473,-0.0013591795552467026,0.0001716097943934682,0.00042244548897789775,0.4090909090909091,1.1391071204203593,4,-0.007537774911315176,0.010067859669813658
LEGACY_EVENT_FIRST_60M,2026-02,BNBUSDT,0.0004,15,0.0038852398922372897,0.0005971803864934348,0.003885239892237288,0.0018733658272818742,0.6,2.9673483688495073,3,-0.00606622571760167,0.010218846713730698
LEGACY_EVENT_FIRST_60M,2026-02,BNBUSDT,0.0006,15,0.003685239892237286,0.0003971803864934348,0.003685239892237288,0.001673365827281875,0.6,2.793425246672275,3,-0.006266225717601669,0.010018846713730697
LEGACY_EVENT_FIRST_60M,2026-02,BNBUSDT,0.0008,15,0.003485239892237286,0.00019718038649343473,0.0034852398922372873,0.001473365827281875,0.6,2.6325370234387315,3,-0.00646622571760167,0.009818846713730699
LEGACY_EVENT_FIRST_60M,2026-02,BTCUSDT,0.0004,17,0.0013965134877606457,-0.0005339123745933701,0.0013965134877606455,-7.353152597434525e-05,0.47058823529411764,1.4944639966351976,3,-0.008858199235986628,0.00681061679095767
LEGACY_EVENT_FIRST_60M,2026-02,BTCUSDT,0.0006,17,0.001196513487760645,-0.0007339123745933701,0.0011965134877606452,-0.00027353152597434544,0.47058823529411764,1.4083412963463195,3,-0.009058199235986629,0.006610616790957671
LEGACY_EVENT_FIRST_60M,2026-02,BTCUSDT,0.0008,17,0.0009965134877606447,-0.0009339123745933702,0.0009965134877606447,-0.00047353152597434596,0.4117647058823529,1.3279867533152092,3,-0.00925819923598663,0.00641061679095767
LEGACY_EVENT_FIRST_60M,2026-02,ETHUSDT,0.0004,19,0.00042133161380182344,0.0022441487546911,0.00042133161380182365,0.00046139031539495115,0.5789473684210527,1.1336838513059433,3,-0.011902172661356224,0.00810309309141881
LEGACY_EVENT_FIRST_60M,2026-02,ETHUSDT,0.0006,19,0.00022133161380182356,0.0020441487546911004,0.00022133161380182356,0.00026139031539495106,0.5789473684210527,1.068398523266929,3,-0.012102172661356225,0.00790309309141881
LEGACY_EVENT_FIRST_60M,2026-02,ETHUSDT,0.0008,19,2.1331613801823038e-05,0.0018441487546911003,2.1331613801822946e-05,6.139031539495055e-05,0.5789473684210527,1.006424947436422,3,-0.012302172661356225,0.007703093091418809
LEGACY_EVENT_FIRST_60M,2026-02,SOLUSDT,0.0004,22,0.0017245709057604147,-0.0019066286609609627,-0.001361769906288828,-0.0010916084391066566,0.4090909090909091,1.4861665784279643,5,-0.010300568956114375,0.004645572286146927
LEGACY_EVENT_FIRST_60M,2026-02,SOLUSDT,0.0006,22,0.001524570905760412,-0.0021066286609609623,-0.0015617699062888289,-0.0012916084391066563,0.4090909090909091,1.415928287927671,5,-0.010500568956114375,0.004445572286146927
LEGACY_EVENT_FIRST_60M,2026-02,SOLUSDT,0.0008,22,0.0013245709057604132,-0.0023066286609609624,-0.0017617699062888292,-0.0014916084391066566,0.36363636363636365,1.3496647751887847,5,-0.010700568956114376,0.004245572286146928
LEGACY_EVENT_FIRST_60M,2026-03,BNBUSDT,0.0004,15,0.0017413091361973589,0.0010448343203721237,0.001741309136197359,0.0013410285036467191,0.5333333333333333,2.025138477989473,3,-0.007137844276065164,0.008449895909638272
LEGACY_EVENT_FIRST_60M,2026-03,BNBUSDT,0.0006,15,0.0015413091361973596,0.0008448343203721237,0.0015413091361973596,0.0011410285036467195,0.5333333333333333,1.8601333684628993,3,-0.007337844276065163,0.008249895909638271
LEGACY_EVENT_FIRST_60M,2026-03,BNBUSDT,0.0008,15,0.0013413091361973593,0.0006448343203721236,0.0013413091361973591,0.0009410285036467188,0.5333333333333333,1.7114659008226671,3,-0.007537844276065164,0.00804989590963827
LEGACY_EVENT_FIRST_60M,2026-03,BTCUSDT,0.0004,15,0.000103699394848571,-0.00020283212503007208,0.00010369939484857136,-6.95724953641384e-05,0.4666666666666667,1.0365093647096646,3,-0.008675164869954453,0.008608781856730153
LEGACY_EVENT_FIRST_60M,2026-03,BTCUSDT,0.0006,15,-9.630060515142929e-05,-0.000402832125030072,-9.630060515143021e-05,-0.0002695724953641385,0.4666666666666667,0.9673226868283753,3,-0.008875164869954454,0.008408781856730153
LEGACY_EVENT_FIRST_60M,2026-03,BTCUSDT,0.0008,15,-0.0002963006051514298,-0.0006028321250300721,-0.00029630060515143053,-0.0004695724953641389,0.4,0.9030383583114469,3,-0.009075164869954454,0.008208781856730152
LEGACY_EVENT_FIRST_60M,2026-03,ETHUSDT,0.0004,24,0.0015547853918610813,-0.0021478280659669056,0.0011933430488767463,0.0015105302516651656,0.375,1.451180170680709,5,-0.010635965729029638,0.0166943458266118
LEGACY_EVENT_FIRST_60M,2026-03,ETHUSDT,0.0006,24,0.0013547853918610814,-0.0023478280659669053,0.0009933430488767454,0.0013105302516651658,0.375,1.3793810741966264,5,-0.010835965729029638,0.0164943458266118
LEGACY_EVENT_FIRST_60M,2026-03,ETHUSDT,0.0008,24,0.0011547853918610813,-0.0025478280659669054,0.0007933430488767455,0.0011105302516651653,0.375,1.3124384643826343,5,-0.011035965729029639,0.0162943458266118
LEGACY_EVENT_FIRST_60M,2026-03,SOLUSDT,0.0004,14,-0.0019256269328521308,-0.0034205512875866593,-0.0019256269328521308,-0.0020536436960649227,0.35714285714285715,0.6641472143457792,3,-0.01272244712253364,0.013510310753426555
LEGACY_EVENT_FIRST_60M,2026-03,SOLUSDT,0.0006,14,-0.0021256269328521313,-0.003620551287586659,-0.002125626932852132,-0.0022536436960649236,0.35714285714285715,0.6373959651014106,3,-0.012922447122533641,0.013310310753426553
LEGACY_EVENT_FIRST_60M,2026-03,SOLUSDT,0.0008,14,-0.002325626932852132,-0.0038205512875866595,-0.0023256269328521292,-0.002453643696064924,0.35714285714285715,0.6117929801734826,3,-0.013122447122533642,0.013110310753426554
LEGACY_EVENT_FIRST_60M,2026-04,BNBUSDT,0.0004,14,0.00024603028367833066,0.0002521546773570197,0.00024603028367833077,0.00022831266429791953,0.5714285714285714,1.2275128929401,2,-0.0028904851740791156,0.00318163753008205
LEGACY_EVENT_FIRST_60M,2026-04,BNBUSDT,0.0006,14,4.603028367833079e-05,5.215467735701976e-05,4.6030283678330803e-05,2.8312664297919813e-05,0.5,1.0393744050374267,4,-0.0030904851740791153,0.0029816375300820504
LEGACY_EVENT_FIRST_60M,2026-04,BNBUSDT,0.0008,14,-0.00015396971632166938,-0.00014784532264298033,-0.00015396971632166936,-0.00017168733570208032,0.35714285714285715,0.8794634927735685,5,-0.0032904851740791154,0.0027816375300820503
LEGACY_EVENT_FIRST_60M,2026-04,BTCUSDT,0.0004,13,0.00013056464016873698,-0.0006834260193674831,0.00013056464016873687,0.00019256123810082882,0.46153846153846156,1.0543617995869152,3,-0.008180058041125291,0.008037519840871801
LEGACY_EVENT_FIRST_60M,2026-04,BTCUSDT,0.0006,13,-6.943535983126299e-05,-0.0008834260193674831,-6.943535983126324e-05,-7.438761899171277e-06,0.46153846153846156,0.9723306031234583,3,-0.008380058041125292,0.0078375198408718
LEGACY_EVENT_FIRST_60M,2026-04,BTCUSDT,0.0008,13,-0.0002694353598312634,-0.001083426019367483,-0.0002694353598312639,-0.00020743876189917155,0.46153846153846156,0.8970503433762366,3,-0.008580058041125292,0.0076375198408718
LEGACY_EVENT_FIRST_60M,2026-04,ETHUSDT,0.0004,14,0.0013973643379364715,-0.00020997409998140226,0.001397364337936472,0.0017154079531072166,0.42857142857142855,1.4864165725666267,3,-0.007895734560282064,0.017780057360028
LEGACY_EVENT_FIRST_60M,2026-04,ETHUSDT,0.0006,14,0.001197364337936472,-0.0004099740999814022,0.0011973643379364716,0.001515407953107217,0.42857142857142855,1.4008506362487219,3,-0.008095734560282064,0.017580057360028
LEGACY_EVENT_FIRST_60M,2026-04,ETHUSDT,0.0008,14,0.0009973643379364724,-0.0006099740999814023,0.0009973643379364721,0.0013154079531072168,0.35714285714285715,1.3209282121979569,3,-0.008295734560282065,0.017380057360027998
LEGACY_EVENT_FIRST_60M,2026-04,SOLUSDT,0.0004,10,-0.0019069838792709955,-0.004607557569535447,-0.0019069838792709945,-0.001871419202249844,0.3,0.5458983595465431,3,-0.00876949239338347,0.010642764215442635
LEGACY_EVENT_FIRST_60M,2026-04,SOLUSDT,0.0006,10,-0.002106983879270995,-0.004807557569535447,-0.0021069838792709956,-0.002071419202249844,0.3,0.5144599737262758,3,-0.00896949239338347,0.010442764215442634
LEGACY_EVENT_FIRST_60M,2026-04,SOLUSDT,0.0008,10,-0.0023069838792709957,-0.005007557569535448,-0.002306983879270996,-0.0022714192022498443,0.3,0.4849867217593588,3,-0.009169492393383471,0.010242764215442634
LEGACY_EVENT_FIRST_60M,2026-05,BNBUSDT,0.0004,17,0.0017934252914328095,0.001220341518135282,0.0017934252914328097,0.0016036478654510775,0.7058823529411765,4.264789256740733,3,-0.0019153837499548128,0.00582394502595105
LEGACY_EVENT_FIRST_60M,2026-05,BNBUSDT,0.0006,17,0.0015934252914328098,0.0010203415181352822,0.0015934252914328098,0.001403647865451078,0.6470588235294118,3.6148570809747445,3,-0.002115383749954813,0.00562394502595105
LEGACY_EVENT_FIRST_60M,2026-05,BNBUSDT,0.0008,17,0.0013934252914328097,0.000820341518135282,0.0013934252914328097,0.0012036478654510777,0.5882352941176471,3.0229419272257725,3,-0.0023153837499548125,0.00542394502595105
LEGACY_EVENT_FIRST_60M,2026-05,BTCUSDT,0.0004,18,-0.00010280903636233386,-0.0014083953174291338,-0.00010280903636233396,-0.00016863392414608568,0.3333333333333333,0.9396155861102264,5,-0.004431040766054994,0.005121747428276248
LEGACY_EVENT_FIRST_60M,2026-05,BTCUSDT,0.0006,18,-0.00030280903636233363,-0.0016083953174291336,-0.00030280903636233363,-0.00036863392414608544,0.3333333333333333,0.8350631598924715,5,-0.004631040766054993,0.004921747428276248
LEGACY_EVENT_FIRST_60M,2026-05,BTCUSDT,0.0008,18,-0.000502809036362334,-0.0018083953174291337,-0.0005028090363623338,-0.0005686339241460857,0.3333333333333333,0.7446687912704557,5,-0.004831040766054994,0.004721747428276248
LEGACY_EVENT_FIRST_60M,2026-05,ETHUSDT,0.0004,13,-0.00015368406143140013,-0.0016992353322018868,-0.00015368406143140013,-0.0006951423032089491,0.3076923076923077,0.9220584397333563,4,-0.0031757859578934507,0.0025796762218013767
LEGACY_EVENT_FIRST_60M,2026-05,ETHUSDT,0.0006,13,-0.00035368406143139973,-0.0018992353322018866,-0.00035368406143139973,-0.0008951423032089491,0.3076923076923077,0.8323968685094376,4,-0.0033757859578934504,0.002379676221801377
LEGACY_EVENT_FIRST_60M,2026-05,ETHUSDT,0.0008,13,-0.0005536840614313999,-0.0020992353322018867,-0.0005536840614313996,-0.001095142303208949,0.23076923076923078,0.7552140881626501,4,-0.0035757859578934505,0.002179676221801377
LEGACY_EVENT_FIRST_60M,2026-05,SOLUSDT,0.0004,13,-0.0008845993932678198,-0.000516279069767522,-0.0008845993932678202,-0.0009333890313623235,0.46153846153846156,0.6165517167225223,4,-0.008650502430178618,0.004537545179276404
LEGACY_EVENT_FIRST_60M,2026-05,SOLUSDT,0.0006,13,-0.00108459939326782,-0.000716279069767522,-0.00108459939326782,-0.0011333890313623236,0.46153846153846156,0.5508256295555849,4,-0.008850502430178618,0.004337545179276404
LEGACY_EVENT_FIRST_60M,2026-05,SOLUSDT,0.0008,13,-0.0012845993932678204,-0.000916279069767522,-0.0012845993932678206,-0.0013333890313623237,0.38461538461538464,0.49105550968256123,4,-0.009050502430178619,0.004137545179276404
LEGACY_EVENT_FIRST_60M,2026-06,BNBUSDT,0.0004,15,-0.00031247075372125004,-0.0016946705684135917,-0.00031247075372124977,-0.00014240160856271103,0.4,0.9044039732464488,3,-0.008096054361082294,0.008577245595705075
LEGACY_EVENT_FIRST_60M,2026-06,BNBUSDT,0.0006,15,-0.0005124707537212496,-0.0018946705684135916,-0.0005124707537212506,-0.00034240160856271047,0.4,0.848768835154289,3,-0.008296054361082293,0.008377245595705074
LEGACY_EVENT_FIRST_60M,2026-06,BNBUSDT,0.0008,15,-0.0007124707537212501,-0.0020946705684135917,-0.0007124707537212503,-0.0005424016085627113,0.4,0.7969392636647505,3,-0.008496054361082294,0.008177245595705073
LEGACY_EVENT_FIRST_60M,2026-06,BTCUSDT,0.0004,24,0.0001986776963745704,-0.001038818932260421,-0.00010086408018094481,3.862162275395688e-07,0.4166666666666667,1.0796804411423873,4,-0.006194969834509078,0.009122313974741636
LEGACY_EVENT_FIRST_60M,2026-06,BTCUSDT,0.0006,24,-1.3223036254295568e-06,-0.0012388189322604208,-0.0003008640801809452,-0.00019961378377246052,0.375,0.9994946985772091,4,-0.006394969834509078,0.008922313974741636
LEGACY_EVENT_FIRST_60M,2026-06,BTCUSDT,0.0008,24,-0.0002013223036254298,-0.001438818932260421,-0.0005008640801809456,-0.000399613783772461,0.375,0.926574579099701,4,-0.006594969834509078,0.008722313974741635
LEGACY_EVENT_FIRST_60M,2026-06,ETHUSDT,0.0004,26,0.0009641209597553723,-0.0005166155193064733,0.0008730899906373135,0.0009911380444976442,0.5,1.2714585709585864,3,-0.011397606460171005,0.013895667542792768
LEGACY_EVENT_FIRST_60M,2026-06,ETHUSDT,0.0006,26,0.0007641209597553727,-0.0007166155193064731,0.0006730899906373135,0.0007911380444976447,0.5,1.2092546428958362,3,-0.011597606460171005,0.013695667542792767
LEGACY_EVENT_FIRST_60M,2026-06,ETHUSDT,0.0008,26,0.0005641209597553722,-0.0009166155193064732,0.0004730899906373132,0.0005911380444976441,0.5,1.1503668144559405,3,-0.011797606460171006,0.013495667542792767
LEGACY_EVENT_FIRST_60M,2026-06,SOLUSDT,0.0004,31,0.00017790511625853,-0.0018749262536872809,7.27417114031557e-05,0.00019644120406573507,0.45161290322580644,1.0415272962847317,3,-0.011899402628434851,0.014807299503761763
LEGACY_EVENT_FIRST_60M,2026-06,SOLUSDT,0.0006,31,-2.2094883741469732e-05,-0.0020749262536872808,-0.00012725828859684477,-3.558795934264677e-06,0.41935483870967744,0.9949764362348846,4,-0.012099402628434851,0.014607299503761762
LEGACY_EVENT_FIRST_60M,2026-06,SOLUSDT,0.0008,31,-0.00022209488374146975,-0.002274926253687281,-0.00032725828859684426,-0.00020355879593426457,0.41935483870967744,0.950802771126709,4,-0.012299402628434852,0.014407299503761762
LEGACY_EVENT_FIRST_60M,2026-07,BNBUSDT,0.0004,15,-0.00028418447880531586,-0.0006258120548896958,-0.00028418447880531624,-0.00022729634667216763,0.3333333333333333,0.788913141604772,5,-0.0030960862773961703,0.003989191599602737
LEGACY_EVENT_FIRST_60M,2026-07,BNBUSDT,0.0006,15,-0.0004841844788053155,-0.0008258120548896957,-0.0004841844788053155,-0.0004272963466721674,0.3333333333333333,0.6727654113863237,5,-0.00329608627739617,0.0037891915996027376
LEGACY_EVENT_FIRST_60M,2026-07,BNBUSDT,0.0008,15,-0.0006841844788053158,-0.0010258120548896957,-0.0006841844788053155,-0.0006272963466721677,0.3333333333333333,0.5758201164579454,5,-0.00349608627739617,0.0035891915996027375
LEGACY_EVENT_FIRST_60M,2026-07,BTCUSDT,0.0004,17,-0.00018102597825618507,-0.000444761375563418,-0.00018102597825618507,-0.00012634776759854458,0.47058823529411764,0.8780523689153295,3,-0.004537235601811629,0.003927917777172941
LEGACY_EVENT_FIRST_60M,2026-07,BTCUSDT,0.0006,17,-0.0003810259782561847,-0.0006447613755634179,-0.0003810259782561847,-0.00032634776759854424,0.4117647058823529,0.7612103400402492,4,-0.0047372356018116285,0.003727917777172941
LEGACY_EVENT_FIRST_60M,2026-07,BTCUSDT,0.0008,17,-0.0005810259782561849,-0.000844761375563418,-0.000581025978256185,-0.0005263477675985445,0.4117647058823529,0.6608736414961263,4,-0.004937235601811629,0.003527917777172941
LEGACY_EVENT_FIRST_60M,2026-07,ETHUSDT,0.0004,17,-0.001094596580346188,-0.0031930769351471875,-0.0010945965803461875,-0.0012493504348997202,0.35294117647058826,0.6920410603642196,4,-0.006949273737709282,0.008217341708543205
LEGACY_EVENT_FIRST_60M,2026-07,ETHUSDT,0.0006,17,-0.0012945965803461876,-0.003393076935147187,-0.0012945965803461876,-0.0014493504348997198,0.35294117647058826,0.6485675362979013,4,-0.007149273737709282,0.008017341708543206
LEGACY_EVENT_FIRST_60M,2026-07,ETHUSDT,0.0008,17,-0.0014945965803461882,-0.0035930769351471873,-0.001494596580346188,-0.0016493504348997204,0.29411764705882354,0.6081496601414447,4,-0.0073492737377092825,0.007817341708543205
LEGACY_EVENT_FIRST_60M,2026-07,SOLUSDT,0.0004,14,-0.0023693320882634664,-0.0010610820340303136,-0.0023693320882634647,-0.002418700321957862,0.21428571428571427,0.25686144540904954,4,-0.008704241029138082,0.003283108637755742
LEGACY_EVENT_FIRST_60M,2026-07,SOLUSDT,0.0006,14,-0.002569332088263466,-0.0012610820340303135,-0.0025693320882634674,-0.0026187003219578613,0.21428571428571427,0.23198532516215156,4,-0.008904241029138081,0.0030831086377557425
LEGACY_EVENT_FIRST_60M,2026-07,SOLUSDT,0.0008,14,-0.002769332088263466,-0.0014610820340303136,-0.0027693320882634675,-0.0028187003219578622,0.21428571428571427,0.20934134414465028,4,-0.009104241029138082,0.002883108637755742
