symbol,period,year,era,strategy,cost,samples,mean_return,median_return,win_rate,profit_factor,profit_factor_clean
BNBUSDT,2024-01,2024,HIST_2024_2025,ATR_080_100,0.0,21,-0.0015408575385660846,-0.0032510202669986388,0.42857142857142855,0.5271218855554244,0.5271218855554244
BNBUSDT,2024-01,2024,HIST_2024_2025,ATR_080_100,0.0002,21,-0.0017408575385660843,-0.003451020266998639,0.38095238095238093,0.4850602426267684,0.4850602426267684
BNBUSDT,2024-01,2024,HIST_2024_2025,ATR_080_100,0.0004,21,-0.0019408575385660841,-0.003651020266998639,0.38095238095238093,0.44618304739790027,0.44618304739790027
BNBUSDT,2024-01,2024,HIST_2024_2025,ATR_080_100,0.0006,21,-0.0021408575385660853,-0.0038510202669986386,0.3333333333333333,0.4108927931123958,0.4108927931123958
BNBUSDT,2024-01,2024,HIST_2024_2025,ATR_080_100,0.0008,21,-0.0023408575385660854,-0.004051020266998639,0.3333333333333333,0.3786551156596823,0.3786551156596823
BNBUSDT,2024-01,2024,HIST_2024_2025,BASE_SHORT,0.0,94,-0.0012452697765332294,-0.0015700825516672956,0.43617021276595747,0.6628147002935079,0.6628147002935079
BNBUSDT,2024-01,2024,HIST_2024_2025,BASE_SHORT,0.0002,94,-0.0014452697765332295,-0.0017700825516672957,0.4148936170212766,0.6204713351116451,0.6204713351116451
BNBUSDT,2024-01,2024,HIST_2024_2025,BASE_SHORT,0.0004,94,-0.0016452697765332296,-0.0019700825516672958,0.39361702127659576,0.5810391703998089,0.5810391703998089
BNBUSDT,2024-01,2024,HIST_2024_2025,BASE_SHORT,0.0006,94,-0.0018452697765332295,-0.0021700825516672954,0.3723404255319149,0.5444810346290944,0.5444810346290944
BNBUSDT,2024-01,2024,HIST_2024_2025,BASE_SHORT,0.0008,94,-0.0020452697765332294,-0.0023700825516672955,0.3723404255319149,0.5102850428410521,0.5102850428410521
BNBUSDT,2024-02,2024,HIST_2024_2025,ATR_080_100,0.0,14,-0.0001758216209289874,-0.000358192448849326,0.42857142857142855,0.8800071886301498,0.8800071886301498
BNBUSDT,2024-02,2024,HIST_2024_2025,ATR_080_100,0.0002,14,-0.0003758216209289875,-0.000558192448849326,0.42857142857142855,0.7620710020601703,0.7620710020601703
BNBUSDT,2024-02,2024,HIST_2024_2025,ATR_080_100,0.0004,14,-0.0005758216209289875,-0.000758192448849326,0.35714285714285715,0.6610218828778138,0.6610218828778138
BNBUSDT,2024-02,2024,HIST_2024_2025,ATR_080_100,0.0006,14,-0.0007758216209289873,-0.0009581924488493258,0.35714285714285715,0.575420354435541,0.575420354435541
BNBUSDT,2024-02,2024,HIST_2024_2025,ATR_080_100,0.0008,14,-0.0009758216209289874,-0.001158192448849326,0.35714285714285715,0.5010732262839356,0.5010732262839356
BNBUSDT,2024-02,2024,HIST_2024_2025,BASE_SHORT,0.0,55,-0.0014308927400705409,-0.0018775603095129156,0.38181818181818183,0.4605647455642942,0.4605647455642942
BNBUSDT,2024-02,2024,HIST_2024_2025,BASE_SHORT,0.0002,55,-0.0016308927400705416,-0.0020775603095129157,0.36363636363636365,0.41254987853689673,0.41254987853689673
BNBUSDT,2024-02,2024,HIST_2024_2025,BASE_SHORT,0.0004,55,-0.0018308927400705406,-0.002277560309512916,0.34545454545454546,0.36968637777971947,0.36968637777971947
BNBUSDT,2024-02,2024,HIST_2024_2025,BASE_SHORT,0.0006,55,-0.002030892740070541,-0.0024775603095129155,0.3090909090909091,0.3320319934613038,0.3320319934613038
BNBUSDT,2024-02,2024,HIST_2024_2025,BASE_SHORT,0.0008,55,-0.0022308927400705404,-0.0026775603095129156,0.3090909090909091,0.29814932822227547,0.29814932822227547
BNBUSDT,2024-03,2024,HIST_2024_2025,ATR_080_100,0.0,17,-0.0015955039892388719,-0.002548911545880439,0.4117647058823529,0.7103258379196192,0.7103258379196192
BNBUSDT,2024-03,2024,HIST_2024_2025,ATR_080_100,0.0002,17,-0.0017955039892388722,-0.002748911545880439,0.35294117647058826,0.6812221635490844,0.6812221635490844
BNBUSDT,2024-03,2024,HIST_2024_2025,ATR_080_100,0.0004,17,-0.001995503989238871,-0.002948911545880439,0.35294117647058826,0.6536709867285558,0.6536709867285558
BNBUSDT,2024-03,2024,HIST_2024_2025,ATR_080_100,0.0006,17,-0.002195503989238872,-0.003148911545880439,0.35294117647058826,0.6273302236658065,0.6273302236658065
BNBUSDT,2024-03,2024,HIST_2024_2025,ATR_080_100,0.0008,17,-0.0023955039892388725,-0.003348911545880439,0.35294117647058826,0.6021218227111294,0.6021218227111294
BNBUSDT,2024-03,2024,HIST_2024_2025,BASE_SHORT,0.0,75,-0.0017270289392931233,-0.002434890549282809,0.4,0.6780254025425225,0.6780254025425225
BNBUSDT,2024-03,2024,HIST_2024_2025,BASE_SHORT,0.0002,75,-0.0019270289392931232,-0.002634890549282809,0.4,0.648600355149511,0.648600355149511
BNBUSDT,2024-03,2024,HIST_2024_2025,BASE_SHORT,0.0004,75,-0.0021270289392931237,-0.002834890549282809,0.4,0.6204355109860779,0.6204355109860779
BNBUSDT,2024-03,2024,HIST_2024_2025,BASE_SHORT,0.0006,75,-0.002327028939293124,-0.0030348905492828086,0.37333333333333335,0.5935950305421892,0.5935950305421892
BNBUSDT,2024-03,2024,HIST_2024_2025,BASE_SHORT,0.0008,75,-0.002527028939293123,-0.0032348905492828087,0.36,0.5681500184928229,0.5681500184928229
BNBUSDT,2024-04,2024,HIST_2024_2025,ATR_080_100,0.0,22,0.003994201088324928,-0.0006417985196304765,0.45454545454545453,2.0885663071920764,2.0885663071920764
BNBUSDT,2024-04,2024,HIST_2024_2025,ATR_080_100,0.0002,22,0.0037942010883249264,-0.0008417985196304766,0.45454545454545453,2.004202743823438,2.004202743823438
BNBUSDT,2024-04,2024,HIST_2024_2025,ATR_080_100,0.0004,22,0.003594201088324929,-0.0010417985196304765,0.45454545454545453,1.9245741024104264,1.9245741024104264
BNBUSDT,2024-04,2024,HIST_2024_2025,ATR_080_100,0.0006,22,0.0033942010883249276,-0.0012417985196304764,0.45454545454545453,1.849292641321459,1.849292641321459
BNBUSDT,2024-04,2024,HIST_2024_2025,ATR_080_100,0.0008,22,0.00319420108832493,-0.0014417985196304764,0.45454545454545453,1.7780118300938739,1.7780118300938739
BNBUSDT,2024-04,2024,HIST_2024_2025,BASE_SHORT,0.0,91,-0.00013802772268066223,-0.0014220654150089995,0.42857142857142855,0.9672807797894889,0.9672807797894889
BNBUSDT,2024-04,2024,HIST_2024_2025,BASE_SHORT,0.0002,91,-0.00033802772268066246,-0.0016220654150089996,0.4175824175824176,0.9219912602510832,0.9219912602510832
BNBUSDT,2024-04,2024,HIST_2024_2025,BASE_SHORT,0.0004,91,-0.0005380277226806617,-0.0018220654150089995,0.4175824175824176,0.87908638205249,0.87908638205249
BNBUSDT,2024-04,2024,HIST_2024_2025,BASE_SHORT,0.0006,91,-0.0007380277226806625,-0.0020220654150089994,0.4175824175824176,0.8383705203838153,0.8383705203838153
BNBUSDT,2024-04,2024,HIST_2024_2025,BASE_SHORT,0.0008,91,-0.000938027722680662,-0.0022220654150089995,0.4175824175824176,0.7996803163750802,0.7996803163750802
BNBUSDT,2024-05,2024,HIST_2024_2025,ATR_080_100,0.0,25,-0.00048458763864872356,-0.0002766060438421647,0.4,0.6571186487186397,0.6571186487186397
BNBUSDT,2024-05,2024,HIST_2024_2025,ATR_080_100,0.0002,25,-0.0006845876386487235,-0.0004766060438421647,0.4,0.5535145108678826,0.5535145108678826
BNBUSDT,2024-05,2024,HIST_2024_2025,ATR_080_100,0.0004,25,-0.0008845876386487235,-0.0006766060438421647,0.36,0.4668224007558454,0.4668224007558454
BNBUSDT,2024-05,2024,HIST_2024_2025,ATR_080_100,0.0006,25,-0.0010845876386487235,-0.0008766060438421646,0.32,0.39378955429894047,0.39378955429894047
BNBUSDT,2024-05,2024,HIST_2024_2025,ATR_080_100,0.0008,25,-0.0012845876386487235,-0.0010766060438421646,0.32,0.3327258618725903,0.3327258618725903
BNBUSDT,2024-05,2024,HIST_2024_2025,BASE_SHORT,0.0,84,0.0003952611017206622,-0.00015993717280410324,0.47619047619047616,1.222428394074787,1.222428394074787
BNBUSDT,2024-05,2024,HIST_2024_2025,BASE_SHORT,0.0002,84,0.00019526110172066237,-0.00035993717280410323,0.4523809523809524,1.1036226132096987,1.1036226132096987
BNBUSDT,2024-05,2024,HIST_2024_2025,BASE_SHORT,0.0004,84,-4.738898279337685e-06,-0.0005599371728041032,0.39285714285714285,0.9976314523227647,0.9976314523227647
BNBUSDT,2024-05,2024,HIST_2024_2025,BASE_SHORT,0.0006,84,-0.00020473889827933808,-0.0007599371728041032,0.35714285714285715,0.9036540136089819,0.9036540136089819
BNBUSDT,2024-05,2024,HIST_2024_2025,BASE_SHORT,0.0008,84,-0.0004047388982793383,-0.0009599371728041032,0.35714285714285715,0.8204041644359832,0.8204041644359832
BNBUSDT,2024-06,2024,HIST_2024_2025,ATR_080_100,0.0,27,-0.0004967840374626637,-0.00017599746563656815,0.48148148148148145,0.7746276613115693,0.7746276613115693
BNBUSDT,2024-06,2024,HIST_2024_2025,ATR_080_100,0.0002,27,-0.0006967840374626636,-0.00037599746563656813,0.48148148148148145,0.6980985454255627,0.6980985454255627
BNBUSDT,2024-06,2024,HIST_2024_2025,ATR_080_100,0.0004,27,-0.000896784037462664,-0.0005759974656365681,0.48148148148148145,0.6281510025677398,0.6281510025677398
BNBUSDT,2024-06,2024,HIST_2024_2025,ATR_080_100,0.0006,27,-0.0010967840374626636,-0.0007759974656365681,0.4444444444444444,0.5650674290169494,0.5650674290169494
BNBUSDT,2024-06,2024,HIST_2024_2025,ATR_080_100,0.0008,27,-0.0012967840374626643,-0.0009759974656365682,0.37037037037037035,0.5090780496702156,0.5090780496702156
BNBUSDT,2024-06,2024,HIST_2024_2025,BASE_SHORT,0.0,93,-1.7522071749598897e-05,-0.0003338579672820252,0.46236559139784944,0.993680743767281,0.993680743767281
BNBUSDT,2024-06,2024,HIST_2024_2025,BASE_SHORT,0.0002,93,-0.00021752207174959866,-0.0005338579672820252,0.46236559139784944,0.9244802323669553,0.9244802323669553
BNBUSDT,2024-06,2024,HIST_2024_2025,BASE_SHORT,0.0004,93,-0.00041752207174959886,-0.0007338579672820252,0.46236559139784944,0.8602604869553734,0.8602604869553734
BNBUSDT,2024-06,2024,HIST_2024_2025,BASE_SHORT,0.0006,93,-0.0006175220717495988,-0.0009338579672820252,0.43010752688172044,0.800846448163892,0.800846448163892
BNBUSDT,2024-06,2024,HIST_2024_2025,BASE_SHORT,0.0008,93,-0.0008175220717495989,-0.0011338579672820251,0.40860215053763443,0.7458927883646063,0.7458927883646063
BNBUSDT,2024-07,2024,HIST_2024_2025,ATR_080_100,0.0,21,0.0008534894123566762,-0.0013734086947334578,0.42857142857142855,1.4456005343319096,1.4456005343319096
BNBUSDT,2024-07,2024,HIST_2024_2025,ATR_080_100,0.0002,21,0.0006534894123566761,-0.001573408694733458,0.42857142857142855,1.3219707445029196,1.3219707445029196
BNBUSDT,2024-07,2024,HIST_2024_2025,ATR_080_100,0.0004,21,0.0004534894123566763,-0.0017734086947334578,0.42857142857142855,1.2115214695834962,1.2115214695834962
BNBUSDT,2024-07,2024,HIST_2024_2025,ATR_080_100,0.0006,21,0.00025348941235667634,-0.0019734086947334577,0.42857142857142855,1.11225156639056,1.11225156639056
BNBUSDT,2024-07,2024,HIST_2024_2025,ATR_080_100,0.0008,21,5.348941235667595e-05,-0.0021734086947334578,0.38095238095238093,1.0225014604579439,1.0225014604579439
BNBUSDT,2024-07,2024,HIST_2024_2025,BASE_SHORT,0.0,87,0.0005759852097403028,-0.0006786677751573489,0.4827586206896552,1.1971780709104727,1.1971780709104727
BNBUSDT,2024-07,2024,HIST_2024_2025,BASE_SHORT,0.0002,87,0.00037598520974030294,-0.0008786677751573489,0.47126436781609193,1.124287990869631,1.124287990869631
BNBUSDT,2024-07,2024,HIST_2024_2025,BASE_SHORT,0.0004,87,0.0001759852097403033,-0.0010786677751573488,0.47126436781609193,1.0562098611506074,1.0562098611506074
BNBUSDT,2024-07,2024,HIST_2024_2025,BASE_SHORT,0.0006,87,-2.4014790259697485e-05,-0.0012786677751573487,0.45977011494252873,0.9925828743544152,0.9925828743544152
BNBUSDT,2024-07,2024,HIST_2024_2025,BASE_SHORT,0.0008,87,-0.00022401479025969712,-0.0014786677751573488,0.45977011494252873,0.9330458680934756,0.9330458680934756
BNBUSDT,2024-08,2024,HIST_2024_2025,ATR_080_100,0.0,18,-0.0025757187491250878,-0.0009466609889435817,0.3888888888888889,0.4403280460552345,0.4403280460552345
BNBUSDT,2024-08,2024,HIST_2024_2025,ATR_080_100,0.0002,18,-0.0027757187491250874,-0.0011466609889435818,0.3888888888888889,0.4124736717132697,0.4124736717132697
BNBUSDT,2024-08,2024,HIST_2024_2025,ATR_080_100,0.0004,18,-0.0029757187491250866,-0.0013466609889435817,0.3888888888888889,0.38602415716005406,0.38602415716005406
BNBUSDT,2024-08,2024,HIST_2024_2025,ATR_080_100,0.0006,18,-0.0031757187491250876,-0.0015466609889435816,0.3888888888888889,0.3608758337037209,0.3608758337037209
BNBUSDT,2024-08,2024,HIST_2024_2025,ATR_080_100,0.0008,18,-0.0033757187491250886,-0.0017466609889435817,0.3888888888888889,0.33693498779859177,0.33693498779859177
BNBUSDT,2024-08,2024,HIST_2024_2025,BASE_SHORT,0.0,81,0.0009480203045110282,-0.0003205188634777256,0.48148148148148145,1.2850448397241392,1.2850448397241392
BNBUSDT,2024-08,2024,HIST_2024_2025,BASE_SHORT,0.0002,81,0.0007480203045110287,-0.0005205188634777256,0.4691358024691358,1.217966204151471,1.217966204151471
BNBUSDT,2024-08,2024,HIST_2024_2025,BASE_SHORT,0.0004,81,0.0005480203045110286,-0.0007205188634777256,0.4444444444444444,1.15486075961577,1.15486075961577
BNBUSDT,2024-08,2024,HIST_2024_2025,BASE_SHORT,0.0006,81,0.00034802030451102804,-0.0009205188634777256,0.4444444444444444,1.0953505112437323,1.0953505112437323
BNBUSDT,2024-08,2024,HIST_2024_2025,BASE_SHORT,0.0008,81,0.0001480203045110277,-0.0011205188634777256,0.4444444444444444,1.0393564668353703,1.0393564668353703
BNBUSDT,2024-09,2024,HIST_2024_2025,ATR_080_100,0.0,24,-0.00012022763676632538,-0.0013392038280996554,0.4583333333333333,0.9473318597762097,0.9473318597762097
BNBUSDT,2024-09,2024,HIST_2024_2025,ATR_080_100,0.0002,24,-0.0003202276367663252,-0.0015392038280996555,0.4583333333333333,0.8660736507476668,0.8660736507476668
BNBUSDT,2024-09,2024,HIST_2024_2025,ATR_080_100,0.0004,24,-0.0005202276367663254,-0.0017392038280996554,0.4583333333333333,0.7918594934232971,0.7918594934232971
BNBUSDT,2024-09,2024,HIST_2024_2025,ATR_080_100,0.0006,24,-0.0007202276367663253,-0.0019392038280996553,0.4166666666666667,0.7244769104347302,0.7244769104347302
BNBUSDT,2024-09,2024,HIST_2024_2025,ATR_080_100,0.0008,24,-0.0009202276367663251,-0.0021392038280996554,0.4166666666666667,0.6630071792630171,0.6630071792630171
BNBUSDT,2024-09,2024,HIST_2024_2025,BASE_SHORT,0.0,83,-0.0010144013080818802,-0.0012847305491794359,0.39759036144578314,0.627029098530392,0.627029098530392
BNBUSDT,2024-09,2024,HIST_2024_2025,BASE_SHORT,0.0002,83,-0.00121440130808188,-0.001484730549179436,0.3855421686746988,0.5727645278782963,0.5727645278782963
BNBUSDT,2024-09,2024,HIST_2024_2025,BASE_SHORT,0.0004,83,-0.00141440130808188,-0.0016847305491794358,0.3855421686746988,0.5230246647217945,0.5230246647217945
BNBUSDT,2024-09,2024,HIST_2024_2025,BASE_SHORT,0.0006,83,-0.0016144013080818798,-0.0018847305491794357,0.3614457831325301,0.47769246343988453,0.47769246343988453
BNBUSDT,2024-09,2024,HIST_2024_2025,BASE_SHORT,0.0008,83,-0.0018144013080818799,-0.002084730549179436,0.3493975903614458,0.4363786201032356,0.4363786201032356
BNBUSDT,2024-10,2024,HIST_2024_2025,ATR_080_100,0.0,25,0.0007991362480040775,0.0012958811992154207,0.68,1.6501043424466488,1.6501043424466488
BNBUSDT,2024-10,2024,HIST_2024_2025,ATR_080_100,0.0002,25,0.0005991362480040778,0.0010958811992154206,0.64,1.4622858664706049,1.4622858664706049
BNBUSDT,2024-10,2024,HIST_2024_2025,ATR_080_100,0.0004,25,0.00039913624800407737,0.0008958811992154207,0.6,1.2905795940964864,1.2905795940964864
BNBUSDT,2024-10,2024,HIST_2024_2025,ATR_080_100,0.0006,25,0.00019913624800407774,0.0006958811992154207,0.56,1.136330270163044,1.136330270163044
BNBUSDT,2024-10,2024,HIST_2024_2025,ATR_080_100,0.0008,25,-8.637519959221047e-07,0.0004958811992154206,0.56,0.9994422692375441,0.9994422692375441
BNBUSDT,2024-10,2024,HIST_2024_2025,BASE_SHORT,0.0,91,-7.76036894928907e-05,-0.00018344951802806708,0.4835164835164835,0.9572519462359415,0.9572519462359415
BNBUSDT,2024-10,2024,HIST_2024_2025,BASE_SHORT,0.0002,91,-0.0002776036894928904,-0.00038344951802806706,0.4725274725274725,0.8553722542499865,0.8553722542499865
BNBUSDT,2024-10,2024,HIST_2024_2025,BASE_SHORT,0.0004,91,-0.00047760368949289073,-0.000583449518028067,0.46153846153846156,0.764315905961206,0.764315905961206
BNBUSDT,2024-10,2024,HIST_2024_2025,BASE_SHORT,0.0006,91,-0.000677603689492891,-0.000783449518028067,0.42857142857142855,0.683041425413609,0.683041425413609
BNBUSDT,2024-10,2024,HIST_2024_2025,BASE_SHORT,0.0008,91,-0.0008776036894928908,-0.000983449518028067,0.4065934065934066,0.6108395933566877,0.6108395933566877
BNBUSDT,2024-11,2024,HIST_2024_2025,ATR_080_100,0.0,24,-8.52057163710183e-05,-0.000503654115485419,0.5,0.9667204101229168,0.9667204101229168
BNBUSDT,2024-11,2024,HIST_2024_2025,ATR_080_100,0.0002,24,-0.0002852057163710182,-0.0007036541154854191,0.5,0.8927918757131815,0.8927918757131815
BNBUSDT,2024-11,2024,HIST_2024_2025,ATR_080_100,0.0004,24,-0.00048520571637101817,-0.000903654115485419,0.5,0.8242199002692737,0.8242199002692737
BNBUSDT,2024-11,2024,HIST_2024_2025,ATR_080_100,0.0006,24,-0.0006852057163710181,-0.0011036541154854189,0.4583333333333333,0.760894277853004,0.760894277853004
BNBUSDT,2024-11,2024,HIST_2024_2025,ATR_080_100,0.0008,24,-0.0008852057163710184,-0.001303654115485419,0.4583333333333333,0.7023553339996821,0.7023553339996821
BNBUSDT,2024-11,2024,HIST_2024_2025,BASE_SHORT,0.0,85,0.00024703246029087465,3.233786602430122e-05,0.5176470588235295,1.0922743693125943,1.0922743693125943
BNBUSDT,2024-11,2024,HIST_2024_2025,BASE_SHORT,0.0002,85,4.703246029087502e-05,-0.0001676621339756988,0.49411764705882355,1.0169318146082067,1.0169318146082067
BNBUSDT,2024-11,2024,HIST_2024_2025,BASE_SHORT,0.0004,85,-0.0001529675397091254,-0.0003676621339756988,0.4588235294117647,0.9469581962521855,0.9469581962521855
BNBUSDT,2024-11,2024,HIST_2024_2025,BASE_SHORT,0.0006,85,-0.0003529675397091252,-0.0005676621339756987,0.4470588235294118,0.882042887812026,0.882042887812026
BNBUSDT,2024-11,2024,HIST_2024_2025,BASE_SHORT,0.0008,85,-0.0005529675397091255,-0.0007676621339756988,0.4470588235294118,0.821791588948096,0.821791588948096
BNBUSDT,2024-12,2024,HIST_2024_2025,ATR_080_100,0.0,22,-0.0010257299439195692,-0.0021225496924974774,0.36363636363636365,0.6857838582121036,0.6857838582121036
BNBUSDT,2024-12,2024,HIST_2024_2025,ATR_080_100,0.0002,22,-0.0012257299439195689,-0.0023225496924974775,0.3181818181818182,0.6395052064626306,0.6395052064626306
BNBUSDT,2024-12,2024,HIST_2024_2025,ATR_080_100,0.0004,22,-0.0014257299439195696,-0.0025225496924974776,0.2727272727272727,0.5976657817661198,0.5976657817661198
BNBUSDT,2024-12,2024,HIST_2024_2025,ATR_080_100,0.0006,22,-0.0016257299439195695,-0.0027225496924974772,0.2727272727272727,0.5593153310594035,0.5593153310594035
BNBUSDT,2024-12,2024,HIST_2024_2025,ATR_080_100,0.0008,22,-0.0018257299439195698,-0.0029225496924974773,0.2727272727272727,0.5238743431727074,0.5238743431727074
BNBUSDT,2024-12,2024,HIST_2024_2025,BASE_SHORT,0.0,101,-0.001837287924763761,-0.0022977473350493938,0.36633663366336633,0.6117246555153542,0.6117246555153542
BNBUSDT,2024-12,2024,HIST_2024_2025,BASE_SHORT,0.0002,101,-0.002037287924763761,-0.002497747335049394,0.3564356435643564,0.5808475200707026,0.5808475200707026
BNBUSDT,2024-12,2024,HIST_2024_2025,BASE_SHORT,0.0004,101,-0.0022372879247637614,-0.002697747335049394,0.3465346534653465,0.5517143269569111,0.5517143269569111
BNBUSDT,2024-12,2024,HIST_2024_2025,BASE_SHORT,0.0006,101,-0.002437287924763761,-0.0028977473350493936,0.3465346534653465,0.5241026195645739,0.5241026195645739
BNBUSDT,2024-12,2024,HIST_2024_2025,BASE_SHORT,0.0008,101,-0.0026372879247637615,-0.0030977473350493937,0.33663366336633666,0.49795986910996437,0.49795986910996437
BNBUSDT,2025-01,2025,HIST_2024_2025,ATR_080_100,0.0,25,7.935962547469089e-05,-0.0007860311043738077,0.48,1.0340434138378862,1.0340434138378862
BNBUSDT,2025-01,2025,HIST_2024_2025,ATR_080_100,0.0002,25,-0.00012064037452530893,-0.0009860311043738078,0.44,0.9504895117634558,0.9504895117634558
BNBUSDT,2025-01,2025,HIST_2024_2025,ATR_080_100,0.0004,25,-0.00032064037452530917,-0.0011860311043738077,0.44,0.8741927138982177,0.8741927138982177
BNBUSDT,2025-01,2025,HIST_2024_2025,ATR_080_100,0.0006,25,-0.0005206403745253089,-0.0013860311043738076,0.44,0.80431930853221,0.80431930853221
BNBUSDT,2025-01,2025,HIST_2024_2025,ATR_080_100,0.0008,25,-0.0007206403745253092,-0.0015860311043738077,0.4,0.7403699487150633,0.7403699487150633
BNBUSDT,2025-01,2025,HIST_2024_2025,BASE_SHORT,0.0,98,-0.000404739856964711,-0.0009086922524860763,0.42857142857142855,0.8205275071559005,0.8205275071559005
BNBUSDT,2025-01,2025,HIST_2024_2025,BASE_SHORT,0.0002,98,-0.0006047398569647108,-0.0011086922524860764,0.40816326530612246,0.7449738787841703,0.7449738787841703
BNBUSDT,2025-01,2025,HIST_2024_2025,BASE_SHORT,0.0004,98,-0.0008047398569647108,-0.0013086922524860763,0.3979591836734694,0.6769485840411419,0.6769485840411419
BNBUSDT,2025-01,2025,HIST_2024_2025,BASE_SHORT,0.0006,98,-0.0010047398569647112,-0.0015086922524860762,0.3877551020408163,0.6153991821059477,0.6153991821059477
BNBUSDT,2025-01,2025,HIST_2024_2025,BASE_SHORT,0.0008,98,-0.001204739856964711,-0.0017086922524860763,0.3673469387755102,0.5598241168749453,0.5598241168749453
BNBUSDT,2025-02,2025,HIST_2024_2025,ATR_080_100,0.0,29,-5.642640277007231e-05,0.0001943703284859044,0.5517241379310345,0.9784516138784055,0.9784516138784055
BNBUSDT,2025-02,2025,HIST_2024_2025,ATR_080_100,0.0002,29,-0.00025642640277007215,-5.629671514095601e-06,0.4827586206896552,0.9053435225688377,0.9053435225688377
BNBUSDT,2025-02,2025,HIST_2024_2025,ATR_080_100,0.0004,29,-0.00045642640277007235,-0.0002056296715140956,0.4827586206896552,0.8377132946933873,0.8377132946933873
BNBUSDT,2025-02,2025,HIST_2024_2025,ATR_080_100,0.0006,29,-0.0006564264027700722,-0.00040562967151409554,0.4827586206896552,0.7748817141727173,0.7748817141727173
BNBUSDT,2025-02,2025,HIST_2024_2025,ATR_080_100,0.0008,29,-0.0008564264027700723,-0.0006056296715140956,0.4482758620689655,0.7169880167398677,0.7169880167398677
BNBUSDT,2025-02,2025,HIST_2024_2025,BASE_SHORT,0.0,99,0.0011025511901260028,-0.00018925382378753852,0.494949494949495,1.3048051302564811,1.3048051302564811
BNBUSDT,2025-02,2025,HIST_2024_2025,BASE_SHORT,0.0002,99,0.0009025511901260026,-0.0003892538237875385,0.47474747474747475,1.2426627031076598,1.2426627031076598
BNBUSDT,2025-02,2025,HIST_2024_2025,BASE_SHORT,0.0004,99,0.000702551190126004,-0.0005892538237875385,0.46464646464646464,1.1836047663766618,1.1836047663766618
BNBUSDT,2025-02,2025,HIST_2024_2025,BASE_SHORT,0.0006,99,0.0005025511901260018,-0.0007892538237875385,0.46464646464646464,1.1277617436688265,1.1277617436688265
BNBUSDT,2025-02,2025,HIST_2024_2025,BASE_SHORT,0.0008,99,0.0003025511901260024,-0.0009892538237875385,0.4444444444444444,1.0748342273317124,1.0748342273317124
BNBUSDT,2025-03,2025,HIST_2024_2025,ATR_080_100,0.0,28,-0.0006853940897072118,0.00036733067945760034,0.5357142857142857,0.6981220578014591,0.6981220578014591
BNBUSDT,2025-03,2025,HIST_2024_2025,ATR_080_100,0.0002,28,-0.0008853940897072116,0.00016733067945760033,0.5357142857142857,0.6253555507422314,0.6253555507422314
BNBUSDT,2025-03,2025,HIST_2024_2025,ATR_080_100,0.0004,28,-0.0010853940897072119,-3.266932054239968e-05,0.5,0.558537295733504,0.558537295733504
BNBUSDT,2025-03,2025,HIST_2024_2025,ATR_080_100,0.0006,28,-0.0012853940897072115,-0.0002326693205423996,0.42857142857142855,0.49996537351626613,0.49996537351626613
BNBUSDT,2025-03,2025,HIST_2024_2025,ATR_080_100,0.0008,28,-0.0014853940897072118,-0.0004326693205423997,0.42857142857142855,0.4467591441534266,0.4467591441534266
BNBUSDT,2025-03,2025,HIST_2024_2025,BASE_SHORT,0.0,87,-0.0007384042025719544,-0.00048024588589345996,0.4827586206896552,0.7233529935891434,0.7233529935891434
BNBUSDT,2025-03,2025,HIST_2024_2025,BASE_SHORT,0.0002,87,-0.0009384042025719544,-0.0006802458858934599,0.45977011494252873,0.6617344477030062,0.6617344477030062
BNBUSDT,2025-03,2025,HIST_2024_2025,BASE_SHORT,0.0004,87,-0.001138404202571954,-0.0008802458858934599,0.42528735632183906,0.6056154506467094,0.6056154506467094
BNBUSDT,2025-03,2025,HIST_2024_2025,BASE_SHORT,0.0006,87,-0.0013384042025719547,-0.0010802458858934598,0.39080459770114945,0.5549428242352283,0.5549428242352283
BNBUSDT,2025-03,2025,HIST_2024_2025,BASE_SHORT,0.0008,87,-0.0015384042025719544,-0.0012802458858934599,0.39080459770114945,0.5083560988260442,0.5083560988260442
BNBUSDT,2025-04,2025,HIST_2024_2025,ATR_080_100,0.0,22,-4.828247184255038e-05,-0.0014711339478014618,0.4090909090909091,0.9640854753452224,0.9640854753452224
BNBUSDT,2025-04,2025,HIST_2024_2025,ATR_080_100,0.0002,22,-0.0002482824718425505,-0.0016711339478014619,0.36363636363636365,0.8309368553623048,0.8309368553623048
BNBUSDT,2025-04,2025,HIST_2024_2025,ATR_080_100,0.0004,22,-0.0004482824718425503,-0.0018711339478014617,0.36363636363636365,0.7190950447646102,0.7190950447646102
BNBUSDT,2025-04,2025,HIST_2024_2025,ATR_080_100,0.0006,22,-0.0006482824718425502,-0.0020711339478014616,0.3181818181818182,0.624453126625142,0.624453126625142
BNBUSDT,2025-04,2025,HIST_2024_2025,ATR_080_100,0.0008,22,-0.0008482824718425503,-0.0022711339478014617,0.3181818181818182,0.5445706480072265,0.5445706480072265
BNBUSDT,2025-04,2025,HIST_2024_2025,BASE_SHORT,0.0,85,-0.00022725486774708296,-0.0008668111351891605,0.38823529411764707,0.8787418414585043,0.8787418414585043
BNBUSDT,2025-04,2025,HIST_2024_2025,BASE_SHORT,0.0002,85,-0.00042725486774708254,-0.0010668111351891606,0.35294117647058826,0.7862691629313011,0.7862691629313011
BNBUSDT,2025-04,2025,HIST_2024_2025,BASE_SHORT,0.0004,85,-0.000627254867747083,-0.0012668111351891605,0.3058823529411765,0.705868198822651,0.705868198822651
BNBUSDT,2025-04,2025,HIST_2024_2025,BASE_SHORT,0.0006,85,-0.0008272548677470833,-0.0014668111351891604,0.29411764705882354,0.635922258483463,0.635922258483463
BNBUSDT,2025-04,2025,HIST_2024_2025,BASE_SHORT,0.0008,85,-0.0010272548677470828,-0.0016668111351891605,0.29411764705882354,0.5743482657830221,0.5743482657830221
BNBUSDT,2025-05,2025,HIST_2024_2025,ATR_080_100,0.0,30,0.0007537725836074038,0.0007177744700541666,0.6,1.578431517612625,1.578431517612625
BNBUSDT,2025-05,2025,HIST_2024_2025,ATR_080_100,0.0002,30,0.0005537725836074041,0.0005177744700541666,0.5666666666666667,1.3986140492621926,1.3986140492621926
BNBUSDT,2025-05,2025,HIST_2024_2025,ATR_080_100,0.0004,30,0.00035377258360740386,0.0003177744700541666,0.5666666666666667,1.239697663716354,1.239697663716354
BNBUSDT,2025-05,2025,HIST_2024_2025,ATR_080_100,0.0006,30,0.000153772583607404,0.00011777447005416667,0.5333333333333333,1.0980328230313068,1.0980328230313068
BNBUSDT,2025-05,2025,HIST_2024_2025,ATR_080_100,0.0008,30,-4.6227416392596e-05,-8.222552994583342e-05,0.5,0.9722789327681001,0.9722789327681001
BNBUSDT,2025-05,2025,HIST_2024_2025,BASE_SHORT,0.0,95,0.0002770600172345305,-0.00020545633319146717,0.4842105263157895,1.1633726243783318,1.1633726243783318
BNBUSDT,2025-05,2025,HIST_2024_2025,BASE_SHORT,0.0002,95,7.706001723453048e-05,-0.00040545633319146715,0.47368421052631576,1.042788152799198,1.042788152799198
BNBUSDT,2025-05,2025,HIST_2024_2025,BASE_SHORT,0.0004,95,-0.00012293998276546956,-0.0006054563331914671,0.47368421052631576,0.9355061961299979,0.9355061961299979
BNBUSDT,2025-05,2025,HIST_2024_2025,BASE_SHORT,0.0006,95,-0.0003229399827654693,-0.0008054563331914671,0.4631578947368421,0.8396037500274487,0.8396037500274487
BNBUSDT,2025-05,2025,HIST_2024_2025,BASE_SHORT,0.0008,95,-0.0005229399827654697,-0.001005456333191467,0.42105263157894735,0.7541417013732746,0.7541417013732746
BNBUSDT,2025-06,2025,HIST_2024_2025,ATR_080_100,0.0,27,-0.0010431426255656086,0.00010903087131253208,0.5185185185185185,0.3867903218583235,0.3867903218583235
BNBUSDT,2025-06,2025,HIST_2024_2025,ATR_080_100,0.0002,27,-0.0012431426255656085,-9.096912868746792e-05,0.4444444444444444,0.31050745000047714,0.31050745000047714
BNBUSDT,2025-06,2025,HIST_2024_2025,ATR_080_100,0.0004,27,-0.0014431426255656081,-0.00029096912868746793,0.3333333333333333,0.2511073420250966,0.2511073420250966
BNBUSDT,2025-06,2025,HIST_2024_2025,ATR_080_100,0.0006,27,-0.0016431426255656089,-0.0004909691286874679,0.3333333333333333,0.2025006793464838,0.2025006793464838
BNBUSDT,2025-06,2025,HIST_2024_2025,ATR_080_100,0.0008,27,-0.0018431426255656085,-0.000690969128687468,0.25925925925925924,0.16348635707201073,0.16348635707201073
BNBUSDT,2025-06,2025,HIST_2024_2025,BASE_SHORT,0.0,88,7.766457502024104e-05,-0.0004602211476193996,0.4431818181818182,1.0511768703118385,1.0511768703118385
BNBUSDT,2025-06,2025,HIST_2024_2025,BASE_SHORT,0.0002,88,-0.00012233542497975885,-0.0006602211476193996,0.4090909090909091,0.9249869407008992,0.9249869407008992
BNBUSDT,2025-06,2025,HIST_2024_2025,BASE_SHORT,0.0004,88,-0.00032233542497975916,-0.0008602211476193995,0.36363636363636365,0.8162688443873589,0.8162688443873589
BNBUSDT,2025-06,2025,HIST_2024_2025,BASE_SHORT,0.0006,88,-0.0005223354249797588,-0.0010602211476193994,0.36363636363636365,0.7224069752568584,0.7224069752568584
BNBUSDT,2025-06,2025,HIST_2024_2025,BASE_SHORT,0.0008,88,-0.000722335424979759,-0.0012602211476193995,0.3068181818181818,0.6415186876032875,0.6415186876032875
BNBUSDT,2025-07,2025,HIST_2024_2025,ATR_080_100,0.0,26,0.0008626699665120794,-0.00024044880648077527,0.46153846153846156,1.5777113281910338,1.5777113281910338
BNBUSDT,2025-07,2025,HIST_2024_2025,ATR_080_100,0.0002,26,0.0006626699665120794,-0.00044044880648077525,0.46153846153846156,1.4139238208012386,1.4139238208012386
BNBUSDT,2025-07,2025,HIST_2024_2025,ATR_080_100,0.0004,26,0.00046266996651207943,-0.0006404488064807752,0.46153846153846156,1.2707827516272825,1.2707827516272825
BNBUSDT,2025-07,2025,HIST_2024_2025,ATR_080_100,0.0006,26,0.0002626699665120796,-0.0008404488064807752,0.4230769230769231,1.1443574009367066,1.1443574009367066
BNBUSDT,2025-07,2025,HIST_2024_2025,ATR_080_100,0.0008,26,6.266996651207928e-05,-0.0010404488064807752,0.4230769230769231,1.032388157147105,1.032388157147105
BNBUSDT,2025-07,2025,HIST_2024_2025,BASE_SHORT,0.0,81,6.507977506134101e-05,-0.0002457677350335974,0.48148148148148145,1.030902104901714,1.030902104901714
BNBUSDT,2025-07,2025,HIST_2024_2025,BASE_SHORT,0.0002,81,-0.0001349202249386588,-0.00044576773503359737,0.4691358024691358,0.9389579288867507,0.9389579288867507
BNBUSDT,2025-07,2025,HIST_2024_2025,BASE_SHORT,0.0004,81,-0.00033492022493865895,-0.0006457677350335974,0.4567901234567901,0.8554195613707974,0.8554195613707974
BNBUSDT,2025-07,2025,HIST_2024_2025,BASE_SHORT,0.0006,81,-0.0005349202249386589,-0.0008457677350335973,0.43209876543209874,0.7797272160111071,0.7797272160111071
BNBUSDT,2025-07,2025,HIST_2024_2025,BASE_SHORT,0.0008,81,-0.000734920224938659,-0.0010457677350335973,0.41975308641975306,0.7110796309732484,0.7110796309732484
BNBUSDT,2025-08,2025,HIST_2024_2025,ATR_080_100,0.0,19,-0.0024319201199976635,-0.0026041666666666297,0.21052631578947367,0.15767297696313834,0.15767297696313834
BNBUSDT,2025-08,2025,HIST_2024_2025,ATR_080_100,0.0002,19,-0.002631920119997663,-0.0028041666666666298,0.21052631578947367,0.13566965167831233,0.13566965167831233
BNBUSDT,2025-08,2025,HIST_2024_2025,ATR_080_100,0.0004,19,-0.002831920119997663,-0.00300416666666663,0.21052631578947367,0.11583571790319093,0.11583571790319093
BNBUSDT,2025-08,2025,HIST_2024_2025,ATR_080_100,0.0006,19,-0.0030319201199976637,-0.0032041666666666295,0.21052631578947367,0.09786541581230279,0.09786541581230279
BNBUSDT,2025-08,2025,HIST_2024_2025,ATR_080_100,0.0008,19,-0.0032319201199976643,-0.0034041666666666296,0.21052631578947367,0.08150786669056462,0.08150786669056462
BNBUSDT,2025-08,2025,HIST_2024_2025,BASE_SHORT,0.0,83,-0.000687999066669118,-0.0005744901400007718,0.39759036144578314,0.7019214784815416,0.7019214784815416
BNBUSDT,2025-08,2025,HIST_2024_2025,BASE_SHORT,0.0002,83,-0.0008879990666691181,-0.0007744901400007718,0.3855421686746988,0.6346550609572071,0.6346550609572071
BNBUSDT,2025-08,2025,HIST_2024_2025,BASE_SHORT,0.0004,83,-0.0010879990666691182,-0.0009744901400007718,0.37349397590361444,0.5740354015466824,0.5740354015466824
BNBUSDT,2025-08,2025,HIST_2024_2025,BASE_SHORT,0.0006,83,-0.001287999066669118,-0.0011744901400007716,0.3493975903614458,0.5194269346142432,0.5194269346142432
BNBUSDT,2025-08,2025,HIST_2024_2025,BASE_SHORT,0.0008,83,-0.001487999066669118,-0.0013744901400007717,0.3373493975903614,0.47088754426366325,0.47088754426366325
BNBUSDT,2025-09,2025,HIST_2024_2025,ATR_080_100,0.0,17,0.0009936128884392567,-0.000386059733969657,0.47058823529411764,1.8896323993311357,1.8896323993311357
BNBUSDT,2025-09,2025,HIST_2024_2025,ATR_080_100,0.0002,17,0.0007936128884392568,-0.000586059733969657,0.47058823529411764,1.6490326603727525,1.6490326603727525
BNBUSDT,2025-09,2025,HIST_2024_2025,ATR_080_100,0.0004,17,0.0005936128884392566,-0.000786059733969657,0.47058823529411764,1.4467806616114185,1.4467806616114185
BNBUSDT,2025-09,2025,HIST_2024_2025,ATR_080_100,0.0006,17,0.0003936128884392569,-0.0009860597339696568,0.47058823529411764,1.2743850717862761,1.2743850717862761
BNBUSDT,2025-09,2025,HIST_2024_2025,ATR_080_100,0.0008,17,0.00019361288843925664,-0.001186059733969657,0.35294117647058826,1.1245149477044227,1.1245149477044227
BNBUSDT,2025-09,2025,HIST_2024_2025,BASE_SHORT,0.0,62,-0.00017748554691869904,-1.9075005075142037e-05,0.5,0.9254691548100124,0.9254691548100124
BNBUSDT,2025-09,2025,HIST_2024_2025,BASE_SHORT,0.0002,62,-0.0003774855469186988,-0.00021907500507514202,0.46774193548387094,0.8480506320993649,0.8480506320993649
BNBUSDT,2025-09,2025,HIST_2024_2025,BASE_SHORT,0.0004,62,-0.0005774855469186991,-0.000419075005075142,0.45161290322580644,0.7770972667381758,0.7770972667381758
BNBUSDT,2025-09,2025,HIST_2024_2025,BASE_SHORT,0.0006,62,-0.0007774855469186992,-0.000619075005075142,0.43548387096774194,0.712161559367205,0.712161559367205
BNBUSDT,2025-09,2025,HIST_2024_2025,BASE_SHORT,0.0008,62,-0.0009774855469186993,-0.0008190750050751421,0.3870967741935484,0.6532596746403161,0.6532596746403161
BNBUSDT,2025-10,2025,HIST_2024_2025,ATR_080_100,0.0,20,-0.001100018534433833,-0.001944334359759381,0.35,0.625092345435045,0.625092345435045
BNBUSDT,2025-10,2025,HIST_2024_2025,ATR_080_100,0.0002,20,-0.001300018534433833,-0.002144334359759381,0.35,0.5757265468287504,0.5757265468287504
BNBUSDT,2025-10,2025,HIST_2024_2025,ATR_080_100,0.0004,20,-0.0015000185344338332,-0.002344334359759381,0.3,0.5312863149748289,0.5312863149748289
BNBUSDT,2025-10,2025,HIST_2024_2025,ATR_080_100,0.0006,20,-0.0017000185344338329,-0.002544334359759381,0.3,0.4910562194522769,0.4910562194522769
BNBUSDT,2025-10,2025,HIST_2024_2025,ATR_080_100,0.0008,20,-0.0019000185344338334,-0.002744334359759381,0.25,0.4552839313950977,0.4552839313950977
BNBUSDT,2025-10,2025,HIST_2024_2025,BASE_SHORT,0.0,81,0.0019696869967583647,0.00011253974059610705,0.5185185185185185,1.6760822442493857,1.6760822442493857
BNBUSDT,2025-10,2025,HIST_2024_2025,BASE_SHORT,0.0002,81,0.001769686996758364,-8.746025940389296e-05,0.48148148148148145,1.5871925151466852,1.5871925151466852
BNBUSDT,2025-10,2025,HIST_2024_2025,BASE_SHORT,0.0004,81,0.0015696869967583647,-0.00028746025940389297,0.4691358024691358,1.5032595401176727,1.5032595401176727
BNBUSDT,2025-10,2025,HIST_2024_2025,BASE_SHORT,0.0006,81,0.001369686996758364,-0.0004874602594038929,0.4691358024691358,1.4246810243213295,1.4246810243213295
BNBUSDT,2025-10,2025,HIST_2024_2025,BASE_SHORT,0.0008,81,0.0011696869967583645,-0.000687460259403893,0.43209876543209874,1.3507080659026782,1.3507080659026782
BNBUSDT,2025-11,2025,HIST_2024_2025,ATR_080_100,0.0,20,-0.001892312939516777,-0.0030806237435354045,0.3,0.562172606924805,0.562172606924805
BNBUSDT,2025-11,2025,HIST_2024_2025,ATR_080_100,0.0002,20,-0.0020923129395167767,-0.0032806237435354046,0.3,0.5310873232444383,0.5310873232444383
BNBUSDT,2025-11,2025,HIST_2024_2025,ATR_080_100,0.0004,20,-0.002292312939516777,-0.0034806237435354047,0.25,0.5029075870198093,0.5029075870198093
BNBUSDT,2025-11,2025,HIST_2024_2025,ATR_080_100,0.0006,20,-0.0024923129395167777,-0.0036806237435354043,0.25,0.47656343911101007,0.47656343911101007
BNBUSDT,2025-11,2025,HIST_2024_2025,ATR_080_100,0.0008,20,-0.0026923129395167774,-0.003880623743535405,0.25,0.4518284406173269,0.4518284406173269
BNBUSDT,2025-11,2025,HIST_2024_2025,BASE_SHORT,0.0,96,-0.0008056219932001882,-0.0008675989776832371,0.4375,0.8064183693362783,0.8064183693362783
BNBUSDT,2025-11,2025,HIST_2024_2025,BASE_SHORT,0.0002,96,-0.0010056219932001878,-0.0010675989776832372,0.4166666666666667,0.7649303023164588,0.7649303023164588
BNBUSDT,2025-11,2025,HIST_2024_2025,BASE_SHORT,0.0004,96,-0.0012056219932001881,-0.001267598977683237,0.3958333333333333,0.7257849486974115,0.7257849486974115
BNBUSDT,2025-11,2025,HIST_2024_2025,BASE_SHORT,0.0006,96,-0.0014056219932001887,-0.001467598977683237,0.3854166666666667,0.688940820474345,0.688940820474345
BNBUSDT,2025-11,2025,HIST_2024_2025,BASE_SHORT,0.0008,96,-0.0016056219932001883,-0.001667598977683237,0.375,0.6541270939190114,0.6541270939190114
BNBUSDT,2025-12,2025,HIST_2024_2025,ATR_080_100,0.0,24,0.001012625756715203,0.0012593070146096341,0.5416666666666666,1.6462649470799777,1.6462649470799777
BNBUSDT,2025-12,2025,HIST_2024_2025,ATR_080_100,0.0002,24,0.000812625756715203,0.001059307014609634,0.5416666666666666,1.4899597465459056,1.4899597465459056
BNBUSDT,2025-12,2025,HIST_2024_2025,ATR_080_100,0.0004,24,0.0006126257567152029,0.0008593070146096342,0.5416666666666666,1.3500272917923033,1.3500272917923033
BNBUSDT,2025-12,2025,HIST_2024_2025,ATR_080_100,0.0006,24,0.00041262575671520305,0.0006593070146096343,0.5416666666666666,1.2240230794429947,1.2240230794429947
BNBUSDT,2025-12,2025,HIST_2024_2025,ATR_080_100,0.0008,24,0.0002126257567152028,0.00045930701460963414,0.5,1.1098133704310895,1.1098133704310895
BNBUSDT,2025-12,2025,HIST_2024_2025,BASE_SHORT,0.0,74,0.0007183874860175226,0.00014144667320525883,0.5135135135135135,1.4956326171448,1.4956326171448
BNBUSDT,2025-12,2025,HIST_2024_2025,BASE_SHORT,0.0002,74,0.0005183874860175227,-5.855332679474118e-05,0.4864864864864865,1.334807448979315,1.334807448979315
BNBUSDT,2025-12,2025,HIST_2024_2025,BASE_SHORT,0.0004,74,0.0003183874860175223,-0.0002585533267947412,0.44594594594594594,1.1920799807304854,1.1920799807304854
BNBUSDT,2025-12,2025,HIST_2024_2025,BASE_SHORT,0.0006,74,0.0001183874860175227,-0.0004585533267947411,0.3918918918918919,1.0667352504718774,1.0667352504718774
BNBUSDT,2025-12,2025,HIST_2024_2025,BASE_SHORT,0.0008,74,-8.16125139824775e-05,-0.0006585533267947412,0.36486486486486486,0.9569741714241511,0.9569741714241511
BNBUSDT,2026-01,2026,DISCOVERY_2026_01,ATR_080_100,0.0,23,0.001808983079602253,0.0007022315357692044,0.6521739130434783,4.777203699670719,4.777203699670719
BNBUSDT,2026-01,2026,DISCOVERY_2026_01,ATR_080_100,0.0002,23,0.0016089830796022534,0.0005022315357692044,0.6521739130434783,3.933496457208273,3.933496457208273
BNBUSDT,2026-01,2026,DISCOVERY_2026_01,ATR_080_100,0.0004,23,0.0014089830796022527,0.00030223153576920437,0.5652173913043478,3.2676947703963717,3.2676947703963717
BNBUSDT,2026-01,2026,DISCOVERY_2026_01,ATR_080_100,0.0006,23,0.0012089830796022532,0.00010223153576920444,0.5217391304347826,2.6984311671211034,2.6984311671211034
BNBUSDT,2026-01,2026,DISCOVERY_2026_01,ATR_080_100,0.0008,23,0.0010089830796022527,-9.776846423079565e-05,0.4782608695652174,2.24300883334915,2.24300883334915
BNBUSDT,2026-01,2026,DISCOVERY_2026_01,BASE_SHORT,0.0,89,0.0009305591861877437,0.0004542477446070059,0.550561797752809,1.5347479646584965,1.5347479646584965
BNBUSDT,2026-01,2026,DISCOVERY_2026_01,BASE_SHORT,0.0002,89,0.0007305591861877439,0.0002542477446070059,0.5280898876404494,1.3985269698076945,1.3985269698076945
BNBUSDT,2026-01,2026,DISCOVERY_2026_01,BASE_SHORT,0.0004,89,0.0005305591861877437,5.424774460700588e-05,0.5168539325842697,1.275137780873496,1.275137780873496
BNBUSDT,2026-01,2026,DISCOVERY_2026_01,BASE_SHORT,0.0006,89,0.00033055918618774373,-0.00014575225539299405,0.48314606741573035,1.1628994933714312,1.1628994933714312
BNBUSDT,2026-01,2026,DISCOVERY_2026_01,BASE_SHORT,0.0008,89,0.0001305591861877434,-0.00034575225539299414,0.43820224719101125,1.0610396276636183,1.0610396276636183
BNBUSDT,2026-02,2026,DEV_2026_FEB_JUL,ATR_080_100,0.0,24,0.0014917785978851988,-0.0020215294200075506,0.4583333333333333,1.6160349928417292,1.6160349928417292
BNBUSDT,2026-02,2026,DEV_2026_FEB_JUL,ATR_080_100,0.0002,24,0.0012917785978851992,-0.0022215294200075507,0.4583333333333333,1.5106017270227348,1.5106017270227348
BNBUSDT,2026-02,2026,DEV_2026_FEB_JUL,ATR_080_100,0.0004,24,0.0010917785978851989,-0.002421529420007551,0.4583333333333333,1.4138271914120648,1.4138271914120648
BNBUSDT,2026-02,2026,DEV_2026_FEB_JUL,ATR_080_100,0.0006,24,0.0008917785978851987,-0.0026215294200075505,0.4166666666666667,1.324407702080266,1.324407702080266
BNBUSDT,2026-02,2026,DEV_2026_FEB_JUL,ATR_080_100,0.0008,24,0.0006917785978851988,-0.0028215294200075506,0.4166666666666667,1.2414070453150214,1.2414070453150214
BNBUSDT,2026-02,2026,DEV_2026_FEB_JUL,BASE_SHORT,0.0,101,0.0004941462491389763,-0.0004301966157865822,0.4752475247524752,1.1801669244021258,1.1801669244021258
BNBUSDT,2026-02,2026,DEV_2026_FEB_JUL,BASE_SHORT,0.0002,101,0.0002941462491389764,-0.0006301966157865822,0.4752475247524752,1.1032938764810976,1.1032938764810976
BNBUSDT,2026-02,2026,DEV_2026_FEB_JUL,BASE_SHORT,0.0004,101,9.414624913897656e-05,-0.0008301966157865822,0.46534653465346537,1.0318847385038896,1.0318847385038896
BNBUSDT,2026-02,2026,DEV_2026_FEB_JUL,BASE_SHORT,0.0006,101,-0.00010585375086102389,-0.001030196615786582,0.44554455445544555,0.9654136028532472,0.9654136028532472
BNBUSDT,2026-02,2026,DEV_2026_FEB_JUL,BASE_SHORT,0.0008,101,-0.0003058537508610239,-0.0012301966157865821,0.44554455445544555,0.90356031918372,0.90356031918372
BNBUSDT,2026-03,2026,DEV_2026_FEB_JUL,ATR_080_100,0.0,22,0.0003378321044359473,-0.0005082609807412486,0.45454545454545453,1.284972732862185,1.284972732862185
BNBUSDT,2026-03,2026,DEV_2026_FEB_JUL,ATR_080_100,0.0002,22,0.00013783210443594717,-0.0007082609807412486,0.45454545454545453,1.106468576744107,1.106468576744107
BNBUSDT,2026-03,2026,DEV_2026_FEB_JUL,ATR_080_100,0.0004,22,-6.216789556405281e-05,-0.0009082609807412486,0.45454545454545453,0.9557104951095621,0.9557104951095621
BNBUSDT,2026-03,2026,DEV_2026_FEB_JUL,ATR_080_100,0.0006,22,-0.00026216789556405255,-0.0011082609807412484,0.4090909090909091,0.8270916236430277,0.8270916236430277
BNBUSDT,2026-03,2026,DEV_2026_FEB_JUL,ATR_080_100,0.0008,22,-0.00046216789556405286,-0.0013082609807412485,0.36363636363636365,0.7187575036319225,0.7187575036319225
BNBUSDT,2026-03,2026,DEV_2026_FEB_JUL,BASE_SHORT,0.0,82,-0.000521303389133644,-0.0007490688673246204,0.3902439024390244,0.7156993761530004,0.7156993761530004
BNBUSDT,2026-03,2026,DEV_2026_FEB_JUL,BASE_SHORT,0.0002,82,-0.0007213033891336439,-0.0009490688673246204,0.36585365853658536,0.6313758215251628,0.6313758215251628
BNBUSDT,2026-03,2026,DEV_2026_FEB_JUL,BASE_SHORT,0.0004,82,-0.0009213033891336442,-0.0011490688673246204,0.36585365853658536,0.5578254359040152,0.5578254359040152
BNBUSDT,2026-03,2026,DEV_2026_FEB_JUL,BASE_SHORT,0.0006,82,-0.001121303389133644,-0.0013490688673246203,0.32926829268292684,0.4934877856234806,0.4934877856234806
BNBUSDT,2026-03,2026,DEV_2026_FEB_JUL,BASE_SHORT,0.0008,82,-0.001321303389133644,-0.0015490688673246203,0.3170731707317073,0.43781695148980715,0.43781695148980715
BNBUSDT,2026-04,2026,DEV_2026_FEB_JUL,ATR_080_100,0.0,19,-8.184675778374164e-05,-6.496142915135561e-05,0.42105263157894735,0.9000704366243029,0.9000704366243029
BNBUSDT,2026-04,2026,DEV_2026_FEB_JUL,ATR_080_100,0.0002,19,-0.0002818467577837416,-0.0002649614291513556,0.42105263157894735,0.698506076797878,0.698506076797878
BNBUSDT,2026-04,2026,DEV_2026_FEB_JUL,ATR_080_100,0.0004,19,-0.0004818467577837416,-0.00046496142915135563,0.42105263157894735,0.541370634918624,0.541370634918624
BNBUSDT,2026-04,2026,DEV_2026_FEB_JUL,ATR_080_100,0.0006,19,-0.0006818467577837415,-0.0006649614291513556,0.42105263157894735,0.4154327732718634,0.4154327732718634
BNBUSDT,2026-04,2026,DEV_2026_FEB_JUL,ATR_080_100,0.0008,19,-0.0008818467577837415,-0.0008649614291513556,0.3157894736842105,0.319195252875887,0.319195252875887
BNBUSDT,2026-04,2026,DEV_2026_FEB_JUL,BASE_SHORT,0.0,77,0.00015530355980957085,-6.496142915135561e-05,0.4805194805194805,1.107862305053423,1.107862305053423
BNBUSDT,2026-04,2026,DEV_2026_FEB_JUL,BASE_SHORT,0.0002,77,-4.469644019042922e-05,-0.0002649614291513556,0.44155844155844154,0.9710986237941658,0.9710986237941658
BNBUSDT,2026-04,2026,DEV_2026_FEB_JUL,BASE_SHORT,0.0004,77,-0.0002446964401904293,-0.00046496142915135563,0.4155844155844156,0.8526597566841186,0.8526597566841186
BNBUSDT,2026-04,2026,DEV_2026_FEB_JUL,BASE_SHORT,0.0006,77,-0.0004446964401904292,-0.0006649614291513556,0.4025974025974026,0.7499193555251031,0.7499193555251031
BNBUSDT,2026-04,2026,DEV_2026_FEB_JUL,BASE_SHORT,0.0008,77,-0.0006446964401904294,-0.0008649614291513556,0.37662337662337664,0.6608511393423798,0.6608511393423798
BNBUSDT,2026-05,2026,DEV_2026_FEB_JUL,ATR_080_100,0.0,24,0.0003408711485065885,-0.001063716244820101,0.375,1.2168850063452392,1.2168850063452392
BNBUSDT,2026-05,2026,DEV_2026_FEB_JUL,ATR_080_100,0.0002,24,0.00014087114850658833,-0.001263716244820101,0.375,1.083028133651058,1.083028133651058
BNBUSDT,2026-05,2026,DEV_2026_FEB_JUL,ATR_080_100,0.0004,24,-5.912885149341124e-05,-0.001463716244820101,0.375,0.9675413616452261,0.9675413616452261
BNBUSDT,2026-05,2026,DEV_2026_FEB_JUL,ATR_080_100,0.0006,24,-0.00025912885149341133,-0.0016637162448201008,0.25,0.8679846851812102,0.8679846851812102
BNBUSDT,2026-05,2026,DEV_2026_FEB_JUL,ATR_080_100,0.0008,24,-0.0004591288514934117,-0.001863716244820101,0.25,0.7826989199619451,0.7826989199619451
BNBUSDT,2026-05,2026,DEV_2026_FEB_JUL,BASE_SHORT,0.0,84,-0.0005447115623822261,-0.0010748899208615215,0.3333333333333333,0.7167113275954671,0.7167113275954671
BNBUSDT,2026-05,2026,DEV_2026_FEB_JUL,BASE_SHORT,0.0002,84,-0.0007447115623822264,-0.0012748899208615216,0.30952380952380953,0.6383269683251787,0.6383269683251787
BNBUSDT,2026-05,2026,DEV_2026_FEB_JUL,BASE_SHORT,0.0004,84,-0.000944711562382226,-0.0014748899208615214,0.30952380952380953,0.5700324241457386,0.5700324241457386
BNBUSDT,2026-05,2026,DEV_2026_FEB_JUL,BASE_SHORT,0.0006,84,-0.0011447115623822262,-0.0016748899208615213,0.2619047619047619,0.511072776192854,0.511072776192854
BNBUSDT,2026-05,2026,DEV_2026_FEB_JUL,BASE_SHORT,0.0008,84,-0.0013447115623822258,-0.0018748899208615214,0.25,0.4600377578872232,0.4600377578872232
BNBUSDT,2026-06,2026,DEV_2026_FEB_JUL,ATR_080_100,0.0,26,0.0012987830361321613,0.00018238879512738615,0.5,2.2115044784233855,2.2115044784233855
BNBUSDT,2026-06,2026,DEV_2026_FEB_JUL,ATR_080_100,0.0002,26,0.0010987830361321614,-1.7611204872613833e-05,0.5,1.9374950193889964,1.9374950193889964
BNBUSDT,2026-06,2026,DEV_2026_FEB_JUL,ATR_080_100,0.0004,26,0.0008987830361321612,-0.00021761120487261387,0.5,1.7065674042304513,1.7065674042304513
BNBUSDT,2026-06,2026,DEV_2026_FEB_JUL,ATR_080_100,0.0006,26,0.0006987830361321614,-0.0004176112048726138,0.46153846153846156,1.507151070173187,1.507151070173187
BNBUSDT,2026-06,2026,DEV_2026_FEB_JUL,ATR_080_100,0.0008,26,0.0004987830361321611,-0.0006176112048726139,0.46153846153846156,1.3357560178293415,1.3357560178293415
BNBUSDT,2026-06,2026,DEV_2026_FEB_JUL,BASE_SHORT,0.0,93,0.000268162534097017,-0.0005010916639821561,0.45161290322580644,1.1302382658371566,1.1302382658371566
BNBUSDT,2026-06,2026,DEV_2026_FEB_JUL,BASE_SHORT,0.0002,93,6.816253409701695e-05,-0.0007010916639821561,0.40860215053763443,1.0313957260497968,1.0313957260497968
BNBUSDT,2026-06,2026,DEV_2026_FEB_JUL,BASE_SHORT,0.0004,93,-0.00013183746590298296,-0.0009010916639821561,0.40860215053763443,0.9424128700065222,0.9424128700065222
BNBUSDT,2026-06,2026,DEV_2026_FEB_JUL,BASE_SHORT,0.0006,93,-0.00033183746590298294,-0.001101091663982156,0.3870967741935484,0.8622856354798919,0.8622856354798919
BNBUSDT,2026-06,2026,DEV_2026_FEB_JUL,BASE_SHORT,0.0008,93,-0.0005318374659029831,-0.001301091663982156,0.3763440860215054,0.7900577449977648,0.7900577449977648
BNBUSDT,2026-07,2026,DEV_2026_FEB_JUL,ATR_080_100,0.0,30,0.0001608510860805268,-0.0007572980179980648,0.4,1.137520308636547,1.137520308636547
BNBUSDT,2026-07,2026,DEV_2026_FEB_JUL,ATR_080_100,0.0002,30,-3.914891391947318e-05,-0.0009572980179980648,0.4,0.9696438467622517,0.9696438467622517
BNBUSDT,2026-07,2026,DEV_2026_FEB_JUL,ATR_080_100,0.0004,30,-0.00023914891391947323,-0.0011572980179980648,0.36666666666666664,0.8303592504219355,0.8303592504219355
BNBUSDT,2026-07,2026,DEV_2026_FEB_JUL,ATR_080_100,0.0006,30,-0.0004391489139194731,-0.0013572980179980647,0.3333333333333333,0.7153400167102584,0.7153400167102584
BNBUSDT,2026-07,2026,DEV_2026_FEB_JUL,ATR_080_100,0.0008,30,-0.0006391489139194733,-0.0015572980179980648,0.3,0.6194342766825917,0.6194342766825917
BNBUSDT,2026-07,2026,DEV_2026_FEB_JUL,BASE_SHORT,0.0,77,-8.688870791547369e-05,-0.00020952647017735693,0.4155844155844156,0.9397548104686966,0.9397548104686966
BNBUSDT,2026-07,2026,DEV_2026_FEB_JUL,BASE_SHORT,0.0002,77,-0.0002868887079154737,-0.0004095264701773569,0.4155844155844156,0.8159948946337228,0.8159948946337228
BNBUSDT,2026-07,2026,DEV_2026_FEB_JUL,BASE_SHORT,0.0004,77,-0.0004868887079154738,-0.0006095264701773569,0.35064935064935066,0.710353101905669,0.710353101905669
BNBUSDT,2026-07,2026,DEV_2026_FEB_JUL,BASE_SHORT,0.0006,77,-0.0006868887079154737,-0.0008095264701773569,0.3246753246753247,0.621332222624079,0.621332222624079
BNBUSDT,2026-07,2026,DEV_2026_FEB_JUL,BASE_SHORT,0.0008,77,-0.0008868887079154737,-0.0010095264701773569,0.2987012987012987,0.545731763825784,0.545731763825784
BTCUSDT,2024-01,2024,HIST_2024_2025,ATR_080_100,0.0,18,-0.0012226446462923108,-0.001831315828704605,0.2777777777777778,0.5210051411635807,0.5210051411635807
BTCUSDT,2024-01,2024,HIST_2024_2025,ATR_080_100,0.0002,18,-0.0014226446462923105,-0.002031315828704605,0.2777777777777778,0.472501800972092,0.472501800972092
BTCUSDT,2024-01,2024,HIST_2024_2025,ATR_080_100,0.0004,18,-0.001622644646292311,-0.002231315828704605,0.2222222222222222,0.4306555795874873,0.4306555795874873
BTCUSDT,2024-01,2024,HIST_2024_2025,ATR_080_100,0.0006,18,-0.0018226446462923111,-0.002431315828704605,0.2222222222222222,0.3935794182533317,0.3935794182533317
BTCUSDT,2024-01,2024,HIST_2024_2025,ATR_080_100,0.0008,18,-0.0020226446462923114,-0.002631315828704605,0.2222222222222222,0.3601522024061249,0.3601522024061249
BTCUSDT,2024-01,2024,HIST_2024_2025,BASE_SHORT,0.0,85,0.0005362817056111707,-0.0007598180177399438,0.38823529411764707,1.217154722719262,1.217154722719262
BTCUSDT,2024-01,2024,HIST_2024_2025,BASE_SHORT,0.0002,85,0.00033628170561117026,-0.0009598180177399438,0.35294117647058826,1.129627983306956,1.129627983306956
BTCUSDT,2024-01,2024,HIST_2024_2025,BASE_SHORT,0.0004,85,0.0001362817056111712,-0.0011598180177399438,0.3411764705882353,1.0500035297105417,1.0500035297105417
BTCUSDT,2024-01,2024,HIST_2024_2025,BASE_SHORT,0.0006,85,-6.371829438882997e-05,-0.0013598180177399437,0.3411764705882353,0.9776990930742259,0.9776990930742259
BTCUSDT,2024-01,2024,HIST_2024_2025,BASE_SHORT,0.0008,85,-0.00026371829438882866,-0.0015598180177399438,0.3411764705882353,0.9117695409272306,0.9117695409272306
BTCUSDT,2024-02,2024,HIST_2024_2025,ATR_080_100,0.0,14,-0.002507772724320036,-0.0018320088130719392,0.2857142857142857,0.24990171760361157,0.24990171760361157
BTCUSDT,2024-02,2024,HIST_2024_2025,ATR_080_100,0.0002,14,-0.0027077727243200356,-0.0020320088130719393,0.2857142857142857,0.22326947054503601,0.22326947054503601
BTCUSDT,2024-02,2024,HIST_2024_2025,ATR_080_100,0.0004,14,-0.002907772724320035,-0.0022320088130719394,0.2857142857142857,0.19873401868208138,0.19873401868208138
BTCUSDT,2024-02,2024,HIST_2024_2025,ATR_080_100,0.0006,14,-0.003107772724320036,-0.002432008813071939,0.2857142857142857,0.17605711521015055,0.17605711521015055
BTCUSDT,2024-02,2024,HIST_2024_2025,ATR_080_100,0.0008,14,-0.0033077727243200363,-0.0026320088130719396,0.2857142857142857,0.1550352903110029,0.1550352903110029
BTCUSDT,2024-02,2024,HIST_2024_2025,BASE_SHORT,0.0,68,-0.0010666500344148882,-0.0010544423972402295,0.3088235294117647,0.4529628236914178,0.4529628236914178
BTCUSDT,2024-02,2024,HIST_2024_2025,BASE_SHORT,0.0002,68,-0.0012666500344148887,-0.0012544423972402296,0.2647058823529412,0.3945507608200727,0.3945507608200727
BTCUSDT,2024-02,2024,HIST_2024_2025,BASE_SHORT,0.0004,68,-0.0014666500344148884,-0.0014544423972402294,0.2647058823529412,0.34499456560240094,0.34499456560240094
BTCUSDT,2024-02,2024,HIST_2024_2025,BASE_SHORT,0.0006,68,-0.0016666500344148882,-0.0016544423972402293,0.25,0.30163829417605237,0.30163829417605237
BTCUSDT,2024-02,2024,HIST_2024_2025,BASE_SHORT,0.0008,68,-0.0018666500344148883,-0.0018544423972402294,0.22058823529411764,0.26473249499928425,0.26473249499928425
BTCUSDT,2024-03,2024,HIST_2024_2025,ATR_080_100,0.0,21,0.0020943858770516377,0.00011181336915178086,0.5714285714285714,1.910186964576988,1.910186964576988
BTCUSDT,2024-03,2024,HIST_2024_2025,ATR_080_100,0.0002,21,0.0018943858770516385,-8.818663084821915e-05,0.47619047619047616,1.7893224985668383,1.7893224985668383
BTCUSDT,2024-03,2024,HIST_2024_2025,ATR_080_100,0.0004,21,0.0016943858770516386,-0.00028818663084821916,0.47619047619047616,1.6764617794860266,1.6764617794860266
BTCUSDT,2024-03,2024,HIST_2024_2025,ATR_080_100,0.0006,21,0.0014943858770516372,-0.0004881866308482191,0.47619047619047616,1.572662817699024,1.572662817699024
BTCUSDT,2024-03,2024,HIST_2024_2025,ATR_080_100,0.0008,21,0.0012943858770516374,-0.0006881866308482192,0.47619047619047616,1.4768763629165282,1.4768763629165282
BTCUSDT,2024-03,2024,HIST_2024_2025,BASE_SHORT,0.0,77,8.846632721691795e-05,-0.0008025295232880758,0.4675324675324675,1.0237331154426734,1.0237331154426734
BTCUSDT,2024-03,2024,HIST_2024_2025,BASE_SHORT,0.0002,77,-0.00011153367278308165,-0.001002529523288076,0.44155844155844154,0.9709370269836866,0.9709370269836866
BTCUSDT,2024-03,2024,HIST_2024_2025,BASE_SHORT,0.0004,77,-0.00031153367278308176,-0.0012025295232880758,0.42857142857142855,0.9211279546465906,0.9211279546465906
BTCUSDT,2024-03,2024,HIST_2024_2025,BASE_SHORT,0.0006,77,-0.0005115336727830828,-0.0014025295232880756,0.4155844155844156,0.8741846917004742,0.8741846917004742
BTCUSDT,2024-03,2024,HIST_2024_2025,BASE_SHORT,0.0008,77,-0.0007115336727830824,-0.0016025295232880757,0.4025974025974026,0.8299653420282803,0.8299653420282803
BTCUSDT,2024-04,2024,HIST_2024_2025,ATR_080_100,0.0,19,-0.0003673394019908282,-0.0009445030659455123,0.47368421052631576,0.8815682820383289,0.8815682820383289
BTCUSDT,2024-04,2024,HIST_2024_2025,ATR_080_100,0.0002,19,-0.000567339401990828,-0.0011445030659455123,0.3684210526315789,0.8235025271177068,0.8235025271177068
BTCUSDT,2024-04,2024,HIST_2024_2025,ATR_080_100,0.0004,19,-0.0007673394019908284,-0.0013445030659455122,0.3157894736842105,0.7705385667018791,0.7705385667018791
BTCUSDT,2024-04,2024,HIST_2024_2025,ATR_080_100,0.0006,19,-0.000967339401990828,-0.001544503065945512,0.3157894736842105,0.7221032427942452,0.7221032427942452
BTCUSDT,2024-04,2024,HIST_2024_2025,ATR_080_100,0.0008,19,-0.001167339401990828,-0.0017445030659455122,0.3157894736842105,0.6773320469180238,0.6773320469180238
BTCUSDT,2024-04,2024,HIST_2024_2025,BASE_SHORT,0.0,105,-0.00055218901926161,-0.001786943786395323,0.3523809523809524,0.8355545945782463,0.8355545945782463
BTCUSDT,2024-04,2024,HIST_2024_2025,BASE_SHORT,0.0002,105,-0.0007521890192616097,-0.001986943786395323,0.3238095238095238,0.7844143281955921,0.7844143281955921
BTCUSDT,2024-04,2024,HIST_2024_2025,BASE_SHORT,0.0004,105,-0.0009521890192616094,-0.002186943786395323,0.2857142857142857,0.737392941860972,0.737392941860972
BTCUSDT,2024-04,2024,HIST_2024_2025,BASE_SHORT,0.0006,105,-0.0011521890192616106,-0.002386943786395323,0.2857142857142857,0.6942794279988841,0.6942794279988841
BTCUSDT,2024-04,2024,HIST_2024_2025,BASE_SHORT,0.0008,105,-0.0013521890192616105,-0.002586943786395323,0.2857142857142857,0.6543150287706462,0.6543150287706462
BTCUSDT,2024-05,2024,HIST_2024_2025,ATR_080_100,0.0,23,0.00011629330061932332,0.0004067345185692073,0.5217391304347826,1.0905095445716881,1.0905095445716881
BTCUSDT,2024-05,2024,HIST_2024_2025,ATR_080_100,0.0002,23,-8.370669938067664e-05,0.00020673451856920727,0.5217391304347826,0.9393660611976883,0.9393660611976883
BTCUSDT,2024-05,2024,HIST_2024_2025,ATR_080_100,0.0004,23,-0.00028370669938067685,6.734518569207263e-06,0.5217391304347826,0.8078099254718117,0.8078099254718117
BTCUSDT,2024-05,2024,HIST_2024_2025,ATR_080_100,0.0006,23,-0.0004837066993806765,-0.00019326548143079267,0.43478260869565216,0.6944609346641955,0.6944609346641955
BTCUSDT,2024-05,2024,HIST_2024_2025,ATR_080_100,0.0008,23,-0.0006837066993806765,-0.00039326548143079276,0.43478260869565216,0.5969112217381086,0.5969112217381086
BTCUSDT,2024-05,2024,HIST_2024_2025,BASE_SHORT,0.0,86,8.233395635733215e-05,-0.0002851033430983363,0.4069767441860465,1.042997508738879,1.042997508738879
BTCUSDT,2024-05,2024,HIST_2024_2025,BASE_SHORT,0.0002,86,-0.00011766604364266775,-0.0004851033430983363,0.4069767441860465,0.9421350234137762,0.9421350234137762
BTCUSDT,2024-05,2024,HIST_2024_2025,BASE_SHORT,0.0004,86,-0.00031766604364266785,-0.0006851033430983363,0.3953488372093023,0.8525461581454055,0.8525461581454055
BTCUSDT,2024-05,2024,HIST_2024_2025,BASE_SHORT,0.0006,86,-0.0005176660436426681,-0.0008851033430983362,0.36046511627906974,0.7729258134256038,0.7729258134256038
BTCUSDT,2024-05,2024,HIST_2024_2025,BASE_SHORT,0.0008,86,-0.000717666043642668,-0.0010851033430983362,0.36046511627906974,0.7019200142883845,0.7019200142883845
BTCUSDT,2024-06,2024,HIST_2024_2025,ATR_080_100,0.0,26,0.0007398972136626539,-0.0008136670634867338,0.4230769230769231,1.704322451433842,1.704322451433842
BTCUSDT,2024-06,2024,HIST_2024_2025,ATR_080_100,0.0002,26,0.0005398972136626539,-0.0010136670634867339,0.4230769230769231,1.4630758028014574,1.4630758028014574
BTCUSDT,2024-06,2024,HIST_2024_2025,ATR_080_100,0.0004,26,0.0003398972136626539,-0.0012136670634867338,0.4230769230769231,1.2652797440455397,1.2652797440455397
BTCUSDT,2024-06,2024,HIST_2024_2025,ATR_080_100,0.0006,26,0.00013989721366265402,-0.0014136670634867336,0.4230769230769231,1.1001653292379885,1.1001653292379885
BTCUSDT,2024-06,2024,HIST_2024_2025,ATR_080_100,0.0008,26,-6.0102786337346075e-05,-0.0016136670634867337,0.4230769230769231,0.9602507328693958,0.9602507328693958
BTCUSDT,2024-06,2024,HIST_2024_2025,BASE_SHORT,0.0,77,0.00039940778713727626,-0.0006366039063586681,0.42857142857142855,1.2745123998254646,1.2745123998254646
BTCUSDT,2024-06,2024,HIST_2024_2025,BASE_SHORT,0.0002,77,0.00019940778713727653,-0.0008366039063586681,0.42857142857142855,1.1270714280517247,1.1270714280517247
BTCUSDT,2024-06,2024,HIST_2024_2025,BASE_SHORT,0.0004,77,-5.922128627239354e-07,-0.0010366039063586681,0.4155844155844156,0.9996485847181142,0.9996485847181142
BTCUSDT,2024-06,2024,HIST_2024_2025,BASE_SHORT,0.0006,77,-0.0002005922128627236,-0.001236603906358668,0.4025974025974026,0.8887530078118507,0.8887530078118507
BTCUSDT,2024-06,2024,HIST_2024_2025,BASE_SHORT,0.0008,77,-0.00040059221286272356,-0.001436603906358668,0.38961038961038963,0.7918236386847776,0.7918236386847776
BTCUSDT,2024-07,2024,HIST_2024_2025,ATR_080_100,0.0,18,0.00062823511795532,-0.0007507398201085924,0.4444444444444444,1.327567001975186,1.327567001975186
BTCUSDT,2024-07,2024,HIST_2024_2025,ATR_080_100,0.0002,18,0.0004282351179553199,-0.0009507398201085925,0.3888888888888889,1.2106135918957048,1.2106135918957048
BTCUSDT,2024-07,2024,HIST_2024_2025,ATR_080_100,0.0004,18,0.0002282351179553201,-0.0011507398201085924,0.3888888888888889,1.1058851910342034,1.1058851910342034
BTCUSDT,2024-07,2024,HIST_2024_2025,ATR_080_100,0.0006,18,2.823511795532019e-05,-0.0013507398201085923,0.3888888888888889,1.0123962289316593,1.0123962289316593
BTCUSDT,2024-07,2024,HIST_2024_2025,ATR_080_100,0.0008,18,-0.00017176488204467995,-0.0015507398201085923,0.2777777777777778,0.928603332956077,0.928603332956077
BTCUSDT,2024-07,2024,HIST_2024_2025,BASE_SHORT,0.0,92,-0.00032781529928440826,-0.0009539745684045142,0.43478260869565216,0.8778423469915135,0.8778423469915135
BTCUSDT,2024-07,2024,HIST_2024_2025,BASE_SHORT,0.0002,92,-0.000527815299284408,-0.0011539745684045143,0.40217391304347827,0.8114352801273863,0.8114352801273863
BTCUSDT,2024-07,2024,HIST_2024_2025,BASE_SHORT,0.0004,92,-0.0007278152992844081,-0.0013539745684045142,0.40217391304347827,0.7506359138310952,0.7506359138310952
BTCUSDT,2024-07,2024,HIST_2024_2025,BASE_SHORT,0.0006,92,-0.0009278152992844086,-0.001553974568404514,0.3804347826086957,0.6948584127119383,0.6948584127119383
BTCUSDT,2024-07,2024,HIST_2024_2025,BASE_SHORT,0.0008,92,-0.0011278152992844083,-0.0017539745684045142,0.34782608695652173,0.6439092481547528,0.6439092481547528
BTCUSDT,2024-08,2024,HIST_2024_2025,ATR_080_100,0.0,20,-0.00035452043247025664,-1.6856859309855032e-05,0.5,0.8395081461330902,0.8395081461330902
BTCUSDT,2024-08,2024,HIST_2024_2025,ATR_080_100,0.0002,20,-0.0005545204324702568,-0.00021685685930985501,0.45,0.7604433555252037,0.7604433555252037
BTCUSDT,2024-08,2024,HIST_2024_2025,ATR_080_100,0.0004,20,-0.0007545204324702564,-0.000416856859309855,0.35,0.6895490572594095,0.6895490572594095
BTCUSDT,2024-08,2024,HIST_2024_2025,ATR_080_100,0.0006,20,-0.0009545204324702565,-0.000616856859309855,0.35,0.627198922588725,0.627198922588725
BTCUSDT,2024-08,2024,HIST_2024_2025,ATR_080_100,0.0008,20,-0.0011545204324702567,-0.0008168568593098551,0.35,0.5708742956724078,0.5708742956724078
BTCUSDT,2024-08,2024,HIST_2024_2025,BASE_SHORT,0.0,82,0.00121768403914468,0.00034376439532013414,0.5487804878048781,1.4295807699797713,1.4295807699797713
BTCUSDT,2024-08,2024,HIST_2024_2025,BASE_SHORT,0.0002,82,0.0010176840391446804,0.00014376439532013413,0.524390243902439,1.3477719729316375,1.3477719729316375
BTCUSDT,2024-08,2024,HIST_2024_2025,BASE_SHORT,0.0004,82,0.0008176840391446805,-5.623560467986588e-05,0.4878048780487805,1.270433182961609,1.270433182961609
BTCUSDT,2024-08,2024,HIST_2024_2025,BASE_SHORT,0.0006,82,0.0006176840391446796,-0.0002562356046798658,0.45121951219512196,1.19734462829856,1.19734462829856
BTCUSDT,2024-08,2024,HIST_2024_2025,BASE_SHORT,0.0008,82,0.00041768403914467967,-0.0004562356046798659,0.45121951219512196,1.1289254693062518,1.1289254693062518
BTCUSDT,2024-09,2024,HIST_2024_2025,ATR_080_100,0.0,25,0.0011633032520926756,0.0016840164262161839,0.68,2.0437766660933265,2.0437766660933265
BTCUSDT,2024-09,2024,HIST_2024_2025,ATR_080_100,0.0002,25,0.0009633032520926757,0.0014840164262161838,0.64,1.8146216626631335,1.8146216626631335
BTCUSDT,2024-09,2024,HIST_2024_2025,ATR_080_100,0.0004,25,0.0007633032520926755,0.001284016426216184,0.6,1.6072687680625424,1.6072687680625424
BTCUSDT,2024-09,2024,HIST_2024_2025,ATR_080_100,0.0006,25,0.0005633032520926758,0.001084016426216184,0.6,1.421336243171694,1.421336243171694
BTCUSDT,2024-09,2024,HIST_2024_2025,ATR_080_100,0.0008,25,0.0003633032520926754,0.0008840164262161838,0.6,1.2563990360503723,1.2563990360503723
BTCUSDT,2024-09,2024,HIST_2024_2025,BASE_SHORT,0.0,81,-0.00036704226488035483,-9.702732532046454e-05,0.4691358024691358,0.8317695189842762,0.8317695189842762
BTCUSDT,2024-09,2024,HIST_2024_2025,BASE_SHORT,0.0002,81,-0.0005670422648803549,-0.0002970273253204645,0.4444444444444444,0.7523388980688068,0.7523388980688068
BTCUSDT,2024-09,2024,HIST_2024_2025,BASE_SHORT,0.0004,81,-0.0007670422648803549,-0.0004970273253204645,0.41975308641975306,0.6807450444254396,0.6807450444254396
BTCUSDT,2024-09,2024,HIST_2024_2025,BASE_SHORT,0.0006,81,-0.0009670422648803547,-0.0006970273253204645,0.4074074074074074,0.6164064842490163,0.6164064842490163
BTCUSDT,2024-09,2024,HIST_2024_2025,BASE_SHORT,0.0008,81,-0.0011670422648803547,-0.0008970273253204646,0.38271604938271603,0.5584345029676454,0.5584345029676454
BTCUSDT,2024-10,2024,HIST_2024_2025,ATR_080_100,0.0,16,-0.0004913800217883901,-0.0004342868182449777,0.375,0.5673899129769489,0.5673899129769489
BTCUSDT,2024-10,2024,HIST_2024_2025,ATR_080_100,0.0002,16,-0.0006913800217883902,-0.0006342868182449777,0.375,0.4516554655309148,0.4516554655309148
BTCUSDT,2024-10,2024,HIST_2024_2025,ATR_080_100,0.0004,16,-0.0008913800217883903,-0.0008342868182449777,0.375,0.3567989044983586,0.3567989044983586
BTCUSDT,2024-10,2024,HIST_2024_2025,ATR_080_100,0.0006,16,-0.00109138002178839,-0.0010342868182449776,0.3125,0.2795017789495381,0.2795017789495381
BTCUSDT,2024-10,2024,HIST_2024_2025,ATR_080_100,0.0008,16,-0.00129138002178839,-0.0012342868182449777,0.25,0.2222668583795162,0.2222668583795162
BTCUSDT,2024-10,2024,HIST_2024_2025,BASE_SHORT,0.0,82,-0.00019684545717447549,-0.000225374139066703,0.45121951219512196,0.8867797316107882,0.8867797316107882
BTCUSDT,2024-10,2024,HIST_2024_2025,BASE_SHORT,0.0002,82,-0.00039684545717447536,-0.000425374139066703,0.43902439024390244,0.7854012281415194,0.7854012281415194
BTCUSDT,2024-10,2024,HIST_2024_2025,BASE_SHORT,0.0004,82,-0.0005968454571744754,-0.000625374139066703,0.4146341463414634,0.6961652106051436,0.6961652106051436
BTCUSDT,2024-10,2024,HIST_2024_2025,BASE_SHORT,0.0006,82,-0.0007968454571744754,-0.000825374139066703,0.4024390243902439,0.6173079495922521,0.6173079495922521
BTCUSDT,2024-10,2024,HIST_2024_2025,BASE_SHORT,0.0008,82,-0.0009968454571744755,-0.001025374139066703,0.35365853658536583,0.5481949893890707,0.5481949893890707
BTCUSDT,2024-11,2024,HIST_2024_2025,ATR_080_100,0.0,16,-0.0039096583454947265,-0.0038035723107532893,0.25,0.19833892985487755,0.19833892985487755
BTCUSDT,2024-11,2024,HIST_2024_2025,ATR_080_100,0.0002,16,-0.004109658345494727,-0.004003572310753289,0.25,0.18247426218554733,0.18247426218554733
BTCUSDT,2024-11,2024,HIST_2024_2025,ATR_080_100,0.0004,16,-0.004309658345494726,-0.0042035723107532895,0.25,0.16752893955423717,0.16752893955423717
BTCUSDT,2024-11,2024,HIST_2024_2025,ATR_080_100,0.0006,16,-0.004509658345494726,-0.004403572310753289,0.25,0.15342529922335563,0.15342529922335563
BTCUSDT,2024-11,2024,HIST_2024_2025,ATR_080_100,0.0008,16,-0.004709658345494727,-0.00460357231075329,0.25,0.1400941864150812,0.1400941864150812
BTCUSDT,2024-11,2024,HIST_2024_2025,BASE_SHORT,0.0,71,-0.0006360395352741496,-0.0005556338316237142,0.43661971830985913,0.7690563270739798,0.7690563270739798
BTCUSDT,2024-11,2024,HIST_2024_2025,BASE_SHORT,0.0002,71,-0.0008360395352741496,-0.0007556338316237141,0.43661971830985913,0.7083683577386456,0.7083683577386456
BTCUSDT,2024-11,2024,HIST_2024_2025,BASE_SHORT,0.0004,71,-0.0010360395352741495,-0.0009556338316237141,0.43661971830985913,0.6522705647077701,0.6522705647077701
BTCUSDT,2024-11,2024,HIST_2024_2025,BASE_SHORT,0.0006,71,-0.0012360395352741496,-0.001155633831623714,0.43661971830985913,0.6002611530698367,0.6002611530698367
BTCUSDT,2024-11,2024,HIST_2024_2025,BASE_SHORT,0.0008,71,-0.0014360395352741495,-0.001355633831623714,0.4225352112676056,0.5521442026450849,0.5521442026450849
BTCUSDT,2024-12,2024,HIST_2024_2025,ATR_080_100,0.0,24,0.0010951821105045546,0.0007783933968027457,0.5416666666666666,1.6133885456515071,1.6133885456515071
BTCUSDT,2024-12,2024,HIST_2024_2025,ATR_080_100,0.0002,24,0.0008951821105045544,0.0005783933968027457,0.5416666666666666,1.4768889812656285,1.4768889812656285
BTCUSDT,2024-12,2024,HIST_2024_2025,ATR_080_100,0.0004,24,0.000695182110504555,0.00037839339680274564,0.5416666666666666,1.353100192941661,1.353100192941661
BTCUSDT,2024-12,2024,HIST_2024_2025,ATR_080_100,0.0006,24,0.0004951821105045549,0.00017839339680274572,0.5416666666666666,1.2403257344728442,1.2403257344728442
BTCUSDT,2024-12,2024,HIST_2024_2025,ATR_080_100,0.0008,24,0.0002951821105045546,-2.1606603197254375e-05,0.5,1.1369010763711775,1.1369010763711775
BTCUSDT,2024-12,2024,HIST_2024_2025,BASE_SHORT,0.0,83,0.000440591451684211,-0.00023808160473026696,0.4457831325301205,1.2009369284828963,1.2009369284828963
BTCUSDT,2024-12,2024,HIST_2024_2025,BASE_SHORT,0.0002,83,0.00024059145168421126,-0.00043808160473026694,0.43373493975903615,1.1044142133714807,1.1044142133714807
BTCUSDT,2024-12,2024,HIST_2024_2025,BASE_SHORT,0.0004,83,4.059145168421103e-05,-0.0006380816047302669,0.42168674698795183,1.016789335180118,1.016789335180118
BTCUSDT,2024-12,2024,HIST_2024_2025,BASE_SHORT,0.0006,83,-0.00015940854831578892,-0.0008380816047302669,0.40963855421686746,0.9371056039587107,0.9371056039587107
BTCUSDT,2024-12,2024,HIST_2024_2025,BASE_SHORT,0.0008,83,-0.00035940854831578907,-0.0010380816047302669,0.39759036144578314,0.8645675194078197,0.8645675194078197
BTCUSDT,2025-01,2025,HIST_2024_2025,ATR_080_100,0.0,17,0.0004001945042162708,0.0012940517205595192,0.5882352941176471,1.2744298558605887,1.2744298558605887
BTCUSDT,2025-01,2025,HIST_2024_2025,ATR_080_100,0.0002,17,0.00020019450421627095,0.0010940517205595191,0.5882352941176471,1.1299433522510132,1.1299433522510132
BTCUSDT,2025-01,2025,HIST_2024_2025,ATR_080_100,0.0004,17,1.945042162706874e-07,0.0008940517205595193,0.5882352941176471,1.0001198437299443,1.0001198437299443
BTCUSDT,2025-01,2025,HIST_2024_2025,ATR_080_100,0.0006,17,-0.00019980549578372901,0.0006940517205595193,0.5882352941176471,0.8828350424329854,0.8828350424329854
BTCUSDT,2025-01,2025,HIST_2024_2025,ATR_080_100,0.0008,17,-0.0003998054957837293,0.0004940517205595192,0.5882352941176471,0.776356096507499,0.776356096507499
BTCUSDT,2025-01,2025,HIST_2024_2025,BASE_SHORT,0.0,75,-0.0006724041968981502,-0.00010440315174686798,0.48,0.760713399585996,0.760713399585996
BTCUSDT,2025-01,2025,HIST_2024_2025,BASE_SHORT,0.0002,75,-0.0008724041968981499,-0.00030440315174686797,0.4666666666666667,0.700784790844378,0.700784790844378
BTCUSDT,2025-01,2025,HIST_2024_2025,BASE_SHORT,0.0004,75,-0.0010724041968981502,-0.000504403151746868,0.4666666666666667,0.6451704333957887,0.6451704333957887
BTCUSDT,2025-01,2025,HIST_2024_2025,BASE_SHORT,0.0006,75,-0.0012724041968981505,-0.0007044031517468679,0.4533333333333333,0.593577019631668,0.593577019631668
BTCUSDT,2025-01,2025,HIST_2024_2025,BASE_SHORT,0.0008,75,-0.0014724041968981502,-0.000904403151746868,0.4533333333333333,0.5455643785386994,0.5455643785386994
BTCUSDT,2025-02,2025,HIST_2024_2025,ATR_080_100,0.0,25,0.001898531365520455,0.0016463262999839579,0.6,2.6842867119536153,2.6842867119536153
BTCUSDT,2025-02,2025,HIST_2024_2025,ATR_080_100,0.0002,25,0.0016985313655204551,0.0014463262999839578,0.6,2.4069984582492174,2.4069984582492174
BTCUSDT,2025-02,2025,HIST_2024_2025,ATR_080_100,0.0004,25,0.0014985313655204553,0.0012463262999839579,0.6,2.1641773047209982,2.1641773047209982
BTCUSDT,2025-02,2025,HIST_2024_2025,ATR_080_100,0.0006,25,0.001298531365520455,0.001046326299983958,0.6,1.9497728623353245,1.9497728623353245
BTCUSDT,2025-02,2025,HIST_2024_2025,ATR_080_100,0.0008,25,0.0010985313655204549,0.0008463262999839578,0.6,1.7590725818892594,1.7590725818892594
BTCUSDT,2025-02,2025,HIST_2024_2025,BASE_SHORT,0.0,93,0.0011185285148108538,-0.0005158294516908191,0.4838709677419355,1.5316234875435923,1.5316234875435923
BTCUSDT,2025-02,2025,HIST_2024_2025,BASE_SHORT,0.0002,93,0.0009185285148108537,-0.000715829451690819,0.4731182795698925,1.416119426028617,1.416119426028617
BTCUSDT,2025-02,2025,HIST_2024_2025,BASE_SHORT,0.0004,93,0.0007185285148108538,-0.000915829451690819,0.4731182795698925,1.3106822674938816,1.3106822674938816
BTCUSDT,2025-02,2025,HIST_2024_2025,BASE_SHORT,0.0006,93,0.000518528514810854,-0.001115829451690819,0.45161290322580644,1.214118885183174,1.214118885183174
BTCUSDT,2025-02,2025,HIST_2024_2025,BASE_SHORT,0.0008,93,0.00031852851481085367,-0.001315829451690819,0.44086021505376344,1.1257549552422697,1.1257549552422697
BTCUSDT,2025-03,2025,HIST_2024_2025,ATR_080_100,0.0,19,-0.0019177852350254108,-0.0012338850872214424,0.3157894736842105,0.35361655333265396,0.35361655333265396
BTCUSDT,2025-03,2025,HIST_2024_2025,ATR_080_100,0.0002,19,-0.0021177852350254107,-0.0014338850872214425,0.3157894736842105,0.3176774043461092,0.3176774043461092
BTCUSDT,2025-03,2025,HIST_2024_2025,ATR_080_100,0.0004,19,-0.00231778523502541,-0.0016338850872214424,0.3157894736842105,0.28477345988739866,0.28477345988739866
BTCUSDT,2025-03,2025,HIST_2024_2025,ATR_080_100,0.0006,19,-0.0025177852350254113,-0.0018338850872214423,0.3157894736842105,0.2545357958152834,0.2545357958152834
BTCUSDT,2025-03,2025,HIST_2024_2025,ATR_080_100,0.0008,19,-0.0027177852350254114,-0.0020338850872214423,0.2631578947368421,0.22751986999988225,0.22751986999988225
BTCUSDT,2025-03,2025,HIST_2024_2025,BASE_SHORT,0.0,81,-0.0011549118938466276,-0.00048631109355312674,0.4567901234567901,0.6674475128159424,0.6674475128159424
BTCUSDT,2025-03,2025,HIST_2024_2025,BASE_SHORT,0.0002,81,-0.0013549118938466277,-0.0006863110935531267,0.4567901234567901,0.6216928718798832,0.6216928718798832
BTCUSDT,2025-03,2025,HIST_2024_2025,BASE_SHORT,0.0004,81,-0.0015549118938466278,-0.0008863110935531267,0.4444444444444444,0.5787572373167263,0.5787572373167263
BTCUSDT,2025-03,2025,HIST_2024_2025,BASE_SHORT,0.0006,81,-0.0017549118938466276,-0.0010863110935531266,0.4444444444444444,0.5384677204802404,0.5384677204802404
BTCUSDT,2025-03,2025,HIST_2024_2025,BASE_SHORT,0.0008,81,-0.0019549118938466275,-0.0012863110935531267,0.43209876543209874,0.5005840599097731,0.5005840599097731
BTCUSDT,2025-04,2025,HIST_2024_2025,ATR_080_100,0.0,21,-0.0001310247548537094,-0.00022827414131765256,0.42857142857142855,0.946269216094911,0.946269216094911
BTCUSDT,2025-04,2025,HIST_2024_2025,ATR_080_100,0.0002,21,-0.0003310247548537094,-0.00042827414131765254,0.38095238095238093,0.8705000356570614,0.8705000356570614
BTCUSDT,2025-04,2025,HIST_2024_2025,ATR_080_100,0.0004,21,-0.0005310247548537092,-0.0006282741413176525,0.3333333333333333,0.8025001897920538,0.8025001897920538
BTCUSDT,2025-04,2025,HIST_2024_2025,ATR_080_100,0.0006,21,-0.0007310247548537092,-0.0008282741413176525,0.3333333333333333,0.7409614035284332,0.7409614035284332
BTCUSDT,2025-04,2025,HIST_2024_2025,ATR_080_100,0.0008,21,-0.0009310247548537093,-0.0010282741413176525,0.3333333333333333,0.6849752770953267,0.6849752770953267
BTCUSDT,2025-04,2025,HIST_2024_2025,BASE_SHORT,0.0,68,-0.0003824399960249985,-0.0004899623912413276,0.45588235294117646,0.8305480034541773,0.8305480034541773
BTCUSDT,2025-04,2025,HIST_2024_2025,BASE_SHORT,0.0002,68,-0.0005824399960249985,-0.0006899623912413275,0.4411764705882353,0.7539103913336817,0.7539103913336817
BTCUSDT,2025-04,2025,HIST_2024_2025,BASE_SHORT,0.0004,68,-0.0007824399960249986,-0.0008899623912413275,0.4117647058823529,0.6848571573948623,0.6848571573948623
BTCUSDT,2025-04,2025,HIST_2024_2025,BASE_SHORT,0.0006,68,-0.0009824399960249985,-0.0010899623912413274,0.4117647058823529,0.622204966256785,0.622204966256785
BTCUSDT,2025-04,2025,HIST_2024_2025,BASE_SHORT,0.0008,68,-0.0011824399960249981,-0.0012899623912413275,0.4117647058823529,0.5649762938799243,0.5649762938799243
BTCUSDT,2025-05,2025,HIST_2024_2025,ATR_080_100,0.0,16,-0.0014038259631691183,-0.00162395982862229,0.3125,0.2967070294728053,0.2967070294728053
BTCUSDT,2025-05,2025,HIST_2024_2025,ATR_080_100,0.0002,16,-0.001603825963169118,-0.0018239598286222901,0.25,0.2504634245690034,0.2504634245690034
BTCUSDT,2025-05,2025,HIST_2024_2025,ATR_080_100,0.0004,16,-0.0018038259631691185,-0.0020239598286222902,0.25,0.21221940024523855,0.21221940024523855
BTCUSDT,2025-05,2025,HIST_2024_2025,ATR_080_100,0.0006,16,-0.002003825963169118,-0.00222395982862229,0.25,0.17867797883198547,0.17867797883198547
BTCUSDT,2025-05,2025,HIST_2024_2025,ATR_080_100,0.0008,16,-0.0022038259631691186,-0.00242395982862229,0.1875,0.15078313678539865,0.15078313678539865
BTCUSDT,2025-05,2025,HIST_2024_2025,BASE_SHORT,0.0,78,-0.0006861638266398509,-0.0006548343236056908,0.3974358974358974,0.6104961016053796,0.6104961016053796
BTCUSDT,2025-05,2025,HIST_2024_2025,BASE_SHORT,0.0002,78,-0.0008861638266398513,-0.0008548343236056908,0.34615384615384615,0.5302173824369398,0.5302173824369398
BTCUSDT,2025-05,2025,HIST_2024_2025,BASE_SHORT,0.0004,78,-0.0010861638266398506,-0.0010548343236056908,0.32051282051282054,0.46230609971256686,0.46230609971256686
BTCUSDT,2025-05,2025,HIST_2024_2025,BASE_SHORT,0.0006,78,-0.001286163826639851,-0.0012548343236056907,0.3076923076923077,0.4037159515533971,0.4037159515533971
BTCUSDT,2025-05,2025,HIST_2024_2025,BASE_SHORT,0.0008,78,-0.0014861638266398503,-0.0014548343236056908,0.2948717948717949,0.3528649826806146,0.3528649826806146
BTCUSDT,2025-06,2025,HIST_2024_2025,ATR_080_100,0.0,23,-0.0010155148466270871,-0.0002639855358717025,0.391304347826087,0.44237554661430056,0.44237554661430056
BTCUSDT,2025-06,2025,HIST_2024_2025,ATR_080_100,0.0002,23,-0.001215514846627087,-0.00046398553587170246,0.391304347826087,0.3743759686880375,0.3743759686880375
BTCUSDT,2025-06,2025,HIST_2024_2025,ATR_080_100,0.0004,23,-0.0014155148466270875,-0.0006639855358717024,0.34782608695652173,0.3171674515486335,0.3171674515486335
BTCUSDT,2025-06,2025,HIST_2024_2025,ATR_080_100,0.0006,23,-0.0016155148466270876,-0.0008639855358717024,0.34782608695652173,0.2668212073094746,0.2668212073094746
BTCUSDT,2025-06,2025,HIST_2024_2025,ATR_080_100,0.0008,23,-0.0018155148466270875,-0.0010639855358717024,0.30434782608695654,0.22417487648095163,0.22417487648095163
BTCUSDT,2025-06,2025,HIST_2024_2025,BASE_SHORT,0.0,83,-2.3487595707775694e-05,0.00020722912259940607,0.5180722891566265,0.9859162378125077,0.9859162378125077
BTCUSDT,2025-06,2025,HIST_2024_2025,BASE_SHORT,0.0002,83,-0.00022348759570777577,7.229122599406059e-06,0.5060240963855421,0.8734792348731322,0.8734792348731322
BTCUSDT,2025-06,2025,HIST_2024_2025,BASE_SHORT,0.0004,83,-0.0004234875957077756,-0.00019277087740059395,0.46987951807228917,0.7735953186032056,0.7735953186032056
BTCUSDT,2025-06,2025,HIST_2024_2025,BASE_SHORT,0.0006,83,-0.0006234875957077757,-0.0003927708774005939,0.43373493975903615,0.6852126992641067,0.6852126992641067
BTCUSDT,2025-06,2025,HIST_2024_2025,BASE_SHORT,0.0008,83,-0.0008234875957077757,-0.000592770877400594,0.40963855421686746,0.6071837445746584,0.6071837445746584
BTCUSDT,2025-07,2025,HIST_2024_2025,ATR_080_100,0.0,24,-0.0011875131166265752,-0.0010002762236851481,0.3333333333333333,0.2538661417646974,0.2538661417646974
BTCUSDT,2025-07,2025,HIST_2024_2025,ATR_080_100,0.0002,24,-0.0013875131166265753,-0.0012002762236851482,0.2916666666666667,0.19903493958958493,0.19903493958958493
BTCUSDT,2025-07,2025,HIST_2024_2025,ATR_080_100,0.0004,24,-0.0015875131166265752,-0.001400276223685148,0.2916666666666667,0.15286022692149911,0.15286022692149911
BTCUSDT,2025-07,2025,HIST_2024_2025,ATR_080_100,0.0006,24,-0.001787513116626575,-0.001600276223685148,0.2916666666666667,0.11317619098550537,0.11317619098550537
BTCUSDT,2025-07,2025,HIST_2024_2025,ATR_080_100,0.0008,24,-0.001987513116626575,-0.001800276223685148,0.25,0.080609199584453,0.080609199584453
BTCUSDT,2025-07,2025,HIST_2024_2025,BASE_SHORT,0.0,78,-0.0004486817105996695,-0.000537919380807772,0.3717948717948718,0.726152738887898,0.726152738887898
BTCUSDT,2025-07,2025,HIST_2024_2025,BASE_SHORT,0.0002,78,-0.0006486817105996696,-0.000737919380807772,0.32051282051282054,0.6334507918133984,0.6334507918133984
BTCUSDT,2025-07,2025,HIST_2024_2025,BASE_SHORT,0.0004,78,-0.0008486817105996694,-0.000937919380807772,0.3076923076923077,0.5550239130761155,0.5550239130761155
BTCUSDT,2025-07,2025,HIST_2024_2025,BASE_SHORT,0.0006,78,-0.0010486817105996697,-0.0011379193808077719,0.2948717948717949,0.4873786786282787,0.4873786786282787
BTCUSDT,2025-07,2025,HIST_2024_2025,BASE_SHORT,0.0008,78,-0.0012486817105996694,-0.001337919380807772,0.2692307692307692,0.42957618651242435,0.42957618651242435
BTCUSDT,2025-08,2025,HIST_2024_2025,ATR_080_100,0.0,30,-0.00046535314463250026,-0.0003523407428281944,0.4,0.5923997751667506,0.5923997751667506
BTCUSDT,2025-08,2025,HIST_2024_2025,ATR_080_100,0.0002,30,-0.0006653531446325001,-0.0005523407428281944,0.4,0.47264931339727184,0.47264931339727184
BTCUSDT,2025-08,2025,HIST_2024_2025,ATR_080_100,0.0004,30,-0.0008653531446325003,-0.0007523407428281944,0.3333333333333333,0.3771054582806274,0.3771054582806274
BTCUSDT,2025-08,2025,HIST_2024_2025,ATR_080_100,0.0006,30,-0.0010653531446325,-0.0009523407428281942,0.26666666666666666,0.30213117955508567,0.30213117955508567
BTCUSDT,2025-08,2025,HIST_2024_2025,ATR_080_100,0.0008,30,-0.0012653531446325007,-0.0011523407428281943,0.23333333333333334,0.24422028294972545,0.24422028294972545
BTCUSDT,2025-08,2025,HIST_2024_2025,BASE_SHORT,0.0,94,-0.00010748977871117436,-7.83506554241642e-05,0.4787234042553192,0.9300545596900841,0.9300545596900841
BTCUSDT,2025-08,2025,HIST_2024_2025,BASE_SHORT,0.0002,94,-0.00030748977871117425,-0.0002783506554241642,0.4574468085106383,0.8128717626742827,0.8128717626742827
BTCUSDT,2025-08,2025,HIST_2024_2025,BASE_SHORT,0.0004,94,-0.0005074897787111743,-0.0004783506554241642,0.43617021276595747,0.7106878412824514,0.7106878412824514
BTCUSDT,2025-08,2025,HIST_2024_2025,BASE_SHORT,0.0006,94,-0.0007074897787111744,-0.0006783506554241641,0.3829787234042553,0.621712663096557,0.621712663096557
BTCUSDT,2025-08,2025,HIST_2024_2025,BASE_SHORT,0.0008,94,-0.0009074897787111742,-0.0008783506554241642,0.35106382978723405,0.5454354401998825,0.5454354401998825
BTCUSDT,2025-09,2025,HIST_2024_2025,ATR_080_100,0.0,21,-0.0010928258249295753,-0.0009879630354209246,0.3333333333333333,0.3708741548155982,0.3708741548155982
BTCUSDT,2025-09,2025,HIST_2024_2025,ATR_080_100,0.0002,21,-0.0012928258249295748,-0.0011879630354209247,0.2857142857142857,0.3113404853383801,0.3113404853383801
BTCUSDT,2025-09,2025,HIST_2024_2025,ATR_080_100,0.0004,21,-0.0014928258249295753,-0.0013879630354209245,0.2857142857142857,0.26103762586126883,0.26103762586126883
BTCUSDT,2025-09,2025,HIST_2024_2025,ATR_080_100,0.0006,21,-0.001692825824929576,-0.0015879630354209244,0.19047619047619047,0.2204364564441396,0.2204364564441396
BTCUSDT,2025-09,2025,HIST_2024_2025,ATR_080_100,0.0008,21,-0.0018928258249295761,-0.0017879630354209245,0.19047619047619047,0.18881536537926674,0.18881536537926674
BTCUSDT,2025-09,2025,HIST_2024_2025,BASE_SHORT,0.0,67,-0.0002646870208858915,-0.0007106449491618427,0.373134328358209,0.7990844306053,0.7990844306053
BTCUSDT,2025-09,2025,HIST_2024_2025,BASE_SHORT,0.0002,67,-0.0004646870208858914,-0.0009106449491618427,0.34328358208955223,0.6786055375605152,0.6786055375605152
BTCUSDT,2025-09,2025,HIST_2024_2025,BASE_SHORT,0.0004,67,-0.0006646870208858915,-0.0011106449491618427,0.3283582089552239,0.579160771960939,0.579160771960939
BTCUSDT,2025-09,2025,HIST_2024_2025,BASE_SHORT,0.0006,67,-0.0008646870208858915,-0.0013106449491618426,0.2835820895522388,0.4963491597565692,0.4963491597565692
BTCUSDT,2025-09,2025,HIST_2024_2025,BASE_SHORT,0.0008,67,-0.0010646870208858912,-0.0015106449491618427,0.26865671641791045,0.4278382057608973,0.4278382057608973
BTCUSDT,2025-10,2025,HIST_2024_2025,ATR_080_100,0.0,25,-0.0001343258779831924,-0.00021279840866983424,0.4,0.9235344927469462,0.9235344927469462
BTCUSDT,2025-10,2025,HIST_2024_2025,ATR_080_100,0.0002,25,-0.00033432587798319245,-0.0004127984086698342,0.4,0.8218530447641795,0.8218530447641795
BTCUSDT,2025-10,2025,HIST_2024_2025,ATR_080_100,0.0004,25,-0.0005343258779831922,-0.0006127984086698342,0.4,0.7323936230835602,0.7323936230835602
BTCUSDT,2025-10,2025,HIST_2024_2025,ATR_080_100,0.0006,25,-0.0007343258779831922,-0.0008127984086698342,0.36,0.6533992067843362,0.6533992067843362
BTCUSDT,2025-10,2025,HIST_2024_2025,ATR_080_100,0.0008,25,-0.0009343258779831925,-0.0010127984086698342,0.36,0.5841249197368437,0.5841249197368437
BTCUSDT,2025-10,2025,HIST_2024_2025,BASE_SHORT,0.0,88,0.000882765256715134,0.0004330141937964882,0.5340909090909091,1.5154344810443288,1.5154344810443288
BTCUSDT,2025-10,2025,HIST_2024_2025,BASE_SHORT,0.0002,88,0.0006827652567151341,0.00023301419379648822,0.5227272727272727,1.377972593817294,1.377972593817294
BTCUSDT,2025-10,2025,HIST_2024_2025,BASE_SHORT,0.0004,88,0.000482765256715134,3.301419379648818e-05,0.5,1.253468281829788,1.253468281829788
BTCUSDT,2025-10,2025,HIST_2024_2025,BASE_SHORT,0.0006,88,0.00028276525671513416,-0.00016698580620351175,0.4772727272727273,1.1409917384878185,1.1409917384878185
BTCUSDT,2025-10,2025,HIST_2024_2025,BASE_SHORT,0.0008,88,8.27652567151338e-05,-0.00036698580620351184,0.4431818181818182,1.0391408370022952,1.0391408370022952
BTCUSDT,2025-11,2025,HIST_2024_2025,ATR_080_100,0.0,29,-0.000590474440135851,-0.0006425210933551639,0.41379310344827586,0.8250664587395494,0.8250664587395494
BTCUSDT,2025-11,2025,HIST_2024_2025,ATR_080_100,0.0002,29,-0.0007904744401358506,-0.0008425210933551639,0.41379310344827586,0.7736757132272266,0.7736757132272266
BTCUSDT,2025-11,2025,HIST_2024_2025,ATR_080_100,0.0004,29,-0.0009904744401358512,-0.001042521093355164,0.3793103448275862,0.7257573049930831,0.7257573049930831
BTCUSDT,2025-11,2025,HIST_2024_2025,ATR_080_100,0.0006,29,-0.001190474440135851,-0.0012425210933551638,0.3793103448275862,0.6813342432297695,0.6813342432297695
BTCUSDT,2025-11,2025,HIST_2024_2025,ATR_080_100,0.0008,29,-0.0013904744401358512,-0.0014425210933551639,0.3793103448275862,0.639768519614193,0.639768519614193
BTCUSDT,2025-11,2025,HIST_2024_2025,BASE_SHORT,0.0,91,0.0005692257738471468,-0.00030047357030471566,0.45054945054945056,1.2371794704385561,1.2371794704385561
BTCUSDT,2025-11,2025,HIST_2024_2025,BASE_SHORT,0.0002,91,0.00036922577384714694,-0.0005004735703047156,0.42857142857142855,1.1469086043781205,1.1469086043781205
BTCUSDT,2025-11,2025,HIST_2024_2025,BASE_SHORT,0.0004,91,0.00016922577384714682,-0.0007004735703047156,0.4175824175824176,1.0643896602476544,1.0643896602476544
BTCUSDT,2025-11,2025,HIST_2024_2025,BASE_SHORT,0.0006,91,-3.077422615285325e-05,-0.0009004735703047156,0.4065934065934066,0.9887955434957807,0.9887955434957807
BTCUSDT,2025-11,2025,HIST_2024_2025,BASE_SHORT,0.0008,91,-0.00023077422615285317,-0.0011004735703047156,0.3956043956043956,0.919484207647222,0.919484207647222
BTCUSDT,2025-12,2025,HIST_2024_2025,ATR_080_100,0.0,22,-0.0003404469946985955,-0.0003599559426897825,0.45454545454545453,0.8133923106147213,0.8133923106147213
BTCUSDT,2025-12,2025,HIST_2024_2025,ATR_080_100,0.0002,22,-0.0005404469946985953,-0.0005599559426897825,0.45454545454545453,0.7204811759258697,0.7204811759258697
BTCUSDT,2025-12,2025,HIST_2024_2025,ATR_080_100,0.0004,22,-0.0007404469946985958,-0.0007599559426897824,0.4090909090909091,0.6376722488118596,0.6376722488118596
BTCUSDT,2025-12,2025,HIST_2024_2025,ATR_080_100,0.0006,22,-0.0009404469946985954,-0.0009599559426897823,0.4090909090909091,0.5649634075134526,0.5649634075134526
BTCUSDT,2025-12,2025,HIST_2024_2025,ATR_080_100,0.0008,22,-0.001140446994698596,-0.0011599559426897824,0.4090909090909091,0.4997923403374622,0.4997923403374622
BTCUSDT,2025-12,2025,HIST_2024_2025,BASE_SHORT,0.0,84,0.0005536068440632162,-0.00010491399964046577,0.4880952380952381,1.3288183817005292,1.3288183817005292
BTCUSDT,2025-12,2025,HIST_2024_2025,BASE_SHORT,0.0002,84,0.00035360684406321636,-0.00030491399964046575,0.4642857142857143,1.1976273424025177,1.1976273424025177
BTCUSDT,2025-12,2025,HIST_2024_2025,BASE_SHORT,0.0004,84,0.00015360684406321614,-0.0005049139996404657,0.44047619047619047,1.0809846761107362,1.0809846761107362
BTCUSDT,2025-12,2025,HIST_2024_2025,BASE_SHORT,0.0006,84,-4.6393155936783554e-05,-0.0007049139996404657,0.44047619047619047,0.9769032506314198,0.9769032506314198
BTCUSDT,2025-12,2025,HIST_2024_2025,BASE_SHORT,0.0008,84,-0.00024639315593678375,-0.0009049139996404658,0.39285714285714285,0.8839333224327219,0.8839333224327219
BTCUSDT,2026-01,2026,DISCOVERY_2026_01,ATR_080_100,0.0,19,0.0005624535518071212,0.0002710638759257922,0.5263157894736842,1.5887052963104786,1.5887052963104786
BTCUSDT,2026-01,2026,DISCOVERY_2026_01,ATR_080_100,0.0002,19,0.00036245355180712115,7.106387592579217e-05,0.5263157894736842,1.3451463582139158,1.3451463582139158
BTCUSDT,2026-01,2026,DISCOVERY_2026_01,ATR_080_100,0.0004,19,0.00016245355180712109,-0.00012893612407420784,0.47368421052631576,1.14105942685625,1.14105942685625
BTCUSDT,2026-01,2026,DISCOVERY_2026_01,ATR_080_100,0.0006,19,-3.7546448192878606e-05,-0.00032893612407420777,0.47368421052631576,0.9701284640022476,0.9701284640022476
BTCUSDT,2026-01,2026,DISCOVERY_2026_01,ATR_080_100,0.0008,19,-0.00023754644819287893,-0.0005289361240742079,0.42105263157894735,0.8261046821730321,0.8261046821730321
BTCUSDT,2026-01,2026,DISCOVERY_2026_01,BASE_SHORT,0.0,91,0.001455612688624005,0.0002710638759257922,0.5164835164835165,2.3597117642295897,2.3597117642295897
BTCUSDT,2026-01,2026,DISCOVERY_2026_01,BASE_SHORT,0.0002,91,0.001255612688624005,7.106387592579217e-05,0.5054945054945055,2.075118411138769,2.075118411138769
BTCUSDT,2026-01,2026,DISCOVERY_2026_01,BASE_SHORT,0.0004,91,0.001055612688624005,-0.00012893612407420784,0.46153846153846156,1.8303524964741296,1.8303524964741296
BTCUSDT,2026-01,2026,DISCOVERY_2026_01,BASE_SHORT,0.0006,91,0.0008556126886240051,-0.00032893612407420777,0.45054945054945056,1.619535705316086,1.619535705316086
BTCUSDT,2026-01,2026,DISCOVERY_2026_01,BASE_SHORT,0.0008,91,0.0006556126886240051,-0.0005289361240742079,0.4175824175824176,1.4387469307061047,1.4387469307061047
BTCUSDT,2026-02,2026,DEV_2026_FEB_JUL,ATR_080_100,0.0,25,0.0014419354722156675,0.00034965769562056437,0.52,1.661046200667376,1.661046200667376
BTCUSDT,2026-02,2026,DEV_2026_FEB_JUL,ATR_080_100,0.0002,25,0.0012419354722156678,0.00014965769562056436,0.52,1.5453560231584869,1.5453560231584869
BTCUSDT,2026-02,2026,DEV_2026_FEB_JUL,ATR_080_100,0.0004,25,0.0010419354722156673,-5.034230437943565e-05,0.48,1.4386530215377857,1.4386530215377857
BTCUSDT,2026-02,2026,DEV_2026_FEB_JUL,ATR_080_100,0.0006,25,0.0008419354722156675,-0.0002503423043794356,0.44,1.3388980885507873,1.3388980885507873
BTCUSDT,2026-02,2026,DEV_2026_FEB_JUL,ATR_080_100,0.0008,25,0.0006419354722156677,-0.00045034230437943567,0.44,1.2472470372881412,1.2472470372881412
BTCUSDT,2026-02,2026,DEV_2026_FEB_JUL,BASE_SHORT,0.0,81,-1.2977629275833523e-05,-0.0005858185776754787,0.4691358024691358,0.9962568334782015,0.9962568334782015
BTCUSDT,2026-02,2026,DEV_2026_FEB_JUL,BASE_SHORT,0.0002,81,-0.00021297762927583317,-0.0007858185776754787,0.4691358024691358,0.9403956905660177,0.9403956905660177
BTCUSDT,2026-02,2026,DEV_2026_FEB_JUL,BASE_SHORT,0.0004,81,-0.0004129776292758328,-0.0009858185776754787,0.4567901234567901,0.8877773955305955,0.8877773955305955
BTCUSDT,2026-02,2026,DEV_2026_FEB_JUL,BASE_SHORT,0.0006,81,-0.0006129776292758342,-0.0011858185776754786,0.4444444444444444,0.8382721256853802,0.8382721256853802
BTCUSDT,2026-02,2026,DEV_2026_FEB_JUL,BASE_SHORT,0.0008,81,-0.0008129776292758338,-0.0013858185776754787,0.4074074074074074,0.7917607221364752,0.7917607221364752
BTCUSDT,2026-03,2026,DEV_2026_FEB_JUL,ATR_080_100,0.0,23,0.000579512580160395,-0.001300283286118975,0.391304347826087,1.3243567473271385,1.3243567473271385
BTCUSDT,2026-03,2026,DEV_2026_FEB_JUL,ATR_080_100,0.0002,23,0.0003795125801603951,-0.0015002832861189751,0.391304347826087,1.1988652145137586,1.1988652145137586
BTCUSDT,2026-03,2026,DEV_2026_FEB_JUL,ATR_080_100,0.0004,23,0.00017951258016039485,-0.001700283286118975,0.391304347826087,1.088424175319585,1.088424175319585
BTCUSDT,2026-03,2026,DEV_2026_FEB_JUL,ATR_080_100,0.0006,23,-2.048741983960485e-05,-0.0019002832861189749,0.391304347826087,0.9904792449652237,0.9904792449652237
BTCUSDT,2026-03,2026,DEV_2026_FEB_JUL,ATR_080_100,0.0008,23,-0.0002204874198396054,-0.002100283286118975,0.391304347826087,0.9030231312783741,0.9030231312783741
BTCUSDT,2026-03,2026,DEV_2026_FEB_JUL,BASE_SHORT,0.0,92,-0.0004949493534861793,-0.0011505831879333739,0.3695652173913043,0.7759496398828128,0.7759496398828128
BTCUSDT,2026-03,2026,DEV_2026_FEB_JUL,BASE_SHORT,0.0002,92,-0.0006949493534861795,-0.001350583187933374,0.33695652173913043,0.702853957110238,0.702853957110238
BTCUSDT,2026-03,2026,DEV_2026_FEB_JUL,BASE_SHORT,0.0004,92,-0.0008949493534861793,-0.0015505831879333739,0.32608695652173914,0.6379305068007974,0.6379305068007974
BTCUSDT,2026-03,2026,DEV_2026_FEB_JUL,BASE_SHORT,0.0006,92,-0.0010949493534861794,-0.0017505831879333737,0.32608695652173914,0.5799229167851495,0.5799229167851495
BTCUSDT,2026-03,2026,DEV_2026_FEB_JUL,BASE_SHORT,0.0008,92,-0.001294949353486179,-0.0019505831879333738,0.32608695652173914,0.5276194370370092,0.5276194370370092
BTCUSDT,2026-04,2026,DEV_2026_FEB_JUL,ATR_080_100,0.0,17,-0.0005439128389667941,-0.0007329297960841918,0.29411764705882354,0.49914245073121716,0.49914245073121716
BTCUSDT,2026-04,2026,DEV_2026_FEB_JUL,ATR_080_100,0.0002,17,-0.000743912838966794,-0.0009329297960841918,0.23529411764705882,0.395035370552502,0.395035370552502
BTCUSDT,2026-04,2026,DEV_2026_FEB_JUL,ATR_080_100,0.0004,17,-0.0009439128389667941,-0.0011329297960841918,0.17647058823529413,0.32160378828829644,0.32160378828829644
BTCUSDT,2026-04,2026,DEV_2026_FEB_JUL,ATR_080_100,0.0006,17,-0.001143912838966794,-0.0013329297960841917,0.17647058823529413,0.2648822026987512,0.2648822026987512
BTCUSDT,2026-04,2026,DEV_2026_FEB_JUL,ATR_080_100,0.0008,17,-0.0013439128389667939,-0.0015329297960841918,0.17647058823529413,0.21901879487892095,0.21901879487892095
BTCUSDT,2026-04,2026,DEV_2026_FEB_JUL,BASE_SHORT,0.0,69,-0.00023072605593208419,-0.0004225826057694393,0.42028985507246375,0.8436627108413812,0.8436627108413812
BTCUSDT,2026-04,2026,DEV_2026_FEB_JUL,BASE_SHORT,0.0002,69,-0.00043072605593208414,-0.0006225826057694393,0.37681159420289856,0.7301110072720575,0.7301110072720575
BTCUSDT,2026-04,2026,DEV_2026_FEB_JUL,BASE_SHORT,0.0004,69,-0.0006307260559320841,-0.0008225826057694393,0.36231884057971014,0.6338811184591369,0.6338811184591369
BTCUSDT,2026-04,2026,DEV_2026_FEB_JUL,BASE_SHORT,0.0006,69,-0.0008307260559320843,-0.0010225826057694391,0.3333333333333333,0.5517635466536459,0.5517635466536459
BTCUSDT,2026-04,2026,DEV_2026_FEB_JUL,BASE_SHORT,0.0008,69,-0.0010307260559320843,-0.0012225826057694392,0.3333333333333333,0.48117495284317985,0.48117495284317985
BTCUSDT,2026-05,2026,DEV_2026_FEB_JUL,ATR_080_100,0.0,24,0.0006863786867733988,-0.0003903472138118702,0.4583333333333333,1.7117504498744356,1.7117504498744356
BTCUSDT,2026-05,2026,DEV_2026_FEB_JUL,ATR_080_100,0.0002,24,0.00048637868677339893,-0.0005903472138118702,0.4583333333333333,1.453421161765417,1.453421161765417
BTCUSDT,2026-05,2026,DEV_2026_FEB_JUL,ATR_080_100,0.0004,24,0.0002863786867733987,-0.0007903472138118702,0.375,1.2406685009896308,1.2406685009896308
BTCUSDT,2026-05,2026,DEV_2026_FEB_JUL,ATR_080_100,0.0006,24,8.637868677339895e-05,-0.00099034721381187,0.375,1.0656907075103317,1.0656907075103317
BTCUSDT,2026-05,2026,DEV_2026_FEB_JUL,ATR_080_100,0.0008,24,-0.0001136213132266014,-0.0011903472138118701,0.3333333333333333,0.9211568965771768,0.9211568965771768
BTCUSDT,2026-05,2026,DEV_2026_FEB_JUL,BASE_SHORT,0.0,97,-0.00037579522613563377,-0.0008512871801633626,0.4020618556701031,0.7785240054450342,0.7785240054450342
BTCUSDT,2026-05,2026,DEV_2026_FEB_JUL,BASE_SHORT,0.0002,97,-0.0005757952261356336,-0.0010512871801633627,0.38144329896907214,0.6830985156632507,0.6830985156632507
BTCUSDT,2026-05,2026,DEV_2026_FEB_JUL,BASE_SHORT,0.0004,97,-0.0007757952261356338,-0.0012512871801633625,0.35051546391752575,0.600842231591489,0.600842231591489
BTCUSDT,2026-05,2026,DEV_2026_FEB_JUL,BASE_SHORT,0.0006,97,-0.0009757952261356337,-0.0014512871801633624,0.35051546391752575,0.5293919013097187,0.5293919013097187
BTCUSDT,2026-05,2026,DEV_2026_FEB_JUL,BASE_SHORT,0.0008,97,-0.001175795226135634,-0.0016512871801633625,0.31958762886597936,0.4667599323704336,0.4667599323704336
BTCUSDT,2026-06,2026,DEV_2026_FEB_JUL,ATR_080_100,0.0,17,0.0007391287352821333,0.00047606703415126184,0.5882352941176471,1.5181692267474962,1.5181692267474962
BTCUSDT,2026-06,2026,DEV_2026_FEB_JUL,ATR_080_100,0.0002,17,0.0005391287352821331,0.00027606703415126185,0.5882352941176471,1.3573284543685318,1.3573284543685318
BTCUSDT,2026-06,2026,DEV_2026_FEB_JUL,ATR_080_100,0.0004,17,0.00033912873528213315,7.606703415126182e-05,0.5294117647058824,1.2128856711581009,1.2128856711581009
BTCUSDT,2026-06,2026,DEV_2026_FEB_JUL,ATR_080_100,0.0006,17,0.00013912873528213338,-0.0001239329658487381,0.47058823529411764,1.0821101128531943,1.0821101128531943
BTCUSDT,2026-06,2026,DEV_2026_FEB_JUL,ATR_080_100,0.0008,17,-6.087126471786701e-05,-0.0003239329658487382,0.4117647058823529,0.9663525787487258,0.9663525787487258
BTCUSDT,2026-06,2026,DEV_2026_FEB_JUL,BASE_SHORT,0.0,107,0.0002077355889690964,-0.00016562830460309375,0.4672897196261682,1.1037350244334847,1.1037350244334847
BTCUSDT,2026-06,2026,DEV_2026_FEB_JUL,BASE_SHORT,0.0002,107,7.735588969096686e-06,-0.00036562830460309373,0.4485981308411215,1.003666337265158,1.003666337265158
BTCUSDT,2026-06,2026,DEV_2026_FEB_JUL,BASE_SHORT,0.0004,107,-0.0001922644110309038,-0.0005656283046030937,0.4205607476635514,0.9135065553183516,0.9135065553183516
BTCUSDT,2026-06,2026,DEV_2026_FEB_JUL,BASE_SHORT,0.0006,107,-0.0003922644110309035,-0.0007656283046030937,0.3925233644859813,0.8324729114503108,0.8324729114503108
BTCUSDT,2026-06,2026,DEV_2026_FEB_JUL,BASE_SHORT,0.0008,107,-0.0005922644110309035,-0.0009656283046030938,0.38317757009345793,0.7596710565787222,0.7596710565787222
BTCUSDT,2026-07,2026,DEV_2026_FEB_JUL,ATR_080_100,0.0,24,-0.0016495238311253213,-0.0009405632555443133,0.3333333333333333,0.2852973202377865,0.2852973202377865
BTCUSDT,2026-07,2026,DEV_2026_FEB_JUL,ATR_080_100,0.0002,24,-0.0018495238311253212,-0.0011405632555443134,0.3333333333333333,0.2424080902994563,0.2424080902994563
BTCUSDT,2026-07,2026,DEV_2026_FEB_JUL,ATR_080_100,0.0004,24,-0.002049523831125321,-0.0013405632555443133,0.3333333333333333,0.20396106252997756,0.20396106252997756
BTCUSDT,2026-07,2026,DEV_2026_FEB_JUL,ATR_080_100,0.0006,24,-0.002249523831125321,-0.0015405632555443131,0.3333333333333333,0.16930007370703895,0.16930007370703895
BTCUSDT,2026-07,2026,DEV_2026_FEB_JUL,ATR_080_100,0.0008,24,-0.0024495238311253212,-0.0017405632555443132,0.3333333333333333,0.1378921265282898,0.1378921265282898
BTCUSDT,2026-07,2026,DEV_2026_FEB_JUL,BASE_SHORT,0.0,72,-0.00070390296334182,-0.0005784010544190865,0.4305555555555556,0.6794007714024658,0.6794007714024658
BTCUSDT,2026-07,2026,DEV_2026_FEB_JUL,BASE_SHORT,0.0002,72,-0.0009039029633418199,-0.0007784010544190865,0.4027777777777778,0.6089543408600668,0.6089543408600668
BTCUSDT,2026-07,2026,DEV_2026_FEB_JUL,BASE_SHORT,0.0004,72,-0.0011039029633418203,-0.0009784010544190865,0.4027777777777778,0.5458958780781541,0.5458958780781541
BTCUSDT,2026-07,2026,DEV_2026_FEB_JUL,BASE_SHORT,0.0006,72,-0.0013039029633418197,-0.0011784010544190864,0.375,0.4892063290365612,0.4892063290365612
BTCUSDT,2026-07,2026,DEV_2026_FEB_JUL,BASE_SHORT,0.0008,72,-0.00150390296334182,-0.0013784010544190864,0.3472222222222222,0.438672326639883,0.438672326639883
ETHUSDT,2024-01,2024,HIST_2024_2025,ATR_080_100,0.0,23,-0.0014795501637124022,-0.002277118715262927,0.2608695652173913,0.3645638032222686,0.3645638032222686
ETHUSDT,2024-01,2024,HIST_2024_2025,ATR_080_100,0.0002,23,-0.0016795501637124018,-0.002477118715262927,0.2608695652173913,0.32173010608336644,0.32173010608336644
ETHUSDT,2024-01,2024,HIST_2024_2025,ATR_080_100,0.0004,23,-0.0018795501637124015,-0.002677118715262927,0.2608695652173913,0.28372248360433105,0.28372248360433105
ETHUSDT,2024-01,2024,HIST_2024_2025,ATR_080_100,0.0006,23,-0.002079550163712403,-0.0028771187152629267,0.2608695652173913,0.2497688028269713,0.2497688028269713
ETHUSDT,2024-01,2024,HIST_2024_2025,ATR_080_100,0.0008,23,-0.002279550163712403,-0.003077118715262927,0.2608695652173913,0.21925330465570309,0.21925330465570309
ETHUSDT,2024-01,2024,HIST_2024_2025,BASE_SHORT,0.0,103,-5.4774859253765376e-05,-0.0011523444560934681,0.3786407766990291,0.9828061986901867,0.9828061986901867
ETHUSDT,2024-01,2024,HIST_2024_2025,BASE_SHORT,0.0002,103,-0.00025477485925376654,-0.0013523444560934682,0.3786407766990291,0.9230288547684066,0.9230288547684066
ETHUSDT,2024-01,2024,HIST_2024_2025,BASE_SHORT,0.0004,103,-0.0004547748592537659,-0.001552344456093468,0.3786407766990291,0.8675776858130905,0.8675776858130905
ETHUSDT,2024-01,2024,HIST_2024_2025,BASE_SHORT,0.0006,103,-0.0006547748592537649,-0.001752344456093468,0.34951456310679613,0.8161054232155145,0.8161054232155145
ETHUSDT,2024-01,2024,HIST_2024_2025,BASE_SHORT,0.0008,103,-0.000854774859253764,-0.001952344456093468,0.33980582524271846,0.76848725449926,0.76848725449926
ETHUSDT,2024-02,2024,HIST_2024_2025,ATR_080_100,0.0,11,-0.002467084305861188,-0.0022716475923127977,0.45454545454545453,0.2135694243614843,0.2135694243614843
ETHUSDT,2024-02,2024,HIST_2024_2025,ATR_080_100,0.0002,11,-0.0026670843058611876,-0.0024716475923127978,0.36363636363636365,0.17861838519379966,0.17861838519379966
ETHUSDT,2024-02,2024,HIST_2024_2025,ATR_080_100,0.0004,11,-0.002867084305861188,-0.002671647592312798,0.2727272727272727,0.1547414382087982,0.1547414382087982
ETHUSDT,2024-02,2024,HIST_2024_2025,ATR_080_100,0.0006,11,-0.003067084305861188,-0.0028716475923127975,0.2727272727272727,0.13295906822635134,0.13295906822635134
ETHUSDT,2024-02,2024,HIST_2024_2025,ATR_080_100,0.0008,11,-0.0032670843058611883,-0.0030716475923127976,0.2727272727272727,0.11289728268651725,0.11289728268651725
ETHUSDT,2024-02,2024,HIST_2024_2025,BASE_SHORT,0.0,65,-0.0009235465404099466,-0.0010587589428094901,0.4153846153846154,0.6322933493930847,0.6322933493930847
ETHUSDT,2024-02,2024,HIST_2024_2025,BASE_SHORT,0.0002,65,-0.0011235465404099466,-0.0012587589428094902,0.36923076923076925,0.5732532062744042,0.5732532062744042
ETHUSDT,2024-02,2024,HIST_2024_2025,BASE_SHORT,0.0004,65,-0.0013235465404099467,-0.00145875894280949,0.3384615384615385,0.5210102231420762,0.5210102231420762
ETHUSDT,2024-02,2024,HIST_2024_2025,BASE_SHORT,0.0006,65,-0.0015235465404099466,-0.00165875894280949,0.3076923076923077,0.4744633650004732,0.4744633650004732
ETHUSDT,2024-02,2024,HIST_2024_2025,BASE_SHORT,0.0008,65,-0.0017235465404099469,-0.00185875894280949,0.3076923076923077,0.4325757146634302,0.4325757146634302
ETHUSDT,2024-03,2024,HIST_2024_2025,ATR_080_100,0.0,16,0.0002825540780508548,-0.0032023106854616734,0.25,1.0633514086540965,1.0633514086540965
ETHUSDT,2024-03,2024,HIST_2024_2025,ATR_080_100,0.0002,16,8.255407805085472e-05,-0.0034023106854616735,0.25,1.0179071924550014,1.0179071924550014
ETHUSDT,2024-03,2024,HIST_2024_2025,ATR_080_100,0.0004,16,-0.00011744592194914407,-0.0036023106854616736,0.25,0.9753270429875635,0.9753270429875635
ETHUSDT,2024-03,2024,HIST_2024_2025,ATR_080_100,0.0006,16,-0.0003174459219491459,-0.0038023106854616733,0.25,0.935348475145159,0.935348475145159
ETHUSDT,2024-03,2024,HIST_2024_2025,ATR_080_100,0.0008,16,-0.000517445921949146,-0.004002310685461674,0.25,0.8977401278775755,0.8977401278775755
ETHUSDT,2024-03,2024,HIST_2024_2025,BASE_SHORT,0.0,83,-0.0003527013852700068,-0.002790412308490975,0.37349397590361444,0.9169289652403948,0.9169289652403948
ETHUSDT,2024-03,2024,HIST_2024_2025,BASE_SHORT,0.0002,83,-0.0005527013852700064,-0.002990412308490975,0.37349397590361444,0.8735550113662729,0.8735550113662729
ETHUSDT,2024-03,2024,HIST_2024_2025,BASE_SHORT,0.0004,83,-0.0007527013852700064,-0.003190412308490975,0.37349397590361444,0.8325984710903359,0.8325984710903359
ETHUSDT,2024-03,2024,HIST_2024_2025,BASE_SHORT,0.0006,83,-0.0009527013852700074,-0.0033904123084909747,0.3614457831325301,0.7939467496823188,0.7939467496823188
ETHUSDT,2024-03,2024,HIST_2024_2025,BASE_SHORT,0.0008,83,-0.001152701385270007,-0.003590412308490975,0.3493975903614458,0.757499975909725,0.757499975909725
ETHUSDT,2024-04,2024,HIST_2024_2025,ATR_080_100,0.0,21,0.0038367580534158204,0.0012671627877580693,0.5714285714285714,2.3517747517181924,2.3517747517181924
ETHUSDT,2024-04,2024,HIST_2024_2025,ATR_080_100,0.0002,21,0.0036367580534158186,0.0010671627877580693,0.5714285714285714,2.2437502635495203,2.2437502635495203
ETHUSDT,2024-04,2024,HIST_2024_2025,ATR_080_100,0.0004,21,0.0034367580534158215,0.0008671627877580694,0.5238095238095238,2.141094913448751,2.141094913448751
ETHUSDT,2024-04,2024,HIST_2024_2025,ATR_080_100,0.0006,21,0.003236758053415819,0.0006671627877580694,0.5238095238095238,2.0417478936007876,2.0417478936007876
ETHUSDT,2024-04,2024,HIST_2024_2025,ATR_080_100,0.0008,21,0.0030367580534158213,0.0004671627877580693,0.5238095238095238,1.948310169917677,1.948310169917677
ETHUSDT,2024-04,2024,HIST_2024_2025,BASE_SHORT,0.0,105,0.0003219559730854024,-0.0011497040693224658,0.4380952380952381,1.0837190333164333,1.0837190333164333
ETHUSDT,2024-04,2024,HIST_2024_2025,BASE_SHORT,0.0002,105,0.00012195597308540225,-0.001349704069322466,0.42857142857142855,1.030809895864946,1.030809895864946
ETHUSDT,2024-04,2024,HIST_2024_2025,BASE_SHORT,0.0004,105,-7.804402691459723e-05,-0.0015497040693224658,0.41904761904761906,0.9808388606409998,0.9808388606409998
ETHUSDT,2024-04,2024,HIST_2024_2025,BASE_SHORT,0.0006,105,-0.000278044026914598,-0.0017497040693224657,0.4,0.9336743775321728,0.9336743775321728
ETHUSDT,2024-04,2024,HIST_2024_2025,BASE_SHORT,0.0008,105,-0.0004780440269145975,-0.0019497040693224658,0.3904761904761905,0.8891507166122825,0.8891507166122825
ETHUSDT,2024-05,2024,HIST_2024_2025,ATR_080_100,0.0,19,-0.00030447732200265446,-0.0013955939569805231,0.3157894736842105,0.8310999667250254,0.8310999667250254
ETHUSDT,2024-05,2024,HIST_2024_2025,ATR_080_100,0.0002,19,-0.0005044773220026545,-0.0015955939569805232,0.3157894736842105,0.7398997302670682,0.7398997302670682
ETHUSDT,2024-05,2024,HIST_2024_2025,ATR_080_100,0.0004,19,-0.0007044773220026546,-0.001795593956980523,0.3157894736842105,0.6607203793964657,0.6607203793964657
ETHUSDT,2024-05,2024,HIST_2024_2025,ATR_080_100,0.0006,19,-0.0009044773220026542,-0.001995593956980523,0.3157894736842105,0.5913321947333616,0.5913321947333616
ETHUSDT,2024-05,2024,HIST_2024_2025,ATR_080_100,0.0008,19,-0.0011044773220026548,-0.002195593956980523,0.3157894736842105,0.5300247924956148,0.5300247924956148
ETHUSDT,2024-05,2024,HIST_2024_2025,BASE_SHORT,0.0,93,-0.0007148064519544664,-0.0013760949710918124,0.3548387096774194,0.7413410989500667,0.7413410989500667
ETHUSDT,2024-05,2024,HIST_2024_2025,BASE_SHORT,0.0002,93,-0.0009148064519544666,-0.0015760949710918125,0.3548387096774194,0.6837361809315966,0.6837361809315966
ETHUSDT,2024-05,2024,HIST_2024_2025,BASE_SHORT,0.0004,93,-0.0011148064519544661,-0.0017760949710918124,0.3548387096774194,0.631051143380058,0.631051143380058
ETHUSDT,2024-05,2024,HIST_2024_2025,BASE_SHORT,0.0006,93,-0.0013148064519544669,-0.0019760949710918123,0.34408602150537637,0.5827435425584145,0.5827435425584145
ETHUSDT,2024-05,2024,HIST_2024_2025,BASE_SHORT,0.0008,93,-0.0015148064519544663,-0.0021760949710918124,0.3333333333333333,0.5387088079947514,0.5387088079947514
ETHUSDT,2024-06,2024,HIST_2024_2025,ATR_080_100,0.0,21,-0.00155021236435179,-0.001511998150025784,0.3333333333333333,0.3864607853565045,0.3864607853565045
ETHUSDT,2024-06,2024,HIST_2024_2025,ATR_080_100,0.0002,21,-0.0017502123643517902,-0.001711998150025784,0.2857142857142857,0.34357410631520724,0.34357410631520724
ETHUSDT,2024-06,2024,HIST_2024_2025,ATR_080_100,0.0004,21,-0.0019502123643517898,-0.001911998150025784,0.23809523809523808,0.30619940113872157,0.30619940113872157
ETHUSDT,2024-06,2024,HIST_2024_2025,ATR_080_100,0.0006,21,-0.00215021236435179,-0.002111998150025784,0.19047619047619047,0.27443227338349224,0.27443227338349224
ETHUSDT,2024-06,2024,HIST_2024_2025,ATR_080_100,0.0008,21,-0.0023502123643517905,-0.002311998150025784,0.19047619047619047,0.2480269234815532,0.2480269234815532
ETHUSDT,2024-06,2024,HIST_2024_2025,BASE_SHORT,0.0,94,-0.0003395261849627273,-0.00031818261192351205,0.4148936170212766,0.8345465084117615,0.8345465084117615
ETHUSDT,2024-06,2024,HIST_2024_2025,BASE_SHORT,0.0002,94,-0.000539526184962727,-0.000518182611923512,0.40425531914893614,0.7514295852045063,0.7514295852045063
ETHUSDT,2024-06,2024,HIST_2024_2025,BASE_SHORT,0.0004,94,-0.0007395261849627274,-0.000718182611923512,0.3723404255319149,0.6773883338592365,0.6773883338592365
ETHUSDT,2024-06,2024,HIST_2024_2025,BASE_SHORT,0.0006,94,-0.0009395261849627274,-0.000918182611923512,0.3404255319148936,0.6117814102053083,0.6117814102053083
ETHUSDT,2024-06,2024,HIST_2024_2025,BASE_SHORT,0.0008,94,-0.0011395261849627269,-0.001118182611923512,0.32978723404255317,0.5535206333295476,0.5535206333295476
ETHUSDT,2024-07,2024,HIST_2024_2025,ATR_080_100,0.0,29,0.002881769760805514,0.00015061243218061904,0.5517241379310345,2.52161005658681,2.52161005658681
ETHUSDT,2024-07,2024,HIST_2024_2025,ATR_080_100,0.0002,29,0.0026817697608055133,-4.938756781938097e-05,0.4827586206896552,2.346926160567575,2.346926160567575
ETHUSDT,2024-07,2024,HIST_2024_2025,ATR_080_100,0.0004,29,0.002481769760805515,-0.000249387567819381,0.4827586206896552,2.1849109852202586,2.1849109852202586
ETHUSDT,2024-07,2024,HIST_2024_2025,ATR_080_100,0.0006,29,0.002281769760805513,-0.0004493875678193809,0.4827586206896552,2.038146723623268,2.038146723623268
ETHUSDT,2024-07,2024,HIST_2024_2025,ATR_080_100,0.0008,29,0.0020817697608055134,-0.000649387567819381,0.4827586206896552,1.904576760266755,1.904576760266755
ETHUSDT,2024-07,2024,HIST_2024_2025,BASE_SHORT,0.0,100,0.00044205948827686357,-0.0007229572722610711,0.45,1.168495384926048,1.168495384926048
ETHUSDT,2024-07,2024,HIST_2024_2025,BASE_SHORT,0.0002,100,0.00024205948827686404,-0.0009229572722610711,0.42,1.0884223122305845,1.0884223122305845
ETHUSDT,2024-07,2024,HIST_2024_2025,BASE_SHORT,0.0004,100,4.205948827686395e-05,-0.001122957272261071,0.39,1.0147296964754982,1.0147296964754982
ETHUSDT,2024-07,2024,HIST_2024_2025,BASE_SHORT,0.0006,100,-0.00015794051172313681,-0.001322957272261071,0.39,0.9469539246801698,0.9469539246801698
ETHUSDT,2024-07,2024,HIST_2024_2025,BASE_SHORT,0.0008,100,-0.0003579405117231369,-0.001522957272261071,0.39,0.8845137581480728,0.8845137581480728
ETHUSDT,2024-08,2024,HIST_2024_2025,ATR_080_100,0.0,23,-0.0034555131612272845,-0.002967948051457059,0.2608695652173913,0.19480824505647576,0.19480824505647576
ETHUSDT,2024-08,2024,HIST_2024_2025,ATR_080_100,0.0002,23,-0.003655513161227285,-0.003167948051457059,0.2608695652173913,0.17656878476827367,0.17656878476827367
ETHUSDT,2024-08,2024,HIST_2024_2025,ATR_080_100,0.0004,23,-0.0038555131612272838,-0.003367948051457059,0.2608695652173913,0.15950488789586845,0.15950488789586845
ETHUSDT,2024-08,2024,HIST_2024_2025,ATR_080_100,0.0006,23,-0.004055513161227285,-0.0035679480514570587,0.21739130434782608,0.14406183173091244,0.14406183173091244
ETHUSDT,2024-08,2024,HIST_2024_2025,ATR_080_100,0.0008,23,-0.004255513161227284,-0.003767948051457059,0.21739130434782608,0.13057208918844643,0.13057208918844643
ETHUSDT,2024-08,2024,HIST_2024_2025,BASE_SHORT,0.0,91,0.0021890896281286246,-0.00010202539298664881,0.4835164835164835,1.7093302791103797,1.7093302791103797
ETHUSDT,2024-08,2024,HIST_2024_2025,BASE_SHORT,0.0002,91,0.001989089628128624,-0.0003020253929866488,0.4835164835164835,1.6236499984078108,1.6236499984078108
ETHUSDT,2024-08,2024,HIST_2024_2025,BASE_SHORT,0.0004,91,0.0017890896281286238,-0.0005020253929866488,0.4725274725274725,1.5430416715207502,1.5430416715207502
ETHUSDT,2024-08,2024,HIST_2024_2025,BASE_SHORT,0.0006,91,0.0015890896281286258,-0.0007020253929866488,0.45054945054945056,1.4669876081201643,1.4669876081201643
ETHUSDT,2024-08,2024,HIST_2024_2025,BASE_SHORT,0.0008,91,0.0013890896281286258,-0.0009020253929866488,0.43956043956043955,1.395319314771925,1.395319314771925
ETHUSDT,2024-09,2024,HIST_2024_2025,ATR_080_100,0.0,28,0.0012838362253139366,0.0005890220086496312,0.6071428571428571,1.9132561708028588,1.9132561708028588
ETHUSDT,2024-09,2024,HIST_2024_2025,ATR_080_100,0.0002,28,0.0010838362253139371,0.0003890220086496312,0.6071428571428571,1.7301755039589624,1.7301755039589624
ETHUSDT,2024-09,2024,HIST_2024_2025,ATR_080_100,0.0004,28,0.0008838362253139366,0.00018902200864963115,0.6071428571428571,1.5655025530141915,1.5655025530141915
ETHUSDT,2024-09,2024,HIST_2024_2025,ATR_080_100,0.0006,28,0.0006838362253139368,-1.097799135036878e-05,0.5,1.4133879812978585,1.4133879812978585
ETHUSDT,2024-09,2024,HIST_2024_2025,ATR_080_100,0.0008,28,0.0004838362253139367,-0.00021097799135036887,0.4642857142857143,1.2750795866640268,1.2750795866640268
ETHUSDT,2024-09,2024,HIST_2024_2025,BASE_SHORT,0.0,99,-0.0008514806227231748,-0.0013201395035669083,0.40404040404040403,0.6810040854484555,0.6810040854484555
ETHUSDT,2024-09,2024,HIST_2024_2025,BASE_SHORT,0.0002,99,-0.0010514806227231747,-0.0015201395035669084,0.40404040404040403,0.6229149705284275,0.6229149705284275
ETHUSDT,2024-09,2024,HIST_2024_2025,BASE_SHORT,0.0004,99,-0.0012514806227231748,-0.0017201395035669083,0.3838383838383838,0.5697652866143469,0.5697652866143469
ETHUSDT,2024-09,2024,HIST_2024_2025,BASE_SHORT,0.0006,99,-0.0014514806227231747,-0.0019201395035669082,0.35353535353535354,0.5218574726898035,0.5218574726898035
ETHUSDT,2024-09,2024,HIST_2024_2025,BASE_SHORT,0.0008,99,-0.0016514806227231743,-0.0021201395035669083,0.3333333333333333,0.4786664374200059,0.4786664374200059
ETHUSDT,2024-10,2024,HIST_2024_2025,ATR_080_100,0.0,27,0.001830269914023525,0.00017959995154970265,0.5185185185185185,2.360997225691605,2.360997225691605
ETHUSDT,2024-10,2024,HIST_2024_2025,ATR_080_100,0.0002,27,0.0016302699140235254,-2.0400048450297357e-05,0.48148148148148145,2.130677335518861,2.130677335518861
ETHUSDT,2024-10,2024,HIST_2024_2025,ATR_080_100,0.0004,27,0.0014302699140235256,-0.00022040004845029737,0.48148148148148145,1.925407910912164,1.925407910912164
ETHUSDT,2024-10,2024,HIST_2024_2025,ATR_080_100,0.0006,27,0.001230269914023525,-0.0004204000484502973,0.48148148148148145,1.7459527316199832,1.7459527316199832
ETHUSDT,2024-10,2024,HIST_2024_2025,ATR_080_100,0.0008,27,0.001030269914023525,-0.0006204000484502974,0.4074074074074074,1.5854891873420165,1.5854891873420165
ETHUSDT,2024-10,2024,HIST_2024_2025,BASE_SHORT,0.0,85,0.00039682467255807086,-8.94658077947863e-05,0.49411764705882355,1.164423075531966,1.164423075531966
ETHUSDT,2024-10,2024,HIST_2024_2025,BASE_SHORT,0.0002,85,0.0001968246725580711,-0.0002894658077947863,0.4588235294117647,1.078154270454415,1.078154270454415
ETHUSDT,2024-10,2024,HIST_2024_2025,BASE_SHORT,0.0004,85,-3.1753274419288426e-06,-0.0004894658077947863,0.4470588235294118,0.9987920466877573,0.9987920466877573
ETHUSDT,2024-10,2024,HIST_2024_2025,BASE_SHORT,0.0006,85,-0.0002031753274419295,-0.0006894658077947862,0.43529411764705883,0.9258737337269441,0.9258737337269441
ETHUSDT,2024-10,2024,HIST_2024_2025,BASE_SHORT,0.0008,85,-0.00040317532744192934,-0.0008894658077947863,0.4117647058823529,0.8588325780536818,0.8588325780536818
ETHUSDT,2024-11,2024,HIST_2024_2025,ATR_080_100,0.0,20,-0.0009216696598460028,-0.001793352222725253,0.4,0.7247837236313099,0.7247837236313099
ETHUSDT,2024-11,2024,HIST_2024_2025,ATR_080_100,0.0002,20,-0.001121669659846003,-0.001993352222725253,0.4,0.6766490356804026,0.6766490356804026
ETHUSDT,2024-11,2024,HIST_2024_2025,ATR_080_100,0.0004,20,-0.0013216696598460024,-0.002193352222725253,0.4,0.6317332588159449,0.6317332588159449
ETHUSDT,2024-11,2024,HIST_2024_2025,ATR_080_100,0.0006,20,-0.0015216696598460027,-0.002393352222725253,0.35,0.5903524416084576,0.5903524416084576
ETHUSDT,2024-11,2024,HIST_2024_2025,ATR_080_100,0.0008,20,-0.0017216696598460032,-0.002593352222725253,0.35,0.5521829351307392,0.5521829351307392
ETHUSDT,2024-11,2024,HIST_2024_2025,BASE_SHORT,0.0,81,-0.002124443019038399,-0.0019424529548103253,0.35802469135802467,0.5198578608719386,0.5198578608719386
ETHUSDT,2024-11,2024,HIST_2024_2025,BASE_SHORT,0.0002,81,-0.0023244430190383987,-0.0021424529548103254,0.3333333333333333,0.4897358476396462,0.4897358476396462
ETHUSDT,2024-11,2024,HIST_2024_2025,BASE_SHORT,0.0004,81,-0.002524443019038399,-0.0023424529548103255,0.32098765432098764,0.46163075441560847,0.46163075441560847
ETHUSDT,2024-11,2024,HIST_2024_2025,BASE_SHORT,0.0006,81,-0.002724443019038399,-0.002542452954810325,0.30864197530864196,0.43542976575481684,0.43542976575481684
ETHUSDT,2024-11,2024,HIST_2024_2025,BASE_SHORT,0.0008,81,-0.0029244430190383994,-0.0027424529548103252,0.30864197530864196,0.41086553931987424,0.41086553931987424
ETHUSDT,2024-12,2024,HIST_2024_2025,ATR_080_100,0.0,24,0.0012525611131585003,-0.0002340640931146054,0.5,1.5587519318451135,1.5587519318451135
ETHUSDT,2024-12,2024,HIST_2024_2025,ATR_080_100,0.0002,24,0.0010525611131585004,-0.0004340640931146054,0.4583333333333333,1.4490848308440931,1.4490848308440931
ETHUSDT,2024-12,2024,HIST_2024_2025,ATR_080_100,0.0004,24,0.0008525611131585004,-0.0006340640931146054,0.4166666666666667,1.34749207313835,1.34749207313835
ETHUSDT,2024-12,2024,HIST_2024_2025,ATR_080_100,0.0006,24,0.0006525611131585003,-0.0008340640931146052,0.4166666666666667,1.2539014030540327,1.2539014030540327
ETHUSDT,2024-12,2024,HIST_2024_2025,ATR_080_100,0.0008,24,0.00045256111315850013,-0.0010340640931146053,0.4166666666666667,1.1684385437821263,1.1684385437821263
ETHUSDT,2024-12,2024,HIST_2024_2025,BASE_SHORT,0.0,100,-0.0002457994978597511,-0.0010250558375307084,0.42,0.9320345696979027,0.9320345696979027
ETHUSDT,2024-12,2024,HIST_2024_2025,BASE_SHORT,0.0002,100,-0.0004457994978597517,-0.0012250558375307085,0.41,0.8805799094866857,0.8805799094866857
ETHUSDT,2024-12,2024,HIST_2024_2025,BASE_SHORT,0.0004,100,-0.0006457994978597506,-0.0014250558375307084,0.37,0.8324429831729592,0.8324429831729592
ETHUSDT,2024-12,2024,HIST_2024_2025,BASE_SHORT,0.0006,100,-0.0008457994978597518,-0.0016250558375307082,0.36,0.7875576210997198,0.7875576210997198
ETHUSDT,2024-12,2024,HIST_2024_2025,BASE_SHORT,0.0008,100,-0.0010457994978597506,-0.0018250558375307083,0.36,0.7455049965654972,0.7455049965654972
ETHUSDT,2025-01,2025,HIST_2024_2025,ATR_080_100,0.0,26,-0.0011756393222445661,-0.000771792855957576,0.46153846153846156,0.6197209736960465,0.6197209736960465
ETHUSDT,2025-01,2025,HIST_2024_2025,ATR_080_100,0.0002,26,-0.0013756393222445658,-0.000971792855957576,0.46153846153846156,0.5700065516580622,0.5700065516580622
ETHUSDT,2025-01,2025,HIST_2024_2025,ATR_080_100,0.0004,26,-0.0015756393222445659,-0.001171792855957576,0.4230769230769231,0.5235351902643678,0.5235351902643678
ETHUSDT,2025-01,2025,HIST_2024_2025,ATR_080_100,0.0006,26,-0.0017756393222445664,-0.0013717928559575758,0.4230769230769231,0.4811594908199929,0.4811594908199929
ETHUSDT,2025-01,2025,HIST_2024_2025,ATR_080_100,0.0008,26,-0.001975639322244566,-0.001571792855957576,0.38461538461538464,0.4420911820854988,0.4420911820854988
ETHUSDT,2025-01,2025,HIST_2024_2025,BASE_SHORT,0.0,103,0.0006827092842549327,-0.0003065566704909539,0.4854368932038835,1.2180559887514077,1.2180559887514077
ETHUSDT,2025-01,2025,HIST_2024_2025,BASE_SHORT,0.0002,103,0.00048270928425493296,-0.0005065566704909539,0.47572815533980584,1.1492165649300758,1.1492165649300758
ETHUSDT,2025-01,2025,HIST_2024_2025,BASE_SHORT,0.0004,103,0.0002827092842549333,-0.0007065566704909539,0.4563106796116505,1.084622082343276,1.084622082343276
ETHUSDT,2025-01,2025,HIST_2024_2025,BASE_SHORT,0.0006,103,8.270928425493225e-05,-0.0009065566704909539,0.4368932038834951,1.023963811957304,1.023963811957304
ETHUSDT,2025-01,2025,HIST_2024_2025,BASE_SHORT,0.0008,103,-0.00011729071574506757,-0.0011065566704909538,0.4174757281553398,0.9671082991233145,0.9671082991233145
ETHUSDT,2025-02,2025,HIST_2024_2025,ATR_080_100,0.0,25,-0.0024053200051658273,-0.0035213178603922257,0.28,0.45260145786091244,0.45260145786091244
ETHUSDT,2025-02,2025,HIST_2024_2025,ATR_080_100,0.0002,25,-0.0026053200051658278,-0.003721317860392226,0.28,0.42589979822846996,0.42589979822846996
ETHUSDT,2025-02,2025,HIST_2024_2025,ATR_080_100,0.0004,25,-0.0028053200051658274,-0.003921317860392226,0.28,0.4008405831748432,0.4008405831748432
ETHUSDT,2025-02,2025,HIST_2024_2025,ATR_080_100,0.0006,25,-0.0030053200051658275,-0.0041213178603922256,0.28,0.3772767918937366,0.3772767918937366
ETHUSDT,2025-02,2025,HIST_2024_2025,ATR_080_100,0.0008,25,-0.003205320005165827,-0.004321317860392226,0.28,0.3550784422917016,0.3550784422917016
ETHUSDT,2025-02,2025,HIST_2024_2025,BASE_SHORT,0.0,97,0.002061759059130751,-0.0008517321191665594,0.4948453608247423,1.6805990636236579,1.6805990636236579
ETHUSDT,2025-02,2025,HIST_2024_2025,BASE_SHORT,0.0002,97,0.001861759059130751,-0.0010517321191665595,0.4845360824742268,1.5944507384090292,1.5944507384090292
ETHUSDT,2025-02,2025,HIST_2024_2025,BASE_SHORT,0.0004,97,0.0016617590591307516,-0.0012517321191665594,0.4536082474226804,1.513110588679138,1.513110588679138
ETHUSDT,2025-02,2025,HIST_2024_2025,BASE_SHORT,0.0006,97,0.0014617590591307504,-0.0014517321191665593,0.44329896907216493,1.4363784618670221,1.4363784618670221
ETHUSDT,2025-02,2025,HIST_2024_2025,BASE_SHORT,0.0008,97,0.0012617590591307514,-0.0016517321191665594,0.44329896907216493,1.3645553071194958,1.3645553071194958
ETHUSDT,2025-03,2025,HIST_2024_2025,ATR_080_100,0.0,20,-0.002166757756052423,-0.001417352080286205,0.35,0.2219781051297705,0.2219781051297705
ETHUSDT,2025-03,2025,HIST_2024_2025,ATR_080_100,0.0002,20,-0.0023667577560524226,-0.001617352080286205,0.35,0.18806434809100406,0.18806434809100406
ETHUSDT,2025-03,2025,HIST_2024_2025,ATR_080_100,0.0004,20,-0.0025667577560524227,-0.0018173520802862051,0.35,0.15704638759713105,0.15704638759713105
ETHUSDT,2025-03,2025,HIST_2024_2025,ATR_080_100,0.0006,20,-0.0027667577560524237,-0.002017352080286205,0.35,0.12856851472181807,0.12856851472181807
ETHUSDT,2025-03,2025,HIST_2024_2025,ATR_080_100,0.0008,20,-0.0029667577560524233,-0.002217352080286205,0.35,0.10233098756791734,0.10233098756791734
ETHUSDT,2025-03,2025,HIST_2024_2025,BASE_SHORT,0.0,92,0.0012022177231836922,2.6770959556277063e-05,0.5108695652173914,1.4545755848401858,1.4545755848401858
ETHUSDT,2025-03,2025,HIST_2024_2025,BASE_SHORT,0.0002,92,0.0010022177231836925,-0.00017322904044372295,0.4891304347826087,1.3649343925577646,1.3649343925577646
ETHUSDT,2025-03,2025,HIST_2024_2025,BASE_SHORT,0.0004,92,0.000802217723183693,-0.00037322904044372296,0.4782608695652174,1.2815226139090996,1.2815226139090996
ETHUSDT,2025-03,2025,HIST_2024_2025,BASE_SHORT,0.0006,92,0.0006022177231836914,-0.0005732290404437229,0.4673913043478261,1.2037269201453522,1.2037269201453522
ETHUSDT,2025-03,2025,HIST_2024_2025,BASE_SHORT,0.0008,92,0.00040221772318369166,-0.000773229040443723,0.45652173913043476,1.1312654919791065,1.1312654919791065
ETHUSDT,2025-04,2025,HIST_2024_2025,ATR_080_100,0.0,16,0.0034891460788627135,0.00010096844367202262,0.5,2.5153569128901094,2.5153569128901094
ETHUSDT,2025-04,2025,HIST_2024_2025,ATR_080_100,0.0002,16,0.003289146078862714,-9.903155632797736e-05,0.5,2.3690376041579415,2.3690376041579415
ETHUSDT,2025-04,2025,HIST_2024_2025,ATR_080_100,0.0004,16,0.0030891460788627133,-0.00029903155632797734,0.5,2.234412032835672,2.234412032835672
ETHUSDT,2025-04,2025,HIST_2024_2025,ATR_080_100,0.0006,16,0.0028891460788627137,-0.0004990315563279772,0.5,2.110132230239508,2.110132230239508
ETHUSDT,2025-04,2025,HIST_2024_2025,ATR_080_100,0.0008,16,0.002689146078862713,-0.0006990315563279773,0.4375,1.9928887745927613,1.9928887745927613
ETHUSDT,2025-04,2025,HIST_2024_2025,BASE_SHORT,0.0,80,0.0005414084223092003,-0.0011259299855200244,0.3875,1.192672669635388,1.192672669635388
ETHUSDT,2025-04,2025,HIST_2024_2025,BASE_SHORT,0.0002,80,0.0003414084223092008,-0.0013259299855200245,0.3625,1.11634317020728,1.11634317020728
ETHUSDT,2025-04,2025,HIST_2024_2025,BASE_SHORT,0.0004,80,0.00014140842230920045,-0.0015259299855200244,0.3625,1.0461817977495187,1.0461817977495187
ETHUSDT,2025-04,2025,HIST_2024_2025,BASE_SHORT,0.0006,80,-5.85915776908e-05,-0.0017259299855200243,0.35,0.9816304341642529,0.9816304341642529
ETHUSDT,2025-04,2025,HIST_2024_2025,BASE_SHORT,0.0008,80,-0.0002585915776908001,-0.0019259299855200244,0.3375,0.9221291939752175,0.9221291939752175
ETHUSDT,2025-05,2025,HIST_2024_2025,ATR_080_100,0.0,17,0.0009383721358612188,0.00044558231566882434,0.5294117647058824,1.4841177494631124,1.4841177494631124
ETHUSDT,2025-05,2025,HIST_2024_2025,ATR_080_100,0.0002,17,0.0007383721358612189,0.00024558231566882435,0.5294117647058824,1.3632949691768044,1.3632949691768044
ETHUSDT,2025-05,2025,HIST_2024_2025,ATR_080_100,0.0004,17,0.0005383721358612186,4.558231566882432e-05,0.5294117647058824,1.2531670330286964,1.2531670330286964
ETHUSDT,2025-05,2025,HIST_2024_2025,ATR_080_100,0.0006,17,0.0003383721358612189,-0.0001544176843311756,0.47058823529411764,1.1517533843740508,1.1517533843740508
ETHUSDT,2025-05,2025,HIST_2024_2025,ATR_080_100,0.0008,17,0.0001383721358612188,-0.0003544176843311757,0.47058823529411764,1.0592439666823033,1.0592439666823033
ETHUSDT,2025-05,2025,HIST_2024_2025,BASE_SHORT,0.0,84,-0.0005715621476573114,-0.0008942729350633893,0.44047619047619047,0.8399962637512958,0.8399962637512958
ETHUSDT,2025-05,2025,HIST_2024_2025,BASE_SHORT,0.0002,84,-0.0007715621476573112,-0.0010942729350633894,0.4166666666666667,0.7907376196183544,0.7907376196183544
ETHUSDT,2025-05,2025,HIST_2024_2025,BASE_SHORT,0.0004,84,-0.000971562147657311,-0.0012942729350633893,0.40476190476190477,0.7446027709159413,0.7446027709159413
ETHUSDT,2025-05,2025,HIST_2024_2025,BASE_SHORT,0.0006,84,-0.0011715621476573116,-0.0014942729350633892,0.39285714285714285,0.7015134103699935,0.7015134103699935
ETHUSDT,2025-05,2025,HIST_2024_2025,BASE_SHORT,0.0008,84,-0.001371562147657311,-0.0016942729350633893,0.39285714285714285,0.66104441719225,0.66104441719225
ETHUSDT,2025-06,2025,HIST_2024_2025,ATR_080_100,0.0,22,-0.003099603042416864,-0.0025903373553050058,0.36363636363636365,0.3214898544433261,0.3214898544433261
ETHUSDT,2025-06,2025,HIST_2024_2025,ATR_080_100,0.0002,22,-0.0032996030424168664,-0.002790337355305006,0.36363636363636365,0.29728718243688285,0.29728718243688285
ETHUSDT,2025-06,2025,HIST_2024_2025,ATR_080_100,0.0004,22,-0.003499603042416863,-0.002990337355305006,0.3181818181818182,0.2753552965194814,0.2753552965194814
ETHUSDT,2025-06,2025,HIST_2024_2025,ATR_080_100,0.0006,22,-0.003699603042416865,-0.0031903373553050056,0.2727272727272727,0.2562738926540747,0.2562738926540747
ETHUSDT,2025-06,2025,HIST_2024_2025,ATR_080_100,0.0008,22,-0.003899603042416863,-0.0033903373553050057,0.2727272727272727,0.23833952176857331,0.23833952176857331
ETHUSDT,2025-06,2025,HIST_2024_2025,BASE_SHORT,0.0,92,-0.0008696507160168614,-0.0016527279493826486,0.41304347826086957,0.7783525693857077,0.7783525693857077
ETHUSDT,2025-06,2025,HIST_2024_2025,BASE_SHORT,0.0002,92,-0.0010696507160168616,-0.0018527279493826486,0.40217391304347827,0.7354230856392637,0.7354230856392637
ETHUSDT,2025-06,2025,HIST_2024_2025,BASE_SHORT,0.0004,92,-0.001269650716016861,-0.0020527279493826487,0.40217391304347827,0.6949742387205236,0.6949742387205236
ETHUSDT,2025-06,2025,HIST_2024_2025,BASE_SHORT,0.0006,92,-0.0014696507160168613,-0.0022527279493826484,0.3695652173913043,0.6570864870293516,0.6570864870293516
ETHUSDT,2025-06,2025,HIST_2024_2025,BASE_SHORT,0.0008,92,-0.0016696507160168614,-0.0024527279493826485,0.358695652173913,0.6215865177730442,0.6215865177730442
ETHUSDT,2025-07,2025,HIST_2024_2025,ATR_080_100,0.0,16,-0.001628172667366326,-0.0010929949416084717,0.3125,0.31221024652925067,0.31221024652925067
ETHUSDT,2025-07,2025,HIST_2024_2025,ATR_080_100,0.0002,16,-0.001828172667366326,-0.0012929949416084718,0.25,0.27050740958256675,0.27050740958256675
ETHUSDT,2025-07,2025,HIST_2024_2025,ATR_080_100,0.0004,16,-0.0020281726673663262,-0.0014929949416084716,0.25,0.23640608856183568,0.23640608856183568
ETHUSDT,2025-07,2025,HIST_2024_2025,ATR_080_100,0.0006,16,-0.002228172667366326,-0.0016929949416084715,0.25,0.20595055345521343,0.20595055345521343
ETHUSDT,2025-07,2025,HIST_2024_2025,ATR_080_100,0.0008,16,-0.0024281726673663264,-0.0018929949416084716,0.25,0.17858581279066435,0.17858581279066435
ETHUSDT,2025-07,2025,HIST_2024_2025,BASE_SHORT,0.0,82,-0.0019946177437523745,-0.0012109442297016937,0.34146341463414637,0.395506310337885,0.395506310337885
ETHUSDT,2025-07,2025,HIST_2024_2025,BASE_SHORT,0.0002,82,-0.002194617743752374,-0.0014109442297016938,0.32926829268292684,0.3604714251202881,0.3604714251202881
ETHUSDT,2025-07,2025,HIST_2024_2025,BASE_SHORT,0.0004,82,-0.0023946177437523747,-0.0016109442297016937,0.3048780487804878,0.3287552194120919,0.3287552194120919
ETHUSDT,2025-07,2025,HIST_2024_2025,BASE_SHORT,0.0006,82,-0.002594617743752375,-0.0018109442297016935,0.3048780487804878,0.2999728208326251,0.2999728208326251
ETHUSDT,2025-07,2025,HIST_2024_2025,BASE_SHORT,0.0008,82,-0.002794617743752375,-0.0020109442297016936,0.3048780487804878,0.2732715451654759,0.2732715451654759
ETHUSDT,2025-08,2025,HIST_2024_2025,ATR_080_100,0.0,32,-0.000870920680883052,-0.0009735772608321369,0.40625,0.6802137591311984,0.6802137591311984
ETHUSDT,2025-08,2025,HIST_2024_2025,ATR_080_100,0.0002,32,-0.0010709206808830521,-0.001173577260832137,0.375,0.6234817530305172,0.6234817530305172
ETHUSDT,2025-08,2025,HIST_2024_2025,ATR_080_100,0.0004,32,-0.0012709206808830522,-0.0013735772608321369,0.34375,0.5723574660755752,0.5723574660755752
ETHUSDT,2025-08,2025,HIST_2024_2025,ATR_080_100,0.0006,32,-0.0014709206808830519,-0.0015735772608321368,0.34375,0.5259946246931346,0.5259946246931346
ETHUSDT,2025-08,2025,HIST_2024_2025,ATR_080_100,0.0008,32,-0.0016709206808830522,-0.0017735772608321368,0.3125,0.4840068665577859,0.4840068665577859
ETHUSDT,2025-08,2025,HIST_2024_2025,BASE_SHORT,0.0,94,0.00033343038812980587,-0.000933697360951613,0.4148936170212766,1.1315335282643975,1.1315335282643975
ETHUSDT,2025-08,2025,HIST_2024_2025,BASE_SHORT,0.0002,94,0.00013343038812980624,-0.0011336973609516131,0.40425531914893614,1.0503003305042,1.0503003305042
ETHUSDT,2025-08,2025,HIST_2024_2025,BASE_SHORT,0.0004,94,-6.656961187019423e-05,-0.001333697360951613,0.39361702127659576,0.9759912699942878,0.9759912699942878
ETHUSDT,2025-08,2025,HIST_2024_2025,BASE_SHORT,0.0006,94,-0.000266569611870194,-0.0015336973609516129,0.3829787234042553,0.9079169894477529,0.9079169894477529
ETHUSDT,2025-08,2025,HIST_2024_2025,BASE_SHORT,0.0008,94,-0.00046656961187019444,-0.001733697360951613,0.3723404255319149,0.8454860159225069,0.8454860159225069
ETHUSDT,2025-09,2025,HIST_2024_2025,ATR_080_100,0.0,16,0.000961882934511854,-0.0005477265454634228,0.4375,1.8735987367148323,1.8735987367148323
ETHUSDT,2025-09,2025,HIST_2024_2025,ATR_080_100,0.0002,16,0.0007618829345118542,-0.0007477265454634228,0.4375,1.627809213726747,1.627809213726747
ETHUSDT,2025-09,2025,HIST_2024_2025,ATR_080_100,0.0004,16,0.0005618829345118538,-0.0009477265454634228,0.4375,1.4237242315410543,1.4237242315410543
ETHUSDT,2025-09,2025,HIST_2024_2025,ATR_080_100,0.0006,16,0.0003618829345118542,-0.0011477265454634226,0.4375,1.2515594909593963,1.2515594909593963
ETHUSDT,2025-09,2025,HIST_2024_2025,ATR_080_100,0.0008,16,0.00016188293451185415,-0.0013477265454634227,0.3125,1.103227070717634,1.103227070717634
ETHUSDT,2025-09,2025,HIST_2024_2025,BASE_SHORT,0.0,86,-0.000295379711132991,-0.0007682927986295551,0.4069767441860465,0.8891092376386501,0.8891092376386501
ETHUSDT,2025-09,2025,HIST_2024_2025,BASE_SHORT,0.0002,86,-0.0004953797111329906,-0.0009682927986295552,0.38372093023255816,0.8221762739344354,0.8221762739344354
ETHUSDT,2025-09,2025,HIST_2024_2025,BASE_SHORT,0.0004,86,-0.0006953797111329911,-0.001168292798629555,0.38372093023255816,0.7609595896607846,0.7609595896607846
ETHUSDT,2025-09,2025,HIST_2024_2025,BASE_SHORT,0.0006,86,-0.0008953797111329911,-0.001368292798629555,0.3488372093023256,0.705172919479834,0.705172919479834
ETHUSDT,2025-09,2025,HIST_2024_2025,BASE_SHORT,0.0008,86,-0.0010953797111329907,-0.001568292798629555,0.3023255813953488,0.6548568136668661,0.6548568136668661
ETHUSDT,2025-10,2025,HIST_2024_2025,ATR_080_100,0.0,22,-0.001668205813764554,-0.0002322703775646251,0.4090909090909091,0.5916436190280714,0.5916436190280714
ETHUSDT,2025-10,2025,HIST_2024_2025,ATR_080_100,0.0002,22,-0.0018682058137645537,-0.0004322703775646251,0.36363636363636365,0.555917195613978,0.555917195613978
ETHUSDT,2025-10,2025,HIST_2024_2025,ATR_080_100,0.0004,22,-0.0020682058137645536,-0.0006322703775646251,0.36363636363636365,0.5228126479197623,0.5228126479197623
ETHUSDT,2025-10,2025,HIST_2024_2025,ATR_080_100,0.0006,22,-0.002268205813764555,-0.000832270377564625,0.3181818181818182,0.49198523806303174,0.49198523806303174
ETHUSDT,2025-10,2025,HIST_2024_2025,ATR_080_100,0.0008,22,-0.0024682058137645534,-0.001032270377564625,0.2727272727272727,0.46425895009967055,0.46425895009967055
ETHUSDT,2025-10,2025,HIST_2024_2025,BASE_SHORT,0.0,92,0.0002466690501360729,-0.00020617132010586348,0.4891304347826087,1.0794015423814627,1.0794015423814627
ETHUSDT,2025-10,2025,HIST_2024_2025,BASE_SHORT,0.0002,92,4.666905013607337e-05,-0.00040617132010586346,0.4673913043478261,1.0145359584699207,1.0145359584699207
ETHUSDT,2025-10,2025,HIST_2024_2025,BASE_SHORT,0.0004,92,-0.00015333094986392693,-0.0006061713201058634,0.45652173913043476,0.9537765518355867,0.9537765518355867
ETHUSDT,2025-10,2025,HIST_2024_2025,BASE_SHORT,0.0006,92,-0.00035333094986392705,-0.0008061713201058634,0.44565217391304346,0.8968882382298562,0.8968882382298562
ETHUSDT,2025-10,2025,HIST_2024_2025,BASE_SHORT,0.0008,92,-0.0005533309498639274,-0.0010061713201058634,0.43478260869565216,0.8436456834999639,0.8436456834999639
ETHUSDT,2025-11,2025,HIST_2024_2025,ATR_080_100,0.0,26,-0.002144038817543834,-0.0019393261619403135,0.38461538461538464,0.5137816359640628,0.5137816359640628
ETHUSDT,2025-11,2025,HIST_2024_2025,ATR_080_100,0.0002,26,-0.002344038817543833,-0.0021393261619403136,0.34615384615384615,0.4830707607730756,0.4830707607730756
ETHUSDT,2025-11,2025,HIST_2024_2025,ATR_080_100,0.0004,26,-0.002544038817543834,-0.0023393261619403137,0.3076923076923077,0.45513058113112825,0.45513058113112825
ETHUSDT,2025-11,2025,HIST_2024_2025,ATR_080_100,0.0006,26,-0.0027440388175438333,-0.0025393261619403133,0.3076923076923077,0.42922200702430474,0.42922200702430474
ETHUSDT,2025-11,2025,HIST_2024_2025,ATR_080_100,0.0008,26,-0.0029440388175438334,-0.0027393261619403134,0.2692307692307692,0.40479145464435584,0.40479145464435584
ETHUSDT,2025-11,2025,HIST_2024_2025,BASE_SHORT,0.0,96,-0.0005958089786043177,-0.0012586628883883844,0.4583333333333333,0.8693892067013109,0.8693892067013109
ETHUSDT,2025-11,2025,HIST_2024_2025,BASE_SHORT,0.0002,96,-0.0007958089786043173,-0.0014586628883883845,0.4479166666666667,0.8296111708995927,0.8296111708995927
ETHUSDT,2025-11,2025,HIST_2024_2025,BASE_SHORT,0.0004,96,-0.0009958089786043175,-0.0016586628883883843,0.4375,0.7917581617515284,0.7917581617515284
ETHUSDT,2025-11,2025,HIST_2024_2025,BASE_SHORT,0.0006,96,-0.0011958089786043185,-0.0018586628883883842,0.4166666666666667,0.7557857334620388,0.7557857334620388
ETHUSDT,2025-11,2025,HIST_2024_2025,BASE_SHORT,0.0008,96,-0.0013958089786043175,-0.0020586628883883843,0.3854166666666667,0.7217768070826298,0.7217768070826298
ETHUSDT,2025-12,2025,HIST_2024_2025,ATR_080_100,0.0,17,0.0010389819192896583,0.0015092631022903813,0.5882352941176471,1.4060672776387724,1.4060672776387724
ETHUSDT,2025-12,2025,HIST_2024_2025,ATR_080_100,0.0002,17,0.0008389819192896581,0.0013092631022903812,0.5882352941176471,1.3176761241863024,1.3176761241863024
ETHUSDT,2025-12,2025,HIST_2024_2025,ATR_080_100,0.0004,17,0.0006389819192896589,0.0011092631022903813,0.5294117647058824,1.2342383294890906,1.2342383294890906
ETHUSDT,2025-12,2025,HIST_2024_2025,ATR_080_100,0.0006,17,0.0004389819192896585,0.0009092631022903814,0.5294117647058824,1.1555553019868077,1.1555553019868077
ETHUSDT,2025-12,2025,HIST_2024_2025,ATR_080_100,0.0008,17,0.00023898191928965802,0.0007092631022903813,0.5294117647058824,1.0819512068292212,1.0819512068292212
ETHUSDT,2025-12,2025,HIST_2024_2025,BASE_SHORT,0.0,76,0.0018495379832700405,5.702443477484387e-05,0.5,1.973781114401276,1.973781114401276
ETHUSDT,2025-12,2025,HIST_2024_2025,BASE_SHORT,0.0002,76,0.0016495379832700407,-0.00014297556522515611,0.5,1.8250427124005348,1.8250427124005348
ETHUSDT,2025-12,2025,HIST_2024_2025,BASE_SHORT,0.0004,76,0.0014495379832700408,-0.00034297556522515615,0.4473684210526316,1.6885044407127274,1.6885044407127274
ETHUSDT,2025-12,2025,HIST_2024_2025,BASE_SHORT,0.0006,76,0.0012495379832700396,-0.0005429755652251561,0.4342105263157895,1.563676103939428,1.563676103939428
ETHUSDT,2025-12,2025,HIST_2024_2025,BASE_SHORT,0.0008,76,0.0010495379832700406,-0.0007429755652251562,0.42105263157894735,1.4499803885788083,1.4499803885788083
ETHUSDT,2026-01,2026,DISCOVERY_2026_01,ATR_080_100,0.0,22,-0.0008261164083343188,-0.0005324000370974247,0.45454545454545453,0.536748205146184,0.536748205146184
ETHUSDT,2026-01,2026,DISCOVERY_2026_01,ATR_080_100,0.0002,22,-0.0010261164083343185,-0.0007324000370974248,0.45454545454545453,0.4577668868247576,0.4577668868247576
ETHUSDT,2026-01,2026,DISCOVERY_2026_01,ATR_080_100,0.0004,22,-0.0012261164083343192,-0.0009324000370974246,0.4090909090909091,0.38847054694319477,0.38847054694319477
ETHUSDT,2026-01,2026,DISCOVERY_2026_01,ATR_080_100,0.0006,22,-0.001426116408334319,-0.0011324000370974245,0.36363636363636365,0.3283281710785312,0.3283281710785312
ETHUSDT,2026-01,2026,DISCOVERY_2026_01,ATR_080_100,0.0008,22,-0.001626116408334319,-0.0013324000370974246,0.36363636363636365,0.27744429797970677,0.27744429797970677
ETHUSDT,2026-01,2026,DISCOVERY_2026_01,BASE_SHORT,0.0,103,0.00047563018836060847,-0.00066743354883958,0.4563106796116505,1.17805308775171,1.17805308775171
ETHUSDT,2026-01,2026,DISCOVERY_2026_01,BASE_SHORT,0.0002,103,0.0002756301883606086,-0.0008674335488395799,0.44660194174757284,1.0991302539425831,1.0991302539425831
ETHUSDT,2026-01,2026,DISCOVERY_2026_01,BASE_SHORT,0.0004,103,7.56301883606088e-05,-0.00106743354883958,0.4077669902912621,1.026121007628005,1.026121007628005
ETHUSDT,2026-01,2026,DISCOVERY_2026_01,BASE_SHORT,0.0006,103,-0.0001243698116393918,-0.0012674335488395798,0.39805825242718446,0.9587337119246782,0.9587337119246782
ETHUSDT,2026-01,2026,DISCOVERY_2026_01,BASE_SHORT,0.0008,103,-0.0003243698116393915,-0.0014674335488395799,0.3883495145631068,0.8965645463495362,0.8965645463495362
ETHUSDT,2026-02,2026,DEV_2026_FEB_JUL,ATR_080_100,0.0,27,0.0011719732825437076,-0.0013582128061455645,0.4444444444444444,1.3685930716369652,1.3685930716369652
ETHUSDT,2026-02,2026,DEV_2026_FEB_JUL,ATR_080_100,0.0002,27,0.0009719732825437079,-0.0015582128061455646,0.4444444444444444,1.295370044712994,1.295370044712994
ETHUSDT,2026-02,2026,DEV_2026_FEB_JUL,ATR_080_100,0.0004,27,0.0007719732825437075,-0.0017582128061455645,0.4444444444444444,1.226930292987512,1.226930292987512
ETHUSDT,2026-02,2026,DEV_2026_FEB_JUL,ATR_080_100,0.0006,27,0.0005719732825437075,-0.0019582128061455643,0.4444444444444444,1.1628199417702945,1.1628199417702945
ETHUSDT,2026-02,2026,DEV_2026_FEB_JUL,ATR_080_100,0.0008,27,0.00037197328254370756,-0.0021582128061455644,0.4444444444444444,1.1026407787340318,1.1026407787340318
ETHUSDT,2026-02,2026,DEV_2026_FEB_JUL,BASE_SHORT,0.0,100,-0.0005477433755039618,-0.0012009546197914722,0.43,0.875660102579016,0.875660102579016
ETHUSDT,2026-02,2026,DEV_2026_FEB_JUL,BASE_SHORT,0.0002,100,-0.000747743375503962,-0.0014009546197914723,0.41,0.8346533321296064,0.8346533321296064
ETHUSDT,2026-02,2026,DEV_2026_FEB_JUL,BASE_SHORT,0.0004,100,-0.000947743375503962,-0.0016009546197914722,0.41,0.7957571397796913,0.7957571397796913
ETHUSDT,2026-02,2026,DEV_2026_FEB_JUL,BASE_SHORT,0.0006,100,-0.0011477433755039618,-0.001800954619791472,0.41,0.7587901125597188,0.7587901125597188
ETHUSDT,2026-02,2026,DEV_2026_FEB_JUL,BASE_SHORT,0.0008,100,-0.001347743375503962,-0.002000954619791472,0.39,0.7237516887114812,0.7237516887114812
ETHUSDT,2026-03,2026,DEV_2026_FEB_JUL,ATR_080_100,0.0,23,0.003337287558786353,0.00017319841177054762,0.5217391304347826,2.7832216002759465,2.7832216002759465
ETHUSDT,2026-03,2026,DEV_2026_FEB_JUL,ATR_080_100,0.0002,23,0.003137287558786353,-2.6801588229452387e-05,0.4782608695652174,2.5938983672696225,2.5938983672696225
ETHUSDT,2026-03,2026,DEV_2026_FEB_JUL,ATR_080_100,0.0004,23,0.0029372875587863534,-0.0002268015882294524,0.4782608695652174,2.4171592727905447,2.4171592727905447
ETHUSDT,2026-03,2026,DEV_2026_FEB_JUL,ATR_080_100,0.0006,23,0.002737287558786353,-0.0004268015882294523,0.4782608695652174,2.2573630213368423,2.2573630213368423
ETHUSDT,2026-03,2026,DEV_2026_FEB_JUL,ATR_080_100,0.0008,23,0.0025372875587863523,-0.0006268015882294524,0.4782608695652174,2.1121847454874225,2.1121847454874225
ETHUSDT,2026-03,2026,DEV_2026_FEB_JUL,BASE_SHORT,0.0,91,0.0005277014108466205,-0.00075857681201974,0.42857142857142855,1.2098308609628423,1.2098308609628423
ETHUSDT,2026-03,2026,DEV_2026_FEB_JUL,BASE_SHORT,0.0002,91,0.000327701410846621,-0.00095857681201974,0.4175824175824176,1.1246264282851866,1.1246264282851866
ETHUSDT,2026-03,2026,DEV_2026_FEB_JUL,BASE_SHORT,0.0004,91,0.0001277014108466206,-0.00115857681201974,0.4175824175824176,1.0465053127542043,1.0465053127542043
ETHUSDT,2026-03,2026,DEV_2026_FEB_JUL,BASE_SHORT,0.0006,91,-7.229858915337968e-05,-0.0013585768120197399,0.4065934065934066,0.9747474220836193,0.9747474220836193
ETHUSDT,2026-03,2026,DEV_2026_FEB_JUL,BASE_SHORT,0.0008,91,-0.00027229858915337986,-0.00155857681201974,0.3956043956043956,0.9087222653168668,0.9087222653168668
ETHUSDT,2026-04,2026,DEV_2026_FEB_JUL,ATR_080_100,0.0,22,0.0012952111525533873,-1.944875508680388e-05,0.5,1.9727202193998417,1.9727202193998417
ETHUSDT,2026-04,2026,DEV_2026_FEB_JUL,ATR_080_100,0.0002,22,0.0010952111525533873,-0.00021944875508680386,0.45454545454545453,1.7614026483157663,1.7614026483157663
ETHUSDT,2026-04,2026,DEV_2026_FEB_JUL,ATR_080_100,0.0004,22,0.0008952111525533872,-0.0004194487550868039,0.4090909090909091,1.578194606386526,1.578194606386526
ETHUSDT,2026-04,2026,DEV_2026_FEB_JUL,ATR_080_100,0.0006,22,0.0006952111525533874,-0.0006194487550868038,0.4090909090909091,1.4171762314530845,1.4171762314530845
ETHUSDT,2026-04,2026,DEV_2026_FEB_JUL,ATR_080_100,0.0008,22,0.0004952111525533871,-0.0008194487550868039,0.36363636363636365,1.2763975917476031,1.2763975917476031
ETHUSDT,2026-04,2026,DEV_2026_FEB_JUL,BASE_SHORT,0.0,81,-4.0316061679189654e-05,-0.0002501842875332061,0.4567901234567901,0.9813554043795162,0.9813554043795162
ETHUSDT,2026-04,2026,DEV_2026_FEB_JUL,BASE_SHORT,0.0002,81,-0.00024031606167918947,-0.0004501842875332061,0.41975308641975306,0.8944067569890976,0.8944067569890976
ETHUSDT,2026-04,2026,DEV_2026_FEB_JUL,BASE_SHORT,0.0004,81,-0.00044031606167918965,-0.0006501842875332061,0.3950617283950617,0.8160629488607815,0.8160629488607815
ETHUSDT,2026-04,2026,DEV_2026_FEB_JUL,BASE_SHORT,0.0006,81,-0.0006403160616791897,-0.000850184287533206,0.38271604938271603,0.7455923024050939,0.7455923024050939
ETHUSDT,2026-04,2026,DEV_2026_FEB_JUL,BASE_SHORT,0.0008,81,-0.0008403160616791896,-0.001050184287533206,0.35802469135802467,0.6820061688013017,0.6820061688013017
ETHUSDT,2026-05,2026,DEV_2026_FEB_JUL,ATR_080_100,0.0,25,0.0011596950496272607,-1.00758713109661e-05,0.48,1.5963870349241343,1.5963870349241343
ETHUSDT,2026-05,2026,DEV_2026_FEB_JUL,ATR_080_100,0.0002,25,0.000959695049627261,-0.0002100758713109661,0.48,1.4684788760303484,1.4684788760303484
ETHUSDT,2026-05,2026,DEV_2026_FEB_JUL,ATR_080_100,0.0004,25,0.0007596950496272605,-0.0004100758713109661,0.48,1.352930518773203,1.352930518773203
ETHUSDT,2026-05,2026,DEV_2026_FEB_JUL,ATR_080_100,0.0006,25,0.0005596950496272609,-0.000610075871310966,0.48,1.2480330336235699,1.2480330336235699
ETHUSDT,2026-05,2026,DEV_2026_FEB_JUL,ATR_080_100,0.0008,25,0.00035969504962726073,-0.0008100758713109661,0.48,1.1523786579034125,1.1523786579034125
ETHUSDT,2026-05,2026,DEV_2026_FEB_JUL,BASE_SHORT,0.0,98,0.00024125570243217057,-0.00047096806754293175,0.42857142857142855,1.1278031709322258,1.1278031709322258
ETHUSDT,2026-05,2026,DEV_2026_FEB_JUL,BASE_SHORT,0.0002,98,4.125570243217068e-05,-0.0006709680675429317,0.41836734693877553,1.020592483339712,1.020592483339712
ETHUSDT,2026-05,2026,DEV_2026_FEB_JUL,BASE_SHORT,0.0004,98,-0.0001587442975678294,-0.0008709680675429317,0.41836734693877553,0.9251121915397318,0.9251121915397318
ETHUSDT,2026-05,2026,DEV_2026_FEB_JUL,BASE_SHORT,0.0006,98,-0.00035874429756782935,-0.0010709680675429316,0.40816326530612246,0.8396713020516477,0.8396713020516477
ETHUSDT,2026-05,2026,DEV_2026_FEB_JUL,BASE_SHORT,0.0008,98,-0.0005587442975678297,-0.0012709680675429317,0.3979591836734694,0.7628476901907137,0.7628476901907137
ETHUSDT,2026-06,2026,DEV_2026_FEB_JUL,ATR_080_100,0.0,23,0.001736863346936539,0.0018009112497301416,0.5652173913043478,1.9684324929037977,1.9684324929037977
ETHUSDT,2026-06,2026,DEV_2026_FEB_JUL,ATR_080_100,0.0002,23,0.0015368633469365393,0.0016009112497301415,0.5652173913043478,1.8172911660204878,1.8172911660204878
ETHUSDT,2026-06,2026,DEV_2026_FEB_JUL,ATR_080_100,0.0004,23,0.0013368633469365394,0.0014009112497301416,0.5652173913043478,1.6795103933441764,1.6795103933441764
ETHUSDT,2026-06,2026,DEV_2026_FEB_JUL,ATR_080_100,0.0006,23,0.0011368633469365389,0.0012009112497301418,0.5652173913043478,1.5533935971800885,1.5533935971800885
ETHUSDT,2026-06,2026,DEV_2026_FEB_JUL,ATR_080_100,0.0008,23,0.0009368633469365388,0.0010009112497301417,0.5652173913043478,1.4375197859617979,1.4375197859617979
ETHUSDT,2026-06,2026,DEV_2026_FEB_JUL,BASE_SHORT,0.0,102,0.00027430284344493014,-0.0008362379637671391,0.43137254901960786,1.0781430927679951,1.0781430927679951
ETHUSDT,2026-06,2026,DEV_2026_FEB_JUL,BASE_SHORT,0.0002,102,7.430284344493065e-05,-0.0010362379637671392,0.4215686274509804,1.0205025656446247,1.0205025656446247
ETHUSDT,2026-06,2026,DEV_2026_FEB_JUL,BASE_SHORT,0.0004,102,-0.00012569715655506934,-0.001236237963767139,0.4215686274509804,0.9663889926524447,0.9663889926524447
ETHUSDT,2026-06,2026,DEV_2026_FEB_JUL,BASE_SHORT,0.0006,102,-0.00032569715655507046,-0.001436237963767139,0.4117647058823529,0.9155589257832789,0.9155589257832789
ETHUSDT,2026-06,2026,DEV_2026_FEB_JUL,BASE_SHORT,0.0008,102,-0.0005256971565550703,-0.001636237963767139,0.4019607843137255,0.8678046721114101,0.8678046721114101
ETHUSDT,2026-07,2026,DEV_2026_FEB_JUL,ATR_080_100,0.0,24,-0.0016577599009517756,-0.001781580888651213,0.375,0.36715085442325524,0.36715085442325524
ETHUSDT,2026-07,2026,DEV_2026_FEB_JUL,ATR_080_100,0.0002,24,-0.0018577599009517755,-0.001981580888651213,0.375,0.323101646229604,0.323101646229604
ETHUSDT,2026-07,2026,DEV_2026_FEB_JUL,ATR_080_100,0.0004,24,-0.0020577599009517756,-0.002181580888651213,0.375,0.28289012122886364,0.28289012122886364
ETHUSDT,2026-07,2026,DEV_2026_FEB_JUL,ATR_080_100,0.0006,24,-0.0022577599009517752,-0.002381580888651213,0.3333333333333333,0.24682871976510462,0.24682871976510462
ETHUSDT,2026-07,2026,DEV_2026_FEB_JUL,ATR_080_100,0.0008,24,-0.0024577599009517758,-0.002581580888651213,0.2916666666666667,0.21683575786137596,0.21683575786137596
ETHUSDT,2026-07,2026,DEV_2026_FEB_JUL,BASE_SHORT,0.0,81,-0.0015746676511496473,-0.0019174622004285435,0.30864197530864196,0.44181773605451996,0.44181773605451996
ETHUSDT,2026-07,2026,DEV_2026_FEB_JUL,BASE_SHORT,0.0002,81,-0.0017746676511496472,-0.0021174622004285436,0.30864197530864196,0.40031542719527974,0.40031542719527974
ETHUSDT,2026-07,2026,DEV_2026_FEB_JUL,BASE_SHORT,0.0004,81,-0.0019746676511496475,-0.0023174622004285437,0.30864197530864196,0.36251829543525144,0.36251829543525144
ETHUSDT,2026-07,2026,DEV_2026_FEB_JUL,BASE_SHORT,0.0006,81,-0.002174667651149647,-0.0025174622004285434,0.2716049382716049,0.3288544688854089,0.3288544688854089
ETHUSDT,2026-07,2026,DEV_2026_FEB_JUL,BASE_SHORT,0.0008,81,-0.0023746676511496472,-0.0027174622004285435,0.24691358024691357,0.2992010190724859,0.2992010190724859
SOLUSDT,2024-01,2024,HIST_2024_2025,ATR_080_100,0.0,15,0.003270160235080799,0.0009945248788250094,0.5333333333333333,1.5399661371231412,1.5399661371231412
SOLUSDT,2024-01,2024,HIST_2024_2025,ATR_080_100,0.0002,15,0.0030701602350807996,0.0007945248788250094,0.5333333333333333,1.4992483264912713,1.4992483264912713
SOLUSDT,2024-01,2024,HIST_2024_2025,ATR_080_100,0.0004,15,0.0028701602350808004,0.0005945248788250094,0.5333333333333333,1.4597480044505353,1.4597480044505353
SOLUSDT,2024-01,2024,HIST_2024_2025,ATR_080_100,0.0006,15,0.0026701602350807986,0.00039452487882500945,0.5333333333333333,1.4214113698140638,1.4214113698140638
SOLUSDT,2024-01,2024,HIST_2024_2025,ATR_080_100,0.0008,15,0.0024701602350807993,0.00019452487882500936,0.5333333333333333,1.3841877453660787,1.3841877453660787
SOLUSDT,2024-01,2024,HIST_2024_2025,BASE_SHORT,0.0,82,0.0009159507418585422,-0.001437590811097511,0.47560975609756095,1.16381488218793,1.16381488218793
SOLUSDT,2024-01,2024,HIST_2024_2025,BASE_SHORT,0.0002,82,0.0007159507418585408,-0.0016375908110975112,0.45121951219512196,1.125630471027405,1.125630471027405
SOLUSDT,2024-01,2024,HIST_2024_2025,BASE_SHORT,0.0004,82,0.0005159507418585419,-0.0018375908110975113,0.45121951219512196,1.0888250382252098,1.0888250382252098
SOLUSDT,2024-01,2024,HIST_2024_2025,BASE_SHORT,0.0006,82,0.0003159507418585416,-0.002037590811097511,0.43902439024390244,1.0533641344800586,1.0533641344800586
SOLUSDT,2024-01,2024,HIST_2024_2025,BASE_SHORT,0.0008,82,0.0001159507418585435,-0.002237590811097511,0.4146341463414634,1.0192139360332375,1.0192139360332375
SOLUSDT,2024-02,2024,HIST_2024_2025,ATR_080_100,0.0,23,-0.0021770529954192983,-0.0033384598071944938,0.34782608695652173,0.48529687809849364,0.48529687809849364
SOLUSDT,2024-02,2024,HIST_2024_2025,ATR_080_100,0.0002,23,-0.002377052995419299,-0.003538459807194494,0.34782608695652173,0.4548244190400342,0.4548244190400342
SOLUSDT,2024-02,2024,HIST_2024_2025,ATR_080_100,0.0004,23,-0.002577052995419297,-0.003738459807194494,0.34782608695652173,0.4261221790215011,0.4261221790215011
SOLUSDT,2024-02,2024,HIST_2024_2025,ATR_080_100,0.0006,23,-0.002777052995419299,-0.003938459807194494,0.30434782608695654,0.39945097538562846,0.39945097538562846
SOLUSDT,2024-02,2024,HIST_2024_2025,ATR_080_100,0.0008,23,-0.002977052995419298,-0.004138459807194494,0.30434782608695654,0.37500472061487977,0.37500472061487977
SOLUSDT,2024-02,2024,HIST_2024_2025,BASE_SHORT,0.0,86,-0.0015709164175271703,-0.002089158705546268,0.38372093023255816,0.6453144545642849,0.6453144545642849
SOLUSDT,2024-02,2024,HIST_2024_2025,BASE_SHORT,0.0002,86,-0.0017709164175271702,-0.002289158705546268,0.36046511627906974,0.6112453638730456,0.6112453638730456
SOLUSDT,2024-02,2024,HIST_2024_2025,BASE_SHORT,0.0004,86,-0.0019709164175271705,-0.002489158705546268,0.36046511627906974,0.5791575830631516,0.5791575830631516
SOLUSDT,2024-02,2024,HIST_2024_2025,BASE_SHORT,0.0006,86,-0.0021709164175271697,-0.0026891587055462678,0.3488372093023256,0.5488551912560198,0.5488551912560198
SOLUSDT,2024-02,2024,HIST_2024_2025,BASE_SHORT,0.0008,86,-0.00237091641752717,-0.002889158705546268,0.3488372093023256,0.5202758448792868,0.5202758448792868
SOLUSDT,2024-03,2024,HIST_2024_2025,ATR_080_100,0.0,15,-0.005743407819020926,-0.0046059930489465994,0.26666666666666666,0.26927101312795393,0.26927101312795393
SOLUSDT,2024-03,2024,HIST_2024_2025,ATR_080_100,0.0002,15,-0.005943407819020928,-0.004805993048946599,0.26666666666666666,0.2576771307945872,0.2576771307945872
SOLUSDT,2024-03,2024,HIST_2024_2025,ATR_080_100,0.0004,15,-0.006143407819020925,-0.0050059930489466,0.26666666666666666,0.2465003713315407,0.2465003713315407
SOLUSDT,2024-03,2024,HIST_2024_2025,ATR_080_100,0.0006,15,-0.006343407819020927,-0.005205993048946599,0.26666666666666666,0.23571862175623787,0.23571862175623787
SOLUSDT,2024-03,2024,HIST_2024_2025,ATR_080_100,0.0008,15,-0.006543407819020923,-0.0054059930489466,0.26666666666666666,0.22531130498265806,0.22531130498265806
SOLUSDT,2024-03,2024,HIST_2024_2025,BASE_SHORT,0.0,68,-0.003820888547323335,-0.0035099004924628585,0.3235294117647059,0.5111451488357098,0.5111451488357098
SOLUSDT,2024-03,2024,HIST_2024_2025,BASE_SHORT,0.0002,68,-0.004020888547323333,-0.003709900492462858,0.3235294117647059,0.4943100468187456,0.4943100468187456
SOLUSDT,2024-03,2024,HIST_2024_2025,BASE_SHORT,0.0004,68,-0.004220888547323335,-0.003909900492462859,0.3088235294117647,0.47813831475314095,0.47813831475314095
SOLUSDT,2024-03,2024,HIST_2024_2025,BASE_SHORT,0.0006,68,-0.0044208885473233355,-0.004109900492462858,0.3088235294117647,0.46259558223825087,0.46259558223825087
SOLUSDT,2024-03,2024,HIST_2024_2025,BASE_SHORT,0.0008,68,-0.004620888547323336,-0.004309900492462859,0.3088235294117647,0.4475665747977092,0.4475665747977092
SOLUSDT,2024-04,2024,HIST_2024_2025,ATR_080_100,0.0,31,-0.0005166766197559804,-0.003887667146937668,0.3225806451612903,0.9281467256792162,0.9281467256792162
SOLUSDT,2024-04,2024,HIST_2024_2025,ATR_080_100,0.0002,31,-0.0007166766197559802,-0.0040876671469376675,0.3225806451612903,0.9021762366867583,0.9021762366867583
SOLUSDT,2024-04,2024,HIST_2024_2025,ATR_080_100,0.0004,31,-0.0009166766197559798,-0.004287667146937668,0.2903225806451613,0.8771595190980013,0.8771595190980013
SOLUSDT,2024-04,2024,HIST_2024_2025,ATR_080_100,0.0006,31,-0.00111667661975598,-0.004487667146937668,0.2903225806451613,0.8531513494204963,0.8531513494204963
SOLUSDT,2024-04,2024,HIST_2024_2025,ATR_080_100,0.0008,31,-0.0013166766197559802,-0.004687667146937668,0.25806451612903225,0.8301089108731792,0.8301089108731792
SOLUSDT,2024-04,2024,HIST_2024_2025,BASE_SHORT,0.0,109,0.0003669528381336674,-0.0006983056207013894,0.46788990825688076,1.067527443519131,1.067527443519131
SOLUSDT,2024-04,2024,HIST_2024_2025,BASE_SHORT,0.0002,109,0.00016695283813366666,-0.0008983056207013893,0.44954128440366975,1.0301236211747937,1.0301236211747937
SOLUSDT,2024-04,2024,HIST_2024_2025,BASE_SHORT,0.0004,109,-3.304716186633257e-05,-0.0010983056207013893,0.42201834862385323,0.9941556153071319,0.9941556153071319
SOLUSDT,2024-04,2024,HIST_2024_2025,BASE_SHORT,0.0006,109,-0.00023304716186633298,-0.0012983056207013892,0.42201834862385323,0.9596113243005038,0.9596113243005038
SOLUSDT,2024-04,2024,HIST_2024_2025,BASE_SHORT,0.0008,109,-0.000433047161866332,-0.0014983056207013893,0.41284403669724773,0.9264378698470467,0.9264378698470467
SOLUSDT,2024-05,2024,HIST_2024_2025,ATR_080_100,0.0,20,-0.002484927349125621,-0.0049591464089579484,0.3,0.40273722626572644,0.40273722626572644
SOLUSDT,2024-05,2024,HIST_2024_2025,ATR_080_100,0.0002,20,-0.0026849273491256205,-0.005159146408957948,0.3,0.37567467405609956,0.37567467405609956
SOLUSDT,2024-05,2024,HIST_2024_2025,ATR_080_100,0.0004,20,-0.00288492734912562,-0.005359146408957949,0.3,0.3503185670908761,0.3503185670908761
SOLUSDT,2024-05,2024,HIST_2024_2025,ATR_080_100,0.0006,20,-0.003084927349125621,-0.005559146408957948,0.3,0.3265124370977423,0.3265124370977423
SOLUSDT,2024-05,2024,HIST_2024_2025,ATR_080_100,0.0008,20,-0.0032849273491256208,-0.005759146408957949,0.3,0.30411837776780576,0.30411837776780576
SOLUSDT,2024-05,2024,HIST_2024_2025,BASE_SHORT,0.0,69,-0.0016120121759244828,-0.00135813575553545,0.37681159420289856,0.6218739704653089,0.6218739704653089
SOLUSDT,2024-05,2024,HIST_2024_2025,BASE_SHORT,0.0002,69,-0.0018120121759244829,-0.0015581357555354502,0.37681159420289856,0.5870338931295851,0.5870338931295851
SOLUSDT,2024-05,2024,HIST_2024_2025,BASE_SHORT,0.0004,69,-0.002012012175924483,-0.00175813575553545,0.37681159420289856,0.5541184463109653,0.5541184463109653
SOLUSDT,2024-05,2024,HIST_2024_2025,BASE_SHORT,0.0006,69,-0.0022120121759244818,-0.00195813575553545,0.37681159420289856,0.52297243636069,0.52297243636069
SOLUSDT,2024-05,2024,HIST_2024_2025,BASE_SHORT,0.0008,69,-0.0024120121759244827,-0.00215813575553545,0.37681159420289856,0.49345691838865297,0.49345691838865297
SOLUSDT,2024-06,2024,HIST_2024_2025,ATR_080_100,0.0,32,-0.0003671982188814468,0.00037627305804677214,0.5,0.8691267611511239,0.8691267611511239
SOLUSDT,2024-06,2024,HIST_2024_2025,ATR_080_100,0.0002,32,-0.000567198218881447,0.00017627305804677215,0.5,0.8048017617647382,0.8048017617647382
SOLUSDT,2024-06,2024,HIST_2024_2025,ATR_080_100,0.0004,32,-0.0007671982188814468,-2.372694195322783e-05,0.5,0.7447568852451456,0.7447568852451456
SOLUSDT,2024-06,2024,HIST_2024_2025,ATR_080_100,0.0006,32,-0.0009671982188814467,-0.0002237269419532278,0.5,0.6885786936552797,0.6885786936552797
SOLUSDT,2024-06,2024,HIST_2024_2025,ATR_080_100,0.0008,32,-0.001167198218881447,-0.0004237269419532279,0.5,0.6359053360273954,0.6359053360273954
SOLUSDT,2024-06,2024,HIST_2024_2025,BASE_SHORT,0.0,98,-0.001118200986222359,-0.0009792309898496998,0.40816326530612246,0.6886650213268457,0.6886650213268457
SOLUSDT,2024-06,2024,HIST_2024_2025,BASE_SHORT,0.0002,98,-0.0013182009862223584,-0.0011792309898497,0.40816326530612246,0.6446897952034283,0.6446897952034283
SOLUSDT,2024-06,2024,HIST_2024_2025,BASE_SHORT,0.0004,98,-0.0015182009862223591,-0.0013792309898496998,0.3979591836734694,0.6035674213478346,0.6035674213478346
SOLUSDT,2024-06,2024,HIST_2024_2025,BASE_SHORT,0.0006,98,-0.0017182009862223588,-0.0015792309898496996,0.3877551020408163,0.5652036228871867,0.5652036228871867
SOLUSDT,2024-06,2024,HIST_2024_2025,BASE_SHORT,0.0008,98,-0.0019182009862223595,-0.0017792309898496997,0.37755102040816324,0.5293144485008007,0.5293144485008007
SOLUSDT,2024-07,2024,HIST_2024_2025,ATR_080_100,0.0,25,0.000407058065524879,-0.0012080622258018314,0.44,1.140808997602692,1.140808997602692
SOLUSDT,2024-07,2024,HIST_2024_2025,ATR_080_100,0.0002,25,0.0002070580655248786,-0.0014080622258018315,0.4,1.0688247839981544,1.0688247839981544
SOLUSDT,2024-07,2024,HIST_2024_2025,ATR_080_100,0.0004,25,7.058065524879302e-06,-0.0016080622258018314,0.4,1.00225606777841,1.00225606777841
SOLUSDT,2024-07,2024,HIST_2024_2025,ATR_080_100,0.0006,25,-0.00019294193447512084,-0.0018080622258018313,0.36,0.9407305347327748,0.9407305347327748
SOLUSDT,2024-07,2024,HIST_2024_2025,ATR_080_100,0.0008,25,-0.00039294193447512137,-0.0020080622258018314,0.36,0.8838595664536679,0.8838595664536679
SOLUSDT,2024-07,2024,HIST_2024_2025,BASE_SHORT,0.0,81,-0.001308022888052288,-0.0014115484358072639,0.4074074074074074,0.7159682722444505,0.7159682722444505
SOLUSDT,2024-07,2024,HIST_2024_2025,BASE_SHORT,0.0002,81,-0.0015080228880522874,-0.001611548435807264,0.3950617283950617,0.6808724895241448,0.6808724895241448
SOLUSDT,2024-07,2024,HIST_2024_2025,BASE_SHORT,0.0004,81,-0.0017080228880522878,-0.0018115484358072638,0.38271604938271603,0.6476048312075341,0.6476048312075341
SOLUSDT,2024-07,2024,HIST_2024_2025,BASE_SHORT,0.0006,81,-0.0019080228880522885,-0.0020115484358072637,0.37037037037037035,0.6162825555361644,0.6162825555361644
SOLUSDT,2024-07,2024,HIST_2024_2025,BASE_SHORT,0.0008,81,-0.002108022888052288,-0.002211548435807264,0.37037037037037035,0.5865320077768195,0.5865320077768195
SOLUSDT,2024-08,2024,HIST_2024_2025,ATR_080_100,0.0,20,0.0037404738316840326,-0.0012036980022916977,0.45,2.243468440598643,2.243468440598643
SOLUSDT,2024-08,2024,HIST_2024_2025,ATR_080_100,0.0002,20,0.003540473831684032,-0.0014036980022916977,0.4,2.1320623373883616,2.1320623373883616
SOLUSDT,2024-08,2024,HIST_2024_2025,ATR_080_100,0.0004,20,0.0033404738316840333,-0.0016036980022916976,0.35,2.026272637154289,2.026272637154289
SOLUSDT,2024-08,2024,HIST_2024_2025,ATR_080_100,0.0006,20,0.003140473831684031,-0.0018036980022916975,0.35,1.9277734857013293,1.9277734857013293
SOLUSDT,2024-08,2024,HIST_2024_2025,ATR_080_100,0.0008,20,0.0029404738316840314,-0.0020036980022916976,0.35,1.8365602770445537,1.8365602770445537
SOLUSDT,2024-08,2024,HIST_2024_2025,BASE_SHORT,0.0,89,0.001343446588007898,0.0003810315563408384,0.5393258426966292,1.3144015030130756,1.3144015030130756
SOLUSDT,2024-08,2024,HIST_2024_2025,BASE_SHORT,0.0002,89,0.0011434465880078989,0.0001810315563408384,0.5168539325842697,1.2618067009557012,1.2618067009557012
SOLUSDT,2024-08,2024,HIST_2024_2025,BASE_SHORT,0.0004,89,0.0009434465880078987,-1.8968443659161613e-05,0.4943820224719101,1.2112485231685504,1.2112485231685504
SOLUSDT,2024-08,2024,HIST_2024_2025,BASE_SHORT,0.0006,89,0.0007434465880078971,-0.00021896844365916154,0.4943820224719101,1.1627804328295661,1.1627804328295661
SOLUSDT,2024-08,2024,HIST_2024_2025,BASE_SHORT,0.0008,89,0.0005434465880078972,-0.00041896844365916163,0.4943820224719101,1.1164121518043004,1.1164121518043004
SOLUSDT,2024-09,2024,HIST_2024_2025,ATR_080_100,0.0,25,-0.0004031849112357211,-0.0007766872006518266,0.48,0.842516423097816,0.842516423097816
SOLUSDT,2024-09,2024,HIST_2024_2025,ATR_080_100,0.0002,25,-0.0006031849112357211,-0.0009766872006518267,0.48,0.77359378367137,0.77359378367137
SOLUSDT,2024-09,2024,HIST_2024_2025,ATR_080_100,0.0004,25,-0.0008031849112357211,-0.0011766872006518266,0.44,0.7104536329473247,0.7104536329473247
SOLUSDT,2024-09,2024,HIST_2024_2025,ATR_080_100,0.0006,25,-0.0010031849112357208,-0.0013766872006518265,0.44,0.6523891291209911,0.6523891291209911
SOLUSDT,2024-09,2024,HIST_2024_2025,ATR_080_100,0.0008,25,-0.0012031849112357211,-0.0015766872006518265,0.4,0.5987182394273228,0.5987182394273228
SOLUSDT,2024-09,2024,HIST_2024_2025,BASE_SHORT,0.0,86,-0.0005019113902524875,-0.0008612173541999169,0.43023255813953487,0.8478030488984564,0.8478030488984564
SOLUSDT,2024-09,2024,HIST_2024_2025,BASE_SHORT,0.0002,86,-0.0007019113902524874,-0.001061217354199917,0.4186046511627907,0.7942991555179734,0.7942991555179734
SOLUSDT,2024-09,2024,HIST_2024_2025,BASE_SHORT,0.0004,86,-0.0009019113902524874,-0.0012612173541999168,0.3953488372093023,0.744660462186073,0.744660462186073
SOLUSDT,2024-09,2024,HIST_2024_2025,BASE_SHORT,0.0006,86,-0.001101911390252488,-0.0014612173541999167,0.38372093023255816,0.6983910734369887,0.6983910734369887
SOLUSDT,2024-09,2024,HIST_2024_2025,BASE_SHORT,0.0008,86,-0.0013019113902524872,-0.0016612173541999168,0.36046511627906974,0.6553877341300516,0.6553877341300516
SOLUSDT,2024-10,2024,HIST_2024_2025,ATR_080_100,0.0,26,0.0005332455734154973,-0.0006818415580262527,0.38461538461538464,1.232022060853,1.232022060853
SOLUSDT,2024-10,2024,HIST_2024_2025,ATR_080_100,0.0002,26,0.0003332455734154973,-0.0008818415580262527,0.38461538461538464,1.1376291045035603,1.1376291045035603
SOLUSDT,2024-10,2024,HIST_2024_2025,ATR_080_100,0.0004,26,0.0001332455734154974,-0.0010818415580262526,0.38461538461538464,1.052368014138386,1.052368014138386
SOLUSDT,2024-10,2024,HIST_2024_2025,ATR_080_100,0.0006,26,-6.675442658450256e-05,-0.0012818415580262525,0.38461538461538464,0.9749747652179513,0.9749747652179513
SOLUSDT,2024-10,2024,HIST_2024_2025,ATR_080_100,0.0008,26,-0.0002667544265845027,-0.0014818415580262526,0.38461538461538464,0.9044083309811503,0.9044083309811503
SOLUSDT,2024-10,2024,HIST_2024_2025,BASE_SHORT,0.0,89,-0.000826953127864123,-0.0013109848172857541,0.3707865168539326,0.7460646724173867,0.7460646724173867
SOLUSDT,2024-10,2024,HIST_2024_2025,BASE_SHORT,0.0002,89,-0.0010269531278641229,-0.0015109848172857542,0.3707865168539326,0.6963826569109355,0.6963826569109355
SOLUSDT,2024-10,2024,HIST_2024_2025,BASE_SHORT,0.0004,89,-0.001226953127864123,-0.001710984817285754,0.3595505617977528,0.650481485917197,0.650481485917197
SOLUSDT,2024-10,2024,HIST_2024_2025,BASE_SHORT,0.0006,89,-0.0014269531278641226,-0.001910984817285754,0.34831460674157305,0.6079895955430524,0.6079895955430524
SOLUSDT,2024-10,2024,HIST_2024_2025,BASE_SHORT,0.0008,89,-0.0016269531278641227,-0.002110984817285754,0.34831460674157305,0.5684963210348286,0.5684963210348286
SOLUSDT,2024-11,2024,HIST_2024_2025,ATR_080_100,0.0,20,-0.0026455559853069133,-0.004313741795104853,0.25,0.46165950133650013,0.46165950133650013
SOLUSDT,2024-11,2024,HIST_2024_2025,ATR_080_100,0.0002,20,-0.002845555985306913,-0.0045137417951048526,0.25,0.4381124376924644,0.4381124376924644
SOLUSDT,2024-11,2024,HIST_2024_2025,ATR_080_100,0.0004,20,-0.0030455559853069126,-0.004713741795104853,0.25,0.41592013807984235,0.41592013807984235
SOLUSDT,2024-11,2024,HIST_2024_2025,ATR_080_100,0.0006,20,-0.003245555985306914,-0.004913741795104853,0.25,0.3949689537320163,0.3949689537320163
SOLUSDT,2024-11,2024,HIST_2024_2025,ATR_080_100,0.0008,20,-0.003445555985306913,-0.005113741795104853,0.25,0.37515760182299324,0.37515760182299324
SOLUSDT,2024-11,2024,HIST_2024_2025,BASE_SHORT,0.0,81,-0.0011170541360320157,-0.0025316455696202667,0.3950617283950617,0.7451088443519852,0.7451088443519852
SOLUSDT,2024-11,2024,HIST_2024_2025,BASE_SHORT,0.0002,81,-0.0013170541360320153,-0.0027316455696202667,0.38271604938271603,0.707658248179565,0.707658248179565
SOLUSDT,2024-11,2024,HIST_2024_2025,BASE_SHORT,0.0004,81,-0.0015170541360320154,-0.002931645569620267,0.35802469135802467,0.6723009524619822,0.6723009524619822
SOLUSDT,2024-11,2024,HIST_2024_2025,BASE_SHORT,0.0006,81,-0.001717054136032016,-0.0031316455696202665,0.3333333333333333,0.6393631566955307,0.6393631566955307
SOLUSDT,2024-11,2024,HIST_2024_2025,BASE_SHORT,0.0008,81,-0.0019170541360320156,-0.0033316455696202666,0.3333333333333333,0.6083252746232072,0.6083252746232072
SOLUSDT,2024-12,2024,HIST_2024_2025,ATR_080_100,0.0,31,-0.001929941292559974,-0.0029798992252261236,0.3548387096774194,0.5945822750032708,0.5945822750032708
SOLUSDT,2024-12,2024,HIST_2024_2025,ATR_080_100,0.0002,31,-0.0021299412925599743,-0.0031798992252261237,0.3225806451612903,0.564830782117039,0.564830782117039
SOLUSDT,2024-12,2024,HIST_2024_2025,ATR_080_100,0.0004,31,-0.0023299412925599735,-0.003379899225226124,0.3225806451612903,0.5367906858708947,0.5367906858708947
SOLUSDT,2024-12,2024,HIST_2024_2025,ATR_080_100,0.0006,31,-0.0025299412925599745,-0.0035798992252261234,0.2903225806451613,0.5103048717253045,0.5103048717253045
SOLUSDT,2024-12,2024,HIST_2024_2025,ATR_080_100,0.0008,31,-0.002729941292559973,-0.0037798992252261235,0.2903225806451613,0.4857216722897522,0.4857216722897522
SOLUSDT,2024-12,2024,HIST_2024_2025,BASE_SHORT,0.0,105,-0.001819444562148751,-0.0022804017015305433,0.3523809523809524,0.6792875779327715,0.6792875779327715
SOLUSDT,2024-12,2024,HIST_2024_2025,BASE_SHORT,0.0002,105,-0.0020194445621487516,-0.0024804017015305434,0.3333333333333333,0.6521594914495807,0.6521594914495807
SOLUSDT,2024-12,2024,HIST_2024_2025,BASE_SHORT,0.0004,105,-0.0022194445621487504,-0.0026804017015305435,0.3333333333333333,0.6262929523257801,0.6262929523257801
SOLUSDT,2024-12,2024,HIST_2024_2025,BASE_SHORT,0.0006,105,-0.0024194445621487522,-0.002880401701530543,0.3238095238095238,0.6015793793950046,0.6015793793950046
SOLUSDT,2024-12,2024,HIST_2024_2025,BASE_SHORT,0.0008,105,-0.0026194445621487506,-0.0030804017015305433,0.3047619047619048,0.5781039986949942,0.5781039986949942
SOLUSDT,2025-01,2025,HIST_2024_2025,ATR_080_100,0.0,28,0.0011834202904026172,0.0031441875601853075,0.6071428571428571,1.4075627886185302,1.4075627886185302
SOLUSDT,2025-01,2025,HIST_2024_2025,ATR_080_100,0.0002,28,0.0009834202904026171,0.0029441875601853074,0.6071428571428571,1.3297608273285597,1.3297608273285597
SOLUSDT,2025-01,2025,HIST_2024_2025,ATR_080_100,0.0004,28,0.000783420290402617,0.0027441875601853074,0.5714285714285714,1.2554053148512478,1.2554053148512478
SOLUSDT,2025-01,2025,HIST_2024_2025,ATR_080_100,0.0006,28,0.0005834202904026175,0.0025441875601853077,0.5714285714285714,1.1850321498583425,1.1850321498583425
SOLUSDT,2025-01,2025,HIST_2024_2025,ATR_080_100,0.0008,28,0.0003834202904026171,0.0023441875601853076,0.5714285714285714,1.1183838243600213,1.1183838243600213
SOLUSDT,2025-01,2025,HIST_2024_2025,BASE_SHORT,0.0,75,-0.000589751711113807,0.00020027237042374857,0.5066666666666667,0.8448943987053614,0.8448943987053614
SOLUSDT,2025-01,2025,HIST_2024_2025,BASE_SHORT,0.0002,75,-0.0007897517111138067,2.7237042374855954e-07,0.5066666666666667,0.7975476276810334,0.7975476276810334
SOLUSDT,2025-01,2025,HIST_2024_2025,BASE_SHORT,0.0004,75,-0.000989751711113807,-0.00019972762957625145,0.48,0.7528529139342071,0.7528529139342071
SOLUSDT,2025-01,2025,HIST_2024_2025,BASE_SHORT,0.0006,75,-0.0011897517111138071,-0.0003997276295762514,0.48,0.7104316132095462,0.7104316132095462
SOLUSDT,2025-01,2025,HIST_2024_2025,BASE_SHORT,0.0008,75,-0.0013897517111138068,-0.0005997276295762515,0.4666666666666667,0.6703049360323421,0.6703049360323421
SOLUSDT,2025-02,2025,HIST_2024_2025,ATR_080_100,0.0,30,-0.0020724317059852265,-0.0009931730748921064,0.43333333333333335,0.5716045099520597,0.5716045099520597
SOLUSDT,2025-02,2025,HIST_2024_2025,ATR_080_100,0.0002,30,-0.0022724317059852257,-0.0011931730748921065,0.43333333333333335,0.5410149893471915,0.5410149893471915
SOLUSDT,2025-02,2025,HIST_2024_2025,ATR_080_100,0.0004,30,-0.0024724317059852258,-0.0013931730748921063,0.4,0.5121167622927744,0.5121167622927744
SOLUSDT,2025-02,2025,HIST_2024_2025,ATR_080_100,0.0006,30,-0.0026724317059852267,-0.0015931730748921062,0.4,0.4848494176398135,0.4848494176398135
SOLUSDT,2025-02,2025,HIST_2024_2025,ATR_080_100,0.0008,30,-0.002872431705985225,-0.0017931730748921063,0.36666666666666664,0.45934475630360083,0.45934475630360083
SOLUSDT,2025-02,2025,HIST_2024_2025,BASE_SHORT,0.0,93,0.0013628142595460706,0.0011768167107972793,0.5913978494623656,1.324123235034205,1.324123235034205
SOLUSDT,2025-02,2025,HIST_2024_2025,BASE_SHORT,0.0002,93,0.0011628142595460707,0.0009768167107972793,0.5913978494623656,1.2712838442935022,1.2712838442935022
SOLUSDT,2025-02,2025,HIST_2024_2025,BASE_SHORT,0.0004,93,0.0009628142595460708,0.0007768167107972794,0.5698924731182796,1.2203123546367154,1.2203123546367154
SOLUSDT,2025-02,2025,HIST_2024_2025,BASE_SHORT,0.0006,93,0.0007628142595460702,0.0005768167107972794,0.5591397849462365,1.171155993043202,1.171155993043202
SOLUSDT,2025-02,2025,HIST_2024_2025,BASE_SHORT,0.0008,93,0.0005628142595460707,0.0003768167107972793,0.5483870967741935,1.1238026326830821,1.1238026326830821
SOLUSDT,2025-03,2025,HIST_2024_2025,ATR_080_100,0.0,30,0.0004593018964316705,0.0003603969152835562,0.5,1.1551456195308973,1.1551456195308973
SOLUSDT,2025-03,2025,HIST_2024_2025,ATR_080_100,0.0002,30,0.00025930189643167057,0.00016039691528355624,0.5,1.084726535184314,1.084726535184314
SOLUSDT,2025-03,2025,HIST_2024_2025,ATR_080_100,0.0004,30,5.93018964316703e-05,-3.9603084716443747e-05,0.5,1.0187637107986955,1.0187637107986955
SOLUSDT,2025-03,2025,HIST_2024_2025,ATR_080_100,0.0006,30,-0.00014069810356832937,-0.00023960308471644373,0.5,0.9568471185493597,0.9568471185493597
SOLUSDT,2025-03,2025,HIST_2024_2025,ATR_080_100,0.0008,30,-0.00034069810356832954,-0.00043960308471644377,0.5,0.8986155368133222,0.8986155368133222
SOLUSDT,2025-03,2025,HIST_2024_2025,BASE_SHORT,0.0,87,-0.0011204306479888106,-0.0011713888278790385,0.40229885057471265,0.775855045459883,0.775855045459883
SOLUSDT,2025-03,2025,HIST_2024_2025,BASE_SHORT,0.0002,87,-0.0013204306479888107,-0.0013713888278790386,0.40229885057471265,0.7420141028812431,0.7420141028812431
SOLUSDT,2025-03,2025,HIST_2024_2025,BASE_SHORT,0.0004,87,-0.0015204306479888097,-0.0015713888278790385,0.39080459770114945,0.7097731545922294,0.7097731545922294
SOLUSDT,2025-03,2025,HIST_2024_2025,BASE_SHORT,0.0006,87,-0.0017204306479888115,-0.0017713888278790384,0.39080459770114945,0.679060387455932,0.679060387455932
SOLUSDT,2025-03,2025,HIST_2024_2025,BASE_SHORT,0.0008,87,-0.0019204306479888105,-0.0019713888278790385,0.3793103448275862,0.6497782974274137,0.6497782974274137
SOLUSDT,2025-04,2025,HIST_2024_2025,ATR_080_100,0.0,25,0.0018900367684575859,0.0011833319246048468,0.56,1.5716479118395652,1.5716479118395652
SOLUSDT,2025-04,2025,HIST_2024_2025,ATR_080_100,0.0002,25,0.0016900367684575853,0.0009833319246048467,0.56,1.4979050583969673,1.4979050583969673
SOLUSDT,2025-04,2025,HIST_2024_2025,ATR_080_100,0.0004,25,0.0014900367684575861,0.0007833319246048469,0.56,1.4278892703869717,1.4278892703869717
SOLUSDT,2025-04,2025,HIST_2024_2025,ATR_080_100,0.0006,25,0.0012900367684575865,0.0005833319246048469,0.56,1.3613249556781835,1.3613249556781835
SOLUSDT,2025-04,2025,HIST_2024_2025,ATR_080_100,0.0008,25,0.001090036768457586,0.0003833319246048468,0.52,1.297545441738036,1.297545441738036
SOLUSDT,2025-04,2025,HIST_2024_2025,BASE_SHORT,0.0,74,0.0005517259933220147,-0.0002441644691864031,0.4864864864864865,1.1361502933339513,1.1361502933339513
SOLUSDT,2025-04,2025,HIST_2024_2025,BASE_SHORT,0.0002,74,0.0003517259933220149,-0.0004441644691864031,0.4864864864864865,1.084650584429305,1.084650584429305
SOLUSDT,2025-04,2025,HIST_2024_2025,BASE_SHORT,0.0004,74,0.0001517259933220151,-0.0006441644691864031,0.4594594594594595,1.0356310026324733,1.0356310026324733
SOLUSDT,2025-04,2025,HIST_2024_2025,BASE_SHORT,0.0006,74,-4.8274006677985766e-05,-0.000844164469186403,0.4594594594594595,0.9889441223713641,0.9889441223713641
SOLUSDT,2025-04,2025,HIST_2024_2025,BASE_SHORT,0.0008,74,-0.0002482740066779852,-0.001044164469186403,0.43243243243243246,0.9445354472597857,0.9445354472597857
SOLUSDT,2025-05,2025,HIST_2024_2025,ATR_080_100,0.0,23,-0.003242330624981075,-0.002923138648478152,0.34782608695652173,0.3524919116522646,0.3524919116522646
SOLUSDT,2025-05,2025,HIST_2024_2025,ATR_080_100,0.0002,23,-0.0034423306249810773,-0.003123138648478152,0.34782608695652173,0.3300033584077967,0.3300033584077967
SOLUSDT,2025-05,2025,HIST_2024_2025,ATR_080_100,0.0004,23,-0.003642330624981074,-0.003323138648478152,0.34782608695652173,0.30862837412598226,0.30862837412598226
SOLUSDT,2025-05,2025,HIST_2024_2025,ATR_080_100,0.0006,23,-0.003842330624981076,-0.0035231386484781517,0.34782608695652173,0.28828624600607927,0.28828624600607927
SOLUSDT,2025-05,2025,HIST_2024_2025,ATR_080_100,0.0008,23,-0.004042330624981074,-0.003723138648478152,0.34782608695652173,0.26890387744973826,0.26890387744973826
SOLUSDT,2025-05,2025,HIST_2024_2025,BASE_SHORT,0.0,88,-0.00029771165482205745,-0.0006551358579502953,0.48863636363636365,0.9021672396018008,0.9021672396018008
SOLUSDT,2025-05,2025,HIST_2024_2025,BASE_SHORT,0.0002,88,-0.0004977116548220569,-0.0008551358579502953,0.48863636363636365,0.8417622000850403,0.8417622000850403
SOLUSDT,2025-05,2025,HIST_2024_2025,BASE_SHORT,0.0004,88,-0.0006977116548220573,-0.0010551358579502952,0.45454545454545453,0.7853303083299377,0.7853303083299377
SOLUSDT,2025-05,2025,HIST_2024_2025,BASE_SHORT,0.0006,88,-0.0008977116548220574,-0.0012551358579502951,0.4431818181818182,0.732879611646784,0.732879611646784
SOLUSDT,2025-05,2025,HIST_2024_2025,BASE_SHORT,0.0008,88,-0.0010977116548220576,-0.0014551358579502952,0.42045454545454547,0.6841097438802832,0.6841097438802832
SOLUSDT,2025-06,2025,HIST_2024_2025,ATR_080_100,0.0,21,-0.0020854080711165098,-0.0009921947347533155,0.42857142857142855,0.21548539467568162,0.21548539467568162
SOLUSDT,2025-06,2025,HIST_2024_2025,ATR_080_100,0.0002,21,-0.0022854080711165094,-0.0011921947347533156,0.38095238095238093,0.17571480212120416,0.17571480212120416
SOLUSDT,2025-06,2025,HIST_2024_2025,ATR_080_100,0.0004,21,-0.002485408071116509,-0.0013921947347533155,0.2857142857142857,0.1435951163329961,0.1435951163329961
SOLUSDT,2025-06,2025,HIST_2024_2025,ATR_080_100,0.0006,21,-0.0026854080711165105,-0.0015921947347533154,0.23809523809523808,0.11922669954144213,0.11922669954144213
SOLUSDT,2025-06,2025,HIST_2024_2025,ATR_080_100,0.0008,21,-0.0028854080711165106,-0.0017921947347533155,0.23809523809523808,0.0986766452478369,0.0986766452478369
SOLUSDT,2025-06,2025,HIST_2024_2025,BASE_SHORT,0.0,86,0.0002645860588686123,-0.0002931523282181381,0.4883720930232558,1.1052871828187139,1.1052871828187139
SOLUSDT,2025-06,2025,HIST_2024_2025,BASE_SHORT,0.0002,86,6.458605886861243e-05,-0.0004931523282181381,0.47674418604651164,1.0246950676408204,1.0246950676408204
SOLUSDT,2025-06,2025,HIST_2024_2025,BASE_SHORT,0.0004,86,-0.00013541394113138756,-0.000693152328218138,0.45348837209302323,0.9502409783292542,0.9502409783292542
SOLUSDT,2025-06,2025,HIST_2024_2025,BASE_SHORT,0.0006,86,-0.0003354139411313876,-0.000893152328218138,0.4418604651162791,0.8815484380642252,0.8815484380642252
SOLUSDT,2025-06,2025,HIST_2024_2025,BASE_SHORT,0.0008,86,-0.0005354139411313882,-0.001093152328218138,0.43023255813953487,0.818093530037432,0.818093530037432
SOLUSDT,2025-07,2025,HIST_2024_2025,ATR_080_100,0.0,31,-0.0020012154556154583,-0.001172103926548207,0.3870967741935484,0.5347743871373103,0.5347743871373103
SOLUSDT,2025-07,2025,HIST_2024_2025,ATR_080_100,0.0002,31,-0.0022012154556154584,-0.001372103926548207,0.3870967741935484,0.5024582840983877,0.5024582840983877
SOLUSDT,2025-07,2025,HIST_2024_2025,ATR_080_100,0.0004,31,-0.0024012154556154576,-0.001572103926548207,0.3870967741935484,0.4718846639874714,0.4718846639874714
SOLUSDT,2025-07,2025,HIST_2024_2025,ATR_080_100,0.0006,31,-0.0026012154556154586,-0.0017721039265482068,0.3225806451612903,0.4441577021573014,0.4441577021573014
SOLUSDT,2025-07,2025,HIST_2024_2025,ATR_080_100,0.0008,31,-0.0028012154556154574,-0.001972103926548207,0.3225806451612903,0.4182624379611877,0.4182624379611877
SOLUSDT,2025-07,2025,HIST_2024_2025,BASE_SHORT,0.0,94,-0.0008838409870481179,-0.0008736026569847732,0.44680851063829785,0.7686755739678057,0.7686755739678057
SOLUSDT,2025-07,2025,HIST_2024_2025,BASE_SHORT,0.0002,94,-0.0010838409870481181,-0.0010736026569847733,0.44680851063829785,0.7243133598822762,0.7243133598822762
SOLUSDT,2025-07,2025,HIST_2024_2025,BASE_SHORT,0.0004,94,-0.0012838409870481184,-0.0012736026569847732,0.44680851063829785,0.6823796883945988,0.6823796883945988
SOLUSDT,2025-07,2025,HIST_2024_2025,BASE_SHORT,0.0006,94,-0.0014838409870481172,-0.001473602656984773,0.425531914893617,0.642976130290446,0.642976130290446
SOLUSDT,2025-07,2025,HIST_2024_2025,BASE_SHORT,0.0008,94,-0.001683840987048118,-0.0016736026569847732,0.425531914893617,0.6057532303488723,0.6057532303488723
SOLUSDT,2025-08,2025,HIST_2024_2025,ATR_080_100,0.0,26,-0.0021662078370556013,-0.0021429725053852544,0.4230769230769231,0.4559921702904447,0.4559921702904447
SOLUSDT,2025-08,2025,HIST_2024_2025,ATR_080_100,0.0002,26,-0.002366207837055601,-0.0023429725053852545,0.4230769230769231,0.4224996358511193,0.4224996358511193
SOLUSDT,2025-08,2025,HIST_2024_2025,ATR_080_100,0.0004,26,-0.002566207837055601,-0.0025429725053852546,0.4230769230769231,0.3908417977087936,0.3908417977087936
SOLUSDT,2025-08,2025,HIST_2024_2025,ATR_080_100,0.0006,26,-0.002766207837055601,-0.0027429725053852543,0.4230769230769231,0.36087191994420204,0.36087191994420204
SOLUSDT,2025-08,2025,HIST_2024_2025,ATR_080_100,0.0008,26,-0.0029662078370556013,-0.0029429725053852543,0.4230769230769231,0.33245850790336445,0.33245850790336445
SOLUSDT,2025-08,2025,HIST_2024_2025,BASE_SHORT,0.0,85,-0.0005230498458841016,-0.0008914421553088969,0.4470588235294118,0.8389708079368895,0.8389708079368895
SOLUSDT,2025-08,2025,HIST_2024_2025,BASE_SHORT,0.0002,85,-0.0007230498458841015,-0.001091442155308897,0.4470588235294118,0.7847268971705689,0.7847268971705689
SOLUSDT,2025-08,2025,HIST_2024_2025,BASE_SHORT,0.0004,85,-0.0009230498458841015,-0.0012914421553088969,0.43529411764705883,0.7340901537444764,0.7340901537444764
SOLUSDT,2025-08,2025,HIST_2024_2025,BASE_SHORT,0.0006,85,-0.001123049845884102,-0.0014914421553088968,0.4235294117647059,0.6868560526800638,0.6868560526800638
SOLUSDT,2025-08,2025,HIST_2024_2025,BASE_SHORT,0.0008,85,-0.0013230498458841012,-0.0016914421553088969,0.38823529411764707,0.6430172430303099,0.6430172430303099
SOLUSDT,2025-09,2025,HIST_2024_2025,ATR_080_100,0.0,18,2.4388105094425632e-05,-0.0006529462833865796,0.3888888888888889,1.0150168616095328,1.0150168616095328
SOLUSDT,2025-09,2025,HIST_2024_2025,ATR_080_100,0.0002,18,-0.00017561189490557426,-0.0008529462833865797,0.3888888888888889,0.8994360175388497,0.8994360175388497
SOLUSDT,2025-09,2025,HIST_2024_2025,ATR_080_100,0.0004,18,-0.0003756118949055745,-0.0010529462833865795,0.3888888888888889,0.7989759700563238,0.7989759700563238
SOLUSDT,2025-09,2025,HIST_2024_2025,ATR_080_100,0.0006,18,-0.0005756118949055742,-0.0012529462833865794,0.3888888888888889,0.710851643036325,0.710851643036325
SOLUSDT,2025-09,2025,HIST_2024_2025,ATR_080_100,0.0008,18,-0.0007756118949055744,-0.0014529462833865795,0.3888888888888889,0.6329223680188923,0.6329223680188923
SOLUSDT,2025-09,2025,HIST_2024_2025,BASE_SHORT,0.0,72,0.0005520921672167953,0.0005431358434306865,0.5138888888888888,1.2169516645225322,1.2169516645225322
SOLUSDT,2025-09,2025,HIST_2024_2025,BASE_SHORT,0.0002,72,0.00035209216721679567,0.00034313584343068657,0.5138888888888888,1.1332676588451356,1.1332676588451356
SOLUSDT,2025-09,2025,HIST_2024_2025,BASE_SHORT,0.0004,72,0.00015209216721679536,0.00014313584343068653,0.5138888888888888,1.055524001444731,1.055524001444731
SOLUSDT,2025-09,2025,HIST_2024_2025,BASE_SHORT,0.0006,72,-4.790783278320443e-05,-5.68641565693134e-05,0.5,0.9831213554045575,0.9831213554045575
SOLUSDT,2025-09,2025,HIST_2024_2025,BASE_SHORT,0.0008,72,-0.0002479078327832047,-0.0002568641565693135,0.4861111111111111,0.91570038521084,0.91570038521084
SOLUSDT,2025-10,2025,HIST_2024_2025,ATR_080_100,0.0,21,7.834751814476497e-05,-0.0001563966218329771,0.42857142857142855,1.0393019605024663,1.0393019605024663
SOLUSDT,2025-10,2025,HIST_2024_2025,ATR_080_100,0.0002,21,-0.00012165248185523504,-0.00035639662183297707,0.42857142857142855,0.9422835719835078,0.9422835719835078
SOLUSDT,2025-10,2025,HIST_2024_2025,ATR_080_100,0.0004,21,-0.0003216524818552352,-0.0005563966218329771,0.42857142857142855,0.8552450023385798,0.8552450023385798
SOLUSDT,2025-10,2025,HIST_2024_2025,ATR_080_100,0.0006,21,-0.0005216524818552349,-0.000756396621832977,0.42857142857142855,0.7767217121122523,0.7767217121122523
SOLUSDT,2025-10,2025,HIST_2024_2025,ATR_080_100,0.0008,21,-0.0007216524818552351,-0.0009563966218329771,0.42857142857142855,0.7055223596690455,0.7055223596690455
SOLUSDT,2025-10,2025,HIST_2024_2025,BASE_SHORT,0.0,83,0.00051128303505939,-0.0001304461257500833,0.4939759036144578,1.1468666038902993,1.1468666038902993
SOLUSDT,2025-10,2025,HIST_2024_2025,BASE_SHORT,0.0002,83,0.00031128303505939043,-0.0003304461257500833,0.4939759036144578,1.0868903808507089,1.0868903808507089
SOLUSDT,2025-10,2025,HIST_2024_2025,BASE_SHORT,0.0004,83,0.00011128303505939022,-0.0005304461257500833,0.46987951807228917,1.0301893627979661,1.0301893627979661
SOLUSDT,2025-10,2025,HIST_2024_2025,BASE_SHORT,0.0006,83,-8.871696494061046e-05,-0.0007304461257500832,0.4578313253012048,0.9766089789327302,0.9766089789327302
SOLUSDT,2025-10,2025,HIST_2024_2025,BASE_SHORT,0.0008,83,-0.00028871696494060984,-0.0009304461257500833,0.4457831325301205,0.9259960562323664,0.9259960562323664
SOLUSDT,2025-11,2025,HIST_2024_2025,ATR_080_100,0.0,34,0.00026594086651358684,-0.0002599590028152243,0.4411764705882353,1.0852416694169813,1.0852416694169813
SOLUSDT,2025-11,2025,HIST_2024_2025,ATR_080_100,0.0002,34,6.594086651358684e-05,-0.0004599590028152243,0.4411764705882353,1.0204049547021208,1.0204049547021208
SOLUSDT,2025-11,2025,HIST_2024_2025,ATR_080_100,0.0004,34,-0.00013405913348641315,-0.0006599590028152243,0.4411764705882353,0.9599030548588297,0.9599030548588297
SOLUSDT,2025-11,2025,HIST_2024_2025,ATR_080_100,0.0006,34,-0.0003340591334864131,-0.0008599590028152243,0.4117647058823529,0.9034607078833232,0.9034607078833232
SOLUSDT,2025-11,2025,HIST_2024_2025,ATR_080_100,0.0008,34,-0.0005340591334864134,-0.0010599590028152243,0.38235294117647056,0.8508840966500745,0.8508840966500745
SOLUSDT,2025-11,2025,HIST_2024_2025,BASE_SHORT,0.0,101,-0.0003657975551345505,-0.00069043434597027,0.44554455445544555,0.9116488400667192,0.9116488400667192
SOLUSDT,2025-11,2025,HIST_2024_2025,BASE_SHORT,0.0002,101,-0.0005657975551345505,-0.00089043434597027,0.43564356435643564,0.866926014678142,0.866926014678142
SOLUSDT,2025-11,2025,HIST_2024_2025,BASE_SHORT,0.0004,101,-0.0007657975551345497,-0.00109043434597027,0.42574257425742573,0.8245962118216029,0.8245962118216029
SOLUSDT,2025-11,2025,HIST_2024_2025,BASE_SHORT,0.0006,101,-0.0009657975551345505,-0.0012904343459702698,0.4158415841584158,0.7845411699687818,0.7845411699687818
SOLUSDT,2025-11,2025,HIST_2024_2025,BASE_SHORT,0.0008,101,-0.00116579755513455,-0.00149043434597027,0.40594059405940597,0.7465949310562316,0.7465949310562316
SOLUSDT,2025-12,2025,HIST_2024_2025,ATR_080_100,0.0,16,0.0025836949169665765,0.0011006414200382952,0.625,2.667474671846854,2.667474671846854
SOLUSDT,2025-12,2025,HIST_2024_2025,ATR_080_100,0.0002,16,0.002383694916966576,0.0009006414200382951,0.5625,2.460695614024728,2.460695614024728
SOLUSDT,2025-12,2025,HIST_2024_2025,ATR_080_100,0.0004,16,0.002183694916966577,0.0007006414200382953,0.5,2.270029976311683,2.270029976311683
SOLUSDT,2025-12,2025,HIST_2024_2025,ATR_080_100,0.0006,16,0.0019836949169665767,0.0005006414200382954,0.5,2.090299165671444,2.090299165671444
SOLUSDT,2025-12,2025,HIST_2024_2025,ATR_080_100,0.0008,16,0.0017836949169665764,0.00030064142003829525,0.5,1.9292961256149384,1.9292961256149384
SOLUSDT,2025-12,2025,HIST_2024_2025,BASE_SHORT,0.0,72,0.00028019989648765523,-0.001028604027207447,0.4305555555555556,1.1129339243361225,1.1129339243361225
SOLUSDT,2025-12,2025,HIST_2024_2025,BASE_SHORT,0.0002,72,8.019989648765564e-05,-0.0012286040272074471,0.4166666666666667,1.0308860916706284,1.0308860916706284
SOLUSDT,2025-12,2025,HIST_2024_2025,BASE_SHORT,0.0004,72,-0.00011980010351234492,-0.001428604027207447,0.4027777777777778,0.955847157646666,0.955847157646666
SOLUSDT,2025-12,2025,HIST_2024_2025,BASE_SHORT,0.0006,72,-0.0003198001035123446,-0.0016286040272074469,0.4027777777777778,0.8871060882030849,0.8871060882030849
SOLUSDT,2025-12,2025,HIST_2024_2025,BASE_SHORT,0.0008,72,-0.0005198001035123449,-0.001828604027207447,0.3888888888888889,0.823994300358421,0.823994300358421
SOLUSDT,2026-01,2026,DISCOVERY_2026_01,ATR_080_100,0.0,23,0.0025922245081227593,0.0025790921595598704,0.7391304347826086,4.889477077477218,4.889477077477218
SOLUSDT,2026-01,2026,DISCOVERY_2026_01,ATR_080_100,0.0002,23,0.0023922245081227592,0.0023790921595598703,0.7391304347826086,4.328798066540459,4.328798066540459
SOLUSDT,2026-01,2026,DISCOVERY_2026_01,ATR_080_100,0.0004,23,0.00219222450812276,0.00217909215955987,0.6521739130434783,3.8366683320649155,3.8366683320649155
SOLUSDT,2026-01,2026,DISCOVERY_2026_01,ATR_080_100,0.0006,23,0.0019922245081227586,0.0019790921595598705,0.6521739130434783,3.364989790378438,3.364989790378438
SOLUSDT,2026-01,2026,DISCOVERY_2026_01,ATR_080_100,0.0008,23,0.0017922245081227583,0.0017790921595598704,0.6521739130434783,2.9652724862644235,2.9652724862644235
SOLUSDT,2026-01,2026,DISCOVERY_2026_01,BASE_SHORT,0.0,80,0.002666691260785821,0.00040150527820637105,0.525,2.2368672764587205,2.2368672764587205
SOLUSDT,2026-01,2026,DISCOVERY_2026_01,BASE_SHORT,0.0002,80,0.002466691260785821,0.00020150527820637104,0.525,2.0958180654376957,2.0958180654376957
SOLUSDT,2026-01,2026,DISCOVERY_2026_01,BASE_SHORT,0.0004,80,0.0022666912607858213,1.5052782063710332e-06,0.5,1.9659557858451815,1.9659557858451815
SOLUSDT,2026-01,2026,DISCOVERY_2026_01,BASE_SHORT,0.0006,80,0.0020666912607858203,-0.0001984947217936289,0.475,1.8437124337386053,1.8437124337386053
SOLUSDT,2026-01,2026,DISCOVERY_2026_01,BASE_SHORT,0.0008,80,0.0018666912607858202,-0.000398494721793629,0.4625,1.7303695716896736,1.7303695716896736
SOLUSDT,2026-02,2026,DEV_2026_FEB_JUL,ATR_080_100,0.0,20,0.0017420919924393263,0.002514419460524997,0.55,1.549674911569252,1.549674911569252
SOLUSDT,2026-02,2026,DEV_2026_FEB_JUL,ATR_080_100,0.0002,20,0.0015420919924393265,0.002314419460524997,0.55,1.473134020518407,1.473134020518407
SOLUSDT,2026-02,2026,DEV_2026_FEB_JUL,ATR_080_100,0.0004,20,0.0013420919924393268,0.002114419460524997,0.55,1.4007066175980838,1.4007066175980838
SOLUSDT,2026-02,2026,DEV_2026_FEB_JUL,ATR_080_100,0.0006,20,0.001142091992439326,0.0019144194605249971,0.55,1.3320697773555954,1.3320697773555954
SOLUSDT,2026-02,2026,DEV_2026_FEB_JUL,ATR_080_100,0.0008,20,0.0009420919924393258,0.001714419460524997,0.55,1.2669335136536461,1.2669335136536461
SOLUSDT,2026-02,2026,DEV_2026_FEB_JUL,BASE_SHORT,0.0,74,0.00032900886217644584,0.0007215156004029,0.5405405405405406,1.0694636792826393,1.0694636792826393
SOLUSDT,2026-02,2026,DEV_2026_FEB_JUL,BASE_SHORT,0.0002,74,0.00012900886217644567,0.0005215156004029,0.5405405405405406,1.026719271570878,1.026719271570878
SOLUSDT,2026-02,2026,DEV_2026_FEB_JUL,BASE_SHORT,0.0004,74,-7.099113782355285e-05,0.00032151560040289995,0.527027027027027,0.9855730695441419,0.9855730695441419
SOLUSDT,2026-02,2026,DEV_2026_FEB_JUL,BASE_SHORT,0.0006,74,-0.0002709911378235554,0.00012151560040290002,0.5135135135135135,0.9459856590102442,0.9459856590102442
SOLUSDT,2026-02,2026,DEV_2026_FEB_JUL,BASE_SHORT,0.0008,74,-0.00047099113782355447,-7.848439959710007e-05,0.4864864864864865,0.9079455459759672,0.9079455459759672
SOLUSDT,2026-03,2026,DEV_2026_FEB_JUL,ATR_080_100,0.0,24,0.0012581072814713313,-0.0002744426952042689,0.4583333333333333,1.510613544856795,1.510613544856795
SOLUSDT,2026-03,2026,DEV_2026_FEB_JUL,ATR_080_100,0.0002,24,0.0010581072814713312,-0.0004744426952042689,0.4583333333333333,1.411355368221271,1.411355368221271
SOLUSDT,2026-03,2026,DEV_2026_FEB_JUL,ATR_080_100,0.0004,24,0.0008581072814713315,-0.0006744426952042689,0.4583333333333333,1.3201200605320598,1.3201200605320598
SOLUSDT,2026-03,2026,DEV_2026_FEB_JUL,ATR_080_100,0.0006,24,0.0006581072814713316,-0.0008744426952042688,0.4166666666666667,1.2355830582532792,1.2355830582532792
SOLUSDT,2026-03,2026,DEV_2026_FEB_JUL,ATR_080_100,0.0008,24,0.00045810728147133146,-0.0010744426952042688,0.4166666666666667,1.1574147872897491,1.1574147872897491
SOLUSDT,2026-03,2026,DEV_2026_FEB_JUL,BASE_SHORT,0.0,90,-0.00043065936137489167,-0.0017635511467883336,0.4,0.8550116064580681,0.8550116064580681
SOLUSDT,2026-03,2026,DEV_2026_FEB_JUL,BASE_SHORT,0.0002,90,-0.0006306593613748916,-0.0019635511467883337,0.37777777777777777,0.7960465895977324,0.7960465895977324
SOLUSDT,2026-03,2026,DEV_2026_FEB_JUL,BASE_SHORT,0.0004,90,-0.0008306593613748917,-0.0021635511467883338,0.37777777777777777,0.7417600295992715,0.7417600295992715
SOLUSDT,2026-03,2026,DEV_2026_FEB_JUL,BASE_SHORT,0.0006,90,-0.0010306593613748913,-0.0023635511467883334,0.36666666666666664,0.6916310173313547,0.6916310173313547
SOLUSDT,2026-03,2026,DEV_2026_FEB_JUL,BASE_SHORT,0.0008,90,-0.0012306593613748916,-0.0025635511467883335,0.36666666666666664,0.64523671932618,0.64523671932618
SOLUSDT,2026-04,2026,DEV_2026_FEB_JUL,ATR_080_100,0.0,21,0.0008312653728957583,-0.00024154589371971902,0.47619047619047616,1.8612553036824702,1.8612553036824702
SOLUSDT,2026-04,2026,DEV_2026_FEB_JUL,ATR_080_100,0.0002,21,0.0006312653728957581,-0.000441545893719719,0.47619047619047616,1.5900003258085669,1.5900003258085669
SOLUSDT,2026-04,2026,DEV_2026_FEB_JUL,ATR_080_100,0.0004,21,0.0004312653728957583,-0.000641545893719719,0.38095238095238093,1.3658841217284627,1.3658841217284627
SOLUSDT,2026-04,2026,DEV_2026_FEB_JUL,ATR_080_100,0.0006,21,0.00023126537289575844,-0.000841545893719719,0.38095238095238093,1.1775545255964135,1.1775545255964135
SOLUSDT,2026-04,2026,DEV_2026_FEB_JUL,ATR_080_100,0.0008,21,3.126537289575811e-05,-0.001041545893719719,0.38095238095238093,1.0219204162148634,1.0219204162148634
SOLUSDT,2026-04,2026,DEV_2026_FEB_JUL,BASE_SHORT,0.0,72,0.00047413671773592777,-0.00024060518173102396,0.4583333333333333,1.2592926776243114,1.2592926776243114
SOLUSDT,2026-04,2026,DEV_2026_FEB_JUL,BASE_SHORT,0.0002,72,0.00027413671773592806,-0.00044060518173102395,0.4166666666666667,1.1412737841355196,1.1412737841355196
SOLUSDT,2026-04,2026,DEV_2026_FEB_JUL,BASE_SHORT,0.0004,72,7.413671773592756e-05,-0.0006406051817310239,0.3611111111111111,1.0359656886714521,1.0359656886714521
SOLUSDT,2026-04,2026,DEV_2026_FEB_JUL,BASE_SHORT,0.0006,72,-0.00012586328226407204,-0.0008406051817310239,0.3611111111111111,0.9425044397488034,0.9425044397488034
SOLUSDT,2026-04,2026,DEV_2026_FEB_JUL,BASE_SHORT,0.0008,72,-0.00032586328226407227,-0.001040605181731024,0.3611111111111111,0.8593521446298806,0.8593521446298806
SOLUSDT,2026-05,2026,DEV_2026_FEB_JUL,ATR_080_100,0.0,24,0.0003063314188444105,-0.0011761869174805595,0.4583333333333333,1.1796959327758814,1.1796959327758814
SOLUSDT,2026-05,2026,DEV_2026_FEB_JUL,ATR_080_100,0.0002,24,0.00010633141884441057,-0.0013761869174805596,0.4166666666666667,1.058534780626858,1.058534780626858
SOLUSDT,2026-05,2026,DEV_2026_FEB_JUL,ATR_080_100,0.0004,24,-9.366858115558967e-05,-0.0015761869174805594,0.4166666666666667,0.9515478370622518,0.9515478370622518
SOLUSDT,2026-05,2026,DEV_2026_FEB_JUL,ATR_080_100,0.0006,24,-0.00029366858115558933,-0.0017761869174805593,0.3333333333333333,0.8571771535633622,0.8571771535633622
SOLUSDT,2026-05,2026,DEV_2026_FEB_JUL,ATR_080_100,0.0008,24,-0.0004936685811555897,-0.0019761869174805594,0.2916666666666667,0.7753313711782233,0.7753313711782233
SOLUSDT,2026-05,2026,DEV_2026_FEB_JUL,BASE_SHORT,0.0,92,0.0001217660110270961,-0.0005959885802067078,0.45652173913043476,1.0584631997309901,1.0584631997309901
SOLUSDT,2026-05,2026,DEV_2026_FEB_JUL,BASE_SHORT,0.0002,92,-7.823398897290365e-05,-0.0007959885802067077,0.44565217391304346,0.9643156335283461,0.9643156335283461
SOLUSDT,2026-05,2026,DEV_2026_FEB_JUL,BASE_SHORT,0.0004,92,-0.00027823398897290413,-0.0009959885802067077,0.43478260869565216,0.879308582008327,0.879308582008327
SOLUSDT,2026-05,2026,DEV_2026_FEB_JUL,BASE_SHORT,0.0006,92,-0.00047823398897290373,-0.0011959885802067076,0.40217391304347827,0.8024022318585253,0.8024022318585253
SOLUSDT,2026-05,2026,DEV_2026_FEB_JUL,BASE_SHORT,0.0008,92,-0.000678233988972904,-0.0013959885802067077,0.391304347826087,0.7331723390487627,0.7331723390487627
SOLUSDT,2026-06,2026,DEV_2026_FEB_JUL,ATR_080_100,0.0,27,0.0009599728331133358,0.0033103813559323125,0.7037037037037037,1.3481601160947245,1.3481601160947245
SOLUSDT,2026-06,2026,DEV_2026_FEB_JUL,ATR_080_100,0.0002,27,0.0007599728331133358,0.0031103813559323124,0.6666666666666666,1.2695516768841033,1.2695516768841033
SOLUSDT,2026-06,2026,DEV_2026_FEB_JUL,ATR_080_100,0.0004,27,0.000559972833113336,0.0029103813559323123,0.6666666666666666,1.1940265891781516,1.1940265891781516
SOLUSDT,2026-06,2026,DEV_2026_FEB_JUL,ATR_080_100,0.0006,27,0.0003599728331133357,0.0027103813559323127,0.6296296296296297,1.1216824155011147,1.1216824155011147
SOLUSDT,2026-06,2026,DEV_2026_FEB_JUL,ATR_080_100,0.0008,27,0.0001599728331133357,0.0025103813559323126,0.6296296296296297,1.0527550165254131,1.0527550165254131
SOLUSDT,2026-06,2026,DEV_2026_FEB_JUL,BASE_SHORT,0.0,97,-5.4634132549766836e-05,0.0004496402877698369,0.5154639175257731,0.9852422014981841,0.9852422014981841
SOLUSDT,2026-06,2026,DEV_2026_FEB_JUL,BASE_SHORT,0.0002,97,-0.00025463413254976636,0.0002496402877698369,0.5051546391752577,0.9329867084804424,0.9329867084804424
SOLUSDT,2026-06,2026,DEV_2026_FEB_JUL,BASE_SHORT,0.0004,97,-0.00045463413254976634,4.964028776983687e-05,0.5051546391752577,0.8833890141353831,0.8833890141353831
SOLUSDT,2026-06,2026,DEV_2026_FEB_JUL,BASE_SHORT,0.0006,97,-0.0006546341325497672,-0.00015035971223016306,0.4845360824742268,0.8363514904910408,0.8363514904910408
SOLUSDT,2026-06,2026,DEV_2026_FEB_JUL,BASE_SHORT,0.0008,97,-0.0008546341325497674,-0.00035035971223016315,0.4845360824742268,0.7917222083971213,0.7917222083971213
SOLUSDT,2026-07,2026,DEV_2026_FEB_JUL,ATR_080_100,0.0,28,-0.0023074812535811918,-0.0019466571481043804,0.25,0.2627130338138592,0.2627130338138592
SOLUSDT,2026-07,2026,DEV_2026_FEB_JUL,ATR_080_100,0.0002,28,-0.002507481253581192,-0.0021466571481043805,0.25,0.23545225745902323,0.23545225745902323
SOLUSDT,2026-07,2026,DEV_2026_FEB_JUL,ATR_080_100,0.0004,28,-0.0027074812535811915,-0.0023466571481043806,0.21428571428571427,0.2116944905637329,0.2116944905637329
SOLUSDT,2026-07,2026,DEV_2026_FEB_JUL,ATR_080_100,0.0006,28,-0.002907481253581192,-0.0025466571481043802,0.14285714285714285,0.19252861066190896,0.19252861066190896
SOLUSDT,2026-07,2026,DEV_2026_FEB_JUL,ATR_080_100,0.0008,28,-0.003107481253581191,-0.0027466571481043803,0.10714285714285714,0.17710848748741825,0.17710848748741825
SOLUSDT,2026-07,2026,DEV_2026_FEB_JUL,BASE_SHORT,0.0,80,-0.0012843372812366028,-0.001133055529391802,0.3625,0.49536452518995394,0.49536452518995394
SOLUSDT,2026-07,2026,DEV_2026_FEB_JUL,BASE_SHORT,0.0002,80,-0.0014843372812366027,-0.0013330555293918022,0.35,0.44478036940315974,0.44478036940315974
SOLUSDT,2026-07,2026,DEV_2026_FEB_JUL,BASE_SHORT,0.0004,80,-0.0016843372812366027,-0.001533055529391802,0.3125,0.399937257236211,0.399937257236211
SOLUSDT,2026-07,2026,DEV_2026_FEB_JUL,BASE_SHORT,0.0006,80,-0.0018843372812366026,-0.001733055529391802,0.275,0.36086171433849534,0.36086171433849534
SOLUSDT,2026-07,2026,DEV_2026_FEB_JUL,BASE_SHORT,0.0008,80,-0.002084337281236603,-0.001933055529391802,0.25,0.32685233808299374,0.32685233808299374
