hypothesis,minutes,period,samples,mean_return,median_return,trimmed_mean_5,winsorized_mean_5,win_rate,profit_factor,q10,q90
HIGH_6H_CONTINUE_LONG,5,2024-01,875,-0.0005940039955301242,-0.0006099622430986823,-0.0005626766157056516,-0.000510602599905827,0.3485714285714286,0.5631013603898574,-0.0033918211710863835,0.0024684607023528725
HIGH_6H_CONTINUE_LONG,5,2024-02,995,-0.0004432011384272064,-0.0005372568703728258,-0.00045821135649596007,-0.00043133655950723546,0.35577889447236183,0.5993351736315821,-0.003130055665586439,0.0023655262601604008
HIGH_6H_CONTINUE_LONG,5,2024-03,1058,-0.0004096713970608136,-0.0007743048524844859,-0.0004611650761943885,-0.00039336382221243934,0.3941398865784499,0.7297347290586357,-0.003908910488864569,0.0037606817073518014
HIGH_6H_CONTINUE_LONG,5,2024-04,728,-0.0004940068208680473,-0.0008429162211180502,-0.0005898637512914383,-0.0005276838182414512,0.3626373626373626,0.6315838545110061,-0.003510592019481561,0.0029547987975089307
HIGH_6H_CONTINUE_LONG,5,2024-05,858,-0.0006282915882916706,-0.0007673225048913207,-0.0007302695112237732,-0.0007083404749347796,0.331002331002331,0.5336610471929345,-0.0037438742898892254,0.002356169619579564
HIGH_6H_CONTINUE_LONG,5,2024-06,741,-0.0008130818198915304,-0.0008299679612818295,-0.0008260294974856059,-0.0008149902549421921,0.2739541160593792,0.3618411011710409,-0.0031654016582628,0.001774077638755301
HIGH_6H_CONTINUE_LONG,5,2024-07,857,-0.0007821710434336222,-0.000982138773545093,-0.0008559654375555301,-0.0008114911554028875,0.3103850641773629,0.43367920519953257,-0.0034185028738993976,0.002090888829074822
HIGH_6H_CONTINUE_LONG,5,2024-08,773,-0.0009385142260265485,-0.0009128013971794851,-0.0009131278658188328,-0.0008895391231476767,0.3078913324708926,0.4311493264104902,-0.004380498302982105,0.0023031501997097504
HIGH_6H_CONTINUE_LONG,5,2024-09,840,-0.000656103799539757,-0.0009569287253615271,-0.0007208803180926109,-0.0006753305008770683,0.3273809523809524,0.4998342022475603,-0.0032025590574711873,0.0024169304553314243
HIGH_6H_CONTINUE_LONG,5,2024-10,912,-0.0005336304548226182,-0.0006838592402860327,-0.0005857406663447965,-0.0005476410464766713,0.3355263157894737,0.4920462723367749,-0.0027255489316743366,0.0018390171434967237
HIGH_6H_CONTINUE_LONG,5,2024-11,1154,-0.0005815079027876736,-0.0007405215534258652,-0.0006246621566692728,-0.0005597827681242957,0.3752166377816291,0.6007887775756041,-0.00395833244184629,0.003400138489967365
HIGH_6H_CONTINUE_LONG,5,2024-12,1032,-0.000527284359211183,-0.0006897793686825409,-0.000583495263283203,-0.0005417888442671725,0.36724806201550386,0.5887723563036648,-0.0033580939798966807,0.0026290702165381544
HIGH_6H_CONTINUE_LONG,5,2025-01,1060,-0.0005351471021838379,-0.0006515076396172542,-0.0006163921499354108,-0.0005701266972013006,0.3433962264150943,0.6041484888332591,-0.0034183524992274943,0.0024556242443211094
HIGH_6H_CONTINUE_LONG,5,2025-02,697,-0.000686814612746162,-0.0009048548128952166,-0.0008010553050588243,-0.0007411333903229501,0.31563845050215206,0.5209941684970024,-0.00390092907271895,0.0024734100313368096
HIGH_6H_CONTINUE_LONG,5,2025-03,814,-0.0006941552449891424,-0.0009392121120386337,-0.0008594905928937869,-0.0008080489275325446,0.3144963144963145,0.5495773217111646,-0.0036158644749915694,0.0021095620946193668
HIGH_6H_CONTINUE_LONG,5,2025-04,774,-0.0009682618304364784,-0.0009627355822793387,-0.001010357015945785,-0.0009943995883353162,0.2739018087855297,0.3861584612090543,-0.003698957563009141,0.001398469231320255
HIGH_6H_CONTINUE_LONG,5,2025-05,1004,-0.000628207148018456,-0.0007244347053457883,-0.0007013179239173826,-0.0006620811474089392,0.301792828685259,0.5048888252251096,-0.00317691752834469,0.001975433288429444
HIGH_6H_CONTINUE_LONG,5,2025-06,958,-0.0006217081863072876,-0.0006736889958234399,-0.0006716902494011125,-0.0006554169711988631,0.2954070981210856,0.4133411481803982,-0.002653825429928968,0.001378464230837319
HIGH_6H_CONTINUE_LONG,5,2025-07,1083,-0.0005652741111563803,-0.000646070918500507,-0.0006191203636405893,-0.0005944689509682353,0.3047091412742382,0.4741517588391066,-0.0028009161420165622,0.0017660954792312349
HIGH_6H_CONTINUE_LONG,5,2025-08,1047,-0.0005749886432319469,-0.0007387062823017259,-0.0006796136601396218,-0.0006377033279383757,0.29608404966571156,0.4992151895896973,-0.002830419902552971,0.0017262104990133365
HIGH_6H_CONTINUE_LONG,5,2025-09,886,-0.0005611359296927207,-0.000625309706290777,-0.0005789563852145227,-0.0005647214176199643,0.3126410835214447,0.41591967669459157,-0.002462290662799193,0.0015331137169968707
HIGH_6H_CONTINUE_LONG,5,2025-10,879,-0.000729766753361588,-0.0009518498423252802,-0.0008273517309597992,-0.0007748120242762867,0.3037542662116041,0.485098314675254,-0.0036166706758288918,0.002314196907337277
HIGH_6H_CONTINUE_LONG,5,2025-11,724,-0.0007570680432969302,-0.0008520377466451728,-0.0008384502419692655,-0.0008078408153145094,0.32734806629834257,0.4433875620171691,-0.0037362314598527006,0.0020578535840685176
HIGH_6H_CONTINUE_LONG,5,2025-12,763,-0.0006593634141610061,-0.0008370979214415536,-0.0006885039359973894,-0.0006606010021893079,0.3132372214941022,0.5142881711471775,-0.0036684460838041213,0.00249254921097515
HIGH_6H_CONTINUE_LONG,5,2026-01,740,-0.0005918252863576575,-0.0007375971397365449,-0.0006795800390106513,-0.0006540941301682802,0.2702702702702703,0.42493559940937625,-0.0026550876087742753,0.0012173545994011337
HIGH_6H_CONTINUE_LONG,5,2026-02,615,-0.0009119881901730189,-0.0011147259888369503,-0.0010073224123790213,-0.0009806213200637547,0.2813008130081301,0.41908687356810403,-0.0038381293366189333,0.002275674163962174
HIGH_6H_CONTINUE_LONG,5,2026-03,580,-0.0008361372763673356,-0.0009521566538248199,-0.0009375047570362747,-0.0008743405491953948,0.2913793103448276,0.5024449289328207,-0.004593572364831243,0.0030158150183723603
HIGH_6H_CONTINUE_LONG,5,2026-04,643,-0.000661800651909424,-0.0007642305797340259,-0.0006978287615824383,-0.0006665140978295252,0.29704510108864696,0.4604551326325976,-0.0031351041424074956,0.002115001202307255
HIGH_6H_CONTINUE_LONG,5,2026-05,789,-0.0005627640264523745,-0.0007130071194483939,-0.0006548030377626299,-0.0006207018739404723,0.27122940430925224,0.4291778140771823,-0.0023510531047030705,0.0011376276111323199
HIGH_6H_CONTINUE_LONG,5,2026-06,575,-0.000665236590806139,-0.0008814522938361374,-0.0007296308435694399,-0.0007006918611587801,0.3165217391304348,0.5110949409047443,-0.0035461605106378072,0.0027220860215605
HIGH_6H_CONTINUE_LONG,5,2026-07,716,-0.0008597121967245749,-0.0008568502187532684,-0.0008886656312141501,-0.0008824178365441633,0.2276536312849162,0.2473092718513641,-0.0027054794746239168,0.0008697531585611268
HIGH_6H_CONTINUE_LONG,15,2024-01,875,-0.0008060305561724409,-0.0009948144805804297,-0.0008089994265906239,-0.0007350974237239424,0.3862857142857143,0.6196889475781548,-0.005611390899473733,0.0040608422048590736
HIGH_6H_CONTINUE_LONG,15,2024-02,995,-0.00027469880046587206,-0.0006,-0.00030224735132419625,-0.00022408655067826085,0.4100502512562814,0.8379290467699644,-0.0048028487868428055,0.004874885151043597
HIGH_6H_CONTINUE_LONG,15,2024-03,1058,-0.0003164991983754637,-0.0008889988485983985,-0.0004869878211120875,-0.0003469474752097814,0.4158790170132325,0.8626306672099764,-0.006752359021638831,0.007133929932954299
HIGH_6H_CONTINUE_LONG,15,2024-04,728,-0.00048703008340844026,-0.0013071120247719718,-0.0007097896072696942,-0.0005827450644620881,0.3708791208791209,0.7620403266074568,-0.005337661365735501,0.005505161342267474
HIGH_6H_CONTINUE_LONG,15,2024-05,858,-0.0006757896534388387,-0.0011843671142113925,-0.0009149365979764265,-0.0008240086968337916,0.34032634032634035,0.6576754025364414,-0.005454813873670605,0.004443074498722973
HIGH_6H_CONTINUE_LONG,15,2024-06,741,-0.0011286154536237628,-0.0010889607703012498,-0.0011097261271828195,-0.001098421611615156,0.31713900134952766,0.39517122051173914,-0.004977604991834705,0.002954652429293759
HIGH_6H_CONTINUE_LONG,15,2024-07,857,-0.0009579226234108709,-0.001165707820482153,-0.001081619735283533,-0.0010148763273401097,0.3442240373395566,0.5280840281515493,-0.005456484266780936,0.0036574105978158795
HIGH_6H_CONTINUE_LONG,15,2024-08,773,-0.0011621127416577635,-0.001369513214534001,-0.0012572225063227367,-0.0012001890122989892,0.32729624838292365,0.5025720383352598,-0.006264198014825761,0.004017349885792615
HIGH_6H_CONTINUE_LONG,15,2024-09,840,-0.0006389941185188612,-0.0009572690571264081,-0.0007616697995884337,-0.0006790657269992754,0.3678571428571429,0.6242283800512478,-0.004571763001128036,0.0038489359501734186
HIGH_6H_CONTINUE_LONG,15,2024-10,912,-0.0007372822168024753,-0.0009682630830228461,-0.0008421847131412112,-0.0007914172700111586,0.33223684210526316,0.544489046863264,-0.004303702102896211,0.0030486699763761843
HIGH_6H_CONTINUE_LONG,15,2024-11,1154,-0.0004784679012884637,-0.000827296346899497,-0.0006521719408928902,-0.0005532912981986941,0.40121317157712305,0.785782957012428,-0.006313052936370466,0.0056614450087839625
HIGH_6H_CONTINUE_LONG,15,2024-12,1032,-0.0007038729804590751,-0.0010063432281711242,-0.0008120943677865486,-0.0007403346416804397,0.375,0.6538469522119389,-0.0054672997715786145,0.0045942287593750296
HIGH_6H_CONTINUE_LONG,15,2025-01,1060,-0.0004811770702962107,-0.0008489063288937942,-0.0007174494077442934,-0.0006168875694118728,0.3745283018867924,0.7630832577846691,-0.005157494742198786,0.0044344128810911675
HIGH_6H_CONTINUE_LONG,15,2025-02,697,-0.0011849499985556963,-0.0014126909823809035,-0.0011802382175048229,-0.0011118392946665827,0.3285509325681492,0.5023751307881091,-0.0058205741263121155,0.004411461896818181
HIGH_6H_CONTINUE_LONG,15,2025-03,814,-0.0011004934944837824,-0.0013310794430629984,-0.001267139681606819,-0.0012433161206687575,0.33783783783783783,0.5173374581846133,-0.006047609407922513,0.003498424759317766
HIGH_6H_CONTINUE_LONG,15,2025-04,774,-0.0014329652753280373,-0.0011501748281751538,-0.0012731035774066575,-0.0012768894567805808,0.30361757105943155,0.37044287677292803,-0.005505519790898127,0.0023758857316878335
HIGH_6H_CONTINUE_LONG,15,2025-05,1004,-0.0008441646418932873,-0.0010136986524722606,-0.000911036853026598,-0.0008614095263857767,0.3296812749003984,0.5422860966968926,-0.004699505203518006,0.0031246034409946814
HIGH_6H_CONTINUE_LONG,15,2025-06,958,-0.0006103598316807452,-0.0008093829655228085,-0.000737460000111524,-0.0006775509276173628,0.31941544885177453,0.5847974781508872,-0.0039028229273721177,0.0028067685214306945
HIGH_6H_CONTINUE_LONG,15,2025-07,1083,-0.0005611325343999178,-0.0007222755479474146,-0.0006633553524923676,-0.0006131810426521034,0.3573407202216066,0.6337197157529081,-0.00410428108246521,0.0032125758638227773
HIGH_6H_CONTINUE_LONG,15,2025-08,1047,-0.0005979622700358773,-0.0007931881846106708,-0.0007386412889793441,-0.0007156792508501489,0.3600764087870105,0.6167596121068861,-0.004387485761948051,0.0030653884574239013
HIGH_6H_CONTINUE_LONG,15,2025-09,886,-0.0004103147014851542,-0.0006765147243212416,-0.00045764356886841,-0.0004130812660572872,0.3747178329571106,0.6673791718300043,-0.003334941795910328,0.002972265629623983
HIGH_6H_CONTINUE_LONG,15,2025-10,879,-0.0008387506659332925,-0.0010762523271419903,-0.0009827873609723255,-0.0009612983845836966,0.3503981797497156,0.5755103647308513,-0.005273076589607294,0.0038337100961344742
HIGH_6H_CONTINUE_LONG,15,2025-11,724,-0.0009463741223755759,-0.001132489937402014,-0.0010475623889989957,-0.0010089517896554117,0.356353591160221,0.5244872894603063,-0.005367520210503906,0.003575659940813749
HIGH_6H_CONTINUE_LONG,15,2025-12,763,-0.0004340700568693792,-0.0009186659395389979,-0.0005909778639468604,-0.0004948609453892185,0.36041939711664484,0.7478646393867068,-0.00486170576515632,0.004844999628790021
HIGH_6H_CONTINUE_LONG,15,2026-01,740,-0.000992423276966377,-0.0010841410982331372,-0.001087943859723631,-0.0010832140001125355,0.2797297297297297,0.38330232842113987,-0.0038802585074048093,0.0018263562553119134
HIGH_6H_CONTINUE_LONG,15,2026-02,615,-0.0012113980050519329,-0.0013978012310576597,-0.0012498152519575536,-0.0012379204007993481,0.31382113821138213,0.4574059904975764,-0.005559895598505026,0.0037324481271301625
HIGH_6H_CONTINUE_LONG,15,2026-03,580,-0.001231720455249478,-0.0016830915648340487,-0.0015262842448025087,-0.001344037257432363,0.2775862068965517,0.5405439682792763,-0.007070824539260367,0.005028993750621559
HIGH_6H_CONTINUE_LONG,15,2026-04,643,-0.0007919480222835895,-0.0009515350363253455,-0.0008167691813123204,-0.0008160377231642967,0.3359253499222395,0.5181562851588035,-0.004353908997498034,0.00297509068786808
HIGH_6H_CONTINUE_LONG,15,2026-05,789,-0.0005655234018625962,-0.000895101318119384,-0.0006916483592043993,-0.0006097082161741335,0.33460076045627374,0.5780311197672483,-0.0031081038151202327,0.0024725106076139355
HIGH_6H_CONTINUE_LONG,15,2026-06,575,-0.000643834897880456,-0.0009616138308680794,-0.0007208225339336259,-0.000612548033978383,0.35478260869565215,0.6574868531492901,-0.0051171142278746634,0.004851321272084854
HIGH_6H_CONTINUE_LONG,15,2026-07,716,-0.000896527201881006,-0.00105545845944972,-0.0010209074514369377,-0.0009925080371901468,0.28910614525139666,0.4062695711775381,-0.0038358955222141493,0.0017167485372944664
HIGH_6H_CONTINUE_LONG,30,2024-01,875,-0.0006862132043678323,-0.0009175409627842462,-0.0007219323990120711,-0.0006899436766539449,0.4,0.7285673648375104,-0.006794611872562472,0.006184845180058553
HIGH_6H_CONTINUE_LONG,30,2024-02,995,-5.4350999763973e-05,-0.00045842970225746734,-4.756265625659843e-05,9.279142375335189e-05,0.4542713567839196,0.9749262189134313,-0.006092567849839824,0.007138974095124851
HIGH_6H_CONTINUE_LONG,30,2024-03,1058,-0.0007506009846631258,-0.0015051549620724407,-0.0009169675666992606,-0.0007384855148135802,0.3941398865784499,0.7737016396039919,-0.009243273531071915,0.008655994971859145
HIGH_6H_CONTINUE_LONG,30,2024-04,728,-0.000660059012661243,-0.0013530497493825615,-0.0009096103330426185,-0.0007879932496931452,0.3942307692307692,0.7434002148409876,-0.007275623749048664,0.0063890093742223234
HIGH_6H_CONTINUE_LONG,30,2024-05,858,-0.00043692925374130473,-0.0010925307884968698,-0.0007299988835808042,-0.0005809091081331241,0.39044289044289043,0.8089702688200364,-0.005985609377424394,0.005758130331250792
HIGH_6H_CONTINUE_LONG,30,2024-06,741,-0.001333664771811057,-0.001451489709842168,-0.0013840456839700676,-0.0013677799184133182,0.3225371120107962,0.43959054747301984,-0.0061597443708861326,0.0036794355771453853
HIGH_6H_CONTINUE_LONG,30,2024-07,857,-0.0007641183381464013,-0.0012072774328208517,-0.0009702055034216496,-0.0008891090399093479,0.39323220536756126,0.6876133221791955,-0.0065749221078861934,0.005341556729341668
HIGH_6H_CONTINUE_LONG,30,2024-08,773,-0.0011592799704446966,-0.0013302012661546396,-0.0011788217862446371,-0.001112180874901718,0.35575679172056923,0.5980193812354856,-0.007564606333955592,0.00604203566795947
HIGH_6H_CONTINUE_LONG,30,2024-09,840,-0.0006428605709429643,-0.0008380590624558864,-0.0007400684287362169,-0.0006607557523396907,0.4226190476190476,0.7065764471002086,-0.0061509748569781855,0.005339650007704002
HIGH_6H_CONTINUE_LONG,30,2024-10,912,-0.0010573076728825877,-0.0012480965486539979,-0.0011455332623305572,-0.0010883617887524862,0.3355263157894737,0.5193799825068494,-0.005767169595277898,0.0038154416962158377
HIGH_6H_CONTINUE_LONG,30,2024-11,1154,-0.0006433254172806538,-0.0012939677276798782,-0.00090944145957285,-0.0007857777472493063,0.38648180242634317,0.7730672426345206,-0.0077537507353895516,0.007599693500685863
HIGH_6H_CONTINUE_LONG,30,2024-12,1032,-0.0010206138843345024,-0.0013138302027712705,-0.001142291415886594,-0.0010849412925716005,0.3817829457364341,0.6333771797685438,-0.007379665661738199,0.006071208198332533
HIGH_6H_CONTINUE_LONG,30,2025-01,1060,-0.000698757028825802,-0.0011138972350846592,-0.000954237217785827,-0.0008647334084997441,0.38113207547169814,0.7461085588670766,-0.006841533386514386,0.0055764665924605454
HIGH_6H_CONTINUE_LONG,30,2025-02,697,-0.0012413681514842115,-0.001434690176592101,-0.0012561672944382876,-0.001242963543232558,0.35294117647058826,0.5637575513990329,-0.007392610703130618,0.005389256721116119
HIGH_6H_CONTINUE_LONG,30,2025-03,814,-0.0014867543085356574,-0.0017873114753946921,-0.0015699634847902238,-0.0015160542443700678,0.32432432432432434,0.4979643412113324,-0.007220215993233658,0.004547222711417303
HIGH_6H_CONTINUE_LONG,30,2025-04,774,-0.0008580809584248215,-0.0011077689086678826,-0.0010724651845761257,-0.0010154381684165177,0.35658914728682173,0.6867650473300915,-0.006822259119177463,0.004640065846599218
HIGH_6H_CONTINUE_LONG,30,2025-05,1004,-0.0009552629492272406,-0.0009309635197754068,-0.0010132485143824286,-0.0010352926530849637,0.37649402390438247,0.5806787300768409,-0.006105557203763189,0.003922819463536233
HIGH_6H_CONTINUE_LONG,30,2025-06,958,-0.000780689452497825,-0.0009247309545200138,-0.000815503070941191,-0.0008077449816908927,0.35386221294363257,0.5836233871575792,-0.005059548161253113,0.003643741618213443
HIGH_6H_CONTINUE_LONG,30,2025-07,1083,-0.0005040099559990615,-0.0006868943050951198,-0.0006733205167131329,-0.0006255752613371562,0.39519852262234534,0.7399907659055343,-0.005429655449162096,0.004509389907735642
HIGH_6H_CONTINUE_LONG,30,2025-08,1047,-0.0005846840542133164,-0.0009403990653734201,-0.0007515521651920211,-0.0007205921054232934,0.39255014326647564,0.7082931983129945,-0.005604219635906604,0.004781609323914692
HIGH_6H_CONTINUE_LONG,30,2025-09,886,-0.0004073132929643287,-0.0007069590074113668,-0.0004991128619392394,-0.0004406944441192244,0.40293453724604966,0.7407737052563842,-0.004514356793220608,0.003993982740351055
HIGH_6H_CONTINUE_LONG,30,2025-10,879,-0.0004137964476381882,-0.0008756035718222138,-0.0006057566908693646,-0.0005251882701065628,0.40841865756541523,0.8100898061967393,-0.005968631925038069,0.0055818567108268085
HIGH_6H_CONTINUE_LONG,30,2025-11,724,-0.0009002473644031321,-0.00097841248503645,-0.0009880135823029368,-0.0009491706287648509,0.3729281767955801,0.605516731092325,-0.006368705068963875,0.004622917648277049
HIGH_6H_CONTINUE_LONG,30,2025-12,763,1.4586686752542912e-06,-0.0007985969453170977,-0.00033832233242521724,-0.000137562068884672,0.41022280471821754,1.0007020575505674,-0.005871914555763457,0.006574067193091861
HIGH_6H_CONTINUE_LONG,30,2026-01,740,-0.000976705646702942,-0.0011095749482659227,-0.0009896014603797815,-0.000950507046685959,0.327027027027027,0.47650021951063204,-0.004824640490551056,0.0032329919787751145
HIGH_6H_CONTINUE_LONG,30,2026-02,615,-0.0012653091703125425,-0.0011058699420718014,-0.001111747813903535,-0.0012254047576940774,0.39186991869918697,0.5401486804176959,-0.007667742573711854,0.004630532208529495
HIGH_6H_CONTINUE_LONG,30,2026-03,580,-0.0010300953870802294,-0.001920027987764427,-0.0015085798999792091,-0.0012411628786199388,0.31551724137931036,0.654171900093268,-0.00805174144319769,0.006939011394997399
HIGH_6H_CONTINUE_LONG,30,2026-04,643,-0.0008044085159783311,-0.0011281605608103977,-0.0009120862963611494,-0.0008360853838072599,0.359253499222395,0.6396627349639944,-0.005998694847283569,0.004441398867337239
HIGH_6H_CONTINUE_LONG,30,2026-05,789,-0.0004522009108394972,-0.0007452345965894386,-0.0005174988117458336,-0.0004470360618388021,0.38149556400506973,0.7161088601617049,-0.004027340507928478,0.0038758266459354906
HIGH_6H_CONTINUE_LONG,30,2026-06,575,-0.0008027891877764846,-0.001336702519522736,-0.0009013863886228879,-0.000821319436582353,0.37217391304347824,0.6811541269487844,-0.006524137489835735,0.006559034685793398
HIGH_6H_CONTINUE_LONG,30,2026-07,716,-0.000924598090455339,-0.001121287247626345,-0.0011198250449333267,-0.0010671806923055716,0.31564245810055863,0.5248360063787187,-0.005177115526863962,0.003393064097371768
HIGH_6H_CONTINUE_LONG,60,2024-01,875,-7.74759350304023e-05,-0.0008329436007705298,-6.08580693651498e-05,0.00012280993808548026,0.44571428571428573,0.9747223428449737,-0.008108497798066015,0.010585357853134999
HIGH_6H_CONTINUE_LONG,60,2024-02,995,-0.00041940914414758057,-0.000831389660187764,-0.0004809671742807434,-0.00026285401911755674,0.44221105527638194,0.8725839535997049,-0.009302091195955663,0.009526449419068177
HIGH_6H_CONTINUE_LONG,60,2024-03,1058,-0.0006180424122952513,-0.0011165961195359168,-0.0006950633002266718,-0.0005913421199358111,0.43005671077504726,0.8541776751873553,-0.011740007006811801,0.01285211030239273
HIGH_6H_CONTINUE_LONG,60,2024-04,728,-0.0009803323804630578,-0.002028617811588484,-0.0012071502309921424,-0.001099579704930156,0.385989010989011,0.7221377508347216,-0.009600544900887131,0.00898542961068134
HIGH_6H_CONTINUE_LONG,60,2024-05,858,-0.0008470684402023114,-0.001483112200118663,-0.0010607497509860383,-0.0009854553445392824,0.3787878787878788,0.7329106125471585,-0.00828758828269912,0.007358409155748573
HIGH_6H_CONTINUE_LONG,60,2024-06,741,-0.001898783942586435,-0.0019488157798091647,-0.0019091252514890928,-0.0018858433307300038,0.3049932523616734,0.368560563045299,-0.0076343604536498015,0.0039019421269163475
HIGH_6H_CONTINUE_LONG,60,2024-07,857,-0.000989253618422705,-0.0017194029850747354,-0.0013246426624244044,-0.0012396561607551859,0.3570595099183197,0.6741123937706115,-0.008295367451159951,0.006963526439206214
HIGH_6H_CONTINUE_LONG,60,2024-08,773,-0.0014084062420783492,-0.0014913878222710501,-0.0014689261073564538,-0.0014062654223254655,0.3816300129366106,0.6150111618396343,-0.01058433273516268,0.008247660512539026
HIGH_6H_CONTINUE_LONG,60,2024-09,840,-0.0005221588439310956,-0.0009855734324685332,-0.0007318502759274656,-0.000653560790089944,0.4119047619047619,0.7992028530135081,-0.0074932906475446695,0.006699001016443675
HIGH_6H_CONTINUE_LONG,60,2024-10,912,-0.001468033589166179,-0.0014710718190796383,-0.001460780331643623,-0.0013926110247774507,0.32785087719298245,0.465543779364893,-0.006945742380434027,0.004337960772883643
HIGH_6H_CONTINUE_LONG,60,2024-11,1154,-0.00042402876391887554,-0.0010763917788375148,-0.0007936228915831112,-0.0006227027330212208,0.4202772963604853,0.8778501557374754,-0.009889913180881914,0.009792478140598053
HIGH_6H_CONTINUE_LONG,60,2024-12,1032,-0.0010729874746882304,-0.0013648009164365475,-0.001179265645522104,-0.001186800188471356,0.40310077519379844,0.6969988084559131,-0.010691971189418847,0.008824066224705995
HIGH_6H_CONTINUE_LONG,60,2025-01,1060,-0.0012476846436662303,-0.0012824964960376321,-0.0012609812729474392,-0.0012448535925962353,0.3867924528301887,0.6284262454460393,-0.00849608610049628,0.0061077168156824305
HIGH_6H_CONTINUE_LONG,60,2025-02,697,-0.0016014185572191064,-0.0016212636231994308,-0.0015748764112090041,-0.0015807129600200055,0.37302725968436157,0.5842518099487819,-0.010336372795269132,0.00845017282670264
HIGH_6H_CONTINUE_LONG,60,2025-03,814,-0.0005614139194975747,-0.0012555626562878001,-0.0010663513450889866,-0.0009914473635756161,0.3759213759213759,0.8244829090372219,-0.00890431015941373,0.007411317447971351
HIGH_6H_CONTINUE_LONG,60,2025-04,774,-0.00044044990019702595,-0.0011385858556120058,-0.000979326466156757,-0.0008357500702264743,0.39405684754521964,0.8668073003708288,-0.008652810713070568,0.007228304069399768
HIGH_6H_CONTINUE_LONG,60,2025-05,1004,-0.0006151119891314975,-0.0008027959190230021,-0.0007131234252681416,-0.0006572564477681183,0.4163346613545817,0.7885193465932318,-0.007943324096276627,0.007058985126668012
HIGH_6H_CONTINUE_LONG,60,2025-06,958,-0.000356650437535112,-0.0004260832356028471,-0.00044091845444203673,-0.00041340410561194766,0.44363256784968685,0.8257490914962397,-0.006332877170293016,0.005463566776468336
HIGH_6H_CONTINUE_LONG,60,2025-07,1083,-0.0007804627153968198,-0.0007379587127198211,-0.0008788871033548031,-0.0008624093680737082,0.3988919667590028,0.686339850394315,-0.007790734200037752,0.005502286758399622
HIGH_6H_CONTINUE_LONG,60,2025-08,1047,-0.0006830301514241951,-0.001171733802888774,-0.0008726296147754314,-0.0007406102259406435,0.4087870105062082,0.7451078917172923,-0.007413261640702727,0.006450372258478575
HIGH_6H_CONTINUE_LONG,60,2025-09,886,-0.0004829631100752771,-0.0006584562623882622,-0.000580860969439238,-0.0005218953368996369,0.42325056433408575,0.7645428225139023,-0.005932663658621894,0.0052933966785535976
HIGH_6H_CONTINUE_LONG,60,2025-10,879,-0.0003231544877655488,-0.000922061191626366,-0.0005822014628853058,-0.0004539832171894634,0.41751990898748575,0.8840875747900375,-0.007762678569753944,0.00803581717887541
HIGH_6H_CONTINUE_LONG,60,2025-11,724,-0.0006653750750895451,-0.001152783209686769,-0.0008895399759216552,-0.0007230706443026524,0.3867403314917127,0.7876215462465666,-0.008555058941903214,0.008141263825407587
HIGH_6H_CONTINUE_LONG,60,2025-12,763,0.000297295836924315,-0.0009217771633554633,-0.00018228087488774027,0.00013830558184021004,0.4351245085190039,1.0980350562550427,-0.008150964196055809,0.010262773272073911
HIGH_6H_CONTINUE_LONG,60,2026-01,740,-0.0007968383325714431,-0.0011251584871686086,-0.0008912278445265344,-0.0007863296873450315,0.3716216216216216,0.6256772158769434,-0.005672326296158168,0.005409941146602227
HIGH_6H_CONTINUE_LONG,60,2026-02,615,-0.001387722260843912,-0.0014974646623288727,-0.0011669590995482383,-0.001299421118590142,0.40487804878048783,0.6523849572710654,-0.011715758579590018,0.009036820288694949
HIGH_6H_CONTINUE_LONG,60,2026-03,580,-0.0011418193860690188,-0.0022035248081775476,-0.0017314572346149551,-0.0013507726896041996,0.35,0.7010407485341204,-0.009930787035453236,0.0087391072187486
HIGH_6H_CONTINUE_LONG,60,2026-04,643,-0.0008847542261847797,-0.0009283815480844554,-0.0009620923990056262,-0.0009238131522202264,0.38880248833592534,0.6757161086773287,-0.007551888363396397,0.006224685553955595
HIGH_6H_CONTINUE_LONG,60,2026-05,789,-0.00036059731013257364,-0.000836053190652341,-0.0005146366944683575,-0.00043573833219169794,0.4005069708491762,0.8140603788628712,-0.005278968228759238,0.005417199167256186
HIGH_6H_CONTINUE_LONG,60,2026-06,575,-0.0012815667027096676,-0.0018268057046465051,-0.0015559127558927319,-0.0013940284570340266,0.35130434782608694,0.6100506327184482,-0.009019609785784909,0.006782398000416493
HIGH_6H_CONTINUE_LONG,60,2026-07,716,-0.0012014676395960897,-0.0014103742155404768,-0.0013278429215007805,-0.0012477426407062793,0.35195530726256985,0.5200685963618099,-0.006362042584405547,0.004110359620404114
HIGH_6H_CONTINUE_LONG,120,2024-01,875,-0.0005450680024408958,-0.0014777429467083929,-0.0006572324781942762,-0.00033569481305170635,0.40914285714285714,0.8689737751094075,-0.011418563790732516,0.012495429122517866
HIGH_6H_CONTINUE_LONG,120,2024-02,995,-0.0004354570435869437,-0.0010916874097293798,-0.0006301790245496668,-0.00039798750196991397,0.4371859296482412,0.8921585651643561,-0.0119520538892101,0.011029500901214177
HIGH_6H_CONTINUE_LONG,120,2024-03,1058,-0.0007110780420690728,-0.0015603174650162359,-0.0007981962331090988,-0.0006153024867144136,0.4281663516068053,0.8723454616547504,-0.015909152049397957,0.01655789114978415
HIGH_6H_CONTINUE_LONG,120,2024-04,728,-0.001184891879166509,-0.0024028122449685878,-0.0015815522718720984,-0.0014116993955307895,0.3942307692307692,0.7297659815813577,-0.012530737661562784,0.011273976879858703
HIGH_6H_CONTINUE_LONG,120,2024-05,858,-0.0015871464527658777,-0.0020183857047134206,-0.0018944649700078943,-0.0018384336241460343,0.36013986013986016,0.6085050351192248,-0.011351584551640502,0.008293264519303482
HIGH_6H_CONTINUE_LONG,120,2024-06,741,-0.0017276635868719657,-0.001846048105410513,-0.0017084411197914437,-0.0017243542587408061,0.3576248313090418,0.5077018567081996,-0.009116175792317448,0.006510344212060804
HIGH_6H_CONTINUE_LONG,120,2024-07,857,-0.0011041512962996825,-0.0013460958604543764,-0.0012006209671802275,-0.0011971989717672858,0.42123687281213534,0.714795602450011,-0.011334667368111284,0.008800602322278259
HIGH_6H_CONTINUE_LONG,120,2024-08,773,-0.0021639171682005004,-0.0019270009777902601,-0.0019240808487371037,-0.0020734304548944865,0.40103492884864167,0.5748451819431716,-0.013459627026769927,0.009275914896257946
HIGH_6H_CONTINUE_LONG,120,2024-09,840,-0.0010446041928710555,-0.0012483767461982757,-0.001039304229046042,-0.0010056482701103822,0.4083333333333333,0.7099028515538134,-0.00981684552867189,0.008607101150334853
HIGH_6H_CONTINUE_LONG,120,2024-10,912,-0.0017270041613339168,-0.001592869555915543,-0.0016305507657635677,-0.0016339540621499483,0.3574561403508772,0.5006506468929297,-0.009280221579456991,0.006144891147998675
HIGH_6H_CONTINUE_LONG,120,2024-11,1154,0.00036659566054008324,-0.0007452645047701484,-0.00028123760756402897,9.229269177443447e-05,0.46187175043327555,1.0832530497063129,-0.013045843725030625,0.014841642891309579
HIGH_6H_CONTINUE_LONG,120,2024-12,1032,-0.0008828135064042513,-0.0015247142579201227,-0.0012928169449795913,-0.0011714592506668038,0.42151162790697677,0.8112127260586429,-0.013921851187403222,0.012363948111273925
HIGH_6H_CONTINUE_LONG,120,2025-01,1060,-0.0007586622799657278,-0.001025876774407363,-0.00077998298928782,-0.0007740698091818676,0.41509433962264153,0.7994364965302138,-0.010516510353923035,0.009902436993743137
HIGH_6H_CONTINUE_LONG,120,2025-02,697,-0.0015212477085587979,-0.0020422160823170936,-0.0017838317513170087,-0.0016905166174895406,0.38450502152080346,0.6928940384121018,-0.014851429815482108,0.012404109954709037
HIGH_6H_CONTINUE_LONG,120,2025-03,814,-0.0006221785169986425,-0.0011357481628927017,-0.001108869822015237,-0.0009763326643092377,0.4176904176904177,0.8509010659939048,-0.01121346584537086,0.009899186787097851
HIGH_6H_CONTINUE_LONG,120,2025-04,774,-0.00023337797258299995,-0.0007867484421019804,-0.0006609797375870049,-0.0005371318232701983,0.44573643410852715,0.9398630237714155,-0.010805964362728624,0.009765623647105452
HIGH_6H_CONTINUE_LONG,120,2025-05,1004,1.9999696379526712e-05,-0.0006233024187911157,-0.00017050421028578735,-8.152444403371842e-05,0.4641434262948207,1.0054967270281423,-0.010271749847516309,0.012578804953071603
HIGH_6H_CONTINUE_LONG,120,2025-06,958,-0.00028814795359989056,-0.0003399409615477239,-0.00036898175262406745,-0.00032609334983746104,0.4822546972860125,0.9038608256759884,-0.009297274031599256,0.008786712712966606
HIGH_6H_CONTINUE_LONG,120,2025-07,1083,-0.000928394916933098,-0.0006964814913334555,-0.0010182896559983274,-0.0010514600374739117,0.4422899353647276,0.7136826299522786,-0.009787707337351813,0.007039500352741239
HIGH_6H_CONTINUE_LONG,120,2025-08,1047,-7.029930780062573e-05,-0.0006962863817226544,-0.00030021863415746357,-0.000145925213030582,0.45463228271251194,0.9767256993215501,-0.008548627708001976,0.009143346057350921
HIGH_6H_CONTINUE_LONG,120,2025-09,886,-0.0009276544701784171,-0.0009350712937855715,-0.0008639034495750783,-0.0008831842905566656,0.40970654627539504,0.6789239958198711,-0.008568977349119666,0.00684855651773213
HIGH_6H_CONTINUE_LONG,120,2025-10,879,-0.0011294033919434822,-0.0010104596625340571,-0.00107442262693155,-0.0010959066882587382,0.4402730375426621,0.7449307864829299,-0.013466807275115466,0.010362107314104904
HIGH_6H_CONTINUE_LONG,120,2025-11,724,-0.00047470788711909205,-0.0011536985076273758,-0.0006096907189740965,-0.0004603468022625799,0.45027624309392267,0.8897489273798939,-0.012701334671097474,0.012222974378726976
HIGH_6H_CONTINUE_LONG,120,2025-12,763,0.0003147366390334051,-0.0006621615726199564,-3.839381983110498e-05,0.0002982716701660929,0.4534731323722149,1.0814302564336256,-0.009461158379426026,0.012264694980295168
HIGH_6H_CONTINUE_LONG,120,2026-01,740,-0.0018974197920144811,-0.001711571945339118,-0.0016859435026912223,-0.0017325152494350258,0.3527027027027027,0.44634397884037014,-0.009339158526691814,0.005632507766913998
HIGH_6H_CONTINUE_LONG,120,2026-02,615,-0.0004333753594526502,-0.0006318872466956721,-0.0005018506882314889,-0.00043295077891007325,0.4715447154471545,0.9067392717178308,-0.015212404158087087,0.014420263657604595
HIGH_6H_CONTINUE_LONG,120,2026-03,580,-0.0017027748377272057,-0.0031817432790568027,-0.0025083412055295737,-0.0020447916472924143,0.31724137931034485,0.6457114861190434,-0.012568589354674142,0.009029335916152029
HIGH_6H_CONTINUE_LONG,120,2026-04,643,-0.00129621026325572,-0.0015807333354424628,-0.001503725963075976,-0.0014025845923137568,0.36702954898911355,0.6335616146264431,-0.009913872606943428,0.007469109446230605
HIGH_6H_CONTINUE_LONG,120,2026-05,789,-0.00011222753162394827,-0.0007152472052551312,-0.0004298542241263265,-0.0003468664568649225,0.44106463878326996,0.9555877299989083,-0.007844786055955042,0.007789729702018347
HIGH_6H_CONTINUE_LONG,120,2026-06,575,-0.001475653295821257,-0.0017381272633211868,-0.0016559236369315894,-0.001632720607797653,0.4,0.6429324889563091,-0.011737122171655944,0.009399529522587829
HIGH_6H_CONTINUE_LONG,120,2026-07,716,-0.0016740976883817282,-0.001808794551591563,-0.0018230272201533522,-0.0017862368535698492,0.3365921787709497,0.5003116962593503,-0.009216112710359336,0.005327804315808194
HIGH_6H_REVERSE_SHORT,5,2024-01,875,-0.0006059960044698756,-0.0005900377569013176,-0.0006373233842943483,-0.0006893974000941733,0.36342857142857143,0.5530822569587945,-0.0036684607023528704,0.002191821171086385
HIGH_6H_REVERSE_SHORT,5,2024-02,995,-0.0007567988615727933,-0.000662743129627174,-0.0007417886435040398,-0.0007686634404927644,0.31055276381909547,0.41479566118824945,-0.0035655262601604005,0.0019300556655864394
HIGH_6H_REVERSE_SHORT,5,2024-03,1058,-0.0007903286029391862,-0.00042569514751551404,-0.0007388349238056119,-0.0008066361777875604,0.41398865784499056,0.5299439612224194,-0.004960681707351798,0.0027089104888645696
HIGH_6H_REVERSE_SHORT,5,2024-04,728,-0.0007059931791319522,-0.0003570837788819497,-0.0006101362487085616,-0.0006723161817585485,0.4258241758241758,0.49693328223834415,-0.004154798797508929,0.002310592019481563
HIGH_6H_REVERSE_SHORT,5,2024-05,858,-0.0005717084117083293,-0.0004326774951086792,-0.0004697304887762266,-0.0004916595250652201,0.40675990675990675,0.551782964571125,-0.0035561696195795627,0.0025438742898892274
HIGH_6H_REVERSE_SHORT,5,2024-06,741,-0.00038691818010846936,-0.00037003203871817044,-0.00037397050251439376,-0.0003850097450578078,0.40215924426450744,0.603467686899699,-0.0029740776387553007,0.0019654016582628005
HIGH_6H_REVERSE_SHORT,5,2024-07,857,-0.00041782895656637757,-0.00021786122645490677,-0.0003440345624444697,-0.0003885088445971124,0.44224037339556593,0.6229245766445743,-0.003290888829074822,0.002218502873899398
HIGH_6H_REVERSE_SHORT,5,2024-08,773,-0.00026148577397345124,-0.00028719860282051476,-0.0002868721341811671,-0.0003104608768523231,0.4463130659767141,0.7883051986390904,-0.0035031501997097475,0.0031804983029821068
HIGH_6H_REVERSE_SHORT,5,2024-09,840,-0.0005438962004602428,-0.00024307127463847275,-0.00047911968190738886,-0.0005246694991229315,0.4357142857142857,0.5355639123218088,-0.003616930455331423,0.002002559057471188
HIGH_6H_REVERSE_SHORT,5,2024-10,912,-0.0006663695451773815,-0.0005161407597139672,-0.0006142593336552032,-0.0006523589535233286,0.3519736842105263,0.3902277014608516,-0.003039017143496724,0.0015255489316743363
HIGH_6H_REVERSE_SHORT,5,2024-11,1154,-0.0006184920972123261,-0.0004594784465741347,-0.0005753378433307275,-0.000640217231875704,0.41161178509532065,0.5727572211351712,-0.004600138489967364,0.002758332441846291
HIGH_6H_REVERSE_SHORT,5,2024-12,1032,-0.0006727156407888168,-0.000510220631317459,-0.0006165047367167971,-0.0006582111557328273,0.38953488372093026,0.4958676766876171,-0.003829070216538154,0.0021580939798966805
HIGH_6H_REVERSE_SHORT,5,2025-01,1060,-0.000664852897816162,-0.0005484923603827457,-0.000583607850064589,-0.0006298733027986992,0.3858490566037736,0.5243193664869747,-0.003655624244321109,0.002218352499227495
HIGH_6H_REVERSE_SHORT,5,2025-02,697,-0.0005131853872538377,-0.0002951451871047833,-0.00039894469494117533,-0.0004588666096770501,0.42754662840746055,0.5946718555804916,-0.0036734100313368092,0.0027009290727189497
HIGH_6H_REVERSE_SHORT,5,2025-03,814,-0.0005058447550108574,-0.0002607878879613662,-0.00034050940710621274,-0.0003919510724674553,0.44226044226044225,0.6294693652162484,-0.0033095620946193664,0.0024158644749915706
HIGH_6H_REVERSE_SHORT,5,2025-04,774,-0.00023173816956352134,-0.00023726441772066117,-0.00018964298405421473,-0.00020560041166468393,0.437984496124031,0.789448811564529,-0.002598469231320254,0.002498957563009143
HIGH_6H_REVERSE_SHORT,5,2025-05,1004,-0.0005717928519815438,-0.00047556529465421157,-0.0004986820760826175,-0.0005379188525910613,0.3715139442231076,0.5212453241248302,-0.0031754332884294397,0.001976917528344694
HIGH_6H_REVERSE_SHORT,5,2025-06,958,-0.0005782918136927122,-0.00052631100417656,-0.0005283097505988875,-0.0005445830288011368,0.34237995824634654,0.42644289641847205,-0.002578464230837318,0.0014538254299289695
HIGH_6H_REVERSE_SHORT,5,2025-07,1083,-0.0006347258888436194,-0.0005539290814994929,-0.0005808796363594106,-0.0006055310490317648,0.33887349953831947,0.41786045393613225,-0.002966095479231234,0.001600916142016563
HIGH_6H_REVERSE_SHORT,5,2025-08,1047,-0.0006250113567680528,-0.00046129371769827396,-0.0005203863398603779,-0.0005622966720616243,0.37153772683858644,0.44563886261047064,-0.0029262104990133366,0.0016304199025529713
HIGH_6H_REVERSE_SHORT,5,2025-09,886,-0.0006388640703072789,-0.000574690293709223,-0.0006210436147854769,-0.0006352785823800353,0.3047404063205418,0.35859564517074455,-0.0027331137169968704,0.0012622906627991932
HIGH_6H_REVERSE_SHORT,5,2025-10,879,-0.00047023324663841165,-0.0002481501576747197,-0.00037264826904020087,-0.0004251879757237134,0.43572241183162685,0.6071981795237944,-0.0035141969073372733,0.002416670675828893
HIGH_6H_REVERSE_SHORT,5,2025-11,724,-0.00044293195670306945,-0.0003479622533548271,-0.0003615497580307345,-0.0003921591846854903,0.44060773480662985,0.6107306341524813,-0.0032578535840685147,0.002536231459852702
HIGH_6H_REVERSE_SHORT,5,2025-12,763,-0.0005406365858389936,-0.00036290207855844633,-0.0005114960640026102,-0.0005393989978106918,0.4089121887287025,0.5609608536688409,-0.003692549210975148,0.0024684460838041225
HIGH_6H_REVERSE_SHORT,5,2026-01,740,-0.0006081747136423422,-0.000462402860263455,-0.0005204199609893485,-0.0005459058698317196,0.327027027027027,0.3854114232208334,-0.002417354599401133,0.0014550876087742754
HIGH_6H_REVERSE_SHORT,5,2026-02,615,-0.000288011809826981,-8.527401116304953e-05,-0.00019267758762097866,-0.00021937867993624508,0.4796747967479675,0.7447213759351888,-0.0034756741639621713,0.0026381293366189336
HIGH_6H_REVERSE_SHORT,5,2026-03,580,-0.0003638627236326641,-0.00024784334617517997,-0.00026249524296372587,-0.0003256594508046054,0.4482758620689655,0.7286985804460498,-0.004215815018372359,0.0033935723648312443
HIGH_6H_REVERSE_SHORT,5,2026-04,643,-0.0005381993480905756,-0.00043576942026597395,-0.0005021712384175612,-0.0005334859021704747,0.3654743390357698,0.517095085696604,-0.0033150012023072544,0.0019351041424074972
HIGH_6H_REVERSE_SHORT,5,2026-05,789,-0.0006372359735476254,-0.000486992880551606,-0.0005451969622373699,-0.0005792981260595276,0.3193916349809886,0.3505128303857011,-0.0023376276111323193,0.001151053104703071
HIGH_6H_REVERSE_SHORT,5,2026-06,575,-0.0005347634091938608,-0.0003185477061638625,-0.00047036915643056034,-0.0004993081388412198,0.4156521739130435,0.5638905691554513,-0.0039220860215605,0.002346160510637808
HIGH_6H_REVERSE_SHORT,5,2026-07,716,-0.00034028780327542474,-0.00034314978124673154,-0.0003113343687858496,-0.00031758216345583644,0.3840782122905028,0.5615746693701671,-0.0020697531585611266,0.001505479474623917
HIGH_6H_REVERSE_SHORT,15,2024-01,875,-0.00039396944382755894,-0.00020518551941957005,-0.00039100057340937686,-0.0004649025762760576,0.472,0.7877848391872224,-0.005260842204859072,0.0044113908994737345
HIGH_6H_REVERSE_SHORT,15,2024-02,995,-0.0009253011995341276,-0.0006,-0.0008977526486758045,-0.000975913449321739,0.4190954773869347,0.5418580132166867,-0.0060748851510435955,0.003602848786842806
HIGH_6H_REVERSE_SHORT,15,2024-03,1058,-0.0008835008016245362,-0.0003110011514016014,-0.0007130121788879138,-0.0008530525247902187,0.46880907372400754,0.6541637726279109,-0.008333929932954297,0.005552359021638833
HIGH_6H_REVERSE_SHORT,15,2024-04,728,-0.0007129699165915595,0.00010711202477197204,-0.0004902103927303062,-0.0006172549355379122,0.5164835164835165,0.6548318457717972,-0.006705161342267461,0.004137661365735503
HIGH_6H_REVERSE_SHORT,15,2024-05,858,-0.0005242103465611611,-1.56328857886073e-05,-0.0002850634020235739,-0.000375991303166208,0.4988344988344988,0.7096624599753799,-0.005643074498722965,0.00425481387367061
HIGH_6H_REVERSE_SHORT,15,2024-06,741,-7.13845463762369e-05,-0.00011103922969874999,-9.027387281718038e-05,-0.00010157838838484376,0.47638326585695007,0.942270117169438,-0.0041546524292937585,0.003777604991834705
HIGH_6H_REVERSE_SHORT,15,2024-07,857,-0.00024207737658912904,-3.429217951784688e-05,-0.00011838026471646716,-0.0001851236726598906,0.4935822637106184,0.8458826669899264,-0.00485741059781588,0.004256484266780936
HIGH_6H_REVERSE_SHORT,15,2024-08,773,-3.788725834223598e-05,0.00016951321453400117,5.722250632273602e-05,1.8901229898913852e-07,0.5213454075032341,0.9771140086307847,-0.00521734988579261,0.005064198014825763
HIGH_6H_REVERSE_SHORT,15,2024-09,840,-0.0005610058814811385,-0.00024273094287359184,-0.0004383302004115661,-0.0005209342730007244,0.4738095238095238,0.6499141155039991,-0.005048935950173416,0.003371763001128037
HIGH_6H_REVERSE_SHORT,15,2024-10,912,-0.0004627177831975245,-0.0002317369169771538,-0.0003578152868587889,-0.0004085827299888415,0.46381578947368424,0.670823597254698,-0.004248669976376184,0.0031037021028962114
HIGH_6H_REVERSE_SHORT,15,2024-11,1154,-0.000721532098711536,-0.0003727036531005029,-0.0005478280591071109,-0.0006467087018013058,0.46360485268630847,0.6890105945110326,-0.00686144500878396,0.005113052936370467
HIGH_6H_REVERSE_SHORT,15,2024-12,1032,-0.0004961270195409248,-0.0001936567718288756,-0.000387905632213453,-0.0004596653583195602,0.4757751937984496,0.7343147536520588,-0.00579422875937503,0.004267299771578614
HIGH_6H_REVERSE_SHORT,15,2025-01,1060,-0.0007188229297037891,-0.0003510936711062057,-0.00048255059225570763,-0.0005831124305881273,0.44622641509433963,0.6587060573440656,-0.005634412881091165,0.0039574947421987874
HIGH_6H_REVERSE_SHORT,15,2025-02,697,-1.5050001444303695e-05,0.0002126909823809037,-1.9761782495177608e-05,-8.816070533341785e-05,0.5322812051649928,0.9909802591499614,-0.005611461896818181,0.004620574126312115
HIGH_6H_REVERSE_SHORT,15,2025-03,814,-9.950650551621751e-05,0.0001310794430629986,6.713968160681886e-05,4.331612066875683e-05,0.515970515970516,0.9401457713197342,-0.004698424759317765,0.004847609407922523
HIGH_6H_REVERSE_SHORT,15,2025-04,774,0.00023296527532803743,-4.9825171824845996e-05,7.310357740665753e-05,7.688945678058028e-05,0.49224806201550386,1.1755936706407033,-0.0035758857316878327,0.004305519790898128
HIGH_6H_REVERSE_SHORT,15,2025-05,1004,-0.00035583535810671234,-0.00018630134752773916,-0.00028896314697340235,-0.0003385904736142238,0.4701195219123506,0.7650741374364683,-0.004324603440994677,0.0034995052035180062
HIGH_6H_REVERSE_SHORT,15,2025-06,958,-0.0005896401683192546,-0.0003906170344771914,-0.00046253999988847647,-0.000522449072382637,0.4112734864300626,0.5812270726618233,-0.004006768521430692,0.0027028229273721185
HIGH_6H_REVERSE_SHORT,15,2025-07,1083,-0.0006388674656000819,-0.00047772445205258526,-0.0005366446475076327,-0.0005868189573478977,0.4118190212373038,0.5840826572012204,-0.004412575863822776,0.0029042810824652108
HIGH_6H_REVERSE_SHORT,15,2025-08,1047,-0.0006020377299641225,-0.00040681181538932906,-0.00046135871102065634,-0.0004843207491498509,0.42024832855778416,0.6048363728765901,-0.004265388457423901,0.0031874857619480505
HIGH_6H_REVERSE_SHORT,15,2025-09,886,-0.0007896852985148455,-0.0005234852756787583,-0.0007423564311315899,-0.0007869187339427123,0.40632054176072235,0.4394849037096009,-0.004172265629623983,0.0021349417959103285
HIGH_6H_REVERSE_SHORT,15,2025-10,879,-0.0003612493340667075,-0.00012374767285800944,-0.00021721263902767474,-0.00023870161541630417,0.4812286689419795,0.7814567937057479,-0.005033710096134467,0.004073076589607296
HIGH_6H_REVERSE_SHORT,15,2025-11,724,-0.0002536258776244238,-6.751006259798572e-05,-0.00015243761100100438,-0.0001910482103445877,0.4903314917127072,0.8369403986492089,-0.004775659940813747,0.004167520210503906
HIGH_6H_REVERSE_SHORT,15,2025-12,763,-0.0007659299431306207,-0.00028133406046100204,-0.0006090221360531398,-0.0007051390546107817,0.44823066841415465,0.5808167648210092,-0.0060449996287900145,0.0036617057651563245
HIGH_6H_REVERSE_SHORT,15,2026-01,740,-0.0002075767230336224,-0.00011585890176686261,-0.00011205614027636912,-0.00011678599988746486,0.47162162162162163,0.8093274735096623,-0.003026356255311912,0.00268025850740481
HIGH_6H_REVERSE_SHORT,15,2026-02,615,1.139800505193317e-05,0.00019780123105765993,4.981525195755352e-05,3.792040079934751e-05,0.5300813008130081,1.0076670743152998,-0.004932448127130161,0.004359895598505028
HIGH_6H_REVERSE_SHORT,15,2026-03,580,3.1720455249478226e-05,0.00048309156483404894,0.0003262842448025078,0.00014403725743236296,0.593103448275862,1.0171479563508161,-0.0062289937506215575,0.0058708245392603674
HIGH_6H_REVERSE_SHORT,15,2026-04,643,-0.00040805197771641026,-0.0002484649636746544,-0.00038323081868767926,-0.00038396227683570313,0.4525660964230171,0.7018720867323927,-0.004175090687868076,0.0031539089974980355
HIGH_6H_REVERSE_SHORT,15,2026-05,789,-0.0006344765981374036,-0.00030489868188061594,-0.0005083516407955999,-0.0005902917838258667,0.4233206590621039,0.5155454867832614,-0.003672510607613931,0.0019081038151202334
HIGH_6H_REVERSE_SHORT,15,2026-06,575,-0.0005561651021195437,-0.00023838616913192054,-0.0004791774660663745,-0.0005874519660216169,0.46608695652173915,0.6841038120799756,-0.006051321272084852,0.003917114227874665
HIGH_6H_REVERSE_SHORT,15,2026-07,716,-0.00030347279811899364,-0.00014454154055027976,-0.00017909254856306192,-0.00020749196280985286,0.4594972067039106,0.7236531649906945,-0.002916748537294466,0.0026358955222141496
HIGH_6H_REVERSE_SHORT,30,2024-01,875,-0.0005137867956321679,-0.0002824590372157537,-0.0004780676009879305,-0.0005100563233460558,0.47885714285714287,0.7847093772481479,-0.0073848451800585515,0.005594611872562473
HIGH_6H_REVERSE_SHORT,30,2024-02,995,-0.0011456490002360268,-0.0007415702977425326,-0.0011524373437434032,-0.0012927914237533522,0.4100502512562814,0.5818537486955458,-0.008338974095124851,0.0048925678498398266
HIGH_6H_REVERSE_SHORT,30,2024-03,1058,-0.0004493990153368746,0.0003051549620724409,-0.00028303243330074105,-0.00046151448518642,0.5198487712665406,0.8549521820950265,-0.009855994971859138,0.00804327353107192
HIGH_6H_REVERSE_SHORT,30,2024-04,728,-0.0005399409873387567,0.0001530497493825617,-0.00029038966695738206,-0.0004120067503068546,0.5137362637362637,0.7788952936212202,-0.007589009374222309,0.0060756237490486725
HIGH_6H_REVERSE_SHORT,30,2024-05,858,-0.0007630707462586954,-0.00010746921150313002,-0.00047000111641919666,-0.0006190908918668758,0.48717948717948717,0.6803767692287545,-0.006958130331250788,0.004785609377424396
HIGH_6H_REVERSE_SHORT,30,2024-06,741,0.00013366477181105726,0.00025148970984216815,0.00018404568397006757,0.00016777991841331855,0.5357624831309041,1.088414401398076,-0.004879435577145385,0.004959744370886133
HIGH_6H_REVERSE_SHORT,30,2024-07,857,-0.0004358816618535989,7.277432820851945e-06,-0.00022979449657835202,-0.00031089096009065214,0.5017502917152858,0.8033069803894892,-0.006541556729341667,0.005374922107886194
HIGH_6H_REVERSE_SHORT,30,2024-08,773,-4.072002955530301e-05,0.0001302012661546398,-2.1178213755363707e-05,-8.781912509828206e-05,0.5135834411384217,0.9817511457009159,-0.007242035667959467,0.006364606333955593
HIGH_6H_REVERSE_SHORT,30,2024-09,840,-0.0005571394290570355,-0.00036194093754411346,-0.0004599315712637838,-0.0005392442476603093,0.46785714285714286,0.7374640998906079,-0.006539650007704,0.004950974856978187
HIGH_6H_REVERSE_SHORT,30,2024-10,912,-0.00014269232711741216,4.809654865399807e-05,-5.446673766944321e-05,-0.0001116382112475142,0.5076754385964912,0.9131935260018023,-0.005015441696215838,0.004567169595277898
HIGH_6H_REVERSE_SHORT,30,2024-11,1154,-0.0005566745827193464,9.396772767987841e-05,-0.00029055854042715084,-0.00041422225275069375,0.5069324090121318,0.7947040233980129,-0.008799693500685855,0.006553750735389557
HIGH_6H_REVERSE_SHORT,30,2024-12,1032,-0.0001793861156654975,0.00011383020277127068,-5.7708584113408104e-05,-0.0001150587074283993,0.5174418604651163,0.9213665184733097,-0.007271208198332534,0.006179665661738199
HIGH_6H_REVERSE_SHORT,30,2025-01,1060,-0.0005012429711741983,-8.61027649153406e-05,-0.00024576278221417425,-0.0003352665915002556,0.49150943396226415,0.8061948816070073,-0.006776466592460537,0.005641533386514387
HIGH_6H_REVERSE_SHORT,30,2025-02,697,4.136815148421181e-05,0.00023469017659210115,5.616729443828713e-05,4.296354323255755e-05,0.5251076040172167,1.0197541955850828,-0.00658925672111612,0.006192610703130617
HIGH_6H_REVERSE_SHORT,30,2025-03,814,0.0002867543085356574,0.0005873114753946923,0.00036996348479022333,0.00031605424437006755,0.558968058968059,1.1484367549491836,-0.005747222711417297,0.006020215993233658
HIGH_6H_REVERSE_SHORT,30,2025-04,774,-0.00034191904157517916,-9.223109133211724e-05,-0.00012753481542387453,-0.00018456183158348406,0.4844961240310077,0.8578750228184902,-0.005840065846599217,0.005622259119177472
HIGH_6H_REVERSE_SHORT,30,2025-05,1004,-0.00024473705077275934,-0.0002690364802245931,-0.00018675148561757244,-0.00016470734691503665,0.4711155378486056,0.869367531388919,-0.005122819463536231,0.004905557203763191
HIGH_6H_REVERSE_SHORT,30,2025-06,958,-0.0004193105475021749,-0.00027526904547998607,-0.00038449692905880944,-0.000392255018309107,0.44780793319415446,0.7429145831782079,-0.0048437416182134365,0.0038595481612531146
HIGH_6H_REVERSE_SHORT,30,2025-07,1083,-0.0006959900440009382,-0.0005131056949048801,-0.0005266794832868676,-0.0005744247386628438,0.43951985226223456,0.6541681409892637,-0.00570938990773564,0.004229655449162098
HIGH_6H_REVERSE_SHORT,30,2025-08,1047,-0.0006153159457866834,-0.0002596009346265798,-0.0004484478348079807,-0.0004794078945767068,0.46131805157593125,0.6883758478395997,-0.0059816093239146925,0.004404219635906603
HIGH_6H_REVERSE_SHORT,30,2025-09,886,-0.000792686707035671,-0.0004930409925886331,-0.0007008871380607604,-0.0007593055558807753,0.4153498871331828,0.5465550581802797,-0.0051939827403510545,0.003314356793220608
HIGH_6H_REVERSE_SHORT,30,2025-10,879,-0.0007862035523618119,-0.0003243964281777861,-0.0005942433091306364,-0.0006748117298934379,0.4653014789533561,0.662567728794086,-0.006781856710826804,0.004768631925038073
HIGH_6H_REVERSE_SHORT,30,2025-11,724,-0.00029975263559686775,-0.00022158751496354986,-0.00021198641769706343,-0.0002508293712351485,0.47513812154696133,0.8442222889381089,-0.005822917648277048,0.005168705068963875
HIGH_6H_REVERSE_SHORT,30,2025-12,763,-0.0012014586686752546,-0.00040140305468290224,-0.0008616776675747839,-0.001062437931115328,0.4508519003931848,0.5462099826125292,-0.007774067193091859,0.004671914555763458
HIGH_6H_REVERSE_SHORT,30,2026-01,740,-0.00022329435329705762,-9.042505173407708e-05,-0.0002103985396202184,-0.00024949295331404096,0.4743243243243243,0.8387786284520116,-0.004432991978775113,0.003624640490551059
HIGH_6H_REVERSE_SHORT,30,2026-02,615,6.530917031254268e-05,-9.413005792819837e-05,-8.825218609646514e-05,2.5404757694077364e-05,0.4894308943089431,1.0323835711399023,-0.005830532208529492,0.006467742573711858
HIGH_6H_REVERSE_SHORT,30,2026-03,580,-0.00016990461291977073,0.0007200279877644273,0.000308579899979208,4.116287861993758e-05,0.5672413793103448,0.9288687234918367,-0.008139011394997396,0.006851741443197691
HIGH_6H_REVERSE_SHORT,30,2026-04,643,-0.00039559148402166876,-7.183943918960209e-05,-0.0002879137036388511,-0.0003639146161927404,0.4867807153965785,0.7961460550880625,-0.005641398867337232,0.00479869484728357
HIGH_6H_REVERSE_SHORT,30,2026-05,789,-0.0007477990891605026,-0.00045476540341056134,-0.0006825011882541662,-0.0007529639381611987,0.42839036755386567,0.5637890495595844,-0.005075826645935487,0.0028273405079284786
HIGH_6H_REVERSE_SHORT,30,2026-06,575,-0.00039721081222351544,0.00013670251952273618,-0.00029861361137711303,-0.00037868056341764777,0.5147826086956522,0.8216914964612919,-0.007759034685793397,0.005324137489835736
HIGH_6H_REVERSE_SHORT,30,2026-07,716,-0.00027540190954466055,-7.871275237365468e-05,-8.017495506667326e-05,-0.0001328193076944279,0.4818435754189944,0.8179734853941487,-0.004593064097371768,0.003977115526863962
HIGH_6H_REVERSE_SHORT,60,2024-01,875,-0.0011225240649695982,-0.00036705639922947006,-0.0011391419306348515,-0.0013228099380854807,0.46514285714285714,0.6857139429897025,-0.01178535785313499,0.0069084977980660165
HIGH_6H_REVERSE_SHORT,60,2024-02,995,-0.0007805908558524199,-0.00036861033981223587,-0.0007190328257192581,-0.0009371459808824437,0.47537688442211057,0.77406134691907,-0.010726449419068172,0.008102091195955664
HIGH_6H_REVERSE_SHORT,60,2024-03,1058,-0.0005819575877047498,-8.340388046408295e-05,-0.0005049366997733287,-0.0006086578800641908,0.4924385633270321,0.8607671151032168,-0.014052110302392729,0.01054000700681182
HIGH_6H_REVERSE_SHORT,60,2024-04,728,-0.0002196676195369422,0.000828617811588484,7.15023099214087e-06,-0.00010042029506984424,0.5494505494505495,0.9280084657493465,-0.01018542961068134,0.008400544900887132
HIGH_6H_REVERSE_SHORT,60,2024-05,858,-0.0003529315597976892,0.00028311220011866315,-0.00013925024901396353,-0.0002145446554607181,0.5198135198135199,0.8755558730477191,-0.00855840915574857,0.007087588282699121
HIGH_6H_REVERSE_SHORT,60,2024-06,741,0.0006987839425864349,0.000748815779809165,0.000709125251489092,0.0006858433307300044,0.5802968960863698,1.4497571108168108,-0.005101942126916347,0.006434360453649802
HIGH_6H_REVERSE_SHORT,60,2024-07,857,-0.0002107463815772952,0.0005194029850747356,0.0001246426624244027,3.965616075518574e-05,0.5332555425904317,0.9171138825378751,-0.008163526439206214,0.0070953674511599505
HIGH_6H_REVERSE_SHORT,60,2024-08,773,0.00020840624207834872,0.00029138782227105034,0.0002689261073564528,0.00020626542232546547,0.5265200517464425,1.0754154836498646,-0.009447660512539023,0.009384332735162688
HIGH_6H_REVERSE_SHORT,60,2024-09,840,-0.0006778411560689045,-0.00021442656753146657,-0.0004681497240725356,-0.0005464392099100559,0.4845238095238095,0.7430375828040096,-0.007899001016443674,0.0062932906475446715
HIGH_6H_REVERSE_SHORT,60,2024-10,912,0.00026803358916617894,0.00027107181907963854,0.0002607803316436219,0.00019261102477745087,0.5350877192982456,1.1526914536577084,-0.005537960772883642,0.005745742380434026
HIGH_6H_REVERSE_SHORT,60,2024-11,1154,-0.0007759712360811247,-0.000123608221162485,-0.00040637710841688964,-0.0005772972669787805,0.4904679376083189,0.78451938771199,-0.010992478140598049,0.008689913180881921
HIGH_6H_REVERSE_SHORT,60,2024-12,1032,-0.0001270125253117704,0.00016480091643654774,-2.0734354477896768e-05,-1.3199811528644452e-05,0.5116279069767442,0.9578076983349451,-0.010024066224705995,0.009491971189418845
HIGH_6H_REVERSE_SHORT,60,2025-01,1060,4.7684643666229684e-05,8.249649603763235e-05,6.098127294743732e-05,4.485359259623481e-05,0.5084905660377359,1.0180610740562657,-0.007307716815682429,0.00729608610049628
HIGH_6H_REVERSE_SHORT,60,2025-02,697,0.00040141855721910637,0.00042126362319943103,0.0003748764112090024,0.00038071296002000534,0.5351506456241033,1.1463358976187066,-0.00965017282670264,0.009136372795269132
HIGH_6H_REVERSE_SHORT,60,2025-03,814,-0.0006385860805024255,5.556265628780036e-05,-0.0001336486549110149,-0.0002085526364243856,0.5061425061425061,0.7977845845150257,-0.008611317447971343,0.007704310159413731
HIGH_6H_REVERSE_SHORT,60,2025-04,774,-0.0007595500998029743,-6.141414438799394e-05,-0.00022067353384324368,-0.00036424992977352816,0.4909560723514212,0.7773039360031371,-0.00842830406939976,0.007452810713070569
HIGH_6H_REVERSE_SHORT,60,2025-05,1004,-0.0005848880108685026,-0.00039720408097699775,-0.0004868765747318596,-0.000542743552231882,0.4651394422310757,0.7959884252407455,-0.008258985126668004,0.0067433240962766275
HIGH_6H_REVERSE_SHORT,60,2025-06,958,-0.0008433495624648878,-0.0007739167643971528,-0.0007590815455579641,-0.0007865958943880524,0.3945720250521921,0.6368977370511032,-0.006663566776468332,0.0051328771702930185
HIGH_6H_REVERSE_SHORT,60,2025-07,1083,-0.00041953728460318015,-0.00046204128728017876,-0.0003211128966451982,-0.00033759063192629186,0.4515235457063712,0.8163379654035053,-0.0067022867583996105,0.006590734200037756
HIGH_6H_REVERSE_SHORT,60,2025-08,1047,-0.0005169698485758048,-2.826619711122577e-05,-0.00032737038522457116,-0.00045938977405935696,0.4976122254059217,0.7966031896737694,-0.007650372258478576,0.0062132616407027256
HIGH_6H_REVERSE_SHORT,60,2025-09,886,-0.0007170368899247227,-0.0005415437376117377,-0.0006191390305607634,-0.0006781046631003628,0.4435665914221219,0.6674576353903088,-0.006493396678553597,0.004732663658621895
HIGH_6H_REVERSE_SHORT,60,2025-10,879,-0.0008768455122344518,-0.0002779388083736339,-0.000617798537114695,-0.0007460167828105376,0.48236632536973834,0.7108496809569437,-0.009235817178875403,0.006562678569753945
HIGH_6H_REVERSE_SHORT,60,2025-11,724,-0.0005346249249104551,-4.7216790313230864e-05,-0.0003104600240783461,-0.00047692935569734675,0.4958563535911602,0.8217732462584529,-0.009341263825407585,0.00735505894190322
HIGH_6H_REVERSE_SHORT,60,2025-12,763,-0.0014972958369243157,-0.0002782228366445366,-0.0010177191251122617,-0.0013383055818402107,0.4849279161205767,0.6161993714790072,-0.011462773272073899,0.006950964196055811
HIGH_6H_REVERSE_SHORT,60,2026-01,740,-0.0004031616674285568,-7.484151283139115e-05,-0.0003087721554734663,-0.000413670312654969,0.4945945945945946,0.7836929443678046,-0.006609941146602226,0.004472326296158171
HIGH_6H_REVERSE_SHORT,60,2026-02,615,0.00018772226084391117,0.00029746466232887295,-3.30409004517639e-05,9.9421118590141e-05,0.5186991869918699,1.0598995391898993,-0.010236820288694947,0.01051575857959002
HIGH_6H_REVERSE_SHORT,60,2026-03,580,-5.818061393098174e-05,0.0010035248081775479,0.0005314572346149541,0.00015077268960419902,0.5758620689655173,0.981485588215046,-0.009939107218748598,0.00873078703545324
HIGH_6H_REVERSE_SHORT,60,2026-04,643,-0.00031524577381522026,-0.00027161845191554454,-0.00023790760099437418,-0.0002761868477797733,0.47433903576982894,0.8683503412702558,-0.007424685553955589,0.0063518883633964
HIGH_6H_REVERSE_SHORT,60,2026-05,789,-0.0008394026898674259,-0.00036394680934765885,-0.000685363305531643,-0.0007642616678083022,0.4448669201520912,0.6087829521653733,-0.006617199167256181,0.004078968228759243
HIGH_6H_REVERSE_SHORT,60,2026-06,575,8.156670270966709e-05,0.0006268057046465053,0.00035591275589272987,0.00019402845703402573,0.5582608695652174,1.0329435796280733,-0.00798239800041649,0.00781960978578491
HIGH_6H_REVERSE_SHORT,60,2026-07,716,1.4676395960897306e-06,0.000210374215540477,0.00012784292150078036,4.774264070627964e-05,0.5195530726256983,1.0008146352088962,-0.005310359620404114,0.005162042584405547
HIGH_6H_REVERSE_SHORT,120,2024-01,875,-0.0006549319975591049,0.0002777429467083931,-0.0005427675218057243,-0.0008643051869482942,0.5154285714285715,0.8424618185616257,-0.013695429122517864,0.010218563790732518
HIGH_6H_REVERSE_SHORT,120,2024-02,995,-0.0007645429564130577,-0.00010831259027061998,-0.0005698209754503343,-0.000802012498030088,0.4894472361809045,0.8165527740537182,-0.012229500901214174,0.0107520538892101
HIGH_6H_REVERSE_SHORT,120,2024-03,1058,-0.0004889219579309285,0.0003603174650162361,-0.00040180376689090034,-0.0005846975132855872,0.5207939508506616,0.909525624839982,-0.017757891149784145,0.014709152049397961
HIGH_6H_REVERSE_SHORT,120,2024-04,728,-1.5108120833491562e-05,0.001202812244968588,0.0003815522718720968,0.0002116993955307892,0.554945054945055,0.9959220272527124,-0.012473976879858694,0.011330737661562796
HIGH_6H_REVERSE_SHORT,120,2024-05,858,0.0003871464527658772,0.0008183857047134208,0.0006944649700078921,0.0006384336241460338,0.5617715617715617,1.1312802647790998,-0.009493264519303478,0.010151584551640511
HIGH_6H_REVERSE_SHORT,120,2024-06,741,0.0005276635868719657,0.0006460481054105133,0.0005084411197914416,0.0005243542587408064,0.562753036437247,1.2336159721637896,-0.007710344212060804,0.007916175792317449
HIGH_6H_REVERSE_SHORT,120,2024-07,857,-9.584870370031844e-05,0.00014609586045437664,6.209671802253483e-07,-2.801028232716884e-06,0.5099183197199533,0.9710144343622354,-0.01000060232227826,0.010134667368111284
HIGH_6H_REVERSE_SHORT,120,2024-08,773,0.0009639171682005,0.0007270009777902603,0.000724080848737102,0.0008734304548944865,0.5420439844760673,1.2804093837099468,-0.010475914896257942,0.012259627026769927
HIGH_6H_REVERSE_SHORT,120,2024-09,840,-0.00015539580712894467,4.837674619827595e-05,-0.0001606957709539605,-0.0001943517298896182,0.5047619047619047,0.9499149365409,-0.00980710115033485,0.008616845528671894
HIGH_6H_REVERSE_SHORT,120,2024-10,912,0.0005270041613339168,0.0003928695559155432,0.00043055076576356565,0.00043395406214994796,0.5405701754385965,1.2378316313634954,-0.007344891147998677,0.008080221579456988
HIGH_6H_REVERSE_SHORT,120,2024-11,1154,-0.0015665956605400828,-0.00045473549522985154,-0.0009187623924359712,-0.001292292691774442,0.48353552859618715,0.7076863422035692,-0.016041642891309556,0.011845843725030626
HIGH_6H_REVERSE_SHORT,120,2024-12,1032,-0.0003171864935957504,0.0003247142579201229,9.28169449795917e-05,-2.8540749333197825e-05,0.5242248062015504,0.9267078348811361,-0.013563948111273925,0.01272185118740322
HIGH_6H_REVERSE_SHORT,120,2025-01,1060,-0.0004413377200342726,-0.00017412322559263668,-0.00042001701071218094,-0.00042593019081813244,0.4849056603773585,0.8767955204365349,-0.011102436993743135,0.009316510353923039
HIGH_6H_REVERSE_SHORT,120,2025-02,697,0.0003212477085587975,0.0008422160823170938,0.0005838317513170078,0.0004905166174895371,0.5480631276901005,1.0816334930375657,-0.01360410995470904,0.013651429815482109
HIGH_6H_REVERSE_SHORT,120,2025-03,814,-0.0005778214830013579,-6.425183710729806e-05,-9.113017798476571e-05,-0.0002236673356907642,0.49385749385749383,0.8591502199911237,-0.011099186787097846,0.010013465845370863
HIGH_6H_REVERSE_SHORT,120,2025-04,774,-0.0009666220274170006,-0.00041325155789801945,-0.0005390202624129968,-0.0006628681767298061,0.4689922480620155,0.7715324679048844,-0.010965623647105448,0.009605964362728626
HIGH_6H_REVERSE_SHORT,120,2025-05,1004,-0.0012199996963795279,-0.0005766975812088842,-0.0010294957897142136,-0.0011184755559662826,0.4531872509960159,0.7136299988299533,-0.013778804953071598,0.00907174984751631
HIGH_6H_REVERSE_SHORT,120,2025-06,958,-0.0009118520464001099,-0.000860059038452276,-0.0008310182473759335,-0.0008739066501625394,0.4394572025052192,0.7265678053427279,-0.009986712712966604,0.008097274031599258
HIGH_6H_REVERSE_SHORT,120,2025-07,1083,-0.00027160508306690254,-0.0005035185086665444,-0.0001817103440016742,-0.00014853996252608945,0.46352723915050786,0.9063718262490087,-0.008239500352741236,0.008587707337351815
HIGH_6H_REVERSE_SHORT,120,2025-08,1047,-0.0011297006921993746,-0.0005037136182773455,-0.0008997813658425368,-0.0010540747869694181,0.46227316141356256,0.6811213273341893,-0.01034334605735092,0.007348627708001976
HIGH_6H_REVERSE_SHORT,120,2025-09,886,-0.00027234552982158326,-0.0002649287062144284,-0.00033609655042492344,-0.00031681570944333434,0.463882618510158,0.8919936563683379,-0.00804855651773213,0.007368977349119666
HIGH_6H_REVERSE_SHORT,120,2025-10,879,-7.059660805651925e-05,-0.00018954033746594265,-0.00012557737306845138,-0.00010409331174126242,0.4869169510807736,0.9817500889402844,-0.011562107314104895,0.01226680727511547
HIGH_6H_REVERSE_SHORT,120,2025-11,724,-0.0007252921128809089,-4.630149237262401e-05,-0.0005903092810259042,-0.0007396531977374198,0.5,0.8351493014793301,-0.01342297437872697,0.011501334671097478
HIGH_6H_REVERSE_SHORT,120,2025-12,763,-0.0015147366390334063,-0.0005378384273800435,-0.0011616061801688958,-0.001498271670166094,0.45740498034076016,0.6828936350104882,-0.013464694980295165,0.008261158379426026
HIGH_6H_REVERSE_SHORT,120,2026-01,740,0.000697419792014481,0.0005115719453391182,0.00048594350269122086,0.0005325152494350259,0.5391891891891892,1.347339091831003,-0.0068325077669139965,0.00813915852669182
HIGH_6H_REVERSE_SHORT,120,2026-02,615,-0.0007666246405473508,-0.0005681127533043278,-0.0006981493117685114,-0.0007670492210899294,0.4796747967479675,0.8406015580757389,-0.015620263657604579,0.014012404158087093
HIGH_6H_REVERSE_SHORT,120,2026-03,580,0.0005027748377272051,0.001981743279056803,0.0013083412055295725,0.0008447916472924133,0.6258620689655172,1.1430894586322335,-0.010229335916152025,0.011368589354674143
HIGH_6H_REVERSE_SHORT,120,2026-04,643,9.621026325571999e-05,0.00038073333544246305,0.0003037259630759743,0.00020258459231375697,0.5256609642301711,1.035014543879441,-0.008669109446230581,0.008713872606943441
HIGH_6H_REVERSE_SHORT,120,2026-05,789,-0.0010877724683760522,-0.00048475279474486873,-0.000770145775873675,-0.0008531335431350792,0.45373891001267425,0.6381949185838547,-0.008989729702018345,0.006644786055955046
HIGH_6H_REVERSE_SHORT,120,2026-06,575,0.0002756532958212562,0.000538127263321187,0.0004559236369315871,0.00043272060779764977,0.5252173913043479,1.0867688739217856,-0.010599529522587824,0.010537122171655944
HIGH_6H_REVERSE_SHORT,120,2026-07,716,0.00047409768838172823,0.0006087945515915633,0.0006230272201533517,0.0005862368535698495,0.5642458100558659,1.2215930396444272,-0.006527804315808194,0.008016112710359336
LOW_6H_CONTINUE_SHORT,5,2024-01,645,-0.0006094182235302268,-0.0010910948140386394,-0.0009381983296775705,-0.0008781449586678792,0.324031007751938,0.7077108123241905,-0.004545279600246997,0.003427577583255205
LOW_6H_CONTINUE_SHORT,5,2024-02,458,-0.0010330383868869667,-0.0010066164651896907,-0.0010323866533100516,-0.001045905314489133,0.24890829694323144,0.27940283926747916,-0.0035724039256832753,0.0014593247170078384
LOW_6H_CONTINUE_SHORT,5,2024-03,632,-0.001390109630454954,-0.0014263622504219857,-0.001324713165415694,-0.0013787513557119407,0.34651898734177217,0.43082677609549547,-0.00606295115365174,0.0038702143522025044
LOW_6H_CONTINUE_SHORT,5,2024-04,772,-0.0006125467561627067,-0.0008741985453326156,-0.0007297658661922035,-0.0006557492582715607,0.3795336787564767,0.6699874821513223,-0.004668517197311961,0.0034834026955145817
LOW_6H_CONTINUE_SHORT,5,2024-05,531,-0.0007562620331372807,-0.0009751329515313539,-0.0008340647366267734,-0.0008010347839107465,0.327683615819209,0.47511600646014807,-0.0035750991123134172,0.0023627453685776574
LOW_6H_CONTINUE_SHORT,5,2024-06,703,-0.0006433530276150659,-0.0007696669437893927,-0.0007297020227222321,-0.0007316558886612695,0.3285917496443812,0.548182288322116,-0.003599385633640816,0.0020337078202482327
LOW_6H_CONTINUE_SHORT,5,2024-07,751,-0.0007673966852871543,-0.0009006765221749141,-0.0008488400801595561,-0.0008345320784068047,0.3422103861517976,0.4935043896127768,-0.0040406991613737946,0.0023973051751637227
LOW_6H_CONTINUE_SHORT,5,2024-08,816,-0.0006948953334558665,-0.0006008309443683129,-0.0005930077400360202,-0.0005802885879256861,0.4105392156862745,0.625763069214754,-0.004683240997135307,0.0037097473892373396
LOW_6H_CONTINUE_SHORT,5,2024-09,691,-0.0009645385257676465,-0.0011193456245131676,-0.0011552309637419057,-0.0011587821779430042,0.2633863965267728,0.39111117396534273,-0.003941475780061831,0.0015249895423742783
LOW_6H_CONTINUE_SHORT,5,2024-10,795,-0.000819057635049948,-0.0007741327963493688,-0.0007920824584586137,-0.0008218108488288977,0.3169811320754717,0.4145989197387712,-0.0034523518619044894,0.0020411521349393844
LOW_6H_CONTINUE_SHORT,5,2024-11,737,-0.0010444144153944443,-0.0007979056081993224,-0.000969422406001953,-0.0010021275431371707,0.36635006784260515,0.43301105913296434,-0.00507091291282069,0.00290215751270222
LOW_6H_CONTINUE_SHORT,5,2024-12,976,-0.0007936139930132456,-0.0006564265463417479,-0.0005886434728799917,-0.0006115699286375864,0.4057377049180328,0.5486012870650738,-0.004488863293628031,0.003079565392032125
LOW_6H_CONTINUE_SHORT,5,2025-01,881,-0.0009202856039426732,-0.0007777570012688745,-0.0007935631332275853,-0.0008365935662529507,0.3325766174801362,0.421989836195378,-0.003978272407325022,0.002329675260380682
LOW_6H_CONTINUE_SHORT,5,2025-02,908,-0.0005581624568639763,-0.000596395490862,-0.000625865733954648,-0.0006291228336324618,0.3711453744493392,0.6603598839383176,-0.0043137665713328215,0.0031847837204189164
LOW_6H_CONTINUE_SHORT,5,2025-03,924,-0.0005690908504898884,-0.0006624053305937621,-0.0006039899966772018,-0.0005806456715563414,0.3647186147186147,0.5959905048044746,-0.003751635879421266,0.0027426614949331435
LOW_6H_CONTINUE_SHORT,5,2025-04,843,-0.000498376986309411,-0.0005667309867589226,-0.0005170377704087646,-0.0005019881302660101,0.3665480427046263,0.6100449338604825,-0.0036054032585571376,0.0026473612840718177
LOW_6H_CONTINUE_SHORT,5,2025-05,714,-0.0010379040560461674,-0.0009808858590381712,-0.0010708885524639386,-0.0010545881034345586,0.25910364145658266,0.30983640110469063,-0.003854115010035297,0.0014039322873273046
LOW_6H_CONTINUE_SHORT,5,2025-06,863,-0.0006065610442084333,-0.0006793754737722363,-0.0007298128229266187,-0.0007020493408766256,0.27809965237543455,0.4798131510315304,-0.0029050474156352415,0.0014102476763655743
LOW_6H_CONTINUE_SHORT,5,2025-07,804,-0.000835405558369505,-0.0007646702616514561,-0.0008370364613178948,-0.0008543490069885104,0.2885572139303483,0.3417740813222936,-0.0034409880135180637,0.0014305403888584943
LOW_6H_CONTINUE_SHORT,5,2025-08,849,-0.0008799851023887502,-0.0008352408245147596,-0.0008627589760682355,-0.0008455462452621813,0.2756183745583039,0.35049921747479257,-0.0034008983733422086,0.0016610196858551705
LOW_6H_CONTINUE_SHORT,5,2025-09,725,-0.0004780770178661913,-0.000597419694440226,-0.0005589924142003858,-0.0005311693875988411,0.30896551724137933,0.5349535318540329,-0.002654967425177878,0.0016862719311977925
LOW_6H_CONTINUE_SHORT,5,2025-10,721,-0.0005256664018809013,-0.0007256542567689145,-0.0006729735298319831,-0.0006216403108279712,0.3592233009708738,0.7673628382886184,-0.004190739671373688,0.0033043565801458737
LOW_6H_CONTINUE_SHORT,5,2025-11,1001,-0.0005308962893469858,-0.0005334805030225536,-0.00048818489927208655,-0.00048316636815542454,0.3916083916083916,0.6260240032392098,-0.003635263185028558,0.0029520879627343184
LOW_6H_CONTINUE_SHORT,5,2025-12,688,-0.00011916813830091126,-0.0004177865906053285,-0.00020077508777417366,-0.0001440851910773146,0.41424418604651164,0.8976968590402218,-0.0033919871084445267,0.0034152723739984165
LOW_6H_CONTINUE_SHORT,5,2026-01,705,-0.000402249972479333,-0.0006799869956626952,-0.0005610584696810056,-0.0004772572065464991,0.2978723404255319,0.6693324322502832,-0.0029868038981560865,0.002550901642610738
LOW_6H_CONTINUE_SHORT,5,2026-02,829,-0.00037955822980875124,-0.0007184473247823891,-0.0005175699056406664,-0.00047801480430410435,0.3848009650180941,0.7899045154430631,-0.004699062962031663,0.004409361248951639
LOW_6H_CONTINUE_SHORT,5,2026-03,664,-0.0005707809200734369,-0.0007216404969195394,-0.0006547641066501545,-0.0006316426841712899,0.3313253012048193,0.5416829910059248,-0.0029868559496248883,0.0020522979167384887
LOW_6H_CONTINUE_SHORT,5,2026-04,628,-0.0008238540009983227,-0.0008369365120723498,-0.0008561547639477386,-0.0008432567951555754,0.25477707006369427,0.3260631655139914,-0.0028976919904803106,0.001261074783021167
LOW_6H_CONTINUE_SHORT,5,2026-05,585,-0.0006826582275352038,-0.0008323410077575971,-0.0007853946722020828,-0.000717862520792775,0.24615384615384617,0.4146331995211701,-0.002954506629981578,0.0014837842795476523
LOW_6H_CONTINUE_SHORT,5,2026-06,907,-0.0006218779857731276,-0.0007677721653994268,-0.0006949819407211773,-0.0006455350868173898,0.3539140022050717,0.5997025979635705,-0.003984472770895685,0.0028993941538581597
LOW_6H_CONTINUE_SHORT,5,2026-07,649,-0.0006753124786183877,-0.0007289823294210457,-0.0007192423085761034,-0.0006961745776923984,0.28043143297380585,0.3385759602958547,-0.0025654310116759,0.001133231594187347
LOW_6H_CONTINUE_SHORT,15,2024-01,645,-0.0006268785840129797,-0.0013521444117271068,-0.001255954567250792,-0.0012309099023949286,0.3395348837209302,0.7840943749188292,-0.006644833296714546,0.004454655852632118
LOW_6H_CONTINUE_SHORT,15,2024-02,458,-0.0012677244389209619,-0.0010809192594245058,-0.0012258115192922022,-0.0012359090409089853,0.3078602620087336,0.352409488506326,-0.005520622182831203,0.002354072796551233
LOW_6H_CONTINUE_SHORT,15,2024-03,632,-0.0020066144831761197,-0.0017163842101524766,-0.0019543434517700206,-0.0020005707714056313,0.36075949367088606,0.4590009591503743,-0.00989360140080555,0.0057861718163188195
LOW_6H_CONTINUE_SHORT,15,2024-04,772,0.000141326421165413,-0.0010309864016137642,-0.0003922341889973206,-0.0001621103546345104,0.4170984455958549,1.0549022400600652,-0.007080931703538628,0.007877936026973474
LOW_6H_CONTINUE_SHORT,15,2024-05,531,-0.0009164878651784895,-0.001290055188696359,-0.0011164569362093267,-0.0010188880348623764,0.3578154425612053,0.5877265878690396,-0.005983804824119487,0.004222252620037326
LOW_6H_CONTINUE_SHORT,15,2024-06,703,-0.0008147085200814085,-0.0012345513193379835,-0.0011025433013589253,-0.0010542861742923978,0.3456614509246088,0.6165470689967559,-0.005081938654737849,0.0031471650973118113
LOW_6H_CONTINUE_SHORT,15,2024-07,751,-0.0008766177238495173,-0.0012420018513542123,-0.00100067166954802,-0.000999330329832887,0.3648468708388815,0.6183143939235954,-0.005977028140887141,0.004569041181531942
LOW_6H_CONTINUE_SHORT,15,2024-08,816,-5.140233429114204e-05,-0.0009011078982710912,-0.00034713053033092877,-0.00026504389234814033,0.43137254901960786,0.9813388519918403,-0.007214185884668,0.008044799964785677
LOW_6H_CONTINUE_SHORT,15,2024-09,691,-0.0012402322663463115,-0.0012141619709565392,-0.001276456346605129,-0.0012720715950724022,0.2981186685962373,0.391278339451683,-0.005266363297894271,0.0028609427145015916
LOW_6H_CONTINUE_SHORT,15,2024-10,795,-0.0009293122478022819,-0.001191555806979338,-0.0010117509068919527,-0.0009624547408747862,0.33584905660377357,0.5383125247550962,-0.005164025991766351,0.0034243352681905055
LOW_6H_CONTINUE_SHORT,15,2024-11,737,-0.0014689155845225732,-0.0012794804249468099,-0.0013157451160662494,-0.001375434810320796,0.36906377204884666,0.4750671504448704,-0.0076163486135369714,0.0048278707766907115
LOW_6H_CONTINUE_SHORT,15,2024-12,976,-0.0004789690601865481,-0.0007254103370026404,-0.0004893815232900216,-0.00043235128399775823,0.42315573770491804,0.8098051712320125,-0.006647370093024695,0.006622554758390454
LOW_6H_CONTINUE_SHORT,15,2025-01,881,-0.0012890891959408534,-0.0009676277506432512,-0.0009967091385725457,-0.0010477837898444523,0.3859250851305335,0.4827399232676584,-0.006395235028976275,0.004113082065635144
LOW_6H_CONTINUE_SHORT,15,2025-02,908,-6.884179422611657e-05,-0.0006231417140755807,-0.00042104195900302547,-0.0003697525388399714,0.43502202643171806,0.9688192969081489,-0.006640244727850319,0.005879141981726089
LOW_6H_CONTINUE_SHORT,15,2025-03,924,-0.0005824603914310943,-0.0007430962923169021,-0.0006139430162207568,-0.0005936668806945443,0.4015151515151515,0.7194515906410649,-0.00594748942744232,0.0046512109987202135
LOW_6H_CONTINUE_SHORT,15,2025-04,843,-4.672477106255007e-06,-0.0006,-0.00016573983161420107,-1.7033530957111703e-05,0.4223013048635824,0.9973264969237926,-0.004766108831911419,0.0057304256532587665
LOW_6H_CONTINUE_SHORT,15,2025-05,714,-0.001128431021206226,-0.0011947820243874523,-0.0012191280344089343,-0.0011978263787999774,0.29411764705882354,0.4177428577509182,-0.005179547483215563,0.002704633486509163
LOW_6H_CONTINUE_SHORT,15,2025-06,863,-0.0004697325628441341,-0.0008693809289526782,-0.0007677321645825329,-0.0006783750364872692,0.32329084588644263,0.7041752776998437,-0.004153935119028129,0.0032226420735839405
LOW_6H_CONTINUE_SHORT,15,2025-07,804,-0.0011667637721708953,-0.0009900627292788837,-0.0011419042556635108,-0.0011462485219005923,0.31592039800995025,0.3604945890882282,-0.005005648882049884,0.0025207610446604813
LOW_6H_CONTINUE_SHORT,15,2025-08,849,-0.0010233674761648826,-0.0009077719345268015,-0.0009597480579004203,-0.0009924042107025664,0.37220259128386335,0.4603430444315928,-0.005096936481863711,0.003120923287895994
LOW_6H_CONTINUE_SHORT,15,2025-09,725,-0.0007430472419461451,-0.0007806572128746353,-0.0007415026558601526,-0.0007107645778532669,0.36551724137931035,0.5348457977428025,-0.004359901914676167,0.002737319134818741
LOW_6H_CONTINUE_SHORT,15,2025-10,721,-0.0009248400771592328,-0.0009086308124464753,-0.0006513841908402063,-0.0006161715843544708,0.406380027739251,0.7188004026402438,-0.006757765284609873,0.006410770168664915
LOW_6H_CONTINUE_SHORT,15,2025-11,1001,-0.0003391607414148116,-0.0006,-0.00038331286535217264,-0.00030507754942816096,0.44155844155844154,0.8424806165251764,-0.00586399744775885,0.005858797327394184
LOW_6H_CONTINUE_SHORT,15,2025-12,688,3.9395307165022386e-07,-0.0007089756841304856,-0.00018772947043622072,-7.852974847013551e-05,0.41424418604651164,1.0002306410695745,-0.004704569212901454,0.005930281293429022
LOW_6H_CONTINUE_SHORT,15,2026-01,705,-0.00016199857014139555,-0.0008008733257050643,-0.00045833026958214075,-0.000292728490704613,0.36312056737588655,0.9081928326693723,-0.00472048611445206,0.005633067411151062
LOW_6H_CONTINUE_SHORT,15,2026-02,829,-0.0008250995703921173,-0.0011051015254067258,-0.0008517970112608528,-0.000847962519285786,0.40651387213510254,0.7269422665032036,-0.007922317100494401,0.006757339975684973
LOW_6H_CONTINUE_SHORT,15,2026-03,664,-0.0009060991467126473,-0.0010775600114411692,-0.0009437915922151285,-0.0009156236981479116,0.35542168674698793,0.5378344023051439,-0.005061575562975106,0.003687281924641075
LOW_6H_CONTINUE_SHORT,15,2026-04,628,-0.0008069643578856883,-0.0012182060064354731,-0.0009784674431860794,-0.0009242975102807404,0.2818471337579618,0.48994681123234424,-0.0036973240776454024,0.0027539591628287017
LOW_6H_CONTINUE_SHORT,15,2026-05,585,-0.0008756458870576508,-0.0009590664272890009,-0.0009424307257212966,-0.0008964409251725028,0.30427350427350425,0.4423702839267293,-0.004143156262373337,0.0024893066577343034
LOW_6H_CONTINUE_SHORT,15,2026-06,907,-0.00048078733558174776,-0.0009718791730757953,-0.0006982453029028158,-0.000593787660111817,0.3814773980154355,0.7794657392089367,-0.00564933724596146,0.005573178034157667
LOW_6H_CONTINUE_SHORT,15,2026-07,649,-0.0007637466470674712,-0.0009965743529701358,-0.0008408370603195426,-0.0007752366690800061,0.3050847457627119,0.47817123016028823,-0.003716249977268515,0.0026675825396813586
LOW_6H_CONTINUE_SHORT,30,2024-01,645,-0.0007150005715798103,-0.0009775917343484812,-0.0008300012057056706,-0.0006765010482223044,0.4077519379844961,0.7930718436960481,-0.008932587240023236,0.009030044542898847
LOW_6H_CONTINUE_SHORT,30,2024-02,458,-0.0015266152128554943,-0.0012351902723072954,-0.00148556431746184,-0.001509925495291928,0.3318777292576419,0.36844026701531096,-0.0066110133076642255,0.0031734020892561954
LOW_6H_CONTINUE_SHORT,30,2024-03,632,-0.0023474575326949613,-0.00218847196579881,-0.0022055312332773308,-0.002262132396292814,0.37341772151898733,0.47996721733342146,-0.012564874480648025,0.007483094742975525
LOW_6H_CONTINUE_SHORT,30,2024-04,772,4.285948662135459e-05,-0.0010785707434520335,-0.00035004231363591125,-0.00015225926941559424,0.42357512953367876,1.0132938032981929,-0.008519464628598716,0.010922423760221
LOW_6H_CONTINUE_SHORT,30,2024-05,531,-0.0009902926472680111,-0.0020980013549603653,-0.0014136630182095334,-0.0011332623788625714,0.3314500941619586,0.6564580841225992,-0.007030238150371359,0.006137783895388927
LOW_6H_CONTINUE_SHORT,30,2024-06,703,-0.0009644938105243432,-0.0014433332747685983,-0.0011977738759201047,-0.0011200709196226765,0.33428165007112376,0.6447795432450375,-0.007293972335559506,0.005773782019579016
LOW_6H_CONTINUE_SHORT,30,2024-07,751,-0.0010548559015330907,-0.0017501906895090562,-0.0013184683609940716,-0.001214245658584932,0.36884154460719043,0.6695344309328255,-0.008422435930939564,0.00662046021998779
LOW_6H_CONTINUE_SHORT,30,2024-08,816,0.0007399719850409128,-0.0006943499797317892,0.0001980901949998509,0.0004253619127049643,0.46200980392156865,1.2158504559165497,-0.009509540273842498,0.012192195974928478
LOW_6H_CONTINUE_SHORT,30,2024-09,691,-0.0013852505244546912,-0.0012698166150727046,-0.0013087939041517807,-0.001321694695561434,0.3545586107091172,0.45307173665148764,-0.006920031752816479,0.004430231357329607
LOW_6H_CONTINUE_SHORT,30,2024-10,795,-0.0012703927589463736,-0.0013404664938910342,-0.0013096880036395603,-0.0012386160812779116,0.35471698113207545,0.5244937408412612,-0.006633067241200207,0.004480694885370464
LOW_6H_CONTINUE_SHORT,30,2024-11,737,-0.002095227433969859,-0.001700430462504409,-0.0019515460742420116,-0.0020150221888776943,0.3704206241519674,0.4317466181139334,-0.010266565662835191,0.0058046323473976745
LOW_6H_CONTINUE_SHORT,30,2024-12,976,-0.0006935823062673257,-0.0009468168499731749,-0.0006658236627001016,-0.0005169697362613533,0.41700819672131145,0.788356657619775,-0.009287531694542172,0.008513906125020666
LOW_6H_CONTINUE_SHORT,30,2025-01,881,-0.001359850578559044,-0.0011711524098237495,-0.0011014123170597725,-0.001110686437466816,0.37003405221339386,0.5671523730549304,-0.008145359252615125,0.006450092764378513
LOW_6H_CONTINUE_SHORT,30,2025-02,908,-0.00027062389554365616,-0.000804753802314106,-0.0005879789440274176,-0.0004482295948304608,0.43171806167400884,0.9103895022540581,-0.008308275861166935,0.008443808365794819
LOW_6H_CONTINUE_SHORT,30,2025-03,924,-0.0005632501847554635,-0.0010433223510470484,-0.0006663694977325883,-0.0006127898669822958,0.4101731601731602,0.7994975839904694,-0.0073165294814552025,0.007077186512488038
LOW_6H_CONTINUE_SHORT,30,2025-04,843,0.0003414234506259907,-0.000611146594436795,8.19907995778707e-05,0.00028229081630748784,0.44365361803084225,1.1447284508593694,-0.006503416187320598,0.009169608007463342
LOW_6H_CONTINUE_SHORT,30,2025-05,714,-0.0012548416211878488,-0.0012692720532176509,-0.0014462122998430956,-0.0014782112329843312,0.3403361344537815,0.4889869551543774,-0.006811252658401123,0.0035143555047204814
LOW_6H_CONTINUE_SHORT,30,2025-06,863,-0.0007001959519627256,-0.0010028259791770681,-0.001032529259381096,-0.0009046330659440409,0.3429895712630359,0.6668118466024731,-0.005479135555058367,0.0039659768935419466
LOW_6H_CONTINUE_SHORT,30,2025-07,804,-0.0015676139800034985,-0.0012627024117047407,-0.0015218738710783917,-0.0015356074945758048,0.3246268656716418,0.3674811302491283,-0.006847298253552034,0.0034989107610023957
LOW_6H_CONTINUE_SHORT,30,2025-08,849,-0.0008854923112361693,-0.0010544977799532111,-0.000841373476456703,-0.0008336006145195402,0.3910482921083628,0.623390742923458,-0.006524967312898487,0.005135891298683794
LOW_6H_CONTINUE_SHORT,30,2025-09,725,-0.0011750920172496739,-0.0010722327162827165,-0.0011187501916174532,-0.00112710587976277,0.3448275862068966,0.46027032558125497,-0.005787660097770319,0.003519263817815977
LOW_6H_CONTINUE_SHORT,30,2025-10,721,-0.00039320897624938665,-0.0005507024895243345,-0.0001581503023959183,-9.836937459601208e-07,0.4535367545076283,0.8960533398582773,-0.008188793293624496,0.009737783361609732
LOW_6H_CONTINUE_SHORT,30,2025-11,1001,-0.00018804107819997762,-0.0009006879935283368,-0.00036675755880016304,-0.00019115840558852652,0.4305694305694306,0.9360364234836714,-0.00799312797186753,0.009177628785339165
LOW_6H_CONTINUE_SHORT,30,2025-12,688,0.00041581804653500023,-0.0007479129638174425,-1.659725414112025e-05,0.0002510875767687043,0.438953488372093,1.1907654546961997,-0.0062183597614609,0.008601559421808397
LOW_6H_CONTINUE_SHORT,30,2026-01,705,0.0003194679865965041,-0.000972567895292164,-0.00011636687559160012,0.00021962670717849366,0.39148936170212767,1.1522781737347232,-0.005113221116887366,0.009300521827760916
LOW_6H_CONTINUE_SHORT,30,2026-02,829,-0.0013022277590519996,-0.0014293896667805887,-0.0010859615341201202,-0.0009112779766531006,0.39324487334137515,0.6783849336773141,-0.009843072048269374,0.009058264684874964
LOW_6H_CONTINUE_SHORT,30,2026-03,664,-0.0011891347794012203,-0.001193203402446396,-0.0011858828110178651,-0.0011774004137211631,0.3810240963855422,0.5316213105264669,-0.006901777741451242,0.004399378208220163
LOW_6H_CONTINUE_SHORT,30,2026-04,628,-0.0007671296882833999,-0.0011740033549676003,-0.0009380257127857021,-0.0008400448218377187,0.3248407643312102,0.589377232327494,-0.004643893890059991,0.004037504135799975
LOW_6H_CONTINUE_SHORT,30,2026-05,585,-0.001141166284818081,-0.0013374631268435293,-0.001251718083991409,-0.0012154662303830988,0.3145299145299145,0.44414763780582067,-0.005237721742542356,0.0030133619532490847
LOW_6H_CONTINUE_SHORT,30,2026-06,907,-0.0009127962197141811,-0.0012335290995325147,-0.0010087118615328854,-0.0009088362852211065,0.37927232635060637,0.6833650931339399,-0.007623145691227527,0.006875281672336886
LOW_6H_CONTINUE_SHORT,30,2026-07,649,-0.0008342843244819207,-0.0009321794468336136,-0.0008815203647752425,-0.000849711597513184,0.3605546995377504,0.5406045396777495,-0.004849268948876938,0.003434897878763123
LOW_6H_CONTINUE_SHORT,60,2024-01,645,-0.0009054165048758166,-0.0018437053722853529,-0.0013128657997720492,-0.0010378478472352704,0.3627906976744186,0.8150582644853832,-0.013735399290184944,0.012332142059076049
LOW_6H_CONTINUE_SHORT,60,2024-02,458,-0.0019723543416405756,-0.00185604016040326,-0.0019610541789238313,-0.0019478001098973937,0.2838427947598253,0.3785505192733258,-0.007894460020510884,0.004153759055798198
LOW_6H_CONTINUE_SHORT,60,2024-03,632,-0.003076768215251986,-0.003565750297616587,-0.0031268065482115514,-0.0030168553269370913,0.33069620253164556,0.5088482868541775,-0.01685828234682105,0.011267078687943065
LOW_6H_CONTINUE_SHORT,60,2024-04,772,-4.1166702105491075e-05,-0.0014981315729272852,-0.0004359355279140359,-0.00020343590818469666,0.44041450777202074,0.9912588346366124,-0.012537208022781287,0.015961553316321275
LOW_6H_CONTINUE_SHORT,60,2024-05,531,-0.0007072472842217576,-0.0024918918918919834,-0.0013239294999029647,-0.0008876730542099477,0.3427495291902072,0.808595720350565,-0.00926838461299646,0.01058601688071641
LOW_6H_CONTINUE_SHORT,60,2024-06,703,-0.0007124619472774496,-0.0016117720041948884,-0.0012853991422023027,-0.0010520580128889126,0.3584637268847795,0.7892794837097891,-0.00898774187274951,0.007604298429917321
LOW_6H_CONTINUE_SHORT,60,2024-07,751,-0.0011863562146158647,-0.002019161676646796,-0.0016677540421082412,-0.0015811148858100033,0.35419440745672437,0.6957837229587297,-0.010803020969533183,0.00858751806151552
LOW_6H_CONTINUE_SHORT,60,2024-08,816,0.000835547498631262,-0.00022658317319325047,0.00047851924413702733,0.0006902514713980554,0.4877450980392157,1.1894093976813105,-0.011569869769900109,0.014367266278270053
LOW_6H_CONTINUE_SHORT,60,2024-09,691,-0.001829981903626496,-0.0017042922572819245,-0.001607327696204547,-0.001616998440813078,0.35021707670043417,0.4506676331931979,-0.008457931925714379,0.005639600665557288
LOW_6H_CONTINUE_SHORT,60,2024-10,795,-0.0013639985408818197,-0.0014590908260064366,-0.0013949111701340945,-0.0013425040629832657,0.379874213836478,0.5790968222728177,-0.009357490648426857,0.006994151800236438
LOW_6H_CONTINUE_SHORT,60,2024-11,737,-0.0029376335574902916,-0.002677403736055139,-0.0027939849784166856,-0.002938508456041672,0.344640434192673,0.40822825218707537,-0.014512736545450643,0.007200285509762192
LOW_6H_CONTINUE_SHORT,60,2024-12,976,-0.0014435277809835023,-0.001580347802548187,-0.0014040089965641255,-0.0012949320148429701,0.42315573770491804,0.6754294035722341,-0.012220813119888051,0.009619891800374637
LOW_6H_CONTINUE_SHORT,60,2025-01,881,-0.001672155549602153,-0.0012930468336232563,-0.001438922415286954,-0.0014203360565224201,0.3995459704880817,0.5806979586463238,-0.010823810103390463,0.008405220204396758
LOW_6H_CONTINUE_SHORT,60,2025-02,908,-0.0005954401036443635,-0.0008361247291228218,-0.0007843956164033595,-0.0007084967042983348,0.43942731277533037,0.8529565952598437,-0.011651676643702523,0.011042885578439302
LOW_6H_CONTINUE_SHORT,60,2025-03,924,-0.0013141732648417294,-0.0010201046085032799,-0.0012398646518817988,-0.0013222084536466784,0.41233766233766234,0.6639441218735452,-0.01116643423997492,0.008263089543060032
LOW_6H_CONTINUE_SHORT,60,2025-04,843,0.00032854840215012756,-0.0007829035100846532,-6.400251888404463e-05,0.0002366950748940292,0.4258600237247924,1.1111888999930668,-0.008264947135725075,0.011191470921104292
LOW_6H_CONTINUE_SHORT,60,2025-05,714,-0.001562657328168504,-0.0015966130382429437,-0.0017340521279599385,-0.001744949972023661,0.3543417366946779,0.483611902704727,-0.00838275503938981,0.004377401883880184
LOW_6H_CONTINUE_SHORT,60,2025-06,863,-0.0006158545933617161,-0.0008106445723915051,-0.0008240657209503308,-0.0007119695878080342,0.41251448435689453,0.7725851592260137,-0.0077434539584643625,0.006444422223592657
LOW_6H_CONTINUE_SHORT,60,2025-07,804,-0.001655714096819484,-0.0013128274666055033,-0.0015657068742195822,-0.001624353840234381,0.3718905472636816,0.48747905475972697,-0.008997767245845622,0.005385682977843494
LOW_6H_CONTINUE_SHORT,60,2025-08,849,-0.0006062740379811736,-0.0009759398496241406,-0.0007171334397150784,-0.000604549242513279,0.4122497055359246,0.7862168757221162,-0.008080526252241003,0.007472809082840186
LOW_6H_CONTINUE_SHORT,60,2025-09,725,-0.0018476349931867198,-0.001757169584824924,-0.0017232316534681988,-0.0017834573392458521,0.3255172413793103,0.3843536924795683,-0.007549292773397841,0.0037735791223934253
LOW_6H_CONTINUE_SHORT,60,2025-10,721,-0.0007050184034795826,-0.00045565375207829936,-3.8557332791134416e-05,-3.91072514177522e-05,0.47711511789181693,0.84968435961503,-0.011415188908475992,0.011945383817427425
LOW_6H_CONTINUE_SHORT,60,2025-11,1001,0.000578684691571383,-0.0008420096172517371,0.00012823553240493877,0.00032542735009664166,0.44555444555444557,1.1648681176468116,-0.010331055091563911,0.013003188681463041
LOW_6H_CONTINUE_SHORT,60,2025-12,688,0.0007825849958596979,-0.0007671381897332402,0.00031833000565029384,0.0005650675597921532,0.45494186046511625,1.3105841755352583,-0.007159607713260562,0.011028116842615326
LOW_6H_CONTINUE_SHORT,60,2026-01,705,0.0009238958508612438,-0.000780604227709491,0.0002706141690037489,0.0007574457354502863,0.43120567375886526,1.3659316014386869,-0.006830823075296676,0.012066329506422347
LOW_6H_CONTINUE_SHORT,60,2026-02,829,-0.001376540891976992,-0.0017458333333334013,-0.0011479474868084283,-0.0010152870830785847,0.41857659831121835,0.734690995230669,-0.01350248091816526,0.012823041925688335
LOW_6H_CONTINUE_SHORT,60,2026-03,664,-0.001169016405542735,-0.00159886475456723,-0.0011010688106341821,-0.001026770898118383,0.3810240963855422,0.6318989742330638,-0.0080944452815628,0.007124942719423602
LOW_6H_CONTINUE_SHORT,60,2026-04,628,-0.0010371704608600721,-0.0014588536221327823,-0.001066615792044911,-0.0009569225051083152,0.35509554140127386,0.5573008160458962,-0.005815390750912329,0.004847443242250796
LOW_6H_CONTINUE_SHORT,60,2026-05,585,-0.00097886658453873,-0.001246760806294999,-0.0011194608475610295,-0.0010524947203553732,0.3572649572649573,0.5803381853301152,-0.006147884014344139,0.004626584155231009
LOW_6H_CONTINUE_SHORT,60,2026-06,907,-0.001628357536122476,-0.0014273899157718033,-0.0014517641274534676,-0.0014880216374866155,0.4002205071664829,0.5943497615172857,-0.011535212169637155,0.008054482047095069
LOW_6H_CONTINUE_SHORT,60,2026-07,649,-0.0009449877864403676,-0.0011290312728383205,-0.0010556733334853472,-0.0009688838862588491,0.36517719568567025,0.577708260420838,-0.006027391781962054,0.004334352619797403
LOW_6H_CONTINUE_SHORT,120,2024-01,645,-0.0006571423335475798,-0.0020691902169217118,-0.0011083693254139687,-0.0004868596567478174,0.4170542635658915,0.8859110013634827,-0.01582575850303602,0.016236622321674693
LOW_6H_CONTINUE_SHORT,120,2024-02,458,-0.002565538970403798,-0.002215565692230869,-0.002427038076754398,-0.0024997711322803234,0.31004366812227074,0.3524632513707376,-0.010490805669149637,0.005544693764865429
LOW_6H_CONTINUE_SHORT,120,2024-03,632,-0.004434432138056576,-0.004090565516013677,-0.004453774926247669,-0.004479493855554654,0.3401898734177215,0.44443886790201304,-0.02278296656947536,0.01335358524311425
LOW_6H_CONTINUE_SHORT,120,2024-04,772,-0.0005596719984612594,-0.0012516579451247838,-0.0006457222321259977,-0.0004889599531833991,0.4637305699481865,0.8989084780713847,-0.01594095001040281,0.015739692277446614
LOW_6H_CONTINUE_SHORT,120,2024-05,531,-0.0006690595852218,-0.0020666298571330836,-0.000997831874187578,-0.0006043849487543325,0.3804143126177024,0.8449654083889188,-0.010767273554847478,0.014045508203972702
LOW_6H_CONTINUE_SHORT,120,2024-06,703,-0.0011337478414808753,-0.0019612689393938114,-0.0014504423231152502,-0.0011884222567904296,0.3684210526315789,0.7296245331757316,-0.011220536628681565,0.010309910600596703
LOW_6H_CONTINUE_SHORT,120,2024-07,751,-0.0005737779526926082,-0.0017348117943490442,-0.0012197515666394127,-0.0009186574538755101,0.3981358189081225,0.8665790203799005,-0.011865951563236065,0.012029332154634354
LOW_6H_CONTINUE_SHORT,120,2024-08,816,0.0006381915166258667,-0.0010023304327276376,0.0004017426977516713,0.000734816891363497,0.45465686274509803,1.110966443782612,-0.013243585075732933,0.018245360906964537
LOW_6H_CONTINUE_SHORT,120,2024-09,691,-0.002153019985836286,-0.001997837552943981,-0.0021596543589408232,-0.0021685766441197443,0.361794500723589,0.502090098064019,-0.01203960778487596,0.008112368267481341
LOW_6H_CONTINUE_SHORT,120,2024-10,795,-0.0014907310780738231,-0.0019501656138397154,-0.0018181419361529717,-0.001678599745938506,0.36981132075471695,0.6485056601214902,-0.011681938780103018,0.009054023517827501
LOW_6H_CONTINUE_SHORT,120,2024-11,737,-0.0036903707496041198,-0.0034755074424897663,-0.0035635514041370453,-0.0036758998418409375,0.33514246947082765,0.39466838662323805,-0.017006449865570983,0.009614684973897147
LOW_6H_CONTINUE_SHORT,120,2024-12,976,-0.0014893571578324988,-0.0018497330595714338,-0.001583292581340625,-0.0015223503736085803,0.42520491803278687,0.7425811025742465,-0.016593357985446987,0.01473838373595986
LOW_6H_CONTINUE_SHORT,120,2025-01,881,-0.0006644675886647344,-0.0012921977724896332,-0.0005885548671202811,-0.0005731172050748169,0.42224744608399545,0.8585002288402048,-0.014299028138936864,0.014599260959272265
LOW_6H_CONTINUE_SHORT,120,2025-02,908,-0.000543708153356157,-0.0007915270729538898,-0.0005983101582939653,-0.0003682021984370022,0.4669603524229075,0.8971487747039676,-0.01586216919095995,0.01621701366888421
LOW_6H_CONTINUE_SHORT,120,2025-03,924,-0.0019041096485491143,-0.001506027036858825,-0.001312244787449871,-0.0013556557308048941,0.4231601731601732,0.6726470845005055,-0.014167069114369756,0.0125340658285403
LOW_6H_CONTINUE_SHORT,120,2025-04,843,-0.00011383443268222578,-0.000996694584280821,-0.0005576999345023312,-0.00027368808164268,0.4424673784104389,0.9717511647787734,-0.011572744037311743,0.012716447247596229
LOW_6H_CONTINUE_SHORT,120,2025-05,714,-0.002212068939430115,-0.0017013341806830333,-0.0021075777754535055,-0.0022092610376990185,0.3739495798319328,0.42430094854918465,-0.011061664713708775,0.005269121645122035
LOW_6H_CONTINUE_SHORT,120,2025-06,863,-0.0002104891632271216,-0.0007100559713227422,-0.0004119068226590941,-0.00018473823165892847,0.4322132097334878,0.9364085198520776,-0.008758285252342434,0.00968456425145979
LOW_6H_CONTINUE_SHORT,120,2025-07,804,-0.0017441325390340765,-0.0016698354205372905,-0.0016655633033984384,-0.0017107812727612528,0.38308457711442784,0.5682838666027348,-0.012173402838259224,0.007951321188657616
LOW_6H_CONTINUE_SHORT,120,2025-08,849,-0.001296530283993419,-0.0014795201081446267,-0.001006244076330373,-0.0009842016942168631,0.41460541813898705,0.708297826281679,-0.011544836888960726,0.010853032599315726
LOW_6H_CONTINUE_SHORT,120,2025-09,725,-0.0025449686006438384,-0.002122527395476425,-0.0023349827748507528,-0.002460892600664944,0.3296551724137931,0.3535385605023783,-0.011215927391499724,0.004985218226167577
LOW_6H_CONTINUE_SHORT,120,2025-10,721,0.0019122290162737786,-0.0001580891776040255,0.0011512509558780626,0.0015688366254947162,0.49514563106796117,1.3553771622653206,-0.013207475386466005,0.02183774574049806
LOW_6H_CONTINUE_SHORT,120,2025-11,1001,0.0022026451266846875,0.0002819638394825802,0.001713521113216267,0.002089312708624452,0.5074925074925075,1.518858677636727,-0.01353108222545114,0.02117677395068689
LOW_6H_CONTINUE_SHORT,120,2025-12,688,0.000815252459494084,-0.0012624849922770569,0.0002264434398355173,0.0006400613678361109,0.43023255813953487,1.255579589237781,-0.008886062072277733,0.01450482847001366
LOW_6H_CONTINUE_SHORT,120,2026-01,705,0.0005376781119440329,-0.0011248950209957302,-0.00011580459046574797,0.0004223946317002129,0.4085106382978723,1.1638071275891715,-0.00925775845201293,0.013228877655263755
LOW_6H_CONTINUE_SHORT,120,2026-02,829,-0.0006272982550423955,-0.0009124999999999378,-3.3328912883679135e-05,8.940384720245284e-05,0.4644149577804584,0.8945159430050378,-0.01565188917018958,0.018081426156077465
LOW_6H_CONTINUE_SHORT,120,2026-03,664,-0.0013821677308605944,-0.0012459518039851895,-0.001111236620713745,-0.0011572580912408994,0.41566265060240964,0.6579548147968883,-0.011110820025479806,0.009427311034282907
LOW_6H_CONTINUE_SHORT,120,2026-04,628,-0.001057907957983994,-0.0015060898131489912,-0.0010035852614265729,-0.0008835532101594406,0.37738853503184716,0.6413162961428347,-0.007430471312244701,0.006901312335406211
LOW_6H_CONTINUE_SHORT,120,2026-05,585,-0.0016263176073969912,-0.0016227222197518591,-0.0015526380930356788,-0.0015818959866872944,0.39658119658119656,0.5126956358810771,-0.009209130598735115,0.005514029633526789
LOW_6H_CONTINUE_SHORT,120,2026-06,907,-0.0025806100414910754,-0.001830384251081462,-0.0023071713439271426,-0.0024306170807839277,0.3958103638368247,0.5568419989499157,-0.017608600872603585,0.012270819183839788
LOW_6H_CONTINUE_SHORT,120,2026-07,649,-0.0016951691433598046,-0.0016256410256410662,-0.0016238732879872747,-0.0016230105921942765,0.36517719568567025,0.48153127895802067,-0.009153804175072078,0.0058358698819741634
LOW_6H_REVERSE_LONG,5,2024-01,645,-0.0005905817764697732,-0.00010890518596136042,-0.00026180167032242906,-0.00032185504133212074,0.4790697674418605,0.7009018137816879,-0.004627577583255204,0.003345279600247
LOW_6H_REVERSE_LONG,5,2024-02,458,-0.00016696161311303308,-0.0001933835348103091,-0.00016761334668994812,-0.0001540946855108666,0.44759825327510916,0.8096474824704952,-0.0026593247170078375,0.0023724039256832765
LOW_6H_REVERSE_LONG,5,2024-03,632,0.000190109630454954,0.0002263622504219859,0.00012471316541569428,0.00017875135571194064,0.5158227848101266,1.1226172627754312,-0.005070214352202506,0.0048629511536517405
LOW_6H_REVERSE_LONG,5,2024-04,772,-0.0005874532438372931,-0.0003258014546673843,-0.0004702341338077957,-0.0005442507417284393,0.44041450777202074,0.6737718355981192,-0.004683402695514581,0.0034685171973119606
LOW_6H_REVERSE_LONG,5,2024-05,531,-0.0004437379668627189,-0.000224867048468646,-0.0003659352633732263,-0.00039896521608925314,0.4463276836158192,0.6294402097538346,-0.003562745368577657,0.0023750991123134176
LOW_6H_REVERSE_LONG,5,2024-06,703,-0.0005566469723849339,-0.0004303330562106072,-0.00047029797727776766,-0.0004683441113387305,0.3741109530583215,0.5841113136556134,-0.003233707820248232,0.00239938563364082
LOW_6H_REVERSE_LONG,5,2024-07,751,-0.0004326033147128456,-0.0002993234778250858,-0.0003511599198404437,-0.000365467921593195,0.440745672436751,0.6621506456894473,-0.0035973051751637224,0.002840699161373795
LOW_6H_REVERSE_LONG,5,2024-08,816,-0.0005051046665441335,-0.000599169055631687,-0.0006069922599639795,-0.0006197114120743136,0.4105392156862745,0.713131418222918,-0.004909747389237339,0.003483240997135307
LOW_6H_REVERSE_LONG,5,2024-09,691,-0.0002354614742323533,-8.065437548683216e-05,-4.4769036258093876e-05,-4.121782205699557e-05,0.4804630969609262,0.7812806293865632,-0.002724989542374278,0.0027414757800618313
LOW_6H_REVERSE_LONG,5,2024-10,795,-0.0003809423649500518,-0.0004258672036506311,-0.0004079175415413861,-0.0003781891511711027,0.39622641509433965,0.6633648437568251,-0.0032411521349393836,0.0022523518619044897
LOW_6H_REVERSE_LONG,5,2024-11,737,-0.00015558558460555542,-0.0004020943918006775,-0.00023057759399804705,-0.00019787245686282893,0.44776119402985076,0.8847544701354088,-0.00410215751270222,0.0038709129128206895
LOW_6H_REVERSE_LONG,5,2024-12,976,-0.00040638600698675434,-0.000543573453658252,-0.0006113565271200087,-0.0005884300713624135,0.4088114754098361,0.7391773910052121,-0.004279565392032125,0.003288863293628031
LOW_6H_REVERSE_LONG,5,2025-01,881,-0.00027971439605732645,-0.00042224299873112544,-0.0004064368667724148,-0.0003634064337470489,0.39727582292849034,0.7714892318124618,-0.0035296752603806818,0.0027782724073250227
LOW_6H_REVERSE_LONG,5,2025-02,908,-0.0006418375431360236,-0.0006036045091379999,-0.0005741342660453521,-0.0005708771663675381,0.381057268722467,0.618780047336007,-0.004384783720418916,0.003113766571332822
LOW_6H_REVERSE_LONG,5,2025-03,924,-0.0006309091495101113,-0.0005375946694062378,-0.0005960100033227983,-0.0006193543284436586,0.3841991341991342,0.5561802992999313,-0.0039426614949331406,0.0025516358794212663
LOW_6H_REVERSE_LONG,5,2025-04,843,-0.0007016230136905889,-0.0006332690132410773,-0.0006829622295912352,-0.0006980118697339897,0.36180308422301305,0.49166376913963095,-0.0038473612840718143,0.0024054032585571383
LOW_6H_REVERSE_LONG,5,2025-05,714,-0.0001620959439538323,-0.00021911414096182854,-0.00012911144753606125,-0.0001454118965654409,0.44537815126050423,0.8289173323865586,-0.0026039322873273037,0.0026541150100352975
LOW_6H_REVERSE_LONG,5,2025-06,863,-0.0005934389557915665,-0.0005206245262277636,-0.00047018717707338097,-0.0004979506591233741,0.34762456546929316,0.4671047794759997,-0.002610247676365573,0.0017050474156352436
LOW_6H_REVERSE_LONG,5,2025-07,804,-0.00036459444163049453,-0.0004353297383485438,-0.0003629635386821049,-0.0003456509930114898,0.3818407960199005,0.6251774261976493,-0.002630540388858492,0.0022409880135180658
LOW_6H_REVERSE_LONG,5,2025-08,849,-0.00032001489761124946,-0.00036475917548524025,-0.0003372410239317642,-0.0003544537547378188,0.3839811542991755,0.6783743584155884,-0.0028610196858551698,0.0022008983733422093
LOW_6H_REVERSE_LONG,5,2025-09,725,-0.0007219229821338085,-0.0006025803055597739,-0.0006410075857996139,-0.0006688306124011591,0.3158620689655172,0.372994718662529,-0.0028862719311977918,0.0014549674251778787
LOW_6H_REVERSE_LONG,5,2025-10,721,-0.0006743335981190982,-0.00047434574323108544,-0.0005270264701680168,-0.0005783596891720283,0.4077669902912621,0.7075255596511912,-0.004504356580145873,0.0029907396713736885
LOW_6H_REVERSE_LONG,5,2025-11,1001,-0.000669103710653014,-0.0006665194969774462,-0.0007118151007279135,-0.0007168336318445752,0.3776223776223776,0.5523166467180821,-0.004152087962734318,0.0024352631850285585
LOW_6H_REVERSE_LONG,5,2025-12,688,-0.0010808318616990886,-0.0007822134093946714,-0.000999224912225826,-0.0010559148089226852,0.31540697674418605,0.36189472761844615,-0.004615272373998413,0.002191987108444528
LOW_6H_REVERSE_LONG,5,2026-01,705,-0.0007977500275206668,-0.0005200130043373047,-0.0006389415303189939,-0.0007227427934535009,0.3659574468085106,0.42063407963489674,-0.003750901642610737,0.0017868038981560873
LOW_6H_REVERSE_LONG,5,2026-02,829,-0.0008204417701912488,-0.0004815526752176108,-0.0006824300943593338,-0.0007219851956958961,0.41857659831121835,0.5899604104882986,-0.005609361248951638,0.003499062962031664
LOW_6H_REVERSE_LONG,5,2026-03,664,-0.0006292190799265626,-0.00047835950308046046,-0.0005452358933498452,-0.0005683573158287096,0.3795180722891566,0.48617404093174077,-0.0032522979167384884,0.001786855949624889
LOW_6H_REVERSE_LONG,5,2026-04,628,-0.0003761459990016771,-0.00036306348792765006,-0.00034384523605226103,-0.0003567432048444245,0.39331210191082805,0.5812885342656355,-0.002461074783021166,0.001697691990480311
LOW_6H_REVERSE_LONG,5,2026-05,585,-0.0005173417724647958,-0.0003676589922424028,-0.00041460532779791746,-0.00048213747920722484,0.3811965811965812,0.4790808125737331,-0.002683784279547651,0.00175450662998158
LOW_6H_REVERSE_LONG,5,2026-06,907,-0.0005781220142268721,-0.0004322278346005731,-0.0005050180592788229,-0.000554464913182611,0.42778390297684676,0.6124016105508773,-0.00409939415385816,0.0027844727708956855
LOW_6H_REVERSE_LONG,5,2026-07,649,-0.000524687521381612,-0.00047101767057895424,-0.00048075769142389633,-0.0005038254223076011,0.3359013867488444,0.42072596745629526,-0.0023332315941873454,0.001365431011675901
LOW_6H_REVERSE_LONG,15,2024-01,645,-0.00057312141598702,0.00015214441172710705,5.5954567250792006e-05,3.0909902394927864e-05,0.5116279069767442,0.7934916561872181,-0.005654655852632117,0.005444833296714548
LOW_6H_REVERSE_LONG,15,2024-02,458,6.772443892096213e-05,-0.00011908074057549397,2.5811519292202213e-05,3.590904090898516e-05,0.4737991266375546,1.0568694709379036,-0.0035540727965512322,0.004320622182831203
LOW_6H_REVERSE_LONG,15,2024-03,632,0.0008066144831761193,0.0005163842101524768,0.0007543434517700198,0.0008005707714056304,0.5458860759493671,1.3668728325964594,-0.006986171816318819,0.008693601400805549
LOW_6H_REVERSE_LONG,15,2024-04,772,-0.001341326421165413,-0.0001690135983862356,-0.0008077658110026799,-0.0010378896453654895,0.483160621761658,0.5908872177950824,-0.009077936026973476,0.005880931703538628
LOW_6H_REVERSE_LONG,15,2024-05,531,-0.0002835121348215102,9.005518869635912e-05,-8.354306379067398e-05,-0.00018111196513762333,0.5141242937853108,0.8428700223600804,-0.005422252620037326,0.004783804824119487
LOW_6H_REVERSE_LONG,15,2024-06,703,-0.0003852914799185913,3.455131933798375e-05,-9.745669864107476e-05,-0.0001457138257076023,0.5049786628733998,0.7866167934295929,-0.004347165097311811,0.0038819386547378496
LOW_6H_REVERSE_LONG,15,2024-07,751,-0.00032338227615048284,4.200185135421256e-05,-0.0001993283304519805,-0.0002006696701671127,0.5033288948069241,0.8330154497868165,-0.005769041181531941,0.004777028140887141
LOW_6H_REVERSE_LONG,15,2024-08,816,-0.0011485976657088582,-0.00029889210172890865,-0.0008528694696690721,-0.0009349561076518597,0.47181372549019607,0.649478926077168,-0.009244799964785676,0.006014185884668
LOW_6H_REVERSE_LONG,15,2024-09,691,4.023226634631186e-05,1.4161970956539402e-05,7.645634660512923e-05,7.207159507240268e-05,0.507959479015919,1.0321516038517156,-0.004060942714501591,0.004066363297894272
LOW_6H_REVERSE_LONG,15,2024-10,795,-0.00027068775219771794,-8.444193020661875e-06,-0.000188249093108047,-0.00023754525912521383,0.4981132075471698,0.8287275610436704,-0.004624335268190504,0.003964025991766353
LOW_6H_REVERSE_LONG,15,2024-11,737,0.0002689155845225734,7.94804249468101e-05,0.00011574511606624861,0.0001754348103207951,0.5047489823609227,1.145718786002713,-0.006027870776690712,0.006416348613536971
LOW_6H_REVERSE_LONG,15,2024-12,976,-0.0007210309398134522,-0.00047458966299735947,-0.0007106184767099799,-0.0007676487160022414,0.4487704918032787,0.7252483823542953,-0.007822554758390454,0.005447370093024696
LOW_6H_REVERSE_LONG,15,2025-01,881,8.908919594085366e-05,-0.0002323722493567487,-0.00020329086142745493,-0.00015221621015554745,0.46311010215664017,1.050917719297937,-0.005313082065635143,0.005195235028976276
LOW_6H_REVERSE_LONG,15,2025-02,908,-0.0011311582057738831,-0.0005768582859244192,-0.0007789580409969756,-0.0008302474611600285,0.42841409691629956,0.5868587914184413,-0.007079141981726088,0.005440244727850321
LOW_6H_REVERSE_LONG,15,2025-03,924,-0.0006175396085689055,-0.0004569037076830978,-0.0005860569837792441,-0.0006063331193054564,0.4393939393939394,0.7016975619327575,-0.005851210998720212,0.004747489427442322
LOW_6H_REVERSE_LONG,15,2025-04,843,-0.001195327522893745,-0.0006,-0.0010342601683857994,-0.0011829664690428882,0.4033214709371293,0.4907360672057973,-0.006930425653258764,0.003566108831911422
LOW_6H_REVERSE_LONG,15,2025-05,714,-7.156897879377353e-05,-5.217975612547524e-06,1.912803440893471e-05,-2.1736212000222296e-06,0.49859943977591037,0.9442426505968837,-0.0039046334865091565,0.003979547483215564
LOW_6H_REVERSE_LONG,15,2025-06,863,-0.0007302674371558657,-0.00033061907104732166,-0.0004322678354174672,-0.0005216249635127305,0.4287369640787949,0.5572092494640655,-0.004422642073583937,0.0029539351190281293
LOW_6H_REVERSE_LONG,15,2025-07,804,-3.323622782910452e-05,-0.0002099372707211161,-5.8095744336489036e-05,-5.375147809940792e-05,0.4626865671641791,0.9715923662890512,-0.00372076104466048,0.0038056488820498845
LOW_6H_REVERSE_LONG,15,2025-08,849,-0.00017663252383511734,-0.00029222806547319843,-0.00024025194209957972,-0.0002075957892974335,0.45111896348645464,0.8753674081079277,-0.004320923287895994,0.003896936481863712
LOW_6H_REVERSE_LONG,15,2025-09,725,-0.00045695275805385466,-0.00041934278712536463,-0.0004584973441398471,-0.0004892354221467329,0.4206896551724138,0.6755185772078335,-0.0039373191348187385,0.0031599019146761687
LOW_6H_REVERSE_LONG,15,2025-10,721,-0.0002751599228407671,-0.00029136918755352456,-0.0005486158091597944,-0.0005838284156455288,0.47018030513176146,0.9058802480158148,-0.007610770168664915,0.005557765284609873
LOW_6H_REVERSE_LONG,15,2025-11,1001,-0.0008608392585851883,-0.0006,-0.000816687134647829,-0.0008949224505718389,0.42857142857142855,0.644279620675008,-0.007058797327394183,0.00466399744775885
LOW_6H_REVERSE_LONG,15,2025-12,688,-0.0012003939530716501,-0.0004910243158695143,-0.0010122705295637793,-0.0011214702515298643,0.4186046511627907,0.4781449503641032,-0.0071302812934290185,0.003504569212901457
LOW_6H_REVERSE_LONG,15,2026-01,705,-0.0010380014298586042,-0.0003991266742949356,-0.000741669730417859,-0.0009072715092953877,0.4326241134751773,0.5198545697788913,-0.00683306741115106,0.0035204861144520604
LOW_6H_REVERSE_LONG,15,2026-02,829,-0.0003749004296078828,-9.489847459327402e-05,-0.00034820298873914794,-0.0003520374807142141,0.49336550060313633,0.8634661987155795,-0.007957339975684973,0.006722317100494404
LOW_6H_REVERSE_LONG,15,2026-03,664,-0.0002939008532873524,-0.00012243998855883062,-0.0002562084077848713,-0.00028437630185208795,0.4789156626506024,0.813152540918515,-0.004887281924641073,0.003861575562975107
LOW_6H_REVERSE_LONG,15,2026-04,628,-0.00039303564211431145,1.820600643547335e-05,-0.00022153255681392,-0.0002757024897192595,0.5047770700636943,0.6833930473696366,-0.003953959162828701,0.002497324077645405
LOW_6H_REVERSE_LONG,15,2026-05,585,-0.00032435411294234905,-0.000240933572710999,-0.00025756927427870345,-0.0003035590748274972,0.441025641025641,0.7327819637019299,-0.003689306657734303,0.0029431562623733385
LOW_6H_REVERSE_LONG,15,2026-06,907,-0.000719212664418252,-0.00022812082692420463,-0.0005017546970971853,-0.0006062123398881833,0.4718853362734289,0.6790056835672594,-0.006773178034157667,0.00444933724596146
LOW_6H_REVERSE_LONG,15,2026-07,649,-0.00043625335293252847,-0.00020342564702986396,-0.00035916293968045715,-0.0004247633309199934,0.4560862865947612,0.6360974033806418,-0.0038675825396813574,0.002516249977268516
LOW_6H_REVERSE_LONG,30,2024-01,645,-0.0004849994284201897,-0.00022240826565151858,-0.000369998794294331,-0.000523498951777697,0.4868217054263566,0.8530299182112107,-0.01023004454289884,0.007732587240023238
LOW_6H_REVERSE_LONG,30,2024-02,458,0.00032661521285549434,3.5190272307295575e-05,0.0002855643174618395,0.00030992549529192814,0.5065502183406113,1.236009096365197,-0.004373402089256195,0.005411013307664226
LOW_6H_REVERSE_LONG,30,2024-03,632,0.0011474575326949608,0.0009884719657988102,0.0010055312332773296,0.0010621323962928138,0.5617088607594937,1.433691880812436,-0.008683094742975527,0.011364874480648022
LOW_6H_REVERSE_LONG,30,2024-04,772,-0.001242859486621355,-0.0001214292565479663,-0.0008499576863640896,-0.0010477407305844073,0.49093264248704666,0.6751843621933009,-0.012122423760221006,0.007319464628598716
LOW_6H_REVERSE_LONG,30,2024-05,531,-0.00020970735273198902,0.0008980013549603655,0.00021366301820953105,-6.673762113742843e-05,0.583804143126177,0.9103222906152459,-0.007337783895388927,0.005830238150371359
LOW_6H_REVERSE_LONG,30,2024-06,703,-0.0002355061894756566,0.00024333327476859848,-2.2261240798959397e-06,-7.992908037732329e-05,0.5362731152204836,0.8941344390442615,-0.006973782019579011,0.0060939723355595094
LOW_6H_REVERSE_LONG,30,2024-07,751,-0.00014514409846690942,0.0005501906895090564,0.00011846836099407002,1.4245658584932208e-05,0.5366178428761651,0.9449710002625008,-0.00782046021998779,0.007222435930939564
LOW_6H_REVERSE_LONG,30,2024-08,816,-0.0019399719850409132,-0.0005056500202682107,-0.0013980901949998518,-0.001625361912704965,0.4693627450980392,0.5926890803070105,-0.013392195974928477,0.008309540273842498
LOW_6H_REVERSE_LONG,30,2024-09,691,0.00018525052445469148,6.981661507270479e-05,0.00010879390415178092,0.00012169469556143446,0.5094066570188133,1.1121840645233085,-0.005630231357329606,0.00572003175281648
LOW_6H_REVERSE_LONG,30,2024-10,795,7.039275894637371e-05,0.0001404664938910344,0.00010968800363955953,3.861608127791164e-05,0.519496855345912,1.0370598864104372,-0.005680694885370462,0.005433067241200207
LOW_6H_REVERSE_LONG,30,2024-11,737,0.0008952274339698586,0.0005004304625044093,0.0007515460742420106,0.0008150221888776931,0.5468113975576662,1.4283231500244744,-0.007004632347397675,0.00906656566283519
LOW_6H_REVERSE_LONG,30,2024-12,976,-0.0005064176937326746,-0.000253183150026825,-0.0005341763372999005,-0.0006830302637386469,0.48258196721311475,0.8392950304399566,-0.009713906125020665,0.008087531694542172
LOW_6H_REVERSE_LONG,30,2025-01,881,0.00015985057855904375,-2.884759017625024e-05,-9.858768294022839e-05,-8.931356253318398e-05,0.4982973893303065,1.0694285999860038,-0.007650092764378513,0.006945359252615125
LOW_6H_REVERSE_LONG,30,2025-02,908,-0.0009293761044563441,-0.00039524619768589394,-0.0006120210559725838,-0.0007517704051695393,0.4647577092511013,0.7201869226816362,-0.009643808365794815,0.007108275861166937
LOW_6H_REVERSE_LONG,30,2025-03,924,-0.0006367498152445368,-0.0001566776489529514,-0.0005336305022674127,-0.0005872101330177045,0.48268398268398266,0.7725122894350532,-0.00827718651248803,0.006116529481455203
LOW_6H_REVERSE_LONG,30,2025-04,843,-0.0015414234506259913,-0.000588853405563205,-0.0012819907995778724,-0.0014822908163074878,0.431791221826809,0.533478513356445,-0.010369608007463314,0.005303416187320602
LOW_6H_REVERSE_LONG,30,2025-05,714,5.4841621187849056e-05,6.92720532176511e-05,0.00024621229984309544,0.000278211232984332,0.511204481792717,1.03233601410537,-0.00471435550472048,0.005611252658401123
LOW_6H_REVERSE_LONG,30,2025-06,863,-0.0004998040480372745,-0.00019717402082293164,-0.0001674707406189048,-0.0002953669340559591,0.47856315179606024,0.739573621623439,-0.005165976893541945,0.004279135555058374
LOW_6H_REVERSE_LONG,30,2025-07,804,0.0003676139800034987,6.270241170474092e-05,0.00032187387107839125,0.0003356074945758041,0.5049751243781094,1.2626395532335826,-0.004698910761002394,0.005647298253552042
LOW_6H_REVERSE_LONG,30,2025-08,849,-0.0003145076887638306,-0.00014550222004678867,-0.00035862652354329814,-0.00036639938548046103,0.47820965842167257,0.8437742669662238,-0.006335891298683793,0.005324967312898493
LOW_6H_REVERSE_LONG,30,2025-09,725,-2.4907982750325742e-05,-0.00012776728371728327,-8.124980838254681e-05,-7.289412023723077e-05,0.48551724137931035,0.9836206005017946,-0.004719263817815977,0.004587660097770321
LOW_6H_REVERSE_LONG,30,2025-10,721,-0.0008067910237506131,-0.0006492975104756654,-0.0010418496976040826,-0.0011990163062540397,0.4618585298196949,0.797743756542788,-0.010937783361609731,0.006988793293624496
LOW_6H_REVERSE_LONG,30,2025-11,1001,-0.0010119589218000231,-0.0002993120064716631,-0.0008332424411998389,-0.001008841594411474,0.48151848151848153,0.6952327800148429,-0.010377628785339165,0.00679312797186753
LOW_6H_REVERSE_LONG,30,2025-12,688,-0.0016158180465350009,-0.0004520870361825574,-0.0011834027458588804,-0.0014510875767687046,0.45058139534883723,0.49276744338224504,-0.009801559421808392,0.005018359761460903
LOW_6H_REVERSE_LONG,30,2026-01,705,-0.001519467986596504,-0.0002274321047078359,-0.0010836331244084003,-0.001419626707178494,0.475177304964539,0.4870808249396081,-0.010500521827760909,0.0039132211168873676
LOW_6H_REVERSE_LONG,30,2026-02,829,0.00010222775905199862,0.00022938966678058895,-0.00011403846587988168,-0.0002887220233469008,0.5186972255729795,1.0312886901568088,-0.010258264684874962,0.008643072048269376
LOW_6H_REVERSE_LONG,30,2026-03,664,-1.0865220598779417e-05,-6.796597553603814e-06,-1.4117188982134885e-05,-2.2599586278836376e-05,0.5,0.99421545127554,-0.005599378208220162,0.005701777741451243
LOW_6H_REVERSE_LONG,30,2026-04,628,-0.0004328703117165998,-2.5996645032399482e-05,-0.0002619742872142978,-0.00035995517816228117,0.4984076433121019,0.7272232801382372,-0.005237504135799974,0.0034438938900599914
LOW_6H_REVERSE_LONG,30,2026-05,585,-5.883371518191883e-05,0.0001374631268435295,5.1718083991409004e-05,1.5466230383098196e-05,0.517948717948718,0.9574789847555377,-0.004213361953249083,0.004037721742542356
LOW_6H_REVERSE_LONG,30,2026-06,907,-0.0002872037802858191,3.352909953251496e-05,-0.00019128813846711604,-0.00029116371477889497,0.503858875413451,0.8848914394453217,-0.008075281672336886,0.0064231456912275265
LOW_6H_REVERSE_LONG,30,2026-07,649,-0.00036571567551807905,-0.0002678205531663863,-0.0003184796352247576,-0.0003502884024868155,0.4637904468412943,0.7586239019385447,-0.004634897878763122,0.00364926894887694
LOW_6H_REVERSE_LONG,60,2024-01,645,-0.0002945834951241837,0.0006437053722853531,0.00011286579977204764,-0.00016215215276473062,0.5472868217054263,0.934201987435328,-0.013532142059076045,0.01253539929018495
LOW_6H_REVERSE_LONG,60,2024-02,458,0.0007723543416405756,0.0006560401604032601,0.0007610541789238295,0.0007478001098973936,0.5786026200873362,1.4740793729482464,-0.005353759055798189,0.006694460020510885
LOW_6H_REVERSE_LONG,60,2024-03,632,0.001876768215251985,0.0023657502976165874,0.00192680654821155,0.0018168553269370885,0.6139240506329114,1.5186851738853977,-0.012467078687943067,0.015658282346821047
LOW_6H_REVERSE_LONG,60,2024-04,772,-0.0011588332978945098,0.00029813157292728546,-0.0007640644720859647,-0.0009965640918153046,0.5129533678756477,0.7781916059501337,-0.017161553316321274,0.011337208022781285
LOW_6H_REVERSE_LONG,60,2024-05,531,-0.0004927527157782433,0.0012918918918919838,0.00012392949990296164,-0.00031232694579005264,0.5856873822975518,0.856778439393578,-0.01178601688071641,0.00806838461299646
LOW_6H_REVERSE_LONG,60,2024-06,703,-0.000487538052722551,0.0004117720041948886,8.539914220230133e-05,-0.00014794198711108798,0.5419630156472262,0.8457282961803656,-0.0088042984299173,0.007787741872749523
LOW_6H_REVERSE_LONG,60,2024-07,751,-1.3643785384135674e-05,0.0008191616766467963,0.00046775404210823944,0.0003811148858100032,0.5685752330226365,0.9957177039411738,-0.00978751806151552,0.009603020969533183
LOW_6H_REVERSE_LONG,60,2024-08,816,-0.0020355474986312625,-0.0009734168268067493,-0.0016785192441370286,-0.001890251471398056,0.4424019607843137,0.6532740038913559,-0.015567266278270053,0.01036986976990011
LOW_6H_REVERSE_LONG,60,2024-09,691,0.0006299819036264957,0.0005042922572819248,0.0004073276962045462,0.0004169984408130785,0.5397973950795948,1.3156905612817065,-0.006839600665557288,0.007257931925714379
LOW_6H_REVERSE_LONG,60,2024-10,795,0.0001639985408818197,0.00025909082600643677,0.00019491117013409294,0.00014250406298326571,0.529559748427673,1.0688190660976855,-0.008194151800236436,0.008157490648426862
LOW_6H_REVERSE_LONG,60,2024-11,737,0.0017376335574902906,0.0014774037360551391,0.001593984978416685,0.001738508456041671,0.5983717774762551,1.7010227750766511,-0.008400285509762193,0.013312736545450643
LOW_6H_REVERSE_LONG,60,2024-12,976,0.0002435277809835018,0.00038034780254818715,0.00020400899656412461,9.493201484297003e-05,0.5194672131147541,1.0686902960305036,-0.010819891800374636,0.011020813119888052
LOW_6H_REVERSE_LONG,60,2025-01,881,0.0004721555496021521,9.304683362325653e-05,0.00023892241528695275,0.00022033605652241924,0.5085130533484676,1.1657287384565311,-0.009605220204396758,0.009623810103390463
LOW_6H_REVERSE_LONG,60,2025-02,908,-0.0006045598963556377,-0.00036387527087717805,-0.0004156043835966414,-0.0004915032957016657,0.4900881057268722,0.850114675211972,-0.012242885578439276,0.010451676643702525
LOW_6H_REVERSE_LONG,60,2025-03,924,0.0001141732648417282,-0.00017989539149671993,3.986465188179751e-05,0.00012220845364667752,0.4935064935064935,1.0362369286120199,-0.009463089543060032,0.009966434239974923
LOW_6H_REVERSE_LONG,60,2025-04,843,-0.0015285484021501279,-0.00041709648991534673,-0.001135997481115956,-0.00143669507489403,0.46737841043890865,0.6039388959612959,-0.012391470921104285,0.007064947135725077
LOW_6H_REVERSE_LONG,60,2025-05,714,0.00036265732816850393,0.00039661303824294395,0.0005340521279599377,0.0005449499720236614,0.5364145658263305,1.1862067451765927,-0.0055774018838801835,0.0071827550393898125
LOW_6H_REVERSE_LONG,60,2025-06,863,-0.0005841454066382842,-0.0003893554276084948,-0.00037593427904967044,-0.00048803041219196597,0.4600231749710313,0.7809199918631287,-0.007644422223592649,0.006543453958464364
LOW_6H_REVERSE_LONG,60,2025-07,804,0.0004557140968194838,0.0001128274666055035,0.0003657068742195807,0.0004243538402343803,0.5124378109452736,1.2182803875077233,-0.006585682977843486,0.007797767245845622
LOW_6H_REVERSE_LONG,60,2025-08,849,-0.0005937259620188274,-0.00022406015037585933,-0.0004828665602849227,-0.0005954507574867214,0.47820965842167257,0.7872710874650786,-0.008672809082840181,0.0068805262522410055
LOW_6H_REVERSE_LONG,60,2025-09,725,0.00064763499318672,0.0005571695848249242,0.0005232316534681985,0.0005834573392458521,0.5462068965517242,1.398982210623749,-0.004973579122393422,0.006349292773397843
LOW_6H_REVERSE_LONG,60,2025-10,721,-0.0004949815965204178,-0.0007443462479217005,-0.001161442667208867,-0.001160892748582248,0.463245492371706,0.8922421464648705,-0.013145383817427424,0.010215188908475992
LOW_6H_REVERSE_LONG,60,2025-11,1001,-0.001778684691571384,-0.00035799038274826275,-0.0013282355324049388,-0.001525427350096642,0.4785214785214785,0.6189296836169439,-0.01420318868146304,0.009131055091563912
LOW_6H_REVERSE_LONG,60,2025-12,688,-0.001982584995859699,-0.0004328618102667597,-0.0015183300056502954,-0.0017650675597921544,0.45494186046511625,0.49111701113447975,-0.012228116842615322,0.0059596077132605665
LOW_6H_REVERSE_LONG,60,2026-01,705,-0.0021238958508612437,-0.0004193957722905089,-0.0014706141690037499,-0.001957445735450287,0.45390070921985815,0.4731069701659984,-0.013266329506422347,0.005630823075296677
LOW_6H_REVERSE_LONG,60,2026-02,829,0.00017654089197699057,0.0005458333333334015,-5.20525131915719e-05,-0.00018471291692141725,0.5247285886610374,1.0406162589749344,-0.014023041925688326,0.012302480918165264
LOW_6H_REVERSE_LONG,60,2026-03,664,-3.0983594457265115e-05,0.0003988647545672303,-9.893118936581936e-05,-0.0001732291018816167,0.5286144578313253,0.9877002143825651,-0.008324942719423599,0.006894445281562801
LOW_6H_REVERSE_LONG,60,2026-04,628,-0.00016282953913992752,0.00025885362213278254,-0.00013338420795508957,-0.00024307749489168467,0.5286624203821656,0.9092834501397336,-0.006047443242250794,0.004615390750912338
LOW_6H_REVERSE_LONG,60,2026-05,585,-0.0002211334154612699,4.6760806294999266e-05,-8.053915243897138e-05,-0.000147505279644627,0.5042735042735043,0.8807737230316472,-0.005826584155231006,0.004947884014344142
LOW_6H_REVERSE_LONG,60,2026-06,907,0.00042835753612247544,0.00022738991577180348,0.00025176412745346637,0.00028802163748661364,0.5203969128996693,1.146827417369558,-0.009254482047095069,0.010335212169637153
LOW_6H_REVERSE_LONG,60,2026-07,649,-0.0002550122135596323,-7.096872716167932e-05,-0.00014432666651465262,-0.00023111611374115025,0.4915254237288136,0.8597526786949733,-0.005534352619797399,0.004827391781962055
LOW_6H_REVERSE_LONG,120,2024-01,645,-0.0005428576664524209,0.000869190216921712,-9.163067458603174e-05,-0.0007131403432521856,0.5286821705426357,0.9036606635583863,-0.017436622321674658,0.01462575850303603
LOW_6H_REVERSE_LONG,120,2024-02,458,0.0013655389704037967,0.0010155656922308694,0.0012270380767543958,0.0012997711322803222,0.5851528384279476,1.7463414636009509,-0.0067446937648654275,0.009290805669149643
LOW_6H_REVERSE_LONG,120,2024-03,632,0.0032344321380565733,0.0028905655160136774,0.0032537749262476676,0.0032794938555546485,0.6139240506329114,1.8120135027704263,-0.014553585243114252,0.021582966569475354
LOW_6H_REVERSE_LONG,120,2024-04,772,-0.0006403280015387426,5.1657945124783974e-05,-0.0005542777678740028,-0.0007110400468166052,0.5012953367875648,0.8846886797917223,-0.016939692277446617,0.01474095001040281
LOW_6H_REVERSE_LONG,120,2024-05,531,-0.000530940414778201,0.0008666298571330839,-0.00020216812581242324,-0.0005956150512456676,0.568738229755179,0.8715120448080188,-0.015245508203972701,0.009567273554847478
LOW_6H_REVERSE_LONG,120,2024-06,703,-6.625215851912537e-05,0.0007612689393938116,0.0002504423231152486,-1.157774320957077e-05,0.5490753911806543,0.981333771333508,-0.011509910600596694,0.010020536628681574
LOW_6H_REVERSE_LONG,120,2024-07,751,-0.0006262220473073918,0.0005348117943490444,1.9751566639411975e-05,-0.00028134254612448994,0.5432756324900133,0.852447394857773,-0.013229332154634354,0.010665951563236065
LOW_6H_REVERSE_LONG,120,2024-08,816,-0.001838191516625867,-0.00019766956727236215,-0.0016017426977516713,-0.0019348168913634982,0.49019607843137253,0.7360931607207614,-0.019445360906964537,0.012043585075732933
LOW_6H_REVERSE_LONG,120,2024-09,691,0.0009530199858362848,0.0007978375529439813,0.0009596543589408209,0.0009685766441197437,0.5672937771345875,1.360415738902673,-0.00931236826748134,0.01083960778487596
LOW_6H_REVERSE_LONG,120,2024-10,795,0.000290731078073822,0.0007501656138397156,0.0006181419361529707,0.0004785997459385045,0.5471698113207547,1.0894959733764265,-0.01025402351782749,0.010481938780103018
LOW_6H_REVERSE_LONG,120,2024-11,737,0.002490370749604119,0.0022755074424897666,0.002363551404137044,0.0024758998418409352,0.6132971506105834,1.877672476466086,-0.010814684973897147,0.015806449865570983
LOW_6H_REVERSE_LONG,120,2024-12,976,0.0002893571578324974,0.000649733059571434,0.00038329258134062487,0.00032235037360857913,0.5256147540983607,1.0598667591717095,-0.01593838373595986,0.015393357985446988
LOW_6H_REVERSE_LONG,120,2025-01,881,-0.0005355324113352667,9.219777248963338e-05,-0.0006114451328797189,-0.0006268827949251843,0.5073779795686719,0.8830568021051921,-0.015799260959272265,0.013099028138936864
LOW_6H_REVERSE_LONG,120,2025-02,908,-0.0006562918466438448,-0.0004084729270461101,-0.0006016898417060345,-0.0008317978015629992,0.486784140969163,0.876853306157438,-0.017417013668884193,0.014662169190959954
LOW_6H_REVERSE_LONG,120,2025-03,924,0.0007041096485491138,0.0003060270368588253,0.00011224478744987093,0.00015565573080489133,0.5183982683982684,1.158050920896615,-0.013734065828540297,0.012967069114369761
LOW_6H_REVERSE_LONG,120,2025-04,843,-0.0010861655673177753,-0.0002033054157191788,-0.0006423000654976703,-0.0009263119183573213,0.4851720047449585,0.757814193088021,-0.013916447247596218,0.010372744037311749
LOW_6H_REVERSE_LONG,120,2025-05,714,0.0010120689394301147,0.0005013341806830335,0.000907577775453504,0.0010092610376990195,0.542016806722689,1.4757518412761612,-0.006469121645122033,0.00986166471370879
LOW_6H_REVERSE_LONG,120,2025-06,863,-0.0009895108367728796,-0.0004899440286772577,-0.0007880931773409066,-0.0010152617683410723,0.4623406720741599,0.7314479399713267,-0.010884564251459781,0.007558285252342438
LOW_6H_REVERSE_LONG,120,2025-07,804,0.0005441325390340763,0.0004698354205372907,0.0004655633033984371,0.0005107812727612491,0.5223880597014925,1.1938482412146456,-0.00915132118865761,0.010973402838259243
LOW_6H_REVERSE_LONG,120,2025-08,849,9.653028399341789e-05,0.00027952010814462694,-0.0001937559236696278,-0.00021579830578313987,0.5206124852767963,1.0262291639823917,-0.012053032599315713,0.010344836888960745
LOW_6H_REVERSE_LONG,120,2025-09,725,0.001344968600643838,0.0009225273954764252,0.001134982774850752,0.0012608926006649442,0.5710344827586207,1.727476994320346,-0.006185218226167576,0.010015927391499726
LOW_6H_REVERSE_LONG,120,2025-10,721,-0.003112229016273779,-0.0010419108223959743,-0.002351250955878063,-0.002768836625494717,0.4618585298196949,0.6065773623659383,-0.02303774574049806,0.012007475386466005
LOW_6H_REVERSE_LONG,120,2025-11,1001,-0.0034026451266846894,-0.00148196383948258,-0.002913521113216266,-0.0032893127086244525,0.43956043956043955,0.5197542875308204,-0.02237677395068689,0.01233108222545114
LOW_6H_REVERSE_LONG,120,2025-12,688,-0.002015252459494085,6.248499227705709e-05,-0.0014264434398355177,-0.001840061367836112,0.5058139534883721,0.5581632145730226,-0.015704828470013654,0.007686062072277741
LOW_6H_REVERSE_LONG,120,2026-01,705,-0.0017376781119440327,-7.510497900426957e-05,-0.0010841954095342536,-0.0016223946317002155,0.4921985815602837,0.6023864357395236,-0.014428877655263747,0.008057758452012932
LOW_6H_REVERSE_LONG,120,2026-02,829,-0.0005727017449576059,-0.0002875000000000621,-0.0011666710871163207,-0.0012894038472024568,0.4897466827503016,0.9030389805297825,-0.019281426156077464,0.014451889170189584
LOW_6H_REVERSE_LONG,120,2026-03,664,0.00018216773086059408,4.595180398518975e-05,-8.876337928625687e-05,-4.274190875910023e-05,0.5075301204819277,1.0569138864684382,-0.010627311034282895,0.009910820025479807
LOW_6H_REVERSE_LONG,120,2026-04,628,-0.00014209204201600607,0.00030608981314899145,-0.00019641473857342766,-0.0003164467898405595,0.5286624203821656,0.9407649212108772,-0.008101312335406207,0.006230471312244705
LOW_6H_REVERSE_LONG,120,2026-05,585,0.0004263176073969912,0.00042272221975185934,0.0003526380930356769,0.0003818959866872944,0.517948717948718,1.1901859926142988,-0.006714029633526784,0.008009130598735115
LOW_6H_REVERSE_LONG,120,2026-06,907,0.0013806100414910745,0.0006303842510814623,0.0011071713439271427,0.0012306170807839258,0.5413450937155457,1.3676579391189057,-0.013470819183839787,0.016408600872603585
LOW_6H_REVERSE_LONG,120,2026-07,649,0.0004951691433598044,0.00042564102564106646,0.0004238732879872742,0.00042301059219427667,0.5377503852080123,1.2394385167273443,-0.0070358698819741545,0.007953804175072085
HIGH_24H_CONTINUE_LONG,5,2024-01,343,-0.0006320436736988645,-0.0006,-0.00045030156054861925,-0.00038632933706100566,0.39067055393586003,0.6095983742740043,-0.004004733375827096,0.0035537809519917713
HIGH_24H_CONTINUE_LONG,5,2024-02,469,-0.00040521144876360315,-0.00040241709750705676,-0.0003963908801306271,-0.00038345826893378284,0.4072494669509595,0.6973028801905379,-0.00386843382137294,0.0032485284747636677
HIGH_24H_CONTINUE_LONG,5,2024-03,475,-0.00045341306292090785,-0.0007331742489922849,-0.00046624216230046084,-0.0003921700603261064,0.40842105263157896,0.7245072315261537,-0.004174182143408476,0.004048710591558382
HIGH_24H_CONTINUE_LONG,5,2024-04,302,-0.0004093515116563029,-0.0007772050994938156,-0.0005280427150486691,-0.0004550453482474615,0.36423841059602646,0.6844456701811419,-0.003690332837009346,0.0028799359836933613
HIGH_24H_CONTINUE_LONG,5,2024-05,364,-0.00043031663179759496,-0.0005913156752062715,-0.0006019950977444936,-0.000580045102208075,0.3708791208791209,0.7059618285039664,-0.004474706880741619,0.003621076548099245
HIGH_24H_CONTINUE_LONG,5,2024-06,303,-0.0009004685411169504,-0.0009941962839474343,-0.0008985868764312383,-0.0009091490358218482,0.297029702970297,0.3893343222960102,-0.0036647932715744504,0.0022101797368916164
HIGH_24H_CONTINUE_LONG,5,2024-07,400,-0.0008629431770545402,-0.0010182411923388528,-0.0009252766790905142,-0.0009061063013645898,0.335,0.41320394316006964,-0.003700759229904304,0.0019805474320485194
HIGH_24H_CONTINUE_LONG,5,2024-08,278,-0.001084221067859818,-0.0011951622196351812,-0.0010591453015747715,-0.0010364938612935466,0.30935251798561153,0.41263873803836854,-0.004929430405407375,0.0031030345164460714
HIGH_24H_CONTINUE_LONG,5,2024-09,355,-0.000700646601324397,-0.001055078473856285,-0.0007385187094681874,-0.0006860565103330237,0.3492957746478873,0.5424208060800142,-0.004085175292197407,0.002994261169257697
HIGH_24H_CONTINUE_LONG,5,2024-10,406,-0.0005945829109962515,-0.000708039899183232,-0.0006393391102073559,-0.0005951702698731685,0.35467980295566504,0.4980679866314887,-0.003120520505165047,0.002114493718732336
HIGH_24H_CONTINUE_LONG,5,2024-11,502,-0.0006686981591613299,-0.0008050493387333318,-0.0006971970853610018,-0.0006482073738220492,0.3884462151394422,0.6234787252660895,-0.004818264841312014,0.004344608276212904
HIGH_24H_CONTINUE_LONG,5,2024-12,442,-0.0003477160953306386,-0.00044085334291217246,-0.000454433195649804,-0.00043642241633325585,0.41855203619909503,0.7335181164904321,-0.003752647505553141,0.0030055408310268902
HIGH_24H_CONTINUE_LONG,5,2025-01,483,-0.00034088645021373954,-0.0006,-0.0004624898272403852,-0.000411325899166923,0.36024844720496896,0.7337237156724781,-0.0033176626521737467,0.0028373258161843453
HIGH_24H_CONTINUE_LONG,5,2025-02,235,-0.0005317712062895748,-0.0007514154789589161,-0.000682500891390996,-0.0006226190098593697,0.3829787234042553,0.6519968846066602,-0.004251657197595415,0.0030783888334954715
HIGH_24H_CONTINUE_LONG,5,2025-03,321,-0.0006558581742810844,-0.0011044051382069313,-0.0009993935403925318,-0.0009466924983674229,0.3302180685358255,0.6440514849588612,-0.004571366116571229,0.002438236712951781
HIGH_24H_CONTINUE_LONG,5,2025-04,290,-0.0011652398721747404,-0.0010652632959388224,-0.0013093064749151368,-0.0013131866888197248,0.24482758620689654,0.37414568200645565,-0.004743653023401061,0.001428382994484159
HIGH_24H_CONTINUE_LONG,5,2025-05,415,-0.0005548718721637352,-0.000713332033248259,-0.000675722216475348,-0.0006087027082182921,0.3421686746987952,0.6247626138486209,-0.00387990535778766,0.0027654640535314436
HIGH_24H_CONTINUE_LONG,5,2025-06,356,-0.0006110738485570329,-0.0007077674792445693,-0.0006417366338430324,-0.0006179774427526059,0.32303370786516855,0.4904494020437989,-0.0029609759541976526,0.0018063642136858966
HIGH_24H_CONTINUE_LONG,5,2025-07,516,-0.0005411190067519919,-0.0006937856425857752,-0.0006374445468428977,-0.0005872190172216691,0.3391472868217054,0.5688907642994745,-0.003416913271224408,0.0027030271174868677
HIGH_24H_CONTINUE_LONG,5,2025-08,480,-0.0004677036987832355,-0.0007091778308603408,-0.0006215267277975389,-0.0005534386685382102,0.33541666666666664,0.6214147443861311,-0.0032692231345705417,0.0025562623287645365
HIGH_24H_CONTINUE_LONG,5,2025-09,369,-0.0005393637227072733,-0.0005538426032772431,-0.0005269631577728216,-0.0005135685035149316,0.3604336043360434,0.48405001734724024,-0.002879117807221209,0.0017827536534128058
HIGH_24H_CONTINUE_LONG,5,2025-10,387,-0.000791647728870128,-0.001078498577795916,-0.0008583156093762514,-0.0008114405606214144,0.3178294573643411,0.4872471527475587,-0.0036708818128620363,0.002685367343888582
HIGH_24H_CONTINUE_LONG,5,2025-11,260,-0.0008503981927269945,-0.0009008431599202943,-0.0008975828668829681,-0.0008675953820671562,0.3192307692307692,0.41790678715893503,-0.0038397391583246056,0.0025375247819793283
HIGH_24H_CONTINUE_LONG,5,2025-12,285,-0.0006006159423756586,-0.0007413810572946649,-0.0005870964952982791,-0.0005904416634483758,0.3508771929824561,0.5788951767648632,-0.0038053072571318618,0.0029694975676324955
HIGH_24H_CONTINUE_LONG,5,2026-01,277,-0.0004624305256912,-0.0006799095880090749,-0.0006014740984544535,-0.000566333290219977,0.3249097472924188,0.5466119021457428,-0.002773470838850333,0.001616646454167748
HIGH_24H_CONTINUE_LONG,5,2026-02,221,-0.0012505558972321182,-0.0013897625555303154,-0.0014066416257963277,-0.0013502873158765976,0.2398190045248869,0.3332939694461331,-0.004311005450539373,0.002079364054555933
HIGH_24H_CONTINUE_LONG,5,2026-03,272,-0.001132381183295786,-0.001382441267867695,-0.0012540173800434293,-0.001188464296337822,0.30514705882352944,0.4648105865025393,-0.00538574332791355,0.003734416450540426
HIGH_24H_CONTINUE_LONG,5,2026-04,305,-0.0006139859623425277,-0.0007141310550601959,-0.0006842421766803346,-0.0006837730363282636,0.3344262295081967,0.5375751744236102,-0.0034915596854610425,0.0025194857804051517
HIGH_24H_CONTINUE_LONG,5,2026-05,349,-0.00040842639651802846,-0.0006612426126097576,-0.0005283290934555217,-0.00046918610765114697,0.34097421203438394,0.6126137160693027,-0.0027800322248752386,0.002086455704819446
HIGH_24H_CONTINUE_LONG,5,2026-06,212,-0.0007556150654426643,-0.0009923389756655958,-0.0007898467076803452,-0.0007813300214900369,0.3584905660377358,0.5178861119904112,-0.004021668065259675,0.0028109686577038944
HIGH_24H_CONTINUE_LONG,5,2026-07,312,-0.0009398760042439237,-0.0009523776118850019,-0.0010060256605401658,-0.000995154699360467,0.21474358974358973,0.254791878636655,-0.0030093560116418944,0.0008339556251971046
HIGH_24H_CONTINUE_LONG,15,2024-01,343,-0.000660710664889563,-0.0005687917967008399,-0.00042075391855733095,-0.00041172124430405066,0.4402332361516035,0.7290337848893788,-0.0062922385315682386,0.00601879929347089
HIGH_24H_CONTINUE_LONG,15,2024-02,469,-0.00011221513651378633,-0.0003461962253253453,-5.263150012347388e-05,-1.3226871066082943e-05,0.4349680170575693,0.9427351469228665,-0.005469355560542953,0.006738730428623207
HIGH_24H_CONTINUE_LONG,15,2024-03,475,-0.0005320599481883293,-0.0012822475683996297,-0.000747006980949654,-0.0005957778472113688,0.40210526315789474,0.7979492773117343,-0.007394008039348018,0.007106311906702858
HIGH_24H_CONTINUE_LONG,15,2024-04,302,-0.00018811388939599894,-0.0012557077244945807,-0.00048285891540772246,-0.00031184860181251696,0.40066225165562913,0.905718317509764,-0.005233060410835355,0.00627950449203152
HIGH_24H_CONTINUE_LONG,15,2024-05,364,-0.0003973150389643548,-0.0009172471473006921,-0.0006765699125275147,-0.000561707059734054,0.3983516483516483,0.8181171673790422,-0.0059130756682799985,0.006162830137451825
HIGH_24H_CONTINUE_LONG,15,2024-06,303,-0.0014946078887192677,-0.0014021256329272529,-0.0014475917116063175,-0.0014512377173412968,0.3102310231023102,0.3432037970093333,-0.0056456332948617615,0.0032787266188183625
HIGH_24H_CONTINUE_LONG,15,2024-07,400,-0.001098884308098774,-0.0011317664631720452,-0.0011194084907802542,-0.0010729190494356469,0.375,0.49044909149607613,-0.005776989932827524,0.0036292277173740847
HIGH_24H_CONTINUE_LONG,15,2024-08,278,-0.0014727182356857208,-0.001605144102879607,-0.0014941726536582096,-0.0014349432129781943,0.32014388489208634,0.4469452533481761,-0.006598361792185169,0.004714865434883554
HIGH_24H_CONTINUE_LONG,15,2024-09,355,-0.0008634293269376805,-0.0015216924305101014,-0.0009850927888636189,-0.0008933078169605645,0.3464788732394366,0.5901396760557122,-0.005383310413435981,0.004596438007576324
HIGH_24H_CONTINUE_LONG,15,2024-10,406,-0.0007527405322928253,-0.0011387011981708987,-0.000865746217374375,-0.0008013739466079252,0.3497536945812808,0.5584336369260615,-0.0044114282407901155,0.0031937133220428134
HIGH_24H_CONTINUE_LONG,15,2024-11,502,-0.0006321141915189152,-0.000989453380881588,-0.0008341600463745303,-0.0007287914402480721,0.4203187250996016,0.7735742275231079,-0.00812516833592678,0.007083222269336538
HIGH_24H_CONTINUE_LONG,15,2024-12,442,-0.00041064359756976416,-0.0008648174087978016,-0.0006288798748715196,-0.0005578258529689808,0.4072398190045249,0.8134343239152032,-0.006350103916193239,0.006019779214031659
HIGH_24H_CONTINUE_LONG,15,2025-01,483,-0.00021389566324258046,-0.000446732618085765,-0.00037802215007201286,-0.00028107945703358697,0.4161490683229814,0.8948696648019676,-0.005219655966361135,0.005433671381329288
HIGH_24H_CONTINUE_LONG,15,2025-02,235,-0.0008756087558700209,-0.001358226760349867,-0.0009227801606835114,-0.0008688460325404207,0.3872340425531915,0.6452661856446532,-0.0063300931632992875,0.005715595228370352
HIGH_24H_CONTINUE_LONG,15,2025-03,321,-0.0010541573965808303,-0.0013560907308877816,-0.001418090593326436,-0.0013511041488009088,0.35202492211838005,0.5951050857694581,-0.006836957879766525,0.004197476759628161
HIGH_24H_CONTINUE_LONG,15,2025-04,290,-0.0016037091204339005,-0.0013481029456564146,-0.0015485915713352484,-0.0015369068779989158,0.2827586206896552,0.41281354875551196,-0.006441177344656234,0.0032057367706958034
HIGH_24H_CONTINUE_LONG,15,2025-05,415,-0.0008144806204440196,-0.0011550621669626608,-0.0008526918901849738,-0.0008040586483466196,0.35180722891566263,0.624129843737596,-0.005307875636571068,0.004117677877982764
HIGH_24H_CONTINUE_LONG,15,2025-06,356,-0.0002140376788882082,-0.0006832143499313597,-0.00036466201899535,-0.00030874083639497,0.36235955056179775,0.8609558983768155,-0.004095324027620983,0.00443168522709585
HIGH_24H_CONTINUE_LONG,15,2025-07,516,-0.00044259404492752593,-0.0007901171699786319,-0.0005798542962423584,-0.0004903253337269239,0.39341085271317827,0.7457353770446724,-0.004993465243598071,0.0044705753688784496
HIGH_24H_CONTINUE_LONG,15,2025-08,480,-0.00036183455573295456,-0.0006913489845285608,-0.0006224180762485834,-0.0005131363934945025,0.40625,0.7817785880740638,-0.00483956853548556,0.004033754980037375
HIGH_24H_CONTINUE_LONG,15,2025-09,369,-0.00026223650991799753,-0.0006,-0.0003000926289227977,-0.00025703907719972624,0.4037940379403794,0.7986120699262896,-0.0034008837315502296,0.0037121072195199782
HIGH_24H_CONTINUE_LONG,15,2025-10,387,-0.001051202602240036,-0.001131632110579494,-0.0012021434374218322,-0.0011254002361886248,0.34366925064599485,0.5457814586117988,-0.006210600208912131,0.004112190651978124
HIGH_24H_CONTINUE_LONG,15,2025-11,260,-0.0011472859462245157,-0.0013270921003654783,-0.0012738086913212181,-0.001229627926506319,0.36153846153846153,0.48373064910386954,-0.006148344441199459,0.0033503110391734257
HIGH_24H_CONTINUE_LONG,15,2025-12,285,6.677538111892532e-06,-0.0006,-0.00013355138789079537,-2.602082523445498e-05,0.4280701754385965,1.0038893515108702,-0.005153058510136675,0.005653824523074991
HIGH_24H_CONTINUE_LONG,15,2026-01,277,-0.0010042592354247665,-0.0011562877440670187,-0.0011251744398454932,-0.0010844849378925804,0.2924187725631769,0.4050597049519904,-0.003956870183138172,0.0021246257906742958
HIGH_24H_CONTINUE_LONG,15,2026-02,221,-0.0015617308939824509,-0.0019527223537367348,-0.001646630013349782,-0.0016582196219779896,0.28054298642533937,0.3810079283399912,-0.005764281189105724,0.002939606981569632
HIGH_24H_CONTINUE_LONG,15,2026-03,272,-0.0015293997637869877,-0.0019821850549037283,-0.0020156714037685114,-0.0017798578745618502,0.27205882352941174,0.5183534417544631,-0.007950474089262916,0.00539863276695476
HIGH_24H_CONTINUE_LONG,15,2026-04,305,-0.0007285513961880626,-0.0009515350363253455,-0.0007864106933101765,-0.0007924520917657186,0.3770491803278688,0.5836943979148793,-0.005163586418661235,0.003261981692889672
HIGH_24H_CONTINUE_LONG,15,2026-05,349,-0.00031980173299546574,-0.0008769275615800426,-0.0004986602345001155,-0.0004029098504289322,0.38108882521489973,0.7783958652868185,-0.0033419514107765765,0.0033196949155217983
HIGH_24H_CONTINUE_LONG,15,2026-06,212,-0.00034435375232767925,-0.0007886312920499899,-0.00038724042446181315,-0.0002991268160804203,0.39622641509433965,0.8203342975546632,-0.00516390160701009,0.00605136260037136
HIGH_24H_CONTINUE_LONG,15,2026-07,312,-0.000917335275319564,-0.0012320654712154148,-0.0011292958492467263,-0.001100968773746236,0.30448717948717946,0.4544232157998711,-0.004439882985778753,0.0019780317261732143
HIGH_24H_CONTINUE_LONG,30,2024-01,343,-0.0008383001450663123,-0.0006325404314860389,-0.0004885945959382278,-0.0006448770220965868,0.47230320699708456,0.7266644041420172,-0.008266330135155186,0.007114382698341328
HIGH_24H_CONTINUE_LONG,30,2024-02,469,-0.0001874222713973892,-0.0004649977821063572,0.0001042202481683207,0.0002591186864218285,0.4690831556503198,0.9327648675982334,-0.007076181448207696,0.00907432006242199
HIGH_24H_CONTINUE_LONG,30,2024-03,475,-0.0017320886486326074,-0.0021601522313741787,-0.0018175651093821211,-0.001790583058456329,0.3642105263157895,0.5657274959211614,-0.011187831543743984,0.00788496465537254
HIGH_24H_CONTINUE_LONG,30,2024-04,302,-0.0004608322686350328,-0.001428532951028249,-0.0008574165524320194,-0.00065917884815756,0.3973509933774834,0.820092050257533,-0.006798387708868514,0.007436740244197653
HIGH_24H_CONTINUE_LONG,30,2024-05,364,-0.0002817607899239735,-0.0010297036092703597,-0.0006269705761759556,-0.00048786554595460496,0.43131868131868134,0.8941112768458226,-0.007301072599120372,0.007555278901365556
HIGH_24H_CONTINUE_LONG,30,2024-06,303,-0.0014905784632303282,-0.0018354136293643013,-0.0016812606672650327,-0.0016500991345085115,0.3234323432343234,0.45900384794587185,-0.007005538731470183,0.004121238949354503
HIGH_24H_CONTINUE_LONG,30,2024-07,400,-0.0011094158964155814,-0.0012819837489961954,-0.0011140719891113322,-0.0010845352747029266,0.4,0.5708571737470854,-0.00676576115509877,0.00494310548381285
HIGH_24H_CONTINUE_LONG,30,2024-08,278,-0.0015748658027867778,-0.0014412925350761434,-0.0014974814962688185,-0.0014885115159234802,0.3920863309352518,0.5074546209544866,-0.008238097777022967,0.005990316640653638
HIGH_24H_CONTINUE_LONG,30,2024-09,355,-0.000969935391538207,-0.0015156559897723902,-0.0011053371071904647,-0.0010141213221207881,0.4084507042253521,0.638650238375431,-0.007079166878861986,0.005737858132535824
HIGH_24H_CONTINUE_LONG,30,2024-10,406,-0.0008973274124389623,-0.0012338164254634514,-0.0010224194304138266,-0.0008920270698903713,0.3620689655172414,0.6018139956671628,-0.006052709577239145,0.004359171551662034
HIGH_24H_CONTINUE_LONG,30,2024-11,502,-0.0008169584155665883,-0.0017469986548782727,-0.0010659384549722515,-0.0008896127060205194,0.38247011952191234,0.7662222994302377,-0.009546578351589596,0.010101243548910557
HIGH_24H_CONTINUE_LONG,30,2024-12,442,-0.0008106722275321547,-0.0016071864406736573,-0.0010457108439321878,-0.0008755627827383964,0.39592760180995473,0.7316698603627206,-0.007917278753409905,0.007527358695071242
HIGH_24H_CONTINUE_LONG,30,2025-01,483,-0.00038338466009406563,-0.0011851638458768125,-0.0006773518574039683,-0.0005489803754460102,0.38716356107660455,0.8645773181001162,-0.00702590900561295,0.007120451702019027
HIGH_24H_CONTINUE_LONG,30,2025-02,235,-0.0009154905744258031,-0.0012222397596029604,-0.0007741160534844938,-0.0007200172008487249,0.4127659574468085,0.666919855164058,-0.0071395302846083185,0.0065310637538035675
HIGH_24H_CONTINUE_LONG,30,2025-03,321,-0.0013087160969719686,-0.0019186114862181462,-0.001737398489562739,-0.001681260774533811,0.3302180685358255,0.6069364609568876,-0.00831365494250209,0.006395279048130021
HIGH_24H_CONTINUE_LONG,30,2025-04,290,-0.0008135355735381314,-0.0010200004856603766,-0.0011245367797710131,-0.0010563242607371825,0.3896551724137931,0.7643559911370019,-0.009288701243640429,0.005848668725482047
HIGH_24H_CONTINUE_LONG,30,2025-05,415,-0.0007893764518491874,-0.0011210745715609198,-0.0009920757954548505,-0.0009580216447826732,0.3927710843373494,0.7043126805519518,-0.007340522603491605,0.006016111883536481
HIGH_24H_CONTINUE_LONG,30,2025-06,356,-0.0005446664290389464,-0.0009373712401821826,-0.0005875398381774349,-0.0005625586389999898,0.36797752808988765,0.7264242712462112,-0.005738957402289257,0.004988171008844012
HIGH_24H_CONTINUE_LONG,30,2025-07,516,-0.0005143016025155867,-0.0009852174760898828,-0.0008398415529669429,-0.0007203351986964118,0.4108527131782946,0.7816170233621182,-0.006996529131773354,0.005798092224571439
HIGH_24H_CONTINUE_LONG,30,2025-08,480,-0.0003459983155555879,-0.0009648220470288121,-0.0006495033410215588,-0.0005732893978460048,0.4166666666666667,0.8439364623449305,-0.006878013789413805,0.0058478128503811865
HIGH_24H_CONTINUE_LONG,30,2025-09,369,-0.0002917408710646954,-0.0007453128943524895,-0.0003973751334075469,-0.0003371509291870062,0.4254742547425474,0.8285997143990018,-0.0046508515708984614,0.004778363299215883
HIGH_24H_CONTINUE_LONG,30,2025-10,387,-0.0005797730252250125,-0.0009105911585050691,-0.0007494408858460921,-0.0007085981684264576,0.4082687338501292,0.7680495638695659,-0.006666557363595603,0.006263951813770487
HIGH_24H_CONTINUE_LONG,30,2025-11,260,-0.0010360161364262065,-0.0012853798272764554,-0.0011543845175877047,-0.0011122694166200223,0.34615384615384615,0.5840087397483228,-0.006867225784156027,0.005320937424750571
HIGH_24H_CONTINUE_LONG,30,2025-12,285,0.0008260273915397423,-0.00024840728500115036,0.0004822839963193484,0.0007501192757923775,0.4807017543859649,1.3855090720587353,-0.006925953828910679,0.010177810091794214
HIGH_24H_CONTINUE_LONG,30,2026-01,277,-0.0009868337074849128,-0.001061209026519471,-0.0009182789022037695,-0.0008898418755957448,0.36101083032490977,0.4989435829447899,-0.005279875894742968,0.003777009090024365
HIGH_24H_CONTINUE_LONG,30,2026-02,221,-0.0010635157298842365,-0.001070698987997231,-0.0009740686192782197,-0.0011277578508552804,0.4117647058823529,0.5965167100096059,-0.0067589482411466,0.004699987637674475
HIGH_24H_CONTINUE_LONG,30,2026-03,272,-0.0007578526263368266,-0.002092390557798151,-0.0011432183732924689,-0.0008343859145423112,0.34191176470588236,0.7640502747252963,-0.008563074258165503,0.009418558144133284
HIGH_24H_CONTINUE_LONG,30,2026-04,305,-0.0003269488375900729,-0.0008673082063620046,-0.0005924889304501475,-0.0004164512038300121,0.40327868852459015,0.8548290502122768,-0.006412784410775106,0.006102911379427069
HIGH_24H_CONTINUE_LONG,30,2026-05,349,1.3196888086120592e-05,-0.0004511913837371256,-9.035947314653394e-05,-1.861672310456255e-05,0.44412607449856734,1.0081726702194391,-0.004059744143901932,0.0057089391213434705
HIGH_24H_CONTINUE_LONG,30,2026-06,212,-0.0003895316842543908,-0.0009570564834394772,-0.0004124973771067947,-0.0003555498964999564,0.41037735849056606,0.8485853173691288,-0.007259158124100617,0.007803541965757944
HIGH_24H_CONTINUE_LONG,30,2026-07,312,-0.0008169308547258706,-0.0011082370124081524,-0.0011158835627809174,-0.0010264150440554383,0.3173076923076923,0.6084673722878493,-0.006409913646258047,0.0041883248157959215
HIGH_24H_CONTINUE_LONG,60,2024-01,343,-0.0003692891763763894,-0.0008602472348730566,2.7687567402577178e-05,7.725078325750456e-05,0.46938775510204084,0.9080042368246825,-0.010816786248846477,0.012365320574152015
HIGH_24H_CONTINUE_LONG,60,2024-02,469,-0.0009535240590377014,-0.0011246214379397428,-0.0007448437622597917,-0.0007024279256352398,0.43923240938166314,0.7698998024492129,-0.011351445625660393,0.010708400690963564
HIGH_24H_CONTINUE_LONG,60,2024-03,475,-0.0017106108154578312,-0.001521770131321109,-0.0014935757477829632,-0.0015782426452160651,0.4189473684210526,0.6532492375945325,-0.013585378194037533,0.011994263612328806
HIGH_24H_CONTINUE_LONG,60,2024-04,302,-0.0005997663526658785,-0.0018235086471401034,-0.0009986224107308057,-0.0007682341022330207,0.40066225165562913,0.8162549460859038,-0.009160229406152775,0.009669794102327031
HIGH_24H_CONTINUE_LONG,60,2024-05,364,-0.0005965710253141005,-0.001716030671850121,-0.001005031445706335,-0.0007743500972728461,0.3901098901098901,0.8247078904388644,-0.008848163340489844,0.00880452303690582
HIGH_24H_CONTINUE_LONG,60,2024-06,303,-0.0020230273462577505,-0.0024677683334124005,-0.0021862935060620965,-0.0020921515025860127,0.31353135313531355,0.4180790198272164,-0.008591058377682792,0.004226849027515267
HIGH_24H_CONTINUE_LONG,60,2024-07,400,-0.0016967907720174856,-0.0019364495614676673,-0.0015923359464090961,-0.0015761840841968342,0.365,0.49168062026059334,-0.008948105210857447,0.006314756374185816
HIGH_24H_CONTINUE_LONG,60,2024-08,278,-0.0020911120667995863,-0.0019340658519216396,-0.002029765113685713,-0.0019663198833561072,0.38489208633093525,0.5185822672077771,-0.012147333607198052,0.008343308130559906
HIGH_24H_CONTINUE_LONG,60,2024-09,355,-0.0003720804116641591,-0.001583949326609612,-0.0007427640869250028,-0.0005047170944057279,0.4197183098591549,0.873202226041155,-0.008330435246621602,0.008345749892630552
HIGH_24H_CONTINUE_LONG,60,2024-10,406,-0.0009513808066560774,-0.0010599008849681117,-0.0009796527310449716,-0.0008316949024021806,0.3793103448275862,0.6536990970204087,-0.006816926961316038,0.006424371272268848
HIGH_24H_CONTINUE_LONG,60,2024-11,502,-0.0010487317444817959,-0.0017166861508152824,-0.0014983957189219181,-0.0012700211436061167,0.4103585657370518,0.7655041118814941,-0.01288904795907626,0.010909488067340654
HIGH_24H_CONTINUE_LONG,60,2024-12,442,-0.0012219429587817605,-0.001823580008175573,-0.0014555430256243589,-0.0014316674400471235,0.39592760180995473,0.6837066166255023,-0.011530569759487496,0.009239880172732787
HIGH_24H_CONTINUE_LONG,60,2025-01,483,-0.0018840688135191627,-0.0016312572623751846,-0.0016950734712923778,-0.0016564800317987257,0.35610766045548653,0.5295346064000593,-0.009973501315691522,0.0075350452216989255
HIGH_24H_CONTINUE_LONG,60,2025-02,235,-0.0017328778140928507,-0.0014049606717762668,-0.0014273604341633098,-0.0014839690971487263,0.3872340425531915,0.5866870845284718,-0.011425883883919673,0.009562287144045478
HIGH_24H_CONTINUE_LONG,60,2025-03,321,0.0002019386798654079,-0.0015860474288814201,-0.0011060597230487048,-0.0007657794494406941,0.38006230529595014,1.0567460785994283,-0.009563627734391855,0.008980413790851727
HIGH_24H_CONTINUE_LONG,60,2025-04,290,-0.0006022386359926125,-0.0013294761918022473,-0.00107842371088274,-0.0009141755932459952,0.38620689655172413,0.85624157744629,-0.011355018766765444,0.009705748761787772
HIGH_24H_CONTINUE_LONG,60,2025-05,415,-0.00013017782933718352,-0.0008422840780814672,-0.00037508783719914705,-8.393413085804157e-05,0.43855421686746987,0.9624168524174163,-0.009876060076036518,0.009694743796073916
HIGH_24H_CONTINUE_LONG,60,2025-06,356,-0.00032539151421434815,-0.0005179241043829602,-0.0004351116227548521,-0.0003841639412617477,0.4353932584269663,0.851015181842232,-0.007042588614757327,0.00623023576097741
HIGH_24H_CONTINUE_LONG,60,2025-07,516,-0.0008272204090313411,-0.0011756269568739645,-0.0010702678338888661,-0.0010050592271938113,0.3992248062015504,0.7210815060618059,-0.008852305262666626,0.007848069596711738
HIGH_24H_CONTINUE_LONG,60,2025-08,480,-0.00034054392459742543,-0.0010279449690005597,-0.000569629494998739,-0.0004442413471879269,0.44375,0.8830488382889121,-0.008300904247021611,0.008278860285303625
HIGH_24H_CONTINUE_LONG,60,2025-09,369,-0.0003353650849378417,-0.0005334900204799314,-0.00046162254450902616,-0.0003922378314306914,0.4444444444444444,0.8538609483316143,-0.006444903558382763,0.006485836059778882
HIGH_24H_CONTINUE_LONG,60,2025-10,387,-0.0006053386302162818,-0.0008227110715571356,-0.0006780845252116732,-0.000596143954198621,0.4315245478036176,0.8011249071613225,-0.007874299901373248,0.008372348775169269
HIGH_24H_CONTINUE_LONG,60,2025-11,260,-0.0011721597661541144,-0.002090167536904563,-0.0013273335743853663,-0.0011930726648380977,0.3769230769230769,0.6412092429564508,-0.008509041970833972,0.006735937113027198
HIGH_24H_CONTINUE_LONG,60,2025-12,285,0.0016343732453362708,4.246386556843232e-05,0.0014364568880863666,0.0018567364913658767,0.5017543859649123,1.4565348928085597,-0.008912247320280708,0.016638994938083518
HIGH_24H_CONTINUE_LONG,60,2026-01,277,-0.0009938881070360936,-0.001336535726981957,-0.000978665142988394,-0.0009827438295256523,0.4007220216606498,0.5677936324447816,-0.005994901970601373,0.005335925128683418
HIGH_24H_CONTINUE_LONG,60,2026-02,221,-0.00016669383042824558,-0.0003064493515597227,-4.7048002811971326e-05,-0.00013065925141558698,0.4796380090497738,0.951589627769882,-0.010966019516507396,0.011835233160621895
HIGH_24H_CONTINUE_LONG,60,2026-03,272,-0.0007223006498096706,-0.0021488454341702205,-0.0010607682669758521,-0.0007202549103513044,0.3713235294117647,0.8179793583152749,-0.011059481278223735,0.014253113037557013
HIGH_24H_CONTINUE_LONG,60,2026-04,305,-0.0006305037754765499,-0.001207965361935192,-0.0008891821047085088,-0.0006839068776927538,0.40327868852459015,0.7934827972977254,-0.008644757958325132,0.007863275464108263
HIGH_24H_CONTINUE_LONG,60,2026-05,349,0.00035276025890148893,-0.00047879889706987585,0.0001014043826407644,0.000283377338108416,0.45558739255014324,1.1801108040572625,-0.005745483817033812,0.007147186617673482
HIGH_24H_CONTINUE_LONG,60,2026-06,212,-0.0013422060830967021,-0.0017677388058999315,-0.0015097160410284915,-0.0014439844778813544,0.3915094339622642,0.6067578901602905,-0.010135134470722893,0.007925722414253097
HIGH_24H_CONTINUE_LONG,60,2026-07,312,-0.0008051998734625518,-0.0012251219680988294,-0.0011332865286837442,-0.0009834036371827834,0.34294871794871795,0.6807969276134824,-0.006807958989563322,0.005518683438298542
HIGH_24H_CONTINUE_LONG,120,2024-01,343,-0.0017393034844522775,-0.001713806299926856,-0.0013925558491245708,-0.0010997586535388172,0.3819241982507289,0.6673011896445233,-0.013395956656774488,0.012189167607921042
HIGH_24H_CONTINUE_LONG,120,2024-02,469,-0.0008368422125136168,-0.0005636812667973551,-0.0006531033123091778,-0.0007941738301515295,0.47761194029850745,0.8184967249835723,-0.014007696909747435,0.011616140451944345
HIGH_24H_CONTINUE_LONG,120,2024-03,475,-0.0014635473019665938,-0.003065097124826676,-0.001487801853279143,-0.0013183487726758497,0.39789473684210525,0.7592021507078286,-0.015927590839453696,0.014327661031857076
HIGH_24H_CONTINUE_LONG,120,2024-04,302,-0.0013873640635881934,-0.0020043010639234186,-0.0016370004803514008,-0.0014732785140595612,0.39403973509933776,0.671351696074828,-0.011811849900959891,0.01008093518907918
HIGH_24H_CONTINUE_LONG,120,2024-05,364,-0.0008818801222393185,-0.0015175596021657738,-0.0013965313341423658,-0.0013380546844492258,0.40384615384615385,0.7824881062904046,-0.01141253056849406,0.009004425611948318
HIGH_24H_CONTINUE_LONG,120,2024-06,303,-0.0018550822054512245,-0.0024275098681258538,-0.0021551935481573404,-0.001968660939605671,0.3432343234323432,0.549483874168697,-0.010985180299774265,0.007740543163531411
HIGH_24H_CONTINUE_LONG,120,2024-07,400,-0.0014152948688081952,-0.0013566441029684954,-0.0011956788148361054,-0.0013077264304471475,0.4375,0.6462700116953602,-0.011707895135149391,0.008310997548753531
HIGH_24H_CONTINUE_LONG,120,2024-08,278,-0.002552735058770364,-0.0022008450180235443,-0.0022432045771125313,-0.002308599085493387,0.41007194244604317,0.5344800786686329,-0.015528298797404359,0.010306583755406563
HIGH_24H_CONTINUE_LONG,120,2024-09,355,-0.0007313664760346954,-0.0010736589530890399,-0.0008840759776859333,-0.000787420603405185,0.4169014084507042,0.8000698142199003,-0.010764663928945484,0.010201063191484151
HIGH_24H_CONTINUE_LONG,120,2024-10,406,-0.0014467330190874382,-0.0017631413164325253,-0.0014868830086429698,-0.0014012834714682413,0.35960591133004927,0.5950281281275628,-0.00864933373597455,0.006935843647869078
HIGH_24H_CONTINUE_LONG,120,2024-11,502,0.0006531827668015753,-0.0013500176542938329,-1.977315756092961e-06,0.0005815188364207453,0.450199203187251,1.126862837276672,-0.014177494091036401,0.019346382574240855
HIGH_24H_CONTINUE_LONG,120,2024-12,442,-0.0012249189820508738,-0.0020127636797228725,-0.0016365621496302132,-0.0015842721564930016,0.416289592760181,0.7673643204374279,-0.01567032866253146,0.013495717699719897
HIGH_24H_CONTINUE_LONG,120,2025-01,483,-0.0021950713093677435,-0.0023167255594817686,-0.0022095678379433475,-0.002174495739272468,0.3146997929606625,0.5155147570627775,-0.011429375380764871,0.008883718569899448
HIGH_24H_CONTINUE_LONG,120,2025-02,235,-0.0025024679050702284,-0.003072724450045982,-0.0026182250802126764,-0.0025217143501959087,0.3446808510638298,0.5648651129597949,-0.016024265174529016,0.012835256932406013
HIGH_24H_CONTINUE_LONG,120,2025-03,321,-0.000156492740180169,-0.002124466022634896,-0.0014582085957916106,-0.001139262113214936,0.38006230529595014,0.9670391717328377,-0.01215054369714048,0.011740029609517078
HIGH_24H_CONTINUE_LONG,120,2025-04,290,-0.00013296679996448543,-0.0016187256731589154,-0.00034886945920272307,8.591439016360378e-05,0.4103448275862069,0.9718897255310142,-0.012281171142185398,0.01798101872554912
HIGH_24H_CONTINUE_LONG,120,2025-05,415,0.00017817308006763533,-0.0011762581636572504,-0.00014329411927047175,5.6023741898165754e-05,0.4506024096385542,1.0426827354508041,-0.012195699282241866,0.014519164179331346
HIGH_24H_CONTINUE_LONG,120,2025-06,356,5.629621857618212e-05,0.00014767839104239458,6.876745165011718e-05,1.5045354669376429e-05,0.5140449438202247,1.017772320367144,-0.010468051183441806,0.010078295266104643
HIGH_24H_CONTINUE_LONG,120,2025-07,516,-0.0014508145964715405,-0.0017050439568833224,-0.0017584527691657048,-0.001571577512902178,0.39728682170542634,0.6375412831236301,-0.011810617276051549,0.008549353833406426
HIGH_24H_CONTINUE_LONG,120,2025-08,480,3.4951933586076235e-05,-0.001343293985119575,-0.0002547875951630034,-4.586293101105975e-05,0.45208333333333334,1.0097150599052074,-0.009561148873567734,0.011522028896339536
HIGH_24H_CONTINUE_LONG,120,2025-09,369,-0.0006783489122916737,-0.0008443025163159084,-0.0006066481068836252,-0.0006345141974808025,0.43089430894308944,0.7713265237909009,-0.00910844788309577,0.007695702755086595
HIGH_24H_CONTINUE_LONG,120,2025-10,387,-0.001359464526084649,-0.000845629634724187,-0.0012687202703565732,-0.0013019223201398554,0.43410852713178294,0.6906151032346318,-0.013934569028623599,0.010395049813797935
HIGH_24H_CONTINUE_LONG,120,2025-11,260,-0.001783955965553171,-0.0017150544443834785,-0.0014535078272184627,-0.001571262459434753,0.4269230769230769,0.606364307763264,-0.012742934265749739,0.00941530711619498
HIGH_24H_CONTINUE_LONG,120,2025-12,285,0.0017324262123353743,0.0005679197825300581,0.0017806475007269994,0.0024437293449591224,0.5157894736842106,1.3585199710653022,-0.011484065411909893,0.021288017509739104
HIGH_24H_CONTINUE_LONG,120,2026-01,277,-0.0019215487423504605,-0.002038844400601935,-0.0017910827305494988,-0.0018147819439431462,0.3574007220216607,0.463429680064017,-0.00985694034851816,0.006058626092693432
HIGH_24H_CONTINUE_LONG,120,2026-02,221,0.0004203822737038881,9.372181755111844e-05,0.0003711726938379536,0.0005667578385290118,0.5067873303167421,1.0896086485999736,-0.014705741956916162,0.01754058956916087
HIGH_24H_CONTINUE_LONG,120,2026-03,272,-0.001755725178167178,-0.002730704308679454,-0.002126285994103754,-0.0017428250195947962,0.3382352941176471,0.6445702757847945,-0.01317347025948473,0.010320419060738642
HIGH_24H_CONTINUE_LONG,120,2026-04,305,-0.0011339833112151356,-0.0019426095447335305,-0.0015326245373761009,-0.0012249367788508677,0.36721311475409835,0.7006711668099114,-0.010421789604121766,0.008642265051089063
HIGH_24H_CONTINUE_LONG,120,2026-05,349,0.001232033205424278,-0.0002580129062955233,0.0006772968917224622,0.000874279696414391,0.4871060171919771,1.4851626702867524,-0.008591413478912301,0.012047644432168325
HIGH_24H_CONTINUE_LONG,120,2026-06,212,-0.000538673540360433,-0.0011976283167625217,-0.0008075058340468727,-0.0006061240130071952,0.419811320754717,0.8523131353879135,-0.00964304140635418,0.011056499334947657
HIGH_24H_CONTINUE_LONG,120,2026-07,312,-0.0009455957783822003,-0.0015329691169154273,-0.0013573629531578393,-0.0012281305082182728,0.3557692307692308,0.7046434208976728,-0.008700424060557698,0.007047356162153898
HIGH_24H_REVERSE_SHORT,5,2024-01,343,-0.0005679563263011356,-0.0006,-0.00074969843945138,-0.0008136706629389945,0.37900874635568516,0.6421985652214272,-0.00475378095199177,0.0028047333758270967
HIGH_24H_REVERSE_SHORT,5,2024-02,469,-0.0007947885512363966,-0.0007975829024929431,-0.0008036091198693732,-0.0008165417310662171,0.36886993603411516,0.4940756235049994,-0.004448528474763668,0.0026684338213729393
HIGH_24H_REVERSE_SHORT,5,2024-03,475,-0.0007465869370790919,-0.00046682575100771503,-0.0007337578376995396,-0.0008078299396738934,0.4231578947368421,0.5793028171385519,-0.00524871059155838,0.00297418214340848
HIGH_24H_REVERSE_SHORT,5,2024-04,302,-0.0007906484883436969,-0.00042279490050618426,-0.0006719572849513308,-0.0007449546517525383,0.4139072847682119,0.4551671954814643,-0.004079935983693361,0.0024903328370093486
HIGH_24H_REVERSE_SHORT,5,2024-05,364,-0.0007696833682024047,-0.0006086843247937284,-0.0005980049022555064,-0.0006199548977919255,0.4010989010989011,0.5264471560006736,-0.0048210765480992445,0.0032747068807416186
HIGH_24H_REVERSE_SHORT,5,2024-06,303,-0.0002995314588830494,-0.0002058037160525655,-0.0003014131235687615,-0.00029085096417815214,0.44884488448844884,0.721351828491932,-0.0034101797368916156,0.0024647932715744516
HIGH_24H_REVERSE_SHORT,5,2024-07,400,-0.00033705682294545946,-0.00018175880766114702,-0.0002747233209094852,-0.0002938936986354103,0.4475,0.6990986477971116,-0.0031805474320485186,0.0025007592299043048
HIGH_24H_REVERSE_SHORT,5,2024-08,278,-0.00011577893214018165,-4.837780364818603e-06,-0.00014085469842522902,-0.00016350613870645372,0.5,0.9075079709662057,-0.004303034516446068,0.003729430405407376
HIGH_24H_REVERSE_SHORT,5,2024-09,355,-0.0004993533986756027,-0.00014492152614371475,-0.0004614812905318125,-0.0005139434896669759,0.4647887323943662,0.6289806278088348,-0.004194261169257695,0.0028851752921974076
HIGH_24H_REVERSE_SHORT,5,2024-10,406,-0.0006054170890037483,-0.0004919601008167679,-0.0005606608897926437,-0.0006048297301268313,0.4039408866995074,0.47998905864922475,-0.0033144937187323358,0.0019205205051650472
HIGH_24H_REVERSE_SHORT,5,2024-11,502,-0.0005313018408386698,-0.0003949506612666681,-0.0005028029146389988,-0.0005517926261779506,0.4342629482071713,0.6822461359413575,-0.005544608276212903,0.0036182648413120152
HIGH_24H_REVERSE_SHORT,5,2024-12,442,-0.0008522839046693612,-0.0007591466570878274,-0.0007455668043501957,-0.0007635775836667439,0.3914027149321267,0.45870193875019877,-0.004205540831026888,0.002552647505553143
HIGH_24H_REVERSE_SHORT,5,2025-01,483,-0.0008591135497862602,-0.0006,-0.0007375101727596146,-0.0007886741008330768,0.38509316770186336,0.44169328670597385,-0.0040373258161843445,0.002117662652173747
HIGH_24H_REVERSE_SHORT,5,2025-02,235,-0.0006682287937104251,-0.0004485845210410838,-0.0005174991086090039,-0.0005773809901406302,0.4425531914893617,0.5709535169221942,-0.004278388833495472,0.0030516571975954146
HIGH_24H_REVERSE_SHORT,5,2025-03,321,-0.0005441418257189156,-9.55948617930685e-05,-0.00020060645960746795,-0.00025330750163257676,0.48286604361370716,0.6769145809783923,-0.0036382367129517805,0.003371366116571229
HIGH_24H_REVERSE_SHORT,5,2025-04,290,-3.476012782525925e-05,-0.0001347367040611774,0.00010930647491513634,0.00011318668881972519,0.4827586206896552,0.9700291600747587,-0.0026283829944841568,0.003543653023401062
HIGH_24H_REVERSE_SHORT,5,2025-05,415,-0.0006451281278362648,-0.0004866679667517409,-0.0005242777835246516,-0.0005912972917817082,0.4072289156626506,0.5668289988637966,-0.003965464053531442,0.0026799053577876613
HIGH_24H_REVERSE_SHORT,5,2025-06,356,-0.0005889261514429668,-0.0004922325207554306,-0.0005582633661569673,-0.0005820225572473939,0.37640449438202245,0.48938698427246086,-0.0030063642136858963,0.0017609759541976529
HIGH_24H_REVERSE_SHORT,5,2025-07,516,-0.0006588809932480077,-0.0005062143574142247,-0.0005625554531571023,-0.0006127809827783307,0.4108527131782946,0.48576307287429304,-0.0039030271174868673,0.0022169132712244084
HIGH_24H_REVERSE_SHORT,5,2025-08,480,-0.0007322963012167641,-0.0004908221691396591,-0.000578473272202461,-0.0006465613314617896,0.39375,0.4526643297184946,-0.0037562623287645362,0.0020692231345705425
HIGH_24H_REVERSE_SHORT,5,2025-09,369,-0.0006606362772927264,-0.0006461573967227568,-0.0006730368422271783,-0.0006864314964850684,0.3224932249322493,0.41242204674774663,-0.0029827536534128055,0.0016791178072212093
HIGH_24H_REVERSE_SHORT,5,2025-10,387,-0.0004083522711298717,-0.00012150142220408386,-0.0003416843906237481,-0.0003885594393785854,0.4754521963824289,0.6742249887494002,-0.0038853673438885785,0.0024708818128620367
HIGH_24H_REVERSE_SHORT,5,2025-11,260,-0.0003496018072730053,-0.00029915684007970564,-0.00030241713311703175,-0.00033240461793284396,0.4423076923076923,0.6909169351597514,-0.003737524781979328,0.002639739158324606
HIGH_24H_REVERSE_SHORT,5,2025-12,285,-0.0005993840576243413,-0.00045861894270533496,-0.0006129035047017212,-0.0006095583365516238,0.4280701754385965,0.5693248875929104,-0.004169497567632495,0.002605307257131862
HIGH_24H_REVERSE_SHORT,5,2026-01,277,-0.0007375694743087998,-0.000520090411990925,-0.000598525901545546,-0.0006336667097800229,0.3212996389891697,0.3514047953943926,-0.0028166464541677476,0.0015734708388503334
HIGH_24H_REVERSE_SHORT,5,2026-02,221,5.055589723211845e-05,0.00018976255553031565,0.0002066416257963281,0.00015028731587659808,0.5384615384615384,1.0487988021747796,-0.0032793640545559326,0.003111005450539373
HIGH_24H_REVERSE_SHORT,5,2026-03,272,-6.761881670421354e-05,0.00018244126786769513,5.4017380043428674e-05,-1.1535703662178036e-05,0.5367647058823529,0.9531843360798152,-0.004934416450540423,0.00418574332791355
HIGH_24H_REVERSE_SHORT,5,2026-04,305,-0.0005860140376574719,-0.000485868944939804,-0.0005157578233196653,-0.0005162269636717358,0.3836065573770492,0.5462045053937389,-0.003719485780405151,0.0022915596854610433
HIGH_24H_REVERSE_SHORT,5,2026-05,349,-0.0007915736034819713,-0.0005387573873902423,-0.000671670906544478,-0.0007308138923488532,0.3237822349570201,0.36162748805677714,-0.0032864557048194456,0.0015800322248752383
HIGH_24H_REVERSE_SHORT,5,2026-06,212,-0.0004443849345573356,-0.000207661024334404,-0.0004101532923196545,-0.0004186699785099631,0.46226415094339623,0.6713634372314988,-0.004010968657703894,0.002821668065259676
HIGH_24H_REVERSE_SHORT,5,2026-07,312,-0.0002601239957560759,-0.000247622388114998,-0.00019397433945983418,-0.00020484530063953274,0.40705128205128205,0.6707921946153481,-0.002033955625197103,0.001809356011641895
HIGH_24H_REVERSE_SHORT,15,2024-01,343,-0.0005392893351104371,-0.00063120820329916,-0.0007792460814426696,-0.0007882787556959498,0.45481049562682213,0.7720210874991372,-0.007218799293470889,0.005092238531568239
HIGH_24H_REVERSE_SHORT,15,2024-02,469,-0.0010877848634862138,-0.0008538037746746546,-0.001147368499876527,-0.0011867731289339175,0.42430703624733473,0.5599552126698933,-0.007938730428623208,0.004269355560542952
HIGH_24H_REVERSE_SHORT,15,2024-03,475,-0.000667940051811671,8.224756839962991e-05,-0.00045299301905034865,-0.0006042221527886318,0.5073684210526316,0.7462235070569029,-0.008306311906702855,0.006194008039348027
HIGH_24H_REVERSE_SHORT,15,2024-04,302,-0.001011886110604001,5.5707724494580865e-05,-0.000717141084592278,-0.0008881513981874828,0.5066225165562914,0.568574480485817,-0.0074795044920315185,0.004033060410835355
HIGH_24H_REVERSE_SHORT,15,2024-05,364,-0.0008026849610356453,-0.0002827528526993078,-0.0005234300874724856,-0.0006382929402659464,0.4835164835164835,0.6571225549980187,-0.007362830137451825,0.004713075668279998
HIGH_24H_REVERSE_SHORT,15,2024-06,303,0.0002946078887192679,0.00020212563292725308,0.0002475917116063176,0.0002512377173412966,0.5313531353135313,1.2380688471130095,-0.004478726618818362,0.004445633294861763
HIGH_24H_REVERSE_SHORT,15,2024-07,400,-0.00010111569190122593,-6.82335368279546e-05,-8.059150921974561e-05,-0.00012708095056435334,0.485,0.9361355788315107,-0.004829227717374084,0.004576989932827526
HIGH_24H_REVERSE_SHORT,15,2024-08,278,0.0002727182356857211,0.00040514410287960715,0.0002941726536582082,0.0002349432129781943,0.5539568345323741,1.166201858557964,-0.005914865434883553,0.005398361792185173
HIGH_24H_REVERSE_SHORT,15,2024-09,355,-0.0003365706730623193,0.0003216924305101016,-0.0002149072111363812,-0.0003066921830394353,0.5267605633802817,0.8070132659038018,-0.005796438007576321,0.0041833104134359825
HIGH_24H_REVERSE_SHORT,15,2024-10,406,-0.00044725946770717446,-6.129880182910105e-05,-0.00033425378262562464,-0.0003986260533920746,0.49261083743842365,0.694116481952559,-0.004393713322042813,0.003211428240790116
HIGH_24H_REVERSE_SHORT,15,2024-11,502,-0.0005678858084810848,-0.00021054661911841185,-0.0003658399536254722,-0.00047120855975192806,0.48804780876494025,0.7909944911749713,-0.00828322226933653,0.006925168335926781
HIGH_24H_REVERSE_SHORT,15,2024-12,442,-0.0007893564024302357,-0.00033518259120219826,-0.0005711201251284811,-0.0006421741470310194,0.46153846153846156,0.6652596437517609,-0.007219779214031651,0.005150103916193239
HIGH_24H_REVERSE_SHORT,15,2025-01,483,-0.0009861043367574195,-0.0007532673819142349,-0.0008219778499279879,-0.000918920542966413,0.42028985507246375,0.5933147981936134,-0.006633671381329286,0.004019655966361137
HIGH_24H_REVERSE_SHORT,15,2025-02,235,-0.00032439124412997914,0.0001582267603498672,-0.0002772198393164892,-0.0003311539674595794,0.5106382978723404,0.8459912405341189,-0.006915595228370351,0.005130093163299288
HIGH_24H_REVERSE_SHORT,15,2025-03,321,-0.0001458426034191699,0.00015609073088778183,0.00021809059332643575,0.00015110414880090912,0.5202492211838006,0.9285631814909161,-0.005397476759628161,0.005636957879766525
HIGH_24H_REVERSE_SHORT,15,2025-04,290,0.00040370912043390057,0.00014810294565641483,0.00034859157133524743,0.00033690687799891727,0.5206896551724138,1.2566580416479465,-0.004405736770695799,0.005241177344656236
HIGH_24H_REVERSE_SHORT,15,2025-05,415,-0.0003855193795559803,-4.493783303733897e-05,-0.00034730810981502605,-0.00039594135165338417,0.4939759036144578,0.7942209251138758,-0.005317677877982762,0.004107875636571069
HIGH_24H_REVERSE_SHORT,15,2025-06,356,-0.0009859623211117916,-0.0005167856500686402,-0.0008353379810046498,-0.0008912591636050297,0.4157303370786517,0.4815583089937263,-0.00563168522709585,0.002895324027620983
HIGH_24H_REVERSE_SHORT,15,2025-07,516,-0.000757405955072474,-0.000409882830021368,-0.0006201457037576421,-0.0007096746662730759,0.43410852713178294,0.5939840745046094,-0.005670575368878449,0.0037934652435980716
HIGH_24H_REVERSE_SHORT,15,2025-08,480,-0.0008381654442670451,-0.0005086510154714391,-0.0005775819237514172,-0.0006868636065054973,0.4395833333333333,0.5529751199978719,-0.005233754980037374,0.0036395685354855614
HIGH_24H_REVERSE_SHORT,15,2025-09,369,-0.0009377634900820023,-0.0006,-0.0008999073710772019,-0.0009429609228002738,0.4065040650406504,0.4284244351285356,-0.004912107219519978,0.00220088373155023
HIGH_24H_REVERSE_SHORT,15,2025-10,387,-0.0001487973977599639,-6.836788942050584e-05,2.1434374218324163e-06,-7.459976381137521e-05,0.49612403100775193,0.91570755517502,-0.00531219065197812,0.0050106002089121355
HIGH_24H_REVERSE_SHORT,15,2025-11,260,-5.271405377548419e-05,0.0001270921003654785,7.380869132121774e-05,2.9627926506319012e-05,0.5230769230769231,0.9666661397864466,-0.004550311039173426,0.004948344441199459
HIGH_24H_REVERSE_SHORT,15,2025-12,285,-0.0012066775381118923,-0.0006,-0.0010664486121092064,-0.0011739791747655444,0.43157894736842106,0.4825961608346041,-0.006853824523074991,0.003953058510136675
HIGH_24H_REVERSE_SHORT,15,2026-01,277,-0.00019574076457523344,-4.3712255932981084e-05,-7.48255601545067e-05,-0.00011551506210741952,0.49097472924187724,0.8310658579788712,-0.003324625790674295,0.0027568701831381724
HIGH_24H_REVERSE_SHORT,15,2026-02,221,0.0003617308939824513,0.000752722353736735,0.00044663001334978227,0.0004582196219779899,0.583710407239819,1.2611936125089145,-0.004139606981569632,0.004564281189105724
HIGH_24H_REVERSE_SHORT,15,2026-03,272,0.000329399763786988,0.0007821850549037285,0.0008156714037685091,0.0005798578745618497,0.6397058823529411,1.1634047390360536,-0.0065986327669547585,0.006750474089262916
HIGH_24H_REVERSE_SHORT,15,2026-04,305,-0.00047144860381193704,-0.0002484649636746544,-0.0004135893066898232,-0.00040754790823428077,0.4524590163934426,0.6989014052517629,-0.004461981692889671,0.003963586418661242
HIGH_24H_REVERSE_SHORT,15,2026-05,349,-0.000880198267004534,-0.00032307243841995733,-0.000701339765499884,-0.0007970901495710679,0.4297994269340974,0.4764363973368927,-0.0045196949155217984,0.002141951410776576
HIGH_24H_REVERSE_SHORT,15,2026-06,212,-0.0008556462476723204,-0.00041136870795001,-0.0008127595755381875,-0.0009008731839195799,0.44339622641509435,0.5988519792225195,-0.007251362600371358,0.00396390160701009
HIGH_24H_REVERSE_SHORT,15,2026-07,312,-0.0002826647246804355,3.206547121541506e-05,-7.070415075327348e-05,-9.903122625376362e-05,0.5064102564102564,0.7713366071637063,-0.003178031726173213,0.003239882985778756
HIGH_24H_REVERSE_SHORT,30,2024-01,343,-0.0003616998549336881,-0.000567459568513961,-0.000711405404061773,-0.0005551229779034138,0.43731778425655976,0.8725067399611753,-0.008314382698341326,0.007066330135155187
HIGH_24H_REVERSE_SHORT,30,2024-02,469,-0.001012577728602611,-0.0007350022178936427,-0.0013042202481683227,-0.0014591186864218297,0.43283582089552236,0.6855889052111545,-0.010274320062421991,0.005876181448207696
HIGH_24H_REVERSE_SHORT,30,2024-03,475,0.0005320886486326068,0.000960152231374179,0.000617565109382118,0.0005905830584563252,0.5578947368421052,1.1939843942469828,-0.00908496465537254,0.009987831543743993
HIGH_24H_REVERSE_SHORT,30,2024-04,302,-0.0007391677313649672,0.00022853295102824914,-0.0003425834475679815,-0.0005408211518424401,0.5264900662251656,0.7187119464061767,-0.008636740244197649,0.005598387708868515
HIGH_24H_REVERSE_SHORT,30,2024-05,364,-0.0009182392100760265,-0.00017029639072964006,-0.0005730294238240456,-0.000712134454045396,0.48626373626373626,0.6873384949912942,-0.008755278901365559,0.00610107259912037
HIGH_24H_REVERSE_SHORT,30,2024-06,303,0.0002905784632303288,0.0006354136293643015,0.00048126066726503246,0.0004500991345085115,0.5775577557755776,1.1704568285133197,-0.005321238949354499,0.005805538731470185
HIGH_24H_REVERSE_SHORT,30,2024-07,400,-9.058410358441839e-05,8.198374899619557e-05,-8.59280108886686e-05,-0.00011546472529707371,0.51,0.9549829694726127,-0.0061431054838128486,0.005565761155098771
HIGH_24H_REVERSE_SHORT,30,2024-08,278,0.0003748658027867778,0.0002412925350761436,0.00029748149626881683,0.0002885115159234802,0.5215827338129496,1.174580453961861,-0.007190316640653637,0.00703809777702297
HIGH_24H_REVERSE_SHORT,30,2024-09,355,-0.0002300646084617927,0.00031565598977239043,-9.4662892809536e-05,-0.00018587867787921142,0.5154929577464789,0.8978029911518061,-0.0069378581325358225,0.005879166878861988
HIGH_24H_REVERSE_SHORT,30,2024-10,406,-0.0003026725875610374,3.381642546345157e-05,-0.0001775805695861729,-0.0003079729301096283,0.5049261083743842,0.8380940685895268,-0.005559171551662034,0.0048527095772391456
HIGH_24H_REVERSE_SHORT,30,2024-11,502,-0.0003830415844334121,0.000546998654878273,-0.00013406154502775152,-0.00031038729397948157,0.5398406374501992,0.8794241820416668,-0.011301243548910555,0.008346578351589603
HIGH_24H_REVERSE_SHORT,30,2024-12,442,-0.00038932777246784524,0.00040718644067365753,-0.00015428915606781508,-0.0003244372172616036,0.5339366515837104,0.8569868787158603,-0.008727358695071241,0.006717278753409907
HIGH_24H_REVERSE_SHORT,30,2025-01,483,-0.0008166153399059345,-1.4836154123187254e-05,-0.0005226481425960332,-0.0006510196245539899,0.4968944099378882,0.7264418538217575,-0.008320451702019026,0.005825909005612955
HIGH_24H_REVERSE_SHORT,30,2025-02,235,-0.0002845094255741969,2.223975960296057e-05,-0.000425883946515508,-0.00047998279915127527,0.502127659574468,0.8803775535456865,-0.007731063753803568,0.005939530284608319
HIGH_24H_REVERSE_SHORT,30,2025-03,321,0.00010871609697196843,0.0007186114862181464,0.000537398489562738,0.00048126077453381123,0.5763239875389408,1.0438869796933774,-0.007595279048130021,0.007113654942502091
HIGH_24H_REVERSE_SHORT,30,2025-04,290,-0.00038646442646186896,-0.00017999951433962322,-7.546322022898852e-05,-0.0001436757392628168,0.4793103448275862,0.8785734477362581,-0.007048668725482043,0.00808870124364043
HIGH_24H_REVERSE_SHORT,30,2025-05,415,-0.0004106235481508128,-7.892542843907998e-05,-0.00020792420454514993,-0.00024197835521732653,0.4939759036144578,0.8305777696655857,-0.007216111883536479,0.0061405226034916055
HIGH_24H_REVERSE_SHORT,30,2025-06,356,-0.0006553335709610532,-0.0002626287598178173,-0.0006124601618225655,-0.00063744136100001,0.44662921348314605,0.6706995406509249,-0.006188171008844012,0.004538957402289257
HIGH_24H_REVERSE_SHORT,30,2025-07,516,-0.0006856983974844133,-0.00021478252391011695,-0.00036015844703305864,-0.0004796648013035881,0.4844961240310077,0.7143429906930213,-0.006998092224571439,0.005796529131773354
HIGH_24H_REVERSE_SHORT,30,2025-08,480,-0.000854001684444412,-0.0002351779529711878,-0.0005504966589784422,-0.0006267106021539957,0.4708333333333333,0.6490924064414675,-0.007047812850381184,0.005678013789413806
HIGH_24H_REVERSE_SHORT,30,2025-09,369,-0.0009082591289353043,-0.00045468710564751044,-0.000802624866592453,-0.0008628490708129942,0.4363143631436314,0.5442255992948626,-0.0059783632992158825,0.0034508515708984618
HIGH_24H_REVERSE_SHORT,30,2025-10,387,-0.0006202269747749875,-0.0002894088414949308,-0.00045055911415390807,-0.0004914018315735423,0.4909560723514212,0.7501701630535915,-0.007463951813770486,0.005466557363595606
HIGH_24H_REVERSE_SHORT,30,2025-11,260,-0.00016398386357379326,8.537982727645557e-05,-4.561548241229652e-05,-8.773058337997747e-05,0.5115384615384615,0.9161412812294422,-0.006520937424750572,0.005667225784156026
HIGH_24H_REVERSE_SHORT,30,2025-12,285,-0.0020260273915397426,-0.0009515927149988495,-0.00168228399631935,-0.0019501192757923774,0.40350877192982454,0.43888029227717923,-0.011377810091794215,0.0057259538289106795
HIGH_24H_REVERSE_SHORT,30,2026-01,277,-0.00021316629251508665,-0.00013879097348052868,-0.0002817210977962314,-0.000310158124404255,0.4693140794223827,0.8588651313376067,-0.004977009090024364,0.004079875894742969
HIGH_24H_REVERSE_SHORT,30,2026-02,221,-0.00013648427011576336,-0.00012930101200276875,-0.00022593138072178072,-7.224214914471953e-05,0.4841628959276018,0.9354765303774407,-0.005899987637674475,0.0055589482411466
HIGH_24H_REVERSE_SHORT,30,2026-03,272,-0.0004421473736631739,0.0008923905577981512,-5.678162670753308e-05,-0.00036561408545768926,0.5698529411764706,0.8486844315753285,-0.010618558144133282,0.007363074258165504
HIGH_24H_REVERSE_SHORT,30,2026-04,305,-0.000873051162409927,-0.00033269179363799525,-0.0006075110695498527,-0.000783548796169987,0.4557377049180328,0.6480439469076682,-0.0073029113794270675,0.00521278441077511
HIGH_24H_REVERSE_SHORT,30,2026-05,349,-0.00121319688808612,-0.0007488086162628743,-0.0011096405268534665,-0.0011813832768954374,0.4154727793696275,0.4604404979412254,-0.006908939121343471,0.002859744143901931
HIGH_24H_REVERSE_SHORT,30,2026-06,212,-0.0008104683157456092,-0.00024294351656052257,-0.000787502622893207,-0.0008444501035000436,0.4811320754716981,0.7036313766049943,-0.009003541965757943,0.006059158124100617
HIGH_24H_REVERSE_SHORT,30,2026-07,312,-0.0003830691452741292,-9.176298759184739e-05,-8.411643721908257e-05,-0.00017358495594456137,0.46794871794871795,0.7836260821642169,-0.0053883248157959186,0.005209913646258049
HIGH_24H_REVERSE_SHORT,60,2024-01,343,-0.0008307108236236108,-0.00033975276512694327,-0.0012276875674025797,-0.0012772507832575044,0.48104956268221577,0.8037950145722269,-0.013565320574152004,0.009616786248846477
HIGH_24H_REVERSE_SHORT,60,2024-02,469,-0.00024647594096229876,-7.537856206025703e-05,-0.00045515623774021187,-0.0004975720743647605,0.4946695095948827,0.9345246923946294,-0.011908400690963569,0.010151445625660394
HIGH_24H_REVERSE_SHORT,60,2024-03,475,0.0005106108154578302,0.00032177013132110913,0.0002935757477829612,0.0003782426452160636,0.5157894736842106,1.1356505847947114,-0.013194263612328803,0.012385378194037538
HIGH_24H_REVERSE_SHORT,60,2024-04,302,-0.0006002336473341216,0.0006235086471401036,-0.00020137758926919527,-0.0004317658977669799,0.5198675496688742,0.8121738664754768,-0.010869794102327022,0.007960229406152783
HIGH_24H_REVERSE_SHORT,60,2024-05,364,-0.0006034289746859,0.0005160306718501212,-0.0001949685542936665,-0.0004256499027271545,0.5274725274725275,0.8182829584927621,-0.01000452303690582,0.007648163340489845
HIGH_24H_REVERSE_SHORT,60,2024-06,303,0.0008230273462577508,0.0012677683334124008,0.0009862935060620966,0.0008921515025860122,0.5841584158415841,1.4344499843526188,-0.005426849027515267,0.007391058377682792
HIGH_24H_REVERSE_SHORT,60,2024-07,400,0.0004967907720174857,0.0007364495614676675,0.00039233594640909476,0.00037618408419683386,0.5425,1.232916034393013,-0.007514756374185815,0.00774810521085745
HIGH_24H_REVERSE_SHORT,60,2024-08,278,0.0008911120667995862,0.0007340658519216398,0.0008297651136857098,0.0007663198833561071,0.5503597122302158,1.322925972965294,-0.0095433081305599,0.010947333607198052
HIGH_24H_REVERSE_SHORT,60,2024-09,355,-0.0008279195883358409,0.00038394932660961226,-0.00045723591307499854,-0.000695282905594272,0.5126760563380282,0.7340518579574059,-0.00954574989263055,0.007130435246621603
HIGH_24H_REVERSE_SHORT,60,2024-10,406,-0.0002486191933439225,-0.00014009911503188807,-0.00022034726895502876,-0.00036830509759781913,0.49507389162561577,0.89335746050673,-0.007624371272268848,0.0056169269613160384
HIGH_24H_REVERSE_SHORT,60,2024-11,502,-0.00015126825551820436,0.0005166861508152826,0.00029839571892191605,7.002114360611666e-05,0.5219123505976095,0.9617361376664344,-0.012109488067340645,0.01168904795907627
HIGH_24H_REVERSE_SHORT,60,2024-12,442,2.1942958781760654e-05,0.0006235800081755733,0.000255543025624356,0.00023166744004712327,0.5384615384615384,1.0069429949664672,-0.010439880172732785,0.010330569759487504
HIGH_24H_REVERSE_SHORT,60,2025-01,483,0.0006840688135191622,0.00043125726237518483,0.0004950734712923749,0.0004564800317987256,0.5424430641821946,1.2616919215064313,-0.008735045221698922,0.008773501315691528
HIGH_24H_REVERSE_SHORT,60,2025-02,235,0.0005328778140928504,0.000204960671776267,0.00022736043416330664,0.0002839690971487258,0.5234042553191489,1.1793718982073313,-0.010762287144045478,0.010225883883919673
HIGH_24H_REVERSE_SHORT,60,2025-03,321,-0.0014019386798654072,0.0003860474288814203,-9.394027695129635e-05,-0.00043422055055930596,0.514018691588785,0.6722445708350427,-0.010180413790851727,0.008363627734391855
HIGH_24H_REVERSE_SHORT,60,2025-04,290,-0.0005977613640073881,0.00012947619180224748,-0.00012157628911726176,-0.00028582440675400326,0.5103448275862069,0.8548730187748541,-0.010905748761787758,0.01015501876676545
HIGH_24H_REVERSE_SHORT,60,2025-05,415,-0.0010698221706628172,-0.0003577159219185327,-0.000824912162800856,-0.0011160658691419592,0.4746987951807229,0.7264220656582402,-0.010894743796073912,0.00867606007603652
HIGH_24H_REVERSE_SHORT,60,2025-06,356,-0.0008746084857856513,-0.0006820758956170397,-0.0007648883772451484,-0.0008158360587382518,0.41292134831460675,0.6459947939145605,-0.00743023576097741,0.005842588614757328
HIGH_24H_REVERSE_SHORT,60,2025-07,516,-0.000372779590968659,-2.4373043126035246e-05,-0.00012973216611113553,-0.00019494077280618864,0.49806201550387597,0.8613807791671918,-0.009048069596711738,0.007652305262666626
HIGH_24H_REVERSE_SHORT,60,2025-08,480,-0.0008594560754025748,-0.00017205503099944005,-0.000630370505001263,-0.0007557586528120734,0.4875,0.7264382677093463,-0.009478860285303625,0.007100904247021613
HIGH_24H_REVERSE_SHORT,60,2025-09,369,-0.000864634915062158,-0.0006665099795200685,-0.0007383774554909742,-0.000807762168569309,0.44715447154471544,0.6624867828239177,-0.007685836059778883,0.005244903558382762
HIGH_24H_REVERSE_SHORT,60,2025-10,387,-0.0005946613697837185,-0.0003772889284428643,-0.0005219154747883279,-0.0006038560458013791,0.48320413436692505,0.802827362898866,-0.009572348775169258,0.006674299901373251
HIGH_24H_REVERSE_SHORT,60,2025-11,260,-2.784023384588568e-05,0.0008901675369045631,0.00012733357438536418,-6.9273351619023735e-06,0.5384615384615384,0.9892800792665716,-0.007935937113027201,0.007309041970833971
HIGH_24H_REVERSE_SHORT,60,2025-12,285,-0.0028343732453362715,-0.001242463865568432,-0.002636456888086367,-0.0030567364913658746,0.44912280701754387,0.515189547248445,-0.017838994938083517,0.0077122473202807075
HIGH_24H_REVERSE_SHORT,60,2026-01,277,-0.00020611189296390603,0.0001365357269819573,-0.00022133485701160687,-0.00021725617047434746,0.516245487364621,0.888151869532884,-0.006535925128683417,0.004794901970601374
HIGH_24H_REVERSE_SHORT,60,2026-02,221,-0.0010333061695717543,-0.0008935506484402772,-0.0011529519971880302,-0.0010693407485844128,0.46153846153846156,0.7347152000282364,-0.013035233160621894,0.009766019516507397
HIGH_24H_REVERSE_SHORT,60,2026-03,272,-0.0004776993501903299,0.0009488454341702207,-0.00013923173302415114,-0.0004797450896486963,0.5698529411764706,0.8718308208247741,-0.015453113037557007,0.009859481278223739
HIGH_24H_REVERSE_SHORT,60,2026-04,305,-0.00056949622452345,7.96536193519218e-06,-0.00031081789529149184,-0.000516093122307246,0.5016393442622951,0.80797629564195,-0.009063275464108254,0.007444757958325141
HIGH_24H_REVERSE_SHORT,60,2026-05,349,-0.0015527602589014884,-0.000721201102930124,-0.0013014043826407647,-0.0014833773381084162,0.42406876790830944,0.4697816139466878,-0.008347186617673483,0.00454548381703381
HIGH_24H_REVERSE_SHORT,60,2026-06,212,0.00014220608309670196,0.0005677388058999317,0.00030971604102848944,0.0002439844778813539,0.5471698113207547,1.0553399503413503,-0.009125722414253088,0.008935134470722902
HIGH_24H_REVERSE_SHORT,60,2026-07,312,-0.00039480012653744806,2.5121968098829636e-05,-6.671347131625628e-05,-0.0002165963628172176,0.5032051282051282,0.8226487786893374,-0.0067186834382985325,0.005607958989563323
HIGH_24H_REVERSE_SHORT,120,2024-01,343,0.0005393034844522775,0.0005138062999268561,0.00019255584912456806,-0.00010024134646118508,0.5422740524781341,1.1347873776547492,-0.013389167607921035,0.012195956656774488
HIGH_24H_REVERSE_SHORT,120,2024-02,469,-0.00036315778748638455,-0.0006363187332026448,-0.0005468966876908239,-0.00040582616984847364,0.44989339019189767,0.917133590197717,-0.012816140451944345,0.012807696909747436
HIGH_24H_REVERSE_SHORT,120,2024-03,475,0.00026354730196659164,0.0018650971248266764,0.0002878018532791447,0.00011834877267584683,0.5705263157894737,1.0515623765000484,-0.015527661031857076,0.014727590839453703
HIGH_24H_REVERSE_SHORT,120,2024-04,302,0.00018736406358819317,0.0008043010639234189,0.0004370004803513995,0.00027327851405956126,0.5397350993377483,1.05610081250739,-0.011280935189079177,0.010611849900959893
HIGH_24H_REVERSE_SHORT,120,2024-05,364,-0.00031811987776068175,0.000317559602165774,0.00019653133414236534,0.00013805468444922544,0.5192307692307693,0.9142502503019045,-0.01020442561194832,0.010212530568494057
HIGH_24H_REVERSE_SHORT,120,2024-06,303,0.0006550822054512241,0.001227509868125854,0.0009551935481573393,0.0007686609396056705,0.6006600660066007,1.2424717649216133,-0.008940543163531411,0.009785180299774269
HIGH_24H_REVERSE_SHORT,120,2024-07,400,0.00021529486880819492,0.00015664410296849565,-4.321185163895668e-06,0.00010772643044714702,0.505,1.0684918819427072,-0.009510997548753529,0.010507895135149397
HIGH_24H_REVERSE_SHORT,120,2024-08,278,0.0013527350587703635,0.0010008450180235447,0.0010432045771125297,0.0011085990854933863,0.5467625899280576,1.3922620416950056,-0.011506583755406563,0.014328298797404366
HIGH_24H_REVERSE_SHORT,120,2024-09,355,-0.00046863352396530456,-0.0001263410469109599,-0.000315924022314068,-0.0004125793965948146,0.49295774647887325,0.8653269259631219,-0.011401063191484151,0.00956466392894549
HIGH_24H_REVERSE_SHORT,120,2024-10,406,0.00024673301908743845,0.0005631413164325255,0.000286883008642968,0.00020128347146824185,0.5566502463054187,1.0946915662964951,-0.008135843647869078,0.007449333735974551
HIGH_24H_REVERSE_SHORT,120,2024-11,502,-0.0018531827668015765,0.0001500176542938331,-0.001198022684243905,-0.001781518836420746,0.5039840637450199,0.708959009212901,-0.020546382574240837,0.012977494091036402
HIGH_24H_REVERSE_SHORT,120,2024-12,442,2.4918982050873094e-05,0.0008127636797228727,0.0004365621496302115,0.00038427215649300026,0.5475113122171946,1.0054726526444517,-0.014695717699719866,0.014470328662531505
HIGH_24H_REVERSE_SHORT,120,2025-01,483,0.0009950713093677416,0.001116725559481769,0.0010095678379433448,0.0009744957392724674,0.5838509316770186,1.3583035440350966,-0.010083718569899446,0.010229375380764872
HIGH_24H_REVERSE_SHORT,120,2025-02,235,0.0013024679050702278,0.0018727244500459823,0.001418225080212673,0.0013217143501959073,0.6127659574468085,1.3532342745008086,-0.014035256932406015,0.014824265174529016
HIGH_24H_REVERSE_SHORT,120,2025-03,321,-0.001043507259819831,0.0009244660226348961,0.0002582085957916087,-6.0737886785064344e-05,0.5420560747663551,0.7951071882374728,-0.012940029609517078,0.01095054369714048
HIGH_24H_REVERSE_SHORT,120,2025-04,290,-0.001067033200035515,0.00041872567315891565,-0.0008511305407972804,-0.0012859143901636021,0.5344827586206896,0.791643937717423,-0.019181018725549115,0.01108117114218541
HIGH_24H_REVERSE_SHORT,120,2025-05,415,-0.0013781730800676369,-2.374183634274937e-05,-0.001056705880729531,-0.001256023741898167,0.491566265060241,0.7200586050478996,-0.015719164179331346,0.010995699282241868
HIGH_24H_REVERSE_SHORT,120,2025-06,356,-0.001256296218576182,-0.0013476783910423944,-0.0012687674516501189,-0.001215045354669376,0.4241573033707865,0.6754704525828464,-0.011278295266104642,0.009268051183441806
HIGH_24H_REVERSE_SHORT,120,2025-07,516,0.0002508145964715394,0.0005050439568833226,0.0005584527691657034,0.00037157751290217754,0.5329457364341085,1.0816328690736077,-0.009749353833406426,0.010610617276051549
HIGH_24H_REVERSE_SHORT,120,2025-08,480,-0.0012349519335860773,0.00014329398511957528,-0.0009452124048369991,-0.001154137068988942,0.50625,0.706001448968387,-0.01272202889633953,0.00836114887356775
HIGH_24H_REVERSE_SHORT,120,2025-09,369,-0.0005216510877083262,-0.00035569748368409146,-0.000593351893116376,-0.0005654858025191978,0.46612466124661245,0.8179415225298707,-0.008895702755086598,0.00790844788309577
HIGH_24H_REVERSE_SHORT,120,2025-10,387,0.00015946452608464856,-0.00035437036527581286,6.872027035657077e-05,0.0001019223201398554,0.4754521963824289,1.0441232323381724,-0.01159504981379793,0.012734569028623601
HIGH_24H_REVERSE_SHORT,120,2025-11,260,0.0005839559655531709,0.0005150544443834787,0.00025350782721845984,0.0003712624594347509,0.5269230769230769,1.177821580970873,-0.010615307116194982,0.011542934265749738
HIGH_24H_REVERSE_SHORT,120,2025-12,285,-0.0029324262123353755,-0.0017679197825300579,-0.0029806475007269975,-0.0036437293449591234,0.42105263157894735,0.5939793775049445,-0.022488017509739115,0.010284065411909894
HIGH_24H_REVERSE_SHORT,120,2026-01,277,0.0007215487423504606,0.0008388444006019352,0.0005910827305494967,0.0006147819439431467,0.5631768953068592,1.3388023246343999,-0.007258626092693431,0.00865694034851816
HIGH_24H_REVERSE_SHORT,120,2026-02,221,-0.0016203822737038906,-0.0012937218175511182,-0.0015711726938379587,-0.0017667578385290148,0.45701357466063347,0.71797226878896,-0.01874058956916087,0.013505741956916163
HIGH_24H_REVERSE_SHORT,120,2026-03,272,0.0005557251781671774,0.0015307043086794543,0.0009262859941037506,0.0005428250195947954,0.5992647058823529,1.1532885658998289,-0.011520419060738639,0.011973470259484734
HIGH_24H_REVERSE_SHORT,120,2026-04,305,-6.601668878486465e-05,0.0007426095447335307,0.0003326245373760995,2.4936778850868402e-05,0.5278688524590164,0.9791328339136183,-0.009842265051089047,0.009221789604121775
HIGH_24H_REVERSE_SHORT,120,2026-05,349,-0.002432033205424279,-0.0009419870937044766,-0.0018772968917224638,-0.002074279696414391,0.42120343839541546,0.4480954612704323,-0.013247644432168325,0.007391413478912302
HIGH_24H_REVERSE_SHORT,120,2026-06,212,-0.0006613264596395674,-2.371683237478131e-06,-0.0003924941659531293,-0.0005938759869928049,0.5,0.819102419680143,-0.012256499334947655,0.008443041406354181
HIGH_24H_REVERSE_SHORT,120,2026-07,312,-0.00025440422161779965,0.00033296911691542755,0.00015736295315783844,2.8130508218272808e-05,0.5480769230769231,0.9072548999838778,-0.008247356162153883,0.007500424060557702
LOW_24H_CONTINUE_SHORT,5,2024-01,254,-0.0007782314969860997,-0.0014680135086359673,-0.0013178401201789933,-0.0013183803161736394,0.32677165354330706,0.7474213685972807,-0.005515104472787179,0.0038300736855291697
LOW_24H_CONTINUE_SHORT,5,2024-02,117,-0.001541286675649677,-0.0017701626002060815,-0.0015540173036629082,-0.0015087798402917858,0.2222222222222222,0.22662567325592164,-0.004575587443471618,0.0014086162807744006
LOW_24H_CONTINUE_SHORT,5,2024-03,218,-0.0018262708626613573,-0.0017339395899830905,-0.0017333131366779194,-0.001742186448347014,0.3669724770642202,0.42322285431418705,-0.0088589125574537,0.004571680186572815
LOW_24H_CONTINUE_SHORT,5,2024-04,269,-0.0014516661753346436,-0.0011192620097471677,-0.0011748613469817028,-0.0011707894804869308,0.3903345724907063,0.4461022444622894,-0.005857389771335629,0.0035017115964004726
LOW_24H_CONTINUE_SHORT,5,2024-05,191,-0.0010295485772019606,-0.0012223473718576232,-0.00102024178829726,-0.0009732366737973935,0.29842931937172773,0.38314132688247055,-0.0037300886556899775,0.0025132930771995417
LOW_24H_CONTINUE_SHORT,5,2024-06,278,-0.0008203363034020301,-0.000786416216740759,-0.0010226355696363843,-0.001095296766853307,0.34172661870503596,0.5685187385615816,-0.004730834311579012,0.0023513617136610284
LOW_24H_CONTINUE_SHORT,5,2024-07,271,-0.0007700635883765153,-0.0010896160594067832,-0.0009851554554540808,-0.0009466383427204616,0.36162361623616235,0.5951241046816188,-0.00495691532230309,0.003385799228976572
LOW_24H_CONTINUE_SHORT,5,2024-08,321,-0.0005121279831152227,-0.0008126618888629305,-0.0006846035269967099,-0.0007182176095142841,0.40498442367601245,0.7405656325694246,-0.005233973139542613,0.004159877713710892
LOW_24H_CONTINUE_SHORT,5,2024-09,285,-0.0011152366357129536,-0.0015453940402359694,-0.001482539194524941,-0.001456451642361502,0.2807017543859649,0.43433493029733317,-0.004357834603732801,0.0015511561801093258
LOW_24H_CONTINUE_SHORT,5,2024-10,280,-0.0010142298790717643,-0.0008913375826589792,-0.0009783292623929286,-0.0009834431629251782,0.3535714285714286,0.45975744235619875,-0.004881415450531489,0.002714286269679911
LOW_24H_CONTINUE_SHORT,5,2024-11,210,-0.0012208760022368228,-0.0009186348860783061,-0.0011615585595184362,-0.001176465657288598,0.3619047619047619,0.4025707035330646,-0.005703380562481918,0.0032071667482873488
LOW_24H_CONTINUE_SHORT,5,2024-12,379,-0.0017274743128522826,-0.0009352997928101064,-0.0013412586109578435,-0.0015232842954637045,0.3720316622691293,0.335586725832855,-0.00608519068611748,0.002541517249337044
LOW_24H_CONTINUE_SHORT,5,2025-01,373,-0.001169667493294496,-0.0007984239469359216,-0.0009896380726170258,-0.001056924076192568,0.3351206434316354,0.37921072580887655,-0.004987874454688578,0.002559238310638646
LOW_24H_CONTINUE_SHORT,5,2025-02,467,-0.0007964877228345279,-0.0006,-0.0009268711190681786,-0.0009774535837488718,0.37259100642398285,0.6093762807412928,-0.006043541932115492,0.0029985824849256878
LOW_24H_CONTINUE_SHORT,5,2025-03,372,-0.00044322379228888003,-0.00042076828107924177,-0.0005032787648677367,-0.0004865999643353143,0.42473118279569894,0.7213016510337181,-0.004656595609702884,0.003948057989755973
LOW_24H_CONTINUE_SHORT,5,2025-04,323,-0.0003673155220775255,-0.000531495119027347,-0.00037911965304272214,-0.00033145252038774015,0.4055727554179567,0.7410605176801579,-0.0039152242831125275,0.0035858776719224672
LOW_24H_CONTINUE_SHORT,5,2025-05,254,-0.001127422858296334,-0.0011625540969784735,-0.0011882714365049109,-0.0011406016531949907,0.25984251968503935,0.36219625484861323,-0.004513320788931984,0.002468990873086979
LOW_24H_CONTINUE_SHORT,5,2025-06,293,-0.0006178236598716358,-0.0006668538574675192,-0.0007409592238696827,-0.00066153855624019,0.32081911262798635,0.5672426816620212,-0.0035768708539088523,0.0020472175912980683
LOW_24H_CONTINUE_SHORT,5,2025-07,244,-0.0009484451026063787,-0.0008486906762804164,-0.0009864855134877322,-0.000987086644339477,0.3155737704918033,0.3815426432887004,-0.003816014778867704,0.0018644589657368213
LOW_24H_CONTINUE_SHORT,5,2025-08,291,-0.0013281811459342709,-0.001019301862399024,-0.0012132486016837717,-0.0012282520528392618,0.24398625429553264,0.2529282990227636,-0.0043181003887105655,0.001648460946517872
LOW_24H_CONTINUE_SHORT,5,2025-09,219,-0.0005044605524521823,-0.0006488066767534434,-0.0006411934998118884,-0.0006231636198278781,0.3150684931506849,0.6342841234919039,-0.0033816136870838723,0.0023837124539651607
LOW_24H_CONTINUE_SHORT,5,2025-10,265,-0.0005263502205942323,-0.0009282039740812869,-0.0007878526805884178,-0.0006283209640580041,0.36981132075471695,0.8645040374689243,-0.00572325094878654,0.004074140117049963
LOW_24H_CONTINUE_SHORT,5,2025-11,403,-0.000999221450013085,-0.0006389184561047084,-0.0007988814014667823,-0.0009176592004335596,0.38461538461538464,0.46871376609883475,-0.004910559096141064,0.0029473908688483885
LOW_24H_CONTINUE_SHORT,5,2025-12,290,-6.865868217506518e-05,-0.0001609521365791949,-8.359518917649436e-05,-0.00010257976395366954,0.4793103448275862,0.9478077268876476,-0.004159359342086487,0.003888510108746858
LOW_24H_CONTINUE_SHORT,5,2026-01,272,-8.915656526389881e-05,-0.0006055496975415181,-0.00030676203781249687,-0.00023051198730168117,0.34558823529411764,0.9384186890709446,-0.003707507497207518,0.004989947665880191
LOW_24H_CONTINUE_SHORT,5,2026-02,427,-0.00038090539499918555,-0.0008179672043189917,-0.000631711272282073,-0.0005352183946373001,0.38875878220140514,0.8270679875673633,-0.005972297211650245,0.0049445013724260635
LOW_24H_CONTINUE_SHORT,5,2026-03,275,-0.0006625933711297308,-0.0007643655489809159,-0.000787239384562067,-0.0007572553173056336,0.33090909090909093,0.557275962044211,-0.004096922698982896,0.002138810994457741
LOW_24H_CONTINUE_SHORT,5,2026-04,246,-0.0008122783149017855,-0.0009367468363502101,-0.0009205251878268949,-0.000866501786554388,0.2764227642276423,0.38010980323626514,-0.0035722411829791183,0.0018182140846537027
LOW_24H_CONTINUE_SHORT,5,2026-05,164,-0.0008486108337327258,-0.0010961298686984026,-0.0009954654435857981,-0.0009007077546313791,0.2621951219512195,0.4168732664644808,-0.003659288220430778,0.0020210562186685345
LOW_24H_CONTINUE_SHORT,5,2026-06,393,-0.000724246199162075,-0.0007844311717054125,-0.0007132170873898136,-0.0007543047309834738,0.3816793893129771,0.6002057881561038,-0.004708671889669457,0.0037287615723405674
LOW_24H_CONTINUE_SHORT,5,2026-07,255,-0.0006214084649290489,-0.0006259845865546726,-0.0006702271063524364,-0.0006349664320218735,0.32941176470588235,0.44998605337390835,-0.003077440019156551,0.0016983069118034163
LOW_24H_CONTINUE_SHORT,15,2024-01,254,-0.00013316576431074008,-0.0016393604560909873,-0.0014353572202642523,-0.001015151646845882,0.3425196850393701,0.9681966399106198,-0.009687621112503474,0.006812260310077284
LOW_24H_CONTINUE_SHORT,15,2024-02,117,-0.0015935023500375806,-0.0011106778087278217,-0.0015434148579407875,-0.0015437941922524857,0.3247863247863248,0.33651507771537076,-0.006568545403933989,0.0024095009110863606
LOW_24H_CONTINUE_SHORT,15,2024-03,218,-0.0029059435151157203,-0.002813363385747735,-0.0030369402201966787,-0.0031274849744192816,0.3486238532110092,0.44158105172873724,-0.013325914678917836,0.00789645255288527
LOW_24H_CONTINUE_SHORT,15,2024-04,269,-0.0004270619241237699,-0.0017432304425933458,-0.0013110997283207924,-0.0011268471016019418,0.379182156133829,0.8751754815303291,-0.008549804363348045,0.006946114251525428
LOW_24H_CONTINUE_SHORT,15,2024-05,191,-0.0015998977786565473,-0.0012719272251127782,-0.0015802497848104204,-0.0015598355755097448,0.3507853403141361,0.3815355243275009,-0.006187492612690203,0.003469915813666114
LOW_24H_CONTINUE_SHORT,15,2024-06,278,-0.0008080281229916837,-0.0016289119904397513,-0.0014410704403231406,-0.0013838875931910246,0.3381294964028777,0.690168266933348,-0.006438257363441012,0.0032589360069068683
LOW_24H_CONTINUE_SHORT,15,2024-07,271,-0.0006428801130388495,-0.0015430149535230024,-0.0011363300456931017,-0.0010673560119270685,0.36531365313653136,0.7731842249677295,-0.007649352467623393,0.005986644711184087
LOW_24H_CONTINUE_SHORT,15,2024-08,321,0.000250134356240896,-0.0011316547221572153,-0.0006341492076190979,-0.0005989618699139562,0.4236760124610592,1.0792436419917506,-0.009226775587466495,0.008727539541078789
LOW_24H_CONTINUE_SHORT,15,2024-09,285,-0.0016336030068101546,-0.0015525756336876688,-0.0017756804776028758,-0.0017651737611411094,0.3017543859649123,0.3822000672176221,-0.006815408281145773,0.0033805310943789027
LOW_24H_CONTINUE_SHORT,15,2024-10,280,-0.0011358940509415588,-0.001470445180700896,-0.0013480675173120705,-0.0012053539756807451,0.32857142857142857,0.567139787561657,-0.006774840067983101,0.0043400914199695495
LOW_24H_CONTINUE_SHORT,15,2024-11,210,-0.0018865731636460833,-0.0015829581651217277,-0.0017259976657380946,-0.0017759535304396699,0.4,0.4331259968506511,-0.009458426656789464,0.004901198894437497
LOW_24H_CONTINUE_SHORT,15,2024-12,379,-0.0014102653911219182,-0.001098685284250566,-0.0014020478865953035,-0.0013822897785798329,0.40105540897097625,0.605885657004277,-0.008856686846678773,0.005617011937484027
LOW_24H_CONTINUE_SHORT,15,2025-01,373,-0.0016286374589158119,-0.00109605986733936,-0.001188062079170159,-0.0012956168409351916,0.3967828418230563,0.4525584497431449,-0.0072475634149286915,0.004439307127039284
LOW_24H_CONTINUE_SHORT,15,2025-02,467,-0.00038372480863485173,-0.0009091954733782653,-0.000889290904791965,-0.0009107324622566258,0.42398286937901497,0.8552133437234775,-0.00760499571466513,0.0055870731811491275
LOW_24H_CONTINUE_SHORT,15,2025-03,372,-0.0005659370495138461,-0.0005815732476073915,-0.000517859753415049,-0.0005402883173067142,0.43548387096774194,0.7626163161342723,-0.00653128895209114,0.0053608005630790415
LOW_24H_CONTINUE_SHORT,15,2025-04,323,0.00020693923315372688,-0.0004178838098706888,0.00013137737303884676,0.00016675537362356504,0.4674922600619195,1.0910774122041298,-0.007465442156247957,0.008492561348424337
LOW_24H_CONTINUE_SHORT,15,2025-05,254,-0.0010696083380984632,-0.0014140475999961481,-0.0011671497890941897,-0.001074549173309706,0.3110236220472441,0.514594912891145,-0.0061175158964115175,0.003870110240879877
LOW_24H_CONTINUE_SHORT,15,2025-06,293,-0.0002365428049307985,-0.0010245016036727998,-0.0006920387845343499,-0.00043049081878996254,0.3583617747440273,0.8782841495183482,-0.0054952487302844175,0.005450772172457488
LOW_24H_CONTINUE_SHORT,15,2025-07,244,-0.0015383245512324622,-0.00126210881880846,-0.0014886249563051735,-0.001531829447612857,0.32786885245901637,0.31506970592954,-0.006161192828543171,0.0023139359327935655
LOW_24H_CONTINUE_SHORT,15,2025-08,291,-0.0015324171737275615,-0.0010897616493306776,-0.0013832917541816401,-0.001500930214715853,0.3642611683848797,0.3502998367912487,-0.00635233850698309,0.0031204788094468146
LOW_24H_CONTINUE_SHORT,15,2025-09,219,-0.0011684777251220449,-0.001156894243641137,-0.0011205391288191026,-0.0011051917525147523,0.3470319634703196,0.46644313609903887,-0.005844553172714638,0.0034231934159252323
LOW_24H_CONTINUE_SHORT,15,2025-10,265,-0.0014485260099295868,-0.0009331154578176676,-0.000599672498833117,-0.0003858311042597243,0.44528301886792454,0.7175184824684456,-0.008815910525447656,0.007637061810372337
LOW_24H_CONTINUE_SHORT,15,2025-11,403,-0.0012560315138311878,-0.0008117605100084851,-0.0011139702275876468,-0.0012084026987934213,0.4292803970223325,0.5782138594763997,-0.007914429633997709,0.005713561336415141
LOW_24H_CONTINUE_SHORT,15,2025-12,290,-0.00023715623128279804,-0.0007458369850207974,-0.00029948882076290273,-0.0002426077030451199,0.43103448275862066,0.8889931308602443,-0.006772463731730992,0.005960440274359081
LOW_24H_CONTINUE_SHORT,15,2026-01,272,0.0007408974955400267,-0.0008096258274870699,0.0003325272568147238,0.000594572205296126,0.41911764705882354,1.3427105802558994,-0.006171812714552648,0.010861524783628177
LOW_24H_CONTINUE_SHORT,15,2026-02,427,-0.0011566246018024737,-0.0015390583511430515,-0.0011886852268183014,-0.000982613526480667,0.3793911007025761,0.6945604401401885,-0.009888379453064798,0.008394681550077755
LOW_24H_CONTINUE_SHORT,15,2026-03,275,-0.0010098929048144038,-0.001173789304567418,-0.0010790845150705887,-0.001081131195549739,0.3527272727272727,0.5563872496605486,-0.005469635481370249,0.004167734550046576
LOW_24H_CONTINUE_SHORT,15,2026-04,246,-0.0010410926215849874,-0.0012737356765291745,-0.0011823268940507126,-0.0011578133272384852,0.2845528455284553,0.4127352169811966,-0.004700793614650877,0.0026062859007258583
LOW_24H_CONTINUE_SHORT,15,2026-05,164,-0.0011664959777810161,-0.001296803292270065,-0.0011897669455057755,-0.001150131522700759,0.27439024390243905,0.37259961496742283,-0.004487287635621961,0.0027323677046174675
LOW_24H_CONTINUE_SHORT,15,2026-06,393,-0.0007159334341080473,-0.0009593133398174241,-0.0006230345478731255,-0.0005036834456306512,0.4122137404580153,0.7260970081325684,-0.006866797224557096,0.007334803383900603
LOW_24H_CONTINUE_SHORT,15,2026-07,255,-0.0008310137581307229,-0.0010378590444165108,-0.0009153927607417654,-0.0008755984358304181,0.33725490196078434,0.5254849109372395,-0.004487013657319116,0.0033504112581765667
LOW_24H_CONTINUE_SHORT,30,2024-01,254,-0.0014881062695109477,-0.0016131821895351665,-0.0016144968536813118,-0.001487547404145684,0.3858267716535433,0.6883994228709087,-0.011684249629781806,0.010184901630608678
LOW_24H_CONTINUE_SHORT,30,2024-02,117,-0.0023481252504670654,-0.0023029788614368878,-0.002330537524997299,-0.0024075028440704448,0.3162393162393162,0.28041026268654995,-0.009196897747099907,0.003109268965277835
LOW_24H_CONTINUE_SHORT,30,2024-03,218,-0.003772466412296431,-0.0037767245144741494,-0.003952347623508171,-0.003843627882179437,0.3211009174311927,0.38366697470765476,-0.01653095898282968,0.008516567313959235
LOW_24H_CONTINUE_SHORT,30,2024-04,269,-0.0016268377149299886,-0.00173369092539628,-0.0017772241699137135,-0.0016531543139052137,0.379182156133829,0.6235864501249635,-0.010319567002124929,0.008313882856755765
LOW_24H_CONTINUE_SHORT,30,2024-05,191,-0.001733402816435186,-0.0024414760789238203,-0.001875996266942786,-0.0017085479759523469,0.3298429319371728,0.4392238739919404,-0.007370106927010522,0.004275343154826406
LOW_24H_CONTINUE_SHORT,30,2024-06,278,-0.0015192005302458948,-0.001853287538218184,-0.001698332767002388,-0.0016657085666333487,0.3345323741007194,0.5765988027703826,-0.009598182574149837,0.006304801655453366
LOW_24H_CONTINUE_SHORT,30,2024-07,271,-0.0006843166314547539,-0.0017266629111237324,-0.001266494991739248,-0.0011164365128521559,0.3800738007380074,0.8127602749707559,-0.01013830472989714,0.007722413854163102
LOW_24H_CONTINUE_SHORT,30,2024-08,321,0.000990394166478344,-0.0012413884172797866,-0.00033135197373152707,-0.00012487049428627404,0.4392523364485981,1.2499574952773327,-0.011015789223100713,0.012781049761417852
LOW_24H_CONTINUE_SHORT,30,2024-09,285,-0.0021627462993232343,-0.0020446464210768893,-0.002119186644497193,-0.0021296974624039834,0.32280701754385965,0.36666381254581704,-0.008741964787365063,0.004816536354396006
LOW_24H_CONTINUE_SHORT,30,2024-10,280,-0.002008272541268422,-0.0021773253300368493,-0.0020088846811098906,-0.0019646932637540537,0.3392857142857143,0.46166258624595213,-0.009389279308649877,0.006231587313684595
LOW_24H_CONTINUE_SHORT,30,2024-11,210,-0.002939489061697788,-0.0025832592178730122,-0.002893438185665549,-0.0029125307910147923,0.3333333333333333,0.3633483850294086,-0.013171317698281903,0.007365325076654559
LOW_24H_CONTINUE_SHORT,30,2024-12,379,-0.002189897592026536,-0.0018179232991560428,-0.0017791747630655445,-0.0017373211241013605,0.38786279683377306,0.5177572116940699,-0.010883184366516006,0.008476026026167193
LOW_24H_CONTINUE_SHORT,30,2025-01,373,-0.0017467644185503132,-0.0014944988321821777,-0.001361159788969813,-0.0013617904949941256,0.3753351206434316,0.5240346369142891,-0.00904559526816786,0.006919531351599131
LOW_24H_CONTINUE_SHORT,30,2025-02,467,-0.0008597211040982687,-0.0013095378744452761,-0.001067337330999235,-0.0009889620897146555,0.4197002141327623,0.7523045110407799,-0.009472269053924197,0.007974300617570408
LOW_24H_CONTINUE_SHORT,30,2025-03,372,-0.000455676788677863,-0.0010454045958121043,-0.0005366892782043708,-0.0004803145739356081,0.41935483870967744,0.8611686122931435,-0.008484341767172365,0.01003069885310403
LOW_24H_CONTINUE_SHORT,30,2025-04,323,0.0005884693860031366,-0.000611146594436795,0.00035239569000971736,0.0004234075219752865,0.46439628482972134,1.1835662072303608,-0.009177447554306871,0.012047199547125721
LOW_24H_CONTINUE_SHORT,30,2025-05,254,-0.0011822031182942344,-0.0014323072022886622,-0.0014418409941856288,-0.001419317945325822,0.3661417322834646,0.5677225834787065,-0.007755497036710057,0.00459121676644605
LOW_24H_CONTINUE_SHORT,30,2025-06,293,-0.0003743437361492533,-0.001189823984105786,-0.0010965350985029868,-0.0008555385095224323,0.3651877133105802,0.8535002760792967,-0.007045999575430105,0.005835202545670965
LOW_24H_CONTINUE_SHORT,30,2025-07,244,-0.0024990355063865483,-0.0022608251361927005,-0.0024872607346005096,-0.0025464631221754287,0.28688524590163933,0.2459865350010322,-0.00806295498884062,0.0029889971985656385
LOW_24H_CONTINUE_SHORT,30,2025-08,291,-0.001079417093826764,-0.0011901680413167297,-0.0010564991502235834,-0.0010863029491846028,0.42955326460481097,0.6064249732349211,-0.008047271145901268,0.005279703169823891
LOW_24H_CONTINUE_SHORT,30,2025-09,219,-0.001989327572022562,-0.0018612249016243913,-0.0019195727108629915,-0.0018921479017296465,0.2831050228310502,0.3531637613949214,-0.008724910506974992,0.003874552032136694
LOW_24H_CONTINUE_SHORT,30,2025-10,265,-0.0010829107343954404,-0.0009150740424000542,-9.290541155454816e-05,0.0001569610173545992,0.45660377358490567,0.8231256482303216,-0.010310412367804321,0.010786449945052509
LOW_24H_CONTINUE_SHORT,30,2025-11,403,-0.0011045840897588293,-0.0013846539676001905,-0.001020514276815951,-0.000982295658191892,0.4218362282878412,0.7122093771091316,-0.011063077778349029,0.008648315263313024
LOW_24H_CONTINUE_SHORT,30,2025-12,290,-6.763968471824957e-05,-0.001006642809054558,-0.00026545160577321115,-0.00014796232093526078,0.4413793103448276,0.9753313497172428,-0.008403959300279594,0.009037176241534719
LOW_24H_CONTINUE_SHORT,30,2026-01,272,0.002248127435357175,-0.0006496980060973317,0.0018189794587579542,0.0022206682859736877,0.47058823529411764,1.980912336299206,-0.0065297130548270564,0.015583313559327119
LOW_24H_CONTINUE_SHORT,30,2026-02,427,-0.0016910732611926213,-0.0017055127898149662,-0.0012097953617534437,-0.0012780636859298648,0.405152224824356,0.6690458296633364,-0.01278565789699264,0.010772467086990627
LOW_24H_CONTINUE_SHORT,30,2026-03,275,-0.0014558971656104707,-0.0012008171112712455,-0.0014070084427872302,-0.001444644726721014,0.38545454545454544,0.5025068414644458,-0.008542645028479144,0.004819171183629001
LOW_24H_CONTINUE_SHORT,30,2026-04,246,-0.0012341846973108242,-0.001355043760263585,-0.001311191781710667,-0.0013028687616569706,0.3130081300813008,0.44720654679193506,-0.005712547592589278,0.003749456072593183
LOW_24H_CONTINUE_SHORT,30,2026-05,164,-0.0013526900471817838,-0.0017256484820167943,-0.0015178683978109505,-0.0014916665583185943,0.3170731707317073,0.4236148925495092,-0.00547540892747218,0.003183056548385381
LOW_24H_CONTINUE_SHORT,30,2026-06,393,-0.0013892409708036975,-0.0016056879070150513,-0.0013703547899604318,-0.0012697590589429064,0.37659033078880405,0.6116080978894765,-0.009506498440094257,0.008694559695053446
LOW_24H_CONTINUE_SHORT,30,2026-07,255,-0.0009300604251107842,-0.001090475708124327,-0.000949925955086324,-0.0009093238202124187,0.39215686274509803,0.5702918837417119,-0.005798242132050756,0.003937877181301519
LOW_24H_CONTINUE_SHORT,60,2024-01,254,-0.002866044592393136,-0.0033173471033051787,-0.002678746444251772,-0.0025591025487044453,0.32677165354330706,0.588063953648496,-0.017418126427635825,0.014188468034753786
LOW_24H_CONTINUE_SHORT,60,2024-02,117,-0.0038118976666380974,-0.0036560552108953585,-0.003929413248346602,-0.003920301913549364,0.1452991452991453,0.2017597211875928,-0.011723884325418531,0.002750502252624012
LOW_24H_CONTINUE_SHORT,60,2024-03,218,-0.004715169117504503,-0.005511974380500283,-0.005109209807983684,-0.0048831424504537195,0.2889908256880734,0.40688157427974736,-0.0199636817329027,0.01069316205296524
LOW_24H_CONTINUE_SHORT,60,2024-04,269,-0.00274868187040405,-0.0026708065444428046,-0.0027848084514402755,-0.0028106632306592137,0.3828996282527881,0.5576031479949362,-0.01578181738813937,0.010779106734333027
LOW_24H_CONTINUE_SHORT,60,2024-05,191,-0.0018646522997181633,-0.0030745587681667123,-0.0020689134367941776,-0.0018413677255523068,0.33507853403141363,0.5598536408827253,-0.010715154610302879,0.009010358032946298
LOW_24H_CONTINUE_SHORT,60,2024-06,278,-0.002013140991512949,-0.002232550439675362,-0.0021626226389329555,-0.0021153764464733934,0.3489208633093525,0.5062850840497023,-0.01039508285860977,0.00613969863565053
LOW_24H_CONTINUE_SHORT,60,2024-07,271,-0.0012039016558533689,-0.002487679664835051,-0.0019053372372371316,-0.0016265561855623061,0.3726937269372694,0.7553011135098926,-0.013159949681578697,0.010921790815486655
LOW_24H_CONTINUE_SHORT,60,2024-08,321,0.0011309690796052808,-0.00016261845750116185,0.0004296560154975295,0.001002133806807212,0.48909657320872274,1.2372821804509728,-0.013829301807151872,0.0165317683518456
LOW_24H_CONTINUE_SHORT,60,2024-09,285,-0.003096453417471339,-0.0028395028609267785,-0.002635893956433828,-0.002944217139296728,0.3298245614035088,0.3055155896955246,-0.010323038699711006,0.005637003642577644
LOW_24H_CONTINUE_SHORT,60,2024-10,280,-0.002532914311257867,-0.0022548846959467676,-0.0024928211620897584,-0.0024653865296522773,0.35714285714285715,0.4194597855921845,-0.011818034531201449,0.006657559295933657
LOW_24H_CONTINUE_SHORT,60,2024-11,210,-0.0048066801510810424,-0.004641864070124967,-0.004718321886582826,-0.0047715282891735876,0.2904761904761905,0.24840351960096524,-0.016302729757304044,0.006239535766573279
LOW_24H_CONTINUE_SHORT,60,2024-12,379,-0.0036639341673274264,-0.003083690953391626,-0.003377811335859291,-0.003420761248950046,0.33773087071240104,0.3933774698642428,-0.015753766925220902,0.008315234767837151
LOW_24H_CONTINUE_SHORT,60,2025-01,373,-0.001995499946207952,-0.0008606466934069739,-0.0014958124284861602,-0.0016489590640453465,0.43699731903485256,0.5636000391319415,-0.011940058664108542,0.009185659876593302
LOW_24H_CONTINUE_SHORT,60,2025-02,467,-0.0008575122931345771,-0.0016680019790054727,-0.0010374464372231139,-0.0009557355234590817,0.42398286937901497,0.8136734304928778,-0.012846511103348779,0.01236039549845416
LOW_24H_CONTINUE_SHORT,60,2025-03,372,-0.0017991045033325143,-0.0015511057452301628,-0.0017251901832136772,-0.0017593214123443088,0.3978494623655914,0.6261181496656796,-0.01322108689759478,0.008902725032317265
LOW_24H_CONTINUE_SHORT,60,2025-04,323,0.0008216903464213647,-0.0011052099778970474,0.0004401275059603938,0.0007107513126121155,0.4241486068111455,1.2180188407565167,-0.011176743834718759,0.016465497252528084
LOW_24H_CONTINUE_SHORT,60,2025-05,254,-0.002098877596741398,-0.0018747059933977399,-0.0022629910650737244,-0.0021995533863035416,0.3464566929133858,0.43445697561405167,-0.010773813816598275,0.004967570951516343
LOW_24H_CONTINUE_SHORT,60,2025-06,293,-4.225576198202824e-05,-0.000959738110655261,-0.0007032795989174954,-0.0004720876572735223,0.45051194539249145,0.986674610606283,-0.009555225029797597,0.010120641821746927
LOW_24H_CONTINUE_SHORT,60,2025-07,244,-0.0024987083712289613,-0.002388489796680559,-0.0024594882226958276,-0.002585291332421038,0.3401639344262295,0.3638741607913699,-0.0096957441853029,0.004558164657934585
LOW_24H_CONTINUE_SHORT,60,2025-08,291,-0.001491948313563498,-0.001794230590854328,-0.0015777566992425502,-0.0014872046519984216,0.36769759450171824,0.5662416318767557,-0.008365600044060017,0.0052095182207617
LOW_24H_CONTINUE_SHORT,60,2025-09,219,-0.0026531762478281423,-0.0021956469727032017,-0.00259054407111593,-0.0026510572883348847,0.2557077625570776,0.2818811649672255,-0.009286371772658274,0.002866639018474869
LOW_24H_CONTINUE_SHORT,60,2025-10,265,-0.002707297500154658,-0.00019395167665621157,-0.0007711414939266743,-0.000713085679712155,0.49056603773584906,0.6341991021641381,-0.015958132995593233,0.012956451096787069
LOW_24H_CONTINUE_SHORT,60,2025-11,403,0.00018995272114056687,-0.00010078069402104037,0.00035788396181262626,0.0003020763869887776,0.49379652605459057,1.0483767438603693,-0.011713827826030187,0.01287230382418343
LOW_24H_CONTINUE_SHORT,60,2025-12,290,0.0006667363243225813,-0.0002996905325764015,0.0003910339442151339,0.0005181250979331433,0.4896551724137931,1.228780757025675,-0.009418869947221742,0.012244136402492669
LOW_24H_CONTINUE_SHORT,60,2026-01,272,0.0034212597300539607,-0.00015825326922592694,0.0027658805009874374,0.0032222827826310146,0.4852941176470588,2.3201280398151183,-0.0075705677507770675,0.02071825387754438
LOW_24H_CONTINUE_SHORT,60,2026-02,427,-0.0023037250567536217,-0.0022288539848750004,-0.0017354640018589006,-0.0015469760290653342,0.40749414519906324,0.6621858854676811,-0.018054049227815772,0.016990929995768737
LOW_24H_CONTINUE_SHORT,60,2026-03,275,-0.0018392799825324392,-0.0022509433962264007,-0.0017833275920334382,-0.001727153531773471,0.34545454545454546,0.5178886148993667,-0.009975126962568592,0.007803606085207691
LOW_24H_CONTINUE_SHORT,60,2026-04,246,-0.001418746592629849,-0.0016804972194082828,-0.0013324344827810143,-0.0013059827430550188,0.36585365853658536,0.4847249451188573,-0.006630623134219093,0.00508556571858192
LOW_24H_CONTINUE_SHORT,60,2026-05,164,-0.000717408898540801,-0.0013675447931794198,-0.0009433061651519073,-0.0007922309703634216,0.3902439024390244,0.6951817871325444,-0.006400084213941958,0.00525559851428337
LOW_24H_CONTINUE_SHORT,60,2026-06,393,-0.0022528029705581537,-0.001819661508613079,-0.0019029551107442716,-0.0020161773403124623,0.40458015267175573,0.5652099095991158,-0.014089474826781178,0.010330884217678738
LOW_24H_CONTINUE_SHORT,60,2026-07,255,-0.000979152206113198,-0.0013565095003518872,-0.0011708468464124522,-0.0010433546240173007,0.3568627450980392,0.6056553434068175,-0.006637058628737801,0.00520477443333358
LOW_24H_CONTINUE_SHORT,120,2024-01,254,-0.002361545358689271,-0.0029883979717552737,-0.002305790984703874,-0.0019796696117765824,0.3858267716535433,0.6828627204152752,-0.019199905703849638,0.01635755764226703
LOW_24H_CONTINUE_SHORT,120,2024-02,117,-0.004534657400340152,-0.003632861207516557,-0.0045314633385747805,-0.004590137006766586,0.20512820512820512,0.15914273168056456,-0.014242086128223374,0.0030757014480868004
LOW_24H_CONTINUE_SHORT,120,2024-03,218,-0.006868010182108181,-0.006285590009574248,-0.007038920523065466,-0.00713574028058925,0.3073394495412844,0.3475602298544268,-0.029479045239135155,0.014326905243761756
LOW_24H_CONTINUE_SHORT,120,2024-04,269,-0.002732692996568715,-0.0029813488759365507,-0.0024882142357268025,-0.0026552641086099896,0.41263940520446096,0.6204767658423858,-0.018377331738968182,0.01438965126124788
LOW_24H_CONTINUE_SHORT,120,2024-05,191,-0.0018454097537816642,-0.002093496344407319,-0.0017515141618862234,-0.0014699076027111506,0.3717277486910995,0.5733972265625494,-0.010424744964687548,0.010212919767020701
LOW_24H_CONTINUE_SHORT,120,2024-06,278,-0.0024820424413702215,-0.0022809827624800764,-0.002460821213939926,-0.002515334667213664,0.35251798561151076,0.49949704605899736,-0.012696415738021048,0.007769294031577158
LOW_24H_CONTINUE_SHORT,120,2024-07,271,-0.0013409343243629185,-0.0031060057724546335,-0.002460530819442856,-0.0020232854146585676,0.36162361623616235,0.7640622741546379,-0.014541600185887859,0.011911544426437982
LOW_24H_CONTINUE_SHORT,120,2024-08,321,0.0008124579652110591,-0.0012541291905151068,0.0006032279897261998,0.0008189795385111224,0.46105919003115264,1.1299406392022389,-0.014313162785067734,0.02208503596826299
LOW_24H_CONTINUE_SHORT,120,2024-09,285,-0.0029809875393606478,-0.002696305520963071,-0.0031587928953567546,-0.003154792287734939,0.3719298245614035,0.4602773304559975,-0.015337108335826353,0.008990204650245337
LOW_24H_CONTINUE_SHORT,120,2024-10,280,-0.0030677770240944723,-0.00311262766682514,-0.003038275448090402,-0.002995431800376895,0.34285714285714286,0.426616614671931,-0.013997729035305183,0.008621866448589598
LOW_24H_CONTINUE_SHORT,120,2024-11,210,-0.0059999982280461665,-0.006292180273589975,-0.005997292578966178,-0.0059321424561295365,0.24285714285714285,0.20605239795899147,-0.01721155302954682,0.0058535940291873255
LOW_24H_CONTINUE_SHORT,120,2024-12,379,-0.003262216229203176,-0.003209823257150756,-0.002948564513815356,-0.003207431094099318,0.38522427440633245,0.5271151872420075,-0.018874813800930007,0.012404270690505892
LOW_24H_CONTINUE_SHORT,120,2025-01,373,0.00020147169059087387,-0.00023683135355974047,0.0005069690102520271,0.0004413830644892141,0.4879356568364611,1.0400846047654404,-0.01665036359930212,0.016820159877809382
LOW_24H_CONTINUE_SHORT,120,2025-02,467,-0.00136935477726261,-0.001782008777109722,-0.0014211785623646923,-0.001210645828466546,0.43254817987152033,0.7801920838835766,-0.0178809198948074,0.01732394197613606
LOW_24H_CONTINUE_SHORT,120,2025-03,372,-0.0013246578512221324,-0.0019105216269974072,-0.0015719633762604907,-0.0014774331530701102,0.3978494623655914,0.790228739450071,-0.019062425336882224,0.01731973249579454
LOW_24H_CONTINUE_SHORT,120,2025-04,323,-0.00033686034660955244,-0.0013984913610030729,-0.000775700570581825,-0.0002632623104650107,0.44272445820433437,0.9335469660658435,-0.013544168136499323,0.0172138024856167
LOW_24H_CONTINUE_SHORT,120,2025-05,254,-0.004058308759142496,-0.0032591603024502806,-0.003900822682205691,-0.0040282590081403375,0.2952755905511811,0.25372368575547055,-0.014126566206722679,0.004756719515519083
LOW_24H_CONTINUE_SHORT,120,2025-06,293,0.001052322927400377,-0.00042347150083172855,0.00041063344707745544,0.0008545317370143573,0.4709897610921502,1.2868121727787452,-0.010091497116690572,0.01399951921710785
LOW_24H_CONTINUE_SHORT,120,2025-07,244,-0.0031100718075854654,-0.00294615395466764,-0.0029150297479464487,-0.003044050187245118,0.30327868852459017,0.3977086376356059,-0.01452285509842397,0.00788402666074582
LOW_24H_CONTINUE_SHORT,120,2025-08,291,-0.0030665105627085726,-0.0027632087197627213,-0.002556720440136758,-0.002642787879629672,0.3711340206185567,0.43329995818531797,-0.012828260869565188,0.008009591245574477
LOW_24H_CONTINUE_SHORT,120,2025-09,219,-0.0029993288418658378,-0.002463214534471691,-0.002963360687229213,-0.00311858856302075,0.3105022831050228,0.31268056588776555,-0.0137405499493062,0.004103535562987939
LOW_24H_CONTINUE_SHORT,120,2025-10,265,0.0032660937678682094,0.0014774734500497162,0.00238979277357042,0.003270271435291895,0.5509433962264151,1.4403034298374104,-0.016030631695658725,0.02712691252787709
LOW_24H_CONTINUE_SHORT,120,2025-11,403,0.0016379250367925982,0.001566515426497262,0.001730450748102516,0.0017723344286255213,0.5508684863523573,1.3297214835087376,-0.015328839297134354,0.021175177990606732
LOW_24H_CONTINUE_SHORT,120,2025-12,290,3.4438382384815043e-06,-0.001813834785323442,-0.00023008903543304064,-1.6023068910306073e-05,0.41724137931034483,1.0008446723615998,-0.011712718356437411,0.015463538919336797
LOW_24H_CONTINUE_SHORT,120,2026-01,272,0.0037421267883219513,0.0004862370571319558,0.0031664347211206078,0.003612772609121331,0.5147058823529411,2.2049694776270257,-0.00994183590804114,0.02499767147611955
LOW_24H_CONTINUE_SHORT,120,2026-02,427,-0.0021999288137870623,-0.0016107298494892446,-0.0010293262784518682,-0.001262114998442728,0.4379391100702576,0.7169067426799194,-0.018708472268820418,0.020330257376074672
LOW_24H_CONTINUE_SHORT,120,2026-03,275,-0.001698527491323031,-0.0017258335498398607,-0.0015913040397273245,-0.0015624462021214688,0.38545454545454544,0.6116755767548272,-0.012712021388475247,0.009810550805425101
LOW_24H_CONTINUE_SHORT,120,2026-04,246,-0.001223207484373297,-0.0014822392366508723,-0.0011237770083971776,-0.0010650465576736408,0.35365853658536583,0.6059738040587073,-0.007745146748764541,0.007243973491773404
LOW_24H_CONTINUE_SHORT,120,2026-05,164,-0.0013365069207873928,-0.0012021045956415836,-0.0012059313552866206,-0.001154120051015709,0.42073170731707316,0.573167686789892,-0.009450190029780646,0.005216582983772221
LOW_24H_CONTINUE_SHORT,120,2026-06,393,-0.003516764408959934,-0.0020809329877822906,-0.002984374373098824,-0.003169107799814692,0.3994910941475827,0.5376054099801097,-0.022687843115436146,0.014735290744106845
LOW_24H_CONTINUE_SHORT,120,2026-07,255,-0.00154192468707453,-0.001608255088537302,-0.001467006222415426,-0.0014403973403295859,0.38823529411764707,0.530856452081121,-0.010080405049078655,0.0065178473358417964
LOW_24H_REVERSE_LONG,5,2024-01,254,-0.0004217685030139013,0.00026801350863596754,0.00011784012017899306,0.00011838031617363931,0.5551181102362205,0.8471958019527388,-0.005030073685529168,0.004315104472787181
LOW_24H_REVERSE_LONG,5,2024-02,117,0.0003412866756496776,0.0005701626002060817,0.00035401730366290876,0.0003087798402917863,0.5811965811965812,1.4149558861439901,-0.0026086162807744,0.0033755874434716177
LOW_24H_REVERSE_LONG,5,2024-03,218,0.0006262708626613566,0.0005339395899830907,0.0005333131366779187,0.0005421864483470135,0.536697247706422,1.3414499859258582,-0.005771680186572813,0.007658912557453706
LOW_24H_REVERSE_LONG,5,2024-04,269,0.00025166617533464345,-8.07379902528321e-05,-2.513865301829787e-05,-2.9210519513069265e-05,0.48698884758364314,1.1469088106122733,-0.00470171159640047,0.004657389771335632
LOW_24H_REVERSE_LONG,5,2024-05,191,-0.00017045142279803916,2.2347371857623396e-05,-0.00017975821170273973,-0.00022676332620260632,0.5026178010471204,0.8456210113269391,-0.0037132930771995414,0.002530088655689978
LOW_24H_REVERSE_LONG,5,2024-06,278,-0.00037966369659796987,-0.0004135837832592409,-0.00017736443036361606,-0.00010470323314669382,0.4028776978417266,0.7668353662063419,-0.0035513617136610264,0.0035308343115790135
LOW_24H_REVERSE_LONG,5,2024-07,271,-0.0004299364116234844,-0.00011038394059321663,-0.00021484454454591978,-0.0002533616572795379,0.4944649446494465,0.7395823813517105,-0.004585799228976572,0.00375691532230309
LOW_24H_REVERSE_LONG,5,2024-08,321,-0.0006878720168847772,-0.00038733811113706937,-0.0005153964730032901,-0.0004817823904857154,0.4485981308411215,0.661017898216868,-0.0053598777137108915,0.004033973139542613
LOW_24H_REVERSE_LONG,5,2024-09,285,-8.476336428704621e-05,0.00034539404023596957,0.00028253919452494064,0.0002564516423615024,0.5508771929824562,0.933869173368348,-0.0027511561801093257,0.003157834603732801
LOW_24H_REVERSE_LONG,5,2024-10,280,-0.00018577012092823518,-0.0003086624173410207,-0.00022167073760707208,-0.0002165568370748212,0.475,0.868225768688812,-0.003914286269679911,0.003681415450531488
LOW_24H_REVERSE_LONG,5,2024-11,210,2.0876002236822894e-05,-0.0002813651139216938,-3.844144048156382e-05,-2.35343427114022e-05,0.4666666666666667,1.0153044196538905,-0.004407166748287349,0.004503380562481918
LOW_24H_REVERSE_LONG,5,2024-12,379,0.0005274743128522824,-0.0002647002071898935,0.00014125861095784387,0.00032328429546370354,0.45910290237467016,1.3726430981103397,-0.0037415172493370443,0.004885190686117481
LOW_24H_REVERSE_LONG,5,2025-01,373,-3.03325067055038e-05,-0.00040157605306407826,-0.0002103619273829739,-0.00014307592380743164,0.43699731903485256,0.9757796197060536,-0.0037592383106386457,0.003787874454688579
LOW_24H_REVERSE_LONG,5,2025-02,467,-0.00040351227716547224,-0.0006,-0.000273128880931822,-0.00022254641625112797,0.3961456102783726,0.7803326654730628,-0.004198582484925683,0.004843541932115494
LOW_24H_REVERSE_LONG,5,2025-03,372,-0.0007567762077111197,-0.0007792317189207581,-0.0006967212351322631,-0.0007134000356646856,0.3736559139784946,0.5743119028134354,-0.005148057989755971,0.0034565956097028865
LOW_24H_REVERSE_LONG,5,2025-04,323,-0.0008326844779224744,-0.0006685048809726529,-0.0008208803469572775,-0.00086854747961226,0.3684210526315789,0.5005506408289154,-0.0047858776719224665,0.0027152242831125282
LOW_24H_REVERSE_LONG,5,2025-05,254,-7.25771417036656e-05,-3.744590302152625e-05,-1.1728563495088976e-05,-5.939834680500913e-05,0.484251968503937,0.9329497599814367,-0.003668990873086974,0.003313320788931985
LOW_24H_REVERSE_LONG,5,2025-06,293,-0.0005821763401283638,-0.0005331461425324807,-0.0004590407761303175,-0.0005384614437598104,0.4129692832764505,0.5745556856248079,-0.0032472175912980675,0.002376870853908854
LOW_24H_REVERSE_LONG,5,2025-07,244,-0.000251554897393621,-0.00035130932371958354,-0.00021351448651226772,-0.00021291335566052229,0.42213114754098363,0.7729499260823808,-0.003064458965736815,0.002616014778867705
LOW_24H_REVERSE_LONG,5,2025-08,291,0.00012818114593427088,-0.00018069813760097583,1.3248601683771594e-05,2.8252052839261964e-05,0.4639175257731959,1.1393211921373403,-0.0028484609465178716,0.003118100388710566
LOW_24H_REVERSE_LONG,5,2025-09,219,-0.0006955394475478176,-0.0005511933232465565,-0.0005588065001881116,-0.0005768363801721217,0.3698630136986301,0.5184147248658629,-0.003583712453965159,0.0021816136870838735
LOW_24H_REVERSE_LONG,5,2025-10,265,-0.0006736497794057657,-0.00027179602591871296,-0.0004121473194115827,-0.000571679035941996,0.4490566037735849,0.8276419345068987,-0.005274140117049963,0.004523250948786539
LOW_24H_REVERSE_LONG,5,2025-11,403,-0.00020077854998691501,-0.0005610815438952915,-0.0004011185985332176,-0.0002823407995664406,0.4094292803970223,0.8632153859243757,-0.004147390868848387,0.0037105590961410647
LOW_24H_REVERSE_LONG,5,2025-12,290,-0.0011313413178249345,-0.0010390478634208049,-0.0011164048108235063,-0.0010974202360463294,0.33448275862068966,0.41446465687553574,-0.005088510108746857,0.002959359342086492
LOW_24H_REVERSE_LONG,5,2026-01,272,-0.001110843434736101,-0.0005944503024584818,-0.0008932379621875038,-0.0009694880126983186,0.39705882352941174,0.42895327854466764,-0.00618994766588019,0.002507507497207518
LOW_24H_REVERSE_LONG,5,2026-02,427,-0.0008190946050008143,-0.0003820327956810082,-0.0005682887277179277,-0.0006647816053626997,0.45901639344262296,0.6556538836572948,-0.006144501372426058,0.0047722972116502485
LOW_24H_REVERSE_LONG,5,2026-03,275,-0.0005374066288702688,-0.000435634451019084,-0.00041276061543793306,-0.00044274468269436557,0.4218181818181818,0.6090393361376717,-0.0033388109944577408,0.0028969226989828956
LOW_24H_REVERSE_LONG,5,2026-04,246,-0.0003877216850982143,-0.00026325316364978976,-0.0002794748121731048,-0.00033349821344561177,0.42276422764227645,0.6099247668310842,-0.0030182140846537024,0.0023722411829791186
LOW_24H_REVERSE_LONG,5,2026-05,164,-0.00035138916626727406,-0.00010387013130159714,-0.00020453455641420172,-0.000299292245368621,0.4878048780487805,0.670417331356829,-0.0032210562186685268,0.0024592882204307813
LOW_24H_REVERSE_LONG,5,2026-06,393,-0.0004757538008379248,-0.0004155688282945874,-0.00048678291261018615,-0.0004456952690165267,0.4300254452926209,0.7114146169561402,-0.004928761572340567,0.003508671889669458
LOW_24H_REVERSE_LONG,5,2026-07,255,-0.0005785915350709509,-0.0005740154134453273,-0.0005297728936475636,-0.0005650335679781263,0.3764705882352941,0.4679523686778997,-0.002898306911803416,0.0018774400191565517
LOW_24H_REVERSE_LONG,15,2024-01,254,-0.0010668342356892615,0.00043936045609098754,0.0002353572202642506,-0.00018484835315411868,0.5433070866141733,0.7649121321880318,-0.008012260310077278,0.008487621112503476
LOW_24H_REVERSE_LONG,15,2024-02,117,0.00039350235003758084,-8.932219127217808e-05,0.0003434148579407878,0.00034379419225248506,0.49572649572649574,1.297331294569292,-0.00360950091108636,0.005368545403933989
LOW_24H_REVERSE_LONG,15,2024-03,218,0.001705943515115718,0.0016133633857477354,0.0018369402201966754,0.0019274849744192793,0.591743119266055,1.621641466691448,-0.00909645255288527,0.012125914678917842
LOW_24H_REVERSE_LONG,15,2024-04,269,-0.000772938075876231,0.000543230442593346,0.00011109972832079025,-7.315289839805851e-05,0.5539033457249071,0.7785234482412816,-0.008146114251525427,0.007349804363348048
LOW_24H_REVERSE_LONG,15,2024-05,191,0.00039989777865654785,7.192722511277841e-05,0.0003802497848104207,0.00035983557550974525,0.5130890052356021,1.2713903788876961,-0.004669915813666114,0.004987492612690204
LOW_24H_REVERSE_LONG,15,2024-06,278,-0.00039197187700831646,0.0004289119904397515,0.00024107044032313992,0.00018388759319102422,0.5539568345323741,0.8267048343868552,-0.004458936006906865,0.005238257363441016
LOW_24H_REVERSE_LONG,15,2024-07,271,-0.0005571198869611503,0.00034301495352300263,-6.366995430689993e-05,-0.00013264398807293098,0.5424354243542435,0.7923258810567949,-0.007186644711184086,0.006449352467623393
LOW_24H_REVERSE_LONG,15,2024-08,321,-0.0014501343562408962,-6.834527784278452e-05,-0.0005658507923809029,-0.0006010381300860434,0.4984423676012461,0.6344872173004199,-0.009927539541078789,0.008026775587466495
LOW_24H_REVERSE_LONG,15,2024-09,285,0.0004336030068101547,0.000352575633687669,0.0005756804776028749,0.0005651737611411099,0.5368421052631579,1.2982494267356213,-0.004580531094378903,0.005615408281145771
LOW_24H_REVERSE_LONG,15,2024-10,280,-6.410594905844065e-05,0.0002704451807008962,0.00014806751731206926,5.353975680745675e-06,0.5392857142857143,0.9672765982972182,-0.005540091419969549,0.005574840067983101
LOW_24H_REVERSE_LONG,15,2024-11,210,0.0006865731636460834,0.0003829581651217279,0.0005259976657380942,0.0005759535304396702,0.5142857142857142,1.347986905243717,-0.0061011988944374975,0.008258426656789464
LOW_24H_REVERSE_LONG,15,2024-12,379,0.00021026539112191744,-0.0001013147157494337,0.0002020478865953025,0.00018228977857983133,0.48812664907651715,1.0777333782675793,-0.006817011937484028,0.0076566868466787725
LOW_24H_REVERSE_LONG,15,2025-01,373,0.0004286374589158119,-0.00010394013266063981,-1.1937920829841271e-05,9.561684093519129e-05,0.4906166219839142,1.2270611080968783,-0.005639307127039282,0.0060475634149286936
LOW_24H_REVERSE_LONG,15,2025-02,467,-0.0008162751913651484,-0.0002908045266217346,-0.00031070909520803644,-0.00028926753774337425,0.45610278372591007,0.7121183267472034,-0.006787073181149127,0.006404995714665133
LOW_24H_REVERSE_LONG,15,2025-03,372,-0.0006340629504861539,-0.0006184267523926084,-0.0006821402465849518,-0.0006597116826932855,0.45698924731182794,0.7371610620349952,-0.006560800563079038,0.005331288952091143
LOW_24H_REVERSE_LONG,15,2025-04,323,-0.0014069392331537269,-0.0007821161901293111,-0.0013313773730388475,-0.001366755373623565,0.39628482972136225,0.548020158950079,-0.009692561348424332,0.006265442156247964
LOW_24H_REVERSE_LONG,15,2025-05,254,-0.00013039166190153664,0.00021404759999614834,-3.28502109058109e-05,-0.00012545082669029428,0.531496062992126,0.9187332841698748,-0.005070110240879876,0.004917515896411518
LOW_24H_REVERSE_LONG,15,2025-06,293,-0.0009634571950692014,-0.00017549839632719996,-0.0005079612154656515,-0.000769509181210039,0.4778156996587031,0.5694109148597865,-0.006650772172457485,0.0042952487302844195
LOW_24H_REVERSE_LONG,15,2025-07,244,0.0003383245512324627,6.210881880846012e-05,0.00028862495630517325,0.0003318294476128572,0.5040983606557377,1.283272861081394,-0.003513935932793565,0.004961192828543172
LOW_24H_REVERSE_LONG,15,2025-08,291,0.0003324171737275616,-0.00011023835066932216,0.00018329175418163948,0.0003009302147158533,0.49140893470790376,1.2461985338965276,-0.004320478809446814,0.00515233850698309
LOW_24H_REVERSE_LONG,15,2025-09,219,-3.152227487795515e-05,-4.310575635886268e-05,-7.946087118089759e-05,-9.480824748524755e-05,0.4931506849315068,0.979195682050633,-0.00462319341592523,0.004644553172714643
LOW_24H_REVERSE_LONG,15,2025-10,265,0.0002485260099295862,-0.00026688454218233234,-0.0006003275011668841,-0.0008141688957402776,0.46037735849056605,1.0583536119470713,-0.008837061810372337,0.007615910525447655
LOW_24H_REVERSE_LONG,15,2025-11,403,5.603151383118802e-05,-0.0003882394899915148,-8.602977241235417e-05,8.402698793421452e-06,0.4640198511166253,1.0244644626651565,-0.006913561336415141,0.00671442963399771
LOW_24H_REVERSE_LONG,15,2025-12,290,-0.000962843768717202,-0.0004541630149792025,-0.0009005111792370988,-0.0009573922969548797,0.44482758620689655,0.6121689893990788,-0.00716044027435908,0.005572463731730994
LOW_24H_REVERSE_LONG,15,2026-01,272,-0.0019408974955400268,-0.00039037417251293,-0.0015325272568147252,-0.0017945722052961257,0.4485294117647059,0.4431256541138161,-0.012061524783628173,0.004971812714552649
LOW_24H_REVERSE_LONG,15,2026-02,427,-4.337539819752677e-05,0.00033905835114305175,-1.131477318170027e-05,-0.0002173864735193332,0.5269320843091335,0.9862354907486166,-0.009594681550077743,0.0086883794530648
LOW_24H_REVERSE_LONG,15,2026-03,275,-0.00019010709518559583,-2.621069543258189e-05,-0.00012091548492941244,-0.00011886880445026045,0.49818181818181817,0.8933748365457841,-0.005367734550046576,0.004269635481370248
LOW_24H_REVERSE_LONG,15,2026-04,246,-0.00015890737841501201,7.37356765291747e-05,-1.7673105949286838e-05,-4.218667276151419e-05,0.516260162601626,0.8656815232904249,-0.003806285900725858,0.0035007936146508774
LOW_24H_REVERSE_LONG,15,2026-05,164,-3.350402221898369e-05,9.680329227006515e-05,-1.0233054494224143e-05,-4.986847729924078e-05,0.5121951219512195,0.970897097502556,-0.003932367704617467,0.003287287635621962
LOW_24H_REVERSE_LONG,15,2026-06,393,-0.0004840665658919527,-0.00024068666018257575,-0.0005769654521268756,-0.0006963165543693486,0.4707379134860051,0.8029780928859935,-0.008534803383900601,0.005666797224557099
LOW_24H_REVERSE_LONG,15,2026-07,255,-0.00036898624186927685,-0.00016214095558348904,-0.0002846072392582351,-0.0003244015641695817,0.47843137254901963,0.7426313356714781,-0.004550411258176567,0.0032870136573191163
LOW_24H_REVERSE_LONG,30,2024-01,254,0.0002881062695109469,0.00041318218953516675,0.0004144968536813087,0.0002875474041456829,0.5236220472440944,1.075665013363029,-0.011384901630608667,0.010484249629781806
LOW_24H_REVERSE_LONG,30,2024-02,117,0.0011481252504670655,0.001102978861436888,0.0011305375249972978,0.0012075028440704445,0.6068376068376068,1.8540098321504772,-0.004309268965277834,0.007996897747099909
LOW_24H_REVERSE_LONG,30,2024-03,218,0.0025724664122964295,0.0025767245144741498,0.002752347623508167,0.0026436278821794345,0.6376146788990825,1.9347041093478572,-0.00971656731395922,0.015330958982829681
LOW_24H_REVERSE_LONG,30,2024-04,269,0.0004268377149299876,0.0005336909253962802,0.0005772241699137108,0.00045315431390521355,0.5539033457249071,1.133471438545247,-0.009513882856755761,0.009119567002124936
LOW_24H_REVERSE_LONG,30,2024-05,191,0.0005334028164351864,0.0012414760789238206,0.0006759962669427856,0.0005085479759523473,0.5916230366492147,1.2960466464421596,-0.005475343154826406,0.006170106927010522
LOW_24H_REVERSE_LONG,30,2024-06,278,0.00031920053024589435,0.0006532875382181841,0.0004983327670023862,0.0004657085666333481,0.5755395683453237,1.126442333163974,-0.007504801655453362,0.008398182574149841
LOW_24H_REVERSE_LONG,30,2024-07,271,-0.0005156833685452458,0.0005266629111237326,6.649499173924486e-05,-8.35634871478435e-05,0.5276752767527675,0.8521928525046113,-0.008922413854163102,0.00893830472989714
LOW_24H_REVERSE_LONG,30,2024-08,321,-0.002190394166478344,4.1388417279786846e-05,-0.0008686480262684745,-0.0010751295057137259,0.5046728971962616,0.6030275194362493,-0.013981049761417851,0.009815789223100713
LOW_24H_REVERSE_LONG,30,2024-09,285,0.0009627462993232345,0.0008446464210768895,0.0009191866444971915,0.000929697462403984,0.5719298245614035,1.5657434582946497,-0.006016536354396007,0.007541964787365064
LOW_24H_REVERSE_LONG,30,2024-10,280,0.0008082725412684223,0.0009773253300368497,0.0008088846811098891,0.0007646932637540543,0.5821428571428572,1.3709805790048892,-0.007431587313684595,0.008189279308649875
LOW_24H_REVERSE_LONG,30,2024-11,210,0.001739489061697788,0.0013832592178730126,0.0016934381856655455,0.0017125307910147922,0.5952380952380952,1.8159222042096452,-0.00856532507665456,0.011971317698281903
LOW_24H_REVERSE_LONG,30,2024-12,379,0.0009898975920265352,0.000617923299156043,0.000579174763065542,0.0005373211241013585,0.5408970976253298,1.3463523689001817,-0.009676026026167194,0.009683184366516003
LOW_24H_REVERSE_LONG,30,2025-01,373,0.0005467644185503128,0.0002944988321821779,0.00016115978896981173,0.00016179049499412515,0.517426273458445,1.224010703774963,-0.00811953135159913,0.007845595268167863
LOW_24H_REVERSE_LONG,30,2025-02,467,-0.0003402788959017317,0.00010953787444527633,-0.0001326626690007679,-0.00021103791028534457,0.5010706638115632,0.8922010888104424,-0.009174300617570408,0.008272269053924199
LOW_24H_REVERSE_LONG,30,2025-03,372,-0.0007443232113221371,-0.0001545954041878955,-0.0006633107217956302,-0.0007196854260643918,0.489247311827957,0.7804623676142932,-0.011230698853104026,0.00728434176717237
LOW_24H_REVERSE_LONG,30,2025-04,323,-0.0017884693860031374,-0.000588853405563205,-0.001552395690009719,-0.0016234075219752882,0.44891640866873067,0.5933042703071975,-0.01324719954712572,0.007977447554306872
LOW_24H_REVERSE_LONG,30,2025-05,254,-1.7796881705765636e-05,0.00023230720228866245,0.00024184099418562746,0.00021931794532582176,0.5118110236220472,0.991390035437273,-0.005791216766446049,0.006555497036710057
LOW_24H_REVERSE_LONG,30,2025-06,293,-0.0008256562638507465,-1.0176015894213766e-05,-0.00010346490149701548,-0.00034446149047756786,0.49829351535836175,0.6943840795977531,-0.007035202545670958,0.005845999575430107
LOW_24H_REVERSE_LONG,30,2025-07,244,0.0012990355063865486,0.0010608251361927008,0.0012872607346005084,0.0013464631221754288,0.610655737704918,2.069893623542341,-0.004188997198565635,0.006862954988840622
LOW_24H_REVERSE_LONG,30,2025-08,291,-0.0001205829061732361,-9.831958683270106e-06,-0.00014350084977641806,-0.00011369705081539698,0.49828178694158076,0.9455693120615273,-0.006479703169823891,0.006847271145901269
LOW_24H_REVERSE_LONG,30,2025-09,219,0.0007893275720225617,0.0006612249016243915,0.000719572710862991,0.0006921479017296464,0.5707762557077626,1.5151442626238547,-0.005074552032136691,0.0075249105069749925
LOW_24H_REVERSE_LONG,30,2025-10,265,-0.00011708926560456035,-0.00028492595759994574,-0.0011070945884454556,-0.0013569610173546018,0.4867924528301887,0.9791890909273677,-0.01198644994505251,0.00911041236780432
LOW_24H_REVERSE_LONG,30,2025-11,403,-9.54159102411711e-05,0.00018465396760019074,-0.0001794857231840508,-0.00021770434180810855,0.5062034739454094,0.9708857499484695,-0.009848315263313022,0.009863077778349029
LOW_24H_REVERSE_LONG,30,2025-12,290,-0.0011323603152817508,-0.00019335719094544176,-0.0009345483942267905,-0.0010520376790647385,0.4689655172413793,0.6514250514034151,-0.010237176241534716,0.0072039593002796
LOW_24H_REVERSE_LONG,30,2026-01,272,-0.003448127435357176,-0.0005503019939026682,-0.003018979458757956,-0.0034206682859736883,0.44485294117647056,0.32940348595866087,-0.016783313559327117,0.005329713054827058
LOW_24H_REVERSE_LONG,30,2026-02,427,0.0004910732611926199,0.0005055127898149664,9.795361753442098e-06,7.806368592986342e-05,0.5269320843091335,1.1246238656236471,-0.011972467086990622,0.011585657896992648
LOW_24H_REVERSE_LONG,30,2026-03,275,0.00025589716561047097,8.171112712457599e-07,0.00020700844278722863,0.00024464472672101445,0.5018181818181818,1.1284356044310893,-0.006019171183629001,0.0073426450284791445
LOW_24H_REVERSE_LONG,30,2026-04,246,3.418469731082448e-05,0.00015504376026358516,0.00011119178171066689,0.00010286876165697076,0.5365853658536586,1.0237107271509882,-0.004949456072593183,0.004512547592589278
LOW_24H_REVERSE_LONG,30,2026-05,164,0.000152690047181784,0.0005256484820167945,0.0003178683978109509,0.0002916665583185943,0.5609756097560976,1.1055547639218273,-0.004383056548385377,0.0042754089274721855
LOW_24H_REVERSE_LONG,30,2026-06,393,0.00018924097080369765,0.00040568790701505156,0.00017035478996043003,6.975905894290571e-05,0.5292620865139949,1.0702689972472517,-0.009894559695053437,0.008306498440094257
LOW_24H_REVERSE_LONG,30,2026-07,255,-0.00026993957488921546,-0.00010952429187567278,-0.0002500740449136765,-0.0002906761797875813,0.48627450980392156,0.8484187173601238,-0.005137877181301519,0.004598242132050756
LOW_24H_REVERSE_LONG,60,2024-01,254,0.0016660445923931337,0.002117347103305179,0.0014787464442517695,0.0013591025487044443,0.6220472440944882,1.3691684379582982,-0.015388468034753742,0.016218126427635832
LOW_24H_REVERSE_LONG,60,2024-02,117,0.0026118976666380973,0.002456055210895359,0.0027294132483466,0.002720301913549362,0.7094017094017094,3.0973043556130664,-0.00395050225262401,0.010523884325418531
LOW_24H_REVERSE_LONG,60,2024-03,218,0.0035151691175045003,0.004311974380500284,0.003909209807983687,0.0036831424504537172,0.6697247706422018,1.976285113998449,-0.011893162052965232,0.01876368173290271
LOW_24H_REVERSE_LONG,60,2024-04,269,0.0015486818704040489,0.001470806544442805,0.001584808451440274,0.0016106632306592127,0.5836431226765799,1.3931348641221224,-0.011979106734333021,0.014581817388139398
LOW_24H_REVERSE_LONG,60,2024-05,191,0.0006646522997181643,0.0018745587681667127,0.0008689134367941757,0.0006413677255523073,0.6230366492146597,1.2370897769464335,-0.010210358032946298,0.009515154610302879
LOW_24H_REVERSE_LONG,60,2024-06,278,0.0008131409915129488,0.0010325504396753622,0.0009626226389329535,0.0009153764464733925,0.5935251798561151,1.3225674946638977,-0.007339698635650525,0.009195082858609776
LOW_24H_REVERSE_LONG,60,2024-07,271,3.9016558533690354e-06,0.0012876796648350515,0.0007053372372371286,0.00042655618556230665,0.5830258302583026,1.0009321940629983,-0.012121790815486654,0.011959949681578697
LOW_24H_REVERSE_LONG,60,2024-08,321,-0.0023309690796052807,-0.001037381542498838,-0.0016296560154975318,-0.0022021338068072124,0.45794392523364486,0.6422868287883626,-0.0177317683518456,0.012629301807151872
LOW_24H_REVERSE_LONG,60,2024-09,285,0.0018964534174713394,0.0016395028609267788,0.0014358939564338257,0.0017442171392967284,0.6,2.0540343613927976,-0.006837003642577643,0.009123038699711004
LOW_24H_REVERSE_LONG,60,2024-10,280,0.001332914311257867,0.001054884695946768,0.0012928211620897552,0.0012653865296522774,0.5821428571428572,1.5798601982399736,-0.007857559295933658,0.010618034531201448
LOW_24H_REVERSE_LONG,60,2024-11,210,0.0036066801510810406,0.0034418640701249677,0.0035183218865828233,0.0035715282891735844,0.6666666666666666,2.8318991244756093,-0.0074395357665732785,0.015102729757304045
LOW_24H_REVERSE_LONG,60,2024-12,379,0.0024639341673274254,0.0018836909533916264,0.002177811335859289,0.002220761248950044,0.6068601583113457,1.8743865402698863,-0.009515234767837152,0.0145537669252209
LOW_24H_REVERSE_LONG,60,2025-01,373,0.0007954999462079514,-0.00033935330659302595,0.0002958124284861582,0.0004489590640453456,0.47989276139410186,1.2529298982186745,-0.0103856598765933,0.010740058664108544
LOW_24H_REVERSE_LONG,60,2025-02,467,-0.0003424877068654235,0.00046800197900547294,-0.00016255356277688788,-0.0002442644765409188,0.5267665952890792,0.9202002560559899,-0.013560395498454158,0.01164651110334878
LOW_24H_REVERSE_LONG,60,2025-03,372,0.0005991045033325135,0.00035110574523016305,0.0005251901832136755,0.0005593214123443085,0.532258064516129,1.1695438295580078,-0.01010272503231726,0.012021086897594783
LOW_24H_REVERSE_LONG,60,2025-04,323,-0.002021690346421367,-9.479002210295237e-05,-0.0016401275059603963,-0.0019107513126121183,0.49226006191950467,0.6067985899040809,-0.017665497252528084,0.009976743834718764
LOW_24H_REVERSE_LONG,60,2025-05,254,0.0008988775967413979,0.0006747059933977401,0.001062991065073722,0.000999553386303541,0.5433070866141733,1.4300393401230962,-0.006167570951516343,0.009573813816598277
LOW_24H_REVERSE_LONG,60,2025-06,293,-0.0011577442380179715,-0.00024026188934473888,-0.0004967204010825075,-0.0007279123427264772,0.4948805460750853,0.6873711329950631,-0.011320641821746923,0.0083552250297976
LOW_24H_REVERSE_LONG,60,2025-07,244,0.0012987083712289614,0.0011884897966805592,0.001259488222695825,0.001385291332421038,0.569672131147541,1.6864580999696719,-0.005758164657934583,0.008495744185302911
LOW_24H_REVERSE_LONG,60,2025-08,291,0.0002919483135634978,0.0005942305908543283,0.00037775669924254823,0.0002872046519984214,0.5567010309278351,1.1196622567376249,-0.0064095182207617,0.007165600044060017
LOW_24H_REVERSE_LONG,60,2025-09,219,0.001453176247828142,0.000995646972703202,0.0013905440711159296,0.0014510572883348846,0.6118721461187214,2.0263898604084676,-0.004066639018474859,0.008086371772658276
LOW_24H_REVERSE_LONG,60,2025-10,265,0.001507297500154658,-0.0010060483233437882,-0.0004288585060733305,-0.0004869143202878465,0.46037735849056605,1.2838321620676156,-0.01415645109678707,0.014758132995593231
LOW_24H_REVERSE_LONG,60,2025-11,403,-0.0013899527211405677,-0.0010992193059789594,-0.001557883961812629,-0.001502076386988779,0.4491315136476427,0.7073337848042653,-0.01407230382418343,0.010513827826030189
LOW_24H_REVERSE_LONG,60,2025-12,290,-0.0018667363243225817,-0.0009003094674235983,-0.001591033944215137,-0.001718125097933143,0.43448275862068964,0.5562445552545742,-0.013444136402492654,0.008218869947221742
LOW_24H_REVERSE_LONG,60,2026-01,272,-0.004621259730053962,-0.0010417467307740728,-0.003965880500987436,-0.004422282782631017,0.4264705882352941,0.3056462072726275,-0.02191825387754438,0.006370567750777069
LOW_24H_REVERSE_LONG,60,2026-02,427,0.00110372505675362,0.0010288539848750007,0.0005354640018589007,0.0003469760290653316,0.5433255269320844,1.2192442200303293,-0.018190929995768722,0.016854049227815776
LOW_24H_REVERSE_LONG,60,2026-03,275,0.0006392799825324391,0.001050943396226401,0.0005833275920334364,0.000527153531773472,0.5818181818181818,1.262333519889703,-0.009003606085207692,0.008775126962568592
LOW_24H_REVERSE_LONG,60,2026-04,246,0.00021874659262984973,0.00048049721940828297,0.00013243448278101345,0.00010598274305501945,0.540650406504065,1.1198516373230527,-0.0062855657185819196,0.005430623134219093
LOW_24H_REVERSE_LONG,60,2026-05,164,-0.0004825911014591988,0.00016754479317941998,-0.00025669383484809214,-0.0004077690296365787,0.5182926829268293,0.7765681901149374,-0.006455598514283367,0.005200084213941961
LOW_24H_REVERSE_LONG,60,2026-06,393,0.0010528029705581532,0.0006196615086130791,0.00070295511074427,0.0008161773403124602,0.5292620865139949,1.3049439747952425,-0.011530884217678738,0.012889474826781181
LOW_24H_REVERSE_LONG,60,2026-07,255,-0.000220847793886802,0.0001565095003518874,-2.915315358754878e-05,-0.00015664537598269942,0.5294117647058824,0.8899924878976718,-0.006404774433333581,0.0054370586287377995
LOW_24H_REVERSE_LONG,120,2024-01,254,0.0011615453586892681,0.001788397971755274,0.0011057909847038722,0.0007796696117765792,0.562992125984252,1.2084229460432943,-0.017557557642267005,0.017999905703849642
LOW_24H_REVERSE_LONG,120,2024-02,117,0.0033346574003401503,0.0024328612075165575,0.003331463338574779,0.0033901370067665844,0.6923076923076923,3.8938635978357046,-0.004275701448086798,0.013042086128223374
LOW_24H_REVERSE_LONG,120,2024-03,218,0.00566801018210818,0.005085590009574249,0.005838920523065469,0.0059357402805892455,0.6513761467889908,2.396508771807541,-0.015526905243761742,0.02827904523913518
LOW_24H_REVERSE_LONG,120,2024-04,269,0.0015326929965687143,0.001781348875936551,0.0012882142357268026,0.0014552641086099884,0.5650557620817844,1.3081322019302841,-0.015589651261247872,0.017177331738968186
LOW_24H_REVERSE_LONG,120,2024-05,191,0.0006454097537816649,0.0008934963444073191,0.0005515141618862217,0.0002699076027111511,0.5602094240837696,1.2177344034947244,-0.011412919767020701,0.009224744964687549
LOW_24H_REVERSE_LONG,120,2024-06,278,0.0012820424413702207,0.0010809827624800768,0.0012608212139399227,0.001315334667213663,0.5683453237410072,1.4344182487460837,-0.008969294031577157,0.011496415738021055
LOW_24H_REVERSE_LONG,120,2024-07,271,0.00014093432436291874,0.0019060057724546338,0.0012605308194428531,0.0008232854146585678,0.5830258302583026,1.029295100751679,-0.013111544426437981,0.01334160018588786
LOW_24H_REVERSE_LONG,120,2024-08,321,-0.002012457965211059,5.412919051510704e-05,-0.0018032279897262006,-0.0020189795385111235,0.5015576323987538,0.7367795448610619,-0.02328503596826299,0.013113162785067734
LOW_24H_REVERSE_LONG,120,2024-09,285,0.0017809875393606483,0.0014963055209630712,0.0019587928953567527,0.001954792287734939,0.5824561403508772,1.591718020471231,-0.010190204650245336,0.014137108335826353
LOW_24H_REVERSE_LONG,120,2024-10,280,0.0018677770240944722,0.0019126276668251403,0.0018382754480903997,0.0017954318003768955,0.6107142857142858,1.6844260639862627,-0.0098218664485896,0.012797729035305183
LOW_24H_REVERSE_LONG,120,2024-11,210,0.004799998228046163,0.005092180273589975,0.0047972925789661796,0.004732142456129535,0.7142857142857143,3.555160451644602,-0.007053594029187326,0.016011553029546818
LOW_24H_REVERSE_LONG,120,2024-12,379,0.002062216229203175,0.0020098232571507564,0.0017485645138153553,0.0020074310940993143,0.5857519788918206,1.5015262247791956,-0.013604270690505892,0.01767481380093
LOW_24H_REVERSE_LONG,120,2025-01,373,-0.0014014716905908764,-0.0009631686464402594,-0.0017069690102520286,-0.0016413830644892166,0.45308310991957107,0.7603830887157654,-0.01802015987780938,0.015450363599302123
LOW_24H_REVERSE_LONG,120,2025-02,467,0.00016935477726260923,0.0005820087771097221,0.00022117856236469362,1.0645828466545368e-05,0.5160599571734475,1.0313204214851617,-0.01852394197613605,0.0166809198948074
LOW_24H_REVERSE_LONG,120,2025-03,372,0.00012465785122213035,0.0007105216269974074,0.00037196337626048864,0.00027743315307010845,0.5403225806451613,1.0226606783818424,-0.018519732495794538,0.01786242533688224
LOW_24H_REVERSE_LONG,120,2025-04,323,-0.0008631396533904491,0.0001984913610030731,-0.0004242994294181771,-0.0009367376895349907,0.5170278637770898,0.8368182219725573,-0.018413802485616675,0.012344168136499325
LOW_24H_REVERSE_LONG,120,2025-05,254,0.002858308759142496,0.002059160302450281,0.0027008226822056885,0.0028282590081403374,0.6417322834645669,2.6091556506847278,-0.0059567195155190815,0.012926566206722686
LOW_24H_REVERSE_LONG,120,2025-06,293,-0.002252322927400377,-0.0007765284991682713,-0.0016106334470774573,-0.0020545317370143598,0.45733788395904434,0.5780457688952432,-0.015199519217107847,0.008891497116690577
LOW_24H_REVERSE_LONG,120,2025-07,244,0.0019100718075854622,0.0017461539546676404,0.0017150297479464455,0.0018440501872451162,0.610655737704918,1.773347023798755,-0.009084026660745812,0.013322855098423979
LOW_24H_REVERSE_LONG,120,2025-08,291,0.0018665105627085718,0.0015632087197627216,0.001356720440136755,0.0014427878796296712,0.5738831615120275,1.6613232529246575,-0.009209591245574477,0.011628260869565189
LOW_24H_REVERSE_LONG,120,2025-09,219,0.0017993288418658375,0.0012632145344716912,0.0017633606872292107,0.0019185885630207502,0.5981735159817352,2.0007491504522315,-0.005303535562987925,0.012540549949306213
LOW_24H_REVERSE_LONG,120,2025-10,265,-0.004466093767868207,-0.002677473450049716,-0.0035897927735704187,-0.004470271435291899,0.4339622641509434,0.6067487342448208,-0.02832691252787709,0.014830631695658724
LOW_24H_REVERSE_LONG,120,2025-11,403,-0.0028379250367926005,-0.0027665154264972618,-0.0029304507481025146,-0.0029723344286255254,0.40694789081885857,0.610600454304637,-0.02237517799060673,0.014128839297134358
LOW_24H_REVERSE_LONG,120,2025-12,290,-0.001203443838238482,0.0006138347853234422,-0.0009699109645669632,-0.0011839769310896934,0.5413793103448276,0.7386369954655043,-0.016663538919336796,0.010512718356437413
LOW_24H_REVERSE_LONG,120,2026-01,272,-0.004942126788321953,-0.0016862370571319556,-0.004366434721120606,-0.004812772609121332,0.4338235294117647,0.340426183646604,-0.026197671476119542,0.008741835908041142
LOW_24H_REVERSE_LONG,120,2026-02,427,0.00099992881378706,0.00041072984948924477,-0.00017067372154813104,6.211499844272628e-05,0.5175644028103045,1.1633026899314935,-0.021530257376074655,0.01750847226882043
LOW_24H_REVERSE_LONG,120,2026-03,275,0.0004985274913230308,0.0005258335498398609,0.0003913040397273222,0.00036244620212146967,0.5381818181818182,1.1570614261751389,-0.0110105508054251,0.011512021388475246
LOW_24H_REVERSE_LONG,120,2026-04,246,2.320748437329711e-05,0.0002822392366508725,-7.622299160282404e-05,-0.00013495344232635913,0.532520325203252,1.0097712765896274,-0.008443973491773404,0.006545146748764542
LOW_24H_REVERSE_LONG,120,2026-05,164,0.00013650692078739273,2.104595641583859e-06,5.9313552866202546e-06,-4.587994898429128e-05,0.5,1.0581528897134695,-0.006416582983772211,0.008250190029780655
LOW_24H_REVERSE_LONG,120,2026-06,393,0.0023167644089599326,0.0008809329877822908,0.0017843743730988247,0.0019691077998146896,0.544529262086514,1.5027508298508465,-0.015935290744106843,0.021487843115436146
LOW_24H_REVERSE_LONG,120,2026-07,255,0.0003419246870745299,0.0004082550885373021,0.0002670062224154244,0.00024039734032958563,0.5254901960784314,1.1510516017353492,-0.007717847335841797,0.008880405049078654
