hypothesis,minutes,period,samples,mean_return,median_return,trimmed_mean_5,winsorized_mean_5,win_rate,profit_factor,q10,q90
HIGH_CONTINUE_LONG,5,2024-01,1976,-0.0007005641849761787,-0.0006879951287373614,-0.000700400596978369,-0.0006983613722038319,0.32540485829959515,0.44144536497417797,-0.0032179555158777344,0.0018351939223765663
HIGH_CONTINUE_LONG,5,2024-02,2716,-0.000514097292875877,-0.0005989711934156311,-0.0005464791896558937,-0.0005280534633633672,0.34094256259204714,0.4874562817130197,-0.0026192467783450295,0.0016084053560464946
HIGH_CONTINUE_LONG,5,2024-03,2533,-0.0004849668104467141,-0.0005983831720546945,-0.0005362063722267997,-0.0005198667182498355,0.39399921042242403,0.671643192635113,-0.004116220651416169,0.0032645151937056994
HIGH_CONTINUE_LONG,5,2024-04,2481,-0.0005947608784835017,-0.0006650147982546034,-0.000642181268164711,-0.0006091935897429584,0.35147118097541313,0.55496999629145,-0.0035748699858167525,0.0024749636098978962
HIGH_CONTINUE_LONG,5,2024-05,2538,-0.0005554232468487268,-0.0006418387908852069,-0.0006160112267132826,-0.0006136203908917356,0.3215130023640662,0.47121036494414326,-0.002627841207813086,0.0016046935074374394
HIGH_CONTINUE_LONG,5,2024-06,2710,-0.0005644288568043628,-0.0005992229485064054,-0.0006015570020809809,-0.0005981553500070361,0.3114391143911439,0.4264991967819191,-0.0025194192185424946,0.0013205522467345967
HIGH_CONTINUE_LONG,5,2024-07,2829,-0.0005808961154406955,-0.0005948111159733254,-0.0005838125152163318,-0.0005837375434636631,0.35418875927889715,0.47843146165477257,-0.0029078716892690032,0.0017858175158090414
HIGH_CONTINUE_LONG,5,2024-08,2380,-0.0005245910371115607,-0.00063401865449143,-0.0006131284492512296,-0.0005839776098375846,0.35798319327731093,0.5877353113096532,-0.0034476509384426916,0.0022500561676440435
HIGH_CONTINUE_LONG,5,2024-09,2561,-0.0005652201540795651,-0.0006,-0.0005843471468659058,-0.0005732063741787658,0.3354158531823506,0.43599731709786227,-0.0026165772174409734,0.0015514016024750672
HIGH_CONTINUE_LONG,5,2024-10,2737,-0.0005328579079384501,-0.0005486222868616547,-0.000538300860828683,-0.0005293903559668162,0.32188527584947024,0.4470515603821607,-0.0024434878660820826,0.0014962736261566313
HIGH_CONTINUE_LONG,5,2024-11,3056,-0.00042529810095631883,-0.00046611284682258555,-0.0004541467141489647,-0.00042455822390806734,0.39757853403141363,0.637317706972251,-0.0033213742320522092,0.0025092454290099216
HIGH_CONTINUE_LONG,5,2024-12,2700,-0.0005102736122839865,-0.0005148960889653325,-0.0005300643973306777,-0.0005256358897436098,0.39444444444444443,0.5837744588083874,-0.0034597326562951546,0.0023017964720190016
HIGH_CONTINUE_LONG,5,2025-01,2799,-0.0005070154296226116,-0.0005255453800908188,-0.0005057511708255257,-0.0004944822958264854,0.37263308324401573,0.5839069414577798,-0.0031980726695519427,0.0022167219754115628
HIGH_CONTINUE_LONG,5,2025-02,2362,-0.0006053024356490543,-0.0006309470958037016,-0.000640525354135092,-0.0006177001802515332,0.3636748518204911,0.5532988838081654,-0.003755006356920808,0.002446917829653651
HIGH_CONTINUE_LONG,5,2025-03,2306,-0.0006286881212744726,-0.0006488033234530282,-0.0006928898977206375,-0.0006812956028244216,0.3412836079791847,0.5119131504661811,-0.003384262508597701,0.0018570250020430341
HIGH_CONTINUE_LONG,5,2025-04,2294,-0.0005205597128803013,-0.0005833304422912627,-0.0005971438366839218,-0.0005896871238399438,0.3400174367916303,0.5254213285276267,-0.002919821347197903,0.0017919838347377334
HIGH_CONTINUE_LONG,5,2025-05,2992,-0.0006284664268262047,-0.0006166953381511292,-0.0006325132077927931,-0.0006412044321833434,0.3135026737967914,0.4005265705019047,-0.0027116675867291597,0.0014267375046468364
HIGH_CONTINUE_LONG,5,2025-06,2398,-0.0005949684812405866,-0.0006458090520227827,-0.0006193167153387312,-0.0006134861053510819,0.2944120100083403,0.3765777720159794,-0.0023857192655490347,0.0012143754180047332
HIGH_CONTINUE_LONG,5,2025-07,3086,-0.0005544618226706863,-0.000572344226142451,-0.0005813947934362266,-0.0005825754680955377,0.3185353208036293,0.4371232337260289,-0.002637679613638543,0.0015151756430281
HIGH_CONTINUE_LONG,5,2025-08,2969,-0.0006210566355592658,-0.0006829887392865824,-0.000656106194741387,-0.000647774063722828,0.3189626136746379,0.4389925207036154,-0.002839711922726051,0.0016558661585555315
HIGH_CONTINUE_LONG,5,2025-09,2776,-0.0006734993425677607,-0.0006792092752325834,-0.0006723793305707941,-0.00067350753392757,0.2726945244956772,0.3103225063190989,-0.0023839516631389383,0.0010331429056418713
HIGH_CONTINUE_LONG,5,2025-10,2635,-0.0005086265434473223,-0.0006692312077995582,-0.0005580405443003475,-0.0005266800580196958,0.3476280834914611,0.5861787148979066,-0.0031595719255751212,0.002278266594021195
HIGH_CONTINUE_LONG,5,2025-11,2059,-0.0005797472411792147,-0.0006793183712120004,-0.0006336685310693194,-0.0006095283254873417,0.3564837299660029,0.5414153564575968,-0.003468397040914949,0.0022879186981543016
HIGH_CONTINUE_LONG,5,2025-12,2197,-0.000638011836813566,-0.0007120812364802103,-0.0006785795723342131,-0.0006591887106402418,0.29904415111515703,0.42862508601823546,-0.0028162841578281963,0.0015707703605823532
HIGH_CONTINUE_LONG,5,2026-01,2779,-0.0005274922329929777,-0.0006518544050317482,-0.0005935308700097682,-0.0005740047380187554,0.28355523569629365,0.41777468548472746,-0.002232659846401374,0.0011849942486560805
HIGH_CONTINUE_LONG,5,2026-02,1869,-0.00042638456971466886,-0.000652238689017825,-0.0005404004028245118,-0.0005071034626931925,0.37453183520599254,0.660401017596377,-0.0034547449617087877,0.0026205949761988
HIGH_CONTINUE_LONG,5,2026-03,2009,-0.0006655109968045696,-0.000748367242427283,-0.0007230537134474326,-0.000705607167232825,0.3001493280238925,0.4405422486855639,-0.0030746256735883597,0.0018367939500193449
HIGH_CONTINUE_LONG,5,2026-04,2118,-0.0007229495894812702,-0.0007215784630035354,-0.000747421334499783,-0.0007470672319121479,0.24504249291784702,0.2749121335554604,-0.0023780095985314713,0.0008688150797527157
HIGH_CONTINUE_LONG,5,2026-05,2634,-0.0006066057525842183,-0.0006587952660884294,-0.0006396143204501355,-0.0006336119846622345,0.24107820804859528,0.2883004830214177,-0.0019484797559796367,0.0007961552722174815
HIGH_CONTINUE_LONG,5,2026-06,2406,-0.0008083178758397147,-0.0008861639953898875,-0.0008857143368175104,-0.0008711615197985211,0.2822111388196176,0.38630588015373074,-0.0033427456811279226,0.0015716609535363808
HIGH_CONTINUE_LONG,5,2026-07,2637,-0.0006005509689968343,-0.0006520426749935909,-0.0006418015685285943,-0.0006298117351384731,0.2764505119453925,0.3210544866470987,-0.0021435195452528914,0.0009387184585176073
HIGH_CONTINUE_LONG,15,2024-01,1976,-0.00073158116398764,-0.0007107603935691092,-0.0007352801012548543,-0.0007247538414337993,0.3937246963562753,0.6080729610429763,-0.005266624605489722,0.003667509667457592
HIGH_CONTINUE_LONG,15,2024-02,2716,-0.0003916269425853439,-0.0004953856849088772,-0.00044284951923945123,-0.0004122091264042052,0.41421207658321063,0.7326476192408715,-0.004047527292981645,0.0034243226077119056
HIGH_CONTINUE_LONG,15,2024-03,2533,-0.0002683599637762799,-0.0005587977173935993,-0.0003557949006140239,-0.00028555529867157657,0.4500592183181998,0.8790745512525232,-0.006590512064249609,0.006550903693233707
HIGH_CONTINUE_LONG,15,2024-04,2481,-0.000587788168034631,-0.000637282292918217,-0.0006377870795315731,-0.0006212790755624894,0.42241031841999194,0.7020618648257418,-0.005403636301027758,0.004239267196681707
HIGH_CONTINUE_LONG,15,2024-05,2538,-0.00036168080393503217,-0.0004667180739007065,-0.0004528234739527074,-0.0004366251183708615,0.4223798266351458,0.7544491307946863,-0.0041576002791360745,0.003477736499297725
HIGH_CONTINUE_LONG,15,2024-06,2710,-0.0006050277879470475,-0.0006159613964184068,-0.0006460484433581012,-0.0006373208532716983,0.3892988929889299,0.5876540972462438,-0.004117621843435603,0.0027613509891960993
HIGH_CONTINUE_LONG,15,2024-07,2829,-0.0006456253396478355,-0.0006882913851151245,-0.0006691589909355324,-0.0006760774437889352,0.3941322021915871,0.6118929055301546,-0.004689060596000227,0.003228191025396335
HIGH_CONTINUE_LONG,15,2024-08,2380,-0.0008346361991695931,-0.0008856830125684273,-0.0009422195728545757,-0.0009183813643396302,0.3777310924369748,0.5981427839557966,-0.005577229975205577,0.003678840010127304
HIGH_CONTINUE_LONG,15,2024-09,2561,-0.0005873335442052107,-0.0006545144804089403,-0.000638481504876257,-0.0006208689660866712,0.39086294416243655,0.6023386975221253,-0.004072551062284834,0.002919326214468377
HIGH_CONTINUE_LONG,15,2024-10,2737,-0.0005495232705844543,-0.000628320143488747,-0.0005917601601249018,-0.0005705431944523579,0.3843624406284253,0.6016219414117715,-0.0037586215602716236,0.0026657170433008535
HIGH_CONTINUE_LONG,15,2024-11,3056,-0.00021519099872801376,-0.0003025918763997598,-0.00030252771634997253,-0.00029410488518511667,0.46138743455497383,0.8761977868527172,-0.005420606622245871,0.004763674721625134
HIGH_CONTINUE_LONG,15,2024-12,2700,-0.00047436517038328965,-0.00037861575667159583,-0.0005126484596745328,-0.0005197915750937059,0.45296296296296296,0.7517225352861674,-0.0058000690541737945,0.004693260242562225
HIGH_CONTINUE_LONG,15,2025-01,2799,-0.0003841195131928759,-0.00047180682453868913,-0.00043425234429793775,-0.00038348969264905924,0.4255091103965702,0.7853522571032657,-0.004887048057025488,0.004453981464643044
HIGH_CONTINUE_LONG,15,2025-02,2362,-0.0007420427432529787,-0.0006486734832035873,-0.0007304220995695627,-0.0007363802866567413,0.4123624047417443,0.660041296876469,-0.006159162555520969,0.0048148310970111095
HIGH_CONTINUE_LONG,15,2025-03,2306,-0.0008073298887284578,-0.0007788217599437147,-0.000815427861455655,-0.0008253402502160759,0.4111014744145707,0.6054871967053435,-0.0055698893501399775,0.0037785787328453065
HIGH_CONTINUE_LONG,15,2025-04,2294,-0.00044875951588371077,-0.0006791213140117763,-0.0005913117385593027,-0.000550271567181022,0.3870967741935484,0.7290404914314499,-0.004514422477000512,0.0035875980947317546
HIGH_CONTINUE_LONG,15,2025-05,2992,-0.0006385722098677359,-0.0006667223628575408,-0.000660396641627399,-0.0006542169673708121,0.39004010695187163,0.5775711329474772,-0.004109042245301419,0.0027442197111446917
HIGH_CONTINUE_LONG,15,2025-06,2398,-0.0006371451252807535,-0.0007056989282167686,-0.0006605747829284957,-0.0006364325921610356,0.35904920767306087,0.5445687311026571,-0.003761004444297266,0.0026916156651271045
HIGH_CONTINUE_LONG,15,2025-07,3086,-0.00044541939789070027,-0.0005565914262956711,-0.000515506940894385,-0.000496993041472035,0.3917692806221646,0.6734246129078312,-0.003837642252009787,0.002980900427652689
HIGH_CONTINUE_LONG,15,2025-08,2969,-0.0006704369038581997,-0.0006695300735169546,-0.0006860733012785098,-0.0006971959498297372,0.3923880094307848,0.5766536155010685,-0.004347259980176398,0.003032467426655418
HIGH_CONTINUE_LONG,15,2025-09,2776,-0.0007143727358885759,-0.0007160998043031602,-0.0007319397924450332,-0.0007270372134219673,0.34329971181556196,0.45768787080519574,-0.0035849951876298462,0.002078899859137607
HIGH_CONTINUE_LONG,15,2025-10,2635,-0.0007093477848184887,-0.0006734973867596577,-0.000679485019032177,-0.0006513856392546334,0.39962049335863375,0.6309753047103132,-0.0051973806996465696,0.0039366439503955904
HIGH_CONTINUE_LONG,15,2025-11,2059,-0.0006269047308164817,-0.0007965426363514932,-0.0006762512919388228,-0.0006599684841059611,0.4040796503156872,0.6861960234830033,-0.005481469021689821,0.004487891460621653
HIGH_CONTINUE_LONG,15,2025-12,2197,-0.0007749097881272916,-0.0008025304391336524,-0.0008530015123427721,-0.0008451490730648071,0.3427401001365498,0.5132550372585561,-0.004252652887101459,0.0024932462865765235
HIGH_CONTINUE_LONG,15,2026-01,2779,-0.0006101348754269549,-0.0006681523887411383,-0.0006728143845412179,-0.0006583165303991946,0.35300467794170565,0.5339871377560635,-0.0035148697110442433,0.0022576080749611162
HIGH_CONTINUE_LONG,15,2026-02,1869,-0.0004352291813548253,-0.0005954479656960604,-0.0005256107397870052,-0.0005169368334692108,0.4178705189941145,0.7775480686401554,-0.005574580863638467,0.004732425924038953
HIGH_CONTINUE_LONG,15,2026-03,2009,-0.0005933718768850075,-0.0008193463478834534,-0.0007713393073232918,-0.0007189137437639337,0.37232453957192635,0.6459400056146841,-0.004581008897129978,0.0033915427172637415
HIGH_CONTINUE_LONG,15,2026-04,2118,-0.0006636181221055355,-0.0007157880535744282,-0.0006812991088475026,-0.0006848355263212534,0.34702549575070823,0.4737765681272603,-0.0032679388117527347,0.0020571283453389324
HIGH_CONTINUE_LONG,15,2026-05,2634,-0.0006517840432531435,-0.0006988820085950914,-0.0006547912134020715,-0.0006578905609088859,0.340167046317388,0.45728274193224144,-0.002997536191686178,0.0018073453289971582
HIGH_CONTINUE_LONG,15,2026-06,2406,-0.0007991030880470745,-0.000987791384171998,-0.0008934141480048018,-0.0008560410913130364,0.35785536159601,0.5740986373046112,-0.0049981858614395296,0.0034803498804796724
HIGH_CONTINUE_LONG,15,2026-07,2637,-0.0005104167828205103,-0.0006515083357656154,-0.0006067921522869881,-0.00058887512460309,0.3492605233219568,0.5444960112582243,-0.0030436250451021155,0.001953716361142922
HIGH_CONTINUE_LONG,30,2024-01,1976,-0.0008471540306867672,-0.0008194040834070931,-0.0008218725205295881,-0.0008535639752661826,0.41194331983805665,0.6559627269979214,-0.006812530177155562,0.005292051955030731
HIGH_CONTINUE_LONG,30,2024-02,2716,-0.0002293012331677916,-0.00037251458853033656,-0.00030334684648643376,-0.0002525432520341719,0.4572901325478645,0.8790089025335255,-0.0055783884246227815,0.005297908162381449
HIGH_CONTINUE_LONG,30,2024-03,2533,-0.00038678471615581357,-0.0006440048845421481,-0.000497895763935572,-0.0003642517325154596,0.45519147256217923,0.8770366564003987,-0.009299218424683463,0.008916709091763455
HIGH_CONTINUE_LONG,30,2024-04,2481,-0.0006833288129997707,-0.0005526897456600948,-0.0006749775422050546,-0.0007063780534098819,0.4482063683998388,0.7463178373225757,-0.007762871829130224,0.006042235455794898
HIGH_CONTINUE_LONG,30,2024-05,2538,-0.0005192082547067583,-0.0006673860587473984,-0.0006100042584641636,-0.0005805579419608629,0.4294720252167061,0.747475780201672,-0.005824250607543601,0.004782626692573634
HIGH_CONTINUE_LONG,30,2024-06,2710,-0.0006718040505113241,-0.000767936063197871,-0.000745042215060734,-0.0007345790489550302,0.4007380073800738,0.6469782582735227,-0.005392948487444059,0.003957622791834758
HIGH_CONTINUE_LONG,30,2024-07,2829,-0.0005043245225493707,-0.0005177666599605718,-0.0004637894757166887,-0.0004526938587656547,0.44397313538352773,0.7660902903401255,-0.006085704452385675,0.005208225678629953
HIGH_CONTINUE_LONG,30,2024-08,2380,-0.0007427217866669537,-0.0008057881465165611,-0.0009108138992728728,-0.0009198954929543997,0.4197478991596639,0.7173498082462287,-0.007313751369417186,0.005365219111546702
HIGH_CONTINUE_LONG,30,2024-09,2561,-0.0005126675903531939,-0.0006085224246297865,-0.0005760664793006066,-0.0005516788219860473,0.4330339711050371,0.7354954860124053,-0.005601942501942524,0.0046375685996286505
HIGH_CONTINUE_LONG,30,2024-10,2737,-0.0004520055039434007,-0.0005355129941316366,-0.0005063514893355221,-0.0004883969006399415,0.42820606503470954,0.7328341336936367,-0.0050097269601982125,0.003928528934785703
HIGH_CONTINUE_LONG,30,2024-11,3056,-6.776456988553725e-05,-0.00024216766747227,-0.00014894965950392592,-0.000127486289530067,0.4793848167539267,0.9714018634154904,-0.007027676646554581,0.00715552961761905
HIGH_CONTINUE_LONG,30,2024-12,2700,-0.0005308059751023109,-0.0004712853589950544,-0.000559509675816183,-0.0005515354401899245,0.4537037037037037,0.7920499576867078,-0.007560756841326454,0.0063840840241914144
HIGH_CONTINUE_LONG,30,2025-01,2799,-0.000516774926466664,-0.0006259566466320748,-0.0006021608405318736,-0.000549986197316594,0.43122543765630583,0.7944286109122927,-0.007115255047616053,0.006117940939695672
HIGH_CONTINUE_LONG,30,2025-02,2362,-0.0011104093893646752,-0.0008634750640147509,-0.001079419514212419,-0.0011068857813616164,0.4195596951735817,0.6269511437961731,-0.008816932405120013,0.0058958088669015755
HIGH_CONTINUE_LONG,30,2025-03,2306,-0.0009301011517510592,-0.000802394659653382,-0.0009120875992043011,-0.0009387731453808386,0.4215091066782307,0.65940426613087,-0.007499544594981877,0.005547409835696949
HIGH_CONTINUE_LONG,30,2025-04,2294,-0.00039318569519711363,-0.0006834504384363277,-0.0006319692301597632,-0.0005565269593438823,0.4115082824760244,0.8153902188692334,-0.0060779257252929425,0.00488819513058492
HIGH_CONTINUE_LONG,30,2025-05,2992,-0.0006076427985937995,-0.0005518147317120186,-0.000584456006712022,-0.0006219656719840966,0.42580213903743314,0.6867561502106916,-0.005665903337197607,0.00429124805912662
HIGH_CONTINUE_LONG,30,2025-06,2398,-0.0004636092216920984,-0.0006,-0.0005193195888518094,-0.0004703525080872203,0.408673894912427,0.7163213193333782,-0.004459637003838056,0.003710489689312826
HIGH_CONTINUE_LONG,30,2025-07,3086,-0.0003929858227892721,-0.000520255681265857,-0.0004825406049720881,-0.00046358032161494947,0.4270900842514582,0.7771197640386996,-0.005165315566202155,0.0042336369135819625
HIGH_CONTINUE_LONG,30,2025-08,2969,-0.0007126709245776083,-0.0007030414398324186,-0.0007119880763047892,-0.0006995665650746522,0.4176490400808353,0.6567828418971372,-0.005804736262494358,0.0046057893092308596
HIGH_CONTINUE_LONG,30,2025-09,2776,-0.000734376772543482,-0.0006415024747712489,-0.0007209671274441045,-0.0007405559051504192,0.3973342939481268,0.558393498925762,-0.004721512705735686,0.0029841654299779703
HIGH_CONTINUE_LONG,30,2025-10,2635,-0.0005060198694248694,-0.0006,-0.0005664979769433862,-0.0005522299952303397,0.4455407969639469,0.779886429958963,-0.006904143820546426,0.005604667046888844
HIGH_CONTINUE_LONG,30,2025-11,2059,-0.0005352349733119599,-0.0007897878407945974,-0.0005750751911429298,-0.0005075695196994845,0.4390480815930063,0.7894291005257532,-0.0070844870533600885,0.006537801776496345
HIGH_CONTINUE_LONG,30,2025-12,2197,-0.0007244875699949438,-0.0008287358950986417,-0.0008211260075078951,-0.0008068336352743969,0.38598088302230316,0.6317857947575691,-0.005373123517247457,0.00394876881090045
HIGH_CONTINUE_LONG,30,2026-01,2779,-0.0007509158227290338,-0.000728491620111748,-0.0007772976620983916,-0.0007507312436499313,0.3940266282835552,0.5768586569506008,-0.004700902977097998,0.0032052874434222796
HIGH_CONTINUE_LONG,30,2026-02,1869,-0.00044383524220186724,-0.00046972381448691033,-0.0004697291872211453,-0.0005138790416683517,0.46013911182450506,0.8232157667026011,-0.007329356701910549,0.006169279453372113
HIGH_CONTINUE_LONG,30,2026-03,2009,-0.0005222980120170973,-0.000763039047851976,-0.0007069724905103516,-0.0006614789427156051,0.42707814833250374,0.7579075847581199,-0.0062153655172915365,0.005006055878029892
HIGH_CONTINUE_LONG,30,2026-04,2118,-0.0006467095714254653,-0.0007000883258331364,-0.0006790596054614261,-0.0006546845226175263,0.3857412653446648,0.5967124028030676,-0.004327188464831765,0.0031614887486628223
HIGH_CONTINUE_LONG,30,2026-05,2634,-0.0007127173913887334,-0.0006823893224298211,-0.0006907615836766531,-0.0006941834457780761,0.3830675778283979,0.5406426655254963,-0.0042089546313403324,0.00272945832391707
HIGH_CONTINUE_LONG,30,2026-06,2406,-0.000767986072607539,-0.0010069459468469814,-0.0008683259578826715,-0.0008396276125765838,0.39276807980049877,0.6698909641942513,-0.006546834647477195,0.005312890934568704
HIGH_CONTINUE_LONG,30,2026-07,2637,-0.0004941030648617454,-0.0006521349251862979,-0.0005770526920651724,-0.0005513775052507687,0.39362912400455063,0.6485833212281622,-0.0039824007789798655,0.0030419901068244465
HIGH_CONTINUE_LONG,60,2024-01,1976,-0.0006039919254029044,-0.0006,-0.0006378262818726051,-0.0006111406431460177,0.4519230769230769,0.8043700582611801,-0.008976025669550535,0.007730042323306031
HIGH_CONTINUE_LONG,60,2024-02,2716,0.0001265609332111416,-0.0001856649429302187,-5.639290810099515e-05,1.5075114370108631e-05,0.48674521354933725,1.052172513865778,-0.007437070672582268,0.007844351881083279
HIGH_CONTINUE_LONG,60,2024-03,2533,-0.00016090161963889743,-0.0004036954334648118,-0.00022879998906038458,-0.00021016805772313709,0.4776944334780892,0.9614483483921992,-0.013360047686859477,0.01295480277940716
HIGH_CONTINUE_LONG,60,2024-04,2481,-0.0006619502607311797,-0.0005776819162944363,-0.0007034839729356784,-0.0007094088968589519,0.46392583635630796,0.8149009918414578,-0.010305182201062201,0.008985199251078036
HIGH_CONTINUE_LONG,60,2024-05,2538,-6.272051182405538e-05,-0.0005065280879146921,-0.0002624672642402639,-0.00017523414578436122,0.4574468085106383,0.9745666949360072,-0.007414977027581991,0.007219913688335457
HIGH_CONTINUE_LONG,60,2024-06,2710,-0.0009016257137454888,-0.0009006137443445355,-0.0009186587098619373,-0.00095949606420632,0.414760147601476,0.6595611328464576,-0.007388433266323434,0.005628554081636006
HIGH_CONTINUE_LONG,60,2024-07,2829,-0.000646721125561894,-0.0005521787367535718,-0.0006760383936293744,-0.0006926341051508563,0.4545775892541534,0.7799521252264111,-0.008809937566662972,0.0071785379815434225
HIGH_CONTINUE_LONG,60,2024-08,2380,-0.0010789348012615828,-0.0010855889327428085,-0.001186058401029228,-0.0012259000338339064,0.4218487394957983,0.7086644885839657,-0.010318395062387341,0.007790537873077973
HIGH_CONTINUE_LONG,60,2024-09,2561,-0.0003162210676836206,-0.0004107068914523498,-0.0003461287747834579,-0.000302642562158246,0.4689574385005857,0.8729570253036618,-0.007411237797153202,0.006837310884088833
HIGH_CONTINUE_LONG,60,2024-10,2737,-0.00040104119773019353,-0.00033125955288311134,-0.00038496496364255026,-0.00039128380720707004,0.46729996346364633,0.8182565156028878,-0.006537947612010252,0.0055081471852062485
HIGH_CONTINUE_LONG,60,2024-11,3056,9.35682505909418e-05,-2.6996596010641608e-05,-9.663421103757356e-07,9.457242913498781e-07,0.4973821989528796,1.0304271854625993,-0.00966847274650846,0.009645605292437232
HIGH_CONTINUE_LONG,60,2024-12,2700,-0.000630055391775049,-0.0004020825400378841,-0.0005504055206197357,-0.0005995826657724996,0.4740740740740741,0.8184082379609237,-0.010653728141924933,0.009004811126619461
HIGH_CONTINUE_LONG,60,2025-01,2799,-0.0006479265174525192,-0.0006433463372344622,-0.0007121667389240912,-0.0006268410546107091,0.4483744194355127,0.804592367704404,-0.00943535041906378,0.00815042663058796
HIGH_CONTINUE_LONG,60,2025-02,2362,-0.0012708388957504181,-0.0008783515702695638,-0.0011917792360500402,-0.001229778650327196,0.4419983065198984,0.6822130465729138,-0.011716996903810527,0.008746600674631493
HIGH_CONTINUE_LONG,60,2025-03,2306,-0.0009653460372024775,-0.0008046024791372835,-0.0008239039913315154,-0.0009314995182803101,0.4427580225498699,0.7262288528913495,-0.009900476821677062,0.007672297386825445
HIGH_CONTINUE_LONG,60,2025-04,2294,-9.97622993109446e-05,-0.0005331186472439902,-0.00044982294767652694,-0.00042869739301276986,0.45074106364428945,0.9639266305245403,-0.007828428809805298,0.007218085555453625
HIGH_CONTINUE_LONG,60,2025-05,2992,-0.0003733298729129186,-0.0003523126006939708,-0.0003810263970753547,-0.00038849355787124254,0.46290106951871657,0.8490768839605246,-0.007348869883256891,0.006359374895557158
HIGH_CONTINUE_LONG,60,2025-06,2398,-0.0006130067005872276,-0.0006,-0.0005539627490317531,-0.0005487892590003966,0.4341117597998332,0.7253444797498609,-0.006369228204198018,0.005149278542692516
HIGH_CONTINUE_LONG,60,2025-07,3086,-0.0004006981481779138,-0.00044352880637794575,-0.00045490859412660324,-0.0004251543234811373,0.4455605962410888,0.8337670286087479,-0.007429229465677822,0.006675944071732599
HIGH_CONTINUE_LONG,60,2025-08,2969,-0.000606581642216075,-0.0006871305704527314,-0.0006399645140045479,-0.0006272118462559896,0.4385314920848771,0.770733852122516,-0.00770258069844214,0.00654510322728162
HIGH_CONTINUE_LONG,60,2025-09,2776,-0.000562230078737168,-0.0006186951500873444,-0.0005839394810666621,-0.0005852265684721645,0.4311959654178674,0.7230563579652165,-0.005915861576489278,0.004539468937849556
HIGH_CONTINUE_LONG,60,2025-10,2635,-0.0007409072654174342,-0.0005309870363461971,-0.0006889752035863125,-0.0007041635302930786,0.4584440227703985,0.7752420470347552,-0.009584768618814542,0.007905281729350408
HIGH_CONTINUE_LONG,60,2025-11,2059,-0.0005452948024529742,-0.000731048387096766,-0.0004794274197990705,-0.0005195300124496364,0.4434191355026712,0.8382825192830325,-0.009710876163720747,0.00930150058553967
HIGH_CONTINUE_LONG,60,2025-12,2197,-0.0008116568341300116,-0.0008030750727032293,-0.0008394535134344049,-0.0008561573333832343,0.42330450614474285,0.7030040692927407,-0.007533264205321343,0.0054453662536862145
HIGH_CONTINUE_LONG,60,2026-01,2779,-0.0008321929108081447,-0.0007686268191826156,-0.00072285724644257,-0.0007043851163159567,0.4210147535084563,0.6451842624467828,-0.006302223839005182,0.004953747538381125
HIGH_CONTINUE_LONG,60,2026-02,1869,-0.0007010663378806282,-0.0006972573429293133,-0.0006204385289718448,-0.0006232929330391096,0.45318352059925093,0.8060687388744484,-0.01025801990577717,0.009262021461647608
HIGH_CONTINUE_LONG,60,2026-03,2009,-0.0004642696353055606,-0.0007091107474087138,-0.0007387767683744755,-0.0006526200837929274,0.4425087108013937,0.8271395303012611,-0.007713666767348059,0.006390347310442548
HIGH_CONTINUE_LONG,60,2026-04,2118,-0.0005170965785129218,-0.0004953109099625313,-0.0005660900768683308,-0.0005348015962287679,0.43909348441926344,0.7481739436730228,-0.005823057318878287,0.004519960137723578
HIGH_CONTINUE_LONG,60,2026-05,2634,-0.000658636871796874,-0.0006304269072441964,-0.0006564490902920799,-0.0006706166360607475,0.42179195140470765,0.6656584427826665,-0.005568860219374704,0.004235690852292743
HIGH_CONTINUE_LONG,60,2026-06,2406,-0.0011307644609861998,-0.0014218759937091978,-0.001275361237605017,-0.001181732126549064,0.39733998337489607,0.6562900828466776,-0.009620749982656007,0.007289770408955221
HIGH_CONTINUE_LONG,60,2026-07,2637,-0.00047402125294620097,-0.0007030716926089247,-0.0005867181028133845,-0.0005433037473184223,0.41600303375047404,0.7508089386110941,-0.005612902212434,0.004852915853622243
HIGH_REVERSE_SHORT,5,2024-01,1976,-0.000499435815023821,-0.0005120048712626385,-0.0004995994030216309,-0.0005016386277961678,0.3825910931174089,0.5556486762335785,-0.003035193922376566,0.0020179555158777347
HIGH_REVERSE_SHORT,5,2024-02,2716,-0.0006859027071241227,-0.0006010288065843688,-0.0006535208103441058,-0.0006719465366366325,0.32621502209131076,0.3752028317751913,-0.0028084053560464943,0.0014192467783450298
HIGH_REVERSE_SHORT,5,2024-03,2533,-0.0007150331895532855,-0.0006016168279453054,-0.0006637936277732002,-0.0006801332817501633,0.3920252664824319,0.5518675508916919,-0.004464515193705697,0.0029162206514161695
HIGH_REVERSE_SHORT,5,2024-04,2481,-0.000605239121516498,-0.0005349852017453965,-0.0005578187318352887,-0.0005908064102570413,0.38774687625957277,0.5416614717435215,-0.003674963609897896,0.002374869985816753
HIGH_REVERSE_SHORT,5,2024-05,2538,-0.0006445767531512728,-0.000558161209114793,-0.000583988773286717,-0.0005863796091082641,0.330575256107171,0.4050585742008268,-0.0028046935074374385,0.0014278412078130864
HIGH_REVERSE_SHORT,5,2024-06,2710,-0.0006355711431956369,-0.0006007770514935945,-0.0005984429979190189,-0.0006018446499929638,0.3103321033210332,0.3766109959281732,-0.002520552246734597,0.0013194192185424947
HIGH_REVERSE_SHORT,5,2024-07,2829,-0.0006191038845593041,-0.0006051888840266744,-0.000616187484783668,-0.0006162624565363367,0.3563096500530223,0.45371601317175153,-0.002985817515809041,0.0017078716892690038
HIGH_REVERSE_SHORT,5,2024-08,2380,-0.0006754089628884392,-0.0005659813455085699,-0.0005868715507487703,-0.0006160223901624153,0.3701680672268908,0.4950253448249556,-0.0034500561676440436,0.0022476509384426915
HIGH_REVERSE_SHORT,5,2024-09,2561,-0.0006347798459204345,-0.0006,-0.0006156528531340942,-0.0006267936258212338,0.3315111284654432,0.38880755886088075,-0.002751401602475067,0.0014165772174409737
HIGH_REVERSE_SHORT,5,2024-10,2737,-0.0006671420920615496,-0.0006513777131383452,-0.0006616991391713166,-0.0006706096440331836,0.29923273657289,0.3624917144355763,-0.0026962736261566304,0.0012434878660820836
HIGH_REVERSE_SHORT,5,2024-11,3056,-0.0007747018990436808,-0.0007338871531774143,-0.000745853285851035,-0.0007754417760919325,0.3504581151832461,0.4380480180955075,-0.0037092454290099212,0.0021213742320522096
HIGH_REVERSE_SHORT,5,2024-12,2700,-0.000689726387716013,-0.0006851039110346674,-0.0006699356026693219,-0.00067436411025639,0.36407407407407405,0.48382122748835854,-0.003501796472019002,0.0022597326562951536
HIGH_REVERSE_SHORT,5,2025-01,2799,-0.0006929845703773881,-0.0006744546199091811,-0.0006942488291744739,-0.0007055177041735143,0.3322615219721329,0.4813927131105347,-0.0034167219754115625,0.001998072669551944
HIGH_REVERSE_SHORT,5,2025-02,2362,-0.0005946975643509454,-0.0005690529041962983,-0.000559474645864908,-0.0005822998197484669,0.3827265029635902,0.5553770508157565,-0.00364691782965365,0.00255500635692081
HIGH_REVERSE_SHORT,5,2025-03,2306,-0.0005713118787255271,-0.0005511966765469717,-0.0005071101022793626,-0.0005187043971755781,0.3798785776235906,0.5397538043634103,-0.003057025002043034,0.0021842625085977015
HIGH_REVERSE_SHORT,5,2025-04,2294,-0.0006794402871196985,-0.0006166695577087372,-0.0006028561633160784,-0.0006103128761600559,0.3330427201394943,0.42627056865499263,-0.0029919838347377318,0.0017198213471979061
HIGH_REVERSE_SHORT,5,2025-05,2992,-0.0005715335731737948,-0.0005833046618488707,-0.0005674867922072068,-0.0005587955678166565,0.32386363636363635,0.4369550069403342,-0.0026267375046468357,0.0015116675867291607
HIGH_REVERSE_SHORT,5,2025-06,2398,-0.000605031518759413,-0.0005541909479772172,-0.0005806832846612686,-0.0005865138946489177,0.31067556296914095,0.36064634216957386,-0.002414375418004732,0.0011857192655490357
HIGH_REVERSE_SHORT,5,2025-07,3086,-0.0006455381773293136,-0.0006276557738575489,-0.0006186052065637731,-0.000617424531904462,0.30719377835385614,0.37821336990552673,-0.0027151756430280997,0.0014376796136385435
HIGH_REVERSE_SHORT,5,2025-08,2969,-0.0005789433644407339,-0.0005170112607134175,-0.0005438938052586128,-0.0005522259362771717,0.35836982148871677,0.45510441094255993,-0.0028558661585555306,0.001639711922726052
HIGH_REVERSE_SHORT,5,2025-09,2776,-0.000526500657432239,-0.0005207907247674165,-0.0005276206694292056,-0.0005264924660724297,0.31484149855907784,0.3971596099883625,-0.002233142905641871,0.0011839516631389387
HIGH_REVERSE_SHORT,5,2025-10,2635,-0.0006913734565526775,-0.0005307687922004417,-0.0006419594556996523,-0.0006733199419803042,0.3582542694497154,0.4704729916216213,-0.0034782665940211945,0.001959571925575121
HIGH_REVERSE_SHORT,5,2025-11,2059,-0.0006202527588207849,-0.0005206816287879995,-0.0005663314689306808,-0.0005904716745126581,0.38708110733365714,0.5093619131191055,-0.0034879186981543013,0.00226839704091495
HIGH_REVERSE_SHORT,5,2025-12,2197,-0.0005619881631864337,-0.00048791876351978955,-0.0005214204276657868,-0.0005408112893597583,0.34820209376422395,0.4593540859674417,-0.0027707703605823523,0.001616284157828197
HIGH_REVERSE_SHORT,5,2026-01,2779,-0.0006725077670070219,-0.0005481455949682517,-0.0006064691299902314,-0.0006259952619812444,0.30046779417056496,0.3024306331613566,-0.0023849942486560798,0.0010326598464013759
HIGH_REVERSE_SHORT,5,2026-02,1869,-0.0007736154302853309,-0.0005477613109821749,-0.0006595995971754883,-0.0006928965373068076,0.3729266987693954,0.45613041508420366,-0.0038205949761987977,0.00225474496170879
HIGH_REVERSE_SHORT,5,2026-03,2009,-0.00053448900319543,-0.0004516327575727169,-0.00047694628655256744,-0.0004943928327671747,0.3703334992533599,0.5033121226096261,-0.0030367939500193447,0.0018746256735883602
HIGH_REVERSE_SHORT,5,2026-04,2118,-0.00047705041051872955,-0.00047842153699646447,-0.00045257866550021665,-0.0004529327680878519,0.3314447592067989,0.413555397681266,-0.002068815079752716,0.0011780095985314716
HIGH_REVERSE_SHORT,5,2026-05,2634,-0.0005933942474157813,-0.0005412047339115705,-0.0005603856795498643,-0.0005663880153377652,0.2741078208048595,0.2738430717882993,-0.0019961552722174807,0.0007484797559796384
HIGH_REVERSE_SHORT,5,2026-06,2406,-0.000391682124160285,-0.0003138360046101124,-0.00031428566318248953,-0.0003288384802014786,0.4172901080631754,0.6140541242362115,-0.0027716609535363805,0.002142745681127923
HIGH_REVERSE_SHORT,5,2026-07,2637,-0.0005994490310031653,-0.000547957325006409,-0.0005581984314714056,-0.0005701882648615266,0.30754645430413347,0.3021178063645678,-0.002138718458517607,0.0009435195452528916
HIGH_REVERSE_SHORT,15,2024-01,1976,-0.00046841883601236,-0.0004892396064308907,-0.0004647198987451468,-0.00047524615856620034,0.4175101214574899,0.7268239378571029,-0.004867509667457592,0.004066624605489722
HIGH_REVERSE_SHORT,15,2024-02,2716,-0.0008083730574146559,-0.0007046143150911227,-0.0007571504807605487,-0.0007877908735957945,0.37665684830633284,0.5236835059765161,-0.004624322607711905,0.002847527292981645
HIGH_REVERSE_SHORT,15,2024-03,2533,-0.0009316400362237201,-0.0006412022826064006,-0.0008442050993859763,-0.0009144447013284229,0.4378207658902487,0.635661020101252,-0.0077509036932337004,0.005390512064249613
HIGH_REVERSE_SHORT,15,2024-04,2481,-0.0006122118319653687,-0.0005627177070817829,-0.0005622129204684268,-0.0005787209244375102,0.4365175332527207,0.6902276096742073,-0.005439267196681707,0.0042036363010277585
HIGH_REVERSE_SHORT,15,2024-05,2538,-0.0008383191960649675,-0.0007332819260992934,-0.0007471765260472923,-0.000763374881629138,0.39401103230890466,0.5161926380715416,-0.004677736499297724,0.0029576002791360753
HIGH_REVERSE_SHORT,15,2024-06,2710,-0.0005949722120529522,-0.0005840386035815931,-0.0005539515566418986,-0.0005626791467283017,0.3874538745387454,0.5927924179541824,-0.003961350989196099,0.0029176218434356018
HIGH_REVERSE_SHORT,15,2024-07,2829,-0.0005543746603521643,-0.0005117086148848754,-0.0005308410090644676,-0.0005239225562110646,0.4146341463414634,0.6545943517432182,-0.004428191025396332,0.0034890605960002283
HIGH_REVERSE_SHORT,15,2024-08,2380,-0.00036536380083040693,-0.00031431698743157263,-0.0002577804271454248,-0.00028161863566037034,0.46176470588235297,0.7965659280036689,-0.004878840010127305,0.004377229975205576
HIGH_REVERSE_SHORT,15,2024-09,2561,-0.000612666455794789,-0.0005454855195910596,-0.0005615184951237429,-0.0005791310339133285,0.4076532604451386,0.5845782977835764,-0.004119326214468377,0.0028725510622848345
HIGH_REVERSE_SHORT,15,2024-10,2737,-0.0006504767294155453,-0.0005716798565112529,-0.0006082398398750977,-0.0006294568055476422,0.4011691633175009,0.5425340482105848,-0.0038657170433008528,0.0025586215602716247
HIGH_REVERSE_SHORT,15,2024-11,3056,-0.0009848090012719859,-0.0008974081236002401,-0.000897472283650028,-0.000905895114814883,0.39168848167539266,0.5452370148383078,-0.005963674721625133,0.004220606622245871
HIGH_REVERSE_SHORT,15,2024-12,2700,-0.00072563482961671,-0.0008213842433284041,-0.0006873515403254671,-0.0006802084249062941,0.4040740740740741,0.6490230571800583,-0.005893260242562225,0.004600069054173794
HIGH_REVERSE_SHORT,15,2025-01,2799,-0.0008158804868071237,-0.0007281931754613108,-0.0007657476557020624,-0.0008165103073509408,0.3972847445516256,0.5969958191161631,-0.0056539814646430426,0.003687048057025491
HIGH_REVERSE_SHORT,15,2025-02,2362,-0.0004579572567470211,-0.0005513265167964126,-0.00046957790043043805,-0.00046361971334325883,0.434801016088061,0.7747209633102943,-0.0060148310970111075,0.00495916255552097
HIGH_REVERSE_SHORT,15,2025-03,2306,-0.0003926701112715422,-0.0004211782400562852,-0.0003845721385443458,-0.00037465974978392397,0.45316565481352994,0.7835498093321338,-0.004978578732845306,0.004369889350139978
HIGH_REVERSE_SHORT,15,2025-04,2294,-0.0007512404841162891,-0.0005208786859882236,-0.000608688261440698,-0.0006497284328189781,0.41935483870967744,0.580809667636211,-0.004787598094731747,0.0033144224770005138
HIGH_REVERSE_SHORT,15,2025-05,2992,-0.0005614277901322636,-0.0005332776371424591,-0.0005396033583726008,-0.0005457830326291881,0.40975935828877,0.616022859455343,-0.003944219711144691,0.0029090422453014204
HIGH_REVERSE_SHORT,15,2025-06,2398,-0.000562854874719246,-0.0004943010717832313,-0.0005394252170715044,-0.0005635674078389639,0.4007506255212677,0.5786602839955499,-0.0038916156651271007,0.0025610044442972665
HIGH_REVERSE_SHORT,15,2025-07,3086,-0.0007545806021092994,-0.0006434085737043288,-0.0006844930591056149,-0.0007030069585279646,0.3668178872326636,0.5083458552870473,-0.004180900427652689,0.002637642252009787
HIGH_REVERSE_SHORT,15,2025-08,2969,-0.0005295630961418,-0.0005304699264830453,-0.0005139266987214902,-0.0005028040501702626,0.41596497137083194,0.6466729999169102,-0.004232467426655417,0.0031472599801763987
HIGH_REVERSE_SHORT,15,2025-09,2776,-0.00048562726411142373,-0.0004839001956968397,-0.00046806020755496645,-0.0004729627865780323,0.4038184438040346,0.5858418606060316,-0.0032788998591376066,0.0023849951876298466
HIGH_REVERSE_SHORT,15,2025-10,2635,-0.000490652215181511,-0.0005265026132403422,-0.0005205149809678228,-0.000548614360745367,0.42618595825426947,0.7269002917243997,-0.005136643950395591,0.003997380699646569
HIGH_REVERSE_SHORT,15,2025-11,2059,-0.000573095269183518,-0.0004034573636485067,-0.0005237487080611784,-0.0005400315158940385,0.44876153472559493,0.7047399084518101,-0.0056878914606216515,0.004281469021689821
HIGH_REVERSE_SHORT,15,2025-12,2197,-0.00042509021187270816,-0.0003974695608663475,-0.000346998487657228,-0.0003548509269351932,0.42375967228038236,0.6892354988605299,-0.003693246286576523,0.0030526528871014603
HIGH_REVERSE_SHORT,15,2026-01,2779,-0.0005898651245730448,-0.0005318476112588616,-0.0005271856154587816,-0.0005416834696008053,0.38682979489024827,0.5395747482035728,-0.0034576080749611155,0.0023148697110442445
HIGH_REVERSE_SHORT,15,2026-02,1869,-0.0007647708186451744,-0.0006045520343039395,-0.0006743892602129957,-0.0006830631665307893,0.4275013376136972,0.6393411005638835,-0.005932425924038952,0.0043745808636384675
HIGH_REVERSE_SHORT,15,2026-03,2009,-0.0006066281231149924,-0.00038065365211654653,-0.00042866069267670856,-0.00048108625623606604,0.45097063215530114,0.629633525940125,-0.00459154271726374,0.003381008897129979
HIGH_REVERSE_SHORT,15,2026-04,2118,-0.0005363818778944641,-0.0004842119464255717,-0.0005187008911524974,-0.0005151644736787464,0.38526912181303113,0.5425754940532945,-0.0032571283453389326,0.002067938811752735
HIGH_REVERSE_SHORT,15,2026-05,2634,-0.0005482159567468562,-0.0005011179914049085,-0.0005452087865979284,-0.0005421094390911138,0.3724373576309795,0.512765670448656,-0.0030073453289971566,0.0017975361916861806
HIGH_REVERSE_SHORT,15,2026-06,2406,-0.00040089691195292537,-0.00021220861582800174,-0.00030658585199519836,-0.00034395890868696324,0.46550290939318373,0.7504820648600986,-0.004680349880479672,0.00379818586143953
HIGH_REVERSE_SHORT,15,2026-07,2637,-0.0006895832171794895,-0.0005484916642343845,-0.0005932078477130117,-0.00061112487539691,0.36291240045506257,0.4239257431366934,-0.003153716361142921,0.001843625045102117
HIGH_REVERSE_SHORT,30,2024-01,1976,-0.0003528459693132331,-0.0003805959165929068,-0.0003781274794704127,-0.0003464360247338172,0.45040485829959515,0.83869655625301,-0.00649205195503073,0.005612530177155562
HIGH_REVERSE_SHORT,30,2024-02,2716,-0.0009706987668322081,-0.0008274854114696633,-0.0008966531535135661,-0.0009474567479658278,0.39653902798232693,0.5783555315516331,-0.006497908162381449,0.004378388424622782
HIGH_REVERSE_SHORT,30,2024-03,2533,-0.0008132152838441866,-0.0005559951154578518,-0.0007021042360644286,-0.00083574826748454,0.45874457165416505,0.7575854297192648,-0.010116709091763428,0.008099218424683467
HIGH_REVERSE_SHORT,30,2024-04,2481,-0.0005166711870002294,-0.000647310254339905,-0.0005250224577949461,-0.0004936219465901178,0.44780330511890365,0.8022487959983364,-0.007242235455794898,0.006562871829130224
HIGH_REVERSE_SHORT,30,2024-05,2538,-0.0006807917452932414,-0.0005326139412526015,-0.0005899957415358365,-0.0006194420580391363,0.43498817966903075,0.6803439611152611,-0.005982626692573633,0.004624250607543602
HIGH_REVERSE_SHORT,30,2024-06,2710,-0.0005281959494886756,-0.0004320639368021289,-0.0004549577849392658,-0.00046542095104496975,0.43763837638376385,0.7074824597088301,-0.005157622791834759,0.004192948487444058
HIGH_REVERSE_SHORT,30,2024-07,2829,-0.0006956754774506289,-0.0006822333400394281,-0.0007362105242833117,-0.0007473061412343452,0.42806645457758924,0.6924792253673728,-0.006408225678629953,0.004885704452385693
HIGH_REVERSE_SHORT,30,2024-08,2380,-0.00045727821333304625,-0.00039421185348343876,-0.00028918610072712795,-0.00028010450704560053,0.4638655462184874,0.814121385161438,-0.006565219111546704,0.006113751369417185
HIGH_REVERSE_SHORT,30,2024-09,2561,-0.0006873324096468059,-0.0005914775753702134,-0.0006239335206993935,-0.0006483211780139525,0.42834830144474817,0.6604731605311426,-0.00583756859962865,0.004401942501942525
HIGH_REVERSE_SHORT,30,2024-10,2737,-0.0007479944960565991,-0.0006644870058683633,-0.0006936485106644778,-0.0007116030993600587,0.40336134453781514,0.5963140332316605,-0.005128528934785702,0.0038097269601982133
HIGH_REVERSE_SHORT,30,2024-11,3056,-0.0011322354301144628,-0.0009578323325277299,-0.0010510503404960751,-0.0010725137104699329,0.41721204188481675,0.6146568212556109,-0.00835552961761905,0.005827676646554581
HIGH_REVERSE_SHORT,30,2024-12,2700,-0.0006691940248976891,-0.0007287146410049455,-0.0006404903241838179,-0.0006484645598100764,0.44222222222222224,0.7456285749352196,-0.007584084024191416,0.006360756841326453
HIGH_REVERSE_SHORT,30,2025-01,2799,-0.0006832250735333359,-0.0005740433533679251,-0.0005978391594681269,-0.0006500138026834062,0.43872811718470883,0.7366080780132284,-0.007317940939695665,0.005915255047616055
HIGH_REVERSE_SHORT,30,2025-02,2362,-8.959061063532463e-05,-0.000336524935985249,-0.0001205804857875819,-9.311421863838367e-05,0.4690939881456393,0.9632157997685354,-0.007095808866901575,0.007616932405120016
HIGH_REVERSE_SHORT,30,2025-03,2306,-0.0002698988482489409,-0.00039760534034661784,-0.0002879124007957004,-0.0002612268546191611,0.47094535993061576,0.8863980278524126,-0.0067474098356969485,0.006299544594981877
HIGH_REVERSE_SHORT,30,2025-04,2294,-0.0008068143048028865,-0.0005165495615636722,-0.000568030769840238,-0.0006434730406561185,0.4302528334786399,0.6533300091955764,-0.006088195130584916,0.004877925725292943
HIGH_REVERSE_SHORT,30,2025-05,2992,-0.0005923572014062002,-0.0006481852682879813,-0.0006155439932879783,-0.0005780343280159034,0.4157754010695187,0.694735053751859,-0.0054912480591266175,0.00446590333719761
HIGH_REVERSE_SHORT,30,2025-06,2398,-0.0007363907783079013,-0.0006,-0.0006806804111481907,-0.0007296474919127793,0.41117597998331945,0.5840598510517506,-0.0049104896893128235,0.0032596370038380606
HIGH_REVERSE_SHORT,30,2025-07,3086,-0.0008070141772107276,-0.0006797443187341428,-0.0007174593950279118,-0.0007364196783850502,0.4044069993519119,0.5927514347791524,-0.005433636913581962,0.003965315566202155
HIGH_REVERSE_SHORT,30,2025-08,2969,-0.00048732907542239164,-0.0004969585601675813,-0.00048801192369521125,-0.0005004334349253478,0.4469518356348939,0.7495927158803949,-0.005805789309230857,0.004604736262494363
HIGH_REVERSE_SHORT,30,2025-09,2776,-0.0004656232274565176,-0.000558497525228751,-0.00047903287255589505,-0.0004594440948495805,0.4146253602305475,0.6931144625625235,-0.00418416542997797,0.003521512705735686
HIGH_REVERSE_SHORT,30,2025-10,2635,-0.0006939801305751304,-0.0006,-0.000633502023056615,-0.0006477700047696608,0.4273244781783681,0.7107873706752607,-0.006804667046888845,0.005704143820546425
HIGH_REVERSE_SHORT,30,2025-11,2059,-0.0006647650266880402,-0.0004102121592054025,-0.0006249248088570716,-0.0006924304803005159,0.45798931520155417,0.7434627864263905,-0.007737801776496344,0.005884487053360089
HIGH_REVERSE_SHORT,30,2025-12,2197,-0.000475512430005056,-0.00037126410490135816,-0.00037887399249210554,-0.00039316636472560375,0.4528903049613109,0.7366138606096423,-0.00514876881090045,0.004173123517247458
HIGH_REVERSE_SHORT,30,2026-01,2779,-0.0004490841772709659,-0.00047150837988825186,-0.00042270233790160823,-0.00044926875635006847,0.43684778697373156,0.7194100090312356,-0.004405287443422278,0.0035009029770979986
HIGH_REVERSE_SHORT,30,2026-02,1869,-0.0007561647577981329,-0.0007302761855130896,-0.000730270812778856,-0.0006861209583316487,0.4275013376136972,0.7185245965742605,-0.007369279453372112,0.0061293567019105495
HIGH_REVERSE_SHORT,30,2026-03,2009,-0.0006777019879829027,-0.00043696095214802385,-0.0004930275094896495,-0.0005385210572843951,0.44798407167745147,0.6942178009083537,-0.006206055878029891,0.0050153655172915385
HIGH_REVERSE_SHORT,30,2026-04,2118,-0.0005532904285745345,-0.0004999116741668635,-0.0005209403945385743,-0.0005453154773824735,0.4192634560906516,0.6397364340583522,-0.004361488748662822,0.0031271884648317655
HIGH_REVERSE_SHORT,30,2026-05,2634,-0.00048728260861126643,-0.0005176106775701788,-0.0005092384163233466,-0.0005058165542219237,0.40888382687927105,0.6567244075490135,-0.003929458323917067,0.003008954631340338
HIGH_REVERSE_SHORT,30,2026-06,2406,-0.0004320139273924608,-0.00019305405315301835,-0.00033167404211732906,-0.000360372387423416,0.4800498753117207,0.7948923610341582,-0.006512890934568704,0.005346834647477195
HIGH_REVERSE_SHORT,30,2026-07,2637,-0.0007058969351382544,-0.000547865074813702,-0.0006229473079348273,-0.000648622494749231,0.40538490709139174,0.5313991739657482,-0.0042419901068244436,0.0027824007789798667
HIGH_REVERSE_SHORT,60,2024-01,1976,-0.0005960080745970964,-0.0006,-0.0005621737181273963,-0.0005888593568539823,0.46305668016194335,0.8064799282961916,-0.00893004232330603,0.0077760256695505355
HIGH_REVERSE_SHORT,60,2024-02,2716,-0.0013265609332111415,-0.001014335057069781,-0.0011436070918990056,-0.0012150751143701084,0.41384388807069217,0.5844904952360777,-0.009044351881083278,0.0062370706725822685
HIGH_REVERSE_SHORT,60,2024-03,2533,-0.0010390983803611033,-0.0007963045665351881,-0.0009712000109396164,-0.000989831942276863,0.4567706277141729,0.7752246735051053,-0.014154802779407148,0.01216004768685948
HIGH_REVERSE_SHORT,60,2024-04,2481,-0.0005380497392688207,-0.0006223180837055636,-0.0004965160270643215,-0.000490591103141048,0.4598952035469569,0.8469216291390649,-0.010185199251078036,0.009105182201062201
HIGH_REVERSE_SHORT,60,2024-05,2538,-0.0011372794881759445,-0.0006934719120853078,-0.0009375327357597366,-0.001024765854215638,0.43341213553979513,0.6228006314351322,-0.008419913688335456,0.0062149770275819975
HIGH_REVERSE_SHORT,60,2024-06,2710,-0.0002983742862545112,-0.00029938625565546436,-0.0002813412901380631,-0.00024050393579368206,0.46900369003690034,0.8710714899220279,-0.006828554081636006,0.006188433266323433
HIGH_REVERSE_SHORT,60,2024-07,2829,-0.0005532788744381061,-0.000647821263246428,-0.0005239616063706266,-0.0005073658948491438,0.4524566984800283,0.8088496979198941,-0.008378537981543421,0.007609937566662976
HIGH_REVERSE_SHORT,60,2024-08,2380,-0.00012106519873841777,-0.00011441106725719127,-1.3941598970773322e-05,2.5900033833905556e-05,0.49159663865546216,0.9619582046692247,-0.008990537873077974,0.009118395062387341
HIGH_REVERSE_SHORT,60,2024-09,2561,-0.0008837789323163795,-0.0007892931085476501,-0.0008538712252165423,-0.0008973574378417536,0.4322530261616556,0.6836283367443534,-0.008037310884088832,0.0062112377971532025
HIGH_REVERSE_SHORT,60,2024-10,2737,-0.0007989588022698063,-0.0008687404471168886,-0.0008150350363574503,-0.0008087161927929303,0.4194373401534527,0.6720102285177624,-0.006708147185206247,0.005337947612010253
HIGH_REVERSE_SHORT,60,2024-11,3056,-0.0012935682505909418,-0.0011730034039893582,-0.0011990336578896258,-0.00120094572429135,0.4191753926701571,0.6610615994273839,-0.010845605292437232,0.00846847274650846
HIGH_REVERSE_SHORT,60,2024-12,2700,-0.0005699446082249513,-0.0007979174599621158,-0.0006495944793802653,-0.0006004173342275015,0.44037037037037036,0.8351981355355977,-0.01020481112661946,0.009453728141924933
HIGH_REVERSE_SHORT,60,2025-01,2799,-0.0005520734825474812,-0.0005566536627655377,-0.0004878332610759098,-0.000573158945389291,0.4519471239728474,0.8308405242894907,-0.009350426630587959,0.00823535041906379
HIGH_REVERSE_SHORT,60,2025-02,2362,7.083889575041801e-05,-0.00032164842973043614,-8.220763949961186e-06,2.977865032719525e-05,0.47883149872988995,1.021428649502737,-0.009946600674631488,0.010516996903810527
HIGH_REVERSE_SHORT,60,2025-03,2306,-0.00023465396279752254,-0.00039539752086271637,-0.0003760960086684859,-0.0002685004817196897,0.4692107545533391,0.9254109216346356,-0.008872297386825444,0.008700476821677062
HIGH_REVERSE_SHORT,60,2025-04,2294,-0.0011002377006890552,-0.0006668813527560097,-0.0007501770523234742,-0.0007713026069872299,0.43897122929380994,0.6638778930224667,-0.008418085555453625,0.006628428809805311
HIGH_REVERSE_SHORT,60,2025-05,2992,-0.0008266701270870815,-0.0008476873993060291,-0.0008189736029246458,-0.0008115064421287586,0.42413101604278075,0.6970306256785165,-0.007559374895557158,0.0061488698832568925
HIGH_REVERSE_SHORT,60,2025-06,2398,-0.0005869932994127723,-0.0006,-0.0006460372509682475,-0.0006512107409996025,0.43077564637197663,0.7356893609614614,-0.006349278542692515,0.005169228204198019
HIGH_REVERSE_SHORT,60,2025-07,3086,-0.0007993018518220859,-0.0007564711936220541,-0.000745091405873398,-0.0007748456765188623,0.4225534672715489,0.6957034916645815,-0.007875944071732598,0.006229229465677822
HIGH_REVERSE_SHORT,60,2025-08,2969,-0.0005934183577839251,-0.0005128694295472685,-0.0005600354859954532,-0.0005727881537440102,0.45133041428090265,0.7743210730063371,-0.0077451032272816125,0.006502580698442143
HIGH_REVERSE_SHORT,60,2025-09,2776,-0.0006377699212628316,-0.0005813048499126555,-0.0006160605189333384,-0.0006147734315278352,0.42327089337175794,0.6917624295516196,-0.005739468937849556,0.004715861576489278
HIGH_REVERSE_SHORT,60,2025-10,2635,-0.00045909273458256603,-0.0006690129636538028,-0.000511024796413689,-0.0004958364697069222,0.4489563567362429,0.8547824705941381,-0.00910528172935041,0.008384768618814542
HIGH_REVERSE_SHORT,60,2025-11,2059,-0.0006547051975470264,-0.0004689516129032339,-0.00072057258020093,-0.0006804699875503645,0.4681884409907722,0.8082552644939165,-0.010501500585539668,0.008510876163720753
HIGH_REVERSE_SHORT,60,2025-12,2197,-0.00038834316586998873,-0.0003969249272967706,-0.00036054648656559624,-0.0003438426666167675,0.46153846153846156,0.8445903865830025,-0.0066453662536862124,0.006333264205321344
HIGH_REVERSE_SHORT,60,2026-01,2779,-0.00036780708919185507,-0.00043137318081738426,-0.00047714275355743065,-0.0004956148836840432,0.4516012954300108,0.824331866534605,-0.006153747538381115,0.005102223839005185
HIGH_REVERSE_SHORT,60,2026-02,1869,-0.0004989336621193726,-0.0005027426570706866,-0.0005795614710281563,-0.000576707066960891,0.46762974852862493,0.8576760507518099,-0.010462021461647607,0.009058019905777173
HIGH_REVERSE_SHORT,60,2026-03,2009,-0.0007357303646944398,-0.0004908892525912861,-0.00046122323162552564,-0.0005473799162070736,0.4634146341463415,0.7383551626629438,-0.007590347310442546,0.00651366676734806
HIGH_REVERSE_SHORT,60,2026-04,2118,-0.0006829034214870784,-0.0007046890900374686,-0.0006339099231316703,-0.0006651984037712326,0.42398489140698775,0.6821895752886871,-0.005719960137723578,0.0046230573188782865
HIGH_REVERSE_SHORT,60,2026-05,2634,-0.0005413631282031256,-0.0005695730927558034,-0.0005435509097079201,-0.0005293833639392523,0.43318147304479876,0.7156212723535792,-0.00543569085229274,0.004368860219374705
HIGH_REVERSE_SHORT,60,2026-06,2406,-6.923553901380047e-05,0.000221875993709198,7.536123760501719e-05,-1.826787345093622e-05,0.5170407315045719,0.9742299650838061,-0.008489770408955221,0.008420749982656007
HIGH_REVERSE_SHORT,60,2026-07,2637,-0.0007259787470537989,-0.0004969283073910752,-0.0006132818971866157,-0.0006566962526815776,0.4342055365946151,0.6397413714815313,-0.006052915853622242,0.004412902212434001
LOW_CONTINUE_SHORT,5,2024-01,1661,-0.0005712842424188643,-0.0006840380736704116,-0.0006285113328637171,-0.0006080183751439992,0.34677904876580373,0.5342968830558542,-0.0034172813812774587,0.002132854989990874
LOW_CONTINUE_SHORT,5,2024-02,2118,-0.0006543520613474138,-0.0006823167110327593,-0.0006935797660407349,-0.0006835350989122909,0.29131255901794145,0.39166251667131174,-0.002735782802288566,0.0013850344894882022
LOW_CONTINUE_SHORT,5,2024-03,1985,-0.0006598370761041906,-0.0007409228847555343,-0.0007097775337109447,-0.0006907812976033321,0.36826196473551637,0.6050054606064652,-0.004803628339379373,0.003401475036854708
LOW_CONTINUE_SHORT,5,2024-04,2107,-0.0005236803209511287,-0.0007026904908605352,-0.0005981776927823368,-0.0005610331009053174,0.3611770289511153,0.594576091385884,-0.0033263942880925814,0.002402995684792498
LOW_CONTINUE_SHORT,5,2024-05,2164,-0.0005358057729695469,-0.0007049472618184221,-0.000622662277713979,-0.000593537098894149,0.3179297597042514,0.49648634252665125,-0.002733006603370102,0.001706349877529679
LOW_CONTINUE_SHORT,5,2024-06,2478,-0.0005286529422144834,-0.0006043074000167786,-0.0005736661440469201,-0.0005619834426048933,0.32041969330104925,0.474115810570341,-0.0025058953208432202,0.0014816619213455248
LOW_CONTINUE_SHORT,5,2024-07,2792,-0.0005918794211733947,-0.0006751276780905918,-0.0006291784325823263,-0.0006102235502125061,0.3413323782234957,0.4825526325861863,-0.00305044892400077,0.0018606183062350966
LOW_CONTINUE_SHORT,5,2024-08,2327,-0.0003726929524112291,-0.0004758019760559667,-0.00042718732424916505,-0.00039636860651973154,0.4099699183498066,0.706515586749033,-0.0032357397415868176,0.00254367067175292
LOW_CONTINUE_SHORT,5,2024-09,2339,-0.0005801211646530883,-0.0006830477655779926,-0.0006421155801975459,-0.0006260987979131393,0.32834544677212485,0.4495945262693051,-0.002597180443479918,0.0015115302925797335
LOW_CONTINUE_SHORT,5,2024-10,2355,-0.0006163703458030303,-0.0006356754249835056,-0.0006358030525521901,-0.0006146502639253669,0.2980891719745223,0.40137016558324945,-0.0025848344503226033,0.0013514945474819352
LOW_CONTINUE_SHORT,5,2024-11,2458,-0.0006303349446071516,-0.0006701381701541103,-0.0006178484960649464,-0.0005977165828460448,0.36411716842961755,0.5439122972890907,-0.003626504556495646,0.0026639594584400928
LOW_CONTINUE_SHORT,5,2024-12,2582,-0.0005351826684610794,-0.000564498005558755,-0.0005237984276411177,-0.00050980735283578,0.3911696359411309,0.5968681550885829,-0.00357231258019206,0.0026282644058257206
LOW_CONTINUE_SHORT,5,2025-01,2464,-0.0006491045579599495,-0.0007222201924517829,-0.000653880733881272,-0.0006427978808988236,0.336038961038961,0.4911058800107775,-0.003214519074069732,0.0020262383937687542
LOW_CONTINUE_SHORT,5,2025-02,2240,-0.0004578475235477109,-0.0005652751369587089,-0.0004999290831658038,-0.0004864919510402876,0.38839285714285715,0.6324458423694344,-0.003347027497747245,0.0026404178791571337
LOW_CONTINUE_SHORT,5,2025-03,2152,-0.0005346742391598798,-0.0006,-0.0005718565827704733,-0.0005530458485217064,0.349907063197026,0.5469735053087327,-0.0029917712021961793,0.002204197713257918
LOW_CONTINUE_SHORT,5,2025-04,2359,-0.000707178232637482,-0.0007013770381008693,-0.0007043158983274144,-0.0007092496574774601,0.3098770665536244,0.41301885446953696,-0.0030233472504057825,0.001697955549569908
LOW_CONTINUE_SHORT,5,2025-05,2514,-0.0005897734290169951,-0.0006446911226887891,-0.0006298375826395289,-0.0006183714640728669,0.32100238663484487,0.44074174203637184,-0.002736272476045131,0.0015130637479112286
LOW_CONTINUE_SHORT,5,2025-06,2301,-0.0005599577980261461,-0.0006303937510448548,-0.0006269377393346635,-0.0006107114006686404,0.2955236853541938,0.4232888340814216,-0.002512239416712813,0.0012810626409799804
LOW_CONTINUE_SHORT,5,2025-07,2793,-0.0006805407929634647,-0.0006908512764605795,-0.0006863484985670246,-0.0006829171767483358,0.2882205513784461,0.35441047683174876,-0.0026983819163634007,0.0013218935244177625
LOW_CONTINUE_SHORT,5,2025-08,2736,-0.0007212505491089332,-0.000737290634277698,-0.0007356388375459232,-0.000728559431252826,0.30043859649122806,0.38499656501091767,-0.0029956600320494957,0.001527851724738894
LOW_CONTINUE_SHORT,5,2025-09,2542,-0.0005772378078746618,-0.0006122027819671188,-0.0006032979503135642,-0.0005916387001632001,0.28560188827694727,0.35264410860556267,-0.002174784956625352,0.0010363333420283524
LOW_CONTINUE_SHORT,5,2025-10,2226,-0.0006247799363371919,-0.0007007252215954323,-0.0006527494225975815,-0.0006299224272042262,0.3265947888589398,0.4947079797824856,-0.0031534977437384752,0.001927880696991336
LOW_CONTINUE_SHORT,5,2025-11,2246,-0.0004500999462279168,-0.000583568281508528,-0.0005066990440714737,-0.0004958741598718951,0.3780053428317008,0.6257912854404012,-0.0032061150851061086,0.0024074985196993366
LOW_CONTINUE_SHORT,5,2025-12,2205,-0.0006377369331200909,-0.0007050420168067223,-0.000650037047768622,-0.0006348853388541055,0.30975056689342406,0.41838048258693683,-0.0026689461659150865,0.0015317982980665348
LOW_CONTINUE_SHORT,5,2026-01,2634,-0.000657550217353964,-0.0006920132335693324,-0.000687613807599164,-0.0006806294664141266,0.2539863325740319,0.3385871852435166,-0.0023871909526689264,0.0010763695230924146
LOW_CONTINUE_SHORT,5,2026-02,2033,-0.000606162425719651,-0.0007221299462628166,-0.0006306207639862765,-0.0005995988080877633,0.35907525823905556,0.5842662170063269,-0.0038011917973906897,0.0030202940211367492
LOW_CONTINUE_SHORT,5,2026-03,1964,-0.0005512920278957692,-0.0006323313587625717,-0.0005786042865435206,-0.0005558800411319172,0.3258655804480652,0.48790079905936856,-0.0027154687971632,0.001788029323566821
LOW_CONTINUE_SHORT,5,2026-04,2160,-0.0006299771062654012,-0.0006953161415684355,-0.0006639731612964587,-0.0006477337834268314,0.26435185185185184,0.34809920798605165,-0.0023143515082565173,0.0010701612602919584
LOW_CONTINUE_SHORT,5,2026-05,2411,-0.0006248229787806852,-0.0006764993880049136,-0.0006467578092658519,-0.0006364884123165365,0.2530070510161759,0.2854432222794566,-0.0020649893528435596,0.0008165978042732786
LOW_CONTINUE_SHORT,5,2026-06,2468,-0.0006488412764518425,-0.0007387414867001224,-0.0006589256455836411,-0.0006548073186274609,0.3217179902755267,0.44659568773048147,-0.0029226874964203946,0.0017590832282922482
LOW_CONTINUE_SHORT,5,2026-07,2503,-0.00059129681849111,-0.0006520426749934799,-0.0006286734569140947,-0.0006187134665014487,0.25769077107471033,0.2930136783793905,-0.001979792948045644,0.0008232524307077339
LOW_CONTINUE_SHORT,15,2024-01,1661,-0.000576895901597017,-0.0007591849729383198,-0.0006710868050932914,-0.0006314610849427491,0.4015653220951234,0.6735753884145445,-0.0048014866799022775,0.0037979858499585413
LOW_CONTINUE_SHORT,15,2024-02,2118,-0.0006617291672966255,-0.0007091648532108857,-0.0007129678202379605,-0.0007057128193602581,0.37865911237016053,0.5713610213738829,-0.004282497920283944,0.002881916654839976
LOW_CONTINUE_SHORT,15,2024-03,1985,-0.0006664829204683825,-0.0008617270392257786,-0.0006602995466438797,-0.0006520731607692862,0.4171284634760705,0.7446770386150044,-0.0071828815335203125,0.006876092725480535
LOW_CONTINUE_SHORT,15,2024-04,2107,-0.0003656770533540417,-0.0008601637297074965,-0.0006161836275543544,-0.0005432114195123408,0.3853820598006645,0.8109034676708016,-0.005109024579756415,0.004722971247888231
LOW_CONTINUE_SHORT,15,2024-05,2164,-0.0007283339315554362,-0.0007924622359800176,-0.0007461908231232045,-0.0007313267444358952,0.38031423290203326,0.5638974064262058,-0.004407920485397242,0.003035008465998591
LOW_CONTINUE_SHORT,15,2024-06,2478,-0.0005956458111299399,-0.0006693729365272011,-0.0006605422085745289,-0.000647351716518924,0.3833736884584342,0.6159374183437415,-0.004173046908671151,0.002835175730824449
LOW_CONTINUE_SHORT,15,2024-07,2792,-0.0006052501218547072,-0.0007080526966293904,-0.0006565353773619261,-0.0006394491647477981,0.40222063037249284,0.6469611590625719,-0.004546105186096682,0.0038453661766946353
LOW_CONTINUE_SHORT,15,2024-08,2327,-0.0004634900769827788,-0.0008594306548870939,-0.0005881359967966413,-0.0005141882173896505,0.39750752041254833,0.7812366124009461,-0.005657275397122707,0.005165003476362177
LOW_CONTINUE_SHORT,15,2024-09,2339,-0.0007221344976180406,-0.0008917425197217493,-0.0008138292392220193,-0.000784720040967864,0.35271483539974346,0.5231243800857617,-0.00391410986216576,0.002626468080739745
LOW_CONTINUE_SHORT,15,2024-10,2355,-0.0006759550950309086,-0.0007710834716257547,-0.0007836604784282287,-0.0007505494543278868,0.3668789808917197,0.5513930797161806,-0.004005978438864254,0.0024604569068303658
LOW_CONTINUE_SHORT,15,2024-11,2458,-0.0008442670846544083,-0.0009050968670521569,-0.0008318162659868312,-0.0008088100202679236,0.3950366151342555,0.6141422960903785,-0.005923688336760401,0.004495163516091673
LOW_CONTINUE_SHORT,15,2024-12,2582,-0.00031732789434357685,-0.0006,-0.0004279707270911127,-0.0003518565216745806,0.4252517428350116,0.8448449279152879,-0.005698149598982204,0.005682898835764342
LOW_CONTINUE_SHORT,15,2025-01,2464,-0.000692290373949899,-0.0007313688549435809,-0.0006776351430916624,-0.0006514696128831311,0.398538961038961,0.6407283866401146,-0.005010486157101401,0.00390190191043195
LOW_CONTINUE_SHORT,15,2025-02,2240,-0.000386031120867422,-0.000465367476597433,-0.0003604567909229779,-0.00036432514890330823,0.4401785714285714,0.7982142816566908,-0.00536832401598275,0.005039416083137984
LOW_CONTINUE_SHORT,15,2025-03,2152,-0.0006743606003139803,-0.0007935004431086184,-0.0007433869028039841,-0.0007207924991277765,0.4065985130111524,0.6450594876707919,-0.005177168157445443,0.003699621537115429
LOW_CONTINUE_SHORT,15,2025-04,2359,-0.0007636817786768228,-0.0007729355814958921,-0.0007201933493075484,-0.0007015551034744198,0.37600678253497244,0.5778338905827057,-0.004750782979787859,0.0034664456956980984
LOW_CONTINUE_SHORT,15,2025-05,2514,-0.0007090612533168835,-0.0008377502396800901,-0.000769155886731601,-0.0007395811535018644,0.35879077167859985,0.5456823392859166,-0.004140190630732831,0.002852564646850687
LOW_CONTINUE_SHORT,15,2025-06,2301,-0.00046590715018288864,-0.000705863315336574,-0.0006217782439452217,-0.0005787925997682407,0.35853976531942633,0.6617176071534587,-0.0036257186081694696,0.002721610003907738
LOW_CONTINUE_SHORT,15,2025-07,2793,-0.0007482300387735465,-0.0007916990403310059,-0.0007697039330631314,-0.0007643849950017902,0.3526673827425707,0.5103808810103848,-0.0042292112350857496,0.0027693678767602994
LOW_CONTINUE_SHORT,15,2025-08,2736,-0.0006764843732430192,-0.0007235510475409151,-0.0007185911622898115,-0.0006950667887524528,0.36988304093567254,0.5822096238339883,-0.004484457545393238,0.0032557545550266805
LOW_CONTINUE_SHORT,15,2025-09,2542,-0.0005548097156246529,-0.000603593140253888,-0.0005766865281764268,-0.0005650610701788327,0.37372147915027537,0.5543264770826306,-0.003356764264050737,0.002312292215845114
LOW_CONTINUE_SHORT,15,2025-10,2226,-0.000661277486012426,-0.0006525562873328055,-0.0006332945433969034,-0.0006016144634917592,0.4002695417789757,0.641444508788422,-0.004769515453885331,0.0037235020203544196
LOW_CONTINUE_SHORT,15,2025-11,2246,-0.000517546162367931,-0.0006388336366498043,-0.0005101416280371605,-0.0004999804849715773,0.42520035618878005,0.7310887232379033,-0.005420896361158233,0.004663819333892306
LOW_CONTINUE_SHORT,15,2025-12,2205,-0.0006365201546387078,-0.0007267186949600596,-0.0006936616633932849,-0.0006604673420517931,0.3659863945578231,0.5966165195169919,-0.004175641824285736,0.0030992896798696114
LOW_CONTINUE_SHORT,15,2026-01,2634,-0.0006020887045179472,-0.0008091423375848444,-0.0007199568956956377,-0.0006869998073681311,0.35193621867881547,0.573701533041653,-0.0037321758333918255,0.002509336134182406
LOW_CONTINUE_SHORT,15,2026-02,2033,-0.000686749123588624,-0.0006994085193100069,-0.0006538537885409039,-0.0006441151134848473,0.4205607476635514,0.7008891068137035,-0.006251288748090087,0.005111575669443934
LOW_CONTINUE_SHORT,15,2026-03,1964,-0.0006488981413239103,-0.0006419533428676066,-0.0006513538744889623,-0.0006213197660605526,0.39460285132382894,0.6025180337575536,-0.004457800957356682,0.0032555147850560364
LOW_CONTINUE_SHORT,15,2026-04,2160,-0.000543245819377381,-0.0006749113645018839,-0.0006367064997665595,-0.0006054036215595703,0.36342592592592593,0.5777871874907782,-0.0034339059879176397,0.002392214337417033
LOW_CONTINUE_SHORT,15,2026-05,2411,-0.0008425492568552845,-0.0008250965317818209,-0.0008363814341243847,-0.0008404294821349297,0.3031936955620075,0.3588498622866243,-0.0032723099261638515,0.0016140211801955358
LOW_CONTINUE_SHORT,15,2026-06,2468,-0.0004971701001816724,-0.0007339914098966721,-0.0006147045615601075,-0.0005905144893029143,0.38857374392220423,0.7090886932842461,-0.004775496476660645,0.0038895786776154146
LOW_CONTINUE_SHORT,15,2026-07,2503,-0.000517720137622678,-0.0005662936497236698,-0.000515103010423651,-0.0005109456335287718,0.36356372353176186,0.526931024876909,-0.0029068552691193564,0.0020411249808896903
LOW_CONTINUE_SHORT,30,2024-01,1661,-0.0006737194746330842,-0.00055152477661009,-0.0006473051258791116,-0.000660207945899852,0.43648404575556893,0.7103635224451981,-0.006428348042409503,0.005243789651769238
LOW_CONTINUE_SHORT,30,2024-02,2118,-0.0008174916495320581,-0.000758503713090341,-0.0008718394014988726,-0.0008681871681178136,0.3947119924457035,0.6115662132079241,-0.006078151865406966,0.004140267671280895
LOW_CONTINUE_SHORT,30,2024-03,1985,-0.0008000002368538056,-0.0010992841754500875,-0.0008159302392211184,-0.0008014509694394096,0.42619647355163726,0.7762105325152195,-0.009809297864490961,0.00938366918106304
LOW_CONTINUE_SHORT,30,2024-04,2107,3.682970309741154e-05,-0.000654086213424398,-0.0003846751815655864,-0.0002819950780906051,0.4413858566682487,1.0150019423697063,-0.007126250718929427,0.007013775964278994
LOW_CONTINUE_SHORT,30,2024-05,2164,-0.0008747709139314341,-0.000939831836087101,-0.000872943933213452,-0.0008493851861951196,0.3923290203327172,0.6007773979544373,-0.005944519313259965,0.004188829038387366
LOW_CONTINUE_SHORT,30,2024-06,2478,-0.0005461931958451039,-0.0007359067583374118,-0.0006233876546054523,-0.000574011135600205,0.4043583535108959,0.718344527882396,-0.005252121446216028,0.0043865185782113875
LOW_CONTINUE_SHORT,30,2024-07,2792,-0.0007376624833357109,-0.0009423352572300419,-0.0007979567865788159,-0.0007631539020122795,0.4068767908309456,0.6780325470652901,-0.006293476692411891,0.005218696476327103
LOW_CONTINUE_SHORT,30,2024-08,2327,-0.0003277147377553751,-0.000696729874447865,-0.0004608642143258592,-0.00037871888439750537,0.43274602492479586,0.8779516041403348,-0.007194945735579794,0.006982659924669156
LOW_CONTINUE_SHORT,30,2024-09,2339,-0.0007431237152608537,-0.0008825797872338942,-0.0008169875576798115,-0.0007837932043338815,0.4035912783240701,0.6213542450685565,-0.005355974717832556,0.003935018971288683
LOW_CONTINUE_SHORT,30,2024-10,2355,-0.000686960152590086,-0.000807179184452011,-0.0007843852668235639,-0.0007583572874296335,0.3983014861995754,0.6449517943181403,-0.005249308989727885,0.003909974738815624
LOW_CONTINUE_SHORT,30,2024-11,2458,-0.0012395516077865643,-0.0012649950727968255,-0.0011965616890761744,-0.001213059139222457,0.4019528071602929,0.5845166793485802,-0.008371397056960838,0.005862808388472064
LOW_CONTINUE_SHORT,30,2024-12,2582,-0.00013233892028469442,-0.0005185396049742879,-0.0002640481503950348,-0.00013760817772790986,0.46127033307513554,0.9489781975450942,-0.007461189350880824,0.00788268932723445
LOW_CONTINUE_SHORT,30,2025-01,2464,-0.0007869440611901408,-0.0007113924462174953,-0.0007038969290773298,-0.0007038738976759271,0.42288961038961037,0.6896728192564724,-0.006952096463323953,0.005759955023653926
LOW_CONTINUE_SHORT,30,2025-02,2240,-0.00020632793819659636,-0.0002763427271172508,-0.00021617472777151432,-0.00022900116791087504,0.4830357142857143,0.9213846948859691,-0.00785149687743285,0.007452909044715465
LOW_CONTINUE_SHORT,30,2025-03,2152,-0.000490375178884011,-0.000761520747988475,-0.0006679556048959809,-0.0006047514666921436,0.42193308550185876,0.7977426961636767,-0.006801045968043495,0.005959565158791526
LOW_CONTINUE_SHORT,30,2025-04,2359,-0.0008653854241678702,-0.0009682809648961615,-0.0008254927670452002,-0.0007865896353798931,0.40016956337431114,0.6481218770154473,-0.006531293676276849,0.005179295323142276
LOW_CONTINUE_SHORT,30,2025-05,2514,-0.0007856027209904921,-0.0008898799584334366,-0.0008525735781421082,-0.0008347177985014262,0.38743038981702466,0.6164903620466751,-0.005702267713148212,0.004005920071743611
LOW_CONTINUE_SHORT,30,2025-06,2301,-0.00036196462183307976,-0.0006,-0.0005467960396661156,-0.0004778745467392251,0.4150369404606693,0.7943089026443081,-0.004950051177072656,0.004205248810238916
LOW_CONTINUE_SHORT,30,2025-07,2793,-0.0008723106204183372,-0.0008414522659972551,-0.0008489669077346162,-0.0008468647355958907,0.39348370927318294,0.5714856098883854,-0.005535199260757539,0.0038940869433656848
LOW_CONTINUE_SHORT,30,2025-08,2736,-0.0006653996634695208,-0.0007289110452995512,-0.0007337944719482202,-0.0007150788148079608,0.4108187134502924,0.6835404882493588,-0.0060978876596112334,0.004733387453659688
LOW_CONTINUE_SHORT,30,2025-09,2542,-0.0007641805233379635,-0.0008347858277823577,-0.0007648683508233638,-0.0007496904782629793,0.3752950432730134,0.5649744484570537,-0.004685145431820213,0.0034172891548537652
LOW_CONTINUE_SHORT,30,2025-10,2226,-0.0004874213129485322,-0.0006017950440930336,-0.00047416450421789856,-0.00042483653740016056,0.4249775381850854,0.7881183299449068,-0.0064053593045644945,0.0057764966387065415
LOW_CONTINUE_SHORT,30,2025-11,2246,-0.0004604470227947296,-0.0007386307130352149,-0.0005546395549579776,-0.0005105712230481259,0.43722172751558325,0.8254338439231644,-0.007605156144413105,0.0070710286789592465
LOW_CONTINUE_SHORT,30,2025-12,2205,-0.0004850814346257402,-0.0008542665591096504,-0.000670547106198308,-0.0005969019178743688,0.3927437641723356,0.7588729196927607,-0.005209452264793523,0.004758962276678627
LOW_CONTINUE_SHORT,30,2026-01,2634,-0.0005142379403630292,-0.000836559750106946,-0.0006996130323487736,-0.0006241510685161142,0.37547456340167046,0.707206874578716,-0.004683484626004652,0.0038444059207557724
LOW_CONTINUE_SHORT,30,2026-02,2033,-0.0006213100383122038,-0.0008690501228805874,-0.000711840649922096,-0.000611201090726818,0.4426955238563699,0.7971197253697198,-0.008389249821221311,0.007903044683236236
LOW_CONTINUE_SHORT,30,2026-03,1964,-0.0006863370551179178,-0.00048552453821599725,-0.0006388000045699133,-0.0006561732342512617,0.4445010183299389,0.6702711838854047,-0.006085780294109154,0.004414275178951422
LOW_CONTINUE_SHORT,30,2026-04,2160,-0.0004844621258088007,-0.0007730541934439333,-0.0005799891104190111,-0.0005381412142332551,0.3907407407407407,0.6985763323290205,-0.0044583987648569405,0.0037512272841841916
LOW_CONTINUE_SHORT,30,2026-05,2411,-0.0008813273537942772,-0.0009256992701878846,-0.0008495773423727375,-0.0008517136493726947,0.34840315221899626,0.46637893075738074,-0.004254581169770576,0.0027086167889416764
LOW_CONTINUE_SHORT,30,2026-06,2468,-0.00036499897293456733,-0.0005884680940850922,-0.000451873440399663,-0.0004040983101048249,0.43638573743922204,0.8288328200145619,-0.0060525250591954675,0.005431056894185475
LOW_CONTINUE_SHORT,30,2026-07,2503,-0.0005701337791855568,-0.0005884593856931402,-0.0005589452462092417,-0.0005611897742371075,0.39472632840591293,0.6118178841963939,-0.0041765387522102,0.003101378836956249
LOW_CONTINUE_SHORT,60,2024-01,1661,-0.00023297407962615625,-0.00043879845875589515,-0.0003575087005556024,-0.00029536218765441595,0.4587597832630945,0.922142785595915,-0.009088885205825802,0.00856877903525215
LOW_CONTINUE_SHORT,60,2024-02,2118,-0.001248431447269189,-0.0010808137901471941,-0.0012086180567151825,-0.0012056721517879963,0.3881019830028329,0.5840073336731612,-0.008249704482795581,0.005669105028550888
LOW_CONTINUE_SHORT,60,2024-03,1985,-0.0007861125662397475,-0.0012477887870577346,-0.0009514467857824163,-0.0007728641310614162,0.4327455919395466,0.8322634231923336,-0.013549582149708006,0.01295766612243156
LOW_CONTINUE_SHORT,60,2024-04,2107,8.875374289174071e-05,-0.0007247816321436889,-0.00040065519193178284,-0.00025454751564440195,0.4527764594209777,1.0249575314724706,-0.00988901890245828,0.010561577213919638
LOW_CONTINUE_SHORT,60,2024-05,2164,-0.0009522842605036729,-0.0010068781440940137,-0.0009262120218110094,-0.0008996967961265884,0.4061922365988909,0.659085964348825,-0.007918446344141005,0.006383003573891912
LOW_CONTINUE_SHORT,60,2024-06,2478,-0.0005101160159020201,-0.0007379852236461642,-0.0006298994135590067,-0.0005625450758103924,0.42211460855528654,0.7948956734200558,-0.006975594748766655,0.006227446308970514
LOW_CONTINUE_SHORT,60,2024-07,2792,-0.0004958008611906674,-0.0012217516617178507,-0.0007308044456814143,-0.0006256845640646405,0.41583094555873923,0.8337327855092665,-0.008134665662730288,0.007940541118561953
LOW_CONTINUE_SHORT,60,2024-08,2327,-0.00030528943382262397,-0.0007681814678038406,-0.0005723753664465851,-0.0004807441678497523,0.44950580146110874,0.9201552517730711,-0.010526870816947542,0.009891522192230287
LOW_CONTINUE_SHORT,60,2024-09,2339,-0.0011037791368876044,-0.0010701141705842902,-0.0010992763297216419,-0.0010741834576373749,0.4035912783240701,0.5914846845709332,-0.007501008213118586,0.005411112574586342
LOW_CONTINUE_SHORT,60,2024-10,2355,-0.0007575323688689418,-0.0009122933082322365,-0.0008771409851215312,-0.0008183621858935743,0.41953290870488325,0.6985789618998051,-0.007093547806080535,0.005676089693037519
LOW_CONTINUE_SHORT,60,2024-11,2458,-0.001448370618651521,-0.001519763483937852,-0.0014179470502299761,-0.001426814279595249,0.41090317331163545,0.6394876905372466,-0.011629490378189477,0.008612395698037902
LOW_CONTINUE_SHORT,60,2024-12,2582,-0.0001266189911226906,-0.0009121704289025251,-0.00038572575105840976,-0.00023689749941053665,0.4562354763749032,0.9640954843256453,-0.010163401018957451,0.010835198266310365
LOW_CONTINUE_SHORT,60,2025-01,2464,-0.0008566367076430211,-0.0007649251018388531,-0.000730260862430121,-0.000733876787619359,0.4375,0.7416572331718334,-0.008952627108478505,0.007926292168115813
LOW_CONTINUE_SHORT,60,2025-02,2240,0.00026191454761044,-0.00043898503593443547,-9.796886261599614e-05,-4.2004960846298955e-05,0.4758928571428571,1.0742217449248073,-0.010464088471815501,0.011369649171138571
LOW_CONTINUE_SHORT,60,2025-03,2152,-0.0005699424659102074,-0.0008055178766590115,-0.0007732150637058518,-0.0007308594289044583,0.44144981412639406,0.8252228296425352,-0.00917043394870689,0.008036125946992368
LOW_CONTINUE_SHORT,60,2025-04,2359,-0.0010127334214886947,-0.0010870647908139512,-0.0009745853877284673,-0.0009404126500727133,0.4056803730394235,0.6924095833712269,-0.00895910814880223,0.00781472292289749
LOW_CONTINUE_SHORT,60,2025-05,2514,-0.0009909126539749584,-0.0009939940909477578,-0.0010516534445370936,-0.0010286479647289234,0.4029435163086714,0.6350292445199761,-0.007718329556096414,0.005693207224231619
LOW_CONTINUE_SHORT,60,2025-06,2301,-0.0005194341448611955,-0.000820048899755465,-0.00067791113679509,-0.0005981920743056073,0.41590612777053454,0.7873289235266603,-0.006680819554121541,0.005856048061690978
LOW_CONTINUE_SHORT,60,2025-07,2793,-0.0010468329177694515,-0.0009591228218420283,-0.0009684316136004312,-0.0010113973035210113,0.4052989616899391,0.6120446242192079,-0.007746021419379789,0.005661495715142165
LOW_CONTINUE_SHORT,60,2025-08,2736,-0.0007752076412536587,-0.0008307128859431184,-0.0007513583214747212,-0.0007415704585362089,0.43165204678362573,0.7228185650719503,-0.008031926337644556,0.006385510542188378
LOW_CONTINUE_SHORT,60,2025-09,2542,-0.0007211440481463388,-0.0008132305553993463,-0.0007302967656925767,-0.0007391752113990587,0.40597954366640443,0.6630213760991378,-0.005895382835453721,0.004812239051739399
LOW_CONTINUE_SHORT,60,2025-10,2226,-0.0003042038853264133,-0.0005001848348245125,-0.00027548141195055776,-0.0003023886086414218,0.4667565139263252,0.8992013731026353,-0.00890240951753003,0.008867943514463284
LOW_CONTINUE_SHORT,60,2025-11,2246,-0.00023465651336814115,-0.0008467805386391352,-0.0005665375034534684,-0.00036911683885571466,0.44568121104185215,0.9317015376006853,-0.010143087683126061,0.010107079846890011
LOW_CONTINUE_SHORT,60,2025-12,2205,-0.000505286853908536,-0.0009033579390328,-0.0007836264335441662,-0.0006871189321262135,0.4249433106575964,0.8135398096294133,-0.007709579047059089,0.006555607265233884
LOW_CONTINUE_SHORT,60,2026-01,2634,-0.00033479606862250443,-0.0007591197297990953,-0.0006104493804983257,-0.0005215022824431414,0.4164768413059985,0.8516757826429249,-0.006431114568235906,0.00583012833108604
LOW_CONTINUE_SHORT,60,2026-02,2033,0.00028842475217702787,-0.0006953470633104913,-0.00015804438820391948,1.4657888157105121e-05,0.46286276438760454,1.0806483907173512,-0.010854517657608408,0.011461696908944496
LOW_CONTINUE_SHORT,60,2026-03,1964,-0.0007593703491947407,-0.0005337659796472821,-0.0005532251701195716,-0.0005539088392972818,0.4531568228105906,0.7314545890354139,-0.008059485999090897,0.007044787423743949
LOW_CONTINUE_SHORT,60,2026-04,2160,-0.00043218095327176214,-0.0006,-0.0004784546195575293,-0.00042944610270235475,0.43425925925925923,0.7877709304784788,-0.006006352507084544,0.005030484960071239
LOW_CONTINUE_SHORT,60,2026-05,2411,-0.00088348009631784,-0.0008347087264704672,-0.0007607771774318753,-0.000776577370582531,0.40232268768145996,0.5847347378937319,-0.0057596611487563225,0.004317456972251544
LOW_CONTINUE_SHORT,60,2026-06,2468,-1.780443143373587e-05,-0.00030822159662592327,-0.00017414710530505893,-0.0001311956611532381,0.4740680713128039,0.993375684944526,-0.008217811480089241,0.00817342935999631
LOW_CONTINUE_SHORT,60,2026-07,2503,-0.0005412968815210622,-0.0005939248965334925,-0.0005210447328246408,-0.0005115329301424256,0.4282860567319217,0.7162865028139807,-0.005539015185320849,0.004635449791394012
LOW_REVERSE_LONG,5,2024-01,1661,-0.0006287157575811353,-0.0005159619263295883,-0.0005714886671362827,-0.0005919816248560005,0.37146297411198076,0.49009570354392723,-0.0033328549899908737,0.002217281381277459
LOW_REVERSE_LONG,5,2024-02,2118,-0.0005456479386525858,-0.0005176832889672406,-0.0005064202339592649,-0.000516464901087709,0.352219074598678,0.4485664441208708,-0.002585034489488202,0.0015357828022885662
LOW_REVERSE_LONG,5,2024-03,1985,-0.0005401629238958091,-0.00045907711524446556,-0.0004902224662890556,-0.0005092187023966676,0.42367758186397986,0.6579802087561146,-0.004601475036854707,0.003603628339379373
LOW_REVERSE_LONG,5,2024-04,2107,-0.0006763196790488709,-0.0004973095091394647,-0.0006018223072176634,-0.0006389668990946831,0.38917892738490745,0.4970831055089797,-0.0036029956847924973,0.002126394288092582
LOW_REVERSE_LONG,5,2024-05,2164,-0.0006641942270304527,-0.0004950527381815778,-0.0005773377222860208,-0.000606462901105851,0.3521256931608133,0.3969917098439156,-0.0029063498775296786,0.001533006603370103
LOW_REVERSE_LONG,5,2024-06,2478,-0.0006713470577855162,-0.0005956925999832213,-0.0006263338559530798,-0.0006380165573951062,0.3248587570621469,0.37526809048309523,-0.002681661921345523,0.001305895320843222
LOW_REVERSE_LONG,5,2024-07,2792,-0.000608120578826605,-0.0005248723219094081,-0.0005708215674176733,-0.0005897764497874938,0.37070200573065903,0.46366026138468236,-0.003060618306235096,0.0018504489240007702
LOW_REVERSE_LONG,5,2024-08,2327,-0.0008273070475887707,-0.0007241980239440332,-0.0007728126757508348,-0.0008036313934802688,0.35711216158143533,0.45858330009570475,-0.0037436706717529178,0.0020357397415868184
LOW_REVERSE_LONG,5,2024-09,2339,-0.0006198788353469116,-0.0005169522344220073,-0.0005578844198024541,-0.0005739012020868605,0.3668234288157332,0.4090479228332275,-0.0027115302925797328,0.0013971804434799188
LOW_REVERSE_LONG,5,2024-10,2355,-0.0005836296541969694,-0.0005643245750164943,-0.0005641969474478098,-0.0005853497360746329,0.3256900212314225,0.41571769306692724,-0.0025514945474819353,0.0013848344503226034
LOW_REVERSE_LONG,5,2024-11,2458,-0.0005696650553928481,-0.0005298618298458896,-0.0005821515039350535,-0.0006022834171539547,0.38974776240846215,0.5727956083962336,-0.0038639594584400907,0.0024265045564956463
LOW_REVERSE_LONG,5,2024-12,2582,-0.0006648173315389204,-0.0006355019944412449,-0.0006762015723588822,-0.0006901926471642198,0.3826491092176607,0.523869955172174,-0.0038282644058257203,0.002372312580192061
LOW_REVERSE_LONG,5,2025-01,2464,-0.0005508954420400503,-0.000477779807548217,-0.0005461192661187279,-0.0005572021191011764,0.3721590909090909,0.5399509636653016,-0.003226238393768754,0.0020145190740697323
LOW_REVERSE_LONG,5,2025-02,2240,-0.000742152476452289,-0.000634724863041291,-0.0007000709168341962,-0.0007135080489597124,0.3665178571428571,0.4695264989149614,-0.0038404178791571313,0.002147027497747246
LOW_REVERSE_LONG,5,2025-03,2152,-0.0006653257608401199,-0.0006,-0.0006281434172295266,-0.0006469541514782936,0.36198884758364314,0.46327266337089984,-0.003404197713257916,0.001791771202196182
LOW_REVERSE_LONG,5,2025-04,2359,-0.0004928217673625177,-0.0004986229618991305,-0.0004956841016725857,-0.00049075034252254,0.3603221704111912,0.5350596227946054,-0.0028979555495699076,0.0018233472504057848
LOW_REVERSE_LONG,5,2025-05,2514,-0.0006102265709830045,-0.0005553088773112108,-0.0005701624173604708,-0.0005816285359271329,0.33691328560063644,0.4188565527917046,-0.0027130637479112255,0.0015362724760451334
LOW_REVERSE_LONG,5,2025-06,2301,-0.0006400422019738536,-0.0005696062489551451,-0.0005730622606653362,-0.0005892885993313593,0.31986093003042154,0.35815402946501645,-0.00248106264097998,0.0013122394167128133
LOW_REVERSE_LONG,5,2025-07,2793,-0.0005194592070365348,-0.0005091487235394204,-0.0005136515014329752,-0.0005170828232516639,0.33870390261367705,0.44797578145636235,-0.0025218935244177613,0.0014983819163634014
LOW_REVERSE_LONG,5,2025-08,2736,-0.0004787494508910664,-0.0004627093657223019,-0.0004643611624540766,-0.00047144056874717365,0.37317251461988304,0.5234911279105575,-0.002727851724738894,0.001795660032049496
LOW_REVERSE_LONG,5,2025-09,2542,-0.0006227621921253378,-0.0005877972180328811,-0.0005967020496864355,-0.0006083612998367998,0.2989771833202203,0.3130246622606256,-0.0022363333420283506,0.0009747849566253526
LOW_REVERSE_LONG,5,2025-10,2226,-0.0005752200636628079,-0.0004992747784045675,-0.0005472505774024184,-0.0005700775727957735,0.3674752920035939,0.5150198725114093,-0.0031278806969913357,0.0019534977437384755
LOW_REVERSE_LONG,5,2025-11,2246,-0.000749900053772083,-0.0006164317184914719,-0.0006933009559285263,-0.0007041258401281046,0.37399821905609976,0.4478505406546788,-0.0036074985196993363,0.002006115085106109
LOW_REVERSE_LONG,5,2025-12,2205,-0.0005622630668799087,-0.0004949579831932776,-0.0005499629522313778,-0.0005651146611458943,0.35419501133786846,0.45252581085722904,-0.002731798298066534,0.0014689461659150868
LOW_REVERSE_LONG,5,2026-01,2634,-0.0005424497826460358,-0.0005079867664306675,-0.0005123861924008358,-0.0005193705335858732,0.3132118451025057,0.39523803101363814,-0.0022763695230924134,0.0011871909526689286
LOW_REVERSE_LONG,5,2026-02,2033,-0.0005938375742803487,-0.00047787005373718325,-0.0005693792360137237,-0.0006004011919122379,0.411706837186424,0.5812194577747457,-0.004220294021136749,0.0026011917973906896
LOW_REVERSE_LONG,5,2026-03,1964,-0.0006487079721042305,-0.0005676686412374282,-0.0006213957134564793,-0.0006441199588680824,0.3396130346232179,0.4170387706515215,-0.00298802932356682,0.0015154687971632005
LOW_REVERSE_LONG,5,2026-04,2160,-0.0005700228937345985,-0.0005046838584315644,-0.0005360268387035412,-0.0005522662165731685,0.3125,0.36574064367647297,-0.002270161260291958,0.0011143515082565184
LOW_REVERSE_LONG,5,2026-05,2411,-0.0005751770212193143,-0.0005235006119950863,-0.0005532421907341478,-0.0005635115876834632,0.2961426793861468,0.29796696864550914,-0.0020165978042732784,0.0008649893528435599
LOW_REVERSE_LONG,5,2026-06,2468,-0.0005511587235481572,-0.0004612585132998775,-0.0005410743544163586,-0.0005451926813725387,0.37439222042139386,0.4918613731290792,-0.0029590832282922466,0.0017226874964203951
LOW_REVERSE_LONG,5,2026-07,2503,-0.0006087031815088897,-0.00054795732500652,-0.000571326543085905,-0.000581286533498551,0.2764682381142629,0.2588715399444493,-0.002023252430707733,0.0007797929480456443
LOW_REVERSE_LONG,15,2024-01,1661,-0.0006231040984029829,-0.00044081502706168005,-0.0005289131949067084,-0.0005685389150572506,0.4340758579169175,0.6480481420555457,-0.004997985849958541,0.003601486679902278
LOW_REVERSE_LONG,15,2024-02,2118,-0.0005382708327033742,-0.0004908351467891142,-0.00048703217976203976,-0.0004942871806397417,0.421152030217186,0.6305846128462578,-0.004081916654839977,0.0030824979202839446
LOW_REVERSE_LONG,15,2024-03,1985,-0.0005335170795316174,-0.0003382729607742213,-0.0005397004533561216,-0.0005479268392307137,0.4654911838790932,0.7875498381045718,-0.008076092725480532,0.005982881533520314
LOW_REVERSE_LONG,15,2024-04,2107,-0.0008343229466459581,-0.0003398362702925034,-0.0005838163724456463,-0.0006567885804876591,0.4537256763170384,0.6076872752415217,-0.005922971247888231,0.003909024579756418
LOW_REVERSE_LONG,15,2024-05,2164,-0.00047166606844456353,-0.0004075377640199823,-0.00045380917687679577,-0.00046867325556410456,0.43946395563770796,0.6865318811388111,-0.00423500846599859,0.0032079204853972428
LOW_REVERSE_LONG,15,2024-06,2478,-0.0006043541888700599,-0.0005306270634727988,-0.0005394577914254709,-0.0005526482834810754,0.4075867635189669,0.6076424087983752,-0.004035175730824446,0.0029730469086711527
LOW_REVERSE_LONG,15,2024-07,2792,-0.0005947498781452925,-0.0004919473033706095,-0.000543464622638074,-0.0005605508352522017,0.4376790830945559,0.6480458435418771,-0.005045366176694631,0.0033461051860966835
LOW_REVERSE_LONG,15,2024-08,2327,-0.0007365099230172211,-0.000340569345112906,-0.0006118640032033593,-0.0006858117826103512,0.45638160721959603,0.668201199364224,-0.006365003476362173,0.004457275397122707
LOW_REVERSE_LONG,15,2024-09,2339,-0.00047786550238195906,-0.0003082574802782506,-0.00038617076077798084,-0.00041527995903213567,0.4450619923044036,0.6404462546707478,-0.0038264680807397413,0.002714109862165761
LOW_REVERSE_LONG,15,2024-10,2355,-0.0005240449049690911,-0.0004289165283742452,-0.00041633952157177145,-0.0004494505456721131,0.4288747346072187,0.6243640629298655,-0.0036604569068303663,0.002805978438864253
LOW_REVERSE_LONG,15,2024-11,2458,-0.0003557329153455915,-0.00029490313294784295,-0.00036818373401316894,-0.0003911899797320752,0.46663954434499594,0.8130226780242059,-0.005695163516091672,0.00472368833676041
LOW_REVERSE_LONG,15,2024-12,2582,-0.0008826721056564229,-0.0006,-0.0007720292729088879,-0.0008481434783254194,0.43338497288923317,0.6202059409465392,-0.006882898835764338,0.004498149598982206
LOW_REVERSE_LONG,15,2025-01,2464,-0.0005077096260501008,-0.000468631145056419,-0.0005223648569083375,-0.0005485303871168688,0.42857142857142855,0.7199979032257707,-0.005101901910431949,0.003810486157101402
LOW_REVERSE_LONG,15,2025-02,2240,-0.0008139688791325779,-0.0007346325234025669,-0.0008395432090770235,-0.0008356748510966914,0.40535714285714286,0.6212733846249607,-0.006239416083137982,0.004168324015982753
LOW_REVERSE_LONG,15,2025-03,2152,-0.0005256393996860196,-0.0004064995568913815,-0.0004566130971960162,-0.00047920750087222347,0.44144981412639406,0.7082873852113118,-0.0048996215371154275,0.003977168157445446
LOW_REVERSE_LONG,15,2025-04,2359,-0.00043631822132317706,-0.0004270644185041078,-0.00047980665069245174,-0.0004984448965255802,0.4349300551080966,0.72915393798901,-0.0046664456956980955,0.00355078297978786
LOW_REVERSE_LONG,15,2025-05,2514,-0.0004909387466831162,-0.0003622497603199098,-0.000430844113268399,-0.00046041884649813535,0.43516308671439935,0.6500206978869791,-0.0040525646468506865,0.002940190630732833
LOW_REVERSE_LONG,15,2025-06,2301,-0.0007340928498171111,-0.0004941366846634259,-0.0005782217560547783,-0.000621207400231759,0.40069534984789223,0.5052925165720137,-0.003921610003907738,0.00242571860816947
LOW_REVERSE_LONG,15,2025-07,2793,-0.0004517699612264532,-0.000408300959668994,-0.00043029606693686836,-0.00043561500499820935,0.4214106695309703,0.6615975207181809,-0.003969367876760299,0.00302921123508575
LOW_REVERSE_LONG,15,2025-08,2736,-0.0005235156267569807,-0.0004764489524590848,-0.0004814088377101884,-0.0005049332112475467,0.42141812865497075,0.6534961854853802,-0.00445575455502668,0.0032844575453932386
LOW_REVERSE_LONG,15,2025-09,2542,-0.0006451902843753466,-0.0005964068597461119,-0.0006233134718235731,-0.000634938929821167,0.3788355625491739,0.49885442959640824,-0.0035122922158451137,0.0021567642640507377
LOW_REVERSE_LONG,15,2025-10,2226,-0.0005387225139875738,-0.0005474437126671944,-0.0005667054566030972,-0.0005983855365082406,0.4272237196765499,0.6958174731610481,-0.004923502020354419,0.003569515453885331
LOW_REVERSE_LONG,15,2025-11,2246,-0.0006824538376320687,-0.0005611663633501956,-0.0006898583719628404,-0.0007000195150284223,0.42297417631344614,0.6593375752739714,-0.0058638193338923054,0.0042208963611582336
LOW_REVERSE_LONG,15,2025-12,2205,-0.000563479845361292,-0.00047328130503994034,-0.000506338336606715,-0.0005395326579482069,0.4217687074829932,0.627133704465121,-0.004299289679869611,0.0029756418242857362
LOW_REVERSE_LONG,15,2026-01,2634,-0.0005979112954820527,-0.0003908576624151555,-0.0004800431043043621,-0.0005130001926318689,0.4085041761579347,0.5628693961187446,-0.0037093361341824053,0.0025321758333918306
LOW_REVERSE_LONG,15,2026-02,2033,-0.0005132508764113759,-0.000500591480689993,-0.0005461462114590969,-0.0005558848865151528,0.4426955238563699,0.7661632344711191,-0.006311575669443935,0.005051288748090086
LOW_REVERSE_LONG,15,2026-03,1964,-0.0005511018586760895,-0.0005580466571323933,-0.000548646125511038,-0.0005786802339394474,0.40529531568228105,0.6504052377992435,-0.004455514785056036,0.0032578009573566834
LOW_REVERSE_LONG,15,2026-04,2160,-0.0006567541806226186,-0.000525088635498116,-0.0005632935002334407,-0.0005945963784404294,0.3921296296296296,0.5056298713997301,-0.0035922143374170316,0.00223390598791764
LOW_REVERSE_LONG,15,2026-05,2411,-0.00035745074314471524,-0.00037490346821817896,-0.0003636185658756153,-0.0003595705178650701,0.40647034425549566,0.6447200806990835,-0.0028140211801955355,0.002072309926163852
LOW_REVERSE_LONG,15,2026-06,2468,-0.0007028298998183274,-0.0004660085901033278,-0.0005852954384398921,-0.0006094855106970852,0.419773095623987,0.6064118083862022,-0.005089578677615413,0.0035754964766606455
LOW_REVERSE_LONG,15,2026-07,2503,-0.0006822798623773217,-0.0006337063502763301,-0.0006848969895763485,-0.0006890543664712277,0.34478625649220934,0.42696817120122654,-0.003241124980889686,0.0017068552691193576
LOW_REVERSE_LONG,30,2024-01,1661,-0.0005262805253669157,-0.0006484752233899099,-0.0005526948741208891,-0.0005397920541001478,0.43467790487658037,0.7667128961917872,-0.006443789651769238,0.005228348042409504
LOW_REVERSE_LONG,30,2024-02,2118,-0.0003825083504679417,-0.0004414962869096589,-0.00032816059850112835,-0.0003318128318821863,0.44995278564683666,0.7940081282362825,-0.0053402676712808956,0.0048781518654069655
LOW_REVERSE_LONG,30,2024-03,1985,-0.00039999976314619473,-0.00010071582454991232,-0.0003840697607788824,-0.0003985490305605907,0.49319899244332494,0.880072507398036,-0.010583669181063037,0.008609297864490965
LOW_REVERSE_LONG,30,2024-04,2107,-0.0012368297030974117,-0.0005459137865756019,-0.0008153248184344154,-0.0009180049219093952,0.4584717607973422,0.5990829924979282,-0.00821377596427899,0.005926250718929428
LOW_REVERSE_LONG,30,2024-05,2164,-0.00032522908606856575,-0.00026016816391289885,-0.00032705606678654856,-0.0003506148138048805,0.46811460258780035,0.8261127478271556,-0.005388829038387366,0.0047445193132599674
LOW_REVERSE_LONG,30,2024-06,2478,-0.000653806804154896,-0.0004640932416625881,-0.0005766123453945475,-0.0006259888643997941,0.43987086359967714,0.6684797918225489,-0.0055865185782113845,0.004052121446216034
LOW_REVERSE_LONG,30,2024-07,2792,-0.0004623375166642889,-0.00025766474276995796,-0.0004020432134211846,-0.0004368460979877205,0.4706303724928367,0.7813084859333692,-0.006418696476327101,0.005093476692411894
LOW_REVERSE_LONG,30,2024-08,2327,-0.0008722852622446251,-0.0005032701255521349,-0.0007391357856741422,-0.0008212811156024951,0.451654490760636,0.7039483092966405,-0.008182659924669156,0.005994945735579794
LOW_REVERSE_LONG,30,2024-09,2339,-0.000456876284739146,-0.00031742021276610574,-0.00038301244232018873,-0.0004162067956661184,0.46472851646002566,0.7434430750620672,-0.005135018971288673,0.004155974717832558
LOW_REVERSE_LONG,30,2024-10,2355,-0.0005130398474099138,-0.00039282081554798895,-0.00041561473317643674,-0.0004416427125703668,0.4454352441613588,0.7178454616621555,-0.005109974738815625,0.004049308989727884
LOW_REVERSE_LONG,30,2024-11,2458,3.9551607786564466e-05,6.499507279682573e-05,-3.4383109238264747e-06,1.3059139222457462e-05,0.5056956875508544,1.0173470054453817,-0.007062808388472063,0.00717139705696084
LOW_REVERSE_LONG,30,2024-12,2582,-0.0010676610797153055,-0.000681460395025712,-0.0009359518496049658,-0.0010623918222720907,0.44229279628195195,0.6524844223331235,-0.00908268932723445,0.006261189350880827
LOW_REVERSE_LONG,30,2025-01,2464,-0.00041305593880985907,-0.0004886075537825046,-0.0004961030709226704,-0.0004961261023240726,0.4448051948051948,0.8230037316855623,-0.006959955023653918,0.00575209646332396
LOW_REVERSE_LONG,30,2025-02,2240,-0.0009936720618034039,-0.0009236572728827491,-0.0009838252722284872,-0.0009709988320891257,0.41785714285714287,0.6743137050435271,-0.00865290904471546,0.006651496877432853
LOW_REVERSE_LONG,30,2025-03,2152,-0.0007096248211159888,-0.0004384792520115249,-0.0005320443951040203,-0.0005952485333078573,0.4656133828996282,0.7171863856344383,-0.007159565158791525,0.005601045968043495
LOW_REVERSE_LONG,30,2025-04,2359,-0.0003346145758321297,-0.00023171903510383837,-0.0003745072329548006,-0.00041341036462010734,0.47392963119966086,0.8441513630581607,-0.006379295323142275,0.005331293676276851
LOW_REVERSE_LONG,30,2025-05,2514,-0.0004143972790095077,-0.00031012004156656333,-0.0003474264218578919,-0.0003652822014985735,0.4618138424821002,0.7717592515697094,-0.005205920071743608,0.004502267713148216
LOW_REVERSE_LONG,30,2025-06,2301,-0.00083803537816692,-0.0006,-0.0006532039603338851,-0.0007221254532607745,0.4172099087353325,0.5803237760672086,-0.0054052488102389155,0.003750051177072656
LOW_REVERSE_LONG,30,2025-07,2793,-0.0003276893795816623,-0.00035854773400274484,-0.0003510330922653837,-0.0003531352644041086,0.45041174364482633,0.8102565684814373,-0.005094086943365683,0.004335199260757543
LOW_REVERSE_LONG,30,2025-08,2736,-0.0005346003365304791,-0.00047108895470044873,-0.00046620552805178017,-0.00048492118519203887,0.44627192982456143,0.7350405503765018,-0.005933387453659688,0.004897887659611234
LOW_REVERSE_LONG,30,2025-09,2542,-0.0004358194766620361,-0.00036521417221764216,-0.000435131649176636,-0.00045030952173702075,0.44138473642800946,0.7181332259116344,-0.0046172891548537645,0.0034851454318202153
LOW_REVERSE_LONG,30,2025-10,2226,-0.0007125786870514678,-0.0005982049559069663,-0.0007258354957821024,-0.0007751634625998391,0.4366576819407008,0.7043526689206293,-0.006976496638706541,0.005205359304564495
LOW_REVERSE_LONG,30,2025-11,2246,-0.0007395529772052704,-0.00046136928696478504,-0.0006453604450420243,-0.000689428776951874,0.45547640249332144,0.7322273950657752,-0.008271028678959246,0.006405156144413105
LOW_REVERSE_LONG,30,2025-12,2205,-0.0007149185653742596,-0.0003457334408903495,-0.0005294528938016924,-0.0006030980821256314,0.4485260770975057,0.6579366894208785,-0.005958962276678624,0.004009452264793524
LOW_REVERSE_LONG,30,2026-01,2634,-0.0006857620596369707,-0.00036344024989305387,-0.0005003869676512263,-0.0005758489314838855,0.4483675018982536,0.6186424215910702,-0.005044405920755767,0.0034834846260046546
LOW_REVERSE_LONG,30,2026-02,2033,-0.0005786899616877966,-0.00033094987711941245,-0.000488159350077905,-0.0005887989092731824,0.47614363010329563,0.8083966969376999,-0.009103044683236238,0.00718924982122131
LOW_REVERSE_LONG,30,2026-03,1964,-0.0005136629448820819,-0.0007144754617840026,-0.0005611999954300874,-0.0005438267657487384,0.4317718940936864,0.7437103571493607,-0.0056142751789514216,0.004885780294109156
LOW_REVERSE_LONG,30,2026-04,2160,-0.0007155378741911988,-0.0004269458065560666,-0.0006200108895809893,-0.0006618587857667456,0.42962962962962964,0.577773074864328,-0.004951227284184189,0.0032583987648569447
LOW_REVERSE_LONG,30,2026-05,2411,-0.0003186726462057226,-0.00027430072981211525,-0.0003504226576272627,-0.00034828635062730514,0.45043550394027376,0.7558514535786452,-0.003908616788941676,0.0030545811697705767
LOW_REVERSE_LONG,30,2026-06,2468,-0.0008350010270654326,-0.0006115319059149077,-0.0007481265596003373,-0.0007959016898951742,0.4327390599675851,0.6478283243027221,-0.006631056894185459,0.00485252505919547
LOW_REVERSE_LONG,30,2026-07,2503,-0.0006298662208144429,-0.0006115406143068597,-0.0006410547537907581,-0.0006388102257628921,0.3843387934478626,0.5807914972357582,-0.004301378836956248,0.002976538752210208
LOW_REVERSE_LONG,60,2024-01,1661,-0.0009670259203738442,-0.0007612015412441047,-0.0008424912994443985,-0.0009046378123455843,0.45755568934376883,0.7127842262767686,-0.00976877903525215,0.007888885205825803
LOW_REVERSE_LONG,60,2024-02,2118,4.8431447269188724e-05,-0.00011918620985280567,8.618056715181421e-06,5.672151787996245e-06,0.49244570349386213,1.021108588945237,-0.00686910502855089,0.00704970448279558
LOW_REVERSE_LONG,60,2024-03,1985,-0.0004138874337602537,4.7788787057734847e-05,-0.00024855321421758425,-0.00042713586893858453,0.5032745591939547,0.9071368906582223,-0.014157666122431543,0.01234958214970801
LOW_REVERSE_LONG,60,2024-04,2107,-0.0012887537428917413,-0.00047521836785631097,-0.0007993448080682185,-0.0009454524843555992,0.46938775510204084,0.6957445013670411,-0.011761577213919638,0.00868901890245828
LOW_REVERSE_LONG,60,2024-05,2164,-0.0002477157394963272,-0.00019312185590598604,-0.00027378797818899183,-0.0003003032038734117,0.4833641404805915,0.8964825650524869,-0.00758300357389191,0.006718446344141007
LOW_REVERSE_LONG,60,2024-06,2478,-0.0006898839840979798,-0.00046201477635383567,-0.000570100586440994,-0.0006374549241896068,0.4523809523809524,0.7303610748817654,-0.007427446308970508,0.005775594748766656
LOW_REVERSE_LONG,60,2024-07,2792,-0.0007041991388093328,2.1751661717850953e-05,-0.00046919555431858636,-0.0005743154359353598,0.502865329512894,0.7677372612911957,-0.00914054111856195,0.0069346656627302895
LOW_REVERSE_LONG,60,2024-08,2327,-0.0008947105661773761,-0.00043181853219615926,-0.0006276246335534146,-0.0007192558321502489,0.47443059733562526,0.7819984379397367,-0.011091522192230283,0.009326870816947542
LOW_REVERSE_LONG,60,2024-09,2339,-9.622086311239537e-05,-0.00012988582941570956,-0.00010072367027835961,-0.00012581654236262533,0.4882428388200086,0.9552852282344039,-0.00661111257458633,0.00630100821311859
LOW_REVERSE_LONG,60,2024-10,2355,-0.0004424676311310581,-0.0002877066917677634,-0.0003228590148784696,-0.0003816378141064265,0.4743099787685775,0.8094331404363166,-0.0068760896930375225,0.0058935478060805355
LOW_REVERSE_LONG,60,2024-11,2458,0.00024837061865152056,0.0003197634839378522,0.00021794705022997477,0.00022681427959524977,0.5199349064279902,1.0801275796812335,-0.0098123956980379,0.010429490378189478
LOW_REVERSE_LONG,60,2024-12,2582,-0.0010733810088773097,-0.00028782957109747484,-0.0008142742489415907,-0.000963102500589464,0.4860573199070488,0.7304891254663587,-0.012035198266310365,0.008963401018957451
LOW_REVERSE_LONG,60,2025-01,2464,-0.00034336329235697913,-0.00043507489816114683,-0.00046973913756987996,-0.0004661232123806416,0.4655032467532468,0.8872025330618524,-0.0091262921681158,0.007752627108478506
LOW_REVERSE_LONG,60,2025-02,2240,-0.0014619145476104404,-0.0007610149640655644,-0.0011020311373840044,-0.001157995039153702,0.4611607142857143,0.6677483093230009,-0.012569649171138562,0.009264088471815519
LOW_REVERSE_LONG,60,2025-03,2152,-0.0006300575340897928,-0.0003944821233409884,-0.00042678493629414935,-0.00046914057109554265,0.4711895910780669,0.8074884229558674,-0.009236125946992368,0.007970433948706893
LOW_REVERSE_LONG,60,2025-04,2359,-0.0001872665785113055,-0.00011293520918604857,-0.0002254146122715338,-0.00025958734992728645,0.4921576939381094,0.9338258331247316,-0.009014722922897489,0.0077591081488022325
LOW_REVERSE_LONG,60,2025-05,2514,-0.0002090873460250416,-0.000206005909052242,-0.00014834655546290657,-0.00017135203527107712,0.479315831344471,0.9081341489114869,-0.006893207224231611,0.006518329556096421
LOW_REVERSE_LONG,60,2025-06,2301,-0.0006805658551388047,-0.0003799511002445349,-0.0005220888632049114,-0.0006018079256943926,0.46284224250325945,0.7269727129649071,-0.0070560480616909775,0.005480819554121542
LOW_REVERSE_LONG,60,2025-07,2793,-0.00015316708223054836,-0.00024087717815797158,-0.0002315683863995694,-0.00018860269647898823,0.47261009667024706,0.930643625990871,-0.006861495715142162,0.00654602141937979
LOW_REVERSE_LONG,60,2025-08,2736,-0.0004247923587463413,-0.0003692871140568815,-0.0004486416785252796,-0.00045842954146379074,0.46381578947368424,0.8367880438820617,-0.007585510542188378,0.006831926337644557
LOW_REVERSE_LONG,60,2025-09,2542,-0.0004788559518536612,-0.0003867694446006536,-0.0004697032343074233,-0.0004608247886009412,0.4500393391030684,0.7596313017163397,-0.0060122390517393974,0.0046953828354537215
LOW_REVERSE_LONG,60,2025-10,2226,-0.0008957961146735871,-0.0006998151651754874,-0.0009245185880494428,-0.000897611391358578,0.44249775381850853,0.7306212428434109,-0.010067943514463284,0.00770240951753003
LOW_REVERSE_LONG,60,2025-11,2246,-0.000965343486631859,-0.00035321946136086465,-0.0006334624965465331,-0.0008308831611442853,0.4732858414959929,0.744705186923348,-0.01130707984689001,0.008943087683126062
LOW_REVERSE_LONG,60,2025-12,2205,-0.000694713146091464,-0.0002966420609671999,-0.00041637356645583514,-0.0005128810678737866,0.47165532879818595,0.749686470591852,-0.007755607265233876,0.00650957904705909
LOW_REVERSE_LONG,60,2026-01,2634,-0.0008652039313774955,-0.00044088027020090456,-0.0005895506195016748,-0.0006784977175568586,0.44760820045558086,0.6544809750348138,-0.007030128331086038,0.005231114568235917
LOW_REVERSE_LONG,60,2026-02,2033,-0.0014884247521770287,-0.0005046529366895086,-0.0010419556117960815,-0.0012146578881571059,0.47417609444171177,0.6662410564386982,-0.012661696908944496,0.009654517657608408
LOW_REVERSE_LONG,60,2026-03,1964,-0.00044062965080525935,-0.0006662340203527178,-0.0006467748298804296,-0.0006460911607027183,0.4409368635437882,0.8352096426955785,-0.008244787423743948,0.0068594859990909
LOW_REVERSE_LONG,60,2026-04,2160,-0.0007678190467282378,-0.0006,-0.0007215453804424717,-0.0007705538972976456,0.4236111111111111,0.652276386692722,-0.006230484960071236,0.004806352507084545
LOW_REVERSE_LONG,60,2026-05,2411,-0.0003165199036821599,-0.0003652912735295327,-0.0004392228225681247,-0.00042342262941746873,0.4562422231439237,0.8250709888820935,-0.005517456972251544,0.004559661148756323
LOW_REVERSE_LONG,60,2026-06,2468,-0.0011821955685662642,-0.0008917784033740766,-0.001025852894694942,-0.0010688043388467617,0.4246353322528363,0.6416937636675101,-0.00937342935999631,0.007017811480089251
LOW_REVERSE_LONG,60,2026-07,2503,-0.0006587031184789374,-0.0006060751034665074,-0.0006789552671753592,-0.0006884670698575735,0.42269276867758687,0.6655447616462264,-0.005835449791394009,0.0043390151853208506
