hypothesis,minutes,period,samples,mean_return,median_return,trimmed_mean_5,winsorized_mean_5,win_rate,profit_factor,q10,q90
SPOT_BUY_CATCHUP_LONG,30,2024-01,3358,-0.0006649374654844815,-0.0007382086597126463,-0.0006979293851535241,-0.000703316573926329,0.38892197736748063,0.6359498724246665,-0.00492005870570139,0.0037616124491963742
SPOT_BUY_CATCHUP_LONG,30,2024-02,3251,-0.0004052335279677684,-0.00046840720075798034,-0.00042503475528800816,-0.00042139124110702103,0.42263918794217165,0.7372101514568142,-0.004452247662244901,0.003673363603798819
SPOT_BUY_CATCHUP_LONG,30,2024-03,3778,-0.00037580205976471483,-0.00043800808704337277,-0.0003848563224938178,-0.000391637173376472,0.45314981471678134,0.8303912343648182,-0.006438845673081937,0.00593205832369262
SPOT_BUY_CATCHUP_LONG,30,2024-04,3487,-0.0006800655790903313,-0.0007348006837090798,-0.0007225604184997288,-0.0007347915975845253,0.4158302265557786,0.664785326192152,-0.005918804540600652,0.004078983587164165
SPOT_BUY_CATCHUP_LONG,30,2024-05,3728,-0.0006268201171325471,-0.000778069318952867,-0.0007120918283637943,-0.0006940503794020343,0.38143776824034337,0.6265590769659456,-0.00457994791287215,0.0034162465240554782
SPOT_BUY_CATCHUP_LONG,30,2024-06,3658,-0.0007618275715777376,-0.000695567872976876,-0.0007557469871831405,-0.0007702506095919478,0.34991798797156914,0.49104679162389414,-0.004083012997692924,0.002408190812386214
SPOT_BUY_CATCHUP_LONG,30,2024-07,3453,-0.000596968588924464,-0.0005612162581443808,-0.0005683933504283993,-0.0005845760077407515,0.41789748045178104,0.6523064666512166,-0.004848271706939133,0.0035834549988796004
SPOT_BUY_CATCHUP_LONG,30,2024-08,3728,-0.0006403410429638482,-0.0006701444760938252,-0.0006733174845805882,-0.0006870820398509681,0.4096030042918455,0.651899604302054,-0.005328395264217822,0.0037549071018106797
SPOT_BUY_CATCHUP_LONG,30,2024-09,3537,-0.0006473044796584726,-0.0006670362599128893,-0.0006604273895537761,-0.0006414715232094868,0.40429742719819056,0.5896808301877503,-0.004437408449685542,0.0030382896191845773
SPOT_BUY_CATCHUP_LONG,30,2024-10,3566,-0.0005854334390535344,-0.0006495368504286886,-0.0005979341579139699,-0.0005839872118893281,0.3844643858665171,0.5960599941717746,-0.003915989569186051,0.0028633404297043093
SPOT_BUY_CATCHUP_LONG,30,2024-11,3516,-0.0005826687451417458,-0.0006,-0.0006117454724257876,-0.0006191964482245094,0.4308873720136519,0.7122025790994472,-0.005869919069755824,0.0045189285223782745
SPOT_BUY_CATCHUP_LONG,30,2024-12,3666,-0.0007582163287731096,-0.0005347623833316767,-0.0007245364692695891,-0.0007717834054402506,0.43126022913256956,0.6252866368670094,-0.006042861173819091,0.0039868290688378945
SPOT_BUY_CATCHUP_LONG,30,2025-01,3528,-0.0004823591537061559,-0.0005969361051082028,-0.0006243287292899351,-0.0005989041979904773,0.4107142857142857,0.719169243550647,-0.004884277250488466,0.003545476982876308
SPOT_BUY_CATCHUP_LONG,30,2025-02,3114,-0.000746513897344801,-0.0006181200534332681,-0.0006607914355921598,-0.0006809734081263158,0.4161849710982659,0.6325585253113705,-0.005506446316673474,0.0042376600007172395
SPOT_BUY_CATCHUP_LONG,30,2025-03,3750,-0.0006684592718953575,-0.0006787791574898832,-0.0006702143497154477,-0.0006688069126026049,0.416,0.6625288247065213,-0.005347636856862047,0.004063283167913911
SPOT_BUY_CATCHUP_LONG,30,2025-04,3528,-0.0006947685586966825,-0.0006739215278237059,-0.0006692719225621491,-0.0006811501106013377,0.40249433106575966,0.621640503488386,-0.005132116163944433,0.0036939236754231397
SPOT_BUY_CATCHUP_LONG,30,2025-05,3634,-0.0005729596497323367,-0.0005576787405040079,-0.0005854603035250426,-0.0005762104912380403,0.41029168959823886,0.6504995852687786,-0.00468903295581261,0.003453281676335524
SPOT_BUY_CATCHUP_LONG,30,2025-06,3641,-0.0006481668103239557,-0.0007034237394714754,-0.000703174047906634,-0.0006954465243862389,0.3661082120296622,0.5704336144239133,-0.004047483337163826,0.0026928159382243917
SPOT_BUY_CATCHUP_LONG,30,2025-07,3476,-0.0005050329196664305,-0.000524022375448529,-0.0004809657985008329,-0.0004968438312323472,0.4059263521288838,0.6695801084888988,-0.004265140679175005,0.0034743157679532517
SPOT_BUY_CATCHUP_LONG,30,2025-08,3661,-0.0004906777802846318,-0.0005882864204472365,-0.0005247304807246988,-0.0005256425019679725,0.4072657743785851,0.6997428430586354,-0.0046988905841888855,0.003760541020418607
SPOT_BUY_CATCHUP_LONG,30,2025-09,3458,-0.0006105943754975718,-0.0005763801858739808,-0.0005829755740241638,-0.0005884888980826735,0.39039907460960094,0.5558964359108828,-0.0038100049284487394,0.0025814094303267692
SPOT_BUY_CATCHUP_LONG,30,2025-10,3527,-0.000511608911199973,-0.0004759446561260588,-0.0005190690596056303,-0.0005169360853907541,0.43294584632832434,0.7139025437727596,-0.0050089448078111986,0.004039420081343816
SPOT_BUY_CATCHUP_LONG,30,2025-11,3521,-0.0008917080714679078,-0.0008306012757991027,-0.0008458467386578957,-0.0008550325676915455,0.3944902016472593,0.5756522764280938,-0.005848163142899886,0.004042929395104245
SPOT_BUY_CATCHUP_LONG,30,2025-12,3652,-0.0007200855788436142,-0.0006650348357326135,-0.0006727379985309519,-0.0006915004691995409,0.38745892661555315,0.5293020751091418,-0.004047028238622518,0.002588766704108393
SPOT_BUY_CATCHUP_LONG,30,2026-01,3520,-0.0007431654875547289,-0.0006170554037189352,-0.0006906659164016081,-0.0007235268294589602,0.3613636363636364,0.4554099226854574,-0.00360726464181692,0.00200685811600434
SPOT_BUY_CATCHUP_LONG,30,2026-02,3258,-0.0007374406897676707,-0.0006,-0.000663715496090581,-0.0006904639493729526,0.4238796807857581,0.6648275023887775,-0.006176111750690637,0.004812716833024423
SPOT_BUY_CATCHUP_LONG,30,2026-03,3744,-0.0005507919765231658,-0.0006817364548069132,-0.0006288415400535647,-0.0006010331285508563,0.4046474358974359,0.679948494462411,-0.0047175275122251165,0.0035926459557730018
SPOT_BUY_CATCHUP_LONG,30,2026-04,3574,-0.0005702545568723529,-0.0005743056695524767,-0.0005835790029005535,-0.0005859596373781744,0.380805819809737,0.5498610829852815,-0.0035228954779198624,0.0022035987348807437
SPOT_BUY_CATCHUP_LONG,30,2026-05,3697,-0.0005529380632793771,-0.0006,-0.0005713089338737509,-0.0005659964182329014,0.372464160129835,0.5497401739351452,-0.0033273994381319166,0.0021998458036619492
SPOT_BUY_CATCHUP_LONG,30,2026-06,3385,-0.0007151696575183392,-0.0007244260109614092,-0.000747560822720956,-0.0007354257766768984,0.3790251107828656,0.5943558591715379,-0.004921077392516858,0.0032660864994318527
SPOT_BUY_CATCHUP_LONG,30,2026-07,3627,-0.0005757548193885187,-0.0006,-0.0006209380355304857,-0.0006129277920494356,0.358974358974359,0.5277223860197511,-0.003429515082850986,0.002192548097768455
SPOT_BUY_CATCHUP_LONG,60,2024-01,3358,-0.0007302851819670461,-0.0007458902872709111,-0.0007116286001390764,-0.0007389568997372307,0.4175104228707564,0.7080588925193106,-0.0068724229267085645,0.0053104144599041255
SPOT_BUY_CATCHUP_LONG,60,2024-02,3251,-0.0002993620380077794,-0.0004571352036715875,-0.00038287177253227444,-0.0003721969186014829,0.4500153798831129,0.85331855970053,-0.005906281701131343,0.005292396799357158
SPOT_BUY_CATCHUP_LONG,60,2024-03,3778,-0.00020647255900550882,-0.00028223478640161334,-0.0002747666850024104,-0.00023489243398517364,0.48014822657490736,0.9338866181382854,-0.00965866382362873,0.00882233629205112
SPOT_BUY_CATCHUP_LONG,60,2024-04,3487,-0.0006675944975603109,-0.0008532696407089307,-0.0007805982096540509,-0.0007624761484722182,0.429882420418698,0.758850149348277,-0.007817623902596969,0.006703359074691419
SPOT_BUY_CATCHUP_LONG,60,2024-05,3728,-0.0005444929218593275,-0.0008166270379078127,-0.000706715581142516,-0.0006659866842392894,0.4069206008583691,0.7509361277376512,-0.006150336877628436,0.005032383716243617
SPOT_BUY_CATCHUP_LONG,60,2024-06,3658,-0.0008701480180789404,-0.0007846205075335394,-0.0008464232194113094,-0.0008627106654927587,0.37752870420995077,0.5572477165700088,-0.0054784648438691895,0.003674024561261648
SPOT_BUY_CATCHUP_LONG,60,2024-07,3453,-0.000605174588951901,-0.00041277233115473097,-0.0005858972095445022,-0.0006374600707515812,0.4601795540110049,0.737187600516165,-0.0068971591805814005,0.005002469500899332
SPOT_BUY_CATCHUP_LONG,60,2024-08,3728,-0.000687428634425007,-0.0006557426574283037,-0.0007269504598875799,-0.0007059122862559034,0.4348175965665236,0.7269143341628876,-0.007172396830153404,0.005619476209119803
SPOT_BUY_CATCHUP_LONG,60,2024-09,3537,-0.0006882582435225295,-0.000715547567081764,-0.0006826781799255258,-0.0006940951743317044,0.42663273960983883,0.6730493069673295,-0.005873463202969841,0.004611435944797584
SPOT_BUY_CATCHUP_LONG,60,2024-10,3566,-0.0005464086438721597,-0.0006520155118414744,-0.0005655335512278451,-0.000547925721190495,0.425967470555244,0.7094503205630112,-0.00527666096482805,0.004322242760745821
SPOT_BUY_CATCHUP_LONG,60,2024-11,3516,-0.000333768321296565,-0.00048536675091854717,-0.0004417881022315139,-0.0004159645453040715,0.46075085324232085,0.8726563385630351,-0.007878459641595125,0.007234421074721654
SPOT_BUY_CATCHUP_LONG,60,2024-12,3666,-0.0008286382640981491,-0.000613761675936974,-0.0007357349712506735,-0.0007896593550629327,0.44435351882160395,0.6927140872332068,-0.00789668854969484,0.005831250980699854
SPOT_BUY_CATCHUP_LONG,60,2025-01,3528,-0.0005165718428443992,-0.0005953000248613665,-0.0006391166724169379,-0.0006272096657662492,0.4384920634920635,0.7811574130590061,-0.006795213293770807,0.005250549734063604
SPOT_BUY_CATCHUP_LONG,60,2025-02,3114,-0.000929752936646583,-0.0006608683194786574,-0.0008313943741588065,-0.0008696061256039674,0.43481053307642903,0.6722699255424763,-0.00818175016233693,0.006037519055259318
SPOT_BUY_CATCHUP_LONG,60,2025-03,3750,-0.0007725210935953951,-0.0006,-0.0006915064894575953,-0.0007160709446763628,0.4397333333333333,0.7168216729222026,-0.007688540157566014,0.0059495303534053525
SPOT_BUY_CATCHUP_LONG,60,2025-04,3528,-0.0006347736498542692,-0.0006735236501299696,-0.0006670230655170766,-0.0006444038296562796,0.43197278911564624,0.735079403286661,-0.00678485105268005,0.005435624616174441
SPOT_BUY_CATCHUP_LONG,60,2025-05,3634,-0.0006586759352551015,-0.0006,-0.0006039410114918775,-0.0006333982418363641,0.4364336818932306,0.7081444887727836,-0.006249255895512362,0.0051641208166577825
SPOT_BUY_CATCHUP_LONG,60,2025-06,3641,-0.0006083559376832142,-0.0006,-0.0006241356831283999,-0.0005960509790529753,0.410601483109036,0.6820117133861927,-0.005366912022432623,0.004130574323520198
SPOT_BUY_CATCHUP_LONG,60,2025-07,3476,-0.0004258790637635467,-0.0004984352731793423,-0.00042193398969004524,-0.00041896592273891076,0.43354430379746833,0.7910922219318587,-0.005936620862069763,0.0053810879498244375
SPOT_BUY_CATCHUP_LONG,60,2025-08,3661,-0.00044061831659210105,-0.0004906468124708624,-0.0004056449183854654,-0.0004184565116364812,0.448784485113357,0.7968744710940764,-0.006431820086604211,0.005439477560640272
SPOT_BUY_CATCHUP_LONG,60,2025-09,3458,-0.00042356686975358643,-0.0004377944593351829,-0.0004368958307769505,-0.00044687477023702774,0.44100636205899363,0.7548290187897595,-0.00502378949521006,0.004037693034196056
SPOT_BUY_CATCHUP_LONG,60,2025-10,3527,-0.000554401899407128,-0.0004417114266664462,-0.000514051154439597,-0.0005186215878668816,0.45676212078253475,0.7801623026130303,-0.0073310691984382,0.006297635612561271
SPOT_BUY_CATCHUP_LONG,60,2025-11,3521,-0.0010833614608365969,-0.0008499560262546607,-0.0009436035935747147,-0.0009865319240397327,0.41607497869923316,0.6270722266319095,-0.008348985013282472,0.00621803282270943
SPOT_BUY_CATCHUP_LONG,60,2025-12,3652,-0.0008614419087915453,-0.0006238073724430076,-0.0007561830160755595,-0.0008096011287090845,0.4110076670317634,0.5868749202672084,-0.005740226256360969,0.0038643294618165213
SPOT_BUY_CATCHUP_LONG,60,2026-01,3520,-0.000828032548267525,-0.000749130355857896,-0.0007557139050152062,-0.000786750147720618,0.3795454545454545,0.5414924389855912,-0.004678916525188258,0.0030236277216104876
SPOT_BUY_CATCHUP_LONG,60,2026-02,3258,-0.0006205178852260961,-0.0005334396546532,-0.00048020046810053963,-0.0004962876754211013,0.4607120933087784,0.7836457754279216,-0.008458069991157878,0.0073505285227383225
SPOT_BUY_CATCHUP_LONG,60,2026-03,3744,-0.0004884209606584269,-0.0006278751085867612,-0.0006223290703937873,-0.0006027734505759671,0.4329594017094017,0.7795859364596635,-0.006390629398918189,0.005384341104816874
SPOT_BUY_CATCHUP_LONG,60,2026-04,3574,-0.0005658442743787302,-0.0005836930901869758,-0.0005630150717650531,-0.0005594951309202118,0.4068270844991606,0.6598210572722962,-0.004805040866938081,0.0036364395969821234
SPOT_BUY_CATCHUP_LONG,60,2026-05,3697,-0.0005792723906252445,-0.0005962667808204308,-0.0005893622857193038,-0.0005868543122437354,0.413037598052475,0.6423481160516065,-0.004583979524839642,0.0034030580279035723
SPOT_BUY_CATCHUP_LONG,60,2026-06,3385,-0.0006215673062700079,-0.0007048622729373782,-0.0006897447772162994,-0.0006686908135137477,0.4262924667651403,0.7311591755032794,-0.0067647027502386586,0.005228371633187901
SPOT_BUY_CATCHUP_LONG,60,2026-07,3627,-0.0004587174602818352,-0.00043696652554621126,-0.0005217004467730993,-0.0005271657692199577,0.41770057899090157,0.7087666540071098,-0.004564274324801375,0.0036320563472494577
SPOT_BUY_CATCHUP_LONG,120,2024-01,3358,-0.000911674596930787,-0.0007395064363808873,-0.0008723668449402487,-0.0009165149566371241,0.43537820131030375,0.7418994048285502,-0.010305343600543547,0.00801204983071518
SPOT_BUY_CATCHUP_LONG,120,2024-02,3251,0.0002548349187811738,-0.00016627631535055473,2.9889258919242083e-05,5.859410389381382e-05,0.48692709935404493,1.0974021188950454,-0.007941787512893716,0.00873232821550245
SPOT_BUY_CATCHUP_LONG,120,2024-03,3778,-0.00018311390530423522,0.00011031531734933045,-0.00019094776865280808,-0.00025002461274344475,0.5068819481206988,0.9580920555620585,-0.013791671264040427,0.012534910998044544
SPOT_BUY_CATCHUP_LONG,120,2024-04,3487,-0.0009622786763184389,-0.0009904956483165021,-0.0010786189370739765,-0.0010883464927917334,0.43504445081732146,0.750424847007339,-0.011307951977269259,0.008970346658757067
SPOT_BUY_CATCHUP_LONG,120,2024-05,3728,-0.0005657837198876732,-0.0008377396391046171,-0.0007909709871094241,-0.0007277526321869532,0.4383047210300429,0.8139365075321481,-0.008677593912292824,0.007346322421260611
SPOT_BUY_CATCHUP_LONG,120,2024-06,3658,-0.0009452555863040344,-0.0007609755777181587,-0.0008243766146595983,-0.0008701372575215851,0.4144341170038272,0.6423010431574704,-0.007588715697291725,0.00571324235464874
SPOT_BUY_CATCHUP_LONG,120,2024-07,3453,-0.0005940774434617482,-0.00039750790080768036,-0.0005507908325001038,-0.0006084550852932685,0.4740805097017087,0.8088404809358892,-0.009890931133929647,0.007770216202864001
SPOT_BUY_CATCHUP_LONG,120,2024-08,3728,-0.000763987430889329,-0.0005415822080601756,-0.0006664609800812275,-0.0007362409266017651,0.46405579399141633,0.7868683771493321,-0.010328329116634937,0.00862163646288046
SPOT_BUY_CATCHUP_LONG,120,2024-09,3537,-0.0006359656306171227,-0.0006906902926506303,-0.0007262425605848975,-0.0007019301908763493,0.44387899349731413,0.775122269536598,-0.00851240537736424,0.0070235472485845616
SPOT_BUY_CATCHUP_LONG,120,2024-10,3566,-0.0005681663352041444,-0.0006344515192506333,-0.0005007757710556117,-0.0005125755729699489,0.4416713404374649,0.7779870471216969,-0.007123193277838124,0.0064860617502459535
SPOT_BUY_CATCHUP_LONG,120,2024-11,3516,0.00014928921047389885,-6.616800752663407e-05,9.600651791990584e-05,0.00014459099863223986,0.492320819112628,1.0442345863305715,-0.010270232585964833,0.011057449311600954
SPOT_BUY_CATCHUP_LONG,120,2024-12,3666,-0.0011378299296185244,-0.0006395130191127024,-0.0009516108771784123,-0.0010646407273550923,0.4536279323513366,0.7053910448470042,-0.011830828585301444,0.008744071812891985
SPOT_BUY_CATCHUP_LONG,120,2025-01,3528,-0.0003630362742308001,-0.000476559190750358,-0.000570533533081022,-0.0005408505260906807,0.4594671201814059,0.8834223911774169,-0.00918546089609984,0.007843103104524704
SPOT_BUY_CATCHUP_LONG,120,2025-02,3114,-0.0013252603708975874,-0.0008366911157088424,-0.001075825778638912,-0.0012211094225330838,0.45215157353885677,0.6737873894341876,-0.011682730693887932,0.008768089555587083
SPOT_BUY_CATCHUP_LONG,120,2025-03,3750,-0.0010236700985749637,-0.0007100688186292941,-0.0009153885234478428,-0.0009894771542472904,0.4530666666666667,0.7394015777503627,-0.011013530598694731,0.008888960389709233
SPOT_BUY_CATCHUP_LONG,120,2025-04,3528,-0.000661055526960794,-0.0008002106834269601,-0.0007353824210223138,-0.0007062623354132056,0.43820861678004536,0.8059241289033451,-0.009676829155863997,0.008350876356827878
SPOT_BUY_CATCHUP_LONG,120,2025-05,3634,-0.0006492556339669751,-0.0005336406377439256,-0.0005877189565075971,-0.0006426328152953028,0.4617501375894331,0.7882614859816354,-0.009124564730665917,0.007522197426140543
SPOT_BUY_CATCHUP_LONG,120,2025-06,3641,-0.000609895412249295,-0.0005164293291269434,-0.0006538397769632105,-0.0006060972650553895,0.4487778082944246,0.7700357182025503,-0.007763722353595747,0.006407279406762379
SPOT_BUY_CATCHUP_LONG,120,2025-07,3476,-0.00020099398686143665,-0.00035800384195900866,-0.0002328611033448382,-0.0001984895811973148,0.4643268124280783,0.9250017465544055,-0.008544243087103508,0.00823726932144946
SPOT_BUY_CATCHUP_LONG,120,2025-08,3661,-8.787444227707786e-05,-0.00032124179621335566,-0.0001106810248789685,-9.235492579680802e-05,0.47036328871892924,0.9686276193224613,-0.008545463093559035,0.008517450577727171
SPOT_BUY_CATCHUP_LONG,120,2025-09,3458,-0.00023993809776457262,-0.0003579608808258022,-0.0002703009846646125,-0.00020202348190654124,0.4650086755349913,0.8960499324803631,-0.006883501053023176,0.006540009184095897
SPOT_BUY_CATCHUP_LONG,120,2025-10,3527,-0.00046930216858942844,-0.00036580552490790227,-0.00034482684091632275,-0.00036131420472823627,0.4757584349305359,0.8704721867405452,-0.010626455287642942,0.010054746145563054
SPOT_BUY_CATCHUP_LONG,120,2025-11,3521,-0.0013707693090343294,-0.0008184837229626257,-0.0010499115792558134,-0.0011356470004860431,0.44532803180914515,0.6687202879703905,-0.011782863443061963,0.009090455164831358
SPOT_BUY_CATCHUP_LONG,120,2025-12,3652,-0.0007739830095490899,-0.0005581010578201256,-0.0006659413800000527,-0.0007573689554140424,0.44386637458926614,0.7290193602465185,-0.00799903343899434,0.006160999253451129
SPOT_BUY_CATCHUP_LONG,120,2026-01,3520,-0.0013355737799070628,-0.0007923701207787731,-0.0009797731892006438,-0.0010785976352458576,0.40795454545454546,0.5125537496404409,-0.007213716831271943,0.00450636543945382
SPOT_BUY_CATCHUP_LONG,120,2026-02,3258,-0.0009146190165826747,-0.000300169824629059,-0.0006395278823362512,-0.0007704186052706996,0.4791282995702885,0.7769756613839399,-0.012244072322427678,0.010321365543002455
SPOT_BUY_CATCHUP_LONG,120,2026-03,3744,-0.0005157991354292867,-0.0007188292562576132,-0.0007297217385498312,-0.0006966991802819044,0.45058760683760685,0.8344794247993843,-0.009170920192622188,0.007966921171460487
SPOT_BUY_CATCHUP_LONG,120,2026-04,3574,-0.00047671468038376353,-0.0005149509728636475,-0.0004938207684174464,-0.00047869320115375357,0.45047565752658086,0.7886422249069251,-0.006534399765689035,0.005779319997628841
SPOT_BUY_CATCHUP_LONG,120,2026-05,3697,-0.0005654061611040044,-0.0005506267928646163,-0.0006348040256796612,-0.0006334362631618075,0.4344062753583987,0.7436519600868299,-0.006730500019254903,0.005103330447300739
SPOT_BUY_CATCHUP_LONG,120,2026-06,3385,-0.0008080162433348961,-0.000634131440176055,-0.0008225080853288295,-0.0008072536153146417,0.4487444608567208,0.7424372782419073,-0.009309218432881615,0.0074256335290068904
SPOT_BUY_CATCHUP_LONG,120,2026-07,3627,-0.00030565966786931065,-0.0003008937997045041,-0.00037153758416438247,-0.00038034734418017634,0.4706368899917287,0.8536664750891838,-0.00633505826161409,0.005603491406402462
SPOT_BUY_REVERSE_SHORT,30,2024-01,3358,-0.0005350625345155184,-0.00046179134028735355,-0.0005020706148464763,-0.0004966834260736736,0.4243597379392495,0.6919494217401814,-0.004961612449196372,0.0037200587057013923
SPOT_BUY_REVERSE_SHORT,30,2024-02,3251,-0.0007947664720322314,-0.0007315927992420196,-0.0007749652447119918,-0.0007786087588929787,0.3777299292525377,0.5494352468277347,-0.004873363603798819,0.003252247662244901
SPOT_BUY_REVERSE_SHORT,30,2024-03,3778,-0.0008241979402352852,-0.0007619919129566271,-0.000815143677506183,-0.0008083628266235284,0.41609317098994175,0.6653040517603257,-0.007132058323692612,0.005238845673081942
SPOT_BUY_REVERSE_SHORT,30,2024-04,3487,-0.0005199344209096686,-0.0004651993162909201,-0.0004774395815002714,-0.00046520840241547474,0.4376254660166332,0.7309524027175031,-0.005278983587164165,0.004718804540600654
SPOT_BUY_REVERSE_SHORT,30,2024-05,3728,-0.0005731798828674527,-0.0004219306810471329,-0.0004879081716362061,-0.0005059496205979661,0.4281115879828326,0.6458635688271082,-0.004616246524055478,0.003379947912872151
SPOT_BUY_REVERSE_SHORT,30,2024-06,3658,-0.0004381724284222622,-0.0005044321270231239,-0.0004442530128168593,-0.0004297493904080524,0.3887370147621651,0.665858486007902,-0.0036081908123862133,0.002883012997692926
SPOT_BUY_REVERSE_SHORT,30,2024-07,3453,-0.0006030314110755356,-0.0006387837418556191,-0.0006316066495716006,-0.0006154239922592485,0.4097885896322039,0.6506346700284772,-0.004783454998879598,0.003648271706939135
SPOT_BUY_REVERSE_SHORT,30,2024-08,3728,-0.0005596589570361516,-0.0005298555239061747,-0.0005266825154194126,-0.0005129179601490321,0.42247854077253216,0.6869330453820174,-0.0049549071018106785,0.004128395264217822
SPOT_BUY_REVERSE_SHORT,30,2024-09,3537,-0.000552695520341527,-0.0005329637400871106,-0.0005395726104462243,-0.0005585284767905129,0.4153237206672321,0.636087277764949,-0.004238289619184575,0.0032374084496855434
SPOT_BUY_REVERSE_SHORT,30,2024-10,3566,-0.0006145665609464652,-0.0005504631495713113,-0.0006020658420860304,-0.0006160127881106715,0.39680314077397644,0.5772542152438549,-0.004063340429704309,0.002715989569186051
SPOT_BUY_REVERSE_SHORT,30,2024-11,3516,-0.000617331254858254,-0.0006,-0.0005882545275742132,-0.0005808035517754903,0.426905574516496,0.6977997976340817,-0.005718928522378274,0.004669919069755824
SPOT_BUY_REVERSE_SHORT,30,2024-12,3666,-0.0004417836712268903,-0.0006652376166683232,-0.0004754635307304115,-0.00042821659455974923,0.4217130387343153,0.764110819149242,-0.005186829068837894,0.0048428611738190915
SPOT_BUY_REVERSE_SHORT,30,2025-01,3528,-0.000717640846293844,-0.0006030638948917971,-0.0005756712707100652,-0.0006010958020095227,0.40816326530612246,0.609341045991143,-0.004745476982876306,0.0036842772504884665
SPOT_BUY_REVERSE_SHORT,30,2025-02,3114,-0.00045348610265519886,-0.0005818799465667318,-0.0005392085644078405,-0.000519026591873684,0.4242132305716121,0.7585965543077943,-0.005437660000717237,0.004306446316673475
SPOT_BUY_REVERSE_SHORT,30,2025-03,3750,-0.0005315407281046424,-0.0005212208425101167,-0.0005297856502845527,-0.0005311930873973951,0.4352,0.7202645353140992,-0.005263283167913912,0.004147636856862047
SPOT_BUY_REVERSE_SHORT,30,2025-04,3528,-0.0005052314413033173,-0.000526078472176294,-0.0005307280774378515,-0.0005188498893986621,0.4203514739229025,0.7078438910178642,-0.004893923675423139,0.003932116163944435
SPOT_BUY_REVERSE_SHORT,30,2025-05,3634,-0.0006270403502676632,-0.000642321259495992,-0.000614539696474958,-0.0006237895087619598,0.40286186020913595,0.625260555225679,-0.004653281676335518,0.0034890329558126144
SPOT_BUY_REVERSE_SHORT,30,2025-06,3641,-0.000551833189676044,-0.0004965762605285245,-0.000496825952093366,-0.000504553475613761,0.40812963471573743,0.6160714212510014,-0.0038928159382243914,0.002847483337163826
SPOT_BUY_REVERSE_SHORT,30,2025-07,3476,-0.0006949670803335692,-0.0006759776245514709,-0.0007190342014991672,-0.0007031561687676524,0.38003452243958574,0.57665416592324,-0.004674315767953251,0.0030651406791750054
SPOT_BUY_REVERSE_SHORT,30,2025-08,3661,-0.0007093222197153679,-0.0006117135795527634,-0.0006752695192753018,-0.0006743574980320272,0.40262223436219613,0.5939414054753777,-0.004960541020418607,0.003498890584188886
SPOT_BUY_REVERSE_SHORT,30,2025-09,3458,-0.000589405624502428,-0.000623619814126019,-0.0006170244259758364,-0.0006115111019173267,0.37767495662232503,0.5704724600818778,-0.0037814094303267637,0.002610004928448741
SPOT_BUY_REVERSE_SHORT,30,2025-10,3527,-0.0006883910888000269,-0.0007240553438739411,-0.0006809309403943703,-0.0006830639146092459,0.4062943011057556,0.6363906738566836,-0.005239420081343814,0.003808944807811202
SPOT_BUY_REVERSE_SHORT,30,2025-11,3521,-0.0003082919285320919,-0.0003693987242008972,-0.00035415326134210465,-0.0003449674323084543,0.45612042033513206,0.8262455444489551,-0.005242929395104245,0.004648163142899887
SPOT_BUY_REVERSE_SHORT,30,2025-12,3652,-0.0004799144211563856,-0.0005349651642673864,-0.0005272620014690479,-0.0005084995308004589,0.4019715224534502,0.6571656422360195,-0.003788766704108392,0.0028470282386225186
SPOT_BUY_REVERSE_SHORT,30,2026-01,3520,-0.0004568345124452708,-0.0005829445962810647,-0.0005093340835983921,-0.0004764731705410399,0.38380681818181817,0.6224997551874915,-0.00320685811600434,0.0024072646418169205
SPOT_BUY_REVERSE_SHORT,30,2026-02,3258,-0.00046255931023232917,-0.0006,-0.0005362845039094193,-0.0005095360506270482,0.43155310006138736,0.7753357758284654,-0.006012716833024422,0.004976111750690641
SPOT_BUY_REVERSE_SHORT,30,2026-03,3744,-0.0006492080234768338,-0.0005182635451930867,-0.0005711584599464354,-0.0005989668714491436,0.4166666666666667,0.6309884256019747,-0.004792645955773,0.003517527512225117
SPOT_BUY_REVERSE_SHORT,30,2026-04,3574,-0.0006297454431276468,-0.0006256943304475232,-0.0006164209970994469,-0.0006140403626218253,0.365976496922216,0.5177460932486302,-0.0034035987348807408,0.0023228954779198627
SPOT_BUY_REVERSE_SHORT,30,2026-05,3697,-0.0006470619367206226,-0.0006,-0.000628691066126249,-0.0006340035817670984,0.3670543684068163,0.49272086453684405,-0.003399845803661949,0.0021273994381319173
SPOT_BUY_REVERSE_SHORT,30,2026-06,3385,-0.0004848303424816606,-0.0004755739890385907,-0.00045243917727904405,-0.0004645742233231023,0.42274741506646973,0.7013046164337547,-0.004466086499431853,0.0037210773925168577
SPOT_BUY_REVERSE_SHORT,30,2026-07,3627,-0.000624245180611481,-0.0006,-0.0005790619644695144,-0.0005870722079505641,0.358974358974359,0.497199477197121,-0.0033925480977684544,0.0022295150828509874
SPOT_BUY_REVERSE_SHORT,60,2024-01,3358,-0.00046971481803295413,-0.0004541097127290888,-0.0004883713998609242,-0.00046104310026276994,0.44818344252531267,0.8001630298768476,-0.0065104144599041226,0.005672422926708569
SPOT_BUY_REVERSE_SHORT,60,2024-02,3251,-0.0009006379619922205,-0.0007428647963284124,-0.0008171282274677262,-0.0008278030813985168,0.4164872346970163,0.6184942897052709,-0.006492396799357158,0.004706281701131344
SPOT_BUY_REVERSE_SHORT,60,2024-03,3778,-0.0009935274409944917,-0.0009177652135983866,-0.0009252333149975905,-0.0009651075660148277,0.42456326098464797,0.7198693692925366,-0.010022336292051112,0.00845866382362874
SPOT_BUY_REVERSE_SHORT,60,2024-04,3487,-0.0005324055024396893,-0.0003467303592910692,-0.0004194017903459502,-0.0004375238515277819,0.46544307427588183,0.8010850414614612,-0.007903359074691417,0.006617623902596974
SPOT_BUY_REVERSE_SHORT,60,2024-05,3728,-0.0006555070781406724,-0.00038337296209218716,-0.0004932844188574845,-0.0005340133157607108,0.45466738197424894,0.7037440717213427,-0.006232383716243616,0.004950336877628437
SPOT_BUY_REVERSE_SHORT,60,2024-06,3658,-0.00032985198192105953,-0.0004153794924664605,-0.0003535767805886912,-0.0003372893345072417,0.432750136686714,0.8014434775581358,-0.004874024561261647,0.004278464843869191
SPOT_BUY_REVERSE_SHORT,60,2024-07,3453,-0.0005948254110480991,-0.0007872276688452689,-0.0006141027904554986,-0.0005625399292484191,0.42050390964378803,0.7436221897638238,-0.006202469500899332,0.005697159180581408
SPOT_BUY_REVERSE_SHORT,60,2024-08,3728,-0.0005125713655749934,-0.0005442573425716962,-0.0004730495401124215,-0.0004940877137440985,0.4541309012875536,0.7884258525577276,-0.0068194762091198,0.005972396830153404
SPOT_BUY_REVERSE_SHORT,60,2024-09,3537,-0.0005117417564774704,-0.0004844524329182359,-0.0005173218200744747,-0.0005059048256682955,0.4444444444444444,0.7446323850730452,-0.0058114359447975815,0.0046734632029698416
SPOT_BUY_REVERSE_SHORT,60,2024-10,3566,-0.0006535913561278401,-0.0005479844881585255,-0.0006344664487721559,-0.0006520742788095047,0.4248457655636568,0.6612470279673323,-0.005522242760745821,0.00407666096482805
SPOT_BUY_REVERSE_SHORT,60,2024-11,3516,-0.0008662316787034353,-0.0007146332490814527,-0.0007582118977684874,-0.0007840354546959285,0.43430034129692835,0.7014495296205242,-0.008434421074721653,0.006678459641595125
SPOT_BUY_REVERSE_SHORT,60,2024-12,3666,-0.000371361735901851,-0.0005862383240630259,-0.00046426502874932784,-0.0004103406449370674,0.44844517184942717,0.8493680090360424,-0.007031250980699854,0.006696688549694841
SPOT_BUY_REVERSE_SHORT,60,2025-01,3528,-0.000683428157155601,-0.0006046999751386334,-0.0005608833275830629,-0.0005727903342337509,0.4280045351473923,0.7208234574850243,-0.006450549734063603,0.005595213293770809
SPOT_BUY_REVERSE_SHORT,60,2025-02,3114,-0.0002702470633534169,-0.0005391316805213425,-0.00036860562584119466,-0.00033039387439603253,0.4511881824020552,0.8918442878992284,-0.0072375190552593106,0.0069817501623369365
SPOT_BUY_REVERSE_SHORT,60,2025-03,3750,-0.0004274789064046053,-0.0006,-0.0005084935105424063,-0.0004839290553236372,0.44133333333333336,0.8326722580587833,-0.007149530353405352,0.006488540157566014
SPOT_BUY_REVERSE_SHORT,60,2025-04,3528,-0.0005652263501457309,-0.0005264763498700303,-0.0005329769344829245,-0.0005555961703437221,0.4418934240362812,0.7597836131000203,-0.006635624616174439,0.005584851052680055
SPOT_BUY_REVERSE_SHORT,60,2025-05,3634,-0.0005413240647448984,-0.0006,-0.0005960589885081235,-0.0005666017581636358,0.4336818932305999,0.7537467468846037,-0.0063641208166577805,0.005049255895512362
SPOT_BUY_REVERSE_SHORT,60,2025-06,3641,-0.0005916440623167858,-0.0006,-0.0005758643168716007,-0.0006039490209470246,0.4163691293600659,0.68902371951553,-0.005330574323520198,0.0041669120224326235
SPOT_BUY_REVERSE_SHORT,60,2025-07,3476,-0.0007741209362364532,-0.0007015647268206576,-0.0007780660103099556,-0.000781034077261089,0.41024165707710014,0.6524069353472208,-0.006581087949824437,0.004736620862069763
SPOT_BUY_REVERSE_SHORT,60,2025-08,3661,-0.0007593816834078991,-0.0007093531875291375,-0.0007943550816145355,-0.0007815434883635185,0.4149139579349904,0.676335951931956,-0.006639477560640272,0.0052318200866042115
SPOT_BUY_REVERSE_SHORT,60,2025-09,3458,-0.0007764331302464135,-0.000762205540664817,-0.00076310416922305,-0.0007531252297629723,0.39647194910352807,0.5978241678209023,-0.005237693034196055,0.003823789495210067
SPOT_BUY_REVERSE_SHORT,60,2025-10,3527,-0.0006455981005928719,-0.0007582885733335537,-0.0006859488455604042,-0.0006813784121331183,0.42642472356110006,0.750427722615074,-0.00749763561256127,0.0061310691984382
SPOT_BUY_REVERSE_SHORT,60,2025-11,3521,-0.00011663853916340326,-0.0003500439737453392,-0.000256396406425287,-0.00021346807596026723,0.4657767679636467,0.9512452869722511,-0.00741803282270943,0.007148985013282472
SPOT_BUY_REVERSE_SHORT,60,2025-12,3652,-0.00033855809120845467,-0.0005761926275569923,-0.0004438169839244411,-0.0003903988712909157,0.4290799561883899,0.813473259268512,-0.0050643294618165175,0.004540226256360969
SPOT_BUY_REVERSE_SHORT,60,2026-01,3520,-0.0003719674517324747,-0.0004508696441421039,-0.00044428609498479396,-0.0004132498522793819,0.428125,0.7601619116211755,-0.004223627721610488,0.0034789165251882586
SPOT_BUY_REVERSE_SHORT,60,2026-02,3258,-0.0005794821147739041,-0.0006665603453468,-0.0007197995318994617,-0.0007037123245789015,0.4349294045426642,0.7972329159279683,-0.00855052852273832,0.0072580699911578795
SPOT_BUY_REVERSE_SHORT,60,2026-03,3744,-0.0007115790393415733,-0.0005721248914132387,-0.0005776709296062137,-0.0005972265494240329,0.4393696581196581,0.6937753860241319,-0.00658434110481687,0.005190629398918193
SPOT_BUY_REVERSE_SHORT,60,2026-04,3574,-0.0006341557256212697,-0.0006163069098130241,-0.0006369849282349474,-0.000640504869079788,0.3967543368774482,0.6277690901012623,-0.004836439596982122,0.0036050408669380815
SPOT_BUY_REVERSE_SHORT,60,2026-05,3697,-0.0006207276093747554,-0.0006037332191795691,-0.0006106377142806964,-0.0006131456877562648,0.404922910467947,0.6223067341686629,-0.004603058027903572,0.0033839795248396436
SPOT_BUY_REVERSE_SHORT,60,2026-06,3385,-0.0005784326937299921,-0.0004951377270626217,-0.0005102552227837018,-0.000531309186486253,0.45140324963072376,0.7463357049521568,-0.006428371633187901,0.005564702750238658
SPOT_BUY_REVERSE_SHORT,60,2026-07,3627,-0.0007412825397181646,-0.0007630334744537886,-0.0006782995532269014,-0.0006728342307800423,0.37882547559966917,0.5758552114888736,-0.004832056347249458,0.003364274324801376
SPOT_BUY_REVERSE_SHORT,120,2024-01,3358,-0.00028832540306921394,-0.0004604935636191126,-0.0003276331550597531,-0.00028348504336287865,0.4657534246575342,0.9100127911760543,-0.009212049830715172,0.009105343600543547
SPOT_BUY_REVERSE_SHORT,120,2024-02,3251,-0.001454834918781174,-0.001033723684649445,-0.0012298892589192433,-0.001258594103893814,0.41494924638572744,0.5860142655066595,-0.00993232821550245,0.006741787512893716
SPOT_BUY_REVERSE_SHORT,120,2024-03,3778,-0.0010168860946957658,-0.0013103153173493302,-0.0010090522313471924,-0.000949975387256557,0.42747485442032823,0.789600258074333,-0.013734910998044534,0.01259167126404043
SPOT_BUY_REVERSE_SHORT,120,2024-04,3487,-0.0002377213236815622,-0.00020950435168349765,-0.00012138106292602425,-0.00011165350720826746,0.4855176369371953,0.9313450812183639,-0.010170346658757067,0.01010795197726926
SPOT_BUY_REVERSE_SHORT,120,2024-05,3728,-0.0006342162801123277,-0.0003622603608953828,-0.00040902901289057705,-0.00047224736781304827,0.46915236051502146,0.7924292728209886,-0.00854632242126061,0.007477593912292827
SPOT_BUY_REVERSE_SHORT,120,2024-06,3658,-0.0002547444136959662,-0.0004390244222818412,-0.00037562338534040255,-0.0003298627424784158,0.45407326407873155,0.8880327807062378,-0.00691324235464874,0.006388715697291727
SPOT_BUY_REVERSE_SHORT,120,2024-07,3453,-0.0006059225565382527,-0.0008024920991923195,-0.0006492091674998977,-0.000591544914706733,0.4451201853460759,0.8065181996452192,-0.008970216202864,0.008690931133929651
SPOT_BUY_REVERSE_SHORT,120,2024-08,3728,-0.000436012569110672,-0.0006584177919398243,-0.0005335390199187737,-0.00046375907339823774,0.4517167381974249,0.8727540480528944,-0.009821636462880454,0.00912832911663494
SPOT_BUY_REVERSE_SHORT,120,2024-09,3537,-0.0005640343693828777,-0.0005093097073493696,-0.00047375743941510337,-0.000498069809123651,0.45942889454339836,0.7974382354109922,-0.00822354724858456,0.007312405377364242
SPOT_BUY_REVERSE_SHORT,120,2024-10,3566,-0.0006318336647958559,-0.0005655484807493666,-0.0006992242289443895,-0.000687424427030051,0.4455973079080202,0.7557303509468714,-0.007686061750245953,0.005923193277838124
SPOT_BUY_REVERSE_SHORT,120,2024-11,3516,-0.0013492892104739,-0.0011338319924733657,-0.0012960065179199079,-0.0013445909986322406,0.42775881683731515,0.6760950130565457,-0.012257449311600953,0.009070232585964833
SPOT_BUY_REVERSE_SHORT,120,2024-12,3666,-6.21700703814766e-05,-0.0005604869808872975,-0.0002483891228215893,-0.0001353592726449083,0.4656301145662848,0.9812747264671312,-0.009944071812891985,0.010630828585301445
SPOT_BUY_REVERSE_SHORT,120,2025-01,3528,-0.0008369637257692007,-0.0007234408092496419,-0.0006294664669189796,-0.00065914947390932,0.4399092970521542,0.7510331699924688,-0.009043103104524695,0.00798546089609984
SPOT_BUY_REVERSE_SHORT,120,2025-02,3114,0.00012526037089758663,-0.00036330888429115746,-0.00012417422136108927,2.110942253308302e-05,0.4765574823378292,1.0377210944866486,-0.009968089555587078,0.010482730693887934
SPOT_BUY_REVERSE_SHORT,120,2025-03,3750,-0.0001763299014250371,-0.0004899311813707058,-0.0002846114765521581,-0.00021052284575270985,0.46986666666666665,0.9495436906358057,-0.010088960389709233,0.009813530598694732
SPOT_BUY_REVERSE_SHORT,120,2025-04,3528,-0.0005389444730392067,-0.0003997893165730398,-0.000464617578977688,-0.0004937376645867959,0.4708049886621315,0.8379239101501362,-0.009550876356827874,0.008476829155863999
SPOT_BUY_REVERSE_SHORT,120,2025-05,3634,-0.0005507443660330259,-0.0006663593622560743,-0.0006122810434924043,-0.0005573671847046976,0.4488167308750688,0.8178858130259473,-0.008722197426140532,0.007924564730665941
SPOT_BUY_REVERSE_SHORT,120,2025-06,3641,-0.0005901045877507055,-0.0006835706708730565,-0.000546160223036791,-0.0005939027349446105,0.43751716561384235,0.7773607780450773,-0.007607279406762379,0.006563722353595747
SPOT_BUY_REVERSE_SHORT,120,2025-07,3476,-0.0009990060131385634,-0.0008419961580409912,-0.000967138896655163,-0.0010015104188026852,0.42491369390103567,0.6782626377108099,-0.009437269321449459,0.007344243087103509
SPOT_BUY_REVERSE_SHORT,120,2025-08,3661,-0.001112125557722923,-0.0008787582037866442,-0.0010893189751210333,-0.0011076450742031924,0.4250204862059547,0.667288070767462,-0.00971745057772717,0.0073454630935590355
SPOT_BUY_REVERSE_SHORT,120,2025-09,3458,-0.0009600619022354278,-0.0008420391191741977,-0.0009296990153353882,-0.0009979765180934594,0.4123770965876229,0.6443036720517831,-0.0077400091840958965,0.005683501053023179
SPOT_BUY_REVERSE_SHORT,120,2025-10,3527,-0.0007306978314105721,-0.0008341944750920976,-0.000855173159083678,-0.0008386857952717647,0.4505245250921463,0.8061581081136496,-0.011254746145563054,0.009426455287642948
SPOT_BUY_REVERSE_SHORT,120,2025-11,3521,0.0001707693090343285,-0.0003815162770373742,-0.00015008842074418804,-6.435299951395718e-05,0.477989207611474,1.0509845480041746,-0.010290455164831357,0.010582863443061963
SPOT_BUY_REVERSE_SHORT,120,2025-12,3652,-0.00042601699045091045,-0.0006418989421798743,-0.0005340586199999481,-0.0004426310445859582,0.43838992332968235,0.8413799403729545,-0.007360999253451127,0.006799033438994343
SPOT_BUY_REVERSE_SHORT,120,2026-01,3520,0.0001355737799070628,-0.0004076298792212268,-0.0002202268107993568,-0.00012140236475414507,0.45397727272727273,1.0685517612077005,-0.005706365439453819,0.0060137168312719425
SPOT_BUY_REVERSE_SHORT,120,2026-02,3258,-0.00028538098341732653,-0.0008998301753709409,-0.0005604721176637495,-0.0004295813947293023,0.44751381215469616,0.9250581279283635,-0.011521365543002447,0.01104407232242768
SPOT_BUY_REVERSE_SHORT,120,2026-03,3744,-0.0006842008645707141,-0.00048117074374238674,-0.0004702782614501705,-0.000503300819718096,0.46447649572649574,0.7855839342668521,-0.009166921171460472,0.007970920192622195
SPOT_BUY_REVERSE_SHORT,120,2026-04,3574,-0.0007232853196162365,-0.0006850490271363524,-0.0007061792315825544,-0.0007213067988462466,0.4280917739227756,0.6973655979098738,-0.00697931999762884,0.0053343997656890435
SPOT_BUY_REVERSE_SHORT,120,2026-05,3697,-0.0006345938388959957,-0.0006493732071353836,-0.0005651959743203397,-0.0005665637368381927,0.4308899107384366,0.7173975887575941,-0.006303330447300736,0.005530500019254903
SPOT_BUY_REVERSE_SHORT,120,2026-06,3385,-0.00039198375666510453,-0.0005658685598239449,-0.00037749191467117185,-0.000392746384685359,0.45583456425406205,0.8660032903460319,-0.008625633529006891,0.008109218432881614
SPOT_BUY_REVERSE_SHORT,120,2026-07,3627,-0.0008943403321306896,-0.0008991062002954958,-0.0008284624158356183,-0.0008196526558198237,0.3967466225530742,0.6313749905870893,-0.006803491406402461,0.00513505826161409
SPOT_SELL_CATCHUP_SHORT,30,2024-01,3445,-0.000633879157120534,-0.0007485286085263215,-0.0006696586346989057,-0.0006459605650849362,0.390711175616836,0.6568756175808917,-0.0049885992132528085,0.003859957645911983
SPOT_SELL_CATCHUP_SHORT,30,2024-02,3252,-0.0008567363507492409,-0.0007671674931894573,-0.0008459394311042454,-0.0008465716197107867,0.36162361623616235,0.4930553626245361,-0.004713964506941147,0.0027717217386842305
SPOT_SELL_CATCHUP_SHORT,30,2024-03,3724,-0.0008510400377346956,-0.000831320963438919,-0.0008213743449406815,-0.0007961017052964819,0.4105800214822771,0.6640828202050213,-0.006974310135637317,0.00568058403987234
SPOT_SELL_CATCHUP_SHORT,30,2024-04,3482,-0.0004987771486344054,-0.000617583430770407,-0.0005997465205980311,-0.0005747122298110279,0.4152785755313039,0.7491959736118474,-0.005567846902489614,0.004581044197250262
SPOT_SELL_CATCHUP_SHORT,30,2024-05,3707,-0.0007683908468751095,-0.0007452236117274185,-0.0007539396036955425,-0.0007338478128500778,0.3798219584569733,0.5504666998885667,-0.004502310129238718,0.0030845078603384487
SPOT_SELL_CATCHUP_SHORT,30,2024-06,3542,-0.000581854451763844,-0.0005857559306027932,-0.0005939260813458621,-0.0005891812898948518,0.3740824392998306,0.5689793788739017,-0.00362628108985159,0.0025524789153182586
SPOT_SELL_CATCHUP_SHORT,30,2024-07,3620,-0.0007834792538931538,-0.0008130033937635111,-0.0007968284485219634,-0.0007960246648758637,0.3914364640883978,0.5808315887555612,-0.005145907731371933,0.0035919140539816038
SPOT_SELL_CATCHUP_SHORT,30,2024-08,3602,-0.0007462157965132274,-0.0008791355241099635,-0.0007934569973328916,-0.0007718347323976739,0.38423098278734036,0.6209702874542973,-0.005208813242028065,0.00370657499664351
SPOT_SELL_CATCHUP_SHORT,30,2024-09,3518,-0.0006332003960946853,-0.0006607576785834895,-0.000662285475257263,-0.0006599356994325351,0.3911313246162592,0.6028923519030217,-0.004346855319408748,0.0031633773435517216
SPOT_SELL_CATCHUP_SHORT,30,2024-10,3582,-0.00060427697987375,-0.0006719371445989658,-0.0006654347271420402,-0.0006579112953690578,0.3807928531546622,0.5935870775401544,-0.004080377028529191,0.0028794169761389163
SPOT_SELL_CATCHUP_SHORT,30,2024-11,3444,-0.0006604795729514666,-0.0007586798679479306,-0.0006996223607353116,-0.0006874137536716017,0.4099883855981417,0.6892902567994659,-0.005819756925953689,0.00468145154559067
SPOT_SELL_CATCHUP_SHORT,30,2024-12,3652,-0.0005957020475742072,-0.0007545684548666104,-0.000623319511992438,-0.0005960784965717527,0.40991237677984665,0.6894975426067509,-0.005207331189609853,0.004399166730547245
SPOT_SELL_CATCHUP_SHORT,30,2025-01,3609,-0.0005226189461080855,-0.0005163345872815744,-0.00051588188719512,-0.0004994168078014795,0.4134109171515655,0.70667553267254,-0.005000874608952154,0.0041079772166037285
SPOT_SELL_CATCHUP_SHORT,30,2025-02,3119,-0.00048616803755615587,-0.00058955023151459,-0.0005518511104314278,-0.0005202936709728445,0.424174414876563,0.7497366513208971,-0.0056404578629658305,0.0045570329974586
SPOT_SELL_CATCHUP_SHORT,30,2025-03,3869,-0.0004975929585577696,-0.0006696815552925222,-0.0005438467691604138,-0.0005167225238112191,0.41948823985525974,0.7414916228113327,-0.005338821020900463,0.0044838069281177865
SPOT_SELL_CATCHUP_SHORT,30,2025-04,3442,-0.0006804659545791676,-0.0007362467438392744,-0.0007185303634165759,-0.000687983224010806,0.3840790238233585,0.6072075297879941,-0.0046736907929127314,0.0033430247861255076
SPOT_SELL_CATCHUP_SHORT,30,2025-05,3564,-0.0009692786558306121,-0.0009360382208847934,-0.0009874371119271684,-0.0009904823885104406,0.3661616161616162,0.5005013524265712,-0.005250390661888437,0.0032636582489379636
SPOT_SELL_CATCHUP_SHORT,30,2025-06,3664,-0.0007956964758244296,-0.0007649876164950825,-0.0007867481307878626,-0.000794826422457161,0.35043668122270744,0.4927847056095655,-0.00416931616375955,0.0025005471691858746
SPOT_SELL_CATCHUP_SHORT,30,2025-07,3467,-0.0006325221007467964,-0.0006768873864915864,-0.0006549478369393108,-0.0006369849601678666,0.38275165849437554,0.6008683796095325,-0.004459679909109204,0.003223439308202459
SPOT_SELL_CATCHUP_SHORT,30,2025-08,3584,-0.00079791149223932,-0.0007609279948319164,-0.0008151324721944188,-0.0008075351277104131,0.3803013392857143,0.5640640918491752,-0.005109722651489523,0.003407870027242724
SPOT_SELL_CATCHUP_SHORT,30,2025-09,3483,-0.000601361539504593,-0.0007029442042412842,-0.0006379947570416441,-0.0006178894001323119,0.37180591444157335,0.5829737094565249,-0.0039227572365195355,0.0028773443442127408
SPOT_SELL_CATCHUP_SHORT,30,2025-10,3535,-0.0006041508575307227,-0.0007163402720276707,-0.0006241769484749889,-0.0005999374960670384,0.411032531824611,0.6897471550316602,-0.005407763704129895,0.004462199056535753
SPOT_SELL_CATCHUP_SHORT,30,2025-11,3681,-0.0004538435575791555,-0.0006898823358512768,-0.0005292430835962918,-0.0004872266710929671,0.4180929095354523,0.7686928941078144,-0.0054503791514684645,0.00498329306920069
SPOT_SELL_CATCHUP_SHORT,30,2025-12,3583,-0.000813561303439808,-0.0008325723867373508,-0.0008377506480837063,-0.0008235821380569311,0.33854312029025957,0.45381306600965793,-0.003977822862977142,0.0022053315034331407
SPOT_SELL_CATCHUP_SHORT,30,2026-01,3475,-0.000599270558608372,-0.0006956663158901971,-0.0006444136116993384,-0.0006359322483718554,0.3548201438848921,0.5548340377838837,-0.0035086146660966867,0.0023406428219913573
SPOT_SELL_CATCHUP_SHORT,30,2026-02,3214,-0.00030140336280824715,-0.0005528061394574729,-0.00039492299451947965,-0.00033724024066081006,0.44088363410080894,0.844074586041213,-0.005401650805482915,0.005089909118448871
SPOT_SELL_CATCHUP_SHORT,30,2026-03,3758,-0.0005575168748219924,-0.0005781864241686912,-0.0005415859430148065,-0.0005256771088121615,0.4108568387440128,0.6673979229210499,-0.004708110393758867,0.0036256421064167744
SPOT_SELL_CATCHUP_SHORT,30,2026-04,3519,-0.0006744540786348554,-0.0007159823706797791,-0.0007085812217542337,-0.000705014589053795,0.3512361466325661,0.504456252766802,-0.0036397841333874353,0.0022344632129515556
SPOT_SELL_CATCHUP_SHORT,30,2026-05,3694,-0.00047701123283944125,-0.000568429248588142,-0.0005323011398895451,-0.0005087980286747733,0.3730373578776394,0.578006380544768,-0.003026350541070299,0.0021157882705343583
SPOT_SELL_CATCHUP_SHORT,30,2026-06,3484,-0.0004900584840327178,-0.0005395117496713281,-0.00047678535039828447,-0.0004651516833935047,0.42365097588978184,0.7125713397108585,-0.0048198826597173556,0.003873055399431598
SPOT_SELL_CATCHUP_SHORT,30,2026-07,3609,-0.0006599421844678043,-0.0006346428323978464,-0.0006469434824056483,-0.0006510974056616252,0.3602105846494874,0.4987616835150034,-0.0035561986930396244,0.0021598862092892654
SPOT_SELL_CATCHUP_SHORT,60,2024-01,3445,-0.0006593081562461643,-0.0007826375711573291,-0.0006865581872046715,-0.0006723628488383333,0.40870827285921624,0.7215563224563871,-0.006420873183807773,0.005394458097107236
SPOT_SELL_CATCHUP_SHORT,60,2024-02,3252,-0.0011449809925290601,-0.001018374140574884,-0.0010923184248141447,-0.001114499843269426,0.36685116851168514,0.5160410249364228,-0.0063903360746710314,0.003886518358437064
SPOT_SELL_CATCHUP_SHORT,60,2024-03,3724,-0.0010981277692175774,-0.0011241276974260465,-0.0011283793469025864,-0.001060584297205472,0.4041353383458647,0.6870232861213895,-0.009702838074855058,0.007730430215973785
SPOT_SELL_CATCHUP_SHORT,60,2024-04,3482,-0.0003635195442342565,-0.0006765769688155781,-0.0004899930428902633,-0.00039817364383210464,0.44485927627800115,0.8653414798715295,-0.007728709985041336,0.007295991782754376
SPOT_SELL_CATCHUP_SHORT,60,2024-05,3707,-0.0008924479410393387,-0.0007581429499306619,-0.0007650876186781078,-0.000785469337902133,0.4181278661990828,0.6263491000066482,-0.006362435267140509,0.004968609924784207
SPOT_SELL_CATCHUP_SHORT,60,2024-06,3542,-0.0005205868687176649,-0.0005555485323269321,-0.0004981406289007837,-0.0004835068942874029,0.4113495200451722,0.6990587719435101,-0.0046683043810859404,0.0038022179797738845
SPOT_SELL_CATCHUP_SHORT,60,2024-07,3620,-0.0008769569558732224,-0.0009366677047074162,-0.0009011300703580127,-0.0009055721755366013,0.4165745856353591,0.658633925911874,-0.007147833288030857,0.005193631597039916
SPOT_SELL_CATCHUP_SHORT,60,2024-08,3602,-0.0006878377471161458,-0.0010808959072996054,-0.000826550921802412,-0.0007666013510469129,0.40227651304830647,0.7412236679643068,-0.0070151448192946825,0.006201998485612393
SPOT_SELL_CATCHUP_SHORT,60,2024-09,3518,-0.0006918920700993385,-0.000655876114130382,-0.0006690747751629064,-0.0006766012974686971,0.4320636725412166,0.6791286304712603,-0.006294636814586439,0.004656787605106584
SPOT_SELL_CATCHUP_SHORT,60,2024-10,3582,-0.0005744989924758192,-0.0008118643883481929,-0.0006645551623517536,-0.0006065505944624773,0.4006141820212172,0.7071212400168463,-0.005574677333092403,0.00438048479637029
SPOT_SELL_CATCHUP_SHORT,60,2024-11,3444,-0.0008146128236061912,-0.0008923301896511354,-0.0008804827216158319,-0.0008321609356532855,0.4245063879210221,0.7198671344136535,-0.008488942962690314,0.007149430656986563
SPOT_SELL_CATCHUP_SHORT,60,2024-12,3652,-0.0005056113319640822,-0.0007529460026085116,-0.0006006245996480143,-0.0005306258540221532,0.4307228915662651,0.8052904748037496,-0.007396073560021165,0.006759328825259527
SPOT_SELL_CATCHUP_SHORT,60,2025-01,3609,-0.0005743091301869095,-0.0005064239928883157,-0.0005245262536024723,-0.000515333466289411,0.4452756996397894,0.764027244483982,-0.006878680418252191,0.005899140692480166
SPOT_SELL_CATCHUP_SHORT,60,2025-02,3119,-5.364464205122882e-05,-0.0004619726460457046,-0.00023803472054395125,-0.00018179036031426012,0.454953510740622,0.9783900242318659,-0.007467718462980665,0.00774951922600149
SPOT_SELL_CATCHUP_SHORT,60,2025-03,3869,-0.0004199255776107626,-0.0006543585968686421,-0.0005788821237208942,-0.0005261542027055202,0.441457741018351,0.8357448800247905,-0.007236548523830532,0.006407304657472969
SPOT_SELL_CATCHUP_SHORT,60,2025-04,3442,-0.0007227456596205723,-0.0008211260219897592,-0.0007696322077289116,-0.0007262388323481554,0.41429401510749564,0.6904403108428665,-0.006255778075744843,0.004971691110513911
SPOT_SELL_CATCHUP_SHORT,60,2025-05,3564,-0.0012036681567120981,-0.0009651206027526221,-0.0011981912106315826,-0.0012184935271603566,0.38608305274971944,0.5282898852156398,-0.0073160616181631825,0.00437954762343933
SPOT_SELL_CATCHUP_SHORT,60,2025-06,3664,-0.0008389611513906706,-0.0008022920687654305,-0.0008839154026840816,-0.0008901145257379835,0.3736353711790393,0.5877087313113205,-0.005584286417874762,0.0038345045733731466
SPOT_SELL_CATCHUP_SHORT,60,2025-07,3467,-0.0008114266263492893,-0.0007662133575097701,-0.0007675755887392053,-0.0007390511447049621,0.4023651571964234,0.6248350255181547,-0.006244937958649886,0.004724650517589659
SPOT_SELL_CATCHUP_SHORT,60,2025-08,3584,-0.0009494065021538623,-0.0008250150127846017,-0.0009658822976403004,-0.0009883531484899814,0.4037388392857143,0.6101923963849886,-0.007029247502591284,0.004876520128353791
SPOT_SELL_CATCHUP_SHORT,60,2025-09,3483,-0.0006846280695370913,-0.0007644724546019382,-0.0007148164032439433,-0.0006913199013089996,0.3985070341659489,0.6473318795736639,-0.005550237243844312,0.0041745681496920435
SPOT_SELL_CATCHUP_SHORT,60,2025-10,3535,-0.0005981047806658374,-0.0007190574314731129,-0.0006419059193947236,-0.0005838981786719117,0.4353606789250354,0.7728346386707667,-0.007576751142643954,0.006729253862825145
SPOT_SELL_CATCHUP_SHORT,60,2025-11,3681,-0.0002850385925886334,-0.0006887774239011207,-0.00043461553159788633,-0.00038553259716428423,0.4349361586525401,0.887586703842966,-0.007116544783143674,0.007169533531063355
SPOT_SELL_CATCHUP_SHORT,60,2025-12,3583,-0.0009652919121320161,-0.0009253433593868315,-0.0009125468339774694,-0.0009320213061500588,0.36924365057214625,0.5200194991982329,-0.005316083304166174,0.003531242621616216
SPOT_SELL_CATCHUP_SHORT,60,2026-01,3475,-0.00046484356131427105,-0.0006066947100634262,-0.0005554346811033662,-0.0005298530869084679,0.40489208633093526,0.7240096309632975,-0.004561622705147327,0.003708547237867355
SPOT_SELL_CATCHUP_SHORT,60,2026-02,3214,2.9053669946556714e-05,-0.00032066920621216463,-0.00010739280605546561,-1.5024657805869707e-05,0.4735532047293093,1.0114961805043088,-0.007524837498389391,0.008097335100513438
SPOT_SELL_CATCHUP_SHORT,60,2026-03,3758,-0.00048127327388799486,-0.0004786553886218064,-0.0004487316033091363,-0.00043638005122470784,0.44997339010111764,0.7833255528487507,-0.006610361691029686,0.005535469733138923
SPOT_SELL_CATCHUP_SHORT,60,2026-04,3519,-0.0007263809780970039,-0.0007171508903468065,-0.0007463563978758854,-0.0007457667187282924,0.3910201761864166,0.5953574455734734,-0.005002791103085546,0.0034991842067994944
SPOT_SELL_CATCHUP_SHORT,60,2026-05,3694,-0.0005053875704245237,-0.0007414483767463448,-0.0005869617877037723,-0.0005367955739392547,0.38548998375744453,0.6713673120205067,-0.004020180810381002,0.0032733603540221284
SPOT_SELL_CATCHUP_SHORT,60,2026-06,3484,-0.00033575985357622954,-0.0004112015027965093,-0.0003403450837091715,-0.0003219614501585823,0.45149253731343286,0.8472763794629598,-0.006143201661219154,0.006009587756763093
SPOT_SELL_CATCHUP_SHORT,60,2026-07,3609,-0.0007552556897107985,-0.0007473906191540308,-0.000700158700301561,-0.000720604693399638,0.3876420060958714,0.5679017126069889,-0.004770136724673501,0.0032897530322997044
SPOT_SELL_CATCHUP_SHORT,120,2024-01,3445,-0.0006953506922143949,-0.0007887445342729776,-0.0007562309429222375,-0.0007369655898607089,0.43831640058055155,0.7910673508182535,-0.009858264857037578,0.008168035914912863
SPOT_SELL_CATCHUP_SHORT,120,2024-02,3252,-0.0015680770442662079,-0.00122837005844929,-0.0014635936684851809,-0.0015028985324181156,0.3892988929889299,0.5264827650249501,-0.009021319557248718,0.005782494138876617
SPOT_SELL_CATCHUP_SHORT,120,2024-03,3724,-0.0017821214498214165,-0.0017570682421342403,-0.0017235816560687701,-0.0017669641582398266,0.39339419978517726,0.6466029640999935,-0.014241629109595054,0.010804942739084613
SPOT_SELL_CATCHUP_SHORT,120,2024-04,3482,4.1159971330974587e-05,-0.0006338168391725845,-0.00025425677412207467,-6.11737225402002e-05,0.46151636990235495,1.0115997155098362,-0.010578010234316149,0.011097135861156729
SPOT_SELL_CATCHUP_SHORT,120,2024-05,3707,-0.0011957766549525667,-0.0010317574187548965,-0.0010705507388260734,-0.0010898382199360948,0.41165362827083896,0.640315083933586,-0.008886937764565039,0.006646829319739879
SPOT_SELL_CATCHUP_SHORT,120,2024-06,3542,-0.0004403458334705484,-0.0006279914161206429,-0.0005188032847111421,-0.0004757516136170511,0.4268774703557312,0.8151806160510571,-0.0069872932497903485,0.006003690165001209
SPOT_SELL_CATCHUP_SHORT,120,2024-07,3620,-0.0008612554787271548,-0.0009109678202597443,-0.0009295534126663434,-0.0009104844020429969,0.43370165745856354,0.7391646133334381,-0.00950407207127506,0.007478197048021252
SPOT_SELL_CATCHUP_SHORT,120,2024-08,3602,-0.0003511784893797175,-0.0009846818152352103,-0.0006710998879829193,-0.0005218257064688249,0.4289283731260411,0.9013245176124746,-0.00965027336757871,0.009824324019226277
SPOT_SELL_CATCHUP_SHORT,120,2024-09,3518,-0.0009233079125133339,-0.0009608954135408959,-0.0008493513914361625,-0.0008680936125552158,0.4286526435474702,0.6934457851125229,-0.008890416511192687,0.006872993346650195
SPOT_SELL_CATCHUP_SHORT,120,2024-10,3582,-0.0008268018661469549,-0.0009099556591575902,-0.0008523148828439324,-0.0008043241298716371,0.41457286432160806,0.6883127579011339,-0.007548771608180703,0.006074800348804534
SPOT_SELL_CATCHUP_SHORT,120,2024-11,3444,-0.0010190426610532297,-0.0010955427859658633,-0.0009983146418595327,-0.0009866443819848622,0.4329268292682927,0.7420951551660052,-0.01163048208485402,0.009805254777213947
SPOT_SELL_CATCHUP_SHORT,120,2024-12,3652,-0.00035678217625849986,-0.0007488449418461934,-0.0005092567713368521,-0.00038603185360704584,0.4529025191675794,0.89470207613716,-0.009769137412567196,0.009839523286731511
SPOT_SELL_CATCHUP_SHORT,120,2025-01,3609,-0.0005302490382114294,-0.0005251290084777421,-0.00047646945133375567,-0.00041785635672050234,0.45580493211415907,0.8392394516304493,-0.009245099211647134,0.00852662074577833
SPOT_SELL_CATCHUP_SHORT,120,2025-02,3119,0.00025114615345639944,-0.00048462647822340385,5.128224162324039e-05,0.0001325269255731801,0.4729079833279897,1.0733293966634907,-0.010498129035438163,0.011637451184498313
SPOT_SELL_CATCHUP_SHORT,120,2025-03,3869,-0.0003286031266800581,-0.0007373778979270046,-0.0004985429166368772,-0.00041572720699992584,0.45696562419229775,0.9038516450670672,-0.009873267910374238,0.00961873682248682
SPOT_SELL_CATCHUP_SHORT,120,2025-04,3442,-0.0009291521795942749,-0.0009196892044101673,-0.0008222243767309909,-0.0008053507710279407,0.4302730970366066,0.7266117750863718,-0.009198457091113797,0.007934712798585522
SPOT_SELL_CATCHUP_SHORT,120,2025-05,3564,-0.0013635974087494757,-0.001056480677677673,-0.0013220613607965242,-0.0013761537225610015,0.414983164983165,0.6007989832956787,-0.010255138219208737,0.006790321059009386
SPOT_SELL_CATCHUP_SHORT,120,2025-06,3664,-0.0009862990064348578,-0.0009994002412738283,-0.0011235848488347594,-0.0011823410741167361,0.39874454148471616,0.6582910872315622,-0.008008996007571144,0.005494225419887767
SPOT_SELL_CATCHUP_SHORT,120,2025-07,3467,-0.0009942915159251325,-0.0008633635776667642,-0.0009387631170941757,-0.0009665932679623839,0.43726564753389097,0.6827298183927117,-0.009233555768429656,0.00679874080773313
SPOT_SELL_CATCHUP_SHORT,120,2025-08,3584,-0.001000961181339911,-0.0009594377294763306,-0.0010638681343750397,-0.001088399553292113,0.42159598214285715,0.6928239961830968,-0.009671345917561846,0.007237649493356472
SPOT_SELL_CATCHUP_SHORT,120,2025-09,3483,-0.0006792556018597793,-0.0007700747967243731,-0.0007550612269563877,-0.0007669182179439128,0.42405971863336206,0.7410640792525106,-0.007825768219073059,0.006272354284706495
SPOT_SELL_CATCHUP_SHORT,120,2025-10,3535,-0.0008855021929045199,-0.001040056305565095,-0.0008831625361419582,-0.0008140411314782926,0.4353606789250354,0.777262196513417,-0.010801517918337899,0.01011378904839286
SPOT_SELL_CATCHUP_SHORT,120,2025-11,3681,0.00023595173557366592,-0.0005272462713714171,-0.00011443230490063797,3.751705795455666e-05,0.4667209997283347,1.0753157356487846,-0.009586809682562713,0.010480677290836505
SPOT_SELL_CATCHUP_SHORT,120,2025-12,3583,-0.0010835245082703065,-0.0009966679888933731,-0.0009845674040764912,-0.0009997795598933874,0.3812447669550656,0.6036951546005486,-0.007164174097754804,0.005189608476685689
SPOT_SELL_CATCHUP_SHORT,120,2026-01,3475,-0.000266863615442836,-0.0006852528718886524,-0.0005398528814178308,-0.0004818277936966899,0.4172661870503597,0.8800087586790664,-0.006365200277197956,0.00565596237862982
SPOT_SELL_CATCHUP_SHORT,120,2026-02,3214,0.00039791412752041624,-2.276609246472047e-05,0.00023995932956563488,0.00035205886835375444,0.49657747355320475,1.115164323914309,-0.011033561962851057,0.011998776800167626
SPOT_SELL_CATCHUP_SHORT,120,2026-03,3758,-0.00035755838164214346,-0.00017387171319195257,-0.00016880275235412942,-0.00018630191043686234,0.48642895156998406,0.8827863501751735,-0.00921802197598489,0.008901194981246889
SPOT_SELL_CATCHUP_SHORT,120,2026-04,3519,-0.0006341241922690034,-0.0007564732574848015,-0.000638409998976144,-0.0006027383309946173,0.4205740267121341,0.7325665592232846,-0.006637944502719927,0.005509030390640471
SPOT_SELL_CATCHUP_SHORT,120,2026-05,3694,-0.0005505345490518435,-0.0007695765105723667,-0.0006282991467576363,-0.0005705061373231447,0.40362750406063885,0.7346893433423566,-0.005744575248120731,0.005035563326211915
SPOT_SELL_CATCHUP_SHORT,120,2026-06,3484,-0.00020966586039796722,-0.00025488711919781023,-0.00024262933958508839,-0.00021803885719134182,0.48392652123995405,0.9296729225460623,-0.009184892338115746,0.008714928964324634
SPOT_SELL_CATCHUP_SHORT,120,2026-07,3609,-0.0009619887787369888,-0.0008707092582567849,-0.0008875424690941189,-0.0008835761830997516,0.39650872817955113,0.5954008792826564,-0.006545112002729624,0.004598350960965553
SPOT_SELL_REVERSE_LONG,30,2024-01,3445,-0.0005661208428794659,-0.0004514713914736784,-0.0005303413653010946,-0.0005540394349150637,0.4313497822931785,0.6835612564590833,-0.005059957645911982,0.0037885992132528083
SPOT_SELL_REVERSE_LONG,30,2024-02,3252,-0.00034326364925075885,-0.0004328325068105426,-0.00035406056889575473,-0.0003534283802892135,0.4332718327183272,0.7536443199412849,-0.00397172173868423,0.003513964506941149
SPOT_SELL_REVERSE_LONG,30,2024-03,3724,-0.00034895996226530436,-0.0003686790365610809,-0.00037862565505931967,-0.0004038982947035179,0.45435016111707843,0.8452909487471727,-0.006880584039872338,0.0057743101356373195
SPOT_SELL_REVERSE_LONG,30,2024-04,3482,-0.0007012228513655945,-0.0005824165692295929,-0.0006002534794019693,-0.0006252877701889719,0.4330844342331993,0.6635019289291351,-0.005781044197250261,0.004367846902489615
SPOT_SELL_REVERSE_LONG,30,2024-05,3707,-0.00043160915312489027,-0.00045477638827258135,-0.0004460603963044579,-0.0004661521871499221,0.4248718640410035,0.7149687411491,-0.004284507860338448,0.003302310129238718
SPOT_SELL_REVERSE_LONG,30,2024-06,3542,-0.0006181455482361556,-0.0006142440693972067,-0.0006060739186541378,-0.0006108187101051478,0.37662337662337664,0.5489189477279437,-0.003752478915318257,0.0024262810898515908
SPOT_SELL_REVERSE_LONG,30,2024-07,3620,-0.00041652074610684615,-0.00038699660623648876,-0.0004031715514780373,-0.00040397533512413704,0.44613259668508287,0.7475915582975519,-0.004791914053981604,0.003945907731371934
SPOT_SELL_REVERSE_LONG,30,2024-08,3602,-0.00045378420348677234,-0.0003208644758900364,-0.0004065430026671089,-0.00042816526760232674,0.4480843975569128,0.745235538487649,-0.004906574996643508,0.004008813242028065
SPOT_SELL_REVERSE_LONG,30,2024-09,3518,-0.0005667996039053144,-0.0005392423214165104,-0.0005377145247427377,-0.0005400643005674647,0.4198408186469585,0.6339243652724033,-0.004363377343551722,0.0031468553194087486
SPOT_SELL_REVERSE_LONG,30,2024-10,3582,-0.0005957230201262497,-0.0005280628554010341,-0.0005345652728579602,-0.0005420887046309423,0.4089893914014517,0.5934639259328719,-0.004079416976138916,0.002880377028529192
SPOT_SELL_REVERSE_LONG,30,2024-11,3444,-0.0005395204270485333,-0.0004413201320520693,-0.0005003776392646887,-0.0005125862463283981,0.44889663182346107,0.7354590545023449,-0.005881451545590665,0.00461975692595369
SPOT_SELL_REVERSE_LONG,30,2024-12,3652,-0.0006042979524257926,-0.00044543154513338953,-0.0005766804880075628,-0.0006039215034282474,0.4430449069003286,0.6823691535706604,-0.005599166730547244,0.004007331189609855
SPOT_SELL_REVERSE_LONG,30,2025-01,3609,-0.0006773810538919142,-0.0006836654127184255,-0.0006841181128048803,-0.0007005831921985203,0.40648379052369077,0.6379374326226639,-0.0053079772166037195,0.003800874608952156
SPOT_SELL_REVERSE_LONG,30,2025-02,3119,-0.0007138319624438439,-0.0006104497684854099,-0.0006481488895685725,-0.0006797063290271552,0.4158384097467137,0.653453574082468,-0.005757032997458599,0.0044404578629658326
SPOT_SELL_REVERSE_LONG,30,2025-03,3869,-0.0007024070414422303,-0.0005303184447074777,-0.0006561532308395867,-0.0006832774761887808,0.4254329284052727,0.652245117403319,-0.0056838069281177845,0.00413882102090047
SPOT_SELL_REVERSE_LONG,30,2025-04,3442,-0.0005195340454208323,-0.00046375325616072546,-0.000481469636583424,-0.0005120167759891938,0.4363742010459035,0.68028076775084,-0.004543024786125503,0.003473690792912732
SPOT_SELL_REVERSE_LONG,30,2025-05,3564,-0.00023072134416938765,-0.00026396177911520654,-0.00021256288807283233,-0.00020951761148955926,0.4632435465768799,0.8474400085599563,-0.004463658248937962,0.004050390661888437
SPOT_SELL_REVERSE_LONG,30,2025-06,3664,-0.0004043035241755702,-0.0004350123835049174,-0.0004132518692121375,-0.0004051735775428387,0.4112991266375546,0.6968159797972399,-0.0037005471691858743,0.002969316163759552
SPOT_SELL_REVERSE_LONG,30,2025-07,3467,-0.0005674778992532034,-0.0005231126135084135,-0.0005450521630606893,-0.0005630150398321334,0.405826362849726,0.6307497989113027,-0.004423439308202459,0.0032596799091092043
SPOT_SELL_REVERSE_LONG,30,2025-08,3584,-0.00040208850776067963,-0.0004390720051680835,-0.00038486752780558163,-0.0003924648722895869,0.4375,0.748877073977194,-0.004607870027242721,0.003909722651489531
SPOT_SELL_REVERSE_LONG,30,2025-09,3483,-0.0005986384604954066,-0.0004970557957587157,-0.0005620052429583559,-0.0005821105998676884,0.40625897215044504,0.5782913418742883,-0.00407734434421274,0.002722757236519536
SPOT_SELL_REVERSE_LONG,30,2025-10,3535,-0.000595849142469277,-0.0004836597279723292,-0.0005758230515250117,-0.0006000625039329619,0.43422913719943423,0.6909121095884864,-0.005662199056535754,0.004207763704129893
SPOT_SELL_REVERSE_LONG,30,2025-11,3681,-0.0007461564424208445,-0.0005101176641487231,-0.000670756916403709,-0.0007127733289070327,0.43792447704428145,0.6441347676367722,-0.00618329306920069,0.004250379151468465
SPOT_SELL_REVERSE_LONG,30,2025-12,3583,-0.00038643869656019165,-0.00036742761326264914,-0.00036224935191629367,-0.0003764178619430688,0.41975997767234163,0.6840936890637672,-0.003405331503433139,0.0027778228629771425
SPOT_SELL_REVERSE_LONG,30,2026-01,3475,-0.0006007294413916277,-0.0005043336841098028,-0.0005555863883006614,-0.0005640677516281445,0.3864748201438849,0.5458638001948469,-0.003540642821991357,0.002308614666096686
SPOT_SELL_REVERSE_LONG,30,2026-02,3214,-0.0008985966371917528,-0.000647193860542527,-0.0008050770054805213,-0.0008627597593391898,0.4212818917237088,0.5990219233085243,-0.006289909118448866,0.0042016508054829186
SPOT_SELL_REVERSE_LONG,30,2026-03,3758,-0.0006424831251780075,-0.0006218135758313087,-0.000658414056985194,-0.0006743228911878386,0.4148483235763704,0.6266712145735326,-0.004825642106416771,0.0035081103937588706
SPOT_SELL_REVERSE_LONG,30,2026-04,3519,-0.0005255459213651444,-0.0004840176293202208,-0.0004914187782457663,-0.0004949854109462049,0.40011366865586817,0.5820269520722161,-0.0034344632129515544,0.002439784133387436
SPOT_SELL_REVERSE_LONG,30,2026-05,3694,-0.0007229887671605586,-0.0006315707514118579,-0.0006676988601104546,-0.0006912019713252264,0.3562533838657282,0.4282606859739879,-0.003315788270534358,0.0018263505410703006
SPOT_SELL_REVERSE_LONG,30,2026-06,3484,-0.0007099415159672821,-0.0006604882503286718,-0.0007232146496017161,-0.000734848316606495,0.3912169919632606,0.6117623605960997,-0.005073055399431591,0.0036198826597173567
SPOT_SELL_REVERSE_LONG,30,2026-07,3609,-0.0005400578155321955,-0.0005653571676021535,-0.0005530565175943517,-0.0005489025943383746,0.37572734829592686,0.56684355321526,-0.0033598862092892637,0.0023561986930396247
SPOT_SELL_REVERSE_LONG,60,2024-01,3445,-0.0005406918437538357,-0.0004173624288426708,-0.0005134418127953293,-0.0005276371511616666,0.4455732946298984,0.7632728714540664,-0.0065944580971072355,0.005220873183807773
SPOT_SELL_REVERSE_LONG,60,2024-02,3252,-5.5019007470939946e-05,-0.00018162585942511575,-0.00010768157518585572,-8.550015673057396e-05,0.4806273062730627,0.9686243364775122,-0.005086518358437064,0.005190336074671032
SPOT_SELL_REVERSE_LONG,60,2024-03,3724,-0.00010187223078242304,-7.587230257395325e-05,-7.162065309741482e-05,-0.00013941570279452805,0.4924812030075188,0.9655884822687485,-0.008930430215973784,0.00850283807485506
SPOT_SELL_REVERSE_LONG,60,2024-04,3482,-0.0008364804557657437,-0.0005234230311844218,-0.000710006957109738,-0.000801826356167896,0.4600804135554279,0.7141934932511524,-0.008495991782754375,0.006528709985041342
SPOT_SELL_REVERSE_LONG,60,2024-05,3707,-0.00030755205896066144,-0.00044185705006933803,-0.000434912381321893,-0.00041453066209786745,0.45103857566765576,0.851918802597036,-0.006168609924784207,0.005162435267140509
SPOT_SELL_REVERSE_LONG,60,2024-06,3542,-0.0006794131312823349,-0.0006444514676730678,-0.0007018593710992168,-0.0007164931057125973,0.3901750423489554,0.6261312327210053,-0.005002217979773881,0.003468304381085941
SPOT_SELL_REVERSE_LONG,60,2024-07,3620,-0.0003230430441267778,-0.0002633322952925837,-0.0002988699296419887,-0.00029442782446339875,0.47375690607734805,0.8567393206226888,-0.006393631597039916,0.0059478332880308574
SPOT_SELL_REVERSE_LONG,60,2024-08,3602,-0.0005121622528838542,-0.00011910409270039443,-0.00037344907819758896,-0.0004333986489530875,0.4861188228761799,0.7965749769972239,-0.007401998485612392,0.005815144819294684
SPOT_SELL_REVERSE_LONG,60,2024-09,3518,-0.0005081079299006614,-0.0005441238858696179,-0.0005309252248370944,-0.000523398702531303,0.43547470153496304,0.7532962145684384,-0.005856787605106583,0.005094636814586445
SPOT_SELL_REVERSE_LONG,60,2024-10,3582,-0.0006255010075241807,-0.00038813561165180696,-0.0005354448376482469,-0.0005934494055375229,0.44667783361250696,0.6801602407170227,-0.0055804847963702876,0.004374677333092404
SPOT_SELL_REVERSE_LONG,60,2024-11,3444,-0.00038538717639380896,-0.0003076698103488645,-0.0003195172783841692,-0.00036783906434671466,0.47038327526132406,0.8553246947616137,-0.008349430656986543,0.007288942962690324
SPOT_SELL_REVERSE_LONG,60,2024-12,3652,-0.0006943886680359178,-0.0004470539973914883,-0.000599375400351987,-0.0006693741459778469,0.4649507119386637,0.7402455096450679,-0.007959328825259526,0.006196073560021166
SPOT_SELL_REVERSE_LONG,60,2025-01,3609,-0.0006256908698130906,-0.0006935760071116842,-0.0006754737463975287,-0.0006846665337105888,0.42643391521197005,0.746833727824341,-0.0070991406924801655,0.005678680418252199
SPOT_SELL_REVERSE_LONG,60,2025-02,3119,-0.0011463553579487713,-0.0007380273539542953,-0.0009619652794560497,-0.0010182096396857399,0.4360371914075024,0.6232821418315786,-0.00894951922600149,0.0062677184629806705
SPOT_SELL_REVERSE_LONG,60,2025-03,3869,-0.0007800744223892375,-0.0005456414031313578,-0.0006211178762791074,-0.0006738457972944799,0.45722408891186356,0.7140273786401907,-0.007607304657472968,0.0060365485238305355
SPOT_SELL_REVERSE_LONG,60,2025-04,3442,-0.00047725434037942786,-0.00037887397801024067,-0.0004303677922710893,-0.0004737611676518447,0.45496804183614176,0.7816571556558131,-0.00617169111051391,0.0050557780757448465
SPOT_SELL_REVERSE_LONG,60,2025-05,3564,3.668156712098099e-06,-0.0002348793972473778,-1.8087893684184393e-06,1.849352716035665e-05,0.4783950617283951,1.0019376329392924,-0.005579547623439329,0.0061160616181631855
SPOT_SELL_REVERSE_LONG,60,2025-06,3664,-0.00036103884860932945,-0.00039770793123456935,-0.00031608459731591933,-0.00030988547426201636,0.43777292576419213,0.7942607254927101,-0.005034504573373144,0.004384286417874763
SPOT_SELL_REVERSE_LONG,60,2025-07,3467,-0.0003885733736507105,-0.00043378664249022977,-0.00043242441126079554,-0.00046094885529503773,0.44505336025382175,0.7983560002863362,-0.005924650517589657,0.00504493795864989
SPOT_SELL_REVERSE_LONG,60,2025-08,3584,-0.00025059349784613776,-0.00037498498721539816,-0.00023411770235970078,-0.00021164685151001851,0.462890625,0.8779020923555311,-0.00607652012835379,0.005829247502591285
SPOT_SELL_REVERSE_LONG,60,2025-09,3483,-0.0005153719304629085,-0.0004355275453980617,-0.0004851835967560572,-0.0005086800986910006,0.4384151593453919,0.7186862622419214,-0.005374568149692036,0.004350237243844315
SPOT_SELL_REVERSE_LONG,60,2025-10,3535,-0.0006018952193341627,-0.00048094256852688696,-0.0005580940806052776,-0.0006161018213280886,0.4534653465346535,0.7704460260075697,-0.007929253862825145,0.006376751142643954
SPOT_SELL_REVERSE_LONG,60,2025-11,3681,-0.0009149614074113668,-0.0005112225760988792,-0.0007653844684021148,-0.0008144674028357158,0.4534093996196686,0.6774722896086484,-0.008369533531063355,0.005916544783143674
SPOT_SELL_REVERSE_LONG,60,2025-12,3583,-0.00023470808786798364,-0.0002746566406131684,-0.00028745316602253086,-0.0002679786938499412,0.45994976276862964,0.8522769802350189,-0.004731242621616215,0.004116083304166175
SPOT_SELL_REVERSE_LONG,60,2026-01,3475,-0.0007351564386857287,-0.0005933052899365737,-0.0006445653188966339,-0.000670146913091532,0.40345323741007194,0.595172519410595,-0.004908547237867355,0.0033616227051473276
SPOT_SELL_REVERSE_LONG,60,2026-02,3214,-0.0012290536699465571,-0.0008793307937878353,-0.0010926071939445356,-0.0011849753421941305,0.43217174859987556,0.6137031617820645,-0.009297335100513436,0.006324837498389394
SPOT_SELL_REVERSE_LONG,60,2026-03,3758,-0.000718726726112005,-0.0007213446113781935,-0.0007512683966908649,-0.0007636199487752926,0.42655667908461947,0.6949491683049319,-0.00673546973313892,0.005410361691029686
SPOT_SELL_REVERSE_LONG,60,2026-04,3519,-0.0004736190219029959,-0.00048284910965319336,-0.00045364360212411456,-0.00045423328127170733,0.4293833475419153,0.7125499463181906,-0.0046991842067994885,0.003802791103085551
SPOT_SELL_REVERSE_LONG,60,2026-05,3694,-0.0006946124295754762,-0.00045855162325365514,-0.0006130382122962278,-0.0006632044260607451,0.41526800216567405,0.5675819649389076,-0.004473360354022126,0.002820180810381003
SPOT_SELL_REVERSE_LONG,60,2026-06,3484,-0.0008642401464237704,-0.0007887984972034906,-0.0008596549162908294,-0.0008780385498414177,0.4216417910447761,0.6520482202014121,-0.007209587756763091,0.004943201661219159
SPOT_SELL_REVERSE_LONG,60,2026-07,3609,-0.0004447443102892013,-0.0004526093808459691,-0.0004998412996984392,-0.00047939530660036193,0.4203380437794403,0.7158496094833003,-0.004489753032299703,0.0035701367246735016
SPOT_SELL_REVERSE_LONG,120,2024-01,3445,-0.0005046493077856057,-0.0004112554657270223,-0.00044376905707776385,-0.00046303441013929213,0.4661828737300435,0.8430440691991237,-0.009368035914912864,0.008658264857037579
SPOT_SELL_REVERSE_LONG,120,2024-02,3252,0.0003680770442662075,2.8370058449290222e-05,0.0002635936684851795,0.0003028985324181155,0.5027675276752768,1.1617450714698345,-0.006982494138876615,0.007821319557248723
SPOT_SELL_REVERSE_LONG,120,2024-03,3724,0.0005821214498214153,0.0005570682421342405,0.0005235816560687687,0.0005669641582398251,0.5322234156820623,1.154181428364128,-0.01200494273908461,0.013041629109595066
SPOT_SELL_REVERSE_LONG,120,2024-04,3482,-0.0012411599713309756,-0.0005661831608274153,-0.0009457432258779264,-0.0011388262774598007,0.46323951751866743,0.7035909891556276,-0.012297135861156726,0.009378010234316149
SPOT_SELL_REVERSE_LONG,120,2024-05,3707,-4.22334504743371e-06,-0.00016824258124510324,-0.00012944926117392777,-0.00011016178006390567,0.48691664418667385,0.9984258008348078,-0.007846829319739878,0.007686937764565039
SPOT_SELL_REVERSE_LONG,120,2024-06,3542,-0.0007596541665294519,-0.000572008583879357,-0.0006811967152888593,-0.0007242483863829495,0.4192546583850932,0.7011662545805349,-0.007203690165001208,0.00578729324979035
SPOT_SELL_REVERSE_LONG,120,2024-07,3620,-0.0003387445212728461,-0.0002890321797402556,-0.000270446587333658,-0.00028951559795700385,0.475414364640884,0.8875812461009275,-0.008678197048021252,0.008304072071275058
SPOT_SELL_REVERSE_LONG,120,2024-08,3602,-0.0008488215106202829,-0.00021531818476478945,-0.000528900112017082,-0.0006781742935311767,0.4858411993337035,0.7751178194087727,-0.01102432401922627,0.00845027336757871
SPOT_SELL_REVERSE_LONG,120,2024-09,3518,-0.0002766920874866665,-0.000239104586459104,-0.0003506486085638385,-0.0003319063874447848,0.4752700397953383,0.8957482073036231,-0.008072993346650192,0.007690416511192695
SPOT_SELL_REVERSE_LONG,120,2024-10,3582,-0.0003731981338530454,-0.0002900443408424097,-0.0003476851171560688,-0.000395675870128363,0.4715242881072027,0.8439268077802803,-0.007274800348804533,0.006348771608180705
SPOT_SELL_REVERSE_LONG,120,2024-11,3444,-0.00018095733894677075,-0.00010445721403413652,-0.0002016853581404683,-0.0002133556180151384,0.49506387921022066,0.9482173447711492,-0.011005254777213945,0.010430482084854023
SPOT_SELL_REVERSE_LONG,120,2024-12,3652,-0.0008432178237415005,-0.0004511550581538065,-0.0006907432286631496,-0.0008139681463929549,0.46987951807228917,0.7671148306436577,-0.01103952328673151,0.008569137412567197
SPOT_SELL_REVERSE_LONG,120,2025-01,3609,-0.0006697509617885714,-0.0006748709915222578,-0.0007235305486662447,-0.0007821436432794984,0.4499861457467442,0.801470593597818,-0.009726620745778325,0.008045099211647136
SPOT_SELL_REVERSE_LONG,120,2025-02,3119,-0.0014511461534564005,-0.000715373521776596,-0.001251282241623242,-0.0013325269255731805,0.44725873677460726,0.6616340335583348,-0.012837451184498304,0.009298129035438168
SPOT_SELL_REVERSE_LONG,120,2025-03,3869,-0.0008713968733199424,-0.00046262210207299534,-0.000701457083363124,-0.0007842727930000747,0.4662703540966658,0.7632800118807243,-0.010818736822486817,0.008673267910374245
SPOT_SELL_REVERSE_LONG,120,2025-04,3442,-0.0002708478204057256,-0.0002803107955898326,-0.00037777562326901,-0.00039464922897205964,0.4755955839628123,0.9109832251060453,-0.009134712798585519,0.0079984570911138
SPOT_SELL_REVERSE_LONG,120,2025-05,3564,0.00016359740874947502,-0.00014351932232232686,0.0001220613607965226,0.000176153722561001,0.48625140291806956,1.0627010344962413,-0.007990321059009386,0.009055138219208737
SPOT_SELL_REVERSE_LONG,120,2025-06,3664,-0.00021370099356514283,-0.0002005997587261715,-7.641515116524154e-05,-1.7658925883264032e-05,0.48498908296943233,0.9128867359547368,-0.006694225419887767,0.0068089960075711446
SPOT_SELL_REVERSE_LONG,120,2025-07,3467,-0.00020570848407486808,-0.00033663642233323573,-0.0002612368829058258,-0.00023340673203761715,0.4721661378713585,0.9243003707354391,-0.007998740807733128,0.008033555768429661
SPOT_SELL_REVERSE_LONG,120,2025-08,3584,-0.00019903881866008958,-0.00024056227052366927,-0.00013613186562496163,-0.00011160044670788728,0.482421875,0.9294801853390393,-0.008437649493356469,0.008471345917561863
SPOT_SELL_REVERSE_LONG,120,2025-09,3483,-0.000520744398140221,-0.00042992520327562675,-0.00044493877304361325,-0.0004330817820560878,0.4587998851564743,0.7935589520916451,-0.007472354284706494,0.0066257682190730615
SPOT_SELL_REVERSE_LONG,120,2025-10,3535,-0.000314497807095481,-0.00015994369443490472,-0.00031683746385804273,-0.000385958868521708,0.49165487977369166,0.9139915893545957,-0.011313789048392862,0.0096015179183379
SPOT_SELL_REVERSE_LONG,120,2025-11,3681,-0.0014359517355736666,-0.0006727537286285828,-0.0010855676950993634,-0.001237517057954557,0.4582993751697908,0.6385442873396429,-0.011680677290836505,0.008386809682562713
SPOT_SELL_REVERSE_LONG,120,2025-12,3583,-0.00011647549172969379,-0.00020333201110662666,-0.0002154325959235094,-0.0002002204401066152,0.4780909852079263,0.9468168089942433,-0.006389608476685679,0.005964174097754805
SPOT_SELL_REVERSE_LONG,120,2026-01,3475,-0.0009331363845571642,-0.0005147471281113475,-0.0006601471185821702,-0.0007181722063033107,0.43798561151079135,0.6331998588675616,-0.0068559623786298195,0.005165200277197955
SPOT_SELL_REVERSE_LONG,120,2026-02,3214,-0.0015979141275204172,-0.0011772339075352793,-0.0014399593295656363,-0.0015520588683537553,0.4362165525824518,0.6441532156252143,-0.01319877680016762,0.009833561962851064
SPOT_SELL_REVERSE_LONG,120,2026-03,3758,-0.0008424416183578574,-0.0010261282868080472,-0.0010311972476458714,-0.0010136980895631394,0.4321447578499202,0.7467434447052724,-0.010101194981246885,0.008018021975984892
SPOT_SELL_REVERSE_LONG,120,2026-04,3519,-0.000565875807730997,-0.0004435267425151984,-0.0005615900010238566,-0.0005972616690053829,0.4521170787155442,0.7556911721054852,-0.006709030390640457,0.005437944502719933
SPOT_SELL_REVERSE_LONG,120,2026-05,3694,-0.0006494654509481565,-0.00043042348942763317,-0.0005717008532423645,-0.0006294938626768553,0.4431510557661072,0.6906667805795698,-0.006235563326211912,0.004544575248120741
SPOT_SELL_REVERSE_LONG,120,2026-06,3484,-0.0009903341396020333,-0.0009451128808021897,-0.0009573706604149129,-0.0009819611428086585,0.43771526980482206,0.7086795194976564,-0.00991492896432462,0.007984892338115748
SPOT_SELL_REVERSE_LONG,120,2026-07,3609,-0.00023801122126301127,-0.000329290741743215,-0.00031245753090588185,-0.00031642381690024854,0.4613466334164589,0.879477852329895,-0.0057983509609655474,0.005345112002729629
DISAGREE_BUY_CATCHUP_LONG,30,2024-01,2060,-0.0006676877908884383,-0.0007310038189779594,-0.0007029450596025049,-0.0007131802328523903,0.3907766990291262,0.6328417162144483,-0.004795307339667576,0.0036416269474355517
DISAGREE_BUY_CATCHUP_LONG,30,2024-02,2088,-0.00039315123996130734,-0.0005019501079242644,-0.0004502781917115162,-0.0004502627994221277,0.4166666666666667,0.7412640178144394,-0.004378895391923619,0.003559649382640418
DISAGREE_BUY_CATCHUP_LONG,30,2024-03,2344,-0.00036111970488380586,-0.0004218374501327554,-0.0003977428601356969,-0.0003882025790901526,0.45307167235494883,0.8360459666411025,-0.006482653855774333,0.0058958289515257944
DISAGREE_BUY_CATCHUP_LONG,30,2024-04,2060,-0.0006375469019557245,-0.0007215002127616382,-0.0006625918595446776,-0.0006746462849941598,0.41893203883495145,0.6800191499709375,-0.005590191209101169,0.004102848628306771
DISAGREE_BUY_CATCHUP_LONG,30,2024-05,2288,-0.0006686492931006164,-0.0007344622548589136,-0.0007257760753055486,-0.0007180510420028519,0.38767482517482516,0.6016744814982969,-0.004770922702516721,0.003275387333722904
DISAGREE_BUY_CATCHUP_LONG,30,2024-06,2308,-0.0007298750580991779,-0.0006659700057142886,-0.0007171858989400893,-0.0007318166032494461,0.3648180242634315,0.508893404847958,-0.004097287000725846,0.002505559842736107
DISAGREE_BUY_CATCHUP_LONG,30,2024-07,2122,-0.0006059816892688679,-0.0005517101856780776,-0.00057470354514267,-0.0005873846619341999,0.42082940622054665,0.6478904388397804,-0.004801634593811964,0.0034967056947388785
DISAGREE_BUY_CATCHUP_LONG,30,2024-08,2201,-0.0005992833521802235,-0.0006188426824442311,-0.0006472298080668714,-0.0006423636720771866,0.4102680599727397,0.6719679539728982,-0.0052516049734824925,0.003749193757949621
DISAGREE_BUY_CATCHUP_LONG,30,2024-09,2129,-0.0005960180932931737,-0.0006262842681145736,-0.0006175609870585954,-0.0005945921301290145,0.40911225927665573,0.6185810455955995,-0.004501839110537452,0.0032260464282871893
DISAGREE_BUY_CATCHUP_LONG,30,2024-10,2369,-0.0005826122362011284,-0.0006846367391156288,-0.0006073985876291365,-0.000590179948156138,0.3824398480371465,0.6014780017827415,-0.003924329389132207,0.0029818808264659128
DISAGREE_BUY_CATCHUP_LONG,30,2024-11,2316,-0.0005940420858405621,-0.0006262992085461877,-0.0006232226523563526,-0.0006373133232710589,0.4326424870466321,0.7090023653926669,-0.005854513759374968,0.0045557413165895795
DISAGREE_BUY_CATCHUP_LONG,30,2024-12,2494,-0.0007604193482367994,-0.0005583796986633021,-0.0007641531543253501,-0.0008046297145484428,0.43504410585404973,0.6341014439784239,-0.0062567520025006975,0.004039065634758755
DISAGREE_BUY_CATCHUP_LONG,30,2025-01,2333,-0.00045637301151389703,-0.000570829322365251,-0.0006091571100712573,-0.0005853039301603811,0.4123446206600943,0.7357577170589771,-0.005003546879682696,0.0035358725974337776
DISAGREE_BUY_CATCHUP_LONG,30,2025-02,1931,-0.0009025058154492346,-0.0006020694935949361,-0.0007046047255433237,-0.0007653763886691724,0.4205075090626618,0.5742658254673552,-0.005724340617935208,0.004088747007182803
DISAGREE_BUY_CATCHUP_LONG,30,2025-03,2349,-0.0005980968003941562,-0.0006479149031319403,-0.0006380359819597827,-0.000637517039378804,0.4210302256279268,0.6948598919186889,-0.005336344709426276,0.004076568727781174
DISAGREE_BUY_CATCHUP_LONG,30,2025-04,2351,-0.0007169462353586265,-0.0006794091955849118,-0.0006944738670353689,-0.0007279508308275852,0.4040833687792429,0.6054397026057474,-0.005016902894060159,0.0035139486144532446
DISAGREE_BUY_CATCHUP_LONG,30,2025-05,2452,-0.0005035868426755184,-0.0005354161358982029,-0.0005314071795537008,-0.0005122192755464066,0.41353996737357257,0.6877067477856696,-0.004475784283483862,0.0035119239138975866
DISAGREE_BUY_CATCHUP_LONG,30,2025-06,2455,-0.0005620652862062478,-0.0006698714365567898,-0.0006369817595254611,-0.0006212445557516621,0.37556008146639513,0.6230689324892213,-0.003976859909739726,0.0029011661077976707
DISAGREE_BUY_CATCHUP_LONG,30,2025-07,2342,-0.0005769626675439807,-0.0005809066320142214,-0.0005195583079563934,-0.0005389425718828138,0.4026473099914603,0.6287114115679653,-0.004219155325725353,0.003269816141707694
DISAGREE_BUY_CATCHUP_LONG,30,2025-08,2476,-0.00041642819824088843,-0.0005433700129148894,-0.00044708753327474173,-0.00044831323940163755,0.42205169628432954,0.7391812422442405,-0.004626712588385661,0.0038577514578415524
DISAGREE_BUY_CATCHUP_LONG,30,2025-09,2286,-0.0005926661850919871,-0.0005399173425626008,-0.0005596541426854899,-0.0005720102134957022,0.39720034995625547,0.5655447116084699,-0.0038152800468276397,0.002610337800565788
DISAGREE_BUY_CATCHUP_LONG,30,2025-10,2109,-0.0006493492139096348,-0.0005498452367303613,-0.000616122541349963,-0.0006525400470786937,0.4267425320056899,0.6525764207094483,-0.0052761111864764836,0.0038839275899925207
DISAGREE_BUY_CATCHUP_LONG,30,2025-11,2218,-0.0009229495197777944,-0.0008612794766770343,-0.000885319163537494,-0.000885440299434707,0.38999098286744815,0.5696377484130332,-0.005855820037454916,0.0041474194389642845
DISAGREE_BUY_CATCHUP_LONG,30,2025-12,2369,-0.0007168221852346974,-0.0006033401732659754,-0.000667544143634005,-0.0006853324408582002,0.39341494301392993,0.5315475825705424,-0.004075356197515511,0.0026361822025514196
DISAGREE_BUY_CATCHUP_LONG,30,2026-01,2339,-0.0007389419933474776,-0.0006110416712673089,-0.0006936153669732118,-0.0007301289056729654,0.3638306968790081,0.45779100607221,-0.003621034401554412,0.001984278189499579
DISAGREE_BUY_CATCHUP_LONG,30,2026-02,2136,-0.000684413873398941,-0.0005334169871137989,-0.0006052389749836813,-0.0006195390801212793,0.43352059925093633,0.6861005442274153,-0.0061792101555336425,0.004856179814186557
DISAGREE_BUY_CATCHUP_LONG,30,2026-03,2511,-0.0005604948648638787,-0.000646655573008203,-0.0006165589787226877,-0.0005937463413217828,0.40860215053763443,0.6727956614810511,-0.0046659169871104515,0.003609056688247115
DISAGREE_BUY_CATCHUP_LONG,30,2026-04,2479,-0.0005574564396530852,-0.0005277138604798498,-0.0005604192145346745,-0.0005672060401803258,0.39330375151270675,0.5566352873698683,-0.0035479295073060904,0.0022485433564531803
DISAGREE_BUY_CATCHUP_LONG,30,2026-05,2507,-0.0005256136108148535,-0.0006,-0.0005690882281860012,-0.0005569304417707868,0.37455125648185084,0.5715249572801309,-0.0033896018220837647,0.0022043261895065016
DISAGREE_BUY_CATCHUP_LONG,30,2026-06,2386,-0.0006698999764560957,-0.0006866708249261938,-0.0006911155082311349,-0.0006814268855353077,0.38809723386420786,0.6170006502821069,-0.004838248534626121,0.003419436836061319
DISAGREE_BUY_CATCHUP_LONG,30,2026-07,2629,-0.0005654911021085538,-0.0006,-0.0006165689152892218,-0.0006105186706826099,0.36287561810574365,0.5390202301956781,-0.0035022950726172333,0.0022324510225654637
DISAGREE_BUY_CATCHUP_LONG,60,2024-01,2060,-0.0007991945602952932,-0.0007362930182238764,-0.0007450684006657438,-0.0007814570290896122,0.4140776699029126,0.6847845407606253,-0.006903645753336628,0.005080045433231688
DISAGREE_BUY_CATCHUP_LONG,60,2024-02,2088,-0.00028179301928544403,-0.00048183109106898433,-0.00039235392732401485,-0.00036644576616724604,0.44492337164750956,0.8613613931057208,-0.0057686258475379655,0.005277535353375674
DISAGREE_BUY_CATCHUP_LONG,60,2024-03,2344,-0.00025273867313046735,-0.00028223478640161334,-0.0003162467519706944,-0.0002934708612676587,0.47909556313993173,0.9205963834534056,-0.009906294357657108,0.008831745915046797
DISAGREE_BUY_CATCHUP_LONG,60,2024-04,2060,-0.0006685704944927469,-0.0008452973037010419,-0.0007467289508902058,-0.0007350118820291767,0.43155339805825244,0.7549272921767612,-0.007704827908815214,0.0067214316605247034
DISAGREE_BUY_CATCHUP_LONG,60,2024-05,2288,-0.0006617199579135777,-0.0008250230341309666,-0.0007328513149918446,-0.0007088134172564084,0.40996503496503495,0.6960633382813486,-0.006007039864562901,0.0048646268395255085
DISAGREE_BUY_CATCHUP_LONG,60,2024-06,2308,-0.0008328207271504488,-0.0007777156364834442,-0.0008158780371098705,-0.0008185980955522292,0.37694974003466203,0.5745996189091281,-0.00547846484386919,0.0038143516790155652
DISAGREE_BUY_CATCHUP_LONG,60,2024-07,2122,-0.000618097493178008,-0.00042699370925309784,-0.0005712750001275957,-0.0006294953419474383,0.4580584354382658,0.7292618571609816,-0.006670408395436766,0.004936709834192278
DISAGREE_BUY_CATCHUP_LONG,60,2024-08,2201,-0.0006262421154034244,-0.0006556813541704448,-0.0006830219099535353,-0.0006507266877222874,0.4384370740572467,0.7570509707307134,-0.007293973433137379,0.0060109795863669165
DISAGREE_BUY_CATCHUP_LONG,60,2024-09,2129,-0.0006097874090765446,-0.0007029548028415039,-0.0006185946125687122,-0.0006156935527892438,0.42837012682010334,0.7028761367795433,-0.0056591922298347965,0.004718859544067368
DISAGREE_BUY_CATCHUP_LONG,60,2024-10,2369,-0.0005410805151707126,-0.0006551318570246595,-0.0005591466135199179,-0.0005451593052424381,0.4263402279442803,0.7178597702613796,-0.005454820304671503,0.004436896283337557
DISAGREE_BUY_CATCHUP_LONG,60,2024-11,2316,-0.00032285957641779733,-0.00048744956043229534,-0.0004740714370507354,-0.00044618765833892695,0.46157167530224524,0.8771704170197185,-0.007990703714324598,0.007307761421191539
DISAGREE_BUY_CATCHUP_LONG,60,2024-12,2494,-0.0008569579123475902,-0.0006470665795787583,-0.00076083149369098,-0.0008131101457949305,0.4466720128307939,0.6918461392948049,-0.008167983354534813,0.005997833420413715
DISAGREE_BUY_CATCHUP_LONG,60,2025-01,2333,-0.0004915345273940458,-0.0005969225277127726,-0.0006226349188781547,-0.0006078603714534068,0.4410630090012859,0.7950206437428196,-0.0068165255069899885,0.005317004419437302
DISAGREE_BUY_CATCHUP_LONG,60,2025-02,1931,-0.0010857828353002244,-0.0006436287031160276,-0.0008939376848043939,-0.0009860694295344725,0.43656136716727084,0.6252071645313342,-0.008417447878349815,0.005657309941520406
DISAGREE_BUY_CATCHUP_LONG,60,2025-03,2349,-0.0006723800178491995,-0.0005159318949446539,-0.0006283243173669552,-0.0006425811649580958,0.44699872286079184,0.7501955461940762,-0.007609646048630924,0.005904513675636365
DISAGREE_BUY_CATCHUP_LONG,60,2025-04,2351,-0.0006049335258493257,-0.0006267999517600259,-0.0006377969214613516,-0.0006225235004367683,0.4321565291365376,0.7445379274805823,-0.006720316465143993,0.005544629867351315
DISAGREE_BUY_CATCHUP_LONG,60,2025-05,2452,-0.0006452212234398785,-0.0006211548626525837,-0.0005834128648740755,-0.0006097368115823033,0.43474714518760194,0.7184857448100272,-0.006217729925948411,0.005312657011949341
DISAGREE_BUY_CATCHUP_LONG,60,2025-06,2455,-0.0004345122366599458,-0.00046112397000281854,-0.0004561233253753915,-0.00042975181437051007,0.4305498981670061,0.7644838100121035,-0.005287682738529775,0.00460291481265782
DISAGREE_BUY_CATCHUP_LONG,60,2025-07,2342,-0.00046034013435050875,-0.0004962302017668779,-0.0004373376240484639,-0.000436389687050953,0.4372331340734415,0.7771882777969595,-0.005900875358355183,0.00527829921483354
DISAGREE_BUY_CATCHUP_LONG,60,2025-08,2476,-0.0004199654016683749,-0.0004542298322214971,-0.00036871712170452104,-0.00039034577849101287,0.45476575121163165,0.8065094675511829,-0.006424698740580336,0.00538621108257591
DISAGREE_BUY_CATCHUP_LONG,60,2025-09,2286,-0.0003798390333428342,-0.0003566337480209286,-0.0003600614892420845,-0.00037284719592569677,0.4479440069991251,0.78297835961318,-0.0050644327104123026,0.004315874052877745
DISAGREE_BUY_CATCHUP_LONG,60,2025-10,2109,-0.0006830161674446555,-0.0004475117505649656,-0.0006634855094255302,-0.0006961734761424295,0.4547178757705074,0.7354859832597257,-0.008058604820207125,0.006090750239458332
DISAGREE_BUY_CATCHUP_LONG,60,2025-11,2218,-0.0011176054160471234,-0.0008700070732732373,-0.0009720242669542198,-0.0010306020747376783,0.4143372407574391,0.625239422622861,-0.008579412954059028,0.006281224587733591
DISAGREE_BUY_CATCHUP_LONG,60,2025-12,2369,-0.0008351272212934438,-0.0005865317144454035,-0.0007212110342724114,-0.0007585409099079933,0.41367665681722243,0.5925406832165713,-0.005742185591475434,0.003830557255402735
DISAGREE_BUY_CATCHUP_LONG,60,2026-01,2339,-0.0008401913343814775,-0.0007391222456470497,-0.0007626220851707689,-0.0008015521958179107,0.3817870884993587,0.5406195501321664,-0.004955372183753569,0.0030739394453496395
DISAGREE_BUY_CATCHUP_LONG,60,2026-02,2136,-0.0005632964760397926,-0.0004776095776983341,-0.0004031068241664977,-0.00040143776397660267,0.46254681647940077,0.8004866078570757,-0.008005618087447718,0.007205452490632803
DISAGREE_BUY_CATCHUP_LONG,60,2026-03,2511,-0.0006101435679113806,-0.0007122964626613098,-0.0007060177993322643,-0.0006895057051202885,0.42891278375149344,0.7299773600351395,-0.006450788959060327,0.005122788142382918
DISAGREE_BUY_CATCHUP_LONG,60,2026-04,2479,-0.0005064296965739326,-0.0004875855327467032,-0.0005068179363376026,-0.0005058531220886131,0.41871722468737393,0.6868770963162398,-0.004793556536543186,0.003720680234917741
DISAGREE_BUY_CATCHUP_LONG,60,2026-05,2507,-0.0005556384994056321,-0.0006,-0.0005852229474126966,-0.0005750950704005884,0.4172317510969286,0.6588334004343733,-0.004636965795709912,0.0034043803944509925
DISAGREE_BUY_CATCHUP_LONG,60,2026-06,2386,-0.0005631039668924688,-0.0006334168884411067,-0.0006300161113214758,-0.0006169267528238918,0.43419949706621963,0.7567668071537772,-0.00686954164988297,0.005442841394215737
DISAGREE_BUY_CATCHUP_LONG,60,2026-07,2629,-0.0004819654439612091,-0.00040577381477875315,-0.0005526577290671084,-0.000556401098504474,0.4206922784328642,0.7014209564418449,-0.004679925669676965,0.003655732145302686
DISAGREE_BUY_CATCHUP_LONG,120,2024-01,2060,-0.0008938394804444836,-0.0007676173457789698,-0.0008423501077918836,-0.0008943455089914283,0.441747572815534,0.7495761354237755,-0.010589624593116808,0.008035650328981061
DISAGREE_BUY_CATCHUP_LONG,120,2024-02,2088,0.0003794011759430533,-0.00010658851736995375,6.68619883611892e-05,0.00014486845762432893,0.4899425287356322,1.146502364078359,-0.007924648397173205,0.008777440985425142
DISAGREE_BUY_CATCHUP_LONG,120,2024-03,2344,-0.0003004873534141041,6.213900349176852e-05,-0.0003552798501165999,-0.00038690507815759774,0.5029863481228669,0.9329264481505961,-0.014597853680877402,0.01255349589751459
DISAGREE_BUY_CATCHUP_LONG,120,2024-04,2060,-0.0009650687989158061,-0.0009246569461941573,-0.001018085746660926,-0.0010027153221563528,0.437378640776699,0.7446827539845046,-0.010540447482019244,0.00898224951987712
DISAGREE_BUY_CATCHUP_LONG,120,2024-05,2288,-0.0006643358183279262,-0.0007780324539145672,-0.0007644523325417626,-0.000726413510983613,0.4383741258741259,0.7800134998419276,-0.00860665600903606,0.007262557750937187
DISAGREE_BUY_CATCHUP_LONG,120,2024-06,2308,-0.0009359716350485823,-0.0006916859106714351,-0.0007706323757038972,-0.000826591235481149,0.4172443674176776,0.6459881200556207,-0.007588715697291725,0.005761790022468506
DISAGREE_BUY_CATCHUP_LONG,120,2024-07,2122,-0.0005881493335918088,-0.00037076711530143966,-0.000499554104914642,-0.0005849903254567675,0.4754948162111216,0.8084878287727032,-0.009984569637381079,0.007853466831620607
DISAGREE_BUY_CATCHUP_LONG,120,2024-08,2201,-0.0007516657263559671,-0.0006424853956452198,-0.0007572059561507867,-0.0008137991155359861,0.453430258973194,0.7936826006563177,-0.010550157589972974,0.008748185467999759
DISAGREE_BUY_CATCHUP_LONG,120,2024-09,2129,-0.0005806785939238367,-0.0006683524720255235,-0.0006746304814539035,-0.0006414929243959128,0.4485674025364021,0.7958010342095839,-0.008508076503334515,0.0072480866333286785
DISAGREE_BUY_CATCHUP_LONG,120,2024-10,2369,-0.0006429119694021995,-0.0006650914534920943,-0.0005569971792802992,-0.0005789918961638942,0.4402701561840439,0.7580677816169381,-0.007472153066304021,0.006687099713669367
DISAGREE_BUY_CATCHUP_LONG,120,2024-11,2316,0.00013413050419197855,-8.348304234413403e-05,4.72334899735325e-05,0.00011124658202102831,0.49093264248704666,1.0398082231800323,-0.010300766269691519,0.011020489095835685
DISAGREE_BUY_CATCHUP_LONG,120,2024-12,2494,-0.0012872749511742738,-0.0006762615686017986,-0.0010709421544915102,-0.0011955770169662944,0.4482758620689655,0.6800776454771329,-0.012321063189584223,0.008678978661629692
DISAGREE_BUY_CATCHUP_LONG,120,2025-01,2333,-0.0002838091668966762,-0.0004555122092183111,-0.0004896476239920717,-0.000430763719451468,0.4612087441063009,0.9089152700605838,-0.009146033727442559,0.008089890804567575
DISAGREE_BUY_CATCHUP_LONG,120,2025-02,1931,-0.001330516749628386,-0.0007748863238894005,-0.0010207473045038826,-0.0011918243676005329,0.4572760227861212,0.6702947403659283,-0.011506166758807845,0.008664810071393459
DISAGREE_BUY_CATCHUP_LONG,120,2025-03,2349,-0.0008141227614703683,-0.0006512725355000798,-0.0008326754803693751,-0.0008970530084118657,0.4559386973180077,0.7898657852174422,-0.010772457970082904,0.008962065870366125
DISAGREE_BUY_CATCHUP_LONG,120,2025-04,2351,-0.0006919355361794962,-0.0008300207139073195,-0.0007811712995804467,-0.0007465939268317143,0.4355593364525734,0.7972181414883315,-0.00969747973100361,0.008248284296093967
DISAGREE_BUY_CATCHUP_LONG,120,2025-05,2452,-0.0005727255740978412,-0.0003979379854298187,-0.0005129976647086786,-0.0005767718062128158,0.47267536704730834,0.8118492958402972,-0.009216608221696863,0.007468986851209894
DISAGREE_BUY_CATCHUP_LONG,120,2025-06,2455,-0.00044194441250629995,-0.00032119430222528,-0.0004878801078138952,-0.000464438098651121,0.4655804480651731,0.8302135968527082,-0.007576077365648337,0.006443456526248093
DISAGREE_BUY_CATCHUP_LONG,120,2025-07,2342,-0.00026262416429729006,-0.000336051528572589,-0.0002897358903549892,-0.0002670733548601094,0.4632792485055508,0.9047908819116213,-0.00881703591739228,0.00821873319514115
DISAGREE_BUY_CATCHUP_LONG,120,2025-08,2476,-5.35813466494911e-05,-0.0003301715310966674,-0.00010712005262753039,-0.0001100475522132459,0.47253634894991925,0.9810334719637386,-0.008609681643157962,0.008521479524886511
DISAGREE_BUY_CATCHUP_LONG,120,2025-09,2286,-0.0002297060941893373,-0.0002867347261428893,-0.00024621806422254496,-0.00019312100352692003,0.4715660542432196,0.9018812905877065,-0.0069368002288142765,0.0066676202896176935
DISAGREE_BUY_CATCHUP_LONG,120,2025-10,2109,-0.0006745266302860868,-0.0004528211509385421,-0.000509361569109318,-0.0005768004037075098,0.47083926031294454,0.8188384899310468,-0.011303939060459322,0.00949800825198415
DISAGREE_BUY_CATCHUP_LONG,120,2025-11,2218,-0.001396296067099345,-0.0007584982537602974,-0.001110751995360671,-0.001271553076164365,0.4526600541027953,0.6674313171271385,-0.011865719814134043,0.009044996767681845
DISAGREE_BUY_CATCHUP_LONG,120,2025-12,2369,-0.000883444196210691,-0.0005439669180685275,-0.0007173729843803763,-0.000804665797481439,0.44238075137188687,0.6958205723042499,-0.008188502712401634,0.006039980049935491
DISAGREE_BUY_CATCHUP_LONG,120,2026-01,2339,-0.0013414046926145077,-0.0007468968049945784,-0.0009331832246683606,-0.001057256500362593,0.41727233860624197,0.5154100478990506,-0.007023767092619337,0.004532854795251435
DISAGREE_BUY_CATCHUP_LONG,120,2026-02,2136,-0.0009100325572097312,-0.00042476639910355937,-0.0006520966599518149,-0.0007419507188295578,0.4756554307116105,0.7783034048819306,-0.012094306051575531,0.01042764550833868
DISAGREE_BUY_CATCHUP_LONG,120,2026-03,2511,-0.0007260643806760868,-0.0008644514964844635,-0.0009102971139793609,-0.0008703676784761189,0.43926722421346076,0.7734868482224924,-0.009367485067637137,0.007607345525333754
DISAGREE_BUY_CATCHUP_LONG,120,2026-04,2479,-0.0004045497359556953,-0.000500166389351197,-0.0004658625023260972,-0.00044067461695742113,0.45139169019766034,0.8177881507021973,-0.006442669253223875,0.005763690567296889
DISAGREE_BUY_CATCHUP_LONG,120,2026-05,2507,-0.000493787415854014,-0.0005117049768959652,-0.0005836706306162435,-0.0005717499059160457,0.44315915436777026,0.7776454954814724,-0.006802299699859748,0.005244513077085312
DISAGREE_BUY_CATCHUP_LONG,120,2026-06,2386,-0.000720919551472642,-0.0004524010424630903,-0.0007285107144330363,-0.000740175630964497,0.4631181894383906,0.76740554191097,-0.009529804416474563,0.007336649348388114
DISAGREE_BUY_CATCHUP_LONG,120,2026-07,2629,-0.00034417485613131107,-0.0002817751386055661,-0.00038277617064560635,-0.00041296670518399504,0.47394446557626474,0.8411324216828875,-0.006607974656999248,0.005671649748480582
DISAGREE_BUY_REVERSE_SHORT,30,2024-01,2060,-0.0005323122091115615,-0.0004689961810220405,-0.0004970549403974963,-0.00048681976714760986,0.4242718446601942,0.6919327972982465,-0.00484162694743555,0.003595307339667576
DISAGREE_BUY_REVERSE_SHORT,30,2024-02,2088,-0.0008068487600386926,-0.0006980498920757355,-0.0007497218082884841,-0.0007497372005778723,0.3773946360153257,0.5390538515759383,-0.004759649382640418,0.003178895391923619
DISAGREE_BUY_REVERSE_SHORT,30,2024-03,2344,-0.0008388802951161939,-0.0007781625498672445,-0.0008022571398643044,-0.0008117974209098474,0.4138225255972696,0.6599547352571433,-0.007095828951525784,0.005282653855774344
DISAGREE_BUY_REVERSE_SHORT,30,2024-04,2060,-0.0005624530980442754,-0.0004784997872383617,-0.0005374081404553234,-0.0005253537150058401,0.4368932038834951,0.7101948533635501,-0.005302848628306766,0.004390191209101173
DISAGREE_BUY_REVERSE_SHORT,30,2024-05,2288,-0.0005313507068993834,-0.00046553774514108634,-0.0004742239246944518,-0.00048194895799714743,0.42395104895104896,0.6651467181646059,-0.004475387333722902,0.0035709227025167247
DISAGREE_BUY_REVERSE_SHORT,30,2024-06,2308,-0.00047012494190082176,-0.0005340299942857113,-0.000482814101059911,-0.0004681833967505532,0.38604852686308494,0.6500775594395883,-0.003705559842736105,0.0028972870007258466
DISAGREE_BUY_REVERSE_SHORT,30,2024-07,2122,-0.000594018310731132,-0.0006482898143219223,-0.0006252964548573306,-0.0006126153380658001,0.40904806786050896,0.6554398856450118,-0.004696705694738877,0.003601634593811966
DISAGREE_BUY_REVERSE_SHORT,30,2024-08,2201,-0.0006007166478197763,-0.0005811573175557688,-0.000552770191933129,-0.0005576363279228132,0.41799182189913675,0.6704703997941215,-0.004949193757949621,0.004051604973482493
DISAGREE_BUY_REVERSE_SHORT,30,2024-09,2129,-0.000603981906706826,-0.0005737157318854263,-0.0005824390129414051,-0.0006054078698709853,0.40770314701737903,0.6130238228890663,-0.004426046428287188,0.0033018391105374533
DISAGREE_BUY_REVERSE_SHORT,30,2024-10,2369,-0.0006173877637988714,-0.0005153632608843711,-0.0005926014123708637,-0.0006098200518438617,0.40523427606585055,0.577386773157683,-0.00418188082646591,0.002724329389132216
DISAGREE_BUY_REVERSE_SHORT,30,2024-11,2316,-0.0006059579141594378,-0.0005737007914538122,-0.0005767773476436478,-0.0005626866767289407,0.42487046632124353,0.7042777137401784,-0.005755741316589579,0.004654513759374968
DISAGREE_BUY_REVERSE_SHORT,30,2024-12,2494,-0.00043958065176320034,-0.0006416203013366978,-0.00043584684567465003,-0.000395370285451557,0.42702485966319165,0.7714521632762734,-0.0052390656347587545,0.005056752002500701
DISAGREE_BUY_REVERSE_SHORT,30,2025-01,2333,-0.0007436269884861028,-0.0006291706776347488,-0.0005908428899287434,-0.0006146960698396182,0.4072010287183883,0.6035229730439619,-0.0047358725974337755,0.0038035468796826974
DISAGREE_BUY_REVERSE_SHORT,30,2025-02,1931,-0.0002974941845507654,-0.0005979305064050638,-0.000495395274456677,-0.0004346236113308273,0.4298291040911445,0.8358019064575046,-0.005288747007182803,0.004524340617935208
DISAGREE_BUY_REVERSE_SHORT,30,2025-03,2349,-0.0006019031996058436,-0.0005520850968680596,-0.0005619640180402176,-0.0005624829606211958,0.43252447850149,0.6923044547841859,-0.005276568727781172,0.004136344709426281
DISAGREE_BUY_REVERSE_SHORT,30,2025-04,2351,-0.00048305376464137344,-0.0005205908044150881,-0.0005055261329646316,-0.0004720491691724145,0.42322415993194384,0.7135683465361656,-0.004713948614453244,0.0038169028940601597
DISAGREE_BUY_REVERSE_SHORT,30,2025-05,2452,-0.0006964131573244814,-0.000664583864101797,-0.0006685928204462992,-0.0006877807244535934,0.401305057096248,0.5948035295695396,-0.004711923913897586,0.003275784283483864
DISAGREE_BUY_REVERSE_SHORT,30,2025-06,2455,-0.0006379347137937519,-0.0005301285634432101,-0.0005630182404745389,-0.0005787554442483386,0.4044806517311609,0.5780050756880155,-0.004101166107797671,0.002776859909739726
DISAGREE_BUY_REVERSE_SHORT,30,2025-07,2342,-0.000623037332456019,-0.0006190933679857785,-0.0006804416920436072,-0.0006610574281171865,0.38770281810418444,0.6075545553079503,-0.004469816141707694,0.003019155325725355
DISAGREE_BUY_REVERSE_SHORT,30,2025-08,2476,-0.0007835718017591114,-0.0006566299870851105,-0.0007529124667252584,-0.0007516867605983621,0.3974151857835218,0.5633165450888344,-0.005057751457841552,0.0034267125883856615
DISAGREE_BUY_REVERSE_SHORT,30,2025-09,2286,-0.0006073338149080126,-0.0006600826574373991,-0.0006403458573145104,-0.0006279897865042974,0.37139107611548555,0.5618778320657967,-0.0038103378005657877,0.00261528004682764
DISAGREE_BUY_REVERSE_SHORT,30,2025-10,2109,-0.0005506507860903651,-0.0006501547632696386,-0.000583877458650038,-0.0005474599529213062,0.41109530583214793,0.69864658536107,-0.00508392758999252,0.004076111186476485
DISAGREE_BUY_REVERSE_SHORT,30,2025-11,2218,-0.0002770504802222052,-0.0003387205233229656,-0.0003146808364625067,-0.0003145597005652924,0.4630297565374211,0.8443748807047233,-0.005347419438964284,0.004655820037454916
DISAGREE_BUY_REVERSE_SHORT,30,2025-12,2369,-0.0004831778147653024,-0.0005966598267340245,-0.0005324558563659951,-0.0005146675591417995,0.39932460953989024,0.6575905060317555,-0.0038361822025514184,0.0028753561975155117
DISAGREE_BUY_REVERSE_SHORT,30,2026-01,2339,-0.0004610580066525221,-0.000588958328732691,-0.0005063846330267885,-0.0004698710943270344,0.38563488670371954,0.6203558285900898,-0.003184278189499578,0.0024210344015544137
DISAGREE_BUY_REVERSE_SHORT,30,2026-02,2136,-0.0005155861266010589,-0.000666583012886201,-0.0005947610250163198,-0.0005804609198787203,0.42602996254681647,0.7546804463228802,-0.006056179814186557,0.004979210155533643
DISAGREE_BUY_REVERSE_SHORT,30,2026-03,2511,-0.0006395051351361211,-0.000553344426991797,-0.0005834410212773122,-0.0006062536586782169,0.4129828753484667,0.6340188517650777,-0.004809056688247115,0.003465916987110452
DISAGREE_BUY_REVERSE_SHORT,30,2026-04,2479,-0.0006425435603469146,-0.0006722861395201501,-0.0006395807854653252,-0.000632793959819674,0.36143606292860025,0.512746659195449,-0.0034485433564531696,0.0023479295073060976
DISAGREE_BUY_REVERSE_SHORT,30,2026-05,2507,-0.000674386389185146,-0.0006,-0.0006309117718139985,-0.000643069558229213,0.36537694455524533,0.4826651544595498,-0.0034043261895065004,0.002189601822083766
DISAGREE_BUY_REVERSE_SHORT,30,2026-06,2386,-0.0005301000235439042,-0.0005133291750738061,-0.0005088844917688656,-0.0005185731144646921,0.4178541492036882,0.6811756678241885,-0.0046194368360613185,0.0036382485346261213
DISAGREE_BUY_REVERSE_SHORT,30,2026-07,2629,-0.0006345088978914459,-0.0006,-0.0005834310847107782,-0.00058948132931739,0.35374667173830354,0.498321246165358,-0.003432451022565463,0.002302295072617236
DISAGREE_BUY_REVERSE_SHORT,60,2024-01,2060,-0.0004008054397047069,-0.00046370698177612354,-0.00045493159933425735,-0.0004185429709103878,0.44854368932038835,0.8268589834481537,-0.006280045433231684,0.005703645753336629
DISAGREE_BUY_REVERSE_SHORT,60,2024-02,2088,-0.000918206980714556,-0.0007181689089310156,-0.0008076460726759862,-0.0008335542338327539,0.42193486590038315,0.6118001988692489,-0.006477535353375674,0.004568625847537966
DISAGREE_BUY_REVERSE_SHORT,60,2024-03,2344,-0.0009472613268695328,-0.0009177652135983866,-0.0008837532480293071,-0.0009065291387323418,0.4232081911262799,0.7339911641956929,-0.010031745915046785,0.008706294357657112
DISAGREE_BUY_REVERSE_SHORT,60,2024-04,2060,-0.0005314295055072532,-0.000354702696298958,-0.000453271049109796,-0.00046498811797082343,0.46359223300970875,0.7985163083036385,-0.007921431660524702,0.006504827908815215
DISAGREE_BUY_REVERSE_SHORT,60,2024-05,2288,-0.000538280042086422,-0.00037497696586903325,-0.00046714868500815623,-0.0004911865827435912,0.458041958041958,0.7422490275266963,-0.0060646268395254865,0.0048070398645629064
DISAGREE_BUY_REVERSE_SHORT,60,2024-06,2308,-0.000367179272849551,-0.0004222843635165557,-0.00038412196289013006,-0.0003814019044477703,0.4324090121317158,0.7828060635218078,-0.005014351679015559,0.004278464843869191
DISAGREE_BUY_REVERSE_SHORT,60,2024-07,2122,-0.0005819025068219918,-0.000773006290746902,-0.0006287249998724062,-0.0005705046580525626,0.42648444863336477,0.745196238333238,-0.006136709834192277,0.005470408395436767
DISAGREE_BUY_REVERSE_SHORT,60,2024-08,2201,-0.0005737578845965756,-0.0005443186458295551,-0.0005169780900464663,-0.0005492733122777123,0.4561562925942753,0.7745170488753227,-0.007210979586366916,0.006093973433137379
DISAGREE_BUY_REVERSE_SHORT,60,2024-09,2129,-0.0005902125909234551,-0.000497045197158496,-0.0005814053874312889,-0.0005843064472107558,0.44105213715359326,0.7098967816056116,-0.005918859544067366,0.004459192229834798
DISAGREE_BUY_REVERSE_SHORT,60,2024-10,2369,-0.0006589194848292872,-0.0005448681429753404,-0.0006408533864800826,-0.0006548406947575619,0.4280287040945547,0.6656703470817308,-0.005636896283337543,0.0042548203046715045
DISAGREE_BUY_REVERSE_SHORT,60,2024-11,2316,-0.0008771404235822028,-0.0007125504395677046,-0.0007259285629492661,-0.0007538123416610729,0.4378238341968912,0.699568700498726,-0.008507761421191539,0.006790703714324598
DISAGREE_BUY_REVERSE_SHORT,60,2024-12,2494,-0.0003430420876524098,-0.0005529334204212416,-0.0004391685063090205,-0.00038688985420506976,0.4542902967121091,0.8638524750989802,-0.007197833420413712,0.006967983354534816
DISAGREE_BUY_REVERSE_SHORT,60,2025-01,2333,-0.0007084654726059543,-0.0006030774722872273,-0.0005773650811218467,-0.0005921396285465928,0.4337762537505358,0.7177488027079018,-0.006517004419437299,0.005616525506989992
DISAGREE_BUY_REVERSE_SHORT,60,2025-02,1931,-0.00011421716469977589,-0.0005563712968839723,-0.0003060623151956072,-0.0002139305704655273,0.44899016053858104,0.9525231032202875,-0.006857309941520406,0.007217447878349815
DISAGREE_BUY_REVERSE_SHORT,60,2025-03,2349,-0.0005276199821508005,-0.000684068105055346,-0.0005716756826330458,-0.0005574188350419048,0.4350787569178374,0.7992521584802105,-0.007104513675636358,0.006409646048630925
DISAGREE_BUY_REVERSE_SHORT,60,2025-04,2351,-0.0005950664741506743,-0.000573200048239974,-0.0005622030785386495,-0.0005774764995632315,0.4368353891960868,0.7476133566637034,-0.006744629867351314,0.005520316465143994
DISAGREE_BUY_REVERSE_SHORT,60,2025-05,2452,-0.0005547787765601215,-0.0005788451373474162,-0.0006165871351259249,-0.0005902631884176971,0.43597063621533444,0.752687882516095,-0.00651265701194934,0.005017729925948413
DISAGREE_BUY_REVERSE_SHORT,60,2025-06,2455,-0.0007654877633400541,-0.0007388760299971814,-0.0007438766746246085,-0.0007702481856294909,0.3971486761710794,0.6233158828397254,-0.005802914812657821,0.004087682738529772
DISAGREE_BUY_REVERSE_SHORT,60,2025-07,2342,-0.0007396598656494909,-0.000703769798233122,-0.0007626623759515376,-0.0007636103129490473,0.41417591801878734,0.6668166297683484,-0.006478299214833537,0.004700875358355186
DISAGREE_BUY_REVERSE_SHORT,60,2025-08,2476,-0.000780034598331625,-0.0007457701677785028,-0.0008312828782954792,-0.0008096542215089869,0.40831987075928916,0.6714558456624908,-0.0065862110825759095,0.0052246987405803365
DISAGREE_BUY_REVERSE_SHORT,60,2025-09,2286,-0.0008201609666571657,-0.0008433662519790713,-0.0008399385107579161,-0.000827152804074303,0.389326334208224,0.5912258082844923,-0.005515874052877744,0.003864432710412303
DISAGREE_BUY_REVERSE_SHORT,60,2025-10,2109,-0.0005169838325553445,-0.0007524882494350343,-0.0005365144905744717,-0.0005038265238575705,0.4267425320056899,0.7946025627287695,-0.007290750239458331,0.0068586048202071296
DISAGREE_BUY_REVERSE_SHORT,60,2025-11,2218,-8.239458395287676e-05,-0.0003299929267267626,-0.000227975733045782,-0.00016939792526232092,0.46798917944093776,0.9661175768014229,-0.007481224587733592,0.007379412954059029
DISAGREE_BUY_REVERSE_SHORT,60,2025-12,2369,-0.0003648727787065559,-0.0006134682855545964,-0.00047878896572758895,-0.00044145909009200645,0.4254959898691431,0.7986892856084308,-0.005030557255402733,0.004542185591475437
DISAGREE_BUY_REVERSE_SHORT,60,2026-01,2339,-0.00035980866561852225,-0.00046087775435295017,-0.0004373779148292316,-0.0003984478041820892,0.42667806755023513,0.769749013753377,-0.004273939445349638,0.0037553721837535743
DISAGREE_BUY_REVERSE_SHORT,60,2026-02,2136,-0.0006367035239602075,-0.0007223904223016658,-0.0007968931758335035,-0.0007985622360233973,0.42602996254681647,0.7786412473920669,-0.008405452490632803,0.006805618087447719
DISAGREE_BUY_REVERSE_SHORT,60,2026-03,2511,-0.0005898564320886194,-0.00048770353733869007,-0.0004939822006677361,-0.0005104942948797112,0.44922341696535245,0.7362918625045851,-0.006322788142382917,0.005250788959060327
DISAGREE_BUY_REVERSE_SHORT,60,2026-04,2479,-0.0006935703034260672,-0.0007124144672532967,-0.000693182063662397,-0.0006941468779113866,0.3840258168616378,0.5993340704619977,-0.00492068023491774,0.003593556536543187
DISAGREE_BUY_REVERSE_SHORT,60,2026-05,2507,-0.0006443615005943676,-0.0006,-0.0006147770525873031,-0.0006249049295994118,0.40686078978859197,0.6159134869824394,-0.00460438039445099,0.0034369657957099135
DISAGREE_BUY_REVERSE_SHORT,60,2026-06,2386,-0.0006368960331075311,-0.0005665831115588932,-0.000569983888678525,-0.0005830732471761078,0.44216261525565803,0.7291343467752457,-0.0066428413942157365,0.0056695416498829705
DISAGREE_BUY_REVERSE_SHORT,60,2026-07,2629,-0.0007180345560387907,-0.0007942261852212467,-0.0006473422709328914,-0.0006435989014955258,0.3822746291365538,0.5931239201129432,-0.004855732145302682,0.003479925669676967
DISAGREE_BUY_REVERSE_SHORT,120,2024-01,2060,-0.0003061605195555169,-0.00043238265422103014,-0.00035764989220811753,-0.00030565449100857227,0.4669902912621359,0.9061025736404783,-0.00923565032898106,0.00938962459311681
DISAGREE_BUY_REVERSE_SHORT,120,2024-02,2088,-0.0015794011759430536,-0.001093411482630046,-0.00126686198836119,-0.0013448684576243318,0.4133141762452107,0.5632139979180073,-0.009977440985425143,0.0067246483971732055
DISAGREE_BUY_REVERSE_SHORT,120,2024-03,2344,-0.0008995126465858968,-0.0012621390034917683,-0.0008447201498834002,-0.0008130949218424025,0.43387372013651876,0.8134235746187514,-0.013753495897514578,0.01339785368087743
DISAGREE_BUY_REVERSE_SHORT,120,2024-04,2060,-0.0002349312010841947,-0.00027534305380584264,-0.00018191425333907555,-0.00019728467784364777,0.4854368932038835,0.9306533531774663,-0.010182249519877118,0.009340447482019246
DISAGREE_BUY_REVERSE_SHORT,120,2024-05,2288,-0.000535664181672074,-0.0004219675460854327,-0.00043554766745823874,-0.00047358648901638627,0.4632867132867133,0.8176947278150863,-0.008462557750937181,0.007406656009036065
DISAGREE_BUY_REVERSE_SHORT,120,2024-06,2308,-0.0002640283649514179,-0.0005083140893285648,-0.0004293676242961043,-0.0003734087645188504,0.44714038128249567,0.8848285932286001,-0.006961790022468505,0.006388715697291727
DISAGREE_BUY_REVERSE_SHORT,120,2024-07,2122,-0.0006118506664081914,-0.0008292328846985602,-0.0007004458950853593,-0.0006150096745432324,0.4439208294062206,0.8027619228152383,-0.009053466831620604,0.008784569637381081
DISAGREE_BUY_REVERSE_SHORT,120,2024-08,2201,-0.0004483342736440335,-0.0005575146043547801,-0.00044279404384921445,-0.0003862008844640139,0.45842798727850975,0.8714593353946363,-0.009948185467999759,0.009350157589972975
DISAGREE_BUY_REVERSE_SHORT,120,2024-09,2129,-0.0006193214060761633,-0.0005316475279744764,-0.0005253695185460976,-0.0005585070756040874,0.45608266791921087,0.7834401167476471,-0.008448086633328676,0.007308076503334517
DISAGREE_BUY_REVERSE_SHORT,120,2024-10,2369,-0.0005570880305978006,-0.0005349085465079056,-0.0006430028207197017,-0.0006210081038361057,0.4482904178978472,0.7862797233060871,-0.007887099713669365,0.006272153066304025
DISAGREE_BUY_REVERSE_SHORT,120,2024-11,2316,-0.001334130504191979,-0.0011165169576558658,-0.0012472334899735333,-0.0013112465820210282,0.4265975820379965,0.6781774213707952,-0.012220489095835684,0.009100766269691519
DISAGREE_BUY_REVERSE_SHORT,120,2024-12,2494,8.727495117427348e-05,-0.0005237384313982013,-0.00012905784550849053,-4.422983033705743e-06,0.4707297514033681,1.0262383249318237,-0.009878978661629676,0.01112106318958424
DISAGREE_BUY_REVERSE_SHORT,120,2025-01,2333,-0.0009161908331033242,-0.0007444877907816888,-0.0007103523760079297,-0.0007692362805485316,0.4380625803686241,0.7340887662320555,-0.009289890804567567,0.00794603372744256
DISAGREE_BUY_REVERSE_SHORT,120,2025-02,1931,0.0001305167496283859,-0.00042511367611059944,-0.0001792526954961186,-8.175632399467381e-06,0.4717762817193164,1.0396327696590657,-0.009864810071393459,0.010306166758807845
DISAGREE_BUY_REVERSE_SHORT,120,2025-03,2349,-0.000385877238529632,-0.0005487274644999201,-0.00036732451963062594,-0.00030294699158813426,0.4670072371221797,0.8944049333225506,-0.01016206587036612,0.009572457970082908
DISAGREE_BUY_REVERSE_SHORT,120,2025-04,2351,-0.0005080644638205042,-0.00036997928609268035,-0.00041882870041955433,-0.00045340607316828583,0.4725648660144619,0.845901655344426,-0.009448284296093967,0.00849747973100361
DISAGREE_BUY_REVERSE_SHORT,120,2025-05,2452,-0.0006272744259021593,-0.0008020620145701812,-0.0006870023352913217,-0.0006232281937871846,0.43800978792822187,0.7970010071524619,-0.00866898685120989,0.008016608221696865
DISAGREE_BUY_REVERSE_SHORT,120,2025-06,2455,-0.0007580555874937002,-0.0008788056977747199,-0.0007121198921861053,-0.0007355619013488805,0.4260692464358452,0.7280718560998484,-0.007643456526248093,0.006376077365648336
DISAGREE_BUY_REVERSE_SHORT,120,2025-07,2342,-0.0009373758357027103,-0.0008639484714274109,-0.0009102641096450117,-0.0009329266451398911,0.426131511528608,0.6997301817401478,-0.009418733195141148,0.0076170359173922805
DISAGREE_BUY_REVERSE_SHORT,120,2025-08,2476,-0.0011464186533505095,-0.0008698284689033325,-0.0010928799473724706,-0.0010899524477867542,0.4277059773828756,0.6628236220343465,-0.009721479524886511,0.007409681643157962
DISAGREE_BUY_REVERSE_SHORT,120,2025-09,2286,-0.0009702939058106627,-0.0009132652738571106,-0.0009537819357774564,-0.0010068789964730797,0.4090113735783027,0.646995283901425,-0.007867620289617693,0.005736800228814277
DISAGREE_BUY_REVERSE_SHORT,120,2025-10,2109,-0.0005254733697139137,-0.0007471788490614578,-0.0006906384308906822,-0.000623199596292491,0.45045045045045046,0.8564488450844177,-0.010698008251984147,0.010103939060459324
DISAGREE_BUY_REVERSE_SHORT,120,2025-11,2218,0.00019629606709934428,-0.0004415017462397025,-8.924800463933053e-05,7.155307616436579e-05,0.47475202885482415,1.057867710822336,-0.010244996767681844,0.010665719814134039
DISAGREE_BUY_REVERSE_SHORT,120,2025-12,2369,-0.00031655580378930936,-0.0006560330819314724,-0.000482627015619625,-0.0003953342025185609,0.43773744195863235,0.8793534008476066,-0.00723998004993549,0.006988502712401645
DISAGREE_BUY_REVERSE_SHORT,120,2026-01,2339,0.00014140469261450712,-0.0004531031950054215,-0.0002668167753316402,-0.0001427434996374067,0.4514749893116717,1.0704475126625816,-0.005732854795251429,0.005823767092619337
DISAGREE_BUY_REVERSE_SHORT,120,2026-02,2136,-0.0002899674427902697,-0.0007752336008964405,-0.0005479033400481854,-0.0004580492811704425,0.45552434456928836,0.9238511423923196,-0.011627645508338679,0.010894306051575531
DISAGREE_BUY_REVERSE_SHORT,120,2026-03,2511,-0.00047393561932391353,-0.0003355485035155364,-0.00028970288602064013,-0.0003296323215238809,0.47869374751095184,0.8449156637290515,-0.008807345525333753,0.008167485067637138
DISAGREE_BUY_REVERSE_SHORT,120,2026-04,2479,-0.0007954502640443045,-0.0006998336106488029,-0.0007341374976739029,-0.000759325383042579,0.42718838241226303,0.6724648111583241,-0.006963690567296886,0.005242669253223886
DISAGREE_BUY_REVERSE_SHORT,120,2026-05,2507,-0.0007062125841459859,-0.0006882950231040346,-0.0006163293693837568,-0.0006282500940839544,0.4303948942959713,0.6977928370995977,-0.006444513077085311,0.00560229969985975
DISAGREE_BUY_REVERSE_SHORT,120,2026-06,2386,-0.0004790804485273584,-0.0007475989575369096,-0.00047148928556696424,-0.00045982436903550274,0.4430008382229673,0.8397811293876959,-0.008536649348388114,0.008329804416474563
DISAGREE_BUY_REVERSE_SHORT,120,2026-07,2629,-0.0008558251438686888,-0.0009182248613944338,-0.0008172238293543941,-0.0007870332948160051,0.399771776340814,0.6529444523977118,-0.006871649748480578,0.005407974656999252
DISAGREE_SELL_CATCHUP_SHORT,30,2024-01,1911,-0.0006127238608874014,-0.0007820167455406362,-0.0006603671702392033,-0.0006425331099428367,0.39089481946624804,0.6763329982607227,-0.005130690775182533,0.004011351505006245
DISAGREE_SELL_CATCHUP_SHORT,30,2024-02,1988,-0.0007902586663047672,-0.0007170137239182578,-0.0007677815804966662,-0.0007571693269097595,0.3722334004024145,0.5277503533923679,-0.0044746319434092454,0.0029276003043465786
DISAGREE_SELL_CATCHUP_SHORT,30,2024-03,2083,-0.0007901655808463763,-0.0008600833356027898,-0.000810218993227717,-0.0007611644501537738,0.40950552088334136,0.6872232104978083,-0.006933337527913141,0.005789975648122026
DISAGREE_SELL_CATCHUP_SHORT,30,2024-04,1909,-0.0005686715028500448,-0.0006960012649577901,-0.0006468776833712136,-0.0006126177705874987,0.4075432163436354,0.7187421146950748,-0.005569611474331259,0.004714284158360795
DISAGREE_SELL_CATCHUP_SHORT,30,2024-05,2163,-0.0007167987976937713,-0.0006508241990953006,-0.0006891502170954415,-0.0006830195465398029,0.39389736477115117,0.5698025480124816,-0.004407948455003806,0.003098933344781618
DISAGREE_SELL_CATCHUP_SHORT,30,2024-06,2098,-0.000524892496043513,-0.0005370790177967704,-0.0005369111113222997,-0.0005352459880025584,0.38894184938036225,0.6086624124595533,-0.00374157939442039,0.0026202177686765805
DISAGREE_SELL_CATCHUP_SHORT,30,2024-07,2281,-0.0007684886618745692,-0.0008528104090471217,-0.0008183567410107073,-0.0008317139765303365,0.38711091626479616,0.5906862104180141,-0.005177737385977443,0.0035772340742951554
DISAGREE_SELL_CATCHUP_SHORT,30,2024-08,2150,-0.0007482226972697869,-0.000846412600695578,-0.0007420822657571338,-0.0007268225053624799,0.3851162790697674,0.6047343390601836,-0.005039110138324897,0.0036329208778888475
DISAGREE_SELL_CATCHUP_SHORT,30,2024-09,2184,-0.0006568770882664487,-0.0006302985883503525,-0.0006429131420961123,-0.000639277621907874,0.39377289377289376,0.5837204323648905,-0.004317669835276216,0.0031604940340569944
DISAGREE_SELL_CATCHUP_SHORT,30,2024-10,2268,-0.0005936302571205219,-0.0006571881594950696,-0.0006529171978867865,-0.000643766113888264,0.3862433862433862,0.603260310447355,-0.0041030301963091535,0.0029625241241010847
DISAGREE_SELL_CATCHUP_SHORT,30,2024-11,2220,-0.0006773921675380046,-0.0007103270659464916,-0.0007081071694354797,-0.0006943166924239438,0.4175675675675676,0.6873211278208763,-0.006079916846458344,0.004722531108433815
DISAGREE_SELL_CATCHUP_SHORT,30,2024-12,2278,-0.0005842536769920158,-0.0007685028485489681,-0.0005775879045874999,-0.0005596445489207755,0.4183494293239684,0.7011654337555712,-0.00545085801024594,0.00475567288488369
DISAGREE_SELL_CATCHUP_SHORT,30,2025-01,2313,-0.0005236637282055547,-0.0004930021438836579,-0.0005207286079793901,-0.0005045065517546621,0.41720709035884135,0.7054483771033773,-0.004973668794181729,0.003982676180652314
DISAGREE_SELL_CATCHUP_SHORT,30,2025-02,1970,-0.0005533414733855497,-0.0005979377191173801,-0.0005979503049336237,-0.0005795328946412079,0.4197969543147208,0.7237912240880828,-0.005891704566560717,0.004722231175736941
DISAGREE_SELL_CATCHUP_SHORT,30,2025-03,2409,-0.0004506233402859983,-0.0006604997277513508,-0.0005066422856186357,-0.00046178293122079144,0.42175176421751764,0.7615948341586583,-0.005289270072539653,0.004492926954814581
DISAGREE_SELL_CATCHUP_SHORT,30,2025-04,2190,-0.0006067519719659638,-0.0006917075837458813,-0.0006617550412079764,-0.0006277300861930726,0.39223744292237445,0.638152329390261,-0.004548745548747867,0.0033770214247293663
DISAGREE_SELL_CATCHUP_SHORT,30,2025-05,2281,-0.0009937032492943385,-0.0009272465475487873,-0.0009957233044654479,-0.0010042943356340763,0.36562911003945636,0.4908774161593468,-0.005288751461968898,0.0030613530107587612
DISAGREE_SELL_CATCHUP_SHORT,30,2025-06,2405,-0.000777277863415691,-0.0007506818353047556,-0.0007657714177543949,-0.000767734269781375,0.3521829521829522,0.49740707711248394,-0.004066183463852301,0.002545453867823299
DISAGREE_SELL_CATCHUP_SHORT,30,2025-07,2337,-0.0006270156974311673,-0.0006892604084998804,-0.0006449272593782341,-0.0006244398231587742,0.38339751818570816,0.6035064180087235,-0.004484343742953122,0.003327570797951431
DISAGREE_SELL_CATCHUP_SHORT,30,2025-08,2352,-0.0008008733829680131,-0.0007052448321672283,-0.0008171123965038147,-0.0008090743420332371,0.3822278911564626,0.564540875313981,-0.005154722684702383,0.003396300918584495
DISAGREE_SELL_CATCHUP_SHORT,30,2025-09,2206,-0.0005722429180694439,-0.0006783594293657374,-0.0005775482402019643,-0.0005592100833620413,0.37080689029918407,0.5906694232870768,-0.0036876181633726628,0.0029047572808331597
DISAGREE_SELL_CATCHUP_SHORT,30,2025-10,2121,-0.0006888681870783985,-0.0007695116845994437,-0.0006751606857065038,-0.0006499481130777334,0.4082979726544083,0.6475654341919408,-0.005183382301093008,0.00408505986465384
DISAGREE_SELL_CATCHUP_SHORT,30,2025-11,2196,-0.00038333518471501054,-0.0006538149511951635,-0.0004645973798891941,-0.00041404874361669825,0.4225865209471767,0.8036685723961824,-0.005363161702853513,0.005089318355895923
DISAGREE_SELL_CATCHUP_SHORT,30,2025-12,2524,-0.0008268247310354971,-0.0008357616544632623,-0.0008543530111309731,-0.0008466504239051341,0.34310618066561016,0.4503725914347771,-0.00403073811028014,0.00208875246469924
DISAGREE_SELL_CATCHUP_SHORT,30,2026-01,2272,-0.000623786845264547,-0.0006999341833626266,-0.0006529168082210471,-0.00064499881625075,0.352112676056338,0.5455381010393607,-0.0035306046470450205,0.0024787955977225063
DISAGREE_SELL_CATCHUP_SHORT,30,2026-02,2142,-0.0003212149716805032,-0.000553683137570326,-0.0003884350482585134,-0.0003479726401594231,0.4425770308123249,0.8324889516801061,-0.005388010654564445,0.005093023021052248
DISAGREE_SELL_CATCHUP_SHORT,30,2026-03,2480,-0.00048822566004617436,-0.0005142654486490866,-0.00047434890043194486,-0.00045280981356843856,0.4129032258064516,0.7004341300177458,-0.004427826563682279,0.0037161457900252493
DISAGREE_SELL_CATCHUP_SHORT,30,2026-04,2427,-0.0005919009991217427,-0.0006639253352083812,-0.000652126081952817,-0.0006466047006286324,0.3658838071693449,0.5451637265799154,-0.0036145626151283354,0.0022691974217833102
DISAGREE_SELL_CATCHUP_SHORT,30,2026-05,2588,-0.0005052540039486701,-0.000568429248588142,-0.0005446427210365056,-0.000518825185935697,0.37094281298299847,0.5574740429536346,-0.0030203014854035754,0.0020119532699453793
DISAGREE_SELL_CATCHUP_SHORT,30,2026-06,2396,-0.0005555322943784788,-0.0005003418259149178,-0.0004924613643298399,-0.0005147028821408705,0.43530884808013354,0.6815111768909061,-0.005006716329281801,0.0037871499795386517
DISAGREE_SELL_CATCHUP_SHORT,30,2026-07,2683,-0.0006105916054535722,-0.0005832762868897662,-0.0005909103980579331,-0.000594728258881486,0.3742079761461051,0.5263716964761656,-0.0035565583504677304,0.0022459592576703725
DISAGREE_SELL_CATCHUP_SHORT,60,2024-01,1911,-0.0007257952050989452,-0.0009619460404469254,-0.000765967952706747,-0.0007268520272954389,0.39717425431711145,0.7044961877831861,-0.006522049304503352,0.005598737177739
DISAGREE_SELL_CATCHUP_SHORT,60,2024-02,1988,-0.0011425494959448582,-0.0010822616660110633,-0.0010859441382043405,-0.0010935716045387665,0.36619718309859156,0.523675065251874,-0.006374673737983349,0.0041214325211416545
DISAGREE_SELL_CATCHUP_SHORT,60,2024-03,2083,-0.0008497493592568351,-0.0010477123620270083,-0.0009374780177112565,-0.0008458194896691757,0.4056649063850216,0.7478839807163277,-0.00939111263917247,0.008253005478234997
DISAGREE_SELL_CATCHUP_SHORT,60,2024-04,1909,-0.000583764410284794,-0.000720635577155248,-0.0005934431316843047,-0.0004951399060589303,0.43425877422734416,0.7842619830840457,-0.007625659568210196,0.006857940387333763
DISAGREE_SELL_CATCHUP_SHORT,60,2024-05,2163,-0.0008525618539166605,-0.0006174190738859714,-0.0007165767244283919,-0.0007391528822947738,0.42718446601941745,0.6400436784926883,-0.006501161937618049,0.005053348670862491
DISAGREE_SELL_CATCHUP_SHORT,60,2024-06,2098,-0.00033917897721065754,-0.0004792724500553119,-0.0003579393309807772,-0.00033853017404091685,0.42564346997140134,0.7934765626265045,-0.004502716311401599,0.0040595824528407605
DISAGREE_SELL_CATCHUP_SHORT,60,2024-07,2281,-0.0007742977241839993,-0.0009721685585236222,-0.0008667780893893217,-0.0008246832915522905,0.4125383603682595,0.6926924502597561,-0.006979241466337726,0.005366616048181495
DISAGREE_SELL_CATCHUP_SHORT,60,2024-08,2150,-0.0007606738936178536,-0.0010973958634135743,-0.000856363725613293,-0.0007735876237557139,0.3958139534883721,0.703897848463745,-0.006686429259129189,0.005962051263373686
DISAGREE_SELL_CATCHUP_SHORT,60,2024-09,2184,-0.0008035262327542597,-0.00066643478797963,-0.0007270179274752777,-0.0007633893123146373,0.42857142857142855,0.6358311202636254,-0.00637407477445826,0.004564501637736663
DISAGREE_SELL_CATCHUP_SHORT,60,2024-10,2268,-0.0005923437361525104,-0.0008637246660869285,-0.0006769922350566382,-0.0005999917207924703,0.3955026455026455,0.6988377287666672,-0.005547787881390853,0.004393986634738134
DISAGREE_SELL_CATCHUP_SHORT,60,2024-11,2220,-0.0007230316193330777,-0.0008617264676166852,-0.000832073716810468,-0.0007387811348134872,0.4238738738738739,0.7470733108086339,-0.008527803419279478,0.007170679116459202
DISAGREE_SELL_CATCHUP_SHORT,60,2024-12,2278,-0.0004535552205606639,-0.0006261246382246005,-0.0004856010445903802,-0.000440858344594878,0.4424934152765584,0.8273764069487483,-0.007351973562564073,0.0068968709783906925
DISAGREE_SELL_CATCHUP_SHORT,60,2025-01,2313,-0.0005094771924192713,-0.0005556568915892729,-0.0005152853333116432,-0.0004922810380672411,0.44185041072200604,0.7847175503603148,-0.006868011845131394,0.005895731133626651
DISAGREE_SELL_CATCHUP_SHORT,60,2025-02,1970,-0.00012734871820957116,-0.00048497209747073663,-0.0002749263828239652,-0.00022408010886440884,0.4532994923857868,0.9497795235867488,-0.00774395922692077,0.007859705881282323
DISAGREE_SELL_CATCHUP_SHORT,60,2025-03,2409,-0.00045805857299271405,-0.0007576864247756493,-0.0006271484962520883,-0.0005760323799821845,0.43337484433374845,0.8222985999264069,-0.007169977962594197,0.006246253982628078
DISAGREE_SELL_CATCHUP_SHORT,60,2025-04,2190,-0.0006485313437549406,-0.0007621271917499056,-0.0006852393272890773,-0.0006448066667635108,0.4232876712328767,0.7130835530087742,-0.006084475480481521,0.004910978752198615
DISAGREE_SELL_CATCHUP_SHORT,60,2025-05,2281,-0.001195421212781235,-0.0009199124287904808,-0.0012100670134274386,-0.0012342633060938742,0.38053485313459007,0.5311816924731712,-0.00742733108475686,0.004273796710376799
DISAGREE_SELL_CATCHUP_SHORT,60,2025-06,2405,-0.0007348330051664059,-0.0007557396744595873,-0.0007925646383051158,-0.0008019185678685622,0.3808731808731809,0.6255007185106213,-0.005342652030756256,0.003876807591399589
DISAGREE_SELL_CATCHUP_SHORT,60,2025-07,2337,-0.0007878962737773251,-0.00078065124314659,-0.0007370307111360116,-0.0007035420144323935,0.40522036799315364,0.6334862459104521,-0.006074754456608055,0.004773225841315213
DISAGREE_SELL_CATCHUP_SHORT,60,2025-08,2352,-0.0009578472287870212,-0.0008979456703755545,-0.0010110666618205956,-0.0010286362981397482,0.39965986394557823,0.6087059491728936,-0.0070831876768204785,0.004835923472838912
DISAGREE_SELL_CATCHUP_SHORT,60,2025-09,2206,-0.0006627648739687221,-0.0007682311932439395,-0.0006966927679433128,-0.000659125415693187,0.3930190389845875,0.6472728441789084,-0.005357657693410855,0.004119917982489164
DISAGREE_SELL_CATCHUP_SHORT,60,2025-10,2121,-0.0007341878344092841,-0.0008022226103262081,-0.0007528115106210948,-0.0007036430691560882,0.4280999528524281,0.7239150776436741,-0.007586589557342881,0.006087435478124226
DISAGREE_SELL_CATCHUP_SHORT,60,2025-11,2196,-0.00010019965364395631,-0.0005857016556601418,-0.0002807052654266752,-0.00021563745861530512,0.44854280510018213,0.9594950298699438,-0.006978348758329433,0.007353785391956236
DISAGREE_SELL_CATCHUP_SHORT,60,2025-12,2524,-0.0010119779495730212,-0.0009967841811531868,-0.0009320935388389248,-0.0009383443444796471,0.37004754358161646,0.5120353963682923,-0.005283148773059198,0.003556285466143896
DISAGREE_SELL_CATCHUP_SHORT,60,2026-01,2272,-0.0004806045665107064,-0.0006,-0.0005593122264126053,-0.0005272228416839371,0.4110915492957746,0.7231970890420024,-0.004698695868076118,0.003746997053130309
DISAGREE_SELL_CATCHUP_SHORT,60,2026-02,2142,-1.2205488473586572e-05,-0.00028316180756711104,-0.00015118729113634908,-5.6799404039785755e-05,0.4752567693744164,0.9951605005358691,-0.007579474946768403,0.007832130902186044
DISAGREE_SELL_CATCHUP_SHORT,60,2026-03,2480,-0.00041618806739209685,-0.0003739723465269845,-0.00036779710349088833,-0.0003533810722091008,0.4592741935483871,0.8114442448664234,-0.006610921141258407,0.0057207188719655775
DISAGREE_SELL_CATCHUP_SHORT,60,2026-04,2427,-0.0006833080475003499,-0.000681566768839858,-0.0007134913775272198,-0.0007162707333463543,0.40131850020601567,0.6150672381159199,-0.005024933157196475,0.003591011824503633
DISAGREE_SELL_CATCHUP_SHORT,60,2026-05,2588,-0.0005944670007793537,-0.0007585294193515718,-0.0006526889006862016,-0.0006140738744818927,0.37789799072642966,0.6220108375712268,-0.004077296803829177,0.0031118518429516205
DISAGREE_SELL_CATCHUP_SHORT,60,2026-06,2396,-0.0003993568778426644,-0.00033063863131772505,-0.00036742646614656586,-0.0003791001799996791,0.4565943238731219,0.825123171721771,-0.0063317180252505205,0.006123399508954398
DISAGREE_SELL_CATCHUP_SHORT,60,2026-07,2683,-0.0006840276050578285,-0.0007290822253776635,-0.0006395624962626012,-0.0006563069490909155,0.39657100260901973,0.602105969368704,-0.004730457421258704,0.003423420094929983
DISAGREE_SELL_CATCHUP_SHORT,120,2024-01,1911,-0.000750029792960842,-0.0008976288898444145,-0.0008791696037336218,-0.0008425327516810523,0.43537414965986393,0.7734000987030412,-0.009787858900738366,0.007975609546148999
DISAGREE_SELL_CATCHUP_SHORT,120,2024-02,1988,-0.0015699845379090445,-0.00122837005844929,-0.001451042873112074,-0.0015094649513376869,0.3893360160965795,0.5197923146966573,-0.008752650009167294,0.005589693494058035
DISAGREE_SELL_CATCHUP_SHORT,120,2024-03,2083,-0.001481972131647747,-0.0016401188707280794,-0.0014774924527596717,-0.001432153688395259,0.3965434469515122,0.6969375460227226,-0.013537544806351075,0.011252951941631848
DISAGREE_SELL_CATCHUP_SHORT,120,2024-04,1909,-0.00027749184197203034,-0.0006770665887437349,-0.000434201834109573,-0.00021174985928422692,0.46254583551597694,0.9240811515748564,-0.010432039513558488,0.01058862646703367
DISAGREE_SELL_CATCHUP_SHORT,120,2024-05,2163,-0.0011002529038446483,-0.000811057363348921,-0.000951239978498628,-0.0010030775429590974,0.41932501155802127,0.6559616008700682,-0.008635828403778967,0.006548414677256509
DISAGREE_SELL_CATCHUP_SHORT,120,2024-06,2098,-0.00031072744901946333,-0.0005482298285430337,-0.00042534768706506995,-0.00038152289206014144,0.43898951382268825,0.8671432571126119,-0.006987235278283154,0.00629664709064811
DISAGREE_SELL_CATCHUP_SHORT,120,2024-07,2281,-0.0007026369062354024,-0.0008072850967329564,-0.0008390064755120355,-0.0008065776143421001,0.44366505918456817,0.7835251155608597,-0.009306936782013397,0.007691227237274934
DISAGREE_SELL_CATCHUP_SHORT,120,2024-08,2150,-0.0004793979170604157,-0.0010948324585999362,-0.0007484353204197997,-0.0005899347331739361,0.4227906976744186,0.8615341079024156,-0.009235572199262763,0.00886959847653496
DISAGREE_SELL_CATCHUP_SHORT,120,2024-09,2184,-0.0010469143451457851,-0.0010988396359532075,-0.000969807296728778,-0.001000072656571036,0.4198717948717949,0.6587942613874744,-0.008871046014869342,0.006782796331517616
DISAGREE_SELL_CATCHUP_SHORT,120,2024-10,2268,-0.0008044695081309667,-0.0009669394577282547,-0.0008545819340507691,-0.0007903491119641438,0.4074074074074074,0.6952886089461877,-0.007403983462389151,0.006076126854009812
DISAGREE_SELL_CATCHUP_SHORT,120,2024-11,2220,-0.0009363568332693033,-0.00101173287080698,-0.0008862397336747511,-0.0008577140429128272,0.436036036036036,0.7583046307223977,-0.011310072419218463,0.009755224406917055
DISAGREE_SELL_CATCHUP_SHORT,120,2024-12,2278,-0.0002607707362431461,-0.0006341298458099714,-0.0004103988223281786,-0.0002672427280811414,0.45961369622475856,0.9234068258450031,-0.00982076098814011,0.010122333348636318
DISAGREE_SELL_CATCHUP_SHORT,120,2025-01,2313,-0.0006264156493642152,-0.0006,-0.0005733603712450249,-0.0005461292481414196,0.4504971897968007,0.8104181803583166,-0.009138802689747183,0.00815162452251164
DISAGREE_SELL_CATCHUP_SHORT,120,2025-02,1970,0.0001001505399060962,-0.0005457331348031718,-5.516880925894474e-05,1.472649973226971e-05,0.46903553299492384,1.0284709984616223,-0.01079898232852816,0.011595393409166495
DISAGREE_SELL_CATCHUP_SHORT,120,2025-03,2409,-0.00029505019259796106,-0.0006765110941087776,-0.00042218753065292625,-0.0003486554764014635,0.45828144458281445,0.9117202251602197,-0.009564622077822693,0.009450598165906234
DISAGREE_SELL_CATCHUP_SHORT,120,2025-04,2190,-0.000819101187057635,-0.0008341589334390325,-0.0006817912715443084,-0.000633883035281832,0.434703196347032,0.7550565064639386,-0.009047381499370233,0.008390152087401721
DISAGREE_SELL_CATCHUP_SHORT,120,2025-05,2281,-0.00132311436341781,-0.0010575049880752856,-0.001311634191786893,-0.0013832287197754155,0.4085927224901359,0.6089707391321074,-0.010253472609371771,0.0068415578567799125
DISAGREE_SELL_CATCHUP_SHORT,120,2025-06,2405,-0.0008907146889498943,-0.0008774309890414272,-0.001015006836664273,-0.0010623936549393504,0.40623700623700626,0.6825862799334784,-0.007879688903362924,0.005544249148070257
DISAGREE_SELL_CATCHUP_SHORT,120,2025-07,2337,-0.0008762284883573132,-0.000659193269725366,-0.0007987525873290452,-0.0008253409339708332,0.45186136071887034,0.7188881722170107,-0.009290153129815758,0.007288544565491396
DISAGREE_SELL_CATCHUP_SHORT,120,2025-08,2352,-0.001134501413535623,-0.001055821907648146,-0.0012274450247431133,-0.0012345802790639947,0.41028911564625853,0.6613539699349041,-0.009921162340910937,0.006939041055604701
DISAGREE_SELL_CATCHUP_SHORT,120,2025-09,2206,-0.0006968379755031033,-0.0008550275352405373,-0.0008030371868187167,-0.0008291122935560295,0.41160471441523117,0.7339835319700374,-0.007834493821883014,0.006308145542986077
DISAGREE_SELL_CATCHUP_SHORT,120,2025-10,2121,-0.0008573271542891999,-0.001034461484989379,-0.0008139205179429263,-0.0007227785059620884,0.4318717586044319,0.7787977631267895,-0.010302118732955789,0.010319679689395778
DISAGREE_SELL_CATCHUP_SHORT,120,2025-11,2196,0.00048095872577682625,-0.00040706346260145296,5.156327925870812e-05,0.00022382309846590966,0.4744990892531876,1.160370762732653,-0.009120290734403302,0.011160551794553875
DISAGREE_SELL_CATCHUP_SHORT,120,2025-12,2524,-0.001131088363185951,-0.0010707075267096348,-0.0010324417907513002,-0.0010469190719733605,0.3763866877971474,0.591963778180926,-0.007297390839692296,0.005121512105581029
DISAGREE_SELL_CATCHUP_SHORT,120,2026-01,2272,-0.00023327502148004728,-0.0007329828184901682,-0.0004953594882536582,-0.00042265329021660465,0.4168133802816901,0.8967418520499485,-0.006347898439827192,0.005988970254604579
DISAGREE_SELL_CATCHUP_SHORT,120,2026-02,2142,0.00013934850755455703,-0.0002492054207117283,2.09004617099147e-05,8.946783214136816e-05,0.4827264239028945,1.0398833109226964,-0.011110951824373005,0.011649240889409843
DISAGREE_SELL_CATCHUP_SHORT,120,2026-03,2480,-0.00032629714778321885,-0.00014795851798594603,-0.00011598835818964815,-0.00014107003259560913,0.4883064516129032,0.892852974466423,-0.008911305366443422,0.008899550295884915
DISAGREE_SELL_CATCHUP_SHORT,120,2026-04,2427,-0.0005508118093343472,-0.0007109139307897688,-0.000580299108117254,-0.0005411869635248443,0.43098475484136795,0.7653011123957452,-0.006599880305870863,0.005720936656957545
DISAGREE_SELL_CATCHUP_SHORT,120,2026-05,2588,-0.0006005088665790757,-0.0008395653389455354,-0.0006814738629234664,-0.0006196484648353659,0.3972179289026275,0.7149714953623861,-0.005775573409820444,0.004997763429566551
DISAGREE_SELL_CATCHUP_SHORT,120,2026-06,2396,-0.00020984228130882743,-0.00028842051485767847,-0.00023311702981471924,-0.00021666667556619743,0.48330550918196996,0.9309268283525192,-0.009415841624783993,0.00887281894796087
DISAGREE_SELL_CATCHUP_SHORT,120,2026-07,2683,-0.0009058543920444097,-0.0008409706071899719,-0.0008393735424064318,-0.0008386680975029894,0.40067089079388746,0.6110760239029601,-0.006518164835520434,0.004635525429112525
DISAGREE_SELL_REVERSE_LONG,30,2024-01,1911,-0.0005872761391125984,-0.00041798325445936365,-0.0005396328297607971,-0.0005574668900571631,0.44060701203558345,0.6827570478537248,-0.005211351505006245,0.003930690775182533
DISAGREE_SELL_REVERSE_LONG,30,2024-02,1988,-0.0004097413336952325,-0.00048298627608174213,-0.00043221841950333404,-0.00044283067309024057,0.4255533199195171,0.7184530425713128,-0.004127600304346579,0.0032746319434092458
DISAGREE_SELL_REVERSE_LONG,30,2024-03,2083,-0.0004098344191536235,-0.0003399166643972101,-0.0003897810067722844,-0.00043883554984622703,0.4599135861737878,0.822083392635453,-0.0069899756481220255,0.005733337527913141
DISAGREE_SELL_REVERSE_LONG,30,2024-04,1909,-0.0006313284971499551,-0.0005039987350422098,-0.0005531223166287876,-0.0005873822294125015,0.4410686223153483,0.6901145319567711,-0.005914284158360793,0.004369611474331261
DISAGREE_SELL_REVERSE_LONG,30,2024-05,2163,-0.00048320120230622835,-0.0005491758009046993,-0.0005108497829045587,-0.0005169804534601968,0.4137771613499769,0.686210067606916,-0.004298933344781618,0.0032079484550038067
DISAGREE_SELL_REVERSE_LONG,30,2024-06,2098,-0.0006751075039564868,-0.0006629209822032295,-0.0006630888886777003,-0.0006647540119974415,0.3603431839847474,0.5296426091701711,-0.0038202177686765806,0.00254157939442039
DISAGREE_SELL_REVERSE_LONG,30,2024-07,2281,-0.00043151133812543063,-0.00034718959095287824,-0.0003816432589892932,-0.0003682860234696631,0.45506356861025865,0.740976014706729,-0.004777234074295155,0.003977737385977443
DISAGREE_SELL_REVERSE_LONG,30,2024-08,2150,-0.0004517773027302128,-0.0003535873993044219,-0.000457917734242867,-0.00047317749463752,0.44372093023255815,0.7354158666513884,-0.004832920877888846,0.0038391101383249003
DISAGREE_SELL_REVERSE_LONG,30,2024-09,2184,-0.000543122911733551,-0.0005697014116496474,-0.0005570868579038882,-0.0005607223780921259,0.4116300366300366,0.641562024409721,-0.004360494034056994,0.0031176698352762162
DISAGREE_SELL_REVERSE_LONG,30,2024-10,2268,-0.0006063697428794779,-0.0005428118405049303,-0.0005470828021132139,-0.0005562338861117354,0.4060846560846561,0.5925381554562833,-0.004162524124101084,0.002903030196309154
DISAGREE_SELL_REVERSE_LONG,30,2024-11,2220,-0.0005226078324619953,-0.0004896729340535083,-0.0004918928305645211,-0.0005056833075760566,0.44324324324324327,0.7479001680856381,-0.005922531108433814,0.004879916846458345
DISAGREE_SELL_REVERSE_LONG,30,2024-12,2278,-0.0006157463230079841,-0.0004314971514510318,-0.000622412095412501,-0.0006403554510792233,0.4442493415276558,0.6845181758902971,-0.005955672884883688,0.004250858010245941
DISAGREE_SELL_REVERSE_LONG,30,2025-01,2313,-0.0006763362717944451,-0.000706997856116342,-0.0006792713920206105,-0.0006954934482453375,0.4033722438391699,0.6382332512656467,-0.0051826761806523115,0.0037736687941817303
DISAGREE_SELL_REVERSE_LONG,30,2025-02,1970,-0.0006466585266144501,-0.0006020622808826198,-0.0006020496950663775,-0.0006204671053587919,0.41624365482233505,0.6847752878227048,-0.0059222311757369354,0.004691704566560722
DISAGREE_SELL_REVERSE_LONG,30,2025-03,2409,-0.0007493766597140015,-0.0005395002722486491,-0.000693357714381365,-0.0007382170687792085,0.42756330427563305,0.6314263297632559,-0.005692926954814581,0.004089270072539654
DISAGREE_SELL_REVERSE_LONG,30,2025-04,2190,-0.000593248028034036,-0.0005082924162541186,-0.0005382449587920239,-0.0005722699138069285,0.4292237442922374,0.6410914531404315,-0.004577021424729365,0.0033487455487478716
DISAGREE_SELL_REVERSE_LONG,30,2025-05,2281,-0.00020629675070566136,-0.0002727534524512126,-0.0002042766955345524,-0.0001957056643659235,0.4607628233231039,0.8625502070666947,-0.004261353010758761,0.004088751461968899
DISAGREE_SELL_REVERSE_LONG,30,2025-06,2405,-0.0004227221365843087,-0.0004493181646952443,-0.0004342285822456051,-0.0004322657302186248,0.41081081081081083,0.6832119138117378,-0.0037454538678233,0.0028661834638523003
DISAGREE_SELL_REVERSE_LONG,30,2025-07,2337,-0.0005729843025688325,-0.0005107395915001195,-0.0005550727406217664,-0.0005755601768412258,0.4073598630723149,0.6277758229611702,-0.004527570797951429,0.003284343742953123
DISAGREE_SELL_REVERSE_LONG,30,2025-08,2352,-0.00039912661703198684,-0.0004947551678327716,-0.00038288760349618564,-0.000390925657966763,0.43452380952380953,0.7527540740940514,-0.004596300918584494,0.003954722684702385
DISAGREE_SELL_REVERSE_LONG,30,2025-09,2206,-0.0006277570819305558,-0.0005216405706342625,-0.0006224517597980357,-0.0006407899166379584,0.4029918404351768,0.5543124774219986,-0.004104757280833159,0.002487618163372663
DISAGREE_SELL_REVERSE_LONG,30,2025-10,2121,-0.0005111318129216015,-0.0004304883154005562,-0.0005248393142934971,-0.0005500518869222663,0.4361150400754361,0.7224402409195039,-0.00528505986465384,0.003983382301093009
DISAGREE_SELL_REVERSE_LONG,30,2025-11,2196,-0.0008166648152849892,-0.0005461850488048364,-0.0007354026201108069,-0.0007859512563833014,0.4367030965391621,0.6223222018100398,-0.0062893183558959224,0.0041631617028535135
DISAGREE_SELL_REVERSE_LONG,30,2025-12,2524,-0.0003731752689645026,-0.0003642383455367376,-0.0003456469888690268,-0.0003533495760948657,0.4211568938193344,0.6955454789158378,-0.00328875246469924,0.002830738110280141
DISAGREE_SELL_REVERSE_LONG,30,2026-01,2272,-0.0005762131547354525,-0.0005000658166373733,-0.0005470831917789531,-0.0005550011837492499,0.3926056338028169,0.5643642160151195,-0.0036787955977225055,0.0023306046470450217
DISAGREE_SELL_REVERSE_LONG,30,2026-02,2142,-0.0008787850283194966,-0.0006463168624296739,-0.0008115649517414873,-0.0008520273598405772,0.42016806722689076,0.6015518054808959,-0.006293023021052245,0.004188010654564447
DISAGREE_SELL_REVERSE_LONG,30,2026-03,2480,-0.0007117743399538255,-0.0006857345513509133,-0.0007256510995680551,-0.0007471901864315617,0.40524193548387094,0.5941395511125586,-0.0049161457900252494,0.0032278265636822784
DISAGREE_SELL_REVERSE_LONG,30,2026-04,2427,-0.000608099000878257,-0.0005360746647916187,-0.0005478739180471827,-0.0005533952993713676,0.3926658426040379,0.5298351122224307,-0.003469197421783309,0.002414562615128336
DISAGREE_SELL_REVERSE_LONG,30,2026-05,2588,-0.0006947459960513296,-0.0006315707514118579,-0.0006553572789634941,-0.0006811748140643026,0.3562596599690881,0.4430539032324855,-0.0032119532699453773,0.0018203014854035757
DISAGREE_SELL_REVERSE_LONG,30,2026-06,2396,-0.0006444677056215211,-0.0006996581740850821,-0.0007075386356701602,-0.0006852971178591293,0.3877295492487479,0.6440656031263722,-0.004987149979538651,0.0038067163292818014
DISAGREE_SELL_REVERSE_LONG,30,2026-07,2683,-0.0005894083945464275,-0.0006167237131102337,-0.0006090896019420666,-0.0006052717411185136,0.3615355944837868,0.5412809818611624,-0.0034459592576703718,0.0023565583504677307
DISAGREE_SELL_REVERSE_LONG,60,2024-01,1911,-0.00047420479490105496,-0.00023805395955307448,-0.00043403204729325394,-0.0004731479727045609,0.4725274725274725,0.7920768870581906,-0.006798737177739,0.005322049304503352
DISAGREE_SELL_REVERSE_LONG,60,2024-02,1988,-5.745050405514146e-05,-0.00011773833398893649,-0.00011405586179566077,-0.00010642839546123362,0.4859154929577465,0.9677588077688098,-0.005321432521141655,0.005174673737983348
DISAGREE_SELL_REVERSE_LONG,60,2024-03,2083,-0.00035025064074316537,-0.00015228763797299147,-0.000262521982288744,-0.00035418051033082464,0.4901584253480557,0.8860694720604343,-0.009453005478234997,0.008191112639172469
DISAGREE_SELL_REVERSE_LONG,60,2024-04,1909,-0.0006162355897152062,-0.00047936442284475186,-0.000606556868315697,-0.0007048600939410709,0.46306966998428495,0.7721710816765237,-0.00805794038733376,0.006425659568210196
DISAGREE_SELL_REVERSE_LONG,60,2024-05,2163,-0.0003474381460833395,-0.0005825809261140285,-0.00048342327557160923,-0.0004608471177052256,0.44521497919556174,0.8353649492067045,-0.00625334867086249,0.005301161937618049
DISAGREE_SELL_REVERSE_LONG,60,2024-06,2098,-0.0008608210227893424,-0.000720727549944688,-0.0008420606690192234,-0.000861469825959083,0.3817921830314585,0.5532582616829699,-0.00525958245284076,0.003302716311401599
DISAGREE_SELL_REVERSE_LONG,60,2024-07,2281,-0.0004257022758160008,-0.00022783144147637765,-0.0003332219106106801,-0.0003753167084477092,0.473914949583516,0.8153977698761041,-0.006566616048181494,0.005779241466337726
DISAGREE_SELL_REVERSE_LONG,60,2024-08,2150,-0.00043932610638214634,-0.0001026041365864255,-0.00034363627438670826,-0.00042641237624428614,0.4865116279069767,0.8130720359977315,-0.0071620512633736805,0.0054864292591291905
DISAGREE_SELL_REVERSE_LONG,60,2024-09,2184,-0.0003964737672457401,-0.0005335652120203699,-0.00047298207252472304,-0.00043661068768536285,0.43772893772893773,0.8013217728771743,-0.005764501637736662,0.00517407477445826
DISAGREE_SELL_REVERSE_LONG,60,2024-10,2268,-0.0006076562638474895,-0.0003362753339130714,-0.0005230077649433625,-0.0006000082792075293,0.4532627865961199,0.6860007473992417,-0.005593986634738134,0.004347787881390853
DISAGREE_SELL_REVERSE_LONG,60,2024-11,2220,-0.0004769683806669222,-0.00033827353238331467,-0.0003679262831895334,-0.0004612188651865158,0.4671171171171171,0.8239267124705888,-0.0083706791164592,0.0073278034192794834
DISAGREE_SELL_REVERSE_LONG,60,2024-12,2278,-0.0007464447794393361,-0.0005738753617753994,-0.0007143989554096211,-0.0007591416554051214,0.4578577699736611,0.7304250279180958,-0.00809687097839069,0.006151973562564076
DISAGREE_SELL_REVERSE_LONG,60,2025-01,2313,-0.0006905228075807288,-0.000644343108410727,-0.0006847146666883581,-0.0007077189619327582,0.42585386943363596,0.7198821291854326,-0.007095731133626647,0.005668011845131394
DISAGREE_SELL_REVERSE_LONG,60,2025-02,1970,-0.001072651281790429,-0.0007150279025292633,-0.0009250736171760363,-0.0009759198911355913,0.4355329949238579,0.6448370210015453,-0.00905970588128232,0.006543959226920772
DISAGREE_SELL_REVERSE_LONG,60,2025-03,2409,-0.0007419414270072858,-0.00044231357522435063,-0.0005728515037479123,-0.0006239676200178155,0.4624325446243254,0.7253920982609295,-0.007446253982628058,0.005969977962594203
DISAGREE_SELL_REVERSE_LONG,60,2025-04,2190,-0.0005514686562450594,-0.0004378728082500943,-0.0005147606727109234,-0.0005551933332364898,0.4452054794520548,0.7488332954514973,-0.006110978752198614,0.004884475480481524
DISAGREE_SELL_REVERSE_LONG,60,2025-05,2281,-4.578787218764873e-06,-0.0002800875712095191,1.0067013427437576e-05,3.4263306093874355e-05,0.47040771591407277,0.9975918064856875,-0.005473796710376799,0.00622733108475686
DISAGREE_SELL_REVERSE_LONG,60,2025-06,2405,-0.0004651669948335941,-0.0004442603255404126,-0.00040743536169488454,-0.0003980814321314382,0.43243243243243246,0.7407025369216651,-0.00507680759139959,0.0041426520307562545
DISAGREE_SELL_REVERSE_LONG,60,2025-07,2337,-0.0004121037262226748,-0.00041934875685340986,-0.00046296928886398897,-0.0004964579855676069,0.4492939666238768,0.7871943420824036,-0.00597322584131521,0.004874754456608056
DISAGREE_SELL_REVERSE_LONG,60,2025-08,2352,-0.0002421527712129787,-0.0003020543296244454,-0.0001889333381794051,-0.000171363701860252,0.46811224489795916,0.8818332706466134,-0.00603592347283891,0.00588318767682048
DISAGREE_SELL_REVERSE_LONG,60,2025-09,2206,-0.0005372351260312776,-0.0004317688067560604,-0.0005033072320566875,-0.0005408745843068128,0.43925657298277426,0.6997835251574901,-0.005319917982489163,0.004157657693410855
DISAGREE_SELL_REVERSE_LONG,60,2025-10,2121,-0.000465812165590716,-0.0003977773896737918,-0.000447188489378907,-0.0004963569308439117,0.46016030174446015,0.8139715673116117,-0.007287435478124226,0.006386589557342882
DISAGREE_SELL_REVERSE_LONG,60,2025-11,2196,-0.0010998003463560438,-0.000614298344339858,-0.0009192947345733264,-0.0009843625413846948,0.4435336976320583,0.6302421999296784,-0.008553785391956236,0.005778348758329433
DISAGREE_SELL_REVERSE_LONG,60,2025-12,2524,-0.00018802205042697858,-0.00020321581884681303,-0.00026790646116107536,-0.0002616556555203529,0.4675118858954041,0.8824440822652047,-0.004756285466143894,0.0040831487730592034
DISAGREE_SELL_REVERSE_LONG,60,2026-01,2272,-0.0007193954334892933,-0.0006,-0.0006406877735873953,-0.0006727771583160627,0.4119718309859155,0.6120427656497837,-0.004946997053130308,0.0034986958680761193
DISAGREE_SELL_REVERSE_LONG,60,2026-02,2142,-0.0011877945115264137,-0.0009168381924328889,-0.0010488127088636517,-0.0011432005959602146,0.43370681605975725,0.6213955326836859,-0.00903213090218604,0.006379474946768408
DISAGREE_SELL_REVERSE_LONG,60,2026-03,2480,-0.0007838119326079029,-0.0008260276534730154,-0.000832202896509112,-0.0008466189277908992,0.4149193548387097,0.6762151948252101,-0.00692071887196558,0.005410921141258408
DISAGREE_SELL_REVERSE_LONG,60,2026-04,2427,-0.00051669195249965,-0.0005184332311601419,-0.00048650862247278027,-0.0004837292666536458,0.42439225381128964,0.6924334846027671,-0.004791011824503632,0.0038249331571964767
DISAGREE_SELL_REVERSE_LONG,60,2026-05,2588,-0.0006055329992206461,-0.0004414705806484281,-0.0005473110993137985,-0.0005859261255181068,0.4184698608964451,0.6084318866610298,-0.004311851842951619,0.00287729680382918
DISAGREE_SELL_REVERSE_LONG,60,2026-06,2396,-0.0008006431221573357,-0.0008693613686822748,-0.000832573533853435,-0.0008208998200003205,0.4202838063439065,0.6811830186505585,-0.007323399508954397,0.005131718025250521
DISAGREE_SELL_REVERSE_LONG,60,2026-07,2683,-0.0005159723949421713,-0.0004709177746223364,-0.0005604375037373987,-0.0005436930509090838,0.4140887066716362,0.6806817773233682,-0.004623420094929975,0.003530457421258705
DISAGREE_SELL_REVERSE_LONG,120,2024-01,1911,-0.00044997020703915844,-0.00030237111015558535,-0.00032083039626638,-0.0003574672483189478,0.47095761381475665,0.8564600288658343,-0.009175609546148999,0.008587858900738366
DISAGREE_SELL_REVERSE_LONG,120,2024-02,1988,0.0003699845379090444,2.8370058449290222e-05,0.00025104287311207254,0.00030946495133768627,0.5030181086519114,1.1658891515241316,-0.006789693494058035,0.007552650009167295
DISAGREE_SELL_REVERSE_LONG,120,2024-03,2083,0.00028197213164774584,0.00044011887072807957,0.00027749245275967145,0.00023215368839525754,0.5208833413346136,1.0717418433162662,-0.01245295194163185,0.012337544806351075
DISAGREE_SELL_REVERSE_LONG,120,2024-04,1909,-0.0009225081580279706,-0.000522933411256265,-0.0007657981658904278,-0.000988250140715774,0.46621267679413303,0.7677604580072177,-0.011788626467033669,0.009232039513558488
DISAGREE_SELL_REVERSE_LONG,120,2024-05,2163,-9.974709615535163e-05,-0.00038894263665107895,-0.00024876002150137294,-0.00019692245704090207,0.4655570966250578,0.9626565147002469,-0.007748414677256509,0.007435828403778966
DISAGREE_SELL_REVERSE_LONG,120,2024-06,2098,-0.000889272550980537,-0.0006517701714569662,-0.0007746523129349314,-0.0008184771079398597,0.41992373689227835,0.6628525627148287,-0.007496647090648111,0.005787235278283154
DISAGREE_SELL_REVERSE_LONG,120,2024-07,2281,-0.0004973630937645981,-0.00039271490326704347,-0.0003609935244879665,-0.0003934223856579,0.4690925032880316,0.8408057457195647,-0.008891227237274934,0.008106936782013397
DISAGREE_SELL_REVERSE_LONG,120,2024-08,2150,-0.0007206020829395844,-0.00010516754140006354,-0.0004515646795802009,-0.000610065266826064,0.4925581395348837,0.7965272384817998,-0.010069598476534956,0.008035572199262767
DISAGREE_SELL_REVERSE_LONG,120,2024-09,2184,-0.00015308565485421495,-0.00010116036404679226,-0.00023019270327122315,-0.00019992734342896392,0.4867216117216117,0.9405621357979659,-0.007982796331517616,0.0076710460148693435
DISAGREE_SELL_REVERSE_LONG,120,2024-10,2268,-0.0003955304918690333,-0.0002330605422717452,-0.00034541806594923273,-0.00040965088803585564,0.4783950617283951,0.8346293816185378,-0.007276126854009812,0.00620398346238915
DISAGREE_SELL_REVERSE_LONG,120,2024-11,2220,-0.00026364316673069683,-0.00018826712919301988,-0.0003137602663252506,-0.00034228595708717563,0.48783783783783785,0.9247780400507899,-0.010955224406917052,0.010110072419218465
DISAGREE_SELL_REVERSE_LONG,120,2024-12,2278,-0.0009392292637568542,-0.0005658701541900285,-0.0007896011776718229,-0.0009327572719188582,0.461369622475856,0.7489792217473206,-0.011322333348636315,0.00862076098814011
DISAGREE_SELL_REVERSE_LONG,120,2025-01,2313,-0.0005735843506357851,-0.0006,-0.0006266396287549759,-0.0006538707518585769,0.4561175961954172,0.8248826338890912,-0.009351624522511636,0.007938802689747185
DISAGREE_SELL_REVERSE_LONG,120,2025-02,1970,-0.001300150539906097,-0.0006542668651968281,-0.0011448311907410556,-0.0012147264997322703,0.4451776649746193,0.6924126150407429,-0.012795393409166488,0.009598982328528165
DISAGREE_SELL_REVERSE_LONG,120,2025-03,2409,-0.0009049498074020393,-0.0005234889058912223,-0.0007778124693470739,-0.0008513445235985378,0.46077210460772106,0.751597486532699,-0.010650598165906232,0.008364622077822698
DISAGREE_SELL_REVERSE_LONG,120,2025-04,2190,-0.0003808988129423651,-0.00036584106656096735,-0.0005182087284556933,-0.0005661169647181687,0.47077625570776255,0.8772267146776577,-0.009590152087401714,0.007847381499370233
DISAGREE_SELL_REVERSE_LONG,120,2025-05,2281,0.00012311436341780978,-0.00014249501192471422,0.00011163419178689167,0.00018322871977541542,0.4861902674265673,1.047081738631241,-0.008041557856779912,0.009053472609371772
DISAGREE_SELL_REVERSE_LONG,120,2025-06,2405,-0.0003092853110501057,-0.0003225690109585727,-0.00018499316333572737,-0.00013760634506064986,0.47692307692307695,0.8753162477564085,-0.006744249148070257,0.0066796889033629205
DISAGREE_SELL_REVERSE_LONG,120,2025-07,2337,-0.0003237715116426871,-0.0005408067302746339,-0.0004012474126709559,-0.000374659066029168,0.46084724005134786,0.885746667073737,-0.008488544565491396,0.00809015312981576
DISAGREE_SELL_REVERSE_LONG,120,2025-08,2352,-6.549858646437735e-05,-0.00014417809235185372,2.744502474311238e-05,3.458027906399385e-05,0.4880952380952381,0.9763547220124977,-0.008139041055604701,0.00872116234091094
DISAGREE_SELL_REVERSE_LONG,120,2025-09,2206,-0.0005031620244968967,-0.0003449724647594626,-0.00039696281318128484,-0.00037088770644397003,0.4641885766092475,0.7980537350417923,-0.007508145542986077,0.006634493821883015
DISAGREE_SELL_REVERSE_LONG,120,2025-10,2121,-0.00034267284571080106,-0.00016553851501062086,-0.00038607948205707465,-0.0004772214940379122,0.4926921263554927,0.904395344422382,-0.011519679689395778,0.009102118732955789
DISAGREE_SELL_REVERSE_LONG,120,2025-11,2196,-0.0016809587257768264,-0.0007929365373985469,-0.0012515632792587093,-0.0014238230984659095,0.44672131147540983,0.5894707826079196,-0.012360551794553875,0.007920290734403302
DISAGREE_SELL_REVERSE_LONG,120,2025-12,2524,-6.891163681404914e-05,-0.00012929247329036494,-0.0001675582092487001,-0.00015308092802663974,0.4857369255150555,0.9682911083219498,-0.006321512105581028,0.006097390839692304
DISAGREE_SELL_REVERSE_LONG,120,2026-01,2272,-0.0009667249785199529,-0.0004670171815098317,-0.0007046405117463431,-0.0007773467097833968,0.4392605633802817,0.629531671647622,-0.007188970254604575,0.0051478984398271935
DISAGREE_SELL_REVERSE_LONG,120,2026-02,2142,-0.0013393485075545578,-0.0009507945792882716,-0.0012209004617099151,-0.0012894678321413685,0.44911297852474324,0.6852677978719617,-0.01284924088940984,0.009910951824373005
DISAGREE_SELL_REVERSE_LONG,120,2026-03,2480,-0.0008737028522167816,-0.0010520414820140538,-0.0010840116418103524,-0.0010589299674043926,0.42983870967741933,0.7396710071248036,-0.010099550295884918,0.0077113053664434154
DISAGREE_SELL_REVERSE_LONG,120,2026-04,2427,-0.0006491881906656527,-0.0004890860692102311,-0.0006197008918827463,-0.0006588130364751563,0.44870210135970334,0.7279380952856929,-0.006920936656957543,0.005399880305870864
DISAGREE_SELL_REVERSE_LONG,120,2026-05,2588,-0.000599491133420924,-0.0003604346610544645,-0.0005185261370765333,-0.0005803515351646334,0.4528593508500773,0.7107102107816665,-0.006197763429566549,0.004575573409820445
DISAGREE_SELL_REVERSE_LONG,120,2026-06,2396,-0.000990157718691173,-0.0009115794851423214,-0.0009668829701852819,-0.0009833333244338026,0.4394824707846411,0.7134557296670989,-0.01007281894796087,0.008215841624783993
DISAGREE_SELL_REVERSE_LONG,120,2026-07,2683,-0.00029414560795559006,-0.00035902939281002796,-0.0003606264575935685,-0.00036133190249700947,0.4524785687663064,0.8520669275909426,-0.00583552542911252,0.005318164835520435
